Categoria,Producto,Precio Mayoreo,Precio por Unidad
Alimentos y Despensa,"Sopa Instantánea Maruchan con Camarón, Limón Y Habanero 64 gr.",$12.17,$13.60
Alimentos y Despensa,Pasta Spaghetti La Moderna 200 Gr,$6.85,$7.70
Alimentos y Despensa,Mayonesa McCormick con limón 105 gr.,$16.50,$18.00
Alimentos y Despensa,Sopa Instantánea Maruchan con Camarón y Chile Piquín 64 gr.,$146.00,$13.60
Alimentos y Despensa,Leche Condensada La Lechera 375 Gr,$24.46,$27.20
Alimentos y Despensa,Sopa Instantánea Maruchan con Camarón 64 gr.,$146.00,$13.60
Alimentos y Despensa,Sopa Instantánea Maruchan Sabor Pollo 64 gr.,$146.00,$13.60
Alimentos y Despensa,Chiles La Costeña Jalapeños En Rajas 220 Gr,$14.82,$17.50
Alimentos y Despensa,Chiles Chipotles San Marcos 100 Gr,$14.25,$16.80
Alimentos y Despensa,Chiles La Costeña Jalapeños En Rajas 105g,$8.35,$9.50
Alimentos y Despensa,Chiles La Costeña Chipotle Adobados 105 Gr,$13.40,$15.80
Alimentos y Despensa,"Chocolate Abuelita De Mesa #6, 540 Gr",$115.00,$115.00
Alimentos y Despensa,Frijoles La Costeña Negros Refritos 580 Gr,$172.00,$16.00
Alimentos y Despensa,Mayonesa Mccormick #16 390g+ pilón 20%,$42.25,$45.00
Alimentos y Despensa,Mermelada McCormick fresa 270 gr.,$26.67,$30.40
Alimentos y Despensa,Salsa Catsup del Monte Squeeze 220 gr,$11.46,$13.50
Alimentos y Despensa,Tajín Chile En Polvo 142 Gr,$35.41,$38.50
Alimentos y Despensa,Puré La Costeña De Tomate Condimentado 350 Gr,$11.70,$13.70
Alimentos y Despensa,Fécula De Maíz Maizena Natural 160 Gr,$20.61,$22.90
Alimentos y Despensa,Leche Condensada La Lecherita 100 gr,$10.21,$11.40
Alimentos y Despensa,Gelatina D'Gari Sabor Uva 120 Gr,$10.76,$12.00
Alimentos y Despensa,Jugo Maggi Sazonador 100 Ml,$36.17,$42.60
Alimentos y Despensa,Elote Dorado La Costeña 220 Gr,$10.83,$12.40
Alimentos y Despensa,Gelatina D'Gari Sabor Piña 120 Gr,$10.76,$12.00
Alimentos y Despensa,Elote Dorado La Costeña 410 Gr,$17.50,$19.90
Alimentos y Despensa,Salsa Cátsup Clemente Jacques 340 Gr,$15.50,$18.50
Alimentos y Despensa,Chiles La Costeña Enteros En Escabeche 220 Gr,$12.99,$15.30
Alimentos y Despensa,Ensalada De Verduras La Costeña 410 Gr,$15.48,$17.60
Alimentos y Despensa,Mostaza McCormick preparada 220g,$20.81,$23.20
Alimentos y Despensa,Sopa Maruchan Ramen con Camarón 85 gr.,$6.37,$6.80
Alimentos y Despensa,Granos de Elote Herdez 220g,$8.70,$9.90
Alimentos y Despensa,Granos de Elote Herdez 400g,$13.90,$15.20
Alimentos y Despensa,Pétalo Papel higiénico Ultra Resistente 4 Rollos con 300 Hojas c/u,$22.19,$24.70
Alimentos y Despensa,Salsa Valentina Etiqueta Amarilla 1 L,$27.04,$31.90
Alimentos y Despensa,Ensalada de legumbres Herdez 400 g,$13.90,$15.80
Alimentos y Despensa,Vinagre De Manzana Barrilito 750 Ml,$19.33,$23.60
Alimentos y Despensa,Papel Higiénico Regio Rinde + 400 HD 4 pzas.,$27.89,$31.70
Alimentos y Despensa,Servilleta Prueba 125 pzas,$7.73,$8.90
Alimentos y Despensa,Chocolate En Polvo Choco Milk Bolsa 160 Gr,$27.54,$30.90
Alimentos y Despensa,Rajas De Chiles Verdes La Morena 210 Gr,$17.25,$19.50
Alimentos y Despensa,Media Crema Nestlé 225 Gr,$19.12,$21.50
Alimentos y Despensa,Chiles La Costeña Picados En Escabeche 220 Gr,$15.00,$17.70
Alimentos y Despensa,Salsa De Chile Chipotle San Marcos 215 Gr,$17.26,$20.10
Alimentos y Despensa,Frijoles Bayos La Sierra Refritos 430 Gr,$14.75,$16.50
Alimentos y Despensa,Gelatina D'Gari de Leche Sabor Fresa 120 Gr,$10.76,$12.00
Alimentos y Despensa,Mermelada De Fresa Clemente Jacques 270 Gr,$21.90,$24.90
Alimentos y Despensa,Mostaza McCormick preparada 115 gr.,$11.42,$13.00
Alimentos y Despensa,Gelatina D'Gari Sabor Naranja 120 Gr,$10.76,$12.00
Alimentos y Despensa,Gelatina D'Gari Sabor Chocolate 120 Gr,$10.76,$12.00
Alimentos y Despensa,Tira de Consome Knorr Tomate 24 pzas,$84.30,$84.30
Alimentos y Despensa,Sazonador Knorr Rojo Mi Arroz 10 Piezas,$62.03,$62.03
Alimentos y Despensa,Chiles La Costeña Jalapeños En Rajas 380 Gr,$27.90,$32.90
Alimentos y Despensa,Pasta De Adobo De Achiote La Anita 110 Gr,$12.44,$15.40
Alimentos y Despensa,Gelatina D'Gari Sabor Mora Silvestre 120 Gr,$10.76,$12.00
Alimentos y Despensa,Gelatina D'Gari Sabor Pistache 120 Gr,$10.76,$12.00
Alimentos y Despensa,Gelatina D'Gari Sabor Jerez 120 Gr,$10.76,$12.00
Alimentos y Despensa,Pasta Para Sopa Tornillo La Moderna 200 Gr,$6.85,$7.70
Alimentos y Despensa,Rebanadas De Piña En Almíbar Clemente Jacques 800 Gr,$55.50,$63.10
Alimentos y Despensa,Ensalada de legumbres Herdez 220 g,$8.70,$9.90
Alimentos y Despensa,Harina Para Hot Cakes 3 Estrellas 500 Gr,$20.66,$23.50
Alimentos y Despensa,Pasta Para Sopa Tallarín No. 1 La Moderna 200 Gr,$6.85,$7.70
Alimentos y Despensa,Bicarbonato La Casita Tira Con 30 Piezas,$27.70,$27.70
Alimentos y Despensa,Papel Higiénico Vogue 6 Rollos con 600 hojas c/u,$48.75,$55.40
Alimentos y Despensa,Salsa BBQ Hunt's Original 305 Gr,$26.83,$29.90
Alimentos y Despensa,Sazonador Knorr Blanco Mi Arroz 10 Piezas,$62.03,$62.03
Alimentos y Despensa,Gelatina D'Gari Sabor Durazno 120 Gr,$10.76,$12.00
Alimentos y Despensa,Té De Manzanilla La Pastora 25 Sobres,$17.95,$20.50
Alimentos y Despensa,Salsa Inglesa Crosse & Blackwell 145 Ml,$36.67,$40.00
Alimentos y Despensa,Gelatina D'Gari Sabor Vainilla 120 Gr,$10.76,$12.00
Alimentos y Despensa,Saborizante Vainilla San Lucas 12 Piezas,$33.80,$33.80
Alimentos y Despensa,Chocolate En Polvo Morelia 155 Gr,$19.14,$21.80
Alimentos y Despensa,Chiles Chipotles La Morena 100 Gr,$15.50,$17.30
Alimentos y Despensa,Papel Higiénico Mr. Big 600 HD 4 Pzas,$27.95,$28.50
Alimentos y Despensa,Gelatina D'Gari Sabor Frutos Rojos 120 Gr,$10.76,$12.00
Alimentos y Despensa,Gelatina D'Gari Sabor Rompope 120 Gr,$10.76,$12.00
Alimentos y Despensa,Servilletas Pétalo 220 piezas,$30.00,$35.30
Alimentos y Despensa,Sopa Knorr Estrella Exhibidor Con 6 Bolsas,$106.00,$106.00
Alimentos y Despensa,Chiles Jalapeños La Morena 210 Gr,$14.80,$16.50
Alimentos y Despensa,Sopa Knorr Municiones Exhibidor Con 6 Bolsas,$106.00,$106.00
Alimentos y Despensa,Champiñones Herdez Rebanados 186g,$18.96,$22.40
Alimentos y Despensa,Mayonesa McCormick con limón 725 g,$69.18,$78.70
Alimentos y Despensa,Maizena Atole Fécula De Maíz Sabor Fresa 47 gr.,$11.30,$11.30
Alimentos y Despensa,Flan D'Gari Sabor Vainilla 140 Gr,$8.99,$11.10
Alimentos y Despensa,Café De Grano Legal Con Azúcar Y Canela 30 Sobres,$282.00,$282.00
Alimentos y Despensa,Pétalo Papel higiénico Ultra Resistente Jumbo 6 Rollos con 500 Hojas c/u,$51.50,$57.30
Alimentos y Despensa,Avena Integral Granvita 400 Gr,$11.07,$12.40
Alimentos y Despensa,Gelatina D'Gari Sabor Grosella 120 Gr,$10.76,$12.00
Alimentos y Despensa,Frijoles Bayos La Sierra Refritos 580 Gr,$15.00,$16.70
Alimentos y Despensa,Salsa BBQ Hunt's Original 620 Gr,$37.19,$41.40
Alimentos y Despensa,Frijoles Refritos Bayos en Lata La Costeña 820 gr,$23.79,$23.79
Alimentos y Despensa,Maizena Atole Fécula De Maíz Sabor Chocolate 45 Gr,$11.30,$11.30
Alimentos y Despensa,Servilletas Pétalo 420 piezas,$45.83,$49.90
Alimentos y Despensa,Cereal Kellogg's Zucaritas 125 Gr,$23.25,$25.50
Alimentos y Despensa,Sopa Knorr Letras Exhibidor Con 6 Bolsas,$106.00,$106.00
Alimentos y Despensa,Té De Limón La Pastora 25 Sobres,$17.95,$20.50
Alimentos y Despensa,Canela Entera IET Tira Con 26 Piezas,$132.42,$132.42
Alimentos y Despensa,Leche Evaporada Carnation Clavel 1kg,$46.00,$46.00
Alimentos y Despensa,Frijoles Refritos bayos Isadora Pouch 220 gr.,$9.22,$10.50
Alimentos y Despensa,Pasta Spaghetti La Moderna 500 gr.,$17.28,$19.00
Alimentos y Despensa,Mole Doña María rojo en pasta 235 g,$49.19,$57.90
Alimentos y Despensa,Nutella Crema De Avellanas 350 Gr,$80.81,$82.50
Alimentos y Despensa,Gelatina D'Gari Sabor Nuez 120 Gr,$10.76,$12.00
Alimentos y Despensa,Gelatina D'Gari Sabor Mango Manila 120 Gr,$10.76,$12.00
Alimentos y Despensa,Sustituto De Crema Para Café En Polvo Coffee Mate 160 Gr,$33.57,$37.30
Alimentos y Despensa,Frijoles Bayos La Sierra Enteros 560 Gr,$14.00,$15.60
Alimentos y Despensa,Chiles Chipotles La Morena 210 Gr,$27.92,$31.10
Alimentos y Despensa,Maizena Atole Fécula De Maíz Sabor Vainilla 47 gr.,$11.30,$11.30
Alimentos y Despensa,Tomates molidos Del Fuerte condimentados 345 g,$13.95,$16.50
Alimentos y Despensa,Salsa Herdez Verde 240g,$19.24,$22.90
Alimentos y Despensa,Papel higiénico Love it empaque Individual 4 Pzas 600 HD,$26.90,$27.90
Alimentos y Despensa,Chocolate Ibarra En Tableta 540 Gr,$120.60,$120.60
Alimentos y Despensa,Miel de abeja Carlota 300 g,$52.88,$63.80
Alimentos y Despensa,Cereal Kellogg's Froot Loops 90 Gr,$23.25,$25.50
Alimentos y Despensa,Leche Evaporada Carnation Clavel 720 Gr,$42.13,$48.90
Alimentos y Despensa,Tira De Canela Aliguma 15 Piezas,$61.20,$61.20
Alimentos y Despensa,Avena Quaker 3 Minutos Cereal Mixto 400 Gr,$36.38,$40.50
Alimentos y Despensa,Chícharos Herdez 400 Gr,$15.50,$17.90
Alimentos y Despensa,Papel Higiénico Elite Big Roll 6 Rollos con 550 Hojas Dobles c/u,$47.75,$52.00
Alimentos y Despensa,Salsa Herdez Casera 240g,$19.24,$21.50
Alimentos y Despensa,Mayonesa McCormick con limón 1.4 Kg,$130.30,$130.30
Alimentos y Despensa,Salsa de Tomate Embasa 1 kg,$24.20,$24.20
Alimentos y Despensa,Piña En Almíbar En Rebanadas Santa Mónica 800 Gr,$59.04,$67.50
Alimentos y Despensa,Servitoalla Pétalo Práctica 160 Hojas Dobles,$17.90,$19.50
Alimentos y Despensa,Chocolate En Polvo Morelia 357 Gr,$39.90,$44.40
Alimentos y Despensa,Gelatina D'Gari Sabor Frambuesa 120 Gr,$10.76,$12.00
Alimentos y Despensa,Chiles Jalapeños en Lata Súper Latón Clemente Jacques 3.65 kg,$83.90,$83.90
Alimentos y Despensa,Jarabe De Maíz Karo Maple 250 Gr,$42.10,$50.80
Alimentos y Despensa,Tomates molidos Del Fuerte condimentados 210 g,$8.66,$10.50
Alimentos y Despensa,Frijoles Negros La Sierra Refritos 580 Gr,$15.00,$16.70
Alimentos y Despensa,Servitoalla Toalla De Papel pétalo 1 rollo con 180 hojas,$23.40,$26.00
Alimentos y Despensa,Cereal Corn Flakes El Original Kellogg's 150 Gr,$22.20,$23.90
Alimentos y Despensa,Duraznos En Almíbar La Costeña 820 Gr,$58.83,$66.50
Alimentos y Despensa,Cereal Kellogg's Zucaritas 600 g,$64.19,$69.10
Alimentos y Despensa,Servilleta línea Verde,$19.79,$22.50
Alimentos y Despensa,Cereal Choco Krispis 290 Gr,$42.25,$45.50
Alimentos y Despensa,Duraznos En Almibar Santa Mónica En mitades Lata 820 gr.,$47.96,$49.90
Alimentos y Despensa,Rajas de Jalapeño La Costeña Mi Latota 3.8 kg,$163.92,$163.92
Alimentos y Despensa,Toalla de cocina Rinde Hogar Ecológica 160 HD,$10.56,$10.90
Alimentos y Despensa,Chiles Chilpotles Herdez Enteros en Adobo 198g,$25.00,$27.90
Alimentos y Despensa,Rajas de Chiles Jalapeños Herdez en Escabeche 205g,$12.62,$14.50
Alimentos y Despensa,Salsa Catsup Squeeze La Costeña 385g,$11.08,$11.08
Alimentos y Despensa,Leche Evaporada Asturias 1L,$44.00,$44.00
Alimentos y Despensa,Fécula de Maíz Natural Maizena 750 gr.,$75.90,$75.90
Alimentos y Despensa,Mayonesa Con Limon Star Value Bote 3.45 Kg,$233.10,$233.10
Canasta Básica / Primera Necesidad,Aceite Vegetal 123 Botella 1 Litro,$39.83,$44.30
Canasta Básica / Primera Necesidad,Atún Dolores en Agua Lata 133 gr.,$18.94,$20.20
Canasta Básica / Primera Necesidad,Atún Dolores En Aceite 133 Gr,$18.94,$20.20
Canasta Básica / Primera Necesidad,"Aceite Vegetal 123, 500 ml",$21.88,$24.40
Canasta Básica / Primera Necesidad,Leche Fórmula Láctea NutriLeche 1 Litro,$18.33,$21.90
Canasta Básica / Primera Necesidad,Leche Alpura Clásica 1 L,$24.75,$27.00
Canasta Básica / Primera Necesidad,Pasta Para Sopa Fideo No. 0 La Moderna 200 Gr,$6.85,$7.70
Canasta Básica / Primera Necesidad,Café Soluble Nescafé Clásico 28 Gr,$25.50,$27.80
Canasta Básica / Primera Necesidad,Bolsa de Sal Natural Yodada Fluorada La Fina 1 Kg,$18.61,$22.50
Canasta Básica / Primera Necesidad,Leche Alpura Deslactosada 1 L,$294.00,$26.70
Canasta Básica / Primera Necesidad,Aceite de Soya Comestible Nutrioli 800 ml,$36.17,$40.20
Canasta Básica / Primera Necesidad,Arroz Sinaloa A Granel,$15.30,
Canasta Básica / Primera Necesidad,Pasta Para Sopa Munición La Moderna 200 Gr,$6.85,$7.70
Canasta Básica / Primera Necesidad,Pasta Para Sopa Fideo No. 2 La Moderna 200 Gr,$6.85,$7.70
Canasta Básica / Primera Necesidad,Aceite Vegetal Comestible Cristal 500 ml,$18.69,$21.30
Canasta Básica / Primera Necesidad,Pasta Para Sopa Moñito La Moderna 200 Gr,$6.85,$7.70
Canasta Básica / Primera Necesidad,Pasta Para Sopa Letra La Moderna 200 Gr,$6.85,$7.70
Canasta Básica / Primera Necesidad,Pasta Para Sopa Fideo No. 1 La Moderna 200 Gr,$6.85,$7.70
Canasta Básica / Primera Necesidad,Pasta Para Sopa Lengua La Moderna 200 Gr,$6.85,$7.70
Canasta Básica / Primera Necesidad,Pasta Para Sopa Codo No. 3 La Moderna 200 Gr,$6.85,$7.70
Canasta Básica / Primera Necesidad,Pasta Para Sopa Estrella La Moderna 200 Gr,$6.85,$7.70
Canasta Básica / Primera Necesidad,Aceite Vegetal Comestible Cristal 1L,$37.08,$42.20
Canasta Básica / Primera Necesidad,Leche Alpura Vaquitas Sabor Chocolate 1 Litro,$30.20,$34.40
Canasta Básica / Primera Necesidad,Leche Alpura Mini Sabor Chocolate 200ml,$9.30,$10.40
Canasta Básica / Primera Necesidad,Atún Dolores En Agua 295 Gr,$40.75,$45.30
Canasta Básica / Primera Necesidad,Atún Dolores En Aceite 295g,$40.75,$45.30
Canasta Básica / Primera Necesidad,Frijol Negro Americano A Granel,$23.80,
Canasta Básica / Primera Necesidad,Harina de Maíz Maseca 1 kg,$18.50,$21.10
Canasta Básica / Primera Necesidad,Leche Fórmula Láctea Deslactosada NutriLeche 1 Litro,$242.30,$21.10
Canasta Básica / Primera Necesidad,Pasta Para Sopa Almeja La Moderna 200 Gr,$6.85,$7.70
Canasta Básica / Primera Necesidad,Aceite de Soya Comestible Nutrioli 400 ml,$252.00,$23.40
Canasta Básica / Primera Necesidad,Harina de Trigo Extra Finada San Antonio Tres Estrellas 1 Kg,$17.73,$20.20
Canasta Básica / Primera Necesidad,Leche Alpura Vaquitas Sabor Vainilla 200 ml,$9.30,$10.40
Canasta Básica / Primera Necesidad,Pasta Para Sopa Caracol No. 1 La Moderna 200 Gr,$6.85,$7.70
Canasta Básica / Primera Necesidad,Sal Natural de Grano Elefante 1 Kg,$15.59,$18.40
Canasta Básica / Primera Necesidad,Leche Lala Entera 1 Litro,$26.72,$27.90
Canasta Básica / Primera Necesidad,Sardinas Dolores En Salsa De Tomate 425 Gr,$38.73,$40.50
Canasta Básica / Primera Necesidad,Pasta Para Sopa Codo No. 4 La Moderna 200 Gr,$6.85,$7.70
Canasta Básica / Primera Necesidad,Aceite de Soya Victoria 850 ml,$29.83,$33.20
Canasta Básica / Primera Necesidad,Leche Yomi Lala Sabor Chocolate 190 ml,$8.25,$9.20
Canasta Básica / Primera Necesidad,Bolsa de Arroz Súper Extra Verde Valle 1KG,$30.70,$32.40
Canasta Básica / Primera Necesidad,Harina de Arroz Tres Estrellas 250 gr,$13.51,$14.40
Canasta Básica / Primera Necesidad,Aceite Vegetal AVE Comestible 400 ml,$16.98,$18.80
Canasta Básica / Primera Necesidad,Harina de Trigo Selecta 1 Kg,$17.69,$19.90
Canasta Básica / Primera Necesidad,Leche Alpura Vaquitas sabor Vainilla 1 Litro,$30.20,$34.40
Canasta Básica / Primera Necesidad,Leche Yomi Lala Sabor Fresa 190 ml,$8.25,$9.20
Canasta Básica / Primera Necesidad,Leche Alpura Natural 200 ml,$9.58,$10.70
Canasta Básica / Primera Necesidad,Aceite de Oliva El Olivo 45 ml,$69.27,$77.00
Canasta Básica / Primera Necesidad,Pasta Para Sopa Codo No. 1 La Moderna 200 Gr,$6.85,$7.70
Canasta Básica / Primera Necesidad,Leche Yomi Lala Sabor Vainilla 190 ml,$8.25,$9.20
Canasta Básica / Primera Necesidad,Leche Yomi Lala Sabor Chocolate 960 ml,$32.33,$34.80
Canasta Básica / Primera Necesidad,Harina de Maíz Minsa 1 kg,$18.95,$21.90
Canasta Básica / Primera Necesidad,Azúcar Morena Zulka 1 KG,$20.49,$22.90
Canasta Básica / Primera Necesidad,Aceite Vegetal AVE Comestible 800 ml,$31.68,$36.10
Canasta Básica / Primera Necesidad,Sardinas Calmex En Salsa De Tomate,$40.00,$44.50
Canasta Básica / Primera Necesidad,Pasta Para Sopa Caracol No. 2 La Moderna 200 Gr,$6.85,$7.70
Canasta Básica / Primera Necesidad,Pasta Para Sopa Pluma La Moderna 200 Gr,$6.85,$7.70
Canasta Básica / Primera Necesidad,Café Soluble Nescafé Clásico 120 Gr,$102.50,$105.70
Canasta Básica / Primera Necesidad,Café Nescafé Descaf 40 Gr,$40.78,$45.40
Canasta Básica / Primera Necesidad,Leche Alpura Deslactosada Ligth 1 L,$27.83,$30.30
Canasta Básica / Primera Necesidad,Leche Lala Fresca Entera 1 Litro,$27.50,$27.50
Canasta Básica / Primera Necesidad,Leche Yomi Lala Sabor Fresa 960 ml,$32.33,$34.80
Canasta Básica / Primera Necesidad,Pasta Para Sopa Ojito La Moderna 200 Gr,$6.85,$7.70
Canasta Básica / Primera Necesidad,Pasta Para Sopa Engrane La Moderna 200 Gr,$6.85,$7.70
Canasta Básica / Primera Necesidad,Café Soluble Nescafé Clásico 200 gr.,$136.97,$152.20
Canasta Básica / Primera Necesidad,Leche Yomi Lala Sabor Vainilla 960 ml,$32.33,$34.80
Canasta Básica / Primera Necesidad,Aceite Vegetal Comestible Cristal 1.5 Litros,$56.88,$64.70
Canasta Básica / Primera Necesidad,Sal Natural de Mesa Elefante 1 Kg,$16.32,$19.70
Canasta Básica / Primera Necesidad,Pasta Para Sopa Lenteja La Moderna 200 Gr,$6.85,$7.70
Canasta Básica / Primera Necesidad,Café de Olla Nescafé 45g,$32.12,$35.00
Canasta Básica / Primera Necesidad,Atún Herdez en agua Lata 130 g,$17.00,$17.60
Canasta Básica / Primera Necesidad,Bolsa de Arroz Sinaloa Abeto 900 gr,$16.05,$17.10
Canasta Básica / Primera Necesidad,Costal de Frijol Pinto Saltillo El Labrador 25 kg,$19.50,
Canasta Básica / Primera Necesidad,Sal de Mar Grano Fino Sal Sol 1 kg,$16.55,$19.50
Canasta Básica / Primera Necesidad,ARROZ SUPER EXTRA 7 SEMILLAS 1-5 KG,$79.00,$80.90
Canasta Básica / Primera Necesidad,Atun en Aceite Herdez lata 130 g,$17.00,$17.60
Canasta Básica / Primera Necesidad,Aceite Vegetal Sabrosano Sabor Mantequilla 850 ml,$37.97,$42.30
Canasta Básica / Primera Necesidad,Costal de Frijol Flor de Mayo El Labrador 25 kg,$22.70,
Canasta Básica / Primera Necesidad,Sal de Mar Grano Grueso Sal Sol 1 kg,$15.43,$18.50
Canasta Básica / Primera Necesidad,Café Soluble Legal 50 Gr,$30.13,$33.50
Canasta Básica / Primera Necesidad,Bolsa de Frijol Negro 7 Semillas 1 KG,$22.00,$22.50
Canasta Básica / Primera Necesidad,Leche Alpura Light 1 L,$27.43,$29.90
Canasta Básica / Primera Necesidad,Harina de Trigo Extra Finada La Moderna 1 Kg,$16.07,$17.90
Canasta Básica / Primera Necesidad,Hojuelas De Atún Tuny En Aceite 140 Gr,$20.79,$21.90
Canasta Básica / Primera Necesidad,Aceit Vegetal Gran Tradición 1 L,$39.50,$44.00
Canasta Básica / Primera Necesidad,Aceite Vegetal Cristal Garrafa con 5 L,$188.25,$188.25
Canasta Básica / Primera Necesidad,ATUN DOLORES POUCH AGUA 48-78 GR,$16.10,$17.90
Canasta Básica / Primera Necesidad,Silk Alimento Líquido de Almendra Sin Azúcar 946 ml,$40.92,$44.50
Canasta Básica / Primera Necesidad,FRIJOL FLOR DE MAYO 7 SEMILLAS 1-5 KG,$109.50,$115.70
Canasta Básica / Primera Necesidad,Frijol Pinto 7 Semillas Bolsa 5 Kg,$97.20,$98.20
Canasta Básica / Primera Necesidad,Nescafé Clásico stick Sobre 2 gr,$94.80,$94.80
Canasta Básica / Primera Necesidad,FRIJOL NEGRO AMERICANO 7 SEMILLAS 1-5 KG,$131.90,$131.90
Canasta Básica / Primera Necesidad,Sal Oso Blanco Yodada Fluorada Roja 1 Kg,$12.50,$13.90
Canasta Básica / Primera Necesidad,Atún Herdez en agua 280 g,$39.79,$41.90
Canasta Básica / Primera Necesidad,Café Soluble Legal 180 Gr,$83.05,$92.30
Canasta Básica / Primera Necesidad,Bolsa de Frijol Flor de Mayo 7 Semillas 1 KG,$21.89,$22.50
Canasta Básica / Primera Necesidad,Bolsa de Arroz Morelos 7 Semillas 900 gr,$24.50,$25.00
Canasta Básica / Primera Necesidad,Leche Deslactosada Vaca Pinta 1 Litro,$21.00,$21.00
Canasta Básica / Primera Necesidad,FRIJOL NEGRO SAN LUIS 7 SEMILLAS 1-5 KG,$81.90,$84.90
Canasta Básica / Primera Necesidad,Atún Tuny En Aceite 295 Gr,$37.91,$40.50
Canasta Básica / Primera Necesidad,Café Oro 24 Kilates Soluble 160 Gr,$117.58,$130.70
Canasta Básica / Primera Necesidad,Leche Saborizada Vaca Pinta Sabor Chocolate 236 ml,$7.09,$7.50
Canasta Básica / Primera Necesidad,Aceite de Oliva San Lucas 1 L,$165.88,$210.50
Canasta Básica / Primera Necesidad,Leche Saborizada Vaca Pinta Sabor Fresa 236 ml,$7.09,$7.50
Canasta Básica / Primera Necesidad,Bebida Láctea Chiquilac Bolsa 900 ml,$11.70,$11.70
Canasta Básica / Primera Necesidad,Nescafé Black Latte 330 ml,$24.20,$24.20
Canasta Básica / Primera Necesidad,Café Soluble Legal 175 Gr,$73.77,$82.00
Canasta Básica / Primera Necesidad,Atún Dolores en Agua Lata 1.88 KG,$265.55,$265.55
Canasta Básica / Primera Necesidad,Sal de Mar Roche Grano Común Bulto 25 Kg,$184.60,$184.60
Canasta Básica / Primera Necesidad,Manteca Vegetal Inca 1 kg,$71.67,$81.50
Canasta Básica / Primera Necesidad,Aceite Vegetal Oleico Botella con 825 ml,$69.83,$75.50
Canasta Básica / Primera Necesidad,Nescafé Latte 330 ml,$20.71,$23.90
Canasta Básica / Primera Necesidad,Lata de Café Nescafé Clásico 1.2 KG,$535.53,$535.53
Canasta Básica / Primera Necesidad,Aceite Vegetal Cristal Bote con 20 L,$738.20,$738.20
Canasta Básica / Primera Necesidad,AtunEenlatado en Aceite Dolores Lata con 1.88 KG,$265.55,$265.55
Canasta Básica / Primera Necesidad,Café Oro Soluble 200 Gr,$123.88,$137.70
Canasta Básica / Primera Necesidad,Bolsa de Arroz Súper Extra Tradición 900 gr,$22.90,$23.50
Canasta Básica / Primera Necesidad,Atun Enlatado en Aceite El Dorado Lata con 1.88 KG,$185.00,$185.00
Farmacia,Sal de Uvas Picot 50 sobres,$156.00,$171.30
Farmacia,Alka Seltzer Caja con 100 tabletas,$267.68,$284.80
Farmacia,Antigripal XL3 Xtra Gripe y Tos Caja con 12 Cápsulas,$52.57,$59.00
Farmacia,Tabcin Noche 250 mg 12 Capsulas,$71.21,$77.30
Farmacia,Theraflu Verde Caja con 10 Pzas,$160.38,$173.60
Farmacia,Sal de Uvas Picot 10 sobres,$37.83,$43.50
Farmacia,Treda 280 mg Caja con 20Tabletas,$142.24,$152.30
Farmacia,Tabcin Active 250 mg 12 Capsulas,$70.60,$76.60
Farmacia,Alka-Seltzer 12 Tabletas,$40.20,$44.40
Farmacia,Venditas Adhesivas Jaloma 100 pzas,$36.40,$41.10
Farmacia,Bicarbonato de Sodio Biso 400 gr,$26.25,$31.00
Farmacia,Botella de Alcohol Etílico Desnaturalizado 70% Purex 250 ml,$13.50,$15.00
Farmacia,Botella de Agua Oxigenada 250 ml,$13.20,$16.50
Farmacia,Desenfriol D Caja con 30 Tabletas,$72.37,$77.30
Farmacia,XL3 VR Caja con 24 Tabletas,$103.59,$111.80
Farmacia,Botella de Alcohol Etílico Desnaturalizado 70% Purex 125 ml,$8.00,$9.50
Farmacia,Bolsa de Algodón Plisado Zuum 25 gr,$15.49,$17.00
Farmacia,Botella de Agua Oxigenada 500 ml,$15.95,$18.20
Farmacia,Gasa Estéril Jaloma Caja con 100 sobres,$105.07,$115.30
Farmacia,Hisopos Kiuts Jaloma 300 pzas,$25.08,$31.40
Farmacia,Gel Antibacterial Jaloma bote 120 ml,$13.00,$16.30
Farmacia,Venda Elástica Selecta 10 cm x 5 M,$10.00,$11.20
Farmacia,ALCOHOL AZUL MED RX 24-500 ML,$18.90,$18.90
Farmacia,Alka- Seltzer Boost Caja con 10 tabletas,$51.90,$56.70
Farmacia,ALCOHOL AZUL MED RX 12-1 LT,$36.90,$36.90
Farmacia,Cinta Microporosa color Piel Zuum 1.25 cm x 9.1 M,$16.50,$19.00
Farmacia,Caja de Condones Prudence Clásico 3 pzas,$33.50,$37.60
Farmacia,Botella de Alcohol Etílico Desnaturalizado 70% Azul AC 500 ml,$20.08,$23.70
Farmacia,Condones Sico Sensitive Rojo 3 pzas,$55.13,$67.20
Farmacia,Jabón Líquido intimo Saba Natural de 200 ml,$43.49,$49.50
Farmacia,Ensure Regular Sabor Chocolate 237 ml,$54.63,$60.70
Farmacia,ROSEL ANTIGRIPAL 50/3/300 MG 1-24 CAP,$32.90,$37.40
Farmacia,Ensure Regular Sabor Vainilla 237 ml,$54.63,$60.70
Farmacia,Agua Oxigenada Zuum Botella 185 ml,$19.50,$21.50
Farmacia,Ensure Regular Sabor Fresa 237 ml,$54.63,$60.70
Farmacia,Condones Sico Safety Negro 3 pzas,$55.13,$67.20
Farmacia,Condones Prudence Clásico Vitrolero 50 Pzas,$223.81,$223.81
Farmacia,Botella de Alcohol Etílico Desnaturalizado 70% Azul AC 1 L,$38.66,$43.30
Farmacia,Affective Active ropa interior para adultos unisex talla Mediana 10 piezas,$106.07,$117.90
Farmacia,Pañal para Adulto Affective Grande 10 piezas,$122.98,$136.70
Farmacia,Affective Active ropa interior para adultos unisex talla Grande 10 piezas,$119.83,$133.20
Farmacia,Pañal para Adulto Affective Mediano 10 piezas,$97.45,$108.30
Farmacia,Glucerna Sabor Fresa 237 ml,$63.54,$70.40
Bebés,Gerber Etapa 2 Sabor Manzana 100 Gr,$10.92,$12.70
Bebés,Gerber Etapa 2 Sabor Mango 100 Gr,$10.92,$12.70
Bebés,Gerber Etapa 2 Sabor Pera 100 Gr,$10.92,$12.70
Bebés,Gerber Etapa 2 Sabor Frutas Mixtas 100 Gr,$10.92,$12.70
Bebés,Gerber Etapa 2 Sabor Durazno 100 Gr,$10.92,$12.70
Bebés,Gerber Etapa 2 Sabor Comida Casera Pollo 100 Gr,$10.92,$12.70
Bebés,Toallitas Húmedas Kleenbebé Absorsec 90 pzs,$15.00,$15.80
Bebés,Pañales Suavelastic Max KleenBebé Talla Jumbo E5 40 piezas,$214.40,$238.30
Bebés,Gerber Etapa 2 Sabor Comida Casera Res 100 Gr,$10.92,$12.70
Bebés,Toallitas Húmedas Kleenbebé Suavelastic Vitta 80 pzas,$22.12,$24.10
Bebés,Pañales Absorsec KleenBebé Tamaño Jumbo E5 40 piezas,$139.43,$155.00
Bebés,Pañales Suavelastic Max KleenBebé Talla Extra Jumbo E6 40 piezas,$225.73,$250.90
Bebés,Pañales Kleen Bebé Suavelastic XXJ 40 Pzas,$225.18,$250.20
Bebés,Pañales Suavelastic Max KleenBebé Talla Grande E4 44 Pzas,$201.25,$223.70
Bebés,Toallitas Húmedas para Bebé Huggies Cuidado Hidratante Paquete con 80 pzs,$42.27,$45.00
Bebés,"Pañales Absorsec Ultra KleenBebé Tamaño Grande, 40 piezas",$128.35,$142.70
Bebés,Papilla Heinz Pouch Sabor Manzana 113 gr.,$14.40,$16.50
Bebés,Papilla Heinz Pouch Sabor Mango 113 gr.,$14.40,$16.50
Bebés,Toallitas Húmedas Kleenbebé Suavelastic 100 Pzs,$40.31,$43.40
Bebés,Pañales Suavelastic Max KleenBebé Talla Mediana E3 44 pzas,$173.63,$193.00
Bebés,Biberon Dreams Evenflo 8oz,$17.48,$23.30
Bebés,GERBER POUCH JR FRUT MIXT 12-95 GR,$12.79,$14.90
Bebés,Papilla Heinz Pouch Sabor Pera 113 gr.,$14.40,$16.50
Bebés,Pañales Desechables bbtips Sensitive etapa 7 XXL con 40 Piezas,$278.73,$309.90
Bebés,Toallitas Húmedas Paa Bebé Dodys Azul 80 Pzas,$30.03,$35.40
Bebés,Pañales para Bebé Etapa 6 Talla Extra Extra Grande Bebin Super FlexiSEC 40 piezas,$216.48,$240.90
Bebés,Pañales para Bebé Etapa 5 Talla Extra Grande Bebin Super FlexiSEC 40 piezas,$163.53,$181.70
Bebés,Shampoo para Bebé Ricitos de Oro Manzanilla bote 250 ml,$69.73,$73.40
Bebés,Jabón de Tocador Ricitos de Oro Hipoalergénico Neutro de 90 gr,$21.94,$23.90
Bebés,"Pañales Suavelastic Max KleenBebé Talla Chica Etapa 2, 40 piezas",$139.43,$155.00
Bebés,"Pañales Absorsec Ultra KleenBebé Tamaño Mediano, E3 40 piezas",$117.43,$130.50
Bebés,Pañales para Bebé Etapa 4 Talla Grande Bebin Super FlexiSEC 40 piezas,$144.25,$160.30
Bebés,Pañales Desechables bbtips Sensitive etapa 6 XL con 40 Piezas,$221.80,$246.50
Bebés,Shampoo para Bebé Ricitos de Oro Lavanda y Lechuga bote 250 ml,$69.73,$73.40
Bebés,Fórmula Láctea NAN Optimal pro 1 Lata 320 gr,$159.49,$170.50
Bebés,Fórmula láctea Nidal Nestlé Infantil bolsa 120 gr,$51.49,$57.00
Bebés,"Pañales Chicolastic Classic Talla Extra Grande Etapa 5, 40 piezas",$148.10,$164.60
Bebés,Pañales desechables bbtips Sensitive etapa 4 GDE con 40 piezas,$189.85,$211.00
Bebés,Fórmula Enfagrow Premium Etapa 3 Lata 800 gr,$294.73,$306.00
Bebés,Fórmula Láctea NAN Optimal pro 2 Lata 320 gr,$144.99,$149.50
Bebés,Fórmula Láctea NAN Optimal pro 1 Lata 720 gr,$344.49,$373.50
Bebés,Fórmula Láctea NAN Optimal pro 3 Lata 360 gr,$112.49,$122.00
Cigarros,Cigarros Marlboro Rojo Cajetilla con 20 Cigarros c/u,$89.50,$99.50
Cigarros,Cigarros Pall Mall Alaska Dust Cajetilla con 20 Cigarros c/u,$94.95,$105.50
Cigarros,Cigarros Marlboro Crafted Cajetilla con 25 Cigarros c/u,$83.64,$96.00
Cigarros,Cigarros Marlboro Fusion Summer Cajetilla con 20 Cigarros c/u,$85.55,$96.00
Cigarros,Cigarros Pall Mall XL Mykonos Cajetilla con 20 Cigarros c/u,$94.95,$105.50
Cigarros,Cigarros Pall Mall XL Tokyo Cajetilla con 20 Cigarros c/u,$94.95,$105.50
Cigarros,Cigarros Marlboro Ruby Fresh Cajetilla con 20 Cigarros c/u,$86.72,$96.40
Cigarros,Cigarros Marlboro Rojo 100 Capsula Cajetilla con 20 Cigarros c/u,$86.72,$96.40
Cigarros,Cigarros Marlboro Blosson Mist Cajetilla con 20 Cigarros c/u,$85.55,$96.00
Cigarros,Cajetilla de Cigarros Marlboro Caribbean Fusion 20 pzas.,$85.55,$96.00
Cigarros,Cigarros Marlboro Crafted Cajetilla con 15 Cigarros c/u,$58.00,$67.00
Cigarros,Cigarros Camel Amarillos Cajetilla con 20 Pzas,$88.20,$100.30
Cigarros,Cigarros Montana Shots Cajetilla con 25 Cigarros c/u,$95.93,$106.60
Cigarros,Cigarros Montana Shots Classics 14 Pzas,$45.78,$50.90
Cigarros,Cigarros Montana shots Classics 20 pzas,$64.67,$71.90
Cigarros,Cigarros Marlboro Blanco Cajetilla con 20 Cigarros c/u,$98.29,$109.00
Cigarros,Cigarros Marlboro Fusion Garden Cajetilla con 20 Cigarros c/u,$85.55,$96.00
Cigarros,Cigarros Faros con filtro 10 Pzas,$62.30,$72.00
Cigarros,Cajetilla de Cigarros Pall Mall Hawaii con 20 Pzas.,$94.95,$105.50
Cigarros,Cigarros Montana Shots Cajetilla con 15 Cigarros c/u,$64.91,$72.10
Cigarros,Cigarros Benson & Hedges Cajetilla con 20 Cigarros c/u,$101.08,$112.00
Cigarros,Cajetilla de Cigarros Marlboro Crafted ICe Mix 20 Pzas,$65.74,$76.00
Cigarros,Cajetilla de Cigarros Winston Red 25 Pzas,$70.54,$85.20
Cigarros,Cigarros Marlboro Ice Express Cajetilla con 20 Cigarros c/u,$86.72,$96.40
Bebidas y Jugos,Jugo Boing Sabor Mango 500 Ml,$13.04,$14.50
Bebidas y Jugos,Jugo Boing Sabor Guayaba 500 Ml,$13.04,$14.50
Bebidas y Jugos,Jugo Boing Sabor Manzana 500 Ml,$13.04,$14.50
Bebidas y Jugos,Jugo Boing Sabor Mango 250 Ml,$8.11,$9.10
Bebidas y Jugos,Jugo Boing Sabor Mango 1 Litro,$24.21,$26.90
Bebidas y Jugos,Jugo Boing Sabor Manzana 250 Ml,$8.11,$9.10
Bebidas y Jugos,Jugo Boing Sabor Uva 500 Ml,$13.04,$14.50
Bebidas y Jugos,Jugo Boing Sabor Guayaba 250 Ml,$8.11,$9.10
Bebidas y Jugos,Bebida Rehidratante Electrolit Sabor Mora Azul 625 ml,$19.17,$19.90
Bebidas y Jugos,Bebida Rehidratante Electrolit Sabor Uva 625 ml,$19.17,$19.90
Bebidas y Jugos,Jugo Boing Sabor Uva 250 Ml,$8.11,$9.10
Bebidas y Jugos,Jugo Boing Sabor Manzana 1 Litro,$24.21,$26.90
Bebidas y Jugos,Bebida Rehidratante Electrolit Sabor Fresa Kiwi 625 ml,$19.17,$19.90
Bebidas y Jugos,Jugo Boing Sabor Guayaba 1 Litro,$24.21,$26.90
Bebidas y Jugos,Jugo Boing Sabor Fresa 500 Ml,$13.04,$14.50
Bebidas y Jugos,Bebida Energética Volt Blue Sabor Mora Azul 473 Ml,$15.45,$17.80
Bebidas y Jugos,Bebida Rehidratante Electrolit Sabor Fresa 625 ml,$19.17,$19.90
Bebidas y Jugos,Bebida Rehidratante Electrolit Sabor Coco 625 ml,$19.17,$19.90
Bebidas y Jugos,Refresco Coca-Cola Original 600 Ml,$16.58,$18.50
Bebidas y Jugos,Bebida Rehidratante Electrolit Sabor Manzana 625 ml,$19.17,$19.90
Bebidas y Jugos,Agua Bonafont Natural 1.5 L,$89.90,$8.90
Bebidas y Jugos,Agua Bonafont Natural 1 L,$80.00,$7.90
Bebidas y Jugos,Jugo Boing Sabor Fresa 250 Ml,$8.11,$9.10
Bebidas y Jugos,Refresco Coca-Cola Original 355 Ml,$204.00,$18.90
Bebidas y Jugos,Gatorade Sabor Ponche De Frutas 1 L,$22.83,$26.00
Bebidas y Jugos,Gatorade Sabor Lima-Limón 1 L,$22.83,$26.00
Bebidas y Jugos,Jugo Boing Sabor Uva 1 Litro,$24.21,$26.90
Bebidas y Jugos,Bebida Rehidratante Sabor Moras Gatorade 1 L,$22.83,$26.00
Bebidas y Jugos,Jugo Boing Sabor Fresa 1 L,$24.21,$26.90
Bebidas y Jugos,Néctar Del Valle Generosa Sabor Mango 413 Ml,$14.00,$16.50
Bebidas y Jugos,Gatorade Sabor Naranja 1 L,$22.83,$26.00
Bebidas y Jugos,Bebida Rehidratante Suerox 8 Iones Fresa Kiwi 630ml,$14.83,$15.40
Bebidas y Jugos,Agua Mineral Peñafiel 600 ml,$156.00,$15.30
Bebidas y Jugos,Bebida Rehidratante Suerox 8 Iones Mora Azul y Hierbabuena 630ml,$14.83,$15.40
Bebidas y Jugos,Bebida Energética Volt Yellow Sabor Guaraná 473 Ml,$15.45,$17.80
Bebidas y Jugos,Néctar Del Valle Sabor Durazno 413 Ml,$14.00,$16.50
Bebidas y Jugos,Agua Bonafont Juizzy Sabor Guayaba 1.4 L,$107.40,$21.10
Bebidas y Jugos,Bebida Rehidratante Suerox 8 Iones Uva 630ml,$14.83,$15.40
Bebidas y Jugos,Gatorade Sabor Uva 1 L,$22.83,$26.00
Bebidas y Jugos,Refresco Coca-Cola Original 3 L,$39.63,$44.10
Bebidas y Jugos,Refresco Sangría Señorial 600 ml,$16.58,$18.50
Bebidas y Jugos,Jugo Jumex Néctar Sabor Mango 1 L,$23.58,$26.40
Bebidas y Jugos,Bebida Energizante Amper Energy Lata 473 ml,$15.33,$17.00
Bebidas y Jugos,Jugo Jumex Néctar Sabor Piña 1 L,$23.58,$26.40
Bebidas y Jugos,Agua Mineral Peñafiel Twist con Limón Y Sal 600 ml,$15.21,$17.90
Bebidas y Jugos,Bebida Rehidratante Suerox 8 Iones Manzana 630ml,$14.83,$15.40
Bebidas y Jugos,Jugo Boing Sabor Naranja 500 Ml,$13.04,$14.50
Bebidas y Jugos,Bebida Rehidratante Suerox 8 Iones Lima Limón 630ml,$14.83,$15.40
Bebidas y Jugos,Jugo Jumex Néctar Sabor Durazno 1 L,$23.58,$26.40
Bebidas y Jugos,Agua Mineral Peñafiel Naranjada Sabor Naranja 600 Ml,$12.83,$15.10
Bebidas y Jugos,Bebida Energizante Amper Energy Blue Lata 473 ml,$15.33,$17.00
Bebidas y Jugos,Bebida Del Valle Frut Sabor Cítrico 3 Litros,$31.64,$37.30
Bebidas y Jugos,Refresco Sangría Señorial 2.6L,$40.75,$45.30
Bebidas y Jugos,Jugo Boing Sabor Naranja 250 Ml,$8.11,$9.10
Bebidas y Jugos,Agua Bonafont Juizzy Sabor Jamaica 1.4 L,$17.90,$21.10
Bebidas y Jugos,SUEROX 8IONES FRESA FRUTOS ROJOS 12-630 ML,$14.83,$15.40
Bebidas y Jugos,Jugo De Tomate Clamato El Original 473 Ml,$22.16,$26.10
Bebidas y Jugos,Bebida Energética Monster Energy 473 Ml,$28.20,$33.20
Bebidas y Jugos,Bebida Rehidratante Powerade Sabor Moras 1 L,$25.50,$31.90
Bebidas y Jugos,Jugo Jumex Néctar Sabor Mango 450 Ml,$14.63,$16.40
Bebidas y Jugos,Jugo Jumex Néctar Sabor Manzana 1 L,$23.58,$26.40
Bebidas y Jugos,Agua Mineral Peñafiel Limonada Sabor Limón 600 Ml,$12.83,$15.10
Bebidas y Jugos,Bebida Rehidratante Suerox 8 Iones Naranja Mandarina 630ml,$14.83,$15.40
Bebidas y Jugos,Agua Bonafont Levite Sabor Piña-Coco 1.4 L,$13.50,$15.90
Bebidas y Jugos,Jugo Jumex Néctar Sabor Durazno 450 Ml,$14.63,$16.40
Bebidas y Jugos,Agua Bonafont Levite Sabor Pepino-Limón 1.4 L,$13.50,$15.90
Bebidas y Jugos,SUEROX 8IONES COCO 12-630 ML,$14.83,$15.40
Bebidas y Jugos,Agua Mineral Peñafiel Naranjada Sabor Naranja 2 L,$29.65,$34.90
Bebidas y Jugos,Refresco De Cola Red Cola 3 L,$30.81,$34.30
Bebidas y Jugos,Refresco Squirt 3 L,$36.64,$42.20
Bebidas y Jugos,Agua Mineral Peñafiel 2 L,$189.50,$27.90
Bebidas y Jugos,Agua Bonafont Juizzy Sabor Guayaba 1 L,$15.95,$16.90
Bebidas y Jugos,Refresco Squirt Sabor Toronja 600 Ml,$14.18,$16.70
Bebidas y Jugos,Néctar Del Valle Sabor Mango 1 L,$22.42,$25.80
Bebidas y Jugos,Agua Bonafont Natural 2 L,$170.20,$16.70
Bebidas y Jugos,Jugo Boing Sabor Naranja 1 Litro,$24.21,$26.90
Bebidas y Jugos,Bebida Energética Vive 100% 300 Ml,$11.50,$14.40
Bebidas y Jugos,Powerade Sabor Ponche De Frutas 1L,$25.50,$31.90
Bebidas y Jugos,Polvo para preparar agua Tang sabor mango Exh 8 Pzas,$47.00,$49.50
Bebidas y Jugos,Refresco De Cola Red Cola 600 Ml,$328.00,$15.20
Bebidas y Jugos,Néctar Del Valle Sabor Durazno 1 L,$22.42,$25.80
Bebidas y Jugos,Suerox 8 iones sabor uva mora azul 630 ml,$14.83,$15.40
Bebidas y Jugos,Refresco Jarritos Surtido 600 Ml,$11.33,$12.60
Bebidas y Jugos,Jumex Unico Fresco Néctar Sabor Arándano 1 L,$32.79,$37.30
Bebidas y Jugos,Jugo Boing Sabor Piña 1 Litro,$24.21,$26.90
Bebidas y Jugos,Refresco Sabor Manzana Sidral Mundet 600 Ml,$17.11,$21.40
Bebidas y Jugos,Refresco Jarritos Sabor Mandarina 2 L,$21.63,$24.10
Bebidas y Jugos,Bebida energizante Amper Mango 473 ml,$15.33,$17.00
Bebidas y Jugos,Agua Natural E Pura 1.5 L,$9.67,$12.10
Bebidas y Jugos,Bebida Rehidratante Suerox 8 Iones Fresa 630 ml,$14.83,$15.40
Bebidas y Jugos,Refresco Jarritos Sabor Tuti Fruti 2 L,$21.63,$24.10
Bebidas y Jugos,Refresco Jarritos Sabor Piña 2 L,$21.63,$24.10
Bebidas y Jugos,Jugo Jumex Néctar Sabor Manzana 450 Ml,$14.63,$16.40
Bebidas y Jugos,Agua Doña Vita Natural Botella 500 ml,$2.89,$3.50
Bebidas y Jugos,Refresco Jarritos Sabor Manzana 2 L,$21.63,$24.10
Bebidas y Jugos,Jugo Jumex Néctar Sabor Naranja 1 L,$23.58,$26.40
Bebidas y Jugos,Refresco Sin Gas Delaware Punch Uva 600 ml,$15.78,$17.60
Bebidas y Jugos,Refresco De Cola Pepsi 600 Ml,$14.45,$16.50
Bebidas y Jugos,Jugo Jumex Néctar Sabor Mango 460 Ml,$17.67,$20.80
Bebidas y Jugos,POLVO P/AGUA ZUKO JAMAICA 12-8-13 GR,$46.79,$52.50
Bebidas y Jugos,Jugo Jumex Néctar Sabor Durazno 460 Ml,$17.67,$20.80
Bebidas y Jugos,POLVO P/AGUA ZUKO HORCHATA 12-8-13 GR,$46.79,$52.50
Bebidas y Jugos,Agua Natural E Pura 1 L,$9.00,$11.30
Bebidas y Jugos,REFRESCO PEPSI 8-3 LT,$35.76,$43.10
Bebidas y Jugos,Jugo De Tomate Clamato El Original 946 Ml,$39.04,$46.00
Bebidas y Jugos,GATORADE SURTIDO 12-350 ML,$10.50,$13.20
Bebidas y Jugos,Refresco Sabor Lima-Limón Sprite 600 Ml,$17.11,$21.40
Bebidas y Jugos,Agua natural Doña Vita 1.5l,$5.80,$6.00
Bebidas y Jugos,Calahua Crema De Coco 480 Ml,$30.10,$35.50
Bebidas y Jugos,OCEAN SPRAY ARANDANO CLASSIC 12-1 LT,$29.24,$35.50
Bebidas y Jugos,Gatorade Sabor Ponche De Frutas 500 Ml,$18.65,$22.00
Bebidas y Jugos,Agua Doña Vita Natural 1L,$5.10,$5.50
Bebidas y Jugos,POLVO P/AGUA ZUKO NARANJA 12-8-13 GR,$46.79,$52.50
Bebidas y Jugos,Calahua Crema De Coco 1 L,$63.63,$74.90
Bebidas y Jugos,Jugo Jumex Néctar Sabor Manzana 460 Ml,$17.67,$20.80
Bebidas y Jugos,REFRESCO PEPSI 12-1.5LTS,$20.99,$23.90
Bebidas y Jugos,Gatorade Sabor Naranja 500 Ml,$18.65,$22.00
Bebidas y Jugos,Gatorade Sabor Uva 500 Ml,$18.65,$22.00
Bebidas y Jugos,Refresco Coca-Cola Original 1 L,$27.53,$30.60
Bebidas y Jugos,JUMEX TETRA MANGO 12-475 ML,$14.08,$15.90
Bebidas y Jugos,JUMEX TETRA DURAZNO 12-475 ML,$14.08,$15.90
Bebidas y Jugos,Bebida Energética Boost 470 Ml,$27.03,$34.40
Bebidas y Jugos,JUMEX TETRA MANZANA 12-475 ML,$14.08,$15.90
Bebidas y Jugos,REFRESCO MANZANITA SOL 8-3 LT,$36.64,$42.20
Bebidas y Jugos,Refresco Manzanita Sol Sabor Manzana 600 Ml,$14.65,$17.30
Bebidas y Jugos,ELECTROLIFE ZERO FRESA KIWI 12-625 ML,$20.45,$23.60
Bebidas y Jugos,Deliciosa Concentrado De Horchata 700 Ml,$45.13,$50.50
Bebidas y Jugos,Refresco Sabor Naranja Mirinda 600 Ml,$14.65,$17.30
Bebidas y Jugos,Bebida Energética Predator Energy Gold Strike Lata 473 ml,$16.84,$18.80
Bebidas y Jugos,ELECTROLIFE ZERO UVA 12-625 ML,$20.45,$23.60
Bebidas y Jugos,Surtido De Paupau Jumex 250 Ml,$5.04,$6.50
Bebidas y Jugos,Bebida Energética Vive 100% Goyi 500 Ml,$14.08,$18.90
Bebidas y Jugos,Deliciosa Concentrado Para Agua De Tamarindo 700 Ml,$61.66,$68.90
Bebidas y Jugos,Jugo Jumex Néctar Sabor Piña 1.89 L,$45.74,$50.90
Bebidas y Jugos,Refresco 7 Up 3 L,$36.64,$42.20
Bebidas y Jugos,Agua Be Light sabor fresa - moras1.5L,$18.65,$20.50
Bebidas y Jugos,Agua Sabor Jamaica Be Light 1.5 L,$18.65,$20.50
Bebidas y Jugos,Agua Natural Nestlé Pureza Vital 1L,$8.00,$8.00
Bebidas y Jugos,Jugo Jumexito sabor Manzana 200 ml,$7.52,$9.50
Botanas,Palomitas Act II Sabor Extra Mantequilla (14 Piezas en cada exhibidor),$152.50,$154.90
Botanas,Palomitas Act II Sabor Mantequilla 14 Piezas,$152.50,$154.90
Botanas,Palomitas Act II Sabor Natural 14 Piezas,$152.50,$154.90
Botanas,Totis Top-Top's Salsa Negra 10 Piezas,$67.96,$71.30
Botanas,Fritura Totis Top-Tops Sabor Hot Chili 10 Piezas,$67.96,$71.30
Botanas,Botana Totis Donitas Sabor Sal y Limón Bolsa55 gr.,$12.69,$12.69
Botanas,Botana Totopos Totis Hot Chili 120 gr,$13.05,$15.40
Botanas,Botana Totopos Totis Salsa Negra 120 gr.,$13.05,$15.40
Botanas,Botana Totis Donitas con Chile y Limón Bolsa 55 gr,$12.69,$12.69
Botanas,Bolsa de botanaPapitas Con Sal Totis 90 gr,$14.28,$14.28
Botanas,Bolsa de botana Totopos Nacho Totis 120 gr,$13.05,$15.40
Botanas,Surtido de papas Sabrimayoreo surtido 55 piezas,$449.00,$449.00
Botanas,Totis Top-Top's Nachos 10 Piezas,$67.96,$71.30
Botanas,Pasta de trigo Para Chicharrón Mini Ruedita cm Saco 20 kg,$45.50,
Botanas,Bolsa de botanaPapitas Adobadas Totis 90 gr,$14.28,$14.28
Botanas,Bolsa de botanaPapitas Hot Chili Totis 90 gr,$14.28,$14.28
Botanas,Surtido De Papas Sabri Surtido 35 Piezas,$337.70,$337.70
Botanas,Botana Cacahuate Estilo Japonés Esnafer 1 Kilo,$74.10,$75.80
Botanas,Pasta de trigo Para Chicharrón Rotini cm Saco 20 kg,$45.50,
Botanas,Botana Cacahuate Estilo Español Esnafer 1 Kilo,$67.35,$70.00
Botanas,Que Totis Queso Cheddar 3 Kilos,$241.00,$241.00
Botanas,Pack Surtido De Takis Barcel 15 Piezas,$176.57,$179.90
Botanas,Totis Donitas Sal Y Limón 24 Piezas,$85.99,$89.00
Botanas,Doritos Nachos Sabritas Pack 10 Piezas,$157.74,$166.10
Botanas,Palomitas Act II Sabor Mantequilla 3 Piezas,$40.13,$41.80
Botanas,Botana Cruji-Enchilado Esnafer 700 Gr,$53.44,$56.30
Botanas,Pack Surtido De Cheetos 30 Piezas,$331.90,$331.90
Botanas,Botana Cacahuate Enchilado Esnafer 1 Kg,$68.43,$71.00
Botanas,Pack De Mini Takis Fuego 25 Piezas,$177.23,$196.10
Botanas,Botana Cacahuate Salado Esnafer 1 Kilo,$68.25,$70.90
Botanas,Fritura Totis Donitas Sal Y Limón 25 Piezas,$43.12,$44.80
Botanas,Botana Mixta Esnafer 900 Gr,$65.88,$68.50
Botanas,Botana Haba Enchilada Esnafer 900 gr,$76.19,$79.10
Botanas,Fritos Sabor Chorizo Y Chipotle 10 Piezas,$69.75,$80.20
Botanas,Bolsa de Cacahuate Japonés Nishikawa,$358.90,$358.90
Botanas,Churros Vikingos Con Ajonjolí 900 Gr,$83.08,$90.30
Botanas,Botana Nat-chitos Salsas Negras Naturasol 60g,$10.00,$10.00
Botanas,Churros Vikingos Chile Y Limón 800 Gr,$72.65,$79.00
Botanas,Chicharrón Artesanal Vikingos 450 Gr,$58.31,$60.00
"Cervezas, Coolers, Vinos y Licores",Cerveza Oscura Victoria Latón 473 Ml,$19.38,$21.60
"Cervezas, Coolers, Vinos y Licores",Cerveza Clara Modelo Especial 473 Ml,$490.00,$22.70
"Cervezas, Coolers, Vinos y Licores",Cerveza Oscura Victoria Mega 1.2 L,$470.00,$43.60
"Cervezas, Coolers, Vinos y Licores",Bebida Alcohólica El Jimador New-Mix Paloma 473 Ml,$613.00,$27.20
"Cervezas, Coolers, Vinos y Licores",Bebida Alcohólica El Jimador New-Mix Vampiro 473 Ml,$25.54,$27.20
"Cervezas, Coolers, Vinos y Licores",Cerveza Corona Mega 1.2 L,$470.00,$43.60
"Cervezas, Coolers, Vinos y Licores",Aguardiente Caña de Oro 600 ml,$440.00,$19.30
"Cervezas, Coolers, Vinos y Licores",Bebida Alcohólica Preparada Viña Real Sabor Durazno 400 Ml,$20.94,$23.10
"Cervezas, Coolers, Vinos y Licores",Caribe Cooler Sabor Durazno 300 Ml,$16.75,$17.20
"Cervezas, Coolers, Vinos y Licores",Bebida Alcohólica Preparada Viña Real Sabor Fresa Sandia 400 Ml,$20.94,$23.10
"Cervezas, Coolers, Vinos y Licores",Caribe Cooler Sabor Fresa 300 Ml,$16.75,$17.20
"Cervezas, Coolers, Vinos y Licores",Caribe Cooler Sabor Manzana Kiwi 300 Ml,$16.75,$17.20
"Cervezas, Coolers, Vinos y Licores",Bebida Alcohólica Preparada Viña Real Sabor Blueberry 400 Ml,$20.94,$23.10
"Cervezas, Coolers, Vinos y Licores",Skyy Blue Citrus 275 Ml,$21.67,$24.10
"Cervezas, Coolers, Vinos y Licores",Caribe Cooler Sabor Mango Piña 300 Ml,$16.75,$17.20
"Cervezas, Coolers, Vinos y Licores",Cerveza Victoria Lata 710 ml,$361.00,$31.10
"Cervezas, Coolers, Vinos y Licores",Cerveza Sol Clamato latón 473 ml,$453.00,$21.00
"Cervezas, Coolers, Vinos y Licores",Bebida Alcohólica Preparada Viña Real Sabor Piña Colada 400 Ml,$20.94,$23.10
"Cervezas, Coolers, Vinos y Licores",Skyy Appletini Manzana Verde 275 Ml,$21.67,$24.10
"Cervezas, Coolers, Vinos y Licores",Licor de Caña Huasteco Imperial 440 ml,$234.00,$10.40
"Cervezas, Coolers, Vinos y Licores",Brandy Presidente 200 ml,$38.58,$42.00
"Cervezas, Coolers, Vinos y Licores",Destilado de Agave Rancho Escondido 750 ml,$50.50,$58.00
"Cervezas, Coolers, Vinos y Licores",Cerveza Heineken 0 Alcohol Lata 355 ml,$366.10,$16.80
"Cervezas, Coolers, Vinos y Licores",Cerveza Clara Corona Latón 473 Ml,$473.00,$21.90
"Cervezas, Coolers, Vinos y Licores",Cerveza Tecate Latón 473 ml,$349.00,$16.60
"Cervezas, Coolers, Vinos y Licores",Bebida Alcohólica Preparada Viña Real Sabor Durazno 2 L,$93.83,$98.80
"Cervezas, Coolers, Vinos y Licores",Ron Bacardí Blanco Anfora 200 ml,$53.02,$54.70
"Cervezas, Coolers, Vinos y Licores",Licor de Caña Huasteco Imperial 960 ml,$19.50,$20.80
"Cervezas, Coolers, Vinos y Licores",Anís Mico Dulce Ánfora 250 ml,$44.01,$48.90
"Cervezas, Coolers, Vinos y Licores",Cerveza Indio Latón 473 ml,$343.00,$16.30
"Cervezas, Coolers, Vinos y Licores",Brandy Don Pedro 200 ml,$43.97,$47.80
"Cervezas, Coolers, Vinos y Licores",Bebida Alcohólica Preparada Kool Sabor Blueberry Lata 355 ml,$18.84,$19.30
"Cervezas, Coolers, Vinos y Licores",Destilado de Agave El Jefe 1 L,$46.23,$49.20
"Cervezas, Coolers, Vinos y Licores",Cerveza Corona Extra Retornable vidrio 355 ml,$374.90,$17.40
"Cervezas, Coolers, Vinos y Licores",Azulito con Vodka Mr. Blue 473 ml,$18.94,$21.80
"Cervezas, Coolers, Vinos y Licores",Cerveza Heineken Latón 473 ml,$21.83,$24.30
"Cervezas, Coolers, Vinos y Licores",Aguardiente Caña de Oro 1.15L,$36.25,$38.20
"Cervezas, Coolers, Vinos y Licores",Licor de Caña Huasteco Imperial 600 ml,$16.70,$17.80
"Cervezas, Coolers, Vinos y Licores",Cerveza Barrilito Pack 6 Botellas 325 Ml c/u,$65.00,$72.30
"Cervezas, Coolers, Vinos y Licores",Cerveza Victoria,$374.90,$17.40
"Cervezas, Coolers, Vinos y Licores",Vodka Zaverich botella 1L,$98.49,$104.80
"Cervezas, Coolers, Vinos y Licores",Bebida Alcohólica Preparada Viña Real Sabor Blueberry 2 L,$93.83,$98.80
"Cervezas, Coolers, Vinos y Licores",Ron Bacardí Blanco Botella 980 ml,$206.16,$210.40
"Cervezas, Coolers, Vinos y Licores",Destilado de Agave El Compadre 750 ml,$51.03,$54.30
"Cervezas, Coolers, Vinos y Licores",Cerveza XX Lager Latón 473ml,$17.50,$19.30
"Cervezas, Coolers, Vinos y Licores",Tequila José Cuervo Especial Botella 990 ml,$195.45,$205.80
"Cervezas, Coolers, Vinos y Licores",Brandy Presidente 500 ml,$94.26,$102.50
"Cervezas, Coolers, Vinos y Licores",Licor Real De Caña 600 ml,$15.04,$16.00
"Cervezas, Coolers, Vinos y Licores",Ron Bacardí Añejo Anfora 200 ml,$55.83,$58.20
"Cervezas, Coolers, Vinos y Licores",Cerveza Clara Modelo 355 Ml,$17.08,$19.00
"Cervezas, Coolers, Vinos y Licores",Bebida Alcohólica Preparada Kool Sabor Durazno Lata 355 ml,$18.84,$19.30
"Cervezas, Coolers, Vinos y Licores",Licor Gran Relicario Agave,$45.12,$47.00
"Cervezas, Coolers, Vinos y Licores",Brandy Presidente 900 ml,$155.97,$169.60
"Cervezas, Coolers, Vinos y Licores",Ron Bacardí Blanco Botella 700 ml,$176.90,$180.60
"Cervezas, Coolers, Vinos y Licores",Cerveza Tecate Original Lata 710 ml,$32.10,$32.10
"Cervezas, Coolers, Vinos y Licores",Brandy Torres 10 700 ml,$277.39,$283.10
"Cervezas, Coolers, Vinos y Licores",Rompope Coronado Botella 900 ml,$183.18,$188.90
"Cervezas, Coolers, Vinos y Licores",Brandy Torres 5 700 ml,$224.28,$228.90
"Cervezas, Coolers, Vinos y Licores",Tequila Cabrito Reposado Botella 950 ml + Pacha 250 ml,$176.90,$182.40
"Cervezas, Coolers, Vinos y Licores",Vodka Oso Negro botella 1L,$99.99,$105.30
"Cervezas, Coolers, Vinos y Licores",Whisky Johnnie Walker Red Label 700 ml,$266.05,$295.20
"Cervezas, Coolers, Vinos y Licores",Jerez Tres Coronas Bote 4 L,$180.60,$200.70
"Cervezas, Coolers, Vinos y Licores",Ron Bacardí Blanco Botella 375 ml,$110.16,$113.60
"Cervezas, Coolers, Vinos y Licores",Vodka Zaverich botella 1.750 L,$162.82,$173.20
"Cervezas, Coolers, Vinos y Licores",Tequila Gran Centenario Reposado Botella 950 ml,$312.98,$318.20
"Cervezas, Coolers, Vinos y Licores",Brandy Presidente 700 ml,$139.22,$151.40
"Cervezas, Coolers, Vinos y Licores",Brandy Azteca de Oro 700 ml,$190.51,$196.50
"Cervezas, Coolers, Vinos y Licores",Whisky William Lawsons 700ml,$180.24,$185.90
"Cervezas, Coolers, Vinos y Licores",Vino Tinto California Brick 946 ml,$73.38,$81.60
"Cervezas, Coolers, Vinos y Licores",Tequila Centenario Azul Reposado Botella 950 ml,$221.57,$230.30
"Cervezas, Coolers, Vinos y Licores",Tequila José Cuervo Especial Botella 695 ml,$153.48,$161.60
"Cervezas, Coolers, Vinos y Licores",Ron Bacardí Blanco Botella 1750 ml,$381.02,$388.80
"Cervezas, Coolers, Vinos y Licores",Whisky Mc Andrews 750 ml + Pacha 200 ml,$166.48,$177.10
"Cervezas, Coolers, Vinos y Licores",Tequila José Cuervo Tradicional Reposado Botella 950 ml,$376.83,$396.70
"Cervezas, Coolers, Vinos y Licores",Whisky Black & White 700 ml,$236.91,$262.00
"Cervezas, Coolers, Vinos y Licores",Destilado de Agave Rancho Escondido Patona 3 L,$190.78,$200.90
"Cervezas, Coolers, Vinos y Licores",Licor de Agave Tlatoani Sello Rojo 1 L,$40.08,$42.60
"Cervezas, Coolers, Vinos y Licores",Destilado de Caña el Mezcalito botella 440 ml,$17.91,$18.30
"Cervezas, Coolers, Vinos y Licores",Destilado de Caña el Mezcalito botella 960 ml,$29.66,$31.60
"Cervezas, Coolers, Vinos y Licores",Vodka Zaverich Raspberry 1 L,$78.83,$78.83
"Cervezas, Coolers, Vinos y Licores",Tequila Viuda de Romero Reposado Botella 1 L,$177.99,$183.50
"Cervezas, Coolers, Vinos y Licores",Ron Bacardí Añejo Botella 980 ml,$292.04,$298.10
"Cervezas, Coolers, Vinos y Licores",Destilado de Agave Rancho Escondido 1.75 L,$130.98,$135.10
"Cervezas, Coolers, Vinos y Licores",Tequila José Cuervo Tradicional Botella 695 ml,$328.49,$345.80
"Cervezas, Coolers, Vinos y Licores",Tequila Gran Centenario Plata Botella 700 ml,$287.86,$303.10
"Cervezas, Coolers, Vinos y Licores",Whisky Mc Andrews Patona 1.75L,$149.92,$149.92
Alimentos Congelados y Refrigerados,Gelatina Dany Danone Sabor Uva 125 gr,$6.60,$7.80
Alimentos Congelados y Refrigerados,Gelatina Dany Danone Sabor Fresa 125 gr,$6.60,$7.80
Alimentos Congelados y Refrigerados,Gelatina Dany Danone Sabor Piña 125 gr,$6.60,$7.80
Alimentos Congelados y Refrigerados,Gelatina Dany Danone Sabor Limón 125 gr,$6.60,$7.80
Alimentos Congelados y Refrigerados,Pack de Flan Danette Danone 6 pzas,$40.79,$46.40
Alimentos Congelados y Refrigerados,Gelatina Dany Danone Sabor Mandarina 125 gr,$6.60,$7.80
Alimentos Congelados y Refrigerados,Maíz Precocido Pozolero Rey Santiago 1kg.,$21.50,$28.50
Alimentos Congelados y Refrigerados,Pack de Gelatina Dany Danone 6 pzas Sabor Limón y Fresa,$30.00,$33.40
Alimentos Congelados y Refrigerados,Gelatina Dany Danone Puuch Sabor Fresa 125 gr,$11.13,$12.00
Alimentos Congelados y Refrigerados,Café Capuccino Olé Clásico Frasco 281 ml,$29.25,$34.50
Alimentos Congelados y Refrigerados,Arroz con Leche Lala 125 gr.,$11.29,$13.30
Alimentos Congelados y Refrigerados,Gelatina Dany Danone Puuch Sabor Limón 125 gr,$11.13,$12.00
Alimentos Congelados y Refrigerados,Café Moka Olé Frasco 291 ml,$29.25,$34.50
Alimentos Congelados y Refrigerados,Café Capuccino Olé Vainilla Frasco 281 ml,$29.25,$34.50
Alimentos Congelados y Refrigerados,Flan Danette Danone 100 gr,$9.05,$9.90
Alimentos Congelados y Refrigerados,Gelatina de Leche Danette Danone Sabor Fresa 100 gr,$10.29,$11.20
Alimentos Congelados y Refrigerados,Gelatina de Leche Danette Danone Sabor Vainilla 100 gr,$10.29,$11.20
Alimentos Congelados y Refrigerados,Flan Art Sabor Vainilla 240 gr,$18.98,$22.00
Alimentos Congelados y Refrigerados,Pack Congelada BonIce BonIcessote Chingon3s con 4 piezas de 100 ml c/u,$23.91,$25.10
Tortillas y Tostadas,Tostadas Charras Amarillas 280g,$29.86,$32.20
Tortillas y Tostadas,Tostadas de Maíz Fiesta Charra Bolsa 250 gr,$29.03,$34.20
Tortillas y Tostadas,Bolsa de Tostadas Milpa Real Onduladas 360gr,$33.00,$36.70
Tortillas y Tostadas,TOSTADAS DEL BARRIO 18-300 GR,$24.03,$27.00
Tortillas y Tostadas,Tortillas de Harína Tortillinas Tía Rosa 24 Pzas 612 gr.,$38.90,$43.40
Tortillas y Tostadas,Tortillas de Harina El Edén 1kg,$44.60,$44.60
Tortillas y Tostadas,Bolsa de Totopos Charras Cruji Nachos 1kg,$64.67,$71.90
Conveniencia,Palomitas Act II Sabor Extra Mantequilla 80 Gr,$14.00,$14.00
Conveniencia,REFRESCO COCA COLA REGULAR PET 12-355 ML (CONV),$13.00,$13.00
Conveniencia,Palomitas Act II Sabor Mantequilla 80 Gr,$14.00,$14.00
Conveniencia,Palomitas Act II Sabor Natural,$14.00,$14.00
Conveniencia,Agua Bonafont Natural 750 Ml,$13.00,$13.00
Conveniencia,Papas Pringles Sabor A Crema Y Cebolla 40 Gr,$18.00,$18.00
Conveniencia,Jugo Boing Sabor Mango 354 Ml,$20.30,$20.30
Conveniencia,Jugo Boing Sabor Guayaba 354 Ml,$20.30,$20.30
Conveniencia,Papas Pringles Sabor Original 40 Gr,$18.00,$18.00
Conveniencia,Refresco Coca-Cola Original 235 Ml,$14.00,$14.00
Conveniencia,Fritura Los Artesanales Parios 60 Gr,$12.20,$12.20
Conveniencia,Refresco Sabor Sangría Casera 400 Ml,$13.60,$13.60
Conveniencia,Jugo Sabor Durazno Jumex Lata 355 ml,$14.00,$14.00
Conveniencia,Palomitas Act II Sabor Chile Y Limón 50 Gr,$20.40,$20.40
Conveniencia,Jugo Sabor Manzana Jumex Lata 355 ml,$14.00,$14.00
Conveniencia,Palomitas Con Sal Parios 65 Gr,$11.60,$11.60
Conveniencia,Refresco Tehuacán Brillante Sabor Sangría 600 Ml,$14.50,$14.50
Conveniencia,Palomitas Act II Sabor Caramelo 95 Gr,$20.40,$20.40
Conveniencia,Barra De Chocolate Hershey's Cookies N Creme 43 Gr,$23.60,$23.60
Conveniencia,Palomitas de Maíz Act II Sabor Queso Bolsa 45 gr.,$21.10,$21.10
Conveniencia,Surtido De Botana Habibi Estilo Libanés 100 Gr,$16.80,$16.80
Conveniencia,REFRESCO TEHUACAN NARANJADA 12-600 ML (CONV),$15.90,$15.90
Conveniencia,Refresco Tehuacán Brillante Sabor Limonada 600 Ml,$15.90,$15.90
Conveniencia,Pelon Pelonetes 65 gr,$19.00,$19.00
Conveniencia,Refresco Tehuacán Brillante Sabor Toronja 600 Ml,$14.50,$14.50
Conveniencia,Refresco Tehuacán Brillante Sabor Manzana 600 Ml,$14.50,$14.50
Conveniencia,Chocolate Kit Kat 41.5 gr,$20.60,$20.60
Conveniencia,Cacahuate Japones Guamazo 160 Gr,$14.50,$14.50
Conveniencia,Agua Mineral Tehuacán Brillante 600 Ml,$15.00,$15.00
Conveniencia,Frituras Revoltones Parios 75 Gr,$11.60,$11.60
Conveniencia,Chocolate Con Leche M&M's Con Cacahuate 44.3 Gr,$22.80,$22.80
Conveniencia,Chicharrón De Rueda Parios 65 Gr,$11.10,$11.10
Conveniencia,Mega Huevo Sorpresa Paw Patrol,$41.80,$41.80
Conveniencia,Cacahuate Habibi Estilo Japonés 180 Gr,$17.50,$17.50
Conveniencia,Salami Zwan Peperami Original 23 Gr,$15.00,$15.00
Conveniencia,Salami Zwan Peperami Hot 23 Gr,$15.00,$15.00
Conveniencia,Barra De Chocolate Snickers 48 Gr,$16.30,$16.30
Conveniencia,Agua Natural Tehuacán Botella 1.5 L,$12.60,$12.60
Conveniencia,Chocolate MilkyWay 2 Pack,$34.30,$34.30
Cremería y Salchichonería,Crema Acida Alpura 200 Ml,$16.00,$17.30
Cremería y Salchichonería,Crema Acida Alpura 426 ml,$32.40,$34.90
Cremería y Salchichonería,Mantequilla Iberia 4 en 1 Sin Sal 90 gr,$8.30,$9.30
Cremería y Salchichonería,Yoghurt Batido Alpura Sabor Manzana 125 Gr,$6.59,$7.10
Cremería y Salchichonería,Yoghurt Batido Alpura Sabor Fresa 125 Gr,$6.59,$7.10
Cremería y Salchichonería,Yoghurt Para Beber Danup Fresa de 220 gr,$13.00,$14.80
Cremería y Salchichonería,Yoghurt Para Beber Danup Piña Coco de 220 gr,$13.00,$14.80
Cremería y Salchichonería,Yakult 80 ml,$218.00,$8.20
Cremería y Salchichonería,Pieza de Queso Doble Crema Chilchota 1 KG,$118.00,$118.00
Cremería y Salchichonería,Queso Crema Philadelphia 180g,$37.02,$39.00
Cremería y Salchichonería,Yoghurt Batido Alpura Sabor Zarzamora 125 Gr,$6.59,$7.10
Cremería y Salchichonería,Jamón de Pavo Galicia (3.8 Kg),$96.80,
Cremería y Salchichonería,Yoghurt Para Beber Activia Ciruela Pasa de 225 gr,$15.33,$17.50
Cremería y Salchichonería,Paquete de Queso AmarilloCastell 1.8 KG,$92.68,$98.60
Cremería y Salchichonería,Yoghurt Para Beber Danup Qkis de 220 gr,$13.00,$14.80
Cremería y Salchichonería,Mantequilla Iberia 4 en 1 Sin Sal 225 gr,$24.33,$26.00
Cremería y Salchichonería,Queso Tipo Panela Durangueño (1.8 Kg),$111.00,
Cremería y Salchichonería,Yoghurt Danone Mix Fresa Choco Arroz de 130 gr,$12.00,$12.70
Cremería y Salchichonería,Salchicha de Pavo Fud por Kilo (2.16kg),$56.00,
Cremería y Salchichonería,Barra de Mantequilla Chipilo de 90 Gr,$15.83,$17.40
Cremería y Salchichonería,Yoghurt Para Beber Bio 4 Natural Lala 100 gr,$7.95,$9.00
Cremería y Salchichonería,Yogurt Oikos Griego Con Fresa 125Gr,$14.24,$14.90
Cremería y Salchichonería,Yogurt Yoplait GRIEGO Natural Bajo En Grasa 145gr,$12.53,$13.50
Cremería y Salchichonería,Yoghurt Danone Mix Manzana Cereal de 130 gr,$12.00,$12.70
Cremería y Salchichonería,Yoghurt Danonino Lunch Sabor Fresa 70 gr,$12.93,$13.70
Cremería y Salchichonería,Queso Canasto Durangueño Chilchota Por KG,$114.30,
Cremería y Salchichonería,Yoghurt Bebible Alpura Sabor Fresa 220 gr.,$11.47,$12.80
Cremería y Salchichonería,Queso Manchego Nochebuena (4 Kg),$166.70,
Cremería y Salchichonería,Mandolina Jamón de Pierna Fud (6 Kg),$103.70,
Cremería y Salchichonería,Yoghurt Danone Mix Fresa Azucarada de 130 gr,$12.00,$12.70
Cremería y Salchichonería,Yoghurt Bebible Alpura Sabor Manzana 220 gr.,$11.47,$12.80
Cremería y Salchichonería,Pieza de Queso Doble Crema Chilchota 500 GR.,$59.25,$59.25
Cremería y Salchichonería,"Mandolina, Jamón de Pierna Alpino (5.8 Kg)",$82.10,
Cremería y Salchichonería,Yoghurt Danonino Sabor Fresa 42 gr,$5.50,$5.90
Cremería y Salchichonería,Yoghurt Bebible Alpura Sabor Durazno 220 gr.,$11.47,$12.80
Cremería y Salchichonería,Yogurt Oikos Griego Sabor Natural 125Gr,$14.24,$14.90
Cremería y Salchichonería,Margarina Pimavera Chantilly 190gr,$33.46,$37.00
Cremería y Salchichonería,Yogurt Oikos Griego Con Coco Rayado 125Gr,$14.24,$14.90
Cremería y Salchichonería,TOCINO CARNUDO LA BARCA 1-1 KG (3.5),$121.20,
Cremería y Salchichonería,Yoghurt Para Beber Activia Fresa de 225 gr,$15.33,$17.50
Cremería y Salchichonería,Yoghurt Bebible Alpura Sabor Piña Coco 250 Gr,$11.47,$12.80
Cremería y Salchichonería,Tocino Especial Ahumado La Barca (3.5 Kg),$106.10,
Cremería y Salchichonería,Queso Manchego Caperucita (5.2 Kg),$149.80,
Cremería y Salchichonería,Queso Tipo Panela Franja (2.2),$79.40,
Cremería y Salchichonería,Sachicha Frankfurt de Pavo Alpino (2.4 Kg),$47.60,
Cremería y Salchichonería,Queso de Puerco Galicia (3.8 Kg),$91.50,
Cremería y Salchichonería,Queso de Puerco Rebanado Galicia 1 Kg,$88.80,$91.50
Cremería y Salchichonería,Pieza de Queso Tipo Americano Del Rancho 126 GR,$10.35,$11.50
Cremería y Salchichonería,Crema Acida Alpura 900 Ml,$68.33,$73.50
Cremería y Salchichonería,Yoghurt Para Beber Danone Fresa de 220 gr,$11.88,$13.50
Cremería y Salchichonería,Sachicha Viena Viva por Kilo (3kg),$46.00,
Cremería y Salchichonería,Yoghurt Para Beber Danup Fresa de 350 gr,$17.82,$18.80
Cremería y Salchichonería,Bolsa Queso Liquido para Nachos De 1 KG,$28.00,$29.80
Cremería y Salchichonería,Pieza de Queso Doble Crema Lagunero 1 KG,$100.45,$100.45
Cremería y Salchichonería,Yogurt Oikos Griego Con Arándanos 125Gr,$14.24,$14.90
Cremería y Salchichonería,Queso rallado bolsa 1.1Kg,$48.50,
Cremería y Salchichonería,Yogurt Batido Yoplait Natural Endulzado 145gr,$7.71,$8.40
Cremería y Salchichonería,Yoghurt Danonino Jirafa Sabor Fresa 170 gr,$9.42,$10.30
Cremería y Salchichonería,Yoghurt Para Beber Danup Piña Coco de 350 gr,$17.82,$18.80
Cremería y Salchichonería,Yoghurt Para Beber Danone Manzana de 220 gr,$11.88,$13.50
Cremería y Salchichonería,Jamón Virginia Galicia por kg,$84.60,
Cremería y Salchichonería,Crema vegetal Pasteurizada Gina Bolsa con 1 kg,$26.00,$27.70
Cremería y Salchichonería,Yoghurt para Beber Alpura Sabor Fresa Mora 220 gr.,$11.47,$12.80
Cremería y Salchichonería,Bolsa de Queso Rallado El Edén de 1KG,$40.50,$45.40
Cremería y Salchichonería,"Yoghurt Con Cerealitos Lala Sabor Fresa de 100 gr,",$12.29,$14.00
Cremería y Salchichonería,Jamón de Pavo Virginia FUD,$132.30,
Cremería y Salchichonería,Pieza de Queso Doble Crema Durangueño,$102.68,$102.68
Cremería y Salchichonería,Yoghurt Para Beber Danone Durazno de 220 gr,$11.88,$13.50
Cremería y Salchichonería,Queso Manchego Zwan Premiun Por KG,$142.20,
Cremería y Salchichonería,Yoghurt Lala Sabor Fresa de 100 gr con Cereal de Chocolate,$12.29,$14.00
Cremería y Salchichonería,Sachicha de Pavo Any (2.5 kg),$40.00,
Cremería y Salchichonería,Yoghurt para Beber Lala Manzana 220 gr.,$11.17,$12.70
Cremería y Salchichonería,Yoghurt para Beber Lala Durazno 220 gr.,$11.17,$12.70
Cremería y Salchichonería,Yoghurt para Beber Lala Fresa - Moras 220 gr.,$11.17,$12.70
Cremería y Salchichonería,"Mandolina, Jamón De Pierna Horneado Galicia (6.4 Kg)",$103.00,
Cremería y Salchichonería,Crema batida Chantilly 1kg,$50.00,$61.00
Cremería y Salchichonería,Queso Panela Los Volcanes,$173.00,$173.00
Cremería y Salchichonería,Queso Oaxaca Don Oaxaca Mini (1 Kg),$99.00,
Cremería y Salchichonería,Queso Tipo Panela Mini Franja (1 Kg),$76.10,
Cremería y Salchichonería,Longaniza Galicia pieza (2.9 Kg),$86.40,
Cremería y Salchichonería,Queso Oaxaca Don Oaxaca (2.8 Kg),$99.00,
Cremería y Salchichonería,Crema Ácida Lala Bote con 3.92 kg,$230.00,$230.00
Cremería y Salchichonería,Yoghurt Yoplait Batido Griego Natural 1 Kg,$68.67,$68.67
Cremería y Salchichonería,Jamón de Cerdo Tipo Americano Los Manantiales,$96.00,
Cremería y Salchichonería,Mandolina de Jamón Americano Galy (6.5 Kg),$82.90,
Cremería y Salchichonería,Queso Canasto Mini Chilchota (9 Kg),$128.00,
Cremería y Salchichonería,Queso de Puerco DKAR (4.2 Kg),$88.50,
Cremería y Salchichonería,Queso Oaxaca Calderón (3.1 Kg),$127.90,
Cremería y Salchichonería,Queso de Puerco Fud (3.8 Kg),$120.50,
Cremería y Salchichonería,Sachicha de Pavo Premium San Antonio por Kilo (2.5 kg),$48.70,
Cremería y Salchichonería,Jamón de Pavo Virginia Alpino (3.2 Kg),$123.00,
Cremería y Salchichonería,Jamón Cocido de Pavo y Cerdo San Antonio,$56.20,
Cremería y Salchichonería,Yoghurt para Beber Bonyur Sabor Fresa de 450 gr,$13.19,$14.60
Cremería y Salchichonería,Pierna Española Manantiales (3.5 Kg),$111.30,
Cremería y Salchichonería,Queso Oaxaca Mini Cataviña Por KG,$147.80,
Cremería y Salchichonería,Yogurt Batido Yoplait Natural Endulzado 1kg,$46.60,$46.60
Cremería y Salchichonería,Mortadela Duby (5.9 Kg),$47.50,
Cremería y Salchichonería,Queso Tipo Panela Cataviña Por KG (3),$120.60,
Cremería y Salchichonería,Queso Mozzarella para Pizza Saucito (2.5 Kg),$101.90,
Cremería y Salchichonería,Queso De Puerco Mi Buen (4.2 Kg),$78.90,
Cremería y Salchichonería,Salchicha para Hot Dog San Millan por Kilo (2.5kg),$29.00,
Cremería y Salchichonería,Jamón de Pierna de Cerdo horneado Nutri Deli,$80.50,
Cremería y Salchichonería,Salchicha para Hot Dog Nutri Deli por Kilo (3kg),$42.50,
Cremería y Salchichonería,Yoghurt Yoplait Griego sabor Coco 145g,$11.87,$12.80
Cremería y Salchichonería,Longaniza Vanesa por kilo,$65.90,
Cremería y Salchichonería,Jamón Eco de Cerdo Galy (4.8 Kg),$61.90,
Cremería y Salchichonería,Queso Estilo Mozzarella Alpino Por KG,$106.00,
Cremería y Salchichonería,Chorizo Boloña,$106.50,
Cremería y Salchichonería,Queso Oaxaca Vanesa peso promedio por pieza 2kg,$115.50,
Cremería y Salchichonería,Paquete de Jamón de Pavo Rebanado Fud con 450 gr,$89.00,$95.60
Cremería y Salchichonería,Paquete de Sachicha Frankfurt de Pavo Alpino 1 kg,$51.90,$51.90
Cremería y Salchichonería,Salchicha de Pavo Frankfurt Chimex 32 Pzas. (2 Kg),$53.90,
Cremería y Salchichonería,Paquete de Queso Amarillo Del Rancho 1.8kg,$102.00,$113.40
Cremería y Salchichonería,Pepperoni Galicia (1 Kg),$112.00,
Cremería y Salchichonería,Queso Estilo Sierra Premier Delicias,$57.90,
Cremería y Salchichonería,Queso Panela Calderón Por KG,$114.90,
Cremería y Salchichonería,Queso Gouda ZWAN Por KG,$150.00,
Cremería y Salchichonería,Jamón de Pierna Mandolina Galy Por Kg,$77.00,
Cremería y Salchichonería,JAMÓN (RECORTE),$42.00,
Cremería y Salchichonería,Paquete de Chistorra Galicia 250 gr.,$32.30,$32.30
Cremería y Salchichonería,Yogurt Casa Blanca Sabor Fresa 4kg,$90.00,$90.00
Cremería y Salchichonería,Chorizo Vanesa por Kilo,$65.90,
Cremería y Salchichonería,Queso Manchego La Villita (3.3 Kg),$178.60,
Cremería y Salchichonería,Yogurt Casa Blanca Sabor Durazno 4Kg,$90.00,$90.00
Cremería y Salchichonería,Yoghurt Lala con Fresa Bote con 900 gr,$47.52,$54.00
Cremería y Salchichonería,Yoghurt Lala con Durazno Bote con 900 gr,$47.52,$54.00
Cremería y Salchichonería,Queso Gouda Quesadilla Bafar (3.1 Kg),$137.20,
Dulcería,Caja de Mazapan Gigante De La Rosa 20 Pzas de 50 grc/u,$95.72,$100.80
Dulcería,Cuadreta de Pastillas Halls Miel 12 pzas,$63.98,$65.60
Dulcería,Caja de Mazapan Grande De La Rosa 30 Pzas de 28 grc/u,$83.05,$87.50
Dulcería,Chicles Orbit 4s Menta 40 pzas Exhibidor,$86.00,$87.80
Dulcería,Pastillas Halls Negras Extra Strong pack con 12 pzas,$63.98,$65.60
Dulcería,Caja de Chicle Trident White 4s Menta 40 pzas,$77.40,$81.50
Dulcería,Chicles Orbit 4s Polar Mint 40 pzas Exhibidor,$86.00,$87.80
Dulcería,Chicles Orbit 4s Hierba Buena 40 pzas Exhibidor,$86.00,$87.80
Dulcería,Caja de Chicle Trident White 4s Yerbabuena 40 pzas,$77.40,$81.50
Dulcería,Tira de Paleta Tutsi chupa Pop con 24 pzas,$90.41,$92.90
Dulcería,Bolsa de Pasitas con Chocolate Laposse 45 gr.,$12.25,$13.10
Dulcería,Bolsa de Paleta Tarrito Vero con 40 pzas 640 gr,$66.23,$68.50
Dulcería,Caja de Chocolate Kit Kat con 9 pzas,$139.70,$140.90
Dulcería,Chocolate Relleno MilkyWay Pack De 6 Piezas,$92.00,$94.00
Dulcería,Caja de Huevo Kinder Sorpresa Niña 8pzas,$165.21,$169.10
Dulcería,Bolsa de Paleta Rockaleta con 18 pzas,$111.64,$115.20
Dulcería,Display Freskas 9 pzas de 35 gr c/u,$119.39,$121.70
Dulcería,Bolsa de Chocolate Carlos V Semi Amargo Nestlé 16 pzas de 2o gr c/u,$120.34,$121.80
Dulcería,Display Canels Surtido 60 Pzas,$43.06,$44.80
Dulcería,Cuadreta de Pastillas Halls Cereza 12 pzas,$63.98,$65.60
Dulcería,Chicles Orbit 4s Fresa 40 pzas Exhibidor,$86.00,$87.80
Dulcería,Bolsa de Caramelo Suave Aciduladito con Chile de La Rosa 100 pzas,$45.87,$48.30
Dulcería,Bolsa de Paleta Sandibrocha Rellena Vero con 40 pzas,$58.80,$60.30
Dulcería,Caja de Chicle Bubbaloo Sabor Fresa 47 pzas,$36.00,$37.70
Dulcería,Bolsa de Paleta Tutsi Pop con 24 pzas,$84.69,$86.40
Dulcería,Bolsa de Paleta Bubbaloo Xtreme Mora Azul con 20 pzaz,$73.48,$76.00
Dulcería,Chocolate Larín Almendras 10 pzas de 24 gr c/u,$122.45,$125.40
Dulcería,Caja de Chicle Trident White 4s Mora Azul 40 pzas,$77.40,$81.50
Dulcería,Bolsa de Paleta Pintazul Vero con 48 pzas,$66.43,$68.60
Dulcería,Chocolate Larín Nuez 10 pzas de 24 gr c/u,$122.45,$125.40
Dulcería,Bolsa de Pelón Pelo Rico Tamarindo 30 gr,$70.35,$75.00
Dulcería,Bolsa de Paleta Bubbaloo Xtreme Fresa con 20 pzaz,$73.48,$76.00
Dulcería,Caja de Chicle Trident White 4s Fresa Salvaje 40 pzas,$77.40,$81.50
Dulcería,Chocolate Larín Avellana 10 pzas de 24 gr c/u,$122.45,$125.40
Dulcería,Pack de Crayón Sabor Surtido 10 pzas 280 gr,$80.49,$85.40
Dulcería,Caja de Chicle Bubbaloo Sabor Menta 47 pzas,$36.00,$37.70
Dulcería,Caja de Chicle Trident Xtra Care Menta 32 -12 pzas,$78.57,$79.90
Dulcería,Skwinkles salsagheti Sandía Exhibidor 12 pzas,$87.61,$92.80
Dulcería,Bote de Conejo de Chocolate Turin 30 pzas,$280.63,$280.63
Dulcería,Lucas Panzón Acidito Sandía Chamoy 10 pzas,$81.19,$88.10
Dulcería,Surtido De Chocolates Variety Pack 14 Piezas,$193.88,$193.88
Dulcería,Caja de Chicle Bubbaloo Sabor Platano 47 pzas,$36.00,$37.70
Dulcería,Chicles Trident 4s Pastilla Freshmint Caja con 40 Pzas.,$84.19,$90.00
Dulcería,Caja De Bombones Cubiertos con Chocolate Bianchi 50 pzas,$75.82,$79.90
Dulcería,Bolsa De Bombones Super Gigante Bianchi 840 gr,$68.54,$71.30
Dulcería,Gomitas Aciditas Sabor Mora Azul Icee Mini Jelly Beans 50 gr.,$79.83,$82.30
Dulcería,Bolsa de chocolate Carlos V Pack de Reyes 15 pzas,$144.60,$147.60
Dulcería,Caja de Huevo Kinder Sorpresa Niño 8pzas,$165.21,$169.10
Dulcería,Bolsa de Caramelo Súper Natilla Montés 100 pzas,$65.92,$68.60
Dulcería,Caja de Huevo Kinder Sorpresa Niña 8pzas,$165.21,$169.10
Dulcería,Chicle Rockaleta Bola Sonrics Bolsa 20 Pzas,$36.90,$41.50
Dulcería,Paleta Lucas Lenwas Chile 60 Pzas,$150.64,$158.60
Dulcería,Bolsa de Dulces Ricolino Paquete Diversión 1.5 KG,$196.67,$201.40
Dulcería,Chocolate Amico Elite Sabor Avellana 390 gr.,$74.91,$76.50
Dulcería,Bolsa de Chocolates Rellenos de Licor Sabor Cereza Giselle 100 pzas,$104.25,$104.25
Dulcería,Paleta Jumbo de la Rosa sabor cereza 50 pzas,$86.06,$88.80
Dulcería,Bolsa de Dulces Piñata Surprise Sonrics 2 kg,$191.08,$195.00
Dulcería,Panditas Ricolino Clásicos 65 gr.,$19.40,$19.40
Ferretería,Foco Led Luz Blanca Eveready 8W,$16.85,$18.40
Ferretería,PILA CARBON EVEREADY AA 120-4 PZ,$35.10,$37.90
Ferretería,PILA CARBON EVEREADY AAA 72-4 PZ,$35.10,$37.90
Ferretería,Foco Led Luz Blanca Masver Light 12 W,$19.52,$23.50
Ferretería,Foco Led Luz Blanca Masver Light 20 W,$28.94,$34.50
Frutas y Verduras,Desinfectante Microdyn 15 ml,$27.00,$29.00
Frutas y Verduras,Desinfectante Microdyn 15 ml,$309.22,$330.00
Galletas y Panadería,Galletas Marías Gamesa 170 gr,$275.00,$15.30
Galletas y Panadería,Galletas Marianitas Sabor Coco La Moderna 185 gr,$10.57,$11.40
Galletas y Panadería,Galletas Oreo Regular Rollo 114 gr,$14.27,$15.50
Galletas y Panadería,Galletas Marianitas Sabor Vainilla La Moderna 185 gr,$10.57,$11.40
Galletas y Panadería,Galletas Marianitas Sabor Chocolate La Moderna 185 gr,$10.57,$11.40
Galletas y Panadería,Galletas Oreo Rollo 205 gr,$23.23,$23.90
Galletas y Panadería,Bolsa de Galletas Bombitos Gamesa 150 gr,$15.13,$17.20
Galletas y Panadería,Galletas Cremax Gamesa Sabor Crocolate Paketón con 213 gr,$23.06,$26.90
Galletas y Panadería,Galletas Marianitas Sabor Naranja La Moderna 185 gr,$10.57,$11.40
Galletas y Panadería,Galletas Ritz Nabisco 89 gr,$10.90,$10.90
Galletas y Panadería,Galletas Con Chispas De Chocolate Chokis Gamesa 57 gr,$15.34,$16.20
Galletas y Panadería,GalletasChokis Chocobase Gamesa 84 gr,$18.68,$21.30
Galletas y Panadería,Galletas Cremax Gamesa Sabor Fresa Paketón con 213 gr,$23.06,$26.90
Galletas y Panadería,Galletas emperador Gamesa combinado 109g,$16.74,$19.10
Galletas y Panadería,Pan Tostadoa Bimbo 210 gr.,$33.30,$35.80
Galletas y Panadería,Mini Barritas Marinela Sabor Fresa 67 gr,$26.76,$29.80
Galletas y Panadería,Galletas Mexicanas Cuetara 135 gr,$10.65,$11.60
Galletas y Panadería,Caja de Barritas Marinela Sabor fresa con 12 Paquetes,$36.58,$39.80
Galletas y Panadería,Mini Barritas Marinela Sabor Piña 67 gr,$26.76,$29.80
Galletas y Panadería,Bolsa de Pan Molido Clásico Bimbo Empanizador 210 gr,$27.90,$30.40
Galletas y Panadería,Barritas Marinela Sabor Piña 12 pzas,$36.58,$39.80
Galletas y Panadería,DONAS AZUCAR 1-6 PZ,$22.90,$24.90
Galletas y Panadería,DONITA ESPOLVOREADA 1-8 PZ,$22.90,$25.00
Galletas y Panadería,Pastelito Gansito 50 gr,$18.90,$20.50
Galletas y Panadería,Pan Molido Clásico Bimbo Empanizador Jumbo Bolsa 5 Kg,$319.90,$348.90
Galletas y Panadería,Galletas Chavalin Cuetara 100 gr,$15.30,$17.80
Galletas y Panadería,Caja Galletas Canelitas Marinela 12 pzas de 30 gr c/u,$36.45,$41.50
Galletas y Panadería,Galletas Canelitas Marinela 180 gr,$20.88,$23.20
Galletas y Panadería,Bolsa de Galletas de Animalitos Cuetara 5 KG,$203.00,$203.00
Galletas y Panadería,Galleta Wafer Chocolate Cuetara 570 Gr,$70.64,$70.64
Galletas y Panadería,MANTECADAS VAINILLA 1-6 PZ,$32.90,$35.50
Galletas y Panadería,Galletas Surtido Rico Gamesa 436 gr.,$53.33,$60.70
Galletas y Panadería,Pastelito Chocorroles Piña 80 gr,$22.90,$24.50
Galletas y Panadería,Pan Para Hot Dog Medias Noches Bimbo 340 gr.,$45.90,$49.40
Galletas y Panadería,Galletas Polvorones Marinela Paquete de 250 gr,$20.88,$23.20
Galletas y Panadería,Display Galletas Ritz 356 gr,$40.30,$40.30
Galletas y Panadería,Galletas Doraditas Tía Rosa,$18.90,$20.50
Galletas y Panadería,Barritas Marinela Sabor Fresa 67 gr,$15.90,$16.90
Galletas y Panadería,Galletas Príncipe 147 gr,$20.87,$23.20
Galletas y Panadería,Galletas con Chocolate Chips Ahoy Paquete 55.2 gr.,$7.77,$9.50
Galletas y Panadería,Mantecadas Bimbo Charola 625 gr,$94.90,$101.90
Galletas y Panadería,Panquecitos Bimbo Gotas de Chocolate 140 gr.,$22.90,$24.90
Galletas y Panadería,Pan para Hamburguesa Bimbollos Bimbo,$85.00,$91.80
Galletas y Panadería,BIMBUÑUELOS 1-6 PZ,$22.90,$25.00
Galletas y Panadería,ROLES CANELA 1-3 PZ,$24.90,$27.50
Galletas y Panadería,Pastelito Nito Charola 15pzas,$188.90,$204.90
Galletas y Panadería,Barritas Marinela Sabor Piña 67 gr,$15.90,$16.90
Galletas y Panadería,Pastelito Nito 62 gr,$17.90,$19.00
Galletas y Panadería,Galletas Canelitas Marinela 90 gr,$22.90,$24.90
Galletas y Panadería,Pan para Hamburguesa Bimbollos Bimbo 450 gr.,$50.90,$55.90
Galletas y Panadería,Galletas Marías Lara 170 gr,$11.38,$13.00
Galletas y Panadería,Bolsa de Galletas de Animalitos La Moderna 1KG,$56.18,$63.90
Galletas y Panadería,Pastelito Pingüinos 80 gr,$22.90,$24.50
Galletas y Panadería,Galletas Crackets Gamesa 89 gr,$12.75,$14.50
Galletas y Panadería,Panque de Nuez Bimbo 255 gr,$42.90,$44.90
Galletas y Panadería,Galletas Polvorones con Nuez La Moderna tubo con 210 gr,$14.25,$14.70
Galletas y Panadería,Pastel Irish Cake Baileys 10 Pzas,$83.91,$86.60
Galletas y Panadería,Pan Molido Empanizador Bimbo Crujiente Bolsa175 gr.,$27.90,$30.90
Galletas y Panadería,Pan Tostado Doble Fibra Bimbo 250 gr.,$36.90,$38.90
Galletas y Panadería,Galletas Crackets Gamesa 135 pzas,$15.00,$17.50
Galletas y Panadería,Caja de Galletas Oreo Lunch 410.4 gr,$56.40,$56.40
Galletas y Panadería,Pan de Caja Multigrano Bimbo Grande 615 gr.,$63.90,$68.90
Galletas y Panadería,SPONCH MARINELA 12-60 GR,$10.00,$10.00
Limpieza y Hogar,Jabón para Ropa en Polvo Roma 250 gr,$9.70,$10.60
Limpieza y Hogar,Jabón para Ropa en Polvo Roma 500 gr,$19.58,$21.30
Limpieza y Hogar,Jabón para Ropa en Polvo Roma 1 Kg,$38.10,$41.00
Limpieza y Hogar,Fabuloso Frescura Activa Antibacterial Lavanda 1 L,$22.60,$27.00
Limpieza y Hogar,Cloro Blanqueador Cloralex El Rendidor 950 ml,$172.00,$16.00
Limpieza y Hogar,Limpiador Multiusos Pinol 828 ml,$272.00,$25.80
Limpieza y Hogar,Fabuloso Frescura Activa Antibacterial lavanda 500 ml,$17.23,$19.20
Limpieza y Hogar,Encendedor Regular Tokai 25 pzas,$119.70,$119.70
Limpieza y Hogar,Fabuloso Frescura Activa Antibacterial Mar Fresco 1 L,$22.60,$27.00
Limpieza y Hogar,Cloro Blanqueador Cloralex El Rendidor 500 ml,$8.77,$10.00
Limpieza y Hogar,Fabuloso Frescura Activa Antibacterial Energía Naranja 1 L,$22.60,$27.00
Limpieza y Hogar,Multilimpiador Pinol El Original 500 ml,$15.97,$18.20
Limpieza y Hogar,Jabón De Lavandería En Barra Zote Rosa 400 Gr,$22.20,$23.40
Limpieza y Hogar,Fabuloso Frescura Activa Antibacterial Pasión de Frutas 1 L,$22.60,$27.00
Limpieza y Hogar,Detergente en polvo ARIEL doble poder 500gr,$20.58,$23.40
Limpieza y Hogar,Fabuloso Frescura Activa Antibacterial Mar Fresco 500 ml,$17.23,$19.20
Limpieza y Hogar,Detergente en Polvo para Ropa Ariel Doble Poder 250 gr,$10.69,$12.60
Limpieza y Hogar,Jabón De Lavandería En Barra Zote Rosa 200 Gr,$11.40,$12.70
Limpieza y Hogar,Detergente en Polvo para Ropa Ariel Doble Poder 850 gr,$33.20,$37.80
Limpieza y Hogar,Blanqueador Para Ropa Los patitos Concentrado 1 Litro,$12.53,$14.80
Limpieza y Hogar,Jabón en Polvo Blanca Nieves 500 gr,$18.50,$21.10
Limpieza y Hogar,Veladora Limonero Milagrosa Santo Padre vaso de vidrio,$13.40,$14.90
Limpieza y Hogar,Limpiador Multiusos Fabuloso Alternativa Al Cloro 1 L,$22.60,$27.00
Limpieza y Hogar,Jabón De Lavandería En Barra Zote Blanco 400 Gr,$22.20,$23.40
Limpieza y Hogar,Jabón en Polvo Blanca Nieves 250 gr,$9.78,$11.20
Limpieza y Hogar,Veladora San Felipe Santo Cristo,$13.03,$14.50
Limpieza y Hogar,Lavatrastes Líquido Salvo Limón 215 ml,$11.86,$13.00
Limpieza y Hogar,Jabón De Lavandería En Barra Zote Blanco 200 Gr,$11.40,$12.70
Limpieza y Hogar,Fabuloso Frescura Activa Antibacterial Fresco Amanecer 500 ml,$17.23,$19.20
Limpieza y Hogar,Lavatrastes Líquido Salvo Limón 300 ml,$16.50,$18.80
Limpieza y Hogar,Suavizante Ensueño Max Zero Enjuague Frescura Primavera 850 ml,$22.49,$25.60
Limpieza y Hogar,Lavatrastes Líquido Salvo Limón 500 ml,$26.17,$30.20
Limpieza y Hogar,Suavizante Ensueño Max Rocío de Violetas 850 ml,$22.49,$25.60
Limpieza y Hogar,Suavizante de telas Downy Concentrado 5 en 1 Amanecer 730 ml,$25.08,$28.50
Limpieza y Hogar,Blanqueador Líquido Clorox Triple Acción 930 ml,$14.45,$16.50
Limpieza y Hogar,Cera para Calzado Nugget Color Negro 60 ml,$19.22,$22.00
Limpieza y Hogar,Velas San Felipe Candela 16 Piezas,$59.08,$67.50
Limpieza y Hogar,Suavizante de Telas Suavitel Cuidado Superior Fresca Primavera 850 ml,$26.00,$29.60
Limpieza y Hogar,Detergente en Polvo para Ropa Ace 500 gr,$18.75,$21.40
Limpieza y Hogar,Jabón De Lavandería En Barra Zote Rosa 100 Gr,$5.90,$7.00
Limpieza y Hogar,Suavizante Ensueño Bebé con Extracto de Aloe Vera 850 ml,$22.49,$25.60
Limpieza y Hogar,Jabón Líquido Multiusos Roma 1 Litro,$30.04,$34.20
Limpieza y Hogar,Detergente Líquido Foca Para Ropa 1 Litro,$31.08,$35.40
Limpieza y Hogar,Jabón en Polvo Blanca Nieves 1 Kg,$38.11,$43.40
Limpieza y Hogar,Fabuloso Frescura Activa Antibacterial Fresco Amanecer 1 L,$22.60,$27.00
Limpieza y Hogar,Limpiador Multiusos Pinol Aromas Floral 828 ml,$23.99,$27.30
Limpieza y Hogar,Suavizante Ensueño Max Frescura Azul 850 ml,$22.49,$25.60
Limpieza y Hogar,Detergente Líquido Carisma Botella 1 L,$31.42,$34.20
Limpieza y Hogar,Detergente en Polvo para Ropa Ace 250 gr,$10.47,$11.90
Limpieza y Hogar,Jabón Líquido para Ropa Vel Rosita 450 ml,$29.58,$33.70
Limpieza y Hogar,Blanqueador Líquido Clorox Triple Acción 500 ml,$8.38,$9.60
Limpieza y Hogar,Veladora Limonero San Juan,$16.28,$19.00
Limpieza y Hogar,SALVO MULTIUSOS 20-500 GR (DETERG),$19.68,$22.00
Limpieza y Hogar,Fosforos de Madera Flama Pack con 5 cajas de,$30.83,$30.83
Limpieza y Hogar,Cerillos Clásico 25 Cajetillas con 50 Pzas.,$53.98,$58.50
Limpieza y Hogar,Jabón De Lavandería En Barra Zote Blanco 100 Gr,$5.90,$7.00
Limpieza y Hogar,Cloro Blanqueador en Gel Cloralex El Rendidor 950 ml,$18.84,$21.10
Limpieza y Hogar,Veladora Limonero Fino San juan,$19.58,$22.80
Limpieza y Hogar,Detergente Líquido Más Color 415 ml,$18.51,$20.80
Limpieza y Hogar,Detergente en Polvo para Ropa Ace 900 gr.,$32.45,$36.90
Limpieza y Hogar,Suavizante Ensueño Max Zero Enjuague Fresca Armonía 850 ml,$22.49,$25.60
Limpieza y Hogar,Detergente En Polvo Foca 500 Gr,$20.10,$22.90
Limpieza y Hogar,Suavizante Ensueño Max Zero Enjuague Sensación Natural 850 ml,$22.49,$25.60
Limpieza y Hogar,Suavizante de Telas Suavitel Cuidado superior Fresca Primavera 450 ml,$16.86,$19.20
Limpieza y Hogar,Veladora San Felipe Semanal,$30.58,$34.50
Limpieza y Hogar,Limpiador Multiusos Pinol Aromas Lavanda 828 ml,$23.99,$27.30
Limpieza y Hogar,Pack de Cerillos Manola 50 Pzas,$75.63,$75.63
Limpieza y Hogar,Veladora San Felipe 10 Piezas,$80.39,$91.50
Limpieza y Hogar,Limpiador Multiusos Pinol Aromas frutal 828 ml,$23.99,$27.30
Limpieza y Hogar,Suavizante Ensueño Naturaliza Argán Mandarina 850 ml,$22.49,$25.60
Limpieza y Hogar,Suavizante de telas Downy Concentrado Perfume Collection Passion 750 ml,$28.61,$32.60
Limpieza y Hogar,Suavizante de telas Downy Concentrado Perfume Romance 750 ml,$28.61,$32.60
Limpieza y Hogar,Detergente Líquido Más Oscura 415 ml,$18.51,$20.80
Limpieza y Hogar,Detergente En Polvo Foca 250 Gr,$10.13,$11.60
Limpieza y Hogar,Jabón Líquido Lavatrastes Axion Limón 400 ml,$23.25,$26.50
Limpieza y Hogar,Limpiador Multiusos Pinol Aromas Marino 828 ml,$23.99,$27.30
Limpieza y Hogar,Repuesto De Veladora San Felipe San Judas,$13.95,$15.90
Limpieza y Hogar,Detergente Líquido para Ropa Ariel Revitacolor 800 ml,$31.64,$35.90
Limpieza y Hogar,Quita Manchas en Gel Vanish Rosa 420 ml,$17.49,$19.90
Limpieza y Hogar,Jabón de Lavandería en Barra Carisma Frescura Perdurable 400 gr,$23.87,$25.70
Limpieza y Hogar,Fibra para trastes Scotc Brite Mi Fibra Esponja,$14.62,$17.50
Limpieza y Hogar,Suavizante de telas Downy Concentrado Perfume Collection Elegance 730 ml,$28.61,$32.60
Limpieza y Hogar,Detergente En Polvo Foca 1 Kg,$40.52,$46.10
Limpieza y Hogar,Blanqueador Líquido La Golondrina 1 Litro,$11.30,$12.90
Limpieza y Hogar,Jabón en Líquido Blanca Nieves 1 Litro,$30.42,$34.60
Limpieza y Hogar,Suavizante Ensueño Naturaleza Pepino Bambú 850 ml,$22.49,$25.60
Limpieza y Hogar,Veladora San Felipe Media Semana,$18.58,$20.70
Limpieza y Hogar,Limpiador Desinfectante Poett Flores de Primavera Botella 1.18 L,$20.21,$23.80
Limpieza y Hogar,Suavizante Ensueño Naturaleza Avena Almendra 850 ml,$22.49,$25.60
Limpieza y Hogar,Limpiador Desinfectante Poett Frescura De Lavanda 900 ml,$20.21,$23.80
Limpieza y Hogar,Limpiador Desinfectante Poett Alegra Tu Día 900 ml,$20.21,$23.80
Limpieza y Hogar,Axion Lavatrastes Líquido Limón 640 ml,$28.09,$31.60
Limpieza y Hogar,Limpiador Desinfectante Poett Flores De Primavera 900 ml,$20.21,$23.80
Limpieza y Hogar,Vela Induvelsa 16 Piezas,$57.82,$65.90
Limpieza y Hogar,Limpiador Aromatizante Poett Suavidad de Algodón 1.18 L,$20.21,$23.80
Limpieza y Hogar,Repuesto De Veladora Rosa De Guadalupe #5,$17.37,$20.50
Limpieza y Hogar,Lavatrastes Líquido Salvo Limón 750 ml,$45.71,$52.50
Limpieza y Hogar,Lavatrastes Líquido Salvo Limón 1.2 Litros,$57.78,$65.70
Limpieza y Hogar,Detergente Líquido para Ropa Ariel Revitacolor 400 ml,$16.43,$19.50
Limpieza y Hogar,Limpiador Desinfectante Poett Música En Primavera 900 ml,$20.21,$23.80
Limpieza y Hogar,Lavatrastes Líquido Salvo Limón 900 ml,$47.11,$52.40
Limpieza y Hogar,Veladora Aramo Caramelito #3 Ecológica Plástico,$14.29,$16.90
Limpieza y Hogar,Insecticida en Aerosol Raid Casa y Jardín 400 ml,$71.95,$78.30
Limpieza y Hogar,Jabón De Lavandería En Barra Zote Azul de 400 Gr,$22.20,$23.40
Limpieza y Hogar,Jabón para Ropa en Polvo Roma 10 Kg,$395.20,$395.20
Limpieza y Hogar,Suavizante Ensueño Naturaleza Lavanda 850 ml,$22.49,$25.60
Limpieza y Hogar,Jabón De Lavandería Tepeyac Amarillo 400 Gr,$22.40,$26.10
Limpieza y Hogar,Suavizante Ensueño Naturaleza Lichi Argán 850 ml,$22.49,$25.60
Limpieza y Hogar,Jabón Líquido Lavatrastes Axion Limón 280 ml,$16.96,$18.90
Limpieza y Hogar,LUZ ETERNA LIMON ALCATRAZ 20-1 PZ (VRA),$14.15,$16.50
Limpieza y Hogar,Fibra para Trastes Scotc Brite verde,$13.68,$15.90
Limpieza y Hogar,Cloro Blanqueador en Gel Cloralex El Rendidor 600 ml,$21.70,$24.90
Limpieza y Hogar,Blanqueador Líquido La Golondrina 500 ml,$6.58,$7.50
Limpieza y Hogar,Encendedor Bic Slim 5 pzas,$30.04,$33.50
Limpieza y Hogar,Limpiador en polvo Ajax Bicloro 388 gr.,$34.13,$38.80
Limpieza y Hogar,Veladora Semanal deplástico Rosita Ecologica,$28.79,$32.90
Limpieza y Hogar,Fibra para Trastes Scotc Brite Metalica Espiral,$18.00,$20.90
Limpieza y Hogar,Quitamanchas Clorox Ropa Colores Vivos Sin Cloro 930 ml,$32.26,$36.90
Limpieza y Hogar,Repuesto De Veladora Rosa De Oro San Felipe #5,$17.44,$19.90
Limpieza y Hogar,Veladora Ecolimón Ultraplus Vidrio Vaso,$15.48,$18.50
Limpieza y Hogar,Veladora Limón Luz Eterna Limonero,$23.50,$26.50
Limpieza y Hogar,Trampa Para Raton Catchamax,$25.48,$29.70
Limpieza y Hogar,Fibra para trastes Scotc Brite Mi Fibra Verde Gigante,$18.52,$22.50
Limpieza y Hogar,"Vela Luz Externa #80, 16 Piezas",$68.32,$79.50
Limpieza y Hogar,Insecticida en Aerosol Raid Max 400 ml,$76.07,$82.70
Limpieza y Hogar,Blanqueador Para Ropa Los patitos Concentrado 2 Litros,$23.82,$25.90
Limpieza y Hogar,Detergente Líquido para Ropa Hacer uno para todo 800 ml,$28.43,$32.50
Limpieza y Hogar,Detergente en Polvo Bold 3 Cariños de Mamá 850 gr,$28.27,$32.50
Limpieza y Hogar,Repelente De mosquitos Raid Raidolito Verde 10 pzas,$18.29,$20.40
Limpieza y Hogar,Suavizante de telas Líquido Bold 3 Flores de Primavera 1 L,$26.66,$30.50
Limpieza y Hogar,Repelente De Insectos Raid Laminitas Repuesto 16 pzas,$26.58,$26.58
Limpieza y Hogar,Pastilla Desodorante Aromatizante Los Patitos,$10.26,$11.90
Limpieza y Hogar,Tela Strech para Baño T Taio,$19.50,$19.50
Limpieza y Hogar,Repuesto de Veladora Aramo #5 Esmeralda,$14.96,$17.60
Limpieza y Hogar,Guantes Multiusos Talla Grande Scotc Brite,$31.85,$36.90
Limpieza y Hogar,Cloro Blanqueador Clarasol 1L,$11.46,$13.50
Limpieza y Hogar,Suavizante de telas Líquido Bold 3 Suave Frescura 1 L,$26.66,$30.50
Limpieza y Hogar,Veladora Luz Eterna Limonero Limón Saturno,$17.40,$19.90
Limpieza y Hogar,Quitamanchas Para Ropa Vanish Líquido 925 ml,$49.06,$55.90
Limpieza y Hogar,Limpiador Multiusos Ajax Amonia 1 L,$38.33,$43.60
Limpieza y Hogar,Insecticida en Aerosol Raid Max 285 ml,$63.91,$69.50
Limpieza y Hogar,Cloro Blanqueador Cloralex El Rendidor 2 Litros,$29.45,$33.90
Limpieza y Hogar,Veladora Aramo #8 Semanal Ecológica Plástico,$37.16,$43.50
Limpieza y Hogar,Detergente Líquido Bold 3 Cariñitos 800 ml,$26.24,$28.90
Limpieza y Hogar,Repuesto De Veladora Luz Eterna #24,$18.42,$21.50
Limpieza y Hogar,Detergente en Polvo Bold 3 Aromas de Primavera 850 gr,$28.27,$32.50
Limpieza y Hogar,Repelente de Insectos Raid Laminitas Exhibidor 108 Pzas.,$150.81,$165.90
Limpieza y Hogar,Repuesto De Veladora Milagrosa Santo Padre Virgen Guadalupe #5,$12.26,$13.50
Limpieza y Hogar,Insecticida en Aerosol Raid Mata Bichos 400 ml,$69.63,$75.70
Limpieza y Hogar,Limpiador Desengrasante Mr. Músculo Cocina 650 ml,$47.33,$53.90
Limpieza y Hogar,Trampa Para Ratas Catchamax,$53.99,$61.40
Limpieza y Hogar,Veladora San Felipe #8,$30.04,$33.50
Limpieza y Hogar,Detergente en Polvo para Ropa Ariel Revitacolor 850 gr,$38.99,$44.50
Limpieza y Hogar,Jabón de Lavandería en Barra Daroma 400 gr,$21.12,$23.50
Limpieza y Hogar,Blanqueador Para Ropa Los patitos Concentrado 4 Litros,$47.65,$54.50
Limpieza y Hogar,"Vanish White Quitamanchas Líquido, Blanqueador Sin Cloro 99 ml",$49.06,$55.90
Limpieza y Hogar,Veladora San Felipe Espiral,$50.33,$56.50
Limpieza y Hogar,Repuesto De Veladora Rosa De Guadalupe #2,$9.89,$11.90
Limpieza y Hogar,Trampa Para Moscas Catchamax,$17.41,$20.50
Limpieza y Hogar,Removedor de Manchas en Polvo La Golondrina Oxi Poder 40 gr,$5.28,$6.50
Limpieza y Hogar,Vanish Pink Multiusos Quitamanchas 2 Pack 925 ml,$88.15,$100.50
Limpieza y Hogar,Pastilla Desodorante Blasa Aroma Pino 100 gr,$13.22,$15.90
Limpieza y Hogar,Detergente En Polvo Persil Universal 900 Gr,$37.90,$44.90
Limpieza y Hogar,Veladora San Felipe #4,$18.48,$21.50
Limpieza y Hogar,Repuesto De Veladora Rosa De Guadalupe #4,$15.42,$18.50
Limpieza y Hogar,Veladora San Felipe Diamante Gigante,$90.90,$101.00
Limpieza y Hogar,Veladora Aramo Caramelito #7 Plástico,$25.16,$29.50
Limpieza y Hogar,Cloro Blanqueador Cloralex El Rendidor 3.75 Litros,$46.27,$50.30
Limpieza y Hogar,Cloro Blanqueador Cloralex El Rendidor 10 Litros,$142.40,$142.40
Limpieza y Hogar,Aromatizante Glade Aerosol Alegría Y Frutos Rojos 275 ml,$43.24,$49.50
Limpieza y Hogar,Jabón Líquido Lavatrastes Axion Limón 900 ml,$42.50,$46.80
Limpieza y Hogar,Multilimpiador Pinol El Original 9 Litros,$216.30,$216.30
Limpieza y Hogar,Detergente Líquido Bold 3 Aromas de Primavera 800 ml,$26.24,$28.90
Limpieza y Hogar,Detergente en Polvo Bold 3 Cariños de Mamá 500 gr,$18.29,$20.90
Limpieza y Hogar,Veladora Aramo de plástico Ecológica 30 horas,$10.56,$12.50
Limpieza y Hogar,MULTI FA MULTIUSOS 8-900 GR (DETERG),$19.80,$19.80
Limpieza y Hogar,Limpiador Cloralex Mascotas 950 ml,$30.70,$34.50
Limpieza y Hogar,Veladora Aramo #4 Mediana Ecológica Plástico,$20.62,$24.50
Limpieza y Hogar,Blanqueador para Ropa en Polvo 40 gr,$3.35,$3.90
Limpieza y Hogar,Repuesto De Veladora Luz Eterna #18,$15.64,$18.50
Limpieza y Hogar,Limpiador Multiusos Aires De Pino 1 L,$17.90,$17.90
Limpieza y Hogar,Jabón en Polvo Maestro Limpio Multipoder Limón-Bicarbonato 1 Kg,$22.71,$25.90
Limpieza y Hogar,T-TAIO BORLA PARA BAÑO 15-1 PZ,$10.83,$14.50
Limpieza y Hogar,Detergente Líquido para Ropa Ariel Revitacolor 2.8 L,$123.88,$134.50
Limpieza y Hogar,Detergente Líquido Foca Para Ropa 3.785 Litros,$124.30,$141.30
Limpieza y Hogar,Jabón De Lavandería En Barra León 350 Gr,$19.65,$20.90
Limpieza y Hogar,SN FELIPE LIMONERO ROSA PLATA 20-1 PZ (VRA),$22.30,$25.50
Limpieza y Hogar,Lavatastes en Polvo Salvo limón 500 gr,$30.53,$34.70
Limpieza y Hogar,Detergente Multiusos Multi Fa Bolsa 500 gr.,$11.90,$11.90
Limpieza y Hogar,Blanqueador Para Ropa Los patitos Concentrado 10 Litros,$134.10,$134.10
Limpieza y Hogar,Veladora San Felipe Medio Diamante,$41.66,$49.50
Limpieza y Hogar,Multilimpiador Pinol El Original 3.785 Litros,$121.75,$128.50
Limpieza y Hogar,LUZ ETERNA FAMA CENTENARIO 20-1 PZ,$15.55,$17.90
Limpieza y Hogar,Detergente Líquido Mas Colores Intensos 4.65 Litros,$231.38,$260.50
Limpieza y Hogar,INSECTICIDA BAYGON CASA Y JARDIN 12-285 ML,$42.91,$46.50
Limpieza y Hogar,Jabón en Polvo Blanca Nieves 10 Kilos,$381.10,$381.10
Limpieza y Hogar,Veladora México Limonero Especial Liso Vaso,$12.50,$14.90
Limpieza y Hogar,INSECTICIDA AERO BAYGON TOTAL 12-400 ML,$43.54,$47.50
Limpieza y Hogar,Aromatizante Flash Aroma Lavanda 72 gr.,$14.50,$16.20
Limpieza y Hogar,Desmanchador Clorox Ropa Colores Vivos Dual Pack 930 ml,$57.84,$69.90
Limpieza y Hogar,Veladora Aramo Caramelo #1 Ecológica Plástico,$55.49,$64.90
Limpieza y Hogar,Veladora Luz Eterna San Judas,$36.04,$42.50
Limpieza y Hogar,Veladora Aramo Esmeralda #2 Ecológica Plástico,$84.32,$98.50
Limpieza y Hogar,HARPIC POWER ULTRA 12-750 ML (LIMP),$56.99,$66.50
Limpieza y Hogar,Cera para Calzado Bolero Color Negro 60 ml,$13.10,$15.50
Limpieza y Hogar,Veladora San Felipe Rosa De Oro Semanal,$32.29,$36.90
Limpieza y Hogar,Blanqueador Clorox Máxima Pureza 3.8 Litros,$45.15,$51.50
Limpieza y Hogar,Suavizante de telas Downy Concentrado Aroma Floral 2.8 Litros,$105.83,$117.60
Limpieza y Hogar,Veladora Aramluz Ecolimón Caramelo,$12.95,$15.50
Limpieza y Hogar,Veladora San Felipe Diamante,$74.48,$84.90
Limpieza y Hogar,Insecticida en Aerosol Baygon Ultra Verde 400 ml,$62.88,$68.50
Limpieza y Hogar,Detergente en Polvo 123 Maxi Poder Con Suavizante y Jazmín 10 kg,$294.80,$294.80
Limpieza y Hogar,Veladora Aramo Esmeralda #1 Ecológica Plástico,$116.52,$135.50
Limpieza y Hogar,Insecticida en Aerosol H24 Poder Fulminante 342 gr,$78.21,$92.50
Limpieza y Hogar,Insecticida en Aerosol Doméstico H24 372 gr,$54.71,$64.50
Limpieza y Hogar,Veladora Luz Eterna Muralla La Fama,$20.30,$23.50
Limpieza y Hogar,Veladora Aramo Esmeralda #3 Ecológica Plástico,$46.74,$54.50
Limpieza y Hogar,Detergente Surtido Suelto por Kilo,$23.60,
Limpieza y Hogar,Blanqueador Líquido La Golondrina 3.75 Litros,$40.32,$45.90
Limpieza y Hogar,Veladora Limonero Induvelsa Iglu,$21.81,$24.90
Limpieza y Hogar,Limpiador Desinfectante Poett Suavidad De Algodón 900 ml,$20.21,$23.80
Limpieza y Hogar,INSECTICIDA VERDE LIQUIDO BAYGON 12-510 ML,$72.08,$79.50
Limpieza y Hogar,Vela San Juan #2 Grande 1 pza,$56.35,$65.90
Limpieza y Hogar,Veladora México Apilable Liso Con Aroma,$33.83,$36.90
Limpieza y Hogar,Limpiador Multiusos Poett Frescura Lavanda 1.18 L,$20.21,$23.80
Limpieza y Hogar,Veladora México Michelada Liso Con Aroma,$34.46,$39.50
Mascotas,Alimento para Perro Pedigree Adulto Sobre Pouch Res 100gr,$113.40,$10.60
Mascotas,Alimento para Perro Pedigree Adulto Sobre Pouch Pollo 100gr,$113.40,$10.60
Mascotas,Alimento para perro Sobre Pedigree Cachorro Pouch Pollo 100 gr,$9.45,$10.60
Mascotas,Alimento para perro Sobre Pedigree Cachorro Pouch Res 100 gr,$9.45,$10.60
Mascotas,Alimento para Perro Adulto Ganador Bulto con 25 kg,"$1,143.30","$1,143.30"
Mascotas,Alimento para Perro Pedigree Razas Pequeñas Sobre Pouch Res 100gr,$9.45,$10.60
Mascotas,Alimento para Perro Pedigree Adulto Sobre Pouch Cordero 100gr,$9.45,$10.60
Mascotas,Alimento para Perro Pedigree Razas Pequeñas Sobre Pouch Pollo 100gr,$9.45,$10.60
Mascotas,Alimento para Perro Poder Canino Bulto 20 Kg,$420.00,$420.00
Mascotas,Alimento para Perro Ganador Original Bulto 20 Kg,$761.00,$761.00
Mascotas,Alimento para Gato Purina Gatina Sabor Pollo y verduras 15 kg,$545.00,$545.00
Mascotas,Alimento Para Perro Dog Chow Purina Cachorro Razas Minis y Pequeñas Bulto 20 Kg,$994.00,$994.00
Mascotas,Alimento para Perro Pedigree Razas Pequeñas Sobre Pouch Cordero 100gr,$9.45,$10.60
Mascotas,Alimento para Perro Top Choice Granel,$37.60,
Mascotas,Alimento Para Gato Minino Plus Granel,$73.10,
Mascotas,Alimento para Gato Adulto Purina Cat Chow Pescado Bulto con 20 Kg,$950.00,$950.00
Mascotas,Alimento Húmedo Para Gato Cat Chow Pescado Pouch 85 gr.,$8.20,$8.70
Mascotas,Alimento de Perro Pal Bulto 20 Kg,$493.20,$493.20
Mascotas,Alimento húmedo Para Gato Felix Pouch Salmón 85 gr.,$7.60,$8.10
Mascotas,Arena para Gato Econo Aglutinante 3 Kg,$27.32,$28.90
Mascotas,Alimento Para Gato Whiskas Adulto Carne 20 Kg,$840.00,$840.00
Mascotas,Alimento Húmedo Para Gato Cat Chow Pollo Pouch 85 gr.,$8.20,$8.70
Mascotas,Alimento para Gato Minino Plus Bulto 10 Kg,$592.70,$592.70
Mascotas,Alimento Húmedo Minino Plus Pouch Salmón a la Plancha 85 gr.,$9.31,$10.90
Mascotas,Alimento Húmedo Para Gato Cat Chow Carne Pouch 85 gr.,$8.20,$8.70
Mascotas,Alimento Húmedo Para Gato Felix Pouch Carne 85 gr.,$7.60,$8.10
Mascotas,Alimento Perro Cachorro Pedigree Bulto 20 Kg,$920.70,$920.70
Mascotas,Alimento Para Gato Mi Mishi Gourmet Bulto 10 KG,$323.00,$323.00
Mascotas,Alimento para Perro Razas Medianas y Grandes Cachorro Ganador Premium Bulto 20 kg,"$1,094.60","$1,094.60"
Mascotas,Alimento Húmedo Minino Plus Pouch Carnitas de Atún 85 gr.,$9.31,$10.90
Mascotas,Alimento Húmedo para Gato Felix Pouch Atún 85 gr.,$7.60,$8.10
Mascotas,Alimento Húmedo Minino Plus Pouch Pavo Ahumado 85 gr.,$9.31,$10.90
Mascotas,Alimento Para Perro Adulto Purina Campeón Carne Asada Con Vegetales 25 Kg,$872.80,$872.80
Mascotas,Alimento para Gato Whiskas Gatitos Bulto 9+1 Kg,$410.20,$410.20
Mascotas,Alimento húmedo para Perro Ganador Adulto Lomo de Cerdo100 gr.,$9.22,$10.50
Mascotas,Alimento Húmedo para Perro Amigo Gourmet Pouch Sabor Res 100 gr. Adulto,$8.40,$8.40
Mascotas,Alimento para Perro Top Choice Bulto 25 kg,$736.80,$736.80
Mascotas,Alimento Húmedo para Perro Ganador Adulto Pollo a la Cacerola 100 gr.,$9.22,$10.50
Mascotas,Alimento Húmedo para Perro Ganador Adulto Delicias de Pavo 100 gr.,$9.22,$10.50
Mascotas,Alimento Húmedo para Perro Ganador Adulto Estofado de Pato 100 gr.,$9.22,$10.50
Mascotas,Alimento para perros Dog Chow razas pequeñas 24 Kg,$959.00,$959.00
Mascotas,ALIM PERRO PODER CANINO GRANEL 1-1 KG,$27.70,
Mascotas,Alimento para Perro Pedigree Cachorro Granel,$57.20,
Mascotas,Alimento para perro amigo gourmet granel,$20.60,
Materias Primas,Charola Desechable No. 855 Fun & Fun 50 pzas,$22.59,$22.90
Materias Primas,Papel Aluminio Aluparctik 10 mts,$18.79,$20.50
Materias Primas,Vaso Desechable de Pástico Fun & Fun No. 8 50 pzas,$20.53,$21.60
Materias Primas,Vaso Desechable de Pástico Irrompible Jaguar No. 8 50 pzas,$19.00,$21.20
Materias Primas,Charola Desechable No. 66 Fun & Fun 50 pzas,$13.42,$13.60
Materias Primas,Bolsa Para Basura Anguiplast 90x120 cm 10 pzas,$38.70,$40.80
Materias Primas,Vaso Desechable Térmico Fun & Fun No. 110 25 pzas,$11.48,$12.10
Materias Primas,Plato Desechable Pastelero Jaguar No. 6 20 pzas,$7.52,$8.40
Materias Primas,Bolsa Para Basura Anguiplast 60x90 cm 20 pzas,$42.88,$45.20
Materias Primas,Plato Desechable Pastelero Convermex No. 6 20 pzas,$10.57,$11.80
Materias Primas,Plato Desechable Pozolero Convermex No. PH8 20 pzas,$18.19,$18.19
Materias Primas,Vaso Desechable de Pástico Reyma No. 8 50 pzas,$24.50,$25.60
Materias Primas,Charola Desechable Térmica No. 855 Convermex 50 pzas,$23.29,$25.90
Materias Primas,Vaso Desechable Térmico Convermex No. 110 25 pzas,$11.84,$13.20
Materias Primas,Tenedor Plástico Desechable Grande Fun & Fun Bolsa 25 Pzas.,$13.50,$13.50
Materias Primas,TENEDOR CHICO FUN & FUN 60-50 PZ COMPAL,$10.00,$10.00
Materias Primas,Papel Aluminio Reynolds Wrap 7.6m,$45.60,$47.50
Materias Primas,Rollo de Aluminio Fun & Fun 5 mts,$13.40,$13.60
Materias Primas,Cuchara Desechable Mediana Fun & Fun Bolsa 25 Pzas.,$8.90,$8.90
Materias Primas,Vaso Desechable de Plástico Reyma No. 5 1/2 50 pzas.,$19.52,$21.70
Materias Primas,Plato Desechable Pozolero Grande Jaguar No. PH8 25 pzas,$19.30,$22.00
Materias Primas,Vaso Desechable de Pástico Irrompible Jaguar No. 10 20 pzas,$25.97,$28.90
Materias Primas,Vaso Desechable Térmico Convermex No. 108 25 pzas,$11.10,$12.70
Materias Primas,Charola Desechable Térmica No. 66 Convermex 50 pzas,$13.83,$15.40
Materias Primas,Vaso Desechable de Pástico Bosco No. 8 50 pzas,$22.45,$25.00
Materias Primas,Bolsa de Cuchara Desechable Sopera Max 25 Pzas,$18.57,$21.40
Materias Primas,Bolsa de Cuchara Desechable Chica Max 50 Pzas,$12.03,$13.60
Materias Primas,Tenedor Plástico Desechable Mediano Fun & Fun Bolsa 25 Pzas.,$8.90,$8.90
Materias Primas,Papel Aluminio Aluparctik 50 mts,$55.08,$61.20
Materias Primas,ALMEJA HAMBURGUESERA JAGUAR 6X6 10-50 PZ,$38.11,$41.20
Materias Primas,Bolsa Para Basura Inorgánica La Casera Mediana 21 pzas,$39.83,$44.30
Materias Primas,Bolsa Para Basura Inorgánica La Casera Grande 15 pzas,$45.16,$50.20
Materias Primas,Vaso Desechable de Pástico Bosco No. 5.5 50 pzas,$16.80,$16.80
Materias Primas,VASO PLASTICO JAGUAR IRROMPIBLE #12 20-50 PZ,$28.63,$29.60
Materias Primas,Rollo de Aluminio M50 Fun & Fun 20 mts,$40.87,$46.00
Materias Primas,VASO REYMA NO.14 20-50 PZ,$36.68,$41.70
Materias Primas,Bolsa de Cuchara Desechable Mediana Max 25 Pzas,$11.56,$13.30
Materias Primas,CHAROLA JAGUAR NO. 66 10-50,$12.04,$13.40
Materias Primas,Vaso Desechable Térmico Convermex No. 32 15 pzas,$29.53,$33.60
Materias Primas,Vaso Desechable de Pástico Cristal 7 0z Bosco 20 pzas,$20.70,$23.00
Materias Primas,Bolsa Para Basura Inorgánica La Casera Jumbo 10 pzas,$46.22,$51.40
Materias Primas,Pelicula Plastica Antiadherente Cucu Rollo 300 mts,$141.60,$141.60
Materias Primas,Rollo de Aluminio Azteca 400 1.6 kg,$350.48,$375.00
Materias Primas,Tenedor Desechable Max Chico 50 pzas,$12.03,$13.60
Materias Primas,Tenedor Desechable Max Grande 25 pzas,$18.57,$21.40
Materias Primas,Tapa Para Vaso Desechable Convermex No. 416 50 pzas,$39.20,$43.20
Semillas y Chiles Secos,Maiz Palomero por Kilo,$16.90,
Semillas y Chiles Secos,Flor Jamaica por Kilo,$89.00,
Semillas y Chiles Secos,Alpiste Simple Por Kilo,$17.50,
Semillas y Chiles Secos,Chile Guajillo Nacional a Granel,$164.50,
Semillas y Chiles Secos,Lenteja Canadiense Por Kilo,$18.90,
Semillas y Chiles Secos,Avena en Hojuela Por Vilo,$17.20,
Semillas y Chiles Secos,Piloncillo A Granel,$29.90,
Semillas y Chiles Secos,Bolsa de Maiíz Palomero 7 Semillas 500 gr,$8.80,$9.60
Semillas y Chiles Secos,Bolsa de Lenteja 7 Semillas 500 gr,$9.90,$10.20
Semillas y Chiles Secos,Bolza de Canela Entera Alazan,$478.00,$478.00
Semillas y Chiles Secos,Chile De Árbol a Granel,$111.40,
Semillas y Chiles Secos,Chile Pasilla a Granel,$230.00,
Semillas y Chiles Secos,Canela 7 semillas bolsa 250g,$118.50,$118.50
Semillas y Chiles Secos,Bolsa de Avena Abeto 500 gr,$10.80,$11.40
Semillas y Chiles Secos,Semilla de Girasol Por Kilo,$27.50,
Semillas y Chiles Secos,Maíz Quebrado A Granel,$9.80,
Semillas y Chiles Secos,Chile Guajillo Guajón Importado a Granel,$110.00,
Semillas y Chiles Secos,Chile Guajillo Extra a Granel,$165.00,
Semillas y Chiles Secos,Chile Ancho a Granel,$170.00,
Semillas y Chiles Secos,Arándano a Granel,$99.90,
Semillas y Chiles Secos,Nuez Mitades Por Kilo,$290.00,
Semillas y Chiles Secos,Chile Mora Extra a Granel,$107.00,
Semillas y Chiles Secos,Pasa Nacional Por Kilo,$77.00,
Semillas y Chiles Secos,Garbanza A Granel,$19.90,
Semillas y Chiles Secos,Tamarindo A Granel,$76.00,
Semillas y Chiles Secos,Chile Puya a Granel,$133.00,
Semillas y Chiles Secos,Alimento Para Pollo Granel,$10.90,
Semillas y Chiles Secos,Ciruela Pasa a Granel,$83.00,
Semillas y Chiles Secos,Nuez 7 semillas bolsa 250g,$79.88,$81.50
Semillas y Chiles Secos,Alpiste Compuesto Por Kilo,$19.50,
Semillas y Chiles Secos,ARANDANO 7 SEMILLAS 12-250 GR,$27.41,$28.00
Semillas y Chiles Secos,Almendra Por Kilo,$209.00,
Semillas y Chiles Secos,Almendra 7 semillas Bolsa 250g,$51.90,$51.90
Semillas y Chiles Secos,CIRUELA PASA 7 SEMILLAS 12-250 GR,$22.30,$22.30
Semillas y Chiles Secos,Trigo A Granel,$14.40,
Semillas y Chiles Secos,Maiz Entero por Kilo,$10.30,
Semillas y Chiles Secos,Uva Pasa 7 Semillas bolsa 250 gr.,$20.30,$20.30
Cuidado Personal e Higiene,Toalla Sanitaria Saba Buenas Noches Con Alas Extra Largas 8 piezas,$20.11,$22.90
Cuidado Personal e Higiene,Gel Extreme Profesional Blanco 250 gr.,$20.61,$27.50
Cuidado Personal e Higiene,Pasta de Dientes Colgate MFP Tubo con 50 ml,$16.97,$20.60
Cuidado Personal e Higiene,TOALLA FEM SABA REG C/A INV 12-10 PZ,$16.84,$19.20
Cuidado Personal e Higiene,Pack de 48 Sobres de Shampoo 2x1* 2 en 1 Palmolive Optims de 10 ml c/u,$62.73,$75.30
Cuidado Personal e Higiene,Jabón de Tocador Dove blanco de 90 gr,$20.82,$22.00
Cuidado Personal e Higiene,Pasta de Dientes Colgate Triple Acción Extrablancura tubo con 50 ml,$16.96,$20.90
Cuidado Personal e Higiene,Toalla Sanitaria Nocturna Naturella Extra Larga Con Alas 8 Piezas,$21.25,$23.70
Cuidado Personal e Higiene,Tira de Shampoo Head & Shoulders con 24 Satchets de 10 ml c/u,$51.21,$51.21
Cuidado Personal e Higiene,Cepillo de Dientes Colgate Premier Clean con 6 pzas.,$78.36,$87.90
Cuidado Personal e Higiene,Pack de 8 jabones de tocador Palmolive Naturals Oliva y Aloe de 150g c/u,$109.60,$109.60
Cuidado Personal e Higiene,Pasta de Dientes Colgate Triple Acción tubo 75 ml,$24.94,$27.60
Cuidado Personal e Higiene,Jabón de Tocador Zest Aqua Vitamina E 135 gr,$15.58,$18.50
Cuidado Personal e Higiene,Gel para Cabello Ego Atraction Bote 200 ml,$18.84,$21.70
Cuidado Personal e Higiene,Pañuelos desechables Kleenex 8 pzas,$31.73,$35.30
Cuidado Personal e Higiene,Pack de 6 piezas de Jabón de Tocador Zest Aqua vitamina E y Glicerina de 130 gr c/u,$108.63,$108.63
Cuidado Personal e Higiene,Toalla Sanitaria Saba Intima Clip Regular Con Alas 10 piezas,$17.21,$20.30
Cuidado Personal e Higiene,Jabón de tocador Palmolive neutro balance dermolimpiador 100g,$16.52,$19.70
Cuidado Personal e Higiene,Jabón de Tocador Palmolive Naturals Oliva y Aloe de 120 gr.,$18.14,$23.00
Cuidado Personal e Higiene,Toalla Sanitaria Naturella Regular Con Alas 8 Piezas,$12.95,$14.40
Cuidado Personal e Higiene,Jabón de Tocador Palmolive Naturals Lavanda y Crema de120 gr.,$18.14,$23.00
Cuidado Personal e Higiene,Toalla Sanitaria Saba Ultradelgada Nocturna Con Alas Extra Largas 10 piezas,$30.41,$35.80
Cuidado Personal e Higiene,Pasta de Dientes Colgate MFP tubo 75 ml,$23.61,$26.80
Cuidado Personal e Higiene,Jabón de Tocador Palmolive Naturals Yoghurt y Frutas de 120 gr.,$18.14,$23.00
Cuidado Personal e Higiene,Crema para peinar Sedal ceramidas 135 ml,$20.16,$28.00
Cuidado Personal e Higiene,Toalla Sanitaria Saba Buenas Noches Con Alas Extra Largas 24 piezas,$58.50,$68.90
Cuidado Personal e Higiene,Rastrillo Prestobarba Ultra Grip Gillette 12 pzas,$194.00,$194.00
Cuidado Personal e Higiene,Shampoo Head & Shoulders Limpieza Renovadora Bote con 90 ml,$16.00,$19.70
Cuidado Personal e Higiene,Tapete de Cepillo de Dientes Colgate Premier Clean con 12 pzas.,$122.50,$122.50
Cuidado Personal e Higiene,Pasta de Dientes Colgate Total 12 tubo 50 ml,$20.58,$23.60
Cuidado Personal e Higiene,Shampoo Caprice Especialidades con Biotina bote con 200 ml,$15.53,$19.30
Cuidado Personal e Higiene,Jabón de tocador Palmolive Naturals Menta y Eucalipto de 120g,$18.14,$23.00
Cuidado Personal e Higiene,Rastrillo Desechable Schik Xtreme 12 pzas,$179.00,$179.00
Cuidado Personal e Higiene,SEDAL CERAMIDAS 12-180 ML (SHAMP),$18.21,$20.10
Cuidado Personal e Higiene,Crema Corporal Nivea Body Milk Nutritiva 100 ml,$31.58,$33.00
Cuidado Personal e Higiene,Shampoo Caprice Control caida Mamey y Arginina bote con 200 ml,$15.53,$19.30
Cuidado Personal e Higiene,Diario Protector Kotex Regular 22 Piezas,$12.71,$14.50
Cuidado Personal e Higiene,SEDAL RIZOS DEFINIDOS 12-180 ML (SHAMP),$18.21,$20.10
Cuidado Personal e Higiene,Rastrillo Desechable Prestobarba 3 Ultragrip Gillette Tira con 24 pzas,$369.26,$369.26
Cuidado Personal e Higiene,Pantiprotector Saba Regular 28 Pzas.,$24.73,$31.00
Cuidado Personal e Higiene,Desodorante En Roll On Nivea Aclarado Natural 24 H 50 ml,$36.13,$38.10
Cuidado Personal e Higiene,Jabón de Tocador Camay clásico 150 gr,$17.04,$19.80
Cuidado Personal e Higiene,Jabón de Tocador Rosa Venus blanco de 200 gr,$15.90,$19.90
Cuidado Personal e Higiene,Desodorante En Roll On Obao For Men Active 65 gr,$31.00,$35.30
Cuidado Personal e Higiene,Shampoo Caprice Naturals Aceite Herbal bote con 200 ml,$15.53,$19.30
Cuidado Personal e Higiene,Jabón de Tocador Tepeyac Amarillo de 200 gr,$15.90,$19.90
Cuidado Personal e Higiene,Antitranspirante en Aerosol Lady Speed Stick Powderfresh 91 gr.,$46.00,$69.00
Cuidado Personal e Higiene,Crema Corporal Lubriderm Therapy Intense Repair 120 ml,$38.99,$43.60
Cuidado Personal e Higiene,TOALLA FEM SABA C/A INV EXH 6-42 PZ,$70.55,$83.00
Cuidado Personal e Higiene,Desodorante En Roll On Nuvel Softy 65 ml,$14.29,$18.20
Cuidado Personal e Higiene,Pantiprotectores Cotex Maxi 28 pzas,$22.36,$25.50
Cuidado Personal e Higiene,Antitranspirante en Gel Powder Protect Cotton 45 gr,$56.99,$60.00
Cuidado Personal e Higiene,Crema Corporal Nuvel Piel Seca con Antioxidantes Bote con 775 ml,$30.54,$34.20
Cuidado Personal e Higiene,Desodorante en Aerosol Old Spice Deo Spray fresh de 96 gr.,$45.50,$69.00
Cuidado Personal e Higiene,SEDAL RISOS DEFINIDOS 12-620 ML (SHAMP),$53.00,$79.00
Cuidado Personal e Higiene,Desodorante En Aerosol Ego Force 150 ml,$39.99,$53.40
Cuidado Personal e Higiene,Pasta dental Colgate Luminous White 66 ml,$39.70,$47.50
Cuidado Personal e Higiene,Crema Corporal Lubriderm Therapy Piel Normal 120 ml,$38.99,$43.60
Cuidado Personal e Higiene,Crema Corporal Hinds Clásica Piel Seca Bote con 400 ml,$51.79,$59.60
Cuidado Personal e Higiene,Crema Corporal Nuvel Piel Normal con Miel y Avena Bote con 775 ml,$30.54,$34.20
Cuidado Personal e Higiene,Shampoo Pantene 2 en1 Shampoo y Acondicionador Cuidado Clásico bote con 300 ml,$51.66,$53.50
Cuidado Personal e Higiene,Desodorante En Roll On Obao For Men Audaz 65 gr,$31.00,$35.30
Cuidado Personal e Higiene,Desodorante En Roll On Obao Frescura Floral 65 gr,$15.50,$15.50
Cuidado Personal e Higiene,Desodorante En Aerosol Nivea Men Fresh Ice 150 ml,$53.00,$69.00
Cuidado Personal e Higiene,Desodorante En Roll On Obao Classic 65 gr,$31.00,$35.30
Cuidado Personal e Higiene,Crema Humectante Ponds Crema S Bote con 400 gr,$100.74,$118.60
Cuidado Personal e Higiene,Crema para Peinar Savile Keratina Tratamiento Liso Bote con 300 ml,$33.66,$38.70
Cuidado Personal e Higiene,Shampoo Pantene Restauración 2 en1 Shampoo y Acondicionado bote con 300 ml,$51.66,$53.50
Cuidado Personal e Higiene,Antitranspirante en Gel Gillette Power Rush de 82 gr.,$68.88,$71.70
Cuidado Personal e Higiene,Desodorante en barra Old Spice Fresh 50 gr,$45.50,$69.00
Cuidado Personal e Higiene,Antitranspirante en Barra Lady Speed Stick Power Fresh de 45 gr.,$50.45,$69.00
Cuidado Personal e Higiene,Jabón de Tocador Tepeyac Lila de 200 gr,$15.90,$19.90
Cuidado Personal e Higiene,Pack de 4 piezas de Jabón de Tocador Lirio Futos de Bosque de 150 gr c/u,$67.63,$73.30
Cuidado Personal e Higiene,Crema Corporal Nivea Creme Tarro Domo 500 ml,$146.20,$150.80
Cuidado Personal e Higiene,Crema Corporal Lubriderm Therapy UVl 120 ml,$42.49,$47.50
Cuidado Personal e Higiene,Desodorante para Mujer en Aerosol Nivea Aclarado Natural Efecto Satin de 150 ml,$45.00,$69.00
Cuidado Personal e Higiene,Shampoo Pantene Control Caida bote con 300 ml,$51.66,$53.50
Cuidado Personal e Higiene,Crema Corporal Nuvel Piel Extra Seca con Manteca de Karite Bote con 775 ml,$30.54,$34.20
Cuidado Personal e Higiene,Shampoo Head & Shoulders 2 en 1 Suave y Manejable bote con 375 ml,$64.00,$85.00
Cuidado Personal e Higiene,Crema Corporal Nivea Body Milk Nutritiva 220 ml,$48.38,$52.80
Cuidado Personal e Higiene,SEDAL ANTI-NUDOS 12-620 ML (SHAMP),$53.00,$79.00
Cuidado Personal e Higiene,Antitranspirante en Gel Secret clear PH Balanced 45 gr,$56.99,$60.00
Cuidado Personal e Higiene,Shampoo Head & Shoulders Limpieza Renovadora bote con 650 ml,$83.00,$125.00
Cuidado Personal e Higiene,Shampoo Head & Shoulders Protección Anticaida Con Cafeina bote con 375 ml,$64.00,$85.00
Cuidado Personal e Higiene,Desodorante En Aerosol Obao Piel Delicada 90 gr,$46.66,$52.80
Cuidado Personal e Higiene,Talco Rexona Efficient Gigante bote 200 gr,$71.49,$75.00
Cuidado Personal e Higiene,Crema Teatrical con Rosas y Lanolinafrasco con 52 gr,$34.66,$39.00
Cuidado Personal e Higiene,Repuesto de Jabón Líquido Para Manos Antibacterial Lirio Granada de 500 ml,$27.24,$34.10
Cuidado Personal e Higiene,Desodorante en Barra Axe Fusion 54 gr,$42.00,$69.00
Cuidado Personal e Higiene,Shampoo Pantene Fuerza y Reconstrucción bote con 300 ml,$51.66,$53.50
Cuidado Personal e Higiene,SEDAL CERAMIDAS 12-620 ML (SHAMP),$53.00,$79.00
Cuidado Personal e Higiene,Cepillo de Dientes Oral B Pro Doble Acción Mayor Alcance 2 pzas,$39.72,$42.20
Cuidado Personal e Higiene,Crema Corporal Hinds Natural Piel Seca Bote con 400 ml,$51.79,$59.60
Cuidado Personal e Higiene,Antitranspirante en Aerosol Lady Speed Stick Powderfresh 60 gr.,$41.58,$55.50
Cuidado Personal e Higiene,Pack de 4 piezas de Jabón de Tocador Lirio Neutro de 150 gr c/u,$67.63,$73.30
Cuidado Personal e Higiene,Desodorante en barra Old Spice leña 50 gr,$45.50,$69.00
Cuidado Personal e Higiene,Pack de 4 piezas de Jabón de Tocador Lirio Coco y Almendras de 150 gr c/u,$67.63,$73.30
Cuidado Personal e Higiene,Antitranspirante en Aerosol Gillette Invisible Spray Cool Wave de 93 gr.,$54.00,$69.00
Cuidado Personal e Higiene,Pack de 4 piezas de Jabón de Tocador Lirio Dermatológico de 150 gr c/u,$67.63,$73.30
Cuidado Personal e Higiene,Crema Corporal Nivea Body Nutritiva 400 ml,$98.99,$110.20
Cuidado Personal e Higiene,Crema Humectante Ponds Crema Clarant B3 Bote con 100 gr,$79.19,$88.70
Cuidado Personal e Higiene,Pack de 4 piezas de Jabón de Tocador Lirio Avena y Miel de 150 gr c/u,$67.63,$73.30
Cuidado Personal e Higiene,Crema Corporal Lubriderm Reparación Intensiva 400 ml,$70.00,$110.00
Cuidado Personal e Higiene,Shampoo Caprice Control caspa con Zinc y Eucalipto bote con 750 ml,$65.33,$70.00
Cuidado Personal e Higiene,Jabón de Tocador Rosa Venus Rosa 25 gr,$2.00,$4.00
Cuidado Personal e Higiene,Protectores Diarios Pantiprotector Naturella 40 Piezas,$40.27,$42.90
Cuidado Personal e Higiene,Talco Mexsana 160g,$86.49,$91.00
Cuidado Personal e Higiene,Crema Corporal Lubriderm Therapy UV 400 ml,$123.91,$127.80
Cuidado Personal e Higiene,Desodorante en Barra SecretPH Balanced 45 gr,$45.50,$69.00
Cuidado Personal e Higiene,Crema Corporal Lubriderm Therapy Piel Normal 400 ml,$70.00,$110.00
Huevo,Huevo Blanco Económico Avic,$724.50,
Huevo,Huevo Blanco Doña Clara,$731.40,
Huevo,Huevo Blanco Avic,$726.80,