fuente,tipo_fuente,fecha_captura,url,categoria,producto_raw,marca,presentacion,unidad_base,cantidad_empaque,precio_empaque,precio_unitario,min_piezas,precio_escalon,moneda,minimo_compra_pedido,notas,id_producto_proveedor
Exprezo,mayorista,2026-08-12,,,"Sopa Instantánea Maruchan con Camarón, Limón Y Habanero 64 gr.",,64 g,g,1,12.17,12.17,1,,MXN,,sitio_reporta_unidad=13.6 (no se usa; se calcula),exprezo-2-sopa-instant-nea-maruchan-con-camar-n-li
Exprezo,mayorista,2026-08-12,,,Pasta Spaghetti La Moderna 200 Gr,,200 g,g,1,6.85,6.85,1,,MXN,,sitio_reporta_unidad=7.7 (no se usa; se calcula),exprezo-3-pasta-spaghetti-la-moderna-200-gr
Exprezo,mayorista,2026-08-12,,,Mayonesa McCormick con limón 105 gr.,,105 g,g,1,16.5,16.5,1,,MXN,,sitio_reporta_unidad=18.0 (no se usa; se calcula),exprezo-4-mayonesa-mccormick-con-lim-n-105-gr-
Exprezo,mayorista,2026-08-12,,,Sopa Instantánea Maruchan con Camarón y Chile Piquín 64 gr.,,64 g,g,1,146.0,146.0,1,,MXN,,sitio_reporta_unidad=13.6 (no se usa; se calcula),exprezo-5-sopa-instant-nea-maruchan-con-camar-n-y-
Exprezo,mayorista,2026-08-12,,,Leche Condensada La Lechera 375 Gr,,375 g,g,1,24.46,24.46,1,,MXN,,sitio_reporta_unidad=27.2 (no se usa; se calcula),exprezo-6-leche-condensada-la-lechera-375-gr
Exprezo,mayorista,2026-08-12,,,Sopa Instantánea Maruchan con Camarón 64 gr.,,64 g,g,1,146.0,146.0,1,,MXN,,sitio_reporta_unidad=13.6 (no se usa; se calcula),exprezo-7-sopa-instant-nea-maruchan-con-camar-n-64
Exprezo,mayorista,2026-08-12,,,Sopa Instantánea Maruchan Sabor Pollo 64 gr.,,64 g,g,1,146.0,146.0,1,,MXN,,sitio_reporta_unidad=13.6 (no se usa; se calcula),exprezo-8-sopa-instant-nea-maruchan-sabor-pollo-64
Exprezo,mayorista,2026-08-12,,,Chiles La Costeña Jalapeños En Rajas 220 Gr,,220 g,g,1,14.82,14.82,1,,MXN,,sitio_reporta_unidad=17.5 (no se usa; se calcula),exprezo-9-chiles-la-coste-a-jalape-os-en-rajas-220
Exprezo,mayorista,2026-08-12,,,Chiles Chipotles San Marcos 100 Gr,,100 g,g,1,14.25,14.25,1,,MXN,,sitio_reporta_unidad=16.8 (no se usa; se calcula),exprezo-10-chiles-chipotles-san-marcos-100-gr
Exprezo,mayorista,2026-08-12,,,Chiles La Costeña Jalapeños En Rajas 105g,,105 g,g,1,8.35,8.35,1,,MXN,,sitio_reporta_unidad=9.5 (no se usa; se calcula),exprezo-11-chiles-la-coste-a-jalape-os-en-rajas-105
Exprezo,mayorista,2026-08-12,,,Chiles La Costeña Chipotle Adobados 105 Gr,,105 g,g,1,13.4,13.4,1,,MXN,,sitio_reporta_unidad=15.8 (no se usa; se calcula),exprezo-12-chiles-la-coste-a-chipotle-adobados-105-
Exprezo,mayorista,2026-08-12,,,"Chocolate Abuelita De Mesa #6, 540 Gr",,540 g,g,1,115.0,115.0,1,,MXN,,sitio_reporta_unidad=115.0 (no se usa; se calcula),exprezo-13-chocolate-abuelita-de-mesa-6-540-gr
Exprezo,mayorista,2026-08-12,,,Frijoles La Costeña Negros Refritos 580 Gr,,580 g,g,1,172.0,172.0,1,,MXN,,sitio_reporta_unidad=16.0 (no se usa; se calcula),exprezo-14-frijoles-la-coste-a-negros-refritos-580-
Exprezo,mayorista,2026-08-12,,,Mayonesa Mccormick #16 390g+ pilón 20%,,390 g,g,1,42.25,42.25,1,,MXN,,sitio_reporta_unidad=45.0 (no se usa; se calcula),exprezo-15-mayonesa-mccormick-16-390g-pil-n-20-
Exprezo,mayorista,2026-08-12,,,Mermelada McCormick fresa 270 gr.,,270 g,g,1,26.67,26.67,1,,MXN,,sitio_reporta_unidad=30.4 (no se usa; se calcula),exprezo-16-mermelada-mccormick-fresa-270-gr-
Exprezo,mayorista,2026-08-12,,,Salsa Catsup del Monte Squeeze 220 gr,,220 g,g,1,11.46,11.46,1,,MXN,,sitio_reporta_unidad=13.5 (no se usa; se calcula),exprezo-17-salsa-catsup-del-monte-squeeze-220-gr
Exprezo,mayorista,2026-08-12,,,Tajín Chile En Polvo 142 Gr,,142 g,g,1,35.41,35.41,1,,MXN,,sitio_reporta_unidad=38.5 (no se usa; se calcula),exprezo-18-taj-n-chile-en-polvo-142-gr
Exprezo,mayorista,2026-08-12,,,Puré La Costeña De Tomate Condimentado 350 Gr,,350 g,g,1,11.7,11.7,1,,MXN,,sitio_reporta_unidad=13.7 (no se usa; se calcula),exprezo-19-pur-la-coste-a-de-tomate-condimentado-35
Exprezo,mayorista,2026-08-12,,,Fécula De Maíz Maizena Natural 160 Gr,,160 g,g,1,20.61,20.61,1,,MXN,,sitio_reporta_unidad=22.9 (no se usa; se calcula),exprezo-20-f-cula-de-ma-z-maizena-natural-160-gr
Exprezo,mayorista,2026-08-12,,,Leche Condensada La Lecherita 100 gr,,100 g,g,1,10.21,10.21,1,,MXN,,sitio_reporta_unidad=11.4 (no se usa; se calcula),exprezo-21-leche-condensada-la-lecherita-100-gr
Exprezo,mayorista,2026-08-12,,,Gelatina D'Gari Sabor Uva 120 Gr,,120 g,g,1,10.76,10.76,1,,MXN,,sitio_reporta_unidad=12.0 (no se usa; se calcula),exprezo-22-gelatina-d-gari-sabor-uva-120-gr
Exprezo,mayorista,2026-08-12,,,Jugo Maggi Sazonador 100 Ml,,100 ml,ml,1,36.17,36.17,1,,MXN,,sitio_reporta_unidad=42.6 (no se usa; se calcula),exprezo-23-jugo-maggi-sazonador-100-ml
Exprezo,mayorista,2026-08-12,,,Elote Dorado La Costeña 220 Gr,,220 g,g,1,10.83,10.83,1,,MXN,,sitio_reporta_unidad=12.4 (no se usa; se calcula),exprezo-24-elote-dorado-la-coste-a-220-gr
Exprezo,mayorista,2026-08-12,,,Gelatina D'Gari Sabor Piña 120 Gr,,120 g,g,1,10.76,10.76,1,,MXN,,sitio_reporta_unidad=12.0 (no se usa; se calcula),exprezo-25-gelatina-d-gari-sabor-pi-a-120-gr
Exprezo,mayorista,2026-08-12,,,Elote Dorado La Costeña 410 Gr,,410 g,g,1,17.5,17.5,1,,MXN,,sitio_reporta_unidad=19.9 (no se usa; se calcula),exprezo-26-elote-dorado-la-coste-a-410-gr
Exprezo,mayorista,2026-08-12,,,Salsa Cátsup Clemente Jacques 340 Gr,,340 g,g,1,15.5,15.5,1,,MXN,,sitio_reporta_unidad=18.5 (no se usa; se calcula),exprezo-27-salsa-c-tsup-clemente-jacques-340-gr
Exprezo,mayorista,2026-08-12,,,Chiles La Costeña Enteros En Escabeche 220 Gr,,220 g,g,1,12.99,12.99,1,,MXN,,sitio_reporta_unidad=15.3 (no se usa; se calcula),exprezo-28-chiles-la-coste-a-enteros-en-escabeche-2
Exprezo,mayorista,2026-08-12,,,Ensalada De Verduras La Costeña 410 Gr,,410 g,g,1,15.48,15.48,1,,MXN,,sitio_reporta_unidad=17.6 (no se usa; se calcula),exprezo-29-ensalada-de-verduras-la-coste-a-410-gr
Exprezo,mayorista,2026-08-12,,,Mostaza McCormick preparada 220g,,220 g,g,1,20.81,20.81,1,,MXN,,sitio_reporta_unidad=23.2 (no se usa; se calcula),exprezo-30-mostaza-mccormick-preparada-220g
Exprezo,mayorista,2026-08-12,,,Sopa Maruchan Ramen con Camarón 85 gr.,,85 g,g,1,6.37,6.37,1,,MXN,,sitio_reporta_unidad=6.8 (no se usa; se calcula),exprezo-31-sopa-maruchan-ramen-con-camar-n-85-gr-
Exprezo,mayorista,2026-08-12,,,Granos de Elote Herdez 220g,,220 g,g,1,8.7,8.7,1,,MXN,,sitio_reporta_unidad=9.9 (no se usa; se calcula),exprezo-32-granos-de-elote-herdez-220g
Exprezo,mayorista,2026-08-12,,,Granos de Elote Herdez 400g,,400 g,g,1,13.9,13.9,1,,MXN,,sitio_reporta_unidad=15.2 (no se usa; se calcula),exprezo-33-granos-de-elote-herdez-400g
Exprezo,mayorista,2026-08-12,,,Pétalo Papel higiénico Ultra Resistente 4 Rollos con 300 Hojas c/u,,,pza,1,22.19,22.19,1,,MXN,,sitio_reporta_unidad=24.7 (no se usa; se calcula),exprezo-34-p-talo-papel-higi-nico-ultra-resistente-
Exprezo,mayorista,2026-08-12,,,Salsa Valentina Etiqueta Amarilla 1 L,,1000 ml,ml,1,27.04,27.04,1,,MXN,,sitio_reporta_unidad=31.9 (no se usa; se calcula),exprezo-35-salsa-valentina-etiqueta-amarilla-1-l
Exprezo,mayorista,2026-08-12,,,Ensalada de legumbres Herdez 400 g,,400 g,g,1,13.9,13.9,1,,MXN,,sitio_reporta_unidad=15.8 (no se usa; se calcula),exprezo-36-ensalada-de-legumbres-herdez-400-g
Exprezo,mayorista,2026-08-12,,,Vinagre De Manzana Barrilito 750 Ml,,750 ml,ml,1,19.33,19.33,1,,MXN,,sitio_reporta_unidad=23.6 (no se usa; se calcula),exprezo-37-vinagre-de-manzana-barrilito-750-ml
Exprezo,mayorista,2026-08-12,,,Papel Higiénico Regio Rinde + 400 HD 4 pzas.,,4 pza,pza,4,27.89,6.9725,1,,MXN,,sitio_reporta_unidad=31.7 (no se usa; se calcula),exprezo-38-papel-higi-nico-regio-rinde-400-hd-4-pza
Exprezo,mayorista,2026-08-12,,,Servilleta Prueba 125 pzas,,125 pza,pza,125,7.73,0.0618,1,,MXN,,sitio_reporta_unidad=8.9 (no se usa; se calcula),exprezo-39-servilleta-prueba-125-pzas
Exprezo,mayorista,2026-08-12,,,Chocolate En Polvo Choco Milk Bolsa 160 Gr,,160 g,g,1,27.54,27.54,1,,MXN,,sitio_reporta_unidad=30.9 (no se usa; se calcula),exprezo-40-chocolate-en-polvo-choco-milk-bolsa-160-
Exprezo,mayorista,2026-08-12,,,Rajas De Chiles Verdes La Morena 210 Gr,,210 g,g,1,17.25,17.25,1,,MXN,,sitio_reporta_unidad=19.5 (no se usa; se calcula),exprezo-41-rajas-de-chiles-verdes-la-morena-210-gr
Exprezo,mayorista,2026-08-12,,,Media Crema Nestlé 225 Gr,,225 g,g,1,19.12,19.12,1,,MXN,,sitio_reporta_unidad=21.5 (no se usa; se calcula),exprezo-42-media-crema-nestl-225-gr
Exprezo,mayorista,2026-08-12,,,Chiles La Costeña Picados En Escabeche 220 Gr,,220 g,g,1,15.0,15.0,1,,MXN,,sitio_reporta_unidad=17.7 (no se usa; se calcula),exprezo-43-chiles-la-coste-a-picados-en-escabeche-2
Exprezo,mayorista,2026-08-12,,,Salsa De Chile Chipotle San Marcos 215 Gr,,215 g,g,1,17.26,17.26,1,,MXN,,sitio_reporta_unidad=20.1 (no se usa; se calcula),exprezo-44-salsa-de-chile-chipotle-san-marcos-215-g
Exprezo,mayorista,2026-08-12,,,Frijoles Bayos La Sierra Refritos 430 Gr,,430 g,g,1,14.75,14.75,1,,MXN,,sitio_reporta_unidad=16.5 (no se usa; se calcula),exprezo-45-frijoles-bayos-la-sierra-refritos-430-gr
Exprezo,mayorista,2026-08-12,,,Gelatina D'Gari de Leche Sabor Fresa 120 Gr,,120 g,g,1,10.76,10.76,1,,MXN,,sitio_reporta_unidad=12.0 (no se usa; se calcula),exprezo-46-gelatina-d-gari-de-leche-sabor-fresa-120
Exprezo,mayorista,2026-08-12,,,Mermelada De Fresa Clemente Jacques 270 Gr,,270 g,g,1,21.9,21.9,1,,MXN,,sitio_reporta_unidad=24.9 (no se usa; se calcula),exprezo-47-mermelada-de-fresa-clemente-jacques-270-
Exprezo,mayorista,2026-08-12,,,Mostaza McCormick preparada 115 gr.,,115 g,g,1,11.42,11.42,1,,MXN,,sitio_reporta_unidad=13.0 (no se usa; se calcula),exprezo-48-mostaza-mccormick-preparada-115-gr-
Exprezo,mayorista,2026-08-12,,,Gelatina D'Gari Sabor Naranja 120 Gr,,120 g,g,1,10.76,10.76,1,,MXN,,sitio_reporta_unidad=12.0 (no se usa; se calcula),exprezo-49-gelatina-d-gari-sabor-naranja-120-gr
Exprezo,mayorista,2026-08-12,,,Gelatina D'Gari Sabor Chocolate 120 Gr,,120 g,g,1,10.76,10.76,1,,MXN,,sitio_reporta_unidad=12.0 (no se usa; se calcula),exprezo-50-gelatina-d-gari-sabor-chocolate-120-gr
Exprezo,mayorista,2026-08-12,,,Tira de Consome Knorr Tomate 24 pzas,,24 pza,pza,24,84.3,3.5125,1,,MXN,,sitio_reporta_unidad=84.3 (no se usa; se calcula),exprezo-51-tira-de-consome-knorr-tomate-24-pzas
Exprezo,mayorista,2026-08-12,,,Sazonador Knorr Rojo Mi Arroz 10 Piezas,,10 pza,pza,10,62.03,6.203,1,,MXN,,sitio_reporta_unidad=62.03 (no se usa; se calcula),exprezo-52-sazonador-knorr-rojo-mi-arroz-10-piezas
Exprezo,mayorista,2026-08-12,,,Chiles La Costeña Jalapeños En Rajas 380 Gr,,380 g,g,1,27.9,27.9,1,,MXN,,sitio_reporta_unidad=32.9 (no se usa; se calcula),exprezo-53-chiles-la-coste-a-jalape-os-en-rajas-380
Exprezo,mayorista,2026-08-12,,,Pasta De Adobo De Achiote La Anita 110 Gr,,110 g,g,1,12.44,12.44,1,,MXN,,sitio_reporta_unidad=15.4 (no se usa; se calcula),exprezo-54-pasta-de-adobo-de-achiote-la-anita-110-g
Exprezo,mayorista,2026-08-12,,,Gelatina D'Gari Sabor Mora Silvestre 120 Gr,,120 g,g,1,10.76,10.76,1,,MXN,,sitio_reporta_unidad=12.0 (no se usa; se calcula),exprezo-55-gelatina-d-gari-sabor-mora-silvestre-120
Exprezo,mayorista,2026-08-12,,,Gelatina D'Gari Sabor Pistache 120 Gr,,120 g,g,1,10.76,10.76,1,,MXN,,sitio_reporta_unidad=12.0 (no se usa; se calcula),exprezo-56-gelatina-d-gari-sabor-pistache-120-gr
Exprezo,mayorista,2026-08-12,,,Gelatina D'Gari Sabor Jerez 120 Gr,,120 g,g,1,10.76,10.76,1,,MXN,,sitio_reporta_unidad=12.0 (no se usa; se calcula),exprezo-57-gelatina-d-gari-sabor-jerez-120-gr
Exprezo,mayorista,2026-08-12,,,Pasta Para Sopa Tornillo La Moderna 200 Gr,,200 g,g,1,6.85,6.85,1,,MXN,,sitio_reporta_unidad=7.7 (no se usa; se calcula),exprezo-58-pasta-para-sopa-tornillo-la-moderna-200-
Exprezo,mayorista,2026-08-12,,,Rebanadas De Piña En Almíbar Clemente Jacques 800 Gr,,800 g,g,1,55.5,55.5,1,,MXN,,sitio_reporta_unidad=63.1 (no se usa; se calcula),exprezo-59-rebanadas-de-pi-a-en-alm-bar-clemente-ja
Exprezo,mayorista,2026-08-12,,,Ensalada de legumbres Herdez 220 g,,220 g,g,1,8.7,8.7,1,,MXN,,sitio_reporta_unidad=9.9 (no se usa; se calcula),exprezo-60-ensalada-de-legumbres-herdez-220-g
Exprezo,mayorista,2026-08-12,,,Harina Para Hot Cakes 3 Estrellas 500 Gr,,500 g,g,1,20.66,20.66,1,,MXN,,sitio_reporta_unidad=23.5 (no se usa; se calcula),exprezo-61-harina-para-hot-cakes-3-estrellas-500-gr
Exprezo,mayorista,2026-08-12,,,Pasta Para Sopa Tallarín No. 1 La Moderna 200 Gr,,200 g,g,1,6.85,6.85,1,,MXN,,sitio_reporta_unidad=7.7 (no se usa; se calcula),exprezo-62-pasta-para-sopa-tallar-n-no-1-la-moderna
Exprezo,mayorista,2026-08-12,,,Bicarbonato La Casita Tira Con 30 Piezas,,30 pza,pza,30,27.7,0.9233,1,,MXN,,sitio_reporta_unidad=27.7 (no se usa; se calcula),exprezo-63-bicarbonato-la-casita-tira-con-30-piezas
Exprezo,mayorista,2026-08-12,,,Papel Higiénico Vogue 6 Rollos con 600 hojas c/u,,,pza,1,48.75,48.75,1,,MXN,,sitio_reporta_unidad=55.4 (no se usa; se calcula),exprezo-64-papel-higi-nico-vogue-6-rollos-con-600-h
Exprezo,mayorista,2026-08-12,,,Salsa BBQ Hunt's Original 305 Gr,,305 g,g,1,26.83,26.83,1,,MXN,,sitio_reporta_unidad=29.9 (no se usa; se calcula),exprezo-65-salsa-bbq-hunt-s-original-305-gr
Exprezo,mayorista,2026-08-12,,,Sazonador Knorr Blanco Mi Arroz 10 Piezas,,10 pza,pza,10,62.03,6.203,1,,MXN,,sitio_reporta_unidad=62.03 (no se usa; se calcula),exprezo-66-sazonador-knorr-blanco-mi-arroz-10-pieza
Exprezo,mayorista,2026-08-12,,,Gelatina D'Gari Sabor Durazno 120 Gr,,120 g,g,1,10.76,10.76,1,,MXN,,sitio_reporta_unidad=12.0 (no se usa; se calcula),exprezo-67-gelatina-d-gari-sabor-durazno-120-gr
Exprezo,mayorista,2026-08-12,,,Té De Manzanilla La Pastora 25 Sobres,,,pza,1,17.95,17.95,1,,MXN,,sitio_reporta_unidad=20.5 (no se usa; se calcula),exprezo-68-t-de-manzanilla-la-pastora-25-sobres
Exprezo,mayorista,2026-08-12,,,Salsa Inglesa Crosse & Blackwell 145 Ml,,145 ml,ml,1,36.67,36.67,1,,MXN,,sitio_reporta_unidad=40.0 (no se usa; se calcula),exprezo-69-salsa-inglesa-crosse-blackwell-145-ml
Exprezo,mayorista,2026-08-12,,,Gelatina D'Gari Sabor Vainilla 120 Gr,,120 g,g,1,10.76,10.76,1,,MXN,,sitio_reporta_unidad=12.0 (no se usa; se calcula),exprezo-70-gelatina-d-gari-sabor-vainilla-120-gr
Exprezo,mayorista,2026-08-12,,,Saborizante Vainilla San Lucas 12 Piezas,,12 pza,pza,12,33.8,2.8167,1,,MXN,,sitio_reporta_unidad=33.8 (no se usa; se calcula),exprezo-71-saborizante-vainilla-san-lucas-12-piezas
Exprezo,mayorista,2026-08-12,,,Chocolate En Polvo Morelia 155 Gr,,155 g,g,1,19.14,19.14,1,,MXN,,sitio_reporta_unidad=21.8 (no se usa; se calcula),exprezo-72-chocolate-en-polvo-morelia-155-gr
Exprezo,mayorista,2026-08-12,,,Chiles Chipotles La Morena 100 Gr,,100 g,g,1,15.5,15.5,1,,MXN,,sitio_reporta_unidad=17.3 (no se usa; se calcula),exprezo-73-chiles-chipotles-la-morena-100-gr
Exprezo,mayorista,2026-08-12,,,Papel Higiénico Mr. Big 600 HD 4 Pzas,,4 pza,pza,4,27.95,6.9875,1,,MXN,,sitio_reporta_unidad=28.5 (no se usa; se calcula),exprezo-74-papel-higi-nico-mr-big-600-hd-4-pzas
Exprezo,mayorista,2026-08-12,,,Gelatina D'Gari Sabor Frutos Rojos 120 Gr,,120 g,g,1,10.76,10.76,1,,MXN,,sitio_reporta_unidad=12.0 (no se usa; se calcula),exprezo-75-gelatina-d-gari-sabor-frutos-rojos-120-g
Exprezo,mayorista,2026-08-12,,,Gelatina D'Gari Sabor Rompope 120 Gr,,120 g,g,1,10.76,10.76,1,,MXN,,sitio_reporta_unidad=12.0 (no se usa; se calcula),exprezo-76-gelatina-d-gari-sabor-rompope-120-gr
Exprezo,mayorista,2026-08-12,,,Servilletas Pétalo 220 piezas,,220 pza,pza,220,30.0,0.1364,1,,MXN,,sitio_reporta_unidad=35.3 (no se usa; se calcula),exprezo-77-servilletas-p-talo-220-piezas
Exprezo,mayorista,2026-08-12,,,Sopa Knorr Estrella Exhibidor Con 6 Bolsas,,,pza,1,106.0,106.0,1,,MXN,,sitio_reporta_unidad=106.0 (no se usa; se calcula),exprezo-78-sopa-knorr-estrella-exhibidor-con-6-bols
Exprezo,mayorista,2026-08-12,,,Chiles Jalapeños La Morena 210 Gr,,210 g,g,1,14.8,14.8,1,,MXN,,sitio_reporta_unidad=16.5 (no se usa; se calcula),exprezo-79-chiles-jalape-os-la-morena-210-gr
Exprezo,mayorista,2026-08-12,,,Sopa Knorr Municiones Exhibidor Con 6 Bolsas,,,pza,1,106.0,106.0,1,,MXN,,sitio_reporta_unidad=106.0 (no se usa; se calcula),exprezo-80-sopa-knorr-municiones-exhibidor-con-6-bo
Exprezo,mayorista,2026-08-12,,,Champiñones Herdez Rebanados 186g,,186 g,g,1,18.96,18.96,1,,MXN,,sitio_reporta_unidad=22.4 (no se usa; se calcula),exprezo-81-champi-ones-herdez-rebanados-186g
Exprezo,mayorista,2026-08-12,,,Mayonesa McCormick con limón 725 g,,725 g,g,1,69.18,69.18,1,,MXN,,sitio_reporta_unidad=78.7 (no se usa; se calcula),exprezo-82-mayonesa-mccormick-con-lim-n-725-g
Exprezo,mayorista,2026-08-12,,,Maizena Atole Fécula De Maíz Sabor Fresa 47 gr.,,47 g,g,1,11.3,11.3,1,,MXN,,sitio_reporta_unidad=11.3 (no se usa; se calcula),exprezo-83-maizena-atole-f-cula-de-ma-z-sabor-fresa
Exprezo,mayorista,2026-08-12,,,Flan D'Gari Sabor Vainilla 140 Gr,,140 g,g,1,8.99,8.99,1,,MXN,,sitio_reporta_unidad=11.1 (no se usa; se calcula),exprezo-84-flan-d-gari-sabor-vainilla-140-gr
Exprezo,mayorista,2026-08-12,,,Café De Grano Legal Con Azúcar Y Canela 30 Sobres,,,pza,1,282.0,282.0,1,,MXN,,sitio_reporta_unidad=282.0 (no se usa; se calcula),exprezo-85-caf-de-grano-legal-con-az-car-y-canela-3
Exprezo,mayorista,2026-08-12,,,Pétalo Papel higiénico Ultra Resistente Jumbo 6 Rollos con 500 Hojas c/u,,,pza,1,51.5,51.5,1,,MXN,,sitio_reporta_unidad=57.3 (no se usa; se calcula),exprezo-86-p-talo-papel-higi-nico-ultra-resistente-
Exprezo,mayorista,2026-08-12,,,Avena Integral Granvita 400 Gr,,400 g,g,1,11.07,11.07,1,,MXN,,sitio_reporta_unidad=12.4 (no se usa; se calcula),exprezo-87-avena-integral-granvita-400-gr
Exprezo,mayorista,2026-08-12,,,Gelatina D'Gari Sabor Grosella 120 Gr,,120 g,g,1,10.76,10.76,1,,MXN,,sitio_reporta_unidad=12.0 (no se usa; se calcula),exprezo-88-gelatina-d-gari-sabor-grosella-120-gr
Exprezo,mayorista,2026-08-12,,,Frijoles Bayos La Sierra Refritos 580 Gr,,580 g,g,1,15.0,15.0,1,,MXN,,sitio_reporta_unidad=16.7 (no se usa; se calcula),exprezo-89-frijoles-bayos-la-sierra-refritos-580-gr
Exprezo,mayorista,2026-08-12,,,Salsa BBQ Hunt's Original 620 Gr,,620 g,g,1,37.19,37.19,1,,MXN,,sitio_reporta_unidad=41.4 (no se usa; se calcula),exprezo-90-salsa-bbq-hunt-s-original-620-gr
Exprezo,mayorista,2026-08-12,,,Frijoles Refritos Bayos en Lata La Costeña 820 gr,,820 g,g,1,23.79,23.79,1,,MXN,,sitio_reporta_unidad=23.79 (no se usa; se calcula),exprezo-91-frijoles-refritos-bayos-en-lata-la-coste
Exprezo,mayorista,2026-08-12,,,Maizena Atole Fécula De Maíz Sabor Chocolate 45 Gr,,45 g,g,1,11.3,11.3,1,,MXN,,sitio_reporta_unidad=11.3 (no se usa; se calcula),exprezo-92-maizena-atole-f-cula-de-ma-z-sabor-choco
Exprezo,mayorista,2026-08-12,,,Servilletas Pétalo 420 piezas,,420 pza,pza,420,45.83,0.1091,1,,MXN,,sitio_reporta_unidad=49.9 (no se usa; se calcula),exprezo-93-servilletas-p-talo-420-piezas
Exprezo,mayorista,2026-08-12,,,Cereal Kellogg's Zucaritas 125 Gr,,125 g,g,1,23.25,23.25,1,,MXN,,sitio_reporta_unidad=25.5 (no se usa; se calcula),exprezo-94-cereal-kellogg-s-zucaritas-125-gr
Exprezo,mayorista,2026-08-12,,,Sopa Knorr Letras Exhibidor Con 6 Bolsas,,,pza,1,106.0,106.0,1,,MXN,,sitio_reporta_unidad=106.0 (no se usa; se calcula),exprezo-95-sopa-knorr-letras-exhibidor-con-6-bolsas
Exprezo,mayorista,2026-08-12,,,Té De Limón La Pastora 25 Sobres,,,pza,1,17.95,17.95,1,,MXN,,sitio_reporta_unidad=20.5 (no se usa; se calcula),exprezo-96-t-de-lim-n-la-pastora-25-sobres
Exprezo,mayorista,2026-08-12,,,Canela Entera IET Tira Con 26 Piezas,,26 pza,pza,26,132.42,5.0931,1,,MXN,,sitio_reporta_unidad=132.42 (no se usa; se calcula),exprezo-97-canela-entera-iet-tira-con-26-piezas
Exprezo,mayorista,2026-08-12,,,Leche Evaporada Carnation Clavel 1kg,,1000 g,g,1,46.0,46.0,1,,MXN,,sitio_reporta_unidad=46.0 (no se usa; se calcula),exprezo-98-leche-evaporada-carnation-clavel-1kg
Exprezo,mayorista,2026-08-12,,,Frijoles Refritos bayos Isadora Pouch 220 gr.,,220 g,g,1,9.22,9.22,1,,MXN,,sitio_reporta_unidad=10.5 (no se usa; se calcula),exprezo-99-frijoles-refritos-bayos-isadora-pouch-22
Exprezo,mayorista,2026-08-12,,,Pasta Spaghetti La Moderna 500 gr.,,500 g,g,1,17.28,17.28,1,,MXN,,sitio_reporta_unidad=19.0 (no se usa; se calcula),exprezo-100-pasta-spaghetti-la-moderna-500-gr-
Exprezo,mayorista,2026-08-12,,,Mole Doña María rojo en pasta 235 g,,235 g,g,1,49.19,49.19,1,,MXN,,sitio_reporta_unidad=57.9 (no se usa; se calcula),exprezo-101-mole-do-a-mar-a-rojo-en-pasta-235-g
Exprezo,mayorista,2026-08-12,,,Nutella Crema De Avellanas 350 Gr,,350 g,g,1,80.81,80.81,1,,MXN,,sitio_reporta_unidad=82.5 (no se usa; se calcula),exprezo-102-nutella-crema-de-avellanas-350-gr
Exprezo,mayorista,2026-08-12,,,Gelatina D'Gari Sabor Nuez 120 Gr,,120 g,g,1,10.76,10.76,1,,MXN,,sitio_reporta_unidad=12.0 (no se usa; se calcula),exprezo-103-gelatina-d-gari-sabor-nuez-120-gr
Exprezo,mayorista,2026-08-12,,,Gelatina D'Gari Sabor Mango Manila 120 Gr,,120 g,g,1,10.76,10.76,1,,MXN,,sitio_reporta_unidad=12.0 (no se usa; se calcula),exprezo-104-gelatina-d-gari-sabor-mango-manila-120-g
Exprezo,mayorista,2026-08-12,,,Sustituto De Crema Para Café En Polvo Coffee Mate 160 Gr,,160 g,g,1,33.57,33.57,1,,MXN,,sitio_reporta_unidad=37.3 (no se usa; se calcula),exprezo-105-sustituto-de-crema-para-caf-en-polvo-cof
Exprezo,mayorista,2026-08-12,,,Frijoles Bayos La Sierra Enteros 560 Gr,,560 g,g,1,14.0,14.0,1,,MXN,,sitio_reporta_unidad=15.6 (no se usa; se calcula),exprezo-106-frijoles-bayos-la-sierra-enteros-560-gr
Exprezo,mayorista,2026-08-12,,,Chiles Chipotles La Morena 210 Gr,,210 g,g,1,27.92,27.92,1,,MXN,,sitio_reporta_unidad=31.1 (no se usa; se calcula),exprezo-107-chiles-chipotles-la-morena-210-gr
Exprezo,mayorista,2026-08-12,,,Maizena Atole Fécula De Maíz Sabor Vainilla 47 gr.,,47 g,g,1,11.3,11.3,1,,MXN,,sitio_reporta_unidad=11.3 (no se usa; se calcula),exprezo-108-maizena-atole-f-cula-de-ma-z-sabor-vaini
Exprezo,mayorista,2026-08-12,,,Tomates molidos Del Fuerte condimentados 345 g,,345 g,g,1,13.95,13.95,1,,MXN,,sitio_reporta_unidad=16.5 (no se usa; se calcula),exprezo-109-tomates-molidos-del-fuerte-condimentados
Exprezo,mayorista,2026-08-12,,,Salsa Herdez Verde 240g,,240 g,g,1,19.24,19.24,1,,MXN,,sitio_reporta_unidad=22.9 (no se usa; se calcula),exprezo-110-salsa-herdez-verde-240g
Exprezo,mayorista,2026-08-12,,,Papel higiénico Love it empaque Individual 4 Pzas 600 HD,,4 pza,pza,4,26.9,6.725,1,,MXN,,sitio_reporta_unidad=27.9 (no se usa; se calcula),exprezo-111-papel-higi-nico-love-it-empaque-individu
Exprezo,mayorista,2026-08-12,,,Chocolate Ibarra En Tableta 540 Gr,,540 g,g,1,120.6,120.6,1,,MXN,,sitio_reporta_unidad=120.6 (no se usa; se calcula),exprezo-112-chocolate-ibarra-en-tableta-540-gr
Exprezo,mayorista,2026-08-12,,,Miel de abeja Carlota 300 g,,300 g,g,1,52.88,52.88,1,,MXN,,sitio_reporta_unidad=63.8 (no se usa; se calcula),exprezo-113-miel-de-abeja-carlota-300-g
Exprezo,mayorista,2026-08-12,,,Cereal Kellogg's Froot Loops 90 Gr,,90 g,g,1,23.25,23.25,1,,MXN,,sitio_reporta_unidad=25.5 (no se usa; se calcula),exprezo-114-cereal-kellogg-s-froot-loops-90-gr
Exprezo,mayorista,2026-08-12,,,Leche Evaporada Carnation Clavel 720 Gr,,720 g,g,1,42.13,42.13,1,,MXN,,sitio_reporta_unidad=48.9 (no se usa; se calcula),exprezo-115-leche-evaporada-carnation-clavel-720-gr
Exprezo,mayorista,2026-08-12,,,Tira De Canela Aliguma 15 Piezas,,15 pza,pza,15,61.2,4.08,1,,MXN,,sitio_reporta_unidad=61.2 (no se usa; se calcula),exprezo-116-tira-de-canela-aliguma-15-piezas
Exprezo,mayorista,2026-08-12,,,Avena Quaker 3 Minutos Cereal Mixto 400 Gr,,400 g,g,1,36.38,36.38,1,,MXN,,sitio_reporta_unidad=40.5 (no se usa; se calcula),exprezo-117-avena-quaker-3-minutos-cereal-mixto-400-
Exprezo,mayorista,2026-08-12,,,Chícharos Herdez 400 Gr,,400 g,g,1,15.5,15.5,1,,MXN,,sitio_reporta_unidad=17.9 (no se usa; se calcula),exprezo-118-ch-charos-herdez-400-gr
Exprezo,mayorista,2026-08-12,,,Papel Higiénico Elite Big Roll 6 Rollos con 550 Hojas Dobles c/u,,,pza,1,47.75,47.75,1,,MXN,,sitio_reporta_unidad=52.0 (no se usa; se calcula),exprezo-119-papel-higi-nico-elite-big-roll-6-rollos-
Exprezo,mayorista,2026-08-12,,,Salsa Herdez Casera 240g,,240 g,g,1,19.24,19.24,1,,MXN,,sitio_reporta_unidad=21.5 (no se usa; se calcula),exprezo-120-salsa-herdez-casera-240g
Exprezo,mayorista,2026-08-12,,,Mayonesa McCormick con limón 1.4 Kg,,4000 g,g,1,130.3,130.3,1,,MXN,,sitio_reporta_unidad=130.3 (no se usa; se calcula),exprezo-121-mayonesa-mccormick-con-lim-n-1-4-kg
Exprezo,mayorista,2026-08-12,,,Salsa de Tomate Embasa 1 kg,,1000 g,g,1,24.2,24.2,1,,MXN,,sitio_reporta_unidad=24.2 (no se usa; se calcula),exprezo-122-salsa-de-tomate-embasa-1-kg
Exprezo,mayorista,2026-08-12,,,Piña En Almíbar En Rebanadas Santa Mónica 800 Gr,,800 g,g,1,59.04,59.04,1,,MXN,,sitio_reporta_unidad=67.5 (no se usa; se calcula),exprezo-123-pi-a-en-alm-bar-en-rebanadas-santa-m-nic
Exprezo,mayorista,2026-08-12,,,Servitoalla Pétalo Práctica 160 Hojas Dobles,,,pza,1,17.9,17.9,1,,MXN,,sitio_reporta_unidad=19.5 (no se usa; se calcula),exprezo-124-servitoalla-p-talo-pr-ctica-160-hojas-do
Exprezo,mayorista,2026-08-12,,,Chocolate En Polvo Morelia 357 Gr,,357 g,g,1,39.9,39.9,1,,MXN,,sitio_reporta_unidad=44.4 (no se usa; se calcula),exprezo-125-chocolate-en-polvo-morelia-357-gr
Exprezo,mayorista,2026-08-12,,,Gelatina D'Gari Sabor Frambuesa 120 Gr,,120 g,g,1,10.76,10.76,1,,MXN,,sitio_reporta_unidad=12.0 (no se usa; se calcula),exprezo-126-gelatina-d-gari-sabor-frambuesa-120-gr
Exprezo,mayorista,2026-08-12,,,Chiles Jalapeños en Lata Súper Latón Clemente Jacques 3.65 kg,,65000 g,g,1,83.9,83.9,1,,MXN,,sitio_reporta_unidad=83.9 (no se usa; se calcula),exprezo-127-chiles-jalape-os-en-lata-s-per-lat-n-cle
Exprezo,mayorista,2026-08-12,,,Jarabe De Maíz Karo Maple 250 Gr,,250 g,g,1,42.1,42.1,1,,MXN,,sitio_reporta_unidad=50.8 (no se usa; se calcula),exprezo-128-jarabe-de-ma-z-karo-maple-250-gr
Exprezo,mayorista,2026-08-12,,,Tomates molidos Del Fuerte condimentados 210 g,,210 g,g,1,8.66,8.66,1,,MXN,,sitio_reporta_unidad=10.5 (no se usa; se calcula),exprezo-129-tomates-molidos-del-fuerte-condimentados
Exprezo,mayorista,2026-08-12,,,Frijoles Negros La Sierra Refritos 580 Gr,,580 g,g,1,15.0,15.0,1,,MXN,,sitio_reporta_unidad=16.7 (no se usa; se calcula),exprezo-130-frijoles-negros-la-sierra-refritos-580-g
Exprezo,mayorista,2026-08-12,,,Servitoalla Toalla De Papel pétalo 1 rollo con 180 hojas,,,pza,1,23.4,23.4,1,,MXN,,sitio_reporta_unidad=26.0 (no se usa; se calcula),exprezo-131-servitoalla-toalla-de-papel-p-talo-1-rol
Exprezo,mayorista,2026-08-12,,,Cereal Corn Flakes El Original Kellogg's 150 Gr,,150 g,g,1,22.2,22.2,1,,MXN,,sitio_reporta_unidad=23.9 (no se usa; se calcula),exprezo-132-cereal-corn-flakes-el-original-kellogg-s
Exprezo,mayorista,2026-08-12,,,Duraznos En Almíbar La Costeña 820 Gr,,820 g,g,1,58.83,58.83,1,,MXN,,sitio_reporta_unidad=66.5 (no se usa; se calcula),exprezo-133-duraznos-en-alm-bar-la-coste-a-820-gr
Exprezo,mayorista,2026-08-12,,,Cereal Kellogg's Zucaritas 600 g,,600 g,g,1,64.19,64.19,1,,MXN,,sitio_reporta_unidad=69.1 (no se usa; se calcula),exprezo-134-cereal-kellogg-s-zucaritas-600-g
Exprezo,mayorista,2026-08-12,,,Servilleta línea Verde,,,pza,1,19.79,19.79,1,,MXN,,sitio_reporta_unidad=22.5 (no se usa; se calcula),exprezo-135-servilleta-l-nea-verde
Exprezo,mayorista,2026-08-12,,,Cereal Choco Krispis 290 Gr,,290 g,g,1,42.25,42.25,1,,MXN,,sitio_reporta_unidad=45.5 (no se usa; se calcula),exprezo-136-cereal-choco-krispis-290-gr
Exprezo,mayorista,2026-08-12,,,Duraznos En Almibar Santa Mónica En mitades Lata 820 gr.,,820 g,g,1,47.96,47.96,1,,MXN,,sitio_reporta_unidad=49.9 (no se usa; se calcula),exprezo-137-duraznos-en-almibar-santa-m-nica-en-mita
Exprezo,mayorista,2026-08-12,,,Rajas de Jalapeño La Costeña Mi Latota 3.8 kg,,8000 g,g,1,163.92,163.92,1,,MXN,,sitio_reporta_unidad=163.92 (no se usa; se calcula),exprezo-138-rajas-de-jalape-o-la-coste-a-mi-latota-3
Exprezo,mayorista,2026-08-12,,,Toalla de cocina Rinde Hogar Ecológica 160 HD,,,pza,1,10.56,10.56,1,,MXN,,sitio_reporta_unidad=10.9 (no se usa; se calcula),exprezo-139-toalla-de-cocina-rinde-hogar-ecol-gica-1
Exprezo,mayorista,2026-08-12,,,Chiles Chilpotles Herdez Enteros en Adobo 198g,,198 g,g,1,25.0,25.0,1,,MXN,,sitio_reporta_unidad=27.9 (no se usa; se calcula),exprezo-140-chiles-chilpotles-herdez-enteros-en-adob
Exprezo,mayorista,2026-08-12,,,Rajas de Chiles Jalapeños Herdez en Escabeche 205g,,205 g,g,1,12.62,12.62,1,,MXN,,sitio_reporta_unidad=14.5 (no se usa; se calcula),exprezo-141-rajas-de-chiles-jalape-os-herdez-en-esca
Exprezo,mayorista,2026-08-12,,,Salsa Catsup Squeeze La Costeña 385g,,385 g,g,1,11.08,11.08,1,,MXN,,sitio_reporta_unidad=11.08 (no se usa; se calcula),exprezo-142-salsa-catsup-squeeze-la-coste-a-385g
Exprezo,mayorista,2026-08-12,,,Leche Evaporada Asturias 1L,,1000 ml,ml,1,44.0,44.0,1,,MXN,,sitio_reporta_unidad=44.0 (no se usa; se calcula),exprezo-143-leche-evaporada-asturias-1l
Exprezo,mayorista,2026-08-12,,,Fécula de Maíz Natural Maizena 750 gr.,,750 g,g,1,75.9,75.9,1,,MXN,,sitio_reporta_unidad=75.9 (no se usa; se calcula),exprezo-144-f-cula-de-ma-z-natural-maizena-750-gr-
Exprezo,mayorista,2026-08-12,,,Mayonesa Con Limon Star Value Bote 3.45 Kg,,45000 g,g,1,233.1,233.1,1,,MXN,,sitio_reporta_unidad=233.1 (no se usa; se calcula),exprezo-145-mayonesa-con-limon-star-value-bote-3-45-
Exprezo,mayorista,2026-08-12,,,Aceite Vegetal 123 Botella 1 Litro,,1000 ml,ml,1,39.83,39.83,1,,MXN,,sitio_reporta_unidad=44.3 (no se usa; se calcula),exprezo-146-aceite-vegetal-123-botella-1-litro
Exprezo,mayorista,2026-08-12,,,Atún Dolores en Agua Lata 133 gr.,,133 g,g,1,18.94,18.94,1,,MXN,,sitio_reporta_unidad=20.2 (no se usa; se calcula),exprezo-147-at-n-dolores-en-agua-lata-133-gr-
Exprezo,mayorista,2026-08-12,,,Atún Dolores En Aceite 133 Gr,,133 g,g,1,18.94,18.94,1,,MXN,,sitio_reporta_unidad=20.2 (no se usa; se calcula),exprezo-148-at-n-dolores-en-aceite-133-gr
Exprezo,mayorista,2026-08-12,,,"Aceite Vegetal 123, 500 ml",,500 ml,ml,1,21.88,21.88,1,,MXN,,sitio_reporta_unidad=24.4 (no se usa; se calcula),exprezo-149-aceite-vegetal-123-500-ml
Exprezo,mayorista,2026-08-12,,,Leche Fórmula Láctea NutriLeche 1 Litro,,1000 ml,ml,1,18.33,18.33,1,,MXN,,sitio_reporta_unidad=21.9 (no se usa; se calcula),exprezo-150-leche-f-rmula-l-ctea-nutrileche-1-litro
Exprezo,mayorista,2026-08-12,,,Leche Alpura Clásica 1 L,,1000 ml,ml,1,24.75,24.75,1,,MXN,,sitio_reporta_unidad=27.0 (no se usa; se calcula),exprezo-151-leche-alpura-cl-sica-1-l
Exprezo,mayorista,2026-08-12,,,Pasta Para Sopa Fideo No. 0 La Moderna 200 Gr,,200 g,g,1,6.85,6.85,1,,MXN,,sitio_reporta_unidad=7.7 (no se usa; se calcula),exprezo-152-pasta-para-sopa-fideo-no-0-la-moderna-20
Exprezo,mayorista,2026-08-12,,,Café Soluble Nescafé Clásico 28 Gr,,28 g,g,1,25.5,25.5,1,,MXN,,sitio_reporta_unidad=27.8 (no se usa; se calcula),exprezo-153-caf-soluble-nescaf-cl-sico-28-gr
Exprezo,mayorista,2026-08-12,,,Bolsa de Sal Natural Yodada Fluorada La Fina 1 Kg,,1000 g,g,1,18.61,18.61,1,,MXN,,sitio_reporta_unidad=22.5 (no se usa; se calcula),exprezo-154-bolsa-de-sal-natural-yodada-fluorada-la-
Exprezo,mayorista,2026-08-12,,,Leche Alpura Deslactosada 1 L,,1000 ml,ml,1,294.0,294.0,1,,MXN,,sitio_reporta_unidad=26.7 (no se usa; se calcula),exprezo-155-leche-alpura-deslactosada-1-l
Exprezo,mayorista,2026-08-12,,,Aceite de Soya Comestible Nutrioli 800 ml,,800 ml,ml,1,36.17,36.17,1,,MXN,,sitio_reporta_unidad=40.2 (no se usa; se calcula),exprezo-156-aceite-de-soya-comestible-nutrioli-800-m
Exprezo,mayorista,2026-08-12,,,Arroz Sinaloa A Granel,,,pza,1,15.3,15.3,1,,MXN,,,exprezo-157-arroz-sinaloa-a-granel
Exprezo,mayorista,2026-08-12,,,Pasta Para Sopa Munición La Moderna 200 Gr,,200 g,g,1,6.85,6.85,1,,MXN,,sitio_reporta_unidad=7.7 (no se usa; se calcula),exprezo-158-pasta-para-sopa-munici-n-la-moderna-200-
Exprezo,mayorista,2026-08-12,,,Pasta Para Sopa Fideo No. 2 La Moderna 200 Gr,,200 g,g,1,6.85,6.85,1,,MXN,,sitio_reporta_unidad=7.7 (no se usa; se calcula),exprezo-159-pasta-para-sopa-fideo-no-2-la-moderna-20
Exprezo,mayorista,2026-08-12,,,Aceite Vegetal Comestible Cristal 500 ml,,500 ml,ml,1,18.69,18.69,1,,MXN,,sitio_reporta_unidad=21.3 (no se usa; se calcula),exprezo-160-aceite-vegetal-comestible-cristal-500-ml
Exprezo,mayorista,2026-08-12,,,Pasta Para Sopa Moñito La Moderna 200 Gr,,200 g,g,1,6.85,6.85,1,,MXN,,sitio_reporta_unidad=7.7 (no se usa; se calcula),exprezo-161-pasta-para-sopa-mo-ito-la-moderna-200-gr
Exprezo,mayorista,2026-08-12,,,Pasta Para Sopa Letra La Moderna 200 Gr,,200 g,g,1,6.85,6.85,1,,MXN,,sitio_reporta_unidad=7.7 (no se usa; se calcula),exprezo-162-pasta-para-sopa-letra-la-moderna-200-gr
Exprezo,mayorista,2026-08-12,,,Pasta Para Sopa Fideo No. 1 La Moderna 200 Gr,,200 g,g,1,6.85,6.85,1,,MXN,,sitio_reporta_unidad=7.7 (no se usa; se calcula),exprezo-163-pasta-para-sopa-fideo-no-1-la-moderna-20
Exprezo,mayorista,2026-08-12,,,Pasta Para Sopa Lengua La Moderna 200 Gr,,200 g,g,1,6.85,6.85,1,,MXN,,sitio_reporta_unidad=7.7 (no se usa; se calcula),exprezo-164-pasta-para-sopa-lengua-la-moderna-200-gr
Exprezo,mayorista,2026-08-12,,,Pasta Para Sopa Codo No. 3 La Moderna 200 Gr,,200 g,g,1,6.85,6.85,1,,MXN,,sitio_reporta_unidad=7.7 (no se usa; se calcula),exprezo-165-pasta-para-sopa-codo-no-3-la-moderna-200
Exprezo,mayorista,2026-08-12,,,Pasta Para Sopa Estrella La Moderna 200 Gr,,200 g,g,1,6.85,6.85,1,,MXN,,sitio_reporta_unidad=7.7 (no se usa; se calcula),exprezo-166-pasta-para-sopa-estrella-la-moderna-200-
Exprezo,mayorista,2026-08-12,,,Aceite Vegetal Comestible Cristal 1L,,1000 ml,ml,1,37.08,37.08,1,,MXN,,sitio_reporta_unidad=42.2 (no se usa; se calcula),exprezo-167-aceite-vegetal-comestible-cristal-1l
Exprezo,mayorista,2026-08-12,,,Leche Alpura Vaquitas Sabor Chocolate 1 Litro,,1000 ml,ml,1,30.2,30.2,1,,MXN,,sitio_reporta_unidad=34.4 (no se usa; se calcula),exprezo-168-leche-alpura-vaquitas-sabor-chocolate-1-
Exprezo,mayorista,2026-08-12,,,Leche Alpura Mini Sabor Chocolate 200ml,,200 ml,ml,1,9.3,9.3,1,,MXN,,sitio_reporta_unidad=10.4 (no se usa; se calcula),exprezo-169-leche-alpura-mini-sabor-chocolate-200ml
Exprezo,mayorista,2026-08-12,,,Atún Dolores En Agua 295 Gr,,295 g,g,1,40.75,40.75,1,,MXN,,sitio_reporta_unidad=45.3 (no se usa; se calcula),exprezo-170-at-n-dolores-en-agua-295-gr
Exprezo,mayorista,2026-08-12,,,Atún Dolores En Aceite 295g,,295 g,g,1,40.75,40.75,1,,MXN,,sitio_reporta_unidad=45.3 (no se usa; se calcula),exprezo-171-at-n-dolores-en-aceite-295g
Exprezo,mayorista,2026-08-12,,,Frijol Negro Americano A Granel,,,pza,1,23.8,23.8,1,,MXN,,,exprezo-172-frijol-negro-americano-a-granel
Exprezo,mayorista,2026-08-12,,,Harina de Maíz Maseca 1 kg,,1000 g,g,1,18.5,18.5,1,,MXN,,sitio_reporta_unidad=21.1 (no se usa; se calcula),exprezo-173-harina-de-ma-z-maseca-1-kg
Exprezo,mayorista,2026-08-12,,,Leche Fórmula Láctea Deslactosada NutriLeche 1 Litro,,1000 ml,ml,1,242.3,242.3,1,,MXN,,sitio_reporta_unidad=21.1 (no se usa; se calcula),exprezo-174-leche-f-rmula-l-ctea-deslactosada-nutril
Exprezo,mayorista,2026-08-12,,,Pasta Para Sopa Almeja La Moderna 200 Gr,,200 g,g,1,6.85,6.85,1,,MXN,,sitio_reporta_unidad=7.7 (no se usa; se calcula),exprezo-175-pasta-para-sopa-almeja-la-moderna-200-gr
Exprezo,mayorista,2026-08-12,,,Aceite de Soya Comestible Nutrioli 400 ml,,400 ml,ml,1,252.0,252.0,1,,MXN,,sitio_reporta_unidad=23.4 (no se usa; se calcula),exprezo-176-aceite-de-soya-comestible-nutrioli-400-m
Exprezo,mayorista,2026-08-12,,,Harina de Trigo Extra Finada San Antonio Tres Estrellas 1 Kg,,1000 g,g,1,17.73,17.73,1,,MXN,,sitio_reporta_unidad=20.2 (no se usa; se calcula),exprezo-177-harina-de-trigo-extra-finada-san-antonio
Exprezo,mayorista,2026-08-12,,,Leche Alpura Vaquitas Sabor Vainilla 200 ml,,200 ml,ml,1,9.3,9.3,1,,MXN,,sitio_reporta_unidad=10.4 (no se usa; se calcula),exprezo-178-leche-alpura-vaquitas-sabor-vainilla-200
Exprezo,mayorista,2026-08-12,,,Pasta Para Sopa Caracol No. 1 La Moderna 200 Gr,,200 g,g,1,6.85,6.85,1,,MXN,,sitio_reporta_unidad=7.7 (no se usa; se calcula),exprezo-179-pasta-para-sopa-caracol-no-1-la-moderna-
Exprezo,mayorista,2026-08-12,,,Sal Natural de Grano Elefante 1 Kg,,1000 g,g,1,15.59,15.59,1,,MXN,,sitio_reporta_unidad=18.4 (no se usa; se calcula),exprezo-180-sal-natural-de-grano-elefante-1-kg
Exprezo,mayorista,2026-08-12,,,Leche Lala Entera 1 Litro,,1000 ml,ml,1,26.72,26.72,1,,MXN,,sitio_reporta_unidad=27.9 (no se usa; se calcula),exprezo-181-leche-lala-entera-1-litro
Exprezo,mayorista,2026-08-12,,,Sardinas Dolores En Salsa De Tomate 425 Gr,,425 g,g,1,38.73,38.73,1,,MXN,,sitio_reporta_unidad=40.5 (no se usa; se calcula),exprezo-182-sardinas-dolores-en-salsa-de-tomate-425-
Exprezo,mayorista,2026-08-12,,,Pasta Para Sopa Codo No. 4 La Moderna 200 Gr,,200 g,g,1,6.85,6.85,1,,MXN,,sitio_reporta_unidad=7.7 (no se usa; se calcula),exprezo-183-pasta-para-sopa-codo-no-4-la-moderna-200
Exprezo,mayorista,2026-08-12,,,Aceite de Soya Victoria 850 ml,,850 ml,ml,1,29.83,29.83,1,,MXN,,sitio_reporta_unidad=33.2 (no se usa; se calcula),exprezo-184-aceite-de-soya-victoria-850-ml
Exprezo,mayorista,2026-08-12,,,Leche Yomi Lala Sabor Chocolate 190 ml,,190 ml,ml,1,8.25,8.25,1,,MXN,,sitio_reporta_unidad=9.2 (no se usa; se calcula),exprezo-185-leche-yomi-lala-sabor-chocolate-190-ml
Exprezo,mayorista,2026-08-12,,,Bolsa de Arroz Súper Extra Verde Valle 1KG,,1000 g,g,1,30.7,30.7,1,,MXN,,sitio_reporta_unidad=32.4 (no se usa; se calcula),exprezo-186-bolsa-de-arroz-s-per-extra-verde-valle-1
Exprezo,mayorista,2026-08-12,,,Harina de Arroz Tres Estrellas 250 gr,,250 g,g,1,13.51,13.51,1,,MXN,,sitio_reporta_unidad=14.4 (no se usa; se calcula),exprezo-187-harina-de-arroz-tres-estrellas-250-gr
Exprezo,mayorista,2026-08-12,,,Aceite Vegetal AVE Comestible 400 ml,,400 ml,ml,1,16.98,16.98,1,,MXN,,sitio_reporta_unidad=18.8 (no se usa; se calcula),exprezo-188-aceite-vegetal-ave-comestible-400-ml
Exprezo,mayorista,2026-08-12,,,Harina de Trigo Selecta 1 Kg,,1000 g,g,1,17.69,17.69,1,,MXN,,sitio_reporta_unidad=19.9 (no se usa; se calcula),exprezo-189-harina-de-trigo-selecta-1-kg
Exprezo,mayorista,2026-08-12,,,Leche Alpura Vaquitas sabor Vainilla 1 Litro,,1000 ml,ml,1,30.2,30.2,1,,MXN,,sitio_reporta_unidad=34.4 (no se usa; se calcula),exprezo-190-leche-alpura-vaquitas-sabor-vainilla-1-l
Exprezo,mayorista,2026-08-12,,,Leche Yomi Lala Sabor Fresa 190 ml,,190 ml,ml,1,8.25,8.25,1,,MXN,,sitio_reporta_unidad=9.2 (no se usa; se calcula),exprezo-191-leche-yomi-lala-sabor-fresa-190-ml
Exprezo,mayorista,2026-08-12,,,Leche Alpura Natural 200 ml,,200 ml,ml,1,9.58,9.58,1,,MXN,,sitio_reporta_unidad=10.7 (no se usa; se calcula),exprezo-192-leche-alpura-natural-200-ml
Exprezo,mayorista,2026-08-12,,,Aceite de Oliva El Olivo 45 ml,,45 ml,ml,1,69.27,69.27,1,,MXN,,sitio_reporta_unidad=77.0 (no se usa; se calcula),exprezo-193-aceite-de-oliva-el-olivo-45-ml
Exprezo,mayorista,2026-08-12,,,Pasta Para Sopa Codo No. 1 La Moderna 200 Gr,,200 g,g,1,6.85,6.85,1,,MXN,,sitio_reporta_unidad=7.7 (no se usa; se calcula),exprezo-194-pasta-para-sopa-codo-no-1-la-moderna-200
Exprezo,mayorista,2026-08-12,,,Leche Yomi Lala Sabor Vainilla 190 ml,,190 ml,ml,1,8.25,8.25,1,,MXN,,sitio_reporta_unidad=9.2 (no se usa; se calcula),exprezo-195-leche-yomi-lala-sabor-vainilla-190-ml
Exprezo,mayorista,2026-08-12,,,Leche Yomi Lala Sabor Chocolate 960 ml,,960 ml,ml,1,32.33,32.33,1,,MXN,,sitio_reporta_unidad=34.8 (no se usa; se calcula),exprezo-196-leche-yomi-lala-sabor-chocolate-960-ml
Exprezo,mayorista,2026-08-12,,,Harina de Maíz Minsa 1 kg,,1000 g,g,1,18.95,18.95,1,,MXN,,sitio_reporta_unidad=21.9 (no se usa; se calcula),exprezo-197-harina-de-ma-z-minsa-1-kg
Exprezo,mayorista,2026-08-12,,,Azúcar Morena Zulka 1 KG,,1000 g,g,1,20.49,20.49,1,,MXN,,sitio_reporta_unidad=22.9 (no se usa; se calcula),exprezo-198-az-car-morena-zulka-1-kg
Exprezo,mayorista,2026-08-12,,,Aceite Vegetal AVE Comestible 800 ml,,800 ml,ml,1,31.68,31.68,1,,MXN,,sitio_reporta_unidad=36.1 (no se usa; se calcula),exprezo-199-aceite-vegetal-ave-comestible-800-ml
Exprezo,mayorista,2026-08-12,,,Sardinas Calmex En Salsa De Tomate,,,pza,1,40.0,40.0,1,,MXN,,sitio_reporta_unidad=44.5 (no se usa; se calcula),exprezo-200-sardinas-calmex-en-salsa-de-tomate
Exprezo,mayorista,2026-08-12,,,Pasta Para Sopa Caracol No. 2 La Moderna 200 Gr,,200 g,g,1,6.85,6.85,1,,MXN,,sitio_reporta_unidad=7.7 (no se usa; se calcula),exprezo-201-pasta-para-sopa-caracol-no-2-la-moderna-
Exprezo,mayorista,2026-08-12,,,Pasta Para Sopa Pluma La Moderna 200 Gr,,200 g,g,1,6.85,6.85,1,,MXN,,sitio_reporta_unidad=7.7 (no se usa; se calcula),exprezo-202-pasta-para-sopa-pluma-la-moderna-200-gr
Exprezo,mayorista,2026-08-12,,,Café Soluble Nescafé Clásico 120 Gr,,120 g,g,1,102.5,102.5,1,,MXN,,sitio_reporta_unidad=105.7 (no se usa; se calcula),exprezo-203-caf-soluble-nescaf-cl-sico-120-gr
Exprezo,mayorista,2026-08-12,,,Café Nescafé Descaf 40 Gr,,40 g,g,1,40.78,40.78,1,,MXN,,sitio_reporta_unidad=45.4 (no se usa; se calcula),exprezo-204-caf-nescaf-descaf-40-gr
Exprezo,mayorista,2026-08-12,,,Leche Alpura Deslactosada Ligth 1 L,,1000 ml,ml,1,27.83,27.83,1,,MXN,,sitio_reporta_unidad=30.3 (no se usa; se calcula),exprezo-205-leche-alpura-deslactosada-ligth-1-l
Exprezo,mayorista,2026-08-12,,,Leche Lala Fresca Entera 1 Litro,,1000 ml,ml,1,27.5,27.5,1,,MXN,,sitio_reporta_unidad=27.5 (no se usa; se calcula),exprezo-206-leche-lala-fresca-entera-1-litro
Exprezo,mayorista,2026-08-12,,,Leche Yomi Lala Sabor Fresa 960 ml,,960 ml,ml,1,32.33,32.33,1,,MXN,,sitio_reporta_unidad=34.8 (no se usa; se calcula),exprezo-207-leche-yomi-lala-sabor-fresa-960-ml
Exprezo,mayorista,2026-08-12,,,Pasta Para Sopa Ojito La Moderna 200 Gr,,200 g,g,1,6.85,6.85,1,,MXN,,sitio_reporta_unidad=7.7 (no se usa; se calcula),exprezo-208-pasta-para-sopa-ojito-la-moderna-200-gr
Exprezo,mayorista,2026-08-12,,,Pasta Para Sopa Engrane La Moderna 200 Gr,,200 g,g,1,6.85,6.85,1,,MXN,,sitio_reporta_unidad=7.7 (no se usa; se calcula),exprezo-209-pasta-para-sopa-engrane-la-moderna-200-g
Exprezo,mayorista,2026-08-12,,,Café Soluble Nescafé Clásico 200 gr.,,200 g,g,1,136.97,136.97,1,,MXN,,sitio_reporta_unidad=152.2 (no se usa; se calcula),exprezo-210-caf-soluble-nescaf-cl-sico-200-gr-
Exprezo,mayorista,2026-08-12,,,Leche Yomi Lala Sabor Vainilla 960 ml,,960 ml,ml,1,32.33,32.33,1,,MXN,,sitio_reporta_unidad=34.8 (no se usa; se calcula),exprezo-211-leche-yomi-lala-sabor-vainilla-960-ml
Exprezo,mayorista,2026-08-12,,,Aceite Vegetal Comestible Cristal 1.5 Litros,,5000 ml,ml,1,56.88,56.88,1,,MXN,,sitio_reporta_unidad=64.7 (no se usa; se calcula),exprezo-212-aceite-vegetal-comestible-cristal-1-5-li
Exprezo,mayorista,2026-08-12,,,Sal Natural de Mesa Elefante 1 Kg,,1000 g,g,1,16.32,16.32,1,,MXN,,sitio_reporta_unidad=19.7 (no se usa; se calcula),exprezo-213-sal-natural-de-mesa-elefante-1-kg
Exprezo,mayorista,2026-08-12,,,Pasta Para Sopa Lenteja La Moderna 200 Gr,,200 g,g,1,6.85,6.85,1,,MXN,,sitio_reporta_unidad=7.7 (no se usa; se calcula),exprezo-214-pasta-para-sopa-lenteja-la-moderna-200-g
Exprezo,mayorista,2026-08-12,,,Café de Olla Nescafé 45g,,45 g,g,1,32.12,32.12,1,,MXN,,sitio_reporta_unidad=35.0 (no se usa; se calcula),exprezo-215-caf-de-olla-nescaf-45g
Exprezo,mayorista,2026-08-12,,,Atún Herdez en agua Lata 130 g,,130 g,g,1,17.0,17.0,1,,MXN,,sitio_reporta_unidad=17.6 (no se usa; se calcula),exprezo-216-at-n-herdez-en-agua-lata-130-g
Exprezo,mayorista,2026-08-12,,,Bolsa de Arroz Sinaloa Abeto 900 gr,,900 g,g,1,16.05,16.05,1,,MXN,,sitio_reporta_unidad=17.1 (no se usa; se calcula),exprezo-217-bolsa-de-arroz-sinaloa-abeto-900-gr
Exprezo,mayorista,2026-08-12,,,Costal de Frijol Pinto Saltillo El Labrador 25 kg,,25000 g,g,1,19.5,19.5,1,,MXN,,,exprezo-218-costal-de-frijol-pinto-saltillo-el-labra
Exprezo,mayorista,2026-08-12,,,Sal de Mar Grano Fino Sal Sol 1 kg,,1000 g,g,1,16.55,16.55,1,,MXN,,sitio_reporta_unidad=19.5 (no se usa; se calcula),exprezo-219-sal-de-mar-grano-fino-sal-sol-1-kg
Exprezo,mayorista,2026-08-12,,,ARROZ SUPER EXTRA 7 SEMILLAS 1-5 KG,,5000 g,g,1,79.0,79.0,1,,MXN,,sitio_reporta_unidad=80.9 (no se usa; se calcula),exprezo-220-arroz-super-extra-7-semillas-1-5-kg
Exprezo,mayorista,2026-08-12,,,Atun en Aceite Herdez lata 130 g,,130 g,g,1,17.0,17.0,1,,MXN,,sitio_reporta_unidad=17.6 (no se usa; se calcula),exprezo-221-atun-en-aceite-herdez-lata-130-g
Exprezo,mayorista,2026-08-12,,,Aceite Vegetal Sabrosano Sabor Mantequilla 850 ml,,850 ml,ml,1,37.97,37.97,1,,MXN,,sitio_reporta_unidad=42.3 (no se usa; se calcula),exprezo-222-aceite-vegetal-sabrosano-sabor-mantequil
Exprezo,mayorista,2026-08-12,,,Costal de Frijol Flor de Mayo El Labrador 25 kg,,25000 g,g,1,22.7,22.7,1,,MXN,,,exprezo-223-costal-de-frijol-flor-de-mayo-el-labrado
Exprezo,mayorista,2026-08-12,,,Sal de Mar Grano Grueso Sal Sol 1 kg,,1000 g,g,1,15.43,15.43,1,,MXN,,sitio_reporta_unidad=18.5 (no se usa; se calcula),exprezo-224-sal-de-mar-grano-grueso-sal-sol-1-kg
Exprezo,mayorista,2026-08-12,,,Café Soluble Legal 50 Gr,,50 g,g,1,30.13,30.13,1,,MXN,,sitio_reporta_unidad=33.5 (no se usa; se calcula),exprezo-225-caf-soluble-legal-50-gr
Exprezo,mayorista,2026-08-12,,,Bolsa de Frijol Negro 7 Semillas 1 KG,,1000 g,g,1,22.0,22.0,1,,MXN,,sitio_reporta_unidad=22.5 (no se usa; se calcula),exprezo-226-bolsa-de-frijol-negro-7-semillas-1-kg
Exprezo,mayorista,2026-08-12,,,Leche Alpura Light 1 L,,1000 ml,ml,1,27.43,27.43,1,,MXN,,sitio_reporta_unidad=29.9 (no se usa; se calcula),exprezo-227-leche-alpura-light-1-l
Exprezo,mayorista,2026-08-12,,,Harina de Trigo Extra Finada La Moderna 1 Kg,,1000 g,g,1,16.07,16.07,1,,MXN,,sitio_reporta_unidad=17.9 (no se usa; se calcula),exprezo-228-harina-de-trigo-extra-finada-la-moderna-
Exprezo,mayorista,2026-08-12,,,Hojuelas De Atún Tuny En Aceite 140 Gr,,140 g,g,1,20.79,20.79,1,,MXN,,sitio_reporta_unidad=21.9 (no se usa; se calcula),exprezo-229-hojuelas-de-at-n-tuny-en-aceite-140-gr
Exprezo,mayorista,2026-08-12,,,Aceit Vegetal Gran Tradición 1 L,,1000 ml,ml,1,39.5,39.5,1,,MXN,,sitio_reporta_unidad=44.0 (no se usa; se calcula),exprezo-230-aceit-vegetal-gran-tradici-n-1-l
Exprezo,mayorista,2026-08-12,,,Aceite Vegetal Cristal Garrafa con 5 L,,5000 ml,ml,1,188.25,188.25,1,,MXN,,sitio_reporta_unidad=188.25 (no se usa; se calcula),exprezo-231-aceite-vegetal-cristal-garrafa-con-5-l
Exprezo,mayorista,2026-08-12,,,ATUN DOLORES POUCH AGUA 48-78 GR,,78 g,g,1,16.1,16.1,1,,MXN,,sitio_reporta_unidad=17.9 (no se usa; se calcula),exprezo-232-atun-dolores-pouch-agua-48-78-gr
Exprezo,mayorista,2026-08-12,,,Silk Alimento Líquido de Almendra Sin Azúcar 946 ml,,946 ml,ml,1,40.92,40.92,1,,MXN,,sitio_reporta_unidad=44.5 (no se usa; se calcula),exprezo-233-silk-alimento-l-quido-de-almendra-sin-az
Exprezo,mayorista,2026-08-12,,,FRIJOL FLOR DE MAYO 7 SEMILLAS 1-5 KG,,5000 g,g,1,109.5,109.5,1,,MXN,,sitio_reporta_unidad=115.7 (no se usa; se calcula),exprezo-234-frijol-flor-de-mayo-7-semillas-1-5-kg
Exprezo,mayorista,2026-08-12,,,Frijol Pinto 7 Semillas Bolsa 5 Kg,,5000 g,g,1,97.2,97.2,1,,MXN,,sitio_reporta_unidad=98.2 (no se usa; se calcula),exprezo-235-frijol-pinto-7-semillas-bolsa-5-kg
Exprezo,mayorista,2026-08-12,,,Nescafé Clásico stick Sobre 2 gr,,2 g,g,1,94.8,94.8,1,,MXN,,sitio_reporta_unidad=94.8 (no se usa; se calcula),exprezo-236-nescaf-cl-sico-stick-sobre-2-gr
Exprezo,mayorista,2026-08-12,,,FRIJOL NEGRO AMERICANO 7 SEMILLAS 1-5 KG,,5000 g,g,1,131.9,131.9,1,,MXN,,sitio_reporta_unidad=131.9 (no se usa; se calcula),exprezo-237-frijol-negro-americano-7-semillas-1-5-kg
Exprezo,mayorista,2026-08-12,,,Sal Oso Blanco Yodada Fluorada Roja 1 Kg,,1000 g,g,1,12.5,12.5,1,,MXN,,sitio_reporta_unidad=13.9 (no se usa; se calcula),exprezo-238-sal-oso-blanco-yodada-fluorada-roja-1-kg
Exprezo,mayorista,2026-08-12,,,Atún Herdez en agua 280 g,,280 g,g,1,39.79,39.79,1,,MXN,,sitio_reporta_unidad=41.9 (no se usa; se calcula),exprezo-239-at-n-herdez-en-agua-280-g
Exprezo,mayorista,2026-08-12,,,Café Soluble Legal 180 Gr,,180 g,g,1,83.05,83.05,1,,MXN,,sitio_reporta_unidad=92.3 (no se usa; se calcula),exprezo-240-caf-soluble-legal-180-gr
Exprezo,mayorista,2026-08-12,,,Bolsa de Frijol Flor de Mayo 7 Semillas 1 KG,,1000 g,g,1,21.89,21.89,1,,MXN,,sitio_reporta_unidad=22.5 (no se usa; se calcula),exprezo-241-bolsa-de-frijol-flor-de-mayo-7-semillas-
Exprezo,mayorista,2026-08-12,,,Bolsa de Arroz Morelos 7 Semillas 900 gr,,900 g,g,1,24.5,24.5,1,,MXN,,sitio_reporta_unidad=25.0 (no se usa; se calcula),exprezo-242-bolsa-de-arroz-morelos-7-semillas-900-gr
Exprezo,mayorista,2026-08-12,,,Leche Deslactosada Vaca Pinta 1 Litro,,1000 ml,ml,1,21.0,21.0,1,,MXN,,sitio_reporta_unidad=21.0 (no se usa; se calcula),exprezo-243-leche-deslactosada-vaca-pinta-1-litro
Exprezo,mayorista,2026-08-12,,,FRIJOL NEGRO SAN LUIS 7 SEMILLAS 1-5 KG,,5000 g,g,1,81.9,81.9,1,,MXN,,sitio_reporta_unidad=84.9 (no se usa; se calcula),exprezo-244-frijol-negro-san-luis-7-semillas-1-5-kg
Exprezo,mayorista,2026-08-12,,,Atún Tuny En Aceite 295 Gr,,295 g,g,1,37.91,37.91,1,,MXN,,sitio_reporta_unidad=40.5 (no se usa; se calcula),exprezo-245-at-n-tuny-en-aceite-295-gr
Exprezo,mayorista,2026-08-12,,,Café Oro 24 Kilates Soluble 160 Gr,,160 g,g,1,117.58,117.58,1,,MXN,,sitio_reporta_unidad=130.7 (no se usa; se calcula),exprezo-246-caf-oro-24-kilates-soluble-160-gr
Exprezo,mayorista,2026-08-12,,,Leche Saborizada Vaca Pinta Sabor Chocolate 236 ml,,236 ml,ml,1,7.09,7.09,1,,MXN,,sitio_reporta_unidad=7.5 (no se usa; se calcula),exprezo-247-leche-saborizada-vaca-pinta-sabor-chocol
Exprezo,mayorista,2026-08-12,,,Aceite de Oliva San Lucas 1 L,,1000 ml,ml,1,165.88,165.88,1,,MXN,,sitio_reporta_unidad=210.5 (no se usa; se calcula),exprezo-248-aceite-de-oliva-san-lucas-1-l
Exprezo,mayorista,2026-08-12,,,Leche Saborizada Vaca Pinta Sabor Fresa 236 ml,,236 ml,ml,1,7.09,7.09,1,,MXN,,sitio_reporta_unidad=7.5 (no se usa; se calcula),exprezo-249-leche-saborizada-vaca-pinta-sabor-fresa-
Exprezo,mayorista,2026-08-12,,,Bebida Láctea Chiquilac Bolsa 900 ml,,900 ml,ml,1,11.7,11.7,1,,MXN,,sitio_reporta_unidad=11.7 (no se usa; se calcula),exprezo-250-bebida-l-ctea-chiquilac-bolsa-900-ml
Exprezo,mayorista,2026-08-12,,,Nescafé Black Latte 330 ml,,330 ml,ml,1,24.2,24.2,1,,MXN,,sitio_reporta_unidad=24.2 (no se usa; se calcula),exprezo-251-nescaf-black-latte-330-ml
Exprezo,mayorista,2026-08-12,,,Café Soluble Legal 175 Gr,,175 g,g,1,73.77,73.77,1,,MXN,,sitio_reporta_unidad=82.0 (no se usa; se calcula),exprezo-252-caf-soluble-legal-175-gr
Exprezo,mayorista,2026-08-12,,,Atún Dolores en Agua Lata 1.88 KG,,88000 g,g,1,265.55,265.55,1,,MXN,,sitio_reporta_unidad=265.55 (no se usa; se calcula),exprezo-253-at-n-dolores-en-agua-lata-1-88-kg
Exprezo,mayorista,2026-08-12,,,Sal de Mar Roche Grano Común Bulto 25 Kg,,25000 g,g,1,184.6,184.6,1,,MXN,,sitio_reporta_unidad=184.6 (no se usa; se calcula),exprezo-254-sal-de-mar-roche-grano-com-n-bulto-25-kg
Exprezo,mayorista,2026-08-12,,,Manteca Vegetal Inca 1 kg,,1000 g,g,1,71.67,71.67,1,,MXN,,sitio_reporta_unidad=81.5 (no se usa; se calcula),exprezo-255-manteca-vegetal-inca-1-kg
Exprezo,mayorista,2026-08-12,,,Aceite Vegetal Oleico Botella con 825 ml,,825 ml,ml,1,69.83,69.83,1,,MXN,,sitio_reporta_unidad=75.5 (no se usa; se calcula),exprezo-256-aceite-vegetal-oleico-botella-con-825-ml
Exprezo,mayorista,2026-08-12,,,Nescafé Latte 330 ml,,330 ml,ml,1,20.71,20.71,1,,MXN,,sitio_reporta_unidad=23.9 (no se usa; se calcula),exprezo-257-nescaf-latte-330-ml
Exprezo,mayorista,2026-08-12,,,Lata de Café Nescafé Clásico 1.2 KG,,2000 g,g,1,535.53,535.53,1,,MXN,,sitio_reporta_unidad=535.53 (no se usa; se calcula),exprezo-258-lata-de-caf-nescaf-cl-sico-1-2-kg
Exprezo,mayorista,2026-08-12,,,Aceite Vegetal Cristal Bote con 20 L,,20000 ml,ml,1,738.2,738.2,1,,MXN,,sitio_reporta_unidad=738.2 (no se usa; se calcula),exprezo-259-aceite-vegetal-cristal-bote-con-20-l
Exprezo,mayorista,2026-08-12,,,AtunEenlatado en Aceite Dolores Lata con 1.88 KG,,88000 g,g,1,265.55,265.55,1,,MXN,,sitio_reporta_unidad=265.55 (no se usa; se calcula),exprezo-260-atuneenlatado-en-aceite-dolores-lata-con
Exprezo,mayorista,2026-08-12,,,Café Oro Soluble 200 Gr,,200 g,g,1,123.88,123.88,1,,MXN,,sitio_reporta_unidad=137.7 (no se usa; se calcula),exprezo-261-caf-oro-soluble-200-gr
Exprezo,mayorista,2026-08-12,,,Bolsa de Arroz Súper Extra Tradición 900 gr,,900 g,g,1,22.9,22.9,1,,MXN,,sitio_reporta_unidad=23.5 (no se usa; se calcula),exprezo-262-bolsa-de-arroz-s-per-extra-tradici-n-900
Exprezo,mayorista,2026-08-12,,,Atun Enlatado en Aceite El Dorado Lata con 1.88 KG,,88000 g,g,1,185.0,185.0,1,,MXN,,sitio_reporta_unidad=185.0 (no se usa; se calcula),exprezo-263-atun-enlatado-en-aceite-el-dorado-lata-c
Exprezo,mayorista,2026-08-12,,,Sal de Uvas Picot 50 sobres,,,pza,1,156.0,156.0,1,,MXN,,sitio_reporta_unidad=171.3 (no se usa; se calcula),exprezo-264-sal-de-uvas-picot-50-sobres
Exprezo,mayorista,2026-08-12,,,Alka Seltzer Caja con 100 tabletas,,1 pza,pza,100,267.68,2.6768,1,,MXN,,sitio_reporta_unidad=284.8 (no se usa; se calcula),exprezo-265-alka-seltzer-caja-con-100-tabletas
Exprezo,mayorista,2026-08-12,,,Antigripal XL3 Xtra Gripe y Tos Caja con 12 Cápsulas,,1 pza,pza,12,52.57,4.3808,1,,MXN,,sitio_reporta_unidad=59.0 (no se usa; se calcula),exprezo-266-antigripal-xl3-xtra-gripe-y-tos-caja-con
Exprezo,mayorista,2026-08-12,,,Tabcin Noche 250 mg 12 Capsulas,,,pza,1,71.21,71.21,1,,MXN,,sitio_reporta_unidad=77.3 (no se usa; se calcula),exprezo-267-tabcin-noche-250-mg-12-capsulas
Exprezo,mayorista,2026-08-12,,,Theraflu Verde Caja con 10 Pzas,,10 pza,pza,100,160.38,1.6038,1,,MXN,,sitio_reporta_unidad=173.6 (no se usa; se calcula),exprezo-268-theraflu-verde-caja-con-10-pzas
Exprezo,mayorista,2026-08-12,,,Sal de Uvas Picot 10 sobres,,,pza,1,37.83,37.83,1,,MXN,,sitio_reporta_unidad=43.5 (no se usa; se calcula),exprezo-269-sal-de-uvas-picot-10-sobres
Exprezo,mayorista,2026-08-12,,,Treda 280 mg Caja con 20Tabletas,,1 pza,pza,20,142.24,7.112,1,,MXN,,sitio_reporta_unidad=152.3 (no se usa; se calcula),exprezo-270-treda-280-mg-caja-con-20tabletas
Exprezo,mayorista,2026-08-12,,,Tabcin Active 250 mg 12 Capsulas,,,pza,1,70.6,70.6,1,,MXN,,sitio_reporta_unidad=76.6 (no se usa; se calcula),exprezo-271-tabcin-active-250-mg-12-capsulas
Exprezo,mayorista,2026-08-12,,,Alka-Seltzer 12 Tabletas,,,pza,1,40.2,40.2,1,,MXN,,sitio_reporta_unidad=44.4 (no se usa; se calcula),exprezo-272-alka-seltzer-12-tabletas
Exprezo,mayorista,2026-08-12,,,Venditas Adhesivas Jaloma 100 pzas,,100 pza,pza,100,36.4,0.364,1,,MXN,,sitio_reporta_unidad=41.1 (no se usa; se calcula),exprezo-273-venditas-adhesivas-jaloma-100-pzas
Exprezo,mayorista,2026-08-12,,,Bicarbonato de Sodio Biso 400 gr,,400 g,g,1,26.25,26.25,1,,MXN,,sitio_reporta_unidad=31.0 (no se usa; se calcula),exprezo-274-bicarbonato-de-sodio-biso-400-gr
Exprezo,mayorista,2026-08-12,,,Botella de Alcohol Etílico Desnaturalizado 70% Purex 250 ml,,250 ml,ml,1,13.5,13.5,1,,MXN,,sitio_reporta_unidad=15.0 (no se usa; se calcula),exprezo-275-botella-de-alcohol-et-lico-desnaturaliza
Exprezo,mayorista,2026-08-12,,,Botella de Agua Oxigenada 250 ml,,250 ml,ml,1,13.2,13.2,1,,MXN,,sitio_reporta_unidad=16.5 (no se usa; se calcula),exprezo-276-botella-de-agua-oxigenada-250-ml
Exprezo,mayorista,2026-08-12,,,Desenfriol D Caja con 30 Tabletas,,1 pza,pza,30,72.37,2.4123,1,,MXN,,sitio_reporta_unidad=77.3 (no se usa; se calcula),exprezo-277-desenfriol-d-caja-con-30-tabletas
Exprezo,mayorista,2026-08-12,,,XL3 VR Caja con 24 Tabletas,,1 pza,pza,24,103.59,4.3163,1,,MXN,,sitio_reporta_unidad=111.8 (no se usa; se calcula),exprezo-278-xl3-vr-caja-con-24-tabletas
Exprezo,mayorista,2026-08-12,,,Botella de Alcohol Etílico Desnaturalizado 70% Purex 125 ml,,125 ml,ml,1,8.0,8.0,1,,MXN,,sitio_reporta_unidad=9.5 (no se usa; se calcula),exprezo-279-botella-de-alcohol-et-lico-desnaturaliza
Exprezo,mayorista,2026-08-12,,,Bolsa de Algodón Plisado Zuum 25 gr,,25 g,g,1,15.49,15.49,1,,MXN,,sitio_reporta_unidad=17.0 (no se usa; se calcula),exprezo-280-bolsa-de-algod-n-plisado-zuum-25-gr
Exprezo,mayorista,2026-08-12,,,Botella de Agua Oxigenada 500 ml,,500 ml,ml,1,15.95,15.95,1,,MXN,,sitio_reporta_unidad=18.2 (no se usa; se calcula),exprezo-281-botella-de-agua-oxigenada-500-ml
Exprezo,mayorista,2026-08-12,,,Gasa Estéril Jaloma Caja con 100 sobres,,1 pza,pza,100,105.07,1.0507,1,,MXN,,sitio_reporta_unidad=115.3 (no se usa; se calcula),exprezo-282-gasa-est-ril-jaloma-caja-con-100-sobres
Exprezo,mayorista,2026-08-12,,,Hisopos Kiuts Jaloma 300 pzas,,300 pza,pza,300,25.08,0.0836,1,,MXN,,sitio_reporta_unidad=31.4 (no se usa; se calcula),exprezo-283-hisopos-kiuts-jaloma-300-pzas
Exprezo,mayorista,2026-08-12,,,Gel Antibacterial Jaloma bote 120 ml,,120 ml,ml,1,13.0,13.0,1,,MXN,,sitio_reporta_unidad=16.3 (no se usa; se calcula),exprezo-284-gel-antibacterial-jaloma-bote-120-ml
Exprezo,mayorista,2026-08-12,,,Venda Elástica Selecta 10 cm x 5 M,,,pza,1,10.0,10.0,1,,MXN,,sitio_reporta_unidad=11.2 (no se usa; se calcula),exprezo-285-venda-el-stica-selecta-10-cm-x-5-m
Exprezo,mayorista,2026-08-12,,,ALCOHOL AZUL MED RX 24-500 ML,,500 ml,ml,1,18.9,18.9,1,,MXN,,sitio_reporta_unidad=18.9 (no se usa; se calcula),exprezo-286-alcohol-azul-med-rx-24-500-ml
Exprezo,mayorista,2026-08-12,,,Alka- Seltzer Boost Caja con 10 tabletas,,1 pza,pza,10,51.9,5.19,1,,MXN,,sitio_reporta_unidad=56.7 (no se usa; se calcula),exprezo-287-alka-seltzer-boost-caja-con-10-tabletas
Exprezo,mayorista,2026-08-12,,,ALCOHOL AZUL MED RX 12-1 LT,,1000 ml,ml,1,36.9,36.9,1,,MXN,,sitio_reporta_unidad=36.9 (no se usa; se calcula),exprezo-288-alcohol-azul-med-rx-12-1-lt
Exprezo,mayorista,2026-08-12,,,Cinta Microporosa color Piel Zuum 1.25 cm x 9.1 M,,,pza,1,16.5,16.5,1,,MXN,,sitio_reporta_unidad=19.0 (no se usa; se calcula),exprezo-289-cinta-microporosa-color-piel-zuum-1-25-c
Exprezo,mayorista,2026-08-12,,,Caja de Condones Prudence Clásico 3 pzas,,3 pza,pza,3,33.5,11.1667,1,,MXN,,sitio_reporta_unidad=37.6 (no se usa; se calcula),exprezo-290-caja-de-condones-prudence-cl-sico-3-pzas
Exprezo,mayorista,2026-08-12,,,Botella de Alcohol Etílico Desnaturalizado 70% Azul AC 500 ml,,500 ml,ml,1,20.08,20.08,1,,MXN,,sitio_reporta_unidad=23.7 (no se usa; se calcula),exprezo-291-botella-de-alcohol-et-lico-desnaturaliza
Exprezo,mayorista,2026-08-12,,,Condones Sico Sensitive Rojo 3 pzas,,3 pza,pza,3,55.13,18.3767,1,,MXN,,sitio_reporta_unidad=67.2 (no se usa; se calcula),exprezo-292-condones-sico-sensitive-rojo-3-pzas
Exprezo,mayorista,2026-08-12,,,Jabón Líquido intimo Saba Natural de 200 ml,,200 ml,ml,1,43.49,43.49,1,,MXN,,sitio_reporta_unidad=49.5 (no se usa; se calcula),exprezo-293-jab-n-l-quido-intimo-saba-natural-de-200
Exprezo,mayorista,2026-08-12,,,Ensure Regular Sabor Chocolate 237 ml,,237 ml,ml,1,54.63,54.63,1,,MXN,,sitio_reporta_unidad=60.7 (no se usa; se calcula),exprezo-294-ensure-regular-sabor-chocolate-237-ml
Exprezo,mayorista,2026-08-12,,,ROSEL ANTIGRIPAL 50/3/300 MG 1-24 CAP,,3 pza,pza,150,32.9,0.2193,1,,MXN,,sitio_reporta_unidad=37.4 (no se usa; se calcula),exprezo-295-rosel-antigripal-50-3-300-mg-1-24-cap
Exprezo,mayorista,2026-08-12,,,Ensure Regular Sabor Vainilla 237 ml,,237 ml,ml,1,54.63,54.63,1,,MXN,,sitio_reporta_unidad=60.7 (no se usa; se calcula),exprezo-296-ensure-regular-sabor-vainilla-237-ml
Exprezo,mayorista,2026-08-12,,,Agua Oxigenada Zuum Botella 185 ml,,185 ml,ml,1,19.5,19.5,1,,MXN,,sitio_reporta_unidad=21.5 (no se usa; se calcula),exprezo-297-agua-oxigenada-zuum-botella-185-ml
Exprezo,mayorista,2026-08-12,,,Ensure Regular Sabor Fresa 237 ml,,237 ml,ml,1,54.63,54.63,1,,MXN,,sitio_reporta_unidad=60.7 (no se usa; se calcula),exprezo-298-ensure-regular-sabor-fresa-237-ml
Exprezo,mayorista,2026-08-12,,,Condones Sico Safety Negro 3 pzas,,3 pza,pza,3,55.13,18.3767,1,,MXN,,sitio_reporta_unidad=67.2 (no se usa; se calcula),exprezo-299-condones-sico-safety-negro-3-pzas
Exprezo,mayorista,2026-08-12,,,Condones Prudence Clásico Vitrolero 50 Pzas,,50 pza,pza,50,223.81,4.4762,1,,MXN,,sitio_reporta_unidad=223.81 (no se usa; se calcula),exprezo-300-condones-prudence-cl-sico-vitrolero-50-p
Exprezo,mayorista,2026-08-12,,,Botella de Alcohol Etílico Desnaturalizado 70% Azul AC 1 L,,1000 ml,ml,1,38.66,38.66,1,,MXN,,sitio_reporta_unidad=43.3 (no se usa; se calcula),exprezo-301-botella-de-alcohol-et-lico-desnaturaliza
Exprezo,mayorista,2026-08-12,,,Affective Active ropa interior para adultos unisex talla Mediana 10 piezas,,10 pza,pza,10,106.07,10.607,1,,MXN,,sitio_reporta_unidad=117.9 (no se usa; se calcula),exprezo-302-affective-active-ropa-interior-para-adul
Exprezo,mayorista,2026-08-12,,,Pañal para Adulto Affective Grande 10 piezas,,10 pza,pza,10,122.98,12.298,1,,MXN,,sitio_reporta_unidad=136.7 (no se usa; se calcula),exprezo-303-pa-al-para-adulto-affective-grande-10-pi
Exprezo,mayorista,2026-08-12,,,Affective Active ropa interior para adultos unisex talla Grande 10 piezas,,10 pza,pza,10,119.83,11.983,1,,MXN,,sitio_reporta_unidad=133.2 (no se usa; se calcula),exprezo-304-affective-active-ropa-interior-para-adul
Exprezo,mayorista,2026-08-12,,,Pañal para Adulto Affective Mediano 10 piezas,,10 pza,pza,10,97.45,9.745,1,,MXN,,sitio_reporta_unidad=108.3 (no se usa; se calcula),exprezo-305-pa-al-para-adulto-affective-mediano-10-p
Exprezo,mayorista,2026-08-12,,,Glucerna Sabor Fresa 237 ml,,237 ml,ml,1,63.54,63.54,1,,MXN,,sitio_reporta_unidad=70.4 (no se usa; se calcula),exprezo-306-glucerna-sabor-fresa-237-ml
Exprezo,mayorista,2026-08-12,,,Gerber Etapa 2 Sabor Manzana 100 Gr,,100 g,g,1,10.92,10.92,1,,MXN,,sitio_reporta_unidad=12.7 (no se usa; se calcula),exprezo-307-gerber-etapa-2-sabor-manzana-100-gr
Exprezo,mayorista,2026-08-12,,,Gerber Etapa 2 Sabor Mango 100 Gr,,100 g,g,1,10.92,10.92,1,,MXN,,sitio_reporta_unidad=12.7 (no se usa; se calcula),exprezo-308-gerber-etapa-2-sabor-mango-100-gr
Exprezo,mayorista,2026-08-12,,,Gerber Etapa 2 Sabor Pera 100 Gr,,100 g,g,1,10.92,10.92,1,,MXN,,sitio_reporta_unidad=12.7 (no se usa; se calcula),exprezo-309-gerber-etapa-2-sabor-pera-100-gr
Exprezo,mayorista,2026-08-12,,,Gerber Etapa 2 Sabor Frutas Mixtas 100 Gr,,100 g,g,1,10.92,10.92,1,,MXN,,sitio_reporta_unidad=12.7 (no se usa; se calcula),exprezo-310-gerber-etapa-2-sabor-frutas-mixtas-100-g
Exprezo,mayorista,2026-08-12,,,Gerber Etapa 2 Sabor Durazno 100 Gr,,100 g,g,1,10.92,10.92,1,,MXN,,sitio_reporta_unidad=12.7 (no se usa; se calcula),exprezo-311-gerber-etapa-2-sabor-durazno-100-gr
Exprezo,mayorista,2026-08-12,,,Gerber Etapa 2 Sabor Comida Casera Pollo 100 Gr,,100 g,g,1,10.92,10.92,1,,MXN,,sitio_reporta_unidad=12.7 (no se usa; se calcula),exprezo-312-gerber-etapa-2-sabor-comida-casera-pollo
Exprezo,mayorista,2026-08-12,,,Toallitas Húmedas Kleenbebé Absorsec 90 pzs,,,pza,1,15.0,15.0,1,,MXN,,sitio_reporta_unidad=15.8 (no se usa; se calcula),exprezo-313-toallitas-h-medas-kleenbeb-absorsec-90-p
Exprezo,mayorista,2026-08-12,,,Pañales Suavelastic Max KleenBebé Talla Jumbo E5 40 piezas,,40 pza,pza,40,214.4,5.36,1,,MXN,,sitio_reporta_unidad=238.3 (no se usa; se calcula),exprezo-314-pa-ales-suavelastic-max-kleenbeb-talla-j
Exprezo,mayorista,2026-08-12,,,Gerber Etapa 2 Sabor Comida Casera Res 100 Gr,,100 g,g,1,10.92,10.92,1,,MXN,,sitio_reporta_unidad=12.7 (no se usa; se calcula),exprezo-315-gerber-etapa-2-sabor-comida-casera-res-1
Exprezo,mayorista,2026-08-12,,,Toallitas Húmedas Kleenbebé Suavelastic Vitta 80 pzas,,80 pza,pza,80,22.12,0.2765,1,,MXN,,sitio_reporta_unidad=24.1 (no se usa; se calcula),exprezo-316-toallitas-h-medas-kleenbeb-suavelastic-v
Exprezo,mayorista,2026-08-12,,,Pañales Absorsec KleenBebé Tamaño Jumbo E5 40 piezas,,40 pza,pza,40,139.43,3.4858,1,,MXN,,sitio_reporta_unidad=155.0 (no se usa; se calcula),exprezo-317-pa-ales-absorsec-kleenbeb-tama-o-jumbo-e
Exprezo,mayorista,2026-08-12,,,Pañales Suavelastic Max KleenBebé Talla Extra Jumbo E6 40 piezas,,40 pza,pza,40,225.73,5.6433,1,,MXN,,sitio_reporta_unidad=250.9 (no se usa; se calcula),exprezo-318-pa-ales-suavelastic-max-kleenbeb-talla-e
Exprezo,mayorista,2026-08-12,,,Pañales Kleen Bebé Suavelastic XXJ 40 Pzas,,40 pza,pza,40,225.18,5.6295,1,,MXN,,sitio_reporta_unidad=250.2 (no se usa; se calcula),exprezo-319-pa-ales-kleen-beb-suavelastic-xxj-40-pza
Exprezo,mayorista,2026-08-12,,,Pañales Suavelastic Max KleenBebé Talla Grande E4 44 Pzas,,44 pza,pza,44,201.25,4.5739,1,,MXN,,sitio_reporta_unidad=223.7 (no se usa; se calcula),exprezo-320-pa-ales-suavelastic-max-kleenbeb-talla-g
Exprezo,mayorista,2026-08-12,,,Toallitas Húmedas para Bebé Huggies Cuidado Hidratante Paquete con 80 pzs,,,pza,1,42.27,42.27,1,,MXN,,sitio_reporta_unidad=45.0 (no se usa; se calcula),exprezo-321-toallitas-h-medas-para-beb-huggies-cuida
Exprezo,mayorista,2026-08-12,,,"Pañales Absorsec Ultra KleenBebé Tamaño Grande, 40 piezas",,40 pza,pza,40,128.35,3.2087,1,,MXN,,sitio_reporta_unidad=142.7 (no se usa; se calcula),exprezo-322-pa-ales-absorsec-ultra-kleenbeb-tama-o-g
Exprezo,mayorista,2026-08-12,,,Papilla Heinz Pouch Sabor Manzana 113 gr.,,113 g,g,1,14.4,14.4,1,,MXN,,sitio_reporta_unidad=16.5 (no se usa; se calcula),exprezo-323-papilla-heinz-pouch-sabor-manzana-113-gr
Exprezo,mayorista,2026-08-12,,,Papilla Heinz Pouch Sabor Mango 113 gr.,,113 g,g,1,14.4,14.4,1,,MXN,,sitio_reporta_unidad=16.5 (no se usa; se calcula),exprezo-324-papilla-heinz-pouch-sabor-mango-113-gr-
Exprezo,mayorista,2026-08-12,,,Toallitas Húmedas Kleenbebé Suavelastic 100 Pzs,,,pza,1,40.31,40.31,1,,MXN,,sitio_reporta_unidad=43.4 (no se usa; se calcula),exprezo-325-toallitas-h-medas-kleenbeb-suavelastic-1
Exprezo,mayorista,2026-08-12,,,Pañales Suavelastic Max KleenBebé Talla Mediana E3 44 pzas,,44 pza,pza,44,173.63,3.9461,1,,MXN,,sitio_reporta_unidad=193.0 (no se usa; se calcula),exprezo-326-pa-ales-suavelastic-max-kleenbeb-talla-m
Exprezo,mayorista,2026-08-12,,,Biberon Dreams Evenflo 8oz,,,pza,1,17.48,17.48,1,,MXN,,sitio_reporta_unidad=23.3 (no se usa; se calcula),exprezo-327-biberon-dreams-evenflo-8oz
Exprezo,mayorista,2026-08-12,,,GERBER POUCH JR FRUT MIXT 12-95 GR,,95 g,g,1,12.79,12.79,1,,MXN,,sitio_reporta_unidad=14.9 (no se usa; se calcula),exprezo-328-gerber-pouch-jr-frut-mixt-12-95-gr
Exprezo,mayorista,2026-08-12,,,Papilla Heinz Pouch Sabor Pera 113 gr.,,113 g,g,1,14.4,14.4,1,,MXN,,sitio_reporta_unidad=16.5 (no se usa; se calcula),exprezo-329-papilla-heinz-pouch-sabor-pera-113-gr-
Exprezo,mayorista,2026-08-12,,,Pañales Desechables bbtips Sensitive etapa 7 XXL con 40 Piezas,,40 pza,pza,40,278.73,6.9683,1,,MXN,,sitio_reporta_unidad=309.9 (no se usa; se calcula),exprezo-330-pa-ales-desechables-bbtips-sensitive-eta
Exprezo,mayorista,2026-08-12,,,Toallitas Húmedas Paa Bebé Dodys Azul 80 Pzas,,80 pza,pza,80,30.03,0.3754,1,,MXN,,sitio_reporta_unidad=35.4 (no se usa; se calcula),exprezo-331-toallitas-h-medas-paa-beb-dodys-azul-80-
Exprezo,mayorista,2026-08-12,,,Pañales para Bebé Etapa 6 Talla Extra Extra Grande Bebin Super FlexiSEC 40 piezas,,40 pza,pza,40,216.48,5.412,1,,MXN,,sitio_reporta_unidad=240.9 (no se usa; se calcula),exprezo-332-pa-ales-para-beb-etapa-6-talla-extra-ext
Exprezo,mayorista,2026-08-12,,,Pañales para Bebé Etapa 5 Talla Extra Grande Bebin Super FlexiSEC 40 piezas,,40 pza,pza,40,163.53,4.0883,1,,MXN,,sitio_reporta_unidad=181.7 (no se usa; se calcula),exprezo-333-pa-ales-para-beb-etapa-5-talla-extra-gra
Exprezo,mayorista,2026-08-12,,,Shampoo para Bebé Ricitos de Oro Manzanilla bote 250 ml,,250 ml,ml,1,69.73,69.73,1,,MXN,,sitio_reporta_unidad=73.4 (no se usa; se calcula),exprezo-334-shampoo-para-beb-ricitos-de-oro-manzanil
Exprezo,mayorista,2026-08-12,,,Jabón de Tocador Ricitos de Oro Hipoalergénico Neutro de 90 gr,,90 g,g,1,21.94,21.94,1,,MXN,,sitio_reporta_unidad=23.9 (no se usa; se calcula),exprezo-335-jab-n-de-tocador-ricitos-de-oro-hipoaler
Exprezo,mayorista,2026-08-12,,,"Pañales Suavelastic Max KleenBebé Talla Chica Etapa 2, 40 piezas",,40 pza,pza,40,139.43,3.4858,1,,MXN,,sitio_reporta_unidad=155.0 (no se usa; se calcula),exprezo-336-pa-ales-suavelastic-max-kleenbeb-talla-c
Exprezo,mayorista,2026-08-12,,,"Pañales Absorsec Ultra KleenBebé Tamaño Mediano, E3 40 piezas",,40 pza,pza,40,117.43,2.9358,1,,MXN,,sitio_reporta_unidad=130.5 (no se usa; se calcula),exprezo-337-pa-ales-absorsec-ultra-kleenbeb-tama-o-m
Exprezo,mayorista,2026-08-12,,,Pañales para Bebé Etapa 4 Talla Grande Bebin Super FlexiSEC 40 piezas,,40 pza,pza,40,144.25,3.6063,1,,MXN,,sitio_reporta_unidad=160.3 (no se usa; se calcula),exprezo-338-pa-ales-para-beb-etapa-4-talla-grande-be
Exprezo,mayorista,2026-08-12,,,Pañales Desechables bbtips Sensitive etapa 6 XL con 40 Piezas,,40 pza,pza,40,221.8,5.545,1,,MXN,,sitio_reporta_unidad=246.5 (no se usa; se calcula),exprezo-339-pa-ales-desechables-bbtips-sensitive-eta
Exprezo,mayorista,2026-08-12,,,Shampoo para Bebé Ricitos de Oro Lavanda y Lechuga bote 250 ml,,250 ml,ml,1,69.73,69.73,1,,MXN,,sitio_reporta_unidad=73.4 (no se usa; se calcula),exprezo-340-shampoo-para-beb-ricitos-de-oro-lavanda-
Exprezo,mayorista,2026-08-12,,,Fórmula Láctea NAN Optimal pro 1 Lata 320 gr,,320 g,g,1,159.49,159.49,1,,MXN,,sitio_reporta_unidad=170.5 (no se usa; se calcula),exprezo-341-f-rmula-l-ctea-nan-optimal-pro-1-lata-32
Exprezo,mayorista,2026-08-12,,,Fórmula láctea Nidal Nestlé Infantil bolsa 120 gr,,120 g,g,1,51.49,51.49,1,,MXN,,sitio_reporta_unidad=57.0 (no se usa; se calcula),exprezo-342-f-rmula-l-ctea-nidal-nestl-infantil-bols
Exprezo,mayorista,2026-08-12,,,"Pañales Chicolastic Classic Talla Extra Grande Etapa 5, 40 piezas",,40 pza,pza,40,148.1,3.7025,1,,MXN,,sitio_reporta_unidad=164.6 (no se usa; se calcula),exprezo-343-pa-ales-chicolastic-classic-talla-extra-
Exprezo,mayorista,2026-08-12,,,Pañales desechables bbtips Sensitive etapa 4 GDE con 40 piezas,,40 pza,pza,40,189.85,4.7462,1,,MXN,,sitio_reporta_unidad=211.0 (no se usa; se calcula),exprezo-344-pa-ales-desechables-bbtips-sensitive-eta
Exprezo,mayorista,2026-08-12,,,Fórmula Enfagrow Premium Etapa 3 Lata 800 gr,,800 g,g,1,294.73,294.73,1,,MXN,,sitio_reporta_unidad=306.0 (no se usa; se calcula),exprezo-345-f-rmula-enfagrow-premium-etapa-3-lata-80
Exprezo,mayorista,2026-08-12,,,Fórmula Láctea NAN Optimal pro 2 Lata 320 gr,,320 g,g,1,144.99,144.99,1,,MXN,,sitio_reporta_unidad=149.5 (no se usa; se calcula),exprezo-346-f-rmula-l-ctea-nan-optimal-pro-2-lata-32
Exprezo,mayorista,2026-08-12,,,Fórmula Láctea NAN Optimal pro 1 Lata 720 gr,,720 g,g,1,344.49,344.49,1,,MXN,,sitio_reporta_unidad=373.5 (no se usa; se calcula),exprezo-347-f-rmula-l-ctea-nan-optimal-pro-1-lata-72
Exprezo,mayorista,2026-08-12,,,Fórmula Láctea NAN Optimal pro 3 Lata 360 gr,,360 g,g,1,112.49,112.49,1,,MXN,,sitio_reporta_unidad=122.0 (no se usa; se calcula),exprezo-348-f-rmula-l-ctea-nan-optimal-pro-3-lata-36
Exprezo,mayorista,2026-08-12,,,Cigarros Marlboro Rojo Cajetilla con 20 Cigarros c/u,,,pza,1,89.5,89.5,1,,MXN,,sitio_reporta_unidad=99.5 (no se usa; se calcula),exprezo-349-cigarros-marlboro-rojo-cajetilla-con-20-
Exprezo,mayorista,2026-08-12,,,Cigarros Pall Mall Alaska Dust Cajetilla con 20 Cigarros c/u,,,pza,1,94.95,94.95,1,,MXN,,sitio_reporta_unidad=105.5 (no se usa; se calcula),exprezo-350-cigarros-pall-mall-alaska-dust-cajetilla
Exprezo,mayorista,2026-08-12,,,Cigarros Marlboro Crafted Cajetilla con 25 Cigarros c/u,,,pza,1,83.64,83.64,1,,MXN,,sitio_reporta_unidad=96.0 (no se usa; se calcula),exprezo-351-cigarros-marlboro-crafted-cajetilla-con-
Exprezo,mayorista,2026-08-12,,,Cigarros Marlboro Fusion Summer Cajetilla con 20 Cigarros c/u,,,pza,1,85.55,85.55,1,,MXN,,sitio_reporta_unidad=96.0 (no se usa; se calcula),exprezo-352-cigarros-marlboro-fusion-summer-cajetill
Exprezo,mayorista,2026-08-12,,,Cigarros Pall Mall XL Mykonos Cajetilla con 20 Cigarros c/u,,,pza,1,94.95,94.95,1,,MXN,,sitio_reporta_unidad=105.5 (no se usa; se calcula),exprezo-353-cigarros-pall-mall-xl-mykonos-cajetilla-
Exprezo,mayorista,2026-08-12,,,Cigarros Pall Mall XL Tokyo Cajetilla con 20 Cigarros c/u,,,pza,1,94.95,94.95,1,,MXN,,sitio_reporta_unidad=105.5 (no se usa; se calcula),exprezo-354-cigarros-pall-mall-xl-tokyo-cajetilla-co
Exprezo,mayorista,2026-08-12,,,Cigarros Marlboro Ruby Fresh Cajetilla con 20 Cigarros c/u,,,pza,1,86.72,86.72,1,,MXN,,sitio_reporta_unidad=96.4 (no se usa; se calcula),exprezo-355-cigarros-marlboro-ruby-fresh-cajetilla-c
Exprezo,mayorista,2026-08-12,,,Cigarros Marlboro Rojo 100 Capsula Cajetilla con 20 Cigarros c/u,,,pza,1,86.72,86.72,1,,MXN,,sitio_reporta_unidad=96.4 (no se usa; se calcula),exprezo-356-cigarros-marlboro-rojo-100-capsula-cajet
Exprezo,mayorista,2026-08-12,,,Cigarros Marlboro Blosson Mist Cajetilla con 20 Cigarros c/u,,,pza,1,85.55,85.55,1,,MXN,,sitio_reporta_unidad=96.0 (no se usa; se calcula),exprezo-357-cigarros-marlboro-blosson-mist-cajetilla
Exprezo,mayorista,2026-08-12,,,Cajetilla de Cigarros Marlboro Caribbean Fusion 20 pzas.,,20 pza,pza,20,85.55,4.2775,1,,MXN,,sitio_reporta_unidad=96.0 (no se usa; se calcula),exprezo-358-cajetilla-de-cigarros-marlboro-caribbean
Exprezo,mayorista,2026-08-12,,,Cigarros Marlboro Crafted Cajetilla con 15 Cigarros c/u,,,pza,1,58.0,58.0,1,,MXN,,sitio_reporta_unidad=67.0 (no se usa; se calcula),exprezo-359-cigarros-marlboro-crafted-cajetilla-con-
Exprezo,mayorista,2026-08-12,,,Cigarros Camel Amarillos Cajetilla con 20 Pzas,,20 pza,pza,20,88.2,4.41,1,,MXN,,sitio_reporta_unidad=100.3 (no se usa; se calcula),exprezo-360-cigarros-camel-amarillos-cajetilla-con-2
Exprezo,mayorista,2026-08-12,,,Cigarros Montana Shots Cajetilla con 25 Cigarros c/u,,,pza,1,95.93,95.93,1,,MXN,,sitio_reporta_unidad=106.6 (no se usa; se calcula),exprezo-361-cigarros-montana-shots-cajetilla-con-25-
Exprezo,mayorista,2026-08-12,,,Cigarros Montana Shots Classics 14 Pzas,,14 pza,pza,14,45.78,3.27,1,,MXN,,sitio_reporta_unidad=50.9 (no se usa; se calcula),exprezo-362-cigarros-montana-shots-classics-14-pzas
Exprezo,mayorista,2026-08-12,,,Cigarros Montana shots Classics 20 pzas,,20 pza,pza,20,64.67,3.2335,1,,MXN,,sitio_reporta_unidad=71.9 (no se usa; se calcula),exprezo-363-cigarros-montana-shots-classics-20-pzas
Exprezo,mayorista,2026-08-12,,,Cigarros Marlboro Blanco Cajetilla con 20 Cigarros c/u,,,pza,1,98.29,98.29,1,,MXN,,sitio_reporta_unidad=109.0 (no se usa; se calcula),exprezo-364-cigarros-marlboro-blanco-cajetilla-con-2
Exprezo,mayorista,2026-08-12,,,Cigarros Marlboro Fusion Garden Cajetilla con 20 Cigarros c/u,,,pza,1,85.55,85.55,1,,MXN,,sitio_reporta_unidad=96.0 (no se usa; se calcula),exprezo-365-cigarros-marlboro-fusion-garden-cajetill
Exprezo,mayorista,2026-08-12,,,Cigarros Faros con filtro 10 Pzas,,10 pza,pza,10,62.3,6.23,1,,MXN,,sitio_reporta_unidad=72.0 (no se usa; se calcula),exprezo-366-cigarros-faros-con-filtro-10-pzas
Exprezo,mayorista,2026-08-12,,,Cajetilla de Cigarros Pall Mall Hawaii con 20 Pzas.,,20 pza,pza,20,94.95,4.7475,1,,MXN,,sitio_reporta_unidad=105.5 (no se usa; se calcula),exprezo-367-cajetilla-de-cigarros-pall-mall-hawaii-c
Exprezo,mayorista,2026-08-12,,,Cigarros Montana Shots Cajetilla con 15 Cigarros c/u,,,pza,1,64.91,64.91,1,,MXN,,sitio_reporta_unidad=72.1 (no se usa; se calcula),exprezo-368-cigarros-montana-shots-cajetilla-con-15-
Exprezo,mayorista,2026-08-12,,,Cigarros Benson & Hedges Cajetilla con 20 Cigarros c/u,,,pza,1,101.08,101.08,1,,MXN,,sitio_reporta_unidad=112.0 (no se usa; se calcula),exprezo-369-cigarros-benson-hedges-cajetilla-con-20-
Exprezo,mayorista,2026-08-12,,,Cajetilla de Cigarros Marlboro Crafted ICe Mix 20 Pzas,,20 pza,pza,20,65.74,3.287,1,,MXN,,sitio_reporta_unidad=76.0 (no se usa; se calcula),exprezo-370-cajetilla-de-cigarros-marlboro-crafted-i
Exprezo,mayorista,2026-08-12,,,Cajetilla de Cigarros Winston Red 25 Pzas,,25 pza,pza,25,70.54,2.8216,1,,MXN,,sitio_reporta_unidad=85.2 (no se usa; se calcula),exprezo-371-cajetilla-de-cigarros-winston-red-25-pza
Exprezo,mayorista,2026-08-12,,,Cigarros Marlboro Ice Express Cajetilla con 20 Cigarros c/u,,,pza,1,86.72,86.72,1,,MXN,,sitio_reporta_unidad=96.4 (no se usa; se calcula),exprezo-372-cigarros-marlboro-ice-express-cajetilla-
Exprezo,mayorista,2026-08-12,,,Jugo Boing Sabor Mango 500 Ml,,500 ml,ml,1,13.04,13.04,1,,MXN,,sitio_reporta_unidad=14.5 (no se usa; se calcula),exprezo-373-jugo-boing-sabor-mango-500-ml
Exprezo,mayorista,2026-08-12,,,Jugo Boing Sabor Guayaba 500 Ml,,500 ml,ml,1,13.04,13.04,1,,MXN,,sitio_reporta_unidad=14.5 (no se usa; se calcula),exprezo-374-jugo-boing-sabor-guayaba-500-ml
Exprezo,mayorista,2026-08-12,,,Jugo Boing Sabor Manzana 500 Ml,,500 ml,ml,1,13.04,13.04,1,,MXN,,sitio_reporta_unidad=14.5 (no se usa; se calcula),exprezo-375-jugo-boing-sabor-manzana-500-ml
Exprezo,mayorista,2026-08-12,,,Jugo Boing Sabor Mango 250 Ml,,250 ml,ml,1,8.11,8.11,1,,MXN,,sitio_reporta_unidad=9.1 (no se usa; se calcula),exprezo-376-jugo-boing-sabor-mango-250-ml
Exprezo,mayorista,2026-08-12,,,Jugo Boing Sabor Mango 1 Litro,,1000 ml,ml,1,24.21,24.21,1,,MXN,,sitio_reporta_unidad=26.9 (no se usa; se calcula),exprezo-377-jugo-boing-sabor-mango-1-litro
Exprezo,mayorista,2026-08-12,,,Jugo Boing Sabor Manzana 250 Ml,,250 ml,ml,1,8.11,8.11,1,,MXN,,sitio_reporta_unidad=9.1 (no se usa; se calcula),exprezo-378-jugo-boing-sabor-manzana-250-ml
Exprezo,mayorista,2026-08-12,,,Jugo Boing Sabor Uva 500 Ml,,500 ml,ml,1,13.04,13.04,1,,MXN,,sitio_reporta_unidad=14.5 (no se usa; se calcula),exprezo-379-jugo-boing-sabor-uva-500-ml
Exprezo,mayorista,2026-08-12,,,Jugo Boing Sabor Guayaba 250 Ml,,250 ml,ml,1,8.11,8.11,1,,MXN,,sitio_reporta_unidad=9.1 (no se usa; se calcula),exprezo-380-jugo-boing-sabor-guayaba-250-ml
Exprezo,mayorista,2026-08-12,,,Bebida Rehidratante Electrolit Sabor Mora Azul 625 ml,,625 ml,ml,1,19.17,19.17,1,,MXN,,sitio_reporta_unidad=19.9 (no se usa; se calcula),exprezo-381-bebida-rehidratante-electrolit-sabor-mor
Exprezo,mayorista,2026-08-12,,,Bebida Rehidratante Electrolit Sabor Uva 625 ml,,625 ml,ml,1,19.17,19.17,1,,MXN,,sitio_reporta_unidad=19.9 (no se usa; se calcula),exprezo-382-bebida-rehidratante-electrolit-sabor-uva
Exprezo,mayorista,2026-08-12,,,Jugo Boing Sabor Uva 250 Ml,,250 ml,ml,1,8.11,8.11,1,,MXN,,sitio_reporta_unidad=9.1 (no se usa; se calcula),exprezo-383-jugo-boing-sabor-uva-250-ml
Exprezo,mayorista,2026-08-12,,,Jugo Boing Sabor Manzana 1 Litro,,1000 ml,ml,1,24.21,24.21,1,,MXN,,sitio_reporta_unidad=26.9 (no se usa; se calcula),exprezo-384-jugo-boing-sabor-manzana-1-litro
Exprezo,mayorista,2026-08-12,,,Bebida Rehidratante Electrolit Sabor Fresa Kiwi 625 ml,,625 ml,ml,1,19.17,19.17,1,,MXN,,sitio_reporta_unidad=19.9 (no se usa; se calcula),exprezo-385-bebida-rehidratante-electrolit-sabor-fre
Exprezo,mayorista,2026-08-12,,,Jugo Boing Sabor Guayaba 1 Litro,,1000 ml,ml,1,24.21,24.21,1,,MXN,,sitio_reporta_unidad=26.9 (no se usa; se calcula),exprezo-386-jugo-boing-sabor-guayaba-1-litro
Exprezo,mayorista,2026-08-12,,,Jugo Boing Sabor Fresa 500 Ml,,500 ml,ml,1,13.04,13.04,1,,MXN,,sitio_reporta_unidad=14.5 (no se usa; se calcula),exprezo-387-jugo-boing-sabor-fresa-500-ml
Exprezo,mayorista,2026-08-12,,,Bebida Energética Volt Blue Sabor Mora Azul 473 Ml,,473 ml,ml,1,15.45,15.45,1,,MXN,,sitio_reporta_unidad=17.8 (no se usa; se calcula),exprezo-388-bebida-energ-tica-volt-blue-sabor-mora-a
Exprezo,mayorista,2026-08-12,,,Bebida Rehidratante Electrolit Sabor Fresa 625 ml,,625 ml,ml,1,19.17,19.17,1,,MXN,,sitio_reporta_unidad=19.9 (no se usa; se calcula),exprezo-389-bebida-rehidratante-electrolit-sabor-fre
Exprezo,mayorista,2026-08-12,,,Bebida Rehidratante Electrolit Sabor Coco 625 ml,,625 ml,ml,1,19.17,19.17,1,,MXN,,sitio_reporta_unidad=19.9 (no se usa; se calcula),exprezo-390-bebida-rehidratante-electrolit-sabor-coc
Exprezo,mayorista,2026-08-12,,,Refresco Coca-Cola Original 600 Ml,,600 ml,ml,1,16.58,16.58,1,,MXN,,sitio_reporta_unidad=18.5 (no se usa; se calcula),exprezo-391-refresco-coca-cola-original-600-ml
Exprezo,mayorista,2026-08-12,,,Bebida Rehidratante Electrolit Sabor Manzana 625 ml,,625 ml,ml,1,19.17,19.17,1,,MXN,,sitio_reporta_unidad=19.9 (no se usa; se calcula),exprezo-392-bebida-rehidratante-electrolit-sabor-man
Exprezo,mayorista,2026-08-12,,,Agua Bonafont Natural 1.5 L,,5000 ml,ml,1,89.9,89.9,1,,MXN,,sitio_reporta_unidad=8.9 (no se usa; se calcula),exprezo-393-agua-bonafont-natural-1-5-l
Exprezo,mayorista,2026-08-12,,,Agua Bonafont Natural 1 L,,1000 ml,ml,1,80.0,80.0,1,,MXN,,sitio_reporta_unidad=7.9 (no se usa; se calcula),exprezo-394-agua-bonafont-natural-1-l
Exprezo,mayorista,2026-08-12,,,Jugo Boing Sabor Fresa 250 Ml,,250 ml,ml,1,8.11,8.11,1,,MXN,,sitio_reporta_unidad=9.1 (no se usa; se calcula),exprezo-395-jugo-boing-sabor-fresa-250-ml
Exprezo,mayorista,2026-08-12,,,Refresco Coca-Cola Original 355 Ml,,355 ml,ml,1,204.0,204.0,1,,MXN,,sitio_reporta_unidad=18.9 (no se usa; se calcula),exprezo-396-refresco-coca-cola-original-355-ml
Exprezo,mayorista,2026-08-12,,,Gatorade Sabor Ponche De Frutas 1 L,,1000 ml,ml,1,22.83,22.83,1,,MXN,,sitio_reporta_unidad=26.0 (no se usa; se calcula),exprezo-397-gatorade-sabor-ponche-de-frutas-1-l
Exprezo,mayorista,2026-08-12,,,Gatorade Sabor Lima-Limón 1 L,,1000 ml,ml,1,22.83,22.83,1,,MXN,,sitio_reporta_unidad=26.0 (no se usa; se calcula),exprezo-398-gatorade-sabor-lima-lim-n-1-l
Exprezo,mayorista,2026-08-12,,,Jugo Boing Sabor Uva 1 Litro,,1000 ml,ml,1,24.21,24.21,1,,MXN,,sitio_reporta_unidad=26.9 (no se usa; se calcula),exprezo-399-jugo-boing-sabor-uva-1-litro
Exprezo,mayorista,2026-08-12,,,Bebida Rehidratante Sabor Moras Gatorade 1 L,,1000 ml,ml,1,22.83,22.83,1,,MXN,,sitio_reporta_unidad=26.0 (no se usa; se calcula),exprezo-400-bebida-rehidratante-sabor-moras-gatorade
Exprezo,mayorista,2026-08-12,,,Jugo Boing Sabor Fresa 1 L,,1000 ml,ml,1,24.21,24.21,1,,MXN,,sitio_reporta_unidad=26.9 (no se usa; se calcula),exprezo-401-jugo-boing-sabor-fresa-1-l
Exprezo,mayorista,2026-08-12,,,Néctar Del Valle Generosa Sabor Mango 413 Ml,,413 ml,ml,1,14.0,14.0,1,,MXN,,sitio_reporta_unidad=16.5 (no se usa; se calcula),exprezo-402-n-ctar-del-valle-generosa-sabor-mango-41
Exprezo,mayorista,2026-08-12,,,Gatorade Sabor Naranja 1 L,,1000 ml,ml,1,22.83,22.83,1,,MXN,,sitio_reporta_unidad=26.0 (no se usa; se calcula),exprezo-403-gatorade-sabor-naranja-1-l
Exprezo,mayorista,2026-08-12,,,Bebida Rehidratante Suerox 8 Iones Fresa Kiwi 630ml,,630 ml,ml,1,14.83,14.83,1,,MXN,,sitio_reporta_unidad=15.4 (no se usa; se calcula),exprezo-404-bebida-rehidratante-suerox-8-iones-fresa
Exprezo,mayorista,2026-08-12,,,Agua Mineral Peñafiel 600 ml,,600 ml,ml,1,156.0,156.0,1,,MXN,,sitio_reporta_unidad=15.3 (no se usa; se calcula),exprezo-405-agua-mineral-pe-afiel-600-ml
Exprezo,mayorista,2026-08-12,,,Bebida Rehidratante Suerox 8 Iones Mora Azul y Hierbabuena 630ml,,630 ml,ml,1,14.83,14.83,1,,MXN,,sitio_reporta_unidad=15.4 (no se usa; se calcula),exprezo-406-bebida-rehidratante-suerox-8-iones-mora-
Exprezo,mayorista,2026-08-12,,,Bebida Energética Volt Yellow Sabor Guaraná 473 Ml,,473 ml,ml,1,15.45,15.45,1,,MXN,,sitio_reporta_unidad=17.8 (no se usa; se calcula),exprezo-407-bebida-energ-tica-volt-yellow-sabor-guar
Exprezo,mayorista,2026-08-12,,,Néctar Del Valle Sabor Durazno 413 Ml,,413 ml,ml,1,14.0,14.0,1,,MXN,,sitio_reporta_unidad=16.5 (no se usa; se calcula),exprezo-408-n-ctar-del-valle-sabor-durazno-413-ml
Exprezo,mayorista,2026-08-12,,,Agua Bonafont Juizzy Sabor Guayaba 1.4 L,,4000 ml,ml,1,107.4,107.4,1,,MXN,,sitio_reporta_unidad=21.1 (no se usa; se calcula),exprezo-409-agua-bonafont-juizzy-sabor-guayaba-1-4-l
Exprezo,mayorista,2026-08-12,,,Bebida Rehidratante Suerox 8 Iones Uva 630ml,,630 ml,ml,1,14.83,14.83,1,,MXN,,sitio_reporta_unidad=15.4 (no se usa; se calcula),exprezo-410-bebida-rehidratante-suerox-8-iones-uva-6
Exprezo,mayorista,2026-08-12,,,Gatorade Sabor Uva 1 L,,1000 ml,ml,1,22.83,22.83,1,,MXN,,sitio_reporta_unidad=26.0 (no se usa; se calcula),exprezo-411-gatorade-sabor-uva-1-l
Exprezo,mayorista,2026-08-12,,,Refresco Coca-Cola Original 3 L,,3000 ml,ml,1,39.63,39.63,1,,MXN,,sitio_reporta_unidad=44.1 (no se usa; se calcula),exprezo-412-refresco-coca-cola-original-3-l
Exprezo,mayorista,2026-08-12,,,Refresco Sangría Señorial 600 ml,,600 ml,ml,1,16.58,16.58,1,,MXN,,sitio_reporta_unidad=18.5 (no se usa; se calcula),exprezo-413-refresco-sangr-a-se-orial-600-ml
Exprezo,mayorista,2026-08-12,,,Jugo Jumex Néctar Sabor Mango 1 L,,1000 ml,ml,1,23.58,23.58,1,,MXN,,sitio_reporta_unidad=26.4 (no se usa; se calcula),exprezo-414-jugo-jumex-n-ctar-sabor-mango-1-l
Exprezo,mayorista,2026-08-12,,,Bebida Energizante Amper Energy Lata 473 ml,,473 ml,ml,1,15.33,15.33,1,,MXN,,sitio_reporta_unidad=17.0 (no se usa; se calcula),exprezo-415-bebida-energizante-amper-energy-lata-473
Exprezo,mayorista,2026-08-12,,,Jugo Jumex Néctar Sabor Piña 1 L,,1000 ml,ml,1,23.58,23.58,1,,MXN,,sitio_reporta_unidad=26.4 (no se usa; se calcula),exprezo-416-jugo-jumex-n-ctar-sabor-pi-a-1-l
Exprezo,mayorista,2026-08-12,,,Agua Mineral Peñafiel Twist con Limón Y Sal 600 ml,,600 ml,ml,1,15.21,15.21,1,,MXN,,sitio_reporta_unidad=17.9 (no se usa; se calcula),exprezo-417-agua-mineral-pe-afiel-twist-con-lim-n-y-
Exprezo,mayorista,2026-08-12,,,Bebida Rehidratante Suerox 8 Iones Manzana 630ml,,630 ml,ml,1,14.83,14.83,1,,MXN,,sitio_reporta_unidad=15.4 (no se usa; se calcula),exprezo-418-bebida-rehidratante-suerox-8-iones-manza
Exprezo,mayorista,2026-08-12,,,Jugo Boing Sabor Naranja 500 Ml,,500 ml,ml,1,13.04,13.04,1,,MXN,,sitio_reporta_unidad=14.5 (no se usa; se calcula),exprezo-419-jugo-boing-sabor-naranja-500-ml
Exprezo,mayorista,2026-08-12,,,Bebida Rehidratante Suerox 8 Iones Lima Limón 630ml,,630 ml,ml,1,14.83,14.83,1,,MXN,,sitio_reporta_unidad=15.4 (no se usa; se calcula),exprezo-420-bebida-rehidratante-suerox-8-iones-lima-
Exprezo,mayorista,2026-08-12,,,Jugo Jumex Néctar Sabor Durazno 1 L,,1000 ml,ml,1,23.58,23.58,1,,MXN,,sitio_reporta_unidad=26.4 (no se usa; se calcula),exprezo-421-jugo-jumex-n-ctar-sabor-durazno-1-l
Exprezo,mayorista,2026-08-12,,,Agua Mineral Peñafiel Naranjada Sabor Naranja 600 Ml,,600 ml,ml,1,12.83,12.83,1,,MXN,,sitio_reporta_unidad=15.1 (no se usa; se calcula),exprezo-422-agua-mineral-pe-afiel-naranjada-sabor-na
Exprezo,mayorista,2026-08-12,,,Bebida Energizante Amper Energy Blue Lata 473 ml,,473 ml,ml,1,15.33,15.33,1,,MXN,,sitio_reporta_unidad=17.0 (no se usa; se calcula),exprezo-423-bebida-energizante-amper-energy-blue-lat
Exprezo,mayorista,2026-08-12,,,Bebida Del Valle Frut Sabor Cítrico 3 Litros,,3000 ml,ml,1,31.64,31.64,1,,MXN,,sitio_reporta_unidad=37.3 (no se usa; se calcula),exprezo-424-bebida-del-valle-frut-sabor-c-trico-3-li
Exprezo,mayorista,2026-08-12,,,Refresco Sangría Señorial 2.6L,,6000 ml,ml,1,40.75,40.75,1,,MXN,,sitio_reporta_unidad=45.3 (no se usa; se calcula),exprezo-425-refresco-sangr-a-se-orial-2-6l
Exprezo,mayorista,2026-08-12,,,Jugo Boing Sabor Naranja 250 Ml,,250 ml,ml,1,8.11,8.11,1,,MXN,,sitio_reporta_unidad=9.1 (no se usa; se calcula),exprezo-426-jugo-boing-sabor-naranja-250-ml
Exprezo,mayorista,2026-08-12,,,Agua Bonafont Juizzy Sabor Jamaica 1.4 L,,4000 ml,ml,1,17.9,17.9,1,,MXN,,sitio_reporta_unidad=21.1 (no se usa; se calcula),exprezo-427-agua-bonafont-juizzy-sabor-jamaica-1-4-l
Exprezo,mayorista,2026-08-12,,,SUEROX 8IONES FRESA FRUTOS ROJOS 12-630 ML,,630 ml,ml,1,14.83,14.83,1,,MXN,,sitio_reporta_unidad=15.4 (no se usa; se calcula),exprezo-428-suerox-8iones-fresa-frutos-rojos-12-630-
Exprezo,mayorista,2026-08-12,,,Jugo De Tomate Clamato El Original 473 Ml,,473 ml,ml,1,22.16,22.16,1,,MXN,,sitio_reporta_unidad=26.1 (no se usa; se calcula),exprezo-429-jugo-de-tomate-clamato-el-original-473-m
Exprezo,mayorista,2026-08-12,,,Bebida Energética Monster Energy 473 Ml,,473 ml,ml,1,28.2,28.2,1,,MXN,,sitio_reporta_unidad=33.2 (no se usa; se calcula),exprezo-430-bebida-energ-tica-monster-energy-473-ml
Exprezo,mayorista,2026-08-12,,,Bebida Rehidratante Powerade Sabor Moras 1 L,,1000 ml,ml,1,25.5,25.5,1,,MXN,,sitio_reporta_unidad=31.9 (no se usa; se calcula),exprezo-431-bebida-rehidratante-powerade-sabor-moras
Exprezo,mayorista,2026-08-12,,,Jugo Jumex Néctar Sabor Mango 450 Ml,,450 ml,ml,1,14.63,14.63,1,,MXN,,sitio_reporta_unidad=16.4 (no se usa; se calcula),exprezo-432-jugo-jumex-n-ctar-sabor-mango-450-ml
Exprezo,mayorista,2026-08-12,,,Jugo Jumex Néctar Sabor Manzana 1 L,,1000 ml,ml,1,23.58,23.58,1,,MXN,,sitio_reporta_unidad=26.4 (no se usa; se calcula),exprezo-433-jugo-jumex-n-ctar-sabor-manzana-1-l
Exprezo,mayorista,2026-08-12,,,Agua Mineral Peñafiel Limonada Sabor Limón 600 Ml,,600 ml,ml,1,12.83,12.83,1,,MXN,,sitio_reporta_unidad=15.1 (no se usa; se calcula),exprezo-434-agua-mineral-pe-afiel-limonada-sabor-lim
Exprezo,mayorista,2026-08-12,,,Bebida Rehidratante Suerox 8 Iones Naranja Mandarina 630ml,,630 ml,ml,1,14.83,14.83,1,,MXN,,sitio_reporta_unidad=15.4 (no se usa; se calcula),exprezo-435-bebida-rehidratante-suerox-8-iones-naran
Exprezo,mayorista,2026-08-12,,,Agua Bonafont Levite Sabor Piña-Coco 1.4 L,,4000 ml,ml,1,13.5,13.5,1,,MXN,,sitio_reporta_unidad=15.9 (no se usa; se calcula),exprezo-436-agua-bonafont-levite-sabor-pi-a-coco-1-4
Exprezo,mayorista,2026-08-12,,,Jugo Jumex Néctar Sabor Durazno 450 Ml,,450 ml,ml,1,14.63,14.63,1,,MXN,,sitio_reporta_unidad=16.4 (no se usa; se calcula),exprezo-437-jugo-jumex-n-ctar-sabor-durazno-450-ml
Exprezo,mayorista,2026-08-12,,,Agua Bonafont Levite Sabor Pepino-Limón 1.4 L,,4000 ml,ml,1,13.5,13.5,1,,MXN,,sitio_reporta_unidad=15.9 (no se usa; se calcula),exprezo-438-agua-bonafont-levite-sabor-pepino-lim-n-
Exprezo,mayorista,2026-08-12,,,SUEROX 8IONES COCO 12-630 ML,,630 ml,ml,1,14.83,14.83,1,,MXN,,sitio_reporta_unidad=15.4 (no se usa; se calcula),exprezo-439-suerox-8iones-coco-12-630-ml
Exprezo,mayorista,2026-08-12,,,Agua Mineral Peñafiel Naranjada Sabor Naranja 2 L,,2000 ml,ml,1,29.65,29.65,1,,MXN,,sitio_reporta_unidad=34.9 (no se usa; se calcula),exprezo-440-agua-mineral-pe-afiel-naranjada-sabor-na
Exprezo,mayorista,2026-08-12,,,Refresco De Cola Red Cola 3 L,,3000 ml,ml,1,30.81,30.81,1,,MXN,,sitio_reporta_unidad=34.3 (no se usa; se calcula),exprezo-441-refresco-de-cola-red-cola-3-l
Exprezo,mayorista,2026-08-12,,,Refresco Squirt 3 L,,3000 ml,ml,1,36.64,36.64,1,,MXN,,sitio_reporta_unidad=42.2 (no se usa; se calcula),exprezo-442-refresco-squirt-3-l
Exprezo,mayorista,2026-08-12,,,Agua Mineral Peñafiel 2 L,,2000 ml,ml,1,189.5,189.5,1,,MXN,,sitio_reporta_unidad=27.9 (no se usa; se calcula),exprezo-443-agua-mineral-pe-afiel-2-l
Exprezo,mayorista,2026-08-12,,,Agua Bonafont Juizzy Sabor Guayaba 1 L,,1000 ml,ml,1,15.95,15.95,1,,MXN,,sitio_reporta_unidad=16.9 (no se usa; se calcula),exprezo-444-agua-bonafont-juizzy-sabor-guayaba-1-l
Exprezo,mayorista,2026-08-12,,,Refresco Squirt Sabor Toronja 600 Ml,,600 ml,ml,1,14.18,14.18,1,,MXN,,sitio_reporta_unidad=16.7 (no se usa; se calcula),exprezo-445-refresco-squirt-sabor-toronja-600-ml
Exprezo,mayorista,2026-08-12,,,Néctar Del Valle Sabor Mango 1 L,,1000 ml,ml,1,22.42,22.42,1,,MXN,,sitio_reporta_unidad=25.8 (no se usa; se calcula),exprezo-446-n-ctar-del-valle-sabor-mango-1-l
Exprezo,mayorista,2026-08-12,,,Agua Bonafont Natural 2 L,,2000 ml,ml,1,170.2,170.2,1,,MXN,,sitio_reporta_unidad=16.7 (no se usa; se calcula),exprezo-447-agua-bonafont-natural-2-l
Exprezo,mayorista,2026-08-12,,,Jugo Boing Sabor Naranja 1 Litro,,1000 ml,ml,1,24.21,24.21,1,,MXN,,sitio_reporta_unidad=26.9 (no se usa; se calcula),exprezo-448-jugo-boing-sabor-naranja-1-litro
Exprezo,mayorista,2026-08-12,,,Bebida Energética Vive 100% 300 Ml,,300 ml,ml,1,11.5,11.5,1,,MXN,,sitio_reporta_unidad=14.4 (no se usa; se calcula),exprezo-449-bebida-energ-tica-vive-100-300-ml
Exprezo,mayorista,2026-08-12,,,Powerade Sabor Ponche De Frutas 1L,,1000 ml,ml,1,25.5,25.5,1,,MXN,,sitio_reporta_unidad=31.9 (no se usa; se calcula),exprezo-450-powerade-sabor-ponche-de-frutas-1l
Exprezo,mayorista,2026-08-12,,,Polvo para preparar agua Tang sabor mango Exh 8 Pzas,,8 pza,pza,8,47.0,5.875,1,,MXN,,sitio_reporta_unidad=49.5 (no se usa; se calcula),exprezo-451-polvo-para-preparar-agua-tang-sabor-mang
Exprezo,mayorista,2026-08-12,,,Refresco De Cola Red Cola 600 Ml,,600 ml,ml,1,328.0,328.0,1,,MXN,,sitio_reporta_unidad=15.2 (no se usa; se calcula),exprezo-452-refresco-de-cola-red-cola-600-ml
Exprezo,mayorista,2026-08-12,,,Néctar Del Valle Sabor Durazno 1 L,,1000 ml,ml,1,22.42,22.42,1,,MXN,,sitio_reporta_unidad=25.8 (no se usa; se calcula),exprezo-453-n-ctar-del-valle-sabor-durazno-1-l
Exprezo,mayorista,2026-08-12,,,Suerox 8 iones sabor uva mora azul 630 ml,,630 ml,ml,1,14.83,14.83,1,,MXN,,sitio_reporta_unidad=15.4 (no se usa; se calcula),exprezo-454-suerox-8-iones-sabor-uva-mora-azul-630-m
Exprezo,mayorista,2026-08-12,,,Refresco Jarritos Surtido 600 Ml,,600 ml,ml,1,11.33,11.33,1,,MXN,,sitio_reporta_unidad=12.6 (no se usa; se calcula),exprezo-455-refresco-jarritos-surtido-600-ml
Exprezo,mayorista,2026-08-12,,,Jumex Unico Fresco Néctar Sabor Arándano 1 L,,1000 ml,ml,1,32.79,32.79,1,,MXN,,sitio_reporta_unidad=37.3 (no se usa; se calcula),exprezo-456-jumex-unico-fresco-n-ctar-sabor-ar-ndano
Exprezo,mayorista,2026-08-12,,,Jugo Boing Sabor Piña 1 Litro,,1000 ml,ml,1,24.21,24.21,1,,MXN,,sitio_reporta_unidad=26.9 (no se usa; se calcula),exprezo-457-jugo-boing-sabor-pi-a-1-litro
Exprezo,mayorista,2026-08-12,,,Refresco Sabor Manzana Sidral Mundet 600 Ml,,600 ml,ml,1,17.11,17.11,1,,MXN,,sitio_reporta_unidad=21.4 (no se usa; se calcula),exprezo-458-refresco-sabor-manzana-sidral-mundet-600
Exprezo,mayorista,2026-08-12,,,Refresco Jarritos Sabor Mandarina 2 L,,2000 ml,ml,1,21.63,21.63,1,,MXN,,sitio_reporta_unidad=24.1 (no se usa; se calcula),exprezo-459-refresco-jarritos-sabor-mandarina-2-l
Exprezo,mayorista,2026-08-12,,,Bebida energizante Amper Mango 473 ml,,473 ml,ml,1,15.33,15.33,1,,MXN,,sitio_reporta_unidad=17.0 (no se usa; se calcula),exprezo-460-bebida-energizante-amper-mango-473-ml
Exprezo,mayorista,2026-08-12,,,Agua Natural E Pura 1.5 L,,5000 ml,ml,1,9.67,9.67,1,,MXN,,sitio_reporta_unidad=12.1 (no se usa; se calcula),exprezo-461-agua-natural-e-pura-1-5-l
Exprezo,mayorista,2026-08-12,,,Bebida Rehidratante Suerox 8 Iones Fresa 630 ml,,630 ml,ml,1,14.83,14.83,1,,MXN,,sitio_reporta_unidad=15.4 (no se usa; se calcula),exprezo-462-bebida-rehidratante-suerox-8-iones-fresa
Exprezo,mayorista,2026-08-12,,,Refresco Jarritos Sabor Tuti Fruti 2 L,,2000 ml,ml,1,21.63,21.63,1,,MXN,,sitio_reporta_unidad=24.1 (no se usa; se calcula),exprezo-463-refresco-jarritos-sabor-tuti-fruti-2-l
Exprezo,mayorista,2026-08-12,,,Refresco Jarritos Sabor Piña 2 L,,2000 ml,ml,1,21.63,21.63,1,,MXN,,sitio_reporta_unidad=24.1 (no se usa; se calcula),exprezo-464-refresco-jarritos-sabor-pi-a-2-l
Exprezo,mayorista,2026-08-12,,,Jugo Jumex Néctar Sabor Manzana 450 Ml,,450 ml,ml,1,14.63,14.63,1,,MXN,,sitio_reporta_unidad=16.4 (no se usa; se calcula),exprezo-465-jugo-jumex-n-ctar-sabor-manzana-450-ml
Exprezo,mayorista,2026-08-12,,,Agua Doña Vita Natural Botella 500 ml,,500 ml,ml,1,2.89,2.89,1,,MXN,,sitio_reporta_unidad=3.5 (no se usa; se calcula),exprezo-466-agua-do-a-vita-natural-botella-500-ml
Exprezo,mayorista,2026-08-12,,,Refresco Jarritos Sabor Manzana 2 L,,2000 ml,ml,1,21.63,21.63,1,,MXN,,sitio_reporta_unidad=24.1 (no se usa; se calcula),exprezo-467-refresco-jarritos-sabor-manzana-2-l
Exprezo,mayorista,2026-08-12,,,Jugo Jumex Néctar Sabor Naranja 1 L,,1000 ml,ml,1,23.58,23.58,1,,MXN,,sitio_reporta_unidad=26.4 (no se usa; se calcula),exprezo-468-jugo-jumex-n-ctar-sabor-naranja-1-l
Exprezo,mayorista,2026-08-12,,,Refresco Sin Gas Delaware Punch Uva 600 ml,,600 ml,ml,1,15.78,15.78,1,,MXN,,sitio_reporta_unidad=17.6 (no se usa; se calcula),exprezo-469-refresco-sin-gas-delaware-punch-uva-600-
Exprezo,mayorista,2026-08-12,,,Refresco De Cola Pepsi 600 Ml,,600 ml,ml,1,14.45,14.45,1,,MXN,,sitio_reporta_unidad=16.5 (no se usa; se calcula),exprezo-470-refresco-de-cola-pepsi-600-ml
Exprezo,mayorista,2026-08-12,,,Jugo Jumex Néctar Sabor Mango 460 Ml,,460 ml,ml,1,17.67,17.67,1,,MXN,,sitio_reporta_unidad=20.8 (no se usa; se calcula),exprezo-471-jugo-jumex-n-ctar-sabor-mango-460-ml
Exprezo,mayorista,2026-08-12,,,POLVO P/AGUA ZUKO JAMAICA 12-8-13 GR,,13 g,g,1,46.79,46.79,1,,MXN,,sitio_reporta_unidad=52.5 (no se usa; se calcula),exprezo-472-polvo-p-agua-zuko-jamaica-12-8-13-gr
Exprezo,mayorista,2026-08-12,,,Jugo Jumex Néctar Sabor Durazno 460 Ml,,460 ml,ml,1,17.67,17.67,1,,MXN,,sitio_reporta_unidad=20.8 (no se usa; se calcula),exprezo-473-jugo-jumex-n-ctar-sabor-durazno-460-ml
Exprezo,mayorista,2026-08-12,,,POLVO P/AGUA ZUKO HORCHATA 12-8-13 GR,,13 g,g,1,46.79,46.79,1,,MXN,,sitio_reporta_unidad=52.5 (no se usa; se calcula),exprezo-474-polvo-p-agua-zuko-horchata-12-8-13-gr
Exprezo,mayorista,2026-08-12,,,Agua Natural E Pura 1 L,,1000 ml,ml,1,9.0,9.0,1,,MXN,,sitio_reporta_unidad=11.3 (no se usa; se calcula),exprezo-475-agua-natural-e-pura-1-l
Exprezo,mayorista,2026-08-12,,,REFRESCO PEPSI 8-3 LT,,3000 ml,ml,1,35.76,35.76,1,,MXN,,sitio_reporta_unidad=43.1 (no se usa; se calcula),exprezo-476-refresco-pepsi-8-3-lt
Exprezo,mayorista,2026-08-12,,,Jugo De Tomate Clamato El Original 946 Ml,,946 ml,ml,1,39.04,39.04,1,,MXN,,sitio_reporta_unidad=46.0 (no se usa; se calcula),exprezo-477-jugo-de-tomate-clamato-el-original-946-m
Exprezo,mayorista,2026-08-12,,,GATORADE SURTIDO 12-350 ML,,350 ml,ml,1,10.5,10.5,1,,MXN,,sitio_reporta_unidad=13.2 (no se usa; se calcula),exprezo-478-gatorade-surtido-12-350-ml
Exprezo,mayorista,2026-08-12,,,Refresco Sabor Lima-Limón Sprite 600 Ml,,600 ml,ml,1,17.11,17.11,1,,MXN,,sitio_reporta_unidad=21.4 (no se usa; se calcula),exprezo-479-refresco-sabor-lima-lim-n-sprite-600-ml
Exprezo,mayorista,2026-08-12,,,Agua natural Doña Vita 1.5l,,5000 ml,ml,1,5.8,5.8,1,,MXN,,sitio_reporta_unidad=6.0 (no se usa; se calcula),exprezo-480-agua-natural-do-a-vita-1-5l
Exprezo,mayorista,2026-08-12,,,Calahua Crema De Coco 480 Ml,,480 ml,ml,1,30.1,30.1,1,,MXN,,sitio_reporta_unidad=35.5 (no se usa; se calcula),exprezo-481-calahua-crema-de-coco-480-ml
Exprezo,mayorista,2026-08-12,,,OCEAN SPRAY ARANDANO CLASSIC 12-1 LT,,1000 ml,ml,1,29.24,29.24,1,,MXN,,sitio_reporta_unidad=35.5 (no se usa; se calcula),exprezo-482-ocean-spray-arandano-classic-12-1-lt
Exprezo,mayorista,2026-08-12,,,Gatorade Sabor Ponche De Frutas 500 Ml,,500 ml,ml,1,18.65,18.65,1,,MXN,,sitio_reporta_unidad=22.0 (no se usa; se calcula),exprezo-483-gatorade-sabor-ponche-de-frutas-500-ml
Exprezo,mayorista,2026-08-12,,,Agua Doña Vita Natural 1L,,1000 ml,ml,1,5.1,5.1,1,,MXN,,sitio_reporta_unidad=5.5 (no se usa; se calcula),exprezo-484-agua-do-a-vita-natural-1l
Exprezo,mayorista,2026-08-12,,,POLVO P/AGUA ZUKO NARANJA 12-8-13 GR,,13 g,g,1,46.79,46.79,1,,MXN,,sitio_reporta_unidad=52.5 (no se usa; se calcula),exprezo-485-polvo-p-agua-zuko-naranja-12-8-13-gr
Exprezo,mayorista,2026-08-12,,,Calahua Crema De Coco 1 L,,1000 ml,ml,1,63.63,63.63,1,,MXN,,sitio_reporta_unidad=74.9 (no se usa; se calcula),exprezo-486-calahua-crema-de-coco-1-l
Exprezo,mayorista,2026-08-12,,,Jugo Jumex Néctar Sabor Manzana 460 Ml,,460 ml,ml,1,17.67,17.67,1,,MXN,,sitio_reporta_unidad=20.8 (no se usa; se calcula),exprezo-487-jugo-jumex-n-ctar-sabor-manzana-460-ml
Exprezo,mayorista,2026-08-12,,,REFRESCO PEPSI 12-1.5LTS,,5000 ml,ml,1,20.99,20.99,1,,MXN,,sitio_reporta_unidad=23.9 (no se usa; se calcula),exprezo-488-refresco-pepsi-12-1-5lts
Exprezo,mayorista,2026-08-12,,,Gatorade Sabor Naranja 500 Ml,,500 ml,ml,1,18.65,18.65,1,,MXN,,sitio_reporta_unidad=22.0 (no se usa; se calcula),exprezo-489-gatorade-sabor-naranja-500-ml
Exprezo,mayorista,2026-08-12,,,Gatorade Sabor Uva 500 Ml,,500 ml,ml,1,18.65,18.65,1,,MXN,,sitio_reporta_unidad=22.0 (no se usa; se calcula),exprezo-490-gatorade-sabor-uva-500-ml
Exprezo,mayorista,2026-08-12,,,Refresco Coca-Cola Original 1 L,,1000 ml,ml,1,27.53,27.53,1,,MXN,,sitio_reporta_unidad=30.6 (no se usa; se calcula),exprezo-491-refresco-coca-cola-original-1-l
Exprezo,mayorista,2026-08-12,,,JUMEX TETRA MANGO 12-475 ML,,475 ml,ml,1,14.08,14.08,1,,MXN,,sitio_reporta_unidad=15.9 (no se usa; se calcula),exprezo-492-jumex-tetra-mango-12-475-ml
Exprezo,mayorista,2026-08-12,,,JUMEX TETRA DURAZNO 12-475 ML,,475 ml,ml,1,14.08,14.08,1,,MXN,,sitio_reporta_unidad=15.9 (no se usa; se calcula),exprezo-493-jumex-tetra-durazno-12-475-ml
Exprezo,mayorista,2026-08-12,,,Bebida Energética Boost 470 Ml,,470 ml,ml,1,27.03,27.03,1,,MXN,,sitio_reporta_unidad=34.4 (no se usa; se calcula),exprezo-494-bebida-energ-tica-boost-470-ml
Exprezo,mayorista,2026-08-12,,,JUMEX TETRA MANZANA 12-475 ML,,475 ml,ml,1,14.08,14.08,1,,MXN,,sitio_reporta_unidad=15.9 (no se usa; se calcula),exprezo-495-jumex-tetra-manzana-12-475-ml
Exprezo,mayorista,2026-08-12,,,REFRESCO MANZANITA SOL 8-3 LT,,3000 ml,ml,1,36.64,36.64,1,,MXN,,sitio_reporta_unidad=42.2 (no se usa; se calcula),exprezo-496-refresco-manzanita-sol-8-3-lt
Exprezo,mayorista,2026-08-12,,,Refresco Manzanita Sol Sabor Manzana 600 Ml,,600 ml,ml,1,14.65,14.65,1,,MXN,,sitio_reporta_unidad=17.3 (no se usa; se calcula),exprezo-497-refresco-manzanita-sol-sabor-manzana-600
Exprezo,mayorista,2026-08-12,,,ELECTROLIFE ZERO FRESA KIWI 12-625 ML,,625 ml,ml,1,20.45,20.45,1,,MXN,,sitio_reporta_unidad=23.6 (no se usa; se calcula),exprezo-498-electrolife-zero-fresa-kiwi-12-625-ml
Exprezo,mayorista,2026-08-12,,,Deliciosa Concentrado De Horchata 700 Ml,,700 ml,ml,1,45.13,45.13,1,,MXN,,sitio_reporta_unidad=50.5 (no se usa; se calcula),exprezo-499-deliciosa-concentrado-de-horchata-700-ml
Exprezo,mayorista,2026-08-12,,,Refresco Sabor Naranja Mirinda 600 Ml,,600 ml,ml,1,14.65,14.65,1,,MXN,,sitio_reporta_unidad=17.3 (no se usa; se calcula),exprezo-500-refresco-sabor-naranja-mirinda-600-ml
Exprezo,mayorista,2026-08-12,,,Bebida Energética Predator Energy Gold Strike Lata 473 ml,,473 ml,ml,1,16.84,16.84,1,,MXN,,sitio_reporta_unidad=18.8 (no se usa; se calcula),exprezo-501-bebida-energ-tica-predator-energy-gold-s
Exprezo,mayorista,2026-08-12,,,ELECTROLIFE ZERO UVA 12-625 ML,,625 ml,ml,1,20.45,20.45,1,,MXN,,sitio_reporta_unidad=23.6 (no se usa; se calcula),exprezo-502-electrolife-zero-uva-12-625-ml
Exprezo,mayorista,2026-08-12,,,Surtido De Paupau Jumex 250 Ml,,250 ml,ml,1,5.04,5.04,1,,MXN,,sitio_reporta_unidad=6.5 (no se usa; se calcula),exprezo-503-surtido-de-paupau-jumex-250-ml
Exprezo,mayorista,2026-08-12,,,Bebida Energética Vive 100% Goyi 500 Ml,,500 ml,ml,1,14.08,14.08,1,,MXN,,sitio_reporta_unidad=18.9 (no se usa; se calcula),exprezo-504-bebida-energ-tica-vive-100-goyi-500-ml
Exprezo,mayorista,2026-08-12,,,Deliciosa Concentrado Para Agua De Tamarindo 700 Ml,,700 ml,ml,1,61.66,61.66,1,,MXN,,sitio_reporta_unidad=68.9 (no se usa; se calcula),exprezo-505-deliciosa-concentrado-para-agua-de-tamar
Exprezo,mayorista,2026-08-12,,,Jugo Jumex Néctar Sabor Piña 1.89 L,,89000 ml,ml,1,45.74,45.74,1,,MXN,,sitio_reporta_unidad=50.9 (no se usa; se calcula),exprezo-506-jugo-jumex-n-ctar-sabor-pi-a-1-89-l
Exprezo,mayorista,2026-08-12,,,Refresco 7 Up 3 L,,3000 ml,ml,1,36.64,36.64,1,,MXN,,sitio_reporta_unidad=42.2 (no se usa; se calcula),exprezo-507-refresco-7-up-3-l
Exprezo,mayorista,2026-08-12,,,Agua Be Light sabor fresa - moras1.5L,,5000 ml,ml,1,18.65,18.65,1,,MXN,,sitio_reporta_unidad=20.5 (no se usa; se calcula),exprezo-508-agua-be-light-sabor-fresa-moras1-5l
Exprezo,mayorista,2026-08-12,,,Agua Sabor Jamaica Be Light 1.5 L,,5000 ml,ml,1,18.65,18.65,1,,MXN,,sitio_reporta_unidad=20.5 (no se usa; se calcula),exprezo-509-agua-sabor-jamaica-be-light-1-5-l
Exprezo,mayorista,2026-08-12,,,Agua Natural Nestlé Pureza Vital 1L,,1000 ml,ml,1,8.0,8.0,1,,MXN,,sitio_reporta_unidad=8.0 (no se usa; se calcula),exprezo-510-agua-natural-nestl-pureza-vital-1l
Exprezo,mayorista,2026-08-12,,,Jugo Jumexito sabor Manzana 200 ml,,200 ml,ml,1,7.52,7.52,1,,MXN,,sitio_reporta_unidad=9.5 (no se usa; se calcula),exprezo-511-jugo-jumexito-sabor-manzana-200-ml
Exprezo,mayorista,2026-08-12,,,Palomitas Act II Sabor Extra Mantequilla (14 Piezas en cada exhibidor),,14 pza,pza,14,152.5,10.8929,1,,MXN,,sitio_reporta_unidad=154.9 (no se usa; se calcula),exprezo-512-palomitas-act-ii-sabor-extra-mantequilla
Exprezo,mayorista,2026-08-12,,,Palomitas Act II Sabor Mantequilla 14 Piezas,,14 pza,pza,14,152.5,10.8929,1,,MXN,,sitio_reporta_unidad=154.9 (no se usa; se calcula),exprezo-513-palomitas-act-ii-sabor-mantequilla-14-pi
Exprezo,mayorista,2026-08-12,,,Palomitas Act II Sabor Natural 14 Piezas,,14 pza,pza,14,152.5,10.8929,1,,MXN,,sitio_reporta_unidad=154.9 (no se usa; se calcula),exprezo-514-palomitas-act-ii-sabor-natural-14-piezas
Exprezo,mayorista,2026-08-12,,,Totis Top-Top's Salsa Negra 10 Piezas,,10 pza,pza,10,67.96,6.796,1,,MXN,,sitio_reporta_unidad=71.3 (no se usa; se calcula),exprezo-515-totis-top-top-s-salsa-negra-10-piezas
Exprezo,mayorista,2026-08-12,,,Fritura Totis Top-Tops Sabor Hot Chili 10 Piezas,,10 pza,pza,10,67.96,6.796,1,,MXN,,sitio_reporta_unidad=71.3 (no se usa; se calcula),exprezo-516-fritura-totis-top-tops-sabor-hot-chili-1
Exprezo,mayorista,2026-08-12,,,Botana Totis Donitas Sabor Sal y Limón Bolsa55 gr.,,55 g,g,1,12.69,12.69,1,,MXN,,sitio_reporta_unidad=12.69 (no se usa; se calcula),exprezo-517-botana-totis-donitas-sabor-sal-y-lim-n-b
Exprezo,mayorista,2026-08-12,,,Botana Totopos Totis Hot Chili 120 gr,,120 g,g,1,13.05,13.05,1,,MXN,,sitio_reporta_unidad=15.4 (no se usa; se calcula),exprezo-518-botana-totopos-totis-hot-chili-120-gr
Exprezo,mayorista,2026-08-12,,,Botana Totopos Totis Salsa Negra 120 gr.,,120 g,g,1,13.05,13.05,1,,MXN,,sitio_reporta_unidad=15.4 (no se usa; se calcula),exprezo-519-botana-totopos-totis-salsa-negra-120-gr-
Exprezo,mayorista,2026-08-12,,,Botana Totis Donitas con Chile y Limón Bolsa 55 gr,,55 g,g,1,12.69,12.69,1,,MXN,,sitio_reporta_unidad=12.69 (no se usa; se calcula),exprezo-520-botana-totis-donitas-con-chile-y-lim-n-b
Exprezo,mayorista,2026-08-12,,,Bolsa de botanaPapitas Con Sal Totis 90 gr,,90 g,g,1,14.28,14.28,1,,MXN,,sitio_reporta_unidad=14.28 (no se usa; se calcula),exprezo-521-bolsa-de-botanapapitas-con-sal-totis-90-
Exprezo,mayorista,2026-08-12,,,Bolsa de botana Totopos Nacho Totis 120 gr,,120 g,g,1,13.05,13.05,1,,MXN,,sitio_reporta_unidad=15.4 (no se usa; se calcula),exprezo-522-bolsa-de-botana-totopos-nacho-totis-120-
Exprezo,mayorista,2026-08-12,,,Surtido de papas Sabrimayoreo surtido 55 piezas,,55 pza,pza,55,449.0,8.1636,1,,MXN,,sitio_reporta_unidad=449.0 (no se usa; se calcula),exprezo-523-surtido-de-papas-sabrimayoreo-surtido-55
Exprezo,mayorista,2026-08-12,,,Totis Top-Top's Nachos 10 Piezas,,10 pza,pza,10,67.96,6.796,1,,MXN,,sitio_reporta_unidad=71.3 (no se usa; se calcula),exprezo-524-totis-top-top-s-nachos-10-piezas
Exprezo,mayorista,2026-08-12,,,Pasta de trigo Para Chicharrón Mini Ruedita cm Saco 20 kg,,20000 g,g,1,45.5,45.5,1,,MXN,,,exprezo-525-pasta-de-trigo-para-chicharr-n-mini-rued
Exprezo,mayorista,2026-08-12,,,Bolsa de botanaPapitas Adobadas Totis 90 gr,,90 g,g,1,14.28,14.28,1,,MXN,,sitio_reporta_unidad=14.28 (no se usa; se calcula),exprezo-526-bolsa-de-botanapapitas-adobadas-totis-90
Exprezo,mayorista,2026-08-12,,,Bolsa de botanaPapitas Hot Chili Totis 90 gr,,90 g,g,1,14.28,14.28,1,,MXN,,sitio_reporta_unidad=14.28 (no se usa; se calcula),exprezo-527-bolsa-de-botanapapitas-hot-chili-totis-9
Exprezo,mayorista,2026-08-12,,,Surtido De Papas Sabri Surtido 35 Piezas,,35 pza,pza,35,337.7,9.6486,1,,MXN,,sitio_reporta_unidad=337.7 (no se usa; se calcula),exprezo-528-surtido-de-papas-sabri-surtido-35-piezas
Exprezo,mayorista,2026-08-12,,,Botana Cacahuate Estilo Japonés Esnafer 1 Kilo,,1000 g,g,1,74.1,74.1,1,,MXN,,sitio_reporta_unidad=75.8 (no se usa; se calcula),exprezo-529-botana-cacahuate-estilo-japon-s-esnafer-
Exprezo,mayorista,2026-08-12,,,Pasta de trigo Para Chicharrón Rotini cm Saco 20 kg,,20000 g,g,1,45.5,45.5,1,,MXN,,,exprezo-530-pasta-de-trigo-para-chicharr-n-rotini-cm
Exprezo,mayorista,2026-08-12,,,Botana Cacahuate Estilo Español Esnafer 1 Kilo,,1000 g,g,1,67.35,67.35,1,,MXN,,sitio_reporta_unidad=70.0 (no se usa; se calcula),exprezo-531-botana-cacahuate-estilo-espa-ol-esnafer-
Exprezo,mayorista,2026-08-12,,,Que Totis Queso Cheddar 3 Kilos,,3000 g,g,1,241.0,241.0,1,,MXN,,sitio_reporta_unidad=241.0 (no se usa; se calcula),exprezo-532-que-totis-queso-cheddar-3-kilos
Exprezo,mayorista,2026-08-12,,,Pack Surtido De Takis Barcel 15 Piezas,,15 pza,pza,15,176.57,11.7713,1,,MXN,,sitio_reporta_unidad=179.9 (no se usa; se calcula),exprezo-533-pack-surtido-de-takis-barcel-15-piezas
Exprezo,mayorista,2026-08-12,,,Totis Donitas Sal Y Limón 24 Piezas,,24 pza,pza,24,85.99,3.5829,1,,MXN,,sitio_reporta_unidad=89.0 (no se usa; se calcula),exprezo-534-totis-donitas-sal-y-lim-n-24-piezas
Exprezo,mayorista,2026-08-12,,,Doritos Nachos Sabritas Pack 10 Piezas,,10 pza,pza,10,157.74,15.774,1,,MXN,,sitio_reporta_unidad=166.1 (no se usa; se calcula),exprezo-535-doritos-nachos-sabritas-pack-10-piezas
Exprezo,mayorista,2026-08-12,,,Palomitas Act II Sabor Mantequilla 3 Piezas,,3 pza,pza,3,40.13,13.3767,1,,MXN,,sitio_reporta_unidad=41.8 (no se usa; se calcula),exprezo-536-palomitas-act-ii-sabor-mantequilla-3-pie
Exprezo,mayorista,2026-08-12,,,Botana Cruji-Enchilado Esnafer 700 Gr,,700 g,g,1,53.44,53.44,1,,MXN,,sitio_reporta_unidad=56.3 (no se usa; se calcula),exprezo-537-botana-cruji-enchilado-esnafer-700-gr
Exprezo,mayorista,2026-08-12,,,Pack Surtido De Cheetos 30 Piezas,,30 pza,pza,30,331.9,11.0633,1,,MXN,,sitio_reporta_unidad=331.9 (no se usa; se calcula),exprezo-538-pack-surtido-de-cheetos-30-piezas
Exprezo,mayorista,2026-08-12,,,Botana Cacahuate Enchilado Esnafer 1 Kg,,1000 g,g,1,68.43,68.43,1,,MXN,,sitio_reporta_unidad=71.0 (no se usa; se calcula),exprezo-539-botana-cacahuate-enchilado-esnafer-1-kg
Exprezo,mayorista,2026-08-12,,,Pack De Mini Takis Fuego 25 Piezas,,25 pza,pza,25,177.23,7.0892,1,,MXN,,sitio_reporta_unidad=196.1 (no se usa; se calcula),exprezo-540-pack-de-mini-takis-fuego-25-piezas
Exprezo,mayorista,2026-08-12,,,Botana Cacahuate Salado Esnafer 1 Kilo,,1000 g,g,1,68.25,68.25,1,,MXN,,sitio_reporta_unidad=70.9 (no se usa; se calcula),exprezo-541-botana-cacahuate-salado-esnafer-1-kilo
Exprezo,mayorista,2026-08-12,,,Fritura Totis Donitas Sal Y Limón 25 Piezas,,25 pza,pza,25,43.12,1.7248,1,,MXN,,sitio_reporta_unidad=44.8 (no se usa; se calcula),exprezo-542-fritura-totis-donitas-sal-y-lim-n-25-pie
Exprezo,mayorista,2026-08-12,,,Botana Mixta Esnafer 900 Gr,,900 g,g,1,65.88,65.88,1,,MXN,,sitio_reporta_unidad=68.5 (no se usa; se calcula),exprezo-543-botana-mixta-esnafer-900-gr
Exprezo,mayorista,2026-08-12,,,Botana Haba Enchilada Esnafer 900 gr,,900 g,g,1,76.19,76.19,1,,MXN,,sitio_reporta_unidad=79.1 (no se usa; se calcula),exprezo-544-botana-haba-enchilada-esnafer-900-gr
Exprezo,mayorista,2026-08-12,,,Fritos Sabor Chorizo Y Chipotle 10 Piezas,,10 pza,pza,10,69.75,6.975,1,,MXN,,sitio_reporta_unidad=80.2 (no se usa; se calcula),exprezo-545-fritos-sabor-chorizo-y-chipotle-10-pieza
Exprezo,mayorista,2026-08-12,,,Bolsa de Cacahuate Japonés Nishikawa,,,pza,1,358.9,358.9,1,,MXN,,sitio_reporta_unidad=358.9 (no se usa; se calcula),exprezo-546-bolsa-de-cacahuate-japon-s-nishikawa
Exprezo,mayorista,2026-08-12,,,Churros Vikingos Con Ajonjolí 900 Gr,,900 g,g,1,83.08,83.08,1,,MXN,,sitio_reporta_unidad=90.3 (no se usa; se calcula),exprezo-547-churros-vikingos-con-ajonjol-900-gr
Exprezo,mayorista,2026-08-12,,,Botana Nat-chitos Salsas Negras Naturasol 60g,,60 g,g,1,10.0,10.0,1,,MXN,,sitio_reporta_unidad=10.0 (no se usa; se calcula),exprezo-548-botana-nat-chitos-salsas-negras-naturaso
Exprezo,mayorista,2026-08-12,,,Churros Vikingos Chile Y Limón 800 Gr,,800 g,g,1,72.65,72.65,1,,MXN,,sitio_reporta_unidad=79.0 (no se usa; se calcula),exprezo-549-churros-vikingos-chile-y-lim-n-800-gr
Exprezo,mayorista,2026-08-12,,,Chicharrón Artesanal Vikingos 450 Gr,,450 g,g,1,58.31,58.31,1,,MXN,,sitio_reporta_unidad=60.0 (no se usa; se calcula),exprezo-550-chicharr-n-artesanal-vikingos-450-gr
Exprezo,mayorista,2026-08-12,,,Cerveza Oscura Victoria Latón 473 Ml,,473 ml,ml,1,19.38,19.38,1,,MXN,,sitio_reporta_unidad=21.6 (no se usa; se calcula),exprezo-551-cerveza-oscura-victoria-lat-n-473-ml
Exprezo,mayorista,2026-08-12,,,Cerveza Clara Modelo Especial 473 Ml,,473 ml,ml,1,490.0,490.0,1,,MXN,,sitio_reporta_unidad=22.7 (no se usa; se calcula),exprezo-552-cerveza-clara-modelo-especial-473-ml
Exprezo,mayorista,2026-08-12,,,Cerveza Oscura Victoria Mega 1.2 L,,2000 ml,ml,1,470.0,470.0,1,,MXN,,sitio_reporta_unidad=43.6 (no se usa; se calcula),exprezo-553-cerveza-oscura-victoria-mega-1-2-l
Exprezo,mayorista,2026-08-12,,,Bebida Alcohólica El Jimador New-Mix Paloma 473 Ml,,473 ml,ml,1,613.0,613.0,1,,MXN,,sitio_reporta_unidad=27.2 (no se usa; se calcula),exprezo-554-bebida-alcoh-lica-el-jimador-new-mix-pal
Exprezo,mayorista,2026-08-12,,,Bebida Alcohólica El Jimador New-Mix Vampiro 473 Ml,,473 ml,ml,1,25.54,25.54,1,,MXN,,sitio_reporta_unidad=27.2 (no se usa; se calcula),exprezo-555-bebida-alcoh-lica-el-jimador-new-mix-vam
Exprezo,mayorista,2026-08-12,,,Cerveza Corona Mega 1.2 L,,2000 ml,ml,1,470.0,470.0,1,,MXN,,sitio_reporta_unidad=43.6 (no se usa; se calcula),exprezo-556-cerveza-corona-mega-1-2-l
Exprezo,mayorista,2026-08-12,,,Aguardiente Caña de Oro 600 ml,,600 ml,ml,1,440.0,440.0,1,,MXN,,sitio_reporta_unidad=19.3 (no se usa; se calcula),exprezo-557-aguardiente-ca-a-de-oro-600-ml
Exprezo,mayorista,2026-08-12,,,Bebida Alcohólica Preparada Viña Real Sabor Durazno 400 Ml,,400 ml,ml,1,20.94,20.94,1,,MXN,,sitio_reporta_unidad=23.1 (no se usa; se calcula),exprezo-558-bebida-alcoh-lica-preparada-vi-a-real-sa
Exprezo,mayorista,2026-08-12,,,Caribe Cooler Sabor Durazno 300 Ml,,300 ml,ml,1,16.75,16.75,1,,MXN,,sitio_reporta_unidad=17.2 (no se usa; se calcula),exprezo-559-caribe-cooler-sabor-durazno-300-ml
Exprezo,mayorista,2026-08-12,,,Bebida Alcohólica Preparada Viña Real Sabor Fresa Sandia 400 Ml,,400 ml,ml,1,20.94,20.94,1,,MXN,,sitio_reporta_unidad=23.1 (no se usa; se calcula),exprezo-560-bebida-alcoh-lica-preparada-vi-a-real-sa
Exprezo,mayorista,2026-08-12,,,Caribe Cooler Sabor Fresa 300 Ml,,300 ml,ml,1,16.75,16.75,1,,MXN,,sitio_reporta_unidad=17.2 (no se usa; se calcula),exprezo-561-caribe-cooler-sabor-fresa-300-ml
Exprezo,mayorista,2026-08-12,,,Caribe Cooler Sabor Manzana Kiwi 300 Ml,,300 ml,ml,1,16.75,16.75,1,,MXN,,sitio_reporta_unidad=17.2 (no se usa; se calcula),exprezo-562-caribe-cooler-sabor-manzana-kiwi-300-ml
Exprezo,mayorista,2026-08-12,,,Bebida Alcohólica Preparada Viña Real Sabor Blueberry 400 Ml,,400 ml,ml,1,20.94,20.94,1,,MXN,,sitio_reporta_unidad=23.1 (no se usa; se calcula),exprezo-563-bebida-alcoh-lica-preparada-vi-a-real-sa
Exprezo,mayorista,2026-08-12,,,Skyy Blue Citrus 275 Ml,,275 ml,ml,1,21.67,21.67,1,,MXN,,sitio_reporta_unidad=24.1 (no se usa; se calcula),exprezo-564-skyy-blue-citrus-275-ml
Exprezo,mayorista,2026-08-12,,,Caribe Cooler Sabor Mango Piña 300 Ml,,300 ml,ml,1,16.75,16.75,1,,MXN,,sitio_reporta_unidad=17.2 (no se usa; se calcula),exprezo-565-caribe-cooler-sabor-mango-pi-a-300-ml
Exprezo,mayorista,2026-08-12,,,Cerveza Victoria Lata 710 ml,,710 ml,ml,1,361.0,361.0,1,,MXN,,sitio_reporta_unidad=31.1 (no se usa; se calcula),exprezo-566-cerveza-victoria-lata-710-ml
Exprezo,mayorista,2026-08-12,,,Cerveza Sol Clamato latón 473 ml,,473 ml,ml,1,453.0,453.0,1,,MXN,,sitio_reporta_unidad=21.0 (no se usa; se calcula),exprezo-567-cerveza-sol-clamato-lat-n-473-ml
Exprezo,mayorista,2026-08-12,,,Bebida Alcohólica Preparada Viña Real Sabor Piña Colada 400 Ml,,400 ml,ml,1,20.94,20.94,1,,MXN,,sitio_reporta_unidad=23.1 (no se usa; se calcula),exprezo-568-bebida-alcoh-lica-preparada-vi-a-real-sa
Exprezo,mayorista,2026-08-12,,,Skyy Appletini Manzana Verde 275 Ml,,275 ml,ml,1,21.67,21.67,1,,MXN,,sitio_reporta_unidad=24.1 (no se usa; se calcula),exprezo-569-skyy-appletini-manzana-verde-275-ml
Exprezo,mayorista,2026-08-12,,,Licor de Caña Huasteco Imperial 440 ml,,440 ml,ml,1,234.0,234.0,1,,MXN,,sitio_reporta_unidad=10.4 (no se usa; se calcula),exprezo-570-licor-de-ca-a-huasteco-imperial-440-ml
Exprezo,mayorista,2026-08-12,,,Brandy Presidente 200 ml,,200 ml,ml,1,38.58,38.58,1,,MXN,,sitio_reporta_unidad=42.0 (no se usa; se calcula),exprezo-571-brandy-presidente-200-ml
Exprezo,mayorista,2026-08-12,,,Destilado de Agave Rancho Escondido 750 ml,,750 ml,ml,1,50.5,50.5,1,,MXN,,sitio_reporta_unidad=58.0 (no se usa; se calcula),exprezo-572-destilado-de-agave-rancho-escondido-750-
Exprezo,mayorista,2026-08-12,,,Cerveza Heineken 0 Alcohol Lata 355 ml,,355 ml,ml,1,366.1,366.1,1,,MXN,,sitio_reporta_unidad=16.8 (no se usa; se calcula),exprezo-573-cerveza-heineken-0-alcohol-lata-355-ml
Exprezo,mayorista,2026-08-12,,,Cerveza Clara Corona Latón 473 Ml,,473 ml,ml,1,473.0,473.0,1,,MXN,,sitio_reporta_unidad=21.9 (no se usa; se calcula),exprezo-574-cerveza-clara-corona-lat-n-473-ml
Exprezo,mayorista,2026-08-12,,,Cerveza Tecate Latón 473 ml,,473 ml,ml,1,349.0,349.0,1,,MXN,,sitio_reporta_unidad=16.6 (no se usa; se calcula),exprezo-575-cerveza-tecate-lat-n-473-ml
Exprezo,mayorista,2026-08-12,,,Bebida Alcohólica Preparada Viña Real Sabor Durazno 2 L,,2000 ml,ml,1,93.83,93.83,1,,MXN,,sitio_reporta_unidad=98.8 (no se usa; se calcula),exprezo-576-bebida-alcoh-lica-preparada-vi-a-real-sa
Exprezo,mayorista,2026-08-12,,,Ron Bacardí Blanco Anfora 200 ml,,200 ml,ml,1,53.02,53.02,1,,MXN,,sitio_reporta_unidad=54.7 (no se usa; se calcula),exprezo-577-ron-bacard-blanco-anfora-200-ml
Exprezo,mayorista,2026-08-12,,,Licor de Caña Huasteco Imperial 960 ml,,960 ml,ml,1,19.5,19.5,1,,MXN,,sitio_reporta_unidad=20.8 (no se usa; se calcula),exprezo-578-licor-de-ca-a-huasteco-imperial-960-ml
Exprezo,mayorista,2026-08-12,,,Anís Mico Dulce Ánfora 250 ml,,250 ml,ml,1,44.01,44.01,1,,MXN,,sitio_reporta_unidad=48.9 (no se usa; se calcula),exprezo-579-an-s-mico-dulce-nfora-250-ml
Exprezo,mayorista,2026-08-12,,,Cerveza Indio Latón 473 ml,,473 ml,ml,1,343.0,343.0,1,,MXN,,sitio_reporta_unidad=16.3 (no se usa; se calcula),exprezo-580-cerveza-indio-lat-n-473-ml
Exprezo,mayorista,2026-08-12,,,Brandy Don Pedro 200 ml,,200 ml,ml,1,43.97,43.97,1,,MXN,,sitio_reporta_unidad=47.8 (no se usa; se calcula),exprezo-581-brandy-don-pedro-200-ml
Exprezo,mayorista,2026-08-12,,,Bebida Alcohólica Preparada Kool Sabor Blueberry Lata 355 ml,,355 ml,ml,1,18.84,18.84,1,,MXN,,sitio_reporta_unidad=19.3 (no se usa; se calcula),exprezo-582-bebida-alcoh-lica-preparada-kool-sabor-b
Exprezo,mayorista,2026-08-12,,,Destilado de Agave El Jefe 1 L,,1000 ml,ml,1,46.23,46.23,1,,MXN,,sitio_reporta_unidad=49.2 (no se usa; se calcula),exprezo-583-destilado-de-agave-el-jefe-1-l
Exprezo,mayorista,2026-08-12,,,Cerveza Corona Extra Retornable vidrio 355 ml,,355 ml,ml,1,374.9,374.9,1,,MXN,,sitio_reporta_unidad=17.4 (no se usa; se calcula),exprezo-584-cerveza-corona-extra-retornable-vidrio-3
Exprezo,mayorista,2026-08-12,,,Azulito con Vodka Mr. Blue 473 ml,,473 ml,ml,1,18.94,18.94,1,,MXN,,sitio_reporta_unidad=21.8 (no se usa; se calcula),exprezo-585-azulito-con-vodka-mr-blue-473-ml
Exprezo,mayorista,2026-08-12,,,Cerveza Heineken Latón 473 ml,,473 ml,ml,1,21.83,21.83,1,,MXN,,sitio_reporta_unidad=24.3 (no se usa; se calcula),exprezo-586-cerveza-heineken-lat-n-473-ml
Exprezo,mayorista,2026-08-12,,,Aguardiente Caña de Oro 1.15L,,15000 ml,ml,1,36.25,36.25,1,,MXN,,sitio_reporta_unidad=38.2 (no se usa; se calcula),exprezo-587-aguardiente-ca-a-de-oro-1-15l
Exprezo,mayorista,2026-08-12,,,Licor de Caña Huasteco Imperial 600 ml,,600 ml,ml,1,16.7,16.7,1,,MXN,,sitio_reporta_unidad=17.8 (no se usa; se calcula),exprezo-588-licor-de-ca-a-huasteco-imperial-600-ml
Exprezo,mayorista,2026-08-12,,,Cerveza Barrilito Pack 6 Botellas 325 Ml c/u,,325 ml,ml,1,65.0,65.0,1,,MXN,,sitio_reporta_unidad=72.3 (no se usa; se calcula),exprezo-589-cerveza-barrilito-pack-6-botellas-325-ml
Exprezo,mayorista,2026-08-12,,,Cerveza Victoria,,,pza,1,374.9,374.9,1,,MXN,,sitio_reporta_unidad=17.4 (no se usa; se calcula),exprezo-590-cerveza-victoria
Exprezo,mayorista,2026-08-12,,,Vodka Zaverich botella 1L,,1000 ml,ml,1,98.49,98.49,1,,MXN,,sitio_reporta_unidad=104.8 (no se usa; se calcula),exprezo-591-vodka-zaverich-botella-1l
Exprezo,mayorista,2026-08-12,,,Bebida Alcohólica Preparada Viña Real Sabor Blueberry 2 L,,2000 ml,ml,1,93.83,93.83,1,,MXN,,sitio_reporta_unidad=98.8 (no se usa; se calcula),exprezo-592-bebida-alcoh-lica-preparada-vi-a-real-sa
Exprezo,mayorista,2026-08-12,,,Ron Bacardí Blanco Botella 980 ml,,980 ml,ml,1,206.16,206.16,1,,MXN,,sitio_reporta_unidad=210.4 (no se usa; se calcula),exprezo-593-ron-bacard-blanco-botella-980-ml
Exprezo,mayorista,2026-08-12,,,Destilado de Agave El Compadre 750 ml,,750 ml,ml,1,51.03,51.03,1,,MXN,,sitio_reporta_unidad=54.3 (no se usa; se calcula),exprezo-594-destilado-de-agave-el-compadre-750-ml
Exprezo,mayorista,2026-08-12,,,Cerveza XX Lager Latón 473ml,,473 ml,ml,1,17.5,17.5,1,,MXN,,sitio_reporta_unidad=19.3 (no se usa; se calcula),exprezo-595-cerveza-xx-lager-lat-n-473ml
Exprezo,mayorista,2026-08-12,,,Tequila José Cuervo Especial Botella 990 ml,,990 ml,ml,1,195.45,195.45,1,,MXN,,sitio_reporta_unidad=205.8 (no se usa; se calcula),exprezo-596-tequila-jos-cuervo-especial-botella-990-
Exprezo,mayorista,2026-08-12,,,Brandy Presidente 500 ml,,500 ml,ml,1,94.26,94.26,1,,MXN,,sitio_reporta_unidad=102.5 (no se usa; se calcula),exprezo-597-brandy-presidente-500-ml
Exprezo,mayorista,2026-08-12,,,Licor Real De Caña 600 ml,,600 ml,ml,1,15.04,15.04,1,,MXN,,sitio_reporta_unidad=16.0 (no se usa; se calcula),exprezo-598-licor-real-de-ca-a-600-ml
Exprezo,mayorista,2026-08-12,,,Ron Bacardí Añejo Anfora 200 ml,,200 ml,ml,1,55.83,55.83,1,,MXN,,sitio_reporta_unidad=58.2 (no se usa; se calcula),exprezo-599-ron-bacard-a-ejo-anfora-200-ml
Exprezo,mayorista,2026-08-12,,,Cerveza Clara Modelo 355 Ml,,355 ml,ml,1,17.08,17.08,1,,MXN,,sitio_reporta_unidad=19.0 (no se usa; se calcula),exprezo-600-cerveza-clara-modelo-355-ml
Exprezo,mayorista,2026-08-12,,,Bebida Alcohólica Preparada Kool Sabor Durazno Lata 355 ml,,355 ml,ml,1,18.84,18.84,1,,MXN,,sitio_reporta_unidad=19.3 (no se usa; se calcula),exprezo-601-bebida-alcoh-lica-preparada-kool-sabor-d
Exprezo,mayorista,2026-08-12,,,Licor Gran Relicario Agave,,,pza,1,45.12,45.12,1,,MXN,,sitio_reporta_unidad=47.0 (no se usa; se calcula),exprezo-602-licor-gran-relicario-agave
Exprezo,mayorista,2026-08-12,,,Brandy Presidente 900 ml,,900 ml,ml,1,155.97,155.97,1,,MXN,,sitio_reporta_unidad=169.6 (no se usa; se calcula),exprezo-603-brandy-presidente-900-ml
Exprezo,mayorista,2026-08-12,,,Ron Bacardí Blanco Botella 700 ml,,700 ml,ml,1,176.9,176.9,1,,MXN,,sitio_reporta_unidad=180.6 (no se usa; se calcula),exprezo-604-ron-bacard-blanco-botella-700-ml
Exprezo,mayorista,2026-08-12,,,Cerveza Tecate Original Lata 710 ml,,710 ml,ml,1,32.1,32.1,1,,MXN,,sitio_reporta_unidad=32.1 (no se usa; se calcula),exprezo-605-cerveza-tecate-original-lata-710-ml
Exprezo,mayorista,2026-08-12,,,Brandy Torres 10 700 ml,,700 ml,ml,1,277.39,277.39,1,,MXN,,sitio_reporta_unidad=283.1 (no se usa; se calcula),exprezo-606-brandy-torres-10-700-ml
Exprezo,mayorista,2026-08-12,,,Rompope Coronado Botella 900 ml,,900 ml,ml,1,183.18,183.18,1,,MXN,,sitio_reporta_unidad=188.9 (no se usa; se calcula),exprezo-607-rompope-coronado-botella-900-ml
Exprezo,mayorista,2026-08-12,,,Brandy Torres 5 700 ml,,700 ml,ml,1,224.28,224.28,1,,MXN,,sitio_reporta_unidad=228.9 (no se usa; se calcula),exprezo-608-brandy-torres-5-700-ml
Exprezo,mayorista,2026-08-12,,,Tequila Cabrito Reposado Botella 950 ml + Pacha 250 ml,,950 ml,ml,1,176.9,176.9,1,,MXN,,sitio_reporta_unidad=182.4 (no se usa; se calcula),exprezo-609-tequila-cabrito-reposado-botella-950-ml-
Exprezo,mayorista,2026-08-12,,,Vodka Oso Negro botella 1L,,1000 ml,ml,1,99.99,99.99,1,,MXN,,sitio_reporta_unidad=105.3 (no se usa; se calcula),exprezo-610-vodka-oso-negro-botella-1l
Exprezo,mayorista,2026-08-12,,,Whisky Johnnie Walker Red Label 700 ml,,700 ml,ml,1,266.05,266.05,1,,MXN,,sitio_reporta_unidad=295.2 (no se usa; se calcula),exprezo-611-whisky-johnnie-walker-red-label-700-ml
Exprezo,mayorista,2026-08-12,,,Jerez Tres Coronas Bote 4 L,,4000 ml,ml,1,180.6,180.6,1,,MXN,,sitio_reporta_unidad=200.7 (no se usa; se calcula),exprezo-612-jerez-tres-coronas-bote-4-l
Exprezo,mayorista,2026-08-12,,,Ron Bacardí Blanco Botella 375 ml,,375 ml,ml,1,110.16,110.16,1,,MXN,,sitio_reporta_unidad=113.6 (no se usa; se calcula),exprezo-613-ron-bacard-blanco-botella-375-ml
Exprezo,mayorista,2026-08-12,,,Vodka Zaverich botella 1.750 L,,750000 ml,ml,1,162.82,162.82,1,,MXN,,sitio_reporta_unidad=173.2 (no se usa; se calcula),exprezo-614-vodka-zaverich-botella-1-750-l
Exprezo,mayorista,2026-08-12,,,Tequila Gran Centenario Reposado Botella 950 ml,,950 ml,ml,1,312.98,312.98,1,,MXN,,sitio_reporta_unidad=318.2 (no se usa; se calcula),exprezo-615-tequila-gran-centenario-reposado-botella
Exprezo,mayorista,2026-08-12,,,Brandy Presidente 700 ml,,700 ml,ml,1,139.22,139.22,1,,MXN,,sitio_reporta_unidad=151.4 (no se usa; se calcula),exprezo-616-brandy-presidente-700-ml
Exprezo,mayorista,2026-08-12,,,Brandy Azteca de Oro 700 ml,,700 ml,ml,1,190.51,190.51,1,,MXN,,sitio_reporta_unidad=196.5 (no se usa; se calcula),exprezo-617-brandy-azteca-de-oro-700-ml
Exprezo,mayorista,2026-08-12,,,Whisky William Lawsons 700ml,,700 ml,ml,1,180.24,180.24,1,,MXN,,sitio_reporta_unidad=185.9 (no se usa; se calcula),exprezo-618-whisky-william-lawsons-700ml
Exprezo,mayorista,2026-08-12,,,Vino Tinto California Brick 946 ml,,946 ml,ml,1,73.38,73.38,1,,MXN,,sitio_reporta_unidad=81.6 (no se usa; se calcula),exprezo-619-vino-tinto-california-brick-946-ml
Exprezo,mayorista,2026-08-12,,,Tequila Centenario Azul Reposado Botella 950 ml,,950 ml,ml,1,221.57,221.57,1,,MXN,,sitio_reporta_unidad=230.3 (no se usa; se calcula),exprezo-620-tequila-centenario-azul-reposado-botella
Exprezo,mayorista,2026-08-12,,,Tequila José Cuervo Especial Botella 695 ml,,695 ml,ml,1,153.48,153.48,1,,MXN,,sitio_reporta_unidad=161.6 (no se usa; se calcula),exprezo-621-tequila-jos-cuervo-especial-botella-695-
Exprezo,mayorista,2026-08-12,,,Ron Bacardí Blanco Botella 1750 ml,,1750 ml,ml,1,381.02,381.02,1,,MXN,,sitio_reporta_unidad=388.8 (no se usa; se calcula),exprezo-622-ron-bacard-blanco-botella-1750-ml
Exprezo,mayorista,2026-08-12,,,Whisky Mc Andrews 750 ml + Pacha 200 ml,,750 ml,ml,1,166.48,166.48,1,,MXN,,sitio_reporta_unidad=177.1 (no se usa; se calcula),exprezo-623-whisky-mc-andrews-750-ml-pacha-200-ml
Exprezo,mayorista,2026-08-12,,,Tequila José Cuervo Tradicional Reposado Botella 950 ml,,950 ml,ml,1,376.83,376.83,1,,MXN,,sitio_reporta_unidad=396.7 (no se usa; se calcula),exprezo-624-tequila-jos-cuervo-tradicional-reposado-
Exprezo,mayorista,2026-08-12,,,Whisky Black & White 700 ml,,700 ml,ml,1,236.91,236.91,1,,MXN,,sitio_reporta_unidad=262.0 (no se usa; se calcula),exprezo-625-whisky-black-white-700-ml
Exprezo,mayorista,2026-08-12,,,Destilado de Agave Rancho Escondido Patona 3 L,,3000 ml,ml,1,190.78,190.78,1,,MXN,,sitio_reporta_unidad=200.9 (no se usa; se calcula),exprezo-626-destilado-de-agave-rancho-escondido-pato
Exprezo,mayorista,2026-08-12,,,Licor de Agave Tlatoani Sello Rojo 1 L,,1000 ml,ml,1,40.08,40.08,1,,MXN,,sitio_reporta_unidad=42.6 (no se usa; se calcula),exprezo-627-licor-de-agave-tlatoani-sello-rojo-1-l
Exprezo,mayorista,2026-08-12,,,Destilado de Caña el Mezcalito botella 440 ml,,440 ml,ml,1,17.91,17.91,1,,MXN,,sitio_reporta_unidad=18.3 (no se usa; se calcula),exprezo-628-destilado-de-ca-a-el-mezcalito-botella-4
Exprezo,mayorista,2026-08-12,,,Destilado de Caña el Mezcalito botella 960 ml,,960 ml,ml,1,29.66,29.66,1,,MXN,,sitio_reporta_unidad=31.6 (no se usa; se calcula),exprezo-629-destilado-de-ca-a-el-mezcalito-botella-9
Exprezo,mayorista,2026-08-12,,,Vodka Zaverich Raspberry 1 L,,1000 ml,ml,1,78.83,78.83,1,,MXN,,sitio_reporta_unidad=78.83 (no se usa; se calcula),exprezo-630-vodka-zaverich-raspberry-1-l
Exprezo,mayorista,2026-08-12,,,Tequila Viuda de Romero Reposado Botella 1 L,,1000 ml,ml,1,177.99,177.99,1,,MXN,,sitio_reporta_unidad=183.5 (no se usa; se calcula),exprezo-631-tequila-viuda-de-romero-reposado-botella
Exprezo,mayorista,2026-08-12,,,Ron Bacardí Añejo Botella 980 ml,,980 ml,ml,1,292.04,292.04,1,,MXN,,sitio_reporta_unidad=298.1 (no se usa; se calcula),exprezo-632-ron-bacard-a-ejo-botella-980-ml
Exprezo,mayorista,2026-08-12,,,Destilado de Agave Rancho Escondido 1.75 L,,75000 ml,ml,1,130.98,130.98,1,,MXN,,sitio_reporta_unidad=135.1 (no se usa; se calcula),exprezo-633-destilado-de-agave-rancho-escondido-1-75
Exprezo,mayorista,2026-08-12,,,Tequila José Cuervo Tradicional Botella 695 ml,,695 ml,ml,1,328.49,328.49,1,,MXN,,sitio_reporta_unidad=345.8 (no se usa; se calcula),exprezo-634-tequila-jos-cuervo-tradicional-botella-6
Exprezo,mayorista,2026-08-12,,,Tequila Gran Centenario Plata Botella 700 ml,,700 ml,ml,1,287.86,287.86,1,,MXN,,sitio_reporta_unidad=303.1 (no se usa; se calcula),exprezo-635-tequila-gran-centenario-plata-botella-70
Exprezo,mayorista,2026-08-12,,,Whisky Mc Andrews Patona 1.75L,,75000 ml,ml,1,149.92,149.92,1,,MXN,,sitio_reporta_unidad=149.92 (no se usa; se calcula),exprezo-636-whisky-mc-andrews-patona-1-75l
Exprezo,mayorista,2026-08-12,,,Gelatina Dany Danone Sabor Uva 125 gr,,125 g,g,1,6.6,6.6,1,,MXN,,sitio_reporta_unidad=7.8 (no se usa; se calcula),exprezo-637-gelatina-dany-danone-sabor-uva-125-gr
Exprezo,mayorista,2026-08-12,,,Gelatina Dany Danone Sabor Fresa 125 gr,,125 g,g,1,6.6,6.6,1,,MXN,,sitio_reporta_unidad=7.8 (no se usa; se calcula),exprezo-638-gelatina-dany-danone-sabor-fresa-125-gr
Exprezo,mayorista,2026-08-12,,,Gelatina Dany Danone Sabor Piña 125 gr,,125 g,g,1,6.6,6.6,1,,MXN,,sitio_reporta_unidad=7.8 (no se usa; se calcula),exprezo-639-gelatina-dany-danone-sabor-pi-a-125-gr
Exprezo,mayorista,2026-08-12,,,Gelatina Dany Danone Sabor Limón 125 gr,,125 g,g,1,6.6,6.6,1,,MXN,,sitio_reporta_unidad=7.8 (no se usa; se calcula),exprezo-640-gelatina-dany-danone-sabor-lim-n-125-gr
Exprezo,mayorista,2026-08-12,,,Pack de Flan Danette Danone 6 pzas,,6 pza,pza,6,40.79,6.7983,1,,MXN,,sitio_reporta_unidad=46.4 (no se usa; se calcula),exprezo-641-pack-de-flan-danette-danone-6-pzas
Exprezo,mayorista,2026-08-12,,,Gelatina Dany Danone Sabor Mandarina 125 gr,,125 g,g,1,6.6,6.6,1,,MXN,,sitio_reporta_unidad=7.8 (no se usa; se calcula),exprezo-642-gelatina-dany-danone-sabor-mandarina-125
Exprezo,mayorista,2026-08-12,,,Maíz Precocido Pozolero Rey Santiago 1kg.,,1000 g,g,1,21.5,21.5,1,,MXN,,sitio_reporta_unidad=28.5 (no se usa; se calcula),exprezo-643-ma-z-precocido-pozolero-rey-santiago-1kg
Exprezo,mayorista,2026-08-12,,,Pack de Gelatina Dany Danone 6 pzas Sabor Limón y Fresa,,6 pza,pza,6,30.0,5.0,1,,MXN,,sitio_reporta_unidad=33.4 (no se usa; se calcula),exprezo-644-pack-de-gelatina-dany-danone-6-pzas-sabo
Exprezo,mayorista,2026-08-12,,,Gelatina Dany Danone Puuch Sabor Fresa 125 gr,,125 g,g,1,11.13,11.13,1,,MXN,,sitio_reporta_unidad=12.0 (no se usa; se calcula),exprezo-645-gelatina-dany-danone-puuch-sabor-fresa-1
Exprezo,mayorista,2026-08-12,,,Café Capuccino Olé Clásico Frasco 281 ml,,281 ml,ml,1,29.25,29.25,1,,MXN,,sitio_reporta_unidad=34.5 (no se usa; se calcula),exprezo-646-caf-capuccino-ol-cl-sico-frasco-281-ml
Exprezo,mayorista,2026-08-12,,,Arroz con Leche Lala 125 gr.,,125 g,g,1,11.29,11.29,1,,MXN,,sitio_reporta_unidad=13.3 (no se usa; se calcula),exprezo-647-arroz-con-leche-lala-125-gr-
Exprezo,mayorista,2026-08-12,,,Gelatina Dany Danone Puuch Sabor Limón 125 gr,,125 g,g,1,11.13,11.13,1,,MXN,,sitio_reporta_unidad=12.0 (no se usa; se calcula),exprezo-648-gelatina-dany-danone-puuch-sabor-lim-n-1
Exprezo,mayorista,2026-08-12,,,Café Moka Olé Frasco 291 ml,,291 ml,ml,1,29.25,29.25,1,,MXN,,sitio_reporta_unidad=34.5 (no se usa; se calcula),exprezo-649-caf-moka-ol-frasco-291-ml
Exprezo,mayorista,2026-08-12,,,Café Capuccino Olé Vainilla Frasco 281 ml,,281 ml,ml,1,29.25,29.25,1,,MXN,,sitio_reporta_unidad=34.5 (no se usa; se calcula),exprezo-650-caf-capuccino-ol-vainilla-frasco-281-ml
Exprezo,mayorista,2026-08-12,,,Flan Danette Danone 100 gr,,100 g,g,1,9.05,9.05,1,,MXN,,sitio_reporta_unidad=9.9 (no se usa; se calcula),exprezo-651-flan-danette-danone-100-gr
Exprezo,mayorista,2026-08-12,,,Gelatina de Leche Danette Danone Sabor Fresa 100 gr,,100 g,g,1,10.29,10.29,1,,MXN,,sitio_reporta_unidad=11.2 (no se usa; se calcula),exprezo-652-gelatina-de-leche-danette-danone-sabor-f
Exprezo,mayorista,2026-08-12,,,Gelatina de Leche Danette Danone Sabor Vainilla 100 gr,,100 g,g,1,10.29,10.29,1,,MXN,,sitio_reporta_unidad=11.2 (no se usa; se calcula),exprezo-653-gelatina-de-leche-danette-danone-sabor-v
Exprezo,mayorista,2026-08-12,,,Flan Art Sabor Vainilla 240 gr,,240 g,g,1,18.98,18.98,1,,MXN,,sitio_reporta_unidad=22.0 (no se usa; se calcula),exprezo-654-flan-art-sabor-vainilla-240-gr
Exprezo,mayorista,2026-08-12,,,Pack Congelada BonIce BonIcessote Chingon3s con 4 piezas de 100 ml c/u,,100 ml,ml,1,23.91,23.91,1,,MXN,,sitio_reporta_unidad=25.1 (no se usa; se calcula),exprezo-655-pack-congelada-bonice-bonicessote-chingo
Exprezo,mayorista,2026-08-12,,,Tostadas Charras Amarillas 280g,,280 g,g,1,29.86,29.86,1,,MXN,,sitio_reporta_unidad=32.2 (no se usa; se calcula),exprezo-656-tostadas-charras-amarillas-280g
Exprezo,mayorista,2026-08-12,,,Tostadas de Maíz Fiesta Charra Bolsa 250 gr,,250 g,g,1,29.03,29.03,1,,MXN,,sitio_reporta_unidad=34.2 (no se usa; se calcula),exprezo-657-tostadas-de-ma-z-fiesta-charra-bolsa-250
Exprezo,mayorista,2026-08-12,,,Bolsa de Tostadas Milpa Real Onduladas 360gr,,360 g,g,1,33.0,33.0,1,,MXN,,sitio_reporta_unidad=36.7 (no se usa; se calcula),exprezo-658-bolsa-de-tostadas-milpa-real-onduladas-3
Exprezo,mayorista,2026-08-12,,,TOSTADAS DEL BARRIO 18-300 GR,,300 g,g,1,24.03,24.03,1,,MXN,,sitio_reporta_unidad=27.0 (no se usa; se calcula),exprezo-659-tostadas-del-barrio-18-300-gr
Exprezo,mayorista,2026-08-12,,,Tortillas de Harína Tortillinas Tía Rosa 24 Pzas 612 gr.,,612 g,g,1,38.9,38.9,1,,MXN,,sitio_reporta_unidad=43.4 (no se usa; se calcula),exprezo-660-tortillas-de-har-na-tortillinas-t-a-rosa
Exprezo,mayorista,2026-08-12,,,Tortillas de Harina El Edén 1kg,,1000 g,g,1,44.6,44.6,1,,MXN,,sitio_reporta_unidad=44.6 (no se usa; se calcula),exprezo-661-tortillas-de-harina-el-ed-n-1kg
Exprezo,mayorista,2026-08-12,,,Bolsa de Totopos Charras Cruji Nachos 1kg,,1000 g,g,1,64.67,64.67,1,,MXN,,sitio_reporta_unidad=71.9 (no se usa; se calcula),exprezo-662-bolsa-de-totopos-charras-cruji-nachos-1k
Exprezo,mayorista,2026-08-12,,,Palomitas Act II Sabor Extra Mantequilla 80 Gr,,80 g,g,1,14.0,14.0,1,,MXN,,sitio_reporta_unidad=14.0 (no se usa; se calcula),exprezo-663-palomitas-act-ii-sabor-extra-mantequilla
Exprezo,mayorista,2026-08-12,,,REFRESCO COCA COLA REGULAR PET 12-355 ML (CONV),,355 ml,ml,1,13.0,13.0,1,,MXN,,sitio_reporta_unidad=13.0 (no se usa; se calcula),exprezo-664-refresco-coca-cola-regular-pet-12-355-ml
Exprezo,mayorista,2026-08-12,,,Palomitas Act II Sabor Mantequilla 80 Gr,,80 g,g,1,14.0,14.0,1,,MXN,,sitio_reporta_unidad=14.0 (no se usa; se calcula),exprezo-665-palomitas-act-ii-sabor-mantequilla-80-gr
Exprezo,mayorista,2026-08-12,,,Palomitas Act II Sabor Natural,,,pza,1,14.0,14.0,1,,MXN,,sitio_reporta_unidad=14.0 (no se usa; se calcula),exprezo-666-palomitas-act-ii-sabor-natural
Exprezo,mayorista,2026-08-12,,,Agua Bonafont Natural 750 Ml,,750 ml,ml,1,13.0,13.0,1,,MXN,,sitio_reporta_unidad=13.0 (no se usa; se calcula),exprezo-667-agua-bonafont-natural-750-ml
Exprezo,mayorista,2026-08-12,,,Papas Pringles Sabor A Crema Y Cebolla 40 Gr,,40 g,g,1,18.0,18.0,1,,MXN,,sitio_reporta_unidad=18.0 (no se usa; se calcula),exprezo-668-papas-pringles-sabor-a-crema-y-cebolla-4
Exprezo,mayorista,2026-08-12,,,Jugo Boing Sabor Mango 354 Ml,,354 ml,ml,1,20.3,20.3,1,,MXN,,sitio_reporta_unidad=20.3 (no se usa; se calcula),exprezo-669-jugo-boing-sabor-mango-354-ml
Exprezo,mayorista,2026-08-12,,,Jugo Boing Sabor Guayaba 354 Ml,,354 ml,ml,1,20.3,20.3,1,,MXN,,sitio_reporta_unidad=20.3 (no se usa; se calcula),exprezo-670-jugo-boing-sabor-guayaba-354-ml
Exprezo,mayorista,2026-08-12,,,Papas Pringles Sabor Original 40 Gr,,40 g,g,1,18.0,18.0,1,,MXN,,sitio_reporta_unidad=18.0 (no se usa; se calcula),exprezo-671-papas-pringles-sabor-original-40-gr
Exprezo,mayorista,2026-08-12,,,Refresco Coca-Cola Original 235 Ml,,235 ml,ml,1,14.0,14.0,1,,MXN,,sitio_reporta_unidad=14.0 (no se usa; se calcula),exprezo-672-refresco-coca-cola-original-235-ml
Exprezo,mayorista,2026-08-12,,,Fritura Los Artesanales Parios 60 Gr,,60 g,g,1,12.2,12.2,1,,MXN,,sitio_reporta_unidad=12.2 (no se usa; se calcula),exprezo-673-fritura-los-artesanales-parios-60-gr
Exprezo,mayorista,2026-08-12,,,Refresco Sabor Sangría Casera 400 Ml,,400 ml,ml,1,13.6,13.6,1,,MXN,,sitio_reporta_unidad=13.6 (no se usa; se calcula),exprezo-674-refresco-sabor-sangr-a-casera-400-ml
Exprezo,mayorista,2026-08-12,,,Jugo Sabor Durazno Jumex Lata 355 ml,,355 ml,ml,1,14.0,14.0,1,,MXN,,sitio_reporta_unidad=14.0 (no se usa; se calcula),exprezo-675-jugo-sabor-durazno-jumex-lata-355-ml
Exprezo,mayorista,2026-08-12,,,Palomitas Act II Sabor Chile Y Limón 50 Gr,,50 g,g,1,20.4,20.4,1,,MXN,,sitio_reporta_unidad=20.4 (no se usa; se calcula),exprezo-676-palomitas-act-ii-sabor-chile-y-lim-n-50-
Exprezo,mayorista,2026-08-12,,,Jugo Sabor Manzana Jumex Lata 355 ml,,355 ml,ml,1,14.0,14.0,1,,MXN,,sitio_reporta_unidad=14.0 (no se usa; se calcula),exprezo-677-jugo-sabor-manzana-jumex-lata-355-ml
Exprezo,mayorista,2026-08-12,,,Palomitas Con Sal Parios 65 Gr,,65 g,g,1,11.6,11.6,1,,MXN,,sitio_reporta_unidad=11.6 (no se usa; se calcula),exprezo-678-palomitas-con-sal-parios-65-gr
Exprezo,mayorista,2026-08-12,,,Refresco Tehuacán Brillante Sabor Sangría 600 Ml,,600 ml,ml,1,14.5,14.5,1,,MXN,,sitio_reporta_unidad=14.5 (no se usa; se calcula),exprezo-679-refresco-tehuac-n-brillante-sabor-sangr-
Exprezo,mayorista,2026-08-12,,,Palomitas Act II Sabor Caramelo 95 Gr,,95 g,g,1,20.4,20.4,1,,MXN,,sitio_reporta_unidad=20.4 (no se usa; se calcula),exprezo-680-palomitas-act-ii-sabor-caramelo-95-gr
Exprezo,mayorista,2026-08-12,,,Barra De Chocolate Hershey's Cookies N Creme 43 Gr,,43 g,g,1,23.6,23.6,1,,MXN,,sitio_reporta_unidad=23.6 (no se usa; se calcula),exprezo-681-barra-de-chocolate-hershey-s-cookies-n-c
Exprezo,mayorista,2026-08-12,,,Palomitas de Maíz Act II Sabor Queso Bolsa 45 gr.,,45 g,g,1,21.1,21.1,1,,MXN,,sitio_reporta_unidad=21.1 (no se usa; se calcula),exprezo-682-palomitas-de-ma-z-act-ii-sabor-queso-bol
Exprezo,mayorista,2026-08-12,,,Surtido De Botana Habibi Estilo Libanés 100 Gr,,100 g,g,1,16.8,16.8,1,,MXN,,sitio_reporta_unidad=16.8 (no se usa; se calcula),exprezo-683-surtido-de-botana-habibi-estilo-liban-s-
Exprezo,mayorista,2026-08-12,,,REFRESCO TEHUACAN NARANJADA 12-600 ML (CONV),,600 ml,ml,1,15.9,15.9,1,,MXN,,sitio_reporta_unidad=15.9 (no se usa; se calcula),exprezo-684-refresco-tehuacan-naranjada-12-600-ml-co
Exprezo,mayorista,2026-08-12,,,Refresco Tehuacán Brillante Sabor Limonada 600 Ml,,600 ml,ml,1,15.9,15.9,1,,MXN,,sitio_reporta_unidad=15.9 (no se usa; se calcula),exprezo-685-refresco-tehuac-n-brillante-sabor-limona
Exprezo,mayorista,2026-08-12,,,Pelon Pelonetes 65 gr,,65 g,g,1,19.0,19.0,1,,MXN,,sitio_reporta_unidad=19.0 (no se usa; se calcula),exprezo-686-pelon-pelonetes-65-gr
Exprezo,mayorista,2026-08-12,,,Refresco Tehuacán Brillante Sabor Toronja 600 Ml,,600 ml,ml,1,14.5,14.5,1,,MXN,,sitio_reporta_unidad=14.5 (no se usa; se calcula),exprezo-687-refresco-tehuac-n-brillante-sabor-toronj
Exprezo,mayorista,2026-08-12,,,Refresco Tehuacán Brillante Sabor Manzana 600 Ml,,600 ml,ml,1,14.5,14.5,1,,MXN,,sitio_reporta_unidad=14.5 (no se usa; se calcula),exprezo-688-refresco-tehuac-n-brillante-sabor-manzan
Exprezo,mayorista,2026-08-12,,,Chocolate Kit Kat 41.5 gr,,5 g,g,1,20.6,20.6,1,,MXN,,sitio_reporta_unidad=20.6 (no se usa; se calcula),exprezo-689-chocolate-kit-kat-41-5-gr
Exprezo,mayorista,2026-08-12,,,Cacahuate Japones Guamazo 160 Gr,,160 g,g,1,14.5,14.5,1,,MXN,,sitio_reporta_unidad=14.5 (no se usa; se calcula),exprezo-690-cacahuate-japones-guamazo-160-gr
Exprezo,mayorista,2026-08-12,,,Agua Mineral Tehuacán Brillante 600 Ml,,600 ml,ml,1,15.0,15.0,1,,MXN,,sitio_reporta_unidad=15.0 (no se usa; se calcula),exprezo-691-agua-mineral-tehuac-n-brillante-600-ml
Exprezo,mayorista,2026-08-12,,,Frituras Revoltones Parios 75 Gr,,75 g,g,1,11.6,11.6,1,,MXN,,sitio_reporta_unidad=11.6 (no se usa; se calcula),exprezo-692-frituras-revoltones-parios-75-gr
Exprezo,mayorista,2026-08-12,,,Chocolate Con Leche M&M's Con Cacahuate 44.3 Gr,,3 g,g,1,22.8,22.8,1,,MXN,,sitio_reporta_unidad=22.8 (no se usa; se calcula),exprezo-693-chocolate-con-leche-m-m-s-con-cacahuate-
Exprezo,mayorista,2026-08-12,,,Chicharrón De Rueda Parios 65 Gr,,65 g,g,1,11.1,11.1,1,,MXN,,sitio_reporta_unidad=11.1 (no se usa; se calcula),exprezo-694-chicharr-n-de-rueda-parios-65-gr
Exprezo,mayorista,2026-08-12,,,Mega Huevo Sorpresa Paw Patrol,,,pza,1,41.8,41.8,1,,MXN,,sitio_reporta_unidad=41.8 (no se usa; se calcula),exprezo-695-mega-huevo-sorpresa-paw-patrol
Exprezo,mayorista,2026-08-12,,,Cacahuate Habibi Estilo Japonés 180 Gr,,180 g,g,1,17.5,17.5,1,,MXN,,sitio_reporta_unidad=17.5 (no se usa; se calcula),exprezo-696-cacahuate-habibi-estilo-japon-s-180-gr
Exprezo,mayorista,2026-08-12,,,Salami Zwan Peperami Original 23 Gr,,23 g,g,1,15.0,15.0,1,,MXN,,sitio_reporta_unidad=15.0 (no se usa; se calcula),exprezo-697-salami-zwan-peperami-original-23-gr
Exprezo,mayorista,2026-08-12,,,Salami Zwan Peperami Hot 23 Gr,,23 g,g,1,15.0,15.0,1,,MXN,,sitio_reporta_unidad=15.0 (no se usa; se calcula),exprezo-698-salami-zwan-peperami-hot-23-gr
Exprezo,mayorista,2026-08-12,,,Barra De Chocolate Snickers 48 Gr,,48 g,g,1,16.3,16.3,1,,MXN,,sitio_reporta_unidad=16.3 (no se usa; se calcula),exprezo-699-barra-de-chocolate-snickers-48-gr
Exprezo,mayorista,2026-08-12,,,Agua Natural Tehuacán Botella 1.5 L,,5000 ml,ml,1,12.6,12.6,1,,MXN,,sitio_reporta_unidad=12.6 (no se usa; se calcula),exprezo-700-agua-natural-tehuac-n-botella-1-5-l
Exprezo,mayorista,2026-08-12,,,Chocolate MilkyWay 2 Pack,,,pza,1,34.3,34.3,1,,MXN,,sitio_reporta_unidad=34.3 (no se usa; se calcula),exprezo-701-chocolate-milkyway-2-pack
Exprezo,mayorista,2026-08-12,,,Crema Acida Alpura 200 Ml,,200 ml,ml,1,16.0,16.0,1,,MXN,,sitio_reporta_unidad=17.3 (no se usa; se calcula),exprezo-702-crema-acida-alpura-200-ml
Exprezo,mayorista,2026-08-12,,,Crema Acida Alpura 426 ml,,426 ml,ml,1,32.4,32.4,1,,MXN,,sitio_reporta_unidad=34.9 (no se usa; se calcula),exprezo-703-crema-acida-alpura-426-ml
Exprezo,mayorista,2026-08-12,,,Mantequilla Iberia 4 en 1 Sin Sal 90 gr,,90 g,g,1,8.3,8.3,1,,MXN,,sitio_reporta_unidad=9.3 (no se usa; se calcula),exprezo-704-mantequilla-iberia-4-en-1-sin-sal-90-gr
Exprezo,mayorista,2026-08-12,,,Yoghurt Batido Alpura Sabor Manzana 125 Gr,,125 g,g,1,6.59,6.59,1,,MXN,,sitio_reporta_unidad=7.1 (no se usa; se calcula),exprezo-705-yoghurt-batido-alpura-sabor-manzana-125-
Exprezo,mayorista,2026-08-12,,,Yoghurt Batido Alpura Sabor Fresa 125 Gr,,125 g,g,1,6.59,6.59,1,,MXN,,sitio_reporta_unidad=7.1 (no se usa; se calcula),exprezo-706-yoghurt-batido-alpura-sabor-fresa-125-gr
Exprezo,mayorista,2026-08-12,,,Yoghurt Para Beber Danup Fresa de 220 gr,,220 g,g,1,13.0,13.0,1,,MXN,,sitio_reporta_unidad=14.8 (no se usa; se calcula),exprezo-707-yoghurt-para-beber-danup-fresa-de-220-gr
Exprezo,mayorista,2026-08-12,,,Yoghurt Para Beber Danup Piña Coco de 220 gr,,220 g,g,1,13.0,13.0,1,,MXN,,sitio_reporta_unidad=14.8 (no se usa; se calcula),exprezo-708-yoghurt-para-beber-danup-pi-a-coco-de-22
Exprezo,mayorista,2026-08-12,,,Yakult 80 ml,,80 ml,ml,1,218.0,218.0,1,,MXN,,sitio_reporta_unidad=8.2 (no se usa; se calcula),exprezo-709-yakult-80-ml
Exprezo,mayorista,2026-08-12,,,Pieza de Queso Doble Crema Chilchota 1 KG,,1000 g,g,1,118.0,118.0,1,,MXN,,sitio_reporta_unidad=118.0 (no se usa; se calcula),exprezo-710-pieza-de-queso-doble-crema-chilchota-1-k
Exprezo,mayorista,2026-08-12,,,Queso Crema Philadelphia 180g,,180 g,g,1,37.02,37.02,1,,MXN,,sitio_reporta_unidad=39.0 (no se usa; se calcula),exprezo-711-queso-crema-philadelphia-180g
Exprezo,mayorista,2026-08-12,,,Yoghurt Batido Alpura Sabor Zarzamora 125 Gr,,125 g,g,1,6.59,6.59,1,,MXN,,sitio_reporta_unidad=7.1 (no se usa; se calcula),exprezo-712-yoghurt-batido-alpura-sabor-zarzamora-12
Exprezo,mayorista,2026-08-12,,,Jamón de Pavo Galicia (3.8 Kg),,8000 g,g,1,96.8,96.8,1,,MXN,,,exprezo-713-jam-n-de-pavo-galicia-3-8-kg-
Exprezo,mayorista,2026-08-12,,,Yoghurt Para Beber Activia Ciruela Pasa de 225 gr,,225 g,g,1,15.33,15.33,1,,MXN,,sitio_reporta_unidad=17.5 (no se usa; se calcula),exprezo-714-yoghurt-para-beber-activia-ciruela-pasa-
Exprezo,mayorista,2026-08-12,,,Paquete de Queso AmarilloCastell 1.8 KG,,8000 g,g,1,92.68,92.68,1,,MXN,,sitio_reporta_unidad=98.6 (no se usa; se calcula),exprezo-715-paquete-de-queso-amarillocastell-1-8-kg
Exprezo,mayorista,2026-08-12,,,Yoghurt Para Beber Danup Qkis de 220 gr,,220 g,g,1,13.0,13.0,1,,MXN,,sitio_reporta_unidad=14.8 (no se usa; se calcula),exprezo-716-yoghurt-para-beber-danup-qkis-de-220-gr
Exprezo,mayorista,2026-08-12,,,Mantequilla Iberia 4 en 1 Sin Sal 225 gr,,225 g,g,1,24.33,24.33,1,,MXN,,sitio_reporta_unidad=26.0 (no se usa; se calcula),exprezo-717-mantequilla-iberia-4-en-1-sin-sal-225-gr
Exprezo,mayorista,2026-08-12,,,Queso Tipo Panela Durangueño (1.8 Kg),,8000 g,g,1,111.0,111.0,1,,MXN,,,exprezo-718-queso-tipo-panela-durangue-o-1-8-kg-
Exprezo,mayorista,2026-08-12,,,Yoghurt Danone Mix Fresa Choco Arroz de 130 gr,,130 g,g,1,12.0,12.0,1,,MXN,,sitio_reporta_unidad=12.7 (no se usa; se calcula),exprezo-719-yoghurt-danone-mix-fresa-choco-arroz-de-
Exprezo,mayorista,2026-08-12,,,Salchicha de Pavo Fud por Kilo (2.16kg),,16000 g,g,1,56.0,56.0,1,,MXN,,,exprezo-720-salchicha-de-pavo-fud-por-kilo-2-16kg-
Exprezo,mayorista,2026-08-12,,,Barra de Mantequilla Chipilo de 90 Gr,,90 g,g,1,15.83,15.83,1,,MXN,,sitio_reporta_unidad=17.4 (no se usa; se calcula),exprezo-721-barra-de-mantequilla-chipilo-de-90-gr
Exprezo,mayorista,2026-08-12,,,Yoghurt Para Beber Bio 4 Natural Lala 100 gr,,100 g,g,1,7.95,7.95,1,,MXN,,sitio_reporta_unidad=9.0 (no se usa; se calcula),exprezo-722-yoghurt-para-beber-bio-4-natural-lala-10
Exprezo,mayorista,2026-08-12,,,Yogurt Oikos Griego Con Fresa 125Gr,,125 g,g,1,14.24,14.24,1,,MXN,,sitio_reporta_unidad=14.9 (no se usa; se calcula),exprezo-723-yogurt-oikos-griego-con-fresa-125gr
Exprezo,mayorista,2026-08-12,,,Yogurt Yoplait GRIEGO Natural Bajo En Grasa 145gr,,145 g,g,1,12.53,12.53,1,,MXN,,sitio_reporta_unidad=13.5 (no se usa; se calcula),exprezo-724-yogurt-yoplait-griego-natural-bajo-en-gr
Exprezo,mayorista,2026-08-12,,,Yoghurt Danone Mix Manzana Cereal de 130 gr,,130 g,g,1,12.0,12.0,1,,MXN,,sitio_reporta_unidad=12.7 (no se usa; se calcula),exprezo-725-yoghurt-danone-mix-manzana-cereal-de-130
Exprezo,mayorista,2026-08-12,,,Yoghurt Danonino Lunch Sabor Fresa 70 gr,,70 g,g,1,12.93,12.93,1,,MXN,,sitio_reporta_unidad=13.7 (no se usa; se calcula),exprezo-726-yoghurt-danonino-lunch-sabor-fresa-70-gr
Exprezo,mayorista,2026-08-12,,,Queso Canasto Durangueño Chilchota Por KG,,,pza,1,114.3,114.3,1,,MXN,,,exprezo-727-queso-canasto-durangue-o-chilchota-por-k
Exprezo,mayorista,2026-08-12,,,Yoghurt Bebible Alpura Sabor Fresa 220 gr.,,220 g,g,1,11.47,11.47,1,,MXN,,sitio_reporta_unidad=12.8 (no se usa; se calcula),exprezo-728-yoghurt-bebible-alpura-sabor-fresa-220-g
Exprezo,mayorista,2026-08-12,,,Queso Manchego Nochebuena (4 Kg),,4000 g,g,1,166.7,166.7,1,,MXN,,,exprezo-729-queso-manchego-nochebuena-4-kg-
Exprezo,mayorista,2026-08-12,,,Mandolina Jamón de Pierna Fud (6 Kg),,6000 g,g,1,103.7,103.7,1,,MXN,,,exprezo-730-mandolina-jam-n-de-pierna-fud-6-kg-
Exprezo,mayorista,2026-08-12,,,Yoghurt Danone Mix Fresa Azucarada de 130 gr,,130 g,g,1,12.0,12.0,1,,MXN,,sitio_reporta_unidad=12.7 (no se usa; se calcula),exprezo-731-yoghurt-danone-mix-fresa-azucarada-de-13
Exprezo,mayorista,2026-08-12,,,Yoghurt Bebible Alpura Sabor Manzana 220 gr.,,220 g,g,1,11.47,11.47,1,,MXN,,sitio_reporta_unidad=12.8 (no se usa; se calcula),exprezo-732-yoghurt-bebible-alpura-sabor-manzana-220
Exprezo,mayorista,2026-08-12,,,Pieza de Queso Doble Crema Chilchota 500 GR.,,500 g,g,1,59.25,59.25,1,,MXN,,sitio_reporta_unidad=59.25 (no se usa; se calcula),exprezo-733-pieza-de-queso-doble-crema-chilchota-500
Exprezo,mayorista,2026-08-12,,,"Mandolina, Jamón de Pierna Alpino (5.8 Kg)",,8000 g,g,1,82.1,82.1,1,,MXN,,,exprezo-734-mandolina-jam-n-de-pierna-alpino-5-8-kg-
Exprezo,mayorista,2026-08-12,,,Yoghurt Danonino Sabor Fresa 42 gr,,42 g,g,1,5.5,5.5,1,,MXN,,sitio_reporta_unidad=5.9 (no se usa; se calcula),exprezo-735-yoghurt-danonino-sabor-fresa-42-gr
Exprezo,mayorista,2026-08-12,,,Yoghurt Bebible Alpura Sabor Durazno 220 gr.,,220 g,g,1,11.47,11.47,1,,MXN,,sitio_reporta_unidad=12.8 (no se usa; se calcula),exprezo-736-yoghurt-bebible-alpura-sabor-durazno-220
Exprezo,mayorista,2026-08-12,,,Yogurt Oikos Griego Sabor Natural 125Gr,,125 g,g,1,14.24,14.24,1,,MXN,,sitio_reporta_unidad=14.9 (no se usa; se calcula),exprezo-737-yogurt-oikos-griego-sabor-natural-125gr
Exprezo,mayorista,2026-08-12,,,Margarina Pimavera Chantilly 190gr,,190 g,g,1,33.46,33.46,1,,MXN,,sitio_reporta_unidad=37.0 (no se usa; se calcula),exprezo-738-margarina-pimavera-chantilly-190gr
Exprezo,mayorista,2026-08-12,,,Yogurt Oikos Griego Con Coco Rayado 125Gr,,125 g,g,1,14.24,14.24,1,,MXN,,sitio_reporta_unidad=14.9 (no se usa; se calcula),exprezo-739-yogurt-oikos-griego-con-coco-rayado-125g
Exprezo,mayorista,2026-08-12,,,TOCINO CARNUDO LA BARCA 1-1 KG (3.5),,1000 g,g,1,121.2,121.2,1,,MXN,,,exprezo-740-tocino-carnudo-la-barca-1-1-kg-3-5-
Exprezo,mayorista,2026-08-12,,,Yoghurt Para Beber Activia Fresa de 225 gr,,225 g,g,1,15.33,15.33,1,,MXN,,sitio_reporta_unidad=17.5 (no se usa; se calcula),exprezo-741-yoghurt-para-beber-activia-fresa-de-225-
Exprezo,mayorista,2026-08-12,,,Yoghurt Bebible Alpura Sabor Piña Coco 250 Gr,,250 g,g,1,11.47,11.47,1,,MXN,,sitio_reporta_unidad=12.8 (no se usa; se calcula),exprezo-742-yoghurt-bebible-alpura-sabor-pi-a-coco-2
Exprezo,mayorista,2026-08-12,,,Tocino Especial Ahumado La Barca (3.5 Kg),,5000 g,g,1,106.1,106.1,1,,MXN,,,exprezo-743-tocino-especial-ahumado-la-barca-3-5-kg-
Exprezo,mayorista,2026-08-12,,,Queso Manchego Caperucita (5.2 Kg),,2000 g,g,1,149.8,149.8,1,,MXN,,,exprezo-744-queso-manchego-caperucita-5-2-kg-
Exprezo,mayorista,2026-08-12,,,Queso Tipo Panela Franja (2.2),,,pza,1,79.4,79.4,1,,MXN,,,exprezo-745-queso-tipo-panela-franja-2-2-
Exprezo,mayorista,2026-08-12,,,Sachicha Frankfurt de Pavo Alpino (2.4 Kg),,4000 g,g,1,47.6,47.6,1,,MXN,,,exprezo-746-sachicha-frankfurt-de-pavo-alpino-2-4-kg
Exprezo,mayorista,2026-08-12,,,Queso de Puerco Galicia (3.8 Kg),,8000 g,g,1,91.5,91.5,1,,MXN,,,exprezo-747-queso-de-puerco-galicia-3-8-kg-
Exprezo,mayorista,2026-08-12,,,Queso de Puerco Rebanado Galicia 1 Kg,,1000 g,g,1,88.8,88.8,1,,MXN,,sitio_reporta_unidad=91.5 (no se usa; se calcula),exprezo-748-queso-de-puerco-rebanado-galicia-1-kg
Exprezo,mayorista,2026-08-12,,,Pieza de Queso Tipo Americano Del Rancho 126 GR,,126 g,g,1,10.35,10.35,1,,MXN,,sitio_reporta_unidad=11.5 (no se usa; se calcula),exprezo-749-pieza-de-queso-tipo-americano-del-rancho
Exprezo,mayorista,2026-08-12,,,Crema Acida Alpura 900 Ml,,900 ml,ml,1,68.33,68.33,1,,MXN,,sitio_reporta_unidad=73.5 (no se usa; se calcula),exprezo-750-crema-acida-alpura-900-ml
Exprezo,mayorista,2026-08-12,,,Yoghurt Para Beber Danone Fresa de 220 gr,,220 g,g,1,11.88,11.88,1,,MXN,,sitio_reporta_unidad=13.5 (no se usa; se calcula),exprezo-751-yoghurt-para-beber-danone-fresa-de-220-g
Exprezo,mayorista,2026-08-12,,,Sachicha Viena Viva por Kilo (3kg),,3000 g,g,1,46.0,46.0,1,,MXN,,,exprezo-752-sachicha-viena-viva-por-kilo-3kg-
Exprezo,mayorista,2026-08-12,,,Yoghurt Para Beber Danup Fresa de 350 gr,,350 g,g,1,17.82,17.82,1,,MXN,,sitio_reporta_unidad=18.8 (no se usa; se calcula),exprezo-753-yoghurt-para-beber-danup-fresa-de-350-gr
Exprezo,mayorista,2026-08-12,,,Bolsa Queso Liquido para Nachos De 1 KG,,1000 g,g,1,28.0,28.0,1,,MXN,,sitio_reporta_unidad=29.8 (no se usa; se calcula),exprezo-754-bolsa-queso-liquido-para-nachos-de-1-kg
Exprezo,mayorista,2026-08-12,,,Pieza de Queso Doble Crema Lagunero 1 KG,,1000 g,g,1,100.45,100.45,1,,MXN,,sitio_reporta_unidad=100.45 (no se usa; se calcula),exprezo-755-pieza-de-queso-doble-crema-lagunero-1-kg
Exprezo,mayorista,2026-08-12,,,Yogurt Oikos Griego Con Arándanos 125Gr,,125 g,g,1,14.24,14.24,1,,MXN,,sitio_reporta_unidad=14.9 (no se usa; se calcula),exprezo-756-yogurt-oikos-griego-con-ar-ndanos-125gr
Exprezo,mayorista,2026-08-12,,,Queso rallado bolsa 1.1Kg,,1000 g,g,1,48.5,48.5,1,,MXN,,,exprezo-757-queso-rallado-bolsa-1-1kg
Exprezo,mayorista,2026-08-12,,,Yogurt Batido Yoplait Natural Endulzado 145gr,,145 g,g,1,7.71,7.71,1,,MXN,,sitio_reporta_unidad=8.4 (no se usa; se calcula),exprezo-758-yogurt-batido-yoplait-natural-endulzado-
Exprezo,mayorista,2026-08-12,,,Yoghurt Danonino Jirafa Sabor Fresa 170 gr,,170 g,g,1,9.42,9.42,1,,MXN,,sitio_reporta_unidad=10.3 (no se usa; se calcula),exprezo-759-yoghurt-danonino-jirafa-sabor-fresa-170-
Exprezo,mayorista,2026-08-12,,,Yoghurt Para Beber Danup Piña Coco de 350 gr,,350 g,g,1,17.82,17.82,1,,MXN,,sitio_reporta_unidad=18.8 (no se usa; se calcula),exprezo-760-yoghurt-para-beber-danup-pi-a-coco-de-35
Exprezo,mayorista,2026-08-12,,,Yoghurt Para Beber Danone Manzana de 220 gr,,220 g,g,1,11.88,11.88,1,,MXN,,sitio_reporta_unidad=13.5 (no se usa; se calcula),exprezo-761-yoghurt-para-beber-danone-manzana-de-220
Exprezo,mayorista,2026-08-12,,,Jamón Virginia Galicia por kg,,,pza,1,84.6,84.6,1,,MXN,,,exprezo-762-jam-n-virginia-galicia-por-kg
Exprezo,mayorista,2026-08-12,,,Crema vegetal Pasteurizada Gina Bolsa con 1 kg,,1000 g,g,1,26.0,26.0,1,,MXN,,sitio_reporta_unidad=27.7 (no se usa; se calcula),exprezo-763-crema-vegetal-pasteurizada-gina-bolsa-co
Exprezo,mayorista,2026-08-12,,,Yoghurt para Beber Alpura Sabor Fresa Mora 220 gr.,,220 g,g,1,11.47,11.47,1,,MXN,,sitio_reporta_unidad=12.8 (no se usa; se calcula),exprezo-764-yoghurt-para-beber-alpura-sabor-fresa-mo
Exprezo,mayorista,2026-08-12,,,Bolsa de Queso Rallado El Edén de 1KG,,1000 g,g,1,40.5,40.5,1,,MXN,,sitio_reporta_unidad=45.4 (no se usa; se calcula),exprezo-765-bolsa-de-queso-rallado-el-ed-n-de-1kg
Exprezo,mayorista,2026-08-12,,,"Yoghurt Con Cerealitos Lala Sabor Fresa de 100 gr,",,100 g,g,1,12.29,12.29,1,,MXN,,sitio_reporta_unidad=14.0 (no se usa; se calcula),exprezo-766-yoghurt-con-cerealitos-lala-sabor-fresa-
Exprezo,mayorista,2026-08-12,,,Jamón de Pavo Virginia FUD,,,pza,1,132.3,132.3,1,,MXN,,,exprezo-767-jam-n-de-pavo-virginia-fud
Exprezo,mayorista,2026-08-12,,,Pieza de Queso Doble Crema Durangueño,,,pza,1,102.68,102.68,1,,MXN,,sitio_reporta_unidad=102.68 (no se usa; se calcula),exprezo-768-pieza-de-queso-doble-crema-durangue-o
Exprezo,mayorista,2026-08-12,,,Yoghurt Para Beber Danone Durazno de 220 gr,,220 g,g,1,11.88,11.88,1,,MXN,,sitio_reporta_unidad=13.5 (no se usa; se calcula),exprezo-769-yoghurt-para-beber-danone-durazno-de-220
Exprezo,mayorista,2026-08-12,,,Queso Manchego Zwan Premiun Por KG,,,pza,1,142.2,142.2,1,,MXN,,,exprezo-770-queso-manchego-zwan-premiun-por-kg
Exprezo,mayorista,2026-08-12,,,Yoghurt Lala Sabor Fresa de 100 gr con Cereal de Chocolate,,100 g,g,1,12.29,12.29,1,,MXN,,sitio_reporta_unidad=14.0 (no se usa; se calcula),exprezo-771-yoghurt-lala-sabor-fresa-de-100-gr-con-c
Exprezo,mayorista,2026-08-12,,,Sachicha de Pavo Any (2.5 kg),,5000 g,g,1,40.0,40.0,1,,MXN,,,exprezo-772-sachicha-de-pavo-any-2-5-kg-
Exprezo,mayorista,2026-08-12,,,Yoghurt para Beber Lala Manzana 220 gr.,,220 g,g,1,11.17,11.17,1,,MXN,,sitio_reporta_unidad=12.7 (no se usa; se calcula),exprezo-773-yoghurt-para-beber-lala-manzana-220-gr-
Exprezo,mayorista,2026-08-12,,,Yoghurt para Beber Lala Durazno 220 gr.,,220 g,g,1,11.17,11.17,1,,MXN,,sitio_reporta_unidad=12.7 (no se usa; se calcula),exprezo-774-yoghurt-para-beber-lala-durazno-220-gr-
Exprezo,mayorista,2026-08-12,,,Yoghurt para Beber Lala Fresa - Moras 220 gr.,,220 g,g,1,11.17,11.17,1,,MXN,,sitio_reporta_unidad=12.7 (no se usa; se calcula),exprezo-775-yoghurt-para-beber-lala-fresa-moras-220-
Exprezo,mayorista,2026-08-12,,,"Mandolina, Jamón De Pierna Horneado Galicia (6.4 Kg)",,4000 g,g,1,103.0,103.0,1,,MXN,,,exprezo-776-mandolina-jam-n-de-pierna-horneado-galic
Exprezo,mayorista,2026-08-12,,,Crema batida Chantilly 1kg,,1000 g,g,1,50.0,50.0,1,,MXN,,sitio_reporta_unidad=61.0 (no se usa; se calcula),exprezo-777-crema-batida-chantilly-1kg
Exprezo,mayorista,2026-08-12,,,Queso Panela Los Volcanes,,,pza,1,173.0,173.0,1,,MXN,,sitio_reporta_unidad=173.0 (no se usa; se calcula),exprezo-778-queso-panela-los-volcanes
Exprezo,mayorista,2026-08-12,,,Queso Oaxaca Don Oaxaca Mini (1 Kg),,1000 g,g,1,99.0,99.0,1,,MXN,,,exprezo-779-queso-oaxaca-don-oaxaca-mini-1-kg-
Exprezo,mayorista,2026-08-12,,,Queso Tipo Panela Mini Franja (1 Kg),,1000 g,g,1,76.1,76.1,1,,MXN,,,exprezo-780-queso-tipo-panela-mini-franja-1-kg-
Exprezo,mayorista,2026-08-12,,,Longaniza Galicia pieza (2.9 Kg),,9000 g,g,1,86.4,86.4,1,,MXN,,,exprezo-781-longaniza-galicia-pieza-2-9-kg-
Exprezo,mayorista,2026-08-12,,,Queso Oaxaca Don Oaxaca (2.8 Kg),,8000 g,g,1,99.0,99.0,1,,MXN,,,exprezo-782-queso-oaxaca-don-oaxaca-2-8-kg-
Exprezo,mayorista,2026-08-12,,,Crema Ácida Lala Bote con 3.92 kg,,92000 g,g,1,230.0,230.0,1,,MXN,,sitio_reporta_unidad=230.0 (no se usa; se calcula),exprezo-783-crema-cida-lala-bote-con-3-92-kg
Exprezo,mayorista,2026-08-12,,,Yoghurt Yoplait Batido Griego Natural 1 Kg,,1000 g,g,1,68.67,68.67,1,,MXN,,sitio_reporta_unidad=68.67 (no se usa; se calcula),exprezo-784-yoghurt-yoplait-batido-griego-natural-1-
Exprezo,mayorista,2026-08-12,,,Jamón de Cerdo Tipo Americano Los Manantiales,,,pza,1,96.0,96.0,1,,MXN,,,exprezo-785-jam-n-de-cerdo-tipo-americano-los-manant
Exprezo,mayorista,2026-08-12,,,Mandolina de Jamón Americano Galy (6.5 Kg),,5000 g,g,1,82.9,82.9,1,,MXN,,,exprezo-786-mandolina-de-jam-n-americano-galy-6-5-kg
Exprezo,mayorista,2026-08-12,,,Queso Canasto Mini Chilchota (9 Kg),,9000 g,g,1,128.0,128.0,1,,MXN,,,exprezo-787-queso-canasto-mini-chilchota-9-kg-
Exprezo,mayorista,2026-08-12,,,Queso de Puerco DKAR (4.2 Kg),,2000 g,g,1,88.5,88.5,1,,MXN,,,exprezo-788-queso-de-puerco-dkar-4-2-kg-
Exprezo,mayorista,2026-08-12,,,Queso Oaxaca Calderón (3.1 Kg),,1000 g,g,1,127.9,127.9,1,,MXN,,,exprezo-789-queso-oaxaca-calder-n-3-1-kg-
Exprezo,mayorista,2026-08-12,,,Queso de Puerco Fud (3.8 Kg),,8000 g,g,1,120.5,120.5,1,,MXN,,,exprezo-790-queso-de-puerco-fud-3-8-kg-
Exprezo,mayorista,2026-08-12,,,Sachicha de Pavo Premium San Antonio por Kilo (2.5 kg),,5000 g,g,1,48.7,48.7,1,,MXN,,,exprezo-791-sachicha-de-pavo-premium-san-antonio-por
Exprezo,mayorista,2026-08-12,,,Jamón de Pavo Virginia Alpino (3.2 Kg),,2000 g,g,1,123.0,123.0,1,,MXN,,,exprezo-792-jam-n-de-pavo-virginia-alpino-3-2-kg-
Exprezo,mayorista,2026-08-12,,,Jamón Cocido de Pavo y Cerdo San Antonio,,,pza,1,56.2,56.2,1,,MXN,,,exprezo-793-jam-n-cocido-de-pavo-y-cerdo-san-antonio
Exprezo,mayorista,2026-08-12,,,Yoghurt para Beber Bonyur Sabor Fresa de 450 gr,,450 g,g,1,13.19,13.19,1,,MXN,,sitio_reporta_unidad=14.6 (no se usa; se calcula),exprezo-794-yoghurt-para-beber-bonyur-sabor-fresa-de
Exprezo,mayorista,2026-08-12,,,Pierna Española Manantiales (3.5 Kg),,5000 g,g,1,111.3,111.3,1,,MXN,,,exprezo-795-pierna-espa-ola-manantiales-3-5-kg-
Exprezo,mayorista,2026-08-12,,,Queso Oaxaca Mini Cataviña Por KG,,,pza,1,147.8,147.8,1,,MXN,,,exprezo-796-queso-oaxaca-mini-catavi-a-por-kg
Exprezo,mayorista,2026-08-12,,,Yogurt Batido Yoplait Natural Endulzado 1kg,,1000 g,g,1,46.6,46.6,1,,MXN,,sitio_reporta_unidad=46.6 (no se usa; se calcula),exprezo-797-yogurt-batido-yoplait-natural-endulzado-
Exprezo,mayorista,2026-08-12,,,Mortadela Duby (5.9 Kg),,9000 g,g,1,47.5,47.5,1,,MXN,,,exprezo-798-mortadela-duby-5-9-kg-
Exprezo,mayorista,2026-08-12,,,Queso Tipo Panela Cataviña Por KG (3),,,pza,1,120.6,120.6,1,,MXN,,,exprezo-799-queso-tipo-panela-catavi-a-por-kg-3-
Exprezo,mayorista,2026-08-12,,,Queso Mozzarella para Pizza Saucito (2.5 Kg),,5000 g,g,1,101.9,101.9,1,,MXN,,,exprezo-800-queso-mozzarella-para-pizza-saucito-2-5-
Exprezo,mayorista,2026-08-12,,,Queso De Puerco Mi Buen (4.2 Kg),,2000 g,g,1,78.9,78.9,1,,MXN,,,exprezo-801-queso-de-puerco-mi-buen-4-2-kg-
Exprezo,mayorista,2026-08-12,,,Salchicha para Hot Dog San Millan por Kilo (2.5kg),,5000 g,g,1,29.0,29.0,1,,MXN,,,exprezo-802-salchicha-para-hot-dog-san-millan-por-ki
Exprezo,mayorista,2026-08-12,,,Jamón de Pierna de Cerdo horneado Nutri Deli,,,pza,1,80.5,80.5,1,,MXN,,,exprezo-803-jam-n-de-pierna-de-cerdo-horneado-nutri-
Exprezo,mayorista,2026-08-12,,,Salchicha para Hot Dog Nutri Deli por Kilo (3kg),,3000 g,g,1,42.5,42.5,1,,MXN,,,exprezo-804-salchicha-para-hot-dog-nutri-deli-por-ki
Exprezo,mayorista,2026-08-12,,,Yoghurt Yoplait Griego sabor Coco 145g,,145 g,g,1,11.87,11.87,1,,MXN,,sitio_reporta_unidad=12.8 (no se usa; se calcula),exprezo-805-yoghurt-yoplait-griego-sabor-coco-145g
Exprezo,mayorista,2026-08-12,,,Longaniza Vanesa por kilo,,,pza,1,65.9,65.9,1,,MXN,,,exprezo-806-longaniza-vanesa-por-kilo
Exprezo,mayorista,2026-08-12,,,Jamón Eco de Cerdo Galy (4.8 Kg),,8000 g,g,1,61.9,61.9,1,,MXN,,,exprezo-807-jam-n-eco-de-cerdo-galy-4-8-kg-
Exprezo,mayorista,2026-08-12,,,Queso Estilo Mozzarella Alpino Por KG,,,pza,1,106.0,106.0,1,,MXN,,,exprezo-808-queso-estilo-mozzarella-alpino-por-kg
Exprezo,mayorista,2026-08-12,,,Chorizo Boloña,,,pza,1,106.5,106.5,1,,MXN,,,exprezo-809-chorizo-bolo-a
Exprezo,mayorista,2026-08-12,,,Queso Oaxaca Vanesa peso promedio por pieza 2kg,,2000 g,g,1,115.5,115.5,1,,MXN,,,exprezo-810-queso-oaxaca-vanesa-peso-promedio-por-pi
Exprezo,mayorista,2026-08-12,,,Paquete de Jamón de Pavo Rebanado Fud con 450 gr,,450 g,g,1,89.0,89.0,1,,MXN,,sitio_reporta_unidad=95.6 (no se usa; se calcula),exprezo-811-paquete-de-jam-n-de-pavo-rebanado-fud-co
Exprezo,mayorista,2026-08-12,,,Paquete de Sachicha Frankfurt de Pavo Alpino 1 kg,,1000 g,g,1,51.9,51.9,1,,MXN,,sitio_reporta_unidad=51.9 (no se usa; se calcula),exprezo-812-paquete-de-sachicha-frankfurt-de-pavo-al
Exprezo,mayorista,2026-08-12,,,Salchicha de Pavo Frankfurt Chimex 32 Pzas. (2 Kg),,2000 g,g,1,53.9,53.9,1,,MXN,,,exprezo-813-salchicha-de-pavo-frankfurt-chimex-32-pz
Exprezo,mayorista,2026-08-12,,,Paquete de Queso Amarillo Del Rancho 1.8kg,,8000 g,g,1,102.0,102.0,1,,MXN,,sitio_reporta_unidad=113.4 (no se usa; se calcula),exprezo-814-paquete-de-queso-amarillo-del-rancho-1-8
Exprezo,mayorista,2026-08-12,,,Pepperoni Galicia (1 Kg),,1000 g,g,1,112.0,112.0,1,,MXN,,,exprezo-815-pepperoni-galicia-1-kg-
Exprezo,mayorista,2026-08-12,,,Queso Estilo Sierra Premier Delicias,,,pza,1,57.9,57.9,1,,MXN,,,exprezo-816-queso-estilo-sierra-premier-delicias
Exprezo,mayorista,2026-08-12,,,Queso Panela Calderón Por KG,,,pza,1,114.9,114.9,1,,MXN,,,exprezo-817-queso-panela-calder-n-por-kg
Exprezo,mayorista,2026-08-12,,,Queso Gouda ZWAN Por KG,,,pza,1,150.0,150.0,1,,MXN,,,exprezo-818-queso-gouda-zwan-por-kg
Exprezo,mayorista,2026-08-12,,,Jamón de Pierna Mandolina Galy Por Kg,,,pza,1,77.0,77.0,1,,MXN,,,exprezo-819-jam-n-de-pierna-mandolina-galy-por-kg
Exprezo,mayorista,2026-08-12,,,JAMÓN (RECORTE),,,pza,1,42.0,42.0,1,,MXN,,,exprezo-820-jam-n-recorte-
Exprezo,mayorista,2026-08-12,,,Paquete de Chistorra Galicia 250 gr.,,250 g,g,1,32.3,32.3,1,,MXN,,sitio_reporta_unidad=32.3 (no se usa; se calcula),exprezo-821-paquete-de-chistorra-galicia-250-gr-
Exprezo,mayorista,2026-08-12,,,Yogurt Casa Blanca Sabor Fresa 4kg,,4000 g,g,1,90.0,90.0,1,,MXN,,sitio_reporta_unidad=90.0 (no se usa; se calcula),exprezo-822-yogurt-casa-blanca-sabor-fresa-4kg
Exprezo,mayorista,2026-08-12,,,Chorizo Vanesa por Kilo,,,pza,1,65.9,65.9,1,,MXN,,,exprezo-823-chorizo-vanesa-por-kilo
Exprezo,mayorista,2026-08-12,,,Queso Manchego La Villita (3.3 Kg),,3000 g,g,1,178.6,178.6,1,,MXN,,,exprezo-824-queso-manchego-la-villita-3-3-kg-
Exprezo,mayorista,2026-08-12,,,Yogurt Casa Blanca Sabor Durazno 4Kg,,4000 g,g,1,90.0,90.0,1,,MXN,,sitio_reporta_unidad=90.0 (no se usa; se calcula),exprezo-825-yogurt-casa-blanca-sabor-durazno-4kg
Exprezo,mayorista,2026-08-12,,,Yoghurt Lala con Fresa Bote con 900 gr,,900 g,g,1,47.52,47.52,1,,MXN,,sitio_reporta_unidad=54.0 (no se usa; se calcula),exprezo-826-yoghurt-lala-con-fresa-bote-con-900-gr
Exprezo,mayorista,2026-08-12,,,Yoghurt Lala con Durazno Bote con 900 gr,,900 g,g,1,47.52,47.52,1,,MXN,,sitio_reporta_unidad=54.0 (no se usa; se calcula),exprezo-827-yoghurt-lala-con-durazno-bote-con-900-gr
Exprezo,mayorista,2026-08-12,,,Queso Gouda Quesadilla Bafar (3.1 Kg),,1000 g,g,1,137.2,137.2,1,,MXN,,,exprezo-828-queso-gouda-quesadilla-bafar-3-1-kg-
Exprezo,mayorista,2026-08-12,,,Caja de Mazapan Gigante De La Rosa 20 Pzas de 50 grc/u,,20 pza,pza,20,95.72,4.786,1,,MXN,,sitio_reporta_unidad=100.8 (no se usa; se calcula),exprezo-829-caja-de-mazapan-gigante-de-la-rosa-20-pz
Exprezo,mayorista,2026-08-12,,,Cuadreta de Pastillas Halls Miel 12 pzas,,12 pza,pza,12,63.98,5.3317,1,,MXN,,sitio_reporta_unidad=65.6 (no se usa; se calcula),exprezo-830-cuadreta-de-pastillas-halls-miel-12-pzas
Exprezo,mayorista,2026-08-12,,,Caja de Mazapan Grande De La Rosa 30 Pzas de 28 grc/u,,30 pza,pza,30,83.05,2.7683,1,,MXN,,sitio_reporta_unidad=87.5 (no se usa; se calcula),exprezo-831-caja-de-mazapan-grande-de-la-rosa-30-pza
Exprezo,mayorista,2026-08-12,,,Chicles Orbit 4s Menta 40 pzas Exhibidor,,40 pza,pza,40,86.0,2.15,1,,MXN,,sitio_reporta_unidad=87.8 (no se usa; se calcula),exprezo-832-chicles-orbit-4s-menta-40-pzas-exhibidor
Exprezo,mayorista,2026-08-12,,,Pastillas Halls Negras Extra Strong pack con 12 pzas,,12 pza,pza,12,63.98,5.3317,1,,MXN,,sitio_reporta_unidad=65.6 (no se usa; se calcula),exprezo-833-pastillas-halls-negras-extra-strong-pack
Exprezo,mayorista,2026-08-12,,,Caja de Chicle Trident White 4s Menta 40 pzas,,40 pza,pza,40,77.4,1.935,1,,MXN,,sitio_reporta_unidad=81.5 (no se usa; se calcula),exprezo-834-caja-de-chicle-trident-white-4s-menta-40
Exprezo,mayorista,2026-08-12,,,Chicles Orbit 4s Polar Mint 40 pzas Exhibidor,,40 pza,pza,40,86.0,2.15,1,,MXN,,sitio_reporta_unidad=87.8 (no se usa; se calcula),exprezo-835-chicles-orbit-4s-polar-mint-40-pzas-exhi
Exprezo,mayorista,2026-08-12,,,Chicles Orbit 4s Hierba Buena 40 pzas Exhibidor,,40 pza,pza,40,86.0,2.15,1,,MXN,,sitio_reporta_unidad=87.8 (no se usa; se calcula),exprezo-836-chicles-orbit-4s-hierba-buena-40-pzas-ex
Exprezo,mayorista,2026-08-12,,,Caja de Chicle Trident White 4s Yerbabuena 40 pzas,,40 pza,pza,40,77.4,1.935,1,,MXN,,sitio_reporta_unidad=81.5 (no se usa; se calcula),exprezo-837-caja-de-chicle-trident-white-4s-yerbabue
Exprezo,mayorista,2026-08-12,,,Tira de Paleta Tutsi chupa Pop con 24 pzas,,24 pza,pza,24,90.41,3.7671,1,,MXN,,sitio_reporta_unidad=92.9 (no se usa; se calcula),exprezo-838-tira-de-paleta-tutsi-chupa-pop-con-24-pz
Exprezo,mayorista,2026-08-12,,,Bolsa de Pasitas con Chocolate Laposse 45 gr.,,45 g,g,1,12.25,12.25,1,,MXN,,sitio_reporta_unidad=13.1 (no se usa; se calcula),exprezo-839-bolsa-de-pasitas-con-chocolate-laposse-4
Exprezo,mayorista,2026-08-12,,,Bolsa de Paleta Tarrito Vero con 40 pzas 640 gr,,640 g,g,1,66.23,66.23,1,,MXN,,sitio_reporta_unidad=68.5 (no se usa; se calcula),exprezo-840-bolsa-de-paleta-tarrito-vero-con-40-pzas
Exprezo,mayorista,2026-08-12,,,Caja de Chocolate Kit Kat con 9 pzas,,9 pza,pza,9,139.7,15.5222,1,,MXN,,sitio_reporta_unidad=140.9 (no se usa; se calcula),exprezo-841-caja-de-chocolate-kit-kat-con-9-pzas
Exprezo,mayorista,2026-08-12,,,Chocolate Relleno MilkyWay Pack De 6 Piezas,,6 pza,pza,6,92.0,15.3333,1,,MXN,,sitio_reporta_unidad=94.0 (no se usa; se calcula),exprezo-842-chocolate-relleno-milkyway-pack-de-6-pie
Exprezo,mayorista,2026-08-12,,,Caja de Huevo Kinder Sorpresa Niña 8pzas,,8 pza,pza,8,165.21,20.6513,1,,MXN,,sitio_reporta_unidad=169.1 (no se usa; se calcula),exprezo-843-caja-de-huevo-kinder-sorpresa-ni-a-8pzas
Exprezo,mayorista,2026-08-12,,,Bolsa de Paleta Rockaleta con 18 pzas,,18 pza,pza,18,111.64,6.2022,1,,MXN,,sitio_reporta_unidad=115.2 (no se usa; se calcula),exprezo-844-bolsa-de-paleta-rockaleta-con-18-pzas
Exprezo,mayorista,2026-08-12,,,Display Freskas 9 pzas de 35 gr c/u,,35 g,g,1,119.39,119.39,1,,MXN,,sitio_reporta_unidad=121.7 (no se usa; se calcula),exprezo-845-display-freskas-9-pzas-de-35-gr-c-u
Exprezo,mayorista,2026-08-12,,,Bolsa de Chocolate Carlos V Semi Amargo Nestlé 16 pzas de 2o gr c/u,,16 pza,pza,16,120.34,7.5213,1,,MXN,,sitio_reporta_unidad=121.8 (no se usa; se calcula),exprezo-846-bolsa-de-chocolate-carlos-v-semi-amargo-
Exprezo,mayorista,2026-08-12,,,Display Canels Surtido 60 Pzas,,60 pza,pza,60,43.06,0.7177,1,,MXN,,sitio_reporta_unidad=44.8 (no se usa; se calcula),exprezo-847-display-canels-surtido-60-pzas
Exprezo,mayorista,2026-08-12,,,Cuadreta de Pastillas Halls Cereza 12 pzas,,12 pza,pza,12,63.98,5.3317,1,,MXN,,sitio_reporta_unidad=65.6 (no se usa; se calcula),exprezo-848-cuadreta-de-pastillas-halls-cereza-12-pz
Exprezo,mayorista,2026-08-12,,,Chicles Orbit 4s Fresa 40 pzas Exhibidor,,40 pza,pza,40,86.0,2.15,1,,MXN,,sitio_reporta_unidad=87.8 (no se usa; se calcula),exprezo-849-chicles-orbit-4s-fresa-40-pzas-exhibidor
Exprezo,mayorista,2026-08-12,,,Bolsa de Caramelo Suave Aciduladito con Chile de La Rosa 100 pzas,,100 pza,pza,100,45.87,0.4587,1,,MXN,,sitio_reporta_unidad=48.3 (no se usa; se calcula),exprezo-850-bolsa-de-caramelo-suave-aciduladito-con-
Exprezo,mayorista,2026-08-12,,,Bolsa de Paleta Sandibrocha Rellena Vero con 40 pzas,,40 pza,pza,40,58.8,1.47,1,,MXN,,sitio_reporta_unidad=60.3 (no se usa; se calcula),exprezo-851-bolsa-de-paleta-sandibrocha-rellena-vero
Exprezo,mayorista,2026-08-12,,,Caja de Chicle Bubbaloo Sabor Fresa 47 pzas,,47 pza,pza,47,36.0,0.766,1,,MXN,,sitio_reporta_unidad=37.7 (no se usa; se calcula),exprezo-852-caja-de-chicle-bubbaloo-sabor-fresa-47-p
Exprezo,mayorista,2026-08-12,,,Bolsa de Paleta Tutsi Pop con 24 pzas,,24 pza,pza,24,84.69,3.5288,1,,MXN,,sitio_reporta_unidad=86.4 (no se usa; se calcula),exprezo-853-bolsa-de-paleta-tutsi-pop-con-24-pzas
Exprezo,mayorista,2026-08-12,,,Bolsa de Paleta Bubbaloo Xtreme Mora Azul con 20 pzaz,,,pza,1,73.48,73.48,1,,MXN,,sitio_reporta_unidad=76.0 (no se usa; se calcula),exprezo-854-bolsa-de-paleta-bubbaloo-xtreme-mora-azu
Exprezo,mayorista,2026-08-12,,,Chocolate Larín Almendras 10 pzas de 24 gr c/u,,24 g,g,1,122.45,122.45,1,,MXN,,sitio_reporta_unidad=125.4 (no se usa; se calcula),exprezo-855-chocolate-lar-n-almendras-10-pzas-de-24-
Exprezo,mayorista,2026-08-12,,,Caja de Chicle Trident White 4s Mora Azul 40 pzas,,40 pza,pza,40,77.4,1.935,1,,MXN,,sitio_reporta_unidad=81.5 (no se usa; se calcula),exprezo-856-caja-de-chicle-trident-white-4s-mora-azu
Exprezo,mayorista,2026-08-12,,,Bolsa de Paleta Pintazul Vero con 48 pzas,,48 pza,pza,48,66.43,1.384,1,,MXN,,sitio_reporta_unidad=68.6 (no se usa; se calcula),exprezo-857-bolsa-de-paleta-pintazul-vero-con-48-pza
Exprezo,mayorista,2026-08-12,,,Chocolate Larín Nuez 10 pzas de 24 gr c/u,,24 g,g,1,122.45,122.45,1,,MXN,,sitio_reporta_unidad=125.4 (no se usa; se calcula),exprezo-858-chocolate-lar-n-nuez-10-pzas-de-24-gr-c-
Exprezo,mayorista,2026-08-12,,,Bolsa de Pelón Pelo Rico Tamarindo 30 gr,,30 g,g,1,70.35,70.35,1,,MXN,,sitio_reporta_unidad=75.0 (no se usa; se calcula),exprezo-859-bolsa-de-pel-n-pelo-rico-tamarindo-30-gr
Exprezo,mayorista,2026-08-12,,,Bolsa de Paleta Bubbaloo Xtreme Fresa con 20 pzaz,,,pza,1,73.48,73.48,1,,MXN,,sitio_reporta_unidad=76.0 (no se usa; se calcula),exprezo-860-bolsa-de-paleta-bubbaloo-xtreme-fresa-co
Exprezo,mayorista,2026-08-12,,,Caja de Chicle Trident White 4s Fresa Salvaje 40 pzas,,40 pza,pza,40,77.4,1.935,1,,MXN,,sitio_reporta_unidad=81.5 (no se usa; se calcula),exprezo-861-caja-de-chicle-trident-white-4s-fresa-sa
Exprezo,mayorista,2026-08-12,,,Chocolate Larín Avellana 10 pzas de 24 gr c/u,,24 g,g,1,122.45,122.45,1,,MXN,,sitio_reporta_unidad=125.4 (no se usa; se calcula),exprezo-862-chocolate-lar-n-avellana-10-pzas-de-24-g
Exprezo,mayorista,2026-08-12,,,Pack de Crayón Sabor Surtido 10 pzas 280 gr,,280 g,g,1,80.49,80.49,1,,MXN,,sitio_reporta_unidad=85.4 (no se usa; se calcula),exprezo-863-pack-de-cray-n-sabor-surtido-10-pzas-280
Exprezo,mayorista,2026-08-12,,,Caja de Chicle Bubbaloo Sabor Menta 47 pzas,,47 pza,pza,47,36.0,0.766,1,,MXN,,sitio_reporta_unidad=37.7 (no se usa; se calcula),exprezo-864-caja-de-chicle-bubbaloo-sabor-menta-47-p
Exprezo,mayorista,2026-08-12,,,Caja de Chicle Trident Xtra Care Menta 32 -12 pzas,,12 pza,pza,12,78.57,6.5475,1,,MXN,,sitio_reporta_unidad=79.9 (no se usa; se calcula),exprezo-865-caja-de-chicle-trident-xtra-care-menta-3
Exprezo,mayorista,2026-08-12,,,Skwinkles salsagheti Sandía Exhibidor 12 pzas,,12 pza,pza,12,87.61,7.3008,1,,MXN,,sitio_reporta_unidad=92.8 (no se usa; se calcula),exprezo-866-skwinkles-salsagheti-sand-a-exhibidor-12
Exprezo,mayorista,2026-08-12,,,Bote de Conejo de Chocolate Turin 30 pzas,,30 pza,pza,30,280.63,9.3543,1,,MXN,,sitio_reporta_unidad=280.63 (no se usa; se calcula),exprezo-867-bote-de-conejo-de-chocolate-turin-30-pza
Exprezo,mayorista,2026-08-12,,,Lucas Panzón Acidito Sandía Chamoy 10 pzas,,10 pza,pza,10,81.19,8.119,1,,MXN,,sitio_reporta_unidad=88.1 (no se usa; se calcula),exprezo-868-lucas-panz-n-acidito-sand-a-chamoy-10-pz
Exprezo,mayorista,2026-08-12,,,Surtido De Chocolates Variety Pack 14 Piezas,,14 pza,pza,14,193.88,13.8486,1,,MXN,,sitio_reporta_unidad=193.88 (no se usa; se calcula),exprezo-869-surtido-de-chocolates-variety-pack-14-pi
Exprezo,mayorista,2026-08-12,,,Caja de Chicle Bubbaloo Sabor Platano 47 pzas,,47 pza,pza,47,36.0,0.766,1,,MXN,,sitio_reporta_unidad=37.7 (no se usa; se calcula),exprezo-870-caja-de-chicle-bubbaloo-sabor-platano-47
Exprezo,mayorista,2026-08-12,,,Chicles Trident 4s Pastilla Freshmint Caja con 40 Pzas.,,40 pza,pza,1600,84.19,0.0526,1,,MXN,,sitio_reporta_unidad=90.0 (no se usa; se calcula),exprezo-871-chicles-trident-4s-pastilla-freshmint-ca
Exprezo,mayorista,2026-08-12,,,Caja De Bombones Cubiertos con Chocolate Bianchi 50 pzas,,50 pza,pza,50,75.82,1.5164,1,,MXN,,sitio_reporta_unidad=79.9 (no se usa; se calcula),exprezo-872-caja-de-bombones-cubiertos-con-chocolate
Exprezo,mayorista,2026-08-12,,,Bolsa De Bombones Super Gigante Bianchi 840 gr,,840 g,g,1,68.54,68.54,1,,MXN,,sitio_reporta_unidad=71.3 (no se usa; se calcula),exprezo-873-bolsa-de-bombones-super-gigante-bianchi-
Exprezo,mayorista,2026-08-12,,,Gomitas Aciditas Sabor Mora Azul Icee Mini Jelly Beans 50 gr.,,50 g,g,1,79.83,79.83,1,,MXN,,sitio_reporta_unidad=82.3 (no se usa; se calcula),exprezo-874-gomitas-aciditas-sabor-mora-azul-icee-mi
Exprezo,mayorista,2026-08-12,,,Bolsa de chocolate Carlos V Pack de Reyes 15 pzas,,15 pza,pza,15,144.6,9.64,1,,MXN,,sitio_reporta_unidad=147.6 (no se usa; se calcula),exprezo-875-bolsa-de-chocolate-carlos-v-pack-de-reye
Exprezo,mayorista,2026-08-12,,,Caja de Huevo Kinder Sorpresa Niño 8pzas,,8 pza,pza,8,165.21,20.6513,1,,MXN,,sitio_reporta_unidad=169.1 (no se usa; se calcula),exprezo-876-caja-de-huevo-kinder-sorpresa-ni-o-8pzas
Exprezo,mayorista,2026-08-12,,,Bolsa de Caramelo Súper Natilla Montés 100 pzas,,100 pza,pza,100,65.92,0.6592,1,,MXN,,sitio_reporta_unidad=68.6 (no se usa; se calcula),exprezo-877-bolsa-de-caramelo-s-per-natilla-mont-s-1
Exprezo,mayorista,2026-08-12,,,Caja de Huevo Kinder Sorpresa Niña 8pzas,,8 pza,pza,8,165.21,20.6513,1,,MXN,,sitio_reporta_unidad=169.1 (no se usa; se calcula),exprezo-878-caja-de-huevo-kinder-sorpresa-ni-a-8pzas
Exprezo,mayorista,2026-08-12,,,Chicle Rockaleta Bola Sonrics Bolsa 20 Pzas,,20 pza,pza,20,36.9,1.845,1,,MXN,,sitio_reporta_unidad=41.5 (no se usa; se calcula),exprezo-879-chicle-rockaleta-bola-sonrics-bolsa-20-p
Exprezo,mayorista,2026-08-12,,,Paleta Lucas Lenwas Chile 60 Pzas,,60 pza,pza,60,150.64,2.5107,1,,MXN,,sitio_reporta_unidad=158.6 (no se usa; se calcula),exprezo-880-paleta-lucas-lenwas-chile-60-pzas
Exprezo,mayorista,2026-08-12,,,Bolsa de Dulces Ricolino Paquete Diversión 1.5 KG,,5000 g,g,1,196.67,196.67,1,,MXN,,sitio_reporta_unidad=201.4 (no se usa; se calcula),exprezo-881-bolsa-de-dulces-ricolino-paquete-diversi
Exprezo,mayorista,2026-08-12,,,Chocolate Amico Elite Sabor Avellana 390 gr.,,390 g,g,1,74.91,74.91,1,,MXN,,sitio_reporta_unidad=76.5 (no se usa; se calcula),exprezo-882-chocolate-amico-elite-sabor-avellana-390
Exprezo,mayorista,2026-08-12,,,Bolsa de Chocolates Rellenos de Licor Sabor Cereza Giselle 100 pzas,,100 pza,pza,100,104.25,1.0425,1,,MXN,,sitio_reporta_unidad=104.25 (no se usa; se calcula),exprezo-883-bolsa-de-chocolates-rellenos-de-licor-sa
Exprezo,mayorista,2026-08-12,,,Paleta Jumbo de la Rosa sabor cereza 50 pzas,,50 pza,pza,50,86.06,1.7212,1,,MXN,,sitio_reporta_unidad=88.8 (no se usa; se calcula),exprezo-884-paleta-jumbo-de-la-rosa-sabor-cereza-50-
Exprezo,mayorista,2026-08-12,,,Bolsa de Dulces Piñata Surprise Sonrics 2 kg,,2000 g,g,1,191.08,191.08,1,,MXN,,sitio_reporta_unidad=195.0 (no se usa; se calcula),exprezo-885-bolsa-de-dulces-pi-ata-surprise-sonrics-
Exprezo,mayorista,2026-08-12,,,Panditas Ricolino Clásicos 65 gr.,,65 g,g,1,19.4,19.4,1,,MXN,,sitio_reporta_unidad=19.4 (no se usa; se calcula),exprezo-886-panditas-ricolino-cl-sicos-65-gr-
Exprezo,mayorista,2026-08-12,,,Foco Led Luz Blanca Eveready 8W,,,pza,1,16.85,16.85,1,,MXN,,sitio_reporta_unidad=18.4 (no se usa; se calcula),exprezo-887-foco-led-luz-blanca-eveready-8w
Exprezo,mayorista,2026-08-12,,,PILA CARBON EVEREADY AA 120-4 PZ,,4 pza,pza,4,35.1,8.775,1,,MXN,,sitio_reporta_unidad=37.9 (no se usa; se calcula),exprezo-888-pila-carbon-eveready-aa-120-4-pz
Exprezo,mayorista,2026-08-12,,,PILA CARBON EVEREADY AAA 72-4 PZ,,4 pza,pza,4,35.1,8.775,1,,MXN,,sitio_reporta_unidad=37.9 (no se usa; se calcula),exprezo-889-pila-carbon-eveready-aaa-72-4-pz
Exprezo,mayorista,2026-08-12,,,Foco Led Luz Blanca Masver Light 12 W,,,pza,1,19.52,19.52,1,,MXN,,sitio_reporta_unidad=23.5 (no se usa; se calcula),exprezo-890-foco-led-luz-blanca-masver-light-12-w
Exprezo,mayorista,2026-08-12,,,Foco Led Luz Blanca Masver Light 20 W,,,pza,1,28.94,28.94,1,,MXN,,sitio_reporta_unidad=34.5 (no se usa; se calcula),exprezo-891-foco-led-luz-blanca-masver-light-20-w
Exprezo,mayorista,2026-08-12,,,Desinfectante Microdyn 15 ml,,15 ml,ml,1,27.0,27.0,1,,MXN,,sitio_reporta_unidad=29.0 (no se usa; se calcula),exprezo-892-desinfectante-microdyn-15-ml
Exprezo,mayorista,2026-08-12,,,Desinfectante Microdyn 15 ml,,15 ml,ml,1,309.22,309.22,1,,MXN,,sitio_reporta_unidad=330.0 (no se usa; se calcula),exprezo-893-desinfectante-microdyn-15-ml
Exprezo,mayorista,2026-08-12,,,Galletas Marías Gamesa 170 gr,,170 g,g,1,275.0,275.0,1,,MXN,,sitio_reporta_unidad=15.3 (no se usa; se calcula),exprezo-894-galletas-mar-as-gamesa-170-gr
Exprezo,mayorista,2026-08-12,,,Galletas Marianitas Sabor Coco La Moderna 185 gr,,185 g,g,1,10.57,10.57,1,,MXN,,sitio_reporta_unidad=11.4 (no se usa; se calcula),exprezo-895-galletas-marianitas-sabor-coco-la-modern
Exprezo,mayorista,2026-08-12,,,Galletas Oreo Regular Rollo 114 gr,,114 g,g,1,14.27,14.27,1,,MXN,,sitio_reporta_unidad=15.5 (no se usa; se calcula),exprezo-896-galletas-oreo-regular-rollo-114-gr
Exprezo,mayorista,2026-08-12,,,Galletas Marianitas Sabor Vainilla La Moderna 185 gr,,185 g,g,1,10.57,10.57,1,,MXN,,sitio_reporta_unidad=11.4 (no se usa; se calcula),exprezo-897-galletas-marianitas-sabor-vainilla-la-mo
Exprezo,mayorista,2026-08-12,,,Galletas Marianitas Sabor Chocolate La Moderna 185 gr,,185 g,g,1,10.57,10.57,1,,MXN,,sitio_reporta_unidad=11.4 (no se usa; se calcula),exprezo-898-galletas-marianitas-sabor-chocolate-la-m
Exprezo,mayorista,2026-08-12,,,Galletas Oreo Rollo 205 gr,,205 g,g,1,23.23,23.23,1,,MXN,,sitio_reporta_unidad=23.9 (no se usa; se calcula),exprezo-899-galletas-oreo-rollo-205-gr
Exprezo,mayorista,2026-08-12,,,Bolsa de Galletas Bombitos Gamesa 150 gr,,150 g,g,1,15.13,15.13,1,,MXN,,sitio_reporta_unidad=17.2 (no se usa; se calcula),exprezo-900-bolsa-de-galletas-bombitos-gamesa-150-gr
Exprezo,mayorista,2026-08-12,,,Galletas Cremax Gamesa Sabor Crocolate Paketón con 213 gr,,213 g,g,1,23.06,23.06,1,,MXN,,sitio_reporta_unidad=26.9 (no se usa; se calcula),exprezo-901-galletas-cremax-gamesa-sabor-crocolate-p
Exprezo,mayorista,2026-08-12,,,Galletas Marianitas Sabor Naranja La Moderna 185 gr,,185 g,g,1,10.57,10.57,1,,MXN,,sitio_reporta_unidad=11.4 (no se usa; se calcula),exprezo-902-galletas-marianitas-sabor-naranja-la-mod
Exprezo,mayorista,2026-08-12,,,Galletas Ritz Nabisco 89 gr,,89 g,g,1,10.9,10.9,1,,MXN,,sitio_reporta_unidad=10.9 (no se usa; se calcula),exprezo-903-galletas-ritz-nabisco-89-gr
Exprezo,mayorista,2026-08-12,,,Galletas Con Chispas De Chocolate Chokis Gamesa 57 gr,,57 g,g,1,15.34,15.34,1,,MXN,,sitio_reporta_unidad=16.2 (no se usa; se calcula),exprezo-904-galletas-con-chispas-de-chocolate-chokis
Exprezo,mayorista,2026-08-12,,,GalletasChokis Chocobase Gamesa 84 gr,,84 g,g,1,18.68,18.68,1,,MXN,,sitio_reporta_unidad=21.3 (no se usa; se calcula),exprezo-905-galletaschokis-chocobase-gamesa-84-gr
Exprezo,mayorista,2026-08-12,,,Galletas Cremax Gamesa Sabor Fresa Paketón con 213 gr,,213 g,g,1,23.06,23.06,1,,MXN,,sitio_reporta_unidad=26.9 (no se usa; se calcula),exprezo-906-galletas-cremax-gamesa-sabor-fresa-paket
Exprezo,mayorista,2026-08-12,,,Galletas emperador Gamesa combinado 109g,,109 g,g,1,16.74,16.74,1,,MXN,,sitio_reporta_unidad=19.1 (no se usa; se calcula),exprezo-907-galletas-emperador-gamesa-combinado-109g
Exprezo,mayorista,2026-08-12,,,Pan Tostadoa Bimbo 210 gr.,,210 g,g,1,33.3,33.3,1,,MXN,,sitio_reporta_unidad=35.8 (no se usa; se calcula),exprezo-908-pan-tostadoa-bimbo-210-gr-
Exprezo,mayorista,2026-08-12,,,Mini Barritas Marinela Sabor Fresa 67 gr,,67 g,g,1,26.76,26.76,1,,MXN,,sitio_reporta_unidad=29.8 (no se usa; se calcula),exprezo-909-mini-barritas-marinela-sabor-fresa-67-gr
Exprezo,mayorista,2026-08-12,,,Galletas Mexicanas Cuetara 135 gr,,135 g,g,1,10.65,10.65,1,,MXN,,sitio_reporta_unidad=11.6 (no se usa; se calcula),exprezo-910-galletas-mexicanas-cuetara-135-gr
Exprezo,mayorista,2026-08-12,,,Caja de Barritas Marinela Sabor fresa con 12 Paquetes,,,pza,1,36.58,36.58,1,,MXN,,sitio_reporta_unidad=39.8 (no se usa; se calcula),exprezo-911-caja-de-barritas-marinela-sabor-fresa-co
Exprezo,mayorista,2026-08-12,,,Mini Barritas Marinela Sabor Piña 67 gr,,67 g,g,1,26.76,26.76,1,,MXN,,sitio_reporta_unidad=29.8 (no se usa; se calcula),exprezo-912-mini-barritas-marinela-sabor-pi-a-67-gr
Exprezo,mayorista,2026-08-12,,,Bolsa de Pan Molido Clásico Bimbo Empanizador 210 gr,,210 g,g,1,27.9,27.9,1,,MXN,,sitio_reporta_unidad=30.4 (no se usa; se calcula),exprezo-913-bolsa-de-pan-molido-cl-sico-bimbo-empani
Exprezo,mayorista,2026-08-12,,,Barritas Marinela Sabor Piña 12 pzas,,12 pza,pza,12,36.58,3.0483,1,,MXN,,sitio_reporta_unidad=39.8 (no se usa; se calcula),exprezo-914-barritas-marinela-sabor-pi-a-12-pzas
Exprezo,mayorista,2026-08-12,,,DONAS AZUCAR 1-6 PZ,,6 pza,pza,6,22.9,3.8167,1,,MXN,,sitio_reporta_unidad=24.9 (no se usa; se calcula),exprezo-915-donas-azucar-1-6-pz
Exprezo,mayorista,2026-08-12,,,DONITA ESPOLVOREADA 1-8 PZ,,8 pza,pza,8,22.9,2.8625,1,,MXN,,sitio_reporta_unidad=25.0 (no se usa; se calcula),exprezo-916-donita-espolvoreada-1-8-pz
Exprezo,mayorista,2026-08-12,,,Pastelito Gansito 50 gr,,50 g,g,1,18.9,18.9,1,,MXN,,sitio_reporta_unidad=20.5 (no se usa; se calcula),exprezo-917-pastelito-gansito-50-gr
Exprezo,mayorista,2026-08-12,,,Pan Molido Clásico Bimbo Empanizador Jumbo Bolsa 5 Kg,,5000 g,g,1,319.9,319.9,1,,MXN,,sitio_reporta_unidad=348.9 (no se usa; se calcula),exprezo-918-pan-molido-cl-sico-bimbo-empanizador-jum
Exprezo,mayorista,2026-08-12,,,Galletas Chavalin Cuetara 100 gr,,100 g,g,1,15.3,15.3,1,,MXN,,sitio_reporta_unidad=17.8 (no se usa; se calcula),exprezo-919-galletas-chavalin-cuetara-100-gr
Exprezo,mayorista,2026-08-12,,,Caja Galletas Canelitas Marinela 12 pzas de 30 gr c/u,,30 g,g,1,36.45,36.45,1,,MXN,,sitio_reporta_unidad=41.5 (no se usa; se calcula),exprezo-920-caja-galletas-canelitas-marinela-12-pzas
Exprezo,mayorista,2026-08-12,,,Galletas Canelitas Marinela 180 gr,,180 g,g,1,20.88,20.88,1,,MXN,,sitio_reporta_unidad=23.2 (no se usa; se calcula),exprezo-921-galletas-canelitas-marinela-180-gr
Exprezo,mayorista,2026-08-12,,,Bolsa de Galletas de Animalitos Cuetara 5 KG,,5000 g,g,1,203.0,203.0,1,,MXN,,sitio_reporta_unidad=203.0 (no se usa; se calcula),exprezo-922-bolsa-de-galletas-de-animalitos-cuetara-
Exprezo,mayorista,2026-08-12,,,Galleta Wafer Chocolate Cuetara 570 Gr,,570 g,g,1,70.64,70.64,1,,MXN,,sitio_reporta_unidad=70.64 (no se usa; se calcula),exprezo-923-galleta-wafer-chocolate-cuetara-570-gr
Exprezo,mayorista,2026-08-12,,,MANTECADAS VAINILLA 1-6 PZ,,6 pza,pza,6,32.9,5.4833,1,,MXN,,sitio_reporta_unidad=35.5 (no se usa; se calcula),exprezo-924-mantecadas-vainilla-1-6-pz
Exprezo,mayorista,2026-08-12,,,Galletas Surtido Rico Gamesa 436 gr.,,436 g,g,1,53.33,53.33,1,,MXN,,sitio_reporta_unidad=60.7 (no se usa; se calcula),exprezo-925-galletas-surtido-rico-gamesa-436-gr-
Exprezo,mayorista,2026-08-12,,,Pastelito Chocorroles Piña 80 gr,,80 g,g,1,22.9,22.9,1,,MXN,,sitio_reporta_unidad=24.5 (no se usa; se calcula),exprezo-926-pastelito-chocorroles-pi-a-80-gr
Exprezo,mayorista,2026-08-12,,,Pan Para Hot Dog Medias Noches Bimbo 340 gr.,,340 g,g,1,45.9,45.9,1,,MXN,,sitio_reporta_unidad=49.4 (no se usa; se calcula),exprezo-927-pan-para-hot-dog-medias-noches-bimbo-340
Exprezo,mayorista,2026-08-12,,,Galletas Polvorones Marinela Paquete de 250 gr,,250 g,g,1,20.88,20.88,1,,MXN,,sitio_reporta_unidad=23.2 (no se usa; se calcula),exprezo-928-galletas-polvorones-marinela-paquete-de-
Exprezo,mayorista,2026-08-12,,,Display Galletas Ritz 356 gr,,356 g,g,1,40.3,40.3,1,,MXN,,sitio_reporta_unidad=40.3 (no se usa; se calcula),exprezo-929-display-galletas-ritz-356-gr
Exprezo,mayorista,2026-08-12,,,Galletas Doraditas Tía Rosa,,,pza,1,18.9,18.9,1,,MXN,,sitio_reporta_unidad=20.5 (no se usa; se calcula),exprezo-930-galletas-doraditas-t-a-rosa
Exprezo,mayorista,2026-08-12,,,Barritas Marinela Sabor Fresa 67 gr,,67 g,g,1,15.9,15.9,1,,MXN,,sitio_reporta_unidad=16.9 (no se usa; se calcula),exprezo-931-barritas-marinela-sabor-fresa-67-gr
Exprezo,mayorista,2026-08-12,,,Galletas Príncipe 147 gr,,147 g,g,1,20.87,20.87,1,,MXN,,sitio_reporta_unidad=23.2 (no se usa; se calcula),exprezo-932-galletas-pr-ncipe-147-gr
Exprezo,mayorista,2026-08-12,,,Galletas con Chocolate Chips Ahoy Paquete 55.2 gr.,,2 g,g,1,7.77,7.77,1,,MXN,,sitio_reporta_unidad=9.5 (no se usa; se calcula),exprezo-933-galletas-con-chocolate-chips-ahoy-paquet
Exprezo,mayorista,2026-08-12,,,Mantecadas Bimbo Charola 625 gr,,625 g,g,1,94.9,94.9,1,,MXN,,sitio_reporta_unidad=101.9 (no se usa; se calcula),exprezo-934-mantecadas-bimbo-charola-625-gr
Exprezo,mayorista,2026-08-12,,,Panquecitos Bimbo Gotas de Chocolate 140 gr.,,140 g,g,1,22.9,22.9,1,,MXN,,sitio_reporta_unidad=24.9 (no se usa; se calcula),exprezo-935-panquecitos-bimbo-gotas-de-chocolate-140
Exprezo,mayorista,2026-08-12,,,Pan para Hamburguesa Bimbollos Bimbo,,,pza,1,85.0,85.0,1,,MXN,,sitio_reporta_unidad=91.8 (no se usa; se calcula),exprezo-936-pan-para-hamburguesa-bimbollos-bimbo
Exprezo,mayorista,2026-08-12,,,BIMBUÑUELOS 1-6 PZ,,6 pza,pza,6,22.9,3.8167,1,,MXN,,sitio_reporta_unidad=25.0 (no se usa; se calcula),exprezo-937-bimbu-uelos-1-6-pz
Exprezo,mayorista,2026-08-12,,,ROLES CANELA 1-3 PZ,,3 pza,pza,3,24.9,8.3,1,,MXN,,sitio_reporta_unidad=27.5 (no se usa; se calcula),exprezo-938-roles-canela-1-3-pz
Exprezo,mayorista,2026-08-12,,,Pastelito Nito Charola 15pzas,,15 pza,pza,15,188.9,12.5933,1,,MXN,,sitio_reporta_unidad=204.9 (no se usa; se calcula),exprezo-939-pastelito-nito-charola-15pzas
Exprezo,mayorista,2026-08-12,,,Barritas Marinela Sabor Piña 67 gr,,67 g,g,1,15.9,15.9,1,,MXN,,sitio_reporta_unidad=16.9 (no se usa; se calcula),exprezo-940-barritas-marinela-sabor-pi-a-67-gr
Exprezo,mayorista,2026-08-12,,,Pastelito Nito 62 gr,,62 g,g,1,17.9,17.9,1,,MXN,,sitio_reporta_unidad=19.0 (no se usa; se calcula),exprezo-941-pastelito-nito-62-gr
Exprezo,mayorista,2026-08-12,,,Galletas Canelitas Marinela 90 gr,,90 g,g,1,22.9,22.9,1,,MXN,,sitio_reporta_unidad=24.9 (no se usa; se calcula),exprezo-942-galletas-canelitas-marinela-90-gr
Exprezo,mayorista,2026-08-12,,,Pan para Hamburguesa Bimbollos Bimbo 450 gr.,,450 g,g,1,50.9,50.9,1,,MXN,,sitio_reporta_unidad=55.9 (no se usa; se calcula),exprezo-943-pan-para-hamburguesa-bimbollos-bimbo-450
Exprezo,mayorista,2026-08-12,,,Galletas Marías Lara 170 gr,,170 g,g,1,11.38,11.38,1,,MXN,,sitio_reporta_unidad=13.0 (no se usa; se calcula),exprezo-944-galletas-mar-as-lara-170-gr
Exprezo,mayorista,2026-08-12,,,Bolsa de Galletas de Animalitos La Moderna 1KG,,1000 g,g,1,56.18,56.18,1,,MXN,,sitio_reporta_unidad=63.9 (no se usa; se calcula),exprezo-945-bolsa-de-galletas-de-animalitos-la-moder
Exprezo,mayorista,2026-08-12,,,Pastelito Pingüinos 80 gr,,80 g,g,1,22.9,22.9,1,,MXN,,sitio_reporta_unidad=24.5 (no se usa; se calcula),exprezo-946-pastelito-ping-inos-80-gr
Exprezo,mayorista,2026-08-12,,,Galletas Crackets Gamesa 89 gr,,89 g,g,1,12.75,12.75,1,,MXN,,sitio_reporta_unidad=14.5 (no se usa; se calcula),exprezo-947-galletas-crackets-gamesa-89-gr
Exprezo,mayorista,2026-08-12,,,Panque de Nuez Bimbo 255 gr,,255 g,g,1,42.9,42.9,1,,MXN,,sitio_reporta_unidad=44.9 (no se usa; se calcula),exprezo-948-panque-de-nuez-bimbo-255-gr
Exprezo,mayorista,2026-08-12,,,Galletas Polvorones con Nuez La Moderna tubo con 210 gr,,210 g,g,1,14.25,14.25,1,,MXN,,sitio_reporta_unidad=14.7 (no se usa; se calcula),exprezo-949-galletas-polvorones-con-nuez-la-moderna-
Exprezo,mayorista,2026-08-12,,,Pastel Irish Cake Baileys 10 Pzas,,10 pza,pza,10,83.91,8.391,1,,MXN,,sitio_reporta_unidad=86.6 (no se usa; se calcula),exprezo-950-pastel-irish-cake-baileys-10-pzas
Exprezo,mayorista,2026-08-12,,,Pan Molido Empanizador Bimbo Crujiente Bolsa175 gr.,,175 g,g,1,27.9,27.9,1,,MXN,,sitio_reporta_unidad=30.9 (no se usa; se calcula),exprezo-951-pan-molido-empanizador-bimbo-crujiente-b
Exprezo,mayorista,2026-08-12,,,Pan Tostado Doble Fibra Bimbo 250 gr.,,250 g,g,1,36.9,36.9,1,,MXN,,sitio_reporta_unidad=38.9 (no se usa; se calcula),exprezo-952-pan-tostado-doble-fibra-bimbo-250-gr-
Exprezo,mayorista,2026-08-12,,,Galletas Crackets Gamesa 135 pzas,,135 pza,pza,135,15.0,0.1111,1,,MXN,,sitio_reporta_unidad=17.5 (no se usa; se calcula),exprezo-953-galletas-crackets-gamesa-135-pzas
Exprezo,mayorista,2026-08-12,,,Caja de Galletas Oreo Lunch 410.4 gr,,4 g,g,1,56.4,56.4,1,,MXN,,sitio_reporta_unidad=56.4 (no se usa; se calcula),exprezo-954-caja-de-galletas-oreo-lunch-410-4-gr
Exprezo,mayorista,2026-08-12,,,Pan de Caja Multigrano Bimbo Grande 615 gr.,,615 g,g,1,63.9,63.9,1,,MXN,,sitio_reporta_unidad=68.9 (no se usa; se calcula),exprezo-955-pan-de-caja-multigrano-bimbo-grande-615-
Exprezo,mayorista,2026-08-12,,,SPONCH MARINELA 12-60 GR,,60 g,g,1,10.0,10.0,1,,MXN,,sitio_reporta_unidad=10.0 (no se usa; se calcula),exprezo-956-sponch-marinela-12-60-gr
Exprezo,mayorista,2026-08-12,,,Jabón para Ropa en Polvo Roma 250 gr,,250 g,g,1,9.7,9.7,1,,MXN,,sitio_reporta_unidad=10.6 (no se usa; se calcula),exprezo-957-jab-n-para-ropa-en-polvo-roma-250-gr
Exprezo,mayorista,2026-08-12,,,Jabón para Ropa en Polvo Roma 500 gr,,500 g,g,1,19.58,19.58,1,,MXN,,sitio_reporta_unidad=21.3 (no se usa; se calcula),exprezo-958-jab-n-para-ropa-en-polvo-roma-500-gr
Exprezo,mayorista,2026-08-12,,,Jabón para Ropa en Polvo Roma 1 Kg,,1000 g,g,1,38.1,38.1,1,,MXN,,sitio_reporta_unidad=41.0 (no se usa; se calcula),exprezo-959-jab-n-para-ropa-en-polvo-roma-1-kg
Exprezo,mayorista,2026-08-12,,,Fabuloso Frescura Activa Antibacterial Lavanda 1 L,,1000 ml,ml,1,22.6,22.6,1,,MXN,,sitio_reporta_unidad=27.0 (no se usa; se calcula),exprezo-960-fabuloso-frescura-activa-antibacterial-l
Exprezo,mayorista,2026-08-12,,,Cloro Blanqueador Cloralex El Rendidor 950 ml,,950 ml,ml,1,172.0,172.0,1,,MXN,,sitio_reporta_unidad=16.0 (no se usa; se calcula),exprezo-961-cloro-blanqueador-cloralex-el-rendidor-9
Exprezo,mayorista,2026-08-12,,,Limpiador Multiusos Pinol 828 ml,,828 ml,ml,1,272.0,272.0,1,,MXN,,sitio_reporta_unidad=25.8 (no se usa; se calcula),exprezo-962-limpiador-multiusos-pinol-828-ml
Exprezo,mayorista,2026-08-12,,,Fabuloso Frescura Activa Antibacterial lavanda 500 ml,,500 ml,ml,1,17.23,17.23,1,,MXN,,sitio_reporta_unidad=19.2 (no se usa; se calcula),exprezo-963-fabuloso-frescura-activa-antibacterial-l
Exprezo,mayorista,2026-08-12,,,Encendedor Regular Tokai 25 pzas,,25 pza,pza,25,119.7,4.788,1,,MXN,,sitio_reporta_unidad=119.7 (no se usa; se calcula),exprezo-964-encendedor-regular-tokai-25-pzas
Exprezo,mayorista,2026-08-12,,,Fabuloso Frescura Activa Antibacterial Mar Fresco 1 L,,1000 ml,ml,1,22.6,22.6,1,,MXN,,sitio_reporta_unidad=27.0 (no se usa; se calcula),exprezo-965-fabuloso-frescura-activa-antibacterial-m
Exprezo,mayorista,2026-08-12,,,Cloro Blanqueador Cloralex El Rendidor 500 ml,,500 ml,ml,1,8.77,8.77,1,,MXN,,sitio_reporta_unidad=10.0 (no se usa; se calcula),exprezo-966-cloro-blanqueador-cloralex-el-rendidor-5
Exprezo,mayorista,2026-08-12,,,Fabuloso Frescura Activa Antibacterial Energía Naranja 1 L,,1000 ml,ml,1,22.6,22.6,1,,MXN,,sitio_reporta_unidad=27.0 (no se usa; se calcula),exprezo-967-fabuloso-frescura-activa-antibacterial-e
Exprezo,mayorista,2026-08-12,,,Multilimpiador Pinol El Original 500 ml,,500 ml,ml,1,15.97,15.97,1,,MXN,,sitio_reporta_unidad=18.2 (no se usa; se calcula),exprezo-968-multilimpiador-pinol-el-original-500-ml
Exprezo,mayorista,2026-08-12,,,Jabón De Lavandería En Barra Zote Rosa 400 Gr,,400 g,g,1,22.2,22.2,1,,MXN,,sitio_reporta_unidad=23.4 (no se usa; se calcula),exprezo-969-jab-n-de-lavander-a-en-barra-zote-rosa-4
Exprezo,mayorista,2026-08-12,,,Fabuloso Frescura Activa Antibacterial Pasión de Frutas 1 L,,1000 ml,ml,1,22.6,22.6,1,,MXN,,sitio_reporta_unidad=27.0 (no se usa; se calcula),exprezo-970-fabuloso-frescura-activa-antibacterial-p
Exprezo,mayorista,2026-08-12,,,Detergente en polvo ARIEL doble poder 500gr,,500 g,g,1,20.58,20.58,1,,MXN,,sitio_reporta_unidad=23.4 (no se usa; se calcula),exprezo-971-detergente-en-polvo-ariel-doble-poder-50
Exprezo,mayorista,2026-08-12,,,Fabuloso Frescura Activa Antibacterial Mar Fresco 500 ml,,500 ml,ml,1,17.23,17.23,1,,MXN,,sitio_reporta_unidad=19.2 (no se usa; se calcula),exprezo-972-fabuloso-frescura-activa-antibacterial-m
Exprezo,mayorista,2026-08-12,,,Detergente en Polvo para Ropa Ariel Doble Poder 250 gr,,250 g,g,1,10.69,10.69,1,,MXN,,sitio_reporta_unidad=12.6 (no se usa; se calcula),exprezo-973-detergente-en-polvo-para-ropa-ariel-dobl
Exprezo,mayorista,2026-08-12,,,Jabón De Lavandería En Barra Zote Rosa 200 Gr,,200 g,g,1,11.4,11.4,1,,MXN,,sitio_reporta_unidad=12.7 (no se usa; se calcula),exprezo-974-jab-n-de-lavander-a-en-barra-zote-rosa-2
Exprezo,mayorista,2026-08-12,,,Detergente en Polvo para Ropa Ariel Doble Poder 850 gr,,850 g,g,1,33.2,33.2,1,,MXN,,sitio_reporta_unidad=37.8 (no se usa; se calcula),exprezo-975-detergente-en-polvo-para-ropa-ariel-dobl
Exprezo,mayorista,2026-08-12,,,Blanqueador Para Ropa Los patitos Concentrado 1 Litro,,1000 ml,ml,1,12.53,12.53,1,,MXN,,sitio_reporta_unidad=14.8 (no se usa; se calcula),exprezo-976-blanqueador-para-ropa-los-patitos-concen
Exprezo,mayorista,2026-08-12,,,Jabón en Polvo Blanca Nieves 500 gr,,500 g,g,1,18.5,18.5,1,,MXN,,sitio_reporta_unidad=21.1 (no se usa; se calcula),exprezo-977-jab-n-en-polvo-blanca-nieves-500-gr
Exprezo,mayorista,2026-08-12,,,Veladora Limonero Milagrosa Santo Padre vaso de vidrio,,,pza,1,13.4,13.4,1,,MXN,,sitio_reporta_unidad=14.9 (no se usa; se calcula),exprezo-978-veladora-limonero-milagrosa-santo-padre-
Exprezo,mayorista,2026-08-12,,,Limpiador Multiusos Fabuloso Alternativa Al Cloro 1 L,,1000 ml,ml,1,22.6,22.6,1,,MXN,,sitio_reporta_unidad=27.0 (no se usa; se calcula),exprezo-979-limpiador-multiusos-fabuloso-alternativa
Exprezo,mayorista,2026-08-12,,,Jabón De Lavandería En Barra Zote Blanco 400 Gr,,400 g,g,1,22.2,22.2,1,,MXN,,sitio_reporta_unidad=23.4 (no se usa; se calcula),exprezo-980-jab-n-de-lavander-a-en-barra-zote-blanco
Exprezo,mayorista,2026-08-12,,,Jabón en Polvo Blanca Nieves 250 gr,,250 g,g,1,9.78,9.78,1,,MXN,,sitio_reporta_unidad=11.2 (no se usa; se calcula),exprezo-981-jab-n-en-polvo-blanca-nieves-250-gr
Exprezo,mayorista,2026-08-12,,,Veladora San Felipe Santo Cristo,,,pza,1,13.03,13.03,1,,MXN,,sitio_reporta_unidad=14.5 (no se usa; se calcula),exprezo-982-veladora-san-felipe-santo-cristo
Exprezo,mayorista,2026-08-12,,,Lavatrastes Líquido Salvo Limón 215 ml,,215 ml,ml,1,11.86,11.86,1,,MXN,,sitio_reporta_unidad=13.0 (no se usa; se calcula),exprezo-983-lavatrastes-l-quido-salvo-lim-n-215-ml
Exprezo,mayorista,2026-08-12,,,Jabón De Lavandería En Barra Zote Blanco 200 Gr,,200 g,g,1,11.4,11.4,1,,MXN,,sitio_reporta_unidad=12.7 (no se usa; se calcula),exprezo-984-jab-n-de-lavander-a-en-barra-zote-blanco
Exprezo,mayorista,2026-08-12,,,Fabuloso Frescura Activa Antibacterial Fresco Amanecer 500 ml,,500 ml,ml,1,17.23,17.23,1,,MXN,,sitio_reporta_unidad=19.2 (no se usa; se calcula),exprezo-985-fabuloso-frescura-activa-antibacterial-f
Exprezo,mayorista,2026-08-12,,,Lavatrastes Líquido Salvo Limón 300 ml,,300 ml,ml,1,16.5,16.5,1,,MXN,,sitio_reporta_unidad=18.8 (no se usa; se calcula),exprezo-986-lavatrastes-l-quido-salvo-lim-n-300-ml
Exprezo,mayorista,2026-08-12,,,Suavizante Ensueño Max Zero Enjuague Frescura Primavera 850 ml,,850 ml,ml,1,22.49,22.49,1,,MXN,,sitio_reporta_unidad=25.6 (no se usa; se calcula),exprezo-987-suavizante-ensue-o-max-zero-enjuague-fre
Exprezo,mayorista,2026-08-12,,,Lavatrastes Líquido Salvo Limón 500 ml,,500 ml,ml,1,26.17,26.17,1,,MXN,,sitio_reporta_unidad=30.2 (no se usa; se calcula),exprezo-988-lavatrastes-l-quido-salvo-lim-n-500-ml
Exprezo,mayorista,2026-08-12,,,Suavizante Ensueño Max Rocío de Violetas 850 ml,,850 ml,ml,1,22.49,22.49,1,,MXN,,sitio_reporta_unidad=25.6 (no se usa; se calcula),exprezo-989-suavizante-ensue-o-max-roc-o-de-violetas
Exprezo,mayorista,2026-08-12,,,Suavizante de telas Downy Concentrado 5 en 1 Amanecer 730 ml,,730 ml,ml,1,25.08,25.08,1,,MXN,,sitio_reporta_unidad=28.5 (no se usa; se calcula),exprezo-990-suavizante-de-telas-downy-concentrado-5-
Exprezo,mayorista,2026-08-12,,,Blanqueador Líquido Clorox Triple Acción 930 ml,,930 ml,ml,1,14.45,14.45,1,,MXN,,sitio_reporta_unidad=16.5 (no se usa; se calcula),exprezo-991-blanqueador-l-quido-clorox-triple-acci-n
Exprezo,mayorista,2026-08-12,,,Cera para Calzado Nugget Color Negro 60 ml,,60 ml,ml,1,19.22,19.22,1,,MXN,,sitio_reporta_unidad=22.0 (no se usa; se calcula),exprezo-992-cera-para-calzado-nugget-color-negro-60-
Exprezo,mayorista,2026-08-12,,,Velas San Felipe Candela 16 Piezas,,16 pza,pza,16,59.08,3.6925,1,,MXN,,sitio_reporta_unidad=67.5 (no se usa; se calcula),exprezo-993-velas-san-felipe-candela-16-piezas
Exprezo,mayorista,2026-08-12,,,Suavizante de Telas Suavitel Cuidado Superior Fresca Primavera 850 ml,,850 ml,ml,1,26.0,26.0,1,,MXN,,sitio_reporta_unidad=29.6 (no se usa; se calcula),exprezo-994-suavizante-de-telas-suavitel-cuidado-sup
Exprezo,mayorista,2026-08-12,,,Detergente en Polvo para Ropa Ace 500 gr,,500 g,g,1,18.75,18.75,1,,MXN,,sitio_reporta_unidad=21.4 (no se usa; se calcula),exprezo-995-detergente-en-polvo-para-ropa-ace-500-gr
Exprezo,mayorista,2026-08-12,,,Jabón De Lavandería En Barra Zote Rosa 100 Gr,,100 g,g,1,5.9,5.9,1,,MXN,,sitio_reporta_unidad=7.0 (no se usa; se calcula),exprezo-996-jab-n-de-lavander-a-en-barra-zote-rosa-1
Exprezo,mayorista,2026-08-12,,,Suavizante Ensueño Bebé con Extracto de Aloe Vera 850 ml,,850 ml,ml,1,22.49,22.49,1,,MXN,,sitio_reporta_unidad=25.6 (no se usa; se calcula),exprezo-997-suavizante-ensue-o-beb-con-extracto-de-a
Exprezo,mayorista,2026-08-12,,,Jabón Líquido Multiusos Roma 1 Litro,,1000 ml,ml,1,30.04,30.04,1,,MXN,,sitio_reporta_unidad=34.2 (no se usa; se calcula),exprezo-998-jab-n-l-quido-multiusos-roma-1-litro
Exprezo,mayorista,2026-08-12,,,Detergente Líquido Foca Para Ropa 1 Litro,,1000 ml,ml,1,31.08,31.08,1,,MXN,,sitio_reporta_unidad=35.4 (no se usa; se calcula),exprezo-999-detergente-l-quido-foca-para-ropa-1-litr
Exprezo,mayorista,2026-08-12,,,Jabón en Polvo Blanca Nieves 1 Kg,,1000 g,g,1,38.11,38.11,1,,MXN,,sitio_reporta_unidad=43.4 (no se usa; se calcula),exprezo-1000-jab-n-en-polvo-blanca-nieves-1-kg
Exprezo,mayorista,2026-08-12,,,Fabuloso Frescura Activa Antibacterial Fresco Amanecer 1 L,,1000 ml,ml,1,22.6,22.6,1,,MXN,,sitio_reporta_unidad=27.0 (no se usa; se calcula),exprezo-1001-fabuloso-frescura-activa-antibacterial-f
Exprezo,mayorista,2026-08-12,,,Limpiador Multiusos Pinol Aromas Floral 828 ml,,828 ml,ml,1,23.99,23.99,1,,MXN,,sitio_reporta_unidad=27.3 (no se usa; se calcula),exprezo-1002-limpiador-multiusos-pinol-aromas-floral-
Exprezo,mayorista,2026-08-12,,,Suavizante Ensueño Max Frescura Azul 850 ml,,850 ml,ml,1,22.49,22.49,1,,MXN,,sitio_reporta_unidad=25.6 (no se usa; se calcula),exprezo-1003-suavizante-ensue-o-max-frescura-azul-850
Exprezo,mayorista,2026-08-12,,,Detergente Líquido Carisma Botella 1 L,,1000 ml,ml,1,31.42,31.42,1,,MXN,,sitio_reporta_unidad=34.2 (no se usa; se calcula),exprezo-1004-detergente-l-quido-carisma-botella-1-l
Exprezo,mayorista,2026-08-12,,,Detergente en Polvo para Ropa Ace 250 gr,,250 g,g,1,10.47,10.47,1,,MXN,,sitio_reporta_unidad=11.9 (no se usa; se calcula),exprezo-1005-detergente-en-polvo-para-ropa-ace-250-gr
Exprezo,mayorista,2026-08-12,,,Jabón Líquido para Ropa Vel Rosita 450 ml,,450 ml,ml,1,29.58,29.58,1,,MXN,,sitio_reporta_unidad=33.7 (no se usa; se calcula),exprezo-1006-jab-n-l-quido-para-ropa-vel-rosita-450-m
Exprezo,mayorista,2026-08-12,,,Blanqueador Líquido Clorox Triple Acción 500 ml,,500 ml,ml,1,8.38,8.38,1,,MXN,,sitio_reporta_unidad=9.6 (no se usa; se calcula),exprezo-1007-blanqueador-l-quido-clorox-triple-acci-n
Exprezo,mayorista,2026-08-12,,,Veladora Limonero San Juan,,,pza,1,16.28,16.28,1,,MXN,,sitio_reporta_unidad=19.0 (no se usa; se calcula),exprezo-1008-veladora-limonero-san-juan
Exprezo,mayorista,2026-08-12,,,SALVO MULTIUSOS 20-500 GR (DETERG),,500 g,g,1,19.68,19.68,1,,MXN,,sitio_reporta_unidad=22.0 (no se usa; se calcula),exprezo-1009-salvo-multiusos-20-500-gr-deterg-
Exprezo,mayorista,2026-08-12,,,Fosforos de Madera Flama Pack con 5 cajas de,,,pza,1,30.83,30.83,1,,MXN,,sitio_reporta_unidad=30.83 (no se usa; se calcula),exprezo-1010-fosforos-de-madera-flama-pack-con-5-caja
Exprezo,mayorista,2026-08-12,,,Cerillos Clásico 25 Cajetillas con 50 Pzas.,,50 pza,pza,50,53.98,1.0796,1,,MXN,,sitio_reporta_unidad=58.5 (no se usa; se calcula),exprezo-1011-cerillos-cl-sico-25-cajetillas-con-50-pz
Exprezo,mayorista,2026-08-12,,,Jabón De Lavandería En Barra Zote Blanco 100 Gr,,100 g,g,1,5.9,5.9,1,,MXN,,sitio_reporta_unidad=7.0 (no se usa; se calcula),exprezo-1012-jab-n-de-lavander-a-en-barra-zote-blanco
Exprezo,mayorista,2026-08-12,,,Cloro Blanqueador en Gel Cloralex El Rendidor 950 ml,,950 ml,ml,1,18.84,18.84,1,,MXN,,sitio_reporta_unidad=21.1 (no se usa; se calcula),exprezo-1013-cloro-blanqueador-en-gel-cloralex-el-ren
Exprezo,mayorista,2026-08-12,,,Veladora Limonero Fino San juan,,,pza,1,19.58,19.58,1,,MXN,,sitio_reporta_unidad=22.8 (no se usa; se calcula),exprezo-1014-veladora-limonero-fino-san-juan
Exprezo,mayorista,2026-08-12,,,Detergente Líquido Más Color 415 ml,,415 ml,ml,1,18.51,18.51,1,,MXN,,sitio_reporta_unidad=20.8 (no se usa; se calcula),exprezo-1015-detergente-l-quido-m-s-color-415-ml
Exprezo,mayorista,2026-08-12,,,Detergente en Polvo para Ropa Ace 900 gr.,,900 g,g,1,32.45,32.45,1,,MXN,,sitio_reporta_unidad=36.9 (no se usa; se calcula),exprezo-1016-detergente-en-polvo-para-ropa-ace-900-gr
Exprezo,mayorista,2026-08-12,,,Suavizante Ensueño Max Zero Enjuague Fresca Armonía 850 ml,,850 ml,ml,1,22.49,22.49,1,,MXN,,sitio_reporta_unidad=25.6 (no se usa; se calcula),exprezo-1017-suavizante-ensue-o-max-zero-enjuague-fre
Exprezo,mayorista,2026-08-12,,,Detergente En Polvo Foca 500 Gr,,500 g,g,1,20.1,20.1,1,,MXN,,sitio_reporta_unidad=22.9 (no se usa; se calcula),exprezo-1018-detergente-en-polvo-foca-500-gr
Exprezo,mayorista,2026-08-12,,,Suavizante Ensueño Max Zero Enjuague Sensación Natural 850 ml,,850 ml,ml,1,22.49,22.49,1,,MXN,,sitio_reporta_unidad=25.6 (no se usa; se calcula),exprezo-1019-suavizante-ensue-o-max-zero-enjuague-sen
Exprezo,mayorista,2026-08-12,,,Suavizante de Telas Suavitel Cuidado superior Fresca Primavera 450 ml,,450 ml,ml,1,16.86,16.86,1,,MXN,,sitio_reporta_unidad=19.2 (no se usa; se calcula),exprezo-1020-suavizante-de-telas-suavitel-cuidado-sup
Exprezo,mayorista,2026-08-12,,,Veladora San Felipe Semanal,,,pza,1,30.58,30.58,1,,MXN,,sitio_reporta_unidad=34.5 (no se usa; se calcula),exprezo-1021-veladora-san-felipe-semanal
Exprezo,mayorista,2026-08-12,,,Limpiador Multiusos Pinol Aromas Lavanda 828 ml,,828 ml,ml,1,23.99,23.99,1,,MXN,,sitio_reporta_unidad=27.3 (no se usa; se calcula),exprezo-1022-limpiador-multiusos-pinol-aromas-lavanda
Exprezo,mayorista,2026-08-12,,,Pack de Cerillos Manola 50 Pzas,,50 pza,pza,50,75.63,1.5126,1,,MXN,,sitio_reporta_unidad=75.63 (no se usa; se calcula),exprezo-1023-pack-de-cerillos-manola-50-pzas
Exprezo,mayorista,2026-08-12,,,Veladora San Felipe 10 Piezas,,10 pza,pza,10,80.39,8.039,1,,MXN,,sitio_reporta_unidad=91.5 (no se usa; se calcula),exprezo-1024-veladora-san-felipe-10-piezas
Exprezo,mayorista,2026-08-12,,,Limpiador Multiusos Pinol Aromas frutal 828 ml,,828 ml,ml,1,23.99,23.99,1,,MXN,,sitio_reporta_unidad=27.3 (no se usa; se calcula),exprezo-1025-limpiador-multiusos-pinol-aromas-frutal-
Exprezo,mayorista,2026-08-12,,,Suavizante Ensueño Naturaliza Argán Mandarina 850 ml,,850 ml,ml,1,22.49,22.49,1,,MXN,,sitio_reporta_unidad=25.6 (no se usa; se calcula),exprezo-1026-suavizante-ensue-o-naturaliza-arg-n-mand
Exprezo,mayorista,2026-08-12,,,Suavizante de telas Downy Concentrado Perfume Collection Passion 750 ml,,750 ml,ml,1,28.61,28.61,1,,MXN,,sitio_reporta_unidad=32.6 (no se usa; se calcula),exprezo-1027-suavizante-de-telas-downy-concentrado-pe
Exprezo,mayorista,2026-08-12,,,Suavizante de telas Downy Concentrado Perfume Romance 750 ml,,750 ml,ml,1,28.61,28.61,1,,MXN,,sitio_reporta_unidad=32.6 (no se usa; se calcula),exprezo-1028-suavizante-de-telas-downy-concentrado-pe
Exprezo,mayorista,2026-08-12,,,Detergente Líquido Más Oscura 415 ml,,415 ml,ml,1,18.51,18.51,1,,MXN,,sitio_reporta_unidad=20.8 (no se usa; se calcula),exprezo-1029-detergente-l-quido-m-s-oscura-415-ml
Exprezo,mayorista,2026-08-12,,,Detergente En Polvo Foca 250 Gr,,250 g,g,1,10.13,10.13,1,,MXN,,sitio_reporta_unidad=11.6 (no se usa; se calcula),exprezo-1030-detergente-en-polvo-foca-250-gr
Exprezo,mayorista,2026-08-12,,,Jabón Líquido Lavatrastes Axion Limón 400 ml,,400 ml,ml,1,23.25,23.25,1,,MXN,,sitio_reporta_unidad=26.5 (no se usa; se calcula),exprezo-1031-jab-n-l-quido-lavatrastes-axion-lim-n-40
Exprezo,mayorista,2026-08-12,,,Limpiador Multiusos Pinol Aromas Marino 828 ml,,828 ml,ml,1,23.99,23.99,1,,MXN,,sitio_reporta_unidad=27.3 (no se usa; se calcula),exprezo-1032-limpiador-multiusos-pinol-aromas-marino-
Exprezo,mayorista,2026-08-12,,,Repuesto De Veladora San Felipe San Judas,,,pza,1,13.95,13.95,1,,MXN,,sitio_reporta_unidad=15.9 (no se usa; se calcula),exprezo-1033-repuesto-de-veladora-san-felipe-san-juda
Exprezo,mayorista,2026-08-12,,,Detergente Líquido para Ropa Ariel Revitacolor 800 ml,,800 ml,ml,1,31.64,31.64,1,,MXN,,sitio_reporta_unidad=35.9 (no se usa; se calcula),exprezo-1034-detergente-l-quido-para-ropa-ariel-revit
Exprezo,mayorista,2026-08-12,,,Quita Manchas en Gel Vanish Rosa 420 ml,,420 ml,ml,1,17.49,17.49,1,,MXN,,sitio_reporta_unidad=19.9 (no se usa; se calcula),exprezo-1035-quita-manchas-en-gel-vanish-rosa-420-ml
Exprezo,mayorista,2026-08-12,,,Jabón de Lavandería en Barra Carisma Frescura Perdurable 400 gr,,400 g,g,1,23.87,23.87,1,,MXN,,sitio_reporta_unidad=25.7 (no se usa; se calcula),exprezo-1036-jab-n-de-lavander-a-en-barra-carisma-fre
Exprezo,mayorista,2026-08-12,,,Fibra para trastes Scotc Brite Mi Fibra Esponja,,,pza,1,14.62,14.62,1,,MXN,,sitio_reporta_unidad=17.5 (no se usa; se calcula),exprezo-1037-fibra-para-trastes-scotc-brite-mi-fibra-
Exprezo,mayorista,2026-08-12,,,Suavizante de telas Downy Concentrado Perfume Collection Elegance 730 ml,,730 ml,ml,1,28.61,28.61,1,,MXN,,sitio_reporta_unidad=32.6 (no se usa; se calcula),exprezo-1038-suavizante-de-telas-downy-concentrado-pe
Exprezo,mayorista,2026-08-12,,,Detergente En Polvo Foca 1 Kg,,1000 g,g,1,40.52,40.52,1,,MXN,,sitio_reporta_unidad=46.1 (no se usa; se calcula),exprezo-1039-detergente-en-polvo-foca-1-kg
Exprezo,mayorista,2026-08-12,,,Blanqueador Líquido La Golondrina 1 Litro,,1000 ml,ml,1,11.3,11.3,1,,MXN,,sitio_reporta_unidad=12.9 (no se usa; se calcula),exprezo-1040-blanqueador-l-quido-la-golondrina-1-litr
Exprezo,mayorista,2026-08-12,,,Jabón en Líquido Blanca Nieves 1 Litro,,1000 ml,ml,1,30.42,30.42,1,,MXN,,sitio_reporta_unidad=34.6 (no se usa; se calcula),exprezo-1041-jab-n-en-l-quido-blanca-nieves-1-litro
Exprezo,mayorista,2026-08-12,,,Suavizante Ensueño Naturaleza Pepino Bambú 850 ml,,850 ml,ml,1,22.49,22.49,1,,MXN,,sitio_reporta_unidad=25.6 (no se usa; se calcula),exprezo-1042-suavizante-ensue-o-naturaleza-pepino-bam
Exprezo,mayorista,2026-08-12,,,Veladora San Felipe Media Semana,,,pza,1,18.58,18.58,1,,MXN,,sitio_reporta_unidad=20.7 (no se usa; se calcula),exprezo-1043-veladora-san-felipe-media-semana
Exprezo,mayorista,2026-08-12,,,Limpiador Desinfectante Poett Flores de Primavera Botella 1.18 L,,18000 ml,ml,1,20.21,20.21,1,,MXN,,sitio_reporta_unidad=23.8 (no se usa; se calcula),exprezo-1044-limpiador-desinfectante-poett-flores-de-
Exprezo,mayorista,2026-08-12,,,Suavizante Ensueño Naturaleza Avena Almendra 850 ml,,850 ml,ml,1,22.49,22.49,1,,MXN,,sitio_reporta_unidad=25.6 (no se usa; se calcula),exprezo-1045-suavizante-ensue-o-naturaleza-avena-alme
Exprezo,mayorista,2026-08-12,,,Limpiador Desinfectante Poett Frescura De Lavanda 900 ml,,900 ml,ml,1,20.21,20.21,1,,MXN,,sitio_reporta_unidad=23.8 (no se usa; se calcula),exprezo-1046-limpiador-desinfectante-poett-frescura-d
Exprezo,mayorista,2026-08-12,,,Limpiador Desinfectante Poett Alegra Tu Día 900 ml,,900 ml,ml,1,20.21,20.21,1,,MXN,,sitio_reporta_unidad=23.8 (no se usa; se calcula),exprezo-1047-limpiador-desinfectante-poett-alegra-tu-
Exprezo,mayorista,2026-08-12,,,Axion Lavatrastes Líquido Limón 640 ml,,640 ml,ml,1,28.09,28.09,1,,MXN,,sitio_reporta_unidad=31.6 (no se usa; se calcula),exprezo-1048-axion-lavatrastes-l-quido-lim-n-640-ml
Exprezo,mayorista,2026-08-12,,,Limpiador Desinfectante Poett Flores De Primavera 900 ml,,900 ml,ml,1,20.21,20.21,1,,MXN,,sitio_reporta_unidad=23.8 (no se usa; se calcula),exprezo-1049-limpiador-desinfectante-poett-flores-de-
Exprezo,mayorista,2026-08-12,,,Vela Induvelsa 16 Piezas,,16 pza,pza,16,57.82,3.6138,1,,MXN,,sitio_reporta_unidad=65.9 (no se usa; se calcula),exprezo-1050-vela-induvelsa-16-piezas
Exprezo,mayorista,2026-08-12,,,Limpiador Aromatizante Poett Suavidad de Algodón 1.18 L,,18000 ml,ml,1,20.21,20.21,1,,MXN,,sitio_reporta_unidad=23.8 (no se usa; se calcula),exprezo-1051-limpiador-aromatizante-poett-suavidad-de
Exprezo,mayorista,2026-08-12,,,Repuesto De Veladora Rosa De Guadalupe #5,,,pza,1,17.37,17.37,1,,MXN,,sitio_reporta_unidad=20.5 (no se usa; se calcula),exprezo-1052-repuesto-de-veladora-rosa-de-guadalupe-5
Exprezo,mayorista,2026-08-12,,,Lavatrastes Líquido Salvo Limón 750 ml,,750 ml,ml,1,45.71,45.71,1,,MXN,,sitio_reporta_unidad=52.5 (no se usa; se calcula),exprezo-1053-lavatrastes-l-quido-salvo-lim-n-750-ml
Exprezo,mayorista,2026-08-12,,,Lavatrastes Líquido Salvo Limón 1.2 Litros,,2000 ml,ml,1,57.78,57.78,1,,MXN,,sitio_reporta_unidad=65.7 (no se usa; se calcula),exprezo-1054-lavatrastes-l-quido-salvo-lim-n-1-2-litr
Exprezo,mayorista,2026-08-12,,,Detergente Líquido para Ropa Ariel Revitacolor 400 ml,,400 ml,ml,1,16.43,16.43,1,,MXN,,sitio_reporta_unidad=19.5 (no se usa; se calcula),exprezo-1055-detergente-l-quido-para-ropa-ariel-revit
Exprezo,mayorista,2026-08-12,,,Limpiador Desinfectante Poett Música En Primavera 900 ml,,900 ml,ml,1,20.21,20.21,1,,MXN,,sitio_reporta_unidad=23.8 (no se usa; se calcula),exprezo-1056-limpiador-desinfectante-poett-m-sica-en-
Exprezo,mayorista,2026-08-12,,,Lavatrastes Líquido Salvo Limón 900 ml,,900 ml,ml,1,47.11,47.11,1,,MXN,,sitio_reporta_unidad=52.4 (no se usa; se calcula),exprezo-1057-lavatrastes-l-quido-salvo-lim-n-900-ml
Exprezo,mayorista,2026-08-12,,,Veladora Aramo Caramelito #3 Ecológica Plástico,,,pza,1,14.29,14.29,1,,MXN,,sitio_reporta_unidad=16.9 (no se usa; se calcula),exprezo-1058-veladora-aramo-caramelito-3-ecol-gica-pl
Exprezo,mayorista,2026-08-12,,,Insecticida en Aerosol Raid Casa y Jardín 400 ml,,400 ml,ml,1,71.95,71.95,1,,MXN,,sitio_reporta_unidad=78.3 (no se usa; se calcula),exprezo-1059-insecticida-en-aerosol-raid-casa-y-jard-
Exprezo,mayorista,2026-08-12,,,Jabón De Lavandería En Barra Zote Azul de 400 Gr,,400 g,g,1,22.2,22.2,1,,MXN,,sitio_reporta_unidad=23.4 (no se usa; se calcula),exprezo-1060-jab-n-de-lavander-a-en-barra-zote-azul-d
Exprezo,mayorista,2026-08-12,,,Jabón para Ropa en Polvo Roma 10 Kg,,10000 g,g,1,395.2,395.2,1,,MXN,,sitio_reporta_unidad=395.2 (no se usa; se calcula),exprezo-1061-jab-n-para-ropa-en-polvo-roma-10-kg
Exprezo,mayorista,2026-08-12,,,Suavizante Ensueño Naturaleza Lavanda 850 ml,,850 ml,ml,1,22.49,22.49,1,,MXN,,sitio_reporta_unidad=25.6 (no se usa; se calcula),exprezo-1062-suavizante-ensue-o-naturaleza-lavanda-85
Exprezo,mayorista,2026-08-12,,,Jabón De Lavandería Tepeyac Amarillo 400 Gr,,400 g,g,1,22.4,22.4,1,,MXN,,sitio_reporta_unidad=26.1 (no se usa; se calcula),exprezo-1063-jab-n-de-lavander-a-tepeyac-amarillo-400
Exprezo,mayorista,2026-08-12,,,Suavizante Ensueño Naturaleza Lichi Argán 850 ml,,850 ml,ml,1,22.49,22.49,1,,MXN,,sitio_reporta_unidad=25.6 (no se usa; se calcula),exprezo-1064-suavizante-ensue-o-naturaleza-lichi-arg-
Exprezo,mayorista,2026-08-12,,,Jabón Líquido Lavatrastes Axion Limón 280 ml,,280 ml,ml,1,16.96,16.96,1,,MXN,,sitio_reporta_unidad=18.9 (no se usa; se calcula),exprezo-1065-jab-n-l-quido-lavatrastes-axion-lim-n-28
Exprezo,mayorista,2026-08-12,,,LUZ ETERNA LIMON ALCATRAZ 20-1 PZ (VRA),,1 pza,pza,1,14.15,14.15,1,,MXN,,sitio_reporta_unidad=16.5 (no se usa; se calcula),exprezo-1066-luz-eterna-limon-alcatraz-20-1-pz-vra-
Exprezo,mayorista,2026-08-12,,,Fibra para Trastes Scotc Brite verde,,,pza,1,13.68,13.68,1,,MXN,,sitio_reporta_unidad=15.9 (no se usa; se calcula),exprezo-1067-fibra-para-trastes-scotc-brite-verde
Exprezo,mayorista,2026-08-12,,,Cloro Blanqueador en Gel Cloralex El Rendidor 600 ml,,600 ml,ml,1,21.7,21.7,1,,MXN,,sitio_reporta_unidad=24.9 (no se usa; se calcula),exprezo-1068-cloro-blanqueador-en-gel-cloralex-el-ren
Exprezo,mayorista,2026-08-12,,,Blanqueador Líquido La Golondrina 500 ml,,500 ml,ml,1,6.58,6.58,1,,MXN,,sitio_reporta_unidad=7.5 (no se usa; se calcula),exprezo-1069-blanqueador-l-quido-la-golondrina-500-ml
Exprezo,mayorista,2026-08-12,,,Encendedor Bic Slim 5 pzas,,5 pza,pza,5,30.04,6.008,1,,MXN,,sitio_reporta_unidad=33.5 (no se usa; se calcula),exprezo-1070-encendedor-bic-slim-5-pzas
Exprezo,mayorista,2026-08-12,,,Limpiador en polvo Ajax Bicloro 388 gr.,,388 g,g,1,34.13,34.13,1,,MXN,,sitio_reporta_unidad=38.8 (no se usa; se calcula),exprezo-1071-limpiador-en-polvo-ajax-bicloro-388-gr-
Exprezo,mayorista,2026-08-12,,,Veladora Semanal deplástico Rosita Ecologica,,,pza,1,28.79,28.79,1,,MXN,,sitio_reporta_unidad=32.9 (no se usa; se calcula),exprezo-1072-veladora-semanal-depl-stico-rosita-ecolo
Exprezo,mayorista,2026-08-12,,,Fibra para Trastes Scotc Brite Metalica Espiral,,,pza,1,18.0,18.0,1,,MXN,,sitio_reporta_unidad=20.9 (no se usa; se calcula),exprezo-1073-fibra-para-trastes-scotc-brite-metalica-
Exprezo,mayorista,2026-08-12,,,Quitamanchas Clorox Ropa Colores Vivos Sin Cloro 930 ml,,930 ml,ml,1,32.26,32.26,1,,MXN,,sitio_reporta_unidad=36.9 (no se usa; se calcula),exprezo-1074-quitamanchas-clorox-ropa-colores-vivos-s
Exprezo,mayorista,2026-08-12,,,Repuesto De Veladora Rosa De Oro San Felipe #5,,,pza,1,17.44,17.44,1,,MXN,,sitio_reporta_unidad=19.9 (no se usa; se calcula),exprezo-1075-repuesto-de-veladora-rosa-de-oro-san-fel
Exprezo,mayorista,2026-08-12,,,Veladora Ecolimón Ultraplus Vidrio Vaso,,,pza,1,15.48,15.48,1,,MXN,,sitio_reporta_unidad=18.5 (no se usa; se calcula),exprezo-1076-veladora-ecolim-n-ultraplus-vidrio-vaso
Exprezo,mayorista,2026-08-12,,,Veladora Limón Luz Eterna Limonero,,,pza,1,23.5,23.5,1,,MXN,,sitio_reporta_unidad=26.5 (no se usa; se calcula),exprezo-1077-veladora-lim-n-luz-eterna-limonero
Exprezo,mayorista,2026-08-12,,,Trampa Para Raton Catchamax,,,pza,1,25.48,25.48,1,,MXN,,sitio_reporta_unidad=29.7 (no se usa; se calcula),exprezo-1078-trampa-para-raton-catchamax
Exprezo,mayorista,2026-08-12,,,Fibra para trastes Scotc Brite Mi Fibra Verde Gigante,,,pza,1,18.52,18.52,1,,MXN,,sitio_reporta_unidad=22.5 (no se usa; se calcula),exprezo-1079-fibra-para-trastes-scotc-brite-mi-fibra-
Exprezo,mayorista,2026-08-12,,,"Vela Luz Externa #80, 16 Piezas",,16 pza,pza,16,68.32,4.27,1,,MXN,,sitio_reporta_unidad=79.5 (no se usa; se calcula),exprezo-1080-vela-luz-externa-80-16-piezas
Exprezo,mayorista,2026-08-12,,,Insecticida en Aerosol Raid Max 400 ml,,400 ml,ml,1,76.07,76.07,1,,MXN,,sitio_reporta_unidad=82.7 (no se usa; se calcula),exprezo-1081-insecticida-en-aerosol-raid-max-400-ml
Exprezo,mayorista,2026-08-12,,,Blanqueador Para Ropa Los patitos Concentrado 2 Litros,,2000 ml,ml,1,23.82,23.82,1,,MXN,,sitio_reporta_unidad=25.9 (no se usa; se calcula),exprezo-1082-blanqueador-para-ropa-los-patitos-concen
Exprezo,mayorista,2026-08-12,,,Detergente Líquido para Ropa Hacer uno para todo 800 ml,,800 ml,ml,1,28.43,28.43,1,,MXN,,sitio_reporta_unidad=32.5 (no se usa; se calcula),exprezo-1083-detergente-l-quido-para-ropa-hacer-uno-p
Exprezo,mayorista,2026-08-12,,,Detergente en Polvo Bold 3 Cariños de Mamá 850 gr,,850 g,g,1,28.27,28.27,1,,MXN,,sitio_reporta_unidad=32.5 (no se usa; se calcula),exprezo-1084-detergente-en-polvo-bold-3-cari-os-de-ma
Exprezo,mayorista,2026-08-12,,,Repelente De mosquitos Raid Raidolito Verde 10 pzas,,10 pza,pza,10,18.29,1.829,1,,MXN,,sitio_reporta_unidad=20.4 (no se usa; se calcula),exprezo-1085-repelente-de-mosquitos-raid-raidolito-ve
Exprezo,mayorista,2026-08-12,,,Suavizante de telas Líquido Bold 3 Flores de Primavera 1 L,,1000 ml,ml,1,26.66,26.66,1,,MXN,,sitio_reporta_unidad=30.5 (no se usa; se calcula),exprezo-1086-suavizante-de-telas-l-quido-bold-3-flore
Exprezo,mayorista,2026-08-12,,,Repelente De Insectos Raid Laminitas Repuesto 16 pzas,,16 pza,pza,16,26.58,1.6612,1,,MXN,,sitio_reporta_unidad=26.58 (no se usa; se calcula),exprezo-1087-repelente-de-insectos-raid-laminitas-rep
Exprezo,mayorista,2026-08-12,,,Pastilla Desodorante Aromatizante Los Patitos,,,pza,1,10.26,10.26,1,,MXN,,sitio_reporta_unidad=11.9 (no se usa; se calcula),exprezo-1088-pastilla-desodorante-aromatizante-los-pa
Exprezo,mayorista,2026-08-12,,,Tela Strech para Baño T Taio,,,pza,1,19.5,19.5,1,,MXN,,sitio_reporta_unidad=19.5 (no se usa; se calcula),exprezo-1089-tela-strech-para-ba-o-t-taio
Exprezo,mayorista,2026-08-12,,,Repuesto de Veladora Aramo #5 Esmeralda,,,pza,1,14.96,14.96,1,,MXN,,sitio_reporta_unidad=17.6 (no se usa; se calcula),exprezo-1090-repuesto-de-veladora-aramo-5-esmeralda
Exprezo,mayorista,2026-08-12,,,Guantes Multiusos Talla Grande Scotc Brite,,,pza,1,31.85,31.85,1,,MXN,,sitio_reporta_unidad=36.9 (no se usa; se calcula),exprezo-1091-guantes-multiusos-talla-grande-scotc-bri
Exprezo,mayorista,2026-08-12,,,Cloro Blanqueador Clarasol 1L,,1000 ml,ml,1,11.46,11.46,1,,MXN,,sitio_reporta_unidad=13.5 (no se usa; se calcula),exprezo-1092-cloro-blanqueador-clarasol-1l
Exprezo,mayorista,2026-08-12,,,Suavizante de telas Líquido Bold 3 Suave Frescura 1 L,,1000 ml,ml,1,26.66,26.66,1,,MXN,,sitio_reporta_unidad=30.5 (no se usa; se calcula),exprezo-1093-suavizante-de-telas-l-quido-bold-3-suave
Exprezo,mayorista,2026-08-12,,,Veladora Luz Eterna Limonero Limón Saturno,,,pza,1,17.4,17.4,1,,MXN,,sitio_reporta_unidad=19.9 (no se usa; se calcula),exprezo-1094-veladora-luz-eterna-limonero-lim-n-satur
Exprezo,mayorista,2026-08-12,,,Quitamanchas Para Ropa Vanish Líquido 925 ml,,925 ml,ml,1,49.06,49.06,1,,MXN,,sitio_reporta_unidad=55.9 (no se usa; se calcula),exprezo-1095-quitamanchas-para-ropa-vanish-l-quido-92
Exprezo,mayorista,2026-08-12,,,Limpiador Multiusos Ajax Amonia 1 L,,1000 ml,ml,1,38.33,38.33,1,,MXN,,sitio_reporta_unidad=43.6 (no se usa; se calcula),exprezo-1096-limpiador-multiusos-ajax-amonia-1-l
Exprezo,mayorista,2026-08-12,,,Insecticida en Aerosol Raid Max 285 ml,,285 ml,ml,1,63.91,63.91,1,,MXN,,sitio_reporta_unidad=69.5 (no se usa; se calcula),exprezo-1097-insecticida-en-aerosol-raid-max-285-ml
Exprezo,mayorista,2026-08-12,,,Cloro Blanqueador Cloralex El Rendidor 2 Litros,,2000 ml,ml,1,29.45,29.45,1,,MXN,,sitio_reporta_unidad=33.9 (no se usa; se calcula),exprezo-1098-cloro-blanqueador-cloralex-el-rendidor-2
Exprezo,mayorista,2026-08-12,,,Veladora Aramo #8 Semanal Ecológica Plástico,,,pza,1,37.16,37.16,1,,MXN,,sitio_reporta_unidad=43.5 (no se usa; se calcula),exprezo-1099-veladora-aramo-8-semanal-ecol-gica-pl-st
Exprezo,mayorista,2026-08-12,,,Detergente Líquido Bold 3 Cariñitos 800 ml,,800 ml,ml,1,26.24,26.24,1,,MXN,,sitio_reporta_unidad=28.9 (no se usa; se calcula),exprezo-1100-detergente-l-quido-bold-3-cari-itos-800-
Exprezo,mayorista,2026-08-12,,,Repuesto De Veladora Luz Eterna #24,,,pza,1,18.42,18.42,1,,MXN,,sitio_reporta_unidad=21.5 (no se usa; se calcula),exprezo-1101-repuesto-de-veladora-luz-eterna-24
Exprezo,mayorista,2026-08-12,,,Detergente en Polvo Bold 3 Aromas de Primavera 850 gr,,850 g,g,1,28.27,28.27,1,,MXN,,sitio_reporta_unidad=32.5 (no se usa; se calcula),exprezo-1102-detergente-en-polvo-bold-3-aromas-de-pri
Exprezo,mayorista,2026-08-12,,,Repelente de Insectos Raid Laminitas Exhibidor 108 Pzas.,,108 pza,pza,108,150.81,1.3964,1,,MXN,,sitio_reporta_unidad=165.9 (no se usa; se calcula),exprezo-1103-repelente-de-insectos-raid-laminitas-exh
Exprezo,mayorista,2026-08-12,,,Repuesto De Veladora Milagrosa Santo Padre Virgen Guadalupe #5,,,pza,1,12.26,12.26,1,,MXN,,sitio_reporta_unidad=13.5 (no se usa; se calcula),exprezo-1104-repuesto-de-veladora-milagrosa-santo-pad
Exprezo,mayorista,2026-08-12,,,Insecticida en Aerosol Raid Mata Bichos 400 ml,,400 ml,ml,1,69.63,69.63,1,,MXN,,sitio_reporta_unidad=75.7 (no se usa; se calcula),exprezo-1105-insecticida-en-aerosol-raid-mata-bichos-
Exprezo,mayorista,2026-08-12,,,Limpiador Desengrasante Mr. Músculo Cocina 650 ml,,650 ml,ml,1,47.33,47.33,1,,MXN,,sitio_reporta_unidad=53.9 (no se usa; se calcula),exprezo-1106-limpiador-desengrasante-mr-m-sculo-cocin
Exprezo,mayorista,2026-08-12,,,Trampa Para Ratas Catchamax,,,pza,1,53.99,53.99,1,,MXN,,sitio_reporta_unidad=61.4 (no se usa; se calcula),exprezo-1107-trampa-para-ratas-catchamax
Exprezo,mayorista,2026-08-12,,,Veladora San Felipe #8,,,pza,1,30.04,30.04,1,,MXN,,sitio_reporta_unidad=33.5 (no se usa; se calcula),exprezo-1108-veladora-san-felipe-8
Exprezo,mayorista,2026-08-12,,,Detergente en Polvo para Ropa Ariel Revitacolor 850 gr,,850 g,g,1,38.99,38.99,1,,MXN,,sitio_reporta_unidad=44.5 (no se usa; se calcula),exprezo-1109-detergente-en-polvo-para-ropa-ariel-revi
Exprezo,mayorista,2026-08-12,,,Jabón de Lavandería en Barra Daroma 400 gr,,400 g,g,1,21.12,21.12,1,,MXN,,sitio_reporta_unidad=23.5 (no se usa; se calcula),exprezo-1110-jab-n-de-lavander-a-en-barra-daroma-400-
Exprezo,mayorista,2026-08-12,,,Blanqueador Para Ropa Los patitos Concentrado 4 Litros,,4000 ml,ml,1,47.65,47.65,1,,MXN,,sitio_reporta_unidad=54.5 (no se usa; se calcula),exprezo-1111-blanqueador-para-ropa-los-patitos-concen
Exprezo,mayorista,2026-08-12,,,"Vanish White Quitamanchas Líquido, Blanqueador Sin Cloro 99 ml",,99 ml,ml,1,49.06,49.06,1,,MXN,,sitio_reporta_unidad=55.9 (no se usa; se calcula),exprezo-1112-vanish-white-quitamanchas-l-quido-blanqu
Exprezo,mayorista,2026-08-12,,,Veladora San Felipe Espiral,,,pza,1,50.33,50.33,1,,MXN,,sitio_reporta_unidad=56.5 (no se usa; se calcula),exprezo-1113-veladora-san-felipe-espiral
Exprezo,mayorista,2026-08-12,,,Repuesto De Veladora Rosa De Guadalupe #2,,,pza,1,9.89,9.89,1,,MXN,,sitio_reporta_unidad=11.9 (no se usa; se calcula),exprezo-1114-repuesto-de-veladora-rosa-de-guadalupe-2
Exprezo,mayorista,2026-08-12,,,Trampa Para Moscas Catchamax,,,pza,1,17.41,17.41,1,,MXN,,sitio_reporta_unidad=20.5 (no se usa; se calcula),exprezo-1115-trampa-para-moscas-catchamax
Exprezo,mayorista,2026-08-12,,,Removedor de Manchas en Polvo La Golondrina Oxi Poder 40 gr,,40 g,g,1,5.28,5.28,1,,MXN,,sitio_reporta_unidad=6.5 (no se usa; se calcula),exprezo-1116-removedor-de-manchas-en-polvo-la-golondr
Exprezo,mayorista,2026-08-12,,,Vanish Pink Multiusos Quitamanchas 2 Pack 925 ml,,925 ml,ml,1,88.15,88.15,1,,MXN,,sitio_reporta_unidad=100.5 (no se usa; se calcula),exprezo-1117-vanish-pink-multiusos-quitamanchas-2-pac
Exprezo,mayorista,2026-08-12,,,Pastilla Desodorante Blasa Aroma Pino 100 gr,,100 g,g,1,13.22,13.22,1,,MXN,,sitio_reporta_unidad=15.9 (no se usa; se calcula),exprezo-1118-pastilla-desodorante-blasa-aroma-pino-10
Exprezo,mayorista,2026-08-12,,,Detergente En Polvo Persil Universal 900 Gr,,900 g,g,1,37.9,37.9,1,,MXN,,sitio_reporta_unidad=44.9 (no se usa; se calcula),exprezo-1119-detergente-en-polvo-persil-universal-900
Exprezo,mayorista,2026-08-12,,,Veladora San Felipe #4,,,pza,1,18.48,18.48,1,,MXN,,sitio_reporta_unidad=21.5 (no se usa; se calcula),exprezo-1120-veladora-san-felipe-4
Exprezo,mayorista,2026-08-12,,,Repuesto De Veladora Rosa De Guadalupe #4,,,pza,1,15.42,15.42,1,,MXN,,sitio_reporta_unidad=18.5 (no se usa; se calcula),exprezo-1121-repuesto-de-veladora-rosa-de-guadalupe-4
Exprezo,mayorista,2026-08-12,,,Veladora San Felipe Diamante Gigante,,,pza,1,90.9,90.9,1,,MXN,,sitio_reporta_unidad=101.0 (no se usa; se calcula),exprezo-1122-veladora-san-felipe-diamante-gigante
Exprezo,mayorista,2026-08-12,,,Veladora Aramo Caramelito #7 Plástico,,,pza,1,25.16,25.16,1,,MXN,,sitio_reporta_unidad=29.5 (no se usa; se calcula),exprezo-1123-veladora-aramo-caramelito-7-pl-stico
Exprezo,mayorista,2026-08-12,,,Cloro Blanqueador Cloralex El Rendidor 3.75 Litros,,75000 ml,ml,1,46.27,46.27,1,,MXN,,sitio_reporta_unidad=50.3 (no se usa; se calcula),exprezo-1124-cloro-blanqueador-cloralex-el-rendidor-3
Exprezo,mayorista,2026-08-12,,,Cloro Blanqueador Cloralex El Rendidor 10 Litros,,10000 ml,ml,1,142.4,142.4,1,,MXN,,sitio_reporta_unidad=142.4 (no se usa; se calcula),exprezo-1125-cloro-blanqueador-cloralex-el-rendidor-1
Exprezo,mayorista,2026-08-12,,,Aromatizante Glade Aerosol Alegría Y Frutos Rojos 275 ml,,275 ml,ml,1,43.24,43.24,1,,MXN,,sitio_reporta_unidad=49.5 (no se usa; se calcula),exprezo-1126-aromatizante-glade-aerosol-alegr-a-y-fru
Exprezo,mayorista,2026-08-12,,,Jabón Líquido Lavatrastes Axion Limón 900 ml,,900 ml,ml,1,42.5,42.5,1,,MXN,,sitio_reporta_unidad=46.8 (no se usa; se calcula),exprezo-1127-jab-n-l-quido-lavatrastes-axion-lim-n-90
Exprezo,mayorista,2026-08-12,,,Multilimpiador Pinol El Original 9 Litros,,9000 ml,ml,1,216.3,216.3,1,,MXN,,sitio_reporta_unidad=216.3 (no se usa; se calcula),exprezo-1128-multilimpiador-pinol-el-original-9-litro
Exprezo,mayorista,2026-08-12,,,Detergente Líquido Bold 3 Aromas de Primavera 800 ml,,800 ml,ml,1,26.24,26.24,1,,MXN,,sitio_reporta_unidad=28.9 (no se usa; se calcula),exprezo-1129-detergente-l-quido-bold-3-aromas-de-prim
Exprezo,mayorista,2026-08-12,,,Detergente en Polvo Bold 3 Cariños de Mamá 500 gr,,500 g,g,1,18.29,18.29,1,,MXN,,sitio_reporta_unidad=20.9 (no se usa; se calcula),exprezo-1130-detergente-en-polvo-bold-3-cari-os-de-ma
Exprezo,mayorista,2026-08-12,,,Veladora Aramo de plástico Ecológica 30 horas,,,pza,1,10.56,10.56,1,,MXN,,sitio_reporta_unidad=12.5 (no se usa; se calcula),exprezo-1131-veladora-aramo-de-pl-stico-ecol-gica-30-
Exprezo,mayorista,2026-08-12,,,MULTI FA MULTIUSOS 8-900 GR (DETERG),,900 g,g,1,19.8,19.8,1,,MXN,,sitio_reporta_unidad=19.8 (no se usa; se calcula),exprezo-1132-multi-fa-multiusos-8-900-gr-deterg-
Exprezo,mayorista,2026-08-12,,,Limpiador Cloralex Mascotas 950 ml,,950 ml,ml,1,30.7,30.7,1,,MXN,,sitio_reporta_unidad=34.5 (no se usa; se calcula),exprezo-1133-limpiador-cloralex-mascotas-950-ml
Exprezo,mayorista,2026-08-12,,,Veladora Aramo #4 Mediana Ecológica Plástico,,,pza,1,20.62,20.62,1,,MXN,,sitio_reporta_unidad=24.5 (no se usa; se calcula),exprezo-1134-veladora-aramo-4-mediana-ecol-gica-pl-st
Exprezo,mayorista,2026-08-12,,,Blanqueador para Ropa en Polvo 40 gr,,40 g,g,1,3.35,3.35,1,,MXN,,sitio_reporta_unidad=3.9 (no se usa; se calcula),exprezo-1135-blanqueador-para-ropa-en-polvo-40-gr
Exprezo,mayorista,2026-08-12,,,Repuesto De Veladora Luz Eterna #18,,,pza,1,15.64,15.64,1,,MXN,,sitio_reporta_unidad=18.5 (no se usa; se calcula),exprezo-1136-repuesto-de-veladora-luz-eterna-18
Exprezo,mayorista,2026-08-12,,,Limpiador Multiusos Aires De Pino 1 L,,1000 ml,ml,1,17.9,17.9,1,,MXN,,sitio_reporta_unidad=17.9 (no se usa; se calcula),exprezo-1137-limpiador-multiusos-aires-de-pino-1-l
Exprezo,mayorista,2026-08-12,,,Jabón en Polvo Maestro Limpio Multipoder Limón-Bicarbonato 1 Kg,,1000 g,g,1,22.71,22.71,1,,MXN,,sitio_reporta_unidad=25.9 (no se usa; se calcula),exprezo-1138-jab-n-en-polvo-maestro-limpio-multipoder
Exprezo,mayorista,2026-08-12,,,T-TAIO BORLA PARA BAÑO 15-1 PZ,,1 pza,pza,1,10.83,10.83,1,,MXN,,sitio_reporta_unidad=14.5 (no se usa; se calcula),exprezo-1139-t-taio-borla-para-ba-o-15-1-pz
Exprezo,mayorista,2026-08-12,,,Detergente Líquido para Ropa Ariel Revitacolor 2.8 L,,8000 ml,ml,1,123.88,123.88,1,,MXN,,sitio_reporta_unidad=134.5 (no se usa; se calcula),exprezo-1140-detergente-l-quido-para-ropa-ariel-revit
Exprezo,mayorista,2026-08-12,,,Detergente Líquido Foca Para Ropa 3.785 Litros,,785000 ml,ml,1,124.3,124.3,1,,MXN,,sitio_reporta_unidad=141.3 (no se usa; se calcula),exprezo-1141-detergente-l-quido-foca-para-ropa-3-785-
Exprezo,mayorista,2026-08-12,,,Jabón De Lavandería En Barra León 350 Gr,,350 g,g,1,19.65,19.65,1,,MXN,,sitio_reporta_unidad=20.9 (no se usa; se calcula),exprezo-1142-jab-n-de-lavander-a-en-barra-le-n-350-gr
Exprezo,mayorista,2026-08-12,,,SN FELIPE LIMONERO ROSA PLATA 20-1 PZ (VRA),,1 pza,pza,1,22.3,22.3,1,,MXN,,sitio_reporta_unidad=25.5 (no se usa; se calcula),exprezo-1143-sn-felipe-limonero-rosa-plata-20-1-pz-vr
Exprezo,mayorista,2026-08-12,,,Lavatastes en Polvo Salvo limón 500 gr,,500 g,g,1,30.53,30.53,1,,MXN,,sitio_reporta_unidad=34.7 (no se usa; se calcula),exprezo-1144-lavatastes-en-polvo-salvo-lim-n-500-gr
Exprezo,mayorista,2026-08-12,,,Detergente Multiusos Multi Fa Bolsa 500 gr.,,500 g,g,1,11.9,11.9,1,,MXN,,sitio_reporta_unidad=11.9 (no se usa; se calcula),exprezo-1145-detergente-multiusos-multi-fa-bolsa-500-
Exprezo,mayorista,2026-08-12,,,Blanqueador Para Ropa Los patitos Concentrado 10 Litros,,10000 ml,ml,1,134.1,134.1,1,,MXN,,sitio_reporta_unidad=134.1 (no se usa; se calcula),exprezo-1146-blanqueador-para-ropa-los-patitos-concen
Exprezo,mayorista,2026-08-12,,,Veladora San Felipe Medio Diamante,,,pza,1,41.66,41.66,1,,MXN,,sitio_reporta_unidad=49.5 (no se usa; se calcula),exprezo-1147-veladora-san-felipe-medio-diamante
Exprezo,mayorista,2026-08-12,,,Multilimpiador Pinol El Original 3.785 Litros,,785000 ml,ml,1,121.75,121.75,1,,MXN,,sitio_reporta_unidad=128.5 (no se usa; se calcula),exprezo-1148-multilimpiador-pinol-el-original-3-785-l
Exprezo,mayorista,2026-08-12,,,LUZ ETERNA FAMA CENTENARIO 20-1 PZ,,1 pza,pza,1,15.55,15.55,1,,MXN,,sitio_reporta_unidad=17.9 (no se usa; se calcula),exprezo-1149-luz-eterna-fama-centenario-20-1-pz
Exprezo,mayorista,2026-08-12,,,Detergente Líquido Mas Colores Intensos 4.65 Litros,,65000 ml,ml,1,231.38,231.38,1,,MXN,,sitio_reporta_unidad=260.5 (no se usa; se calcula),exprezo-1150-detergente-l-quido-mas-colores-intensos-
Exprezo,mayorista,2026-08-12,,,INSECTICIDA BAYGON CASA Y JARDIN 12-285 ML,,285 ml,ml,1,42.91,42.91,1,,MXN,,sitio_reporta_unidad=46.5 (no se usa; se calcula),exprezo-1151-insecticida-baygon-casa-y-jardin-12-285-
Exprezo,mayorista,2026-08-12,,,Jabón en Polvo Blanca Nieves 10 Kilos,,10000 g,g,1,381.1,381.1,1,,MXN,,sitio_reporta_unidad=381.1 (no se usa; se calcula),exprezo-1152-jab-n-en-polvo-blanca-nieves-10-kilos
Exprezo,mayorista,2026-08-12,,,Veladora México Limonero Especial Liso Vaso,,,pza,1,12.5,12.5,1,,MXN,,sitio_reporta_unidad=14.9 (no se usa; se calcula),exprezo-1153-veladora-m-xico-limonero-especial-liso-v
Exprezo,mayorista,2026-08-12,,,INSECTICIDA AERO BAYGON TOTAL 12-400 ML,,400 ml,ml,1,43.54,43.54,1,,MXN,,sitio_reporta_unidad=47.5 (no se usa; se calcula),exprezo-1154-insecticida-aero-baygon-total-12-400-ml
Exprezo,mayorista,2026-08-12,,,Aromatizante Flash Aroma Lavanda 72 gr.,,72 g,g,1,14.5,14.5,1,,MXN,,sitio_reporta_unidad=16.2 (no se usa; se calcula),exprezo-1155-aromatizante-flash-aroma-lavanda-72-gr-
Exprezo,mayorista,2026-08-12,,,Desmanchador Clorox Ropa Colores Vivos Dual Pack 930 ml,,930 ml,ml,1,57.84,57.84,1,,MXN,,sitio_reporta_unidad=69.9 (no se usa; se calcula),exprezo-1156-desmanchador-clorox-ropa-colores-vivos-d
Exprezo,mayorista,2026-08-12,,,Veladora Aramo Caramelo #1 Ecológica Plástico,,,pza,1,55.49,55.49,1,,MXN,,sitio_reporta_unidad=64.9 (no se usa; se calcula),exprezo-1157-veladora-aramo-caramelo-1-ecol-gica-pl-s
Exprezo,mayorista,2026-08-12,,,Veladora Luz Eterna San Judas,,,pza,1,36.04,36.04,1,,MXN,,sitio_reporta_unidad=42.5 (no se usa; se calcula),exprezo-1158-veladora-luz-eterna-san-judas
Exprezo,mayorista,2026-08-12,,,Veladora Aramo Esmeralda #2 Ecológica Plástico,,,pza,1,84.32,84.32,1,,MXN,,sitio_reporta_unidad=98.5 (no se usa; se calcula),exprezo-1159-veladora-aramo-esmeralda-2-ecol-gica-pl-
Exprezo,mayorista,2026-08-12,,,HARPIC POWER ULTRA 12-750 ML (LIMP),,750 ml,ml,1,56.99,56.99,1,,MXN,,sitio_reporta_unidad=66.5 (no se usa; se calcula),exprezo-1160-harpic-power-ultra-12-750-ml-limp-
Exprezo,mayorista,2026-08-12,,,Cera para Calzado Bolero Color Negro 60 ml,,60 ml,ml,1,13.1,13.1,1,,MXN,,sitio_reporta_unidad=15.5 (no se usa; se calcula),exprezo-1161-cera-para-calzado-bolero-color-negro-60-
Exprezo,mayorista,2026-08-12,,,Veladora San Felipe Rosa De Oro Semanal,,,pza,1,32.29,32.29,1,,MXN,,sitio_reporta_unidad=36.9 (no se usa; se calcula),exprezo-1162-veladora-san-felipe-rosa-de-oro-semanal
Exprezo,mayorista,2026-08-12,,,Blanqueador Clorox Máxima Pureza 3.8 Litros,,8000 ml,ml,1,45.15,45.15,1,,MXN,,sitio_reporta_unidad=51.5 (no se usa; se calcula),exprezo-1163-blanqueador-clorox-m-xima-pureza-3-8-lit
Exprezo,mayorista,2026-08-12,,,Suavizante de telas Downy Concentrado Aroma Floral 2.8 Litros,,8000 ml,ml,1,105.83,105.83,1,,MXN,,sitio_reporta_unidad=117.6 (no se usa; se calcula),exprezo-1164-suavizante-de-telas-downy-concentrado-ar
Exprezo,mayorista,2026-08-12,,,Veladora Aramluz Ecolimón Caramelo,,,pza,1,12.95,12.95,1,,MXN,,sitio_reporta_unidad=15.5 (no se usa; se calcula),exprezo-1165-veladora-aramluz-ecolim-n-caramelo
Exprezo,mayorista,2026-08-12,,,Veladora San Felipe Diamante,,,pza,1,74.48,74.48,1,,MXN,,sitio_reporta_unidad=84.9 (no se usa; se calcula),exprezo-1166-veladora-san-felipe-diamante
Exprezo,mayorista,2026-08-12,,,Insecticida en Aerosol Baygon Ultra Verde 400 ml,,400 ml,ml,1,62.88,62.88,1,,MXN,,sitio_reporta_unidad=68.5 (no se usa; se calcula),exprezo-1167-insecticida-en-aerosol-baygon-ultra-verd
Exprezo,mayorista,2026-08-12,,,Detergente en Polvo 123 Maxi Poder Con Suavizante y Jazmín 10 kg,,10000 g,g,1,294.8,294.8,1,,MXN,,sitio_reporta_unidad=294.8 (no se usa; se calcula),exprezo-1168-detergente-en-polvo-123-maxi-poder-con-s
Exprezo,mayorista,2026-08-12,,,Veladora Aramo Esmeralda #1 Ecológica Plástico,,,pza,1,116.52,116.52,1,,MXN,,sitio_reporta_unidad=135.5 (no se usa; se calcula),exprezo-1169-veladora-aramo-esmeralda-1-ecol-gica-pl-
Exprezo,mayorista,2026-08-12,,,Insecticida en Aerosol H24 Poder Fulminante 342 gr,,342 g,g,1,78.21,78.21,1,,MXN,,sitio_reporta_unidad=92.5 (no se usa; se calcula),exprezo-1170-insecticida-en-aerosol-h24-poder-fulmina
Exprezo,mayorista,2026-08-12,,,Insecticida en Aerosol Doméstico H24 372 gr,,372 g,g,1,54.71,54.71,1,,MXN,,sitio_reporta_unidad=64.5 (no se usa; se calcula),exprezo-1171-insecticida-en-aerosol-dom-stico-h24-372
Exprezo,mayorista,2026-08-12,,,Veladora Luz Eterna Muralla La Fama,,,pza,1,20.3,20.3,1,,MXN,,sitio_reporta_unidad=23.5 (no se usa; se calcula),exprezo-1172-veladora-luz-eterna-muralla-la-fama
Exprezo,mayorista,2026-08-12,,,Veladora Aramo Esmeralda #3 Ecológica Plástico,,,pza,1,46.74,46.74,1,,MXN,,sitio_reporta_unidad=54.5 (no se usa; se calcula),exprezo-1173-veladora-aramo-esmeralda-3-ecol-gica-pl-
Exprezo,mayorista,2026-08-12,,,Detergente Surtido Suelto por Kilo,,,pza,1,23.6,23.6,1,,MXN,,,exprezo-1174-detergente-surtido-suelto-por-kilo
Exprezo,mayorista,2026-08-12,,,Blanqueador Líquido La Golondrina 3.75 Litros,,75000 ml,ml,1,40.32,40.32,1,,MXN,,sitio_reporta_unidad=45.9 (no se usa; se calcula),exprezo-1175-blanqueador-l-quido-la-golondrina-3-75-l
Exprezo,mayorista,2026-08-12,,,Veladora Limonero Induvelsa Iglu,,,pza,1,21.81,21.81,1,,MXN,,sitio_reporta_unidad=24.9 (no se usa; se calcula),exprezo-1176-veladora-limonero-induvelsa-iglu
Exprezo,mayorista,2026-08-12,,,Limpiador Desinfectante Poett Suavidad De Algodón 900 ml,,900 ml,ml,1,20.21,20.21,1,,MXN,,sitio_reporta_unidad=23.8 (no se usa; se calcula),exprezo-1177-limpiador-desinfectante-poett-suavidad-d
Exprezo,mayorista,2026-08-12,,,INSECTICIDA VERDE LIQUIDO BAYGON 12-510 ML,,510 ml,ml,1,72.08,72.08,1,,MXN,,sitio_reporta_unidad=79.5 (no se usa; se calcula),exprezo-1178-insecticida-verde-liquido-baygon-12-510-
Exprezo,mayorista,2026-08-12,,,Vela San Juan #2 Grande 1 pza,,1 pza,pza,1,56.35,56.35,1,,MXN,,sitio_reporta_unidad=65.9 (no se usa; se calcula),exprezo-1179-vela-san-juan-2-grande-1-pza
Exprezo,mayorista,2026-08-12,,,Veladora México Apilable Liso Con Aroma,,,pza,1,33.83,33.83,1,,MXN,,sitio_reporta_unidad=36.9 (no se usa; se calcula),exprezo-1180-veladora-m-xico-apilable-liso-con-aroma
Exprezo,mayorista,2026-08-12,,,Limpiador Multiusos Poett Frescura Lavanda 1.18 L,,18000 ml,ml,1,20.21,20.21,1,,MXN,,sitio_reporta_unidad=23.8 (no se usa; se calcula),exprezo-1181-limpiador-multiusos-poett-frescura-lavan
Exprezo,mayorista,2026-08-12,,,Veladora México Michelada Liso Con Aroma,,,pza,1,34.46,34.46,1,,MXN,,sitio_reporta_unidad=39.5 (no se usa; se calcula),exprezo-1182-veladora-m-xico-michelada-liso-con-aroma
Exprezo,mayorista,2026-08-12,,,Alimento para Perro Pedigree Adulto Sobre Pouch Res 100gr,,100 g,g,1,113.4,113.4,1,,MXN,,sitio_reporta_unidad=10.6 (no se usa; se calcula),exprezo-1183-alimento-para-perro-pedigree-adulto-sobr
Exprezo,mayorista,2026-08-12,,,Alimento para Perro Pedigree Adulto Sobre Pouch Pollo 100gr,,100 g,g,1,113.4,113.4,1,,MXN,,sitio_reporta_unidad=10.6 (no se usa; se calcula),exprezo-1184-alimento-para-perro-pedigree-adulto-sobr
Exprezo,mayorista,2026-08-12,,,Alimento para perro Sobre Pedigree Cachorro Pouch Pollo 100 gr,,100 g,g,1,9.45,9.45,1,,MXN,,sitio_reporta_unidad=10.6 (no se usa; se calcula),exprezo-1185-alimento-para-perro-sobre-pedigree-cacho
Exprezo,mayorista,2026-08-12,,,Alimento para perro Sobre Pedigree Cachorro Pouch Res 100 gr,,100 g,g,1,9.45,9.45,1,,MXN,,sitio_reporta_unidad=10.6 (no se usa; se calcula),exprezo-1186-alimento-para-perro-sobre-pedigree-cacho
Exprezo,mayorista,2026-08-12,,,Alimento para Perro Adulto Ganador Bulto con 25 kg,,25000 g,g,1,1143.3,1143.3,1,,MXN,,sitio_reporta_unidad=1143.3 (no se usa; se calcula),exprezo-1187-alimento-para-perro-adulto-ganador-bulto
Exprezo,mayorista,2026-08-12,,,Alimento para Perro Pedigree Razas Pequeñas Sobre Pouch Res 100gr,,100 g,g,1,9.45,9.45,1,,MXN,,sitio_reporta_unidad=10.6 (no se usa; se calcula),exprezo-1188-alimento-para-perro-pedigree-razas-peque
Exprezo,mayorista,2026-08-12,,,Alimento para Perro Pedigree Adulto Sobre Pouch Cordero 100gr,,100 g,g,1,9.45,9.45,1,,MXN,,sitio_reporta_unidad=10.6 (no se usa; se calcula),exprezo-1189-alimento-para-perro-pedigree-adulto-sobr
Exprezo,mayorista,2026-08-12,,,Alimento para Perro Pedigree Razas Pequeñas Sobre Pouch Pollo 100gr,,100 g,g,1,9.45,9.45,1,,MXN,,sitio_reporta_unidad=10.6 (no se usa; se calcula),exprezo-1190-alimento-para-perro-pedigree-razas-peque
Exprezo,mayorista,2026-08-12,,,Alimento para Perro Poder Canino Bulto 20 Kg,,20000 g,g,1,420.0,420.0,1,,MXN,,sitio_reporta_unidad=420.0 (no se usa; se calcula),exprezo-1191-alimento-para-perro-poder-canino-bulto-2
Exprezo,mayorista,2026-08-12,,,Alimento para Perro Ganador Original Bulto 20 Kg,,20000 g,g,1,761.0,761.0,1,,MXN,,sitio_reporta_unidad=761.0 (no se usa; se calcula),exprezo-1192-alimento-para-perro-ganador-original-bul
Exprezo,mayorista,2026-08-12,,,Alimento para Gato Purina Gatina Sabor Pollo y verduras 15 kg,,15000 g,g,1,545.0,545.0,1,,MXN,,sitio_reporta_unidad=545.0 (no se usa; se calcula),exprezo-1193-alimento-para-gato-purina-gatina-sabor-p
Exprezo,mayorista,2026-08-12,,,Alimento Para Perro Dog Chow Purina Cachorro Razas Minis y Pequeñas Bulto 20 Kg,,20000 g,g,1,994.0,994.0,1,,MXN,,sitio_reporta_unidad=994.0 (no se usa; se calcula),exprezo-1194-alimento-para-perro-dog-chow-purina-cach
Exprezo,mayorista,2026-08-12,,,Alimento para Perro Pedigree Razas Pequeñas Sobre Pouch Cordero 100gr,,100 g,g,1,9.45,9.45,1,,MXN,,sitio_reporta_unidad=10.6 (no se usa; se calcula),exprezo-1195-alimento-para-perro-pedigree-razas-peque
Exprezo,mayorista,2026-08-12,,,Alimento para Perro Top Choice Granel,,,pza,1,37.6,37.6,1,,MXN,,,exprezo-1196-alimento-para-perro-top-choice-granel
Exprezo,mayorista,2026-08-12,,,Alimento Para Gato Minino Plus Granel,,,pza,1,73.1,73.1,1,,MXN,,,exprezo-1197-alimento-para-gato-minino-plus-granel
Exprezo,mayorista,2026-08-12,,,Alimento para Gato Adulto Purina Cat Chow Pescado Bulto con 20 Kg,,20000 g,g,1,950.0,950.0,1,,MXN,,sitio_reporta_unidad=950.0 (no se usa; se calcula),exprezo-1198-alimento-para-gato-adulto-purina-cat-cho
Exprezo,mayorista,2026-08-12,,,Alimento Húmedo Para Gato Cat Chow Pescado Pouch 85 gr.,,85 g,g,1,8.2,8.2,1,,MXN,,sitio_reporta_unidad=8.7 (no se usa; se calcula),exprezo-1199-alimento-h-medo-para-gato-cat-chow-pesca
Exprezo,mayorista,2026-08-12,,,Alimento de Perro Pal Bulto 20 Kg,,20000 g,g,1,493.2,493.2,1,,MXN,,sitio_reporta_unidad=493.2 (no se usa; se calcula),exprezo-1200-alimento-de-perro-pal-bulto-20-kg
Exprezo,mayorista,2026-08-12,,,Alimento húmedo Para Gato Felix Pouch Salmón 85 gr.,,85 g,g,1,7.6,7.6,1,,MXN,,sitio_reporta_unidad=8.1 (no se usa; se calcula),exprezo-1201-alimento-h-medo-para-gato-felix-pouch-sa
Exprezo,mayorista,2026-08-12,,,Arena para Gato Econo Aglutinante 3 Kg,,3000 g,g,1,27.32,27.32,1,,MXN,,sitio_reporta_unidad=28.9 (no se usa; se calcula),exprezo-1202-arena-para-gato-econo-aglutinante-3-kg
Exprezo,mayorista,2026-08-12,,,Alimento Para Gato Whiskas Adulto Carne 20 Kg,,20000 g,g,1,840.0,840.0,1,,MXN,,sitio_reporta_unidad=840.0 (no se usa; se calcula),exprezo-1203-alimento-para-gato-whiskas-adulto-carne-
Exprezo,mayorista,2026-08-12,,,Alimento Húmedo Para Gato Cat Chow Pollo Pouch 85 gr.,,85 g,g,1,8.2,8.2,1,,MXN,,sitio_reporta_unidad=8.7 (no se usa; se calcula),exprezo-1204-alimento-h-medo-para-gato-cat-chow-pollo
Exprezo,mayorista,2026-08-12,,,Alimento para Gato Minino Plus Bulto 10 Kg,,10000 g,g,1,592.7,592.7,1,,MXN,,sitio_reporta_unidad=592.7 (no se usa; se calcula),exprezo-1205-alimento-para-gato-minino-plus-bulto-10-
Exprezo,mayorista,2026-08-12,,,Alimento Húmedo Minino Plus Pouch Salmón a la Plancha 85 gr.,,85 g,g,1,9.31,9.31,1,,MXN,,sitio_reporta_unidad=10.9 (no se usa; se calcula),exprezo-1206-alimento-h-medo-minino-plus-pouch-salm-n
Exprezo,mayorista,2026-08-12,,,Alimento Húmedo Para Gato Cat Chow Carne Pouch 85 gr.,,85 g,g,1,8.2,8.2,1,,MXN,,sitio_reporta_unidad=8.7 (no se usa; se calcula),exprezo-1207-alimento-h-medo-para-gato-cat-chow-carne
Exprezo,mayorista,2026-08-12,,,Alimento Húmedo Para Gato Felix Pouch Carne 85 gr.,,85 g,g,1,7.6,7.6,1,,MXN,,sitio_reporta_unidad=8.1 (no se usa; se calcula),exprezo-1208-alimento-h-medo-para-gato-felix-pouch-ca
Exprezo,mayorista,2026-08-12,,,Alimento Perro Cachorro Pedigree Bulto 20 Kg,,20000 g,g,1,920.7,920.7,1,,MXN,,sitio_reporta_unidad=920.7 (no se usa; se calcula),exprezo-1209-alimento-perro-cachorro-pedigree-bulto-2
Exprezo,mayorista,2026-08-12,,,Alimento Para Gato Mi Mishi Gourmet Bulto 10 KG,,10000 g,g,1,323.0,323.0,1,,MXN,,sitio_reporta_unidad=323.0 (no se usa; se calcula),exprezo-1210-alimento-para-gato-mi-mishi-gourmet-bult
Exprezo,mayorista,2026-08-12,,,Alimento para Perro Razas Medianas y Grandes Cachorro Ganador Premium Bulto 20 kg,,20000 g,g,1,1094.6,1094.6,1,,MXN,,sitio_reporta_unidad=1094.6 (no se usa; se calcula),exprezo-1211-alimento-para-perro-razas-medianas-y-gra
Exprezo,mayorista,2026-08-12,,,Alimento Húmedo Minino Plus Pouch Carnitas de Atún 85 gr.,,85 g,g,1,9.31,9.31,1,,MXN,,sitio_reporta_unidad=10.9 (no se usa; se calcula),exprezo-1212-alimento-h-medo-minino-plus-pouch-carnit
Exprezo,mayorista,2026-08-12,,,Alimento Húmedo para Gato Felix Pouch Atún 85 gr.,,85 g,g,1,7.6,7.6,1,,MXN,,sitio_reporta_unidad=8.1 (no se usa; se calcula),exprezo-1213-alimento-h-medo-para-gato-felix-pouch-at
Exprezo,mayorista,2026-08-12,,,Alimento Húmedo Minino Plus Pouch Pavo Ahumado 85 gr.,,85 g,g,1,9.31,9.31,1,,MXN,,sitio_reporta_unidad=10.9 (no se usa; se calcula),exprezo-1214-alimento-h-medo-minino-plus-pouch-pavo-a
Exprezo,mayorista,2026-08-12,,,Alimento Para Perro Adulto Purina Campeón Carne Asada Con Vegetales 25 Kg,,25000 g,g,1,872.8,872.8,1,,MXN,,sitio_reporta_unidad=872.8 (no se usa; se calcula),exprezo-1215-alimento-para-perro-adulto-purina-campe-
Exprezo,mayorista,2026-08-12,,,Alimento para Gato Whiskas Gatitos Bulto 9+1 Kg,,1000 g,g,1,410.2,410.2,1,,MXN,,sitio_reporta_unidad=410.2 (no se usa; se calcula),exprezo-1216-alimento-para-gato-whiskas-gatitos-bulto
Exprezo,mayorista,2026-08-12,,,Alimento húmedo para Perro Ganador Adulto Lomo de Cerdo100 gr.,,100 g,g,1,9.22,9.22,1,,MXN,,sitio_reporta_unidad=10.5 (no se usa; se calcula),exprezo-1217-alimento-h-medo-para-perro-ganador-adult
Exprezo,mayorista,2026-08-12,,,Alimento Húmedo para Perro Amigo Gourmet Pouch Sabor Res 100 gr. Adulto,,100 g,g,1,8.4,8.4,1,,MXN,,sitio_reporta_unidad=8.4 (no se usa; se calcula),exprezo-1218-alimento-h-medo-para-perro-amigo-gourmet
Exprezo,mayorista,2026-08-12,,,Alimento para Perro Top Choice Bulto 25 kg,,25000 g,g,1,736.8,736.8,1,,MXN,,sitio_reporta_unidad=736.8 (no se usa; se calcula),exprezo-1219-alimento-para-perro-top-choice-bulto-25-
Exprezo,mayorista,2026-08-12,,,Alimento Húmedo para Perro Ganador Adulto Pollo a la Cacerola 100 gr.,,100 g,g,1,9.22,9.22,1,,MXN,,sitio_reporta_unidad=10.5 (no se usa; se calcula),exprezo-1220-alimento-h-medo-para-perro-ganador-adult
Exprezo,mayorista,2026-08-12,,,Alimento Húmedo para Perro Ganador Adulto Delicias de Pavo 100 gr.,,100 g,g,1,9.22,9.22,1,,MXN,,sitio_reporta_unidad=10.5 (no se usa; se calcula),exprezo-1221-alimento-h-medo-para-perro-ganador-adult
Exprezo,mayorista,2026-08-12,,,Alimento Húmedo para Perro Ganador Adulto Estofado de Pato 100 gr.,,100 g,g,1,9.22,9.22,1,,MXN,,sitio_reporta_unidad=10.5 (no se usa; se calcula),exprezo-1222-alimento-h-medo-para-perro-ganador-adult
Exprezo,mayorista,2026-08-12,,,Alimento para perros Dog Chow razas pequeñas 24 Kg,,24000 g,g,1,959.0,959.0,1,,MXN,,sitio_reporta_unidad=959.0 (no se usa; se calcula),exprezo-1223-alimento-para-perros-dog-chow-razas-pequ
Exprezo,mayorista,2026-08-12,,,ALIM PERRO PODER CANINO GRANEL 1-1 KG,,1000 g,g,1,27.7,27.7,1,,MXN,,,exprezo-1224-alim-perro-poder-canino-granel-1-1-kg
Exprezo,mayorista,2026-08-12,,,Alimento para Perro Pedigree Cachorro Granel,,,pza,1,57.2,57.2,1,,MXN,,,exprezo-1225-alimento-para-perro-pedigree-cachorro-gr
Exprezo,mayorista,2026-08-12,,,Alimento para perro amigo gourmet granel,,,pza,1,20.6,20.6,1,,MXN,,,exprezo-1226-alimento-para-perro-amigo-gourmet-granel
Exprezo,mayorista,2026-08-12,,,Charola Desechable No. 855 Fun & Fun 50 pzas,,50 pza,pza,50,22.59,0.4518,1,,MXN,,sitio_reporta_unidad=22.9 (no se usa; se calcula),exprezo-1227-charola-desechable-no-855-fun-fun-50-pza
Exprezo,mayorista,2026-08-12,,,Papel Aluminio Aluparctik 10 mts,,,pza,1,18.79,18.79,1,,MXN,,sitio_reporta_unidad=20.5 (no se usa; se calcula),exprezo-1228-papel-aluminio-aluparctik-10-mts
Exprezo,mayorista,2026-08-12,,,Vaso Desechable de Pástico Fun & Fun No. 8 50 pzas,,50 pza,pza,50,20.53,0.4106,1,,MXN,,sitio_reporta_unidad=21.6 (no se usa; se calcula),exprezo-1229-vaso-desechable-de-p-stico-fun-fun-no-8-
Exprezo,mayorista,2026-08-12,,,Vaso Desechable de Pástico Irrompible Jaguar No. 8 50 pzas,,50 pza,pza,50,19.0,0.38,1,,MXN,,sitio_reporta_unidad=21.2 (no se usa; se calcula),exprezo-1230-vaso-desechable-de-p-stico-irrompible-ja
Exprezo,mayorista,2026-08-12,,,Charola Desechable No. 66 Fun & Fun 50 pzas,,50 pza,pza,50,13.42,0.2684,1,,MXN,,sitio_reporta_unidad=13.6 (no se usa; se calcula),exprezo-1231-charola-desechable-no-66-fun-fun-50-pzas
Exprezo,mayorista,2026-08-12,,,Bolsa Para Basura Anguiplast 90x120 cm 10 pzas,,10 pza,pza,10,38.7,3.87,1,,MXN,,sitio_reporta_unidad=40.8 (no se usa; se calcula),exprezo-1232-bolsa-para-basura-anguiplast-90x120-cm-1
Exprezo,mayorista,2026-08-12,,,Vaso Desechable Térmico Fun & Fun No. 110 25 pzas,,25 pza,pza,25,11.48,0.4592,1,,MXN,,sitio_reporta_unidad=12.1 (no se usa; se calcula),exprezo-1233-vaso-desechable-t-rmico-fun-fun-no-110-2
Exprezo,mayorista,2026-08-12,,,Plato Desechable Pastelero Jaguar No. 6 20 pzas,,20 pza,pza,20,7.52,0.376,1,,MXN,,sitio_reporta_unidad=8.4 (no se usa; se calcula),exprezo-1234-plato-desechable-pastelero-jaguar-no-6-2
Exprezo,mayorista,2026-08-12,,,Bolsa Para Basura Anguiplast 60x90 cm 20 pzas,,20 pza,pza,20,42.88,2.144,1,,MXN,,sitio_reporta_unidad=45.2 (no se usa; se calcula),exprezo-1235-bolsa-para-basura-anguiplast-60x90-cm-20
Exprezo,mayorista,2026-08-12,,,Plato Desechable Pastelero Convermex No. 6 20 pzas,,20 pza,pza,20,10.57,0.5285,1,,MXN,,sitio_reporta_unidad=11.8 (no se usa; se calcula),exprezo-1236-plato-desechable-pastelero-convermex-no-
Exprezo,mayorista,2026-08-12,,,Plato Desechable Pozolero Convermex No. PH8 20 pzas,,20 pza,pza,20,18.19,0.9095,1,,MXN,,sitio_reporta_unidad=18.19 (no se usa; se calcula),exprezo-1237-plato-desechable-pozolero-convermex-no-p
Exprezo,mayorista,2026-08-12,,,Vaso Desechable de Pástico Reyma No. 8 50 pzas,,50 pza,pza,50,24.5,0.49,1,,MXN,,sitio_reporta_unidad=25.6 (no se usa; se calcula),exprezo-1238-vaso-desechable-de-p-stico-reyma-no-8-50
Exprezo,mayorista,2026-08-12,,,Charola Desechable Térmica No. 855 Convermex 50 pzas,,50 pza,pza,50,23.29,0.4658,1,,MXN,,sitio_reporta_unidad=25.9 (no se usa; se calcula),exprezo-1239-charola-desechable-t-rmica-no-855-conver
Exprezo,mayorista,2026-08-12,,,Vaso Desechable Térmico Convermex No. 110 25 pzas,,25 pza,pza,25,11.84,0.4736,1,,MXN,,sitio_reporta_unidad=13.2 (no se usa; se calcula),exprezo-1240-vaso-desechable-t-rmico-convermex-no-110
Exprezo,mayorista,2026-08-12,,,Tenedor Plástico Desechable Grande Fun & Fun Bolsa 25 Pzas.,,25 pza,pza,25,13.5,0.54,1,,MXN,,sitio_reporta_unidad=13.5 (no se usa; se calcula),exprezo-1241-tenedor-pl-stico-desechable-grande-fun-f
Exprezo,mayorista,2026-08-12,,,TENEDOR CHICO FUN & FUN 60-50 PZ COMPAL,,50 pza,pza,50,10.0,0.2,1,,MXN,,sitio_reporta_unidad=10.0 (no se usa; se calcula),exprezo-1242-tenedor-chico-fun-fun-60-50-pz-compal
Exprezo,mayorista,2026-08-12,,,Papel Aluminio Reynolds Wrap 7.6m,,,pza,1,45.6,45.6,1,,MXN,,sitio_reporta_unidad=47.5 (no se usa; se calcula),exprezo-1243-papel-aluminio-reynolds-wrap-7-6m
Exprezo,mayorista,2026-08-12,,,Rollo de Aluminio Fun & Fun 5 mts,,,pza,1,13.4,13.4,1,,MXN,,sitio_reporta_unidad=13.6 (no se usa; se calcula),exprezo-1244-rollo-de-aluminio-fun-fun-5-mts
Exprezo,mayorista,2026-08-12,,,Cuchara Desechable Mediana Fun & Fun Bolsa 25 Pzas.,,25 pza,pza,25,8.9,0.356,1,,MXN,,sitio_reporta_unidad=8.9 (no se usa; se calcula),exprezo-1245-cuchara-desechable-mediana-fun-fun-bolsa
Exprezo,mayorista,2026-08-12,,,Vaso Desechable de Plástico Reyma No. 5 1/2 50 pzas.,,2 pza,pza,2,19.52,9.76,1,,MXN,,sitio_reporta_unidad=21.7 (no se usa; se calcula),exprezo-1246-vaso-desechable-de-pl-stico-reyma-no-5-1
Exprezo,mayorista,2026-08-12,,,Plato Desechable Pozolero Grande Jaguar No. PH8 25 pzas,,25 pza,pza,25,19.3,0.772,1,,MXN,,sitio_reporta_unidad=22.0 (no se usa; se calcula),exprezo-1247-plato-desechable-pozolero-grande-jaguar-
Exprezo,mayorista,2026-08-12,,,Vaso Desechable de Pástico Irrompible Jaguar No. 10 20 pzas,,20 pza,pza,20,25.97,1.2985,1,,MXN,,sitio_reporta_unidad=28.9 (no se usa; se calcula),exprezo-1248-vaso-desechable-de-p-stico-irrompible-ja
Exprezo,mayorista,2026-08-12,,,Vaso Desechable Térmico Convermex No. 108 25 pzas,,25 pza,pza,25,11.1,0.444,1,,MXN,,sitio_reporta_unidad=12.7 (no se usa; se calcula),exprezo-1249-vaso-desechable-t-rmico-convermex-no-108
Exprezo,mayorista,2026-08-12,,,Charola Desechable Térmica No. 66 Convermex 50 pzas,,50 pza,pza,50,13.83,0.2766,1,,MXN,,sitio_reporta_unidad=15.4 (no se usa; se calcula),exprezo-1250-charola-desechable-t-rmica-no-66-converm
Exprezo,mayorista,2026-08-12,,,Vaso Desechable de Pástico Bosco No. 8 50 pzas,,50 pza,pza,50,22.45,0.449,1,,MXN,,sitio_reporta_unidad=25.0 (no se usa; se calcula),exprezo-1251-vaso-desechable-de-p-stico-bosco-no-8-50
Exprezo,mayorista,2026-08-12,,,Bolsa de Cuchara Desechable Sopera Max 25 Pzas,,25 pza,pza,25,18.57,0.7428,1,,MXN,,sitio_reporta_unidad=21.4 (no se usa; se calcula),exprezo-1252-bolsa-de-cuchara-desechable-sopera-max-2
Exprezo,mayorista,2026-08-12,,,Bolsa de Cuchara Desechable Chica Max 50 Pzas,,50 pza,pza,50,12.03,0.2406,1,,MXN,,sitio_reporta_unidad=13.6 (no se usa; se calcula),exprezo-1253-bolsa-de-cuchara-desechable-chica-max-50
Exprezo,mayorista,2026-08-12,,,Tenedor Plástico Desechable Mediano Fun & Fun Bolsa 25 Pzas.,,25 pza,pza,25,8.9,0.356,1,,MXN,,sitio_reporta_unidad=8.9 (no se usa; se calcula),exprezo-1254-tenedor-pl-stico-desechable-mediano-fun-
Exprezo,mayorista,2026-08-12,,,Papel Aluminio Aluparctik 50 mts,,,pza,1,55.08,55.08,1,,MXN,,sitio_reporta_unidad=61.2 (no se usa; se calcula),exprezo-1255-papel-aluminio-aluparctik-50-mts
Exprezo,mayorista,2026-08-12,,,ALMEJA HAMBURGUESERA JAGUAR 6X6 10-50 PZ,,50 pza,pza,50,38.11,0.7622,1,,MXN,,sitio_reporta_unidad=41.2 (no se usa; se calcula),exprezo-1256-almeja-hamburguesera-jaguar-6x6-10-50-pz
Exprezo,mayorista,2026-08-12,,,Bolsa Para Basura Inorgánica La Casera Mediana 21 pzas,,21 pza,pza,21,39.83,1.8967,1,,MXN,,sitio_reporta_unidad=44.3 (no se usa; se calcula),exprezo-1257-bolsa-para-basura-inorg-nica-la-casera-m
Exprezo,mayorista,2026-08-12,,,Bolsa Para Basura Inorgánica La Casera Grande 15 pzas,,15 pza,pza,15,45.16,3.0107,1,,MXN,,sitio_reporta_unidad=50.2 (no se usa; se calcula),exprezo-1258-bolsa-para-basura-inorg-nica-la-casera-g
Exprezo,mayorista,2026-08-12,,,Vaso Desechable de Pástico Bosco No. 5.5 50 pzas,,50 pza,pza,50,16.8,0.336,1,,MXN,,sitio_reporta_unidad=16.8 (no se usa; se calcula),exprezo-1259-vaso-desechable-de-p-stico-bosco-no-5-5-
Exprezo,mayorista,2026-08-12,,,VASO PLASTICO JAGUAR IRROMPIBLE #12 20-50 PZ,,50 pza,pza,50,28.63,0.5726,1,,MXN,,sitio_reporta_unidad=29.6 (no se usa; se calcula),exprezo-1260-vaso-plastico-jaguar-irrompible-12-20-50
Exprezo,mayorista,2026-08-12,,,Rollo de Aluminio M50 Fun & Fun 20 mts,,,pza,1,40.87,40.87,1,,MXN,,sitio_reporta_unidad=46.0 (no se usa; se calcula),exprezo-1261-rollo-de-aluminio-m50-fun-fun-20-mts
Exprezo,mayorista,2026-08-12,,,VASO REYMA NO.14 20-50 PZ,,50 pza,pza,50,36.68,0.7336,1,,MXN,,sitio_reporta_unidad=41.7 (no se usa; se calcula),exprezo-1262-vaso-reyma-no-14-20-50-pz
Exprezo,mayorista,2026-08-12,,,Bolsa de Cuchara Desechable Mediana Max 25 Pzas,,25 pza,pza,25,11.56,0.4624,1,,MXN,,sitio_reporta_unidad=13.3 (no se usa; se calcula),exprezo-1263-bolsa-de-cuchara-desechable-mediana-max-
Exprezo,mayorista,2026-08-12,,,CHAROLA JAGUAR NO. 66 10-50,,,pza,1,12.04,12.04,1,,MXN,,sitio_reporta_unidad=13.4 (no se usa; se calcula),exprezo-1264-charola-jaguar-no-66-10-50
Exprezo,mayorista,2026-08-12,,,Vaso Desechable Térmico Convermex No. 32 15 pzas,,15 pza,pza,15,29.53,1.9687,1,,MXN,,sitio_reporta_unidad=33.6 (no se usa; se calcula),exprezo-1265-vaso-desechable-t-rmico-convermex-no-32-
Exprezo,mayorista,2026-08-12,,,Vaso Desechable de Pástico Cristal 7 0z Bosco 20 pzas,,20 pza,pza,20,20.7,1.035,1,,MXN,,sitio_reporta_unidad=23.0 (no se usa; se calcula),exprezo-1266-vaso-desechable-de-p-stico-cristal-7-0z-
Exprezo,mayorista,2026-08-12,,,Bolsa Para Basura Inorgánica La Casera Jumbo 10 pzas,,10 pza,pza,10,46.22,4.622,1,,MXN,,sitio_reporta_unidad=51.4 (no se usa; se calcula),exprezo-1267-bolsa-para-basura-inorg-nica-la-casera-j
Exprezo,mayorista,2026-08-12,,,Pelicula Plastica Antiadherente Cucu Rollo 300 mts,,,pza,1,141.6,141.6,1,,MXN,,sitio_reporta_unidad=141.6 (no se usa; se calcula),exprezo-1268-pelicula-plastica-antiadherente-cucu-rol
Exprezo,mayorista,2026-08-12,,,Rollo de Aluminio Azteca 400 1.6 kg,,6000 g,g,1,350.48,350.48,1,,MXN,,sitio_reporta_unidad=375.0 (no se usa; se calcula),exprezo-1269-rollo-de-aluminio-azteca-400-1-6-kg
Exprezo,mayorista,2026-08-12,,,Tenedor Desechable Max Chico 50 pzas,,50 pza,pza,50,12.03,0.2406,1,,MXN,,sitio_reporta_unidad=13.6 (no se usa; se calcula),exprezo-1270-tenedor-desechable-max-chico-50-pzas
Exprezo,mayorista,2026-08-12,,,Tenedor Desechable Max Grande 25 pzas,,25 pza,pza,25,18.57,0.7428,1,,MXN,,sitio_reporta_unidad=21.4 (no se usa; se calcula),exprezo-1271-tenedor-desechable-max-grande-25-pzas
Exprezo,mayorista,2026-08-12,,,Tapa Para Vaso Desechable Convermex No. 416 50 pzas,,50 pza,pza,50,39.2,0.784,1,,MXN,,sitio_reporta_unidad=43.2 (no se usa; se calcula),exprezo-1272-tapa-para-vaso-desechable-convermex-no-4
Exprezo,mayorista,2026-08-12,,,Maiz Palomero por Kilo,,,pza,1,16.9,16.9,1,,MXN,,,exprezo-1273-maiz-palomero-por-kilo
Exprezo,mayorista,2026-08-12,,,Flor Jamaica por Kilo,,,pza,1,89.0,89.0,1,,MXN,,,exprezo-1274-flor-jamaica-por-kilo
Exprezo,mayorista,2026-08-12,,,Alpiste Simple Por Kilo,,,pza,1,17.5,17.5,1,,MXN,,,exprezo-1275-alpiste-simple-por-kilo
Exprezo,mayorista,2026-08-12,,,Chile Guajillo Nacional a Granel,,,pza,1,164.5,164.5,1,,MXN,,,exprezo-1276-chile-guajillo-nacional-a-granel
Exprezo,mayorista,2026-08-12,,,Lenteja Canadiense Por Kilo,,,pza,1,18.9,18.9,1,,MXN,,,exprezo-1277-lenteja-canadiense-por-kilo
Exprezo,mayorista,2026-08-12,,,Avena en Hojuela Por Vilo,,,pza,1,17.2,17.2,1,,MXN,,,exprezo-1278-avena-en-hojuela-por-vilo
Exprezo,mayorista,2026-08-12,,,Piloncillo A Granel,,,pza,1,29.9,29.9,1,,MXN,,,exprezo-1279-piloncillo-a-granel
Exprezo,mayorista,2026-08-12,,,Bolsa de Maiíz Palomero 7 Semillas 500 gr,,500 g,g,1,8.8,8.8,1,,MXN,,sitio_reporta_unidad=9.6 (no se usa; se calcula),exprezo-1280-bolsa-de-mai-z-palomero-7-semillas-500-g
Exprezo,mayorista,2026-08-12,,,Bolsa de Lenteja 7 Semillas 500 gr,,500 g,g,1,9.9,9.9,1,,MXN,,sitio_reporta_unidad=10.2 (no se usa; se calcula),exprezo-1281-bolsa-de-lenteja-7-semillas-500-gr
Exprezo,mayorista,2026-08-12,,,Bolza de Canela Entera Alazan,,,pza,1,478.0,478.0,1,,MXN,,sitio_reporta_unidad=478.0 (no se usa; se calcula),exprezo-1282-bolza-de-canela-entera-alazan
Exprezo,mayorista,2026-08-12,,,Chile De Árbol a Granel,,,pza,1,111.4,111.4,1,,MXN,,,exprezo-1283-chile-de-rbol-a-granel
Exprezo,mayorista,2026-08-12,,,Chile Pasilla a Granel,,,pza,1,230.0,230.0,1,,MXN,,,exprezo-1284-chile-pasilla-a-granel
Exprezo,mayorista,2026-08-12,,,Canela 7 semillas bolsa 250g,,250 g,g,1,118.5,118.5,1,,MXN,,sitio_reporta_unidad=118.5 (no se usa; se calcula),exprezo-1285-canela-7-semillas-bolsa-250g
Exprezo,mayorista,2026-08-12,,,Bolsa de Avena Abeto 500 gr,,500 g,g,1,10.8,10.8,1,,MXN,,sitio_reporta_unidad=11.4 (no se usa; se calcula),exprezo-1286-bolsa-de-avena-abeto-500-gr
Exprezo,mayorista,2026-08-12,,,Semilla de Girasol Por Kilo,,,pza,1,27.5,27.5,1,,MXN,,,exprezo-1287-semilla-de-girasol-por-kilo
Exprezo,mayorista,2026-08-12,,,Maíz Quebrado A Granel,,,pza,1,9.8,9.8,1,,MXN,,,exprezo-1288-ma-z-quebrado-a-granel
Exprezo,mayorista,2026-08-12,,,Chile Guajillo Guajón Importado a Granel,,,pza,1,110.0,110.0,1,,MXN,,,exprezo-1289-chile-guajillo-guaj-n-importado-a-granel
Exprezo,mayorista,2026-08-12,,,Chile Guajillo Extra a Granel,,,pza,1,165.0,165.0,1,,MXN,,,exprezo-1290-chile-guajillo-extra-a-granel
Exprezo,mayorista,2026-08-12,,,Chile Ancho a Granel,,,pza,1,170.0,170.0,1,,MXN,,,exprezo-1291-chile-ancho-a-granel
Exprezo,mayorista,2026-08-12,,,Arándano a Granel,,,pza,1,99.9,99.9,1,,MXN,,,exprezo-1292-ar-ndano-a-granel
Exprezo,mayorista,2026-08-12,,,Nuez Mitades Por Kilo,,,pza,1,290.0,290.0,1,,MXN,,,exprezo-1293-nuez-mitades-por-kilo
Exprezo,mayorista,2026-08-12,,,Chile Mora Extra a Granel,,,pza,1,107.0,107.0,1,,MXN,,,exprezo-1294-chile-mora-extra-a-granel
Exprezo,mayorista,2026-08-12,,,Pasa Nacional Por Kilo,,,pza,1,77.0,77.0,1,,MXN,,,exprezo-1295-pasa-nacional-por-kilo
Exprezo,mayorista,2026-08-12,,,Garbanza A Granel,,,pza,1,19.9,19.9,1,,MXN,,,exprezo-1296-garbanza-a-granel
Exprezo,mayorista,2026-08-12,,,Tamarindo A Granel,,,pza,1,76.0,76.0,1,,MXN,,,exprezo-1297-tamarindo-a-granel
Exprezo,mayorista,2026-08-12,,,Chile Puya a Granel,,,pza,1,133.0,133.0,1,,MXN,,,exprezo-1298-chile-puya-a-granel
Exprezo,mayorista,2026-08-12,,,Alimento Para Pollo Granel,,,pza,1,10.9,10.9,1,,MXN,,,exprezo-1299-alimento-para-pollo-granel
Exprezo,mayorista,2026-08-12,,,Ciruela Pasa a Granel,,,pza,1,83.0,83.0,1,,MXN,,,exprezo-1300-ciruela-pasa-a-granel
Exprezo,mayorista,2026-08-12,,,Nuez 7 semillas bolsa 250g,,250 g,g,1,79.88,79.88,1,,MXN,,sitio_reporta_unidad=81.5 (no se usa; se calcula),exprezo-1301-nuez-7-semillas-bolsa-250g
Exprezo,mayorista,2026-08-12,,,Alpiste Compuesto Por Kilo,,,pza,1,19.5,19.5,1,,MXN,,,exprezo-1302-alpiste-compuesto-por-kilo
Exprezo,mayorista,2026-08-12,,,ARANDANO 7 SEMILLAS 12-250 GR,,250 g,g,1,27.41,27.41,1,,MXN,,sitio_reporta_unidad=28.0 (no se usa; se calcula),exprezo-1303-arandano-7-semillas-12-250-gr
Exprezo,mayorista,2026-08-12,,,Almendra Por Kilo,,,pza,1,209.0,209.0,1,,MXN,,,exprezo-1304-almendra-por-kilo
Exprezo,mayorista,2026-08-12,,,Almendra 7 semillas Bolsa 250g,,250 g,g,1,51.9,51.9,1,,MXN,,sitio_reporta_unidad=51.9 (no se usa; se calcula),exprezo-1305-almendra-7-semillas-bolsa-250g
Exprezo,mayorista,2026-08-12,,,CIRUELA PASA 7 SEMILLAS 12-250 GR,,250 g,g,1,22.3,22.3,1,,MXN,,sitio_reporta_unidad=22.3 (no se usa; se calcula),exprezo-1306-ciruela-pasa-7-semillas-12-250-gr
Exprezo,mayorista,2026-08-12,,,Trigo A Granel,,,pza,1,14.4,14.4,1,,MXN,,,exprezo-1307-trigo-a-granel
Exprezo,mayorista,2026-08-12,,,Maiz Entero por Kilo,,,pza,1,10.3,10.3,1,,MXN,,,exprezo-1308-maiz-entero-por-kilo
Exprezo,mayorista,2026-08-12,,,Uva Pasa 7 Semillas bolsa 250 gr.,,250 g,g,1,20.3,20.3,1,,MXN,,sitio_reporta_unidad=20.3 (no se usa; se calcula),exprezo-1309-uva-pasa-7-semillas-bolsa-250-gr-
Exprezo,mayorista,2026-08-12,,,Toalla Sanitaria Saba Buenas Noches Con Alas Extra Largas 8 piezas,,8 pza,pza,8,20.11,2.5137,1,,MXN,,sitio_reporta_unidad=22.9 (no se usa; se calcula),exprezo-1310-toalla-sanitaria-saba-buenas-noches-con-
Exprezo,mayorista,2026-08-12,,,Gel Extreme Profesional Blanco 250 gr.,,250 g,g,1,20.61,20.61,1,,MXN,,sitio_reporta_unidad=27.5 (no se usa; se calcula),exprezo-1311-gel-extreme-profesional-blanco-250-gr-
Exprezo,mayorista,2026-08-12,,,Pasta de Dientes Colgate MFP Tubo con 50 ml,,50 ml,ml,1,16.97,16.97,1,,MXN,,sitio_reporta_unidad=20.6 (no se usa; se calcula),exprezo-1312-pasta-de-dientes-colgate-mfp-tubo-con-50
Exprezo,mayorista,2026-08-12,,,TOALLA FEM SABA REG C/A INV 12-10 PZ,,10 pza,pza,10,16.84,1.684,1,,MXN,,sitio_reporta_unidad=19.2 (no se usa; se calcula),exprezo-1313-toalla-fem-saba-reg-c-a-inv-12-10-pz
Exprezo,mayorista,2026-08-12,,,Pack de 48 Sobres de Shampoo 2x1* 2 en 1 Palmolive Optims de 10 ml c/u,,10 ml,ml,1,62.73,62.73,1,,MXN,,sitio_reporta_unidad=75.3 (no se usa; se calcula),exprezo-1314-pack-de-48-sobres-de-shampoo-2x1-2-en-1-
Exprezo,mayorista,2026-08-12,,,Jabón de Tocador Dove blanco de 90 gr,,90 g,g,1,20.82,20.82,1,,MXN,,sitio_reporta_unidad=22.0 (no se usa; se calcula),exprezo-1315-jab-n-de-tocador-dove-blanco-de-90-gr
Exprezo,mayorista,2026-08-12,,,Pasta de Dientes Colgate Triple Acción Extrablancura tubo con 50 ml,,50 ml,ml,1,16.96,16.96,1,,MXN,,sitio_reporta_unidad=20.9 (no se usa; se calcula),exprezo-1316-pasta-de-dientes-colgate-triple-acci-n-e
Exprezo,mayorista,2026-08-12,,,Toalla Sanitaria Nocturna Naturella Extra Larga Con Alas 8 Piezas,,8 pza,pza,8,21.25,2.6562,1,,MXN,,sitio_reporta_unidad=23.7 (no se usa; se calcula),exprezo-1317-toalla-sanitaria-nocturna-naturella-extr
Exprezo,mayorista,2026-08-12,,,Tira de Shampoo Head & Shoulders con 24 Satchets de 10 ml c/u,,10 ml,ml,1,51.21,51.21,1,,MXN,,sitio_reporta_unidad=51.21 (no se usa; se calcula),exprezo-1318-tira-de-shampoo-head-shoulders-con-24-sa
Exprezo,mayorista,2026-08-12,,,Cepillo de Dientes Colgate Premier Clean con 6 pzas.,,6 pza,pza,6,78.36,13.06,1,,MXN,,sitio_reporta_unidad=87.9 (no se usa; se calcula),exprezo-1319-cepillo-de-dientes-colgate-premier-clean
Exprezo,mayorista,2026-08-12,,,Pack de 8 jabones de tocador Palmolive Naturals Oliva y Aloe de 150g c/u,,150 g,g,1,109.6,109.6,1,,MXN,,sitio_reporta_unidad=109.6 (no se usa; se calcula),exprezo-1320-pack-de-8-jabones-de-tocador-palmolive-n
Exprezo,mayorista,2026-08-12,,,Pasta de Dientes Colgate Triple Acción tubo 75 ml,,75 ml,ml,1,24.94,24.94,1,,MXN,,sitio_reporta_unidad=27.6 (no se usa; se calcula),exprezo-1321-pasta-de-dientes-colgate-triple-acci-n-t
Exprezo,mayorista,2026-08-12,,,Jabón de Tocador Zest Aqua Vitamina E 135 gr,,135 g,g,1,15.58,15.58,1,,MXN,,sitio_reporta_unidad=18.5 (no se usa; se calcula),exprezo-1322-jab-n-de-tocador-zest-aqua-vitamina-e-13
Exprezo,mayorista,2026-08-12,,,Gel para Cabello Ego Atraction Bote 200 ml,,200 ml,ml,1,18.84,18.84,1,,MXN,,sitio_reporta_unidad=21.7 (no se usa; se calcula),exprezo-1323-gel-para-cabello-ego-atraction-bote-200-
Exprezo,mayorista,2026-08-12,,,Pañuelos desechables Kleenex 8 pzas,,8 pza,pza,8,31.73,3.9663,1,,MXN,,sitio_reporta_unidad=35.3 (no se usa; se calcula),exprezo-1324-pa-uelos-desechables-kleenex-8-pzas
Exprezo,mayorista,2026-08-12,,,Pack de 6 piezas de Jabón de Tocador Zest Aqua vitamina E y Glicerina de 130 gr c/u,,130 g,g,1,108.63,108.63,1,,MXN,,sitio_reporta_unidad=108.63 (no se usa; se calcula),exprezo-1325-pack-de-6-piezas-de-jab-n-de-tocador-zes
Exprezo,mayorista,2026-08-12,,,Toalla Sanitaria Saba Intima Clip Regular Con Alas 10 piezas,,10 pza,pza,10,17.21,1.721,1,,MXN,,sitio_reporta_unidad=20.3 (no se usa; se calcula),exprezo-1326-toalla-sanitaria-saba-intima-clip-regula
Exprezo,mayorista,2026-08-12,,,Jabón de tocador Palmolive neutro balance dermolimpiador 100g,,100 g,g,1,16.52,16.52,1,,MXN,,sitio_reporta_unidad=19.7 (no se usa; se calcula),exprezo-1327-jab-n-de-tocador-palmolive-neutro-balanc
Exprezo,mayorista,2026-08-12,,,Jabón de Tocador Palmolive Naturals Oliva y Aloe de 120 gr.,,120 g,g,1,18.14,18.14,1,,MXN,,sitio_reporta_unidad=23.0 (no se usa; se calcula),exprezo-1328-jab-n-de-tocador-palmolive-naturals-oliv
Exprezo,mayorista,2026-08-12,,,Toalla Sanitaria Naturella Regular Con Alas 8 Piezas,,8 pza,pza,8,12.95,1.6187,1,,MXN,,sitio_reporta_unidad=14.4 (no se usa; se calcula),exprezo-1329-toalla-sanitaria-naturella-regular-con-a
Exprezo,mayorista,2026-08-12,,,Jabón de Tocador Palmolive Naturals Lavanda y Crema de120 gr.,,120 g,g,1,18.14,18.14,1,,MXN,,sitio_reporta_unidad=23.0 (no se usa; se calcula),exprezo-1330-jab-n-de-tocador-palmolive-naturals-lava
Exprezo,mayorista,2026-08-12,,,Toalla Sanitaria Saba Ultradelgada Nocturna Con Alas Extra Largas 10 piezas,,10 pza,pza,10,30.41,3.041,1,,MXN,,sitio_reporta_unidad=35.8 (no se usa; se calcula),exprezo-1331-toalla-sanitaria-saba-ultradelgada-noctu
Exprezo,mayorista,2026-08-12,,,Pasta de Dientes Colgate MFP tubo 75 ml,,75 ml,ml,1,23.61,23.61,1,,MXN,,sitio_reporta_unidad=26.8 (no se usa; se calcula),exprezo-1332-pasta-de-dientes-colgate-mfp-tubo-75-ml
Exprezo,mayorista,2026-08-12,,,Jabón de Tocador Palmolive Naturals Yoghurt y Frutas de 120 gr.,,120 g,g,1,18.14,18.14,1,,MXN,,sitio_reporta_unidad=23.0 (no se usa; se calcula),exprezo-1333-jab-n-de-tocador-palmolive-naturals-yogh
Exprezo,mayorista,2026-08-12,,,Crema para peinar Sedal ceramidas 135 ml,,135 ml,ml,1,20.16,20.16,1,,MXN,,sitio_reporta_unidad=28.0 (no se usa; se calcula),exprezo-1334-crema-para-peinar-sedal-ceramidas-135-ml
Exprezo,mayorista,2026-08-12,,,Toalla Sanitaria Saba Buenas Noches Con Alas Extra Largas 24 piezas,,24 pza,pza,24,58.5,2.4375,1,,MXN,,sitio_reporta_unidad=68.9 (no se usa; se calcula),exprezo-1335-toalla-sanitaria-saba-buenas-noches-con-
Exprezo,mayorista,2026-08-12,,,Rastrillo Prestobarba Ultra Grip Gillette 12 pzas,,12 pza,pza,12,194.0,16.1667,1,,MXN,,sitio_reporta_unidad=194.0 (no se usa; se calcula),exprezo-1336-rastrillo-prestobarba-ultra-grip-gillett
Exprezo,mayorista,2026-08-12,,,Shampoo Head & Shoulders Limpieza Renovadora Bote con 90 ml,,90 ml,ml,1,16.0,16.0,1,,MXN,,sitio_reporta_unidad=19.7 (no se usa; se calcula),exprezo-1337-shampoo-head-shoulders-limpieza-renovado
Exprezo,mayorista,2026-08-12,,,Tapete de Cepillo de Dientes Colgate Premier Clean con 12 pzas.,,12 pza,pza,12,122.5,10.2083,1,,MXN,,sitio_reporta_unidad=122.5 (no se usa; se calcula),exprezo-1338-tapete-de-cepillo-de-dientes-colgate-pre
Exprezo,mayorista,2026-08-12,,,Pasta de Dientes Colgate Total 12 tubo 50 ml,,50 ml,ml,1,20.58,20.58,1,,MXN,,sitio_reporta_unidad=23.6 (no se usa; se calcula),exprezo-1339-pasta-de-dientes-colgate-total-12-tubo-5
Exprezo,mayorista,2026-08-12,,,Shampoo Caprice Especialidades con Biotina bote con 200 ml,,200 ml,ml,1,15.53,15.53,1,,MXN,,sitio_reporta_unidad=19.3 (no se usa; se calcula),exprezo-1340-shampoo-caprice-especialidades-con-bioti
Exprezo,mayorista,2026-08-12,,,Jabón de tocador Palmolive Naturals Menta y Eucalipto de 120g,,120 g,g,1,18.14,18.14,1,,MXN,,sitio_reporta_unidad=23.0 (no se usa; se calcula),exprezo-1341-jab-n-de-tocador-palmolive-naturals-ment
Exprezo,mayorista,2026-08-12,,,Rastrillo Desechable Schik Xtreme 12 pzas,,12 pza,pza,12,179.0,14.9167,1,,MXN,,sitio_reporta_unidad=179.0 (no se usa; se calcula),exprezo-1342-rastrillo-desechable-schik-xtreme-12-pza
Exprezo,mayorista,2026-08-12,,,SEDAL CERAMIDAS 12-180 ML (SHAMP),,180 ml,ml,1,18.21,18.21,1,,MXN,,sitio_reporta_unidad=20.1 (no se usa; se calcula),exprezo-1343-sedal-ceramidas-12-180-ml-shamp-
Exprezo,mayorista,2026-08-12,,,Crema Corporal Nivea Body Milk Nutritiva 100 ml,,100 ml,ml,1,31.58,31.58,1,,MXN,,sitio_reporta_unidad=33.0 (no se usa; se calcula),exprezo-1344-crema-corporal-nivea-body-milk-nutritiva
Exprezo,mayorista,2026-08-12,,,Shampoo Caprice Control caida Mamey y Arginina bote con 200 ml,,200 ml,ml,1,15.53,15.53,1,,MXN,,sitio_reporta_unidad=19.3 (no se usa; se calcula),exprezo-1345-shampoo-caprice-control-caida-mamey-y-ar
Exprezo,mayorista,2026-08-12,,,Diario Protector Kotex Regular 22 Piezas,,22 pza,pza,22,12.71,0.5777,1,,MXN,,sitio_reporta_unidad=14.5 (no se usa; se calcula),exprezo-1346-diario-protector-kotex-regular-22-piezas
Exprezo,mayorista,2026-08-12,,,SEDAL RIZOS DEFINIDOS 12-180 ML (SHAMP),,180 ml,ml,1,18.21,18.21,1,,MXN,,sitio_reporta_unidad=20.1 (no se usa; se calcula),exprezo-1347-sedal-rizos-definidos-12-180-ml-shamp-
Exprezo,mayorista,2026-08-12,,,Rastrillo Desechable Prestobarba 3 Ultragrip Gillette Tira con 24 pzas,,24 pza,pza,24,369.26,15.3858,1,,MXN,,sitio_reporta_unidad=369.26 (no se usa; se calcula),exprezo-1348-rastrillo-desechable-prestobarba-3-ultra
Exprezo,mayorista,2026-08-12,,,Pantiprotector Saba Regular 28 Pzas.,,28 pza,pza,28,24.73,0.8832,1,,MXN,,sitio_reporta_unidad=31.0 (no se usa; se calcula),exprezo-1349-pantiprotector-saba-regular-28-pzas-
Exprezo,mayorista,2026-08-12,,,Desodorante En Roll On Nivea Aclarado Natural 24 H 50 ml,,50 ml,ml,1,36.13,36.13,1,,MXN,,sitio_reporta_unidad=38.1 (no se usa; se calcula),exprezo-1350-desodorante-en-roll-on-nivea-aclarado-na
Exprezo,mayorista,2026-08-12,,,Jabón de Tocador Camay clásico 150 gr,,150 g,g,1,17.04,17.04,1,,MXN,,sitio_reporta_unidad=19.8 (no se usa; se calcula),exprezo-1351-jab-n-de-tocador-camay-cl-sico-150-gr
Exprezo,mayorista,2026-08-12,,,Jabón de Tocador Rosa Venus blanco de 200 gr,,200 g,g,1,15.9,15.9,1,,MXN,,sitio_reporta_unidad=19.9 (no se usa; se calcula),exprezo-1352-jab-n-de-tocador-rosa-venus-blanco-de-20
Exprezo,mayorista,2026-08-12,,,Desodorante En Roll On Obao For Men Active 65 gr,,65 g,g,1,31.0,31.0,1,,MXN,,sitio_reporta_unidad=35.3 (no se usa; se calcula),exprezo-1353-desodorante-en-roll-on-obao-for-men-acti
Exprezo,mayorista,2026-08-12,,,Shampoo Caprice Naturals Aceite Herbal bote con 200 ml,,200 ml,ml,1,15.53,15.53,1,,MXN,,sitio_reporta_unidad=19.3 (no se usa; se calcula),exprezo-1354-shampoo-caprice-naturals-aceite-herbal-b
Exprezo,mayorista,2026-08-12,,,Jabón de Tocador Tepeyac Amarillo de 200 gr,,200 g,g,1,15.9,15.9,1,,MXN,,sitio_reporta_unidad=19.9 (no se usa; se calcula),exprezo-1355-jab-n-de-tocador-tepeyac-amarillo-de-200
Exprezo,mayorista,2026-08-12,,,Antitranspirante en Aerosol Lady Speed Stick Powderfresh 91 gr.,,91 g,g,1,46.0,46.0,1,,MXN,,sitio_reporta_unidad=69.0 (no se usa; se calcula),exprezo-1356-antitranspirante-en-aerosol-lady-speed-s
Exprezo,mayorista,2026-08-12,,,Crema Corporal Lubriderm Therapy Intense Repair 120 ml,,120 ml,ml,1,38.99,38.99,1,,MXN,,sitio_reporta_unidad=43.6 (no se usa; se calcula),exprezo-1357-crema-corporal-lubriderm-therapy-intense
Exprezo,mayorista,2026-08-12,,,TOALLA FEM SABA C/A INV EXH 6-42 PZ,,42 pza,pza,42,70.55,1.6798,1,,MXN,,sitio_reporta_unidad=83.0 (no se usa; se calcula),exprezo-1358-toalla-fem-saba-c-a-inv-exh-6-42-pz
Exprezo,mayorista,2026-08-12,,,Desodorante En Roll On Nuvel Softy 65 ml,,65 ml,ml,1,14.29,14.29,1,,MXN,,sitio_reporta_unidad=18.2 (no se usa; se calcula),exprezo-1359-desodorante-en-roll-on-nuvel-softy-65-ml
Exprezo,mayorista,2026-08-12,,,Pantiprotectores Cotex Maxi 28 pzas,,28 pza,pza,28,22.36,0.7986,1,,MXN,,sitio_reporta_unidad=25.5 (no se usa; se calcula),exprezo-1360-pantiprotectores-cotex-maxi-28-pzas
Exprezo,mayorista,2026-08-12,,,Antitranspirante en Gel Powder Protect Cotton 45 gr,,45 g,g,1,56.99,56.99,1,,MXN,,sitio_reporta_unidad=60.0 (no se usa; se calcula),exprezo-1361-antitranspirante-en-gel-powder-protect-c
Exprezo,mayorista,2026-08-12,,,Crema Corporal Nuvel Piel Seca con Antioxidantes Bote con 775 ml,,775 ml,ml,1,30.54,30.54,1,,MXN,,sitio_reporta_unidad=34.2 (no se usa; se calcula),exprezo-1362-crema-corporal-nuvel-piel-seca-con-antio
Exprezo,mayorista,2026-08-12,,,Desodorante en Aerosol Old Spice Deo Spray fresh de 96 gr.,,96 g,g,1,45.5,45.5,1,,MXN,,sitio_reporta_unidad=69.0 (no se usa; se calcula),exprezo-1363-desodorante-en-aerosol-old-spice-deo-spr
Exprezo,mayorista,2026-08-12,,,SEDAL RISOS DEFINIDOS 12-620 ML (SHAMP),,620 ml,ml,1,53.0,53.0,1,,MXN,,sitio_reporta_unidad=79.0 (no se usa; se calcula),exprezo-1364-sedal-risos-definidos-12-620-ml-shamp-
Exprezo,mayorista,2026-08-12,,,Desodorante En Aerosol Ego Force 150 ml,,150 ml,ml,1,39.99,39.99,1,,MXN,,sitio_reporta_unidad=53.4 (no se usa; se calcula),exprezo-1365-desodorante-en-aerosol-ego-force-150-ml
Exprezo,mayorista,2026-08-12,,,Pasta dental Colgate Luminous White 66 ml,,66 ml,ml,1,39.7,39.7,1,,MXN,,sitio_reporta_unidad=47.5 (no se usa; se calcula),exprezo-1366-pasta-dental-colgate-luminous-white-66-m
Exprezo,mayorista,2026-08-12,,,Crema Corporal Lubriderm Therapy Piel Normal 120 ml,,120 ml,ml,1,38.99,38.99,1,,MXN,,sitio_reporta_unidad=43.6 (no se usa; se calcula),exprezo-1367-crema-corporal-lubriderm-therapy-piel-no
Exprezo,mayorista,2026-08-12,,,Crema Corporal Hinds Clásica Piel Seca Bote con 400 ml,,400 ml,ml,1,51.79,51.79,1,,MXN,,sitio_reporta_unidad=59.6 (no se usa; se calcula),exprezo-1368-crema-corporal-hinds-cl-sica-piel-seca-b
Exprezo,mayorista,2026-08-12,,,Crema Corporal Nuvel Piel Normal con Miel y Avena Bote con 775 ml,,775 ml,ml,1,30.54,30.54,1,,MXN,,sitio_reporta_unidad=34.2 (no se usa; se calcula),exprezo-1369-crema-corporal-nuvel-piel-normal-con-mie
Exprezo,mayorista,2026-08-12,,,Shampoo Pantene 2 en1 Shampoo y Acondicionador Cuidado Clásico bote con 300 ml,,300 ml,ml,1,51.66,51.66,1,,MXN,,sitio_reporta_unidad=53.5 (no se usa; se calcula),exprezo-1370-shampoo-pantene-2-en1-shampoo-y-acondici
Exprezo,mayorista,2026-08-12,,,Desodorante En Roll On Obao For Men Audaz 65 gr,,65 g,g,1,31.0,31.0,1,,MXN,,sitio_reporta_unidad=35.3 (no se usa; se calcula),exprezo-1371-desodorante-en-roll-on-obao-for-men-auda
Exprezo,mayorista,2026-08-12,,,Desodorante En Roll On Obao Frescura Floral 65 gr,,65 g,g,1,15.5,15.5,1,,MXN,,sitio_reporta_unidad=15.5 (no se usa; se calcula),exprezo-1372-desodorante-en-roll-on-obao-frescura-flo
Exprezo,mayorista,2026-08-12,,,Desodorante En Aerosol Nivea Men Fresh Ice 150 ml,,150 ml,ml,1,53.0,53.0,1,,MXN,,sitio_reporta_unidad=69.0 (no se usa; se calcula),exprezo-1373-desodorante-en-aerosol-nivea-men-fresh-i
Exprezo,mayorista,2026-08-12,,,Desodorante En Roll On Obao Classic 65 gr,,65 g,g,1,31.0,31.0,1,,MXN,,sitio_reporta_unidad=35.3 (no se usa; se calcula),exprezo-1374-desodorante-en-roll-on-obao-classic-65-g
Exprezo,mayorista,2026-08-12,,,Crema Humectante Ponds Crema S Bote con 400 gr,,400 g,g,1,100.74,100.74,1,,MXN,,sitio_reporta_unidad=118.6 (no se usa; se calcula),exprezo-1375-crema-humectante-ponds-crema-s-bote-con-
Exprezo,mayorista,2026-08-12,,,Crema para Peinar Savile Keratina Tratamiento Liso Bote con 300 ml,,300 ml,ml,1,33.66,33.66,1,,MXN,,sitio_reporta_unidad=38.7 (no se usa; se calcula),exprezo-1376-crema-para-peinar-savile-keratina-tratam
Exprezo,mayorista,2026-08-12,,,Shampoo Pantene Restauración 2 en1 Shampoo y Acondicionado bote con 300 ml,,300 ml,ml,1,51.66,51.66,1,,MXN,,sitio_reporta_unidad=53.5 (no se usa; se calcula),exprezo-1377-shampoo-pantene-restauraci-n-2-en1-shamp
Exprezo,mayorista,2026-08-12,,,Antitranspirante en Gel Gillette Power Rush de 82 gr.,,82 g,g,1,68.88,68.88,1,,MXN,,sitio_reporta_unidad=71.7 (no se usa; se calcula),exprezo-1378-antitranspirante-en-gel-gillette-power-r
Exprezo,mayorista,2026-08-12,,,Desodorante en barra Old Spice Fresh 50 gr,,50 g,g,1,45.5,45.5,1,,MXN,,sitio_reporta_unidad=69.0 (no se usa; se calcula),exprezo-1379-desodorante-en-barra-old-spice-fresh-50-
Exprezo,mayorista,2026-08-12,,,Antitranspirante en Barra Lady Speed Stick Power Fresh de 45 gr.,,45 g,g,1,50.45,50.45,1,,MXN,,sitio_reporta_unidad=69.0 (no se usa; se calcula),exprezo-1380-antitranspirante-en-barra-lady-speed-sti
Exprezo,mayorista,2026-08-12,,,Jabón de Tocador Tepeyac Lila de 200 gr,,200 g,g,1,15.9,15.9,1,,MXN,,sitio_reporta_unidad=19.9 (no se usa; se calcula),exprezo-1381-jab-n-de-tocador-tepeyac-lila-de-200-gr
Exprezo,mayorista,2026-08-12,,,Pack de 4 piezas de Jabón de Tocador Lirio Futos de Bosque de 150 gr c/u,,150 g,g,1,67.63,67.63,1,,MXN,,sitio_reporta_unidad=73.3 (no se usa; se calcula),exprezo-1382-pack-de-4-piezas-de-jab-n-de-tocador-lir
Exprezo,mayorista,2026-08-12,,,Crema Corporal Nivea Creme Tarro Domo 500 ml,,500 ml,ml,1,146.2,146.2,1,,MXN,,sitio_reporta_unidad=150.8 (no se usa; se calcula),exprezo-1383-crema-corporal-nivea-creme-tarro-domo-50
Exprezo,mayorista,2026-08-12,,,Crema Corporal Lubriderm Therapy UVl 120 ml,,120 ml,ml,1,42.49,42.49,1,,MXN,,sitio_reporta_unidad=47.5 (no se usa; se calcula),exprezo-1384-crema-corporal-lubriderm-therapy-uvl-120
Exprezo,mayorista,2026-08-12,,,Desodorante para Mujer en Aerosol Nivea Aclarado Natural Efecto Satin de 150 ml,,150 ml,ml,1,45.0,45.0,1,,MXN,,sitio_reporta_unidad=69.0 (no se usa; se calcula),exprezo-1385-desodorante-para-mujer-en-aerosol-nivea-
Exprezo,mayorista,2026-08-12,,,Shampoo Pantene Control Caida bote con 300 ml,,300 ml,ml,1,51.66,51.66,1,,MXN,,sitio_reporta_unidad=53.5 (no se usa; se calcula),exprezo-1386-shampoo-pantene-control-caida-bote-con-3
Exprezo,mayorista,2026-08-12,,,Crema Corporal Nuvel Piel Extra Seca con Manteca de Karite Bote con 775 ml,,775 ml,ml,1,30.54,30.54,1,,MXN,,sitio_reporta_unidad=34.2 (no se usa; se calcula),exprezo-1387-crema-corporal-nuvel-piel-extra-seca-con
Exprezo,mayorista,2026-08-12,,,Shampoo Head & Shoulders 2 en 1 Suave y Manejable bote con 375 ml,,375 ml,ml,1,64.0,64.0,1,,MXN,,sitio_reporta_unidad=85.0 (no se usa; se calcula),exprezo-1388-shampoo-head-shoulders-2-en-1-suave-y-ma
Exprezo,mayorista,2026-08-12,,,Crema Corporal Nivea Body Milk Nutritiva 220 ml,,220 ml,ml,1,48.38,48.38,1,,MXN,,sitio_reporta_unidad=52.8 (no se usa; se calcula),exprezo-1389-crema-corporal-nivea-body-milk-nutritiva
Exprezo,mayorista,2026-08-12,,,SEDAL ANTI-NUDOS 12-620 ML (SHAMP),,620 ml,ml,1,53.0,53.0,1,,MXN,,sitio_reporta_unidad=79.0 (no se usa; se calcula),exprezo-1390-sedal-anti-nudos-12-620-ml-shamp-
Exprezo,mayorista,2026-08-12,,,Antitranspirante en Gel Secret clear PH Balanced 45 gr,,45 g,g,1,56.99,56.99,1,,MXN,,sitio_reporta_unidad=60.0 (no se usa; se calcula),exprezo-1391-antitranspirante-en-gel-secret-clear-ph-
Exprezo,mayorista,2026-08-12,,,Shampoo Head & Shoulders Limpieza Renovadora bote con 650 ml,,650 ml,ml,1,83.0,83.0,1,,MXN,,sitio_reporta_unidad=125.0 (no se usa; se calcula),exprezo-1392-shampoo-head-shoulders-limpieza-renovado
Exprezo,mayorista,2026-08-12,,,Shampoo Head & Shoulders Protección Anticaida Con Cafeina bote con 375 ml,,375 ml,ml,1,64.0,64.0,1,,MXN,,sitio_reporta_unidad=85.0 (no se usa; se calcula),exprezo-1393-shampoo-head-shoulders-protecci-n-antica
Exprezo,mayorista,2026-08-12,,,Desodorante En Aerosol Obao Piel Delicada 90 gr,,90 g,g,1,46.66,46.66,1,,MXN,,sitio_reporta_unidad=52.8 (no se usa; se calcula),exprezo-1394-desodorante-en-aerosol-obao-piel-delicad
Exprezo,mayorista,2026-08-12,,,Talco Rexona Efficient Gigante bote 200 gr,,200 g,g,1,71.49,71.49,1,,MXN,,sitio_reporta_unidad=75.0 (no se usa; se calcula),exprezo-1395-talco-rexona-efficient-gigante-bote-200-
Exprezo,mayorista,2026-08-12,,,Crema Teatrical con Rosas y Lanolinafrasco con 52 gr,,52 g,g,1,34.66,34.66,1,,MXN,,sitio_reporta_unidad=39.0 (no se usa; se calcula),exprezo-1396-crema-teatrical-con-rosas-y-lanolinafras
Exprezo,mayorista,2026-08-12,,,Repuesto de Jabón Líquido Para Manos Antibacterial Lirio Granada de 500 ml,,500 ml,ml,1,27.24,27.24,1,,MXN,,sitio_reporta_unidad=34.1 (no se usa; se calcula),exprezo-1397-repuesto-de-jab-n-l-quido-para-manos-ant
Exprezo,mayorista,2026-08-12,,,Desodorante en Barra Axe Fusion 54 gr,,54 g,g,1,42.0,42.0,1,,MXN,,sitio_reporta_unidad=69.0 (no se usa; se calcula),exprezo-1398-desodorante-en-barra-axe-fusion-54-gr
Exprezo,mayorista,2026-08-12,,,Shampoo Pantene Fuerza y Reconstrucción bote con 300 ml,,300 ml,ml,1,51.66,51.66,1,,MXN,,sitio_reporta_unidad=53.5 (no se usa; se calcula),exprezo-1399-shampoo-pantene-fuerza-y-reconstrucci-n-
Exprezo,mayorista,2026-08-12,,,SEDAL CERAMIDAS 12-620 ML (SHAMP),,620 ml,ml,1,53.0,53.0,1,,MXN,,sitio_reporta_unidad=79.0 (no se usa; se calcula),exprezo-1400-sedal-ceramidas-12-620-ml-shamp-
Exprezo,mayorista,2026-08-12,,,Cepillo de Dientes Oral B Pro Doble Acción Mayor Alcance 2 pzas,,2 pza,pza,2,39.72,19.86,1,,MXN,,sitio_reporta_unidad=42.2 (no se usa; se calcula),exprezo-1401-cepillo-de-dientes-oral-b-pro-doble-acci
Exprezo,mayorista,2026-08-12,,,Crema Corporal Hinds Natural Piel Seca Bote con 400 ml,,400 ml,ml,1,51.79,51.79,1,,MXN,,sitio_reporta_unidad=59.6 (no se usa; se calcula),exprezo-1402-crema-corporal-hinds-natural-piel-seca-b
Exprezo,mayorista,2026-08-12,,,Antitranspirante en Aerosol Lady Speed Stick Powderfresh 60 gr.,,60 g,g,1,41.58,41.58,1,,MXN,,sitio_reporta_unidad=55.5 (no se usa; se calcula),exprezo-1403-antitranspirante-en-aerosol-lady-speed-s
Exprezo,mayorista,2026-08-12,,,Pack de 4 piezas de Jabón de Tocador Lirio Neutro de 150 gr c/u,,150 g,g,1,67.63,67.63,1,,MXN,,sitio_reporta_unidad=73.3 (no se usa; se calcula),exprezo-1404-pack-de-4-piezas-de-jab-n-de-tocador-lir
Exprezo,mayorista,2026-08-12,,,Desodorante en barra Old Spice leña 50 gr,,50 g,g,1,45.5,45.5,1,,MXN,,sitio_reporta_unidad=69.0 (no se usa; se calcula),exprezo-1405-desodorante-en-barra-old-spice-le-a-50-g
Exprezo,mayorista,2026-08-12,,,Pack de 4 piezas de Jabón de Tocador Lirio Coco y Almendras de 150 gr c/u,,150 g,g,1,67.63,67.63,1,,MXN,,sitio_reporta_unidad=73.3 (no se usa; se calcula),exprezo-1406-pack-de-4-piezas-de-jab-n-de-tocador-lir
Exprezo,mayorista,2026-08-12,,,Antitranspirante en Aerosol Gillette Invisible Spray Cool Wave de 93 gr.,,93 g,g,1,54.0,54.0,1,,MXN,,sitio_reporta_unidad=69.0 (no se usa; se calcula),exprezo-1407-antitranspirante-en-aerosol-gillette-inv
Exprezo,mayorista,2026-08-12,,,Pack de 4 piezas de Jabón de Tocador Lirio Dermatológico de 150 gr c/u,,150 g,g,1,67.63,67.63,1,,MXN,,sitio_reporta_unidad=73.3 (no se usa; se calcula),exprezo-1408-pack-de-4-piezas-de-jab-n-de-tocador-lir
Exprezo,mayorista,2026-08-12,,,Crema Corporal Nivea Body Nutritiva 400 ml,,400 ml,ml,1,98.99,98.99,1,,MXN,,sitio_reporta_unidad=110.2 (no se usa; se calcula),exprezo-1409-crema-corporal-nivea-body-nutritiva-400-
Exprezo,mayorista,2026-08-12,,,Crema Humectante Ponds Crema Clarant B3 Bote con 100 gr,,100 g,g,1,79.19,79.19,1,,MXN,,sitio_reporta_unidad=88.7 (no se usa; se calcula),exprezo-1410-crema-humectante-ponds-crema-clarant-b3-
Exprezo,mayorista,2026-08-12,,,Pack de 4 piezas de Jabón de Tocador Lirio Avena y Miel de 150 gr c/u,,150 g,g,1,67.63,67.63,1,,MXN,,sitio_reporta_unidad=73.3 (no se usa; se calcula),exprezo-1411-pack-de-4-piezas-de-jab-n-de-tocador-lir
Exprezo,mayorista,2026-08-12,,,Crema Corporal Lubriderm Reparación Intensiva 400 ml,,400 ml,ml,1,70.0,70.0,1,,MXN,,sitio_reporta_unidad=110.0 (no se usa; se calcula),exprezo-1412-crema-corporal-lubriderm-reparaci-n-inte
Exprezo,mayorista,2026-08-12,,,Shampoo Caprice Control caspa con Zinc y Eucalipto bote con 750 ml,,750 ml,ml,1,65.33,65.33,1,,MXN,,sitio_reporta_unidad=70.0 (no se usa; se calcula),exprezo-1413-shampoo-caprice-control-caspa-con-zinc-y
Exprezo,mayorista,2026-08-12,,,Jabón de Tocador Rosa Venus Rosa 25 gr,,25 g,g,1,2.0,2.0,1,,MXN,,sitio_reporta_unidad=4.0 (no se usa; se calcula),exprezo-1414-jab-n-de-tocador-rosa-venus-rosa-25-gr
Exprezo,mayorista,2026-08-12,,,Protectores Diarios Pantiprotector Naturella 40 Piezas,,40 pza,pza,40,40.27,1.0068,1,,MXN,,sitio_reporta_unidad=42.9 (no se usa; se calcula),exprezo-1415-protectores-diarios-pantiprotector-natur
Exprezo,mayorista,2026-08-12,,,Talco Mexsana 160g,,160 g,g,1,86.49,86.49,1,,MXN,,sitio_reporta_unidad=91.0 (no se usa; se calcula),exprezo-1416-talco-mexsana-160g
Exprezo,mayorista,2026-08-12,,,Crema Corporal Lubriderm Therapy UV 400 ml,,400 ml,ml,1,123.91,123.91,1,,MXN,,sitio_reporta_unidad=127.8 (no se usa; se calcula),exprezo-1417-crema-corporal-lubriderm-therapy-uv-400-
Exprezo,mayorista,2026-08-12,,,Desodorante en Barra SecretPH Balanced 45 gr,,45 g,g,1,45.5,45.5,1,,MXN,,sitio_reporta_unidad=69.0 (no se usa; se calcula),exprezo-1418-desodorante-en-barra-secretph-balanced-4
Exprezo,mayorista,2026-08-12,,,Crema Corporal Lubriderm Therapy Piel Normal 400 ml,,400 ml,ml,1,70.0,70.0,1,,MXN,,sitio_reporta_unidad=110.0 (no se usa; se calcula),exprezo-1419-crema-corporal-lubriderm-therapy-piel-no
Exprezo,mayorista,2026-08-12,,,Huevo Blanco Económico Avic,,,pza,1,724.5,724.5,1,,MXN,,,exprezo-1420-huevo-blanco-econ-mico-avic
Exprezo,mayorista,2026-08-12,,,Huevo Blanco Doña Clara,,,pza,1,731.4,731.4,1,,MXN,,,exprezo-1421-huevo-blanco-do-a-clara
Exprezo,mayorista,2026-08-12,,,Huevo Blanco Avic,,,pza,1,726.8,726.8,1,,MXN,,,exprezo-1422-huevo-blanco-avic
