activo,calculated_price,categoria,codigo_barras,concentracion,costo,costo_incluye_iva,created_at,denominacion_distintiva,denominacion_generica,descripcion,descuento_mxn,descuento_pct,disponible,fecha_actualizacion_precios,forma_farmaceutica,id,imagen_mobile_url,imagen_url,manual_price_override,marca,markup_percentage,nombre,precio,precio_del_ahorro,precio_marca,precio_similares,precio_unidad,presentacion,price_needs_review,price_updated_at,pricing_rule_id,principio_activo,requiere_receta,sku,stock,stock_minimo,stock_unidades,subcategoria,sucursal_id,tasa_iva,tipo,ubicacion_texto,unidades_por_caja,venta_unidad
True,180.0,Higiene,7506267905186,,16.7,,2026-08-10T19:50:21.991528+00:00,,,Blumen Coconut Para,0,0.0,inmediato,,Jabón líquido,194,,,False,Blumen,0.4,Blumen Coconut liq,24.0,,,,0.0,221 ML,False,2026-08-11T00:05:37.88556+00:00,5,,False,FC-67905186,1,5,0,,,,marca,,0,False
True,180.0,Botiquín,7501507521317,,1.2,,2026-08-10T19:50:41.010327+00:00,,,Gotero cristal — ticket 112558,0,0,inmediato,,Gotero,356,,,False,Genérico,0.5,Gotero cristal,7,,,,0,,False,2026-08-11T00:05:37.88556+00:00,4,,False,FC-07521317,100,5,0,,,,marca,,0,False
True,,Botiquín,75916565,,21.25,,2026-08-11T00:19:06.632557+00:00,,,Vicks Vaporub pomada 12 g C/12 latas — ticket 112558,0,0,inmediato,,,437,,,False,Vicks,,Vicks Vaporub pomada 12 g,42,,,,0,12 G,False,,,,False,FC-01246730,12,5,0,,,,marca,,0,False
True,,Botiquín,7503003406501,,18.62,,2026-08-11T00:19:06.632557+00:00,,,Quirmex,0,0,inmediato,,Tela adhesiva,507,,,False,Quirmex,,Quirmex,29.8,,,,0,25 CM x 5 M,False,,,,False,FC-03406501,5,5,0,,,,marca,,0,False
True,,Botiquín,7503003406600,,89.7,,2026-08-11T00:19:06.632557+00:00,,,Quirmex,0,0,inmediato,,Tela adhesiva,506,,,False,Quirmex,,Quirmex,143.53,,,,0,,False,,,,False,FC-03406600,45,5,0,,,,marca,,0,False
True,,Otro,7503008344488,,28.71,,2026-08-11T00:19:06.632557+00:00,,,Lactopram,0,0,inmediato,,CAPSULAS,481,,,False,Lactopram,,Lactopram,45.94,,,,0,430 MG · C/20,False,,,,False,FC-08344488,1,5,0,,,,marca,,0,False
True,,Producto,7503008344747,,45.08,,2026-08-11T00:19:06.632557+00:00,,,Afrodit,0,0,inmediato,,,486,,,False,Afrodit,,Afrodit,72.13,,,,0,400 UI,False,,,,False,FC-08344747,5,5,0,,,,marca,,0,False
True,,Otro,7501008443026,,262.0,,2026-08-11T00:19:06.632557+00:00,,,Alka-Seltzer,0,0,inmediato,,TABLETAS,465,,,False,Alka-Seltzer,,Alka-Seltzer,340.6,,,,0,C/100,False,,,,False,FC-08443026,35,5,0,,,,marca,,0,False
True,,Otro,7501008491096,,217.46,,2026-08-11T00:19:06.632557+00:00,,,Cafiaspirina Tar C/100,0,0,inmediato,,TABLETAS,475,,,False,Cafiaspirina,,Cafiaspirina Tar C/100,347.94,,,,0,C/100,False,,,,False,FC-08491096,40,5,0,,,,marca,,0,False
True,,Otro,7501008496701,,35.18,,2026-08-11T00:19:06.632557+00:00,,,Aspirina Eferv,0,0,inmediato,,TABLETAS,484,,,False,Aspirina,,Aspirina Eferv,45.74,,,,0,C/12,False,,,,False,FC-08496701,1,5,0,,,,marca,,0,False
True,,GENERAL,7501008498798,,63.25,,2026-08-11T00:19:06.632557+00:00,,,Bepanthen Multiusos Pomada 30 Multiusos Pomada,0,0,inmediato,,,474,,,False,Bepanthen,,Bepanthen Multiusos Pomada 30 Multiusos Pomada,101.2,,,,0,,False,,,,False,FC-08498798,30,5,0,,,,marca,,0,False
True,,Cuidado personal,037836041273,,49.97,,2026-08-14T16:02:41.333196+00:00,,,,0,0,inmediato,,,582,,,False,Hinds,,Crema Hinds Clasica Rosa,60,,,,0,500 mL,False,,,,False,FC-36041273,1,5,0,,,,marca,,0,False
True,30.0,Otro,,600 MG,21.95,,2026-08-10T19:50:21.991528+00:00,,,Gelubrin,0,0.0,inmediato,,CAPSULAS,131,,,False,Gelubrin,0.35,Gelubrin,28.54,,,,0.0,10 CAPSULAS,False,2026-08-11T00:05:37.88556+00:00,3,,False,FC-5C8C9C11,5,5,0,,,,marca,,0,False
True,,Otro,7501065095718,,152.2,,2026-08-11T00:19:06.632557+00:00,,,Centrum,0,0,inmediato,,TABLETAS,482,,,False,Centrum,,Centrum,205.47,,,,0,C/30,False,,,,False,FC-65095718,1,5,0,,,,marca,,0,False
True,,GENERAL,7501065095947,,178.46,,2026-08-11T00:19:06.632557+00:00,,,Centrum Tab 1 Tab,0,0,inmediato,,,459,,,False,Centrum,,Centrum Tab 1 Tab,232.0,,,,0,C/30,False,,,,False,FC-65095947,1,5,0,,,,marca,,0,False
True,38.0,Otro,,125/31.25MG/5/60 ML,27.89,,2026-08-10T19:50:21.991528+00:00,,,Clamoxin,0,0.0,inmediato,,SUSPENSION,65,,,False,Clamoxin,0.35,Clamoxin,36.26,,,,0.0,1 SUSPENSION,False,2026-08-11T00:05:37.88556+00:00,3,AMOXICILINA/AC. CLAVULANICO,False,FC-6519183A,1,5,0,,,,marca,,0,False
True,,Botiquín,7590002012475,,125.12,,2026-08-11T00:19:06.632557+00:00,,,Vicks Vaporub ungüento 100 g — ticket 112558,0,0,inmediato,,Ungüento,438,,,False,Vicks,,Vicks Vaporub ungüento 100 G,188.0,,,,0,100 G,False,,,,False,FC-02012475,1,5,0,,,,marca,,0,False
True,33.0,Higiene,75095466534951,,22.93,,2026-08-10T19:51:08.809889+00:00,,,Colgate Total,0,0.0,inmediato,,Crema dental,378,,,False,Colgate,0.4,Colgate Total,36.69,,,,0.0,1 tubo,False,2026-08-11T00:05:37.88556+00:00,5,,False,FC-66534951,1,5,0,,,,marca,,0,False
True,,Botiquín,7590002012468,,82.41,,2026-08-11T00:19:06.632557+00:00,,,Vicks Vaporub ungüento 50 g — ticket 112558,0,0,inmediato,,Balsamo,439,,,False,Vicks,,Vicks Vaporub ungüento 50G,124.0,,,,0,50 G,False,,,,False,FC-02012468,1,5,0,,,,marca,,0,False
True,,Higiene,7501035919129,,49.29,,2026-08-13T18:13:29.246551+00:00,,,,0,0,inmediato,,,571,,,False,Palmolive,,Shampoo Palmolive Vital Keratina,55,,,,0,400 mL,False,,,,False,FC-35919129,1,5,0,,,,marca,,0,False
True,25.0,Higiene,7506267905131,,16.7,,2026-08-10T19:50:21.991528+00:00,,,Blumen Cherry Bloss,0,0.0,inmediato,,Jabón líquido,202,,,False,Blumen,0.4,Blumen Jbn liq Cherry Bloss,28.45,,,,0.0,221 ML,False,2026-08-11T00:05:37.88556+00:00,5,,False,FC-67905131,1,5,0,,,,marca,,0,False
True,,Producto,7506022315281,,15.18,,2026-08-11T00:19:23.977326+00:00,,,Meditest Prueba Embarazo,0,0,inmediato,,,552,,,False,Meditest,,Prueba Embarazo Meditest,25,,,,0,C/1,False,,,,False,FC-66055303,6,5,0,,,,marca,,0,False
True,77.0,Higiene,7509552780956,,25.83,,2026-08-10T19:50:21.991528+00:00,,,Obao Men Tato Rebel,0,0.0,inmediato,,Desodorante,171,,,False,Obao,0.4,Desodorante Obao Men Tattoo Rebel (Hombre),33,,,,0.0,R-ON 65 G,False,2026-08-11T00:05:37.88556+00:00,5,,False,FC-55280956,1,5,0,,,,marca,,0,False
True,186.0,Botiquín,7501868900127,,123.58,,2026-08-10T19:51:08.809889+00:00,,,Gasa 10 x 10,0,0.0,inmediato,,Gasa,380,,,False,Dibar,0.5,Gasa 10 x 10,197.73,,,,0.0,PAQ 10,False,2026-08-11T00:05:37.88556+00:00,4,,False,FC-68900127,1,5,0,,,,marca,,0,False
True,15.0,Otro,,30 MG,9.75,,2026-08-10T19:50:21.991528+00:00,,,Cloxan,0,0.0,inmediato,,COMPRIMIDOS,10,,,True,Cloxan,0.35,Cloxan,12.68,,,,0.0,20 COMPRIMIDOS,False,2026-08-11T00:02:47.082937+00:00,3,,False,FC-1DA570E3,2,5,0,,,,marca,,0,False
True,,Producto,75010723001331,,73.6,,2026-08-11T00:19:06.632557+00:00,,,Sr I Ting,0,0,inmediato,,CREMA,471,,,False,Sr,,Sr I Ting,117.76,,,,0,,False,,,,False,FC-23001331,1,5,0,,,,marca,,0,False
True,326.0,Botiquín,75060223273451,,217.2,,2026-08-10T19:51:08.809889+00:00,,,Jeringa insulina 0.5 ml,0,0.0,inmediato,,Jeringa,365,,,True,Jayor,0.5,Jeringa insulina 0.5 ml,282.36,,,,0.0,C/100,False,2026-08-11T00:02:47.082937+00:00,4,,False,FC-23273451,1,5,0,,,,marca,,0,False
True,29.0,Higiene,7501125104268,,20.5,,2026-08-10T19:51:08.809889+00:00,,,Electrolit Fresa,0,0.0,inmediato,,Suero oral,403,,,False,Electrolit,0.3,Electrolit Fresa,32.81,,,,0.0,625 ML,False,2026-08-11T00:05:37.88556+00:00,7,,False,FC-25104268,2,5,0,,,,marca,,0,False
True,29.0,Higiene,7501125104411,,20.09,,2026-08-10T19:51:08.809889+00:00,,,Electrolit Coco,0,0.0,inmediato,,Suero oral,401,,,False,Electrolit,0.3,Electrolit Coco,32.15,,,,0.0,625 ML,False,2026-08-11T00:05:37.88556+00:00,7,,False,FC-25104411,2,5,0,,,,marca,,0,False
True,51.0,Higiene,7501072629012,,8.052,,2026-08-10T19:50:41.010327+00:00,,,Colgate Adulto Med 40 C12,0,0.0,inmediato,,Cepillo dental,325,,,False,Clinic,0.4,Cepillo Dent Clinic,15,,,,0.0,1 pz,False,2026-08-11T00:05:37.88556+00:00,5,,False,FC-72629012,12,5,0,,,,marca,,0,False
True,29.0,Higiene,7501125149221,,20.09,,2026-08-10T19:51:08.809889+00:00,,,Electrolit Eresa-Kiwi,0,0.0,inmediato,,Suero oral,402,,,False,Electrolit,0.3,Electrolit Eresa-Kiwi,32.15,,,,0.0,625 ML,False,2026-08-11T00:05:37.88556+00:00,7,,False,FC-25149221,2,5,0,,,,marca,,0,False
True,21.0,Bebés,7501027512574,,15.8,,2026-08-10T19:51:08.809889+00:00,,,Evenflo Colors,0,0.0,inmediato,,Biberón,367,,,False,Evenflo,0.3,Evenflo Colors,25.28,,,,0.0,,False,2026-08-11T00:05:37.88556+00:00,8,,False,FC-27512574,1,5,0,,,,marca,,0,False
True,9.0,Botiquín,75065529003221,,3.7,,2026-08-10T19:51:08.809889+00:00,,,Quirmex,0,0.0,inmediato,,Vaso recolector,399,,,False,Quirmex,0.5,Quirmex,5.93,,,,0.0,,False,2026-08-11T00:05:37.88556+00:00,4,,False,FC-29003221,1,5,0,,,,marca,,0,False
True,,Producto,,,11.0,,2026-08-11T00:19:23.977326+00:00,,,Reumatol,0,0,inmediato,,Pomada,513,,,False,Del Viejito,,Reumatol,17.61,,,,0,60 G,False,,,,False,FC-2E5B7248,2,5,0,,,,marca,,0,False
True,,Otro,75011230133021,,273.42,,2026-08-11T00:19:06.632557+00:00,,,Iri,0,0,inmediato,,AMPOLLETA,501,,,False,Iri,,Iri,437.48,,,,0,,False,,,,False,FC-30133021,17,5,0,,,,marca,,0,False
True,57.0,Suplemento,7501033954061,,42.0,,2026-08-10T19:50:41.010327+00:00,,,Ensure líquido 236 ml chocolate — ticket 112558,0,0.0,inmediato,,Líquido,351,,,False,Ensure,0.35,Ensure chocolate,63.0,,,,0.0,236 ML,True,2026-08-11T00:02:47.082937+00:00,12,,False,FC-33950100,2,5,0,,,,marca,,0,False
True,164.0,Producto,7501868900134,,108.88,,2026-08-10T19:51:08.809889+00:00,,,Gasa Lox10 C/100,0,0.0,inmediato,,,381,,,False,Dibar,0.5,Gasa Lox10 C/100,174.21,,,,0.0,C/100,False,2026-08-11T00:05:37.88556+00:00,4,,False,FC-68900134,3,5,0,,,,marca,,0,False
True,65.0,Otro,,250 MG/100 ML,47.7,,2026-08-10T19:50:21.991528+00:00,,,Bioerter,0,0.0,inmediato,,SUSPENSION,129,,,False,Bioerter,0.35,Bioerter,62.02,,,,0.0,1 SUSPENSION,False,2026-08-11T00:05:37.88556+00:00,3,,False,FC-6898B64F,1,5,0,,,,marca,,0,False
True,130.0,GENERAL,,,96.21,,2026-08-10T19:50:21.991528+00:00,,,Protect aerosol 200 dosis,0,0.0,inmediato,,,93,,,False,Protect,0.35,Protect aerosol 200 dosis,125.08,,,,0.0,12.80 G,True,2026-08-11T00:02:47.082937+00:00,12,,False,FC-6B2ADEE9,1,5,0,,,,marca,,0,False
True,,Cuidado personal,650240013850,,30.02,,2026-08-14T16:06:31.999863+00:00,,,,0,0,inmediato,,,583,,,False,Teatrical,,Crema Teatrical Lanolina,43,,,,0,52 g,False,,,,False,FC-40013850,1,5,0,,,,marca,,0,False
True,176.0,Otro,,2 ML,130.24,,2026-08-10T19:50:21.991528+00:00,,,Susp 125 Mg/Ml,0,0.0,inmediato,,AMPOLLETA,102,,,False,Budenova,0.35,Susp 125 Mg/Ml,169.32,,,,0.0,5 AMPOLLETA,True,2026-08-11T00:02:47.082937+00:00,12,,False,FC-6C2878CF,1,5,0,,,,marca,,0,False
True,,Otro,7501070612368,,152.0,,2026-08-11T00:19:06.632557+00:00,,,Treda,0,0,inmediato,,TABLETAS,468,,,False,Treda,,Treda,198.0,,,,0,C/20,False,,,,False,FC-70612368,2,5,0,,,,marca,,0,False
True,62.0,Cuidado personal,7501072300171,,80.46,,2026-08-10T19:50:21.991528+00:00,,,Ting polvo decolorante,0,0.0,inmediato,,Polvo,221,,,False,Ting,0.4,Talco Desodorante Ting polvo,113.0,,,,0.0,85 G,False,2026-08-11T00:05:37.88556+00:00,5,,False,FC-72300171,1,5,0,,,,marca,,0,False
True,958.0,Botiquín,7501868900257,,53.2,,2026-08-10T19:50:41.010327+00:00,,,Alcohol Dibar 1 L rojo — ticket 112558,0,0,inmediato,,Alcohol,338,,,False,Dibar,0.5,Alcohol Etilico Rojo 96°,80,,,,0,1 L,False,2026-08-11T00:05:37.88556+00:00,4,,False,FC-68960257,12,5,0,,,,marca,,0,False
True,122.0,Suplemento,7501033956331,,44,,2026-08-10T19:50:41.010327+00:00,,,Pediasure líquido 236 ml fresa — ticket 112558,0,0,inmediato,,Líquido,352,,,False,Pediasure,0.45,Pediasure fresa,66,,,,0,236 ML,False,2026-08-11T00:05:37.88556+00:00,6,,False,FC-33950063,2,5,0,,,,marca,,0,False
True,1016.0,Botiquín,7501868990023,,28.2,,2026-08-10T19:50:41.010327+00:00,,,Alcohol Dibar 500 ml rojo — ticket 112558,0,0,inmediato,,Alcohol,340,,,False,Dibar,0.5,Alcohol Etilico Rojo 96°,49,,,,0,500 ML,False,2026-08-11T00:05:37.88556+00:00,4,,False,FC-68990023,3,5,0,,,,marca,,0,False
True,64.0,Cuidado personal,7502224511711,,45.26,,2026-08-10T19:50:41.010327+00:00,,,Silica Shine Sily 3/1 Mora,0,0.0,inmediato,,Tratamiento capilar,268,,,False,ShineSily,0.4,Silica Shine Sily 3/1 Mora,63,,,,0.0,105 ML,False,2026-08-11T00:05:37.88556+00:00,5,,False,FC-24511711,1,5,0,,,,marca,,0,False
True,44.0,Otro,,500MG/2 ML,31.94,,2026-08-10T19:50:21.991528+00:00,,,Amikacina,0,0.0,inmediato,,AMPOLLETA,75,,,False,,0.35,Amikacina,51.11,,,,0.0,2 AMPOLLETA,True,2026-08-11T00:02:47.082937+00:00,12,AMIKACINA,False,FC-11294615,1,5,0,,,,generico,,0,False
True,62.0,Otro,,1 G/3 ML,45.42,,2026-08-10T19:50:21.991528+00:00,,,Ceftazidima,0,0.0,inmediato,,FRASCO AMPULA,123,,,False,Ceftazidima,0.35,Ceftazidima,59.05,,,,0.0,1 FRASCO AMPULA,True,2026-08-11T00:02:47.082937+00:00,12,,False,FC-357D4A17,2,5,0,,,,marca,,0,False
True,,Producto,,,6.0,,2026-08-11T00:19:23.977326+00:00,,,Mercurio Espiritus Tomar 1760823,0,0,inmediato,,,515,,,False,Mercurio,,Mercurio Espiritus Tomar 1760823,9.61,,,,0,C/25,False,,,,False,FC-3676D5DC,3,5,0,,,,marca,,0,False
True,,Producto,,,8.0,,2026-08-11T00:19:23.977326+00:00,,,Mercurio Aceite Romero 1910923,0,0,inmediato,,,521,,,False,Mercurio,,Mercurio Aceite Romero 1910923,12.8,,,,0,C/25,False,,,,False,FC-38CAFE6B,3,5,0,,,,marca,,0,False
True,,Producto,,,12.0,,2026-08-11T00:19:23.977326+00:00,,,Mercurio Glicerina 1230723 83125,0,0,inmediato,,,517,,,False,Mercurio,,Mercurio Glicerina 1230723 83125,19.21,,,,0,C/25,False,,,,False,FC-39036C88,3,5,0,,,,marca,,0,False
True,,Producto,7501080950139,,42.5,,2026-08-11T00:19:06.632557+00:00,,,Lásico enzimático,0,0,inmediato,,,452,,,False,Lásico,,Lásico enzimático,68.0,,,,0,Caja,False,,,,False,FC-80950139,1,5,0,,,,marca,,0,False
True,52.0,Higiene,7501943454811,,39.6,,2026-08-10T19:51:08.809889+00:00,,,Toallitas húmedas cuidado puro,0,0.0,inmediato,,Toallas húmedas,408,,,False,Huggies,0.3,Toallitas húmedas cuidado puro,63.37,,,,0.0,C/80,False,2026-08-11T00:05:37.88556+00:00,8,,False,FC-43454811,9,5,0,,,,marca,,0,False
True,31.0,Higiene,7501943471900,,21.46,,2026-08-10T19:51:08.809889+00:00,,,Toallitas húmedas C/120,0,0.0,inmediato,,Toallas húmedas,405,,,False,Absorsec,0.4,Toallitas húmedas C/120,34.34,,,,0.0,C/120,False,2026-08-11T00:05:37.88556+00:00,5,,False,FC-43471900,1,5,0,,,,marca,,0,False
True,77.0,Otro,75010545079011,,56.5,,2026-08-10T19:51:08.809889+00:00,,,Labello,0,0.0,inmediato,,POMADA,418,,,False,Labello,0.35,Labello,90.4,,,,0.0,,True,2026-08-11T00:02:47.082937+00:00,12,,False,FC-45079011,1,5,0,,,,marca,,0,False
True,,Producto,,,69.0,,2026-08-11T00:19:23.977326+00:00,,,Mercurio Sulfatiazol Polvo 1710824,0,0,inmediato,,,538,,,False,Mercurio,,Mercurio Sulfatiazol Polvo 1710824,110.4,,,,0,C/50,False,,,,False,FC-47AAF23B,1,5,0,,,,marca,,0,False
True,23.0,Botiquín,7501048335305,,14.7,,2026-08-10T19:51:08.809889+00:00,,,Degasa 15.00 Agua Oxigenada,0,0.0,inmediato,,Agua oxigenada,390,,,False,Degasa,0.5,Degasa 15.00 Agua Oxigenada,23.52,,,,0.0,480 ML,False,2026-08-11T00:05:37.88556+00:00,4,,False,FC-48335305,1,5,0,,,,marca,,0,False
True,,Higiene,75010173629981,,33.3,,2026-08-11T00:19:06.632557+00:00,,,Kleenex Panuelos Pack C/8 1,0,0,inmediato,,Pañuelos desechables,511,,,False,Kleenex,,Kleenex Panuelos Pack C/8 1,53.28,,,,0,C/8,False,,,,False,FC-73629981,1,5,0,,,,marca,,0,False
True,44.0,Otro,,100 G/40 G,32.41,,2026-08-10T19:50:21.991528+00:00,,,S,0,0.0,inmediato,,CREMA,115,,,False,Sonblefam,0.35,S,42.14,,,,0.0,1 CREMA,True,2026-08-11T00:02:47.082937+00:00,12,,False,FC-77FE5C83,1,5,0,,,,marca,,0,False
True,,Otro,7501079400556,,107.4,,2026-08-11T00:19:06.632557+00:00,,,Sanfer Syncol,0,0,inmediato,,TABLETAS,461,,,False,Sanfer,,Sanfer Syncol,139.62,,,,0,871210734092301 TABLETAS,False,,,,False,FC-79400556,1,5,0,,,,marca,,0,False
True,21.0,Otro,,100MG,14.85,,2026-08-10T19:50:21.991528+00:00,,,Acetilsalicilico,0,0.0,inmediato,,TABLETAS,53,,,False,Acido,0.35,Acetilsalicilico,19.31,,,,0.0,30 TABLETAS,False,2026-08-11T00:05:37.88556+00:00,3,,False,FC-7D1D9857,5,5,0,,,,marca,,0,False
True,29.0,Otro,,500MG/2 ML,20.37,,2026-08-10T19:50:21.991528+00:00,,,Ampicilina,0,0.0,inmediato,,FRASCO AMPULA,50,,,False,,0.35,Ampicilina,32.6,,,,0.0,1 FRASCO AMPULA,True,2026-08-11T00:02:47.082937+00:00,12,AMPICILINA,False,FC-7F90064A,2,5,0,,,,generico,,0,False
True,,Higiene,7501035908116,,38.18,,2026-08-14T16:35:08.362282+00:00,,,,0,0,inmediato,,,584,,,False,Mennen,,Talco Para Bebe Mennen Azul ch,54,,,,0,100 g,False,,,,False,FC-35908116,1,5,0,,,,marca,,0,False
True,75.0,Higiene,75076009,,51.5,,2026-08-10T19:50:21.991528+00:00,,,Rexona 48H Happy-M,0,0.0,inmediato,,Desodorante,175,,,False,Rexona,0.4,Rexona 48H Happy (Mujer),85.6,,,,0.0,STICK 45 G,False,2026-08-11T00:05:37.88556+00:00,5,,False,FC-75076009,1,5,0,,,,marca,,0,False
True,25.0,Botiquín,7506313000353,,19,,2026-08-10T19:50:41.010327+00:00,,,Agua destilada La Flor 1 L — ticket 112558,0,0,inmediato,,Agua destilada,341,,,False,La Flor,0.3,Agua destilada La Flor,29,,,,0,1 L,False,2026-08-11T00:05:37.88556+00:00,7,,False,FC-77620056,3,5,0,,,,marca,,0,False
True,121.0,Cuidado personal,42270027,,86.77,,2026-08-10T19:50:41.010327+00:00,,,Nivea Cuidada Clar-Nat,0,0.0,inmediato,,Crema,290,,,False,Nivea,0.4,Crema Nivea Facial 7 en 1,137.4,,,,0.0,200 ML,False,2026-08-11T00:05:37.88556+00:00,5,,False,FC-42270027,1,5,0,,,,marca,,0,False
True,119.0,Higiene,7506309895208,,17,,2026-08-10T19:50:41.010327+00:00,,,Naturella flujo moderado C/8 con alas — ticket 112558,0,0,inmediato,,Toallas sanitarias,357,,,False,Naturella,0.4,Naturella flujo moderado con alas,26,,,,4,C/8,False,2026-08-11T00:05:37.88556+00:00,5,,False,FC-01157296,5,5,8,,,,marca,,8,True
True,24.0,Higiene,75069223,,42.82,,2026-08-10T19:50:21.991528+00:00,,,Rexona Mot-Sen Sport Stick,0,0.0,inmediato,,Desodorante,192,,,False,Rexona,0.4,Rexona Sport Stick,60.0,,,,0.0,45 g,False,2026-08-11T00:05:37.88556+00:00,5,,False,FC-75069223,1,5,0,,,,marca,,0,False
True,,Producto,7501080953017,,49.0,,2026-08-11T00:19:06.632557+00:00,,,Trojan,0,0,inmediato,,,455,,,False,Trojan,,Trojan,78.41,,,,0,C/3,False,,,,False,FC-80953017,1,5,0,,,,marca,,0,False
True,,Producto,7501089810021,,79.38,,2026-08-11T00:19:06.632557+00:00,,,Armstrong Herklin Ne Sham 60 Ml,0,0,inmediato,,SHAMPOO,488,,,False,Armstrong,,Armstrong Herklin Ne Sham 60 Ml,127.01,,,,0,60 ML,False,,,,False,FC-89810021,2,5,0,,,,marca,,0,False
True,30.0,Cuidado personal,7506376000284,,81.74,,2026-08-10T19:50:21.991528+00:00,,,Vitacilina Ros-Sab,0,0.0,inmediato,,Agua micelar,199,,,False,Vitacilina,0.4,Vitacilina agua micelar agua rosas,110,,,,0.0,500 ML,False,2026-08-11T00:05:37.88556+00:00,5,,False,FC-76000284,1,5,0,,,,marca,,0,False
True,25.0,Cuidado personal,7506192506045,,17.98,,2026-08-10T19:50:41.010327+00:00,,,Ego Firme Matte,0,0.0,inmediato,,Cera capilar,275,,,False,Ego,0.4,Cera Ego Matte,27,,,,0.0,25 G,False,2026-08-11T00:05:37.88556+00:00,5,,False,FC-92506045,1,5,0,,,,marca,,0,False
True,31.0,Cuidado personal,7501048623006,,21.7,,2026-08-10T19:51:08.809889+00:00,,,Protec Pads Facial Redondos C/100,0,0.0,inmediato,,Pads,370,,,False,Protec,0.4,Protec Pads Facial Redondos C/100,34.72,,,,0.0,C/100,False,2026-08-11T00:05:37.88556+00:00,5,,False,FC-48623006,2,5,0,,,,marca,,0,False
True,,Producto,,,66.3,,2026-08-11T00:19:23.977326+00:00,,,Gelcavit-9M Capsulas,0,0,inmediato,,,554,,,False,Gelcavit-9M,,Gelcavit-9M Capsulas,86.19,,,,0,C/30,False,,,,False,FC-4F05124E,1,5,0,,,,marca,,0,False
True,,Otro,75011650003151,,118.58,,2026-08-11T00:19:06.632557+00:00,,,Opella Neomelubrina Jbe I 121.00 Neomelubrina Jbe I,0,0,inmediato,,Inyectable,476,,,False,Opella,,Opella Neomelubrina Jbe I 121.00 Neomelubrina Jbe I,189.73,,,,0,100 ML,False,,,,False,FC-50003151,1,5,0,,,,marca,,0,False
True,113.0,Botiquín,7501250882017,,75.2,,2026-08-10T19:51:08.809889+00:00,,,Dermodine Espuma 120 Mi,0,0.0,inmediato,,Espuma,382,,,False,Dermodine,0.5,Dermodine Espuma 120 Mi,120.32,,,,0.0,,False,2026-08-11T00:05:37.88556+00:00,4,,False,FC-50882017,2,5,0,,,,marca,,0,False
True,34.0,Otro,,8MG/2 ML,24.45,,2026-08-10T19:50:21.991528+00:00,,,Erispan,0,0.0,inmediato,,FRASCO AMPULA,108,,,False,Erispan,0.35,Erispan,31.79,,,,0.0,1 FRASCO AMPULA,True,2026-08-11T00:02:47.082937+00:00,12,,False,FC-50AC2C82,1,5,0,,,,marca,,0,False
True,153.0,Producto,75064751067711,,112.7,,2026-08-10T19:51:08.809889+00:00,,,Nido,0,0.0,inmediato,,,393,,,False,Nido,0.35,Nido,180.33,,,,0.0,,True,2026-08-11T00:02:47.082937+00:00,12,,False,FC-51067711,1,5,0,,,,marca,,0,False
True,169.0,GENERAL,75064751078461,,129.4,,2026-08-10T19:51:08.809889+00:00,,,Nan 1 Pro 1,0,0.0,inmediato,,,397,,,False,Nan,0.3,Nan 1 Pro 1,207.05,,,,0.0,,False,2026-08-11T00:05:37.88556+00:00,8,,False,FC-51078461,1,5,0,,,,marca,,0,False
True,77.0,GENERAL,75064751078531,,58.7,,2026-08-10T19:51:08.809889+00:00,,,Nan Nestle Bolsa Nestle Bolsa,0,0.0,inmediato,,,398,,,False,Nan,0.3,Nan Nestle Bolsa Nestle Bolsa,93.93,,,,0.0,2 G,False,2026-08-11T00:05:37.88556+00:00,8,,False,FC-51078531,1,5,0,,,,marca,,0,False
True,29.0,Higiene,75011251448511,,20.5,,2026-08-10T19:51:08.809889+00:00,,,Electrolit Uva,0,0.0,inmediato,,Suero oral,400,,,False,Electrolit,0.3,Electrolit Uva,32.81,,,,0.0,525 ML,False,2026-08-11T00:05:37.88556+00:00,7,,False,FC-51448511,2,5,0,,,,marca,,0,False
True,50.0,Otro,,400/57MG/5/50 ML,36.79,,2026-08-10T19:50:21.991528+00:00,,,12H Jr,0,0.0,inmediato,,SUSPENSION,54,,,False,Clamoxin,0.35,12H Jr,47.83,,,,0.0,1 SUSPENSION,False,2026-08-11T00:05:37.88556+00:00,3,AMOXICILINA/AC. CLAVULANICO,False,FC-516C2E89,3,5,0,,,,marca,,0,False
True,29.0,Higiene,75011251747971,,20.5,,2026-08-10T19:51:08.809889+00:00,,,Electrolit Mora Azul,0,0.0,inmediato,,Suero oral,404,,,False,Electrolit,0.3,Electrolit Mora Azul,32.81,,,,0.0,625 ML,False,2026-08-11T00:05:37.88556+00:00,7,,False,FC-51747971,2,5,0,,,,marca,,0,False
True,,Cuidado personal,,,10.5,,2026-08-11T00:19:23.977326+00:00,,,Mercurio Arnica 2550123,0,0,inmediato,,Pomada,548,,,False,Mercurio,,Mercurio Arnica 2550123,16.8,,,,0,C/25,False,,,,False,FC-89F00320,5,5,0,,,,marca,,0,False
True,,Producto,,,9.0,,2026-08-11T00:19:23.977326+00:00,,,Mertiolate Kohn Rojo 012023 82912,0,0,inmediato,,,522,,,False,Mertiolate,,Mertiolate Kohn Rojo 012023 82912,14.4,,,,0,C/25,False,,,,False,FC-926099D3,5,5,0,,,,marca,,0,False
True,43.0,Abarrotes,75010592821171,,30.67,,2026-08-10T19:51:08.809889+00:00,,,Nido Nido Nestle Bolsa Nestle,0,0.0,inmediato,,Leche,395,,,False,Nido,0.4,Nido Nido Nestle Bolsa Nestle,49.08,,,,0.0,240 G,False,2026-08-11T00:05:37.88556+00:00,11,,False,FC-92821171,2,5,0,,,,marca,,0,False
True,63.0,Cuidado personal,7502254073302,,45.26,,2026-08-10T19:50:41.010327+00:00,,,Silica Shine Sily Oleo Argan,0,0.0,inmediato,,Tratamiento capilar,267,,,False,Shine Sily,0.4,Silica Shine Sily Oleo Argan,63,,,,0.0,105 ML,False,2026-08-11T00:05:37.88556+00:00,5,,False,FC-54073302,1,5,0,,,,marca,,0,False
True,57.0,Cuidado personal,7506192509213,,41.84,,2026-08-10T19:50:41.010327+00:00,,,Nutribela Nutrice Tarro,0,0.0,inmediato,,Crema,230,,,False,Nutribela,0.4,Nutribela Nutricion,64.39,,,,0.0,300 G,False,2026-08-11T00:05:37.88556+00:00,5,,False,FC-92509213,1,5,0,,,,marca,,0,False
True,73.0,Higiene,7791293022567,,54.68,,2026-08-10T19:50:21.991528+00:00,,,Rexona Men V8 Tun Spy,0,0.0,inmediato,,Desodorante,173,,,False,Rexona,0.4,Desodorante Rexona Men V8 (Hombre),77.0,,,,0.0,90 G,False,2026-08-11T00:05:37.88556+00:00,5,,False,FC-93022567,1,5,0,,,,marca,,0,False
True,65.0,Higiene,7506306245686,,45.83,,2026-08-10T19:50:21.991528+00:00,,,Axe Men Epic-F 48H,0,0.0,inmediato,,Desodorante,179,,,False,Axe,0.4,Desodorante Axe Men Epic-F 48H,73.33,,,,0.0,SPRAY 150 ML,False,2026-08-11T00:05:37.88556+00:00,5,,False,FC-06245686,3,5,0,,,,marca,,0,False
True,65.0,Higiene,7791293025865,,45.83,,2026-08-10T19:50:21.991528+00:00,,,Axe Men Gold Temp,0,0.0,inmediato,,Desodorante,180,,,False,Axe,0.4,desodorante Axe Men Gold Temp,73.33,,,,0.0,,False,2026-08-11T00:05:37.88556+00:00,5,,False,FC-93025865,1,5,0,,,,marca,,0,False
True,,Higiene,7509546073118,,29.31,,2026-08-13T18:21:57.221195+00:00,,,,0,0,inmediato,,,576,,,False,,,Shampo Caprice Acti-Ceramidas,40,,,,0,380 mL,False,,,,False,FC-46073118,1,5,0,,,,marca,,0,False
True,,Botiquín,7506022322395,,11.53,,2026-08-14T17:29:36.108333+00:00,,,,0,0,inmediato,,,585,,,False,Sensi Medical,,Normogotero Sensi Medical,18,,,,0,1 pz,False,,,,False,FC-22322395,5,5,0,,,,marca,,0,False
True,13.0,Higiene,7501019006371,,20.34,,2026-08-10T19:50:41.010327+00:00,,,Saba Inv Alas,0,0.0,inmediato,,Toallas sanitarias,332,,,False,Saba,0.4,Toallas Saba Inv isible Alas,30,,,,0.0,C/10,False,2026-08-11T00:05:37.88556+00:00,5,,False,FC-19006371,2,5,0,,,,marca,,0,False
True,19.0,Higiene,7891010974329,,54.06,,2026-08-10T19:50:41.010327+00:00,,,Listerine Zero Mta Sve,0,0.0,inmediato,,Enjuague bucal,326,,,False,Listerine,0.4,Enjuague Buc Listerine Cool Mint,76.0,,,,0.0,250 ML,False,2026-08-11T00:05:37.88556+00:00,5,,False,FC-10974329,1,5,0,,,,marca,,0,False
True,29.0,Otro,,250MG/5/75 ML,20.58,,2026-08-10T19:50:21.991528+00:00,,,Vandil,0,0.0,inmediato,,SUSPENSION,56,,,False,Vandil,0.35,Vandil,26.76,,,,0.0,1 SUSPENSION,False,2026-08-11T00:05:37.88556+00:00,3,,False,FC-930E0B1B,1,5,0,,,,marca,,0,False
True,,Producto,,,8.0,,2026-08-11T00:19:23.977326+00:00,,,Mercurio Aceite Coco 800523 83064,0,0,inmediato,,,519,,,False,Mercurio,,Mercurio Aceite Coco 800523 83064,12.8,,,,0,C/25,False,,,,False,FC-931B4809,5,5,0,,,,marca,,0,False
True,,Producto,,,65.0,,2026-08-11T00:19:23.977326+00:00,,,Mercurio Haba Alcanforada 1510724,0,0,inmediato,,,543,,,False,Mercurio,,Mercurio Haba Alcanforada 1510724,104.0,,,,0,C/50,False,,,,False,FC-9507CD66,1,5,0,,,,marca,,0,False
True,,Producto,75012895201021,,71.0,,2026-08-11T00:19:06.632557+00:00,,,Hipoglos Turo,0,0,inmediato,,,457,,,False,Hipoglos,,Hipoglos Turo,113.6,,,,0,45 G,False,,,,False,FC-95201021,1,5,0,,,,marca,,0,False
True,44.0,Otro,,250MG/5/75 ML,27.09,,2026-08-10T19:50:21.991528+00:00,,,Gimalxina,0,0.0,inmediato,,SUSPENSION,63,,,False,,0.6,Gimalxina,43.35,,,,0.0,1 SUSPENSION,False,2026-08-11T00:05:37.88556+00:00,1,GIMALXINA,False,FC-974EE5FD,1,5,0,,,,generico,,0,False
True,,Higiene,75010898100381,,128.8,,2026-08-11T00:19:06.632557+00:00,,,Shampoo Herklin,0,0,inmediato,,,478,,,False,Herklin,,Shampoo Herklin,206.09,,,,0,20 ML,False,,,,False,FC-98100381,1,5,0,,,,marca,,0,False
True,,Analgésico,7501298223704,,269.28,,2026-08-11T00:19:06.632557+00:00,,,Dolo-Neurobión,0,0,inmediato,,Tabletas,502,,,False,Neurobion,,Dolo-Neurobión,694.89,,,,23,20 TABLETAS,False,,,Diclofenaco c/ Complejo B,False,FC-98217659,1,5,30,,,,marca,,20,True
True,19.0,Cuidado personal,4005900701992,,36.3,,2026-08-10T19:50:41.010327+00:00,,,Nivea Manos 3En1 Ant-Arrugas,0,0.0,inmediato,,Crema,327,,,False,Nivea,0.4,Crema Nivea Manos  Ant-Arrugas,51.0,,,,0.0,75 ML,False,2026-08-11T00:05:37.88556+00:00,5,,False,FC-00701992,1,5,0,,,,marca,,0,False
True,,Cuidado personal,,,9.5,,2026-08-11T00:19:23.977326+00:00,,,Mercurio Veneno De Abeja,0,0,inmediato,,Pomada,545,,,False,Mercurio,,Mercurio Veneno De Abeja,15.2,,,,0,C/25,False,,,,False,FC-9827438F,3,5,0,,,,marca,,0,False
True,,Producto,,,14.5,,2026-08-11T00:19:23.977326+00:00,,,Perilla Edigar N O Caja,0,0,inmediato,,,537,,,False,Perilla,,Perilla Edigar N O Caja,23.21,,,,0,,False,,,,False,FC-9A1C64E7,2,5,0,,,,marca,,0,False
True,36.0,Otro,,30 MG,26.11,,2026-08-10T19:50:21.991528+00:00,,,Amdoryl,0,0.0,inmediato,,CAPSULAS,142,,,False,Amdoryl,0.35,Amdoryl,33.95,,,,0.0,14 CAPSULAS,False,2026-08-11T00:05:37.88556+00:00,3,,False,FC-9A37D44A,2,5,0,,,,marca,,0,False
True,120.0,Otro,,600MG/4 ML,88.42,,2026-08-10T19:50:21.991528+00:00,,,Clindamicina,0,0.0,inmediato,,FRASCO AMPULA,7,,,False,,0.35,Clindamicina,141.48,,,,0.0,FRASCO AMPULA,True,2026-08-11T00:02:47.082937+00:00,12,CLINDAMICINA,False,FC-9A4E4C31,2,5,0,,,,generico,,0,False
True,157.0,Otro,,100MG/5 ML/50 ML,97.6,,2026-08-10T19:50:21.991528+00:00,,,Beneventol,0,0.0,inmediato,,SUSPENSION,118,,,False,,0.6,Beneventol,156.16,,,,0.0,1 SUSPENSION,False,2026-08-11T00:05:37.88556+00:00,1,BENEVENTOL,False,FC-9B93AC4C,1,5,0,,,,generico,,0,False
True,37.0,Otro,,250MG 60 ML,27.0,,2026-08-10T19:50:21.991528+00:00,,,Amifarin,0,0.0,inmediato,,SUSPENSION,110,,,False,Amifarin,0.35,Amifarin,35.1,,,,0.0,1 SUSPENSION,False,2026-08-11T00:05:37.88556+00:00,3,,False,FC-9F67BB73,1,5,0,,,,marca,,0,False
True,56.0,Otro,,100 MG,34.61,,2026-08-10T19:50:21.991528+00:00,,,Zitriasol,0,0.0,inmediato,,CAPSULAS,132,,,False,,0.6,Zitriasol,55.38,,,,0.0,15 CAPSULAS,False,2026-08-11T00:05:37.88556+00:00,1,ZITRIASOL,False,FC-A23F290E,2,5,0,,,,generico,,0,False
True,154.0,Producto,,,113.89,,2026-08-10T19:50:21.991528+00:00,,,Hialuronato De Sodio 4Mg,0,0.0,inmediato,,,145,,,False,Hialuronato,0.35,Hialuronato De Sodio 4Mg,148.06,,,,0.0,10 ML,True,2026-08-11T00:02:47.082937+00:00,12,,False,FC-A2B284E0,1,5,0,,,,marca,,0,False
True,,Producto,,,11.0,,2026-08-11T00:19:23.977326+00:00,,,Mercurio Yodo Tomar 1800823 83156,0,0,inmediato,,,528,,,False,Mercurio,,Mercurio Yodo Tomar 1800823 83156,17.61,,,,0,C/25,False,,,,False,FC-A680F97E,3,5,0,,,,marca,,0,False
True,,Botiquín,,,22.5,,2026-08-11T00:19:23.977326+00:00,,,Perilla N6,0,0,inmediato,,,533,,,False,Edigar,,Perilla N6,30.38,,,,0,PIEZA,False,,,,False,FC-A871D831,2,5,0,,,,generico,,0,False
True,96.0,Producto,,,70.74,,2026-08-10T19:50:21.991528+00:00,,,Drosquim Ad 1 Ibe 300/160,0,0.0,inmediato,,,156,,,False,Drosquim,0.35,Drosquim Ad 1 Ibe 300/160,91.97,,,,0.0,200 ML,True,2026-08-11T00:02:47.082937+00:00,12,,False,FC-AA7B0686,1,5,0,,,,marca,,0,False
True,22.0,Otro,,150/10 MG,16.11,,2026-08-10T19:50:21.991528+00:00,,,Perludil,0,0.0,inmediato,,FRASCO AMPULA,77,,,False,Perludil,0.35,Perludil,20.95,,,,0.0,1 FRASCO AMPULA,True,2026-08-11T00:02:47.082937+00:00,12,,False,FC-AA905BF7,1,5,0,,,,marca,,0,False
True,64.0,Otro,,180 MG,47.31,,2026-08-10T19:50:21.991528+00:00,,,Desrotan,0,0.0,inmediato,,TABLETAS,157,,,False,Desrotan,0.35,Desrotan,61.51,,,,0.0,10 TABLETAS,False,2026-08-11T00:05:37.88556+00:00,3,,False,FC-B3B8F9BB,1,5,0,,,,marca,,0,False
True,41.0,Otro,,500/30 MG,30.04,,2026-08-10T19:50:21.991528+00:00,,,Pentibroxil,0,0.0,inmediato,,CAPSULAS,33,,,False,Pentibroxil,0.35,Pentibroxil,39.06,,,,0.0,16 CAPSULAS,False,2026-08-11T00:05:37.88556+00:00,3,,False,FC-B4477A00,2,5,0,,,,marca,,0,False
True,,Botiquín,,,48.0,,2026-08-11T00:19:23.977326+00:00,,,Bicarbonato Sobres,0,0,inmediato,,Producto natural,531,,,False,Bicarbonato,,Bicarbonato Sobres,76.81,,,,0,C/50,False,,,,False,FC-B8D7C997,1,5,0,,,,marca,,0,False
True,,Botiquín,,,15.5,,2026-08-11T00:19:23.977326+00:00,,,Perilla N1,0,0,inmediato,,,542,,,False,Edigar,,Perilla N1,24.8,,,,0,PIEZA,False,,,,False,FC-BCF59548,12,5,0,,,,generico,,0,False
True,113.0,Otro,,300 MG,70.49,,2026-08-10T19:50:21.991528+00:00,,,Irbesartan,0,0.0,inmediato,,TABLETAS,161,,,False,,0.6,Irbesartan,112.79,,,,0.0,14 TABLETAS,False,2026-08-11T00:05:37.88556+00:00,1,IRBESARTAN,False,FC-BDB2E087,1,5,0,,,,generico,,0,False
True,,Botiquín,,,9.26,,2026-08-11T00:19:23.977326+00:00,,,Sumitex Intravenoso- Pu X 25 Mm C/1 Azul,0,0,inmediato,,Catéter,561,,,False,Sumitex,,Sumitex Intravenoso- Pu X 25 Mm C/1 Azul,12.04,,,,0,22 G,False,,,,False,FC-BE0A0E46,3,5,0,,,,marca,,0,False
True,37.0,Otro,,500 MG,26.82,,2026-08-10T19:50:21.991528+00:00,,,Diclofen,0,0.0,inmediato,,CAPSULAS,20,,,False,Diclofen,0.35,Diclofen,34.87,,,,0.0,12 CAPSULAS,False,2026-08-11T00:05:37.88556+00:00,3,DICLOFENACO,False,FC-CF719C07,2,5,0,,,,marca,,0,False
True,,Otro,7501943475014,,99,,2026-08-11T03:52:58.776274+00:00,,,,0,0,inmediato,,,565,,,False,Diapro,,Pañal Diapro Grande,149,,,,0,,False,,,,False,FC-43475014,2,5,10,,,,marca,,0,False
True,65.0,Higiene,7791293025919,,62.83,,2026-08-10T19:50:21.991528+00:00,,,Axe Excite Seco,0,0.0,inmediato,,Desodorante,172,,,False,Axe,0.4,Desodorante Axe Excite Seco (hombre),88.0,,,,0.0,SPRAY 152 ML,False,2026-08-11T00:05:37.88556+00:00,5,,False,FC-93025919,1,5,0,,,,marca,,0,False
True,65.0,Higiene,7791293038223,,54.68,,2026-08-10T19:50:21.991528+00:00,,,Rexona Men Sport,0,0.0,inmediato,,Desodorante,177,,,False,Rexona,0.4,Desodorante Rexona Men Sport,77.0,,,,0.0,SPRAY 150 ML,False,2026-08-11T00:05:37.88556+00:00,5,,False,FC-93038223,1,5,0,,,,marca,,0,False
True,,Otro,7501056340117,,50.07,,2026-08-13T19:00:39.245293+00:00,,,,0,0,inmediato,,,577,,,False,Sedal,,Crema Para Peinar Sedal Liso Perfecto,71,,,,0,300 mL,False,,,,False,FC-56340117,1,5,0,,,,marca,,0,False
True,,Producto,75010506134531,,75.46,,2026-08-11T00:19:06.632557+00:00,,,Afrin Dtc (Rojo) 20,0,0,inmediato,,SPRAY,444,,,False,Afrin,,Afrin Dtc (Rojo) 20,120.74,,,,0,,False,,,,False,FC-06134531,20,5,0,,,,marca,,0,False
True,50.0,Otro,,5/2 MG,36.86,,2026-08-10T19:50:21.991528+00:00,,,Dex,0,0.0,inmediato,,FRASCO AMPULA,90,,,False,Dison,0.35,Dex,47.92,,,,0.0,1 FRASCO AMPULA,True,2026-08-11T00:02:47.082937+00:00,12,,False,FC-1CF27DC9,1,5,0,,,,marca,,0,False
True,,Cuidado personal,7506306249042,,45.5,,2026-08-11T00:19:06.632557+00:00,,,Vaseline puro 85 g — ticket 112558,0,0,inmediato,,,436,,,False,Vaseline,,Vaseline puro,69.0,,,,0,85 G,False,,,,False,FC-56323059,1,5,0,,,,marca,,0,False
True,,Otro,7501328979502,ADTO 150 MI OPELLA JAR ADTO 150 MI OPELLA,124.4,,2026-08-11T00:19:06.632557+00:00,,,Ne,0,0,inmediato,,JARABE,448,,,False,Histiacil,,Ne,161.72,,,,0,JARABE,False,,,,False,FC-28979502,1,5,0,,,,marca,,0,False
True,178.0,Otro,,0.250MG/2 ML,131.38,,2026-08-10T19:50:21.991528+00:00,,,Budesonida,0,0.0,inmediato,,AMPOLLETA,89,,,False,Budesonida,0.35,Budesonida,170.8,,,,0.0,5 AMPOLLETA,True,2026-08-11T00:02:47.082937+00:00,12,,False,FC-447B30F9,1,5,0,,,,marca,,0,False
True,,GENERAL,75022347624171,,54.49,,2026-08-11T00:19:06.632557+00:00,,,Nailex Desenterrador Unas Desenterrador Unas,0,0,inmediato,,,451,,,False,Nailex,,Nailex Desenterrador Unas Desenterrador Unas,87.19,,,,0,12 ML,False,,,,False,FC-47624171,12,5,0,,,,marca,,0,False
True,,Cuidado personal,7506306249356,,27,,2026-08-11T00:19:06.632557+00:00,,,Vaseline FaseLine puro 42 g — ticket 112558,0,0,inmediato,,,435,,,False,Vaseline,,Vaseline FaseLine puro,41,,,,0,42 G,False,,,,False,FC-56323066,1,5,0,,,,marca,,0,False
True,,Otro,75011650002301,,72.23,,2026-08-11T00:19:06.632557+00:00,,,Eomelubrina,0,0,inmediato,,TABLETAS,447,,,False,Eomelubrina,,Eomelubrina,93.9,,,,0,C/10,False,,,,False,FC-50002301,2,5,0,,,,marca,,0,False
True,25.0,Cuidado personal,7501056342258,,18.17,,2026-08-10T19:50:41.010327+00:00,,,Sedal Recons Estructur,0,0.0,inmediato,,Crema,250,,,False,Sedal,0.4,Crema Para Peinar Sedal Recons Inst,28.44,,,,0.0,135 ML,False,2026-08-11T00:05:37.88556+00:00,5,,False,FC-56342258,1,5,0,,,,marca,,0,False
True,37.0,Cuidado personal,7501054549819,,26.3,,2026-08-10T19:50:41.010327+00:00,,,Crema corporal piel seca,0,0.0,inmediato,,Crema,313,,,False,Nivea,0.4,Crema Nivea Softmilk,42.09,,,,0.0,100 ML,False,2026-08-11T00:05:37.88556+00:00,5,,False,FC-54549819,1,5,0,,,,marca,,0,False
True,35.0,Higiene,75064256131681,,24.89,,2026-08-10T19:51:08.809889+00:00,,,Evenflo,0,0.0,inmediato,,Pañuelos desechables,363,,,False,Evenflo,0.4,Evenflo,39.83,,,,0.0,C/90,False,2026-08-11T00:05:37.88556+00:00,5,,False,FC-56131681,14,5,0,,,,marca,,0,False
True,51.0,Higiene,7501056360429,,71.8,,2026-08-10T19:50:41.010327+00:00,,,Talco desodorante pies,0,0.0,inmediato,,Talco,239,,,False,Genérico,0.4,Talco para pies Rexona Efficient Orig,101.0,,,,0.0,200 G,False,2026-08-11T00:05:37.88556+00:00,5,,False,FC-56360429,1,5,0,,,,marca,,0,False
True,82.0,Cuidado personal,7501056340124,,50.07,,2026-08-10T19:50:41.010327+00:00,,,Sedal Sos Ceramida,0,0.0,inmediato,,Crema,253,,,False,Sedal,0.4,Crema Para Peinar Sedal Ceramida,71.0,,,,0.0,300 ML,False,2026-08-11T00:05:37.88556+00:00,5,,False,FC-56340124,1,5,0,,,,marca,,0,False
True,38.0,Cuidado personal,7501056326142,,59.36,,2026-08-10T19:50:41.010327+00:00,,,Ponds S Humectante,0,0.0,inmediato,,Crema,318,,,False,Ponds,0.4,Crema Ponds Suave y Tersa,84.0,,,,0.0,100 G,False,2026-08-11T00:05:37.88556+00:00,5,,False,FC-56326142,1,5,0,,,,marca,,0,False
True,,Botiquín,7506484500522,,9.5,,2026-08-14T17:35:02.331083+00:00,,,,0,0,inmediato,,,586,,,False,,,Cinta Micropor Cintapore Blanca 2.5 cm x 5m,18,,,,0,1 pz,False,,,,False,FC-84500522,1,5,0,,,,marca,,0,False
True,148.0,Cuidado personal,7501056330309,,72.3,,2026-08-10T19:50:41.010327+00:00,,,Clariant B3 Nml/Gsa,0,0.0,inmediato,,Crema,289,,,False,Ponds,0.4,Crema Ponds Clarant B3,102.0,,,,0.0,100 G,False,2026-08-11T00:05:37.88556+00:00,5,,False,FC-56330309,1,5,0,,,,marca,,0,False
True,32.0,Cuidado personal,7501054504535,,85.87,,2026-08-10T19:50:41.010327+00:00,,,Crema corporal Nivea Milk,0,0,inmediato,,Crema,292,,,False,Nivea,0.4,Crema corporal Nivea Milk,121,,,,0,400 ML,False,2026-08-11T00:05:37.88556+00:00,5,,False,FC-54504535,1,5,0,,,,marca,,0,False
True,,Producto,,,73.5,,2026-08-11T00:19:23.977326+00:00,,,Mercurio Bismuto Subnitrato 1390724,0,0,inmediato,,,530,,,False,Mercurio,,Mercurio Bismuto Subnitrato 1390724,117.6,,,,0,C/50,False,,,,False,FC-D037156B,1,5,0,,,,marca,,0,False
True,70.0,Otro,,875/125 MG,51.18,,2026-08-10T19:50:21.991528+00:00,,,Valclan,0,0.0,inmediato,,TABLETAS,58,,,False,Valclan,0.35,Valclan,66.54,,,,0.0,10 TABLETAS,False,2026-08-11T00:05:37.88556+00:00,3,AMOXICILINA/AC. CLAVULANICO,False,FC-D06E54FE,3,5,0,,,,marca,,0,False
True,,Gastro,7501033954078,,42,,2026-08-11T04:07:59.194311+00:00,,,,0,0,inmediato,,,567,,,False,Ensure,,Ensure Fresa,63,,,,0,237 ML,False,,,,False,FC-33954078,2,5,0,,,,marca,,0,False
True,,Higiene,7501001303464,,75.7,,2026-08-13T19:24:12.014557+00:00,,,,0,0,inmediato,,,578,,,False,Pantene,,Shampoo Pantene Ctrl caida,103,,,,0,400 mL,False,,,,False,FC-01303464,1,5,0,,,,marca,,0,False
True,,Otro,7501008485316,,37.73,,2026-08-11T00:19:06.632557+00:00,,,Tabcin Eferv,0,0,inmediato,,TABLETAS,458,,,False,Tabcin,,Tabcin Eferv,49.05,,,,0,50 TABLETAS · C/12,False,,,,False,FC-08485316,1,5,0,,,,marca,,0,False
True,,Otro,75010650959781,,164.0,,2026-08-11T00:19:06.632557+00:00,,,Centrum C/30,0,0,inmediato,,TABLETAS,454,,,False,Centrum,,Centrum C/30,213.2,,,,0,C/30,False,,,,False,FC-50959781,7,5,0,,,,marca,,0,False
True,,Otro,75010954521161,,48.8,,2026-08-11T00:19:06.632557+00:00,,,Tempra,0,0,inmediato,,UNGÜENTO,456,,,False,Tempra,,Tempra,78.08,,,,0,500 MG · C/10,False,,,,False,FC-54521161,1,5,0,,,,marca,,0,False
True,,Producto,,,53.0,,2026-08-11T00:19:23.977326+00:00,,,Mercurio Borax Polvo 140072483490,0,0,inmediato,,,534,,,False,Mercurio,,Mercurio Borax Polvo 140072483490,84.81,,,,0,C/50,False,,,,False,FC-578F060C,1,5,0,,,,marca,,0,False
True,14.0,Otro,,5 MG,8.88,,2026-08-10T19:50:21.991528+00:00,,,Reglusan,0,0.0,inmediato,,TABLETAS,155,,,True,Reglusan,0.35,Reglusan,11.55,,,,0.0,50 TABLETAS,False,2026-08-11T00:02:47.082937+00:00,3,,False,FC-57925EF3,5,5,0,,,,marca,,0,False
True,26.0,Higiene,75022358203691,,18.9,,2026-08-10T19:51:08.809889+00:00,,,Hilo dental expanding,0,0.0,inmediato,,,416,,,False,Gum,0.35,Hilo dental expanding,30.24,,,,0.0,0.9 M,True,2026-08-11T00:02:47.082937+00:00,12,,False,FC-58203691,22,5,0,,,,marca,,0,False
True,76.0,Abarrotes,7501058611420,,53.7,,2026-08-10T19:51:08.809889+00:00,,,Nido Nido Nestle Bolsa,0,0.0,inmediato,,Leche,396,,,False,Nido,0.4,Nido Nido Nestle Bolsa,85.93,,,,0.0,,False,2026-08-11T00:05:37.88556+00:00,11,,False,FC-58611420,1,5,0,,,,marca,,0,False
True,,Gastro,7501033956126,,47.5,,2026-08-11T04:22:44.577281+00:00,,,,0,0,inmediato,,,568,,,False,Glucerna,,Glucerna Vainilla,72,,,,0,237 ML,False,,,,False,FC-33956126,2,5,0,,,,marca,,0,False
True,,Producto,7501058792792,,59.9,,2026-08-11T00:19:06.632557+00:00,,,Tempra,0,0,inmediato,,,446,,,False,Tempra,,Tempra,96.0,,,,0,C/12,False,,,,False,FC-58792792,1,5,0,,,,marca,,0,False
True,,Cuidado personal,7501058793249,,101.9,,2026-08-11T00:19:06.632557+00:00,,,Lubricante sensación calor,0,0,inmediato,,Lubricante,462,,,False,Sico,,Lubricante sensación calor,163.05,,,,0,50 ML,False,,,,False,FC-58793249,1,5,0,,,,marca,,0,False
True,101.0,Producto,7501059225411,,74.19,,2026-08-10T19:51:08.809889+00:00,,,Nido,0,0.0,inmediato,,,392,,,False,Nido,0.35,Nido,118.71,,,,0.0,,True,2026-08-11T00:02:47.082937+00:00,12,,False,FC-59225411,1,5,0,,,,marca,,0,False
True,,Higiene,7506306237407,,16.48,,2026-08-13T19:29:28.549269+00:00,,,,0,0,inmediato,,,579,,,False,Sedal,,Shampoo Sedal Ceramidas,27,,,,0,190 mL,False,,,,False,FC-06237407,1,5,0,,,,marca,,0,False
True,,Producto,,,8.0,,2026-08-11T00:19:23.977326+00:00,,,Mercurio Aceite Olivo 1000625 83825,0,0,inmediato,,,516,,,False,Mercurio,,Mercurio Aceite Olivo 1000625 83825,12.8,,,,0,C/25,False,,,,False,FC-5A697CC2,3,5,0,,,,marca,,0,False
True,,Botiquín,7506484500607,,15.21,,2026-08-14T17:38:31.032945+00:00,,,,0,0,inmediato,,,587,,,False,Cintapore,,Cinta Micropor Cintapore Blanca 2.5 cm x 9.1 m,28,,,,0,1 pz,False,,,,False,FC-84500607,4,5,0,,,,marca,,0,False
True,21.0,Otro,,150 MG,12.92,,2026-08-10T19:50:21.991528+00:00,,,Fluconazol,0,0.0,inmediato,,CAPSULAS,144,,,False,,0.6,Fluconazol,20.68,,,,0.0,1 CAPSULAS,False,2026-08-11T00:05:37.88556+00:00,1,FLUCONAZOL,False,FC-5BC5F234,2,5,0,,,,generico,,0,False
True,,Producto,,,34.0,,2026-08-11T00:19:23.977326+00:00,,,Mercurio Cloruro De Magnesio Cajita,0,0,inmediato,,,551,,,False,Mercurio,,Mercurio Cloruro De Magnesio Cajita,54.41,,,,0,C/10,False,,,,False,FC-5D59ED54,2,5,0,,,,marca,,0,False
True,79.0,Otro,,400 MG,48.87,,2026-08-10T19:50:21.991528+00:00,,,Norquinol,0,0.0,inmediato,,TABLETAS,124,,,False,,0.6,Norquinol,78.2,,,,0.0,20 TABLETAS,False,2026-08-11T00:05:37.88556+00:00,1,NORQUINOL,False,FC-5D9DFA3D,2,5,0,,,,generico,,0,False
True,27.0,Producto,,,19.41,,2026-08-10T19:50:21.991528+00:00,,,Valgab 3 Ibe /6Ml,0,0.0,inmediato,,,151,,,False,Valgab,0.35,Valgab 3 Ibe /6Ml,25.24,,,,0.0,50 MG,True,2026-08-11T00:02:47.082937+00:00,12,,False,FC-D11D586A,1,5,0,,,,marca,,0,False
True,35.0,Otro,,1 G/5 ML,25.48,,2026-08-10T19:50:21.991528+00:00,,,Ampicilina,0,0.0,inmediato,,FRASCO AMPULA,49,,,False,,0.35,Ampicilina,40.77,,,,0.0,1 FRASCO AMPULA,True,2026-08-11T00:02:47.082937+00:00,12,AMPICILINA,False,FC-D210172A,2,5,0,,,,generico,,0,False
True,,Producto,,,11.5,,2026-08-11T00:19:23.977326+00:00,,,Mercurio Yodo Untar 1810623 83156,0,0,inmediato,,,526,,,False,Mercurio,,Mercurio Yodo Untar 1810623 83156,18.41,,,,0,C/25,False,,,,False,FC-D3D28E20,3,5,0,,,,marca,,0,False
True,,Otro,,C/30 ML,22.65,,2026-08-11T00:19:23.977326+00:00,,,Animalin,0,0,inmediato,,GOTAS,553,,,False,Animalin,,Animalin,29.45,,,,0,GOTAS,False,,,,False,FC-D751525D,1,5,0,,,,marca,,0,False
True,100.0,Otro,,250/200/100/30MG/3 ML,73.57,,2026-08-10T19:50:21.991528+00:00,,,Inf,0,0.0,inmediato,,AMPOLLETA,120,,,False,Ampigrin,0.35,Inf,95.65,,,,0.0,3 AMPOLLETA,True,2026-08-11T00:02:47.082937+00:00,12,,False,FC-DE106642,1,5,0,,,,marca,,0,False
True,30.0,Otro,,40/200/5/120 ML,21.28,,2026-08-10T19:50:21.991528+00:00,,,Bactiver,0,0.0,inmediato,,SUSPENSION,114,,,False,Bactiver,0.35,Bactiver,27.67,,,,0.0,1 SUSPENSION,False,2026-08-11T00:05:37.88556+00:00,3,,False,FC-DEAF33B0,1,5,0,,,,marca,,0,False
True,,Producto,,,68.88,,2026-08-11T00:19:23.977326+00:00,,,Alevarin Capsulas,0,0,inmediato,,,559,,,False,Alevarin,,Alevarin Capsulas,89.55,,,,0,C/45,False,,,,False,FC-DF39BB27,1,5,0,,,,marca,,0,False
True,31.0,Otro,,4MG/3 ML,22.15,,2026-08-10T19:50:21.991528+00:00,,,Erispan,0,0.0,inmediato,,FRASCO AMPULA,107,,,False,Erispan,0.35,Erispan,28.8,,,,0.0,1 FRASCO AMPULA,True,2026-08-11T00:02:47.082937+00:00,12,,False,FC-DF8ADDAB,1,5,0,,,,marca,,0,False
True,,Otro,,DE GRANADA. C/25 1750823,7.0,,2026-08-11T00:19:23.977326+00:00,,,Mercurio,0,0,inmediato,,JARABE,518,,,False,Mercurio,,Mercurio,9.1,,,,0,JARABE,False,,,,False,FC-DFF99C3F,3,5,0,,,,marca,,0,False
True,65.0,Higiene,7501035911208,,23.79,,2026-08-10T19:50:21.991528+00:00,,,Palmolive Aquarium,0,0.0,inmediato,,Jabón líquido,208,,,False,Palmolive,0.4,Palmolive Aquarium,34.0,,,,0.0,221 ML,False,2026-08-11T00:05:37.88556+00:00,5,,False,FC-35911208,1,5,0,,,,marca,,0,False
True,65.0,Higiene,7501943489165,,25.08,,2026-08-10T19:50:21.991528+00:00,,,Escudo Blanco Neut,0,0.0,inmediato,,Jabón líquido,211,,,False,Escudo,0.4,Escudo Jbn Liq Blanco Neut,36.0,,,,0.0,225 ML,False,2026-08-11T00:05:37.88556+00:00,5,,False,FC-43489165,1,5,0,,,,marca,,0,False
True,24.0,Higiene,7506306209862,,45.83,,2026-08-10T19:50:21.991528+00:00,,,Axe 48H Anarchy Fresh Love Fo,0,0.0,inmediato,,Desodorante,210,,,False,Axe,0.4,Desodorante Axe 48H Anarchy Fresh Love (Mujer),65.0,,,,0.0,SPRAY 150 ML,False,2026-08-11T00:05:37.88556+00:00,5,,False,FC-06209862,1,5,0,,,,marca,,0,False
True,104.0,Higiene,7506425652716,,14.775,,2026-08-10T19:50:21.991528+00:00,,,Escudo Azul Rey,0,0.0,inmediato,,Jabón,205,,,False,Escudo,0.4,Escudo Antibacterial Original,19,,,,0.0,135 G,False,2026-08-11T00:05:37.88556+00:00,5,,False,FC-25652716,2,5,0,,,,marca,,0,False
True,71.0,Higiene,7501361111501,,17.77,,2026-08-10T19:50:41.010327+00:00,,,Odolex Desdo,0,0.0,inmediato,,Talco,251,,,False,Odolex,0.4,Talco Desodorante ODolex,25.0,,,,0.0,150 G,False,2026-08-11T00:05:37.88556+00:00,5,,False,FC-61111501,1,5,0,,,,marca,,0,False
True,125.0,Higiene,7506306226852,,45.83,,2026-08-10T19:50:21.991528+00:00,,,Axe Wom Anarchy,0,0.0,inmediato,,Desodorante,213,,,False,Axe,0.4,Desodorante Axe Wom Anarchy,65.0,,,,0.0,SPRAY 150 ML,False,2026-08-11T00:05:37.88556+00:00,5,,False,FC-06226852,1,5,0,,,,marca,,0,False
True,235.0,Higiene,7505514121782,,17.78,,2026-08-10T19:50:21.991528+00:00,,,Jabón proteína de arroz y concha nácar,0,0.0,inmediato,,Jabón,204,,,False,Gelimedic,0.4,Jabón proteína de arroz y concha nácar,25.0,,,,0.0,80 g,False,2026-08-11T00:05:37.88556+00:00,5,,False,FC-14121782,1,5,0,,,,marca,,0,False
True,,Otro,7501056371159,,30.54,,2026-08-12T05:33:44.864659+00:00,,,,0,0,inmediato,,,569,,,False,Dove,,Jabon Dove Exfoliacion,35,,,,0,135 G,False,,,,False,FC-56371159,1,5,0,,,,marca,,0,False
True,65.0,Higiene,7509546657035,,23.79,,2026-08-10T19:50:21.991528+00:00,,,Lio Flor Czo-Rsa,0,0.0,inmediato,,Jabón,214,,,False,Palmolive,0.4,Palmolive Jbn Liq Cerezo y Rosa,34.0,,,,0.0,221 ML,False,2026-08-11T00:05:37.88556+00:00,5,,False,FC-46657035,1,5,0,,,,marca,,0,False
True,42.0,Otro,,1 G/4 ML,31.06,,2026-08-10T19:50:21.991528+00:00,,,I.M,0,0.0,inmediato,,FRASCO AMPULA,84,,,False,Cefotaxima,0.35,I.M,40.38,,,,0.0,1 FRASCO AMPULA,True,2026-08-11T00:02:47.082937+00:00,12,,False,FC-22B18244,3,5,0,,,,marca,,0,False
True,14.0,Otro,,25 MG,8.15,,2026-08-10T19:50:21.991528+00:00,,,Diziver,0,0.0,inmediato,,TABLETAS,147,,,True,Diziver,0.35,Diziver,10.6,,,,0.0,20 TABLETAS,False,2026-08-11T00:02:47.082937+00:00,3,,False,FC-28A424E5,3,5,0,,,,marca,,0,False
True,,Higiene,7509546682815,,29.905,,2026-08-13T22:57:54.100628+00:00,,,,0,0,inmediato,,,580,,,False,Speed Stick,,Desodorante Speed Stick sensitive protect,40,,,,0,150 mL,False,,,,False,FC-46682815,1,5,0,,,,marca,,0,False
True,43.0,Otro,,40 MG,26.35,,2026-08-10T19:50:21.991528+00:00,,,Atorvastatina,0,0.0,inmediato,,TABLETAS,127,,,False,,0.6,Atorvastatina,42.16,,,,0.0,10 TABLETAS,False,2026-08-11T00:05:37.88556+00:00,1,ATORVASTATINA,False,FC-E4BE37BE,2,5,0,,,,generico,,0,False
True,187.0,Otro,,500 MG,137.92,,2026-08-10T19:50:21.991528+00:00,,,Fasiclor,0,0.0,inmediato,,CAPSULAS,18,,,False,Fasiclor,0.35,Fasiclor,179.3,,,,0.0,15 CAPSULAS,False,2026-08-11T00:05:37.88556+00:00,3,CEFACLOR,False,FC-E4EFC4C2,1,5,0,,,,marca,,0,False
True,15.0,Otro,,40 MG,9.31,,2026-08-10T19:50:21.991528+00:00,,,Diurmessel,0,0.0,inmediato,,TABLETAS,137,,,True,Diurmessel,0.35,Diurmessel,12.11,,,,0.0,20 TABLETAS,False,2026-08-11T00:02:47.082937+00:00,3,,False,FC-E535DE28,5,5,0,,,,marca,,0,False
True,64.0,Otro,,450/50 MG,39.41,,2026-08-10T19:50:21.991528+00:00,,,Diosmina Hesperidina,0,0.0,inmediato,,TABLETAS,158,,,False,,0.6,Diosmina Hesperidina,63.06,,,,0.0,20 TABLETAS,False,2026-08-11T00:05:37.88556+00:00,1,DIOSMINA HESPERIDINA,False,FC-EADF1484,3,5,0,,,,generico,,0,False
True,27.0,Otro,,"800,000 UI",19.44,,2026-08-10T19:50:21.991528+00:00,,,Penipot,0,0.0,inmediato,,FRASCO AMPULA,43,,,False,Penipot,0.35,Penipot,25.28,,,,0.0,1 FRASCO AMPULA,True,2026-08-11T00:02:47.082937+00:00,12,,False,FC-F183C6E9,6,5,0,,,,marca,,0,False
True,86.0,Otro,,375MG/5/50 ML,63.44,,2026-08-10T19:50:21.991528+00:00,,,Fasiclor,0,0.0,inmediato,,SUSPENSION,29,,,False,Fasiclor,0.35,Fasiclor,82.48,,,,0.0,1 SUSPENSION,False,2026-08-11T00:05:37.88556+00:00,3,CEFACLOR,False,FC-F3E734A0,1,5,0,,,,marca,,0,False
True,116.0,Otro,,500MG/5/75 ML,72.03,,2026-08-10T19:50:21.991528+00:00,,,Amoxicilina,0,0.0,inmediato,,SUSPENSION,71,,,False,,0.6,Amoxicilina,115.25,,,,0.0,1 SUSPENSION,False,2026-08-11T00:05:37.88556+00:00,1,AMOXICILINA,False,FC-F4E9C71F,1,5,0,,,,generico,,0,False
True,77.0,Otro,,25/0.5 MG,56.3,,2026-08-10T19:50:21.991528+00:00,,,Indarzona,0,0.0,inmediato,,CAPSULAS,135,,,False,Indarzona,0.35,Indarzona,73.19,,,,0.0,30 CAPSULAS,False,2026-08-11T00:05:37.88556+00:00,3,,False,FC-F7A2CACF,2,5,0,,,,marca,,0,False
True,29.0,Otro,,20 MG,20.33,,2026-08-10T19:50:21.991528+00:00,,,Ovisen,0,0.0,inmediato,,TABLETAS,153,,,False,Ovisen,0.35,Ovisen,26.43,,,,0.0,28 TABLETAS,False,2026-08-11T00:05:37.88556+00:00,3,,False,FC-F7DB080D,1,5,0,,,,marca,,0,False
True,46.0,Otro,,1/100/20 G,33.65,,2026-08-10T19:50:21.991528+00:00,,,Sibicos,0,0.0,inmediato,,CREMA,88,,,False,Sibicos,0.35,Sibicos,43.75,,,,0.0,1 CREMA,True,2026-08-11T00:02:47.082937+00:00,12,,False,FC-F817BC3A,2,5,0,,,,marca,,0,False
True,44.0,Otro,,1 G,27.05,,2026-08-10T19:50:21.991528+00:00,,,Ampicilina,0,0.0,inmediato,,TABLETAS,51,,,False,,0.6,Ampicilina,43.28,,,,0.0,10 TABLETAS,False,2026-08-11T00:05:37.88556+00:00,1,AMPICILINA,False,FC-F82A6E4B,3,5,0,,,,generico,,0,False
True,23.0,Otro,,160/800 MG,16.89,,2026-08-10T19:50:21.991528+00:00,,,F,0,0.0,inmediato,,TABLETAS,79,,,False,Bactiver,0.35,F,21.96,,,,0.0,16 TABLETAS,False,2026-08-11T00:05:37.88556+00:00,3,,False,FC-F8691496,3,5,0,,,,marca,,0,False
True,64.0,Otro,,0.25 MCG,47.13,,2026-08-10T19:50:21.991528+00:00,,,N Calcitriol,0,0.0,inmediato,,CAPSULAS,95,,,False,Becatrim,0.35,N Calcitriol,61.27,,,,0.0,30 CAPSULAS,False,2026-08-11T00:05:37.88556+00:00,3,,False,FC-FA3D96E6,1,5,0,,,,marca,,0,False
True,,Producto,,,170.0,,2026-08-11T00:19:23.977326+00:00,,,Mercurio Perlas De Eter 1630824,0,0,inmediato,,,535,,,False,Mercurio,,Mercurio Perlas De Eter 1630824,272.0,,,,0,C/50,False,,,,False,FC-FBD776D2,1,5,0,,,,marca,,0,False
True,,Otro,7501314704156,,58.96,,2026-08-11T00:19:06.632557+00:00,,,Senosiain Supos Adto C/10,0,0,inmediato,,SUPOSITORIO,479,,,False,Senosiain,,Senosiain Supos Adto C/10,94.34,,,,0,C/10,False,,,,False,FC-14704156,1,5,0,,,,marca,,0,False
True,104.0,Higiene,7501361124013,,17.77,,2026-08-10T19:50:41.010327+00:00,,,Odolex Fresh,0,0.0,inmediato,,Talco,252,,,False,Odolex,0.4,Talco Desodorante Odolex Fresh,25.0,,,,0.0,150 G,False,2026-08-11T00:05:37.88556+00:00,5,,False,FC-61124013,1,5,0,,,,marca,,0,False
True,,Otro,7501314704163,,63.4,,2026-08-11T00:19:06.632557+00:00,,,Senosiain Supos Ine C/10,0,0,inmediato,,SUPOSITORIO,480,,,False,Senosiain,,Senosiain Supos Ine C/10,102.0,,,,0,C/10,False,,,,False,FC-14704163,1,5,0,,,,marca,,0,False
True,25.0,Producto,,,18.44,,2026-08-10T19:50:21.991528+00:00,,,Acetonido De Fluocinolona Cma,0,0.0,inmediato,,,143,,,False,Acetonido,0.35,Acetonido De Fluocinolona Cma,23.98,,,,0.0,,True,2026-08-11T00:02:47.082937+00:00,12,,False,FC-1BF03D35,1,5,0,,,,marca,,0,False
True,,Otro,7502224227339,,78.0,,2026-08-11T00:19:06.632557+00:00,,,Loxcel adulto,0,0,inmediato,,TABLETAS,477,,,False,Loxcel,,Loxcel adulto,101.4,,,,0,C/1,False,,,,False,FC-24227339,1,5,0,,,,marca,,0,False
True,83.0,Otro,,100 MG/2 ML,61.33,,2026-08-10T19:50:21.991528+00:00,,,Dex,0,0.0,inmediato,,AMPOLLETA,146,,,False,Hierro,0.35,Dex,79.73,,,,0.0,3 AMPOLLETA,True,2026-08-11T00:02:47.082937+00:00,12,,False,FC-2E79C2D8,1,5,0,,,,marca,,0,False
True,,Cuidado personal,7501054549796,,31.58,,2026-08-13T23:12:24.401942+00:00,,,,0,0,inmediato,,,581,,,False,Nivea,,Crema Nivea Milk Nutritiva,45,,,,0,100 mL,False,,,,False,FC-54549796,1,5,0,,,,marca,,0,False
True,15.0,Otro,,5 MG,9.04,,2026-08-10T19:50:21.991528+00:00,,,Amlodipino,0,0.0,inmediato,,TABLETAS,103,,,True,Amlodipino,0.35,Amlodipino,11.76,,,,0.0,30 TABLETAS,False,2026-08-11T00:02:47.082937+00:00,3,,False,FC-3B001F9B,3,5,0,,,,marca,,0,False
True,,Botiquín,,,18.5,,2026-08-11T00:19:23.977326+00:00,,,Perilla N3,0,0,inmediato,,,540,,,False,Edigar,,Perilla N3,29.6,,,,0,PIEZA,False,,,,False,FC-614E4F82,2,5,0,,,,generico,,0,False
True,,Producto,,,6.0,,2026-08-11T00:19:23.977326+00:00,,,Mercurio Espiritus Untar 1770823,0,0,inmediato,,,514,,,False,Mercurio,,Mercurio Espiritus Untar 1770823,9.61,,,,0,C/25,False,,,,False,FC-62034164,3,5,0,,,,marca,,0,False
True,121.0,Otro,7500462746612,S/AZUCAR 250 ML. I BIOALIMENTOS NATI,89.2,,2026-08-10T19:51:08.809889+00:00,,,Ajolotius,0,0.0,inmediato,,JARABE,429,,,False,Ajolotius,0.35,Ajolotius,115.96,,,,0.0,JARABE,False,2026-08-11T00:05:37.88556+00:00,3,,False,FC-62746612,1,5,0,,,,marca,,0,False
True,27.0,GENERAL,7500462746643,,19.5,,2026-08-10T19:51:08.809889+00:00,,,Ajolotius Menta Fucal Menta Fucal,0,0.0,inmediato,,,433,,,False,Ajolotius,0.35,Ajolotius Menta Fucal Menta Fucal,31.21,,,,0.0,C/10,True,2026-08-11T00:02:47.082937+00:00,12,,False,FC-62746643,1,5,0,,,,marca,,0,False
True,25.0,Otro,,"1,2 U 3 ML",18.07,,2026-08-10T19:50:21.991528+00:00,,,Compl,0,0.0,inmediato,,FRASCO AMPULA,48,,,False,Bencil/Benz,0.35,Compl,23.5,,,,0.0,1 FRASCO AMPULA,True,2026-08-11T00:02:47.082937+00:00,12,,False,FC-64EB83AA,5,5,0,,,,marca,,0,False
True,,Cuidado personal,,,11.5,,2026-08-11T00:19:23.977326+00:00,,,Mercurio Sulfatiazol 2600223,0,0,inmediato,,Pomada,549,,,False,Mercurio,,Mercurio Sulfatiazol 2600223,18.41,,,,0,C/25,False,,,,False,FC-FD718DF3,3,5,0,,,,marca,,0,False
True,32.0,Otro,,400 MG,23.68,,2026-08-10T19:50:21.991528+00:00,,,Aciclovir,0,0.0,inmediato,,TABLETAS,73,,,False,Aciclovir,0.35,Aciclovir,30.79,,,,0.0,35 TABLETAS,False,2026-08-11T00:05:37.88556+00:00,3,,False,FC-FD845E68,1,5,0,,,,marca,,0,False
True,,Botiquín,7501065054043,,37.48,,2026-08-11T00:19:06.632557+00:00,,,Tubos surtidos 3 piezas — ticket 112558,0,0,inmediato,,Surtido,434,,,False,TUMS,,TUMS,57,,,,19,8 TABLETAS,False,,,Carbonato de Calcio,False,FC-65054135,1,5,3,,,,marca,,3,True
True,,Higiene,7506306226739,,45.83,,2026-08-13T17:00:20.367414+00:00,,,,0,0,inmediato,,,570,,,False,Axe,,Desodorante Axe Conviction,65,,,,0,Spray 150 mL,False,,,,False,FC-06226739,1,5,0,,,,marca,,0,False
True,180.0,Botiquín,7501868901124,,24,,2026-08-10T19:50:41.010327+00:00,,,Alcohol Dibar azul 500 ml — ticket 112558,0,0,inmediato,,Alcohol,349,,,False,Dibar,0.5,Alcohol Etilico Azul 71.6,45,,,,0,500 ML,False,2026-08-11T00:05:37.88556+00:00,4,,False,FC-68901124,2,5,0,,,,marca,,0,False
True,24.0,Botiquín,7501868900226,,15.68,,2026-08-10T19:50:41.010327+00:00,,,Alcohol Dibar 250 ml rojo — ticket 112558,0,0,inmediato,,Alcohol,339,,,False,Dibar,0.5,Alcohol Etilico Rojo 96°,24,,,,0,250 ML,False,2026-08-11T00:05:37.88556+00:00,4,,False,FC-68900226,36,5,0,,,,marca,,0,False
True,,GENERAL,75010506247327,,109.76,,2026-08-11T00:19:06.632557+00:00,,,Afrin Spray No Drip Extra Humectante Spray Drip Extra,0,0,inmediato,,,497,,,False,Afrin,,Afrin Spray No Drip Extra Humectante Spray Drip Extra,175.62,,,,0,,False,,,,False,FC-06247327,1,5,0,,,,marca,,0,False
True,308.0,Botiquín,7501868901131,,41.0,,2026-08-10T19:50:41.010327+00:00,,,Alcohol Dibar azul 1 L — ticket 112558,0,0,inmediato,,Alcohol,347,,,False,Dibar,0.5,Alcohol Etilico Azul 71.6,62.0,,,,0,1 L,False,2026-08-11T00:05:37.88556+00:00,4,,False,FC-68901131,1,5,0,,,,marca,,0,False
True,,Otro,7501125116810,,19.5,,2026-08-11T00:19:06.632557+00:00,,,Agrifen Ab Pis,0,0,inmediato,,TABLETAS,492,,,False,Agrifen,,Agrifen Ab Pis,25.35,,,,0,TABLETAS,False,,,,False,FC-25116810,1,5,0,,,,marca,,0,False
True,,Botiquín,7500435246309,,37.53,,2026-08-11T00:19:06.632557+00:00,,,Vick Drops Tengibre Pastillas Drops Tengibre,0,0,inmediato,,Balsamo,493,,,False,Vick,,Vick Drops Tengibre Pastillas Drops Tengibre,60.05,,,,0,C/20,False,,,,False,FC-35246309,1,5,0,,,,marca,,0,False
True,,Cuidado personal,75022347640531,,55.6,,2026-08-11T00:19:06.632557+00:00,,,Recuperador una uña amarilla,0,0,inmediato,,,494,,,False,Pisa,,Recuperador una uña amarilla,88.96,,,,0,15 ML,False,,,,False,FC-47640531,1,5,0,,,,marca,,0,False
True,85.0,Botiquín,7501868901117,,11.3,,2026-08-10T19:50:41.010327+00:00,,,Alcohol Dibar 250 ml azul — ticket 112558,0,0,inmediato,,Alcohol,348,,,False,Dibar,0.5,Alcohol Etilico Azul 71.6,17.0,,,,0,250 ML,False,2026-08-11T00:05:37.88556+00:00,4,,False,FC-68901117,1,5,0,,,,marca,,0,False
True,,Otro,75022760403681,,63.0,,2026-08-11T00:19:06.632557+00:00,,,Desenfriol,0,0,inmediato,,CAPSULAS,490,,,False,Desenfriol,,Desenfriol,100.81,,,,0,C/30,False,,,,False,FC-60403681,1,5,0,,,,marca,,0,False
True,103.0,Higiene,7506306257597,,40.24,,2026-08-10T19:50:41.010327+00:00,,,Rexona 1O0 G Tco Pies Efficient Orig,0,0.0,inmediato,,,231,,,False,Rexona,0.35,Talco Para Pies Rexona Efficient Orig,55.0,,,,0.0,100 g,True,2026-08-11T00:02:47.082937+00:00,12,,False,FC-06257597,1,5,0,,,,marca,,0,False
True,14.0,Botiquín,7501868900264,,8.1,,2026-08-10T19:50:41.010327+00:00,,,Alcohol Dibar 125 ml rojo — ticket 112558,0,0,inmediato,,Alcohol,337,,,False,Dibar,0.5,Alcohol Etilico Rojo 96°,14.0,,,,0,125 ML,False,2026-08-11T00:05:37.88556+00:00,4,,False,FC-68900264,48,5,0,,,,marca,,0,False
True,16.0,Producto,7501868910034,,10.1,,2026-08-10T19:51:08.809889+00:00,,,Dibar Gr Algodon Algodon,0,0.0,inmediato,,,377,,,False,Dibar,0.5,Dibar Gr Algodon Algodon,16.16,,,,0.0,60 G,False,2026-08-11T00:05:37.88556+00:00,4,,False,FC-68910034,1,5,0,,,,marca,,0,False
True,6.0,Botiquín,7501868910041,,6.9,,2026-08-10T19:51:08.809889+00:00,,,Algodón 5 g C/12,0,0.0,inmediato,,Algodón,372,,,False,Dibar,0.35,Algodón 5 g C/12,10.0,,,,0.0,5 G,True,2026-08-11T00:02:47.082937+00:00,12,,False,FC-68910041,12,5,0,,,,marca,,0,False
True,40.0,Cuidado personal,7501056330378,,88.8,,2026-08-10T19:50:21.991528+00:00,,,Ponds Bio-Hydra Dual,0,0.0,inmediato,,Loción limpiadora,215,,,False,Ponds,0.4,Ponds Desmaq Bio-Hydra Dual,125.0,,,,0.0,200 ML,False,2026-08-11T00:05:37.88556+00:00,5,,False,FC-56330378,1,5,0,,,,marca,,0,False
True,106.0,Higiene,7509546073156,,29.31,,2026-08-10T19:50:41.010327+00:00,,,Caprice Nat Mzna,0,0.0,inmediato,,Shampoo,232,,,False,Caprice,0.4,Shampoo Caprice Nat Mzna,42.0,,,,0.0,380 ML,False,2026-08-11T00:05:37.88556+00:00,5,,False,FC-46073156,1,5,0,,,,marca,,0,False
True,22.0,Higiene,7500435155922,,75,,2026-08-10T19:50:41.010327+00:00,,,Pantene Bambu,0,0.0,inmediato,,Acondicionador,234,,,False,Pantene,0.4,Pantene Bambu,86,,,,0.0,400 ML,False,2026-08-11T00:05:37.88556+00:00,5,,False,FC-35155922,1,5,0,,,,marca,,0,False
True,106.0,Higiene,7501007457826,,75.7,,2026-08-10T19:50:41.010327+00:00,,,Pantene Brillo Extremo,0,0.0,inmediato,,Acondicionador,235,,,False,Pantene,0.4,Acondicionador Pantene Brillo Extremo,121.12,,,,0.0,400 ML,False,2026-08-11T00:05:37.88556+00:00,5,,False,FC-07457826,1,5,0,,,,marca,,0,False
True,27.0,Cuidado personal,7501056340131,,50.07,,2026-08-10T19:50:41.010327+00:00,,,Sedal Rizos Obedie,0,0.0,inmediato,,Crema,236,,,False,Sedal,0.4,Crema Para Peinar Sedal Rizos Definidos,71.0,,,,0.0,300 ML,False,2026-08-11T00:05:37.88556+00:00,5,,False,FC-56340131,1,5,0,,,,marca,,0,False
True,71.0,Higiene,7506306249783,,19.11,,2026-08-10T19:50:41.010327+00:00,,,Sedal Rizos Def Inf-Act,0,0.0,inmediato,,Shampoo,238,,,False,Sedal,0.4,Sedal Rizos Def,25,,,,0.0,180 ML,False,2026-08-11T00:05:37.88556+00:00,5,,False,FC-06249783,1,5,0,,,,marca,,0,False
True,27.0,Cuidado personal,7501056340025,,50.07,,2026-08-10T19:50:41.010327+00:00,,,Sedal Sos Recon-Estru,0,0.0,inmediato,,Crema,240,,,False,Sedal,0.4,Crema Para Peinar Sedal Restauracion Inst,71.0,,,,0.0,300 ML,False,2026-08-11T00:05:37.88556+00:00,5,,False,FC-56340025,1,5,0,,,,marca,,0,False
True,106.0,Higiene,7506306249776,,18.88,,2026-08-10T19:50:41.010327+00:00,,,Sedal Ceramidas Inf-Act,0,0.0,inmediato,,Shampoo,242,,,False,Sedal,0.4,Shampoo Sedal Ceramidas,25,,,,0.0,180 ML,False,2026-08-11T00:05:37.88556+00:00,5,,False,FC-06249776,1,5,0,,,,marca,,0,False
True,27.0,Otro,,500MG/2 ML,19.43,,2026-08-10T19:50:21.991528+00:00,,,I.M,0,0.0,inmediato,,FRASCO AMPULA,122,,,False,Amcef,0.35,I.M,25.26,,,,0.0,1 FRASCO AMPULA,True,2026-08-11T00:02:47.082937+00:00,12,,False,FC-07F04F88,2,5,0,,,,marca,,0,False
True,77.0,Producto,,,56.51,,2026-08-10T19:50:21.991528+00:00,,,Clophiven 200 Dosis 50 Mcg,0,0.0,inmediato,,,112,,,False,Clophiven,0.35,Clophiven 200 Dosis 50 Mcg,73.47,,,,0.0,15 G,True,2026-08-11T00:02:47.082937+00:00,12,,False,FC-0BDE9283,1,5,0,,,,marca,,0,False
True,111.0,Otro,,500/500/100/30MG/3 ML,81.71,,2026-08-10T19:50:21.991528+00:00,,,Ad,0,0.0,inmediato,,AMPOLLETA,119,,,False,Ampigrin,0.35,Ad,106.23,,,,0.0,3 AMPOLLETA,True,2026-08-11T00:02:47.082937+00:00,12,,False,FC-2001A890,2,5,0,,,,marca,,0,False
True,81.0,Otro,,,59.63,,2026-08-10T19:50:21.991528+00:00,,,Aquito 500/100/30/4 Mg,0,0.0,inmediato,,AMPOLLETA,117,,,False,Laur,0.35,Aquito 500/100/30/4 Mg,77.52,,,,0.0,3 AMPOLLETA,True,2026-08-11T00:02:47.082937+00:00,12,,False,FC-44B6751A,1,5,0,,,,marca,,0,False
True,32.0,Otro,,20 MG/1 ML,23.53,,2026-08-10T19:50:21.991528+00:00,,,Haspen,0,0.0,inmediato,,AMPOLLETA,111,,,False,Haspen,0.35,Haspen,30.59,,,,0.0,3 AMPOLLETA,True,2026-08-11T00:02:47.082937+00:00,12,,False,FC-4FD413D2,1,5,0,,,,marca,,0,False
True,19.0,Bebés,75010275125811,,13.4,,2026-08-10T19:51:08.809889+00:00,,,Evenflo Colors,0,0.0,inmediato,,Biberón,368,,,False,Evenflo,0.3,Evenflo Colors,21.44,,,,0.0,,False,2026-08-11T00:05:37.88556+00:00,8,,False,FC-75125811,1,5,0,,,,marca,,0,False
True,21.0,Bebés,75010275163051,,15.8,,2026-08-10T19:51:08.809889+00:00,,,Evenflo Ensueno Azul,0,0.0,inmediato,,Biberón,366,,,False,Evenflo,0.3,Evenflo Ensueno Azul,25.28,,,,0.0,,False,2026-08-11T00:05:37.88556+00:00,8,,False,FC-75163051,24,5,0,,,,marca,,0,False
True,,Otro,75010075354321,,50.0,,2026-08-11T00:19:06.632557+00:00,,,Tylenol,0,0,inmediato,,TABLETAS,466,,,False,Tylenol,,Tylenol,65.0,,,,0,TABLETAS,False,,,,False,FC-75354321,1,5,0,,,,marca,,0,False
True,34.0,Otro,,300 MG,24.89,,2026-08-10T19:50:21.991528+00:00,,,Wermy,0,0.0,inmediato,,CAPSULAS,162,,,False,Wermy,0.35,Wermy,32.36,,,,0.0,30 CAPSULAS,False,2026-08-11T00:05:37.88556+00:00,3,,False,FC-759A5EF9,2,5,0,,,,marca,,0,False
True,60.0,Higiene,75064938,,23.895,,2026-08-10T19:50:41.010327+00:00,,,Ego Force 24H R-On Dic26,0,0.0,inmediato,,Desodorante,285,,,False,Ego,0.4,Desodorante Ego Force 24H R-On,40,,,,0.0,45 ML,False,2026-08-11T00:05:37.88556+00:00,5,,False,FC-75064938,2,5,0,,,,marca,,0,False
True,104.0,GENERAL,7506376000277,,277.0,,2026-08-10T19:51:08.809889+00:00,,,Vitacilina Cre Humectante Humectante,0,0.0,inmediato,,,384,,,False,Vitacilina,0.35,Vitacilina Cre Humectante Humectante,374.0,,,,0.0,100 G,True,2026-08-11T00:02:47.082937+00:00,12,,False,FC-76000277,1,5,0,,,,marca,,0,False
True,112.0,Cuidado personal,7506376000260,,80.0,,2026-08-10T19:50:41.010327+00:00,,,Crema Vitacilina amarilla aclaradora — ticket 112558,0,0.0,inmediato,,Crema,343,,,False,Vitacilina,0.4,Crema Vitacilina amarilla aclaradora,120.0,,,,0.0,100 G,False,2026-08-11T00:05:37.88556+00:00,5,,False,FC-76000260,1,5,0,,,,marca,,0,False
True,,Otro,75010379071241,,147.9,,2026-08-11T00:19:06.632557+00:00,,,Bisolvon,0,0,inmediato,,JARABE,450,,,False,Bisolvon,,Bisolvon,236.64,,,,0,120 ML,False,,,,False,FC-79071241,12,5,0,,,,marca,,0,False
True,112.0,Cuidado personal,7506376000253,,80.0,,2026-08-10T19:50:41.010327+00:00,,,Crema Vitacilina roja antiarrugas 100 g — ticket 112558,0,0.0,inmediato,,Crema,344,,,False,Vitacilina,0.4,Crema Vitacilina roja antiarrugas,120.0,,,,0.0,100 G,False,2026-08-11T00:05:37.88556+00:00,5,,False,FC-76000253,1,5,0,,,,marca,,0,False
True,,Producto,,,7.5,,2026-08-11T00:19:23.977326+00:00,,,Mercurio Arnica Tomar 1780823 83156,0,0,inmediato,,,525,,,False,Mercurio,,Mercurio Arnica Tomar 1780823 83156,12.0,,,,0,C/25,False,,,,False,FC-127F5753,3,5,0,,,,marca,,0,False
True,,Producto,,,7.5,,2026-08-11T00:19:23.977326+00:00,,,Mercurio Arnica Untar 1790823 83156,0,0,inmediato,,,524,,,False,Mercurio,,Mercurio Arnica Untar 1790823 83156,12.0,,,,0,C/25,False,,,,False,FC-25E452B6,3,5,0,,,,marca,,0,False
True,62.0,Cuidado personal,7501082740011,,14.08,,2026-08-10T19:50:21.991528+00:00,,,Nuvel Humec,0,0.0,inmediato,,Quita esmalte,223,,,False,Nuvel,0.4,Quita Esmalte Nuvel Humec Con Lanolina,20.0,,,,0.0,125 ML,False,2026-08-11T00:05:37.88556+00:00,5,,False,FC-82740011,1,5,0,,,,marca,,0,False
True,65.0,Otro,,500/50 MG 60 G,47.47,,2026-08-10T19:50:21.991528+00:00,,,Tratidri,0,0.0,inmediato,,GEL,140,,,False,Tratidri,0.35,Tratidri,61.72,,,,0.0,1 GEL,True,2026-08-11T00:02:47.082937+00:00,12,,False,FC-3E863E37,1,5,0,,,,marca,,0,False
True,,Producto,,,8.0,,2026-08-11T00:19:23.977326+00:00,,,Mercurio Aceite Gomenolado 1160623,0,0,inmediato,,,527,,,False,Mercurio,,Mercurio Aceite Gomenolado 1160623,12.8,,,,0,C/25,False,,,,False,FC-69387811,3,5,0,,,,marca,,0,False
True,,Otro,75012982176351,,273.42,,2026-08-11T00:19:06.632557+00:00,,,Neurobion Sot.O- Dc Ete Jga Sot.O- Prell Health9.20,0,0,inmediato,,Inyectable,500,,,False,Neurobion,,Neurobion Sot.O- Dc Ete Jga Sot.O- Prell Health9.20,438.0,,,,0,C/1,False,,,,False,FC-82176351,1,5,0,,,,marca,,0,False
True,28.0,Cuidado personal,759684431050,,11.53,,2026-08-10T19:50:41.010327+00:00,,,Jaloma,0,0.0,inmediato,,Acetona,276,,,False,Jaloma,0.4,Acetona Jaloma ch,17.0,,,,0.0,60 ML,False,2026-08-11T00:05:37.88556+00:00,5,,False,FC-84431050,1,5,0,,,,marca,,0,False
True,8.0,Cuidado personal,759684437151,,19.77,,2026-08-10T19:50:41.010327+00:00,,,Jaloma,0,0.0,inmediato,,Acetona,278,,,False,Jaloma,0.4,Acetona Jaloma med,28.0,,,,0.0,120 ML,False,2026-08-11T00:05:37.88556+00:00,5,,False,FC-84437151,1,5,0,,,,marca,,0,False
True,13.0,Botiquín,75010483351381,,7.64,,2026-08-10T19:51:08.809889+00:00,,,Agua oxigenada,0,0.0,inmediato,,Agua oxigenada,387,,,False,Dermocleen,0.5,Agua oxigenada,12.23,,,,0.0,100 ML,False,2026-08-11T00:05:37.88556+00:00,4,,False,FC-83351381,1,5,0,,,,marca,,0,False
True,16.0,Botiquín,75010483351691,,10.19,,2026-08-10T19:51:08.809889+00:00,,,Degasa Agua Oxigenada,0,0.0,inmediato,,Agua oxigenada,386,,,False,Degasa,0.5,Degasa Agua Oxigenada,16.31,,,,0.0,230 ML,False,2026-08-11T00:05:37.88556+00:00,4,,False,FC-83351691,2,5,0,,,,marca,,0,False
True,174.0,Cuidado personal,75010483510531,,123.58,,2026-08-10T19:51:08.809889+00:00,,,Protec Antibacterial 22.40 Antibacterial,0,0.0,inmediato,,Gel,379,,,False,Protec,0.4,Protec Antibacterial 22.40 Antibacterial,197.73,,,,0.0,250 ML,False,2026-08-11T00:05:37.88556+00:00,5,,False,FC-83510531,1,5,0,,,,marca,,0,False
True,,Otro,75010084095411,,64.75,,2026-08-11T00:19:06.632557+00:00,,,Saridon,0,0,inmediato,,TABLETAS,495,,,False,Saridon,,Saridon,84.18,,,,0,120 TABLETAS,False,,,,False,FC-84095411,1,5,0,,,,marca,,0,False
True,139.0,Higiene,619585103015,,13.32,,2026-08-10T19:50:41.010327+00:00,,,Huggies Super Toallitas Humedas,0,0.0,inmediato,,,333,,,False,Bebin Super,0.3,Toallitas Humedas Bebin Super,18.0,,,,0.0,40 PZA,False,2026-08-11T00:05:37.88556+00:00,8,,False,FC-85103015,1,5,0,,,,marca,,0,False
True,,Otro,75010084335531,,71.79,,2026-08-11T00:19:06.632557+00:00,,,Aspirina Forte C/24 Caf Iaspirina,0,0,inmediato,,TABLETAS,470,,,False,Aspirina,,Aspirina Forte C/24 Caf Iaspirina,93.33,,,,0,C/24,False,,,,False,FC-84335531,1,5,0,,,,marca,,0,False
True,,Otro,75010084973401,,182.7,,2026-08-11T00:19:06.632557+00:00,,,Flanax,0,0,inmediato,,TABLETAS,498,,,False,Flanax,,Flanax,237.51,,,,0,00 TABLETAS · C/12,False,,,,False,FC-84973401,1,5,0,,,,marca,,0,False
True,,Otro,75010084999001,,174.0,,2026-08-11T00:19:06.632557+00:00,,,Alka-Seltzer,0,0,inmediato,,TABLETAS,473,,,False,Alka-Seltzer,,Alka-Seltzer,278.41,,,,0,C/50,False,,,,False,FC-84999001,1,5,0,,,,marca,,0,False
True,,GENERAL,75010885097661,,127.9,,2026-08-11T00:19:06.632557+00:00,,,Chinoin Jr. Jbe Ine 60 Mant Jr. Jbe Mant,0,0,inmediato,,,496,,,False,Chinoin,,Chinoin Jr. Jbe Ine 60 Mant Jr. Jbe Mant,204.64,,,,0,,False,,,,False,FC-85097661,1,5,0,,,,marca,,0,False
True,106.0,Higiene,7501007457796,,75.7,,2026-08-10T19:50:41.010327+00:00,,,Pantene Brillo Extremo,0,0.0,inmediato,,Shampoo,244,,,False,Pantene,0.4,Shampoo Pantene Brillo Extremo,121.12,,,,0.0,400 mL,False,2026-08-11T00:05:37.88556+00:00,5,,False,FC-07457796,1,5,0,,,,marca,,0,False
True,64.0,Higiene,7500435020077,,24.91,,2026-08-10T19:50:41.010327+00:00,,,Herbal Essences Alivio Instant,0,0.0,inmediato,,Shampoo,261,,,False,Head & Shoulders,0.4,Shampoo Head & Shoulders Alivio Refrescante,35.0,,,,0.0,180 mL,False,2026-08-11T00:05:37.88556+00:00,5,,False,FC-35020077,1,5,0,,,,marca,,0,False
True,57.0,Higiene,7500435155847,,75.7,,2026-08-10T19:50:41.010327+00:00,,,Pantene Bambu Ctrl Caida,0,0.0,inmediato,,Shampoo,245,,,False,Pantene,0.4,Shampoo Pantene Bambu Ctrl Caida,106.0,,,,0.0,400 ML,False,2026-08-11T00:05:37.88556+00:00,5,,False,FC-35155847,1,5,0,,,,marca,,0,False
True,26.0,Cuidado personal,7502224511629,,44.76,,2026-08-10T19:50:41.010327+00:00,,,Silica Shine uva,0,0.0,inmediato,,Tratamiento capilar,248,,,False,Shine Sily,0.4,Silica Shine uva,63.0,,,,0.0,105 ML,False,2026-08-11T00:05:37.88556+00:00,5,,False,FC-24511629,1,5,0,,,,marca,,0,False
True,57.0,Higiene,7501001303454,,75.7,,2026-08-10T19:50:41.010327+00:00,,,Pantene Ctrcaida A/Pv,0,0.0,inmediato,,Shampoo,243,,,False,Pantene,0.4,Pantene Ctrcaida A/Pv,106.0,,,,0.0,400 ML,False,2026-08-11T00:05:37.88556+00:00,5,,False,FC-01303454,1,5,0,,,,marca,,0,False
True,25.0,Cuidado personal,7506306234062,,50.07,,2026-08-10T19:50:41.010327+00:00,,,Sedal Anti Nudos,0,0.0,inmediato,,Crema,249,,,False,Sedal,0.4,Sedal Anti Nudos,71.0,,,,0.0,300 ML,False,2026-08-11T00:05:37.88556+00:00,5,,False,FC-06234062,1,5,0,,,,marca,,0,False
True,82.0,Higiene,7500435020008,,73.76,,2026-08-10T19:50:41.010327+00:00,,,Herbal Essences Limp Renoy,0,0.0,inmediato,,Shampoo,254,,,False,Herbal Essences,0.4,Shampoo Herbal Essences Limp Renov,104.0,,,,0.0,375 ML,False,2026-08-11T00:05:37.88556+00:00,5,,False,FC-35020008,1,5,0,,,,marca,,0,False
True,46.0,Higiene,7500435168991,,67,,2026-08-10T19:50:41.010327+00:00,,,Hask Anti Comezon,0,0.0,inmediato,,Shampoo,256,,,False,Herbal Essences,0.4,Mousse Herbal Essences Extra ctrl,90,,,,0.0,210 ML,False,2026-08-11T00:05:37.88556+00:00,5,,False,FC-35168991,1,5,0,,,,marca,,0,False
True,85.0,Otro,,1 G,62.48,,2026-08-10T19:50:21.991528+00:00,,,Cefalver,0,0.0,inmediato,,TABLETAS,8,,,False,Cefalver,0.35,Cefalver,81.23,,,,0.0,12 TABLETAS,False,2026-08-11T00:05:37.88556+00:00,3,,False,FC-40CE757D,1,5,0,,,,marca,,0,False
True,,Producto,75010885592111,,194.6,,2026-08-11T00:19:06.632557+00:00,,,Scabisan,0,0,inmediato,,CREMA,472,,,False,Scabisan,,Scabisan,311.36,,,,0,,False,,,,False,FC-85592111,1,5,0,,,,marca,,0,False
True,74.0,Abarrotes,75010586167151,,52.43,,2026-08-10T19:51:08.809889+00:00,,,Nestum Probioticos Avena 270 Probioticos,0,0.0,inmediato,,Suplemento,394,,,False,Nestum,0.4,Nestum Probioticos Avena 270 Probioticos,83.89,,,,0.0,,False,2026-08-11T00:05:37.88556+00:00,11,,False,FC-86167151,1,5,0,,,,marca,,0,False
True,,Producto,75010486708021,,41.26,,2026-08-11T00:19:06.632557+00:00,,,Protec Sigital Termometro 42.10 Sigital Termometro,0,0,inmediato,,,505,,,False,Protec,,Protec Sigital Termometro 42.10 Sigital Termometro,66.02,,,,0,,False,,,,False,FC-86708021,1,5,0,,,,marca,,0,False
True,,Otro,75010587154871,,132.4,,2026-08-11T00:19:06.632557+00:00,,,Graneodin,0,0,inmediato,,TABLETAS,442,,,False,Graneodin,,Graneodin,172.12,,,,0,C/16,False,,,,False,FC-87154871,7,5,0,,,,marca,,0,False
True,,Higiene,75010587932321,,101.9,,2026-08-11T00:19:06.632557+00:00,,,Microdacyn Lubricante Ico Cereza 50 Ml 1 Ico Cereza 50,0,0,inmediato,,Lubricante,464,,,False,Microdacyn,,Microdacyn Lubricante Ico Cereza 50 Ml 1 Ico Cereza 50,163.05,,,,0,50 ML,False,,,,False,FC-87932321,1,5,0,,,,marca,,0,False
True,,Otro,7501088508929,,162.6,,2026-08-11T00:19:06.632557+00:00,,,Anara,0,0,inmediato,,TABLETAS,469,,,False,Anara,,Anara,211.38,,,,0,C/20,False,,,,False,FC-88508929,1,5,0,,,,marca,,0,False
True,29.0,Otro,,200 MG,18.11,,2026-08-10T19:50:21.991528+00:00,,,Carbamazepina,0,0.0,inmediato,,TABLETAS,106,,,False,,0.6,Carbamazepina,28.98,,,,0.0,20 TABLETAS,False,2026-08-11T00:05:37.88556+00:00,1,CARBAMAZEPINA,False,FC-885F2723,3,5,0,,,,generico,,0,False
True,,Otro,75022088923551,,7.25,,2026-08-11T00:19:06.632557+00:00,,,Cilocid Iv,0,0,inmediato,,TABLETAS,491,,,False,Cilocid,,Cilocid Iv,9.43,,,,0,C/20,False,,,,False,FC-88923551,16,5,0,,,,marca,,0,False
True,,Otro,75022088947797,,18.0,,2026-08-11T00:19:06.632557+00:00,,,Tribedoce,0,0,inmediato,,TABLETAS,453,,,False,Tribedoce,,Tribedoce,23.4,,,,0,C/30,False,,,,False,FC-88947797,5,5,0,,,,marca,,0,False
True,,Otro,75013289794961,INE 150 ML OPELLA 1 G 123.28 JAR INE 150 ML OPELLA G 123.28,125.8,,2026-08-11T00:19:06.632557+00:00,,,Ne,0,0,inmediato,,JARABE,449,,,False,Histiacil,,Ne,163.54,,,,0,JARABE,False,,,,False,FC-89794961,1,5,0,,,,marca,,0,False
True,56.0,Botiquín,7501868901100,,7.4,,2026-08-10T19:50:41.010327+00:00,,,Alcohol Dibar 125 ml azul — ticket 112558,0,0,inmediato,,Alcohol,346,,,False,Dibar,0.5,Alcohol Etilico Azul 71.6,13.0,,,,0,125 ML,False,2026-08-11T00:05:37.88556+00:00,4,,False,FC-86901100,5,5,0,,,,marca,,0,False
True,,Otro,7501095451096,,37.9,,2026-08-11T00:19:06.632557+00:00,,,Sal de uvas,0,0,inmediato,,,460,,,False,Sal de Uvas,,Sal de uvas,51.17,,,,0,C/10,False,,,,False,FC-95451096,1,5,0,,,,generico,,0,False
True,,Producto,7501095467264,,163.5,,2026-08-11T00:19:06.632557+00:00,,,Sal de Uvas Ixh C/50,0,0,inmediato,,,463,,,False,Sal de Uvas,,Sal de Uvas Ixh C/50,261.61,,,,0,C/50,False,,,,False,FC-95467264,1,5,0,,,,marca,,0,False
True,47.0,Otro,,10 MG,34.6,,2026-08-10T19:50:21.991528+00:00,,,Hidroxon,0,0.0,inmediato,,TABLETAS,138,,,False,Hidroxon,0.35,Hidroxon,44.98,,,,0.0,30 TABLETAS,False,2026-08-11T00:05:37.88556+00:00,3,,False,FC-1321B34F,1,5,0,,,,marca,,0,False
True,,Otro,,250 MG,5.54,,2026-08-11T00:19:23.977326+00:00,,,Erbitrax,0,0,inmediato,,TABLETAS,557,,,False,Erbitrax,,Erbitrax,7.21,,,,0,C/7,False,,,,False,FC-DA34D88D,1,5,0,,,,marca,,0,False
True,23.0,Otro,,C/BER 6MG/2 ML,16.91,,2026-08-10T19:50:21.991528+00:00,,,Celesbitan,0,0.0,inmediato,,FRASCO AMPULA,83,,,False,Celesbitan,0.35,Celesbitan,21.99,,,,0.0,1 FRASCO AMPULA,True,2026-08-11T00:02:47.082937+00:00,12,,False,FC-DB3B2584,2,5,0,,,,marca,,0,False
True,53.0,Otro,,500 MG,39.07,,2026-08-10T19:50:21.991528+00:00,,,Efe,0,0.0,inmediato,,COMPRIMIDOS,94,,,False,Calcio,0.35,Efe,50.8,,,,0.0,12 COMPRIMIDOS,False,2026-08-11T00:05:37.88556+00:00,3,,False,FC-DB4A39AE,1,5,0,,,,marca,,0,False
True,36.0,Otro,,200/28.5MG/40 ML,25.94,,2026-08-10T19:50:21.991528+00:00,,,12H Ped,0,0.0,inmediato,,SUSPENSION,66,,,False,Clamoxin,0.35,12H Ped,33.73,,,,0.0,1 SUSPENSION,False,2026-08-11T00:05:37.88556+00:00,3,AMOXICILINA/AC. CLAVULANICO,False,FC-DDFBABDF,1,5,0,,,,marca,,0,False
True,84.0,Higiene,7501022150221,,20.8,,2026-08-10T19:50:41.010327+00:00,,,Ricitos de Oro Neutro,0,0.0,inmediato,,Jabón,316,,,False,Ricitos de Oro,0.4,Jabon en Barra Ricitos de Oro Neutro,30.0,,,,0.0,90 G,False,2026-08-11T00:05:37.88556+00:00,5,,False,FC-22150221,1,5,0,,,,marca,,0,False
True,58.0,Higiene,7501943489004,,8.96,,2026-08-10T19:50:21.991528+00:00,,,Escudo Rosa Prot Y Cuid,0,0.0,inmediato,,Jabón,197,,,False,Escudo,0.4,Escudo Rosa Cuidado,19,,,,0.0,110 G,False,2026-08-11T00:05:37.88556+00:00,5,,False,FC-43489004,2,5,0,,,,marca,,0,False
True,39.0,Cuidado personal,3600542326414,,108.24,,2026-08-10T19:50:21.991528+00:00,,,Garnier De Rosas,0,0.0,inmediato,,Agua micelar,198,,,False,Garnier,0.4,Garnier agua micelar De Rosas,152.0,,,,0.0,400 ML,False,2026-08-11T00:05:37.88556+00:00,5,,False,FC-42326414,1,5,0,,,,marca,,0,False
True,87.0,Cuidado personal,7506306247468,,17.54,,2026-08-10T19:50:41.010327+00:00,,,Ego Fresh C-Cas Fij-Alt,0,0.0,inmediato,,Gel,272,,,False,Ego,0.4,Gel Ego Fresh,25.0,,,,0.0,200 g,False,2026-08-11T00:05:37.88556+00:00,5,,False,FC-06247468,1,5,0,,,,marca,,0,False
True,221.0,Botiquín,7501048640751,,14.53,,2026-08-10T19:50:41.010327+00:00,,,Venda de yeso 5 cm x 2.75 m C/12,0,0.0,inmediato,,Material de curación,282,,,False,Protec,0.5,Venda de yeso 5 cm x 2.75 m,22.0,,,,0.0,1 PZA,False,2026-08-11T00:05:37.88556+00:00,4,,False,FC-48640751,1,5,0,,,,marca,,0,False
True,60.0,Cuidado personal,7501054500216,,147.15,,2026-08-10T19:50:41.010327+00:00,,,Nivea Sdatarr Giga,0,0.0,inmediato,,Crema,284,,,False,Nivea,0.4,Crema Nivea de Tarro Crist,207.0,,,,0.0,400 ML,False,2026-08-11T00:05:37.88556+00:00,5,,False,FC-54500216,1,5,0,,,,marca,,0,False
True,202.0,GENERAL,75010545307181,,74.68,,2026-08-10T19:51:08.809889+00:00,,,Arnica Bde Parche,0,0.0,inmediato,,,432,,,False,Arnica,0.35,Arnica Bde Parche,101.0,,,,0.0,,True,2026-08-11T00:02:47.082937+00:00,12,,False,FC-45307181,1,5,0,,,,marca,,0,False
True,122.0,Cuidado personal,037836040450,,43.63,,2026-08-10T19:50:41.010327+00:00,,,Grisi Conchnac P/Manos,0,0.0,inmediato,,Crema,288,,,False,Grisi,0.4,Crema Grisi Conchnac P/Manos,62.0,,,,0.0,80 ML,False,2026-08-11T00:05:37.88556+00:00,5,,False,FC-36040450,1,5,0,,,,marca,,0,False
True,97.0,Higiene,7501035908130,,69.19,,2026-08-10T19:50:41.010327+00:00,,,Mennen Azul,0,0.0,inmediato,,Talco,329,,,False,Mennen,0.4,Talco Para Bebe Mennen Azul,97,,,,0.0,200 G,False,2026-08-11T00:05:37.88556+00:00,5,,False,FC-35908130,1,5,0,,,,marca,,0,False
True,97.0,Bebés,7501026462061,,22.3,,2026-08-10T19:50:41.010327+00:00,,,Ternura Ortodontic Miel C3,0,0.0,inmediato,,Chupón,294,,,False,Ternura,0.3,Chupon Ternura Ortodontic Miel C3,29.0,,,,0.0,,False,2026-08-11T00:05:37.88556+00:00,8,,False,FC-26462061,1,5,0,,,,marca,,0,False
True,19.0,Higiene,7501035908147,,69.19,,2026-08-10T19:50:41.010327+00:00,,,Mennen Rosa,0,0.0,inmediato,,Talco,331,,,False,Mennen,0.4,Talco Para Bebe Mennen Rosa,97.0,,,,0.0,200 G,False,2026-08-11T00:05:37.88556+00:00,5,,False,FC-35908147,1,5,0,,,,marca,,0,False
True,568.0,Higiene,7794640171550,,106.44,,2026-08-10T19:50:41.010327+00:00,,,Sensodyne rápido alivio,0,0.0,inmediato,,Crema dental,335,,,False,Sensodyne,0.4,Pasta Dent Sensodyne rápido relief,150.0,,,,0.0,100 G,False,2026-08-11T00:05:37.88556+00:00,5,,False,FC-40171550,1,5,0,,,,marca,,0,False
True,608.0,Botiquín,7501048690909,,21.14,,2026-08-10T19:50:41.010327+00:00,,,Tensolastic Plus venda elástica 7 cm x 5 m,0,0.0,inmediato,,Material de curación,336,,,False,Protec,0.5,Venda Elástica Protec 7 cm x 5 m,32.0,,,,0.0,7 CM x 5 M,False,2026-08-11T00:05:37.88556+00:00,4,,False,FC-48690909,1,5,0,,,,marca,,0,False
True,29.0,Cuidado personal,7509546655055,,50.51,,2026-08-10T19:50:41.010327+00:00,,,Caprice Volum-Cirl,0,0.0,inmediato,,Mousse capilar,271,,,False,Caprice,0.4,Mousse Caprice Volum-Cirl,71.0,,,,0.0,200 G,False,2026-08-11T00:05:37.88556+00:00,5,,False,FC-46655055,1,5,0,,,,marca,,0,False
True,59.0,Higiene,7502245720550,,17.2,,2026-08-10T19:50:41.010327+00:00,,,Quitaesmalte mora azul,0,0.0,inmediato,,Tratamiento capilar,228,,,False,SKN,0.4,Quitaesmalte SKN mora azul,25.0,,,,0.0,100 ML,False,2026-08-11T00:05:37.88556+00:00,5,,False,FC-45720550,1,5,0,,,,marca,,0,False
True,8.0,Botiquín,7501048640799,,24.84,,2026-08-10T19:50:41.010327+00:00,,,Venda de yeso 15 cm x 2.75 m C/12,0,0.0,inmediato,,Material de curación,280,,,False,Protec,0.5,Venda de yeso 15 cm x 2.75 m,38.0,,,,0.0,1 PZA,False,2026-08-11T00:05:37.88556+00:00,4,,False,FC-48640799,1,5,0,,,,marca,,0,False
True,76.0,Higiene,7509546650708,,26.3,,2026-08-10T19:50:41.010327+00:00,,,Mennen Lavan-Extrac Aven,0,0.0,inmediato,,Shampoo,305,,,False,Mennen,0.4,Shampoo Mennen Lavan-Extrac Aven,37.0,,,,0.0,200 ML,False,2026-08-11T00:05:37.88556+00:00,5,,False,FC-46650708,1,5,0,,,,marca,,0,False
True,,Botiquín,75030034062421,,27.0,,2026-08-11T00:19:06.632557+00:00,,,Tela adhesiva,0,0,inmediato,,Tela adhesiva,509,,,False,Quirmex,,Tela adhesiva,44.0,,,,0,1.25 CM x 1 M,False,,,,False,FC-34062421,5,5,0,,,,marca,,0,False
True,36.0,Cuidado personal,810120500171,,14.8,,2026-08-10T19:50:41.010327+00:00,,,Pert Oliv+Ac Agu P/Pein,0,0.0,inmediato,,Crema,233,,,False,Pert,0.4,Crema Para Peinar Pert Ac Oliv Agu,25,,,,0.0,100 ML,False,2026-08-11T00:05:37.88556+00:00,5,,False,FC-20500171,2,5,0,,,,marca,,0,False
True,18.0,Higiene,4005808837311,,64.73,,2026-08-10T19:50:21.991528+00:00,,,Nivea Pearlb Mspy,0,0.0,inmediato,,Desodorante,209,,,False,Nivea,0.4,Nivea Antitransp Pearlb Spray,83,,,,0.0,150 ML,False,2026-08-11T00:05:37.88556+00:00,5,,False,FC-08837311,2,5,0,,,,marca,,0,False
True,64.0,Higiene,7509546073040,,14.73,,2026-08-10T19:50:41.010327+00:00,,,Caprice Sp Biotina Fza,0,0.0,inmediato,,Shampoo,265,,,False,Caprice,0.4,Shampoo Caprice Biotina Fza,21.0,,,,0.0,200 ML,False,2026-08-11T00:05:37.88556+00:00,5,,False,FC-46073040,1,5,0,,,,marca,,0,False
True,50.0,Higiene,7501086472048,,26.995,,2026-08-10T19:50:41.010327+00:00,,,Alcanforada Mayo Somed,0,0.0,inmediato,,Cepillo dental,307,,,False,PRO,0.4,Cepillo Dent Mayor Alcance Pro,33,,,,0.0,1 PZ,False,2026-08-11T00:05:37.88556+00:00,5,,False,FC-86472048,2,5,0,,,,marca,,0,False
True,45.0,Higiene,7501943427754,,10.01,,2026-08-10T19:50:41.010327+00:00,,,Kotex Nat Flex Noct,0,0.0,inmediato,,Toallas sanitarias,321,,,False,Kotex,0.4,Toallas Kotex Nocturna Ext Largo cn alas,15,,,,0.0,C/5,False,2026-08-11T00:05:37.88556+00:00,5,,False,FC-43427754,2,5,0,,,,marca,,0,False
True,64.0,Higiene,7509546073033,,14.73,,2026-08-10T19:50:41.010327+00:00,,,Caprice Sp Acti Ceramida,0,0.0,inmediato,,Shampoo,266,,,False,Caprice,0.4,Shampoo Caprice Acti Ceramida,21.0,,,,0.0,200 ML,False,2026-08-11T00:05:37.88556+00:00,5,,False,FC-46073033,1,5,0,,,,marca,,0,False
True,25.0,Cuidado personal,75001865,,46.64,,2026-08-10T19:50:41.010327+00:00,,,Lio 115M,0,0.0,inmediato,,Brillantine,270,,,False,Palmolive,0.4,Brillantina Palmolive,66.0,,,,0.0,115 mL,False,2026-08-11T00:05:37.88556+00:00,5,,False,FC-75001865,1,5,0,,,,marca,,0,False
True,121.0,Botiquín,7501441500096,,31.77,,2026-08-10T19:50:21.991528+00:00,,,Tiraleche de cristal,0,0.0,inmediato,,Tiraleche,219,,,False,DAN,0.5,Tiraleche de cristal,48.0,,,,0.0,1 PZA,False,2026-08-11T00:05:37.88556+00:00,4,,False,FC-41500096,1,5,0,,,,marca,,0,False
True,,Otro,7502208895196,,9.5,,2026-08-11T00:19:06.632557+00:00,,,Aspirina,0,0,inmediato,,TABLETAS,487,,,False,Aspirina,,Aspirina,13.0,,,,0,C/10,False,,,,False,FC-08895196,5,5,0,,,,marca,,0,False
True,52.0,Cuidado personal,7506192504539,,19.28,,2026-08-10T19:50:41.010327+00:00,,,Ego Mod Met,0,0.0,inmediato,,Cera capilar,258,,,False,Ego,0.4,Cera Ego Brillo,27.0,,,,0.0,25 G,False,2026-08-11T00:05:37.88556+00:00,5,,False,FC-92504539,1,5,0,,,,marca,,0,False
True,8.0,Higiene,7502245720567,,17.2,,2026-08-10T19:50:41.010327+00:00,,,Quitaesmalte coco,0,0.0,inmediato,,Tratamiento capilar,277,,,False,SKN,0.4,Quitaesmalte coco,25.0,,,,0.0,100 ML,False,2026-08-11T00:05:37.88556+00:00,5,,False,FC-45720567,1,5,0,,,,marca,,0,False
True,8.0,Botiquín,7501048640775,,18.05,,2026-08-10T19:50:41.010327+00:00,,,Venda de yeso 10 cm x 2.75 m C/12,0,0.0,inmediato,,Material de curación,279,,,False,Protec,0.5,Venda de yeso 10 cm x 2.75 m,28.0,,,,0.0,1 PZA,False,2026-08-11T00:05:37.88556+00:00,4,,False,FC-48640775,1,5,0,,,,marca,,0,False
True,18.0,Otro,,200 MG,12.38,,2026-08-10T19:50:21.991528+00:00,,,Vernisen,0,0.0,inmediato,,TABLETAS,5,,,False,Vernisen,0.35,Vernisen,16.1,,,,0.0,6 TABLETAS,False,2026-08-11T00:05:37.88556+00:00,3,,False,FC-174824A0,2,5,0,,,,marca,,0,False
True,,Botiquín,75030034063651,,11.7,,2026-08-11T00:19:06.632557+00:00,,,Quirmex,0,0,inmediato,,Tela adhesiva,508,,,False,Quirmex,,Quirmex,19.0,,,,0,,False,,,,False,FC-34063651,5,5,0,,,,marca,,0,False
True,28.0,Higiene,7509546655079,,17.98,,2026-08-10T19:50:41.010327+00:00,,,Palmolive N-Bal Corp Baby0%,0,0.0,inmediato,,Jabón,298,,,False,Palmolive,0.4,Jabon barra Palmolive Neutro Bal Corp Baby,25,,,,0.0,90 G,False,2026-08-11T00:05:37.88556+00:00,5,,False,FC-46655079,2,5,0,,,,marca,,0,False
True,52.0,Higiene,7501082790016,,20.65,,2026-08-10T19:50:41.010327+00:00,,,Nuvel Pura Para Bebe200 G,0,0.0,inmediato,,Talco,299,,,False,Nuvel,0.3,Talco Nuvel Pura Para Bebe,29.0,,,,0.0,200 g,False,2026-08-11T00:05:37.88556+00:00,8,,False,FC-82790016,1,5,0,,,,marca,,0,False
True,39.0,Otro,,750 MG,28.87,,2026-08-10T19:50:21.991528+00:00,,,Cina,0,0.0,inmediato,,TABLETAS,3,,,False,Cina,0.35,Cina,37.54,,,,0.0,7 TABLETAS,False,2026-08-11T00:05:37.88556+00:00,3,,False,FC-B25B4654,2,5,0,,,,marca,,0,False
True,31.0,Otro,,500 MG,18.77,,2026-08-10T19:50:21.991528+00:00,,,Levofloxacino,0,0.0,inmediato,,TABLETAS,2,,,False,,0.6,Levofloxacino,30.04,,,,0.0,7 TABLETAS,False,2026-08-11T00:05:37.88556+00:00,1,LEVOFLOXACINO,False,FC-C721E8D7,2,5,0,,,,generico,,0,False
True,63.0,Otro,,100 MG,46.05,,2026-08-10T19:50:21.991528+00:00,,,Terficho,0,0.0,inmediato,,CAPSULAS,1,,,False,Terficho,0.35,Terficho,59.87,,,,0.0,40 CAPSULAS,False,2026-08-11T00:05:37.88556+00:00,3,,False,FC-F967863B,1,5,0,,,,marca,,0,False
True,33.0,Otro,,500/8 MG,24.05,,2026-08-10T19:50:21.991528+00:00,,,Acroxil-C,0,0.0,inmediato,,CAPSULAS,55,,,False,Acroxil-C,0.35,Acroxil-C,31.27,,,,0.0,12 CAPSULAS,False,2026-08-11T00:05:37.88556+00:00,3,,False,FC-05965071,1,5,0,,,,marca,,0,False
True,,Otro,7502276040610,,91.92,,2026-08-11T00:19:06.632557+00:00,,,Desenfriol ito,0,0,inmediato,,TABLETAS,440,,,False,BAYER,,Desenfriolito,122.0,,,,0,2 PACK · C/24,False,,,,False,FC-76040610,2,5,0,,,,marca,,0,False
True,16.0,Higiene,7501017360604,,21.21,,2026-08-10T19:50:41.010327+00:00,,,Kotex Ant Flujo Abundante S/A 10Pz,0,0.0,inmediato,,Toallas sanitarias,314,,,False,Kotex,0.4,Toallas Kotex Regular Flujo Amb,25,,,,0.0,10 pzs,False,2026-08-11T00:05:37.88556+00:00,5,,False,FC-17360604,2,5,0,,,,marca,,0,False
True,111.0,Otro,,250 MG,82.09,,2026-08-10T19:50:21.991528+00:00,,,Cefagen,0,0.0,inmediato,,TABLETAS,14,,,False,Cefagen,0.35,Cefagen,106.72,,,,0.0,10 TABLETAS,False,2026-08-11T00:05:37.88556+00:00,3,CEFALEXINA,False,FC-2EDC6E3B,1,5,0,,,,marca,,0,False
True,6.0,Botiquín,75030034067301,,6.8,,2026-08-10T19:51:08.809889+00:00,,,Quirmex,0,0.0,inmediato,,Venda,374,,,False,Quirmex,0.35,Quirmex,10.0,,,,0.0,5 CM,True,2026-08-11T00:02:47.082937+00:00,12,,False,FC-34067301,12,5,0,,,,marca,,0,False
True,43.0,Higiene,7702031976394,,63.53,,2026-08-10T19:50:41.010327+00:00,,,Listerine Anticari-Al,0,0.0,inmediato,,Enjuague bucal,320,,,False,Listerine,0.4,Enjuague Bucal Listerine Anticaries,89.0,,,,0.0,250 ML,False,2026-08-11T00:05:37.88556+00:00,5,,False,FC-31976394,1,5,0,,,,marca,,0,False
True,191.0,Higiene,75004351444145,,277.0,,2026-08-10T19:51:08.809889+00:00,,,Old Spice,0,0.0,inmediato,,Desodorante,385,,,False,Old Spice,0.4,Old Spice,388.0,,,,0.0,,False,2026-08-11T00:05:37.88556+00:00,5,,False,FC-51444145,1,5,0,,,,marca,,0,False
True,52.0,Higiene,7500435231237,,73.76,,2026-08-10T19:50:41.010327+00:00,,,Hask Anti Comezon,0,0.0,inmediato,,Shampoo,257,,,False,Head & Shoulders,0.4,Shampoo Head & Shoulders Anti Comezon,104.0,,,,0.0,375 ML,False,2026-08-11T00:05:37.88556+00:00,5,,False,FC-35231237,1,5,0,,,,marca,,0,False
True,101.0,Otro,,250MG/5/50 ML,74.58,,2026-08-10T19:50:21.991528+00:00,,,Cefagen,0,0.0,inmediato,,SUSPENSION,11,,,False,Cefagen,0.35,Cefagen,96.96,,,,0.0,1 SUSPENSION,False,2026-08-11T00:05:37.88556+00:00,3,CEFALEXINA,False,FC-A455EE80,1,5,0,,,,marca,,0,False
True,90.0,Higiene,810120500201,,23.99,,2026-08-10T19:50:21.991528+00:00,,,Pert Plus Ac-Oliva,0,0.0,inmediato,,Shampoo,220,,,False,Pert,0.4,Shampoo Pert  Ac-Oliva,34.0,,,,0.0,400 ML,False,2026-08-11T00:05:37.88556+00:00,5,,False,FC-20500201,1,5,0,,,,marca,,0,False
True,35.0,Otro,,300 MG,21.46,,2026-08-10T19:50:21.991528+00:00,,,Alopurinol,0,0.0,inmediato,,TABLETAS,4,,,False,,0.6,Alopurinol,34.34,,,,0.0,20 TABLETAS,False,2026-08-11T00:05:37.88556+00:00,1,ALOPURINOL,False,FC-ACA2A2F6,2,5,0,,,,generico,,0,False
True,60.0,Otro,,500/30 MG,44.44,,2026-08-10T19:50:21.991528+00:00,,,Cefaroxil,0,0.0,inmediato,,TABLETAS,9,,,False,Cefaroxil,0.35,Cefaroxil,57.78,,,,0.0,15 TABLETAS,False,2026-08-11T00:05:37.88556+00:00,3,,False,FC-B18E386A,1,5,0,,,,marca,,0,False
True,88.0,Cuidado personal,4005900942760,,105.35,,2026-08-10T19:50:41.010327+00:00,,,Gel facial hidratante hialurónico,0,0.0,inmediato,,Gel,291,,,False,Nivea,0.4,Gel Nivea facial hidratante hialurónico,148.0,,,,0.0,200 ML,False,2026-08-11T00:05:37.88556+00:00,5,,False,FC-00942760,1,5,0,,,,marca,,0,False
True,62.0,Otro,,500 MG,45.78,,2026-08-10T19:50:21.991528+00:00,,,Amifarin,0,0.0,inmediato,,CAPSULAS,6,,,False,Amifarin,0.35,Amifarin,59.52,,,,0.0,20 CAPSULAS,False,2026-08-11T00:05:37.88556+00:00,3,,False,FC-D5AC44CA,2,5,0,,,,marca,,0,False
True,66.0,Otro,,125MG/5/50 ML,48.48,,2026-08-10T19:50:21.991528+00:00,,,Cefagen,0,0.0,inmediato,,SUSPENSION,12,,,False,Cefagen,0.35,Cefagen,63.03,,,,0.0,1 SUSPENSION,False,2026-08-11T00:05:37.88556+00:00,3,CEFALEXINA,False,FC-E374F23E,1,5,0,,,,marca,,0,False
True,37.0,Higiene,7702031887928,,63.53,,2026-08-10T19:50:41.010327+00:00,,,Listerine Care Zero Mta,0,0.0,inmediato,,Enjuague bucal,322,,,False,Listerine,0.4,Enjuague Buc Listerine Cuidado Total,89.0,,,,0.0,250 ML,False,2026-08-11T00:05:37.88556+00:00,5,,False,FC-31887928,1,5,0,,,,marca,,0,False
True,136.0,Cuidado personal,7501054503095,,60.75,,2026-08-10T19:50:41.010327+00:00,,,Nivea Sda Tarro,0,0.0,inmediato,,Crema,323,,,False,Nivea,0.4,Crema Nivea Tarro,86.0,,,,0.0,100 ML,False,2026-08-11T00:05:37.88556+00:00,5,,False,FC-54503095,1,5,0,,,,marca,,0,False
True,59.0,Higiene,650240030338,,70.92,,2026-08-10T19:50:41.010327+00:00,,,Lomecan V Aclar,0,0.0,inmediato,,Shampoo,227,,,False,Lomecan,0.4,Jabon Intimo Lomecan V Aclar,100.0,,,,0.0,200 ML,False,2026-08-11T00:05:37.88556+00:00,5,,False,FC-40030338,1,5,0,,,,marca,,0,False
True,43.0,Higiene,75062927,,53.5,,2026-08-10T19:50:21.991528+00:00,,,Rexona Pom-Dry 48 H,0,0.0,inmediato,,Desodorante,183,,,False,Rexona,0.4,Desodorante Rexona Pom-Dry 48 H,75.0,,,,0.0,STICK 45 G,False,2026-08-11T00:05:37.88556+00:00,5,,False,FC-75062927,1,5,0,,,,marca,,0,False
True,92.0,Botiquín,7501048640829,,40.28,,2026-08-10T19:50:41.010327+00:00,,,Venda de yeso 20 cm x 2.75 m,0,0,inmediato,,Material de curación,281,,,False,Protec,0.5,Venda de yeso 20 cm x 2.75 m,61,,,,0,1 PZA,False,2026-08-11T00:05:37.88556+00:00,4,,False,FC-46640629,1,5,0,,,,marca,,0,False
True,62.0,Higiene,7506306217461,,64.12,,2026-08-10T19:50:21.991528+00:00,,,Rexona Effi Fresh,0,0.0,inmediato,,Desodorante,222,,,False,Rexona,0.4,Talco Desodorante Rexona Effi Fresh,90.0,,,,0.0,200 G,False,2026-08-11T00:05:37.88556+00:00,5,,False,FC-06217461,1,5,0,,,,marca,,0,False
True,94.0,Higiene,7509546074504,,49.97,,2026-08-10T19:50:41.010327+00:00,,,Mennen Zero% Sve,0,0.0,inmediato,,Shampoo,303,,,False,Mennen,0.4,Shampoo Mennen Zero%,63,,,,0.0,400 ML,False,2026-08-11T00:05:37.88556+00:00,5,,False,FC-46074504,1,5,0,,,,marca,,0,False
True,94.0,Higiene,037836033735,,42.34,,2026-08-10T19:50:41.010327+00:00,,,Ricitos de Oro Oro Agua De Coco,0,0.0,inmediato,,Shampoo,304,,,False,Ricitos de Oro,0.4,Shampoo Ricitos de Oro Oro Agua De Coco,60.0,,,,0.0,250 ML,False,2026-08-11T00:05:37.88556+00:00,5,,False,FC-36033735,1,5,0,,,,marca,,0,False
True,70.0,Higiene,7502276040436,,78.22,,2026-08-10T19:50:21.991528+00:00,,,Mexsana P/Pies,0,0.0,inmediato,,Desodorante,216,,,False,Mexsana,0.4,Desodorante Para Pies Mexsana,110.0,,,,0.0,SPRAY 150 ML,False,2026-08-11T00:05:37.88556+00:00,5,,False,FC-76040436,1,5,0,,,,marca,,0,False
True,73.0,Higiene,7896009498091,,70.91,,2026-08-10T19:50:41.010327+00:00,,,Sensodyne Complet + Acc Lim Efec,0,0.0,inmediato,,Material de curación,308,,,False,Sensodyne,0.5,Pasta Dent Sensodyne Proteccion Comp,107.0,,,,0.0,90 G,False,2026-08-11T00:05:37.88556+00:00,4,,False,FC-09498091,1,5,0,,,,marca,,0,False
True,49.0,Cuidado personal,650240030963,,62.25,,2026-08-10T19:50:41.010327+00:00,,,Teatrical Cel-Ma Nutrit,0,0.0,inmediato,,Crema,293,,,False,Teatrical,0.4,Crema Teatrical Cel-Ma Nutrit,88.0,,,,0.0,400 ML,False,2026-08-11T00:05:37.88556+00:00,5,,False,FC-40030963,1,5,0,,,,marca,,0,False
True,38.0,Cuidado personal,810120501765,,45.15,,2026-08-10T19:50:41.010327+00:00,,,Grisi Aloe Vera P/Manos,0,0.0,inmediato,,Crema,317,,,False,Grisi,0.4,Crema Grisi Aloe Vera P/Manos,64.0,,,,0.0,80 ML,False,2026-08-11T00:05:37.88556+00:00,5,,False,FC-20501765,1,5,0,,,,marca,,0,False
True,,Otro,75022088915491,,58.5,,2026-08-11T00:19:06.632557+00:00,,,Tarmin 2 Mg /12,0,0,inmediato,,TABLETAS,485,,,False,Tarmin,,Tarmin 2 Mg /12,77.0,,,,0,12 TABLETAS,False,,,,False,FC-88915491,50,5,0,,,,marca,,0,False
True,22.0,Cuidado personal,7702035469151,,34.41,,2026-08-10T19:50:41.010327+00:00,,,Lubriderm Uv Fps15,0,0.0,inmediato,,Crema,295,,,False,Lubriderm,0.4,Crema Lubriderm Uv Fps15,49.0,,,,0.0,120 ML,False,2026-08-11T00:05:37.88556+00:00,5,,False,FC-35469151,1,5,0,,,,marca,,0,False
True,110.0,Cuidado personal,7509552910971,,43.58,,2026-08-10T19:50:21.991528+00:00,,,Fructis Pei B-Dano Quim,0,0.0,inmediato,,Crema,224,,,False,Fructis,0.4,Crema Para Peinar Fructis Borrador de Daño,62.0,,,,0.0,300 ML,False,2026-08-11T00:05:37.88556+00:00,5,,False,FC-52910971,1,5,0,,,,marca,,0,False
True,25.0,Higiene,650240025839,,63.05,,2026-08-10T19:50:21.991528+00:00,,,Lomecan V,0,0.0,inmediato,,Shampoo,226,,,False,Lomecan,0.4,Jabon Intimo Lomecan V,89.0,,,,0.0,200 ML,False,2026-08-11T00:05:37.88556+00:00,5,,False,FC-40025839,1,5,0,,,,marca,,0,False
True,89.0,Cuidado personal,7509552816297,,43.58,,2026-08-10T19:50:21.991528+00:00,,,Fructis Pei Oil-R L-Coco,0,0.0,inmediato,,Crema,225,,,False,Fructis,0.4,Crema Para Peinar Fructis Oil-Repail L-Coco,62.0,,,,0.0,300 ML,False,2026-08-11T00:05:37.88556+00:00,5,,False,FC-52816297,1,5,0,,,,marca,,0,False
True,83.0,Otro,,400 MG,51.43,,2026-08-10T19:50:21.991528+00:00,,,Beneventol,0,0.0,inmediato,,CAPSULAS,69,,,False,,0.6,Beneventol,82.29,,,,0.0,6 CAPSULAS,False,2026-08-11T00:05:37.88556+00:00,1,BENEVENTOL,False,FC-369D1689,1,5,0,,,,generico,,0,False
True,70.0,Cuidado personal,7501007528939,,31.59,,2026-08-10T19:50:41.010327+00:00,,,Lubriderm Thint Psec120 Ml,0,0.0,inmediato,,Crema,301,,,False,Lubriderm,0.4,Crema Lubriderm Repa Intens,45.0,,,,0.0,120 mL,False,2026-08-11T00:05:37.88556+00:00,5,,False,FC-07528939,1,5,0,,,,marca,,0,False
True,42.0,Higiene,037836032776,,74.31,,2026-08-10T19:50:41.010327+00:00,,,Ricitos de Oro Oro Biopure,0,0.0,inmediato,,Shampoo,296,,,False,Ricitos de Oro,0.4,Shampoo Ricitos de Oro Oro Biopure,105.0,,,,0.0,250 ML,False,2026-08-11T00:05:37.88556+00:00,5,,False,FC-36032776,1,5,0,,,,marca,,0,False
True,43.0,Cuidado personal,42417644,,48.58,,2026-08-10T19:50:41.010327+00:00,,,Nivea Cuidado Int P/Mano,0,0.0,inmediato,,Crema,310,,,False,Nivea,0.4,Crema Nivea Cuidado Int P/Mano,69.0,,,,0.0,75 ML,False,2026-08-11T00:05:37.88556+00:00,5,,False,FC-42417644,1,5,0,,,,marca,,0,False
True,38.0,Otro,,500 MG,23.57,,2026-08-10T19:50:21.991528+00:00,,,Gimalxina,0,0.0,inmediato,,CAPSULAS,72,,,False,,0.6,Gimalxina,37.72,,,,0.0,12 CAPSULAS,False,2026-08-11T00:05:37.88556+00:00,1,GIMALXINA,False,FC-428A228F,2,5,0,,,,generico,,0,False
True,19.0,Otro,,125MG/5/60 ML,13.93,,2026-08-10T19:50:21.991528+00:00,,,Mexapin,0,0.0,inmediato,,SUSPENSION,38,,,False,Mexapin,0.35,Mexapin,18.11,,,,0.0,1 SUSPENSION,False,2026-08-11T00:05:37.88556+00:00,3,,False,FC-50587FA6,1,5,0,,,,marca,,0,False
True,54.0,Higiene,7509546655727,,12.97,,2026-08-10T19:50:41.010327+00:00,,,Mennen Baby Magic Lavan,0,0.0,inmediato,,Jabón,328,,,False,Mennen,0.4,Jabon Mennen Baby Magic Lavan Hipoalerg,19.0,,,,0.0,90 G,False,2026-08-11T00:05:37.88556+00:00,5,,False,FC-46655727,1,5,0,,,,marca,,0,False
True,26.0,Otro,,300 MG,19.07,,2026-08-10T19:50:21.991528+00:00,,,Acetilsalicilico Ef,0,0.0,inmediato,,TABLETAS,45,,,False,Acido,0.35,Acetilsalicilico Ef,24.8,,,,0.0,20 TABLETAS,False,2026-08-11T00:05:37.88556+00:00,3,,False,FC-95779436,5,5,0,,,,marca,,0,False
True,30.0,Otro,,500 MG,18.37,,2026-08-10T19:50:21.991528+00:00,,,Amoxicilina,0,0.0,inmediato,,CAPSULAS,44,,,False,,0.6,Amoxicilina,29.4,,,,0.0,12 CAPSULAS,False,2026-08-11T00:05:37.88556+00:00,1,AMOXICILINA,False,FC-A0D320D1,5,5,0,,,,generico,,0,False
True,198.0,Otro,,400 MG,146.11,,2026-08-10T19:50:21.991528+00:00,,,Lesaclor,0,0.0,inmediato,,TABLETAS,70,,,False,Lesaclor,0.35,Lesaclor,189.95,,,,0.0,35 TABLETAS,False,2026-08-11T00:05:37.88556+00:00,3,,False,FC-B69FCBF4,1,5,0,,,,marca,,0,False
True,37.0,Otro,,250MG/5/90 ML,27.06,,2026-08-10T19:50:21.991528+00:00,,,Pentiver,0,0.0,inmediato,,SUSPENSION,39,,,False,Pentiver,0.35,Pentiver,35.18,,,,0.0,1 SUSPENSION,False,2026-08-11T00:05:37.88556+00:00,3,,False,FC-B72A6420,1,5,0,,,,marca,,0,False
True,110.0,Otro,,200MG/5/15 ML,68.5,,2026-08-10T19:50:21.991528+00:00,,,Azitromicina,0,0.0,inmediato,,SUSPENSION,40,,,False,,0.6,Azitromicina,109.6,,,,0.0,1 SUSPENSION,False,2026-08-11T00:05:37.88556+00:00,1,AZITROMICINA,False,FC-D9391288,1,5,0,,,,generico,,0,False
True,49.0,Otro,,250/62.5MG/5/60 ML,35.62,,2026-08-10T19:50:21.991528+00:00,,,Clamoxin,0,0.0,inmediato,,SUSPENSION,61,,,False,Clamoxin,0.35,Clamoxin,46.31,,,,0.0,1 SUSPENSION,False,2026-08-11T00:05:37.88556+00:00,3,AMOXICILINA/AC. CLAVULANICO,False,FC-F48FF7EF,1,5,0,,,,marca,,0,False
True,43.0,Cuidado personal,7506192511261,,41.84,,2026-08-10T19:50:41.010327+00:00,,,Nutribela Bio Colageno,0,0.0,inmediato,,Crema,229,,,False,Nutribela,0.45,Nutribela Bio Colageno,59.0,,,,0.0,300 G,False,2026-08-11T00:05:37.88556+00:00,6,,False,FC-92511261,1,5,0,,,,marca,,0,False
True,24.0,Cuidado personal,7501082790504,,27.75,,2026-08-10T19:50:21.991528+00:00,,,Nuvel Bifasico Oil,0,0.0,inmediato,,Desmaquillante,200,,,False,Nuvel,0.4,Nuvel Desmaq Bifasico Oil,39.0,,,,0.0,125 ML,False,2026-08-11T00:05:37.88556+00:00,5,,False,FC-82790504,1,5,0,,,,marca,,0,False
True,62.0,Cuidado personal,7702031244486,,31.59,,2026-08-10T19:50:41.010327+00:00,,,Lubriderm P/Normal,0,0.0,inmediato,,Crema,302,,,False,Lubriderm,0.4,Crema Lubriderm P/Normal,45.0,,,,0.0,120 ML,False,2026-08-11T00:05:37.88556+00:00,5,,False,FC-31244486,1,5,0,,,,marca,,0,False
True,71.0,Higiene,7506306249226,,40.66,,2026-08-10T19:50:41.010327+00:00,,,Savile Bio-Sab Creci Res,0,0.0,inmediato,,Shampoo,247,,,False,Savile,0.4,Shampoo Savile Bio-Sab Creci Res,57.0,,,,0.0,700 ML,False,2026-08-11T00:05:37.88556+00:00,5,,False,FC-06249226,1,5,0,,,,marca,,0,False
True,100.0,Higiene,7506195129166,,53.19,,2026-08-10T19:50:41.010327+00:00,,,Oral-B 3Dw Advant Med2X1,0,0.0,inmediato,,Cepillo dental,309,,,False,Oral-B,0.4,Cepillo Dent Oral-B Limpieza Intens 2,75.0,,,,0.0,2 PZ,False,2026-08-11T00:05:37.88556+00:00,5,,False,FC-95129166,1,5,0,,,,marca,,0,False
True,45.0,Cuidado personal,037836041402,,39.9,,2026-08-10T19:50:41.010327+00:00,,,Hinds Hidr-Extr Almendras,0,0.0,inmediato,,Crema,300,,,False,Hinds,0.4,Crema Hinds Hidr-Extr Almendras,60,,,,0.0,500 ML,False,2026-08-11T00:05:37.88556+00:00,5,,False,FC-36041402,1,5,0,,,,marca,,0,False
True,44.0,Higiene,75022149824911,,48.6,,2026-08-10T19:51:08.809889+00:00,,,Prudence Iva Dki Mexico S Cond Iva Mexico,0,0.0,inmediato,,Condón,412,,,False,Prudence,0.4,Prudence Iva Dki Mexico S Cond Iva Mexico,69.0,,,,0.0,C/3,False,2026-08-11T00:05:37.88556+00:00,5,,False,FC-49824911,1,5,0,,,,marca,,0,False
True,104.0,Cuidado personal,7500435169035,,57.9,,2026-08-10T19:50:41.010327+00:00,,,Herbal Essences Rizo,0,0.0,inmediato,,Mousse capilar,255,,,False,Herbal Essences,0.4,Mousse Herbal Essences Rizo,82.0,,,,0.0,210 mL,False,2026-08-11T00:05:37.88556+00:00,5,,False,FC-35169035,1,5,0,,,,marca,,0,False
True,48.0,Higiene,619585800198,,26.2,,2026-08-10T19:50:41.010327+00:00,,,Huggies Super,0,0.0,inmediato,,Toallas húmedas,324,,,False,Bebin Super,0.3,Toallitas Bebin Super,35.0,,,,0.0,C/80,False,2026-08-11T00:05:37.88556+00:00,8,,False,FC-85800198,1,5,0,,,,marca,,0,False
True,27.0,Botiquín,75018689100101,,35.3,,2026-08-10T19:51:08.809889+00:00,,,Algodón 200 g,0,0.0,inmediato,,Algodón,373,,,False,Dibak,0.5,Algodón 200 g,53.0,,,,0.0,200 G,False,2026-08-11T00:05:37.88556+00:00,4,,False,FC-89100101,2,5,0,,,,marca,,0,False
True,35.0,Cuidado personal,7501438312374,,32.34,,2026-08-10T19:50:41.010327+00:00,,,Moco de Gorila Gel Citr,0,0.0,inmediato,,Cera capilar,259,,,False,Moco de Gorila,0.4,Cera gel Moco de Gorila Citrus,46.0,,,,0.0,100 G,False,2026-08-11T00:05:37.88556+00:00,5,,False,FC-38312374,1,5,0,,,,marca,,0,False
True,84.0,Cuidado personal,810120501673,,42.25,,2026-08-10T19:50:41.010327+00:00,,,Hinds Liq Agave Azul,0,0.0,inmediato,,Crema,286,,,False,Hinds,0.4,Crema Hinds Liq Agave Azul,60.0,,,,0.0,400 ML,False,2026-08-11T00:05:37.88556+00:00,5,,False,FC-20501673,1,5,0,,,,marca,,0,False
True,29.0,Higiene,7501007502441,,15.51,,2026-08-10T19:50:41.010327+00:00,,,Johnson S Baby Antes/Dor,0,0.0,inmediato,,Jabón,297,,,False,Johnson,0.4,Jabon Johnsons Baby Antes/Dorm,22.0,,,,0.0,75 G,False,2026-08-11T00:05:37.88556+00:00,5,,False,FC-07502441,1,5,0,,,,marca,,0,False
True,30.0,Higiene,7509546072050,,26.3,,2026-08-10T19:50:41.010327+00:00,,,Mennen Miel-Mza Sve,0,0.0,inmediato,,Shampoo,315,,,False,Mennen,0.4,Shampoo Mennen Miel-Mza,37.0,,,,0.0,200 ML,False,2026-08-11T00:05:37.88556+00:00,5,,False,FC-46072050,1,5,0,,,,marca,,0,False
True,26.0,Higiene,7500435231244,,36.73,,2026-08-10T19:50:41.010327+00:00,,,Head & Shoulders Anti Comezon,0,0.0,inmediato,,Shampoo,260,,,False,Head & Shoulders,0.4,Shampoo Head & Shoulders Anti Comezon,45,,,,0.0,180 ML,False,2026-08-11T00:05:37.88556+00:00,5,,False,FC-35231244,1,5,0,,,,marca,,0,False
True,21.0,Higiene,7502221012303,,18.86,,2026-08-10T19:50:21.991528+00:00,,,Claris Desmaq Aloe,0,0.0,inmediato,,Toallas húmedas,203,,,False,Claris,0.4,Claris Toallas Desmaq Aloe,25,,,,0.0,C/40,False,2026-08-11T00:05:37.88556+00:00,5,,False,FC-21012303,2,5,0,,,,marca,,0,False
True,31.0,Botiquín,7501048691005,,26.48,,2026-08-10T19:50:41.010327+00:00,,,Tensolastic Plus venda elástica 10 cm x 5 m,0,0.0,inmediato,,Material de curación,319,,,False,Protec,0.5,Venda elástica Protec 10 cm x 5 m,40.0,,,,0.0,10 CM x 5 M,False,2026-08-11T00:05:37.88556+00:00,4,,False,FC-48691005,1,5,0,,,,marca,,0,False
True,32.0,Botiquín,7501048690800,,14.42,,2026-08-10T19:50:41.010327+00:00,,,Tensolastic Plus venda elástica 5 cm x 5 m,0,0.0,inmediato,,Material de curación,334,,,False,Protec,0.5,Venda Elástica Protec 5 cm x 5 m,22.0,,,,0.0,5 CM x 5 M,False,2026-08-11T00:05:37.88556+00:00,4,,False,FC-48690800,1,5,0,,,,marca,,0,False
True,13.0,Cuidado personal,7501199428024,,28.305,,2026-08-10T19:50:41.010327+00:00,,,Moco de Gorila Punk,0,0.0,inmediato,,Gel,264,,,False,Moco de Gorila,0.4,Gel Moco de Gorila Punk,36,,,,0.0,80 G,False,2026-08-11T00:05:37.88556+00:00,5,,False,FC-99428024,2,5,0,,,,marca,,0,False
True,,Producto,,,8.0,,2026-08-11T00:19:23.977326+00:00,,,Mercurio Aceite Almendras 790523,0,0,inmediato,,,520,,,False,Mercurio,,Mercurio Aceite Almendras 790523,12.8,,,,0,C/25,False,,,,False,FC-D4AC123B,5,5,0,,,,marca,,0,False
True,75.0,Otro,,875/125 MG,55.03,,2026-08-10T19:50:21.991528+00:00,,,12H,0,0.0,inmediato,,TABLETAS,60,,,False,Clamoxin,0.35,12H,71.54,,,,0.0,10 TABLETAS,False,2026-08-11T00:05:37.88556+00:00,3,AMOXICILINA/AC. CLAVULANICO,False,FC-F22C72BE,5,5,0,,,,marca,,0,False
True,207.0,Higiene,7506306248052,,55.89,,2026-08-10T19:50:21.991528+00:00,,,Dove Aero Tono Uniforme 3Pack,0,0.0,inmediato,,Desodorante,206,,,False,Dove,0.4,Dove Aero Tono Uniforme Calendula y VitaminaE,69,,,,0.0,150 ML,False,2026-08-11T00:05:37.88556+00:00,5,,False,FC-06248052,3,5,0,,,,marca,,0,False
True,34.0,Cuidado personal,759684900280,,16.87,,2026-08-10T19:50:21.991528+00:00,,,Jaloma Spray,0,0.0,inmediato,,Agua de rosas,212,,,False,Jaloma,0.4,Jaloma Agua de Rosas,24.0,,,,0.0,130 ML,False,2026-08-11T00:05:37.88556+00:00,5,,False,FC-84900280,1,5,0,,,,marca,,0,False
True,14.0,Higiene,7501086494262,,31.02,,2026-08-10T19:50:41.010327+00:00,,,Oral-B Indicat35Sve,0,0.0,inmediato,,Cepillo dental,274,,,False,Oral-B,0.4,Cepillo Oral-B Indicat,37,,,,0.0,1 pz,False,2026-08-11T00:05:37.88556+00:00,5,,False,FC-86494262,2,5,0,,,,marca,,0,False
True,,Higiene,75064601015141,,83.5,,2026-08-11T00:19:06.632557+00:00,,,Lubricante original,0,0,inmediato,,Lubricante,483,,,False,Softlub,,Lubricante original,134.0,,,,0,56.7 G,False,,,,False,FC-01015141,1,5,0,,,,marca,,0,False
True,65.0,Otro,,600/42.9MG/50 ML,47.99,,2026-08-10T19:50:21.991528+00:00,,,S,0,0.0,inmediato,,SUSPENSION,64,,,False,Clamoxin,0.35,S,62.39,,,,0.0,1 SUSPENSION,False,2026-08-11T00:05:37.88556+00:00,3,AMOXICILINA/AC. CLAVULANICO,False,FC-0E0A9E42,1,5,0,,,,marca,,0,False
True,62.0,Higiene,7502214985805,,48.6,,2026-08-10T19:51:08.809889+00:00,,,Prudence Chicle C/E Idkt Cond Chicle,0,0.0,inmediato,,Condón,413,,,False,Prudence,0.4,Prudence Chicle C/E Idkt Cond Chicle,69.0,,,,0.0,,False,2026-08-11T00:05:37.88556+00:00,11,,False,FC-14985805,1,5,0,,,,marca,,0,False
True,320.0,Botiquín,75060223272151,,217.2,,2026-08-10T19:51:08.809889+00:00,,,Jeringa insulina 0.3 ml,0,0.0,inmediato,,Jeringa,371,,,True,Jayor,0.5,Jeringa insulina 0.3 ml,326.0,,,,0.0,C/100,False,2026-08-11T00:02:47.082937+00:00,4,,False,FC-23272151,12,5,0,,,,marca,,0,False
True,66.0,Producto,75022149824391,,41.31,,2026-08-10T19:51:08.809889+00:00,,,Prudence 'Ull Retardante C/3,0,0.0,inmediato,,,409,,,False,Prudence,0.35,Prudence 'Ull Retardante C/3,56.0,,,,0.0,C/3,True,2026-08-11T00:02:47.082937+00:00,12,,False,FC-49824391,1,5,0,,,,marca,,0,False
True,58.0,Higiene,75022149853867,,45.4,,2026-08-10T19:51:08.809889+00:00,,,Softlub Extra Cond Extra,0,0.0,inmediato,,Condón,411,,,False,Softlub,0.4,Softlub Extra Cond Extra,64.0,,,,0.0,C/3,False,2026-08-11T00:05:37.88556+00:00,5,,False,FC-49853867,1,5,0,,,,marca,,0,False
True,142.0,Otro,,400 MG,88.17,,2026-08-10T19:50:21.991528+00:00,,,Beneventol,0,0.0,inmediato,,CAPSULAS,62,,,False,,0.6,Beneventol,141.08,,,,0.0,3 CAPSULAS,False,2026-08-11T00:05:37.88556+00:00,1,BENEVENTOL,False,FC-4BD80686,1,5,0,,,,generico,,0,False
True,63.0,Higiene,7506306249240,,40.66,,2026-08-10T19:50:41.010327+00:00,,,Savile Ker-Sab Fza Repar,0,0.0,inmediato,,Shampoo,246,,,False,Savile,0.4,Shampoo Savile Ker-Sab Fza Repar,57.0,,,,0.0,700 ML,False,2026-08-11T00:05:37.88556+00:00,5,,False,FC-06249240,1,5,0,,,,marca,,0,False
True,60.0,Otro,,300MG/120 ML,44.04,,2026-08-10T19:50:21.991528+00:00,,,Cloxan,0,0.0,inmediato,,SOLUCION,82,,,False,Cloxan,0.35,Cloxan,57.26,,,,0.0,1 SOLUCION,False,2026-08-11T00:05:37.88556+00:00,3,,False,FC-4F737E93,1,5,0,,,,marca,,0,False
True,182.0,Higiene,7506306248045,,49.1,,2026-08-10T19:50:21.991528+00:00,,,Dove Spy Invisible Dry C3,0,0.0,inmediato,,Desodorante,207,,,False,Dove,0.4,Dove Men Care 72 h,60,,,,0.0,150 ML,False,2026-08-11T00:05:37.88556+00:00,5,,False,FC-06248045,3,5,0,,,,marca,,0,False
True,71.0,Cuidado personal,7502224511636,,44.76,,2026-08-10T19:50:41.010327+00:00,,,Silica Shine Sily 3/1 Naran,0,0.0,inmediato,,Tratamiento capilar,269,,,False,Shine Sily,0.4,Silica Shine Sily 3/1 Naran,63.0,,,,0.0,105 ML,False,2026-08-11T00:05:37.88556+00:00,5,,False,FC-24511636,1,5,0,,,,marca,,0,False
True,33.0,Higiene,7501361123009,,28.1,,2026-08-10T19:50:21.991528+00:00,,,Odolex Naturals Talco Desodorante,0,0.0,inmediato,,,218,,,False,Odolex,0.35,Talco Desodorante Odolex Naturals,38.0,,,,0.0,300 G,True,2026-08-11T00:02:47.082937+00:00,12,,False,FC-61123009,1,5,0,,,,marca,,0,False
True,42.0,Higiene,7509552844825,,24.95,,2026-08-10T19:50:21.991528+00:00,,,Obao R-Nat Coco,0,0,inmediato,,Desodorante,163,,,False,Obao,0.4,Desodorante Obao Ritual Natural Coco (Mujer),35,,,,0,Roll-ON 65 G,False,2026-08-11T00:05:37.88556+00:00,5,,False,FC-52844825,1,5,0,,,,marca,,0,True
True,75.0,Higiene,7791293025797,,45.83,,2026-08-10T19:50:21.991528+00:00,,,Axe Men Dark Temp,0,0.0,inmediato,,Desodorante,176,,,False,Axe,0.4,Desodorante Axe Men Dark Temp (Hombre),65.0,,,,0.0,SPRAY 150 ML,False,2026-08-11T00:05:37.88556+00:00,5,,False,FC-93025797,1,5,0,,,,marca,,0,False
True,65.0,Higiene,75062897,,53.5,,2026-08-10T19:50:21.991528+00:00,,,Rexona Bamboo 48H,0,0.0,inmediato,,Desodorante,178,,,False,Rexona,0.4,Desodorante Rexona Bamboo 48H,75.0,,,,0.0,STICK 45 G,False,2026-08-11T00:05:37.88556+00:00,5,,False,FC-75062897,3,5,0,,,,marca,,0,False
True,100.0,Higiene,7501022133286,,66.93,,2026-08-10T19:50:41.010327+00:00,,,Grisi Rici Oro Miel,0,0.0,inmediato,,Shampoo,306,,,False,Grisi,0.4,Shampoo Grisi Rici Oro Miel,94.0,,,,0.0,250 ML,False,2026-08-11T00:05:37.88556+00:00,5,,False,FC-22133286,1,5,0,,,,marca,,0,False
True,,Otro,7501008427330,,134.5,,2026-08-11T00:19:06.632557+00:00,,,Bepanthen,0,0,inmediato,,POMADA,445,,,False,Bepanthen,,Bepanthen,216.0,,,,0,100 G,False,,,,False,FC-08427330,3,5,0,,,,marca,,0,False
True,,Otro,7501008491074,,124.8,,2026-08-11T00:19:06.632557+00:00,,,Aspirina,0,0,inmediato,,TABLETAS,467,,,False,Aspirina,,Aspirina,163.0,,,,0,80 TABLETAS,False,,,,False,FC-08491074,16,5,0,,,,marca,,0,False
True,49.0,Otro,,100 MG/50 ML,35.71,,2026-08-10T19:50:21.991528+00:00,,,Degortzin,0,0.0,inmediato,,SOLUCION,86,,,False,Degortzin,0.35,Degortzin,46.43,,,,0.0,1 SOLUCION,False,2026-08-11T00:05:37.88556+00:00,3,,False,FC-29670370,2,5,0,,,,marca,,0,False
True,42.0,Producto,75022149824771,,34.1,,2026-08-10T19:51:08.809889+00:00,,,Prudence Fresa,0,0.0,inmediato,,,415,,,False,Prudence,0.35,Prudence Fresa,47.0,,,,0.0,C/3,True,2026-08-11T00:02:47.082937+00:00,12,,False,FC-49824771,1,5,0,,,,marca,,0,False
True,97.0,GENERAL,7501001165321,,75.7,,2026-08-10T19:50:41.010327+00:00,,,Pantene Acond Rizos Definid,0,0.0,inmediato,,,237,,,False,Pantene,0.35,Acondicionador Pantene Rizos Definid,103.0,,,,0.0,400 ML,True,2026-08-11T00:02:47.082937+00:00,12,,False,FC-01165321,1,5,0,,,,marca,,0,False
True,44.0,Otro,,5 MG,32.52,,2026-08-10T19:50:21.991528+00:00,,,Amlodipino,0,0.0,inmediato,,TABLETAS,85,,,False,Amlodipino,0.35,Amlodipino,42.28,,,,0.0,100 TABLETAS,False,2026-08-11T00:05:37.88556+00:00,3,,False,FC-4A0245DA,1,5,0,,,,marca,,0,False
True,37.0,Cuidado personal,650240013898,,30.36,,2026-08-10T19:50:41.010327+00:00,,,Teatrical Lanol/Ros,0,0.0,inmediato,,Crema,312,,,False,Teatrical,0.4,Crema Teatrical Lanol/Ros,43.0,,,,0.0,52 G,False,2026-08-11T00:05:37.88556+00:00,5,,False,FC-40013898,1,5,0,,,,marca,,0,False
True,85.0,Otro,,24 MG,62.78,,2026-08-10T19:50:21.991528+00:00,,,Bitenver,0,0.0,inmediato,,TABLETAS,98,,,False,Bitenver,0.35,Bitenver,81.62,,,,0.0,30 TABLETAS,False,2026-08-11T00:05:37.88556+00:00,3,,False,FC-58DB24C4,1,5,0,,,,marca,,0,False
True,30.0,Otro,,200 MG,21.01,,2026-08-10T19:50:21.991528+00:00,,,Redalip,0,0.0,inmediato,,TABLETAS,80,,,False,Redalip,0.35,Redalip,27.32,,,,0.0,30 TABLETAS,False,2026-08-11T00:05:37.88556+00:00,3,,False,FC-6074BB64,2,5,0,,,,marca,,0,False
True,35.0,Higiene,7509552933307,,27.19,,2026-08-10T19:50:21.991528+00:00,,,Obao Game 48Hr N,0,0.0,inmediato,,Desodorante,164,,,False,Obao,0.4,Desodorante Obao Game 48Hr,39.0,,,,0.0,R-ON 65 G,False,2026-08-11T00:05:37.88556+00:00,5,,False,FC-52933307,1,5,0,,,,marca,,0,False
True,62.0,Botiquín,7501048691104,,38.31,,2026-08-10T19:50:41.010327+00:00,,,Tensolastic Plus venda elástica 15 cm x 5 m,0,0.0,inmediato,,Material de curación,330,,,False,Protec,0.5,Venda Elastica Protec 15 cm x 5 m,58.0,,,,0.0,15 CM x 5 M,False,2026-08-11T00:05:37.88556+00:00,4,,False,FC-48691104,1,5,0,,,,marca,,0,False
True,23.0,Otro,,7.5/2MG/5/120 ML,16.65,,2026-08-10T19:50:21.991528+00:00,,,Wexpec,0,0.0,inmediato,,SOLUCION,87,,,False,Wexpec,0.35,Wexpec,21.65,,,,0.0,1 SOLUCION,False,2026-08-11T00:05:37.88556+00:00,3,,False,FC-69A3C416,1,5,0,,,,marca,,0,False
True,14.0,Cuidado personal,7501056342227,,18.165,,2026-08-10T19:50:41.010327+00:00,,,Sedal Rizos Obedientes,0,0.0,inmediato,,Crema,241,,,False,Sedal,0.4,Crema Para Peinar Sedal Rizos Definidos,25,,,,0.0,135 ML,False,2026-08-11T00:05:37.88556+00:00,5,,False,FC-56342227,2,5,0,,,,marca,,0,False
True,45.0,Higiene,7501361113000,,28.1,,2026-08-10T19:50:21.991528+00:00,,,Odolex Desod,0,0.0,inmediato,,Talco,217,,,False,Odolex,0.4,Talco Desodorante ODolex,40.0,,,,0.0,300 g,False,2026-08-11T00:05:37.88556+00:00,5,,False,FC-61113000,1,5,0,,,,marca,,0,False
True,26.0,Cuidado personal,7506192506601,,20.02,,2026-08-10T19:50:41.010327+00:00,,,Ego For Men Attraction,0,0.0,inmediato,,Gel,273,,,False,Ego,0.4,Gel Ego Attraction,29.0,,,,0.0,200 g,False,2026-08-11T00:05:37.88556+00:00,5,,False,FC-92506601,1,5,0,,,,marca,,0,False
True,43.0,Otro,,1 MG,31.31,,2026-08-10T19:50:21.991528+00:00,,,Budimin,0,0.0,inmediato,,TABLETAS,97,,,False,Budimin,0.35,Budimin,40.71,,,,0.0,20 TABLETAS,False,2026-08-11T00:05:37.88556+00:00,3,,False,FC-C6C20517,1,5,0,,,,marca,,0,False
True,50.0,GENERAL,75012508820243,,36.85,,2026-08-10T19:51:08.809889+00:00,,,Dermodine Ine M 1 37.60 Ine,0,0.0,inmediato,,,383,,,False,Dermodine,0.35,Dermodine Ine M 1 37.60 Ine,58.97,,,,0.0,,True,2026-08-11T00:02:47.082937+00:00,12,,False,FC-08820243,1,5,0,,,,marca,,0,False
True,,Producto,,,11.5,,2026-08-11T00:19:23.977326+00:00,,,Bicarbonato Velazquez Grande 200G,0,0,inmediato,,,547,,,False,Bicarbonato,,Bicarbonato Velazquez Grande 200G,18.41,,,,0,C/10,False,,,,False,FC-08DB70CB,5,5,0,,,,marca,,0,False
True,88.0,Higiene,7791293037806,,54.68,,2026-08-10T19:50:21.991528+00:00,,,Rexona Men Marine,0,0.0,inmediato,,Desodorante,170,,,False,Rexona,0.4,Desodorante Rexona Men Marine (hombre),77.0,,,,0.0,SPRAY 150 ML,False,2026-08-11T00:05:37.88556+00:00,5,,False,FC-93037806,1,5,0,,,,marca,,0,False
True,,Cuidado personal,,,9.0,,2026-08-11T00:19:23.977326+00:00,,,Mercurio Oxido De Zinc,0,0,inmediato,,Pomada,550,,,False,Mercurio,,Mercurio Oxido De Zinc,14.4,,,,0,C/25,False,,,,False,FC-0ACC5B6A,3,5,0,,,,marca,,0,False
True,47.0,Producto,7502214982514,,34.1,,2026-08-10T19:51:08.809889+00:00,,,Prudence,0,0.0,inmediato,,,417,,,False,Prudence,0.35,Prudence,54.56,,,,0.0,C/3,True,2026-08-11T00:02:47.082937+00:00,12,,False,FC-14982514,1,5,0,,,,marca,,0,False
True,53.0,Cuidado personal,7502245722547,,21.08,,2026-08-10T19:50:21.991528+00:00,,,Agua micelar bifásica,0,0.0,inmediato,,Agua micelar,201,,,False,Natural-G,0.4,Natural Gloss Agua micelar bifásica,30.0,,,,0.0,120 ML,False,2026-08-11T00:05:37.88556+00:00,5,,False,FC-45722547,1,5,0,,,,marca,,0,False
True,96.0,Higiene,7502214983153,,68.2,,2026-08-10T19:51:08.809889+00:00,,,Prudence Grosella,0,0.0,inmediato,,Lubricante,407,,,False,Prudence,0.4,Prudence Grosella,109.12,,,,0.0,75 ML,False,2026-08-11T00:05:37.88556+00:00,5,,False,FC-14983153,1,5,0,,,,marca,,0,False
True,87.0,Higiene,7502214983726,,62.06,,2026-08-10T19:51:08.809889+00:00,,,Prudence Natural Lubricante Natural,0,0.0,inmediato,,Lubricante,414,,,False,Prudence,0.4,Prudence Natural Lubricante Natural,99.3,,,,0.0,75 ML,False,2026-08-11T00:05:37.88556+00:00,5,,False,FC-14983726,1,5,0,,,,marca,,0,False
True,58.0,Higiene,7502214985348,,41.31,,2026-08-10T19:51:08.809889+00:00,,,Prudence Ull Sensitive Cond 'Ull Sensitive,0,0.0,inmediato,,Condón,410,,,False,Prudence,0.4,Prudence Ull Sensitive Cond 'Ull Sensitive,66.1,,,,0.0,C/3,False,2026-08-11T00:05:37.88556+00:00,5,,False,FC-14985348,1,5,0,,,,marca,,0,False
True,,Producto,,,78.16,,2026-08-11T00:19:23.977326+00:00,,,Hucius Capsulas,0,0,inmediato,,,555,,,False,Hucius,,Hucius Capsulas,101.61,,,,0,C/30,False,,,,False,FC-1812D26D,1,5,0,,,,marca,,0,False
True,71.0,Otro,,150 MG,43.98,,2026-08-10T19:50:21.991528+00:00,,,Irbesartan,0,0.0,inmediato,,TABLETAS,159,,,False,,0.6,Irbesartan,70.37,,,,0.0,14 TABLETAS,False,2026-08-11T00:05:37.88556+00:00,1,IRBESARTAN,False,FC-262F2A30,1,5,0,,,,generico,,0,False
True,230.0,Producto,7501943474994,,85,,2026-08-10T19:50:41.010327+00:00,,,Diapro Confort Med C/10 — ticket 112558,0,0,inmediato,,,345,,,False,Diapro,0.35,Pañal Diapro Med,128,,,,15,C/10,True,2026-08-11T00:02:47.082937+00:00,12,,False,FC-16800803,2,5,10,,,,marca,,10,True
True,44.0,Otro,,5 MG,32.52,,2026-08-10T19:50:21.991528+00:00,,,Amlodipino,0,0.0,inmediato,,TABLETAS,113,,,False,Amlodipino,0.35,Amlodipino,42.28,,,,0.0,100 TABLETAS,False,2026-08-11T00:05:37.88556+00:00,3,,False,FC-97BEFA1A,1,5,0,,,,marca,,0,False
True,42.0,Otro,,100 MG,30.77,,2026-08-10T19:50:21.991528+00:00,,,Elaphteron,0,0.0,inmediato,,TABLETAS,141,,,False,Elaphteron,0.35,Elaphteron,40.01,,,,0.0,20 TABLETAS,False,2026-08-11T00:05:37.88556+00:00,3,,False,FC-9ABFB996,1,5,0,,,,marca,,0,False
True,65.0,Higiene,7506306226722,,45.83,,2026-08-10T19:50:21.991528+00:00,,,Axe Men Young,0,0.0,inmediato,,Desodorante,168,,,False,Axe,0.4,Desodorante Axe Men Young (hombre),73.33,,,,0.0,SPRAY 150 ML,False,2026-08-11T00:05:37.88556+00:00,5,,False,FC-30622622,1,5,0,,,,marca,,0,False
True,77.0,Higiene,7506306244795,,45.83,,2026-08-10T19:50:21.991528+00:00,,,Axe Intense 48H,0,0.0,inmediato,,Desodorante,174,,,False,Axe,0.4,Desodorante Axe Intense 48H (Hombre),65.0,,,,0.0,SPRAY 150 ML,False,2026-08-11T00:05:37.88556+00:00,5,,False,FC-06244795,1,5,0,,,,marca,,0,False
True,58.0,Otro,,10 MG,42.85,,2026-08-10T19:50:21.991528+00:00,,,Pralex,0,0.0,inmediato,,TABLETAS,150,,,False,Pralex,0.35,Pralex,55.71,,,,0.0,28 TABLETAS,False,2026-08-11T00:05:37.88556+00:00,3,,False,FC-04D83B46,2,5,0,,,,marca,,0,False
True,,Cuidado personal,,,20.0,,2026-08-11T00:19:23.977326+00:00,,,Del Viejito Reomatolum,0,0,inmediato,,Pomada,512,,,False,Del Viejito,,Del Viejito Reomatolum,32.0,,,,0,60 G,False,,,,False,FC-1FBF5206,1,5,0,,,,marca,,0,False
True,32.0,Higiene,7501033954740,,23.81,,2026-08-10T19:51:08.809889+00:00,,,Pedialyte,0,0.0,inmediato,,Suero oral,391,,,False,Pedialyte,0.3,Pedialyte,38.1,,,,0.0,500 ML,False,2026-08-11T00:05:37.88556+00:00,7,,False,FC-33954740,1,5,0,,,,marca,,0,False
True,33.0,Higiene,7501033956775,,24.3,,2026-08-10T19:51:08.809889+00:00,,,Pedialyte Sr60 Uva,0,0.0,inmediato,,Suero oral,388,,,False,Pedialyte,0.3,Pedialyte Sr60 Uva,38.89,,,,0.0,,False,2026-08-11T00:05:37.88556+00:00,7,,False,FC-33956775,1,5,0,,,,marca,,0,False
True,32.0,Otro,7501033961373,,23.81,,2026-08-10T19:51:08.809889+00:00,,,Pedialyte fresa,0,0.0,inmediato,,Suero oral,389,,,False,Pedialyte,0.3,Pedialyte fresa,38.1,,,,0.0,500 ML,False,2026-08-11T00:05:37.88556+00:00,7,,False,FC-33961373,1,5,0,,,,marca,,0,False
True,17.0,Higiene,75030034064021,,11.76,,2026-08-10T19:51:08.809889+00:00,,,Quirmex Tarro 1 2 12.00 Cotonetes Tarro 1,0,0.0,inmediato,,Cotonetes,406,,,False,Quirmex,0.4,Quirmex Tarro 1 2 12.00 Cotonetes Tarro 1,18.82,,,,0.0,C/100,False,2026-08-11T00:05:37.88556+00:00,5,,False,FC-34064021,2,5,0,,,,marca,,0,False
True,14.0,Botiquín,75030034067471,,8.72,,2026-08-10T19:51:08.809889+00:00,,,Quirmex,0,0.0,inmediato,,Venda,375,,,False,Quirmex,0.5,Quirmex,13.96,,,,0.0,,False,2026-08-11T00:05:37.88556+00:00,4,,False,FC-34067471,1,5,0,,,,marca,,0,False
True,38.0,Otro,,4 MG,27.98,,2026-08-10T19:50:21.991528+00:00,,,Zukedib,0,0.0,inmediato,,TABLETAS,149,,,False,Zukedib,0.35,Zukedib,36.38,,,,0.0,30 TABLETAS,False,2026-08-11T00:05:37.88556+00:00,3,,False,FC-3D0ED22B,1,5,0,,,,marca,,0,False
True,40.0,Otro,,2 MG,29.08,,2026-08-10T19:50:21.991528+00:00,,,Zukedib,0,0.0,inmediato,,TABLETAS,148,,,False,Zukedib,0.35,Zukedib,37.81,,,,0.0,30 TABLETAS,False,2026-08-11T00:05:37.88556+00:00,3,,False,FC-52D2A43A,1,5,0,,,,marca,,0,False
True,14.0,Otro,,10 MG,8.09,,2026-08-10T19:50:21.991528+00:00,,,Enalapril,0,0.0,inmediato,,TABLETAS,152,,,False,,0.6,Enalapril,12.95,,,,0.0,30 TABLETAS,False,2026-08-11T00:05:37.88556+00:00,1,ENALAPRIL,False,FC-53506FA4,5,5,0,,,,generico,,0,False
True,138.0,Suplemento,7501033956140,,47.5,,2026-08-10T19:50:41.010327+00:00,,,Glucerna SR líquido 237 ml fresa — ticket 112558,0,0.0,inmediato,,Líquido,355,,,False,Glucerna,0.45,Glucerna fresa,72.0,,,,0.0,237 ML,False,2026-08-11T00:05:37.88556+00:00,6,,False,FC-33956140,2,5,0,,,,marca,,0,False
True,138.0,Gastro,7501033956133,,47.5,,2026-08-10T19:50:41.010327+00:00,,,Glucerna líquido 237 ml chocolate — ticket 112558,0,0,inmediato,,Líquido,354,,,False,Glucerna,0.45,Glucerna chocolate,72,,,,0,237 ML,False,2026-08-11T00:05:37.88556+00:00,6,,False,FC-33956133,2,5,0,,,,marca,,0,False
True,37.0,Higiene,7506306213906,,45.83,,2026-08-10T19:50:21.991528+00:00,,,Axe Icechi E-Frio,0,0.0,inmediato,,Desodorante,169,,,False,Axe,0.4,Desodorante Axe Ice Chill 48H (hombre),65.0,,,,0.0,SPRAY 150 ML,False,2026-08-11T00:05:37.88556+00:00,5,,False,FC-06213906,1,5,0,,,,marca,,0,False
True,36.0,Botiquín,75030034067781,,23.72,,2026-08-10T19:51:08.809889+00:00,,,Quirmex,0,0.0,inmediato,,Venda,376,,,False,Quirmex,0.5,Quirmex,37.96,,,,0.0,30 CM,False,2026-08-11T00:05:37.88556+00:00,4,,False,FC-34067781,1,5,0,,,,marca,,0,False
True,65.0,Higiene,7509552876406,,24.71,,2026-08-10T19:50:21.991528+00:00,,,Obao Men Tatto Aqua,0,0.0,inmediato,,Desodorante,167,,,False,Obao,0.4,Desodorante Obao Men Tatto Aqua (Hombre),35.0,,,,0.0,R-ON 65 G,False,2026-08-11T00:05:37.88556+00:00,5,,False,FC-52876406,1,5,0,,,,marca,,0,False
True,27.0,Botiquín,75030034067851,,17.54,,2026-08-10T19:51:08.809889+00:00,,,Quirmex,0,0.0,inmediato,,Algodón,369,,,False,Quirmex,0.5,Quirmex,28.07,,,,0.0,,False,2026-08-11T00:05:37.88556+00:00,4,,False,FC-34067851,1,5,0,,,,marca,,0,False
True,41.0,Otro,,400 MG/100 MG,30.06,,2026-08-10T19:50:21.991528+00:00,,,Ibupro-Cafe,0,0.0,inmediato,,CAPSULAS,134,,,False,Ibupro-Cafe,0.35,Ibupro-Cafe,39.08,,,,0.0,10 CAPSULAS,False,2026-08-11T00:05:37.88556+00:00,3,,False,FC-3D0F54B7,2,5,0,,,,marca,,0,False
True,34.0,Otro,,300 MG,24.51,,2026-08-10T19:50:21.991528+00:00,,,Wermy,0,0.0,inmediato,,CAPSULAS,136,,,False,Wermy,0.35,Wermy,31.87,,,,0.0,15 CAPSULAS,False,2026-08-11T00:05:37.88556+00:00,3,,False,FC-50D044FF,2,5,0,,,,marca,,0,False
True,82.0,Otro,,150/12.5 MG,60.47,,2026-08-10T19:50:21.991528+00:00,,,Pabesorag,0,0.0,inmediato,,TABLETAS,133,,,False,Pabesorag,0.35,Pabesorag,78.62,,,,0.0,28 TABLETAS,False,2026-08-11T00:05:37.88556+00:00,3,,False,FC-5885E577,1,5,0,,,,marca,,0,False
True,,Producto,,,55.0,,2026-08-11T00:19:23.977326+00:00,,,Mercurio Flor De Arnica 1430724,0,0,inmediato,,,536,,,False,Mercurio,,Mercurio Flor De Arnica 1430724,88.0,,,,0,C/50,False,,,,False,FC-5EF90195,1,5,0,,,,marca,,0,False
True,66.0,Otro,,500/125 MG,48.48,,2026-08-10T19:50:21.991528+00:00,,,Clamoxin,0,0.0,inmediato,,TABLETAS,52,,,False,Clamoxin,0.35,Clamoxin,63.03,,,,0.0,10 TABLETAS,False,2026-08-11T00:05:37.88556+00:00,3,AMOXICILINA/AC. CLAVULANICO,False,FC-5F30F9D4,3,5,0,,,,marca,,0,False
True,27.0,Higiene,75095460009851,,19.2,,2026-08-10T19:51:08.809889+00:00,,,Colgate Triple Acc,0,0.0,inmediato,,Crema dental,364,,,False,Colgate,0.4,Colgate Triple Acc,30.72,,,,0.0,75 ML,False,2026-08-11T00:05:37.88556+00:00,5,,False,FC-60009851,1,5,0,,,,marca,,0,False
True,,Otro,7506460101231,,59.69,,2026-08-11T00:19:06.632557+00:00,,,"Tempra ,",0,0,inmediato,,TABLETAS,441,,,False,Tempra,,"Tempra ,",77.6,,,,0,C/12,False,,,,False,FC-60101231,1,5,0,,,,marca,,0,False
True,,Higiene,7506460101378,,102.5,,2026-08-11T00:19:06.632557+00:00,,,Lubricante íntimo,0,0,inmediato,,Lubricante,489,,,False,Piel con Piel,,Lubricante íntimo,164.0,,,,0,,False,,,,False,FC-60101378,1,5,0,,,,marca,,0,False
True,,Producto,7506460101521,,100.8,,2026-08-11T00:19:06.632557+00:00,,,Vitacilina,0,0,inmediato,,LUBRICANTE,443,,,False,Vitacilina,,Vitacilina,161.28,,,,0,56.7 G,False,,,,False,FC-60101521,1,5,0,,,,marca,,0,False
True,,Producto,75095460689091,,13.72,,2026-08-11T00:19:06.632557+00:00,,,Colgate Trip Xtra,0,0,inmediato,,CREMA,510,,,False,Colgate,,Colgate Trip Xtra,21.96,,,,0,50 ML,False,,,,False,FC-60689091,1,5,0,,,,marca,,0,False
True,71.0,Otro,,160MG/2 ML,52.57,,2026-08-10T19:50:21.991528+00:00,,,Gentamicina,0,0.0,inmediato,,AMPOLLETA,21,,,False,,0.35,Gentamicina,84.12,,,,0.0,5 AMPOLLETA,True,2026-08-11T00:02:47.082937+00:00,12,GENTAMICINA,False,FC-60F627D5,2,5,0,,,,generico,,0,False
True,43.0,Higiene,7506306230507,,30.21,,2026-08-10T19:50:21.991528+00:00,,,Dove Barra Karite Vainill,0,0.0,inmediato,,Jabón,189,,,False,Dove,0.4,Dove Barra Karite Vainill,48.34,,,,0.0,135 G,False,2026-08-11T00:05:37.88556+00:00,5,,False,FC-06230507,1,5,0,,,,marca,,0,False
True,,Otro,7501008426944,,117.11,,2026-08-11T00:19:06.632557+00:00,,,Flanax,0,0,inmediato,,GEL,499,,,False,Flanax,,Flanax,187.38,,,,0,40 G,False,,,,False,FC-08426944,1,5,0,,,,marca,,0,False
True,74.0,Higiene,7509546059556,,35.61,,2026-08-10T19:50:21.991528+00:00,,,Palmolive N-Bal Dermol,0,0.0,inmediato,,Jabón líquido,193,,,False,Palmolive,0.4,Palmolive liq neutro,50.0,,,,0.0,221 ML,False,2026-08-11T00:05:37.88556+00:00,5,,False,FC-46059556,1,5,0,,,,marca,,0,False
True,65.0,Cuidado personal,7501026462245,,3.39,,2026-08-10T19:50:41.010327+00:00,,,Chupón con miel,0,0,inmediato,,,283,,,False,Ternura,0.35,Chupón con miel Ternura,6,,,,0,1 PZA,True,2026-08-11T00:02:47.082937+00:00,12,,False,FC-26462078,1,5,0,,,,marca,,0,False
True,14.0,Higiene,7509546683133,,26.145,,2026-08-10T19:50:21.991528+00:00,,,Palmolive N-Bal Dermo Limp,0,0.0,inmediato,,Jabón,195,,,False,Palmolive,0.4,Palmolive Neutro-Bal Dermo Limp,30,,,,0.0,120 G,False,2026-08-11T00:05:37.88556+00:00,5,,False,FC-46683133,2,5,0,,,,marca,,0,False
True,50.0,Higiene,7501022111352,,39.94,,2026-08-10T19:50:21.991528+00:00,,,Grisi Corp Diabecare,0,0.0,inmediato,,Jabón,191,,,False,Grisi,0.4,Grisi Corp Diabecare,56.0,,,,0.0,125 G,False,2026-08-11T00:05:37.88556+00:00,5,,False,FC-22111352,1,5,0,,,,marca,,0,False
True,60.0,Higiene,7501022150092,,21.88,,2026-08-10T19:50:21.991528+00:00,,,Grisi Leche De Burra,0,0.0,inmediato,,Jabón,190,,,False,Grisi,0.4,Grisi Leche De Burra,31.0,,,,0.0,125 G,False,2026-08-11T00:05:37.88556+00:00,5,,False,FC-22150092,1,5,0,,,,marca,,0,False
True,,Higiene,75095466873531,,32.44,,2026-08-11T00:19:06.632557+00:00,,,Crema dental anticaries,0,0,inmediato,,Crema dental,504,,,False,Genérico,,Crema dental anticaries,51.91,,,,0,,False,,,,False,FC-66873531,2,5,0,,,,marca,,0,False
True,,Producto,75095466888171,,25.5,,2026-08-11T00:19:06.632557+00:00,,,Colgate Max Clean,0,0,inmediato,,CREMA,503,,,False,Colgate,,Colgate Max Clean,40.81,,,,0,120 ML,False,,,,False,FC-66888171,1,5,0,,,,marca,,0,False
True,,Producto,,,4.56,,2026-08-11T00:19:23.977326+00:00,,,Valnait Capsulas,0,0,inmediato,,,558,,,False,Valnait,,Valnait Capsulas,5.93,,,,0,C/30,False,,,,False,FC-BE2ACF63,1,5,0,,,,marca,,0,False
True,27.0,Otro,,1 G/3.5 ML,19.72,,2026-08-10T19:50:21.991528+00:00,,,I.M,0,0.0,inmediato,,FRASCO AMPULA,121,,,False,Amcef,0.35,I.M,25.64,,,,0.0,1 FRASCO AMPULA,True,2026-08-11T00:02:47.082937+00:00,12,,False,FC-BE76D409,10,5,0,,,,marca,,0,False
True,157.0,Otro,,2.5 MG,97.51,,2026-08-10T19:50:21.991528+00:00,,,Bisoprolol,0,0.0,inmediato,,TABLETAS,15,,,False,,0.6,Bisoprolol,156.02,,,,0.0,30 TABLETAS,False,2026-08-11T00:05:37.88556+00:00,1,BISOPROLOL,False,FC-C101D5B1,1,5,0,,,,generico,,0,False
True,,Botiquín,,,16.0,,2026-08-11T00:19:23.977326+00:00,,,Perilla N2,0,0,inmediato,,,541,,,False,Edigar,,Perilla N2,25.6,,,,0,PIEZA,False,,,,False,FC-C22EBFE6,2,5,0,,,,generico,,0,False
True,,Producto,,,54.0,,2026-08-11T00:19:23.977326+00:00,,,Mercurio Oxido De Zinc 1620824 83521,0,0,inmediato,,,529,,,False,Mercurio,,Mercurio Oxido De Zinc 1620824 83521,86.4,,,,0,C/50,False,,,,False,FC-C4530823,1,5,0,,,,marca,,0,False
True,15.0,Otro,,1 G/3.5 ML,9.8,,2026-08-10T19:50:21.991528+00:00,,,I.M,0,0.0,inmediato,,FRASCO AMPULA,116,,,True,Ceftriaxona,0.35,I.M,12.75,,,,0.0,1 FRASCO AMPULA,True,2026-08-11T00:02:47.082937+00:00,12,,False,FC-C636D8EA,2,5,0,,,,marca,,0,False
True,,Producto,,,10.45,,2026-08-11T00:19:23.977326+00:00,,,Fc 01711/2030,0,0,inmediato,,,560,,,False,Fc,,Fc 01711/2030,13.59,,,,0,,False,,,,False,FC-C8B741F6,2,5,0,,,,marca,,0,False
True,80.0,Cuidado personal,7506192503358,,18.39,,2026-08-10T19:50:41.010327+00:00,,,Ego Magnetic Fij-Alta,0,0.0,inmediato,,Gel,262,,,False,Ego,0.4,Ego Magnetic Fij-Alta,26.0,,,,0.0,200 g,False,2026-08-11T00:05:37.88556+00:00,5,,False,FC-92503558,1,5,0,,,,marca,,0,False
True,21.0,Producto,3311000003944,,15,,2026-08-10T19:50:41.010327+00:00,,,Arnica Mercurio — ticket 112558,0,0,inmediato,,,342,,,False,Mercurio,0.35,Arnica Mercurio,23,,,,0,Globulos,True,2026-08-11T00:02:47.082937+00:00,12,,False,FC-00003920,10,5,0,,,,marca,,0,False
True,13.0,Cuidado personal,7501199425580,,22.615,,2026-08-10T19:50:41.010327+00:00,,,X-Treme Titan,0,0.0,inmediato,,Gel,263,,,False,X-Treme,0.4,Gel X-Treme Titan,32,,,,0.0,250 G,False,2026-08-11T00:05:37.88556+00:00,5,,False,FC-99425580,2,5,0,,,,marca,,0,False
True,64.0,Otro,,90 MG,39.44,,2026-08-10T19:50:21.991528+00:00,,,Acemetacina,0,0.0,inmediato,,CAPSULAS,67,,,False,,0.6,Acemetacina,63.11,,,,0.0,14 CAPSULAS,False,2026-08-11T00:05:37.88556+00:00,1,ACEMETACINA,False,FC-C9F4ACCC,1,5,0,,,,generico,,0,False
True,,Producto,,,51.5,,2026-08-11T00:19:23.977326+00:00,,,Mercurio Magnesia Anisada 1560824,0,0,inmediato,,,532,,,False,Mercurio,,Mercurio Magnesia Anisada 1560824,82.4,,,,0,C/50,False,,,,False,FC-CB5C11ED,1,5,0,,,,marca,,0,False
True,31.0,Otro,,800 MG,22.41,,2026-08-10T19:50:21.991528+00:00,,,Doliprofen,0,0.0,inmediato,,TABLETAS,130,,,False,Doliprofen,0.35,Doliprofen,29.14,,,,0.0,10 TABLETAS,False,2026-08-11T00:05:37.88556+00:00,3,,False,FC-CD261CD5,5,5,0,,,,marca,,0,False
True,49.0,Otro,,300 MG,30.54,,2026-08-10T19:50:21.991528+00:00,,,Clindamicina,0,0.0,inmediato,,CAPSULAS,17,,,False,,0.6,Clindamicina,48.87,,,,0.0,16 CAPSULAS,False,2026-08-11T00:05:37.88556+00:00,1,CLINDAMICINA,False,FC-CF18C740,3,5,0,,,,generico,,0,False
True,68.0,Otro,,125MG/5/75 ML,49.85,,2026-08-10T19:50:21.991528+00:00,,,Fasiclor,0,0.0,inmediato,,SUSPENSION,37,,,False,Fasiclor,0.35,Fasiclor,64.81,,,,0.0,1 SUSPENSION,False,2026-08-11T00:05:37.88556+00:00,3,CEFACLOR,False,FC-01B2F362,1,5,0,,,,marca,,0,False
True,64.0,Otro,,500 MG,39.84,,2026-08-10T19:50:21.991528+00:00,,,Cefalexina,0,0.0,inmediato,,CAPSULAS,32,,,False,,0.6,Cefalexina,63.75,,,,0.0,20 CAPSULAS,False,2026-08-11T00:05:37.88556+00:00,1,CEFALEXINA,False,FC-2005DD57,2,5,0,,,,generico,,0,False
True,96.0,Otro,,500 MG,59.45,,2026-08-10T19:50:21.991528+00:00,,,Claritromicina,0,0.0,inmediato,,TABLETAS,41,,,False,,0.6,Claritromicina,95.12,,,,0.0,10 TABLETAS,False,2026-08-11T00:05:37.88556+00:00,1,CLARITROMICINA,False,FC-41339950,2,5,0,,,,generico,,0,False
True,195.0,Otro,,500 MG,144.13,,2026-08-10T19:50:21.991528+00:00,,,Cefagen,0,0.0,inmediato,,TABLETAS,24,,,False,Cefagen,0.35,Cefagen,187.37,,,,0.0,10 TABLETAS,False,2026-08-11T00:05:37.88556+00:00,3,CEFALEXINA,False,FC-443C330E,1,5,0,,,,marca,,0,False
True,40.0,Otro,,500 MG,29.56,,2026-08-10T19:50:21.991528+00:00,,,Epicin,0,0.0,inmediato,,CAPSULAS,22,,,False,Epicin,0.35,Epicin,38.43,,,,0.0,20 CAPSULAS,False,2026-08-11T00:05:37.88556+00:00,3,ERITROMICINA,False,FC-48F732CF,5,5,0,,,,marca,,0,False
True,59.0,Otro,,500 MG,43.35,,2026-08-10T19:50:21.991528+00:00,,,Cefalver,0,0.0,inmediato,,CAPSULAS,25,,,False,Cefalver,0.35,Cefalver,56.36,,,,0.0,20 CAPSULAS,False,2026-08-11T00:05:37.88556+00:00,3,,False,FC-492D652F,1,5,0,,,,marca,,0,False
True,85.0,Otro,,20/1 MG,62.48,,2026-08-10T19:50:21.991528+00:00,,,Kurtosil,0,0.0,inmediato,,CREMA,27,,,False,Kurtosil,0.35,Kurtosil,81.23,,,,0.0,1 CREMA,True,2026-08-11T00:02:47.082937+00:00,12,,False,FC-697EEAD0,1,5,0,,,,marca,,0,False
True,62.0,Otro,,125MG/5/60 ML,45.41,,2026-08-10T19:50:21.991528+00:00,,,Knoricin,0,0.0,inmediato,,SUSPENSION,23,,,False,Knoricin,0.35,Knoricin,59.04,,,,0.0,1 SUSPENSION,False,2026-08-11T00:05:37.88556+00:00,3,NITROFURANTOINA,False,FC-72C28BC1,1,5,0,,,,marca,,0,False
True,22.0,Otro,,250 MG,13.69,,2026-08-10T19:50:21.991528+00:00,,,Ciprofloxacino,0,0.0,inmediato,,TABLETAS,30,,,False,,0.6,Ciprofloxacino,21.91,,,,0.0,12 TABLETAS,False,2026-08-11T00:05:37.88556+00:00,1,CIPROFLOXACINO,False,FC-74A5ABEE,2,5,0,,,,generico,,0,False
True,47.0,Otro,,150/10MG/1 ML,34.45,,2026-08-10T19:50:21.991528+00:00,,,Diviltac,0,0.0,inmediato,,FRASCO AMPULA,28,,,False,Diviltac,0.35,Diviltac,44.79,,,,0.0,1 FRASCO AMPULA,True,2026-08-11T00:02:47.082937+00:00,12,,False,FC-830BF3FB,1,5,0,,,,marca,,0,False
True,35.0,Otro,,250MG/5/60 ML,25.42,,2026-08-10T19:50:21.991528+00:00,,,Acroxil-C,0,0.0,inmediato,,SUSPENSION,34,,,False,Acroxil-C,0.35,Acroxil-C,33.05,,,,0.0,1 SUSPENSION,False,2026-08-11T00:05:37.88556+00:00,3,,False,FC-85BDBD3D,1,5,0,,,,marca,,0,False
True,61.0,Otro,,500 MG,44.53,,2026-08-10T19:50:21.991528+00:00,,,Tropharma,0,0.0,inmediato,,TABLETAS,26,,,False,Tropharma,0.35,Tropharma,57.89,,,,0.0,20 TABLETAS,False,2026-08-11T00:05:37.88556+00:00,3,,False,FC-86A95D07,2,5,0,,,,marca,,0,False
True,111.0,Otro,,250MG/5 ML 60 ML,81.67,,2026-08-10T19:50:21.991528+00:00,,,Klarix,0,0.0,inmediato,,SUSPENSION,13,,,False,Klarix,0.35,Klarix,106.18,,,,0.0,1 SUSPENSION,False,2026-08-11T00:05:37.88556+00:00,3,CLARITROMICINA,False,FC-8FB65B79,1,5,0,,,,marca,,0,False
True,110.0,Otro,,250MG/5/75 ML,81.18,,2026-08-10T19:50:21.991528+00:00,,,Fasiclor,0,0.0,inmediato,,SUSPENSION,36,,,False,Fasiclor,0.35,Fasiclor,105.54,,,,0.0,1 SUSPENSION,False,2026-08-11T00:05:37.88556+00:00,3,CEFACLOR,False,FC-9538F7D6,1,5,0,,,,marca,,0,False
True,33.0,Otro,,500 MG,24.28,,2026-08-10T19:50:21.991528+00:00,,,Namifen,0,0.0,inmediato,,TABLETAS,31,,,False,Namifen,0.35,Namifen,31.57,,,,0.0,20 TABLETAS,False,2026-08-11T00:05:37.88556+00:00,3,,False,FC-AEA8C8DA,1,5,0,,,,marca,,0,False
True,51.0,Otro,,500/125 MG,37.22,,2026-08-10T19:50:21.991528+00:00,,,Valclan,0,0.0,inmediato,,TABLETAS,47,,,False,Valclan,0.35,Valclan,48.39,,,,0.0,10 TABLETAS,False,2026-08-11T00:05:37.88556+00:00,3,AMOXICILINA/AC. CLAVULANICO,False,FC-022543CD,3,5,0,,,,marca,,0,False
True,27.0,Otro,,100 MG,19.72,,2026-08-10T19:50:21.991528+00:00,,,Aspitak-P,0,0.0,inmediato,,COMPRIMIDOS,68,,,False,Aspitak-P,0.35,Aspitak-P,25.64,,,,0.0,30 COMPRIMIDOS,False,2026-08-11T00:05:37.88556+00:00,3,,False,FC-17376CAE,2,5,0,,,,marca,,0,False
True,76.0,Higiene,7506306241206,,64.285,,2026-08-10T19:50:21.991528+00:00,,,Dove Dermac Sk-C 48H,0,0.0,inmediato,,Desodorante,196,,,False,Dove,0.4,Dove tono uniforme 72h,80,,,,0.0,SPRAY 150 ML,False,2026-08-11T00:05:37.88556+00:00,5,,False,FC-06241206,2,5,0,,,,marca,,0,False
True,20.0,Otro,,"400,000 UI",14.07,,2026-08-10T19:50:21.991528+00:00,,,Penipot,0,0.0,inmediato,,FRASCO AMPULA,59,,,False,Penipot,0.35,Penipot,18.3,,,,0.0,1 FRASCO AMPULA,True,2026-08-11T00:02:47.082937+00:00,12,,False,FC-3A4583F3,2,5,0,,,,marca,,0,False
True,294.0,Otro,,250 MG,217.23,,2026-08-10T19:50:21.991528+00:00,,,Ursodesoxicolico,0,0.0,inmediato,,CAPSULAS,57,,,False,Acido,0.35,Ursodesoxicolico,282.4,,,,0.0,50 CAPSULAS,False,2026-08-11T00:05:37.88556+00:00,3,,False,FC-405A75E3,1,5,0,,,,marca,,0,False
True,29.0,Otro,,250/15MG/5/90 ML,18.03,,2026-08-10T19:50:21.991528+00:00,,,Vanmoxol,0,0.0,inmediato,,SUSPENSION,46,,,False,,0.6,Vanmoxol,28.85,,,,0.0,1 SUSPENSION,False,2026-08-11T00:05:37.88556+00:00,1,VANMOXOL,False,FC-4C621D07,1,5,0,,,,generico,,0,False
True,102.0,Otro,,500/50 MG,63.32,,2026-08-10T19:50:21.991528+00:00,,,Nalixone,0,0.0,inmediato,,TABLETAS,42,,,False,,0.6,Nalixone,101.32,,,,0.0,20 TABLETAS,False,2026-08-11T00:05:37.88556+00:00,1,NALIXONE,False,FC-E6112F15,2,5,0,,,,generico,,0,False
True,,Producto,,,11.0,,2026-08-11T00:19:23.977326+00:00,,,Madrid Aceite Eucalipto 2712017 83401,0,0,inmediato,,,523,,,False,Madrid,,Madrid Aceite Eucalipto 2712017 83401,17.61,,,,0,C/25,False,,,,False,FC-E69F2E63,3,5,0,,,,marca,,0,False
True,48.0,Otro,,200MG,34.82,,2026-08-10T19:50:21.991528+00:00,,,Celecoxib,0,0.0,inmediato,,CAPSULAS,92,,,False,Celecoxib,0.35,Celecoxib,45.27,,,,0.0,10 CAPSULAS,False,2026-08-11T00:05:37.88556+00:00,3,,False,FC-E6B50AC3,2,5,0,,,,marca,,0,False
True,65.0,Producto,,,47.85,,2026-08-10T19:50:21.991528+00:00,,,Lincomicina /2Ml 6 Ampolletas,0,0.0,inmediato,,,81,,,False,Lincomicina,0.35,Lincomicina /2Ml 6 Ampolletas,62.21,,,,0.0,600 MG,True,2026-08-11T00:02:47.082937+00:00,12,,False,FC-E826D304,2,5,0,,,,marca,,0,False
True,37.0,Otro,,500 MG,22.92,,2026-08-10T19:50:21.991528+00:00,,,Ciprofloxacino G.I,0,0.0,inmediato,,TABLETAS,125,,,False,,0.6,Ciprofloxacino G.I,36.68,,,,0.0,14 TABLETAS,False,2026-08-11T00:05:37.88556+00:00,1,CIPROFLOXACINO G.I,False,FC-E9C38DC4,5,5,0,,,,generico,,0,False
True,,Cuidado personal,,,9.5,,2026-08-11T00:19:23.977326+00:00,,,Mercurio Pan Puerco 25401233,0,0,inmediato,,Pomada,546,,,False,Mercurio,,Mercurio Pan Puerco 25401233,15.2,,,,0,C/25,False,,,,False,FC-EFB599B5,5,5,0,,,,marca,,0,False
True,35.0,Higiene,7501027250612,,24.71,,2026-08-10T19:50:21.991528+00:00,,,Obao P/Del,0,0.0,inmediato,,Desodorante,165,,,False,Obao,0.4,Desodorante Obao Piel Delicada,39.54,,,,0.0,R-ON 65 G,False,2026-08-11T00:05:37.88556+00:00,5,,False,FC-27250612,1,5,0,,,,marca,,0,False
True,65.0,Higiene,7501027286017,,29.55,,2026-08-10T19:50:21.991528+00:00,,,Obao Clas,0,0.0,inmediato,,Desodorante,166,,,False,Obao,0.4,Desodorante Obao Classic (Hombre),42.0,,,,0.0,R-ON 65 G,False,2026-08-11T00:05:37.88556+00:00,5,,False,FC-27286017,1,5,0,,,,marca,,0,False
True,29.0,Higiene,7501022105207,,20.87,,2026-08-10T19:50:21.991528+00:00,,,Grisi Neutro,0,0.0,inmediato,,Jabón,181,,,False,Grisi,0.4,Jabon Grisi Neutro,30,,,,0.0,150 G,False,2026-08-11T00:05:37.88556+00:00,5,,False,FC-22105207,3,5,0,,,,marca,,0,False
True,85.0,Higiene,067238891190,,30.205,,2026-08-10T19:50:21.991528+00:00,,,Dove Barra Blanca,0,0.0,inmediato,,Jabón,182,,,False,Dove,0.4,Jabon Dove Original,37,,,,0.0,135 G,False,2026-08-11T00:05:37.88556+00:00,5,,False,FC-38891190,2,5,0,,,,marca,,0,False
True,40.0,Otro,,500MG/2 ML,29.21,,2026-08-10T19:50:21.991528+00:00,,,Amikacina,0,0.0,inmediato,,AMPOLLETA,76,,,False,,0.35,Amikacina,46.74,,,,0.0,1 AMPOLLETA,True,2026-08-11T00:02:47.082937+00:00,12,AMIKACINA,False,FC-1FEA2FB7,1,5,0,,,,generico,,0,False
True,57.0,Otro,,300/600 MG 120 ML,42.14,,2026-08-10T19:50:21.991528+00:00,,,Dac,0,0.0,inmediato,,SOLUCION,99,,,False,Supratex,0.35,Dac,54.79,,,,0.0,1 SOLUCION,False,2026-08-11T00:05:37.88556+00:00,3,,False,FC-1FFBB505,1,5,0,,,,marca,,0,False
True,27.0,Otro,,10 MG,19.65,,2026-08-10T19:50:21.991528+00:00,,,Ramcinet,0,0.0,inmediato,,TABLETAS,105,,,False,Ramcinet,0.35,Ramcinet,25.55,,,,0.0,10 TABLETAS,False,2026-08-11T00:05:37.88556+00:00,3,,False,FC-26EA40A4,6,5,0,,,,marca,,0,False
True,57.0,Otro,,75 MG,35.05,,2026-08-10T19:50:21.991528+00:00,,,Cinarizina,0,0.0,inmediato,,TABLETAS,91,,,False,,0.6,Cinarizina,56.08,,,,0.0,60 TABLETAS,False,2026-08-11T00:05:37.88556+00:00,1,CINARIZINA,False,FC-3CAA7C5C,2,5,0,,,,generico,,0,False
True,29.0,Otro,,1 MG,17.58,,2026-08-10T19:50:21.991528+00:00,,,Gentamicina,0,0.0,inmediato,,COMPRIMIDOS,96,,,False,,0.6,Gentamicina,28.13,,,,0.0,25 COMPRIMIDOS,False,2026-08-11T00:05:37.88556+00:00,1,GENTAMICINA,False,FC-63975795,3,5,0,,,,generico,,0,False
True,65.0,Otro,,500/0.782 MG,47.97,,2026-08-10T19:50:21.991528+00:00,,,Cepobrom,0,0.0,inmediato,,CAPSULAS,19,,,False,Cepobrom,0.35,Cepobrom,62.37,,,,0.0,12 CAPSULAS,False,2026-08-11T00:05:37.88556+00:00,3,CEFADROXIL,False,FC-6EAD98A9,1,5,0,,,,marca,,0,False
True,43.0,Otro,,500MG/5/60 ML,31.2,,2026-08-10T19:50:21.991528+00:00,,,Pentiver,0,0.0,inmediato,,SUSPENSION,35,,,False,Pentiver,0.35,Pentiver,40.56,,,,0.0,1 SUSPENSION,False,2026-08-11T00:05:37.88556+00:00,3,,False,FC-7AA38F97,1,5,0,,,,marca,,0,False
True,34.0,Otro,,500 MG,24.98,,2026-08-10T19:50:21.991528+00:00,,,Charlyn,0,0.0,inmediato,,TABLETAS,16,,,False,Charlyn,0.35,Charlyn,32.48,,,,0.0,3 TABLETAS,False,2026-08-11T00:05:37.88556+00:00,3,CIPROFLOXACINO,False,FC-7AF7ACB5,6,5,0,,,,marca,,0,False
True,13.0,Otro,,25 MG,7.95,,2026-08-10T19:50:21.991528+00:00,,,Captopril,0,0.0,inmediato,,TABLETAS,101,,,False,,0.6,Captopril,12.72,,,,0.0,30 TABLETAS,False,2026-08-11T00:05:37.88556+00:00,1,CAPTOPRIL,False,FC-82F88FED,5,5,0,,,,generico,,0,False
True,19.0,Otro,,20 MG,13.77,,2026-08-10T19:50:21.991528+00:00,,,Odivitor,0,0.0,inmediato,,TABLETAS,100,,,False,Odivitor,0.35,Odivitor,17.91,,,,0.0,10 TABLETAS,False,2026-08-11T00:05:37.88556+00:00,3,,False,FC-A909ABC0,3,5,0,,,,marca,,0,False
True,66.0,Otro,,400/80 MG,48.65,,2026-08-10T19:50:21.991528+00:00,,,Bactiver,0,0.0,inmediato,,TABLETAS,78,,,False,Bactiver,0.35,Bactiver,63.25,,,,0.0,20 TABLETAS,False,2026-08-11T00:05:37.88556+00:00,3,,False,FC-AE5EEDF7,1,5,0,,,,marca,,0,False
True,87.0,Otro,,70 MG,64.09,,2026-08-10T19:50:21.991528+00:00,,,Oxivag,0,0.0,inmediato,,TABLETAS,74,,,False,Oxivag,0.35,Oxivag,83.32,,,,0.0,4 TABLETAS,False,2026-08-11T00:05:37.88556+00:00,3,,False,FC-B2123139,1,5,0,,,,marca,,0,False
True,60.0,Otro,,200MG/5/125 ML,44.43,,2026-08-10T19:50:21.991528+00:00,,,Lesaclor,0,0.0,inmediato,,SUSPENSION,104,,,False,Lesaclor,0.35,Lesaclor,57.76,,,,0.0,1 SUSPENSION,False,2026-08-11T00:05:37.88556+00:00,3,,False,FC-B25094C4,1,5,0,,,,marca,,0,False
True,37.0,Otro,,400 MG,27.33,,2026-08-10T19:50:21.991528+00:00,,,Flospet,0,0.0,inmediato,,TABLETAS,128,,,False,Flospet,0.35,Flospet,35.53,,,,0.0,8 TABLETAS,False,2026-08-11T00:05:37.88556+00:00,3,,False,FC-1751468C,1,5,0,,,,marca,,0,False
True,65.0,Otro,,1% 60 G,47.85,,2026-08-10T19:50:21.991528+00:00,,,Collucort,0,0.0,inmediato,,CREMA,139,,,False,Collucort,0.35,Collucort,62.21,,,,0.0,1 CREMA,True,2026-08-11T00:02:47.082937+00:00,12,,False,FC-1AE9D7E6,2,5,0,,,,marca,,0,False
True,33.0,Producto,,,24.22,,2026-08-10T19:50:21.991528+00:00,,,Tusilen Ad 1 Ibe 240/30/50Mg/100,0,0.0,inmediato,,,160,,,False,Tusilen,0.35,Tusilen Ad 1 Ibe 240/30/50Mg/100,31.49,,,,0.0,118 ML,True,2026-08-11T00:02:47.082937+00:00,12,,False,FC-1DAD5EF1,1,5,0,,,,marca,,0,False
True,208.0,Otro,,NEB AMP 0.500MG,153.72,,2026-08-10T19:50:21.991528+00:00,,,Budesonida,0,0.0,inmediato,,SUSPENSION,109,,,False,Budesonida,0.35,Budesonida,199.84,,,,0.0,1 SUSPENSION,False,2026-08-11T00:05:37.88556+00:00,3,,False,FC-281E0F22,1,5,0,,,,marca,,0,False
True,27.0,Otro,,100 MG/2 ML,19.46,,2026-08-10T19:50:21.991528+00:00,,,Amikacina,0,0.0,inmediato,,AMPOLLETA,126,,,False,,0.35,Amikacina,31.14,,,,0.0,1 AMPOLLETA,True,2026-08-11T00:02:47.082937+00:00,12,AMIKACINA,False,FC-347A49C7,1,5,0,,,,generico,,0,False
True,16.0,Otro,,20 MG,10.19,,2026-08-10T19:50:21.991528+00:00,,,Ovisen,0,0.0,inmediato,,TABLETAS,154,,,True,Ovisen,0.35,Ovisen,13.25,,,,0.0,14 TABLETAS,False,2026-08-11T00:02:47.082937+00:00,3,,False,FC-FD92D114,1,5,0,,,,marca,,0,False
True,,Cuidado personal,,,9.5,,2026-08-11T00:19:23.977326+00:00,,,Mercurio Tepezcohuite,0,0,inmediato,,Pomada,544,,,False,Mercurio,,Mercurio Tepezcohuite,15.2,,,,0,C/25,False,,,,False,FC-FEAECBF1,3,5,0,,,,marca,,0,False
True,,Botiquín,,,19.5,,2026-08-11T00:19:23.977326+00:00,,,Perilla N4,0,0,inmediato,,,539,,,False,Edigar,,Perilla N4,31.21,,,,0,PIEZA,False,,,,False,FC-FFC25DD1,2,5,0,,,,generico,,0,False
True,37.0,Higiene,7896009419324,,70.91,,2026-08-10T19:50:41.010327+00:00,,,Sensodyne Original,0,0.0,inmediato,,Crema dental,311,,,False,Sensodyne,0.4,Pasta Dent Sensodyne Original,100.0,,,,0.0,3 oz,False,2026-08-11T00:05:37.88556+00:00,5,,False,FC-09419324,1,5,0,,,,marca,,0,False
True,62.0,Cuidado personal,4005808802838,,84.49,,2026-08-10T19:50:41.010327+00:00,,,Nivea B Sofmilk Sec400 Ml,0,0.0,inmediato,,Crema,287,,,False,Nivea,0.4,Crema Nivea Softmilk,119.0,,,,0.0,400 mL,False,2026-08-11T00:05:37.88556+00:00,5,,False,FC-08802838,1,5,0,,,,marca,,0,False
True,61.0,Suplemento,7501033954085,,42.0,,2026-08-10T19:50:41.010327+00:00,,,Ensure líquido 236 ml vainilla — ticket 112558,0,0.0,inmediato,,Líquido,353,,,False,Ensure,0.45,Ensure vainilla,63.0,,,,0.0,236 ML,False,2026-08-11T00:05:37.88556+00:00,6,,False,FC-33950070,2,5,0,,,,marca,,0,False
True,21.0,Higiene,650240036965,,37.68,,2026-08-10T19:50:21.991528+00:00,,,Asepxia Bicarbon Sod,0,0.0,inmediato,,Jabón,184,,,False,Asepxia,0.4,Jabon Asepxia Bicarbon,53.0,,,,0.0,100 G,False,2026-08-11T00:05:37.88556+00:00,5,,False,FC-40036965,1,5,0,,,,marca,,0,False
True,55.0,Higiene,650240004643,,38.66,,2026-08-10T19:50:21.991528+00:00,,,Asepxia Exfol,0,0.0,inmediato,,Jabón,185,,,False,Asepxia,0.4,Jabon Asepxia Exfoliante,61.86,,,,0.0,100 G,False,2026-08-11T00:05:37.88556+00:00,5,,False,FC-40004643,1,5,0,,,,marca,,0,False
True,22.0,Higiene,7501022150801,,21.72,,2026-08-10T19:50:21.991528+00:00,,,Grisi Avena,0,0.0,inmediato,,Jabón,186,,,False,Grisi,0.4,Jabon Grisi Avena,31.0,,,,0.0,125 G,False,2026-08-11T00:05:37.88556+00:00,5,,False,FC-22150801,1,5,0,,,,marca,,0,False
True,64.0,Suplemento,7501033956317,,44,,2026-08-10T19:50:41.010327+00:00,,,Pediasure líquido 236 ml chocolate — ticket 112558,0,0,inmediato,,Líquido,359,,,False,Pediasure,0.45,Pediasure chocolate,66,,,,0,236 ML,False,2026-08-11T00:05:37.88556+00:00,6,,False,FC-33951008,2,5,0,,,,marca,,0,False
True,128.0,Analgésico,7501033956294,,44,,2026-08-10T19:50:41.010327+00:00,,,Pediasure líquido 236 ml vainilla — ticket 112558,0,0,inmediato,,Líquido,361,,,False,Pediasure,0.45,Pediasure vainilla,66,,,,0,237 ML,False,2026-08-11T00:05:37.88556+00:00,6,,False,FC-33950209,2,5,0,,,,marca,,0,False
True,26.0,Higiene,7506339394719,,18.5,,2026-08-10T19:50:41.010327+00:00,,,Naturella noche con alas C/8 — ticket 112558,0,0,inmediato,,Toallas sanitarias,358,,,False,Naturella,0.4,Naturella noche con alas,28,,,,4,C/8,False,2026-08-11T00:05:37.88556+00:00,5,,False,FC-01405335,5,5,8,,,,marca,,8,True
True,38.0,Higiene,7506425605514,,14.45,,2026-08-10T19:50:21.991528+00:00,,,Escudo Antibact,0,0.0,inmediato,,Jabón,187,,,False,Escudo,0.4,Escudo Antibacterial Frescura,19,,,,0.0,110 G,False,2026-08-11T00:05:37.88556+00:00,5,,False,FC-25605514,2,5,0,,,,marca,,0,False
True,43.0,Higiene,7503014119032,,15.02,,2026-08-10T19:50:21.991528+00:00,,,Jabón azufre con miel,0,0.0,inmediato,,Jabón,188,,,False,Azufre,0.4,Jabón azufre con miel,22.0,,,,0.0,,False,2026-08-11T00:05:37.88556+00:00,5,,False,FC-14119032,1,5,0,,,,marca,,0,False
True,139.0,Higiene,7501019050664,,9.9,,2026-08-10T19:50:41.010327+00:00,,,Saba buenas noches — ticket 112558,0,0,inmediato,,Toallas sanitarias,362,,,False,Saba,0.4,Saba buenas noches,15,,,,2,,False,2026-08-11T00:05:37.88556+00:00,5,,False,FC-19006623,5,5,8,,,,marca,,8,True
True,,Cuidado personal,,C/125 ML S0-FP$,74.27,,2026-08-11T00:19:23.977326+00:00,,,Fotosun UV100,0,0,inmediato,,Crema,556,,,False,Fotosun,,Fotosun UV100,96.56,,,,0,125 ML,False,,,,False,FC-00E8A9C7,1,5,0,,,,marca,,0,False
True,42.0,GENERAL,7502214980596,,31.03,,2026-08-10T19:51:08.809889+00:00,,,Prudence Mora Cond Mexico 34.10 Mora Cond Mexico,0,0.0,inmediato,,,419,,,False,Prudence,0.35,Prudence Mora Cond Mexico 34.10 Mora Cond Mexico,49.65,,,,0.0,C/3,True,2026-08-11T00:02:47.082937+00:00,12,,False,FC-14980596,1,5,0,,,,marca,,0,False
True,42.0,Producto,75010221042481,,30.77,,2026-08-10T19:51:08.809889+00:00,,,Manzanilla Ml Hnos 31.40 Hnos,0,0.0,inmediato,,,427,,,False,Manzanilla,0.35,Manzanilla Ml Hnos 31.40 Hnos,49.24,,,,0.0,,True,2026-08-11T00:02:47.082937+00:00,12,,False,FC-21042481,1,5,0,,,,marca,,0,False
True,29.0,Producto,75064524004581,,21.0,,2026-08-10T19:51:08.809889+00:00,,,Ajolotius Pastillas Elderberry Past,0,0.0,inmediato,,,425,,,False,Ajolotius,0.35,Ajolotius Pastillas Elderberry Past,33.6,,,,0.0,,True,2026-08-11T00:02:47.082937+00:00,12,,False,FC-24004581,1,5,0,,,,marca,,0,False
True,77.0,Otro,75010545045281,,56.5,,2026-08-10T19:51:08.809889+00:00,,,Labello Hydro-C,0,0.0,inmediato,,POMADA,422,,,False,Labello,0.35,Labello Hydro-C,90.4,,,,0.0,,True,2026-08-11T00:02:47.082937+00:00,12,,False,FC-45045281,1,5,0,,,,marca,,0,False
True,42.0,Higiene,75022149800151,,29.3,,2026-08-10T19:51:08.809889+00:00,,,Prudence Clasico C/3,0,0.0,inmediato,,Condón,420,,,False,Prudence,0.4,Prudence Clasico C/3,46.88,,,,0.0,C/3,False,2026-08-11T00:05:37.88556+00:00,5,,False,FC-49800151,1,5,0,,,,marca,,0,False
True,30.0,GENERAL,7506452400038,,21.36,,2026-08-10T19:51:08.809889+00:00,,,Ajolotius Menta Eucal S/Azucar Past Menta Eucal,0,0.0,inmediato,,,430,,,False,Ajolotius,0.35,Ajolotius Menta Eucal S/Azucar Past Menta Eucal,34.18,,,,0.0,,True,2026-08-11T00:02:47.082937+00:00,12,,False,FC-52400038,8,5,0,,,,marca,,0,False
True,29.0,GENERAL,7506452400212,,20.5,,2026-08-10T19:51:08.809889+00:00,,,Ajolotius Jengibre Tab Nati Jengibre,0,0.0,inmediato,,,424,,,False,Ajolotius,0.35,Ajolotius Jengibre Tab Nati Jengibre,26.65,,,,0.0,C/10,True,2026-08-11T00:02:47.082937+00:00,12,,False,FC-52400212,1,5,0,,,,marca,,0,False
True,99.0,Otro,7506452400267,,73.21,,2026-08-10T19:51:08.809889+00:00,,,Ajolotius,0,0.0,inmediato,,JARABE,428,,,False,Ajolotius,0.35,Ajolotius,117.14,,,,0.0,,False,2026-08-11T00:05:37.88556+00:00,3,,False,FC-52400267,1,5,0,,,,marca,,0,False
True,75.0,Otro,7501054504870,,55.37,,2026-08-10T19:51:08.809889+00:00,,,Lásico Pomada I.Abeili.C 56.50 56.50,0,0.0,inmediato,,POMADA,423,,,False,Lásico,0.35,Lásico Pomada I.Abeili.C 56.50 56.50,88.6,,,,0.0,,True,2026-08-11T00:02:47.082937+00:00,12,,False,FC-54504870,1,5,0,,,,marca,,0,False
True,22.0,Higiene,75064256034041,,15.29,,2026-08-10T19:51:08.809889+00:00,,,Toallitas húmedas antibacterial,0,0.0,inmediato,,Toallas húmedas,426,,,False,Escudo,0.4,Toallitas húmedas antibacterial,24.47,,,,0.0,C/50,False,2026-08-11T00:05:37.88556+00:00,5,,False,FC-56034041,1,5,0,,,,marca,,0,False
True,38.0,Otro,7500462746605,250 ML 1 AJOLOTIUS BIOAL IMENTOS,28.0,,2026-08-10T19:51:08.809889+00:00,,,Jarabe 250 Ml 1 Nat Ajolotius Bioal Imentos,0,0.0,inmediato,,JARABE,421,,,False,Jarabe,0.35,Jarabe 250 Ml 1 Nat Ajolotius Bioal Imentos,36.4,,,,0.0,JARABE,False,2026-08-11T00:05:37.88556+00:00,3,,False,FC-62746605,2,5,0,,,,marca,,0,False
True,13.0,Otro,7500462746698,REFORZADO 250 ML BIOALIMENTOS NAT: AJOLOTIUS JARABE REFORZADO,58.9,,2026-08-10T19:51:08.809889+00:00,,,Ajolotius,0,0.0,inmediato,,JARABE,431,,,True,Ajolotius,0.35,Ajolotius,80.0,,,,0.0,JARABE,False,2026-08-11T00:02:47.082937+00:00,3,,False,FC-62746698,8,5,0,,,,marca,,0,False
