fc_sku,fc_ean,fc_nombre,fc_marca,fc_precio,fc_stock,fc_categoria,fc_tipo
FC-50614570,076350614570,Chupa Chups Mini paleta,Chupa Chups,2,240,Impulso,marca
FMX-504321,7506022304124,Aguja-Hipodermica-Sensimedical 22 G X 32 Mm C/1 Negro,SENSIMEDICAL,1.5,100,Dispositivo médico,marca
FMX-506386,7506022300843,Jeringa SensiMedical 5 mL 22G x 32 mm negra,SensiMedical,5,100,Botiquín,marca
FMX-307657,7506022300690,Jeringa SensiMedical 10 mL 22G x 32 mm negra,SensiMedical,8,99,Botiquín,marca
FC-22300881,7506022300881,Jeringa insulina SensiMedical 1 ml 27G x 13 mm,SensiMedical,5,98,Botiquín,marca
FC-07521317,7501507521317,Gotero cristal,Genérico,5,95,Botiquín,marca
FMX-506388,7506022300751,Jeringa SensiMedical 3 ml 21G x 32 mm verde,SensiMedical,5,95,Botiquín,marca
FC-23272151,7506022327208,Jeringa insulina SensiMedical 0.3 ml 31G x 6 mm,SensiMedical,5,95,Botiquín,marca
FC-00100013,2008500100013,Cubrebocas tricapa desechable C/100,,5,91,Botiquín,generico
FMX-300644,7501048920556,Guante/Esteril-Protec Clasico C/100 Mediano,PROTEC,3,85,Dispositivo médico,marca
FC-68900134,7501868900134,Gasa Lox10 C/100,Dibar,3,83,Botiquín,marca
FMX-506389,7506022300829,Jeringa SensiMedical 5 ml 21G x 32 mm verde,SensiMedical,5,79,Botiquín,marca
FC-4391156,759684391255,Jaloma pomada labios sabores 3 g,Jaloma,6,58,Cuidado personal,marca
FMX-307658,7506022314741,Jeringa SensiMedical 20 mL 21G x 32 mm verde,SensiMedical,10,50,Botiquín,marca
FC-89592876,4001895928765,Tegaderm 3M 10 x 12 cm C/50,Tegaderm,20,50,Botiquín,marca
IFC-ALCANFOR,7503048936018,Velázquez alcanfor pastillas C/50 sobres,Velázquez,5,50,Botiquín,marca
FC-68900264,7501868900264,Alcohol Etilico Rojo 96°,Dibar,13,43,Botiquín,marca
FC-EXP-OPT48,7509546015699,Palmolive Optims Vital Keratina 2 en 1 sobre 10 ml,Palmolive,3,43,Cuidado personal,marca
FC-LV-ORBITHB40,75038823,Orbit 4's Hierbabuena,Orbit,4.0,36,Impulso,marca
FC-68900226,7501868900226,Alcohol Etilico Rojo 96°,Dibar,24,34,Botiquín,marca
FC-LV-CLORETS40,75068011,Clorets Plus 4's,Clorets,4,32,Impulso,marca
FC-06903205,714706903205,Broncolin Paleta,Broncolin,5,31,Respiratorio,marca
FC-LV-ORBITFRE40,75038762,Orbit 4's Fresa,Orbit,4.0,29,Impulso,marca
FC-IFC-83733,7501868950207,Dibar venda elástica 7.5 cm colores C/24,Dibar,17,24,Botiquín,marca
FC-EXP-HS24,7590002008898,Head & Shoulders Limpieza Renovadora sobre 10 ml,Head & Shoulders,3.5,23,Cuidado personal,marca
FC-73629981,7501017362998,Kleenex Sellapack 15 pañuelos,Kleenex,10,18,Higiene,marca
FC-17500820,7503017500820,Sanax Silica Gran,Sanax,25,17,Cuidado personal,marca
FC-72629012,7501072629012,Cepillo Dent Clinic,Clinic,14.0,12,Higiene,marca
FC-35234313,7500435234313,Crest Complete 4 en 1 menta suave 61 ml,Crest,28,12,Higiene,marca
FC-35011303,7500435011303,Gillette Prestobarba Ultra Grip3 C/1,Gillette,26.0,12,Cuidado personal,marca
FC-LV-HALLSX12,7622210529688,Halls Extra Strong,Halls,10,12,Impulso,marca
FC-BCF59548,2008480100010,Perilla Edigar N1 (jeringa pera toda de hule),Edigar,25,12,Botiquín,marca
FC-16798878,7502216798878,Pioglitazona 30 mg 7 tabletas LGEN,,60,12,Medicamentos,generico
FC-3406723,7503003406723,Quirmex venda elastica premium 5 cm x 5 m,Quirmex,10,12,Botiquín,marca
FC-03307175,070330717534,BIC Comfort 3 rastrillos desechables 12 pzas,BIC,19,11,Higiene,marca
FC-03307318,070330731806,BIC Soleil 3 Color Collection rastrillos 12 pzas,BIC,19,11,Higiene,marca
FMX-301565,7506022307897,Jeringa SensiMedical 60 ml sin aguja,SensiMedical,15,11,Botiquín,marca
FC-IFC-PEI01,2008560100015,Peine caballero profesional N1 C/12,,6,11,Cuidado personal,marca
FC-IFC-PIN01,7896075701040,Pinza depilar Mereje tenaza,Mereje,8,11,Cuidado personal,marca
FC-45720062,7502245720062,Silk Hair Silica · variante 062 · confirmar,Silica,45,11,Cuidado personal,marca
FC-45720086,7502245720086,Silk Hair Silica · variante 086 · confirmar,Silica,45,11,Cuidado personal,marca
FC-00721541,6502400721541,Suerox Vitamins Manzana V-Limón 630 ML,Suerox,20.0,11,Hidratación,marca
EQ-GEP050,7502227427408,Esgaro 5 mg C/10,Esgaro,88.0,10,Medicamentos,generico
FC-16803657,7502216803657,Losartán potásico 50 mg C/30 Ultra,Ultra,20,10,Hipertensión,generico
FC-IFC-PEI02,2008570100012,Peine mango chico colores C/12 pzs,,5,10,Cuidado personal,marca
FC-49605634,7501249605634,Postday levonorgestrel 0.75 mg C/2,Postday,78.0,10,Hormonales,generico
EQ-STR007,7501547522220,Trociletas cereza 1.45 mg C/10,Trociletas,45,10,Medicamentos,marca
EQ-STR029,7501547522138,Trociletas cereza 1.45 mg C/12,Trociletas,52,10,Medicamentos,marca
EQ-STR008,7501547522145,Trociletas-B,Streger,52,10,Medicamentos,generico
EQ-JAY239,7506022330574,Zensif ceftriaxona I.M. 1 g,Zensif,19,10,Medicamentos,generico
FC-68960257,7501868900257,Alcohol Etilico Rojo 96°,Dibar,70,9,Botiquín,marca
FC-5F30F9D4,7502009740992,Clamoxin (Amoxicilina/Clavulánico 500/125 mg),Clamoxin,78,9,Antibiótico,generico
EQ-WER040,7502240450070,Punab losartán 50 mg C/30 Wermar,Wermar,21,9,Hipertensión,generico
FC-52400038,7506452400038,Ajolotius menta eucalipto sin azúcar pastillas,Ajolotius,30,8,Herbolario,marca
FC-BE76D409,7501349012004,Amcef IM 1 g (Inyectable),Amcef,32,8,Antibiótico,generico
FC-08499245,7501008499245,Aspirina GO 500 mg granulado naranja C/10 sobres,Aspirina,80,8,Analgésico,marca
FC-26462078,7501026462245,Chupón Ternura flor y balón con miel,Ternura,6,8,Bebés,marca
EQ-DEN073,7506476200171,Delaphil 20 mg C/4,Delaphil,50,8,Medicamentos,generico
FC-LV-TURIN600,756774020217,Turin Conejo chocolate,Turin,15,8,Impulso,marca
EQ-AMS147,7501349014190,Ácido alendrónico 10 mg C/30,AMSA,42,8,Medicamentos,generico
FC-84500607,7506484500607,Cinta micropore blanca 2.5 cm x 9.1 m,Cintapore,22,7,Botiquín,marca
EQ-NOV007,7501075711011,Debisor 10 mg C/20 Novag,Debisor,16,7,Medicamentos,marca
FC-E535DE28,7501573900375,Diurmessel,Diurmessel,17,7,Otro,generico
EQ-AMS424,7501349020535,Irbesartán 300 mg C/14 AMSA,AMSA,123,7,Hipertensión,generico
FC-9233072,7501059233072,Nido Kinder 1+ bolsa 144 g,Nido,37,7,Abarrotes,marca
FC-07020003,20250702003,Parches para acné hidrocoloide figuras,,27,7,Cuidado personal,generico
FC-49824391,7502214982439,Prudence 'Ull Retardante C/3,Prudence,65,7,Higiene,marca
FC-75073114,75073114,Rexona Men Clinical Clean stick,Rexona,78,7,Higiene,marca
FC-40032271,6502400322712,Suerox 8 Iones Uva 630 ML,Suerox,20.0,7,Hidratación,marca
FC-03430721,7502250343072,Vitacilina 28 Crema,Vitacilina,41,7,GENERAL,marca
FC-00003920,3311000003944,Arnica Mercurio,Mercurio,23,6,Herbolario,marca
EQ-BIO003,7501573900115,Biomesina Compuesta,Biomep,46,6,Analgésico,generico
EQ-VIT073,7501478317421,Bocetix 1 Sol 50 Mg 150 Ml,Vitae,105,6,Alergia,generico
EQ-AMS253,7501349027329,Dexametasona 1 Fa 8mg/2 Ml,AMSA,15,6,Antiinflamatorio,generico
FC-68900127,7501868900127,Gasa 10 x 10,Dibar,19,6,Botiquín,marca
FC-06246652,7506306246652,Jabón Dove blanco,,25,6,Higiene,marca
EQ-AVI026,7502216803893,Ketorolaco 10 mg C/10 Avivia,Avivia,10,6,Analgésico,generico
EQ-AMS160,7501349023369,Ketorolaco Sublingual,AMSA,15,6,Analgésico,generico
FC-42802213,7501342802213,Ketorolaco Trometamina 10 mg,Advance,35,6,Medicamentos,generico
FC-42804644,7501342804644,Ketorolaco sublingual 30 mg,beadvance,25,6,Medicamentos,generico
FC-49024328,7501349024328,Ketorolaco sublingual 30 mg C/4 AMSA,AMSA,15,6,Analgésico,generico
FC-LV-KITKAT22,7891000248362,KitKat Extra Milk & Cocoa,KitKat,25,6,Impulso,marca
FC-50587FA6,7503001007120,Mexapin amoxicilina suspensión 125 mg/5 mL,Mexapin,25,6,Antibiótico,generico
FC-51037878,7891051037878,Oral-B Complete 4 en 1 enjuague 250 ml,Oral-B,62,6,Cuidado personal,marca
FC-19068911,7501019068911,Panty protector Saba largo 28,Saba,33,6,Higiene,marca
FC-09744341,7502009744341,Prilver ramipril 5 mg C/16 Maver,Prilver,65,6,Hipertensión,marca
FC-78930841,78930841,Rexona Men V8,Rexona,25,6,Higiene,marca
FC-78924239,78924239,Rexona Powder Dry,Rexona,25,6,Higiene,marca
FC-58799685,7501058799685,Sico Mutual Climax,Sico,120,6,Cuidado personal,marca
EQ-ULT145,7502216796843,Sildenafil 4 Tab 100 Mg,Ultra,40,6,Medicamentos,generico
FC-33204920,7501033204920,Speed Stick Xtreme Night antitranspirante en crema 30 g,Speed Stick,20,6,Higiene,marca
FC-00721471,7501048607214,Suerox Vitamins naranja-mango 630 mL,Suerox,20.0,6,Hidratación,marca
FC-34067851,7503003406785,Torundas de algodon Quirmex,Quirmex,27.0,6,Botiquín,marca
FC-50343065,7502250343065,VITACILINA 2X1,Vitacilina,39,6,Otro,generico
FC-00525451,6502400525451,XL-3 C/10,XL-3,41,6,Analgésico,marca
FC-08344747,7503008344747,Afrodit,Afrodit,85,5,Cuidado personal,marca
FC-77620056,7506313000353,Agua destilada La Flor,La Flor,28,5,Botiquín,marca
FC-40013805,650240013805,Alliviax desinflamatorio 550 mg,,110,5,Medicamentos,marca
EQ-LAN057,7502247373495,Bacat Atorvastatina 20 mg C/30 Landsteiner,Landsteiner,65,5,Cardiovascular,generico
FC-86100158,7506386100158,Benvia Infantil (Dimenhidrinato) 250 mg/100 mL,Loeffler / Russek,52,5,Gastro,generico
FC-08498798,7501008498798,Bepanthen Multiusos pomada 30 g,Bepanthen,82,5,Dermocosmético,marca
FMX-307626,7501384505271,Bromuro-Pinaverio-Shoen Tabletas 100 Mg C/14,Laboratorios shoen,31,5,Medicamentos,generico
FC-82F88FED,7502216792579,Captopril,Ultra,13.0,5,Hipertensión,generico
FMX-301135,7506484500515,Cintapore cinta microporosa blanca 1.25 cm x 5 m,Cintapore,8,5,Dispositivo médico,marca
FC-E9C38DC4,7501349021532,Ciprofloxacino G.I,AMSA,37.0,5,Antibiótico,generico
FC-516C2E89,7502009740503,Clamoxin 12H Jr (Amoxicilina/Clavulánico susp.),Clamoxin,60,5,Antibiótico,generico
FC-1FBF5206,7503002045008,Del Viejito Reomatolum,Del Viejito,30,5,Antiinflamatorio,generico
FC-54354677,4005900036742,Desodorante Nivea Men,Nivea,35,5,Higiene,marca
EQ-MAV162,7502009741593,Dolxen 10 Tab 500 Mg,Maver,34,5,Antiinflamatorio,generico
FC-25652716,7506425652716,Escudo Antibacterial Original,Escudo,18,5,Higiene,marca
EQ-RAD100,7501384545659,Fenazopiridina 1 Fco 20 Tab 100 Mg,Randall,34,5,Medicamentos,generico
EQ-MAI144,0785118753962,Figral 10 Tab 100 Mg,Mavi,135,5,Medicamentos,generico
EQ-MAI142,785118753955,Figral 10 Tab 50 Mg,MAVI,85,5,Otro,generico
EQ-MAV237,7502009745485,Ideliver Pro duloxetina 30 mg C/7,Ideliver Pro,49.0,5,Medicamentos,generico
EQ-AMS425,7501349020542,Irbesartán 300 mg C/28 AMSA,AMSA,240,5,Hipertensión,generico
FC-43490598,7501943490598,Jabón líquido Escudo para manos,Escudo,40,5,Higiene,marca
FC-92821171,7501059282117,Leche en polvo Nutri Rindes,Nestle,37,5,Abarrotes,marca
FC-18753597,0785118753597,Lesaclor (Aciclovir) crema,Mavi,27,5,Medicamentos,generico
EQ-AMS318,7501349028159,Losartan AMSA 30 comprimidos 50 mg,AMSA,20.0,5,Hipertensión,generico
EQ-ALP0634,7502226294766,Losartán Alpharma 50 mg C/30,Alpharma,18.0,5,Hipertensión,generico
FC-58796882,7501058796882,Lysol desinfectante antibacterial  354 g,Lysol,140,5,Higiene,marca
FC-04908714,7503004908714,Miconazol crema 2%,Alpharma,18,5,Medicamentos,generico
EQ-BRU053,7501537102845,Nediclon Diclofenaco,Bruluagsa,26.0,5,Antiinflamatorio,generico
FC-22322395,7506022322395,Normogotero Sensi Medical,Sensi Medical,18,5,Botiquín,marca
FC-A909ABC0,7502009744877,Odivitor,Odivitor,23,5,Cardiovascular,generico
EQ-MAV211,7502009744884,Odivitor atorvastatina 10 mg C/20 Maver,Odivitor,35,5,Cardiovascular,marca
EQ-BEA426,7501342804590,Oxido De Zinc 1 Pasta,Be Advance,17,5,Medicamentos,generico
EQ-ULT146,7502216796737,Pioglitazona,Ultra,50,5,Diabetes,generico
EQ-NOV176,7501075727517,Pirinovag 10 Tab 500 Mg,Novag,13,5,Analgésico,generico
FC-40019180,650240019180,Pomada de la Campana Tepezcohuite,Pomada de la Campana,36,5,Dermocosmético,marca
EQ-BEA338,7501342803104,Prednisona 5mg C/Blister 20tab Bea,Be Advance,11,5,Medicamentos,generico
FC-45720215,7502245720215,Quitaesmalte SKN · variante 215 · confirmar,SKN,25,5,Higiene,marca
FC-25300786,7501825300786,Sediclon dicicloverina 10 mg,Sediclon,34.0,5,Medicamentos,generico
FC-01015141,7506460101514,Sico Softlube gel lubricante original 56.7 g,Sico,120,5,Higiene,marca
EQ-AVT216,7502209858084,Soltadol 10 Tab 750 Mg,Avitus,9,5,Analgésico,generico
FC-18754259,785118754259,Supratex (Levodropropizina) jarabe 120 mL,MAVI,67,5,Respiratorio,generico
FC-34063651,7503003406365,Tela Adhesiva Impermeable Quirmex,Quirmex,18.0,5,Botiquín,marca
FC-34062421,7503003406242,Tela adhesiva Impermeable Quirmex,Quirmex,11.0,5,Botiquín,marca
FC-27875377,7502227875377,Tromdex ezetimiba 10 mg C/30 tabletas,Tromdex,147,5,Medicamentos,marca
FC-48640034,7501048640034,Vaso recolector Degasa,Degasa,9,5,Botiquín,marca
FC-48690909,7501048690909,Venda Elástica Protec 7 cm x 5 m,Protec,32.0,5,Botiquín,marca
FC-36006042,7501836006042,Virindrez Adulto (Oximetazolina) 0.050%,Liferpal MD,39,5,Respiratorio,generico
FC-42803524,7501342803524,Ácido acetilsalicílico 100 mg Caja con 30 tabletas beadvance,beadvance,24,5,Analgésico,generico
FC-86901100,7501868901100,Alcohol Etilico Azul 71.6,Dibar,12,4,Botiquín,marca
FC-68901124,7501868901124,Alcohol Etilico Azul 71.6,Dibar,36,4,Botiquín,marca
EQ-AVT201,7502209858206,Alphalock tamsulosina 0.4 mg C/20,Alphalock,57,4,Medicamentos,generico
FC-00024798,056100024798,Always toallas sanitarias nocturnas con alas 8 pzas,Always,35,4,Higiene,marca
EQ-NOV154,7501075722604,Belazix C/20 Tab 5mg,NOVAG,104,4,Alergia,generico
EQ-RAM141,7502227876428,Breflumar Raam flunarizina 20 tab 5 mg,Raam,46.0,4,Medicamentos,marca
FC-11789918,7502211789918,Bromuro de pinaverio,Loeffler,30,4,Gastro,generico
FC-27426067,7502227426067,Carticap For glucosamina/condroitina C/60,Carticap,135,4,Vitaminas,marca
FC-03406181,7503003406181,Cinta micropore Quirmex blanca 2.5 cm × 10 m,Quirmex,22,4,Botiquín,marca
FC-F48FF7EF,7502009740213,Clamoxin (Amoxicilina/Clavulánico susp. 250/62.5),Clamoxin,58,4,Antibiótico,generico
FC-40013850,6502400138504,Crema Teatrical Lanolina,Teatrical,41,4,Cuidado personal,marca
FC-35129367,7500435129367,DESOD SECRET PH-BALAN STICK GEL 45G,Secret,80,4,Otro,generico
EQ-NOV132,7501075720365,Danovag Omeprazol 20 mg C/14,Novag,23,4,Gastro,generico
FC-06226852,7506306226852,Desodorante Axe Wom Anarchy,Axe,68,4,Higiene,marca
EQ-SON039,7502001163782,Dicleophen 12 Caps 500 Mg,SON'S,48,4,Antibiótico,generico
EQ-JAY263,7506022331502,Diflosensi 28 Tab 10 Mg,Jayor,490,4,Diabetes,generico
FC-09747281,7502009747281,Dolver ibuprofeno 800 mg C/10 Maver,Dolver,34,4,Antiinflamatorio,marca
FC-73925071,7501573925071,Dosteril lisinopril 10 mg C/30 tabletas,Dosteril,30.0,4,Cardiovascular,marca
FC-LV-RAM156,7502227879610,Duet Flexenol NF 16 tab 275/300 mg,RAAM,48,4,Antiinflamatorio,marca
FC-53506FA4,7502216792845,Enalapril,ULTRA,18,4,Hipertensión,generico
FC-11783671,7502211783671,Erbitrax-T terbinafina 250 mg C/40,Erbitrax-T,265,4,Medicamentos,generico
FC-16796348,7502216796348,Felodipino LP 5 mg C/20 Ultra,Ultra,36.0,4,Hipertensión,generico
FC-33956126,7501033956126,Glucerna Vainilla,Glucerna,69,4,Suplemento,marca
FC-33956133,7501033956133,Glucerna chocolate,Glucerna,69,4,Suplemento,marca
FC-33956140,7501033956140,Glucerna fresa,Glucerna,69,4,Suplemento,marca
EQ-ACC092,7506335701214,HT-Bloc Accord ondansetrón 1 amp 4 mg/2 mL,Accord,72.0,4,Gastro,marca
FC-25094275,7502225094275,Hipebe tamsulosina 0.4 mg C/20,Hipebe,55,4,Medicamentos,generico
FC-08895196,7502208895196,KY6,KY6,15.0,4,Alergia,generico
FC-09740435,7502009740435,Laritol (Loratadina) 10 mg,Maver,12,4,Alergia,marca
FC-04908738,7503004908738,Lidocaina unguento 5%,Alpharma,38,4,Medicamentos,generico
EQ-BIO138,7501573904403,Lozamir-C 1 Cma,Biomep,25,4,Medicamentos,generico
EQ-BEA429,7501342802565,Metformina 30 Tab 850 Mg,Be Advance,23,4,Diabetes,generico
FC-63310269,7501563310269,Metoclopramida 10 mg C/20 tabletas,Bioresearch,12.0,4,Gastro,generico
EQ-BEA368,7501342803807,Nifedipino 30 Comp 30 Mg,Be Advance,63,4,Hipertensión,generico
FC-48623006,7501048623006,Pads Faciales con Glicerina Protec,Protec,32,4,Cuidado personal,marca
FC-9511421,7501289511421,Pasta Lassar Andromaco 30 g,Andromaco,34,4,Botiquín,marca
FC-17006133,7501417006133,Pasta de Lassar óxido de zinc 145 g,Pasta de Lassar,80,4,Cuidado personal,marca
FC-IFC-PER01,2008540100011,Perfilador Tinkle C/3 pzs,Tinkle,15,4,Cuidado personal,marca
FC-14985805,7502214985805,Prudence chicle condones C/5,Prudence,70,4,Higiene,marca
FC-34067781,7503003406778,Quirmex venda 30 cm,Quirmex,36.0,4,Botiquín,marca
FC-45720567,7502245720567,Quitaesmalte coco,SKN,25.0,4,Higiene,marca
FC-27872123,7502227872123,Raamcinet cetirizina 10 mg,Raam,32,4,Alergia,generico
FC-6074BB64,7503000422498,Redalip bezafibrato 200 mg,Redalip,30.0,4,Hipertensión,generico
EQ-BEA267,7501342802749,Sildenafil beadvance 50 mg 1 tableta,beadvance,20,4,Medicamentos,generico
FC-45720024,7502245720024,Silk Hair Silica · variante 024 · confirmar,Silica,45,4,Cuidado personal,marca
FC-45720031,7502245720031,Silk Hair Silica · variante 031 · confirmar,Silica,45,4,Cuidado personal,marca
FC-45720109,7502245720109,Silk Hair Silica · variante 109 · confirmar,Silica,45,4,Cuidado personal,marca
FC-00322571,6502400322571,Suerox 8 Iones Manzana 630 ML,Suerox,20.0,4,Hidratación,marca
FC-IFC-TIJ01,2008510100010,Tijera para bigote,,35,4,Cuidado personal,marca
FC-43471900,7501943471900,Toallitas húmedas KleenBebé Absorsec,KleenBebé,29,4,Higiene,marca
FC-34067471,7503003406747,Venda Quirmex 10 cm,Quirmex,14.0,4,Botiquín,marca
FC-73900221,7501573900221,Vexotil 10 mg,Vexotil,12.0,4,Cardiovascular,generico
FC-76000277,7506376000277,Vitacilina crema humectante,Vitacilina,104,4,GENERAL,marca
FC-13000810,7506313000810,Aceite Madrid,Madrid,18,3,Cuidado personal,marca
FC-13000972,7506313000972,Aceite de Coco,Madrid,18,3,Cuidado personal,marca
FC-13000230,7506313000230,Aceite de Mamey,Madrid,18,3,Cuidado personal,marca
FC-13000155,7506313000155,Aceite de Olivo,Madrid,18,3,Cuidado personal,marca
FC-65065322,7501065065322,Advil 12 horas 600 mg C/6  tabletas,Advil,110,3,Antiinflamatorio,marca
FC-08763475,7501108763475,Advil ibuprofeno 200 mg C/10 cápsulas,Advil,58,3,Antiinflamatorio,marca
FC-05062376,7501050623766,Afrin No Drip solución nasal 15 mL,Afrin,140,3,Respiratorio,marca
FC-68901131,7501868901131,Alcohol Etilico Azul 71.6,Dibar,62,3,Botiquín,marca
FC-03406327,7503003406327,Algodón plisado Quirmex 50 g,Quirmex,11,3,Botiquín,marca
FC-16500172,7501165001725,Allegra fexofenadina 180 mg C/10,Allegra,460,3,Alergia,marca
FC-40053634,650240053634,Alli Triple 50/.25/50/50 mg,Alli,98,3,Medicamentos,marca
FC-4A0245DA,7502216804814,Amlodipino,Amlodipino,65,3,Hipertensión,generico
FC-49027343,7501349027343,Amsafast orlistat 120 mg C/21,Amsafast,154.0,3,Gastro,marca
FC-00422511,7503000422511,Bactiver sulfametoxazol/trimetoprima susp. 120 mL,Bactiver,35,3,Antibiótico,generico
FC-00450227,7501300450227,Bactrim 200/40 mg suspensión,Bactrim,235,3,Medicamentos,marca
FC-75723175,7501075723175,Belazix 5 mg,Novag,53,3,Alergia,generico
EQ-MAV266,7502009745836,Berniver 2% 1 Ung 15 G,Maver,123,3,Medicamentos,generico
FC-08DB70CB,7503022640153,Bicarbonato Velazquez Grande 200G,Bicarbonato,16,3,Suplemento,generico
FC-25301752,7501825301752,Biofilen atenolol 100 mg C/28 Degort's,Biofilen,80,3,Hipertensión,marca
FC-07859648,7503007859648,Blumen jabón líquido Cherry Blossom 525 ml,Blumen,55,3,Higiene,marca
FC-103521,7501537103521,Brunadol paracetamol/naproxeno 300/275 mg C/10,Brunadol,31,3,Antiinflamatorio,generico
FC-65011656,7501165011656,Buscapina Fem hioscina 20 mg / ibuprofeno 400 mg 10 tabletas,Buscapina,158,3,Antiinflamatorio,marca
EQ-SON033,7502001160019,Busconet 1 Fa 250/20mg/5 Ml,SON'S,54,3,Analgésico,generico
EQ-AMS463,7501349024601,Butilhioscina,AMSA,20,3,Gastro,generico
FC-885F2723,7501384541163,Carbamazepina,Psicofarma,30,3,Otro,generico
FC-BE0A0E46,7506022316622,Cateter para Venoclisis 22 g,Sumitex,15,3,Botiquín,marca
FMX-506781,7506022316493,Cateter/Intravenoso-Sumitex Pu 24 G X 19 Mm C/1 Amarillo,SUMITEX,15,3,Botiquín,marca
FMX-506779,7506022316615,Catéter Sumitex 20G x 33 mm rosa,SUMITEX,15,3,Botiquín,marca
FC-22B18244,7501349022515,Cefotaxima IM (Inyectable),Cefotaxima,57,3,Antibiótico,generico
EQ-AMS406,7501349027312,Cinitaprida 25 Comp 1 Mg,AMSA,30,3,Gastro,generico
FC-DDFBABDF,7502009740497,Clamoxin 12H Ped (Amoxicilina/Clavulánico susp.),Clamoxin,42,3,Antibiótico,generico
FC-09745140,7502009745140,Clamoxín S 600 mg / 42.9 mg / 5 mL Frasco 50 mL Maver,Maver,78,3,Antibiótico,generico
FC-4F737E93,7501573902706,Cloxan,Cloxan,24,3,Respiratorio,generico
FC-66534951,7509546653495,Colgate Total 65 mL,Colgate,30,3,Higiene,marca
FC-60689091,7509546068909,Colgate Trip Xtra Blancura,Colgate,19.5,3,Higiene,marca
FC-46066776,7509546066776,Colgate crema dental,Colgate,58.0,3,Cuidado personal,marca
FC-83683367,7501058368126,Condón Sico Rojo Feel,Sico,95,3,Higiene,marca
EQ-MAV394,7502009749322,Coniax Citicolina 500 mg C/10 Maver,Maver,196.0,3,Medicamentos,marca
FC-09747052,7502009747052,Coriver paracetamol 750 mg C/10,Coriver,13,3,Analgésico,marca
FC-20501765,8101205017656,Crema Grisi aloe vera para manos,Grisi,58,3,Cuidado personal,marca
FC-31244486,7702031244486,Crema Lubriderm piel normal,Lubriderm,40,3,Cuidado personal,marca
FC-21042481,7501022104248,Crema Manzanilla ricitos de oro,Manzanilla,40,3,Herbolario,marca
FC-40013898,6502400138986,Crema Teatrical Lanol/Ros,Teatrical,41,3,Cuidado personal,marca
FC-00078996,6502400078996,Crema Teatrical azul 19 g,Teatrical,19.5,3,Cuidado personal,marca
FC-00079009,6502400079009,Crema Teatrical rosa lanolina 19 g,Teatrical,19.5,3,Cuidado personal,marca
FC-76000260,7506376000260,Crema Vitacilina amarilla aclaradora,Vitacilina,101,3,Cuidado personal,marca
FC-76000253,7506376000253,Crema Vitacilina roja antiarrugas,Vitacilina,101,3,Cuidado personal,marca
FC-20500171,8101205001716,Crema para peinar Pert aceite oliva aguacate,Pert,19,3,Cuidado personal,marca
FC-06209855,7506306209855,DESOD AXE ANARC FLO 48H SPY 150ML,Axe,68,3,Otro,generico
FC-06251847,7506306251847,DESOD AXE BLACK REMIX SPY 210 ML,Axe,90,3,Otro,generico
FC-46060477,7509546060477,DESOD LADYSS POW DER FRES R-ON 50ML,Lady Speed Stick,38,3,Otro,generico
FC-46071275,7509546071275,DESOD LADYSS POWDER FRESH SPY 60G FEB27,Lady Speed Stick,40,3,Otro,generico
FC-46029825,7509546029825,DESOD NEUTRO B R-ON 65 ML,Neutro Balance,38,3,Otro,generico
FC-78924338,78924338,DESOD REXONA WOM POW R-ON 53G,Rexona,36,3,Higiene,generico
FC-56040517,7502256040517,Dankial-B budesonida 0.250 mg/2 mL C/5,Dankial-B,142.0,3,Respiratorio,generico
FC-06244795,7506306244795,Desodorante Axe Intense 48H (Hombre),Axe,68,3,Higiene,marca
FC-06245686,7506306245686,Desodorante Axe Men Epic-F 48H,Axe,68,3,Higiene,marca
EQ-ULT103,7502216802919,Diclofenaco 20 Tab 100 Mg,Ultra,20,3,Antiinflamatorio,generico
FC-EADF1484,7501342804484,Diosmina Hesperidina,beadvance,65,3,Otro,generico
FC-98223711,7501298223711,Dolo Neurobion C/10,Neurobion,220,3,Vitaminas,marca
FC-98223728,7501298223728,Dolo Neurobion C/5,Neurobion,119,3,Vitaminas,marca
FC-06248045,7506306248045,Dove Men Care 72 h,Dove,68,3,Higiene,marca
FC-06248052,7506306248052,Dove aerosol tono uniforme caléndula y vitamina E,Dove,75,3,Higiene,marca
FC-25104268,7501125104268,Electrolit Fresa,Electrolit,25,3,Hidratación,marca
EQ-MAV380,7502009748912,Esomeprazol 14 Tab 40 Mg,Maver,90,3,Gastro,generico
EQ-SON244,7502001165748,Exbenzol mebendazol 100 mg,Exbenzol,24.0,3,Medicamentos,generico
FC-22112106,7501022112106,Excelsior pomada callos y verrugas 8 g,Grisi,68.0,3,Medicamentos OTC,marca
FC-09272342,7501092723424,Exkruthera Fruquintinib 1 mg,Takeda,22700,3,Medicamentos,marca
EQ-LOE058,7502211784005,Feniffler-T 50 Tab 100 Mg,Loeffler,45,3,Medicamentos,generico
EQ-RAM014,7502227871058,Fermig Sumatriptan,RAAM,105,3,Medicamentos,generico
FC-18874729,7702018874729,GILLETTE PRESTOBARBA 3,Gillette,96,3,Otro,marca
FC-06247468,7506306247468,Gel Ego Fresh,Ego,27,3,Cuidado personal,marca
FC-75102490,7506475102490,Gerber Etapa 2 Frutas Mixtas 100 g,Gerber,14,3,Bebés,marca
FC-75102520,7506475102520,Gerber Etapa 2 comida casera res,,14,3,Bebés,marca
FC-75102476,7506475102476,Gerber Etapa 2 durazno,,14,3,Bebés,marca
FC-75102469,7506475102469,Gerber Etapa 2 mango,,14,3,Bebés,marca
FC-75102421,7506475102421,Gerber Etapa 2 manzana,,14,3,Bebés,marca
FC-75102452,7506475102452,Gerber Etapa 2 pera,,14,3,Bebés,marca
FMX-502386,7502223112193,Guaxoquim Jarabe C/140 Ml,QUIMPHARMA,67,3,Respiratorio,generico
FC-75005092,0608875005092,Heinz pouch papilla manzana,,18,3,Bebés,marca
FC-9022434,7501349022434,Irbesartán 150 mg,AMSA,71,3,Medicamentos,generico
FC-49078205,7503049078205,Itoprida 50 mg,Avivid,0,3,Medicamentos,generico
FC-06238640,7506306238640,Jabón Camay 72,Camay,20.0,3,Cuidado personal,marca
EQ-COL252,780083148928,Kenzoflex Duo 1 Sol 3.5/1 Mg/5 Ml,Collins,73,3,Medicamentos,marca
FC-09747328,7502009747328,Lapriver itoprida 50 mg C/30 Maver,Lapriver,95,3,Medicamentos,marca
EQ-MAV043,7502009740244,Lorotec Ketorolaco,Maver,10,3,Analgésico,generico
FC-46654997,7509546654997,MOUSSE CAPRICE FINAL TOUCH 200 G,Caprice,70,3,Higiene,generico
FC-E69F2E63,7506313000575,Madrid Aceite Eucalipto,Madrid,18,3,Herbolario,generico
FC-75125811,7501027512581,Mamila Evenflo Micro Air Vents,Evenflo,18,3,Higiene,marca
EQ-MAI150,785118754204,Maviglin 60 Grag 500/5 Mg,Mavi,99,3,Diabetes,generico
FC-69387811,3311000001421,Mercurio Aceite Gomenolado,Mercurio,15,3,Herbolario,marca
FC-127F5753,3311000015084,Mercurio Arnica Tomar,Mercurio,13.0,3,Herbolario,marca
FC-25E452B6,3311000001223,Mercurio Arnica Untar,Mercurio,13,3,Herbolario,marca
FC-9827438F,3311000000882,Mercurio Veneno De Abeja,Mercurio,17,3,Herbolario,marca
FC-A680F97E,3311000001506,Mercurio Yodo Tomar,Mercurio,18,3,Herbolario,marca
FC-D3D28E20,3311000000493,Mercurio Yodo Untar,Mercurio,18,3,Herbolario,marca
EQ-BEA424,7501342804408,Metoprolol 20 Tab 100mg,Be Advance,13.5,3,Hipertensión,generico
EQ-RAD093,7501563380316,Metronidazol 30 Tab 500 Mg,Randall,24,3,Antibiótico,generico
FC-07535494,7501109902866,Motrin Infantil Suspension 120 ml,Motrin,250,3,Antiinflamatorio,marca
FC-10245160,7891010245160,NEUTROGENA 200ML AGUA MICELAR C6 SEP26,Neutrogena,58,3,Cuidado personal,marca
FC-9741524,7502009741524,Naturex colágeno hidrolizado tabletas C/60,Naturex,77,3,Suplemento,generico
EQ-BEA336,7501342804583,Neomi/Cao/Pecti 20tab 129/280/30 Mg,Be Advance,60,3,Medicamentos,generico
FC-40010538,6502400105384,Next tabletas C/10,Next,40,3,Analgésico,marca
FC-32911454,7501032911454,OFF! Extra Duracion repelente aerosol 170 g,OFF!,90,3,Higiene,marca
FC-16792555,7502274792207,Omeprazol 20 mg 14 cápsulas LGEN,Solfran,18,3,Gastro,generico
FC-43517980,7500435179980,Oral-B 100% menta refrescante 250 ml,Oral-B,65,3,Higiene,marca
FC-86494286,7501086494286,Oral-B cepillo dental Clásico 60 cerdas suaves,Oral-B,41,3,Higiene,marca
FC-86453221,7501086453221,Oral-B enjuague bucal Gingivitis 350 ml,Oral-B,219,3,Higiene,marca
FC-28951141,7501289511414,Pasta Lassar Andrómaco óxido de zinc 25% tarro 60 g,Andrómaco,65,3,Botiquín,marca
FC-33951008,7501033951008,Pediasure chocolate,Pediasure,59.5,3,Suplemento,marca
FC-33950209,7501033950209,Pediasure vainilla,Pediasure,59.5,3,Suplemento,marca
FC-IFC-PEI03,2008580100019,Peine para piojos de acero económico 9309,,14,3,Cuidado personal,marca
FC-56330378,7501056330378,Ponds desmaquillante Bio-Hydra dual,Ponds,115,3,Cuidado personal,marca
FC-08895219,7502208895219,Portem AS paracetamol/cafeína 500/50 mg C/20,Portem AS,25.0,3,Analgésico,marca
EQ-AMS232,7501349025943,Pregabalina 28 Caps 75 Mg,AMSA,60,3,Medicamentos,generico
EQ-RAM147,7502227872697,Preslopin Amlodipino 5 mg C/30 RAAM,RAAM,18,3,Hipertensión,generico
FC-45720574,7502245720574,Quitaesmalte SKN · variante 574 · confirmar,SKN,25,3,Higiene,marca
FC-75062897,75062897,Rexona Bamboo stick 45 g,Rexona,65,3,Higiene,marca
FC-75073107,75073107,Rexona Woman Clinical Classic stick,Rexona,78,3,Higiene,marca
FC-19006647,7501019006647,Saba buenas noches delgada C/10,Saba,37,3,Higiene,marca
FC-8281209,7501298281209,Sedalmerck C/20 tabletas,Sedalmerck,95,3,Analgésico,marca
EQ-AMS323,7501349021310,Sertralina 14 Tab 50 Mg,AMSA,33,3,Medicamentos,generico
FC-45720093,7502245720093,Silk Hair Silica · variante 093 · confirmar,Silica,45,3,Cuidado personal,marca
FC-LV-SKITTLES24,7502226816937,Skittles Original bolsa,Skittles,45,3,Impulso,marca
FC-25100123,7501125100123,Solucion CS PiSA cloruro de sodio 0.9% 500 mL,PiSA,65,3,Hidratación,marca
FC-25115479,7501125115479,Solución CS Pisa cloruro de sodio 0.9% 100 mL,CS Pisa,30,3,Medicamentos,generico
FC-80911185,7501080911185,Sterimar Alergias spray,Sterimar,225,3,Respiratorio,marca
FC-80912274,7501080912274,Sterimar Bebé spray,Sterimar,190.0,3,Respiratorio,marca
EQ-ULT117,7502216793439,Sucralfato 1 g C/40 Ultra,Ultra,76.0,3,Gastro,generico
FC-33954740,7501033954740,Suero Pedialyte Sr Manzana,Pedialyte,30.5,3,Hidratación,marca
FC-33956775,7501033956775,Suero Pedialyte Sr Uva,Pedialyte,30.5,3,Hidratación,marca
FC-00744481,6502400744481,Suerox 8 Iones Coco Piña 630 ML,Suerox,20.0,3,Hidratación,marca
FC-40066306,6502400663068,Suerox 8 Iones Fresa 630 ML,Suerox,20.0,3,Hidratación,marca
FC-1FFBB505,785118754242,Supratex levodropropizina jarabe 120 mL,Supratex,69,3,Respiratorio,generico
EQ-BEA463,7502209858305,Tamsulosina 0.4 mg C/30,beadvance,74.0,3,Medicamentos,generico
FC-03406600,7503003406600,Tela Adhesiva Impermeable Quirmex,Quirmex,44,3,Botiquín,marca
FC-03406501,7503003406501,Tela Adhesiva Impermeable Quirmex,Quirmex,28.0,3,Botiquín,marca
FC-83142308,0780083142308,Tempire (Paracetamol) gotas 100 mg/mL,Collins,32,3,Analgésico,generico
FC-58715555,7501058715555,Tempra Fen infantil ibuprofeno 200 mg/5 ml suspensión 100 ml,Tempra,238,3,Antiinflamatorio,marca
EQ-HIS075,7502213042325,Terfhicid 40 Caps 100 Mg,Farnmaceutica Hispanoamerica,74,3,Antibiótico,generico
FC-43493940,7501943493940,Toallitas húmedas Escudo,Escudo,19,3,Cuidado personal,marca
FC-43454873,7501943454873,Toallitas húmedas Huggies Cuidado Humectante,Huggies,45,3,Higiene,marca
FC-24900809,7506624900809,Tusilen adulto jarabe 118 ml,Tusilen,45,3,Medicamentos,marca
FC-D06E54FE,7503000422795,Valclan,Valclan,79,3,Antibiótico,generico
FC-01007250,7503001007250,Valclan 875 mg / 125 mg Caja con 10 tabletas Wandel,Wandel,80.0,3,Antibiótico,generico
FC-68902008,7501868902008,Venda Dibar 5 cm,Dibar,15,3,Botiquín,marca
FC-71889352,7501471889352,Vepiltax verapamilo 80 mg C/20 Tecnofarma,Vepiltax,47,3,Hipertensión,marca
FC-12225133,354312225133,Vitacilina ungüento,Vitacilina,47,3,Medicamentos,marca
FC-26291857,7502226291857,Vivradoxil 100 mg,Alpharma,47,3,Antibiótico,generico
EQ-SOF040,7502274791064,Vixgoplisol Levetiracetam 1000 mg C/30 Solfrán,Solfrán,176,3,Medicamentos,generico
FC-27870716,7502227870716,Vylkor ondansetrón 8 mg C/10,Vylkor,150,3,Gastro,marca
FC-00170941,6502400170941,XL-3 Xtra C/12,XL-3,55,3,Analgésico,marca
FC-70202023,7501370202023,Yoli enchinador de pestañas,Yoli,25,3,Cuidado personal,marca
FC-03440534,3616303440534,ADIDAS 150ML SPY CONTROL,Adidas,64,2,Otro,generico
FC-30018277,4015630018277,Accu-Chek Softclix lancetas 25 piezas,Accu-Chek,90,2,Dispositivo médico,marca
FMX-307574,759684154935,Aceite bebé Jaloma lavanda 120 ml,JALOMA,26,2,Cuidado personal,marca
FMX-301516,759684154881,Aceite bebé Jaloma manzanilla y caléndula 120 ml,JALOMA,26,2,Cuidado personal,marca
FC-313000513,7506313000513,Aceite de almendras dulces Madrid 125 ml,Madrid,39.5,2,Cuidado personal,marca
FC-082780246,7501082780246,Aceite para bebé Nuvel 250 ml,Nuvel,43,2,Cuidado personal,marca
FC-30000039,8907730000039,Acetif SI paracetamol solución inyectable 1000 mg/100 ml,Acetif SI,105.0,2,Analgésico,marca
FC-13000377,7506313000377,Acetona Madrid,Madrid,16,2,Cuidado personal,marca
FC-07457826,7501007457826,Acondicionador Pantene Brillo Extremo,Pantene,98,2,Higiene,marca
FC-01165321,7501001165321,Acondicionador Pantene Rizos Definid,Pantene,98,2,Higiene,marca
FC-37103545,7501537103545,Adinol solución infantil,Adinol,39,2,Analgésico,marca
FC-06247327,7501050624732,Afrin No Drip Descongestivo Nasal spray,BAYER,132,2,Respiratorio,marca
EQ-MAV204,7502009744358,Alderan Losartán 15 tab 100 mg,Maver,34.0,2,Hipertensión,marca
FC-27425022,7502227425022,Algidol 400 mg,Algidol,26,2,Analgésico,marca
FC-89100101,7501868910010,Algodón 200 g,Dibar,55,2,Botiquín,marca
FC-65655229,6855265655229,Alicata / set manicure económico mango colores,,38,2,Cuidado personal,marca
FC-070839,650240070839,Alliviax Garganta C/ 6tabletas,Alliviax,34.0,2,Antiinflamatorio,generico
EQ-COL258,0780083149055,Alzocid Tadalafil,Collins,50,2,Medicamentos,generico
FC-3B001F9B,7502216804661,Amlodipino,Amlodipino,25,2,Hipertensión,generico
FC-E4BE37BE,7851207548580,Atorvastatina,,43.0,2,Cardiovascular,generico
FC-49028913,7501349028913,Atorvastatina 40 mg Caja con 10 tabletas AMSA,AMSA,43,2,Cardiovascular,generico
FC-31301173,7506331301173,Autevazen levetiracetam 1 g,Autevazen,161,2,Medicamentos,generico
FC-45079011,7501054507901,Balsamo para Labios Labello Fresa,Labello,78,2,Cuidado personal,marca
FC-49028296,7501349028296,Bicalutamida AMSA 50 mg C/14 tabletas,AMSA,216.0,2,Medicamentos,generico
FC-73906469,7501573906469,Biobend bencidamina solucion bucal 360 mL,Biobend,64,2,Medicamentos,generico
FC-25301721,7501825301721,Biofilen atenolol 50 mg C/28 Degort's,Biofilen,48.0,2,Hipertensión,marca
FC-09745560,7502009745560,Bioxover Dropropizina,Maver,47,2,Respiratorio,generico
FC-58DB24C4,7502009747373,Bitenver,Bitenver,150,2,Otro,generico
FC-07859617,7503007859617,Blumen jabón líquido Kiwi 525 ml,Blumen,55,2,Cuidado personal,marca
FC-67905148,7506267905148,Blumen jabón líquido Kiwi Starfruit 221 ml,Blumen,27,2,Cuidado personal,marca
FC-67905131,7506267905131,Blumen jabón líquido cherry blossom,Blumen,27,2,Higiene,marca
FC-17515956,7501417515956,Bocasan Econopack polvo,Bocasan,77,2,Cuidado personal,marca
FC-41751594,7501417515949,Bocasan Premium enjuague bucal polvo menta 24 sobres 1.75 g,Bocasan,165,2,Higiene,marca
FC-06910913,714706910913,Broncolin Bicoestol pastillas cereza C/16,Broncolin,38,2,Respiratorio,marca
EQ-BRU016,7501537102586,Brulin (Dexametasona) 3 Fa 8mg/2 Ml,Bruluart,39,2,Medicamentos,generico
FC-65011649,7501165011649,Buscapina 10 mg 24 grageas,Buscapina,224,2,Gastro,marca
EQ-BRU029,7501537164638,Butifeno ketotifeno solución,Butifeno,32.0,2,Medicamentos,generico
FC-46698137,7509546698137,C D COLGATE LUMIN W COHIT BRILL 66MLN,Colgate,52,2,Higiene,generico
FC-46674018,7509546674018,C D COLGATE LUMIN WHIT CARBON 66ML,Colgate,52,2,Higiene,generico
FC-35911024,7501035911024,C D COLGATE MFP 125ML,Colgate,60,2,Higiene,generico
FC-11784180,7502211784180,Calaffler diclofenaco gotas 15 mg/ml Loeffler,Calaffler,53,2,Botiquín,marca
FMX-502046,637420223803,Calazin Suspension Topica C/180 Ml,SOLAR,59,2,Medicamentos,generico
FC-06500133,7501065001337,Caltrate 600 + D C/30,Caltrate,189,2,Vitaminas,marca
FC-8645080,7501318645080,Canesten V Crema 3 dias 20 g + 3 aplicadores,Canesten V,172,2,Medicamentos,marca
FC-46058979,7509546058979,Caprice algas spray 316 mL,Caprice,65,2,Cuidado personal,marca
FC-46058986,7509546058986,Caprice kiwi lavanda spray 316 mL,Caprice,65,2,Cuidado personal,marca
FC-09743993,7502009743993,Carnitina +B Naturex L-carnitina C/30 cápsulas,Naturex,95,2,Vitaminas,marca
FC-E6B50AC3,7502216805361,Celecoxib,Celecoxib,55,2,Antiinflamatorio,generico
FC-DB3B2584,7501537102982,Celesbitan,Celesbitan,28,2,Antiinflamatorio,generico
FC-10631207,7702010631207,Cepillo Dent Punta poderosa Medio 2 pack,Colgate,38,2,Higiene,marca
FC-86494262,7501086494262,Cepillo Oral-B Indicat,Oral-B,40,2,Higiene,marca
FC-35171038,7500435171038,Cepillo dental Oral-B 40 Suave 2Pz,Oral-B,44,2,Cuidado personal,marca
FC-60014445,3014260014445,Cepillo dental Oral-B Comple Sve 40 2X1,Oral-B,51,2,Cuidado personal,marca
FC-87543278,7851187543278,Ciclox 200 mg,Ciclox,63,2,Analgésico,generico
FC-52200809,7502225092486,Cina Levofloxacino 750 mg Caja con 7 tabletas Landsteiner,Landsteiner,47,2,Antibiótico,generico
FC-3CAA7C5C,7503004908820,Cinarizina,ALPHARMA,57.0,2,Otro,generico
FC-03406167,7503003406167,Cinta micropore Quirmex piel,Quirmex,22.0,2,Botiquín,marca
FMX-301139,7506484500539,Cintapore cinta microporosa 1.25 cm x 5 m piel,CINTAPORE,10,2,Higiene,marca
FC-10003409,7803510003409,Ciruelax Forte,Ciruelax,195,2,Gastro,marca
FC-95337454,7506295337454,Clearblue Digital prueba de embarazo con indicador de semanas,Clearblue,240,2,Pruebas,marca
FC-CF18C740,7501349020788,Clindamicina,AMSA,59,2,Antibiótico,generico
EQ-AMS132,7501349020122,Clonixinato de lisina AMSA 5 amp 100 mg/2 mL,AMSA,47.0,2,Medicamentos,generico
FC-09762446,7501109762446,Colchiquim 1 mg,Colchiquim,58,2,Medicamentos,generico
FC-66888171,7509546688817,Colgate Max Clean Frescura y Limpieza,Colgate,32,2,Higiene,marca
FC-46666969,7509546666969,Colgate Total Prevención Activa Encías Saludables,Colgate,73,2,Higiene,marca
FC-46068558,7509546068558,Colgate cepillo dental,Colgate,58,2,Cuidado personal,marca
FC-46079493,7509546079453,Colgate cepillos dentales (pack),Colgate,39,2,Cuidado personal,marca
FC-25139543,7501125139543,Combesteral,Combesteral,355,2,Hormonas,generico
FC-36040450,0378360404500,Crema Grisi concha nácar para manos,Grisi,55,2,Cuidado personal,marca
FC-42360537,42360537,Crema Nivea Aclar Nat P/Mano 75Ml Mar27,Nivea,67,2,Cuidado personal,marca
FC-42417644,42417644,Crema Nivea Cuidado Int P/Mano,Nivea,62,2,Cuidado personal,marca
FC-40170133,7794640170133,Crema dental Sensodyne Repar-Prot 100G,Sensodyne,154,2,Cuidado personal,marca
FC-03476594,7702003476594,Curitas Transpiel C/100,Curitas,48,2,Botiquín,marca
FC-03477270,7702003477270,Curitas parche para callos C/6,El Gallo,80,2,Botiquín,marca
FC-21187575,7502221187575,DESOD BRUT DEEPBLUE 48HR SPY150ML,Brut,68,2,Otro,generico
FC-18913954,7702018913954,DESOD GTTE 3X CL WAVE R-ON 60G OCT26,Gillette,41,2,Otro,marca
FC-82731071,7501082731071,DESOD NUVEL TROPIC WOM SPY 170 ML,Nuvel,45,2,Otro,generico
FC-78926523,78926523,DESOD REXONA WOM AEMOT R-ON 50G,Rexona,36,2,Higiene,generico
FC-78924345,78924345,DESOD REXONA WOM BAMBOO R-ON 50ML,Rexona,36,2,Higiene,generico
FC-46029139,7509546029139,DESOD SPEED S 24/7COOL-NIG STIK 85G,Speed Stick,72,2,Otro,generico
EQ-NOV006,7501075711035,Debisor sublingual 5 mg C/20 Novag,Debisor,85,2,Medicamentos,marca
FC-54221482,7501385491146,Deeflamox Plus,Deeflamox,100,2,Antibiótico,generico
FC-85491139,7501385491139,Deflamox Plus,Deflamox,150,2,Antibióticos,marca
FC-29670370,7501825304562,Degortzin,Degortzin,58,2,Alergia,generico
FC-93025803,7791293025803,Desodorante Axe Men Excite Spy 150Ml,Axe,58.0,2,Cuidado personal,marca
FC-27286017,7501027286017,Desodorante Obao Classic (Hombre),Obao,37,2,Higiene,marca
FC-55280956,7509552780956,Desodorante Obao Men Tattoo Rebel (Hombre),Obao,35,2,Higiene,marca
FC-52844825,7509552844825,Desodorante Obao Ritual Natural Coco (Mujer),Obao,35,2,Higiene,marca
EQ-RAD092,7501563380408,Dextrometorfano 1 Jbe 300 Mg/120 Ml,Randall,22,2,Respiratorio,generico
FC-27424995,7502227424995,Difenhidramina 25 mg,Gelpharma,32,2,Medicamentos,generico
EQ-BRL053,7502208892638,Direpasid (Metoclopramida) 20 Tab 10 Mg,Bruluart,15,2,Gastro,generico
FC-11784241,7502211784241,Doflatem diclofenaco suspensión 120 ml,Doflatem,118,2,Antiinflamatorio,marca
FC-30042152,7501300421524,Dolac ketorolaco 10 mg C/10 cápsulas,Dolac,125,2,Analgésico,marca
EQ-COL226,780083148805,Dolprofen 10 Tab 800 Mg,Collins,36,2,Antiinflamatorio,generico
EQ-MAV028,7502009740176,Dolxen naproxeno 250 mg C/20 Maver,Dolxen,28,2,Antiinflamatorio,marca
FC-F48-DOVEMEN,75076719,Dove Men desodorante Invisible,Dove,62,2,Higiene,marca
FC-06241152,7506306241152,Dove antitranspirante aerosol Tono Uniforme Caléndula 150 ml,Dove,75,2,Higiene,marca
FC-24028827,7891024028827,ENJ BUC COLGATE TOTAL12 CLEAN 60ML,Colgate,18.5,2,Higiene,generico
FC-24027363,7891024027363,ENJ BUC PLAX ICE INFINITY 60ML,Colgate,18.5,2,Higiene,generico
FC-25149221,7501125149221,Electrolit Fresa-Kiwi,Electrolit,25,2,Hidratación,marca
FC-53008221,855553008221,Encendedor desechable Riegel,Riegel,12,2,Botiquín,marca
FC-24030813,7891024030813,Enjuague bucal Colgate Sens Pro-Aliv 250Ml,Colgate,79,2,Cuidado personal,marca
FC-79807468,3664798074680,Enterogermina 2 billones C/10 ampolletas 5 ml,Enterogermina,250,2,Gastro,marca
FC-11783787,7502211783787,Erbitrax-T terbinafina 250 mg C/28,Erbitrax-T,180,2,Medicamentos,generico
EQ-MAV295,7502009746239,Erispan Comp 10 Tab 5/0.25 Mg,Maver,14,2,Alergia,generico
EQ-MAV187,7502009744129,Erispan Compuesto 1 Sol 5/100mg/60 Ml,Maver,50,2,Alergia,generico
FC-25605514,7506425605514,Escudo Antibacterial Frescura,Escudo,14,2,Higiene,marca
FC-43489004,7501943489004,Escudo Rosa Cuidado,Escudo,10,2,Higiene,marca
FC-25629442,7506425629442,Escudo antiséptico spray 200 ml,Escudo,60,2,Otro,generico
EQ-MAV415,7502009749292,Esomeprazol 28 Tab 40 Mg,Maver,160,2,Gastro,generico
FC-25300366,7501825300366,Espabion (Trimebutina)  gotas,Degort's Chemical,42,2,Botiquín,generico
FC-69200108,7501369200108,Estomaquil Exper3 suspensión 240 ml,Estomaquil,105,2,Gastro,marca
FC-69200085,7501369200085,Estomaquil polvo 3 g C/10 sobres,Higia,74,2,Gastro,marca
EQ-SON237,7502001165328,Expicin 25 Caps 500 Mg,SON'S,48,2,Antibiótico,generico
EQ-LOE131,7502211789284,Faribrox Tm Inf 1 Jbe 150/113mg/100/150,Loeffler,38,2,Respiratorio,generico
EQ-HIS081,7502213042738,Farmarest Salbut 1 Susp/Aer 200do/125,Hispanoamericana,55,2,Respiratorio,generico
FC-83144807,0780083144807,Fazolin (Nafazolina) solución oftálmica 1 mg/mL,Collins,37,2,Botiquín,generico
FC-83146207,7800831462076,Fazolin F,Fazolin,40,2,Medicamento,generico
EQ-SON247,7502001166110,Femitab clindamicina/ketoconazol,Femitab,102.0,2,Medicamentos,generico
EQ-RAM015,7502227871065,Fermig Sumatriptán 50 mg C/2 RAAM,RAAM,79,2,Medicamentos,generico
FC-49027060,7501349027060,Fexofenadina 120 mg C/10 AMSA,AMSA,56,2,Alergia,generico
FC-49025059,7501349025059,Fexofenadina 180 mg C/10 AMSA,AMSA,77,2,Alergia,generico
FC-08499412,7501008499412,Flanax 660 mg 8 tabletas,Flanax,279,2,Antiinflamatorio,marca
FC-40028335,650240028335,Gargax benzocaína 2.5% solución bucofaríngea 60 ml,Genomma,150,2,Medicamentos,marca
FC-42641074,3600542641074,Garnier Pure Active Pimple Patch 22 parches,Garnier,160,2,Cuidado personal,marca
FC-99428024,7501199428024,Gel Moco de Gorila Punk,Moco de Gorila,40.0,2,Cuidado personal,marca
FC-14119032,7503014119032,Gelimedic jabon de azufre con miel 80 g,Gelimedic,25,2,Higiene,marca
FC-40036354,6502400363548,Genoprazol tabletas C/7,Genoprazol,40,2,Gastro,generico
FC-58651129,7501058651129,Gerber Junior pouch frutas mixtas,,17,2,Bebés,marca
FC-428A228F,780083140663,Gimalxina,Collins,38.0,2,Antibiótico,generico
FC-35162586,7500435162586,Head & Shoulders protección caída shampoo 650 mL,Head & Shoulders,154.0,2,Higiene,marca
FC-25304142,7501825304142,Hidrigort (Difenhidramina) 50 mg,Degort's Chemical,18,2,Medicamentos,generico
EQ-ALP0120,7502226291871,Hidropharm clortalidona 50 mg C/30 Alpharma,Hidropharm,27,2,Hipertensión,marca
FC-42302401,070942302401,Hilo dental Gum Expanding 40 Mts,GUM,81.0,2,Cuidado personal,marca
FC-49022492,7501349022492,Irbesartán 150 mg 28 tabletas LGEN,,150,2,Hipertensión,generico
FC-16804708,7502216804708,Irbesartán 150 mg frasco 28 tabletas LGEN,,162,2,Hipertensión,generico
FC-40004643,6502400046434,Jabon Asepxia Exfoliante,Asepxia,49.5,2,Higiene,marca
FC-43418349,7501943418349,Jabón Kbb Max Mznll-Aloe Vera 75G,KBB,17,2,Cuidado personal,marca
FC-84900204,759684900204,Jaloma Agua de Rosas 250 ml,Jaloma,45,2,Otro,generico
FC-84154058,759684154058,Jaloma Bebé vaselina lavanda 60 g,Jaloma,25,2,Cuidado personal,marca
FC-84273094,759684273094,Jaloma Kiuts hisopos biodegradables C/50,Jaloma,14,2,Botiquín,marca
FC-CM-84900280,759684900280,Jaloma agua de rosas spray 130 ml,Jaloma,25,2,Cuidado personal,marca
FC-84431234,759684431234,Jaloma manzanilla toallitas,Jaloma,24.0,2,Higiene,marca
FC-22301789,7506022301789,Jeringa Sensimedical 3 mL azul C/100,Sensimedical,200.0,2,Botiquín,marca
FC-07501031,7501007501031,Johnson's Baby jabón neutro,Johnson's,19.0,2,Cuidado personal,marca
FC-08011145,7501080111455,Just For Men tinte barba y bigote negro,Just For Men,228,2,Cuidado personal,marca
FC-25108761,3614225108761,KOLESTON BORGOÑA INTENSO 466,,68,2,Otro,marca
FC-25108747,3614225108747,KOLESTON CASTAÑO 40,,68,2,Otro,marca
FC-25108877,3614225108877,KOLESTON RUBIO MEDIO 70,,68,2,Otro,marca
FC-49029040,7501349029040,Ketorolaco / Tramadol solución inyectable 10 mg - 25 mg / 1 mL AMSA,AMSA,350,2,Analgésico,generico
FC-25601790,7506425601790,Kimbies Durazno Aloe toallitas,Kimbies,19.0,2,Higiene,marca
FC-19434762,7501943476271,Kleenex pañuelos faciales bote 50 pzas,Kleenex,40,2,Higiene,marca
FC-43411449,7501943411449,Kotex Maxi Nocturna con alas C/10,Kotex,26.0,2,Higiene,marca
FC-25625536,7506425625536,Kotex Unika tampones regular C/12,Kotex,41.0,2,Cuidado personal,marca
FC-F48-LAC400,8410190585997,Lactovit crema corporal 400 ml,Lactovit,101.0,2,Cuidado personal,marca
FC-40072925,650240072925,Lakesia solución 3 ml,Lakesia,186,2,Cuidado personal,marca
EQ-MAV176,7502009742798,Laritol EX Maver loratadina/ambroxol solución 30 mL,Maver,27.0,2,Botiquín,marca
FC-51078461,7506475107846,Leche en polvo NAN Optimal Pro 1/ 0 a 6 M,Nestle,76.5,2,Abarrotes,marca
FC-C721E8D7,7501349021419,Levofloxacino 500 mg Caja con 7 tabletas,AMSA,31,2,Antibiótico,generico
EQ-QUI127,7501644707490,Levonorgestrel / Etinilestradiol 0.15/0.03 mg C/28,Quifa,39,2,Hormonales,generico
EQ-SON084,7502001161597,Lisonin 1 amp 300 mg/1 ml,SON'S,43.0,2,Medicamentos,marca
FC-10974329,7891010974329,Listerine Cool Mint Zero 250 ml,Listerine,69,2,Higiene,marca
FC-31887928,7702031887928,Listerine Cuidado Total Zero 250 ml,Listerine,77,2,Higiene,marca
FC-LV-GNO016,6502400291650,Lomecan Duo 3 óvulos y crema 200 mg,Genomma Lab,215,2,Medicamentos,marca
FC-08491041,7501008491041,Lotrimin Power spray,Lotrimin,113.0,2,Dermatología,marca
FC-24227339,7502224227339,Loxcel adulto,Loxcel,95,2,Otro,marca
FC-73906407,7501573906407,Lozamir-V (Clotrimazol) crema 2% con 3 aplicadores,Biomep,37,2,Medicamentos,generico
FC-F48-LUBA400,7702031244554,Lubriderm Aqua crema humectante 400 ml,Lubriderm,108,2,Cuidado personal,marca
FC-F48-LUB750,7702031311218,Lubriderm Reparación Intensiva crema 750 ml,Lubriderm,170,2,Cuidado personal,marca
EQ-COD060,7503028771400,Maracina Bencidamina,Suanca,41,2,Medicamentos,generico
FMX-303280,7502274792115,Melnotex Tabletas 5 Mg C/20,SOLFRAN,64,2,Medicamentos,generico
EQ-AVT213,7502209858046,Menflixil 14 Tab 7.5 Mg,Avitus,9,2,Antiinflamatorio,generico
FC-5D59ED54,3311000000776,Mercurio Cloruro De Magnesio Cajita,Mercurio,30,2,Herbolario,marca
FC-C4530823,3311000000936,Mercurio óxido de zinc C/50,Mercurio,54,2,Herbolario,marca
EQ-ALP0628,7502226293776,Metamizol Sódico 3 Amp 1g/2 Ml,Alpharma,31,2,Analgésico,generico
FC-04908776,7503004908776,Metformina Alpharma 850 mg C/30,Alpharma,30.0,2,Diabetes,generico
EQ-LOE111,7502211788843,Metronidazol Cent Nitro 12 Óvulos 300 Mg,Loeffler,184,2,Medicamentos,marca
FC-77602203,7501877602203,Miyako muñequera tipo guante izquierda neopreno mediana,Miyako,100,2,Botiquín,marca
FC-49028036,7501349028036,Mometasona AMSA suspensión nasal 0.05% 18 ml,AMSA,179,2,Respiratorio,generico
FC-01162365,7502001162365,Mornin (Omeprazol) 40 mg C/7 SON'S,Son's,25,2,Gastro,generico
FC-46655055,7509546655055,Mousse Caprice Volum-Cirl,Caprice,70,2,Higiene,marca
FC-73902966,7501573902966,Nafich (Terbinafina) crema 1%,Biomep,21,2,Medicamentos,generico
FC-9892403,7502259892403,Naturex citrato de magnesio y lecitina de soya C/30,Naturex,85,2,Producto,generico
FC-08837311,4005808837311,Nivea Antitransp Pearlb Spray,Nivea,91.0,2,Cuidado personal,marca
FC-5D9DFA3D,7851207554970,Norquinol,Norquinol,79.0,2,Antibiótico,generico
FC-01163983,7501001163983,Old Spice Fresh barra desodorante,Old Spice,64.0,2,Higiene,marca
FC-00204798,7503002047958,Omelina Gel Omega 3-6-9 linaza orgánica C/60,Omelina,125,2,Suplemento,generico
FC-16803800,7502216803800,Omeprazol Avivia,Avivia,59,2,Gastro,generico
EQ-INN022,008400005656,Optimila-H Grin gotas 15 mL,Grin,69,2,Botiquín,marca
FC-46695570,7509546695570,Optims Extra Suavidad crema para peinar,Palmolive,48,2,Cuidado personal,marca
FC-35258166,7500435258166,Oral-B Frescura Duradera pasta dental 66 ml,Oral-B,29.5,2,Higiene,marca
FC-35127363,7500435127363,Oral-B Kids Mickey pasta dental,Oral-B,32.0,2,Cuidado personal,marca
FC-35137737,7500435137737,Oral-B Kids Princess pasta dental,Oral-B,32.0,2,Cuidado personal,marca
FC-60279264,3014260279264,Oral-B Stages cepillo dental infantil 3+ Disney/Pixar,Oral-B,65.0,2,Cuidado personal,marca
FC-06719932,7501006719932,Oral-B cepillo dental Complet mediano 2×1,Oral-B,40,2,Higiene,marca
FC-18132592,761318132592,PEINES REVLON SALON CARBON 2PK,Revlon,72,2,Otro,generico
EQ-GEN062,7501842951657,Pakid Genética paracetamol/ibuprofeno 20 tab 325/200 mg,Pakid,45.0,2,Antiinflamatorio,marca
EQ-COL080,780083140076,Pasmodil 1 Fa 250/20 Mg,Collins,53.0,2,Analgésico,marca
FC-33956690,7501033956690,Pedialyte SR45 fresa 500 mL,Pedialyte,30.5,2,Bebidas,marca
FC-ND-33956294,7501033956294,Pediasure Plus líquido vainilla 237 mL,Pediasure,59.5,2,Suplemento,marca
FC-B4477A00,7503000422757,Pentibroxil,Pentibroxil,57,2,Antibiótico,generico
FC-7AA38F97,7503000422696,Pentiver,Pentiver,52.0,2,Antibiótico,generico
FC-35131834,7500435131834,Pepto-Bismol masticable C/12,Pepto-Bismol,65,2,Gastro,marca
FC-20500164,810120500164,Pert crema para peinar kera + aguacate 100 ml,Pert,19,2,Cuidado personal,marca
FC-98027525,3664798027525,Pharmaton Woman 50+ cápsulas C/30,Pharmaton,250,2,Vitaminas,marca
EQ-SON204,7502001162693,Phendex Otico 1 Susp 2/10/50mg/10 Ml,SON'S,49,2,Antibiótico,generico
FC-IFC-PINZACH,7501370204584,Pinza depilar Lady chica,Lady,12.0,2,Cuidado personal,marca
FC-48640676,7501048640676,Protec bandas adhesivas tela elástica 22 mm,Protec,59,2,Botiquín,marca
FC-48621408,7501048621408,Protec torundas de algodón 150 bolitas,Protec,32,2,Botiquín,marca
FC-4980275,7502214980275,Prudence Edición Especial Soda C/3,Prudence,50,2,Higiene,marca
FC-8421321,7501008409527,Redoxon 1g Naranja,Redoxon,158,2,Vitaminas,marca
FC-84471476,759684471476,Repelente de Insectos Jaloma Bio Clap,Jaloma,65.0,2,Cuidado personal,marca
FC-F48-REXGEL,75072896,Rexona Xtracool desodorante gel 80 g,Rexona,85,2,Higiene,marca
FC-36050725,037836050725,Ricitos de Oro Bio-Pure,Ricitos de Oro,29,2,Bebés,marca
FC-60415940,0378360415940,Ricitos de Oro colonia avena y vainilla,Ricitos de Oro,30,2,Cuidado personal,marca
FC-60405354,0378360405354,Ricitos de Oro crema corporal lavanda,Ricitos de Oro,28,2,Cuidado personal,marca
FC-53601247,7502253601247,Rinomar Agua Isotonica,Rinomar,110,2,Respiratorio,generico
FC-84543983,7501384543983,Risperidona 2 mg,Alpharma,100.0,2,Medicamentos,generico
EQ-VIT055,7502227426869,Rotumal Gel,Gelpharma,37,2,Antiinflamatorio,generico
FC-58215947,7501258215947,Ruquimax hidroxicloroquina 200 mg C/20,Ruquimax,266.0,2,Medicamentos,generico
FC-73909859,7501573909859,Sarox (Omeprazol) 20 mg,Biomep,25,2,Gastro,generico
FC-25407283,7502254072831,Seda Pure Brillo Keratin sílica spray 125 ml,Seda Pure,75,2,Cuidado personal,marca
FC-40171550,7794640171550,Sensodyne Rápido Alivio 100 g,Sensodyne,147,2,Higiene,marca
FC-95148679,7506195148679,Shampoo H&S 2 En 1 Sve-Man 90Ml,Head & Shoulders,19.0,2,Cuidado personal,marca
FC-35258425,7500435258425,Shampoo H&S 90Ml Romero Anti Caida C24,Head & Shoulders,22,2,Cuidado personal,marca
FC-95148686,7506195148686,Shampoo H&S Limp Renov 90Ml,Head & Shoulders,20,2,Cuidado personal,marca
FC-F817BC3A,7502009746093,Sibicos,Sibicos,49,2,Antibiótico,generico
FC-87932321,7501058793232,Sico lubricante cereza 50 ml,SICO,145,2,Higiene,marca
FC-14703227,7501314703227,Sies hidrosmina 200 mg C/20,Sies,518,2,Medicamentos,marca
FC-45720116,7502245720116,Silkhair Nja 60Ml Silica,Sílice,27.0,2,Cuidado personal,marca
EQ-MAV201,7502009744570,Sinfonil oxcarbazepina 300 mg,Sinfonil,122.0,2,Medicamentos,generico
FC-09749063,7502009749063,Sol Sun protector solar facial crema hidratacion profunda,Sol Sun,95,2,Cuidado personal,marca
FC-37102449,7501537102449,Soltrim sulfametoxazol/trimetoprima 80/400 mg C/20,Soltrim,25,2,Antibiótico,marca
FC-80912083,7501080912083,Sterimar solución nasal 50 ml,Sterimar,184,2,Medicamentos,marca
FC-25618200,7506425618200,Suavelastic Vitta E toallitas,Suavelastic,40,2,Higiene,marca
FC-33961373,7501033961373,Suero Pedialyte Sr fresa,Pedialyte,30.5,2,Hidratación,marca
FC-40032264,6502400322644,Suerox 8 Iones Eresa-Kiwi 630 ML,Suerox,20.0,2,Hidratación,marca
FC-40032295,6502400322958,Suerox 8 Iones Mora Azul 630 ML,Suerox,20.0,2,Hidratación,marca
FC-40074455,6502400744552,Suerox 8 Iones Uva Mora Azul 630 ML,Suerox,20.0,2,Hidratación,marca
FC-00801668,6502400801668,Suerox Mineral fresa kiwi,Suerox,22,2,Bebidas,generico
FC-01311055,7501101311055,Super Wet 250Gr Gel Fij Plus Invis,Super Wet,18.0,2,Cuidado personal,marca
EQ-NUC034,7506353200645,Tefilinb 28 Tab 2 Mg,Nucitec,57,2,Medicamentos,generico
EQ-AMS221,7501349025806,Telmisartán 28 Tab 80 Mg,AMSA,83,2,Hipertensión,generico
FC-95452178,7501095452178,Tempra infantil paracetamol 80 mg C/30,Tempra,122,2,Analgésico,marca
FC-60101002,7506460101002,TempraFen ibuprofeno 400 mg C/10,TempraFen,85,2,Antiinflamatorio,marca
FC-86708021,7501048670802,Termómetro Digital Protec,Protec,65,2,Botiquín,marca
FC-26462092,7501026462092,Ternura 18 Pzs Chupon Ortodontico,Ternura,98,2,Bebé,marca
FC-42003059,3662042003059,Thealoz Duo,Thealoz Duo,650,2,Oftálmico,marca
EQ-MAV364,7502009748035,Tinitrend Maver tretinoína crema 0.05% 30 g,Maver,53.0,2,Medicamentos,marca
EQ-MAV375,7502009747410,Tinitrend Maver tretinoína crema 0.05% 40 g,Maver,66.0,2,Medicamentos,marca
EQ-EXA040,75050740,Tobramicina solución oftálmica 3 mg/mL 15 mL OPKO,OPKO,97,2,Botiquín,generico
FC-70612368,7501070612368,Treda antidiarreico C/20,Treda,175,2,Gastro,marca
EQ-RAD097,7501563380415,Tretinoína Randall crema 0.05% 20 g,Randall,18.0,2,Medicamentos,generico
FC-09749469,7502009749469,Tribenósido 5% / lidocaína 2% crema rectal 30 g,Maver,105,2,Gastro,generico
FC-65054029,7501065054029,Tums surtido tabletas masticables C/48,Tums,105,2,Gastro,marca
EQ-LIO148,7501299309278,Tusigen NF ambroxol/dextrometorfano C/20 Liomont,Tusigen NF,90,2,Respiratorio,marca
FC-75354321,7501007535432,Tylenol paracetamol 500 mg C/10,Tylenol,67.0,2,Analgésico,marca
FC-10008809,7501100088095,Tylenol paracetamol 500 mg C/20,Tylenol,121,2,Analgésico,marca
FC-09744440,7502009744440,Valtrover G montelukast granulado 4 mg C/10,Valtrover G,85,2,Respiratorio,marca
FC-00331318,6502400331318,Vanart Hierbas shampoo,Vanart,34.0,2,Cuidado personal,marca
FC-35246293,7500435246293,Vick Drops caramelo mentol pastillas,Vick,48,2,Botiquín,marca
FC-35246286,7500435246286,Vick Drops caramelo mentol pastillas (lote B),Vick,48.0,2,Botiquín,marca
FC-95102640,7506195102640,Vick Pyrena manzana jarabe,Vick,99.0,2,Medicamentos,marca
FC-02037843,7590002037843,Vick Pyrena miel jarabe,Vick,113.0,2,Medicamentos,marca
FC-50340255,7502250340255,Vitacilina Bebé,Vitacilina,104.0,2,Cuidado personal,marca
FC-12225164,3543122251648,Vitacilina Bebé Pomada,Vitacilina,68,2,GENERAL,marca
FC-50343102,7502250343102,Vitacilina Facial Melatonina,Vitacilina,150,2,Otro,generico
FC-12225140,354312225140,Vitacilina ungüento,Vitacilina,32,2,Medicamentos,marca
EQ-ALP0241,75017156,Vivradoxil doxiciclina 100 mg C/10,Alpharma,47.0,2,Medicamentos,generico
FC-759A5EF9,7502240450773,Wermy,Wermy,65.0,2,Otro,generico
FC-40450902,7502240450902,Wernicros oseltamivir 75 mg C/10,Wernicros,199,2,Antiviral,marca
FC-46505283,7501846505283,Xiomara Cera Mate 60 g,Xiomara,48,2,Cuidado personal,marca
FC-46506181,7501846506181,Xiomara Cera modeladora profesional 100 g,Xiomara,98,2,Cuidado personal,marca
FC-46504569,7501846504569,Xiomara Wax & Shine Telaraña 60 g,Xiomara,48,2,Cuidado personal,marca
FC-24901059,7506624901059,beadvance Senósidos A-B 8.6 mg,Novag,18,2,Medicamentos,generico
FC-46000553,7501446000553,A.F. Valdecasas ácido fólico 5 mg 50 tabletas,Valdecasas,60,1,Vitaminas,marca
FC-03441173,3616303441173,ADIDAS 150ML SPY DYNAMIC PULSE,Adidas,64,1,Otro,generico
FC-03842550,3616303842550,ADIDAS 150ML SPY FRESH ENDURANCE,Adidas,64,1,Otro,generico
FC-03441302,3616303441302,ADIDAS 150ML SPY TEAMFORCE,Adidas,64,1,Otro,generico
FC-52900247,7506552900247,ALMOHADILLAS DE ALGON QUIRMEX,,53,1,Otro,generico
FC-17372751,7501017372751,Absorsec Grande,Absorsec,186.0,1,Higiene,marca
FC-30064076,4015630064076,Accu-Chek Active,Accu-Chek,349.0,1,Diabetes,marca
FC-30082988,4015630082988,Accu-Chek Active Glucómetro,Accu-Chek,623.0,1,Dispositivo médico,marca
FC-30083855,4015630083855,Accu-Chek Instant,Accu-Chek,399.0,1,Diabetes,marca
FC-30018239,4015630018239,Accu-Chek Softclix,Accu-Chek,156,1,Diabetes,marca
FC-28017051,7502280170501,Aceite de almendras dulces Flor de Aire 125 ml,Flor de Aire,32,1,Cuidado personal,marca
FC-84431050,7596844310502,Acetona Jaloma chico,Jaloma,20,1,Cuidado personal,marca
FC-84437151,7596844371510,Acetona Jaloma mediano,Jaloma,30,1,Cuidado personal,marca
FC-1BF03D35,7503004908721,Acetonido De Fluocinolona Cma,Acetonido,30,1,Producto,generico
FC-FD845E68,7501349028791,Aciclovir,Aciclovir,130,1,Antibiótico,generico
FC-52992304,7509552992304,Acondicionador Elvive Colageno 370Ml,Elvive,92,1,Cuidado personal,marca
FC-85BDBD3D,7502001169296,Acroxil-C,Acroxil-C,42,1,Antibiótico,generico
FC-05965071,7502001163775,Acroxil-C,Acroxil-C,37,1,Antibiótico,generico
FC-14701957,7501314701957,Adel suspensión 250 mg / 5 mL 60 mL,Senosiain,875,1,Antibiótico,marca
FC-03842420,3616303842420,Adidas Power Booster spray 150 ml,Adidas,64,1,Otro,generico
FC-65013767,7501065013767,Advil ibuprofeno 200 mg C/12,Advil,60,1,Antiinflamatorio,marca
FC-08763468,7501108763468,Advil ibuprofeno 200 mg C/20 cápsulas,Advil,85,1,Antiinflamatorio,marca
FC-08499795,7501008499795,Afrin No Drip Niños suspensión nasal 15 ml,Afrin,122.0,1,Respiratorio,marca
EQ-QUI139,7501109769063,Agecaps minoxidil hombre 5% solución 60 mL,Agecaps,220,1,Cuidado personal,marca
FC-00173108,4006000173108,Agua micelar Nivea Derma Skin 400Ml N,Nivea,144,1,Cuidado personal,marca
FC-00273839,4006000273839,Agua micelar Nivea Luminou Glow 400Mln,Nivea,143,1,Cuidado personal,marca
FC-00068565,4006000068565,Agua micelar Nivea Reparadora 400Ml,Nivea,149,1,Cuidado personal,marca
FC-52400267,7506452400267,Ajolotius Jarabe Elderberry,Ajolotius,99.0,1,Herbolario,marca
FC-62746643,7500462746643,Ajolotius menta eucalipto pastillas,Ajolotius,30,1,Herbolario,marca
FC-DF39BB27,7501590281105,Alevarin cápsulas C/45,Alevarin,105,1,Otro,marca
FC-8505003,7501088505003,Alin Dexametasona 8 mg/2 mL amp,Chinoin,80,1,Antibiótico,marca
FC-84999001,7501008499900,Alka-Seltzer,Alka-Seltzer boost,205,1,Gastro,marca
FC-65006386,7501165006386,Allegra D fexofenadina/fenilefrina 60/25 mg C/10,Allegra,390,1,Alergia,marca
FC-65006171,7501165006171,Allegra suspensión 6 mg/mL 150 mL,Allegra,490,1,Alergia,marca
FC-00503982,6502400503982,Alliviax 550 mg,Alliviax,130,1,Analgésico,marca
FC-ACA2A2F6,7501342804309,Alopurinol 300 mg,beadvance,35,1,Otro,generico
FC-F4E9C71F,7501349021839,Amoxicilina,AMSA,40,1,Antibiótico,generico
FC-49021570,7501349021570,Amoxicilina 500 mg Caja con 12 cápsulas,AMSA,37,1,Antibiótico,generico
FC-88508929,7501088508929,Anara,Anara,197,1,Otro,marca
FC-70613006,7501070613006,Andantol isotipendilo 4 mg C/20,Andantol,199,1,Medicamentos,marca
FC-D751525D,7502009744105,Animalin fórmula líquida 30 mL,Animalin,56,1,Vitaminas,generico
FC-45307181,7501054530718,Arnica León Parche,Arnica,95,1,Herbolario,generico
EQ-VAL063,7501122960201,Arretin tretinoína crema 0.05% 30 g,Arretin,310,1,Medicamentos,marca
FC-40074691,6502400746914,Asepxia jabón suavizante,Asepxia,63.0,1,Cuidado personal,marca
FC-40032431,650240032431,Asepxia polvo compacto Canela,Asepxia,175,1,Cuidado personal,marca
FC-17376CAE,7502001162976,Aspitak-P,Aspitak-P,33,1,Analgésico,generico
EQ-MAV358,7502009746178,Avattor 30 Comp 20 Mg,Maver,165,1,Medicamentos,generico
FC-93025919,7791293025919,Axe Excite spray 152 ml,Axe,89,1,Higiene,marca
FC-45116656,074451166561,Baby Einstein Neptune's Busy Bubbles juguete sensorial Ocean Explorers,Baby Einstein,250.0,1,Otro,marca
FC-01166578,7502001166578,Baby Son's pomada dexpantenol 5 g/100 g,Química Son's,35,1,Medicamentos,generico
FC-00450210,7501300450210,Bactrim F 800/160 mg,Bactrim,400,1,Medicamentos,marca
FC-45045281,7501054504528,Balsamo Para Labios Labello Hidro Care,Labello,80,1,Cuidado personal,marca
FC-90031475,4005900314758,Balsamo para Labios Labello Mora,Labello,80,1,Cuidado personal,marca
FC-08871274,7502308871274,Baumanómetro digital de muñeca HomeCare KF-75D Plus,HomeCare,552,1,Dispositivo médico,marca
FC-28833707,7501342802954,Beadvance Levofloxacino 500 mg Caja con 7 tabletas,Beadvance,31,1,Antibiótico,generico
FC-85103015,6195851030154,Bebin Super toallitas húmedas C/40,Bebin Super,18,1,Higiene,marca
FC-85800198,6195858001980,Bebin Super toallitas húmedas C/80,Bebin Super,35,1,Higiene,marca
FMX-302206,7502009748011,Belapiel/Golpes Ungüento C/75 Gr,BELA PIEL,30,1,Herbolario,generico
FMX-302287,7502009748196,Belapiel/Piernas-Cansadas Crema C/200 Gr,ORIGEN NATURAL,86,1,Medicamentos,generico
FC-20084520,8429420084520,Bexident Post colutorio 250 ml,Bexident,548,1,Cuidado personal,marca
FC-20084674,8429420084674,Bexident Post gel tópico 25 ml,Bexident,349,1,Cuidado personal,marca
FC-30736580,070330736580,Bic Flex 3 Bl C/2 Oferta 15%,BIC,65.0,1,Cuidado personal,marca
FMX-300591,759684471452,Bio-Clap-Repelente Spray C/60 Ml,JALOMA,29,1,Higiene,marca
FC-6898B64F,7502226292182,Bioerter Eritromicina Suspensión,Neolpharma,70,1,Alergia,generico
FC-1041884,7503181041884,Biomiral Pleniform 40 isoflavonas soya C/30,Biomiral,101.0,1,Suplemento,generico
FMX-302138,7502259892144,Biotina-Naturex Capsulas C/30,Naturex,120,1,Vitaminas,generico
FC-90910182,7501390910182,Biotrefón L cobamamida 1000 mcg polvo C/12 sobres,Biotrefón L,375,1,Vitaminas,marca
FC-79071241,7501037907124,Bisolvon Infantil,Bisolvon,179,1,Respiratorio,marca
FC-7907117,7501037907117,Bisolvon Solucion Adulto 120 ml,Bisolvon,175,1,Respiratorio,marca
FC-08944385,4005808944385,Bloqueador Nivea Sunkids 150ML,Nivea,350,1,Cuidado personal,marca
FC-07859624,7503007859624,Blumen jabón líquido Coconut Paradise 525 ml,Blumen,55,1,Cuidado personal,marca
EQ-COL016,0780083139575,"Bonazin Meclozina, Piridoxina, Lidocaína",Collins,43,1,Medicamentos,generico
FC-46604498,7506346604498,Botiquin Kohn Primeros Auxilios,Kohn,135,1,Botiquín,marca
FC-50003314,714706800900,Bronco Rub ungüento 40 g,Bronco Rub,36,1,Respiratorio,generico
FC-06910487,714706910487,Broncolin Bicoestol pastillas eucalipto C/16,Broncolin,38,1,Respiratorio,marca
FC-70100307,714706100307,Broncolin Etiqueta Azul jarabe oral 140 ml,Broncolin,79,1,Respiratorio,marca
FC-06910609,714706910609,Broncolin Etiqueta Verde jarabe oral 140 mL,Broncolin,92,1,Respiratorio,marca
FC-06918964,714706918964,Broncolin Properlas propóleo y eucalipto,Broncolin,38,1,Respiratorio,marca
FC-06918940,714706918940,Broncolin Properlas propóleo y jengibre,Broncolin,38,1,Respiratorio,marca
FC-06903182,714706903182,Broncolin paletas vitrolero surtido,Broncolin,252,1,Respiratorio,marca
FC-37103354,7501537103354,Brunadol Infantil paracetamol/naproxeno,Bruluart,50,1,Antiinflamatorio,generico
FC-447B30F9,7501349023987,Budesonida,Budesonida,188,1,Respiratorio,generico
FC-281E0F22,7501349024304,Budesonida,Budesonida,220,1,Respiratorio,generico
FC-21440013,7502321440013,Buscapina Duo 10/500 mg,Buscapina,140,1,Gastro,marca
EQ-SON034,7502001160026,"Busconet Metamizol sodico, Hioscina",Son's,40,1,Analgésico,generico
FC-22112250,7501022112250,C-Boost colágeno + biotina + ácido hialurónico 90 gomitas,C-Boost,170,1,Vitaminas,marca
FC-42302463,070942302463,CEP DENT GUM GO-BET MICROFINO C/6,GUM,118,1,Otro,generico
FC-18128335,761318128335,CEP REVLON MOD PALETA RV2833LA,Revlon,65,1,Otro,generico
FC-15592837,7896015592837,CEP SENSODYNE GENTLE CARE XTR SUAV 3PZ,Sensodyne,121,1,Higiene,generico
FC-08491096,7501008491096,Cafiaspirina tartrato C/100,Cafiaspirina,135,1,Analgésico,marca
EQ-MAV320,7502009746734,Cariden 10 Tab 30 Mg,Maver,146,1,Medicamentos,generico
EQ-MAV318,7502009746727,Cariden 20 Tab 6 Mg,Maver,85,1,Hormonales,generico
FC-2EDC6E3B,7502009745119,Cefagen,Cefagen,130,1,Antibiótico,generico
EQ-AMS491,7501349020634,Cefalexina Susp 100 Ml 250 Mg/5 Ml,AMSA,53.0,1,Antibiótico,generico
FC-40CE757D,7502009740480,Cefalver,Cefalver,98,1,Antibiótico,generico
FC-492D652F,7502009745614,Cefalver,Cefalver,80,1,Antibiótico,generico
FC-65095718,7501065095718,Centrum Balance,Centrum,185,1,Vitaminas,marca
FC-50959781,7501065095978,Centrum Performance,Centrum,194,1,Vitaminas,marca
FC-65095947,7501065095947,Centrum Silver + 50,Centrum,215,1,Vitaminas,marca
FC-86472048,7501086472048,Cepillo Dent Mayor Alcance Pro,PRO,21,1,Higiene,marca
FC-06711387,7501006711387,Cepillo dental Pro D-Out 2X1Med,,49,1,Cuidado personal,marca
FC-92504539,7506192504539,Cera Ego Brillo,Ego,26.5,1,Cuidado personal,generico
FC-92506045,7506192506045,Cera Ego Matte,Ego,26.5,1,Cuidado personal,generico
FC-38312374,7501438312374,Cera gel Moco de Gorila Citrus,Moco de Gorila,46.0,1,Cuidado personal,marca
FC-11701268,013117012682,Chicolastic Classic etapa 1 Pequeño pañal 14 piezas,Chicolastic,43.5,1,Bebés,marca
FC-26462061,7501026462061,Chupon Ternura Ortodontic Miel C3,Ternura,33,1,Higiene,marca
EQ-AVT203,7502209858183,Cidorix 28 Tab 75 Mg,Avitus,61,1,Cardiovascular,generico
FC-84500522,7506484500522,Cinta micropore blanca 2.5 cm x 5 m,,14,1,Botiquín,marca
FC-84500034,7506484500447,Cintapore micropore piel,Cintapore,298.0,1,Botiquín,marca
EQ-JAV050,6358975544000,Clorofil Jahvs solución clorofila 500 mL,Clorofil Jahvs,98.0,1,Suplementos,marca
FC-66031116,7502266031116,Colagener-3 pepino-limón polvo 150 g,Biomiral,224,1,Vitaminas,marca
FC-24034095,7891024034095,Colgate Kids pasta dental (import),Colgate,29.5,1,Cuidado personal,marca
FC-66873531,7509546687353,Colgate Máxima Protección Anticaries,Colgate,41,1,Higiene,marca
FC-24179925,7891024179925,Colgate PerioGard enjuague bucal 250 mL,Colgate,230,1,Cuidado personal,marca
EQ-BIO017,7501573900436,Colpragin 30 Tab 10 Mg,Biomep,24,1,Cardiovascular,generico
FC-49029613,7501349029613,Combedi DX Complejo B / Dexametasona 6 amp AMSA,Combedi,90,1,Vitaminas,generico
FC-80953017,7501080953017,Condones Trojan Fire & Ice,Trojan,59.0,1,Cuidado personal,marca
FC-80950139,7501080950139,Condones Trojan Pro-Tech,Trojan,53,1,Producto,marca
FC-85171118,7501685171118,Condón Sico,Sico,102,1,Higiene,marca
FC-85171113,7501685171113,Condón Sico Invisible C/3,Sico,102,1,Higiene,marca
FC-58367129,7501058367129,Condón Sico Negro Feel,Sico,80,1,Higiene,marca
EQ-DEG011,7501825300175,Convifer C/Hierro 1 Sol 3/2/.1mg/110,Degort's,60,1,Suplemento,generico
IFC-LAVAOJOS,2008490100017,Copa lavaojos de vidrio,Arfam,18,1,Botiquín,marca
FC-24588236,6976824588236,Cortaúñas Bobo mediano sin cadena C/12,Bobo,82,1,Cuidado personal,marca
FC-19800025,6932119800025,Cortaúñas Try mediano C/12,Try,94,1,Cuidado personal,marca
FC-34064021,7503003406402,Cotonetes Quirmex 100 pzs,Quirmex,18,1,Cuidado personal,marca
FC-36041273,0378360412734,Crema Hinds Clasica Rosa,Hinds,70,1,Cuidado personal,marca
FC-35469151,7702035469151,Crema Lubriderm Uv Fps15,Lubriderm,45,1,Cuidado personal,marca
FC-42419860,42419860,Crema Niv A-Bacte 3En1 P/Manos 75Ml,Nivea,58,1,Cuidado personal,marca
FC-00841483,4005900841483,Crema Niv Sun After C/Aloe 200 Ml,Nivea,110,1,Cuidado personal,marca
FC-54514381,7501054514381,Crema Nivea Soft Fac-Corp 200Ml,Nivea,103.0,1,Cuidado personal,marca
FC-08802838,4005808802838,Crema Nivea Softmilk,Nivea,110,1,Cuidado personal,marca
FC-54503095,7501054503095,Crema Nivea Tarro,Nivea,83,1,Cuidado personal,marca
FC-54500216,7501054500216,Crema Nivea de Tarro Crist,Nivea,190,1,Cuidado personal,marca
FC-00701992,4005900701992,Crema Nivea manos antiarrugas,Nivea,65,1,Cuidado personal,marca
FC-52816297,7509552816297,Crema Para Peinar Fructis Oil-Repail L-Coco,Fructis,62.0,1,Cuidado personal,marca
FC-56340117,7501056340117,Crema Para Peinar Sedal Liso Perfecto,Sedal,63,1,Higiene,marca
FC-56330309,7501056330309,Crema Ponds Clarant B3,Ponds,90,1,Cuidado personal,marca
FC-40030963,6502400309638,Crema Teatrical Cel-Ma Nutrit,Teatrical,80,1,Cuidado personal,marca
EQ-EXA042,75053086,Cromoglicato Sodio 1 Sol 40 Mg/5 Ml,OPKO,59,1,Medicamentos,generico
FC-75701659,7502275701659,Cubrebocas Alfa Medical kids azul C/10,Alfa Medical,28,1,Botiquín,marca
FC-75701642,7502275701642,Cubrebocas Alfa Medical kids rosa C/10,Alfa Medical,28,1,Botiquín,marca
FC-48780235,7501048780235,Cubrebocas Protec plegado C/10,Protec,23,1,Botiquín,marca
FC-09747779,7502009747779,Culminax Adulto (Carbocisteína) 375 mg/5 mL,Maver,81,1,Medicamentos,generico
FC-54550150,7501054550150,Curitas animales apósitos adhesivos,Curitas,58,1,Botiquín,marca
EQ-SER116,7501258205221,Cyrux 28 Tab 200 Mcg,Serral,357,1,Medicamentos,generico
FC-09864839,7506309864839,DESOD GTTE END COOL SPY150ML,Gillette,76,1,Otro,generico
FC-09864822,7506309864822,DESOD GTTE ENDURARTICIC SP 150,Gillette,76,1,Otro,generico
FC-46015514,7509546015514,DESOD LADYSS D-DEF A-FSH 45G,Lady Speed Stick,70,1,Otro,generico
FC-46057545,7509546057545,DESOD LADYSS PRO 5EN1 STICK 45G ABRIL27,Lady Speed Stick,70,1,Otro,generico
FC-75064891,75064891,DESOD SAVILE AGUA/ROSA R-ON 45ML MAR27,Savile,34,1,Higiene,generico
FC-06209763,7506306209763,DESOD SAVILE MANZANILLA SPY 150ML,Savile,54,1,Higiene,generico
FC-75065102,75065102,DESOD SAVILE MANZANILLA STICK 45G,Savile,50,1,Higiene,generico
FC-06215511,7506306215511,DESOD SAVILE SAB-NAC NAT SPY 150ML,Savile,54,1,Higiene,generico
FC-46694702,7509546694702,DESOD STEFANO NEXT LEVEL SPY150MLN,Stefano,76,1,Otro,generico
FC-46073774,7509546073774,DESOD STEFANO SPAZ SPY 113G,Stefano,76,1,Otro,generico
FC-99301968,7501299301968,Dafloxen F 100/200 mg supositorios C/5,Liomont,140,1,Antiinflamatorio,marca
FC-85491085,7501385491085,Danzen 10 mg C/20 tabletas,Sanfer,475,1,Antiinflamatorio,marca
FC-49013223,7501349013223,Deflazacort 30 mg 10 tabletas LGEN,,160,1,Medicamentos,generico
FC-12225027,3543122250276,Derman Crema 50 g,Derman,56,1,Medicamentos,generico
FC-60403681,7502276040368,Desenfriol D,Desenfriol,75,1,Respiratorio,marca
FC-06209862,7506306209862,Desodorante Axe 48H Anarchy Fresh Love (Mujer),Axe,68,1,Higiene,marca
FC-06213906,7506306213906,Desodorante Axe Ice Chill 48H (hombre),Axe,68,1,Higiene,marca
FC-52933307,7509552933307,Desodorante Obao Game 48Hr,Obao,36,1,Higiene,marca
FC-52876406,7509552876406,Desodorante Obao Men Tatto Aqua (Hombre),Obao,35,1,Higiene,marca
FC-76040436,7502276040436,Desodorante Para Pies Mexsana,Mexsana,98,1,Higiene,marca
FC-06257610,7506306257610,Desodorante Polvo Rexona Eficc Fresh 200 G,Rexona,84.0,1,Cuidado personal,marca
FC-46682815,7509546682815,Desodorante Speed Stick sensitive protect,Speed Stick,50,1,Higiene,marca
FC-11788928,7502211788928,Desyn-N (Lidocaína/Hidrocortisona),Loeffler,60,1,Medicamentos,generico
EQ-AMS288,7501349029712,Dexam/Neomi 1 Gotas 1/3.5mg/5 Ml,AMSA,35,1,Botiquín,generico
EQ-BEA342,7501342803418,Dexametasona 20 Tab 0.5 Mg,beadvance,10,1,Medicamentos,generico
EQ-BEA313,7501342803067,Dexametasona 20 Tab 1 Mg,beadvance,36,1,Antiinflamatorio,generico
EQ-SON214,7502001164338,Dexametasona/Ciprofloxacino Sol,SON'S,67,1,Antibiótico,generico
EQ-ALP0633,7502226295954,Dexketoprofeno 10 Tab 25 Mg,Alpharma,115,1,Medicamentos,generico
FC-16800803,7501943474994,Diapro pañal adulto mediano C/10,Diapro,103,1,Higiene,marca
FMX-502473,7501590282829,Dibenel-Max Capsulas C/30,CMD,100,1,Suplemento,generico
FC-45798022,7503045798022,Dinaglix-Duo sitagliptina 50 mg / metformina 500 mg C/28,Dinaglix-Duo,158.0,1,Diabetes,marca
EQ-SON160,7502001164833,Disons Dex 1 Fa 5/2 Mg,SON'S,59,1,Antiinflamatorio,generico
FC-00420824,7501300420824,Dolac ketorolaco sublingual 30 mg C/6,Dolac,168,1,Analgésico,marca
FC-83141929,0780083141929,Dolprin (Ibuprofeno) suspensión 2 g/100 mL,Collins,45,1,Antiinflamatorio,generico
EQ-MAV342,7502009747274,Dolver Maver ibuprofeno 10 tab 600 mg,Maver,29,1,Antiinflamatorio,marca
FC-01165045,7502001165045,Dolzycam (Piroxicam) gel,Son's,41,1,Antiinflamatorio,generico
FC-IFC-DON01,2008550100018,Dona / bolsa IJJ-10 C/12,,15,1,Cuidado personal,marca
FC-00422750,7501300422750,Dorixina Forte clonixinato de lisina 250 mg C/20 comprimidos,Dorixina Forte,380,1,Analgésico,marca
FC-06230507,7506306230507,Dove Barra Karite Vainill,Dove,37,1,Higiene,marca
EQ-QUM070,7502223111400,Drosequim Ad 1 Jbe 300/160/200 Ml,Quimpharma,114,1,Respiratorio,generico
FC-92503558,7506192503358,Ego Magnetic Fij-Alta,Ego,26.0,1,Cuidado personal,marca
FC-9ABFB996,7502209858251,Elaphteron,Elaphteron,55,1,Otro,marca
EQ-AVT205,7502209858237,Elaphterón 28 Tab 25 Mg,Avitus,55,1,Otro,generico
EQ-VAL129,7501122961901,Eldoquin crema 4% 30 g,Eldoquin,460,1,Medicamentos,marca
FC-68541491,7502268541491,Electrolife Zero uva,Electrolife,26,1,Bebidas,marca
FC-25104411,7501125104411,Electrolit Coco,Electrolit,25,1,Hidratación,marca
FC-51747971,7501125174797,Electrolit Mora Azul,Electrolit,25,1,Hidratación,marca
FC-25104688,7501125104688,Electrolit Naranja-Mandarina,Electrolit,25,1,Hidratación,marca
FC-51448511,7501125144851,Electrolit Uva,Electrolit,25,1,Hidratación,marca
FC-65053121,7501065053121,Emulsión de Scott naranja 200 ml,Scott,115,1,Vitaminas,marca
FC-05809248,7506205809248,Enfagrow Premium etapa 3 lata,,375,1,Bebés,marca
FC-33962530,7501033962530,Ensure Advance café,Ensure,69,1,Suplemento,marca
EQ-PGE052,7503027446125,Ercatriv M Calcitriol 30 Caps 0.25 Mcg,PROGELA,100,1,Suplemento,generico
FC-16808430,7502216808430,Esomeprazol 40 mg,Ultra,162.0,1,Gastro,generico
EQ-APO142,7501277091034,Espadiva 10 Tab 20/400 Mg,Apotex,102,1,Antiinflamatorio,generico
FC-22962816,7501122962816,Espavén Alcalino suspensión 360 ml,Espavén,250,1,Medicamentos,marca
FC-75004996,75004996,Espavén Pediátrico dimeticona 100 mg/ml gotas 30 ml,Espavén,250,1,Botiquín,marca
EQ-BEA379,7501342803814,Espironolactona,beadvance,43,1,Medicamentos,generico
EQ-PGE061,7503027446439,Esterinol 40 Caps 50000ui,Progela,40,1,Medicamentos,generico
FC-9525015,7501159525015,Eucaliptine Jarabe 140 ml,Eucaliptine,135,1,Respiratorio,generico
FC-08100013,714908100013,Eucalín jarabe miel y propóleo 120 ml,Eucalín,72.0,1,Producto,generico
FC-00631702,4005800631702,Eucerin pH5 pomada labial,Eucerin,112,1,Cuidado personal,marca
EQ-MAV311,7502009746499,Exicort 7 Comp 120 Mg,Maver,85,1,Medicamentos,generico
FC-20089077,7503020089077,Exzon tabletas masticables 490 mg C/90 sabor uva,Biomiral,170,1,Suplemento,generico
EQ-AMS275,7501349024540,Ezetimiba/Simvasta 28 Tab 10/20 Mg,AMSA,161,1,Cardiovascular,generico
EQ-LOE132,7502211789277,Faribrox Tm Adulto 1 Jbe 150 Ml,Loeffler,38,1,Respiratorio,generico
EQ-FAC0058,7502006921974,Farmiver Junior 1 Susp 200/400mg/20 Ml,Fármacos Continentales,40,1,Otro,generico
FC-F3E734A0,7502009741067,Fasiclor 375 mg/ 5 mL,Fasiclor,130,1,Antibiótico,generico
FC-LV-SIE061,7501300407054,Febrax supositorios caja c/5 100/200 mg,Siegfried Rhein,162,1,Antiinflamatorio,marca
FC-09747168,7502009747168,Fedrimin (Teofilina/Ambroxol) 0.700-0.150 g/100 mL,Maver,58,1,Respiratorio,generico
EQ-SON096,7502001164697,Fenimeth V 12 Ovs 500mg/100000 Ui,Son's,55,1,Medicamentos,generico
EQ-STR005,7506281106019,Ferro-4 Streger 30 grageas 300/150/50/10 mg,Streger,95,1,Suplementos,marca
EQ-HIS076,7502213042370,Fhaspem 3 Amp 20 Mg/1 Ml,Hispanoamericana,40,1,Gastro,generico
FC-74003963,5000174003963,Fixodent Fresh adhesivo dental 40 g,Fixodent,128.0,1,Cuidado personal,marca
FC-08498866,7501008498866,Flanax 550 mg,Flanax,132,1,Antiinflamatorio,marca
FC-08426944,7501008426944,Flanax Gel Naproxeno Sodico,BAYER,144,1,Antiinflamatorio,marca
FC-08499092,7501008499092,Flanax Nocto 220/25 mg,Flanax,164,1,Antiinflamatorio,marca
EQ-MAV378,7502009748929,Flausiver 1 Gel 100 G,Maver,61,1,Medicamentos,generico
EQ-MAV174,7502009742095,Flexiver Compuesto 10 Caps 215/15 Mg,Maver,65,1,Antiinflamatorio,generico
FC-71800210,7501471800210,Floroglucinol / Trimetilfloroglucinol 80/80 mg,Tecnofarma / Valeant,198,1,Medicamentos,generico
FC-LV-BEA420,7502209857032,Fluconazol 10 cáps 100 mg beadvance,beadvance,55,1,Medicamentos,generico
FC-67923654,7506267923654,GEL HONEY KEEPER MZNILL MIE 200ML,Honey Keeper,55,1,Otro,generico
FC-18001071,7702018001071,GILLETTTE  MACH 3,,147,1,Otro,marca
FC-42003469,070942003469,GUM Paw Patrol gel dental infantil bubble gum 50 g,GUM,24.0,1,Higiene,marca
FC-42507240,070942507240,GUM cera de ortodoncia menta C/5,GUM,66.0,1,Higiene,marca
FC-42478359,3600542478359,Garnier Agua Micelar Carbón 400 ml,Garnier,140,1,Cuidado personal,generico
FC-52844184,7509552844184,Garnier Fructis Hair Food Aloe Vera acondicionador 300 ml,Garnier Fructis,69.5,1,Higiene,marca
FC-42326414,3600542326414,Garnier agua micelar De Rosas,Garnier,135,1,Cuidado personal,marca
FC-92506601,7506192506601,Gel Ego Attraction,Ego,29.0,1,Cuidado personal,marca
FC-00645289,4005900645289,Gel Nivea Facial Limp Rosas 150Ml,Nivea,131.0,1,Cuidado personal,marca
FC-00942760,4005900942760,Gel Nivea facial hidratante hialurónico,Nivea,139,1,Cuidado personal,marca
FC-99425580,7501199425580,Gel X-Treme Titan,X-Treme,29,1,Cuidado personal,marca
FC-30713547,7501130713547,Gelcavit Colors capsulas 0.62 g C/30,Gelcavit,68.0,1,Vitaminas,generico
FC-MULIER30,7501130709847,Gelcavit Mulier capsulas 1.54 g C/30,Gelcavit,125.0,1,Vitaminas,generico
FC-30713851,7501130713851,Gelcavit Platinum capsulas 1.39 g C/30,Gelcavit,117,1,Vitaminas,generico
FC-13071164,7501130711642,Gelcavit Q-10 coenzima Q10 jalea real C/30,Gelcavit,140,1,Suplemento,generico
FMX-504790,7501130742134,Gelcavit-Gem Capsulas C/30,Gelcavit,152,1,Vitaminas,generico
FMX-500999,7501130709830,Gelcavit-Ho Capsulas C/30,Gelcavit,117,1,Vitaminas,generico
FC-49026377,7501349026377,Gentamicina 160 mg solución inyectable 2 ml AMSA,,20.5,1,Medicamentos,generico
FC-75102537,7506475102537,Gerber Etapa 2 comida casera pollo,,14,1,Bebés,marca
FC-974EE5FD,780083141875,Gimalxina 250 mg/ 5 mL,Gimalxina,44,1,Antibiótico,generico
FC-88509926,7501088509926,Gotinal adulto nafazolina 1 mg/ml spray 15 ml,Gotinal,160,1,Respiratorio,marca
FC-87154871,7501058715487,Graneodin F (flurbiprofeno),Graneodin,169,1,Analgésico,marca
FC-34546890,6973345468900,Grenobil mascarilla ampolla de aloe real 27 ml,Grenobil,10,1,Cuidado personal,marca
FC-34546870,6973345468870,Grenobil mascarilla ampolla de perla real 27 ml,Grenobil,10,1,Cuidado personal,marca
FC-20501260,810120501260,Grisi 450Ml Jabón Liq Aloe Vera,Grisi,66.0,1,Cuidado personal,marca
FC-22111352,7501022111352,Grisi Corp Diabecare,Grisi,58,1,Higiene,marca
FC-22150092,7501022150092,Grisi Leche De Burra,Grisi,29.5,1,Higiene,marca
FC-00409406,850040940602,Grisi Organogal Silver kit shampoo 400 ml + tratamiento canas 130 ml,Grisi,145,1,Higiene,marca
FC-F48-GRIAV450,037836050305,Grisi gel avena 450 ml,Grisi,79,1,Cuidado personal,marca
EQ-BIO112,7501573904700,Gristalit 1 Jbe 600/100mg/30 Ml,BIOMEP,18.5,1,Alergia,generico
FC-27425008,7502227425008,Groobe (Dimenhidrinato) 50 mg,Gelpharma,49,1,Gastro,generico
FC-IFC-83490,7503051629082,Guantes de nitrilo azul chico C/100,,148,1,Botiquín,marca
FC-IFC-83125,00000000000,Guantes de nitrilo azul grande C/100,,148,1,Botiquín,marca
FC-IFC-83947,734019582021,Guantes de nitrilo negro mediano C/100,,165,1,Botiquín,marca
FC-24183182,7891024183182,HILO DENT COLGATE ENCERA 25M,Colgate,80,1,Higiene,generico
FC-35162241,7500435162241,Head & Shoulders 2 en 1 Suave y Manejable,Head & Shoulders,154.0,1,Cuidado personal,marca
FC-35162265,7500435162265,Head & Shoulders Limpieza Renovadora,Head & Shoulders,154.0,1,Cuidado personal,marca
FC-35249348,7500435249348,Head & Shoulders anti resequedad shampoo 375 mL,Head & Shoulders,108.0,1,Higiene,marca
FC-47521025,7501547521025,Hemoger (Sulfato ferroso) 300 mg,Streger,91,1,Suplemento,generico
FC-A2B284E0,75058661,Hialuronato De Sodio 4Mg,Hialuronato,180,1,Otro,generico
FC-36041358,037836041358,Hinds crema corporal Natural piel reseca 230 ml,Hinds,45.0,1,Cuidado personal,marca
FC-98073256,3664798073256,Histiacil GR3 ambroxol 20 mg pastillas limón C/18,Histiacil,148,1,Respiratorio,marca
FC-66022610,814266022610,Honey Keeper Kids Chamomile 3 en 1 414 ml,Honey Keeper,115,1,Higiene,generico
FC-66022627,814266022627,Honey Keeper Kids Lavender 3 en 1 414 ml,Honey Keeper,115,1,Higiene,generico
FC-67917516,7506267917516,Honey Keeper Kids Oatmeal & Honey loción 414 ml,Honey Keeper,120,1,Otro,generico
FMX-301081,780083148980,Hudiclor Tabletas 250 Mg C/28,COLLINS,150,1,Medicamentos,generico
FC-3D0F54B7,7501478316813,Ibuprofeno Cafeina,Gelpharma,47,1,Antiinflamatorio,generico
EQ-RAD082,7501563380286,Indometacina 30 Caps 25 Mg,Randall,33,1,Antiinflamatorio,generico
FC-42700643,7506442700643,Irbesartán + HCTZ 150/12.5 mg 28 tabletas Camber,Camber,150,1,Hipertensión,generico
FC-01541871,8470001541871,Isdin Ureadin Ultra 20 Crema 100 ml,Isdin,450.0,1,Cuidado personal,marca
FMX-302907,7501590288715,Iverkram Capsulas C/30,CMD,110,1,Vitaminas,generico
FC-84313295,759684313295,JALOMA ATOMIZADOR 60ML MERTODOL BLANCO,Jaloma,36,1,Otro,generico
FC-27879559,7502227879559,JULAB norfloxacino/fenazopiridina 400/100 mg C/8,RAAM,279,1,Antibiótico,marca
FC-40036965,6502400369656,Jabon Asepxia Bicarbon,Asepxia,49.5,1,Higiene,marca
FC-56371159,7501056371159,Jabon Dove Exfoliacion,Dove,40,1,Higiene,marca
FC-38891190,0672388911904,Jabon Dove Original,Dove,25,1,Higiene,marca
FC-22150801,7501022150801,Jabon Grisi Avena,Grisi,29,1,Higiene,marca
FC-40025839,6502400258394,Jabon Intimo Lomecan V,Lomecan,80,1,Higiene,marca
FC-07502441,7501007502441,Jabon Johnsons Baby Antes/Dorm,Johnson,22,1,Higiene,marca
FC-46655727,7509546655727,Jabon Mennen Baby Magic Lavan Hipoalerg,Mennen,18,1,Higiene,marca
FC-46655079,7509546655079,Jabon barra Palmolive Neutro Bal Corp Baby,Palmolive,25,1,Higiene,marca
FC-02109786,810120501628,Jabon de azufre Grisi 100 g,Grisi,64,1,Higiene,marca
FC-22150221,7501022150221,Jabon en Barra Ricitos de Oro Neutro,Ricitos de Oro,28,1,Higiene,marca
FC-36051401,037836051401,Jabón Cdpr Grisi 450Ml Shower Gel Coco,Grisi,68.0,1,Cuidado personal,marca
FC-43489073,7501943489073,Jabón Escudo Azul Natura 110G C/3,Escudo,47.0,1,Cuidado personal,marca
FC-43489066,7501943489066,Jabón Escudo Bco Neutro 110G C/3,Escudo,47.0,1,Cuidado personal,marca
FC-36050312,037836050312,Jabón Liq Grisi Lech/Burr 450Ml,Grisi,70,1,Cuidado personal,marca
FC-17500769,7503017500769,Jabón líquido para manos (variante A),,23,1,Cuidado personal,marca
FC-17500776,7503017500776,Jabón líquido para manos (variante B),,23,1,Cuidado personal,marca
FC-14121782,7505514121782,Jabón proteína de arroz y concha nácar,Gelimedic,25.0,1,Higiene,marca
FC-84900259,759684900259,Jaloma Agua de Arroz 250 ml,Jaloma,50,1,Otro,generico
FC-84900280,7596849002808,Jaloma Agua de Rosas,Jaloma,25,1,Cuidado personal,marca
FC-8432071,759684432071,Jaloma vaselina blanca 60 g,Jaloma,25,1,Cuidado personal,marca
FC-62746605,7500462746605,Jarabe Ajolotiux Orig Con Miel,Ajolotiux,80,1,Vitaminas,generico
FC-23111387,7502223111387,Jarabe dropropizina/bromhexina Quimpharma 100 mL,Quimpharma,113,1,Respiratorio,generico
FC-10258689,7891010258689,Johnson's Baby shampoo fragancia prolongada 400 ml,Johnson's,109,1,Cuidado personal,marca
FC-25108709,3614225108709,KOLESTON NEGRO 20,,68,1,Otro,marca
FC-40036187,650240036187,Kaopectate antidiarreico 10 tabletas,Kaopectate,98,1,Medicamentos,marca
FC-93888302,7501493888302,Kenciclen Doxiciclina 100 mg 10 cápsulas,Kenciclen,39,1,Antibiótico,generico
EQ-LOE013,7502211780229,Keraffler Ketotifeno,Loeffler,33,1,Medicamentos,generico
FC-49020979,7501349020979,Ketoprofeno 100 mg C/15 cápsulas AMSA,AMSA,57.0,1,Antiinflamatorio,generico
FC-25108785,3614225108785,Koleston tinte permanente 50 Castaño Claro,Koleston,68,1,Cuidado personal,marca
FC-25109003,3614225109003,Koleston tinte permanente 64 Caoba Cobrizo,Koleston,68,1,Cuidado personal,marca
FC-25108853,3614225108853,Koleston tinte permanente 67 Chocolate,Koleston,68,1,Cuidado personal,marca
FC-25108860,3614225108860,Koleston tinte permanente 674 Tabaco Cobrizo,Koleston,68,1,Cuidado personal,marca
EQ-MAI071,785118752330,Krobicin 1 Susp 125mg/5/60 Ml,MAVI,73,1,Antibiótico,generico
FC-38363321,7501438363321,Kuul Fix Me Urban gel fijador,Kuul,125,1,Cuidado personal,marca
FC-02723397,7501027233974,L'Oréal Paris Studio Line Invisi Fix Ultra Fijación gel 180 g,L'Oréal Paris,95,1,Cuidado personal,marca
FC-01167001,7502001167001,LAÜR Infantil solución inyectable C/3,SON'S,90,1,Antibiótico,marca
FC-00948670,4005900948670,Labello Caring Beauty Red,Labello,107,1,Cuidado personal,marca
FC-54503637,7501054503637,Labello Med Protection,Labello,78,1,Cuidado personal,marca
FC-65009486,7501165009486,Lactacyd Pro-Bio shampoo íntimo 200 mL,Lactacyd,80.0,1,Higiene,marca
FMX-503473,7502259890096,Lactiv Kids tabletas masticables uva C/30,NATUREX,46,1,Gastro,generico
FC-9890973,7502259890973,Lactiv adulto proinulina bióticos sobres C/6,Lactiv,65,1,Producto,marca
EQ-SON264,7502001166981,Laur Solución Inyectable,SON'S,90,1,Antibiótico,generico
FC-51067711,7506475106771,Leche Nidal en Polvo 1bebé  0 a 6 M,Nestle,135,1,Abarrotes,marca
FC-51078531,7506475107853,Leche en Polvo NAN Optimal Pro 2 / 6 a 12 M,Nestle,72,1,Abarrotes,marca
FC-5106788,7506475106788,Leche en Polvo Nidal 2Bebé 6 a 12 M,Nestle,125,1,Abarrotes,marca
FC-58611420,7501058611420,Leche en Polvo Nutri Rindes,Nestle,65,1,Abarrotes,marca
FC-59225411,7501059225411,Leche en polvo Nido Kinder,Nestle,95,1,Abarrotes,marca
FC-B69FCBF4,785120753530,Lesaclor,Lesaclor,116,1,Antibiótico,generico
FC-B25094C4,785118753528,Lesaclor,Lesaclor,73,1,Otro,generico
FC-09591446,4042809591446,Leukoplast Hypafix,Leukoplast,105,1,Botiquín,marca
EQ-TEM009,7501249600813,Levotiroxina 100 Tab 100 Mcg,Tempus,73,1,Hormonales,generico
EQ-NOV175,7501075727180,Lia drospirenona/etinilestradiol,Lia,196.0,1,Medicamentos,marca
EQ-MAV239,7502009745386,Linexel Venlafaxina,Maver,63,1,Medicamentos,generico
EQ-SER117,7501258205474,Lisertil Tibolona,Serral,370,1,Medicamentos,generico
EQ-SON083,7502001161627,Lisonin 1 amp 600 mg/2 ml,SON'S,59.0,1,Medicamentos,marca
FC-31976394,7702031976394,Listerine Anticaries Zero 250 ml,Listerine,77,1,Higiene,marca
EQ-MAV331,7502009747021,Lonvitol 10 Amp .05/2.5 Mg/ 2.5 Ml,Maver,117,1,Respiratorio,generico
EQ-PGE059,7503027446408,Lorefic-D 30 Caps 4000 Ui,Progela,63,1,Medicamentos,generico
EQ-BEA367,7501342803548,Losartan beadvance 60 tab 50 mg,beadvance,45.0,1,Hipertensión,generico
FC-98603867,7501098603867,Losec A 20 mg C/14 cápsulas,Losec A,70,1,Medicamentos,marca
FC-26294254,7502226294254,Losil-S terbinafina spray 1% 30 ml,Losil-S,57.0,1,Dermatología,generico
FC-14983153,7502214983153,Lubricante Intimo Prudence Grosella,Prudence,100,1,Higiene,marca
FC-60101378,7506460101378,Lubricante íntimo,SICO,144.0,1,Higiene,marca
FC-52828078,7509552828078,MASCARILLA PARA CABELLO DEBIL HAIR FOOD,,89,1,Otro,generico
EQ-SON089,7502001160231,Magnil 1 Jbe 250mg/5/100 Ml,Son's,39,1,Analgésico,generico
EQ-QUI091,7501109763986,Magsokon 1 Caja 26 G,Quifa,26,1,Medicamentos,generico
FC-75163051,7501027516305,Mamila Evenflo Micro Air Vents,Evenflo,21.0,1,Higiene,marca
FC-18072408,7702018072408,Maq Gtte Venus Simply3 C/4,Gillette,126.0,1,Cuidado personal,marca
FMX-301025,7506022330901,Mascarilla-Nebulizacion-Sensimedical Bolsa C/1 Con Nebulizador Pediatrica,SENSIMEDICAL,45,1,Otro,marca
EQ-PBY008,7503014377180,Max Sens Passion Mix 1 Blister 3+1,Playboy,40,1,Medicamentos,marca
EQ-PBY007,7503014377197,Max Sens Tropicana Mix 1 Blister 3+1,Playboy,40,1,Medicamentos,marca
FC-17048860,7891317048860,Melox Plus Cereza tabletas masticables C/30,Melox Plus,125,1,Gastro,marca
FC-38CAFE6B,3311000001537,Mercurio Aceite Romero,Mercurio,15,1,Herbolario,marca
EQ-PHG017,7501299379158,Metronida/Diyohidro 1 Susp,Pharmagen,69,1,Medicamentos,generico
EQ-SON098,7502001164611,Metroson 1 Susp 250mg/5/120 Ml,Son's,35,1,Medicamentos,generico
EQ-WER046,7502240450827,Mevedim 15 Tab 600 Mg,Wermar,99,1,Medicamentos,generico
FC-F48-MEX160,7502276040603,Mexsana talco 160 g,Mexsana,117,1,Cuidado personal,marca
FC-06698316,7503006698316,Microdacyn 60 solución antiséptica 120 ml,Microdacyn,219,1,Curación,marca
FC-14986659,7502214986659,Mifepristona 200 mg caja con 1 tableta,,650,1,Medicamentos,generico
FC-03840685,6972038406885,Million Pauline Vitamin E Velvet Mask 30 ml,Million Pauline,8,1,Cuidado personal,marca
FC-58210379,7501258210379,Minociclina 100 mg C/10 Serral,Serral,400,1,Antibiótico,generico
EQ-QUM006,7502223111073,Mitafar 1 Susp 100mg/5/60 Ml,Quimpharma,62,1,Medicamentos,generico
FMX-301546,7501384545574,Montelukast-Neolpharma Tabletas 5 Mg C/20,MONTELUKAST,66,1,Respiratorio,generico
FC-06920021,7502006920021,Motilaxil-T (Picosulfato de sodio) 5 mg,Fármacos Continentales,28,1,Medicamentos,generico
FC-09902637,7501109902637,Motrin Pediátrico ibuprofeno 40 mg/ml gotas 15 ml,Motrin,150,1,Antiinflamatorio,marca
FC-40071799,650240071799,NORDIKO ICY BLAST,,20,1,Otro,generico
FC-40071775,650240071775,NORDIKO ORIGINAL,,14,1,Otro,generico
FC-47624171,7502234762417,Nailex Desenterrador Unas Desenterrador Unas,Nailex,85,1,GENERAL,marca
FC-47640531,7502234764053,Nailex El Recuperador,Nailex Pisa,85,1,Cuidado personal,marca
FC-80921139,7501080921139,Nair crema depilatoria piel sensible 150 ml,Nair,135,1,Cuidado personal,marca
FC-40015366,6502400153668,Nasalub Sol,Nasalub,112,1,Respiratorio,marca
FC-45722547,7502245722547,Natural Gloss Agua micelar bifásica,Natural-G,33,1,Cuidado personal,marca
FC-85132069,736085132069,Nazil Ofteno Solucion Oftalmica 15 ml,Nazil,84,1,Botiquín,marca
EQ-EXA035,75049805,Neomici Polimixi B Gramicidi 1 Sol 15 Ml,Exakta,50,1,Medicamentos,generico
FC-58616678,7501058616678,Nestum Cereal Infantil Arroz,Nestum,63,1,Abarrotes,marca
FC-86167151,7501058616715,Nestum Cereal Infantil Avena,Nestle,63,1,Abarrotes,marca
FC-59225350,7501059225350,Nido Kinder,Nido,172.0,1,Nutrición,marca
EQ-ALP0410,7503004908844,Nistatina 1 Susp 1 Ui /24 Ml,Alpharma,55,1,Medicamentos,generico
FC-42270027,42270027,Nivea Facial 5 en 1 Cuidado Tono Natural 200 ml,Nivea,122.0,1,Cuidado personal,marca
FC-54558682,7501054558682,Nivea Milk Nutritiva 400 ml + 100 ml,Nivea,100,1,Cuidado personal,marca
FMX-502376,7501537102395,Norapred Tabletas 50 Mg C/20,NORAPRED,56,1,Medicamentos,generico
FC-09790029,7501109790029,Normex leche de magnesia 8.5 g/100 mL,Quifa,35,1,Medicamentos,generico
FC-92511261,7506192511261,Nutribela Bio Colageno,Nutribela,54,1,Cuidado personal,marca
FC-92509213,7506192509213,Nutribela Nutricion,Nutribela,54,1,Cuidado personal,marca
FC-82722123,7501082722123,Nuvel crema para manos hidratada,Nuvel,18,1,Cuidado personal,marca
FC-82722116,7501082722116,Nuvel crema para manos suaves,Nuvel,18,1,Cuidado personal,marca
FC-82790504,7501082790504,Nuvel desmaquillante bifásico oil,Nuvel,37,1,Cuidado personal,marca
FC-35230445,7500435230445,NyQuil Z difenhidramina 25 mg C/10,NyQuil,137,1,Respiratorio,marca
EQ-SON153,7502001164086,Nysmosons-V 10 Ovs 500/0.5mg/100000 Ui,Son's,62,1,Medicamentos,generico
FC-F48-OLO70,7501044210446,Olorex aerosol clásico 70 ml,Olorex,59,1,Higiene,marca
FC-16792760,7502216792760,Omeprazol 20 mg 30 cápsulas LGEN,,39,1,Gastro,generico
FC-49028234,7501349028234,Omeprazol 40 mg solución inyectable ampolleta LGEN,,70,1,Gastro,generico
FC-05082024,7800005082024,Oral-B Essential hilo dental,Oral-B,92.0,1,Cuidado personal,marca
FC-60278922,3014260278922,Oral-B Stages cepillo dental infantil 3+ Frozen,Oral-B,65,1,Cuidado personal,marca
FC-F7DB080D,7501573909408,Ovisen,Ovisen,42,1,Otro,generico
FC-FD92D114,7501573900290,Ovisen,Ovisen,30,1,Otro,generico
FC-56729917,7502256729917,Oxímetro Inhala Care pulso dedo FS10E,Inhala Care,406,1,Dispositivo médico,marca
FC-48623044,7501048623044,Pads faciales Protec con glicerina,Protec,36.0,1,Cuidado personal,marca
FC-42306805,070942306805,Palillos GUM con hilo dental C/20,GUM,35,1,Higiene,marca
FC-35911208,7501035911208,Palmolive Aquarium,Palmolive,34.0,1,Higiene,marca
FC-35906341,7501035906341,Palmolive Neutro Balance Humectación Diaria crema corporal 400 ml,Palmolive,85,1,Cuidado personal,marca
FC-46657035,7509546657035,Palmolive jabón líquido cerezo y rosa,Palmolive,34.0,1,Higiene,marca
FC-01303454,7501001303454,Pantene Control caída anticaída,Pantene,106,1,Higiene,marca
FC-19039355,7501019039355,Parches Saba térmicos 3 pz,Saba,75,1,Higiene,marca
FC-14279552,7503014279552,Parches adhesivos blancos caja C/10,Alfa Medical,67,1,Botiquín,marca
FC-89511438,7501289511438,Pasta Lassar,Pasta Lassar,76.0,1,Dermatología,marca
FC-24004581,7506452400458,Pastillas Ajolotius Elderberry Grosellero,Ajolotius,27,1,Herbolario,marca
FC-52400212,7506452400212,Pastillas Ajolotius Jengibre Hedera,Ajolotius,27,1,Herbolario,marca
FC-43475014,7501943475014,Pañal Diapro Grande,Diapro,129,1,Higiene,marca
FC-43474895,7501943474895,Pañal Diapro predoblado C/10,Diapro,97,1,Higiene,marca
FC-3961366,7501033961366,Pedialyte SR Coco 500 ml,Pedialyte,30.5,1,Hidratación,marca
EQ-LOE066,7502211784043,Pensodil-S 5 Sup 200/100 Mg,Loeffler,60,1,Antiinflamatorio,generico
FC-B72A6420,7503000422719,Pentiver,Pentiver,47.0,1,Antibiótico,generico
EQ-AMS370,7501349028487,Pentoxifilina 30 Tab 400 Mg,AMSA,96,1,Medicamentos,generico
FC-01155209,7501001155209,Pepto-Bismol sabor anís,Pepto-Bismol,105,1,Digestivo,marca
FC-26291475,7502226291475,Pharmafil LP (Teofilina) 100 mg liberación prolongada,Alpharma,58,1,Medicamentos,generico
FC-8062229,3664798062229,Pharmaton Complete 773 mg C/30,Pharmaton,145,1,Vitaminas,marca
FC-58715913,7501058715913,Picot Plus 9 sobres efervescentes,Picot,57,1,Medicamentos,marca
FMX-504851,7502008986933,Pioklean Spray C/130 Ml,Pioklean,98,1,Medicamentos,generico
FC-5112881,7501125112881,Pisacaina 2% 20 mg/ml Sol 50 ml,Pisacaina,105,1,Medicamentos,generico
FC-14377074,7503014377074,Playboy Playpack mixtos,Playboy,45,1,Higiene,marca
FC-06257603,7506306257603,Polvo Desodorante Rexona Effi Ant-Pro 200G,Rexona,81.0,1,Cuidado personal,marca
FC-95201021,7501289520102,Pomada Hipoglos Pac,Hipoglos,87,1,Otro,marca
FC-49025967,7501349025967,Pregabalina 75 mg C/14 AMSA,AMSA,41,1,Medicamentos,generico
EQ-MAV065,7502009740299,Presistin 1 Susp 0.1g/60ml,Maver,75,1,Medicamentos,generico
FC-48690046,7501048690046,Protec 13 Pzs Botiquin Primeros Auxilios,Protect,110,1,Botiquín,marca
FC-83510531,7501048351053,Protec gel Antibacterial,Protec,32.0,1,Botiquín,marca
FC-6B2ADEE9,7501109900008,Protect aerosol 200 dosis,Protect,155,1,Respiratorio,marca
FC-00E8A9C7,7502253600486,Protector Solar Fotosun UV100,Fotosun,155,1,Cuidado personal,marca
FC-58216029,7501258216029,Protector solar Serral FPS 50+ 60 g,Serral,60,1,Cuidado personal,marca
FC-49835773,7502214983573,Prudence Caribbean Sensitive Mix,Prudence,70,1,Higiene,marca
FC-49853867,7502214985386,Prudence Extra Pleasure C/3,Prudence,65,1,Higiene,marca
FC-14980596,7502214980596,Prudence Mora,Prudence,50,1,Higiene,marca
FC-14982446,7502214982446,Prudence Terremoto anillo vibrador + condón,Prudence,140,1,Higiene,marca
FC-14986031,7502214986031,Prudence gel lubricante íntimo Natural 100 ml,Prudence,130,1,Higiene,marca
FC-08344150,7503008344150,Prugnex Senósidos A-B 12 mg + ciruela 50 mg,Progela,60,1,Medicamentos,generico
FC-40069277,650240069277,QG5 alivio para la colitis 30 tabletas,Genomma,200,1,Medicamentos,marca
EQ-BEA468,7506624900908,Quetiapina,Beadvance,210,1,Medicamentos,generico
EQ-QUM068,7502223111288,Quimunex 1 Sol 100 Mg/100 Ml,Quimpharma,110,1,Medicamentos,generico
FC-90287992,7501590287992,Redbelgy (Cianocobalamina) 1000 mcg masticable,Biofarma Natural CMD,70,1,Suplemento,generico
FC-08421321,7501008421321,Redoxon 1g 2-pack Naranja,Redoxon,195,1,Vitaminas,marca
EQ-ULT056,7502216792197,Retoflam-F 10 Tab 215/15 Mg,Ultra,31,1,Antiinflamatorio,generico
FC-75075996,75075996,Rexona Happy Morning roll-on 50 ml,Rexona,46,1,Higiene,generico
FC-75076009,75076009,Rexona Happy Morning stick 45 g,Rexona,65,1,Higiene,marca
FC-93037806,7791293037806,Rexona Men Marine spray 150 ml,Rexona,77.0,1,Higiene,marca
FC-75069223,75069223,Rexona Men Sport Intense stick 45 g,Rexona,59,1,Higiene,marca
FC-93038223,7791293038223,Rexona Men Sport spray 150 ml,Rexona,77.0,1,Higiene,marca
FC-75062927,75062927,Rexona Powder Dry stick 45 g,Rexona,65,1,Higiene,marca
FC-40940732,850040940732,Ricitos De Oro 250Ml Aloe Y Calendula,Ricitos de Oro,61,1,Cuidado personal,marca
FC-22133019,7501022133019,Ricitos De Oro 400Ml Shampoo Lavanda + Plastil,Ricitos de Oro,83,1,Cuidado personal,marca
FC-36033735,0378360337358,Ricitos de Oro shampoo Agua de Coco 250 ml,Ricitos de Oro,60,1,Higiene,marca
FC-92730451,7501092793045,Riopan Sobres,Riopan,330,1,Gastro,marca
FC-19006104,7501019006104,SABA INTIMA REGULAR 10 TOALLAS,,18,1,Higiene,generico
FC-36084508,037836084508,SH GRISI PERRO AGRADE AVENA 400ML,Grisi,119,1,Higiene,generico
FC-36007279,037836007279,SH PERRO CONSE GUAU ALOE VERA 400ML,Conse,74,1,Higiene,generico
FC-19031137,7501019031137,Saba Amore con alas,Saba,15,1,Cuidado personal,marca
FC-68810713,7501168810713,Salofalk mesalazina 500 mg C/40 tabletas,Salofalk,600,1,Gastro,marca
FMX-505399,714908105650,Saludol-Corporal Gel C/100 Gr,SALUD NATURAL,80,1,Herbolario,generico
FC-08409534,7501008409534,Saridon EXH,Saridon,337.0,1,Medicamentos,marca
FC-75068622,75068622,Savilé bicarbonato y limón roll-on 45 ml,Savilé,40,1,Higiene,generico
FC-06215528,7506306215528,Savilé bicarbonato y limón spray 150 ml,Savilé,63,1,Higiene,generico
FC-75068639,75068639,Savilé bicarbonato y limón stick 45 g,Savilé,50,1,Higiene,generico
FC-92506120,7506192506120,Savilé shampoo Colágeno control caída 180 ml,Savilé,20.0,1,Higiene,marca
FC-06254503,7506306254503,Savilé shampoo Células Madre 180 ml,Savilé,20.0,1,Higiene,marca
FC-85592111,7501088559211,Scabisan,Scabisan,239,1,Producto,marca
FC-25407337,7502254073371,Seda Pure sílica spray argán 300 ml,Seda Pure,86,1,Cuidado personal,marca
FC-25407335,7502254073357,Seda Pure sílica spray uva 300 ml,Seda Pure,86,1,Cuidado personal,marca
FC-25407371,7502254073715,Seda Pure tratamiento bifase keratina 250 ml,Seda Pure,70,1,Cuidado personal,marca
FC-06249783,7506306249783,Sedal Rizos Def,Sedal,28,1,Higiene,marca
FC-98215099,7501298215099,Sedalmerck Max C/24,Sedalmerck,155,1,Analgésico,marca
FC-07457802,7501007457802,Sh. Pantene Brillo Extremo 750Ml,Pantene,136,1,Cuidado personal,marca
FC-46073118,7509546073118,Shampo Caprice Acti-Ceramidas,Caprice,37,1,Higiene,marca
FC-46073033,7509546073033,Shampoo Caprice Acti Ceramida,Caprice,25,1,Higiene,marca
FC-46073040,7509546073040,Shampoo Caprice biotina fuerza,Caprice,21.0,1,Higiene,marca
FC-46073156,7509546073156,Shampoo Caprice natural manzana,Caprice,37,1,Higiene,marca
FC-52817393,7509552817393,Shampoo Elvive Color-Vive Uv 680 Ml,Elvive,150,1,Cuidado personal,marca
FC-52963366,7509552963366,Shampoo Elvive Glycolic Cristal 680 Mln,Elvive,150,1,Cuidado personal,marca
FC-52874983,7509552874983,Shampoo Elvive Hidra Hialu Pure 680Ml,Elvive,150,1,Cuidado personal,marca
FC-52908718,7509552908718,Shampoo Fructis Borrador Dand 650Ml,Fructis,115,1,Cuidado personal,marca
FC-52962628,7509552962628,Shampoo Fructis Control Grasa 650 Ml N,Fructis,115,1,Cuidado personal,marca
FC-52816266,7509552816266,Shampoo Fructis Oil-R Liso Coco 650Ml,Fructis,120,1,Cuidado personal,marca
FC-22133286,7501022133286,Shampoo Grisi Rici Oro Miel,Grisi,84,1,Higiene,marca
FC-35020077,7500435020077,Shampoo Head & Shoulders Alivio Refrescante,Head & Shoulders,34,1,Higiene,marca
FC-98100381,7501089810038,Shampoo Herklin,Herklin,165,1,Higiene,marca
FC-31293231,7702031293231,Shampoo Johnsons Baby Manzanilla 200Ml,Johnson's,79,1,Cuidado personal,marca
FC-46650708,7509546650708,Shampoo Mennen lavanda extracto avena,Mennen,35,1,Higiene,marca
FC-07457796,7501007457796,Shampoo Pantene Brillo Extremo,Pantene,105,1,Higiene,marca
FC-35155847,7500435155847,Shampoo Pantene bambú control caída,Pantene,105,1,Higiene,marca
FC-01303464,7501001303464,Shampoo Pantene control caída,Pantene,95,1,Higiene,marca
FC-20500201,8101205002010,Shampoo Pert Aceite oliva,Pert,36,1,Higiene,marca
FC-36033742,037836033742,Shampoo Ricitos De Oro Lech Almen 250Ml,Ricitos de Oro,89,1,Cuidado personal,marca
FC-36032776,0378360327762,Shampoo Ricitos de Oro Biopure,Ricitos de Oro,96,1,Higiene,marca
FC-22130063,7501022130063,Shampoo Ricitos de Oro miel y argán 100 ml,Ricitos de Oro,42,1,Higiene,marca
FC-06249226,7506306249226,Shampoo Savile bio sábila crecimiento resistente,Savile,53,1,Higiene,marca
FC-06249776,7506306249776,Shampoo Sedal Ceramidas,Sedal,25,1,Higiene,marca
FC-40057489,650240057489,Shampoo Tio Nacho A-Cai C-Madre 415Ml,Tío Nacho,115,1,Cuidado personal,marca
FC-40259893,7798140259893,Shampoo Tio Nacho Ant-Dano Aloe 415Ml,Tío Nacho,115,1,Cuidado personal,marca
FC-40035166,650240035166,Shampoo Tio Nacho Antica En 415Ml,Tío Nacho,115,1,Cuidado personal,marca
FC-60101460,7506460101460,Sico Play Retardante condones C/3,Sico,74.0,1,Higiene,marca
FC-58368133,7501058368133,Sico Sensitive condones delgados C/9,Sico,240,1,Higiene,marca
FC-24510097,7502224510097,Silica Seda Pure 3N1 Papaya 120Ml,Sílice,74.0,1,Cuidado personal,marca
FC-54073302,7502254073302,Silica Shine Sily Oleo Argan,Shine Sily,57,1,Cuidado personal,marca
FC-24511629,7502224511629,Silica Shine uva,Shine Sily,57,1,Cuidado personal,marca
FC-00368802,6502400368802,Silka Medic spray,Silka,179.0,1,Dermatología,marca
FC-45720222,7502245720222,Silkhair Cereza 60 Ml Silica,Sílice,27.0,1,Cuidado personal,marca
FC-45720079,7502245720079,Silkhair Uva 120Ml Silica,Sílice,45,1,Cuidado personal,marca
FC-09745393,7502009745393,Siracux Adulto (Oxeladina/Ambroxol) 0.200-0.225 g/100 mL,Maver,69,1,Respiratorio,generico
FC-60101521,7506460101521,Soft Lub Pleasure 56.7 g,Vitacilina,150,1,Higiene,marca
FC-537102067,7501537102067,Soltrim trimetoprima/sulfametoxazol 40/200 mg/5 ml suspensión 120 ml,Soltrim,47,1,Antibiótico,generico
EQ-SON256,7502001166592,Sonblefan S 1 Cma .100 G/ 40 G,SON'S,52,1,Medicamentos,generico
FC-54054221,736085405422,Splash Tears Sol oftálmica,Splash Tears,178,1,Otro,marca
FC-F48-PIE180,7501044210491,Spray pie de atleta 180 ml,OLOREX,105,1,Cuidado personal,marca
FC-23001331,7501072300133,Sr. Ting pomada (ácido bórico),TING,95,1,Producto,marca
FC-80911178,7501080911178,Sterimar Cobre spray,Sterimar,225,1,Respiratorio,marca
EQ-ACC066,7506335700019,Steryx 30 Tab 5 Mg,Accord,65,1,Otro,generico
FC-43434622,7501943434622,Suavelastic Chico,Suavelastic,188,1,Higiene,marca
FC-43447615,7501943447615,Suavelastic Extra Jumbo,Suavelastic,325,1,Higiene,marca
FC-43444966,7501943444966,Suavelastic Jumbo,Suavelastic,313,1,Higiene,marca
FC-43444928,7501943444928,Suavelastic Mediano,Suavelastic,233,1,Higiene,marca
FC-43498815,7501943498815,Suavelastic Recién nacido,Suavelastic,145,1,Higiene,marca
FC-40035395,6502400353952,Suerox 8 Iones Coco 630 ML,Suerox,20.0,1,Hidratación,marca
FC-00661391,6502400661391,Suerox 8 Iones Frutos Rojos 630 ML,Suerox,20.0,1,Hidratación,marca
FC-40032325,6502400323252,Suerox 8 Iones Lima Limón 630 ML,Suerox,20.0,1,Hidratación,marca
FC-00323011,6502400323011,Suerox 8 Iones Naranja Mandarina 630 ML,Suerox,20.0,1,Hidratación,marca
FC-00801590,6502400801590,Suerox Mineral mora azul,Suerox,22,1,Bebidas,generico
FC-61009016,7147061009016,Sukrol,Sukrol,172.0,1,Vitaminas,marca
FC-30020570,6758730020570,Sukrol Hombre,Sukrol,162.0,1,Vitaminas,marca
FC-30020716,6758730020716,Sukrol Mujer,Sukrol,165.0,1,Vitaminas,marca
FC-88505454,7501088505454,Synalar Simple fluocinolona 0.025% crema 20 g,Synalar,222,1,Medicamentos,marca
FC-82790481,7501082790481,TAS DESMAQ NUVEL HIDRATANTES C25,Nuvel,38,1,Otro,generico
FC-08499689,7501008499689,Tabcin Active C/12,Tabcin,89,1,Respiratorio,marca
EQ-DEN074,7506476200126,Tadalafil Delaphil,DLP Pharma,145,1,Medicamentos,generico
FC-06217461,7506306217461,Talco Desodorante Rexona Effi Fresh,Rexona,90.0,1,Higiene,marca
FC-82790016,7501082790016,Talco Nuvel Pura para bebé,Nuvel,35,1,Higiene,generico
FC-35908130,7501035908130,Talco para bebé Mennen azul,Mennen,97,1,Higiene,marca
FC-35908116,7501035908116,Talco para bebé Mennen azul chico,Mennen,55,1,Higiene,marca
FC-35908147,7501035908147,Talco para bebé Mennen rosa,Mennen,97,1,Higiene,marca
FC-F48-TAMPREG,020800600323,Tampax Regular,Tampax,60.0,1,Higiene,marca
FC-49025844,7501349025844,Telmisartán 40 mg,AMSA / PISA,57,1,Hipertensión,generico
FC-58792792,7501058792792,Tempra,Tempra,85,1,Analgésico,marca
FC-60101231,7506460101231,Tempra XT Noche,Tempra,81.0,1,Analgésico,marca
FC-87630506,7501287630506,Terramicina oxitetraciclina 125 mg 24 trociscos,Terramicina,230,1,Medicamentos,marca
FL-5008459,7501065008459,Theraflu TD de día limón 10 sobres,Theraflu,230,1,Respiratorio,marca
FC-72300164,7501072300164,Ting polvo 45 g,Ting,88.0,1,Medicamentos,marca
FC-41500096,7501441500096,Tiraleche de cristal,DAN,52,1,Botiquín,marca
FC-19050473,7501019050473,Toalla húmeda Tena adulto EG,Tena,68,1,Cuidado personal,marca
FC-17360604,7501017360604,Toallas Kotex Regular Flujo Amb,Kotex,15.5,1,Higiene,marca
FC-43454811,7501943454811,Toallitas Humedas Huggies Cuidado Puro,Huggies,50,1,Higiene,marca
FC-40010712,6502400107128,Tukol-D jarabe Adulto,Tukol-D,159,1,Respiratorio,marca
FC-00315021,6502400315021,Tukol-D jarabe infantil,Tukol-D,174,1,Respiratorio,marca
FC-40006647,6502400066470,Ultra Bengue Gel,Ultra Bengue,140,1,GENERAL,marca
EQ-MAI078,785118752477,Urezol 20 Tab 100 Mg,MAVI,54,1,Otro,generico
FC-50342563,7502250342563,VITACILINA FACILA SERUM COLÁGENO,,148,1,Otro,marca
FC-50342570,7502250342570,VITACILINA SERUM VITAMINA C,,148,1,Cuidado personal,marca
FC-58208550,7501258208550,Valaciclovir Serral 500 mg C/10 tabletas,Serral,360.0,1,Medicamentos,generico
FC-D11D586A,7501573907688,Valgab 3 jarabe 6 mL,Valgab,39,1,Alergia,generico
FC-00331554,6502400331554,Vanart Rosa enjuague,Vanart,55,1,Cuidado personal,marca
FC-46640629,7501048640829,Venda de yeso 20 cm x 2.75 m,Protec,61,1,Botiquín,marca
FC-48640751,7501048640751,Venda de yeso 5 cm x 2.75 m,Protec,22.0,1,Botiquín,marca
FC-IFC-82912A,7506484500164,Venda-stick auto-adherente 7.5 cm × 4.5 m azul,Venda-stick,72,1,Botiquín,marca
FC-IFC-82912P,7506484500157,Venda-stick auto-adherente 7.5 cm × 4.5 m piel,Venda-stick,68,1,Botiquín,marca
FC-84500140,7506484500140,Venda-stick auto-adherente 7.5 cm × 4.5 m rojo,Venda-stick,68,1,Botiquín,marca
FC-09747366,7502009747366,Veridex ivermectina 6 mg C/4,Veridex,110,1,Medicamentos,generico
FC-01116200,7501001116200,Vick 44 Exp Infantil jarabe 120 ml,Vick,145.0,1,Respiratorio,marca
FC-35246309,7500435246309,Vick Drops jengibre pastillas C/20,Vick,48,1,Botiquín,marca
FC-02012475,7590002012475,Vicks Vaporub ungüento 100 G,Vicks,175,1,Botiquín,marca
EQ-LOE096,7502211786788,Vidalol Plus 20 Tab 10/500 Mg,Loeffler,77,1,Analgésico,generico
FC-36006028,7501836006028,Virindrez Infantil (Oximetazolina) 0.025%,Liferpal MD,36,1,Respiratorio,generico
FC-0287855,7501590287855,Vita Kid-C jarabe vitamina C naranja 240 ml,Vita Kid-C,65,1,Vitaminas,generico
FC-76000284,7506376000284,Vitacilina agua micelar agua rosas,Vitacilina,109,1,Cuidado personal,marca
FC-50342556,7502250342556,Vitacilina serum facial retinol,Vitacilina,140.0,1,Cuidado personal,marca
EQ-SOF041,7502274791163,Vixgoplisol 60 Tab 500 Mg,Solfrán,176,1,Medicamentos,generico
FMX-302906,7501590288838,Vizano Capsulas C/30,CMD,75,1,Vitaminas,generico
EQ-COL239,0780083149024,Volfenac Gel,Collins,78,1,Antiinflamatorio,generico
FC-65024688,7501065024688,Voltaren Dolo 25 mg C/20,Voltaren,245,1,Medicamentos,marca
FC-65085528,7501065085528,Voltaren Emulgel diclofenaco 1% 100 g,Voltaren,170,1,Medicamentos,marca
FC-01007656,7503001007656,Wamindel (Paracetamol) gotas 100 mg/mL,Wandel,20,1,Botiquín,generico
FC-50D044FF,7502240450780,Wermy,Wermy,45,1,Otro,generico
FC-40017100,6502400171006,XL-3 VR C/24,XL-3,125,1,Analgésico,marca
FC-46506198,7501846506198,Xiomara Elastik Wax telaraña 100 g,Xiomara,85,1,Cuidado personal,marca
FC-02163610,7503002163610,Xtreme gel Attraction hombre 250 g,Xtreme,30.0,1,Cuidado personal,marca
EQ-AVT218,7502209850231,Zagapsol amlodipino 10 tab 5 mg,Zagapsol,10,1,Hipertensión,generico
FC-00421821,7501300421821,Zivata-Duo dutasterida/tamsulosina,Zivata-Duo,593.0,1,Medicamentos,marca
FC-3D0ED22B,7502211784036,Zukedib,Zukedib,45,1,Diabetes,generico
FC-52D2A43A,7502211784029,Zukedib glimepirida 2 mg C/30,Loeffler,48,1,Diabetes,generico
FC-49020269,7501349020269,Ácido ursodeoxicólico 250 mg Caja con 50 cápsulas,AMSA,330,1,Otro,generico
