sku,nombre,precio,stock,available,departamento,categoria,uuid,imageUrl
7502280170136,PERILLA #4 ARFARM,39,1,1,PERFUMERIA,BEBES,3KKjHeeCQZmQBZuBnuOW13zPMKO,https://catalogue.sicarx.cloud/product/3ff98f2d-26db-4696-8cdb-bf7f1ee652c6
7501048695300,VENDA VENDALASTIC 7cm,10,5,5,CURACION,CURACION,3KKjHeeDv9iYIXXazJXzxW3wf3p,https://catalogue.sicarx.cloud/product/e194f9f4-7c7d-46d4-b276-22685a4142c1
7506309895208,NATURELLA MANZANILLA C/8,20,6,6,PERFUMERIA,HIGIENE,3KKjHeeFTHuxrPIHk5yQka7WR3P,https://catalogue.sicarx.cloud/product/f2e77ec4-edeb-4991-9634-2d51a29111b4
7502001162426,ARDOSONS C/20 Cap,89,2,2,GENERICO,COMPUESTOS,3KKjHeeXOCKzBirtZ89EWnHqs8T,https://catalogue.sicarx.cloud/product/5657815f-df10-4642-bdfd-1111967ab2f5
7501846500554,GEL XIOMARA PROFESIONAL 250g,20,2,2,PERFUMERIA,HIGIENE,3KKjHeenzdRbxqkz5MefcRIFl2g,https://catalogue.sicarx.cloud/product/1a61f3d8-2bb8-4458-be30-bbecda339426
650240010538,NEXT C/10 Tab 5%,48,4,4,PATENTE,PATENTE,3KKjHef0W7Wjuu1LBONPGxmYnoU,https://catalogue.sicarx.cloud/product/350965e3-2823-42f1-9f78-de4b8e01d4e5
7502009745997,PAMEDAN (DEXPANTENOL) 30g Crema,30,1,1,GENERICO,UNA FORMULA,3KKjHef3JdPyqcT4YoB8ecyNRxZ,https://catalogue.sicarx.cloud/product/d427031f-64e3-485a-8562-431e1cb91a94
7501361113000,TALCO O-DOLEX AMARILLO 300g,36,1,1,PERFUMERIA,HIGIENE,3KKjHefPoUQCqFuqD4K2nnagbbs,https://catalogue.sicarx.cloud/product/62ae6d4c-60da-416b-b161-cbd87509c3ff
7509546682310,PALMOLIVE NATURALS COCO 120G,22,1,1,PERFUMERIA,HIGIENE,3KKjHefZ9FryJDr4ppBiWN3yyar,https://catalogue.sicarx.cloud/product/8c7585fc-5388-461c-a766-b456cd2ec717
7501836000927,TINIAZOL SHA (KETOCONAZOL),73,1,1,GENERICO,UNA FORMULA,3KKjHeg8KSEiZyoTWnm7DGnq8jW,https://catalogue.sicarx.cloud/product/a5fd6a92-86ea-4793-9072-660f85ac6801
7502009745478,IDELIVER PRO 60mg (DULOXETINA) C/14 Tab,91,1,1,GENERICO,UNA FORMULA,3KKjHegHzFXgQMZYtiz0jXa8RfI,https://catalogue.sicarx.cloud/product/43b71b0d-bed0-4d95-956b-5274892c5f72
7501384541194,SERTRALINA 50MG C/14TAB ALPHARMA,30,3,3,GENERICO,UNA FORMULA,3KKjHegK0mM8Z70nh0H0aNgBKAl,
7501349022126,METAMIZOL C/3 INY AMSA,25,2,2,GENERICO,UNA FORMULA,3KKjHegoZrDXufKukdejH3mgi8Q,https://catalogue.sicarx.cloud/product/4375a2f1-87cb-42a4-90e7-89b9f56f614c
7501249606778,POSTDAY C/1 TAB 5%,95,6,6,PATENTE,OTC,3KKjHeh6RxweRe5QPuG3wsvCztM,https://catalogue.sicarx.cloud/product/c79c4544-1765-40e7-bc9a-84fa8cd6a96d
75076337,REXONA STICK V8 45G,60,1,1,PERFUMERIA,HIGIENE,3KKjHehPSCJclPtukEBkxkkhy5P,
7501349028845,POPRAM (PANTOPRAZOL) 40mg C/28 Tab,56,1,1,GENERICO,UNA FORMULA,3KKjHehudSdkjJy0tw7T1efoVyQ,https://catalogue.sicarx.cloud/product/b2bf1400-1c21-466b-943a-549b6cb76b4b
7501065060891,CONTAC ULTRA C/12 Tab 15%,43,3,3,PATENTE,OTC,3KKjHei58spIIOAh7ApWmeecOej,https://catalogue.sicarx.cloud/product/ccd505cb-672e-44ad-8cf1-970adc0d03d2
7501058743145,NUGGET CAFE 60ML,23,1,1,PERFUMERIA,HIGIENE,3KKjHeizdqCONP93c1uZmQmZ0pr,https://catalogue.sicarx.cloud/product/f432d5af-0cea-4482-a34b-c4e9f53069cd
7501023108894,MICROPORE CAFE 1 NEXCARE,39,8,8,CURACION,CURACION,3KKjHejFGqTK6yvUNQJJoUdvSle,https://catalogue.sicarx.cloud/product/d0e654a3-f04a-4503-b26b-f4a28bdb6c8e
7501349022768,CEFALOTINA 1g C/1 Amp AMSA,53,3,3,GENERICO,UNA FORMULA,3KKjHejIKKFOxB2gsLdchImYJov,https://catalogue.sicarx.cloud/product/a1cf9832-3205-43a8-a7b8-3d52361b2779
7502009744334,PRILVER (RAMIPRIL) 2.5MG C/16TAB,39,1,1,GENERICO,UNA FORMULA,3KKjHejRJXhu49hWvmvkmenqiKS,https://catalogue.sicarx.cloud/product/7e407874-3451-4e01-abd8-1817f41fdd8f
7503000422238,BACTIVER 400/80mg C/20 Tab,25,3,3,GENERICO,COMPUESTOS,3KKjHekuWVZK0uGdP64VRTA0KDl,https://catalogue.sicarx.cloud/product/54129dff-9e86-4819-a2d7-405168abf5da
TRO,TERRAMICINA TROCISCOS C/2,21,6,6,PATENTE,SUELTOS,3KKjHel4XuWfmApqMrhVoo3j4BN,
037836041259,CREMA HINDS CLASICA ROSA 90ML,24,1,1,PERFUMERIA,HIGIENE,3KKjHel95QPEsWNT6CwMntyrOiq,https://catalogue.sicarx.cloud/product/be94e051-f5d6-43cd-b839-28e6a7db4121
7501075721256,NATRAZIM 80mg (TELMISARTAN) C/14 Tab,70,1,1,GENERICO,UNA FORMULA,3KKjHelA1Xhnc9LeuOVst2U3QGq,https://catalogue.sicarx.cloud/product/edf79767-37bc-432e-8a54-4ee25f04d641
7501125155758,VITAFUSIN ADULTO C/1 FRASCO,353,1,1,PATENTE,PATENTE,3KKjHelEgLeGZm6I7YUzxxcwjuI,https://catalogue.sicarx.cloud/product/7973c878-a99b-4b0a-9578-96e7034d8778
7501128108027,EQUIPO VENOCLISIS NORMOGOTERO C/1 DL,15,5,5,CURACION,CURACION,3KKjHelOWErQVwL5mmhDMnl0Qh8,https://catalogue.sicarx.cloud/product/8ba2aad8-3356-4617-acf1-c2458dad1596
7501065026439,TESALON 100mg (BENZONATATO) C/20 Cap 15%,162,1,1,PATENTE,PATENTE,3KKjHem2PWJyPLGP7jP6CjJb6Br,
008400005823,TOBRAMICINA/DEXAMETASONA GTS 5ML GRIN,74,1,1,GENERICO,UNA FORMULA,3KKjHem4ThZvveKShUxvi9v6MAp,https://catalogue.sicarx.cloud/product/88f74cc8-072a-4b41-91cf-3a9a5e3debfe
7501573902928,KETOCONAZOL CREMA 30g BIOMEP,22,3,3,GENERICO,UNA FORMULA,3KKjHemAC3TkbNmVDj17oUmgc5f,https://catalogue.sicarx.cloud/product/8fc82db0-9b41-4ffd-94e1-d68b34bfebdf
7501037925579,TRAYENTA 5mg C/30 Tab,550,1,1,PATENTE,PATENTE,3KKjHen4VLzSEes8H6d1yRPLOm5,https://catalogue.sicarx.cloud/product/5308dff2-7f55-4f34-87ef-04a98c035165
7501349024045,BUTILHIOCINA C/3 INY AMSA,53,2,2,GENERICO,UNA FORMULA,3KKjHenQXk13J8MBASSskCVeNRu,https://catalogue.sicarx.cloud/product/3bfb9722-23ed-4eac-a09b-eec30f935fd0
7501075710786,CIRULAN TAB (METOCLOPRAMIDA) 10mg C/20,12,12,12,GENERICO,UNA FORMULA,3KKjHenVebr40JHkvkcMAG8IaRd,https://catalogue.sicarx.cloud/product/d6968614-d879-4973-aa29-5f5a36ec9679
7501019068713,SABA PANTIS DIARIOS C/16,20,2,2,PERFUMERIA,HIGIENE,3KKjHenwkbtGRZn5JZGRggt0iVP,https://catalogue.sicarx.cloud/product/67ffc2b3-8191-4572-9a06-a8ce41fbf8f4
7501109760541,NORMEX 360ml Suspencion,85,1,1,GENERICO,ESTOMACAL,3KKjHeoIAfMFa7mtAT3rks7M8dp,https://catalogue.sicarx.cloud/product/f6a1c2f7-2983-4af8-8ad6-c6b7f190bfb4
7501482200016,OMEPRAZOL 20MG C/120CAP SOLFRAN,72,1,1,GENERICO,UNA FORMULA,3KKjHeoxMKER2ksH54A9ApuiizB,
7501361124020,TALCO O-DOLEX AZUL 300g,36,1,1,PERFUMERIA,HIGIENE,3KKjHep1DMrf5IM9lYOC5mav3qv,https://catalogue.sicarx.cloud/product/2a4ce3e9-2cc3-4110-9be9-ea5d1804c227
FLANAX,FLANAX 550mg C/1,17,21,21,PATENTE,SUELTOS,3KKjHep36yx2ZSMCvZevL95xd2u,
mamila,MAMILA SILICON MA.ISABEL,14,23,23,PERFUMERIA,SUELTOS,3KKjHepaFNhya6bZCAlUXHUFW4p,
7501007532363,DRAMAMINE 50MG C/24TAB,202,1,1,PATENTE,PATENTE,3KKjHepycAPOhP4QflBHFP42cCf,https://catalogue.sicarx.cloud/product/773666e7-0781-41cb-8be3-3f7ea014e3ea
780083148966,GELMICIN CREMA 40g,27,3,3,GENERICO,COMPUESTOS,3KKjHeqU9t1VrTDX9ZNXFEKMW1k,https://catalogue.sicarx.cloud/product/4f37cb2c-8ed7-4335-9cba-16ad53c03f9a
650240074455,SUEROX UVA-MORA AZUL,20,1,1,CURACION,CURACION,3KKjHerlCtK1PcPv2jiY4waM4Q4,https://catalogue.sicarx.cloud/product/3e7e5171-5258-4c52-89dd-dac46d140300
7501349021181,CEFALEXINA 500mg C/20 Cap AMSA,63,1,1,GENERICO,UNA FORMULA,3KKjHerqJZjUKnfHV3dhfnCeoEp,https://catalogue.sicarx.cloud/product/7b93d7d5-fc79-4ba7-8838-8d43c335a2ce
7501349024267,KETOROLACO C/3 INY AMSA,18,1,1,GENERICO,UNA FORMULA,3KKjHesQj7usp7EVUlDHweJa9AP,https://catalogue.sicarx.cloud/product/f49d0c6d-387a-47af-9ff4-f1f21fe29edf
7506306226739,AXE CONVICTION DESODORANTE 150ML,70,1,1,PERFUMERIA,HIGIENE,3KKjHesYDtAUnRKvhB2sh22TA8c,https://catalogue.sicarx.cloud/product/5766f64d-08b1-4ad7-aef7-528a9e126db1
650240035395,SUEROX IONES COCO 630ml,20,5,5,CURACION,CURACION,3KKjHesi4lxRUHiEQhTPbaOpm4w,https://catalogue.sicarx.cloud/product/aeced7a9-5eb1-4e9c-8401-898dca376bbb
650240011153,LOMECAN V (CLOTRIMAZOL) 3 DIAS CREMA,151,1,1,PATENTE,PATENTE,3KKjHet6jvlKVXShnUrqMqhnZIS,https://catalogue.sicarx.cloud/product/bbc7ee9b-6ac1-4a97-b7cd-53c237ac1892
7501054504870,LABELLO AZUL ORIGINAL C/1,72,1,1,PERFUMERIA,HIGIENE,3KKjHetXnTfgvoaoPFO9HK3hIrA,https://catalogue.sicarx.cloud/product/0c370963-9225-4c9c-afcd-f8b12e6c74eb
7501258205863,VISERTRAL TAB (CETIRIZINA) C/10,32,1,1,GENERICO,UNA FORMULA,3KKjHeu1dbWDgpGcvfRqLDJp7fi,https://catalogue.sicarx.cloud/product/872888ae-07cb-4915-a012-9249457f0e10
3311000003494,SULFATIAZOL POLVO 2g MERCURIO,5,33,33,CURACION,CURACION,3KKjHeuQSRxkX2qNuC2r9EC7vjy,https://catalogue.sicarx.cloud/product/bb3b6dd0-fd51-4109-90a6-4e9058c285db
7501070600556,SYNCOL C/24 TAB 20%,153,1,1,PATENTE,PATENTE,3KKjHeuomG2g1rIREwH4vvXTbmj,https://catalogue.sicarx.cloud/product/0e146c2f-40f4-453f-b215-63ff0d7182a5
7506346604917,LAVA OJOS C/1 KHON,8,5,5,CURACION,CURACION,3KKjHevId9MxyTMAuNskoONUvOv,
7503002045312,ESENCIA DE CLAVO 10ml,20,2,2,CURACION,CURACION,3KKjHeveaEy0mePzXEDgIB2LeBC,https://catalogue.sicarx.cloud/product/856c1994-f033-4431-870c-69f4baebe240
7502208892355,CILOCID 5MG C/20TAB (AC. FOLICO),12,2,2,GENERICO,UNA FORMULA,3KKjHew26t1LseRVB1v7IZO3u0T,https://catalogue.sicarx.cloud/product/6973d615-02c4-4e53-9194-29110debcc8e
7502004403502,VO-REMI C/5 Iny,87,2,2,GENERICO,COMPUESTOS,3KKjHew5gJXcYb9vYDfN2238cpm,https://catalogue.sicarx.cloud/product/3ed3f47b-3511-4f27-af70-47d683358021
7501563024524,PUNZOCAT #16 NEGRO,17,2,2,CURACION,CURACION,3KKjHewET5JsOJuS3HbDoIyEBFf,
EUCA,EUCALIPTINE C/1 Iny 15%,45,10,10,PATENTE,PATENTE,3KKjHewFfoix5DjDFI6Vr2mvxC5,
7501088505355,ALIN OFT (DEXAMETASONA) GTS 5ml 15%,102,1,1,PATENTE,PATENTE,3KKjHewMJtnn6vcLknwGopFbLrU,https://catalogue.sicarx.cloud/product/a77ac2c2-2cad-425c-854a-217b6e17b268
7500435141796,OLD SPICE MAR PROFUNDO SPRAY 150ML,91,1,1,PERFUMERIA,HIGIENE,3KKjHewbJErYfe5pLs4z5rnwq9T,https://catalogue.sicarx.cloud/product/2c3205f8-c96d-4463-8c36-196339dd5063
7502009745980,ALTIVER 50mg (CAPTOPRIL) C/30 Tab,19,2,2,GENERICO,UNA FORMULA,3KKjHewocBwpfDmpUywKK65ZA1x,https://catalogue.sicarx.cloud/product/e49f8541-3045-4d19-af22-8e7b8d77f5d2
650240017094,XL-3 XTRA C/12 Cap 5%,69,5,5,PATENTE,OTC,3KKjHex41Py9cQ945vTl5tMxb1m,https://catalogue.sicarx.cloud/product/7654676c-72fc-4403-b557-77174e22a150
037836041396,HINDS ALMENDRAS CREMA CORPORAL 400ML,59,2,2,PERFUMERIA,HIGIENE,3KKjHexw4SdXF8W0UIr3BeK8Cpp,https://catalogue.sicarx.cloud/product/75fe2714-a589-43e7-b7dd-fc29588ea468
7501033963292,PEDIASURE +10 VAINILLA 220ML,55,1,1,PATENTE,OTC,3KKjHeyEpCWiCRvVcmfQQV1lBnN,
7501258215954,MURREOLAK TAB (ACETILCISTEINA) 600mg C/10 Tab,192,1,1,GENERICO,UNA FORMULA,3KKjHez3ZlGhBXdfBBSX7rv5cCH,
7500462746698,AJOLOTIUS PROPOLEO AMARILLO 250ml,118,1,1,PATENTE,OTC,3KKjHez67Z9vGYmWp7OTh6jJTMa,https://catalogue.sicarx.cloud/product/be1f3c61-551e-463b-b048-af9152fa7c1a
7502009749209,LUMBOXEN PARCHES C/1,35,3,3,CURACION,CURACION,3KKjHezGl1PIo0W6WvCwcwZyZxn,https://catalogue.sicarx.cloud/product/2d8c8221-97f1-4e4c-9432-e3e59514d0b9
750123459905,LINAGLIPTINA/METFORMINA 850/2.5mg C/60 Tab,525,1,1,GENERICO,COMPUESTOS,3KKjHf08FxvLGigjSFYpgs5GeZb,
7503008344211,PROGELBEN (BENZONATATO) 100mg C/20 Cap,27,5,5,GENERICO,UNA FORMULA,3KKjHf0zZz7o72iRh9rdk5D8FJA,https://catalogue.sicarx.cloud/product/797b2bcf-2232-407c-8075-2c9e97e96151
7502223111202,PHARMACAINE SPRAY (LIDOCAINA) 115ml,155,1,1,GENERICO,UNA FORMULA,3KKjHf19q91UgyL8yADehhrABbu,https://catalogue.sicarx.cloud/product/6e8345d5-a791-4d26-a330-1b130c5249f8
7502214983375,LEVONOGESTREL 1.5MG C/1TAB PRUDENCE,26,3,3,GENERICO,ANTICONCEPTIVO,3KKjHf1AXljl2pSPrjOcpDuh2td,https://catalogue.sicarx.cloud/product/02c48775-4ccf-4f07-84bd-cdacd5d98057
7501590286100,HUCIUS C/30CAP,135,1,1,GENERICO,HERBOLARIO,3KKjHf3GHqsLJvETaTWjecOAU3g,
7509546073057,SHAMPOO CAPRICE MAMEY 200ML,19,2,2,PERFUMERIA,HIGIENE,3KKjHf3O4mZErTqTM1zbuSr0Zb3,https://catalogue.sicarx.cloud/product/1ca4b285-47ee-47bd-83ec-8f6d2187b81b
7502214980015,PRUDENCE CLASICO C/3,38,5,5,GENERICO,ANTICONCEPTIVO,3KKjHf3VVGJ5ekwce8RQGkx8XeD,https://catalogue.sicarx.cloud/product/8d14cd7a-e6d9-4c45-80b5-a16c17334d5c
7501573908111,BIXEN 275mg (NAPROXENO) C/20 Tab,33,3,3,GENERICO,UNA FORMULA,3KKjHf3uh516TcxipHXbpxrzvzT,https://catalogue.sicarx.cloud/product/eff3dd0b-413c-4642-9c23-ab71223b1ab0
PERSUE82226,POMADA P/LABIOS JALOMA C/1,7,36,36,PERFUMERIA,SUELTOS,3KKjHf5JD6LqCeHEYg5QTqh0rBy,
7502009741500,CEFABROXIL TAB C/15,72,2,2,GENERICO,COMPUESTOS,3KKjHf5PAhCrDbPOFIj38Pcxxvd,https://catalogue.sicarx.cloud/product/33d01b8d-f340-43aa-a9b8-5ede62773a29
7501573900252,WADIL 500/5mg C/30 Tab,44,1,1,GENERICO,COMPUESTOS,3KKjHf5neBV1HEHjMxX2JaJq6nO,https://catalogue.sicarx.cloud/product/54386306-717b-42a5-bc84-ab883995982d
7509552909821,OBAO ROSA ROLL ON 65G,37,1,1,PERFUMERIA,HIGIENE,3KKjHf63HE1uR9fqovr9VGsjbF7,https://catalogue.sicarx.cloud/product/843affbf-3991-418d-8596-4ec881573640
7501314704156,SENOCIAN AD. C/10 Sup 10%,87,1,1,PATENTE,PATENTE,3KKjHf68i9qT885PP8W9FstWPjm,https://catalogue.sicarx.cloud/product/a24609a4-e965-4894-8131-d0fa6ddf8ed8
7502276040405,DESENFRIOL-ITO PLUS C/24 Tab 15%,74,1,1,PATENTE,OTC,3KKjHf6pJ0BPjqpoI61DzBUoMgd,https://catalogue.sicarx.cloud/product/838882ec-aca9-45e0-9e26-43b07ee0b9d4
7502009749421,DEXPANTENOL CMA 5% TATOO,31,2,2,GENERICO,UNA FORMULA,3KKjHf7FykampCdEsaBZKqOXRgR,
7502009741296,CEFAGEN 250mg(CEUROXIMA) Susp.50ml,123,1,1,GENERICO,UNA FORMULA,3KKjHf7LTzmOCc4VNmeKHY0PsZP,https://catalogue.sicarx.cloud/product/810d098f-e7b5-4863-982c-0d2bb0a5934d
7502208894960,PORTEM 500 Mg (PARACETAMOL) C/10 Tab,9,4,4,GENERICO,UNA FORMULA,3KKjHf83weWNa05Mgvh88MnwE36,https://catalogue.sicarx.cloud/product/ddbca7b7-ad01-4f33-af1e-ccb93f806ed6
7702031288497,LISTERINE MENTA AZUL SUAVE 250ML,72,1,1,PERFUMERIA,HIGIENE,3KKjHf8IMscTGCdIBKYeK6TqkSK,https://catalogue.sicarx.cloud/product/cfb18284-e013-44fd-9680-41b1f182fc5a
7506624900571,ADRECORT (DEXAMETASONA) 1mg C/20 Tab.,36,1,1,GENERICO,UNA FORMULA,3KKjHf8PhcjgJVO9wDYk1QG5JSn,
7509546072050,SHAMPOO MENNEN CLASICO 200ml,35,2,2,PERFUMERIA,HIGIENE,3KKjHf8T89ogZcRgrH5QXWbZQlI,https://catalogue.sicarx.cloud/product/d2e2ee9d-e2b8-478a-93b0-6eb2831abc14
7502006920519,BREGAMIN ADULTO C/12 Tab,26,1,1,GENERICO,COMPUESTOS,3KKjHf8rgf0gIyGrk6jNhuobRR7,https://catalogue.sicarx.cloud/product/9a109bfd-3ce3-47ec-ab65-f6f3d91960bc
7502009745027,"GALAVER SUSP (DIMETICONA,MAGALDRATO) 250ml",70,1,1,GENERICO,ESTOMACAL,3KKjHfBINzKklT2Hc8JAeLnFiYz,https://catalogue.sicarx.cloud/product/7fb590ac-2e15-4efd-8bfa-33359e9679d4
7502009740657,LARITOL EX SOL 120ML,30,1,1,GENERICO,COMPUESTOS,3KKjHfBVhMdRifB0chTRuu3LIT7,https://catalogue.sicarx.cloud/product/e6f98d98-a18e-425a-8378-d95aad81abe0
7502001167254,ANNEM´S (PROGESTERONA) GEL 80G,130,1,1,GENERICO,UNA FORMULA,3KKjHfC2xx6RfMCheoOpfLAvvay,
7501033954085,ENSURE VAINILLA 237ml,55,2,2,PATENTE,OTC,3KKjHfCPSm8VIggwRDIVYDpHVwM,https://catalogue.sicarx.cloud/product/37bd3175-a9fb-4dfa-b87b-448dfce031bf
037836041297,HINDS INSPIRACION CREMA 90ML,24,1,1,PERFUMERIA,HIGIENE,3KKjHfCW1dJuNtLP5tpat5pcrFb,https://catalogue.sicarx.cloud/product/7bb60887-08c5-4e1e-8afb-866fd4a7f790
4005900515933,NIVEA MEN FRESH OCEAN AEROSOL 150ML,75,1,1,PERFUMERIA,HIGIENE,3KKjHfCehlV9LynDVGxA85Q2CGJ,https://catalogue.sicarx.cloud/product/aa2aa6dd-c289-4dde-b87d-e6332ad81e4b
7502259891376,ZULIK C/90 Tab,83,1,1,GENERICO,VITAMINAS,3KKjHfCojvpzkr2EJZ8HaAW5ydd,https://catalogue.sicarx.cloud/product/4c00f558-cbc0-4463-85fc-4fb4fb3a6b32
7501825300274,DEBEQUIN C ADULTO JARABE,77,1,1,GENERICO,COMPUESTOS,3KKjHfD33T5QZM4mvllbRV4gYcn,https://catalogue.sicarx.cloud/product/5d6ab083-0509-4f10-8219-7ade34dc1118
7502221181337,BRUT CLASSIC DESODORANTE 208ML,79,2,2,PERFUMERIA,HIGIENE,3KKjHfDXeRRneI656wOTMDKlUv6,https://catalogue.sicarx.cloud/product/db8771e9-c494-4c7d-b05c-e7eab4e6e77c
7501573904762,DIONIXOL 50mg (SILDENAFIL) C/4 Tab,14,6,6,GENERICO,UNA FORMULA,3KKjHfE070xfzMXCxw46uieHwIo,https://catalogue.sicarx.cloud/product/c560ce25-88b6-4a18-9501-9508f33a6149
780083148577,AMPIGRIN JBE 60ML,36,2,2,GENERICO,COMPUESTOS,3KKjHfEGV4aJ7TpkMEdJj2zf3cH,https://catalogue.sicarx.cloud/product/c6339396-924b-4657-ad20-eee670fe271b
7502009745805,COBADEX GTS,43,1,1,GENERICO,COMPUESTOS,3KKjHfEOOhZhPOL4hhsps7sjPBP,https://catalogue.sicarx.cloud/product/10f79c5c-adba-48da-80e9-9392780b6fe2
7503008344495,LACTOPRAM CHOCOLATE INF. C/20 Cap,31,1,1,GENERICO,ESTOMACAL,3KKjHfEgLjj840rurXm2MA9Bf1Q,https://catalogue.sicarx.cloud/product/d2ece241-d6e3-4ac5-957c-bc29b4b259d6
7501563382020,SALES DE POTASIO C/50TAB RANDALL,158,1,1,GENERICO,UNA FORMULA,3KKjHfEi9WDTKYw71uHEP25uKUr,
7502221012303,CLARIS TOALLITAS DEMAQUILLANTES C/40,24,1,1,PERFUMERIA,BEBES,3KKjHfEpUC7x9w9O0TNVVaICyke,https://catalogue.sicarx.cloud/product/faab2223-a11e-4c5d-b3d3-86285defdb62
7501563382655,BIORE 20MG (OMEPRAZOL) C/14CAP,8,8,8,GENERICO,UNA FORMULA,3KKjHfErchCHgpSVIjTZD5vQbg3,
7501370230019,LIJA PIE CURTIS GRANDE,24,2,2,PERFUMERIA,REBOTICA,3KKjHfGzfL9JgOEQzGdqqkkCm6F,https://catalogue.sicarx.cloud/product/db9052c1-0c2f-4063-ae36-d1b41891748c
7501384543990,LAMOTRIGINA 25mg C/28 Tab PSICOFARMA,43,2,2,GENERICO,UNA FORMULA,3KKjHfH3AvOhqWFGr4PENJAvHxp,https://catalogue.sicarx.cloud/product/873d9783-d6d1-4430-a3c3-989757030d29
041333014630,PILA DURACELL AA C/2,46,1,1,PERFUMERIA,REBOTICA,3KKjHfH77mqWFW2jlvZfrLPm6NA,https://catalogue.sicarx.cloud/product/be44e5a0-906c-4d8f-ae45-1dc9e893ca7c
7501537102999,KY6 C/10 Tab,16,4,4,GENERICO,COMPUESTOS,3KKjHfHBsVrhuHHszd4dWUih33f,https://catalogue.sicarx.cloud/product/5c1ab33a-856e-431d-985f-6e1162748645
7502003389401,CLONIXINATO DE LISINA/DICLOFENACO C/14TAB RAYERE,249,1,1,GENERICO,COMPUESTOS,3KKjHfHDtIqInVUwQyarkOY7paL,
7503003134398,SENSIPHARMA0 5% (LIDOCAINA) UNGUENTO,52,2,2,GENERICO,UNA FORMULA,3KKjHfIS80M5EY3XM8Z6gZhSEAk,https://catalogue.sicarx.cloud/product/a4cbe5fc-24ff-4dea-8c18-2aaf0b110be2
7501065000842,THERAFLU TD DIA C/1,25,5,5,PATENTE,SUELTOS,3KKjHfIXcrLkwTzGrEa6eTZZb1z,
7506022300782,JERINGA 3ml AZUL SENSI,4,83,83,CURACION,CURACION,3KKjHfJ2RWzC5c5kJ5XKkmkaWYQ,https://catalogue.sicarx.cloud/product/5bbe33a3-03e9-4a9c-94fb-7d70a2216d21
7591005574007,RAIDOLITO ESPIRAL VERDE C/10,29,2,2,PERFUMERIA,REBOTICA,3KKjHfJK7UnCeePDK2YfGEqCEOp,https://catalogue.sicarx.cloud/product/90a47d32-69e3-45bf-ae36-5d3e33d5f454
7502213042745,PROTAISOL SPRAY (BROMURO DE IPATROPIO),153,1,1,GENERICO,UNA FORMULA,3KKjHfJdMkPEmqkAJE68LbCyGQF,https://catalogue.sicarx.cloud/product/6fd22bab-cdd8-4438-b82e-54b671557000
7500435145510,HERBAL ESSENCES SHAMPOO ROSE HIPS 865ML,164,1,1,PERFUMERIA,HIGIENE,3KKjHfJpFg98516oaZJiZH3lP8T,https://catalogue.sicarx.cloud/product/0e711a02-f31c-4824-a549-0ada148c1d6b
7502213042066,PROXSAFLO 750mg (LEVOFLOXACINO) C/7 Tab,60,2,2,GENERICO,UNA FORMULA,3KKjHfKgFck1SKXYm8jJy3US1jf,https://catalogue.sicarx.cloud/product/33ef435f-0366-4891-a4d9-5e26481eb3eb
7501573909903,DOCSI JBE (CLORFENAMINA) 120ml,21,4,4,GENERICO,UNA FORMULA,3KKjHfLfyvwcisS7AiiIacrWypZ,
7501573904786,DIONIXOL 100mg (SILDENAFIL) C/4 Tab,20,4,4,GENERICO,UNA FORMULA,3KKjHfLtKpwpoKWaUqh5exFFTbw,https://catalogue.sicarx.cloud/product/7ae04fbd-dbba-403d-8ed4-8ba3aa422592
7502009742828,LARITOL (LORATADINA) 10MG C/20TAB,13,2,2,GENERICO,UNA FORMULA,3KKjHfM7l97aE1GgasFQ4vJ1L6R,https://catalogue.sicarx.cloud/product/10b00757-aead-4c02-911d-be730e7a797c
7502240451015,ROSEL GTS 30ml,43,2,2,GENERICO,COMPUESTOS,3KKjHfM9Mfm7zruN1Z2us6mLSRN,https://catalogue.sicarx.cloud/product/6cf6b72b-6ee6-4bcf-9a25-1920395fa4a7
7501349021808,CEFOTAXIMA 500mg C/1 Iny AMSA,46,3,3,GENERICO,UNA FORMULA,3KKjHfMLHMB7DHKHkLkV2IQAyov,https://catalogue.sicarx.cloud/product/4c0d433e-40c6-45fe-b9c2-5d30c3a7cc47
008400009166,"HIALURONATO, OXIMETAZOLINA",87,1,1,GENERICO,GOTAS,3KKjHfNCQRkqz7bnoT31sW0v45E,
7500435214797,HERBAL ESSENCES SHAMPOO GRANADA 600ML,130,1,1,PERFUMERIA,HIGIENE,3KKjHfNUqD0VJKLTZTMCGUYvxCK,https://catalogue.sicarx.cloud/product/b281038d-1a67-4cfc-b3a1-9625b6ce6a72
7502001163485,CLOTRIMAZOL DUAL (CLOTRIMAZOL) C/3,76,3,3,GENERICO,UNA FORMULA,3KKjHfNYuuRLOnc080zZk9HrnTX,https://catalogue.sicarx.cloud/product/0c373174-6bd3-4475-8a63-a954e60013cb
recarga150,RECARGA $150,151,,,RECARGAS,RECARGAS,3KKjHfNwRCpEeEtODOYPwvFn4m5,
7502009745584,OPPELVER JBE (LACTULOSA),79,2,2,GENERICO,UNA FORMULA,3KKjHfNxLHDP5p7MDegtzpim6yr,https://catalogue.sicarx.cloud/product/8cba9117-9202-46ec-a649-579864db5422
7501287678034,BONADOXINA 25mg C/25 Tab 15%,371,1,1,PATENTE,PATENTE,3KKjHfOzgMVkQtS9g1E7sBQzR2s,https://catalogue.sicarx.cloud/product/f1ce8785-1ec0-4cf7-af95-4ea50d028416
7501072300171,TING TALCO 85G,131,1,1,PERFUMERIA,HIGIENE,3KKjHfPDR0WbTwHPKyBolgKYYat,https://catalogue.sicarx.cloud/product/7ac199b9-a4c0-4f2b-a247-c7c595f6e2c8
7501349024922,CITALOPRAM 20mg C/14 Tab AMSA,54,1,1,GENERICO,UNA FORMULA,3KKjHfPWyJ8paTsJYq5ba211YmD,https://catalogue.sicarx.cloud/product/5e6e6a8d-347e-479d-96c7-4edb5cd13df8
7502009748028,SOL SUN 50FPS 100G,78,1,1,PERFUMERIA,HIGIENE,3KKjHfPheoLUleM5rM18p9WLU0M,
785118752941,MAVIFEM CMA (CLINDAMICINA/KETOCONAZOL) 30g,109,1,1,GENERICO,COMPUESTOS,3KKjHfQ4hpSqAVo4kOenaZT3bt0,https://catalogue.sicarx.cloud/product/95456a92-9cd4-4342-9304-00d53a1a92dd
ESPONJA,ESPONJA BABY KLIN,12,9,9,PERFUMERIA,REBOTICA,3KKjHfQ6WRy79BTWsawdbLy9Dq1,
7502009747359,VERIDEX 6mg C/2 Tab,57,2,2,GENERICO,UNA FORMULA,3KKjHfQZQUmK4Le38d7drvWqZYJ,
7502211781745,PIREMOL (PARACETAMOL) 300mg SUPOSITORIOS,28,1,1,GENERICO,UNA FORMULA,3KKjHfR00SZbOGRiA8ML1YzzVyH,https://catalogue.sicarx.cloud/product/6f1f1237-6e1f-40d2-8b62-dc37b411f65a
7502276040351,LOTRIMIN CREMA 20g 15%,85,1,1,PATENTE,OTC,3KKjHfRYFlY4sOqbSpKgmFWYiN6,https://catalogue.sicarx.cloud/product/5f9116e7-de19-42ff-8f40-40a74c72dde0
7502211784272,LOFFYMIX DUO C/7 OV LOEFFLER,98,4,4,GENERICO,COMPUESTOS,3KKjHfRmU8NoM5bcDs44c4UJBTQ,https://catalogue.sicarx.cloud/product/e1e8a706-6a6d-451e-b60c-37a462b953e4
7502227425039,GELPRIM 10mg (NIFEDIPINO) C/20 Cap,49,3,3,GENERICO,UNA FORMULA,3KKjHfS0NRZE75txO15XMqCGfyK,https://catalogue.sicarx.cloud/product/cfb81525-6933-4572-82d5-152937482c70
7502009746079,BROMIXEN SUSP (AMOXICILINA/BROMHEXINA),30,1,1,GENERICO,COMPUESTOS,3KKjHfS22ADIrRhW03FpXZeXHms,https://catalogue.sicarx.cloud/product/d79d2a16-0fdf-4b7c-9754-d89ca12b6850
7501349029071,SOLURAL COCO 500ml,22,1,1,CURACION,CURACION,3KKjHfSa49peYy9QRXosjewcVZ6,https://catalogue.sicarx.cloud/product/5aacd9e1-68d7-4017-b5c7-d1f06b590dad
7501075719260,DEVIPLAT (CLOPIDOGREL) 75 MG C/28 Tab,69,1,1,GENERICO,UNA FORMULA,3KKjHfShuoXht3ECKCzUuWhunIw,https://catalogue.sicarx.cloud/product/684f5628-6654-446d-8d4f-87cf3d154ed7
3311000003722,OXIDO ZINC SOBRE MERCURIO,5,45,45,CURACION,CURACION,3KKjHfTVaFe6O0JKJrxiB1fG0no,https://catalogue.sicarx.cloud/product/7e794d66-fc74-4ec2-8af1-1c6356a26442
7502213042134,FHRESHMIN (MICONAZOL) CREMA 20g,20,5,5,GENERICO,UNA FORMULA,3KKjHfTeOQ9YkAX4qqWLU93kDQa,https://catalogue.sicarx.cloud/product/fb1fd67d-4d20-4110-b100-a80aaafffa43
7501008485408,TABCIN 500 C/12 Tab. Eferv.15%,60,1,1,PATENTE,PATENTE,3KKjHfTh4mO5aSm5uGlboRUMnV8,https://catalogue.sicarx.cloud/product/7754cc4a-b137-43a3-ac47-3c2a61502ad0
7501048660490,JERINGA 3ml VERDE PROTEC,4,15,15,CURACION,CURACION,3KKjHfU5oTsLsrtCWtJwM7YCOae,https://catalogue.sicarx.cloud/product/5802c685-1a7f-4a0f-a94a-1aa4a8b87a00
7501103304819,ESPONJABON T.TAIO AC. HIALURONICO,34,1,1,PERFUMERIA,HIGIENE,3KKjHfUNIULT3KS9WuEItkLkPdL,
7509546063706,SPEED STICK ULTRA AEROSOL 150ML,84,2,2,PERFUMERIA,HIGIENE,3KKjHfUTIU8lki8A3u4FCuGowaJ,https://catalogue.sicarx.cloud/product/1ab089e0-b7b1-41eb-b48f-730eb25bc016
7501075721164,NATRAZIM 80mg (TELMISARTAN) C/28 Tab,82,2,2,GENERICO,UNA FORMULA,3KKjHfUVSJoP2AJpUxr0iuOhws4,https://catalogue.sicarx.cloud/product/b215e767-4fe6-41dc-ab42-307fd3a20d0f
7502227426449,NESAJAR C/16 (PINAVERIO/DIMETICONA) C/16 Cap,160,1,1,GENERICO,ESTOMACAL,3KKjHfUtmTxWcPI4o1Pkgeho0Lw,https://catalogue.sicarx.cloud/product/f2ae3ac8-8f8d-45ba-aba7-03777807e96c
7501035914063,WILDROOT 250ML,92,1,1,PERFUMERIA,HIGIENE,3KKjHfUwP8QcVtyHoa7ebuxtf8y,https://catalogue.sicarx.cloud/product/55c5dd37-3f23-470d-a741-70ae6c5bfd2d
7502214982491,PRUDENCE UVA C/3,51,2,2,GENERICO,ANTICONCEPTIVO,3KKjHfVj6YiWwih87EGIrnLUK5C,https://catalogue.sicarx.cloud/product/fe5174b3-b3a8-4658-9ca8-a2fab4e0c291
7501027286024,OBAO ACTIVE ROLL ON 65G,39,1,1,PERFUMERIA,HIGIENE,3KKjHfVjewoRdPrbXWD8xQnHOvK,https://catalogue.sicarx.cloud/product/1a87b507-9d9f-4920-925d-5f407dc9c2a9
7501547509016,INDARZONA C/30 CAP,91,3,3,GENERICO,COMPUESTOS,3KKjHfVyIOO5WcH5XZ6IUbcrEwY,https://catalogue.sicarx.cloud/product/1ee99dc7-1968-4148-b5c3-8b7dc4cee969
7501349020740,AMIKACINA 100MG C/1INY AMSA,14,2,2,GENERICO,UNA FORMULA,3KKjHfW4W8j0e93fZ4j5BIkl76x,https://catalogue.sicarx.cloud/product/e6bcc7b4-4828-4287-84b1-ed83e2e68a68
7502009745522,GALAVER SBRS (MAGALDRATO/DIMETICONA9 C/10,72,1,1,GENERICO,ESTOMACAL,3KKjHfW5HfRwkUSrJUCxkU34C9T,https://catalogue.sicarx.cloud/product/8b198fc1-43ee-403a-9d14-6b7fefddcf12
7503003738879,ROSEL-T C/15 TABLETAS,31,4,4,GENERICO,COMPUESTOS,3KKjHfWAxm5lFIi2S3A9QBRFEtm,https://catalogue.sicarx.cloud/product/eec54bc6-13f9-48ec-9d08-376e1e25e2e6
7501349012172,PENIPOT 400ui (BENCILPENICILINA) C/1 Iny,29,5,5,GENERICO,UNA FORMULA,3KKjHfWKkBcWbtLd9PzXUUGL1g0,https://catalogue.sicarx.cloud/product/f433c901-bb83-4ea7-9d9c-2f958e72bb13
SEGURITOS,SEGURITOS #0 C/6,3,23,23,PERFUMERIA,REBOTICA,3KKjHfWibcs7eBPjhN2C0m9bzln,
7502001166028,NEODERM-F (FLUOCINOLONA/NEOMICINA) CREMA 30g,40,2,2,GENERICO,COMPUESTOS,3KKjHfXDHMYmkaPqGIxh0Lk6Jm8,https://catalogue.sicarx.cloud/product/696e49be-2d72-4c11-81f6-2d569000d683
7501065085191,VOLTAREN EMULGEL 30G,97,1,1,PATENTE,OTC,3KKjHfXRm17tWpp922k5Vaw9wmk,
7501836000675,REUTRICAM CREMA (PIROXICAM) 30g,33,2,2,GENERICO,UNA FORMULA,3KKjHfXuBbQ20Tcuv0FHfmJcJnD,https://catalogue.sicarx.cloud/product/bbd9bebe-530f-4b1f-a0b7-0c3e6ee9dbea
7503008344501,PROMEGA 3 C/60 CAP,103,1,1,GENERICO,VITAMINAS,3KKjHfXxhCgPWLZwbwHkU9qNDu9,https://catalogue.sicarx.cloud/product/c0bd2f1f-553c-4dbd-84a1-d8f266c69205
7503001007236,VALCLAN 125mg SUSP,31,2,2,GENERICO,COMPUESTOS,3KKjHfYtFtq0ES5UhO9YxwpBbNW,https://catalogue.sicarx.cloud/product/7a01760d-0973-4299-8d12-020f34e5525a
7501349025233,METILPREDNISOLONA 40mg C/1 Iny AMSA,93,1,1,GENERICO,UNA FORMULA,3KKjHfZK3Z2dgfxDZKG9FxW398G,https://catalogue.sicarx.cloud/product/7a0399e2-6694-433b-8e5d-7ad00fc9db03
7501027516312,BIBERON EVENFLO VERDE 8OZ,21,1,1,PERFUMERIA,HIGIENE,3KKjHfZL33pmFNug8zPzLsHeAJI,
7501019038198,JABON SABA V-FRESH 200ml,76,1,1,PERFUMERIA,HIGIENE,3KKjHfZRsiUK99XA7DUHtV4Ag7r,https://catalogue.sicarx.cloud/product/1a6d8bc9-f8e0-43dc-928c-465fa1d5cd38
7501563610505,TERMOMETRO MERCURIO CLINICAL,32,11,11,CURACION,CURACION,3KKjHfZhZKSzy9kLyRRzJjgfOd2,https://catalogue.sicarx.cloud/product/ff59a8a2-cd59-408a-8f86-ee77b87b7577
7501349012370,SOLURAL PEDIATRICO UVA 300ml,28,2,2,CURACION,CURACION,3KKjHfZmwctoza6Za7WkDLMz6fb,https://catalogue.sicarx.cloud/product/84b10f73-e947-480f-8692-67bc7d657799
5415062392317,TERRAMICINA OFTALMICA POM PFIZER,208,2,2,PATENTE,PATENTE,3KKjHfZtN2HfQu2pgqm1Lxu0Ymd,
7503027446279,GELUBRIN 600 (IBUPROFENO) C/10 CAP,29,7,7,GENERICO,UNA FORMULA,3KKjHfaGgFFE3SRHBNMcNiwOI2h,
7501573909965,DOSELMIN 10mg (KETOROLACO) C/10 Tab,19,20,20,GENERICO,UNA FORMULA,3KKjHfaJUxcHrZXhCe6NHRFutpv,
7501563380200,CLORFENAMINA COMPUESTA C/10TAB RANDALL,15,18,18,GENERICO,COMPUESTOS,3KKjHfaTBy1CgKZZU9WzvWepeX7,https://catalogue.sicarx.cloud/product/1f3ae979-c154-4f2a-9b53-ba6c69c43e03
7501349029965,BETAHISTINA 24mg C/30 Tab AMSA,93,1,1,GENERICO,UNA FORMULA,3KKjHfaWc5xDjp7ZaxN5fSVCIjg,https://catalogue.sicarx.cloud/product/70600459-ba38-4f19-a4be-e35b86a8e6e7
7500435019811,HEAD&SHOULDERS 2 EN 1 SHAMPOO 180ML,45,1,1,PERFUMERIA,HIGIENE,3KKjHfae4q8XtLdL8yBRGpSeWEW,https://catalogue.sicarx.cloud/product/484947c7-5471-403b-a7b0-3c025bb3a487
7501370204577,PINZAS LADY GRANDE C/1,20,3,3,PERFUMERIA,REBOTICA,3KKjHfbzX9gQxmNohCByyCk989f,https://catalogue.sicarx.cloud/product/800c97d9-4135-4ff3-a95d-97eb876010f3
7506256700112,VASO COPRO 100ML INSUTEC,8,1,1,CURACION,CURACION,3KKjHfcBxSUjqf9Xgll2usK6ZZf,
7501349020412,HIERRO DEXTRAN C/3 Iny AMSA,97,1,1,GENERICO,UNA FORMULA,3KKjHfcmOWvUB1it7d6ZTNXsCj5,https://catalogue.sicarx.cloud/product/343889f4-230d-4dfb-9e65-3cb3219e5323
7501048660520,JERINGA 3 ml NEGRA PROTEC,4,8,8,CURACION,CURACION,3KKjHfdS64cRuj2X8lMfdJc1GJt,https://catalogue.sicarx.cloud/product/e0be74da-92c7-46ee-b37d-7a1feaaa40b8
7501109790739,NORMEX 60ml,28,2,2,GENERICO,ESTOMACAL,3KKjHfdZmDAWZAkWxYN4snr9R8N,https://catalogue.sicarx.cloud/product/d42f87df-1445-4630-b23e-6d430d4ab6b2
7502009740763,CLAMOXIN 875mg C/10 Tab,121,3,3,GENERICO,COMPUESTOS,3KKjHfdlyNA07MwjhdjRS2x3RWZ,https://catalogue.sicarx.cloud/product/bd822035-23b2-487c-bf92-c0878a92bba7
7509546072272,CREMA DENTAL COLGATE KIDS 50g,26,3,3,PERFUMERIA,HIGIENE,3KKjHfdp00VCZ1LcT5ltC56pfmz,https://catalogue.sicarx.cloud/product/53cc0d80-e971-4fc3-99fb-f0abc9b0b0d1
7501868900233,ALCOHOL DIBAR ROJO 500ML,33,2,2,CURACION,CURACION,3KKjHfe76RZ0K5VF3aEddntY5Sb,https://catalogue.sicarx.cloud/product/b3545e28-a946-46a7-8a02-5688f9fcd161
7503003738671,SEPIA (ITRACONAZOL/SECNIDAZOL) C/16 Cap,143,2,2,GENERICO,COMPUESTOS,3KKjHfep3tLPaGMs59c2NaQcorb,https://catalogue.sicarx.cloud/product/b22d6c8c-2d96-4902-a8f9-ad939289860f
7502227427309,BRYSBAL C/10 Cap,50,2,2,GENERICO,COMPUESTOS,3KKjHff3EriOIMQoJ8kCwTcal1Q,https://catalogue.sicarx.cloud/product/ed983e53-9687-4002-84a0-1961866acdb3
7501836002969,CINEPRAC TAB (TRIMEBUTINA) 200mg C/20,66,1,1,GENERICO,UNA FORMULA,3KKjHff9rR40gpxFk7G3DtXEZe6,https://catalogue.sicarx.cloud/product/2a54c124-4e33-445d-9988-19d5b65c6c55
7502224511711,SILICA MORA 105ML SHINE,59,2,2,PERFUMERIA,HIGIENE,3KKjHffOXm7dAHGeD93zb1MleTr,https://catalogue.sicarx.cloud/product/507b0531-2d69-42d5-9710-f1a1761d072f
7502003388107,VOMISIN TAB (DIMENHIDRATO) 50mg C/20,53,1,1,GENERICO,UNA FORMULA,3KKjHfgFNJNHKzZiSzOL5L4Awt7,https://catalogue.sicarx.cloud/product/8e4060be-65af-4394-b996-60eb08d15491
7503002773154,FINULCER INY (OMEPRAZOL) C/1,45,2,2,GENERICO,UNA FORMULA,3KKjHfh8FEJsPpzlmNOaQdzb1i6,https://catalogue.sicarx.cloud/product/07fd708d-f192-4fa8-9945-5222e47912dd
7502009745775,DEXAMETASONA 8MG C/1INY MEDIGEN,15,21,21,GENERICO,UNA FORMULA,3KKjHfhGmkAtF1TAqzNPjm1LYrw,https://catalogue.sicarx.cloud/product/cfae014a-db2f-44a2-8b8b-4496795a2012
7501075721751,EVICOVAC 1000 (LEVETIRACETAM) C/30 TAB,191,1,1,GENERICO,UNA FORMULA,3KKjHfhJEwJWiY80x6c0yXTWidD,https://catalogue.sicarx.cloud/product/3ca1a3a9-3e34-45d7-80fb-d504539bdfd0
7501563666458,CATETER 18G ESTRUCAT,13,3,3,CURACION,CURACION,3KKjHfi5tbKwVQ3TL1BySBLZXpa,https://catalogue.sicarx.cloud/product/fd01078c-5d32-4d5a-ba74-5da1bce27325
7501035911369,PASTA COLGATE TOTAL 100ml,65,2,2,PERFUMERIA,HIGIENE,3KKjHfiClTCch4jOaMDhouwABC4,https://catalogue.sicarx.cloud/product/53e8cdc3-408e-4dc0-9234-fb6a7001a348
ABATELENGUAS,ABATELENGUAS MADERA,12,4,4,CURACION,CURACION,3KKjHfiQP8cWKyDvw39Gs2wLeeq,
7501298265100,NEUROBION C/60TAB,520,1,1,PATENTE,PATENTE,3KKjHfiVbT0TpHW7jmenc4koEMx,https://catalogue.sicarx.cloud/product/e42615e3-e85d-47aa-8df7-35095702633b
020800753067,PEPTO BISMOL SUSPENSION 118ML,134,2,2,PATENTE,OTC,3KKjHfjMfbCnzOe2mSGk32WwwXA,https://catalogue.sicarx.cloud/product/424577fe-ae77-4dc6-a05d-73ff202aa4cd
7502009740770,CEFABROXIL SUSPENCION 75ml,65,2,2,GENERICO,COMPUESTOS,3KKjHfjRosSQgcsrrk5hxKDz8GN,https://catalogue.sicarx.cloud/product/d8b10e94-68d6-496f-a11d-629509151eb5
7501836000828,ARGENTAL CMA (SULFADIAZINA) 28g,56,2,2,GENERICO,UNA FORMULA,3KKjHfk7zsUcDHj7wDesqBb50qr,https://catalogue.sicarx.cloud/product/4ec66a93-20f5-48d3-9e1f-1decae09f385
7501563380552,BIOPRIDOL 300mg (GABAPENTINA) C/15 CAP,15,2,2,GENERICO,UNA FORMULA,3KKjHfkGHHEWUtP09sFWfBHYNek,
7501300407047,FEBRAX C/15 Tab 20%,230,1,1,PATENTE,PATENTE,3KKjHfkkkTqItqkKPAyRFhpyjLP,https://catalogue.sicarx.cloud/product/2488da5c-585a-4b1c-97ad-ed70cdf710e4
650240010712,TUKOL-D ADULTO JBE 5%,70,4,4,PATENTE,OTC,3KKjHfl8DCkU1QZOGbqL7nuj2tt,https://catalogue.sicarx.cloud/product/4c5ecf66-87bf-47ce-8952-800e22d3aac7
7501943431317,KOTEX PANTIS REGULARES C/22,21,3,3,PERFUMERIA,HIGIENE,3KKjHflvIqFE4wJfHqkoxOIMT6L,https://catalogue.sicarx.cloud/product/1f71b5e8-ea4c-4778-b288-c45d4fbfa3bf
7501048640799,VENDA YESO 15CM PROTEC C/1,50,2,2,CURACION,CURACION,3KKjHfmURwdIruBaS8juWCc3LWv,https://catalogue.sicarx.cloud/product/e2da0fee-8650-45a3-8671-5970da8db6f6
7500435247634,OLD SPICE DRAGONBLAST AEROSOL 150ML,81,1,1,PERFUMERIA,HIGIENE,3KKjHfmXyj3TqMMaSNzcGX7Lt4q,
7506306257597,REXONA TALCO ORIGINAL 100G,59,2,2,PERFUMERIA,HIGIENE,3KKjHfmvJgl6A87mZZmoiwSlpH3,
7502009746086,LARITOL G SOLUCION,55,2,2,GENERICO,COMPUESTOS,3KKjHfnUyE4ybz6QEtwKGKLQDJX,https://catalogue.sicarx.cloud/product/f0fb8463-24d1-4430-aed0-492c4d64a2a3
7509546039152,CREMA DENTAL COLGATE MFP 22ml,22,5,5,PERFUMERIA,HIGIENE,3KKjHfo8vHLZugpwROe3mGLstKz,https://catalogue.sicarx.cloud/product/a9700729-255b-4cd7-ad10-f982b896ecb1
7501229300061,PASADOR ALMA Negro,23,8,8,PERFUMERIA,REBOTICA,3KKjHfoOG8fo3Sos9fhONohEJ0E,https://catalogue.sicarx.cloud/product/59127f3a-c028-421a-8c59-228b71ec90d6
637420440804,EPICOL NATURAL JBE C/120ML,47,1,1,GENERICO,VITAMINAS,3KKjHfoe5sQ5SwWwQtxihNAz2dc,https://catalogue.sicarx.cloud/product/a8856dcd-0501-44aa-9ccf-76dc884a35d6
7501943418509,KOTEX NOCTURNA C/ALAS C/8,29,1,1,PERFUMERIA,HIGIENE,3KKjHfowq2oEesSAs3JuZPuWrw0,https://catalogue.sicarx.cloud/product/45a8f046-8986-41bc-88cc-60f89248dd0b
7503001007168,MEXAPIN 500mg CAP (AMPICILINA) C/20,39,9,9,GENERICO,UNA FORMULA,3KKjHfpRnn4m4xqv8KdYg5Z9WlB,https://catalogue.sicarx.cloud/product/f189295b-691b-4844-b8f6-8cd9763f78c7
7503001009414,VALCLAN 600mg SUSP,70,2,2,GENERICO,COMPUESTOS,3KKjHfpXz890Q949L4xuAAB1MON,https://catalogue.sicarx.cloud/product/818c98b2-c083-4fdf-bb82-3a47938a3446
7506309806068,OLD SPICE GEL SUDOR DEFENSE 80G,88,1,1,PERFUMERIA,HIGIENE,3KKjHfpuBZ5O2w88W6ReVT5MBlr,https://catalogue.sicarx.cloud/product/a4701f13-df25-4493-a14b-b101807fd9a0
7501032901851,REPELENTE OFF FAMILI SPRAY 146g,83,1,1,PERFUMERIA,HIGIENE,3KKjHfqBUWZODOjmoIs6ZnAHD2l,https://catalogue.sicarx.cloud/product/c6ec642c-5d6f-4c6e-bb5a-89d982a4a655
7501349022485,PANTOPRAZOL 20mg C/7 Tab AMSA,17,4,4,GENERICO,UNA FORMULA,3KKjHfqGD9fmvj90eSMnZGErFac,https://catalogue.sicarx.cloud/product/fe0adfff-35b4-4409-808d-4fd183621a9d
7502280170020,PERILLA #0 ARFARM BOLSA C/1,23,1,1,PERFUMERIA,BEBES,3KKjHfqNFkvyZflCcKhlDxfL0uD,https://catalogue.sicarx.cloud/product/7f83d024-3332-4b16-b3b1-0cc46370e332
7501001309060,OLD SPICE BARRA VIP 50g,83,1,1,PERFUMERIA,HIGIENE,3KKjHfqWsZxazjgd25N9pbJSDbC,https://catalogue.sicarx.cloud/product/f44672b2-7170-4890-aa34-5808ff8485ce
650240011351,UNESIA UNG. 30g,120,1,1,PATENTE,OTC,3KKjHfqeY2d9oD2luxeZEtJmigx,https://catalogue.sicarx.cloud/product/f94152b6-78a7-4bfe-a54a-4b42049c3346
3511000000954,CHOCHOS DE ARNICA C/10 SANTA FE,27,11,11,CURACION,CURACION,3KKjHfqsQnHPvDFWeEGYp3MleWg,https://catalogue.sicarx.cloud/product/419aa1b4-2b7c-40c8-94da-2e1e904c19d3
7501563383737,TETRACICLINA 250MG C/10TAB BIORESEARCH,28,1,1,GENERICO,UNA FORMULA,3KKjHfqyx7ei5mgNdXJOcPO4K3z,
7502001166066,BARMICIL COMPUESTO CMA 40g,31,11,11,GENERICO,COMPUESTOS,3KKjHfr3zNoQlJg9x2MbuVY4yWx,https://catalogue.sicarx.cloud/product/5bdec9af-1ba4-472f-954d-dce70bda0587
3311000003432,MAGNESIA CALCINADA 12grs,5,47,47,CURACION,CURACION,3KKjHfriEONlFQVUgHseIe8AtiJ,https://catalogue.sicarx.cloud/product/e60cfb46-0aac-4bf6-8c31-8fe1923b6b50
7506022331021,CANULAS NASALES PARA OXIGENO ADULTO,31,3,3,CURACION,CURACION,3KKjHfrzBCK7Kk6UyQteuBcFJiy,
7590002012468,VICK TARRO 50g 10%,144,1,1,PATENTE,OTC,3KKjHfsEOjE8bqd0iGfzhDIqIdl,https://catalogue.sicarx.cloud/product/8b54c582-530d-49da-bc65-e14c63174393
7502009747786,CULMINAX INF (CARBOCISTEINA) 150ml,93,1,1,GENERICO,UNA FORMULA,3KKjHfshEjTxgJr3auvbyYhuqwV,
7502208894779,TRIBEDOCE Tab (COMPLEJO B) C/30 30%,27,2,2,GENERICO,VITAMINAS,3KKjHfspn0qOQMQ41W61aiaTyoS,
785118753887,FLOSEP 400mg (OFLOXACINO) C/8 Tab,34,2,2,GENERICO,UNA FORMULA,3KKjHfsqxmSIuWNObQy69WXCSvm,https://catalogue.sicarx.cloud/product/1fcf2b56-29fe-46fb-b655-beeff2a25206
7501075727425,ACETIF (PARACETAMOL) 500mg C/10 Tab.,8,6,6,GENERICO,UNA FORMULA,3KKjHft5JaTSySuFK4Fhq5kJ2NP,
7702031293286,SHAMPOO JOHNSON BABY ROSA 200ML,81,1,1,PERFUMERIA,BEBES,3KKjHftLvPrEuMXGY91kl57JF1K,https://catalogue.sicarx.cloud/product/3886b2b4-7877-4a72-a4c2-7d91ceffbe6f
7500435169004,MUSS HERBAL ESSENCES ONDAS PERFECTAS 200g,75,1,1,PERFUMERIA,HIGIENE,3KKjHftY1RvBQ8pX1oLMpO327eQ,https://catalogue.sicarx.cloud/product/8a508573-ef1e-4878-a5ab-887bc1d72f9c
780083146207,FAZOLIN F (NAFAZOLINA/FENIRAMINA) OFT.Gts 15ml,38,4,4,GENERICO,GOTAS,3KKjHftZInU3Z0bj8DFhoHnH8Ig,https://catalogue.sicarx.cloud/product/67151257-92ca-4740-bbaa-fd808512f41c
7501573901105,DITIL 15mg (LANSOPRAZOL) C/14 Tab,21,1,1,GENERICO,UNA FORMULA,3KKjHftpRJndU5hBjN2XxLMxhtt,https://catalogue.sicarx.cloud/product/e96b0e7c-e192-49a0-963b-ccf0f628d785
7509546683133,JABON NEUTRO BALANCE 120G,36,2,2,PERFUMERIA,HIGIENE,3KKjHftssrMiipi22OMj24TBmWk,https://catalogue.sicarx.cloud/product/57fa87d2-b47c-452e-ade4-683038b8d4ba
7502280170143,PERILLA #5 ARFAM,42,1,1,PERFUMERIA,BEBES,3KKjHfttsDubvi8Vf4Ho5GjfBmQ,https://catalogue.sicarx.cloud/product/ad5251ef-5aa1-4938-9e76-106a3f7d3838
7501048660551,JERINGA 5ml VERDE PROTEC,4,11,11,CURACION,CURACION,3KKjHftzcq2kH1sNFXhIyNCpaOX,https://catalogue.sicarx.cloud/product/4922dbe7-cec5-4a26-a921-b3531f5633e8
7501048660582,JERINGA 5ml NEGRA PROTEC,4,55,55,CURACION,CURACION,3KKjHfuSAG6vygXFuWEU0vLmhN5,https://catalogue.sicarx.cloud/product/175479e0-4f4d-4779-b61d-0ad1b4755b5e
7502209810358,TUSILEN PED JBE 118ml,29,2,2,GENERICO,COMPUESTOS,3KKjHfuzmVggBQcpdMAfCC1zSFc,
7501299307236,SENSIBIT D NF C/12 Tab 15%,55,2,2,PATENTE,PATENTE,3KKjHfv5Spp07K6kp5B2BWppVVK,https://catalogue.sicarx.cloud/product/7f6c5012-6c35-407c-8ddf-4f70d35094bc
7506022315281,MEDITEST PRUEBA DE EMBARAZO,23,6,6,GENERICO,ANTICONCEPTIVO,3KKjHfv6cfjxncrcV9EaIMmGaeE,https://catalogue.sicarx.cloud/product/c9e7b7f4-2d79-4342-998c-78e9f0eb3693
7502216802889,ESPIRONOLACTONA 25mg C/20 Tab ULTRA,52,1,1,GENERICO,UNA FORMULA,3KKjHfvNjWzi9ioGR09rMbywxQX,https://catalogue.sicarx.cloud/product/15220c16-78a2-4209-9424-10d34b6121e8
354312225010,DERMAN CREMA 25g 15%,33,2,2,PATENTE,OTC,3KKjHfva1ICtePqWxBqeq7H0HuF,https://catalogue.sicarx.cloud/product/f8a6306a-447e-4689-a48c-8c20c4e22293
7501095452116,TEMPRA 500mg C/10 Tab 15%,68,1,1,PATENTE,PATENTE,3KKjHfveBJk033KLiVhy49VougV,https://catalogue.sicarx.cloud/product/1d9889d2-4f17-480d-b87c-49a3c4d17de4
7501075721089,ANIERNOV 150mg (PREGABALINA) C/28cap,95,5,5,GENERICO,UNA FORMULA,3KKjHfwg5KUNfsRZkFZNQQ6LYUC,https://catalogue.sicarx.cloud/product/dc2fed5d-df57-46a5-a3f8-baad4c72a746
7501563380491,PENTOXIFILINA 400mg C/30 Tab RANDALL,75,2,2,GENERICO,UNA FORMULA,3KKjHfwlgmWP1H4ZISvyK0Rejj9,
75073800,SEDALMERCK C/4 Tab,24,4,4,PATENTE,SUELTOS,3KKjHfxajtg7oEnhqo07SPdPKvf,
7501125195105,CEFUROXIMA 750MG C/1 INY AMSA,59,3,3,GENERICO,UNA FORMULA,3KKjHfxiooB03gD7SEHz2dXzpoF,https://catalogue.sicarx.cloud/product/b9eb7124-4028-421c-b8f7-215161b08aa6
7501537103422,TRIBEDOCE DX C/3 INY,83,2,2,GENERICO,VITAMINAS,3KKjHfxs6MEH9o5XqPhfQCWc2u5,https://catalogue.sicarx.cloud/product/248a3190-501f-47e5-8738-005e231bda2d
7501165000230,NEOMELUBRINA C/10 Tab 15%,100,1,1,PATENTE,PATENTE,3KKjHfyKVRwrafUgr9LY65neOsr,https://catalogue.sicarx.cloud/product/5e124f80-aa17-4b65-b518-6afdd4b006a8
7501258208178,ESTRANIM 75mg (OSELTAMIVIR) C/10 Cap,185,1,1,GENERICO,UNA FORMULA,3KKjHfyN9B5awAms46Jsdkb65jP,https://catalogue.sicarx.cloud/product/2c765ffa-f497-4e2a-a8b7-13461156cd54
7502006920038,FARMIVER TAB C/2,35,1,1,GENERICO,COMPUESTOS,3KKjHfynGEJqiJb3YMM8Gggs0VQ,https://catalogue.sicarx.cloud/product/82f1e1bd-9558-4cac-ba53-dd290cd53d7e
650240010507,ULTRA BENGE AZUL GEL 35gr 5%,135,1,1,PATENTE,OTC,3KKjHfypL7zdJN5n0mQCiSa3Afs,https://catalogue.sicarx.cloud/product/f1598e10-82bd-44b4-8a8d-953a02a727a7
7501075723861,EVICOVAC 500mg (LEVETIRACETAM) C/60tab,113,2,2,GENERICO,UNA FORMULA,3KKjHfz7PkJRIocbTqspAu9kRif,https://catalogue.sicarx.cloud/product/b3b0ccdf-3854-4f26-94ac-bef59d00d1a7
7501328980119,ENTEROGERMINA 2BI C/20 AMP,421,2,2,PATENTE,PATENTE,3KKjHfzALiW8buo7dRglKYvaKwT,https://catalogue.sicarx.cloud/product/1aa4ac33-6de3-4e47-972e-1cab7329a32c
7502223112384,FIDOIN-Q Gts (IBUPROFENO) 15ml,57,2,2,GENERICO,UNA FORMULA,3KKjHfzYpp1c0NfeJvTSnQ3Ep7Z,https://catalogue.sicarx.cloud/product/90cb023b-e8c1-4d0b-ad1c-e384f4eaa446
3311000001292,ACEITE DE RICINO 50ml MERCURIO,18,6,6,CURACION,ACEITES,3KKjHg0XRJPwKci2OUWB8KzkNw4,https://catalogue.sicarx.cloud/product/e445ab4d-c87d-4e99-9b9e-eade4b17ef5c
7509546077260,STEFANO COSMO AEROSOL 159ML,80,2,2,PERFUMERIA,HIGIENE,3KKjHg0XuYQA9dP2ZF0hsv2UQHH,https://catalogue.sicarx.cloud/product/4a5b90f2-7395-42c6-b6c3-92d997729e90
8412300817028,ESPUMA AFEITAR NIVEA MEN HYDROCARE,103,1,1,PERFUMERIA,HIGIENE,3KKjHg0yqsLOtmN5SdO8MAHpU72,https://catalogue.sicarx.cloud/product/5c172cdb-1f81-4bd9-8f63-4e43715b4710
7501080912076,STERIMAR USO DIARIO 100ML,230,1,1,PATENTE,OTC,3KKjHg113D3xerHPRTGoSMmaO00,https://catalogue.sicarx.cloud/product/243cc15f-1b8c-48d6-b2a6-237cf58c0151
7502001160507,ZISUAL-C UNG 30g,87,2,2,GENERICO,COMPUESTOS,3KKjHg1xXNwuAw5jbui8KiouPzZ,https://catalogue.sicarx.cloud/product/9499ceb7-8198-4bf3-a0ca-6f4b4154981f
037836041389,HINDS ALMENDRAS 90ML,23,1,1,PERFUMERIA,HIGIENE,3KKjHg26arBtXukM3f5PBYOStiN,https://catalogue.sicarx.cloud/product/a24ad1f0-7133-434b-ab27-5f1266b7a927
7501048333202,ALCOHOL 500ml PROTEC,32,5,5,CURACION,CURACION,3KKjHg2HYYDM3exqY5bz8VV2382,https://catalogue.sicarx.cloud/product/a4d7aa81-8fd4-4a67-afb3-087a720e513d
7502003388008,VELATUSS (LEVODROPROPIZINA) SOL,51,2,2,GENERICO,UNA FORMULA,3KKjHg2w6DRYmeYf3gppGjEU9I5,https://catalogue.sicarx.cloud/product/67098481-4c75-4c8a-a39c-d3b22fc3b9ca
7501123013340,BEDOYECTA C/30 CAP 35%,371,1,1,PATENTE,PATENTE,3KKjHg3uIOM05VBx3n9GcryKIHf,https://catalogue.sicarx.cloud/product/0fd0a879-92eb-444e-8ac8-feb16f0382a4
7502280170013,ACETONA FLOR DE AIRE 50ml,16,3,3,PERFUMERIA,REBOTICA,3KKjHg510OEgAAWfUwMlegeIeYZ,https://catalogue.sicarx.cloud/product/157eeb7e-6c1f-4a59-8b29-71b14c4f153b
3311000003708,BISMUTO 1grs MERCURIO,5,45,45,CURACION,CURACION,3KKjHg5hAlSIybGd1awgHosKC92,https://catalogue.sicarx.cloud/product/46eba584-e70d-4506-a023-4fc3b6338393
780083140588,PLUSGEL C/50 TAB (ALUMINIO/MAGNESIO/DIMETICONA),67,1,1,GENERICO,ESTOMACAL,3KKjHg5oAj92aIVEqTtr2JfrwOP,https://catalogue.sicarx.cloud/product/a2a1ed9a-795c-41ee-841f-9453fe1adeba
7501349022881,AMPICILINA 1G C/10 Tab. AMSA,41,1,1,GENERICO,UNA FORMULA,3KKjHg5uQhbHuuOc3HNzi8PefJi,https://catalogue.sicarx.cloud/product/77a856e0-1b1e-4e29-a18e-d886e528fe84
7503000720037,ALCOHOL ROJO LOURDES 250ML,22,1,1,CURACION,CURACION,3KKjHg6EDBAxdzuV4IybVgXZ7LC,https://catalogue.sicarx.cloud/product/2b60d674-6fbb-43a7-ade3-48f45c2ef6de
008400007018,"NEOMICINA, POLIMIXINA B, GRAMICIDINA GOTAS 15ML",89,2,2,GENERICO,GOTAS,3KKjHg6KYlBHXiUxEHg98t3ZWQk,https://catalogue.sicarx.cloud/product/a62d5249-d64d-438e-a1bd-de71a32f1324
7502214983726,PRUDENCE LUB NATURAL 75 Ml,88,2,2,GENERICO,ANTICONCEPTIVO,3KKjHg6xlpweMtaD4FWrkxIq0nd,https://catalogue.sicarx.cloud/product/ad6fca65-b853-42e8-b6af-c7d791fe1249
7501573900153,DOCSI 4Mg (CLORFENAMINA) C/20 Tab,14,3,3,GENERICO,UNA FORMULA,3KKjHg6ysP8mhaHKsDkj5L8BL8P,https://catalogue.sicarx.cloud/product/89ce51d5-ee67-416a-8e52-c18f509412cc
7502227427392,X-TRID C/12 CAP,32,1,1,GENERICO,COMPUESTOS,3KKjHg79BpuPtzgfhz2oKb2i7tD,https://catalogue.sicarx.cloud/product/f2557984-692b-4ccb-af56-c805869aa86c
7502009740978,CEPOBRON SUSP 100ml,78,2,2,GENERICO,COMPUESTOS,3KKjHg7CaGvyJjfgBwaAxHkFFMm,https://catalogue.sicarx.cloud/product/5e0f19ee-15bd-448d-a22d-f04ee9870902
7503045798237,CARVEDILOL 6.25MG C/14TAB MAVER,90,1,1,GENERICO,UNA FORMULA,3KKjHg7KlS0Mooc6jn33vytNV3U,
7501349029019,COMBEDI C/5INY,66,1,1,GENERICO,VITAMINAS,3KKjHg7TFSjOliKEStWRZ3li9tT,https://catalogue.sicarx.cloud/product/a76ccd1a-070d-4c11-b726-f1677e18ef3f
7502259892410,GOMITAS VINAGRE DE MANZANA C/30,101,1,1,GENERICO,VITAMINAS,3KKjHg7gTuKSJW60quyuYZwqD2o,
7501065008473,THERAFLU RESFRIADO VERDE C/10 15%,217,1,1,PATENTE,OTC,3KKjHg7qwHv7HDPicpIFgHFXLGN,
7896009498091,PASTA SENSODYNE COMPLETA+ 90G,84,1,1,PERFUMERIA,HIGIENE,3KKjHg8ebn3tlrapbECDhsf6N0d,
7503028771684,BAÑO COLOIDE C/1 SOBRE SUANCA,32,1,1,GENERICO,UNA FORMULA,3KKjHg9Q7cZGMGuGFg2mHnrYohu,
7506339394719,NATURELLA NOCTURNA C/8,26,1,1,PERFUMERIA,HIGIENE,3KKjHgA2LccoJcCDJHdWayuTlOo,https://catalogue.sicarx.cloud/product/56ce4b84-d99e-4b30-bc08-6547247eedb7
7501088509810,ANTIFLU-DES PED GTS 30ML 20%,221.46,1,1,PATENTE,PATENTE,3KKjHgADHnOikbFc3BCwRsQnOZc,https://catalogue.sicarx.cloud/product/584a8d79-874a-46e9-a1f8-637cc2f91cc4
7502009744426,OXATECH (OLANZAPINA) 10mg C/14 Tab,38,3,3,GENERICO,UNA FORMULA,3KKjHgAJ8LseDEwsEQxYI2b5Atj,https://catalogue.sicarx.cloud/product/509a7c34-bc76-4ce8-9c89-32d4af48f7ca
7501075713459,MUCIBRON (AMBROXOL) SOLUCION 120ml,17,3,3,GENERICO,UNA FORMULA,3KKjHgAVQvm6odSRS79WhErFzvO,https://catalogue.sicarx.cloud/product/e186ad1e-77c9-4948-a6c4-e04091690ab9
75062576,ALKASELTZER C/2,7,101,101,PATENTE,SUELTOS,3KKjHgAknNxXoZkFngA1bJqicUc,https://catalogue.sicarx.cloud/product/2da243ee-d43e-494b-8bc5-c6db4d497183
7506425613168,KLEENEX C/90,34,2,2,PERFUMERIA,HIGIENE,3KKjHgB0CUuJu8w8uVSREPKvfHQ,https://catalogue.sicarx.cloud/product/01111774-d8f2-4c4a-aae5-75bef579483b
7501072300218,TING AEROSOL 80G,119,1,1,PERFUMERIA,HIGIENE,3KKjHgB0VVM30FEiaLuzL4Z9MH0,https://catalogue.sicarx.cloud/product/5b752419-7f07-42ab-9398-4b0c62e478e1
7502001163072,RIDIN AD JBE 120ml,48,1,1,GENERICO,COMPUESTOS,3KKjHgB1md1hJjWJ73YRtdZRDns,https://catalogue.sicarx.cloud/product/16841563-474b-4f9d-b36d-d1414fdd5d1b
7502009741425,FASICLOR 500mg (CEFACLOR) C/15 Cap.,199,1,1,GENERICO,UNA FORMULA,3KKjHgCYhvwa2Os5iUbfbWWvOYM,https://catalogue.sicarx.cloud/product/1b69595d-5fe5-40a9-9de3-a8f3ef353439
7502214982477,PRUDENCE FRESA C/3,47,3,3,GENERICO,ANTICONCEPTIVO,3KKjHgCskWqupIbfAUoDm1tQsLB,https://catalogue.sicarx.cloud/product/f39efa16-e49a-4996-bf5c-a968bc929ca0
7502227424407,ALGIDOL 200mg (IBUPROFENO) C/10 Cap,19,2,2,GENERICO,UNA FORMULA,3KKjHgCyyGvQBXwkY7LYirCgmIz,https://catalogue.sicarx.cloud/product/e011b010-0921-4906-af76-daf184739d0d
7502003388527,YADEGAL PEDIATRICO Gts.30ml,69,1,1,GENERICO,COMPUESTOS,3KKjHgDB5nzZXvqMtQom9msEOcr,https://catalogue.sicarx.cloud/product/a6af6f3b-fa3a-42cb-a91f-c0a7de360f80
7502001163065,OXIN ADULTO JBE 120ML,66,1,1,GENERICO,COMPUESTOS,3KKjHgEQYOrWOERHwTtPpqo9bcX,https://catalogue.sicarx.cloud/product/c8d10cbf-268c-4d89-bbd3-bae6988cbda9
7502001163119,OXIN INFANTIL Jbe.120ml,59,1,1,GENERICO,COMPUESTOS,3KKjHgEW8cNKJpmlJTt5CdpEouP,https://catalogue.sicarx.cloud/product/17aad1fd-ee66-4ead-a815-5411302c4b54
7501563380439,CALCIO EFERV. 500MG C/12TAB BIORESEARCH,62,1,1,GENERICO,UNA FORMULA,3KKjHgEYhkneOnxtQZEF41N5FbO,
7502004401454,DEXNE OFT. Gts 4ml,50,2,2,GENERICO,GOTAS,3KKjHgEuMkotRR9YiOh5YLRZNxg,https://catalogue.sicarx.cloud/product/684ddae8-e2c3-4c41-906d-905b5c082a41
7501349021211,PIOGLITAZONA 15mg C/7 Tab AMSA,18,3,3,GENERICO,UNA FORMULA,3KKjHgFM6qookqyG3nQMGstB9BT,https://catalogue.sicarx.cloud/product/3fea235e-0052-435a-9c5b-13d113fee0d4
7501075727159,NOVOFROX 400mg (MOXIFLOXACINO) C/7 Tab,132,1,1,GENERICO,UNA FORMULA,3KKjHgFcULOB8OkzmTL8qwiC0bL,
7503001007182,VALCLAN 400mg SUSP,43,1,1,GENERICO,COMPUESTOS,3KKjHgFk5NZpvzNkgFirtWmDA5N,https://catalogue.sicarx.cloud/product/c2c3f653-ef50-45c8-b5d6-32475f348b2f
7502227876909,FEDROP .4mg (TAMSULOCINA) C/30 CAP,74,1,1,GENERICO,UNA FORMULA,3KKjHgG7kox5vedq0O5XUyJaVfg,
7501349027817,CIPROFLOXACINO GTS OFT AMSA,37,1,1,GENERICO,UNA FORMULA,3KKjHgGALlccHdC4ePhTY3IrmWp,https://catalogue.sicarx.cloud/product/f1a9fd92-99fa-4b2b-a21e-d0c321c72325
7502009746383,DIZIVER 25mg (HIDROCLOROTIAZIDA) C/20 Tab,13,3,3,GENERICO,UNA FORMULA,3KKjHgGDQRpyZqdIHaCuVVrPJHR,https://catalogue.sicarx.cloud/product/54535759-633e-4983-a101-c5a341b69545
7501289520119,HIPOGLOS PAC 110g,128,2,2,PATENTE,OTC,3KKjHgGE5Ao9C2hhRiS0yCmIgSG,https://catalogue.sicarx.cloud/product/c4d530d1-a498-40cd-8688-0d30f25901e8
650240052545,XL-3 ANTIGRIPAL C/10 Tab 5%,44,4,4,PATENTE,PATENTE,3KKjHgGfSVsRjuHh1q1k1nCVtzA,https://catalogue.sicarx.cloud/product/a9790d74-c59d-47cb-a38a-9b400fa9fe96
7501089809452,KAOMYCIN 180ML,190,1,1,PATENTE,OTC,3KKjHgH5sHkFlq7oUxk5JFk031B,https://catalogue.sicarx.cloud/product/00f4ed6e-8e39-4c6c-a1c6-ab0e3d19d002
7502208894915,"LO-BRUQUIN C/2 (QUINFAMIDA, ALBENDAZOL)",22,1,1,GENERICO,COMPUESTOS,3KKjHgHHB4RfAdJfkkdJIeaAKIW,https://catalogue.sicarx.cloud/product/6d34aa27-3ad5-43dd-93e8-51507ee7c391
7501349024151,METOCLOPRAMIDA 10mg C/6 Iny.AMSA,32,1,1,GENERICO,UNA FORMULA,3KKjHgHJ1sVCvgxHZag6F8PUCUx,https://catalogue.sicarx.cloud/product/aeba707c-f3c3-4197-9015-6e3b92176b54
7501008433553,CAFIASPIRINA FORTE C/24 Tab 15%,92,2,2,PATENTE,OTC,3KKjHgHe9G8uDRwl8d2Awn3RhsR,https://catalogue.sicarx.cloud/product/0f35aa1d-2184-456d-8421-da2bb9c70ded
759684272103,COTONETES KIUTS C/100,24,1,1,PERFUMERIA,HIGIENE,3KKjHgI63SKJcmnYx91M8oJxQjZ,https://catalogue.sicarx.cloud/product/d565f6c7-63b4-4e21-b9e7-e9e16488b27f
070942901536,KIT VIAJERO GUM,102,1,1,PERFUMERIA,HIGIENE,3KKjHgKglQ04DtLSsG8TBhfPKx5,https://catalogue.sicarx.cloud/product/097b7d4a-9226-4f1a-b542-c3b5ce7c2e64
7501349023468,METOTREXATO 2.5mg C/50 Tab,268,1,1,GENERICO,UNA FORMULA,3KKjHgKrcEnAF6kMGZGifmasLf6,https://catalogue.sicarx.cloud/product/4debe1d4-9db5-420c-968e-9886bf8c8ed2
7501032925956,RAID CASA JARDIN AEROSOL 400ML,94,1,1,PERFUMERIA,REBOTICA,3KKjHgMJSJsmWEzk9XNmC5mm1bD,https://catalogue.sicarx.cloud/product/17b05d76-f486-42f0-98fa-7bcdfc145edb
7501349025929,DICLOFENACO 75MG C/2 Iny AMSA,20,2,2,GENERICO,UNA FORMULA,3KKjHgMKX1QQgWgsGpAfqgVwKha,https://catalogue.sicarx.cloud/product/3b28e280-9d9a-445c-b483-8574c7cae17e
7501035908239,ACEITE MENNEN 50ml,34,3,3,PERFUMERIA,HIGIENE,3KKjHgNE4PvIIyJ9S6MCtifDYQQ,https://catalogue.sicarx.cloud/product/8ac98796-2d59-404b-8c9b-1fd09b3389c2
7501056340131,SEDAL CREMA PEINAR RIZOS 300ML,48,1,1,PERFUMERIA,HIGIENE,3KKjHgOAl6LvkfscTER7BYzGuPo,https://catalogue.sicarx.cloud/product/fb0b89bf-a40e-48de-8fd0-fe37bd842425
7501573900177,BRAX C/10 Tab,20,2,2,GENERICO,COMPUESTOS,3KKjHgOCfafCKN6dS4v572YQpLd,https://catalogue.sicarx.cloud/product/ecc07ace-762b-4349-8a72-6562f9b9d1d5
7501075717860,OXIVAG (AC. ALENDRONICO) 70mg C/4 Tabletas,51,1,1,GENERICO,UNA FORMULA,3KKjHgPyZAm0xCQhN5SeVyojZgA,https://catalogue.sicarx.cloud/product/0fdc85cc-33cf-4612-9369-69d1fc2d7dc3
7501033956331,PEDIASURE PLUS FRESA 237ml,64,1,1,PATENTE,OTC,3KKjHgREuqxNgrkU4AG10Axkqei,https://catalogue.sicarx.cloud/product/4cc22f3e-7aa5-42db-a99c-21d24ede88bb
7501300420220,DORIXINA-FLAM C/14 TAB 15%,580,1,1,PATENTE,PATENTE,3KKjHgRYCYbTt00yrWx16FmmUxT,https://catalogue.sicarx.cloud/product/37579c2e-5a15-4d6d-9640-7e20dd31d97b
7503001008615,VALCLAN 200mg SUSP,30,3,3,GENERICO,COMPUESTOS,3KKjHgRZnAgwa3QAXIlptKkJzBa,https://catalogue.sicarx.cloud/product/d613b270-768f-4bdc-b74a-f0d895d7e4f9
7501463321006,PEZONERA EDIGAR C/1,31,1,1,PERFUMERIA,BEBES,3KKjHgRbTbpMZC4uTC9frV3oa6Z,https://catalogue.sicarx.cloud/product/4cb3a67b-b75f-4ce2-9925-7465b5192b1d
7501075726084,DEFLAZACORT 6mg C/20 Tab,93,1,1,GENERICO,UNA FORMULA,3KKjHgSFISf72LeeNBHKoZgqs6z,https://catalogue.sicarx.cloud/product/a6432569-fc29-4cf5-a771-1d7026a181bb
7502009747236,EXALIV TAB C/24,32,2,2,GENERICO,COMPUESTOS,3KKjHgSTv7uTbW40sFM9X4KJDua,https://catalogue.sicarx.cloud/product/811ce2d3-2b0d-42b9-a2c6-9539b744a4f8
7502254073821,GLESOL DESINFECTANTE SPRAY 443ML,103,2,2,PERFUMERIA,REBOTICA,3KKjHgSuE2jbXekD2p7sDBiVW2G,https://catalogue.sicarx.cloud/product/6ba63026-623f-41cb-a835-853db5d48ab4
7500435019828,HEAD&SHOULDERS 2 EN 1 SHAMPOO 375ML,110,1,1,PERFUMERIA,HIGIENE,3KKjHgTAi9V00XY7p8AtxoZRDqE,https://catalogue.sicarx.cloud/product/45920a36-8278-4e06-9da9-1c51fd77843e
650240007408,SILKAMEDIC GEL 15g,113,1,1,PATENTE,OTC,3KKjHgTsqrVsKBQpLQEkFrRQ9ax,https://catalogue.sicarx.cloud/product/ac116f8c-e3fb-4191-be6a-6feceeb29723
7506339349146,OLD SPICE WOLFTHORN AEROSOL 150ML,91,1,1,PERFUMERIA,HIGIENE,3KKjHgUAN1rsXqu2FFjg8OCDP1n,https://catalogue.sicarx.cloud/product/a680642b-e525-4d0f-a94a-1a3b8cc8f37f
3311000000974,POMADA DE MANZANA 50g MERCURIO,19,5,5,CURACION,CURACION,3KKjHgV78k8AvqMyarMFmtydpMU,https://catalogue.sicarx.cloud/product/6e7b1488-bb69-4594-973a-178096f1a9a4
7502009744587,SINFONIL (OXCARBAZEPINA) 600mg C/20 Tab,212,1,1,GENERICO,UNA FORMULA,3KKjHgVc91CJyIALAySsDKS3Jmz,https://catalogue.sicarx.cloud/product/5aad149b-eb98-4fb0-863a-cb48dba78b40
7506353200560,ALISOY (BAÑO COLOIDE) POLVO 90g,31,1,1,GENERICO,UNA FORMULA,3KKjHgVqd052LFgwIOaCYw0ocn9,https://catalogue.sicarx.cloud/product/59b78120-90a5-45db-b769-f4cfaed4d218
7500435231244,HEAD&SHOULDERS ANTI-COMEZON SHAMPOO 180ML,45,1,1,PERFUMERIA,HIGIENE,3KKjHgW7KZuSufzZiALoTD1KHf9,https://catalogue.sicarx.cloud/product/de741e9a-1142-45ff-b0e9-5d9fc1d9424c
7501573903260,BROMHEXINA ADULTO SOL.100ml,28,2,2,GENERICO,UNA FORMULA,3KKjHgWEd7qG9BfDuWosKexby6C,https://catalogue.sicarx.cloud/product/8dcc808e-11b5-4332-b287-870bd345232f
7501032910235,LAMINITAS C/8 RAID,28,3,3,PERFUMERIA,REBOTICA,3KKjHgWpX8xylLGu4pK1G6XP9fa,https://catalogue.sicarx.cloud/product/c94337ee-2fa0-46f0-90f5-39ed9c24232c
4005900875013,NIVEA MEN DEEP BEAT AEROSOL 150ML,75,1,1,PERFUMERIA,HIGIENE,3KKjHgX01cMnWDX0CRTdl0qhs2U,https://catalogue.sicarx.cloud/product/16063858-2164-4d43-915a-e30ea51a4b68
7501089810021,HERKLIN SHAMPOO,120,2,2,PERFUMERIA,HIGIENE,3KKjHgXboGklmpxMV4wGeYGyBEX,https://catalogue.sicarx.cloud/product/2506d359-d716-4993-b86e-006e6208e950
656599040226,TOFEL C/10 Tab,57,1,1,GENERICO,COMPUESTOS,3KKjHgXjLXQqVgLGBWEKj1J82Jj,https://catalogue.sicarx.cloud/product/35fa0bb4-0af0-4817-ae97-629fd7c997d9
7503001007052,VANDIX CAP (AMOXICILINA) 500mg C/12 Cap,24,7,7,GENERICO,UNA FORMULA,3KKjHgYOq4w0bACEvRmGEjoiIg2,https://catalogue.sicarx.cloud/product/94d490ef-6c8b-4445-a1ed-adb8bb8e54da
3311000003463,ALCANFOR C/3 MERCURIO,7,44,44,CURACION,CURACION,3KKjHgYkfWjGKlui4H5qziwnZ0I,https://catalogue.sicarx.cloud/product/bf1b1fb6-2ad9-4449-a188-53e7f9386318
3311000001476,ACEITE DE COCO 50ml MERCURIO,16,4,4,CURACION,ACEITES,3KKjHgZgbqyufLhXvwwkzrPjcUD,https://catalogue.sicarx.cloud/product/26bbe8c9-4c5c-46f0-a69e-bf275ae98deb
7501213211311,CEPILLO DENTEAL BEBE NENUCO,46,1,1,PERFUMERIA,BEBES,3KKjHgZjPU59K9hHwOiicVO9gvD,https://catalogue.sicarx.cloud/product/967b3e0a-f875-4485-8707-4bd4be649618
7501258203593,LONIXER 125mg (CLONIXINATO LISINA) C/10 Tab.,42,1,1,GENERICO,UNA FORMULA,3KKjHgagaZyHqQM5JiaTazwn7QW,https://catalogue.sicarx.cloud/product/04a3e0cb-b3e7-49d3-a4da-080e6fc51c5b
RECARGA50,RECARGA $50,51,,,RECARGAS,RECARGAS,3KKjHgcJzMTSClbwYazy6n8ohoK,
7501349026094,GENTAMICINA 160mg C/5 Iny.AMSA,85,1,1,GENERICO,UNA FORMULA,3KKjHgcydZjtsF51tjSXJngK751,https://catalogue.sicarx.cloud/product/a890ccc9-be29-4c10-9c5c-c9227dcf1885
7502209858053,MENFLIXIL (MELOXICAM) 15MG C/14TAB,14,1,1,GENERICO,UNA FORMULA,3KKjHgdVc5891uqrieEHpsx8j9W,
7501349028364,POPRAM (PANTOPRAZOL) 40mg C/14 Tab,42,3,3,GENERICO,UNA FORMULA,3KKjHgdXZ5wN98vds0PCldQ0ZLY,https://catalogue.sicarx.cloud/product/88843d3b-dedf-4ddf-94a5-76994218b917
7501075724196,BRATEM NEBULIZACION C/10,134,1,1,GENERICO,COMPUESTOS,3KKjHgeMqzPnuWWyAn8xsuSYRzg,
7502001164864,GOODSIT 60mg C/6sup (LIDOCAINA/HIDROCORTISONA),51,1,1,GENERICO,COMPUESTOS,3KKjHgeoxr2yyI7o5FT4nNpa57I,https://catalogue.sicarx.cloud/product/e3894f01-d2b9-4678-b607-2d4fc8b97bb2
7501061812555,CEPILLO VIAJERO DORALDENT C/1,23,2,2,PERFUMERIA,HIGIENE,3KKjHgfCyeoe92gzul6Q4AC99R5,
7501349020603,AMIKACINA 100mg C/2 Iny AMSA,22,1,1,GENERICO,UNA FORMULA,3KKjHggMMz4U4kCv9ffIgHzQ5QI,https://catalogue.sicarx.cloud/product/96d3c3cc-b703-48e3-91bc-2dede7936e1b
7502006922728,MOTILAXIL SOL (PICOSULFATO DE SODIO) 120ml,38,1,1,GENERICO,UNA FORMULA,3KKjHggWTqRFxgDyDX4c1ontyuR,https://catalogue.sicarx.cloud/product/a2e5d1c0-5a3d-44dc-a78e-d8acfc85d0d8
7501001116187,VICK 44 Jarabe 120ml 15%,184,1,1,PATENTE,OTC,3KKjHggdKqBp3MMkIE48OOSpthH,https://catalogue.sicarx.cloud/product/6d1cc757-352a-4e1e-9d4d-888d1968ff3f
7501258206723,OXITAL 1g (ACIDO ASCORBICO) C/10 Tab,95,1,1,GENERICO,UNA FORMULA,3KKjHghxqUEYjqRFeZ3WOVFwhIi,https://catalogue.sicarx.cloud/product/411127b9-20dc-4449-a44a-39e1f7a9d24e
7896009490651,COREGA ULTRA 40g Crema 10%,147,1,1,PATENTE,OTC,3KKjHgi4fcPfMAKCEHlddEoM4iE,https://catalogue.sicarx.cloud/product/f06cf700-2c82-4f7e-b639-baf4469d6ff8
7506624900540,ADRECORT (DEXAMETASONA) 0.5mg C/20 Tab.,21,1,1,GENERICO,UNA FORMULA,3KKjHgi8LXsZX7SLCaLTlFpA1SF,
7622210267832,HALLS YERBABUENA C/9,10,5,5,DULCES,MENTOS,3KKjHgiIm2dG5v9KFvOMkqsqObS,https://catalogue.sicarx.cloud/product/3c1d3e2c-bfea-41d4-80a7-ef7250b345ba
7501384547912,MEMANTINA 10MG C/28 TAB PSICOFARMA,67,1,1,GENERICO,UNA FORMULA,3KKjHgjQCl6ERUpGjwU4xjQk3pf,https://catalogue.sicarx.cloud/product/1bbbcec1-3b43-4093-b555-14702e1f8b50
7501075713152,LORTAL (CLORATALIDONA) 50mg C/20 Tab.,28,1,1,GENERICO,UNA FORMULA,3KKjHgjqQGatYNexqUHpxVlRRCo,https://catalogue.sicarx.cloud/product/62c32bd2-b622-4f95-9762-1396f1c243bb
7502213042158,LIOFHICIN INY (OMEPRAZOL) C/1,41,1,1,GENERICO,UNA FORMULA,3KKjHgjxZDKWOEd3yTkRiVbdyp1,https://catalogue.sicarx.cloud/product/65964fdd-c693-4d35-b076-e888b8034dfe
7501075713862,NOVAPRES (CAPTOPRIL) 25mg C/30 Tab.,10,1,1,GENERICO,UNA FORMULA,3KKjHgk2VmUueI5kY47shjYitGc,https://catalogue.sicarx.cloud/product/49bcc6e7-7822-476f-9410-18f5ac038a00
tukol'd,TUKOL-D MIEL INFANTIL 120ML,175,1,1,PATENTE,OTC,3KKjHgkDkxfraS2Ajl2fYGd4sLf,
7501590211201,FLEXTRIN C/30 TAB (GLUCOSAMINA/CONDROITINA/ACIDO ASCORBICO),105,1,1,GENERICO,VITAMINAS,3KKjHgkJnmHs8XIWSqlcBfTrEJo,https://catalogue.sicarx.cloud/product/b8c9803a-c61e-47f8-90ba-3f7aa5a85f9c
7501035908246,ACEITE MENNEN 100ML,46,2,2,PERFUMERIA,HIGIENE,3KKjHgkLTtYr8Oy7zm4CN8jdZpG,https://catalogue.sicarx.cloud/product/b4f4b99d-ef35-4826-a6f2-eed684d3cad6
7500435231237,HEAD&SHOULDERS ANTI-COMEZON SHAMPOO 375ML,98,1,1,PERFUMERIA,HIGIENE,3KKjHgkURl3vZP6oR7UJGwhnJiy,https://catalogue.sicarx.cloud/product/d19c5354-2b33-487d-93a6-dd72361963b4
7502009741753,EXALVER NF TAB C/10 Tab,24,3,3,GENERICO,COMPUESTOS,3KKjHgkXhrmK2cglc98GZYIoGI4,https://catalogue.sicarx.cloud/product/6a152245-e732-4766-a28f-6d603f5d0423
7506425606924,JABON ESCUDO ROSA 150G,19,1,1,PERFUMERIA,HIGIENE,3KKjHgkbyaOVI7ppYHMxjdlt77B,https://catalogue.sicarx.cloud/product/7da9c997-abd2-4497-8378-54edb3acaadc
7502208891549,TARMIN (LOPERAMIDA) 2mg C/12 Tab,9,11,11,GENERICO,UNA FORMULA,3KKjHgkcnp8xBZ4rTdlke0XuwmC,https://catalogue.sicarx.cloud/product/f79858f3-cf23-4c64-92b1-2e4e76d23f91
7501075722253,"NINEKA Tab (neomicina,Caolin,Pectina) C/20",49,8,8,GENERICO,ESTOMACAL,3KKjHglPJ58TJWATWT2FuIuGPez,https://catalogue.sicarx.cloud/product/3300b936-ba38-4903-8209-cb7841bd35e3
7502001165397,ZIMETON C/20 Tab,94,2,2,GENERICO,ESTOMACAL,3KKjHgmGCVup4UW7qH63xRC0AhR,https://catalogue.sicarx.cloud/product/2de3c4da-6f69-4857-ab97-dbba02138a2e
780083148645,COBEDINA NS C/10 Tab,14,4,4,GENERICO,COMPUESTOS,3KKjHgmjR8tIEKDnplMYONyY2s1,https://catalogue.sicarx.cloud/product/2f2bf2b5-f729-423f-915f-46849dfb8248
7702031618737,LISTERINE WHITENING EXTREME 236ML,85,1,1,CURACION,CURACION,3KKjHgmtY9YXmh6lYtFnudqG4pO,https://catalogue.sicarx.cloud/product/43220c3b-8da3-440d-9ef9-5c6825a8f298
7502009740732,CO-EXALIV JAB (FENILEFRINA/GUAIFENECINA) 120ml,42,2,2,GENERICO,COMPUESTOS,3KKjHgmzDxTf62LoE0Ghyyfwuki,https://catalogue.sicarx.cloud/product/8bb2b1f8-d86a-4934-a561-8765c6b197d8
3311000003487,PERLAS DE ETER C/3 MERCURIO,8,49,49,CURACION,CURACION,3KKjHgnUGWwvHRyV8NLQpfXvAw4,https://catalogue.sicarx.cloud/product/8e2bf133-73f2-4ef4-b5cd-963967598190
7502009746321,NISOLVER SOL (PREDNISOLONA) 100ML,120,1,1,GENERICO,UNA FORMULA,3KKjHgnXem5Z9riCvxDsaRdmIug,https://catalogue.sicarx.cloud/product/bdc7be1e-fc73-443e-937e-31bbac2bcf03
7506425603404,TOALLITAS ESCUDO ANTIBACTERIAL C/50,26,1,1,PERFUMERIA,HIGIENE,3KKjHgnq3lx4bZHCBuGj901Bs18,https://catalogue.sicarx.cloud/product/fed1dc45-973d-45ca-bf9d-76303b314971
2548056330309,PONDS ROSA CREMA 100g,87,2,2,PERFUMERIA,HIGIENE,3KKjHgoStJfn3iW1xNlJ6WLX1gE,
7502211783282,ERBITRAX CMA (TERBINAFINA) 30g,36,1,1,GENERICO,UNA FORMULA,3KKjHgoVVXYRb1O1R38vQ0LZXxK,https://catalogue.sicarx.cloud/product/32136f7c-50cf-4262-899d-b941702d67f2
7500435141840,OLD SPICE MAR PROFUNDO BARRA 50G,83,2,2,PERFUMERIA,HIGIENE,3KKjHgokC76ReyyDS2ZCpkJ4AgH,https://catalogue.sicarx.cloud/product/985810bf-4d6c-4526-913d-6fcfa57fbccc
7501061813286,CERA BRACKETS C/6 DORALDENT,40,1,1,PERFUMERIA,HIGIENE,3KKjHgoxETo8Ktu8f1eTTc5uuL7,
7501054549956,LABELLO SANDIA C/1,72,1,1,PERFUMERIA,HIGIENE,3KKjHgpP283qCBjhuYa97HBYcTw,https://catalogue.sicarx.cloud/product/80a3ead0-4812-44c5-8ea2-ee08303eea69
7501048333103,ALCOHOL 250ML PROTEC,18,1,1,CURACION,CURACION,3KKjHgpXR9kO02ZhEsNp6dFKL7c,https://catalogue.sicarx.cloud/product/024b0f0a-38cf-426e-a607-257411c0e8f8
75001865,BRILLANTINA PALMOLIVE 115ml,58,1,1,PERFUMERIA,HIGIENE,3KKjHgpZoZAcaP64AblZHoKJB9s,https://catalogue.sicarx.cloud/product/38d35546-f2b7-4dab-be0a-59592f79c8bf
7501836003140,CONTRAXEN C/30 CAP,117,1,1,GENERICO,COMPUESTOS,3KKjHgpkiN9PRULhF4P4XdZ0shk,https://catalogue.sicarx.cloud/product/a9098e31-b772-4b52-803b-426d59eb06aa
7502227871416,RAAMFEN 25mg (DIFENIDOL) C/30 Tab,25,2,2,GENERICO,UNA FORMULA,3KKjHgr9WHE8D6i43TbPU8srP2c,https://catalogue.sicarx.cloud/product/fd588201-bec9-458a-b502-4e5afdc7b195
78924574,AXE DARK DESODORANTE ROLL ON 50ML,47,2,2,PERFUMERIA,HIGIENE,3KKjHgrN7PMF2PICu67HwaokaOX,https://catalogue.sicarx.cloud/product/9335970e-ef2d-4af3-8456-4125dc4afc22
7509546063867,SPEED STICK INTENSE 150ML,84,2,2,PERFUMERIA,HIGIENE,3KKjHgscBBCsxinl7FFv06qu2xT,https://catalogue.sicarx.cloud/product/b04d2e56-ca56-4d9b-8014-5a823be57c17
7506339349030,OLD SPICE SPORT AEROSOL 150ML,79,1,1,PERFUMERIA,HIGIENE,3KKjHgsh6ofiuAIbQ5kEKLTcltB,https://catalogue.sicarx.cloud/product/f494d555-4427-4294-b365-f2cc207e6918
7502223111370,DROSEQUIM FRESA 200ML,106,1,1,GENERICO,COMPUESTOS,3KKjHgsnxXZb5fIoDBhnjup0Zgz,
7501095409059,GRANEODIN C/24 MIEL-LIMON 5%,166,1,1,PATENTE,OTC,3KKjHgt0KAoZ66X8jCYvYrs4YcI,https://catalogue.sicarx.cloud/product/15cddcf5-e2ca-429a-9ec6-d0caf3f6d872
7501075723212,PAFERLU (EPINASTINA) 20MG C/10TAB,70,1,1,GENERICO,UNA FORMULA,3KKjHgtkX2DOA0DHRuf4KpioMnf,https://catalogue.sicarx.cloud/product/ee2b2711-5bc3-44a1-b347-056bb83e9212
7702031291565,SHAMPOO JOHNSON BABY AMARILLO 200ML,81,1,1,PERFUMERIA,BEBES,3KKjHgu4V766NRzlA2IrSY3jxtt,
7501065628169,POMADA CAMPANA 75g,58,2,2,PERFUMERIA,HIGIENE,3KKjHguFeTNAjWViuHmwR2vwYTj,https://catalogue.sicarx.cloud/product/8336930e-92ef-4d35-bdf7-53caa36f618b
7501853806779,CALNATD3 C/30 Tab,75,2,2,GENERICO,VITAMINAS,3KKjHgv3JRABMVV4YHly7H1IMaT,
7501089809179,KAOMYCIN S SIMPLE 180ml 20%,132,1,1,PATENTE,PATENTE,3KKjHgvA4Lf4yFmAvIKtiZ9fwrU,https://catalogue.sicarx.cloud/product/44dca401-cfec-4358-aee0-0f8bc7934d84
7702031244509,CREMA LUBRIDERM HUMECTACION DIARIA 400ml,108,2,2,PERFUMERIA,HIGIENE,3KKjHgvMswForE0JFPNnYJET0Bd,https://catalogue.sicarx.cloud/product/17957235-e432-424a-863b-da1d417d3c8c
7501361163029,TALCO BABY ROSA 150g,23,2,2,PERFUMERIA,BEBES,3KKjHgvdPDkVS2yPMffJE663w98,https://catalogue.sicarx.cloud/product/5ec8a5a9-5a9e-46e8-ae01-0c5339b583c8
008400007490,TROPICAMIDA GOTAS 5ML,113,1,1,GENERICO,GOTAS,3KKjHgvlNupMI0KCUr8QdAI3pc0,
7501573904335,FENOCOL JBE 140ML,53,2,2,GENERICO,COMPUESTOS,3KKjHgvz3MvYOGJevxavMtIDLM4,https://catalogue.sicarx.cloud/product/4f2a3000-5623-447d-9740-3caa2da8e771
7501846502336,GEL XIOMARA BLACK 250g,20,1,1,PERFUMERIA,HIGIENE,3KKjHgw5BfXHVXC7hTdM4EGUpgl,https://catalogue.sicarx.cloud/product/d5b440b9-7d92-4160-b1e5-f49c6b3b77b2
7503000422610,CEFALVER 125mg (CEFALEXINA) Susp,38,1,1,GENERICO,UNA FORMULA,3KKjHgx5RCmU9uOMFzMP7XLBCLK,https://catalogue.sicarx.cloud/product/71c73b25-19a0-4b62-ae86-52ee437262d6
7502001162525,MECLISON TAB C/20,35,1,1,GENERICO,COMPUESTOS,3KKjHgx8SMxcpKgg9R7HF0QaJJH,https://catalogue.sicarx.cloud/product/0b62bab7-4da9-45c2-aaeb-0ec03f55a043
7501075726251,BUDENOVA (BUDESONIDA) 0.125 (250MG) C/5AMP,186,1,1,GENERICO,UNA FORMULA,3KKjHgydtXXPz0LmJ5SPp4S8EUo,
7501008491966,ASPIRINA C/40 Tab 15%,55,4,4,PATENTE,OTC,3KKjHgyeFJVig3EMaPXFKiMtmcI,https://catalogue.sicarx.cloud/product/a6b14cf7-0e2f-453c-b76e-2819159e6c99
7502009749162,TRIMEBUTINA/SIMETICONA C/20TAB MAVER,117,1,1,GENERICO,COMPUESTOS,3KKjHgynwrCImzgQ9GDv4GNXMx6,https://catalogue.sicarx.cloud/product/6799fffe-9da9-4aea-8e94-23b7f7bf3625
7501349028654,HIPROMELOSA 10ML ALVARTIS,33,1,1,GENERICO,GOTAS,3KKjHgz0YCiggVANwmcWYXLRYSS,https://catalogue.sicarx.cloud/product/658c18e0-d725-4e8b-b1ac-99a83c755e40
7501289903042,CORTAUÑAS DE LA VEGA MEDIANO,17,5,5,PERFUMERIA,SUELTOS,3KKjHgz6CoCy9Ja1TdOftyUr7Gv,https://catalogue.sicarx.cloud/product/69a5aca4-8a10-4ca3-833d-aee49ca8a47a
75916565,VICK LATA 12g 10%,35,9,9,PATENTE,SUELTOS,3KKjHgzm0qP6HAVkWdvq1VklEVx,https://catalogue.sicarx.cloud/product/24bb8e34-ad69-40c2-916a-1cf2d65a51ba
7501563380026,DOXICICLINA 100mg C/10 Cap BIORESEARCH,36,3,3,GENERICO,UNA FORMULA,3KKjHh05cK4yzHXYv0pz7orWf1U,https://catalogue.sicarx.cloud/product/d7caea47-afcb-4936-acef-dde660ef2742
7501349028586,COMBEDI DL (DICLOFENACO/COMPLEJO) C/3,55,1,1,GENERICO,VITAMINAS,3KKjHh0V2SNKBEduYSxrRuBbgwQ,https://catalogue.sicarx.cloud/product/eb7fb78f-6c6a-4403-b235-3677e20741ff
7506449300075,BUTILHIOSCINA/METAMIZOL C/10 TAB ADN,35,3,3,GENERICO,COMPUESTOS,3KKjHh0oZ9zQzCB3HoozN42f9Wc,https://catalogue.sicarx.cloud/product/d82b7994-dbed-4903-98d2-aa747a2a5861
7503008344303,LADEXGEL C/12 Cap,32,1,1,GENERICO,COMPUESTOS,3KKjHh0vLpp3lCOhGDwx6kM3zD2,https://catalogue.sicarx.cloud/product/fdc1ba40-f171-4850-896c-f1c2106e4159
7506267905186,BLUMEN COCONUT JABON P/ MANOS 221ML,26,2,2,PERFUMERIA,HIGIENE,3KKjHh1n0NHqiSictu5tTIlUSX5,https://catalogue.sicarx.cloud/product/c578d499-12a5-4693-8627-f93c0fde8cba
7501573903246,BROMHEXINA INFANTIL 100ml BIOMEP,27,2,2,GENERICO,UNA FORMULA,3KKjHh1oxmTpXPEfriGVoin3cDG,https://catalogue.sicarx.cloud/product/74f361c8-f337-421c-bfe3-2840ae2d2b93
7501328979496,HISTIACIL NF INFANTIL JBE 20%,185,1,1,PATENTE,PATENTE,3KKjHh273FF29jDmcYhw9YwEQ2s,https://catalogue.sicarx.cloud/product/b35904b3-5c70-496d-88c2-5e5306f2a8c4
7501478316226,BOCETIX (LEVOCETIRIZINA) 5MG C/10TAB,61,1,1,GENERICO,UNA FORMULA,3KKjHh2TwzQKBy4CumOtdAoIDuh,https://catalogue.sicarx.cloud/product/60055d75-58e5-405e-baf1-3c69c9e1fb4b
7502213042059,PROXSAFLOX 500mg (LEVOFLOXACINO) C/7 Tab,33,2,2,GENERICO,UNA FORMULA,3KKjHh3DAZFLEe45CWDJJaoW4h7,https://catalogue.sicarx.cloud/product/de7bf43e-35c2-4d99-b137-87750bd08b49
7501258207584,MUPIROCINA UNGUENTO SERRAL,110,1,1,GENERICO,UNA FORMULA,3KKjHh3gMfKJ7Pik6l7BA2ewhB4,https://catalogue.sicarx.cloud/product/c91407ba-cda9-46be-8b3a-0e41481aeff6
650240032264,SUEROX IONES FRESA 630ml,20,2,2,CURACION,CURACION,3KKjHh3pBLwFu1lKVINzF0JGEaS,https://catalogue.sicarx.cloud/product/6aee27c2-240f-46fb-96db-cc6b947a0396
7509552906158,OBAO FRESQUISSIMA ROLL ON 65G,37,1,1,PERFUMERIA,HIGIENE,3KKjHh3vZSs6GC2ww8KhiDk4vHt,https://catalogue.sicarx.cloud/product/6d9245c9-1fcf-408d-a0f8-f6f74b6ddc29
7503001007205,VANMOXOL SUSP 90ml,28,2,2,GENERICO,COMPUESTOS,3KKjHh3wQse5kzqEqhuj2AYihGk,https://catalogue.sicarx.cloud/product/c7397ce3-4e11-406a-b3b6-86c2b5a6e22e
7502221187018,BRUT DEEP BLUE BOLA 50G,52,1,1,PERFUMERIA,HIGIENE,3KKjHh48PHPSADLUwGXJL6Am0nw,https://catalogue.sicarx.cloud/product/78d3d2ec-3b79-4289-af2c-4b851eab24c5
7501075724707,BUDENOVA (BUDESONIDA) 0.250MG (500MG) C/5 AMPOLLETAS,221,1,1,GENERICO,UNA FORMULA,3KKjHh6nRrxdOD8fA6U8YbAo0JV,
7502009740275,COBADEX INF 120ml,27,1,1,GENERICO,COMPUESTOS,3KKjHh770GQf2PRNkVVZU709Xv3,https://catalogue.sicarx.cloud/product/261515f6-90f0-4841-9df2-234e53ecaeda
8888021206074,PILA ENERGIZER AA C/1,15,6,6,PERFUMERIA,REBOTICA,3KKjHh8eAushf0plG9JJmTfYi1f,https://catalogue.sicarx.cloud/product/1dc14a8b-908f-4078-a134-06b88153ef20
42355472,NIVEA MEN FRESH ICE BARRA 50G,75,1,1,PERFUMERIA,HIGIENE,3KKjHh8p9RElCNH7XdxHLZo9r0o,https://catalogue.sicarx.cloud/product/4236344a-c745-4254-a52c-326ed674040a
6921169108199,OXIMETRO PULSE C/1,180,1,1,CURACION,CURACION,3KKjHh9JhaLftGHKm9Xqjg90EtS,
7501075716917,LUMINOVAG SUSPENCION (QUINFAMIDA) 30ml,31,2,2,GENERICO,UNA FORMULA,3KKjHhA2AD5a0gE5Hma45pazItF,https://catalogue.sicarx.cloud/product/2f57adb7-8a3a-4353-847e-3d2c6567694f
7501563382877,ACIDO ALENDRONICO 10MG C/30TAB BIOSEARCH,34,1,1,GENERICO,UNA FORMULA,3KKjHhAMdQUM9jVFuvGlCn3S7KU,
7506425625574,KOTEX TAMPONES PLUS C/12,27,2,2,PERFUMERIA,HIGIENE,3KKjHhAetxO1oMOeXyKImIxbQXR,https://catalogue.sicarx.cloud/product/566ceb97-53ab-4d8f-883d-f1b5bc390e0f
7501537164713,TRIBEDOCE F C/30 Tab,65,3,3,GENERICO,VITAMINAS,3KKjHhBEpMYhZ7NEpjE53RQiZxl,https://catalogue.sicarx.cloud/product/4825f085-1518-4958-a38e-3bd474fff63a
3311000000967,POMADA SULFATIAZOL 50gr MERCURIO,23,6,6,CURACION,CURACION,3KKjHhBICoOjFBrdJ39jQitAJb8,https://catalogue.sicarx.cloud/product/aba74f12-7979-439a-a92a-61a7436a1498
7501123013302,BEDOYECTA TRI C/5 Iny 30%,450,1,1,PATENTE,PATENTE,3KKjHhBgkRd7yaCKUffvoNq1YIg,https://catalogue.sicarx.cloud/product/ef5a90ee-9197-4ab2-9d42-1d73ffeac38b
650240069284,QG5 C/10 Tab,134,1,1,PATENTE,PATENTE,3KKjHhCeUzcmLQSEAfqXCKxeUbY,
7502009741746,EXALVER SOLUCION 120ml,33,1,1,GENERICO,COMPUESTOS,3KKjHhDUVCqs4IB7TkymyeKaXY6,https://catalogue.sicarx.cloud/product/6932ce6d-98c7-4aae-be29-7b28a3d5c597
7503040097939,BABY SKY TOALLITAS C/80,33,1,1,PERFUMERIA,BEBES,3KKjHhDg8GC3zwgZsQwF95XFgFx,
650240001314,NIKZON MASTICABLES C/90,492,1,1,PATENTE,OTC,3KKjHhDqCkpsiM17wMXqayYkS9Z,https://catalogue.sicarx.cloud/product/7c39c243-9603-4158-ae6b-0665edc71c1c
7502009749223,KLARIX 250MG (CLARITROMICINA) 60ML,132,2,2,GENERICO,UNA FORMULA,3KKjHhDwReE0UuiMWeO66c739GN,https://catalogue.sicarx.cloud/product/ded22357-9339-44fd-8978-d7a3121eb3e7
7501644707506,ETINILESTRADIOL/LEVONORGESTREL C/21 TAB,35,3,3,GENERICO,COMPUESTOS,3KKjHhDxVVGgzUPqgownLlzx7hL,https://catalogue.sicarx.cloud/product/b6ec40a3-25cf-4f8b-b7a2-398afa3caa5a
7506386100172,NEOSEDAL-DUO C/1INY,40,3,3,GENERICO,COMPUESTOS,3KKjHhET2W5ArKXq2RJXLQ4WRXo,
7501075718157,NOVARIDE 5mg (FINASTERIDA) C/30 TAB,81,1,1,GENERICO,UNA FORMULA,3KKjHhEZ8r5W7YH85QGNQpOO5yx,https://catalogue.sicarx.cloud/product/03dc0a9a-4061-4093-93f1-a2347a304d47
7509546067926,LADY SPEED STICK PERLA 150ML,81,1,1,PERFUMERIA,HIGIENE,3KKjHhEsUDJeNAnd31INhxdhKMO,https://catalogue.sicarx.cloud/product/e92f80b6-1805-4f1b-9962-534d80a8f2ae
7501019053252,PAÑAL TENA NOCTURNO C/8 PAÑALES,180,1,1,PERFUMERIA,HIGIENE,3KKjHhFDqspKqQTmaIjREjnJJQE,https://catalogue.sicarx.cloud/product/16ec3e60-dbc8-4e0d-8823-5340cdeb40ff
7501258200288,ASMARAL-K (KETOTIFENO) 1mg C/30 Tab,94,1,1,GENERICO,UNA FORMULA,3KKjHhFylRIG8B6WyIKg1gJYIKG,https://catalogue.sicarx.cloud/product/05c4553e-c62f-4c08-812b-10553f949aa7
7501573900337,CLOXAN TAB (AMBROXOL) 30mg C/20,12,2,2,GENERICO,UNA FORMULA,3KKjHhHCLmB1xFHcRn9ZODJoOrZ,https://catalogue.sicarx.cloud/product/23d2fc48-5d19-4467-908e-4b44d6bceb15
7501054502777,LABELLO CEREZA C/1,72,1,1,PERFUMERIA,HIGIENE,3KKjHhHVWExbD9biW6XgWKQ8YBe,https://catalogue.sicarx.cloud/product/8649a79b-8f57-47b6-935b-41167d84359d
780083140939,AMPIGRIN INF C/3 INY,106,1,1,GENERICO,COMPUESTOS,3KKjHhI67oiiffPCirajPYjModt,https://catalogue.sicarx.cloud/product/9e674495-8593-4a56-ab1a-ac7440c18be0
7501102610003,KOLA LOKA GOTERO 2G,26,4,4,PERFUMERIA,REBOTICA,3KKjHhIGOK9263Q3Y2Rk39KinDe,https://catalogue.sicarx.cloud/product/95db0399-8f2b-45cf-a6f4-5c6b073beb6b
7501314704163,SENOCIAN NIÑO C/10 Sup 10%,86,1,1,PATENTE,PATENTE,3KKjHhIWTIGr1HO4X0jsX1o3mDq,https://catalogue.sicarx.cloud/product/7397bd6d-b1ba-4c2d-a6d9-25328edb6728
7506335700354,ADIRIPEM 2mg (GLIMEPIRIDA) C/30 Tab,23,1,1,GENERICO,UNA FORMULA,3KKjHhJRXfNoKgk2lJHAUcVr9Ge,https://catalogue.sicarx.cloud/product/51eadeb4-0637-49f1-9d9c-a54e55914c4e
7501573904151,BIOSTAFEX 120mg (FEXOFENADINA) C/10 Tab,46,1,1,GENERICO,UNA FORMULA,3KKjHhJg8o0vz1LodjLujk4MhJi,https://catalogue.sicarx.cloud/product/3e513a51-7eef-4a4f-a5c1-6a1573e8a664
7503001007199,VALCLAN 500/125mg C/10 Tab,52,4,4,GENERICO,COMPUESTOS,3KKjHhJvnRj9p8Tk2RKojWWOhqw,https://catalogue.sicarx.cloud/product/ca64293d-c240-4171-8877-238e16df7822
75064273,CAPRICE SHAMPOO NATURALS SABILA 200ML,20,1,1,PERFUMERIA,HIGIENE,3KKjHhKJKnSolxesHDYafXAi52G,https://catalogue.sicarx.cloud/product/a64c514d-c8c4-4d35-854f-515e95b9d1f3
785120754841,MAVIDOL TR C/10 Cap,75,4,4,GENERICO,COMPUESTOS,3KKjHhLBvkwIWbMpYyJLoKS5NlD,https://catalogue.sicarx.cloud/product/273f7244-9c4a-4118-93c1-fc9c18733530
7502009745218,ERISPAN 4mg (BETAMETASONA) C/1AMP,34,2,2,GENERICO,UNA FORMULA,3KKjHhLFfolvF1e3YvLowRgJv5m,https://catalogue.sicarx.cloud/product/0ec73df7-b67b-4131-87af-e9b688d08111
7501943454743,TOALLITAS HUGGIES HIDRA ROJO C/80,44,3,3,PERFUMERIA,BEBES,3KKjHhMC00OZzknoRtaMfyVI0bo,https://catalogue.sicarx.cloud/product/2f931b06-d23c-4d88-9614-892c531cbcd3
7502208894557,CEFTRIAXONA 1g C/1 Iny BRULAG,20,5,5,GENERICO,UNA FORMULA,3KKjHhMZvYljGe5nq8Ml0V7wovs,https://catalogue.sicarx.cloud/product/c1428b43-489f-4a2c-83c3-a3100b42f883
7501058714312,TEMPRA GOTAS 30ml 10%,199,2,2,PATENTE,PATENTE,3KKjHhMcgcRe1nmVbBUudX4OVby,https://catalogue.sicarx.cloud/product/84a22520-8f7a-42e8-a5d4-2707014243f7
7501058752796,LYSOL SPRAY 475G,180,1,1,PERFUMERIA,HIGIENE,3KKjHhNWOmT1XtIV8kfZ18rjXm0,https://catalogue.sicarx.cloud/product/8639d671-4a1a-4170-aa6b-bd65a607be21
7501349029194,SOLURAL MANZANA 500ML,22,1,1,CURACION,CURACION,3KKjHhO05e0bMwMtob7RnzWpIKx,https://catalogue.sicarx.cloud/product/21b78627-f0ef-47c9-9941-e5ee3ed0397c
7503000720075,ALCOHOL 1LT ROJO LOURDES,62.931,2,2,CURACION,CURACION,3KKjHhOOoWpG3IYfAOruEo7EH0K,https://catalogue.sicarx.cloud/product/2cc71b78-fff2-4980-b74a-1da6d2d5d76d
7502216791312,ULTILAP 10MG (KETOROLACO) C/10 TAB,10,8,8,GENERICO,UNA FORMULA,3KKjHhOSWfRSrPQTjz6ZvcjeFMw,https://catalogue.sicarx.cloud/product/0cb45435-dc3b-4e6d-aa72-4efb56cdd4d2
7590002037157,VICK 44 EXP 120ml 10%,195,1,1,PATENTE,OTC,3KKjHhPEMaWeERpZ02ueVEBoYoD,https://catalogue.sicarx.cloud/product/1bd95ffe-d4f6-4cdc-ad57-ab65adaaf026
DESEN,DESENFRIOL-ITO PLUS C/4TAB,15,6,6,PATENTE,OTC,3KKjHhQX0ymMRbT8kNosMYCMdmn,
7501058714305,TEMPRA JBE INF 120ml 15%,223,2,2,PATENTE,PATENTE,3KKjHhQaoOTe96DRwtdgOFfyKn4,https://catalogue.sicarx.cloud/product/5ac2109f-d679-43c2-a42c-26c238d9ed13
7501092793052,RIOPAN C/10 SOBRES 15%,174,1,1,PATENTE,PATENTE,3KKjHhRCiALSxZ5IDPBD8brObK2,https://catalogue.sicarx.cloud/product/fc9ff44e-b233-4cee-8b8c-ecdf2d33afad
650240017100,XL-3 VIR C/24 TAB 5%,121,2,2,PATENTE,PATENTE,3KKjHhREYZwT7eIXkgsGrUdvfLP,https://catalogue.sicarx.cloud/product/6fc8fca7-911c-4018-897f-07c0e6c2dc1f
7501075717150,LIZOVAG TAB (KETOCONAZOL) C/10,20,2,2,GENERICO,UNA FORMULA,3KKjHhRpzGNSwHGnzgzmTRhlCcC,https://catalogue.sicarx.cloud/product/2cd83387-38db-4ec0-8334-0bd3682f0e8b
75006440,ROSATIL PASTA (OXIDO ZINC) 20g,20,5,5,GENERICO,UNA FORMULA,3KKjHhSTAo4lmV5z2rtT5rtvoHt,https://catalogue.sicarx.cloud/product/0625ec62-2c5f-49a3-9070-342e121b5844
7502009747656,KURTOSIL CREMA 15G,101,1,1,GENERICO,COMPUESTOS,3KKjHhSa2828KZORPPZ8QdqJxJe,https://catalogue.sicarx.cloud/product/9f028a3f-d13a-48b3-85ca-b113b0654e64
7501048691104,VENDA ALTA COMPRESION 15CM PROTEC,77,2,2,CURACION,CURACION,3KKjHhSkH6G0rvGXCtGbXqZL336,https://catalogue.sicarx.cloud/product/dc015d00-7060-4437-b5e4-ca82f297e6df
7501075718096,MARZIVAG (AZITROMICINA) 500mg C/3 Tab,36,3,3,GENERICO,UNA FORMULA,3KKjHhT941V27CYa64C0JuO7k0z,https://catalogue.sicarx.cloud/product/eee5276f-8e41-4f02-8746-2aca5d948681
7501048695904,VENDA VENDALASTIC ROJA 15CM,16,6,6,CURACION,CURACION,3KKjHhTF4kIeIZS8S0M17J9u1V6,https://catalogue.sicarx.cloud/product/0313a331-0784-4b8d-9a3e-2c36af61e8eb
7502216790933,ITOPRIDA 50MG C/30TAB ULTRA,95,1,1,GENERICO,UNA FORMULA,3KKjHhThBaI56grQK33HFfYxipN,
7501037601718,PILA AAA EVEREADY C/4,55,1,1,PERFUMERIA,REBOTICA,3KKjHhTizYeyGkA8OmW44zZJU3Y,https://catalogue.sicarx.cloud/product/0b4c3555-9bd0-442b-8827-a2bf1be24251
75076238,AXE APOLLO 45G,64,1,1,PERFUMERIA,HIGIENE,3KKjHhTpVJWTpNlg4G07h2OJEHM,
7502259890027,"OMEGA LINAZA 3,6 Y 9 C/30CAP",59,2,2,GENERICO,VITAMINAS,3KKjHhTqkcSBrbr99EdAVWgnB0v,https://catalogue.sicarx.cloud/product/071bede7-57a0-4c9b-8375-9b45b279fee8
7501017362950,KLEENEX BOLSILLO,9,3,3,PERFUMERIA,SUELTOS,3KKjHhUMa6OC7IztppEApnxOhhu,https://catalogue.sicarx.cloud/product/e84e8665-61fb-4f28-b8fd-b677b7b2dfad
7503000422863,CEFALVER 500mg (CEFALEXINA) C/12 Cap,49,2,2,GENERICO,UNA FORMULA,3KKjHhUb00yWErCOakdqdExkOk8,https://catalogue.sicarx.cloud/product/922f0eff-ab8d-426c-af3b-4c19c9e9a09c
714706903434,BRONCO FRESH MIEL-CEREZA CARAMELO C/9,15,3,3,PERFUMERIA,SUELTOS,3KKjHhUloaLH5m0ceQFe67NYcqv,https://catalogue.sicarx.cloud/product/b2165db5-04e2-4fbf-98f2-57c80a20fa0a
7509546078434,STEFANO ALPHA AEROSOL 159ML,81,2,2,PERFUMERIA,HIGIENE,3KKjHhV7sULHIyAv6EeX8jKMohM,https://catalogue.sicarx.cloud/product/4c83b98f-d401-40af-a714-dc43e394bc8f
7502009741289,CEPOBRON CAP C/12,78,2,2,GENERICO,COMPUESTOS,3KKjHhWIeV6ZrFYOQoKmfYEOgNR,https://catalogue.sicarx.cloud/product/2e19197b-94af-4d58-a44b-e868f1c4b409
7503008344488,LACTOPRAM ADULTO C/20 CAP,33,2,2,GENERICO,ESTOMACAL,3KKjHhWjwBEZZOrJk8IqaUNNuoO,https://catalogue.sicarx.cloud/product/86ea7e5a-e738-4150-a13f-5c1db5824610
7502001165953,REXURDIR 400mg (NIFUROXAZIDA) C/16 CAP,45,4,4,GENERICO,UNA FORMULA,3KKjHhYPWdQiHFozcjV0mCsAIAs,https://catalogue.sicarx.cloud/product/13d97d0c-50be-4b08-94e2-b1ebeea757b4
7501349021983,LINCOMICINA 600mg C/6 Iny.AMSA,70,1,1,GENERICO,UNA FORMULA,3KKjHhYVhvm0eD7mtzvZmxEf4bN,https://catalogue.sicarx.cloud/product/beb3b6c4-689a-484a-9ec5-32a1830c403a
7501056340124,SEDAL CREMA PEINAR CERAMIDAS 300ML,48,1,1,PERFUMERIA,HIGIENE,3KKjHhYXKZh027xbvMBYUexwyrt,https://catalogue.sicarx.cloud/product/ee4e9def-9e2f-4415-8669-cd383806874c
7501008497593,ALKA-SELTZER BOOST C/10 TAB,68.3,1,1,PATENTE,OTC,3KKjHhYymxh1dd4Adrfcv8zLipv,https://catalogue.sicarx.cloud/product/ffa52ac1-d401-42db-abff-eb8923b1e044
7501103318410,ESPONJABON T.TAIO CARBON,33,1,1,PERFUMERIA,HIGIENE,3KKjHhZ0ZfeJXOnqrVfXm2sH2d1,https://catalogue.sicarx.cloud/product/5d881fec-b886-450d-a262-fd8f1b1f43a2
7501008433676,CAFIASPIRINA C/40 TAB 15%,60.611,1,1,PATENTE,OTC,3KKjHhZ1XHHEDTigy0dA2FaIaGi,https://catalogue.sicarx.cloud/product/c40665d8-0a4a-4cbb-9061-214be3bde8b0
7503002163023,GEL XTREME 250g Bco,33,5,5,PERFUMERIA,HIGIENE,3KKjHhZv2G13MPAR5aTeuHzmNrA,https://catalogue.sicarx.cloud/product/563e9f46-bf50-4346-a402-4e77cf9a1d1d
7502001165298,EXHANTIL (ALUMINIO/MAGNESIO/SIMETICONA) SUSP. 320ml,51,2,2,GENERICO,ESTOMACAL,3KKjHhaQ5kwwsR9pr3dq7Pd0CLB,https://catalogue.sicarx.cloud/product/f0e5ad40-9a0e-4860-b4d9-402841eb3615
7502216790865,COMPLEJO B/DICLOFENACO C/30 Tab ULTRA,48,2,2,GENERICO,VITAMINAS,3KKjHhaZ2nuMXLTMoKvO3MCzqHA,https://catalogue.sicarx.cloud/product/dcd0ce60-740f-463e-aa7a-2ed3d82e0e01
650240013874,TEATRICAL AZUL CREMA 230G,95,2,2,PERFUMERIA,HIGIENE,3KKjHhakOUCN2sjKpxLqA6b2oSu,https://catalogue.sicarx.cloud/product/1a71b77d-90a8-4cd2-aaff-9ac4579a57f8
7503003738961,AMDORY 30mg (LANSOPRAZOL) C/14 Cap,40,1,1,GENERICO,UNA FORMULA,3KKjHhb2BAlAVLOuFlx8pZKQIha,https://catalogue.sicarx.cloud/product/5f958e00-2642-42f6-a985-579023f4c0dc
7502227875520,AMROL 1mg (CINITAPRIDA) C/25 Tab,30,1,1,GENERICO,UNA FORMULA,3KKjHhbUwTOZgKu5hGv2VQ3TXSi,https://catalogue.sicarx.cloud/product/56b1253b-0704-4985-9bc3-48e8c80b9b1c
785118752637,ITAMOL TAB (SUBSALICINATO DE BISMUTO) 262mg C/24,63,1,1,GENERICO,UNA FORMULA,3KKjHhc40GSbOtzeiOOzuvXcdFS,https://catalogue.sicarx.cloud/product/38baa87d-7c0f-449b-800d-f8c3a0137b22
7501370211018,RIZADOR LIZ CURTIS C/1,34,2,2,PERFUMERIA,REBOTICA,3KKjHhcMs4fblEctCtVD3bBfIUc,
7501075715088,SULFAWAL S (TRIMETROPIN/SULFAMETOXAZOL) SUSPENCION,25,1,1,GENERICO,COMPUESTOS,3KKjHhcWDoHG0sDXhKMCnsRpjU3,https://catalogue.sicarx.cloud/product/90df2786-652e-47b8-be2a-7e7786c22030
7509546074504,SHAMPOO MENNEN ZERO 400ML,59,1,1,PERFUMERIA,BEBES,3KKjHhdE8QuCjJ3Zt4ofHHM2nM3,https://catalogue.sicarx.cloud/product/0dd3702a-d1e6-40a2-ab77-95aea424faad
650240031427,GENOPRAZOL C/14CAP,64,1,1,PATENTE,OTC,3KKjHhduK7NT0GtqiOsJoP3nPvC,https://catalogue.sicarx.cloud/product/ac5aa49b-a76f-4542-9ff7-c5c001ceedcd
7502009742163,PRUEBA DE EMBARAZO QUICKLY C/1,13,3,3,GENERICO,UNA FORMULA,3KKjHhe1WdXkhY8SU9Y7pSnxBVI,https://catalogue.sicarx.cloud/product/82cac050-48d6-46b8-9304-a609aec752fb
7501349011984,SOLURAL MORA 500ml,22,2,2,CURACION,CURACION,3KKjHhegUQFjtk1U3nk5Hm3aVJE,https://catalogue.sicarx.cloud/product/4fb72d99-4610-4fd5-b074-9bdf7c374a4c
7501349025530,VENLAFAXINA 75mg C/20 Cap AMSA,62,2,2,GENERICO,UNA FORMULA,3KKjHhf5d4AqPPn2Hh2pBjdwzzE,https://catalogue.sicarx.cloud/product/d49f4000-a073-4ad1-babe-0af7c2e50c3f
7501056330279,PONDS ROSA CREMA 200g,153,1,1,PERFUMERIA,HIGIENE,3KKjHhflVatKzRVnKI5eCtjCWWp,https://catalogue.sicarx.cloud/product/c4b4f394-bceb-469e-8f78-dd350f4cd89e
7506442703835,CELECOXIB 200mg C/10 Cap CAMBER,56,1,1,GENERICO,UNA FORMULA,3KKjHhg2VToqYo9xDVGjteYYYEX,
RECARGA30,RECARGA $30,31,,,RECARGAS,RECARGAS,3KKjHhgz76Ck6DwmM3EX1ts4w55,
780083141585,SOVICLOR CREMA (ACICLOVIR) 5g,23,2,2,GENERICO,UNA FORMULA,3KKjHhh5ZOLT2ELOzVyFw8b56Vy,https://catalogue.sicarx.cloud/product/abfa39df-c267-4b8e-b1c4-5fe02c0824b4
7501349022799,CEFTAZIDIMA 1g C/1 Iny AMSA,71,3,3,GENERICO,UNA FORMULA,3KKjHhhWNofKkslhUXVXs4bTVeh,https://catalogue.sicarx.cloud/product/3fc7dc34-5a3b-4864-a77c-564edece9dac
7501056342227,SEDAL CREMA P/PEINAR RIZOS 135ml,23,1,1,PERFUMERIA,HIGIENE,3KKjHhhiJVGrn3ATiL24aCPtvsb,https://catalogue.sicarx.cloud/product/b3fcbcc4-b9cc-4c9a-b503-c05f01cdf6e1
PILAS,PILA AAA EVEREADY C/1,15,2,2,PERFUMERIA,REBOTICA,3KKjHhi1ETynRv0cNHcMjmiQL7F,
7501035907508,SPEED STICK FRESH BARRA 60G,65,1,1,PERFUMERIA,HIGIENE,3KKjHhi3OAZHMla4Mg7PkcDj6SZ,https://catalogue.sicarx.cloud/product/8dcca2a5-65e7-4e96-8fdb-483484fa6a16
7502004401409,DEXNE NAZAL GOTAS,59,1,1,GENERICO,GOTAS,3KKjHhiC84gD8IZFqhhmvikNPAK,https://catalogue.sicarx.cloud/product/9935fada-8a5b-4e0d-9768-4fc06cd2d149
7501836002020,QUERATAL (TRETINOINA) CMA 20G,42,2,2,GENERICO,UNA FORMULA,3KKjHhiH6s42tUTDqCHIIVrwzJ6,https://catalogue.sicarx.cloud/product/429de04f-b995-4e40-82ff-4e55daa98794
7502009742101,FLEXIVER COMP 7.5/215mg C/20 Cap,67,2,2,GENERICO,COMPUESTOS,3KKjHhiMoA3jJgKZSJEiQYzGqZJ,https://catalogue.sicarx.cloud/product/5aba164e-7fab-4ec8-b9cb-cdd68283d3e5
7501054549796,CREMA NIVEA MILK B EXTRA SECA 100ml,34,2,2,PERFUMERIA,HIGIENE,3KKjHhj6xDcfLfvYtxrCkvhLi2F,https://catalogue.sicarx.cloud/product/b700d9c2-1082-49a5-b998-417fc37d22fb
7502001164413,CLOTRIMAZOL C/1 OVULO SONS,43,1,1,GENERICO,UNA FORMULA,3KKjHhjFBenqbLEDreP7b6U9aAz,https://catalogue.sicarx.cloud/product/7ffe9bc0-633c-4197-b147-b76d8bd996bf
7502227871942,VASDECOM (ORLISTAT) 120mg C/21 Cap,154,1,1,GENERICO,UNA FORMULA,3KKjHhjwi6XcnfwlcNvUq5LsQ16,https://catalogue.sicarx.cloud/product/403ec359-2d53-49a9-af6b-3ce6013871bf
7501471800265,PANCLASA C/20CAP,274,1,1,PATENTE,PATENTE,3KKjHhk3JYb7Bg21fVDrFwUg0Sa,https://catalogue.sicarx.cloud/product/a2c82c2e-11d4-4fb9-acdd-c8bfce686475
7501054504535,CREMA NIVEA MILK EX SECA 400ml,95,2,2,PERFUMERIA,HIGIENE,3KKjHhkR8iASIsAABN8sp2YlNgv,https://catalogue.sicarx.cloud/product/1d28ea74-3112-49d1-bbfb-7eacfb0cfb07
7502222840349,CLORANFENICOL GOTAS OFT ALVARTIS,41,2,2,GENERICO,GOTAS,3KKjHhkSiMHc0ld4cE4kPr3KGn6,https://catalogue.sicarx.cloud/product/c4dc60e5-74a2-4a4b-a33f-6aea2b3f87b3
759684313400,360 ANTISEPTICO 60ML,90,2,2,CURACION,CURACION,3KKjHhlAgwXAiMwNWb8vFFgJLPO,https://catalogue.sicarx.cloud/product/19f478ad-b4e4-473d-bd24-f73bd853c562
7501349024571,FUROSEMIDA C/5 Iny AMSA,24,1,1,GENERICO,UNA FORMULA,3KKjHhlOqejA3dWH7e34VlI9vJP,https://catalogue.sicarx.cloud/product/7fcd20a7-aa2e-4468-8d7f-d1a81ea63b15
7501298223704,DOLO-NEUROBION C/20 TAB,324,1,1,PATENTE,PATENTE,3KKjHhlVwLztDjOfmXYhNJK9Hq6,https://catalogue.sicarx.cloud/product/c474e61f-4a77-46b9-91dd-aded39004ce1
7500435186445,OLD SPICE ADVENTURE SPRAY 150ML,81,1,1,PERFUMERIA,HIGIENE,3KKjHhladyPAdbw9mo5lNr8d6S7,https://catalogue.sicarx.cloud/product/e84463f6-999d-4881-a863-d0860b1fe2ef
7501023108849,MICROPORE BLANCO 1/2 NEXCARE,19,15,15,CURACION,CURACION,3KKjHhlu4SzSKLzk0gpRYcFKB30,https://catalogue.sicarx.cloud/product/26cb9bd5-57b5-4967-95e5-9bbeaee9e4a9
7501868910041,ALGODON 25g DIBAR,14,5,5,CURACION,CURACION,3KKjHhmG2lpVCd7yCp0Y1q6o45B,https://catalogue.sicarx.cloud/product/ab55cb59-b0a0-4437-963d-e731cc9a8bd8
741021020188,ESPONJABON T.TAIO AC. SALICILICO,33,1,1,PERFUMERIA,HIGIENE,3KKjHhmJfuj3Xo8inKS1jXgg89r,
7501165010826,ENTEROGERMINA 4 BILLO C/10 Amp 20%,535,1,1,PATENTE,PATENTE,3KKjHhmvjmH10ULpKeDhWZTmXjy,https://catalogue.sicarx.cloud/product/169d25da-a5d6-46cd-8d1d-f4ff42c73a0b
7501361111501,TALCO O-DOLEX AMARILLO 150g,24,1,1,PERFUMERIA,HIGIENE,3KKjHhn0DaGerzlq623KRPNW2sJ,https://catalogue.sicarx.cloud/product/8325d88f-5d3b-4762-a673-9cff335b40d1
7501537102272,FLEBONADROL 500MG (HIDROCORTISONA) C/1AMP,29,1,1,GENERICO,UNA FORMULA,3KKjHhn6dnEeOiUm2oMaSWDPDKq,https://catalogue.sicarx.cloud/product/bb3e6fa5-da34-42e0-89c3-a16fa37c0a4d
7501075710465,BENCIEFEDRIL JBE 120ML (DEXTROMETORFANO/GUAIFENESINA),16,1,1,GENERICO,COMPUESTOS,3KKjHhnC5jRTXlhwRBpPzAauGwr,https://catalogue.sicarx.cloud/product/117932b0-1dbc-4957-b535-ed05c1450c02
7501125195280,SUERO CLORURO SODIO 500ml PISA.,54,3,3,CURACION,CURACION,3KKjHhnGjE0yO5nCGKw39PW8htN,https://catalogue.sicarx.cloud/product/8338fdd5-b486-4e22-a027-30a0b8d11a18
7502009748868,BUDIMIN 1mg (BUMETANIDA) C/20 tab,51,2,2,GENERICO,UNA FORMULA,3KKjHhnLQ07GXcp811oLuZiGmeN,
7622210267825,HALLS CEREZA C/9,10,1,1,DULCES,MENTOS,3KKjHhnx6phM7QkeUWQIQ7CPHtE,https://catalogue.sicarx.cloud/product/4fb06aa5-ad92-4582-b004-e51ad3b11fcd
7501075711332,ENOVAL (ENALAPRIL) 10mg C/30 Tab,14,4,4,GENERICO,UNA FORMULA,3KKjHhoIJzGURUQtHBV45G7lC61,https://catalogue.sicarx.cloud/product/957e1f7f-3028-4c34-a246-4066a1f4c9fd
736085407747,METICEL (HIPROMELOSA) GOTAS,23,1,1,GENERICO,UNA FORMULA,3KKjHhoXff8ilM9YoabQtY8dAEJ,https://catalogue.sicarx.cloud/product/d8f95cf7-9530-47f9-8a56-4f1b8b42d5d1
7502211789321,GANTAMIN JBE (DROPROPIZINA),44,1,1,GENERICO,UNA FORMULA,3KKjHhpgAPvPTVo70iM5BvNwArm,https://catalogue.sicarx.cloud/product/864b208e-3797-4c40-bd2e-3b3a5c3956bb
7501095451096,PICOT C/10 Sbs 10%,52,2,2,PATENTE,OTC,3KKjHhphEKLfQ3lB0wfYTFp4Gmg,https://catalogue.sicarx.cloud/product/37110f95-1d6b-4f27-b73c-84dc0166748a
7501027513618,BIBERON EVENFLO MORADO 8OZ,19,2,2,PERFUMERIA,BEBES,3KKjHhqSj1cxuj3TDULtSoNRBTp,https://catalogue.sicarx.cloud/product/05d9d95b-82a1-452c-840a-f1c84035e854
7502003386547,GEMFIBROZILO 600mg C/14 Tab RAYERE,147,1,1,GENERICO,UNA FORMULA,3KKjHhqajbujloK7eMl3AomqKT6,https://catalogue.sicarx.cloud/product/f1195944-4f3c-4c9a-a374-a39146f30cfa
7503001007069,VANDIX 250mg SUSP (AMOXICILINA) 75 Ml,29,3,3,GENERICO,UNA FORMULA,3KKjHhqsBSNyMWk8kkXqHkcbMbn,https://catalogue.sicarx.cloud/product/4a8cd9f8-9dc6-48dc-b6b1-34bed4a2caaa
748622171042,BARAJA DON CLEMENTE,34,2,2,PERFUMERIA,SUELTOS,3KKjHhqvqEDMwivvMHQPEHEExlU,https://catalogue.sicarx.cloud/product/046ef76c-4ac6-4d52-8c33-7aaa13e0e79e
7501065628145,POMADA CAMPANA 35g,30,2,2,PERFUMERIA,HIGIENE,3KKjHhrD5SRaBvKhQBHTX110tfQ,https://catalogue.sicarx.cloud/product/5afa288f-692e-471a-98e2-b2443e35b229
7501075721072,ANIERNOV 75mg (PREGABALINA) C/28,57,3,3,GENERICO,UNA FORMULA,3KKjHhrYniq2BraxDIjXOtsbb8W,https://catalogue.sicarx.cloud/product/887e5530-6bf0-418c-849e-8ac682d1cd0a
7502001165724,RASPISONS CREMA,31,1,1,GENERICO,COMPUESTOS,3KKjHhraRUAw6XneMZvBwtIvKlo,https://catalogue.sicarx.cloud/product/2b80719c-900a-4218-b74a-11d93f70e14a
7503000504064,MERTHORAB BLANCO 20ml KOHN,18,1,1,CURACION,CURACION,3KKjHhrsXQtdJ9zUhcXDsncJyrZ,https://catalogue.sicarx.cloud/product/ebead04b-a999-467b-ae06-1cc733f69c45
7506295369363,TAMPAX REGULAR C/8,58,1,1,PERFUMERIA,HIGIENE,3KKjHhryf29XfIdkUuddKfVXcjQ,https://catalogue.sicarx.cloud/product/b48f6026-b4dd-4175-8ba9-b207883d8917
7502216808362,ESOMEPRAZOL 40MG C/7TAB ULTRA,120,1,1,GENERICO,UNA FORMULA,3KKjHhsHQm2oLtVP2JjdrARdvFU,https://catalogue.sicarx.cloud/product/a4c96990-a77e-4be2-a71c-bad3dc6c382b
7509546068619,ESTEFANO TRIUMPH AEROSOL 159ML,80,2,2,PERFUMERIA,HIGIENE,3KKjHhsQls7xCh4ici5FAF7rTX2,https://catalogue.sicarx.cloud/product/de18f1cd-a37c-421b-b87b-e3968b21b409
7501008494226,ASPIRINA JUNIOR C/60,84,1,1,PATENTE,PATENTE,3KKjHhseHRVgq3EjicpWWb3WRVO,https://catalogue.sicarx.cloud/product/2e276817-0682-4a66-ba6d-40170d21971d
7501035914070,WILDROOT 100ML,46,1,1,PERFUMERIA,HIGIENE,3KKjHhsmmYj6w6NQxdKxDAp7cKL,https://catalogue.sicarx.cloud/product/b0337960-53b9-4a4c-a114-ef71d482c479
7502216808614,CHRISALE C/1 (TADALAFIL) 20mg Tab,5,4,4,GENERICO,UNA FORMULA,3KKjHht75l6iRyCGXhZWmKR4sXu,https://catalogue.sicarx.cloud/product/bb9803c9-607c-46be-91d3-cac3d10002c3
7501075720969,NATRAZIM 40mg (TELMISARTAN) C/30 TAB,57,1,1,GENERICO,UNA FORMULA,3KKjHhtNm9vemdUwFX6OSsbTclv,https://catalogue.sicarx.cloud/product/102cad82-9087-4c83-be34-8d3d09d9eb15
7506022320872,TAXISENSI (CEFOTAXIMA) 1g C/1 Yny,72,10,10,GENERICO,UNA FORMULA,3KKjHhtQCFgeaqezrRjoCh32jU7,https://catalogue.sicarx.cloud/product/e5e05ca0-2153-41e1-b47c-6fe3b8653d94
780083141066,VOLFENAC GEL (DICLOFENACO) 60g,40,1,1,GENERICO,UNA FORMULA,3KKjHhtYadr6iF4VZEAvu63K0fs,https://catalogue.sicarx.cloud/product/f1fd554c-263c-4f71-8d3e-995e7c21800a
7501943494244,KOTEX UNIKA ALAS C/8,20,2,2,PERFUMERIA,HIGIENE,3KKjHhuC3tjzJaB54QzxpTrXlvB,https://catalogue.sicarx.cloud/product/a5d9fb88-c120-49f0-978b-5c3fb8850b72
ANTI,ANTIDOPING C/1 PRUEBA,150,1,1,CURACION,CURACION,3KKjHhuIP8PlLrGU2hb5g4DFCko,
7501056326142,CREMA PONDS AZUL 100g,72,1,1,PERFUMERIA,HIGIENE,3KKjHhuwcgH8yXIEmJ26Fmt6VLA,https://catalogue.sicarx.cloud/product/55b654e7-55ca-4117-b954-f87dcbff7553
7501349027930,ETORICOXIB 120mg C/7 Tab AMSA,65,1,1,GENERICO,UNA FORMULA,3KKjHhvdVC7iedAPPqU2ssUnFOP,https://catalogue.sicarx.cloud/product/cc18a5d4-060a-48ae-9bec-314f4a58e52c
7501072601674,CEPILLO CLINIC NANO CARBON,25,3,3,PERFUMERIA,HIGIENE,3KKjHhwlVl8rGoQvVyYJEOEDGs1,https://catalogue.sicarx.cloud/product/a163e12f-dcb6-4651-bc68-1e5614e18ac8
7502246642073,MICRODACYN 60ML 15%,376,1,1,PATENTE,PATENTE,3KKjHhwsicVYBdpMDrffXzqSLdz,https://catalogue.sicarx.cloud/product/4ae2d5f8-ef66-45bb-bacf-07e10033f884
041333431482,PILA DURACELL AAA C/2,46,3,3,PERFUMERIA,REBOTICA,3KKjHhxZB3h4lNt4d3zqPGp4gcC,https://catalogue.sicarx.cloud/product/917a86e1-9317-4f9c-912f-b8e32f3ecbe1
020800600347,TAMPAX SUPER PLUS C/10,57,1,1,PERFUMERIA,HIGIENE,3KKjHhxfdHlKLqo2vxN7PU50nwW,https://catalogue.sicarx.cloud/product/b2cd0c3c-528d-4841-8efc-cffbf09b0f6f
780083144302,COLLIFRIN AD (OXIMETAZOLINA) Spray,51,3,3,GENERICO,UNA FORMULA,3KKjHhyUz2ymCUytHH7Li4s4iCU,https://catalogue.sicarx.cloud/product/1fcc1d8d-e319-4802-bf54-69a812d719b9
7501007535487,MOTRIN GTS (IBUPROFENO) 15ML,158,1,1,PATENTE,PATENTE,3KKjHhzUwNHSbgJrj9vHRX0IfPg,
7501008409541,SARIDON C/20 Comprimidos,85,2,2,PATENTE,OTC,3KKjHhzYzUrZYPqujTArw2X0cpY,https://catalogue.sicarx.cloud/product/7bc343fc-9146-48a1-9782-a7449a1ff8f5
7500435169035,MOUSSE HERBAL ESSENCES RIZOS 210ML,69,2,2,PERFUMERIA,HIGIENE,3KKjHhzmsDbOuRuUUpNaG1Rsfmd,https://catalogue.sicarx.cloud/product/a652e816-cee0-49d9-8c48-4d97522d9a54
7501573909958,COLCHICINA 1mg C/30 Tab BIOMEP,44,2,2,GENERICO,UNA FORMULA,3KKjHi0ZQvzHy0Dz5JMoz1YbptT,https://catalogue.sicarx.cloud/product/5c52b504-3e18-4ce3-bc6d-e0e50ef5bf98
354312225164,VITACILINA BEBE 50g 15%,70,1,1,PATENTE,OTC,3KKjHi1EO0nVgWBn7hbD6mcqIxv,https://catalogue.sicarx.cloud/product/6145d8db-3339-4f56-a073-1becdd9cafb4
7502001164246,ALFADEC GOTAS 20ML,36,1,1,GENERICO,VITAMINAS,3KKjHi1Lfkp3xfh7ztXcYxTQL7S,
7501033956317,PEDIASURE PLUS CHOCOLATE,64,1,1,PATENTE,OTC,3KKjHi1MbkQOmMk5VdiUuCJm1x3,https://catalogue.sicarx.cloud/product/3604c735-6a62-4c0a-9620-effb0876e8e8
4005900036711,NIVEA MEN BLACK&WHITE AEROSOL 150ML,77,1,1,PERFUMERIA,HIGIENE,3KKjHi2aLHiLKvxwnrDchUiHxev,https://catalogue.sicarx.cloud/product/f0f8acd7-a72d-487a-82e1-ed292ddbd39f
7501089810427,HERKLIN SPRAY 120ML,170,2,2,PERFUMERIA,HIGIENE,3KKjHi2yon35qXlz577Vdhvvybj,https://catalogue.sicarx.cloud/product/8375165f-5568-4a0b-800a-f22bedd14028
780083148942,COLLIPROL 40mg (ATORVASTATINA) C/15 Tab,66,1,1,GENERICO,UNA FORMULA,3KKjHi3tBNR91R9hmfkZhGsVdr2,
7506449300136,KALAMYN PLUS (CALAMIN) LOCION 180ML,54,1,1,GENERICO,UNA FORMULA,3KKjHi3wpYysg7rr3GnHN9EnJHE,
7501328979502,HISTIACIL NF ADULTO JBE 20%,172,1,1,PATENTE,PATENTE,3KKjHi459iLzwrZs37b2BxeJpPq,https://catalogue.sicarx.cloud/product/a564a34c-6d57-49b5-b3cc-8a7c5dc99286
4006000176239,BLOQUEADOR NIVEA INVISIBLE 150ML,280,1,1,PERFUMERIA,HIGIENE,3KKjHi4GntD0uFWCUuRemdrFVmA,
7502216793934,CINITAPRIDA 1MG C/23TAB ULTRA,24,1,1,GENERICO,UNA FORMULA,3KKjHi4rZt0qmwhYGm9SY2yswon,https://catalogue.sicarx.cloud/product/57b66e38-d30b-4c85-ade9-0a7f04f7f08a
7501032927202,REPELENTE OFF AER 170gr,120,1,1,PERFUMERIA,HIGIENE,3KKjHi4zG9gq0FIPZ5pacWKojO6,https://catalogue.sicarx.cloud/product/d5447c97-211a-42fb-96e5-def5a04e3864
7506309862057,GILLETTE GEL SPORT TRIUMPH DESODORANTE 82GR,84,1,1,PERFUMERIA,HIGIENE,3KKjHi6BUbd9KkWhIDShxgyoohc,https://catalogue.sicarx.cloud/product/64d39cc2-17d2-4137-a82f-ce62997e680e
3311000001407,GLICERINA 50ml Mercurio,24,4,4,CURACION,ACEITES,3KKjHi6OUZNpp4rlu3h86Ztdqfi,https://catalogue.sicarx.cloud/product/8b6de56b-9ec7-4469-adc0-deb235e62796
037836041341,HINDS NATURAL VERDE CREMA 90ML,24,1,1,PERFUMERIA,HIGIENE,3KKjHi6ljNBVoKyWKwO30cpID02,https://catalogue.sicarx.cloud/product/d5de0c53-edf6-4403-a192-9dab2079f090
759684317071,VIOLETA JALOMA 40ml,19,1,1,CURACION,CURACION,3KKjHi73IMszmSmZ1rgbNrJITjH,https://catalogue.sicarx.cloud/product/ab7b3ef4-f6a5-423c-8643-63e21953f521
7501075723830,ATROXOLAM JBE 150ML,45,2,2,GENERICO,COMPUESTOS,3KKjHi7DoxljqyO6NOTrWFN7TLt,https://catalogue.sicarx.cloud/product/a4515f8f-f89e-4be1-bd45-e62388804908
4005900036605,NIVEA BLACK&WHITE PURE SPRAY 150ML,65,1,1,PERFUMERIA,HIGIENE,3KKjHi8WVCMHldZ861EKpIHSXkf,https://catalogue.sicarx.cloud/product/87769c88-f230-4e30-9b90-fffabe5afe02
7501573901082,MESSELFENIL 500mg (METAMIZOL) C/10 TAB,12,5,5,GENERICO,UNA FORMULA,3KKjHi8fvAzqBIwNfcA1Zzh5EwA,https://catalogue.sicarx.cloud/product/5aacf0e8-9acd-4db8-950b-420a4c03e313
7501048640775,VENDA YESO 10CM PROTEC C/1,37,2,2,CURACION,CURACION,3KKjHi9CImIyMdABHQTOQYLLmoT,https://catalogue.sicarx.cloud/product/4d261f57-c52e-4918-9daf-bfe18e5b941e
3311000000349,AMONIACO 1lt Mercurio,34,2,2,CURACION,CURACION,3KKjHi9Ssysr7cdztG3ZWWm8ALX,https://catalogue.sicarx.cloud/product/e572e9e8-db36-4837-93dd-7d6cf9c0bb6f
7501836000729,BIFARDOL T C/10TAB,27,2,2,GENERICO,COMPUESTOS,3KKjHi9XjlMvUyTIIJwHSR0ahZ6,https://catalogue.sicarx.cloud/product/c10d6259-c42a-4f84-b5c1-8693984def92
7702018880409,RASTRILLO GILLETE PRESTOBARBA 3 C/1,31,6,6,PERFUMERIA,HIGIENE,3KKjHi9mOPmQrOOi4nsb4qTNDBI,https://catalogue.sicarx.cloud/product/a32be005-87eb-45a0-8f90-b4705ff727bc
714706903410,BRONCO FRESH MIEL-LIMON CARAMELO C/9,15,4,4,PERFUMERIA,SUELTOS,3KKjHi9qzIgdNGcOlO4tN1TiNGU,https://catalogue.sicarx.cloud/product/5f4ccbe7-c021-42bd-99fa-57137afa1b6b
7502250340538,VITACILINA UNGUENTO 18G 15%,35,3,3,PATENTE,OTC,3KKjHiANpTzUWYq8Q0QBd7Bu1nO,https://catalogue.sicarx.cloud/product/114a7580-2b3e-4b0d-85ae-21bf17391172
3311000000318,AGUA DESTILADA 1000ml MERCURIO,37,2,2,CURACION,CURACION,3KKjHiAVfUNI2TO3vgXoSvOV4tV,https://catalogue.sicarx.cloud/product/7cfe9f34-eb19-40d1-880d-1eecd7d90de4
7501064560163,IODEX CRISTAL 60g 10%,92,2,2,PATENTE,OTC,3KKjHiAYiZCV4zVUYOXupIBvuv3,https://catalogue.sicarx.cloud/product/81627f1f-851b-4151-b3e9-b4d9cd6385be
7502009744891,FRINVER GTS (NORFENILEFRINA),95,1,1,GENERICO,UNA FORMULA,3KKjHiAnyyb9zwhtMquwKCFXWbO,
7501563382297,LOSARTAN/HIDROCLOROTIAZIDA C/3TAB BIOSEARCH,34,4,4,GENERICO,COMPUESTOS,3KKjHiCUp4r1XpJS64LNFicq7bu,
7501061812289,CEPILLO CHAVO 8 BARRIL C/2PZ,25,4,4,PERFUMERIA,HIGIENE,3KKjHiChJXnZuth8RrVBmlUFYa7,
7501573906346,RETIRIX SOL (CETIRIZINA),54,1,1,GENERICO,UNA FORMULA,3KKjHiCvT0V9b7MVcT8eZwtHImq,https://catalogue.sicarx.cloud/product/3f79f056-4f2c-4987-be44-51eeab7850a8
7502209810365,TUSILEN AD. JARABE 118ml,29,2,2,GENERICO,COMPUESTOS,3KKjHiD8juxWTIcT6JCw9bnoExP,
7501868901117,ALCOHOL AZUL DIBAR 250ml,16.379,4,4,CURACION,CURACION,3KKjHiDkM88ukudvOFGMwx5ih6d,https://catalogue.sicarx.cloud/product/adf3231b-63a7-473a-ab57-ff58de16b2b4
3311000001209,ACEITE DE ALMENDRAS 50ml MERCURIO,16,5,5,CURACION,ACEITES,3KKjHiEBcthy62IknKyFtBGrOlO,https://catalogue.sicarx.cloud/product/3d37108e-2584-48a8-bfff-d63aaa384ecc
7502001161511,BENTIX CREMA 40g,43,1,1,GENERICO,COMPUESTOS,3KKjHiEPP7OuCmO6opdffslwVVv,https://catalogue.sicarx.cloud/product/a718e568-009b-4fe8-b3c0-4b5e589fb6a3
7501058715517,GRANEODIN B MENTA-EUCALIPTO C/24 Tab 15%,162,1,1,PATENTE,OTC,3KKjHiEYsyrq5HP2BOyNmYOY3pe,https://catalogue.sicarx.cloud/product/7e977100-45fc-4537-b984-73906aee0f67
7501590287114,PADIO TAB (PICOSULFATO DE SODIO) C/20,37,2,2,GENERICO,UNA FORMULA,3KKjHiEroNKlHeqaUqgceaD9RJR,https://catalogue.sicarx.cloud/product/c9d866db-f278-4a76-beda-651728d6fef9
7509546059006,CAPRICE SPRAY ROJO 316ML,56,1,1,PERFUMERIA,HIGIENE,3KKjHiFTfAamZaqim89cLCmpuAg,https://catalogue.sicarx.cloud/product/9df005c2-d912-47d5-8358-23dca24dc75c
7501349025288,BENCILPENICILINA 1200ui C/1 Iny AMSA,45,5,5,GENERICO,UNA FORMULA,3KKjHiFaJI8WIYc1dv5Od9Jmxuy,https://catalogue.sicarx.cloud/product/cbddce46-665a-4cf1-8875-174b28d55aea
7702031887911,LISTERINE ZERO 180ml,65,2,2,PERFUMERIA,HIGIENE,3KKjHiGCf9CVE0VrnEJxgMnie6H,https://catalogue.sicarx.cloud/product/168b5ab4-b0ea-4a99-9072-a738aa07aac3
070942303460,CEPILLO INTERDENTAL C/6 GUM,160,1,1,PERFUMERIA,HIGIENE,3KKjHiGhKG5W54v0dXHFyBd6V0n,https://catalogue.sicarx.cloud/product/e718233b-8d92-41da-ac1f-e3d48a83ea77
7502227875568,DESROTAN 180MG (FEXOFENADINA) C/10 TAB,75,1,1,GENERICO,UNA FORMULA,3KKjHiHF8iegmSVwswuM5AS2pcu,https://catalogue.sicarx.cloud/product/d8ec7953-2ffc-4c14-93f3-93222bfee999
7506494600311,CLOROPIRAMINA C/20TAB SCHOEN,54,3,3,GENERICO,UNA FORMULA,3KKjHiHWuIr455doLEzGxWmv3HR,
COFIA,COFIA AZUL C/1,4,40,40,CURACION,CURACION,3KKjHiIJusPn33uBZc65scIPIHJ,
7501349023529,TOLTERODINA 2mg C/14 Tab AMSA,41,1,1,GENERICO,UNA FORMULA,3KKjHiIoLzUK7EIuc1RcRI8uIAQ,https://catalogue.sicarx.cloud/product/3747419c-fb44-4831-837c-7426f6e56ad3
7501349021044,CLINDAMICINA 600mg C/5 Amp.AMSA,134,1,1,GENERICO,UNA FORMULA,3KKjHiJ6VjpXtXOC9JkxCfd3EIS,https://catalogue.sicarx.cloud/product/f40fb848-e620-4568-a243-9e383818ab25
7502211789031,BENIFLANT SPRAY (BENCIDAMIDA),37,1,1,GENERICO,UNA FORMULA,3KKjHiKJTIYF6tM78UYghEXy5ni,https://catalogue.sicarx.cloud/product/02e800ca-62a0-4779-957b-af53ba5e7753
7501349028326,CISAPRIDA 5mg C/30 Tab AMSA,41,2,2,GENERICO,UNA FORMULA,3KKjHiKPbSGvlke2M1xLd6T0oPs,https://catalogue.sicarx.cloud/product/61ae516c-8280-405d-9acc-ad515b9881b2
7506306249042,VASELINE 85g,72,2,2,PERFUMERIA,BEBES,3KKjHiL27YW1QWWvj1TcWRftt9z,https://catalogue.sicarx.cloud/product/61acb58d-e90c-429d-8302-0cc2ec3ba12e
780083142827,NOSIPREN 20mg (PREDNISONA) C/30 Tab,55,1,1,GENERICO,UNA FORMULA,3KKjHiL6jg2dGBLyKwp6LmocMze,https://catalogue.sicarx.cloud/product/715ebb03-2024-47f2-897e-6036cc558e85
7501054549819,CREMA NIVEA SOFT SECA 100ml,36,2,2,PERFUMERIA,HIGIENE,3KKjHiLHyWoudRJr0LP8aSSbcJ8,https://catalogue.sicarx.cloud/product/9c71a83f-7ea3-496c-b1c0-30df728df86d
7501573902652,GRIMERAL JBE (LORATADINA) 30ml,13,2,2,GENERICO,UNA FORMULA,3KKjHiMEGOcIRiMs8RUZN9unbbh,https://catalogue.sicarx.cloud/product/57124fbd-73de-4462-939a-0bc7bfad75ff
75062583,ALKA-SELTZER BOOST EFERV. C/2,15,23,23,PATENTE,SUELTOS,3KKjHiMnU61EAIqQp5TVVUWZZc7,https://catalogue.sicarx.cloud/product/81ad7298-ef02-4a9c-8c9d-d645dcc9c484
7501299307304,AZITROMICINA 600mg SUSP 15ml PHARMAGEN,109,1,1,GENERICO,UNA FORMULA,3KKjHiMsbLTyttMyBujQ2k4vqCE,https://catalogue.sicarx.cloud/product/c5e87ff0-92b0-41c8-adef-a1be0b24e598
7891010037185,CREMA PARA BEBE JOHNSON 200ML ROSA,88,2,2,PERFUMERIA,BEBES,3KKjHiNassiuHECQcygvlyBeZw9,https://catalogue.sicarx.cloud/product/037550a0-f911-4acb-9384-e885abcd065f
7502009749735,LIDOCAINA/POLIDOCANOL PEDIATRICO 10g,52,1,1,GENERICO,UNA FORMULA,3KKjHiNkiu2MrEKsBqNJlTHLQTF,
650240074448,SUEROX IONES PIÑA-COCO 630ML,20,3,3,CURACION,CURACION,3KKjHiOZ1z96Lo05BDb8oDPTe7V,
7506425625550,KOTEX TAMPONES SUPER C/10,43,2,2,PERFUMERIA,HIGIENE,3KKjHiOZv4e5ilCctNJay7fvvwC,https://catalogue.sicarx.cloud/product/3bdac824-01de-40c1-a3ef-c04f395bd5d1
7501563380385,KETOTIFENO Jbe 120ml RANDALL,28,1,1,GENERICO,UNA FORMULA,3KKjHiOxYztNTuqLasS0EK1MewY,
7503000422283,BACTIVER F C/14 Tab,32,3,3,GENERICO,COMPUESTOS,3KKjHiOy7D34o3UF8a6aMOllOWq,https://catalogue.sicarx.cloud/product/2215021f-39eb-49bf-be86-fdafa97b0c47
7451079003523,MEJORALITO C/30 Tab 15%,101.75,2,2,PATENTE,OTC,3KKjHiPhZ9N11MEfFqLqnsTdwpi,https://catalogue.sicarx.cloud/product/8726ac41-bc59-48ee-b240-897d1d8ce7eb
7502009741326,DOLTRIX INY C/3,93,2,2,GENERICO,COMPUESTOS,3KKjHiPmwnxXl1TGGl494e7P1Uv,https://catalogue.sicarx.cloud/product/52d8af3c-a32f-49d1-9dbf-d96905a9688d
7509546000343,PASTA DENTAL COLGATE TRIPLE ACCION 100ml,47,1,1,PERFUMERIA,HIGIENE,3KKjHiQA5jwsikwgUmckTjoQVKc,https://catalogue.sicarx.cloud/product/ed139560-373a-486a-b735-11a93a80a3c4
7500435157964,NATURELLA INVISIBLE C/8,23,3,3,PERFUMERIA,HIGIENE,3KKjHiQOYkeRd2cN3b6yaTknWRh,https://catalogue.sicarx.cloud/product/9ee0492e-c724-4a9b-afc8-ee2697afc741
7503002772508,ALIVOATO (SUCRALFATO) 1g C/40 Tab,76,4,4,GENERICO,UNA FORMULA,3KKjHiR0o5FYoNy9qvS227sfcMC,https://catalogue.sicarx.cloud/product/ea366776-a00a-4719-ad53-99c3c9a66e88
7503001007076,VANDIX SUSP 500mg (AMOXICILINA),39,3,3,GENERICO,UNA FORMULA,3KKjHiRtYW9vYpGOFux51egDfV4,https://catalogue.sicarx.cloud/product/deccb3fe-0e6c-427a-8ce3-ec701990ab47
7501057005312,CALADRYL LOCION 180ml,220,1,1,PATENTE,OTC,3KKjHiSKfPN1drBeh97dr0t9ngC,https://catalogue.sicarx.cloud/product/8bac0c88-6f47-48eb-a908-1188ab6c3559
7502208895042,BRULUAQUIL (CAFEINA/PARACETAMOL/ACETILSALICILICO) C/24 TAB,58,1,1,GENERICO,COMPUESTOS,3KKjHiTKtE7i6XXbLssuE7Th2vj,
7502009747144,LADY FEMM C/1 PARCHE,37,2,2,CURACION,CURACION,3KKjHiTO8jBGoakWGKtkW6V7v9m,https://catalogue.sicarx.cloud/product/f8b8c124-f3f2-46c3-b8d4-2fe39b38b28d
7501008485316,TABCIN EFERV C/12 Tab 15%,56,2,2,PATENTE,OTC,3KKjHiTSn9uKhqGuVw5G8v1pX13,https://catalogue.sicarx.cloud/product/d9c9ee5f-cbce-4813-bb3c-081797653387
7501868900110,GASA DIBAR C/1,2,119,119,CURACION,CURACION,3KKjHiTSroUDjPBdLTWqqBwXmfO,https://catalogue.sicarx.cloud/product/749fcf6a-0f39-488f-b81c-78099e04e638
7501349020894,CIPROFLOXACINO 250mg C/12 Tab AMSA,23,1,1,GENERICO,UNA FORMULA,3KKjHiTeM1vFrLhuC5qgbjofJ10,https://catalogue.sicarx.cloud/product/0fa9a7ed-24a9-4739-a7e9-4e08e7212e84
7502214980350,PRUDENCE LUB MORA AZUL 75ML,88,1,1,GENERICO,ANTICONCEPTIVO,3KKjHiTkENbAY3vJrbAYK1khpRF,
7501075710113,ALUMAG (ALUMINIO/MAGNESIO) SUSPENCION 240ml,38,2,2,GENERICO,ESTOMACAL,3KKjHiUFsWlzJxuUjyb3U0DpmGB,https://catalogue.sicarx.cloud/product/7bb7d913-8ed0-48f9-80c0-26b2a66f9863
7501125100130,SUERO CLORURO DE SODIO 1LT PISA,60,1,1,CURACION,CURACION,3KKjHiUPbe0JlpVg1nBHXxoOTJs,https://catalogue.sicarx.cloud/product/2fa6ba7d-a1d4-4acb-844a-58b5a9d952ee
7501027254436,OBAO BOLA INTENSA 65g,36,2,2,PERFUMERIA,HIGIENE,3KKjHiUQGuVjr3PXpurvG5tlEw1,https://catalogue.sicarx.cloud/product/ff9f00f1-72cc-4f87-91ee-45ad462a7e71
7501349024533,EZETIMIBA/SIMVASTATINA C/14TAB AMSA,86,1,1,GENERICO,COMPUESTOS,3KKjHiUdczpHZDFRenZ08je1FSL,https://catalogue.sicarx.cloud/product/72af89cc-aa89-4863-ae29-10c5b4d37c98
7501008496701,ASPIRINA EFERVECENTE C/12 15%,45,2,2,PATENTE,OTC,3KKjHiVCAMnqbsNPfnCJzpYiAbC,https://catalogue.sicarx.cloud/product/e05fb612-8f8e-457d-b2e1-079c3d9e808e
7502001165533,NALIXONE C/20 Tab,99,2,2,GENERICO,COMPUESTOS,3KKjHiVSU9uenGfphSguAqX9VpH,https://catalogue.sicarx.cloud/product/cfff9232-4b44-44c8-a60a-b4c03625f32b
recarga60,RECARGA $60,61,,,RECARGAS,RECARGAS,3KKjHiVYiiz8ChaaouiC2ITHsQW,
7501349028470,OLANZAPINA 5mg C/14 AMSA,61,1,1,GENERICO,UNA FORMULA,3KKjHiW7uknTVB5aWvWL5z26y4A,https://catalogue.sicarx.cloud/product/9b0e1398-d5c4-4315-ab22-bad450576d11
7501349010048,SITAGLIPTINA 100MG C/14TAB AMSA,137,1,1,GENERICO,UNA FORMULA,3KKjHiWKq2V6bcAmd5wrtwUg5n6,
7501109763375,BISOPROLOL 2.5mg C/30 Tab PERRIGO,141,1,1,GENERICO,UNA FORMULA,3KKjHiWSvJ7uaeFf05JH9wc3HJo,
650240072147,SUEROX NARANJA 630ml,20,2,2,CURACION,CURACION,3KKjHiWTDUU3RbzLbZVf73or6DG,https://catalogue.sicarx.cloud/product/e3011f16-d032-4bd3-a6cf-1ee76ec11f26
75062910,REXONA BARRA MUJER ACTIVE,49,1,1,PERFUMERIA,HIGIENE,3KKjHiWTEm0yxlh1wDEdPRSEkSl,https://catalogue.sicarx.cloud/product/916b09e2-b28e-4dea-b1c8-a3fd56e735cc
7501825305200,ESPRADEN C/30 Tab,64,2,2,GENERICO,ESTOMACAL,3KKjHiWiXw3Rz5Ic5OB3HOdzqkv,
75006471,VERMISEN (ALBENDAZOL) SUSPENCION 400mg 20ml,9,3,3,GENERICO,UNA FORMULA,3KKjHiXzHqklSdS4YT4otlNHPmg,
7501349021488,AMIKACINA 500mg C/2 Iny AMSA,44,2,2,GENERICO,UNA FORMULA,3KKjHiYDaawWUiAGT40iHZ5fd4H,https://catalogue.sicarx.cloud/product/ea15c1cd-b8de-4869-addf-4f3c7a29aa3c
7501165001718,ALLEGRA 120mg (FEXOFENADINA) C/10 Tab 15%,398,1,1,PATENTE,PATENTE,3KKjHiZ3N84s0sOAHazE1EAPXCh,https://catalogue.sicarx.cloud/product/8ac683d5-3ed2-4d68-b89d-56937004238c
7506376000369,ROCAINOL ACCION TERMICA 150G,143,1,1,PATENTE,OTC,3KKjHiZRC6jueUrPPnNktSb4Xu8,
7501836009586,LIFERZOL-V (CLOTRIMAZOL) CREMA 20g,49,1,1,GENERICO,UNA FORMULA,3KKjHiZVtPw4s6RfxKdEig4BR4U,https://catalogue.sicarx.cloud/product/94303705-ed44-4398-b45f-223c45a59176
7502006922711,MOTILAXIL GTS (PICOSULFATO SODIO) 30ml,45,1,1,GENERICO,UNA FORMULA,3KKjHiZaTD6QG2uL3bXxTF0CFnu,https://catalogue.sicarx.cloud/product/7a0b1c9e-8c40-4dec-bde9-a85b2afa6f07
7502261263123,AGUA BURST 500ML,8,16,16,PERFUMERIA,SUELTOS,3KKjHiZrJaPFVHHIN47maTESyli,
7501041941930,PICOT C/1,6,68,68,PATENTE,SUELTOS,3KKjHiaHuDaCrydrW1zoZYUu3tm,https://catalogue.sicarx.cloud/product/0b630a91-7018-4f7b-8b92-fcf3426f40b2
780083148676,AMPIGRIN PFC C/24 Cap,44,1,1,GENERICO,COMPUESTOS,3KKjHibDcrrA2RNvi4jnKIwt6T1,https://catalogue.sicarx.cloud/product/f435955e-b49c-49c7-87c8-c40f55ba2690
rastrillo,RASTRILLO USA C/1,14,5,5,PERFUMERIA,REBOTICA,3KKjHibVyMtPRp2XsRUq2XGszLE,
7501075713886,NOVAXEN SUSPENCION (NAPROXENO) 100ml,38,2,2,GENERICO,UNA FORMULA,3KKjHibmbtx2qFbTksJCTID5uC5,https://catalogue.sicarx.cloud/product/581f307a-9df2-4662-ba6f-dfff29bb56bd
75076269,AXE EXCITE BARRA 45G,72,1,1,PERFUMERIA,HIGIENE,3KKjHicYoKWF7sawFt9Fs8rGfhe,https://catalogue.sicarx.cloud/product/50d48b22-ba82-4ae4-9160-f8d2bde41dec
7503001007113,AMIFARIN 500mg (DICLOXACILINA) C/20 CAP,70,1,1,GENERICO,UNA FORMULA,3KKjHid42cTdyVQB0e4BL7scyPc,https://catalogue.sicarx.cloud/product/4145d2df-0750-42c2-af60-84fff9e52119
3311000001513,ESPIRITUS DE TOMAR 50ml Mercurio,12,5,5,CURACION,ACEITES,3KKjHidg86VlJ3jDlLRJO8iJ78t,https://catalogue.sicarx.cloud/product/51847d72-e8fe-4fec-a824-c51568e67751
785120755442,PRALEX (ESCITALOPRAM) 10 MG C/28 TAB,43,2,2,GENERICO,UNA FORMULA,3KKjHidl2FocPDSSmLhPI9w984W,https://catalogue.sicarx.cloud/product/3ba83cc8-41fd-4099-b6c8-fab38588b98a
21027224,PEPTO-BISMOL C/4 TAB,19,7,7,PATENTE,SUELTOS,3KKjHidtyGHRsTNbPysFXvuXDkm,
7501349027848,DICLOFENACO 1 Mg Oft Gts.AMSA,40,2,2,GENERICO,GOTAS,3KKjHidyI0jA5S3XGKeQfYwkRQw,https://catalogue.sicarx.cloud/product/eadb9574-4a97-4c8a-8694-35520b08aa88
7501573907992,BROXTORFAN AD JBE,31,2,2,GENERICO,COMPUESTOS,3KKjHie6E52sE0Z7GMsjxBHhmoH,https://catalogue.sicarx.cloud/product/1ca804e0-b215-45d2-98c7-283648c45f69
75050764,NEOMICINA/POLIMIXINA/BACITRACINA UNGUENTO OPKO,74,2,2,GENERICO,GOTAS,3KKjHieukYxis8bZXQ1zVr9vAyJ,https://catalogue.sicarx.cloud/product/4a889f02-33c1-4f68-bc67-25f6a942a22f
7501048695607,VENDA VENDALASTIC 10 Cm,14,10,10,CURACION,CURACION,3KKjHieunc8uw2pJDGgTUvH8ZSX,https://catalogue.sicarx.cloud/product/371fa689-4d4b-49c3-b218-44f623864c09
75066994,REXONA TORONJA BARRA 45G,67,2,2,PERFUMERIA,HIGIENE,3KKjHif1Vd9Kq4xPgNVLyVzD9CH,https://catalogue.sicarx.cloud/product/6a838368-0169-405d-a510-ab188e856f7e
7501258203586,LONIXER 250mg (CLONIXINATO DE LISINA) C/10 Tab.,46,1,1,GENERICO,UNA FORMULA,3KKjHif5qonQvKCAvbkQFd0gQlV,https://catalogue.sicarx.cloud/product/ab552425-7ace-4534-bdf0-979d20cd1172
7501075727234,SUERO HYDRASOR NARANJA C/1,15,7,7,CURACION,CURACION,3KKjHifJTTJjMEwi3vZRBKiarzF,
7500435020008,HEAD&SHOULDERS SHAMPOO RENOVADORA 375ML,98,1,1,PERFUMERIA,HIGIENE,3KKjHifMB5UMIqQMJf8Jyno6wE6,https://catalogue.sicarx.cloud/product/3a9409ad-a1ed-409c-a900-7745e736ef7e
780083149895,PASMODIL DUO C/24 Tab,79,2,2,GENERICO,COMPUESTOS,3KKjHigEg1kOcFLc0r51kNA2gxq,https://catalogue.sicarx.cloud/product/98540cb9-4f02-479e-a919-e670c8937596
7502001162136,GENKOVA (GENTAMICINA) 20 Mg C/1 Iny,21,2,2,GENERICO,UNA FORMULA,3KKjHiggCPdH1cKAsIt7ZMfzK6u,https://catalogue.sicarx.cloud/product/69059f94-1ab9-4220-b6b3-21460d64b355
7501165010789,ADEROGYL C INFANTIL GOTAS 30ml 30%,187,1,1,PATENTE,OTC,3KKjHigkgSpybVR88NDw2m6RrtF,https://catalogue.sicarx.cloud/product/eab447c1-ecc1-4ea2-b117-fddc186b4925
7501318612655,ASPIRINA PROTEC C/28 Tab 5%,196,1,1,PATENTE,PATENTE,3KKjHigkyQ5ggQA9Xn0M5pvfxOy,https://catalogue.sicarx.cloud/product/d3d3e6c4-e981-4ca1-9691-caf9e1667655
7501007528427,LUBRIDERM REPARACION DORADO 400ML,121,1,1,PERFUMERIA,HIGIENE,3KKjHigwCtTfhy5rXUh53AFiDcE,https://catalogue.sicarx.cloud/product/6d0a9a98-6b82-4e9a-b96b-fdf6a7fa19a0
7501361163012,TALCO BABY AZUL 150g,23,1,1,PERFUMERIA,BEBES,3KKjHihz7cJ2hZmu02lNz3YXiXM,https://catalogue.sicarx.cloud/product/7a8a6728-e8ee-40ce-b85b-99ff17dd7bba
7501868900509,TELA ADHESIVA 1.251 DIBAR,14,17,17,CURACION,CURACION,3KKjHiijXScjaSfOvQg588WhEFN,https://catalogue.sicarx.cloud/product/683c7ac9-c40f-4b7b-bc3e-3e4253119ff4
7502224510035,SILICA UVA 120ML SP,60,1,1,PERFUMERIA,HIGIENE,3KKjHijBhzu6u2Bv0I0hWGCk3tz,https://catalogue.sicarx.cloud/product/1cc2163b-a4dc-4c22-abb2-5386230fbc1a
7509552876567,ACONDICIONADOR FRUCTIS ADIOS ESPONJADO VERDE 650ML,99,1,1,PERFUMERIA,HIGIENE,3KKjHijEP1C7RjcsCb6npSiOPLg,
7502009746932,TRADITOR GEL 60g,59,1,1,GENERICO,COMPUESTOS,3KKjHijSEaaHfbNDVF7LV7BoQZT,https://catalogue.sicarx.cloud/product/e7cf68ba-ac93-45a5-9b33-794811db8cc3
780083148904,SENLOIR (MONTELUKAST) 10 Mg C/20 Tab,47,3,3,GENERICO,UNA FORMULA,3KKjHijVS35qu9pRy7pGt7C71qp,https://catalogue.sicarx.cloud/product/cf363798-a6e4-43b2-8700-d87c53491281
070942307109,FLOSSERS GUM C/30,34,2,2,PERFUMERIA,HIGIENE,3KKjHikPiFYOSPMxINQFqgBmxEC,https://catalogue.sicarx.cloud/product/5a235836-1a82-466b-b1f7-9097b19546a3
7506022327338,JERINGA INSULINA .5 SENSI,5,67,67,CURACION,CURACION,3KKjHikZmqkPiOnECiABjadb3yU,https://catalogue.sicarx.cloud/product/801febb2-7899-47d4-b276-1bc780d11164
7501027512574,BIBERON EVENFLO AZUL 8OZ,21,2,2,PERFUMERIA,HIGIENE,3KKjHikiiHSYKVQ8JxwiUz0FCks,https://catalogue.sicarx.cloud/product/91793b3d-6433-4390-be93-898c1a491e34
75045654,TRIDENT FRESA C/4,4,20,20,DULCES,CHICLES,3KKjHikwpic69yu9mfjpvORGrdZ,https://catalogue.sicarx.cloud/product/55c327ee-fc44-4057-886f-5aa72fbeacfa
7501298217635,DOLO-NEUROBION FORTE C/1 Iny 30%,435,1,1,PATENTE,PATENTE,3KKjHilQijbCTYXygScGFxO4DkW,https://catalogue.sicarx.cloud/product/9ef45f5a-5ee8-4d2c-8de6-04c8730d9ecc
7501563381207,BIONEURIL 200mg (CARBAMAZEPINA) C/20 Tab,28,1,1,GENERICO,UNA FORMULA,3KKjHilcVmqXrWpMYxQ6eVKAL0Y,https://catalogue.sicarx.cloud/product/8aa0246e-8489-42ef-b868-1d4a04b3aafb
7501299303047,CICLOFERON 2g Gel 15%,65,1,1,PATENTE,PATENTE,3KKjHilgZIwG67Buj7M9dBukUIL,https://catalogue.sicarx.cloud/product/3c86367d-4ac1-48b4-97b8-11f1241f293f
7501019050664,SABA BUENAS NOCHES C/8,30,8,8,PERFUMERIA,HIGIENE,3KKjHimYisSHgF9uMPOgIDM0pLM,https://catalogue.sicarx.cloud/product/c0b3788c-c1a0-46ea-8772-54b08b85c475
7503008344914,RDP 500mg (ACIDO ASCORBICO) C/10cap,35,4,4,GENERICO,UNA FORMULA,3KKjHimg1GB5tnP8VPFEoQFBVIZ,https://catalogue.sicarx.cloud/product/8a0e0488-d249-4a1f-b3e5-765d1cb5fd0e
7502009746253,BENEVENTOL C/6 (CEFIXIMA) 400mg Cap,241,1,1,GENERICO,UNA FORMULA,3KKjHimrU54GoXUuH6spq2ssyzL,https://catalogue.sicarx.cloud/product/f240d486-1d92-4f1a-8fc7-087ed5635456
7506339394733,FIXODENT PLUS 40G,131,1,1,PATENTE,OTC,3KKjHimuH4pmXc3BAWeKdVJHACe,https://catalogue.sicarx.cloud/product/810cf70e-f483-4fd1-893b-e3524358575f
3311000001087,POMADA TEPEZCOHUITE 50g MERCURIO,18,5,5,CURACION,CURACION,3KKjHin98zfObVb682Pp1dSP5s1,https://catalogue.sicarx.cloud/product/c81eb254-131f-4050-af8a-21902aab7bd1
7503008344617,VITAMINA E 850mg C/30CAP PROGELA,61,2,2,GENERICO,UNA FORMULA,3KKjHioPvrBc3OPSiq8aGC6eMRv,https://catalogue.sicarx.cloud/product/cc9ab39e-80a0-44c3-80bf-b13d56fcafdc
037836041310,HINDS INSPIRACION 400ML,59,1,1,PERFUMERIA,HIGIENE,3KKjHiopOwzgdbAP6Ikxw1ZKLMH,https://catalogue.sicarx.cloud/product/dd31c0e0-8d91-45ac-9dde-8f338c3180c3
7501065087287,MEJORAL FORTE 500/65MG C/12TAB,83.5,1,1,PATENTE,OTC,3KKjHipA7mntndquGBHZjuck9h1,
7501033954078,ENSURE FRESA 237ml,55,1,1,PATENTE,OTC,3KKjHipXq5VKetRYHOvOpDHQ6VH,https://catalogue.sicarx.cloud/product/0d2dc599-3867-464c-bfe5-193339520776
RECARGA200,RECARGA $200,201,,,RECARGAS,RECARGAS,3KKjHiqnop9xf7H1F23AeygqUDT,
7502223112445,QUIMIKAN (BENZOCAINA) 200MG QUIMPHARMA,115,2,2,GENERICO,UNA FORMULA,3KKjHiqxLIuXSCGQ3dc32wERxwG,https://catalogue.sicarx.cloud/product/ac72bc13-a652-4455-b405-d31317a9aac8
7501258210393,AZTROGECIN SUSP (AZITROMICINA) 200mg,110,2,2,GENERICO,UNA FORMULA,3KKjHiriGmvoPeXg7HQUjimbmKV,https://catalogue.sicarx.cloud/product/262c8932-cd8c-4311-874b-f9cc95c5e7d2
7501001164003,OLD SPICE PURESPORT BARRA,69,1,1,PERFUMERIA,HIGIENE,3KKjHirrL6GUxPyS2RtWXitE8hk,https://catalogue.sicarx.cloud/product/61a8424c-a087-443e-bc99-95834d5ba7f5
7501417010253,MAGNESIA TROZO 7g Coy,43,2,2,CURACION,CURACION,3KKjHirrjZOcIR6XkOacvDS8omn,https://catalogue.sicarx.cloud/product/38c5debb-05cc-452e-b68d-9ab10b40023f
7501035908253,ACEITE MENEN 200ML,83,3,3,PERFUMERIA,HIGIENE,3KKjHirvmNdKYrGkLFl3mqbwuK2,https://catalogue.sicarx.cloud/product/6ad50945-d680-4fd3-bc1c-d64e40d71ef4
7506335700378,ADIRIPEM 4mg (GLIMEPIRIDA) C/30 Tab,25,2,2,GENERICO,UNA FORMULA,3KKjHis4BWGVQrmvmjrbTXMuKpF,https://catalogue.sicarx.cloud/product/bd34c2f6-39bc-40f8-8af8-7608842330f4
7501349028937,DIFENIDOL 40mg C/2 Amp AMSA,25,2,2,GENERICO,UNA FORMULA,3KKjHisMfI4xDI6gmLXL7Z0G71L,https://catalogue.sicarx.cloud/product/026aaae0-9403-4845-95ba-ba71cd46a60e
7501314701827,CIPROFLOX 500mg (CIPROFLOXACINO) C/12 Cap 10%,650,1,1,PATENTE,PATENTE,3KKjHisceuSilkdLB7vxm7ehyak,https://catalogue.sicarx.cloud/product/c371df99-ca65-4a01-89bc-6a59ee15fd35
7502009746543,CORIVER 650mg (PARACETAMOL) C/24 TAB,33,2,2,GENERICO,UNA FORMULA,3KKjHit08DejRFzyACPuFcpUwYB,https://catalogue.sicarx.cloud/product/28d8abb0-a74c-420c-9237-c85051bee388
3311000001049,POMADA ARNICA MERCURIO,20,3,3,CURACION,CURACION,3KKjHitFQXhHfUjjFJ75DHQZJeg,https://catalogue.sicarx.cloud/product/8ccb2d18-ecab-447f-afac-eda0947d589d
780083148683,DOLIKAN 10mg (KETOROLACO) C/10 TAB,8,1,1,GENERICO,UNA FORMULA,3KKjHitSklwzU4JC36ge1jwQSBT,https://catalogue.sicarx.cloud/product/71a8937a-629b-4a6a-b3ba-0845c267970d
7702018913688,GILLETE GEL POWER RUSH 82G,86,1,1,PERFUMERIA,HIGIENE,3KKjHitcQVCxAGSNGHeRLNqO1z0,https://catalogue.sicarx.cloud/product/4ad5ad45-f72f-4645-b768-e945fc8fb313
7501088509766,ANTIFLU-DES JR JBE 60ml,163,2,2,PATENTE,PATENTE,3KKjHiu65Aan3LJqbptzGFjXgxc,https://catalogue.sicarx.cloud/product/93376399-b0da-4561-9dce-fa87ee0d3b30
7501008443033,ALKASELTZER C/12TAB,52,1,1,PATENTE,OTC,3KKjHiuRtjRZ4JVoQqGfIlpPY1u,https://catalogue.sicarx.cloud/product/f7a86b2c-f44a-45db-ba47-c1d428b6bba7
7509552908749,FRUCTIS CREMA P/PEINAR BORRADOR 300ML,62,1,1,PERFUMERIA,HIGIENE,3KKjHivAwQb9XuEDDh5UxA9PI2R,https://catalogue.sicarx.cloud/product/d55e583d-cef3-46b6-b5ed-1743e73e7e14
7501537163266,TRIBEDOCE COMPUESTO C/3 Iny (COMPLEJO B),76,3,3,GENERICO,VITAMINAS,3KKjHivTjClROg38sXcOpojHm3n,https://catalogue.sicarx.cloud/product/b6ef2405-218d-4e42-9869-eed4b66bed03
7501057002663,LOMOTIL 2MG C/8TAB,162,1,1,PATENTE,PATENTE,3KKjHivtWnCuDmqWgIB5RmVLadb,https://catalogue.sicarx.cloud/product/99e70da2-9d94-4150-8ccc-d743122afb56
7509546682280,PALMOLIVE LAVANDA BARRA 120G,22,1,1,PERFUMERIA,HIGIENE,3KKjHiw5DX59A2jbUJmb0OkGdV3,https://catalogue.sicarx.cloud/product/f5df0d96-31b7-4dd3-8184-1dc00c16b7ae
CORTAPIE,CORTAUÑAS GRANDE CURTIS,35,12,12,PERFUMERIA,REBOTICA,3KKjHiwfKEyl0iaRv1p3CzdZKZk,
7791293025780,AXE APOLLO SPRAY 150ML,62,1,1,PERFUMERIA,HIGIENE,3KKjHiwlu09SyyhMgYEvC1KdnqO,https://catalogue.sicarx.cloud/product/071014ae-32c0-4d88-9263-7d12b9688592
7503000422627,CEFALVER 250mg (CEFALEXINA) Susp,44,1,1,GENERICO,UNA FORMULA,3KKjHiwtNLRJopD2cdisomVXqZx,https://catalogue.sicarx.cloud/product/4c60073c-92e0-45e3-b45f-5a7c29b3f065
7500435168991,MUSS HERBAL ESSENCES EXTRA 200g,75,1,1,PERFUMERIA,HIGIENE,3KKjHixERWJcZ0ieMfivYbllzYE,https://catalogue.sicarx.cloud/product/79147531-0b32-401e-a0c0-073169682f9f
7501573900399,C-MESSEL (AC. ASCORBICO) 100mg C/20 Tab,24,2,2,GENERICO,UNA FORMULA,3KKjHixcEGPapIt0n2B11JHT1ap,https://catalogue.sicarx.cloud/product/0db12169-d825-4751-b286-af873c118fbe
7501056360429,REXONA TALCO ORIGINAL 200G,98,2,2,PERFUMERIA,HIGIENE,3KKjHixvB568KwNNCCJlfYo33va,https://catalogue.sicarx.cloud/product/5f0c5f5a-74aa-4676-84a0-4690f0409465
7501349020085,LAMOTRIGINA 100mg C/28 Tab AMSA,58,1,1,GENERICO,UNA FORMULA,3KKjHixzx8WCSR4RZPlhkIXQJOe,https://catalogue.sicarx.cloud/product/b05a8669-6e4b-4d7e-8bf3-593486418f0d
7502009747298,ADONAT CMA (ISOTIPENDILO) 25G,54,1,1,GENERICO,UNA FORMULA,3KKjHiyHDQkHGaKGQIV3l8t41zs,
7502221186486,BRUT CLASSIC BARRA DESODORANTE 60G,50,1,1,PERFUMERIA,HIGIENE,3KKjHiyiO0NuK05SC6SInUJyEWk,https://catalogue.sicarx.cloud/product/f97f4f64-1bea-4b53-b8d2-ee7a3b266bfc
780083147273,ZOTILOX 20/5mg (DORZLAMINA/TIMOLOL) GTS 5ml,92,1,1,GENERICO,COMPUESTOS,3KKjHizJQAHUvyMutvynh8dvQjO,
7501075713718,NAMIFEN (AC. MEFENAMICO) 500mg C/20 Tab,37,2,2,GENERICO,UNA FORMULA,3KKjHizckEuaCCJJ2vZnaJtebmD,https://catalogue.sicarx.cloud/product/3ed6ae20-73b9-457a-a1ef-feff836cd21c
310119034347,RENU FRESH 60ML,99,4,4,PERFUMERIA,REBOTICA,3KKjHizrVRwD1vmD3CAfphUNZDR,https://catalogue.sicarx.cloud/product/629b159a-4559-40a5-bd1d-c61cfde4471a
7501022105276,JABON NEUTRO GRISI 200G,30,1,1,PERFUMERIA,HIGIENE,3KKjHj0VFp1r3t0TAUj3pk3gETM,https://catalogue.sicarx.cloud/product/4f0a81d6-67e8-44d0-9a96-a922fa00dc36
7501075716801,NOVINA 10mg (PRAVASTATINA) C/30 Tab,28,2,2,GENERICO,UNA FORMULA,3KKjHj0xOsGPhEowmLh0ySZfz6s,https://catalogue.sicarx.cloud/product/6aa9d44b-faa7-4d10-8906-8cc22d6d6d21
7501349024861,FLUOXETINA 20 Mg C/14 Cap AMSA,23,3,3,GENERICO,UNA FORMULA,3KKjHj1dsSAaT2q2FZzz3oi5CUl,https://catalogue.sicarx.cloud/product/6ed0209b-aeb0-47f4-976c-ebf107e2b551
7501075718041,IXICROL (PAROXETINA) 20MG C/10TAB,31,1,1,GENERICO,UNA FORMULA,3KKjHj1pIho971U4b2UP2qWTAus,https://catalogue.sicarx.cloud/product/cc44aac8-79e2-4095-844f-b92e677df87e
7501563381184,ESPIRPNOLACTONA 25MG C(30TAB BIORESEARCH,44,1,1,GENERICO,UNA FORMULA,3KKjHj2PZEVvxBOdHqsSM8CMsTA,
7502216793675,AMLODIPINO 5 Mg C/30 Tab ULTRA,18,3,3,GENERICO,UNA FORMULA,3KKjHj2RSoYWiuljA5SrUfSIDOi,https://catalogue.sicarx.cloud/product/f059cc0d-b2a1-4019-87cb-43785c08dbee
7501868910003,ALGODON 100g DIBAR,38,2,2,CURACION,CURACION,3KKjHj3EKiYFamVgDb1NASCBI3t,https://catalogue.sicarx.cloud/product/f4cc4847-14de-499b-9b59-0a316b1f8680
7502240450018,CHARYN C/3 (AZITROMICINA) 500mg Tab.,36,1,1,GENERICO,UNA FORMULA,3KKjHj3NYzz9tL3EscGlVFjQF4v,https://catalogue.sicarx.cloud/product/ac784031-b3ba-4b92-ad7a-6712a9eeb054
7501573921264,BRIMEX 400mg (ACICLOVIR) C/35 Tab,99,1,1,GENERICO,UNA FORMULA,3KKjHj3QfHOl7zLp5nLIdrMp5gr,https://catalogue.sicarx.cloud/product/36f7ded6-1998-44bf-8ba5-460a6d940ab5
785120754681,HIDROXIN (HIDROXIZINA) 10mg C/30 Tab,55,2,2,GENERICO,UNA FORMULA,3KKjHj3ksaaXShTa8KIk4QXn3cL,https://catalogue.sicarx.cloud/product/5e287543-b1df-4a96-93eb-a999a94bf18f
7501825301004,DEBEQUIN-C INFANTIL Jbe,64,1,1,GENERICO,COMPUESTOS,3KKjHj5b7efUE34ld5Dq1zg3Sqw,https://catalogue.sicarx.cloud/product/90bdd037-6acd-404d-af7a-9f5af159f516
7501846501100,CERA XIOMARA GRIS 60G,52,2,2,PERFUMERIA,HIGIENE,3KKjHj7Kc59vHy5H3n3epSgEW0O,https://catalogue.sicarx.cloud/product/30b3e7e7-c2a2-4dc9-b7a9-853f54d6e4df
42438694,NIVEA MEN BARRA DEEP DARK 50G,75,1,1,PERFUMERIA,HIGIENE,3KKjHj7NnSclYp7tO402mprst6P,https://catalogue.sicarx.cloud/product/7556e391-4fa0-4e64-b2ab-8eb2444010d3
7501075713169,LUMINOVAG TAB (QUINFAMIDA) 100mg C/3,33,3,3,GENERICO,UNA FORMULA,3KKjHj7VBS5J9wfIv5ZO7X3RZ4W,https://catalogue.sicarx.cloud/product/9fa05287-1a02-45f7-aca3-a03d82dd31e0
chupon,CHUPON MIEL MA.ISABEL,8,56,56,PERFUMERIA,SUELTOS,3KKjHj7i1yJhfyR3fA3GRighgqZ,
650240072154,SUEROX MANZANA/LIMON 630ml,22,5,5,CURACION,CURACION,3KKjHj7vJnnjKgMjSCXt7tJshzE,https://catalogue.sicarx.cloud/product/6876dd39-582c-4ba5-84f0-b55409830947
7506624901172,PREMAGNOL 5mg (PREDNISONA) C/20 TAB,15,2,2,GENERICO,UNA FORMULA,3KKjHj8zmCK94JzF6djI7fN8Jju,
7896009400148,COREGA MENTA 40g 15%,157,1,1,PATENTE,OTC,3KKjHj9HqkAlXdNsUuWoFYQhtF0,https://catalogue.sicarx.cloud/product/d7609e3f-a1ed-40ea-b685-7fe5ee0cae38
780083148423,HUDICLOR CREMA 1% (TERBINAFINA) 30G,36,1,1,GENERICO,UNA FORMULA,3KKjHj9xmpaQBEDM3ZxE3ho344D,https://catalogue.sicarx.cloud/product/3a208913-36d2-49d1-9931-a8537d2d49be
7501349020771,LINCOMICINA 300mg C/6 Iny AMSA,40,1,1,GENERICO,UNA FORMULA,3KKjHjArUng0Y0h504ftPE6gjdx,https://catalogue.sicarx.cloud/product/affa3cba-f392-46cc-a0d4-ee12f92dd285
7502210682098,AJOLOTIUS JARABE PC 250ml,75,1,1,PATENTE,OTC,3KKjHjB4UNGGKEnYHiwk0jhnL49,https://catalogue.sicarx.cloud/product/4e3d815f-dbac-4b66-8662-98156052d3b8
7502009741043,FASICLOR 125mg (CEFACLOR) Susp.75ml,74,1,1,GENERICO,UNA FORMULA,3KKjHjB4gOlbW6XLRipwM0nyCnf,https://catalogue.sicarx.cloud/product/ee18fca2-6985-4526-a764-e3804e6673d0
3311000000868,POMADA PAN PUERCO 50g MERCURIO,19,2,2,CURACION,CURACION,3KKjHjBIu1Zw68LveVUw5I8gZZs,https://catalogue.sicarx.cloud/product/d9a7cc53-b4f1-4d79-8033-36634350c0d8
PEINE COLORES,PEINE DE COLORES C/1,9,9,9,PERFUMERIA,REBOTICA,3KKjHjBTZ4wQ5C8cr4lLY8Bicaw,
7503008344785,GELUBRIN 400mg (IBUPROFENO) C/10 Cap,24,4,4,GENERICO,UNA FORMULA,3KKjHjBrRnsAc4njIXGtvE8qBUd,https://catalogue.sicarx.cloud/product/14b75f09-642e-473c-89b4-4aa5616beff9
7501349011175,PENIPOT 800ui (BENCILPENICILINA) C/1 Iny,32,5,5,GENERICO,UNA FORMULA,3KKjHjC5aup6VROQi5iHDEQ0CVq,https://catalogue.sicarx.cloud/product/4df2ec1b-c2bb-479f-9642-ec218c9c590f
7502009740268,COBADEX ADUL SOL.,27,3,3,GENERICO,COMPUESTOS,3KKjHjCXMcn2dbctfLWUwrE292x,https://catalogue.sicarx.cloud/product/10004d28-cf4f-496e-84fb-5978636fc627
7501019030345,SABA NATURAL CONFORT SIN ALAS C/10,19,6,6,PERFUMERIA,HIGIENE,3KKjHjDxldUIYmRRCbVj1rcGxDS,https://catalogue.sicarx.cloud/product/761b26e5-7123-4f0b-98fe-308b8110682b
7501825300991,CONVIFER CON HIERRO 220ML,89,1,1,GENERICO,VITAMINAS,3KKjHjEfJHXa5Sf19mlIl216KO2,https://catalogue.sicarx.cloud/product/f311c819-b5c0-43f0-a568-a514a6304a5a
7502001163089,TUKSON JBE (OXOLAMINA) 100ML,40,1,1,GENERICO,UNA FORMULA,3KKjHjEje6kUuaO1d5p37CPqNgE,https://catalogue.sicarx.cloud/product/1a4df010-6a22-4f8c-9748-a68cc9c76bba
7502216790490,VILDAGLIPTINA/METFORMINA C/30TAB 850/50MG ULTRA,245,1,1,GENERICO,COMPUESTOS,3KKjHjFVQeI8ksgArbDKG0qH5Ie,https://catalogue.sicarx.cloud/product/762efe11-5c7e-4117-82f0-5a656219284f
7501108767527,ADVIL 400MG ROJO C/10CAP,108,1,1,PATENTE,OTC,3KKjHjFXZOEbbN8h34SqueRUtrX,https://catalogue.sicarx.cloud/product/b18e28f2-5b96-43ed-9d5b-ab3516bd44cf
7509546077284,STEFANO GLADIUS AEROSOL 159ML,81,1,1,PERFUMERIA,HIGIENE,3KKjHjG8NRQ92lu6DGhEcUq8lUp,https://catalogue.sicarx.cloud/product/7e05f12d-3c3f-4a5d-a056-f73703821f3f
7501349022874,AMPICILINA 1G INY AMSA,39,5,5,GENERICO,UNA FORMULA,3KKjHjGGGTMlOsAm6IhyuAAZxjr,https://catalogue.sicarx.cloud/product/68cd11ea-dc89-48db-b9ee-52ee633d2b06
7502006921967,FARMIVER INFANTIL 10ml,35,1,1,GENERICO,COMPUESTOS,3KKjHjGHCQIeu6BbC8jQl4hQ6OT,https://catalogue.sicarx.cloud/product/a77d1d26-fa12-4e99-a685-21a0df87a528
7501349020931,CIPROFIBRATO 100MG C/30CAP AMSA,164,1,1,GENERICO,UNA FORMULA,3KKjHjGNPr3ft3GOxvYFignpJhk,https://catalogue.sicarx.cloud/product/1743b1eb-1884-4967-98d4-e71943bb2b52
7896009419324,PASTA SENSODYNE ORIGINAL 90g,84,1,1,PERFUMERIA,HIGIENE,3KKjHjGUsWeUE4dyIxqgfUFIY1U,
7502250340521,VITACILINA UNGUENTO 32G 15%,50,1,1,PATENTE,OTC,3KKjHjH84HX9n5h7U1CrbxqI7Ze,https://catalogue.sicarx.cloud/product/292d084b-d2bc-46a5-bbc1-105ffb93421c
7501075727227,SUERO HYDRASOR CEREZA C/1,15,4,4,CURACION,CURACION,3KKjHjI6Zy4TPZ6V3fPYjtopJEJ,
7501095409004,GRANEODIN B FAMBRUESA C/24 10%,166,1,1,PATENTE,OTC,3KKjHjIjG3P8QBAk6tjbJqbRQqY,https://catalogue.sicarx.cloud/product/9d736961-f0d3-40ba-b3e3-19f8ff2e8eaf
RECARGA120,RECARGA $120,121,,,RECARGAS,RECARGAS,3KKjHjIkKZZaxutWRGcLPG2DpDH,
7500462933777,KALAMYN (CALAMIN) LOCION,48,3,3,GENERICO,UNA FORMULA,3KKjHjJCTC4DGIeMZ50diTp4kKD,https://catalogue.sicarx.cloud/product/c1ded3f1-69b8-4a30-96d3-48aafa90d8da
7501019031144,SABA AMORE S/ALAS C/8,15,4,4,PERFUMERIA,HIGIENE,3KKjHjJKH39FZqtl5GmERt1W7RU,https://catalogue.sicarx.cloud/product/7c939691-968a-4f09-9d87-86dde4561986
7506306245990,JABON ZEST AQUA 135g,21,1,1,PERFUMERIA,HIGIENE,3KKjHjJcqvLcG2HyYmCpVuj3gH2,https://catalogue.sicarx.cloud/product/62d205d6-93c1-4041-82ab-03359a62ef87
7501478315540,ARBUFENTAB 800MG (IBUPROFENO) C/10TAB,30,1,1,GENERICO,UNA FORMULA,3KKjHjKHokI5JJFWfZXafGpwyeF,https://catalogue.sicarx.cloud/product/684a4581-ef00-49f3-b15d-dd8f086ced98
7501258211352,SILDENAFIL 100MG EDEGRA C/1,9,1,1,GENERICO,UNA FORMULA,3KKjHjLBOQffciUzZ4RdI26SL4D,https://catalogue.sicarx.cloud/product/b02b36aa-8611-4e92-8274-0b09d0ef8ada
7501048335305,AGUA OXIGENADA PROTEC 480ML,28,3,3,CURACION,CURACION,3KKjHjLuW6Sq3m25HUnfSDuTj3I,https://catalogue.sicarx.cloud/product/6c60b965-6d5e-49a0-8b55-69badc81aeb0
7501349012943,FLUCONAZOL 150mg C/1 Cap.AMSA,23,5,5,GENERICO,UNA FORMULA,3KKjHjM4h9PIKwSYRNgeSaGom6c,https://catalogue.sicarx.cloud/product/9317289a-a512-4763-a26f-64c955d3deed
041333038216,PILA DURACELL 2032 REDONDA,45,1,1,PERFUMERIA,REBOTICA,3KKjHjMRZgg3Ve6T6oYpVwudfDP,
7502009747311,LUMBOXEN ROSA GEL,44,3,3,GENERICO,COMPUESTOS,3KKjHjMTRHX42mlZvUr65p0bL4j,https://catalogue.sicarx.cloud/product/64b5ce36-0ad9-457f-956c-e4f7e49473f9
BUSCA,BUSCAPINA COMPUESTA C/1 Tab,17,159,159,PATENTE,SUELTOS,3KKjHjMhOc5TVqtWtxz66azzXvc,
COTONETES,COTONETES KIUTS JALOMA C/20,7,12,12,PERFUMERIA,HIGIENE,3KKjHjMlPSp0WWYewWSlgAKC2Jw,
7501080954212,STERIMAR INFANTIL 50ml 5%,215,2,2,PATENTE,PATENTE,3KKjHjNOcoGrEwYRmh9IQRPpx4F,https://catalogue.sicarx.cloud/product/01b02109-77ff-4779-af40-89f8f14654c9
037836050282,JABON NEUTRO GRISI CORPORAL 450ML,71,1,1,PERFUMERIA,HIGIENE,3KKjHjNlkTOLE3wk8qi2VG7BMfz,https://catalogue.sicarx.cloud/product/d4081a68-a5b1-4f67-8569-1daad51ddc7c
714908100228,REVENOX (MELATONINA) 3mg C/60 Tab,110,1,1,GENERICO,UNA FORMULA,3KKjHjNo02ROlA4KYIQbzsPEtZC,https://catalogue.sicarx.cloud/product/9fe61c88-4fa5-4ffd-95b4-47452c0eab2e
7502009745768,BENNET SOL (DESLORATADINA) 120ml,41,4,4,GENERICO,UNA FORMULA,3KKjHjO4rNClMA5SPmyQsFqLmaF,https://catalogue.sicarx.cloud/product/8b234d76-78a5-47ba-9d55-65a6c8daec14
7502009740367,TENESCAN CMA (CLOTRIMAZOL) 20g,20,1,1,GENERICO,UNA FORMULA,3KKjHjOcbmbKke1N53ziSxqTn09,https://catalogue.sicarx.cloud/product/0b87147c-0611-499a-9f3e-179e21f6ae95
650240068652,TUKELI INFANTIL JBE 120ML,209.43,1,1,PATENTE,OTC,3KKjHjPAz1Ck2VGpqpZp9XKoQZJ,https://catalogue.sicarx.cloud/product/6b156323-7903-4321-869c-91cd81be1428
7501035911376,COLGATE TOTAL GDE 150ML,109,2,2,PERFUMERIA,HIGIENE,3KKjHjPtk2uzIFKnCOf0cUAPwLr,https://catalogue.sicarx.cloud/product/dcb4f0c7-812e-47ed-8d38-2ef57c36eb9b
714908100099,CALTRON 600-D C/60 Tab (CALCIO/ERGOCALCIFEROL),156,1,1,GENERICO,VITAMINAS,3KKjHjQ1xCnIP0STbtNa5uxGJ7U,https://catalogue.sicarx.cloud/product/0413a3d1-90eb-4055-b777-836393d886a6
7501048335138,AGUA OXIGENADA 100ML PROTEC,16,4,4,CURACION,CURACION,3KKjHjQ82C9QrnOTpBDakNkqZxU,https://catalogue.sicarx.cloud/product/f19baf7e-9603-4b35-ac86-291d70aeaffd
3311000001605,ESPIRITUS DE UNTAR 50ml Mercurio,12,3,3,CURACION,ACEITES,3KKjHjRJ0GTSCsrAuGWkPdYZU8t,https://catalogue.sicarx.cloud/product/5ecf5cdf-766d-4ab2-b47a-a0736b07ed7e
7791293025889,AXE DARK 72H ANTITRANSPIRANTE 152ML,85,1,1,PERFUMERIA,HIGIENE,3KKjHjRSQu994Xi99x8jPStv1sQ,https://catalogue.sicarx.cloud/product/5aeb5494-0c82-47fa-a7e1-6bdb9a8816ba
7509546007083,COLGATE TOTAL 50ML,26,2,2,PERFUMERIA,HIGIENE,3KKjHjRegdYwnKPUuWHy7QOJdW1,https://catalogue.sicarx.cloud/product/c45aad24-45a0-4c80-88c6-8d6b07721b40
7501547505056,ENTERODAR (NIFUROXAZIDA) COMPUESTO 200mg C/10 Tab,59,2,2,GENERICO,UNA FORMULA,3KKjHjTkmJxaesBkvBe1VBSYxnH,https://catalogue.sicarx.cloud/product/90a65664-614f-47a4-8bcb-dc4efa753f82
7501075713770,NOVAGON NATURAL PLANTAGO 400g,146,2,2,GENERICO,UNA FORMULA,3KKjHjU04ZogPeqJDhfyltpMNq6,https://catalogue.sicarx.cloud/product/28465068-4742-436c-b033-2e9083290278
7502009749971,FURICROL 100MG (NITROFURANTOINA) C/40CAP,64,2,2,GENERICO,UNA FORMULA,3KKjHjUgg12eUtuBWljzWZUQmmV,
7506313801462,ALEXFLUM (MINOXIDIL) SPRAY 60ML,154,1,1,GENERICO,UNA FORMULA,3KKjHjUyLLrm3EP0e7CSLvcqndy,
7501007535494,MOTRIN SUSPENCION 15%,276,1,1,PATENTE,PATENTE,3KKjHjW7MWWk09ngkMDxplKXRRg,
7506346601107,VIOLETA DE GENCIANA 20ml KOHN,18,1,1,CURACION,CURACION,3KKjHjWGUbnglWkHgWvdUaUccRJ,https://catalogue.sicarx.cloud/product/0c05e799-87cd-427e-9346-35299b99e9f0
755331010029,ALGODON 6G SUPERIOR,5,12,12,CURACION,CURACION,3KKjHjWT1mKzd6YqQsweMZ1hiG5,
7501048692385,VENDA MALLA ELASTICA #4 PROTEC,38,1,1,CURACION,CURACION,3KKjHjWeeKvSnMQNi9as67Vbvv7,https://catalogue.sicarx.cloud/product/95aea45e-2c6b-4e1e-b33b-54e06c9afc1c
7503003738404,ROSEL CAP C/24,41,4,4,GENERICO,COMPUESTOS,3KKjHjX4dImYw19G5LJrFoF1kWE,https://catalogue.sicarx.cloud/product/1d819f28-dd8f-4ec3-8583-d5c6e5e0122f
7503005405168,SACATE SALUK C/1,14,5,5,PERFUMERIA,HIGIENE,3KKjHjXYsH4YbcnShMdebNSWklJ,https://catalogue.sicarx.cloud/product/55d1c28b-e9ad-4760-90b3-11ef1a3cd7d9
7501868920026,GEL ANTIBACTERIAL MINI 50ML,17,3,3,PERFUMERIA,HIGIENE,3KKjHjXlIK0T6uJmFYHnXvWwHUC,
7502009740459,FLEXIVER 15mg (MELOXICAM) C/10 Tab,14,1,1,GENERICO,UNA FORMULA,3KKjHjYYPKn3HE3zbjR9nPxMFCL,
7501573902720,MENAZAN CMA (MICONAZOL),18,1,1,GENERICO,UNA FORMULA,3KKjHjYgYCtMX99UzHcZ9OjW6lJ,https://catalogue.sicarx.cloud/product/cacd41e7-a330-4d6b-8bf6-e143ad239337
7501384504908,ACIDO ACETILSALICILICO 300MG C/20TAB PSICOFARMA,29,2,2,GENERICO,UNA FORMULA,3KKjHjZbglsbhLCD565mHaWWZj5,https://catalogue.sicarx.cloud/product/e26c6a16-aec0-4129-829e-6e4effcdef44
7506513601053,FOSFOMICINA POLVO 3G AVIVIA,260,1,1,GENERICO,UNA FORMULA,3KKjHjZyzNvyqOe46XfzX3uRkrR,
780083140274,ZOLIDIME C/20 GRAGEAS,78,2,2,GENERICO,ESTOMACAL,3KKjHja0jqFjVhPn0jACIjJAFs3,https://catalogue.sicarx.cloud/product/c3388425-60e9-4502-ae4f-f1c90639f42c
7501008499788,LOTRIMIN PREVENT SPRAY 150ML,82,1,1,PERFUMERIA,HIGIENE,3KKjHjaJbyvHK8lpbFf2XJpotkZ,
7501504022817,LAZER 500mg (MESALAZINA) C/30 Tab,375,1,1,GENERICO,UNA FORMULA,3KKjHjbItogRxlcODOMyC0pQ05l,
7502009747205,BENZOCAINA GEL 10G MAVER,51,2,2,GENERICO,UNA FORMULA,3KKjHjbW61oAEChgRyOmyEhjrVW,https://catalogue.sicarx.cloud/product/1543fc74-58f0-4662-a9a2-9f4031200e1b
7501048691005,VENDA ALTA COMPRESION 10CM PROTEC,53,2,2,CURACION,CURACION,3KKjHjbfhJCH189PRcjBDpMjkZB,https://catalogue.sicarx.cloud/product/78eff912-217a-43f0-86e3-eb4135aaa15b
7503007822680,NOVOFINE C/7 AHUJAS,49,5,5,CURACION,CURACION,3KKjHjcSLDZdveskYfyVDWItO1e,https://catalogue.sicarx.cloud/product/aee9d772-6ac6-4307-9093-f432465b8997
780083140021,OTILIN GTS 20ml,38,2,2,GENERICO,GOTAS,3KKjHjdJR2Dew441g6nzvgpOry2,https://catalogue.sicarx.cloud/product/8eb70972-ed67-40d9-acae-e3e706aed6bf
354312625018,ROCAINOL BALSAMO 45g,69,1,1,PATENTE,OTC,3KKjHjdPpbGn4RNc8YuEONOf5RX,https://catalogue.sicarx.cloud/product/953fe31e-15f4-44a3-8e2a-04d82e93891c
3664798059601,ADEROGYL C/4AMP,128,1,1,PATENTE,OTC,3KKjHje7f744iDsvxdIMHKqgwpJ,
7502009742767,CO-TARSAN 50/12.5MG C/15TAB,73,1,1,GENERICO,COMPUESTOS,3KKjHjeHX7rsmmRK02c7Ne0rfzY,https://catalogue.sicarx.cloud/product/5869c765-6ba7-40fc-82fc-2889fc8902ce
650240013898,CREMA TEATRICAL ROSA 52g,43,1,1,PERFUMERIA,HIGIENE,3KKjHjej3CBq4oCVW53y1vPgvbT,https://catalogue.sicarx.cloud/product/923c150c-fe9e-408f-a70d-3a514303d938
780083144296,COLLIFRIN INF (OXIMETAZOLINA) Spray,47,1,1,GENERICO,UNA FORMULA,3KKjHjf10JZDVk4cVeLgfTtbBmE,https://catalogue.sicarx.cloud/product/69cab990-8c7c-4b4c-aa5e-f6c3919b5ae0
7502213040871,CIFHIR GEL (BENCIDAMIDA) 60g,73,1,1,GENERICO,UNA FORMULA,3KKjHjfSxlSXeZHQfWBHYQL34TU,https://catalogue.sicarx.cloud/product/36b88410-64de-4f17-9e98-9342938c25c9
785120755466,CROSTOX 20mg (ROSUVASTATINA) C30 Tab,111,1,1,GENERICO,UNA FORMULA,3KKjHjfVxKoZtWPRBOHLLOVH9qZ,https://catalogue.sicarx.cloud/product/deafbbfa-9eb3-4061-8b2b-cc4886e9074b
7502009744327,CO-TARSAN 100/12.5mg C/15 Cpr,142,1,1,GENERICO,COMPUESTOS,3KKjHjfduhZYF3m8BhCiThtvEYm,https://catalogue.sicarx.cloud/product/a3eeea4c-5668-4245-8ba4-a1ae741afb9d
7503027446248,DIVELGEL C/16CAP,130,1,1,GENERICO,ESTOMACAL,3KKjHjgHRnj1bQO7B0ZlZtFrMFY,https://catalogue.sicarx.cloud/product/bf0586e3-3736-4590-8baf-30420f74b769
020800600330,TAMPAX SUPER VERDE C/10,60,2,2,PERFUMERIA,HIGIENE,3KKjHjgK1EbHmYyhwNoKRMWQMX3,https://catalogue.sicarx.cloud/product/ad949c7d-fb49-46d7-8dfa-bc7c90a36a17
7501825304555,BRAXIGORT (NIFUROXAZIDA) SUSP,69,2,2,GENERICO,UNA FORMULA,3KKjHjhNsnsov1kBUR3er9eYRgR,https://catalogue.sicarx.cloud/product/d8587d4a-2a53-4117-a208-156408c12942
7501109761388,QUIMOFEINA (CAFEINA/PARACETAMOL) C/20 Tab,25,1,1,GENERICO,COMPUESTOS,3KKjHjhOT8fQILwJXpnErezkgnm,https://catalogue.sicarx.cloud/product/5a357b67-6637-49ea-90e7-2bf84493b953
75076290,AXE BARRA BLACK 45g,72,1,1,PERFUMERIA,HIGIENE,3KKjHjiAu6i6n0XgsC11IDUfuV4,https://catalogue.sicarx.cloud/product/485bd473-38bb-4c98-a6c7-b19de60fc23b
7501839106268,OBAO COOL METAL ROLL ON 65G,37,1,1,PERFUMERIA,HIGIENE,3KKjHjibvjuLrXri4VzvO88pJha,https://catalogue.sicarx.cloud/product/4418822e-4258-45f1-b953-96fe94bbbae9
7502253601339,DACLAFIN SUSP (SUBSALICINATO DE BISMUTO) 120ml,48,1,1,GENERICO,UNA FORMULA,3KKjHjj9hGHzL6grBfOpfqBEVix,https://catalogue.sicarx.cloud/product/1f4a9636-d248-42e1-8fd0-dc65c9ff9dbf
7501023108856,MICROPORE BLANCO 1 NEXCARE,36,5,5,CURACION,CURACION,3KKjHjjDLdSh0VeFEOykPtBKaC1,https://catalogue.sicarx.cloud/product/174f5ad8-d51f-4e24-bd1e-78695982a8f5
7509552849714,FRUCTIS CREMA P/PEINAR RECARGA 300ml,62,1,1,PERFUMERIA,HIGIENE,3KKjHjjx9PksRIr3VT3ReUkxFjY,https://catalogue.sicarx.cloud/product/28c02752-17c1-4dbe-83fa-0019abf611ab
7502009740718,CO-ALTIVER C/15TAB,39,1,1,GENERICO,COMPUESTOS,3KKjHjk0gAsO3h7RNzj0rEZJR5T,https://catalogue.sicarx.cloud/product/f1c5bc8c-2499-47a5-8c9d-a88e01cb9de7
7501478315397,FLAXENDOL 550mg (NAPROXENO) C/12 Tab,37,1,1,GENERICO,UNA FORMULA,3KKjHjkzNZVJvqmGPoN0nJMwhHf,https://catalogue.sicarx.cloud/product/1322b80e-dbec-40ef-849d-31f82199b143
7501846504859,POMADA CABELLO XIOMARA NEGRO 60G,52,1,1,PERFUMERIA,HIGIENE,3KKjHjleJmhWxoADuM5g6VCbkAD,https://catalogue.sicarx.cloud/product/a90fbd73-0f49-4885-95e0-2528a5803955
7501590285004,VALNAIT C/30 Cap,92,1,1,GENERICO,VITAMINAS,3KKjHjlg31gRwp2IUAggfAdSEN7,https://catalogue.sicarx.cloud/product/08d5916e-7aaa-4c13-a31d-e5cdef267741
7506313800373,DORIRAAM (OXCARBAZEPINA) 300MG C/20TAB,136,1,1,GENERICO,UNA FORMULA,3KKjHjmOS53JywNGD6DHci7AYxC,
7502006923527,BREGAMIN JBE 120ML,36,2,2,GENERICO,COMPUESTOS,3KKjHjmPuPtKFyEN8RunOo0znuv,https://catalogue.sicarx.cloud/product/59a3e05b-803a-48ef-9e6c-886a731970a6
7791293025797,AXE SPRAY DARK 96g,62,2,2,PERFUMERIA,HIGIENE,3KKjHjmrtyijFw1ioQBr4OrWMEZ,https://catalogue.sicarx.cloud/product/d5aebb1d-e98a-4f2a-a866-e30ee7950ad3
7501370200586,PINZA CURTIS CHICA,19,2,2,PERFUMERIA,REBOTICA,3KKjHjn5HJgkL8NMpuz0PWBboZn,https://catalogue.sicarx.cloud/product/05f82142-8f89-449b-956f-8cf2bf162bc4
7501033960468,ENSURE ADVANCE CHOCOLATE 237ml,65,1,1,PATENTE,OTC,3KKjHjnv9k0Ot1OSSqSFVSJjdWv,https://catalogue.sicarx.cloud/product/c1eec058-1db3-4e6e-9fca-458ec80c5d91
7503046016507,METFORMINA 750MG LP C/60TAB,60,1,1,GENERICO,UNA FORMULA,3KKjHjo1qRkY1mZvyqECKV67Kbq,
7506339390230,OLD SPICE BARRA 50g LEÑA,59,2,2,PERFUMERIA,HIGIENE,3KKjHjobdzB9H3jraOUzuxUMOdH,https://catalogue.sicarx.cloud/product/23fb04f4-23af-46f4-9c3b-c5aecebeb5bb
785120755459,CROSTOX 10mg (ROSUVASTATINA) C/30 Tab,82,1,1,GENERICO,UNA FORMULA,3KKjHjp8ySbdMeikB3RrxGmDVb4,https://catalogue.sicarx.cloud/product/e6afa4e6-a93d-4c2a-8ebb-2d6f0c5faa79
CHIP,CHIP,60,,,RECARGAS,RECARGAS,3KKjHjpGjLnk1hfGDYWfr6NkTwR,
7501075727548,GAELORAX 100mg (QUETIAPINA) C/60 Tab,184,1,1,GENERICO,UNA FORMULA,3KKjHjpKP7rX9XmIazeNvmSZDOX,
7501050613453,AFRIN SPRAY ADULTO,111,2,2,PATENTE,PATENTE,3KKjHjpVzzXKni4VFVNJoQsRnyp,https://catalogue.sicarx.cloud/product/caa128b8-3691-433d-b448-ff38f1d5e1fa
7502224510042,SILICA KIDS 120ML SP,77,1,1,PERFUMERIA,HIGIENE,3KKjHjpiRUmRvopd2rMMqFxWB4y,https://catalogue.sicarx.cloud/product/e662a9d2-66f6-450b-ac2a-e3cd70f4ad8d
7502259890157,ADEVIT EMULCION 240ml,46,1,1,GENERICO,VITAMINAS,3KKjHjqKhNJh4kTAMUgI3pxT0tL,https://storage.googleapis.com/sxb-images/catalogue/product/2753/f137d0ec-8183-4beb-9d68-4a5e603ce3bf
7501370290709,BROCHA Y PEINE TINTE CURTIS,25,2,2,PERFUMERIA,REBOTICA,3KKjHjqjMyH4TJFI0pfKlXCQKmj,
780083148546,COBEDINA SOL 60ML,49,2,2,GENERICO,COMPUESTOS,3KKjHjqum6HcxQE6w2SbCELFBMo,https://catalogue.sicarx.cloud/product/2a4c18d4-cd7a-4e1e-be15-020d00bc6f02
7613427011776,ONETOUCH TIRAS SELECT PLUS C/50 10%,407,1,1,CURACION,CURACION,3KKjHjrZL1WJs6tMH9DwomVrcYj,https://catalogue.sicarx.cloud/product/f8ddf157-5501-4e62-bfca-208d3fbc8987
7501075721096,ANIERNOV 75 Mg (PREGABALINA) C/14 Cap,40,1,1,GENERICO,UNA FORMULA,3KKjHjs06OwV6x1zBK7Cl7E3YAZ,https://catalogue.sicarx.cloud/product/85c4b1c7-a4e9-43b5-a369-6a79d1d09ca3
7502001162518,MECLISON Gotas 15ml,48,2,2,GENERICO,COMPUESTOS,3KKjHjsSyM4hFReTqza9QWQwOip,https://catalogue.sicarx.cloud/product/7dbd1d48-58f6-4fa2-bf03-6780ac088939
7501258207010,OXITAL-C 2g (ACIDO ASCORBICO) C/10,91,1,1,GENERICO,UNA FORMULA,3KKjHjtZGmIYH6yIkNGFQgrGm8x,https://catalogue.sicarx.cloud/product/fe9a35d8-9109-44a8-8ef2-b334fe72a24c
7501943480001,KLEENEX C/15,9,8,8,PERFUMERIA,HIGIENE,3KKjHjuEsk6tSRgjj6P1Tf5lhPg,https://catalogue.sicarx.cloud/product/eff94ef4-dcb7-44d7-a8bc-802d5061645e
7502279290036,BROMURO DE PINAVERIO 100mg C/14 Tab SYDEN,28,3,3,GENERICO,UNA FORMULA,3KKjHjuMcHkSP7aJBxzWmy2eLBJ,https://catalogue.sicarx.cloud/product/f063f38b-216e-4678-bff4-0cb462479ec4
7591005574014,RAIDOLITOS LAVANDA C/10 Y BASE,26.996,5,5,PERFUMERIA,REBOTICA,3KKjHjuPurDJEAJ7flpmtIf1tIE,https://catalogue.sicarx.cloud/product/d5720604-614a-4348-b615-3696c229265b
7506306249356,VASELINE 42g,41,2,2,PERFUMERIA,BEBES,3KKjHjuT9XUDpT4VIPiRGgHV0XG,
7501075717914,NINEKA SUSP (NEOMICINA/CAOLIN/PECTINA),32,2,2,GENERICO,ESTOMACAL,3KKjHjuebcjUkUVdV5gB9SCC4kc,https://catalogue.sicarx.cloud/product/b1f9e2df-d42f-4e34-aea8-9870b15a695e
7502227426111,ZEBETYN (COMPLEJO B) C/30 cap,38,3,3,GENERICO,VITAMINAS,3KKjHjvEtlKxGfyBjQapSqnqmT1,https://catalogue.sicarx.cloud/product/8b664147-2aca-49f2-ad13-764096fda77c
7502009746222,DOXON 25mg (DEXKETOPROFENO) C/10 Tab,98,1,1,GENERICO,UNA FORMULA,3KKjHjvdhCNVn2Ymm4o6deMSFSm,https://catalogue.sicarx.cloud/product/c7f17e0f-5f91-4658-a73d-8d0de6cee8e8
7503022640009,ACETONA QUITA ESMALTE MARLIS 42ML,15,3,3,PERFUMERIA,REBOTICA,3KKjHjwqGPEp0FUbAg7sqNvSQ2P,https://catalogue.sicarx.cloud/product/db3a4db6-feee-457d-a52d-1f4c5d2ece18
7501075722543,PABESORAG (HIDROCLOROTIAZIDA/IRBESARTAN) 150/12.5 C/28 Tab,98,1,1,GENERICO,COMPUESTOS,3KKjHjwsZXx0JLgsTpOeiybF0qM,https://catalogue.sicarx.cloud/product/87e9953b-b14b-4e78-8d36-cea2be384c46
7503001007663,WAMINDEL JBE (PARACETAMOL) 120 Ml,23,3,3,GENERICO,UNA FORMULA,3KKjHjxWmM9VWUQKF10FkzSkNzV,https://catalogue.sicarx.cloud/product/0b1fd03d-d60c-44b4-af25-c07616198e43
7503003134268,TROPHARMA (ERITROMICINA) 500mg C/20 Tab,68,2,2,GENERICO,UNA FORMULA,3KKjHjxd5VnG74ZmQeRoDOyCKqC,https://catalogue.sicarx.cloud/product/bbd32908-2c28-4f65-9857-78abffde6c3d
7502227874417,RAAMCEDO 100mg (ACECLOFENO) C/10 Tab,70,1,1,GENERICO,UNA FORMULA,3KKjHjyUr5mSXsGwoqALlD0XLRt,https://catalogue.sicarx.cloud/product/8810c0be-af22-427f-85b3-fdb446b8104b
7501035909007,STEFANO BLACK BARRA 60G,66,2,2,PERFUMERIA,HIGIENE,3KKjHjzTtKbhUGebr0T8jJBMZl8,https://catalogue.sicarx.cloud/product/c65cc5b3-7da9-4a7e-8995-871401dd51a0
7501573904847,JOMASAR 50mg (LOSARTAN) C/30tab,14,7,7,GENERICO,UNA FORMULA,3KKjHjzXbu2qzM9kihRGdYQfHOF,https://catalogue.sicarx.cloud/product/f28659fc-3b12-4c03-bbe5-107725235c51
75313036,ANTISEPTICO 360 30ml SPRAY JALOMA,43,2,2,CURACION,CURACION,3KKjHjzgEeu5E3Pm9DBtdQmQ8eG,https://catalogue.sicarx.cloud/product/a6fbbba9-5b80-4d7b-9993-da6e52ad8608
7501088509773,ANTIFLU-DES C/24 Cap,206,1,1,PATENTE,PATENTE,3KKjHjznwRSpMHfHGTMSk7BZAp3,https://catalogue.sicarx.cloud/product/6b1bd9b0-0146-46f3-97f2-275ec0dda785
7501032902087,LAMITAS C/APARATO RAID C/12/1,79,2,2,PERFUMERIA,REBOTICA,3KKjHjzszJ3NWr0590UWwuXng77,https://catalogue.sicarx.cloud/product/8509fe99-e6d0-458e-8ab4-45d775233d96
7501075721041,NATRAZIM 40mg (TELMISARTAN) C/28 Tab,77,2,2,GENERICO,UNA FORMULA,3KKjHk04bRsObl6vDpMP7cHlvM9,https://catalogue.sicarx.cloud/product/ea46e9d7-e3dd-48ce-9109-af323fa4867c
7502226296074,TADALAFIL 5MG C/14TAB ALPHARMA,46,2,2,GENERICO,UNA FORMULA,3KKjHk0JoS2Jez8T4yuZ43lIoO7,
7501349020153,LEVOTIROXINA 100mg C/100 Tab AMSA,75,1,1,GENERICO,UNA FORMULA,3KKjHk0UdVYxeRXLCYeDz9U8dGh,https://catalogue.sicarx.cloud/product/9e1f624a-3138-4c0d-94d0-164573602fb9
7509546045313,SPEED STICK XTREME U BARRA 50G,65,1,1,PERFUMERIA,HIGIENE,3KKjHk0k91uvlWucBv60HhFT2UM,https://catalogue.sicarx.cloud/product/2a9e03c1-501f-463f-880b-1d88811a3792
637420140872,EPICOL ZERO INFANTIL C/120ML,45,1,1,GENERICO,COMPUESTOS,3KKjHk0yMksqTMTuVLpCeo6TrVo,
7502221187582,BRUT CLASSIC ANTITRANSPIRANTE 150ML,69,1,1,PERFUMERIA,HIGIENE,3KKjHk1pp7RF6wbvT7ZTpzhxI1J,https://catalogue.sicarx.cloud/product/cd29bc95-2419-4f57-80f6-57986a31bf35
7509546046822,SPEED STICK STAINGUARD BARRA 50G,65,2,2,PERFUMERIA,HIGIENE,3KKjHk1rrJQwPELLLHT3yCDAXdW,https://catalogue.sicarx.cloud/product/0a9f4792-2043-49ff-a521-9e85f8d1c5ab
7502216790926,FLUCONAZOL/TINIDAZOL C/4TAB ULTRA,44,1,1,GENERICO,COMPUESTOS,3KKjHk2V08tjNswRNnTGqST15XX,
7501056340025,SEDAL CREMA PEINAR RESTAURACION 300ML,51,1,1,PERFUMERIA,HIGIENE,3KKjHk2p7pcqglAoJvCo9lKxUzg,https://catalogue.sicarx.cloud/product/5ea9aa93-1a8a-4e06-8738-20732d58d5a4
7503048936070,JARABE DE GRANADA 43ML VELAZQUEZ,18,10,10,CURACION,ACEITES,3KKjHk49HnbPgIp8RkqvNskiIvz,
7501102630001,PLASTILOKA 20G,28,3,3,PERFUMERIA,REBOTICA,3KKjHk4hUaDbVdhPuROnDAOr9yI,https://catalogue.sicarx.cloud/product/93eaa279-2b23-4941-b8fd-cf5fba472864
6936613288358,CORTA UÑAS TRY BEBE,14,6,6,PERFUMERIA,REBOTICA,3KKjHk5FWFvycSJ6UusA81FcWIv,https://catalogue.sicarx.cloud/product/255f3e38-0f95-4a03-bd95-d9b9e4bbccee
LIMANEGRA,LIMA NEGRA MANOS,5,5,5,PERFUMERIA,REBOTICA,3KKjHk6EfkEuIsREmL4dZHtUPFT,
7501868900561,TELA ADHESIVA 2.5x5 DIBAR,48,7,7,CURACION,CURACION,3KKjHk6humqiYhF8bjDngdJfk3F,https://catalogue.sicarx.cloud/product/92837235-cfc7-4919-842d-df3958d1351f
7503000422887,BROMIXEN CAP C/12 CAP,40,1,1,GENERICO,COMPUESTOS,3KKjHk7evHegaeYaGz1ghV7dneN,https://catalogue.sicarx.cloud/product/0c410836-1939-43b1-9f72-af0d4a7af8b3
7509546682471,JABON PALMOLIVE VERDE 120g,21,1,1,PERFUMERIA,HIGIENE,3KKjHk7krX2OjrMVoBmbXx9rwQa,
7506022300683,JERINGA 10ml VERDE SENSI,5,91,91,CURACION,CURACION,3KKjHk7sBTiAXLK1LSlwJvxlCIr,https://catalogue.sicarx.cloud/product/ed8ab105-dc19-4ed1-a7e2-967c94849e65
037836041273,HINDS CLASICA CREMA CORPORAL 400ML,59,1,1,PERFUMERIA,HIGIENE,3KKjHk897e4pbGVfCFSD0RvGDIO,https://catalogue.sicarx.cloud/product/b4cc23c3-597a-4632-b7a0-4320bf677889
7502211783954,ROSANIL 500mg (NITAZOXANIDA) C/7 TAB,81,2,2,GENERICO,UNA FORMULA,3KKjHk8RYj8swD69vat8dHIp3WU,https://catalogue.sicarx.cloud/product/afd75a22-ac64-4c46-b591-3c18cf56ea21
7501349025387,GENTAMICINA 80mg C/1 Iny.AMSA,14,3,3,GENERICO,UNA FORMULA,3KKjHk8YsnaE2psMdRoTUAxVmig,https://catalogue.sicarx.cloud/product/7082b831-f3bf-47c1-a3e7-ad2decd287a9
7502009745737,BENEVENTOL SUSP (CEFIXIMA) 50ml,166,1,1,GENERICO,UNA FORMULA,3KKjHk8yVtxHf8k1RkQCvk59ely,https://catalogue.sicarx.cloud/product/7dadb03a-8340-47b4-b337-52190d830763
7503001007106,AMIFARIN 500mg (DICLOXACILINA) C/12 CAP,50,2,2,GENERICO,UNA FORMULA,3KKjHk90xOmkqHSPjclt5eN3LVw,https://catalogue.sicarx.cloud/product/c98de7ee-7a59-4c56-9d00-4bdaa3f73301
GOTERO,GOTERO CRISTAL,5,69,69,PERFUMERIA,SUELTOS,3KKjHk992LIPtgbm4kgKs29hIt0,
RECARGA20,RECARGA $20,21,,,RECARGAS,RECARGAS,3KKjHk9Cep9SVE54xSLL94WqT9n,
MISOPROSTOL,CYRUX (MISOPROSTOL) C/1 TAB,12,1,1,GENERICO,UNA FORMULA,3KKjHk9ORpbwfHM0laTserth8wQ,
7502280170341,TIRA LECHE ARFAM,58,1,1,PERFUMERIA,BEBES,3KKjHk9WQoPlEnkbqERMUjwJrQL,https://catalogue.sicarx.cloud/product/5389b49e-0cea-4ccc-b574-011f61e56a1f
7502009744082,ANIMALIN C/75 Gomitas,86,1,1,GENERICO,VITAMINAS,3KKjHk9dddMM5SHXv80QC3XVltW,https://catalogue.sicarx.cloud/product/5d129128-1fac-4971-9cf5-6a62eaf59732
CURITAS,CURITAS C/1,1,52,52,PATENTE,SUELTOS,3KKjHkAGcWE8ZrDT0aH9nHBpfya,
7501563383720,NISTATINA 100000UI C/12TAB VAG RANDALL,32,1,1,GENERICO,UNA FORMULA,3KKjHkBQBYKn7KyXHTP2fDYRHEn,
070942302289,PAROEX GUM GINGIVITIS 300ml,221,2,2,PERFUMERIA,HIGIENE,3KKjHkCpDi7WocI2Qv64wG4fMDq,https://catalogue.sicarx.cloud/product/c795efd6-a507-4e75-861b-394a4e958f0e
7501058743121,NUGGET NEGRO 60ml,23,1,1,PERFUMERIA,REBOTICA,3KKjHkD7C558wnRhU4HIEmxxytI,https://catalogue.sicarx.cloud/product/d1dac519-f27a-4901-90c9-612434e18252
7501092793038,RIOPAN 250ml 20%,370,1,1,PATENTE,PATENTE,3KKjHkDJEKJFAAzBP221PtXwLN0,https://catalogue.sicarx.cloud/product/3221b988-e6b0-448f-aa45-54f082df14ca
650240036415,GENOPRAZOL C/7,40,8,8,PATENTE,SUELTOS,3KKjHkDVbH7qPJ5lkMlzafaiYmV,https://catalogue.sicarx.cloud/product/63591e62-2bc1-4c67-a6dc-1e2fd081e880
7502214983207,PRUDENCE LUB UVA 75ML,88,1,1,GENERICO,ANTICONCEPTIVO,3KKjHkDZ3jlOVwGCta4nhsNuaIv,https://catalogue.sicarx.cloud/product/25aa989a-c300-486e-bce2-a490a420f8bc
7503022640016,BICARBONATO VELAZQUEZ 80g,11,11,11,CURACION,CURACION,3KKjHkE1SkeNkNaOyWEdKvcMhYd,https://catalogue.sicarx.cloud/product/e5599a6a-0e9e-428b-9d01-aa9d5d5936de
7501349022959,PREGABALINA 150MG C/14CAP AMSA,59,1,1,GENERICO,UNA FORMULA,3KKjHkEXhaAtT0MT5UJnCES9ugT,https://catalogue.sicarx.cloud/product/4d92138b-bd25-4cd8-92c5-c2f4be7e3d0f
7503004908677,CLIOQUINOL CREMA 3% 20G ALPHARMA,17,1,1,GENERICO,UNA FORMULA,3KKjHkEyfHjLz1HsuV7QVQudX1b,https://catalogue.sicarx.cloud/product/2079d570-eb52-421f-9a96-4cd89adc23ab
7502213042417,FASTERIX UNGUENTO 20G,48,1,1,GENERICO,COMPUESTOS,3KKjHkFSgjO5M5ZpDmh236ATzni,https://catalogue.sicarx.cloud/product/1d0ab9af-7b00-47f8-88ab-3cdc6f778433
7501258215053,BINOTAL 500mg C/20 Tab 10%,390,1,1,PATENTE,PATENTE,3KKjHkFeehWquuUa3eXKBEbTLqF,https://catalogue.sicarx.cloud/product/68002cdd-3c2a-4c5e-a674-f7e0da77be4a
7501075718546,NIBEZVAG 200mg (BEZAFIBRATO) C/30 Tab.,39,3,3,GENERICO,UNA FORMULA,3KKjHkFnhUnu0RTwwRALmkFuL9B,https://catalogue.sicarx.cloud/product/cd004705-7e54-4925-aa72-89e4774840cc
7501072600677,CEPILLO DENTAL CLINIC FUCION,23,1,1,PERFUMERIA,HIGIENE,3KKjHkHpYEKry3F1Whssb8dyZ3N,https://catalogue.sicarx.cloud/product/f245fac4-cadd-43bc-a81b-6455a5192136
CUBRENEGRO,CUBREBOCAS DESECHABLE C/3 NEGRO,5,19,19,CURACION,CURACION,3KKjHkIZCgkivJVFRvKF1fi3Xa6,
780083141226,PERLUDIL C/1 INY,70,2,2,GENERICO,COMPUESTOS,3KKjHkIj30wqJkPwxuKhplVe4A4,https://catalogue.sicarx.cloud/product/2120ba52-0e80-45ea-9e24-ad13cd9e15a0
7502216803244,TELMISARTAN/HIDROCLOROTIAZIDA 80/12.5 C/14 Tab ULTRA,70,3,3,GENERICO,COMPUESTOS,3KKjHkIkfcWStutNCTxubT4BfrX,https://catalogue.sicarx.cloud/product/4f67beee-00ab-479e-80d4-0e627bc3d4e1
7501072600240,CEPILLO DENTAL PEQUES CLINIC C/1,24,9,9,PERFUMERIA,HIGIENE,3KKjHkIlnfg7jt2Gxeciu1r8u2V,https://catalogue.sicarx.cloud/product/754380fe-eb8e-4bc4-874e-fcc0b855d778
7502009741487,DOLTRIX 250mg (CLONIXINATO DE LISINA/HIOSCINA) C/10 Tab,83,3,3,GENERICO,COMPUESTOS,3KKjHkK8c6UbjIZ2h0MjL3zahRu,https://catalogue.sicarx.cloud/product/458f50e5-329c-4db0-a23a-0bb049372e1b
7506022331038,CANULAS NASALES PARA OXIGENO PEDIATRICO,31,1,1,CURACION,CURACION,3KKjHkKNZztopMESaoZOOuPEXOe,
7501349020139,FLUCONAZOL 100MG C/10CAP AMSA,29,2,2,GENERICO,UNA FORMULA,3KKjHkLDjCnvkjVILBcvwRMnQso,https://catalogue.sicarx.cloud/product/b972bf6f-8419-450d-8232-8dc04943b987
7713042257747,PASTILLERO SEMANAL PAS,28,1,1,PERFUMERIA,REBOTICA,3KKjHkLEqiyvJUitFEUy4Dc91bo,https://catalogue.sicarx.cloud/product/0d56fc23-08da-4af6-b3bd-96fbb7a3c814
7502208895240,INDANET 25MG (INDOMETACINA) C/30CAP,23,5,5,GENERICO,UNA FORMULA,3KKjHkLUPtV9POESXcsXk5YwDkL,
7501103305861,ESPONJABON T.TAIO AVENA,34,2,2,PERFUMERIA,HIGIENE,3KKjHkMoVdlrIPKoIFqzkHreoYh,https://catalogue.sicarx.cloud/product/c114367e-6047-4a89-bdbf-05badbb8462d
7502009749148,TRIMEBUTINA/SIMETICONA SUSPENSION PEDIATRICO,119,1,1,GENERICO,COMPUESTOS,3KKjHkMotCzEy6nLweQAqsQFeRw,
7501008499702,TABCIN NOCHE C/12 Cap 15%,75,2,2,PATENTE,OTC,3KKjHkMpjFSjHqoAluRJbVX657w,https://catalogue.sicarx.cloud/product/c31531f1-3f23-48b6-b3d5-794601074b80
7502009745102,HIDRIVER JBE (HEDERA HELIXIR) 100ml,53,1,1,GENERICO,UNA FORMULA,3KKjHkN1AmDpPfy1GPm2LtFzX6U,https://catalogue.sicarx.cloud/product/987ebce1-d607-4a12-ba07-9f7cbaf478f1
7502009741784,LARITOL D INF JBE 60ml,42,5,5,GENERICO,COMPUESTOS,3KKjHkN5eDPi9KH7Bm9yPjmmbW5,https://catalogue.sicarx.cloud/product/48cc69bd-5dba-42e3-a6cb-d4d1e57c1274
7509546058962,SPRAY CAPRICE SABILA,59,1,1,PERFUMERIA,HIGIENE,3KKjHkNSILEdKeLwvv8ZSS3IVWs,https://catalogue.sicarx.cloud/product/f3804849-e977-4e0f-9b8f-384f65eeb760
7509552910124,ACONDICIONADOR FRUCTIS POSTQUIMICA ROJO 650ML,98,1,1,PERFUMERIA,HIGIENE,3KKjHkNSuR1xuhcHsjBp9Dp3rNH,https://catalogue.sicarx.cloud/product/11ad3b62-ce96-4df5-8dca-860edae5b662
7501075718676,NOVAGON PIÑA PLANTAGO 400g,143,1,1,GENERICO,UNA FORMULA,3KKjHkNTL7PrNEOQeEd4fCeprk2,https://catalogue.sicarx.cloud/product/c73566ce-fa90-4cef-ae20-6e08caaccdd4
7502009749698,BROMHEXINA/OXELADINA JBE MAVER 225ml,73,1,1,GENERICO,COMPUESTOS,3KKjHkNYAJWNY6FpmshwxHEvRru,
7502208894946,PURIBEL 300 (ALOPURINOL) C/20 Tab,31,2,2,GENERICO,UNA FORMULA,3KKjHkNiL43DHMAPuV9yd9NSHdK,https://catalogue.sicarx.cloud/product/d5c8702a-9512-4a5d-aae5-afb940d95dfc
7506552900322,VASO COPRO QUIRMEX 120ML,8,8,8,PERFUMERIA,SUELTOS,3KKjHkObZ3pW337ltnHDucAbeD9,
650240007651,BIO ELECTRO C/24 TAB 5%,75,6,6,PATENTE,OTC,3KKjHkPNKTYrpWSi8aQ8WLTW1k6,https://catalogue.sicarx.cloud/product/dcdd7d9d-baa5-4bfb-87aa-39d4f8a79db5
3311000001582,ACEITE DE OLIVO 50ml MERCURIO,16,5,5,CURACION,ACEITES,3KKjHkPo6VWoGBSFNozvip19mJl,https://catalogue.sicarx.cloud/product/ef8d2c16-184c-49e1-8503-11594e480dc5
759684353352,BOTIQUIN JALOMA ESENCIAL C/8,41,2,2,CURACION,CURACION,3KKjHkQ4DauB9aYQX9Sj9idUvkw,https://catalogue.sicarx.cloud/product/1ef9cfd7-b7f5-4098-8c59-f2beac19fdf9
7501573900269,QUITADOL 750mg (PARACETAMOL) C/10 Tab,11,5,5,GENERICO,UNA FORMULA,3KKjHkQg6Fio0Jz5BhmATaGzzlh,https://catalogue.sicarx.cloud/product/54fc8f70-6054-41c7-8ed8-70e47a264ff3
7502209858107,ZITRIASOL 100mg (ITRACONAZOL) C/15 Cap,61,2,2,GENERICO,UNA FORMULA,3KKjHkQjQzt1oz8O9Fon1rypePd,https://catalogue.sicarx.cloud/product/f5c11ac6-ac8b-496d-8042-3c94e46ba020
7501349020337,SULINDACO 200MG C/20TAB AMSA,72,1,1,GENERICO,UNA FORMULA,3KKjHkQzy6NPx4uaTrgBbgP10LJ,
7702035433299,LISTERINE PRO-ENCIAS MENTA 250ml,73,1,1,PERFUMERIA,HIGIENE,3KKjHkR44ZNyWND8eiKB6Q3PLam,https://catalogue.sicarx.cloud/product/4317f901-247c-4b57-ad18-bf58f054dcc2
75001872,BRILLANTINA PALMOLIVE 52ml,34,2,2,PERFUMERIA,HIGIENE,3KKjHkR5Gh75Fz7vZJm5L6e0MaW,https://catalogue.sicarx.cloud/product/77f5e208-c409-48e0-be5a-dcc89704a72d
780083142537,COLLICORT 1% (HIDROCORTISONA) 60g Crema,74,1,1,GENERICO,UNA FORMULA,3KKjHkRKXnGsd2UWA0EpVaXnx3t,https://catalogue.sicarx.cloud/product/213d2578-fea4-43c9-972c-b0126bcdc2e0
7502009741050,FASICLOR 250mg (CEFACLOR) Susp,127,3,3,GENERICO,UNA FORMULA,3KKjHkRh2tGDgoRFU1r2wCwbIG1,https://catalogue.sicarx.cloud/product/e009d9f7-89be-4152-8a93-ae78ec6d871c
7501075715927,VERMISEN C/6 (ALBENDAZOL) 200mg Tab,19,3,3,GENERICO,UNA FORMULA,3KKjHkRzGrmi5lYWihajS8s1AkL,https://catalogue.sicarx.cloud/product/9410dfd1-6d01-40d8-9c0e-22bd30d1c029
7501008497340,FLANAX 550MG C/12TAB,222,1,1,PATENTE,PATENTE,3KKjHkSKnZzxWmgFGjQY1H7hFxN,https://catalogue.sicarx.cloud/product/50d09790-30ed-4ae4-b4da-007b9cff7063
7506339397802,PRUEBA CLEARBLUE C/1,139,1,1,PATENTE,OTC,3KKjHkSUBmhfKgRn2REPnJeuZDl,https://catalogue.sicarx.cloud/product/fc4c9950-fb49-407e-ba91-3a2269617492
041333000985,PILA DURACELL D2 C/2,170,1,1,PERFUMERIA,REBOTICA,3KKjHkSjSDq4JQ4A7TF850Gln2w,https://catalogue.sicarx.cloud/product/6541a5a7-a847-4cfc-ba0d-5a47f0066e1a
7501048692088Q,VENDA MALLA ELASTICA #1 PROTEC,24,1,1,CURACION,CURACION,3KKjHkSwH3TbS5v4X0nHaXdnfiQ,
7502211788423,INDOMETACINA C/6 SUPOSITORIOS LEOFFLER,133,1,1,GENERICO,UNA FORMULA,3KKjHkT2VyPgf60y7M6lz59qttT,https://catalogue.sicarx.cloud/product/f6bcfd4d-663d-4610-adb4-043c3b6bfb23
75045616,TRIDENT YERBABUENA,4,21,21,DULCES,CHICLES,3KKjHkT3VGpmlA9wJy8aXyZ0YyE,https://catalogue.sicarx.cloud/product/df794fce-2f70-4e9a-92fd-48940dde167d
7702031036746,CREMA PARA BEBE JOHNSON RELAJANTE MORADO 200ML,85,1,1,PERFUMERIA,BEBES,3KKjHkTIo9UhifYR1CyQ3kQGxqf,
7501019006623,SABA BUENAS NOCHES C/8,34,4,4,PERFUMERIA,HIGIENE,3KKjHkTpJk3FTugzIJ6Sj8WidLF,https://catalogue.sicarx.cloud/product/b589bd25-194a-4511-9d6e-7f8d1b04d84d
7502240450230,ROSEL INF 60ml,38,1,1,GENERICO,COMPUESTOS,3KKjHkUrza88FIz0EcTGgwGvTBi,https://catalogue.sicarx.cloud/product/85e31e43-07b9-4088-861a-e83cb926f89d
7502004401508,"DEXNE OTICO (NEOMICINA,DEXAMETAZONA,LIDOCAINA) Gts 10ml",66,2,2,GENERICO,GOTAS,3KKjHkV2Aa1xKv3N7EotsnLXOAp,https://catalogue.sicarx.cloud/product/71aaa078-36cb-4b17-b2c5-5bbb7e3de47f
7500435247603,OLD SPICE DRAGONBLAST BARRA 50G,77,1,1,PERFUMERIA,HIGIENE,3KKjHkV8ZvgwsS1NZMwwPQJxcQK,
7791293032412,REXONA SEXY BOUQUET 150ML,73,1,1,PERFUMERIA,HIGIENE,3KKjHkVhNgfKXnITWECps9ufu1i,https://catalogue.sicarx.cloud/product/56b462ad-92b7-4fdb-8f76-2d6cb6a74378
7502216808119,RALUCSUM SL C/6 (KETOROLACO) TAB,13,7,7,GENERICO,UNA FORMULA,3KKjHkW0faEnvPgXZOl7ZyeSgnG,https://catalogue.sicarx.cloud/product/adb8b32d-d6c7-44ef-bbc5-a35c780815d6
7501573908036,BROXTORFAN INF JBE 120ML,30,1,1,GENERICO,COMPUESTOS,3KKjHkXREnzvM7NWioDc9UjEwlQ,https://catalogue.sicarx.cloud/product/338a101e-80b2-42a9-b937-90a2ee7e1bc8
7501836009661,DUALGOS C/20 Tab,47,5,5,GENERICO,COMPUESTOS,3KKjHkXgk8RFSnom7zLeyii7NBY,https://catalogue.sicarx.cloud/product/52a35126-4337-47d8-8c5b-c6728e37f1b5
7509546059556,JABON LIQUIDO PALMOLIVE DERMOLIMPIADOR 221ML,47,1,1,PERFUMERIA,HIGIENE,3KKjHkXkU0i03jLFjlixA23qekS,https://catalogue.sicarx.cloud/product/fd71d9a3-7791-4789-a9e7-54001d88b135
7502003380583,BROGAL T AD SOL 120ML,50,2,2,GENERICO,COMPUESTOS,3KKjHkY2oVeFmkzXiBRJxUy3QZF,https://catalogue.sicarx.cloud/product/40ad11ae-92c4-4bd8-bbbf-7fb7be5ed887
7506624900694,OXOTUSIN JARABE (OXOLAMINA) 118ML,34,2,2,GENERICO,UNA FORMULA,3KKjHkYFCEHXFDbEPE35oCjzbSW,
7502276040375,DESENFRIOL D C/12 Tab 15%,66,4,4,PATENTE,OTC,3KKjHkYTGFvzAkoWZRfA7zrTcbO,https://catalogue.sicarx.cloud/product/85281e69-ee5a-41a0-b0d9-d4e3a0e23696
7502009746420,VERATRIN C/20 Cap,47,1,1,GENERICO,COMPUESTOS,3KKjHkYViI1rmfB8HmR1rE9h2Kv,https://catalogue.sicarx.cloud/product/dde3b922-7fba-4182-b964-4cd749d5a49d
7502227426982,ML-PRIM C/12 CAP,59,2,2,GENERICO,COMPUESTOS,3KKjHkZYJP2WI8PyTdYsl8t2RSY,https://catalogue.sicarx.cloud/product/6c1e462c-43ff-4c1f-8596-cc0354f63c6e
7500435116763,GILLETTE GEL COOL WAVE 82G,78,1,1,PERFUMERIA,HIGIENE,3KKjHkZf5MrgkFOWzg7N606LudM,https://catalogue.sicarx.cloud/product/4f4e425b-17a9-4c24-a1bb-85d0da38e2db
7501048692187,VENDA MALLA ELASTICA #2 PROTEC,26,1,1,CURACION,CURACION,3KKjHkbTunWyFjcVYq3ZPUx42U0,https://catalogue.sicarx.cloud/product/1c583ce3-2b39-4213-a795-776bc1315549
7503045798343,TIZANIDINA 2MG C/20TAB MAVER,111,1,1,GENERICO,UNA FORMULA,3KKjHkbclmX6GeTMf6um2wHMDXe,
7501836000118,CARBAFEN TAB (METOCARBAMOL/PARACETAMOL) C/30,65,1,1,GENERICO,COMPUESTOS,3KKjHkbd7xHtKijhGCoMYKNJout,https://catalogue.sicarx.cloud/product/8304fdf8-4ad9-49c1-916c-37a75c7588cf
7501130713868,GELCAVIT 9/MESES C/30 cap,99,1,1,GENERICO,VITAMINAS,3KKjHkcGCrUC1xMgwKQ0R3loOop,https://catalogue.sicarx.cloud/product/6c5cd035-f087-478a-8613-51e7127c3fd6
75006433,CIRULAN GTS (METOCLOPRAMIDA) 20ml,32,1,1,GENERICO,UNA FORMULA,3KKjHkcOLclooPr2a7bjq9GvNkv,https://catalogue.sicarx.cloud/product/a6bdf4e1-4574-4813-b166-7026a6d0267f
7501369200115,ESTOMAQUIL SOBRE C/1,9,18,18,PATENTE,SUELTOS,3KKjHkcTTfwzbUmlIYm2YuAELvC,https://catalogue.sicarx.cloud/product/cf74672b-dced-4442-8c60-214b784971e8
7509552830644,CREMA P/PEINAR ALOE FRUCTIS 300ML,62,1,1,PERFUMERIA,HIGIENE,3KKjHkccCYENbbbKDjwk9hmBfl6,https://catalogue.sicarx.cloud/product/2bad138e-ea63-448f-9e8b-e710e8a2c154
7506339390254,OLD SPICE LEÑA AEROSOL 150ML,79,1,1,PERFUMERIA,HIGIENE,3KKjHkdtIsnYWyLSGyE5DyF51NF,https://catalogue.sicarx.cloud/product/8735bac9-aa75-4c86-898f-24fc9384cc9a
7502227427903,ALGIDOL-ZEN C/10CAP,32,1,1,GENERICO,COMPUESTOS,3KKjHkdznL1fXFlJqLYVdRsQpyU,
7503046016514,METFORMINA 500MG LP C/60TAB,62,1,1,GENERICO,UNA FORMULA,3KKjHkeVnLPKfasNhn81nHMIxNW,
7501361121500,TALCO O-DOLEX VERDE 150g,24,1,1,PERFUMERIA,HIGIENE,3KKjHkenJBGDPafX8wQPhEb1SGm,https://catalogue.sicarx.cloud/product/c7abece3-8623-4b4e-96e0-85d060f42357
CONDON,CONDON KONDO C/1,10,85,85,PERFUMERIA,SUELTOS,3KKjHkep01GaKsrLhRSrO3ZZtyN,
7501075715378,TOPARAL (METILDOPA) 250mg C/30 Tab,64,1,1,GENERICO,UNA FORMULA,3KKjHkeyemvhDqwISFfsQW881v6,https://catalogue.sicarx.cloud/product/1796f089-6f4a-4196-a8d0-5484d3885b2d
7503001007090,AMIFARIN 250mg (DICLOXACILINA) Susp,42,1,1,GENERICO,UNA FORMULA,3KKjHkf7E9fcocJ5oTjXq9meOcL,https://catalogue.sicarx.cloud/product/c50b794b-e6a6-42ab-b307-511636df77dc
7501590222214,MATERFOL (ACIDO FOLICO) 400mcg C/90 Tab,33,1,1,GENERICO,UNA FORMULA,3KKjHkfNEgi5xPyyYfvY9KoPcno,https://catalogue.sicarx.cloud/product/043e37df-d080-4331-ac50-a640db85e4c9
7501868900523,TELA ADHESIVA 2.5x1mt DIBAR,16,10,10,CURACION,CURACION,3KKjHkfeR3dzFWZKjmfckPWtvs6,https://catalogue.sicarx.cloud/product/022cc2b2-5d47-4863-9bfd-f7c6ee55813c
7506346601138,MERTHORAB ROJO 20ml KOHN,18,5,5,CURACION,CURACION,3KKjHkgRz26Scxecyjo0mvoml2i,https://catalogue.sicarx.cloud/product/f4fec801-8c8f-4a8f-9242-1f3e39910f6a
7502216792371,CIPROFLOXACINO 500mg C/12 Tab ULTRA,30,4,4,GENERICO,UNA FORMULA,3KKjHkgeUcnDIsueTsaBSO2Zf6r,https://catalogue.sicarx.cloud/product/6ec26fae-3b24-4421-bfe9-1b79e7f93d46
7502009743856,LARITOL D TAB C/10,57,1,1,GENERICO,COMPUESTOS,3KKjHkhrlo8jRES9rndKfGsomNZ,https://catalogue.sicarx.cloud/product/f14fa7e7-80bf-4d85-8bc8-1fdf5e50f640
7501048695003,VENDA VENDALASTIC 5cm,8,14,14,CURACION,CURACION,3KKjHkhx4G4FUsJP0BV7apviPoc,https://catalogue.sicarx.cloud/product/889105aa-bb60-48b1-8478-6f5e3ed4b1c0
7506309839202,OLD SPICE WOLFTHORN BARRA 50G,59,1,1,PERFUMERIA,HIGIENE,3KKjHki3FBbrUlHFwbSNPzvgZxV,https://catalogue.sicarx.cloud/product/443f8274-848f-415e-ac94-1ef82e7f770a
7502003380712,BROGAMAX TAB C/14TAB,68,2,2,GENERICO,COMPUESTOS,3KKjHki49r3VlVxoDZScHL7EfaE,
7502001161351,GENKOVA 80mg (GENTAMICINA) C/5 Iny,59,1,1,GENERICO,UNA FORMULA,3KKjHkiNROzjXdCStGibKyFRoxs,https://catalogue.sicarx.cloud/product/83ca9b2a-d43f-4af8-9a52-2c83d9ed450a
7501061812036,CEPILLO DENTAL DEL CHAVO C/2PZ KIT VIAJERO,45,1,1,PERFUMERIA,HIGIENE,3KKjHkiOTK3ciW4WssEwDrD3J5Q,https://catalogue.sicarx.cloud/product/f9770f00-b23e-497f-a095-a7f6d1ec4bea
7502003380590,BROGAL T INF SUSP 120ML,45,2,2,GENERICO,COMPUESTOS,3KKjHkiOjHZPMWTc2lr0t3mRVdo,https://catalogue.sicarx.cloud/product/a69a852f-9929-4995-aa5c-9254202bc413
041388284316,KANKA SOLUCION 9.7,263,1,1,PATENTE,OTC,3KKjHkjzzmBogOuX1slx6Q6KctP,https://catalogue.sicarx.cloud/product/81e3cb93-c372-4d64-a431-118057997996
7501384526528,BIPERIDENO 2MG C/50TAB PSICOFARMA,68,3,3,GENERICO,UNA FORMULA,3KKjHkkAfCubHWW9H9jGyARGg8m,https://catalogue.sicarx.cloud/product/3580f79c-eac0-437c-8284-be0b4ed3ba6d
7501943471337,TOALLITAS ABSORSEC C/90,20,7,7,PERFUMERIA,HIGIENE,3KKjHkkCJmTTvm5J2fNrOKZ2sdT,https://catalogue.sicarx.cloud/product/e335529f-2f64-48f6-a0fe-05f41b4635da
7502001169197,WILVIT C/30 Cap,136,1,1,GENERICO,VITAMINAS,3KKjHkkELtCvAcJIjPIpMwm6WKY,https://catalogue.sicarx.cloud/product/8e68007a-e335-4e31-bce3-2339cceb8762
7501036625159,PAPEL REGIO LUXURY C/4 ROLLOS,27,10,10,PERFUMERIA,HIGIENE,3KKjHkl3Ctw58nhGRDuUcqmdqw5,https://catalogue.sicarx.cloud/product/eccfcb69-e732-4db8-8ec0-c0c5f03c7538
7501008427347,BEPANTHEN POMADA 30G 10%,85,1,1,PATENTE,OTC,3KKjHklEpGrByFsizjVlFyhb1KZ,https://catalogue.sicarx.cloud/product/1eb9a2ec-1814-4908-a764-4ea1383b71ea
7501868910034,ALGODON 50g DIBAR,20,3,3,CURACION,CURACION,3KKjHklGjYBuUVXBsDjZUtPri6m,https://catalogue.sicarx.cloud/product/1a9b2c03-dfd9-4a67-9291-e27ff502db02
7502211784289,PERFESIL MN C/10 OV,57,2,2,GENERICO,COMPUESTOS,3KKjHkllyzHSSlJ7lbFn0gF6kYz,https://catalogue.sicarx.cloud/product/ca86e2e4-2080-4ccf-9819-efbd1f19da8f
7501056340100,SEDAL CREMA PEINAR ANTISPONGE 300ML,51,1,1,PERFUMERIA,HIGIENE,3KKjHkmUwhSitHAjPh3u7AxcWJv,https://catalogue.sicarx.cloud/product/a69af523-aed9-484c-9fe1-b87867ae85c4
7501075714739,REGLUSAN 5mg (GLIBENCLAMIDA) C/50 Tab,14,2,2,GENERICO,UNA FORMULA,3KKjHkmYrAuR5CtCpeKp4domcKT,https://catalogue.sicarx.cloud/product/d182db5f-d14c-4911-95dd-279d50f964da
7506339349047,OLD SPICE FRESH SPRAY 150ML,85,1,1,PERFUMERIA,HIGIENE,3KKjHkmwk1jjq05tfFINQ0bgon4,https://catalogue.sicarx.cloud/product/7a1edcdf-655c-40c7-915d-2cdebb826d91
7501563380637,FENAZOPIRIDINA 100mg C/20 Tab BIORE,32,3,3,GENERICO,UNA FORMULA,3KKjHknOofXEbrWFmUJDTEdND9M,
7501349012387,SOLURAL PED MANZANA,25,1,1,CURACION,CURACION,3KKjHknVVqbcVhLq5xiOIr2BQlc,https://catalogue.sicarx.cloud/product/acfaa3e5-e17f-4056-9927-913b90a43972
8888021206081,PILA ENERGIZER AAA C/1,20,9,9,PERFUMERIA,REBOTICA,3KKjHknYeb7J7osVXHdMlGcPvp6,https://catalogue.sicarx.cloud/product/30f9d829-9fae-4991-b98a-bc809d9b6c07
7506306215689,GEL EGO ALFA 200ml,24,4,4,PERFUMERIA,HIGIENE,3KKjHkpLFVmdMXD8dPrcsaSouOD,https://catalogue.sicarx.cloud/product/7ff5aa09-2978-4e92-ba94-d495b759280f
7501022105191,JABON NEUTRO 100G GRISI,19,2,2,PERFUMERIA,HIGIENE,3KKjHkpdgzGy81teoifQ5svC8RB,https://catalogue.sicarx.cloud/product/cb20f593-1a2f-4d39-bbec-12c05517c4ae
7501384541729,VALPROATO DE MAGNESIO SUSP 4G 100ML PSICOFARMA,83,1,1,GENERICO,UNA FORMULA,3KKjHkqRmKr3niqA72K7U5uqFxb,
75049638,CLORANFENICOL CREMA OPKO,63,1,1,GENERICO,UNA FORMULA,3KKjHkrF5d045FnR0Yi1K1wmEw9,https://catalogue.sicarx.cloud/product/3aeee680-98ec-4c4f-8e59-77eb9b26f4fc
75076559,AXE BARRA DARK ANTITRANSPIRANTE,74,1,1,PERFUMERIA,HIGIENE,3KKjHkraqhbL4XhkxvJTdUiKzc4,https://catalogue.sicarx.cloud/product/282b6ec5-aae4-48fe-a5b4-a754199983a1
7501125116810,AGRIFEN C/10 TAB 15%,29,3,3,PATENTE,OTC,3KKjHksG6DHIYLpqhL3jf50jGIC,https://catalogue.sicarx.cloud/product/edcec922-7363-4489-bb42-89bb4a238c20
7502001165311,DIVILTAC AMPOLLETA C/1 SONS,58,3,3,GENERICO,COMPUESTOS,3KKjHktYpipEKKuoxxemFou1roc,https://catalogue.sicarx.cloud/product/2e88b64c-2b7b-47e0-ab11-2bb75c06b6ea
7501573900535,BIOMESINA TAB (BUTILHIOCINA) C/10,20,9,9,GENERICO,UNA FORMULA,3KKjHkuI199GKyz8GW9zEXE1guM,https://catalogue.sicarx.cloud/product/991bd22a-5a9d-4230-ad4e-326cef3f89a2
7501868920002,GEL ANTIBACTERIAL LIMON DIBAR 250ML,33,2,2,PERFUMERIA,HIGIENE,3KKjHkv1Ej4Fz3K7UKAK6sWP8zt,
7501250882017,DERMODINE ESPUMA (YODOPAVIDONA) 120ml,48,1,1,GENERICO,UNA FORMULA,3KKjHkvnSlm6IFRZfwVsf2w246G,https://catalogue.sicarx.cloud/product/15e0c279-679a-44b6-a546-071ea2da12e8
793969285204,PIOJITOS SHAMPOO 150G,48,1,1,GENERICO,UNA FORMULA,3KKjHkw790NRO7jRT1FM8zLwIjt,
7501277071685,PROCHOR (PROPANOLOL) 40mg C/30tab,36,2,2,GENERICO,UNA FORMULA,3KKjHkwCu6MDtpXJVBI78n5sPPV,https://catalogue.sicarx.cloud/product/75afbbea-a623-4090-a78b-b6d06af31718
7509546063515,LADY SPEED STICK PRO 5 AEROSOL 150ML,84,1,1,PERFUMERIA,HIGIENE,3KKjHkwPA5iYbosqppeGs4nw2wF,https://catalogue.sicarx.cloud/product/265707ed-6e20-4238-8a4d-8c8b0033d23d
7501573908104,BIXEN 550mg (NAPROXENO) C/12 Tab,33,2,2,GENERICO,UNA FORMULA,3KKjHkwUb4pwZWXqUP2MRTlKNHE,https://catalogue.sicarx.cloud/product/b9aab7e1-1dcc-430a-a293-f035d5c9c331
7502259890331,LACTIV KIDS C/6 SOBRES,48,1,1,GENERICO,ESTOMACAL,3KKjHkwaQ5WvRhQrOfs1BXd0Mkp,https://catalogue.sicarx.cloud/product/545109c5-8f24-4063-8f3a-bfa47177d2b1
7501361123009,TALCO O-DOLEX VERDE 300g,36,2,2,PERFUMERIA,HIGIENE,3KKjHkxNTw2HuiBk21mK7jqBU2b,https://catalogue.sicarx.cloud/product/5140b385-5924-4a43-9993-59ce8e451ea2
TREDA,TREDA C/2 Tab,20,76,76,PATENTE,SUELTOS,3KKjHkxXOdaEqdcCKczrlX3CBs9,
7501573900245,WADIL 500/2.5 C/30tab,41,2,2,GENERICO,COMPUESTOS,3KKjHkxmgIRpjVlwMkV9nPH3SwB,https://catalogue.sicarx.cloud/product/9e6ff113-c251-4bb4-9b75-8e5d752836e2
7501054500063,CREMA NIVEA LATA 50ML,42,2,2,PERFUMERIA,HIGIENE,3KKjHkyBnfUjmNnM37awSQCvhAC,https://catalogue.sicarx.cloud/product/f561e04d-0b87-4372-aacf-350101c86745
650240013850,CREMA TEATRICAL AZUL 52g,43,2,2,PERFUMERIA,HIGIENE,3KKjHkyCpT0pya1gjMDYL1zSDCb,https://catalogue.sicarx.cloud/product/a49a56b4-865e-4934-acf6-a2199a712e01
7502006921950,FARMIVER PED 10ML,33,1,1,GENERICO,COMPUESTOS,3KKjHkyXv1ALT1fcRSo1x8J8RIS,https://catalogue.sicarx.cloud/product/ab3067d0-b01c-4804-99aa-bd30459b7fe8
7502001163232,RIDIN INF JARABE 120ml,42,1,1,GENERICO,COMPUESTOS,3KKjHkyngiS0vHtp35SavdhP6Aa,https://catalogue.sicarx.cloud/product/02610e4c-a606-4d7a-92be-568ce76f319c
7501573902584,SAROX 20mg (OMEPRAZOL) C/14 Cap,12,15,15,GENERICO,UNA FORMULA,3KKjHkz4jbsA01bFzRUO4QH942b,https://catalogue.sicarx.cloud/product/9f03c266-31e4-44bd-b00f-2dd1b800ceaa
7501048335169,AGUA OXIGENADA PROTEC 230ML,22,4,4,CURACION,CURACION,3KKjHkzmZkvZGIXNwcQz3Y76sTX,https://catalogue.sicarx.cloud/product/53661dd8-49d6-4236-8633-4937b1c30f87
7503004908875,ACARBOSA 50mg C/30tab ALPHARMA,67,1,1,GENERICO,UNA FORMULA,3KKjHkzoRNqD1pq1C3kzDNkGSn7,https://catalogue.sicarx.cloud/product/d1c823e6-afd2-429c-a8bf-3756200008c2
RECARGA10,RECARGA $10,11,,,RECARGAS,RECARGAS,3KKjHl08xKhdgcMVdBqlteuBhVp,
7502213042752,CLOFHIVEN 50 (BECLOMETASONA) AEROSOL,90,1,1,GENERICO,UNA FORMULA,3KKjHl09bYFyvKU4oGqOET7RM6b,https://catalogue.sicarx.cloud/product/77418d72-f43c-49fc-8268-0a9f397c2173
7501298217659,DOLO-NEUROBION C/3 INY 20%,600,1,1,PATENTE,PATENTE,3KKjHl0kHoY7aWJP5FDD6r3bIKo,https://catalogue.sicarx.cloud/product/442d6748-3f47-40b3-8660-ffec94810023
7502216793132,CLINDAMICINA 300mg C/16 CAP ULTRA,45,4,4,GENERICO,UNA FORMULA,3KKjHl0pV6Qoj5OQRfDfEKcfaFb,https://catalogue.sicarx.cloud/product/2b1ed692-6f68-4046-bd5a-a1ffde088207
7501552205736,PRABIOQUIM 1mg (PRAZOSINA) C/30 TAB,15,1,1,GENERICO,UNA FORMULA,3KKjHl13kwxf15eUBIfTaHPOBlw,https://catalogue.sicarx.cloud/product/9922ead4-8559-45fb-8c1f-27276d517252
7502227879597,TERVUTAN 500mg (OXITETRACICLINA) C/16 Cap,112,1,1,GENERICO,UNA FORMULA,3KKjHl17070hQkowIk3FSX5AbKZ,https://catalogue.sicarx.cloud/product/5dd29bb8-59e9-4785-8960-7cbb45b446ec
7501075723137,NOVAKOSID TAB (SENOSIDOS A/B) C/20,22,4,4,GENERICO,UNA FORMULA,3KKjHl1SD5g9P7aieb7bKTPJtp0,https://catalogue.sicarx.cloud/product/79b1e993-4b0c-4011-86dd-2c3b0fa1f1b8
7501027513014,EVENFLO PETS COLORES 8OZ,25,3,3,PERFUMERIA,BEBES,3KKjHl1VvyC6dhVpzuWs81mFcT0,https://catalogue.sicarx.cloud/product/e90dd507-e1ed-40ca-8c57-f0e04bf5b5db
7501088505430,SYNALAR SIMPLE CREMA 20G,168,1,1,PATENTE,PATENTE,3KKjHl21Yhf7uFpeBMprx0rPdYo,https://catalogue.sicarx.cloud/product/8bcb0613-df2c-4fa5-9e58-6751f1060095
7501048692286,VENDA MALLA ELASTICA #3 PROTEC,32,1,1,CURACION,CURACION,3KKjHl27fsyk6lnNjSFPWPRXSBE,https://catalogue.sicarx.cloud/product/0a72c203-3560-464f-808a-2b2070398063
7501125152566,SUPACID 20MG (PANTOPRAZOL) C/14TAB,47,1,1,GENERICO,UNA FORMULA,3KKjHl2IhdAgujLjDSHufF56TvY,
7506022315038,NAVONTEC 8MG C/3 INY,78,1,1,GENERICO,UNA FORMULA,3KKjHl2bjCLzA6T2nJa2aL18YSC,https://catalogue.sicarx.cloud/product/1282cbab-7013-4780-9bc2-5b77a51d221c
7502009745126,CEFAGEN 500mg (CEFUROXIMA) C/10 Tab.,213,2,2,GENERICO,UNA FORMULA,3KKjHl38mFzLyJjqiSHLu05FoKn,https://catalogue.sicarx.cloud/product/6bd1bf88-b67b-48bc-a6a7-e736ce4eff78
7501027513021,BIBERON FOREST 120ML,23,1,1,PERFUMERIA,BEBES,3KKjHl3CHzlQHMLPbTt4QPRtlNx,https://catalogue.sicarx.cloud/product/91e947e8-7449-4e91-a3c0-58f10b6e69b2
7501165000315,NEO-MELUBRINA JBE. 113ML 15%,155,2,2,PATENTE,PATENTE,3KKjHl3NlSQfLiVizsSfKy23z1O,https://catalogue.sicarx.cloud/product/020076dd-9b91-496a-adae-840e4659e826
650240032295,SUEROX IONES MORA 630ml,20,3,3,CURACION,CURACION,3KKjHl3iA1Pc5qS6TTumNY6Eloe,https://catalogue.sicarx.cloud/product/c708252f-8d0a-4f1b-b5fe-171448d6ed01
7501065024695,VOLTAREN DOLO 25MG C/10CAP,126,1,1,PATENTE,PATENTE,3KKjHl3urT7pSyDhiSWKqcGhohs,
7503002615645,KOILOCELL (POLIETILENGLICOL) 105G,68,1,1,GENERICO,UNA FORMULA,3KKjHl3zrkT3clkmzLb6VX12cYP,
7502304290284,PAROEX GUM USO DIARIO 300ML,102,2,2,PERFUMERIA,HIGIENE,3KKjHl4NQBNFCEBjAhREURlpRsW,
7501032918392,REPELENTE OFF ALOE CREMA 200ml,115,2,2,PERFUMERIA,HIGIENE,3KKjHl5gNCY5NMAWqEuzSSX3ndq,https://catalogue.sicarx.cloud/product/6abc5728-4f6f-4dfa-91f5-dbf3ff859e97
8801038123097,PERFILADORES C/3 Razor,21,5,5,PERFUMERIA,REBOTICA,3KKjHl66z0j2QaQlBHC0tJccPYr,https://catalogue.sicarx.cloud/product/6814cb8a-1eae-46be-a2a1-abca081604e2
7502211783657,ERBITRAX-T 250MG (TERBINAFINA) C/7 Tab,76,1,1,GENERICO,UNA FORMULA,3KKjHl691vj580yYxZMdMg27cba,https://catalogue.sicarx.cloud/product/bf052dff-4d19-445a-999b-87369cbac442
7501250882000,DERMODINE SOL (YODOPAVIDONA) 120ml,48,3,3,GENERICO,UNA FORMULA,3KKjHl696rx1YIjJuQVvwishlGw,https://catalogue.sicarx.cloud/product/256b1c54-7313-49f2-b1d5-3b825413a471
7501349021686,CLARITROMICINA 500MG C/10TAB AMSA,95,2,2,GENERICO,UNA FORMULA,3KKjHl6AIFvYPTywmOUcwp9VwYb,https://catalogue.sicarx.cloud/product/768c096c-c601-4a91-b336-d91206a6308f
7503001007212,VANMOXOL CAP C/12,31,1,1,GENERICO,COMPUESTOS,3KKjHl6khAZFT5l2tSovA8Y1qZa,https://catalogue.sicarx.cloud/product/7385ab8c-6d69-4c21-bf6b-e01e8537fa4f
7501027286000,OBAO OCEANIC BOLA 65G,39,1,1,PERFUMERIA,HIGIENE,3KKjHl6xCHH2GzCNvr8RUuQC0R6,https://catalogue.sicarx.cloud/product/88970b41-d0c5-4b28-afff-2ce029d55b4b
7794640660627,COREGA PASTA 20g 5%,89,1,1,PATENTE,OTC,3KKjHl7EsAEFquF2z5mVkoapeWz,https://catalogue.sicarx.cloud/product/1bcc5256-bf3f-4192-8584-9377b9af3e94
7503001007649,WAMINDEL 15ml (PARACETAMOL) GTS,14,2,2,GENERICO,UNA FORMULA,3KKjHl7nZ0UQwfXe2HejzEWfdRk,https://catalogue.sicarx.cloud/product/74bbb0ab-fae0-45f2-ac98-86ed69eeeff2
7509546000350,PASTA COLGATE TRIPLE ACCION 150ml,77,1,1,PERFUMERIA,HIGIENE,3KKjHl7xt3p0DhIOl2fantQDM4O,https://catalogue.sicarx.cloud/product/fdc15125-e516-43fe-872b-399c9eaf87c5
7501027278487,OBAO SUAVE BOLA 65G,36,1,1,PERFUMERIA,HIGIENE,3KKjHl84dH0ZR7zKePDAW1ALOod,https://catalogue.sicarx.cloud/product/b8b3b1e2-be31-4b51-a624-7f0e9afb399a
7502009741005,LARITOL EX TAB C/10,33,3,3,GENERICO,COMPUESTOS,3KKjHl8hCY1eeMWKaztO5dlGTSu,https://catalogue.sicarx.cloud/product/53e1b122-3837-4025-9021-daec357fe0fa
7502211780069,STOMFFLER PLUS JBE 120ML,75,1,1,GENERICO,COMPUESTOS,3KKjHl8qUWCDuXZsq53fL8nyhrl,https://catalogue.sicarx.cloud/product/616dee2a-4481-48c9-a566-a842e1a9d110
7500435019958,HEAD&SHOULDERS SHAMPOO RENOVADORA 180ML,45,1,1,PERFUMERIA,HIGIENE,3KKjHl96S5OUiYCCzpfbvj6wJmW,https://catalogue.sicarx.cloud/product/896ba2eb-2172-4ff1-844a-4f72c35c2362
75076252,AXE STICK DARK 45G,64,1,1,PERFUMERIA,HIGIENE,3KKjHl9F5ab7bYky4XoBhXqeRE7,
780083148584,AMPIGRIN GTS PFC 30ml,32,1,1,GENERICO,COMPUESTOS,3KKjHl9O9rn7KHnJGuzzGd4vNpw,https://catalogue.sicarx.cloud/product/84dba94f-96a3-4730-9490-2fdf3451113f
7501590281495,ALIGOMITAS C/60,90,1,1,GENERICO,VITAMINAS,3KKjHl9RcfUBexF4HEs5r00oaIf,https://catalogue.sicarx.cloud/product/c4529ab8-c6c2-4949-b8c6-df492bc5b4a6
75014032,SOLUTINA F GOTAS,130,1,1,PATENTE,OTC,3KKjHlBAtxJCC0x5ggiDi5VNFfD,https://catalogue.sicarx.cloud/product/2c6fe872-3030-48d0-b728-8260bd691abf
759684313172,MERTODOL BLANCO JALOMA 40ml,30,3,3,CURACION,CURACION,3KKjHlBgIwLcjzNpZyW2jedCVnm,https://catalogue.sicarx.cloud/product/f91e82d1-0113-4a2e-8bdb-3da09fe4dfc2
7501075727210,SUERO HYDRASOR LIMON C/1,15,6,6,CURACION,CURACION,3KKjHlC46JujYJByA2hLTO4OLoh,
7501471888096,CERETEC 75mg (CINARIZINA) C/60 Tab,42,3,3,GENERICO,UNA FORMULA,3KKjHlDmKsQsy0GYHDpvEDakuHK,https://catalogue.sicarx.cloud/product/2efaf093-c148-4be7-acd9-6aa59ce5e6fb
7502009740916,ERISPAN 8mg (BETAMETASONA) C/1 Amp,37,5,5,GENERICO,UNA FORMULA,3KKjHlDqDOYSdcTRcZ6pmHlxtU9,https://catalogue.sicarx.cloud/product/0906662e-8266-4a04-8309-2b760422f887
7502221187100,BRUT CLASSIC BOLA DESODORANTE 50G,52,1,1,PERFUMERIA,HIGIENE,3KKjHlEJPQR3iinMA2XDX1hv9ir,https://catalogue.sicarx.cloud/product/69e8fd31-5b08-4fe5-8001-8dbfbc01480a
7501471888393,TIAROTEC (TIAMAZOL) C/20 TAB,73,1,1,GENERICO,UNA FORMULA,3KKjHlEqYDjwdr7XcisFeJQzPJl,https://catalogue.sicarx.cloud/product/a6a84700-0439-4e41-8ef5-ffd63319622e
7791293028781,AXE AEROSOL BLACK 96g,60,1,1,PERFUMERIA,HIGIENE,3KKjHlEyHy39yh7TWUxRgJuKbh8,https://catalogue.sicarx.cloud/product/25557930-60b7-4847-8a98-ac4458b7a1d6
7501007532387,MICROLAX ENEMAS SUSP C/4,226,1,1,PATENTE,PATENTE,3KKjHlF9mo95uv5uNsrjqH0R6ZV,https://catalogue.sicarx.cloud/product/b2742b8c-7f25-4e71-b89f-d236a2371c3a
7501349024526,ATORVASTATINA 20mg C/10 Tab AMSA,19,3,3,GENERICO,UNA FORMULA,3KKjHlFZ8VD4Y0RMUTya7d6CbnG,https://catalogue.sicarx.cloud/product/1eb8dd51-773c-4b1b-be0a-7940795ae0bd
7501349024175,PIOGLITAZONA 30mg C/7 Tab AMSA,28,1,1,GENERICO,UNA FORMULA,3KKjHlFbyrxvDx0ymvvblRbogLk,https://catalogue.sicarx.cloud/product/6931f489-9ae6-4ceb-bdbb-dcbfd1bc8289
7502224511636,SILICA NARANJA 120ML SHINE,59,2,2,PERFUMERIA,HIGIENE,3KKjHlFd6Cq7gzkqnF8IIQ9BZN9,https://catalogue.sicarx.cloud/product/b961a6e8-68d3-48b9-9e72-1ed9d93320e0
7501825301820,DOLFORT-DE C/12 Tab,66,1,1,GENERICO,COMPUESTOS,3KKjHlFjkFpmtdttCXaGqYsxf1H,https://catalogue.sicarx.cloud/product/d142951d-079c-44c5-84ee-4913048c279f
7502009744839,VERSALVER (VALSARTAN) 80MG C/30TAB,129,2,2,GENERICO,UNA FORMULA,3KKjHlGLpjz4kQB1TQ3kGYkPmUP,https://catalogue.sicarx.cloud/product/72524694-a6dc-4495-a54e-d2f6468547a7
7501048333301,ALCOHOL 1000ML PROTEC,55,1,1,CURACION,CURACION,3KKjHlHTD3R5b2LjSuEbEdAUxkt,https://catalogue.sicarx.cloud/product/cd1d7eef-f9b7-45f2-bbbf-386a9a4f920f
7502216796331,NIFEDIPINO 30mg C/30 Tab ULTRA,72,1,1,GENERICO,UNA FORMULA,3KKjHlHWvPA0hjmuv2Qy62ov0uh,https://catalogue.sicarx.cloud/product/c0700f20-9b93-4d37-8404-620fd7c6324e
7501033954061,ENSURE CHOCOLATE 237ml,64,3,3,PATENTE,OTC,3KKjHlIYZs7FS3qf5lWteFAetbK,https://catalogue.sicarx.cloud/product/232d1898-dcc0-47e2-a353-6156905c9470
7502282730086,PEINE METAL PIOJOS TERMINATOR C/1,24,2,2,PERFUMERIA,REBOTICA,3KKjHlJFo4E42WpOEMS0FodAiSp,
7502274772827,ACIDO ACETILSALICILICO 100mg QUIMFA,18,5,5,GENERICO,UNA FORMULA,3KKjHlJTL0FW0oK6MsrH7hDH770,https://catalogue.sicarx.cloud/product/7ec42af2-0a57-4a5d-87cb-a86c85b9de34
7501563380187,BIOMISEN 40mg (FUROSEMIDA) C/20 Tab,14,3,3,GENERICO,UNA FORMULA,3KKjHlJbw9ThPe8Y5kvW4TxEISQ,https://catalogue.sicarx.cloud/product/20d3469c-0477-485e-942a-f5c74ff0dbec
7502009742392,DOLTRIX 125 C/20 Tab,111,1,1,GENERICO,COMPUESTOS,3KKjHlJlrNy5rHl8B9WaiUtPZkD,https://catalogue.sicarx.cloud/product/3e321b07-fc75-4f9a-ac8a-87dea6fa1d6f
7502240450711,PUNAB 100mg (LOSARTAN) C/15 Tab,34,2,2,GENERICO,UNA FORMULA,3KKjHlKoOCIAMuJjWncDToV5pKI,https://catalogue.sicarx.cloud/product/25c1a924-ee32-4957-abb2-4408bdb32791
650240015366,NASALUB ADULTO 30ML 5%,109,2,2,PATENTE,PATENTE,3KKjHlLFO1lQXnFtCaPkPUOzYSB,https://catalogue.sicarx.cloud/product/62d997a9-caf0-4762-957a-750ffc6f217b
7503001007137,MEXAPIN 250mg (AMPICILINA) Susp.90ml,25,4,4,GENERICO,UNA FORMULA,3KKjHlLmYCn6ZGLoy74dvDJnvXH,https://catalogue.sicarx.cloud/product/75b4bc7e-5349-47a0-bd96-96c96c6462fc
7501075717044,LAMBLIQUIN C/30 Tab,58,1,1,GENERICO,COMPUESTOS,3KKjHlLydL5D1nLgycL5pR1WyWn,https://catalogue.sicarx.cloud/product/177bf550-e79c-4bc1-878f-07ff4b53bb48
7501537182960,TRIBEDOCE C/5 INY,103,2,2,GENERICO,VITAMINAS,3KKjHlM6Tjr18jci3bl9PLrSuFk,https://catalogue.sicarx.cloud/product/37aba021-e070-4cd4-b0fd-cf39a216891b
7502009748448,CETILVER GEL (PIRFENIDONA) 10G,100,2,2,GENERICO,UNA FORMULA,3KKjHlMCTPQyXv8tyCyxSgPil8P,
7501103300057,ESPONJA EXFOLIANTE T.TAIO,21,2,2,PERFUMERIA,HIGIENE,3KKjHlMhS0cN1TzISUddt8MbETR,https://catalogue.sicarx.cloud/product/aa9325cb-c334-4710-af3d-889844095bcb
7509546009179,CREMA DENTAL COLGATE MFP 75ml,27,2,2,PERFUMERIA,HIGIENE,3KKjHlNMqKtI4x1NbYZWjKnPJjO,https://catalogue.sicarx.cloud/product/31dfda38-509d-4d9d-8562-ba473906cf9d
8801038200019,NAVAJA DORCO C/10,15,4,4,PERFUMERIA,HIGIENE,3KKjHlNqiiAWh0Iqa0HMyHmnVTw,https://catalogue.sicarx.cloud/product/37f64e58-ec70-45a2-8247-4d8b1730926c
75076276,AXE STICK FUSION 45G,64,1,1,PERFUMERIA,HIGIENE,3KKjHlO981nRw4QeS3TqYeEq0J9,https://catalogue.sicarx.cloud/product/27c20e3d-6d45-4f83-a86f-c1c5b34de45c
7501075714173,PRONTOL 100MG (METOPROLOL) C/20TAB,17,1,1,GENERICO,UNA FORMULA,3KKjHlOEsv6Fjod7PGUQ8ZIuU9f,https://catalogue.sicarx.cloud/product/2358d9b6-6c58-45d3-8f94-b18d6a20129a
7501058638083,CARLOS V ORIGINAL 18G,10,10,10,DULCES,CHOCOLATES,3KKjHlOstVGuERuLL7uxgbx5AxG,https://catalogue.sicarx.cloud/product/4f74e82f-58c0-4d07-ac9d-18c0f33d79a9
7501070600709,SYNCOL C/12 Tab 25%,97,1,1,PATENTE,OTC,3KKjHlPIjoaVwI8OxV1f6TruGkn,https://catalogue.sicarx.cloud/product/13199e11-be31-4a63-85a0-8cca06bf1fa6
7502216792647,DYLOFEN RETARD (FELODIPINO) 5MG C/20TAB,34,2,2,GENERICO,UNA FORMULA,3KKjHlQ5Cm4UZKIQVYNoJMJkgR2,https://catalogue.sicarx.cloud/product/08a2348b-4176-4081-850f-4fa13cdc5e70
7503000422191,PRESISTIN (CISAPRIDA) 10mg C/30 Tab,58,2,2,GENERICO,UNA FORMULA,3KKjHlR7qCQDHcX6KI0retOSaQY,https://catalogue.sicarx.cloud/product/31cfab17-46fc-4b9a-b5bf-96c05992aef4
COVID,PRUEBA COVID E INFLUENZA C/1 PRUEBA,180,2,2,CURACION,CURACION,3KKjHlRE6Ug2fFK7RrLm7TAQqOM,
7502009740305,LARITOL SOL (LORATADINA) 60ml,30,3,3,GENERICO,UNA FORMULA,3KKjHlRNxqglSMWYwlz1BxMkryW,https://catalogue.sicarx.cloud/product/f7347a2c-d012-478e-bf61-0f88084342cd
7509546060460,LADY SPEED STICK POWDER 45G,66,2,2,PERFUMERIA,HIGIENE,3KKjHlRmvw4ofi5KK6x930PlrWR,https://catalogue.sicarx.cloud/product/85d29ec1-0f5a-446f-9dfe-2024e4e9f442
7501825300717,PROXALIN PLUS SUSPENCION,59,1,1,GENERICO,COMPUESTOS,3KKjHlS4ykl95RVvNd35KRTlv28,https://catalogue.sicarx.cloud/product/bc640271-fd00-4146-9b66-a6980aa12e55
7503001007694,WEXPEC SOLUCION 120ml,26,1,1,GENERICO,COMPUESTOS,3KKjHlSMaBNlKBr4cdPI6Lesv5n,https://catalogue.sicarx.cloud/product/ec99530f-e68c-4690-a24d-7c14a5f5a684
4005808305766,NIVEA MEN SILVER PROTECT AEROSOL 150ML,75,1,1,PERFUMERIA,HIGIENE,3KKjHlT82nFguUlFYTaU10bjjCz,https://catalogue.sicarx.cloud/product/66994e3b-98a5-4254-af9f-6415c81a3d91
7501314704187,SENOCIAN BB C/10 SUP 10%,83,1,1,PATENTE,OTC,3KKjHlTZNsLvKrjnoQsfbVDWN9d,https://catalogue.sicarx.cloud/product/abb9c313-ac7a-41cb-bae5-d2c2b4a16255
7501349025271,BENCILPENICILINA COMPUESTA C/1 INY AMSA,44,3,3,GENERICO,UNA FORMULA,3KKjHlTq5Kdo8FMuMif6VpVW7dY,https://catalogue.sicarx.cloud/product/34121c39-6c10-4282-961e-5c999664281a
7502216797376,PIROXICAM 20mg C/20 Tab ULTRA,17,3,3,GENERICO,UNA FORMULA,3KKjHlUDugdwBjmJc0FtWPXCY6J,https://catalogue.sicarx.cloud/product/5db108d9-50b2-4206-b836-40e6996c13d8
7501035911017,PASTA COLGATE 150ML,79,2,2,PERFUMERIA,HIGIENE,3KKjHlUIr7fqqxdRCRwlfPdNeG0,https://catalogue.sicarx.cloud/product/ba6a43d8-d065-4dd9-a670-b94d113dae8a
7590002046234,PANTIPROTECTORES NATURELLA MANZANA C/40,53,2,2,PERFUMERIA,HIGIENE,3KKjHlUp7r7SILP8aJ1vMAseene,https://catalogue.sicarx.cloud/product/50689682-b7a6-438c-a3b5-2b7c2c37ecb1
7501109760671,PARACETAMOL 650MG C/24 TAB QUIFA,32,1,1,GENERICO,UNA FORMULA,3KKjHlVQjpC1OM6t3ZC58KVQjou,https://catalogue.sicarx.cloud/product/8c84f282-de88-461a-b638-72b47f97231e
7501017364558,KOTEX NOCTURNA C/10 ALAS,33,3,3,PERFUMERIA,HIGIENE,3KKjHlWAOZuMDNxV7qnyno9bp0q,https://catalogue.sicarx.cloud/product/4aab635a-b47d-4686-a44b-060d9c992b00
780083140922,AMPIGRIN AD C/3 INY,117,2,2,GENERICO,COMPUESTOS,3KKjHlWS2T2OrrdIDKigU2JUExL,https://catalogue.sicarx.cloud/product/39c71242-ce06-4a94-a602-dc61e567b69b
714706903403,BRONCO FRESH MIEL-EUCALIPTO C/9,15,1,1,PERFUMERIA,SUELTOS,3KKjHlWSUbly5DopNBUGRYTUfIk,https://catalogue.sicarx.cloud/product/766be999-eb25-43d6-a11a-f90e6f04ceb4
7501361124013,TALCO O-DOLEX AZUL 150g,24,1,1,PERFUMERIA,HIGIENE,3KKjHlWTSHEWsKl7ZOO7O2oDZ0u,https://catalogue.sicarx.cloud/product/016de271-a6a5-4ba3-bbb7-22e702d849c2
780083140595,PLUSGEL 360ml,84,1,1,GENERICO,ESTOMACAL,3KKjHlWf9cZh1uuHXAbwaYfX1Wx,https://catalogue.sicarx.cloud/product/22257235-0f0c-46c3-be59-4b89b3e3c9ad
650240024931,NIKZON MASTICABLES C/40TAB,220,1,1,PATENTE,PATENTE,3KKjHlXKatRZx0TsMIJSwYXVgo1,https://catalogue.sicarx.cloud/product/878ca7fd-ea07-4be1-b706-6b62991f6b17
75080938,ASPIRINA C/10 Tab,15,6,6,PATENTE,OTC,3KKjHlXTbP3Cnd8KIo7pVthJC9j,
7501008427330,BEPANTHEN POMADA 100G 10%,195.47,1,1,PATENTE,PATENTE,3KKjHlYL9FCJe40Bc6m2MtIbXha,https://catalogue.sicarx.cloud/product/c4618eb6-6471-49b7-bde6-ee20f27847c8
6959554908086,CEPILLO Y ESPEJO PLASTICO,28,1,1,PERFUMERIA,REBOTICA,3KKjHlYa2vvZV3fxofV9QTAZmR1,https://catalogue.sicarx.cloud/product/0a574c4c-e4e0-41a3-9857-7afe2600dd68
7502280170129,PERILLA #3 ARFARM,36,1,1,PERFUMERIA,BEBES,3KKjHlYaX8ysLG9ieUpBWCX7vzd,https://catalogue.sicarx.cloud/product/56943cc6-0015-4146-acff-bab0e6ff9ac1
7503003134695,ANFLATOX 7.5MG (MELOXICAM) C/14TAB,14,3,3,GENERICO,UNA FORMULA,3KKjHlYc85fpDxtCZbfEU3DXNH2,https://catalogue.sicarx.cloud/product/9f39b4e1-6cfd-4fb1-bb9f-199d710a2f48
7502009749452,DAIMANT (RIMANTADINA) 100MG C/14CAP,87,2,2,GENERICO,UNA FORMULA,3KKjHlZY5fe7bVtQvgoBOgHuuYE,
7896090611669,PASTA SENSODYNE DEEP 90G,84,1,1,PERFUMERIA,HIGIENE,3KKjHlZhJ4Vp14GjQiEzewYZuMc,
7501825300373,ESPABION SUSP (TRIMEBUTINA) 100ML,71,1,1,GENERICO,UNA FORMULA,3KKjHlaL11UBKCKjn8gTEtoCv3O,https://catalogue.sicarx.cloud/product/e2b75c82-2937-42c4-b8da-aa27b493a08d
7501019006296,SABA ULTRA INVISIBLE C/10,34,4,4,PERFUMERIA,HIGIENE,3KKjHlagA7Qr35FxA4MfvA7oytt,https://catalogue.sicarx.cloud/product/fdaefb41-5edd-47fa-a6cc-2f1f76efe1e3
7501075717020,GLUNOVAG 850mg (METFORMINA) C/30 Tab,27,6,6,GENERICO,UNA FORMULA,3KKjHlb1WJTavQuhwObMumbGO1O,https://catalogue.sicarx.cloud/product/438c67b6-9ba4-468f-a0a2-cedaf41d27a5
75000950,CREMA NIVEA 20ml LATA,19,5,5,PERFUMERIA,HIGIENE,3KKjHlc6TojO5K6MivvZSh0PpE3,https://catalogue.sicarx.cloud/product/60952cb5-5182-4e84-9def-efbde09238fe
7502211788690,DIOTEXONA (DIMETICONA) 10g Gts.30ml,57,1,1,GENERICO,UNA FORMULA,3KKjHlcC4EPHCoHpbf6KRpGrfeF,https://catalogue.sicarx.cloud/product/8b62e704-8143-4c37-9304-d583c1559ad4
7502280170150,PERILLA #6 ARFAM,46,1,1,PERFUMERIA,BEBES,3KKjHlcZ5BhPkgp7XFgrToEHONp,https://catalogue.sicarx.cloud/product/0f1b716a-0fc1-432b-94dd-a0da0ab18d9f
7501056342258,SEDAL CREMA P/PEINAR RESTAURACION 135ml,23,1,1,PERFUMERIA,HIGIENE,3KKjHldsxudY8zANmdRjBdLmupb,https://catalogue.sicarx.cloud/product/6b9f66a2-5c37-4a39-9f2b-4ea40d6c7217
7502227875513,ONTRONON 5mg (MONTELUKAS) C/3 Tab,65,1,1,GENERICO,UNA FORMULA,3KKjHleSn5LbxTok4yx5qTKQwdP,https://catalogue.sicarx.cloud/product/fa8a3511-cdc8-4fe7-91c6-6fd6654c3b6b
785118752415,DALATINA GEL (CLINDAMICINA) 30g,49,1,1,GENERICO,UNA FORMULA,3KKjHleY6zjL4Ihjwv5ij4zFMEq,https://catalogue.sicarx.cloud/product/0556f3d1-d680-4f46-818b-697f7091b276
7501102614001,KOLA LOKA GOTERITO,30,2,2,PERFUMERIA,REBOTICA,3KKjHlehUnevXg7IvvOF3xBhc7P,https://catalogue.sicarx.cloud/product/51d51bcc-58da-4161-b438-fccb6fa9fb9a
7502216800984,ACEMETACINA 90mg C/14 Tab,80,2,2,GENERICO,UNA FORMULA,3KKjHlfR9H9GWqqUfrUvPMSe4el,https://catalogue.sicarx.cloud/product/021e0b11-eef0-4b1d-a48b-c003daf3c70a
7509546682273,PALMOLIVE NATURALS FRUTOS DEL BOSQUE 120G,22,1,1,PERFUMERIA,HIGIENE,3KKjHlfSWzuAiIqsd1l96rqaIHy,https://catalogue.sicarx.cloud/product/c4bf53a1-bae1-4a78-8625-4e5174bee84e
070942125352,KIT DE ORTODONCIA GUM,167,2,2,PERFUMERIA,HIGIENE,3KKjHlfXoIwNm9wi9M5hqwGbVqs,
7502223112346,HISTAPHARM (DESLORATADINA) 5mg C/10 Tab,35,5,5,GENERICO,UNA FORMULA,3KKjHlg9WVBUxuKZkS096ju8BQm,https://catalogue.sicarx.cloud/product/f46f35d8-e365-49e7-ba8d-caa2cabb7590
7502216930414,AVAPENA 25mg C/20 Tab 15%,300,1,1,PATENTE,PATENTE,3KKjHlgbjkjzKTD0EF3dJ2PLluT,https://catalogue.sicarx.cloud/product/b53b5b5a-d414-4d55-bfb5-941b8136e5a2
7501250882024,DERMODINE BUCOFARINGEO 120ML,48,2,2,GENERICO,UNA FORMULA,3KKjHlgmdSu4dfnp1eTP4jIcK98,https://catalogue.sicarx.cloud/product/d6d8dc12-ebef-4d91-afd8-cac98d23d5d0
42332886,NIVEA MEN BARRA SILVER PROTECT 50G,68,1,1,PERFUMERIA,HIGIENE,3KKjHlgmrKhVl0rMg6FpuJdXd1K,https://catalogue.sicarx.cloud/product/2981efd4-25eb-4a62-81d4-fd118c3cbdf3
7501537101961,BRUDEX JARABE (DEXTROMETORFANO) 120ml,30,2,2,GENERICO,UNA FORMULA,3KKjHlh608SK6f3gfDDNxgMzvvv,https://catalogue.sicarx.cloud/product/191f653a-9139-4529-8ba4-ef904055c3d3
7702031244493,CREMA LUBRIDERM HUMECTACION DIARIA 200ml,60,2,2,PERFUMERIA,HIGIENE,3KKjHlhNY06RrUwtp8xXJwqaup1,https://catalogue.sicarx.cloud/product/d58d1474-caed-4217-87d4-ad81cec2688d
CUBREAZUL,CUBREBOCAS AZUL C/3,5,30,30,CURACION,CURACION,3KKjHlhWXKiS6QF9aR2PDA8s23v,
7501033958717,ENSURE ADVANCE VAINILLA,66,3,3,PATENTE,OTC,3KKjHli3LnS5Ug0YGz5IkHvowNz,https://catalogue.sicarx.cloud/product/d731f82a-6bf6-4c7c-a7e3-f8bc2b184b9f
7501088507908,SUMA-B C/5 Iny,365,1,1,PATENTE,OTC,3KKjHliGZDNtF1hhcF8V4eEI0ZU,https://catalogue.sicarx.cloud/product/4b1ff2e7-966a-45d6-ba74-7f0516d1bf12
RECARGA70,RECARGA $70,71,,,RECARGAS,RECARGAS,3KKjHljdbKhd3kvqlwypyhGBj9z,
7502280170624,PERILLA #2 ARFAM BOLSA C/1,32,1,1,PERFUMERIA,BEBES,3KKjHljokE8uM3mtQbSdsUeO8cU,
7501349021945,VALACICLOVIR 500MG C/10TAB AMSA,260,1,1,GENERICO,UNA FORMULA,3KKjHlkQwbwjq9JrvkiS2p54THi,https://catalogue.sicarx.cloud/product/97a7a425-b2db-4084-9e89-ccfe85f7ce65
7503008344716,LA FEMME C/30 Cap,139,1,1,GENERICO,VITAMINAS,3KKjHlm8KgKmE6OTwnhcLWU35zL,https://catalogue.sicarx.cloud/product/1adee4ba-9f5b-4d64-a9f9-0fef38757322
75076399,REXONA CONTROL BARRA 45g,60,1,1,PERFUMERIA,HIGIENE,3KKjHlmPuasFXItbk5e5eUU738B,
7502009743948,QUERYABA C/30 Tab,42,2,2,GENERICO,VITAMINAS,3KKjHlmdT6Imqge9AUgmGNVrvm4,https://catalogue.sicarx.cloud/product/7905efc1-c82b-41bb-a1e0-ec26c21dc7cd
7501023108887,MICROPORE CAFE 1/2 NEXCARE,20,17,17,CURACION,CURACION,3KKjHlmlYADoYba7Y0HwfA75yVp,https://catalogue.sicarx.cloud/product/7df6b000-dcec-49b6-aa6b-69a4ac0db78e
7501056326166,CREMA POND´S AZUL 200g,112,1,1,PERFUMERIA,HIGIENE,3KKjHlmn3kxQye8sOJ7Lr0dbHXg,https://catalogue.sicarx.cloud/product/d357eec4-bfe8-4345-8274-6c7a120a7e1c
75917265,OLD SPICE FRESH DESODORANTE ROLL ON 52G,55,1,1,PERFUMERIA,HIGIENE,3KKjHlnKUpfYsA5WY71qhcX4p9j,https://catalogue.sicarx.cloud/product/9d016033-9c18-4343-bcff-5ef9519d8ae7
7502235820369,HILO DENTAL EXPANDING GUM,25,1,1,PERFUMERIA,SUELTOS,3KKjHlnN6YmT8xosNPYaYj445Xd,https://catalogue.sicarx.cloud/product/2321f7ed-6206-45d6-8122-e9efa9af6e82
7502213042639,"GINFHLUZIL C/10 OVULOS (FLUOCINOLONA, METRONIDAZOL, NISTATINA)",62,1,1,GENERICO,UNA FORMULA,3KKjHlnU8oigct2ny8nvqI67ILq,
7702018072439,RASTRILLO VENUS MUJER C/1,27,5,5,PERFUMERIA,HIGIENE,3KKjHlo4cBQXFFXQnV37Mkdr6qJ,https://catalogue.sicarx.cloud/product/99d9fd57-bb3d-48f7-9439-1f3ff9696317
7501836010087,REALDRAX-MXD C/10 Tab,68,1,1,GENERICO,COMPUESTOS,3KKjHloloVoOdyC8MivMC9H5yeL,https://catalogue.sicarx.cloud/product/23f49bc4-cd9f-4c17-8d9d-fad9efd186fe
7501048696802,VENDA VENDALASTIC 30cm,38,7,7,CURACION,CURACION,3KKjHlp7Ae6845wB3wSBU7STddE,https://catalogue.sicarx.cloud/product/aa720212-18d6-4468-8303-ce62720b23ab
7501065628121,POMADA CAMPANA 19g,19,3,3,PERFUMERIA,HIGIENE,3KKjHlpOiNOHXkHuXbiwxyVd8Rc,https://catalogue.sicarx.cloud/product/80e91f53-6e6e-438d-a2f9-665f4114c4ac
7502009745539,LUMBOXEN ROJO GEL 35g,64,1,1,GENERICO,COMPUESTOS,3KKjHlr0f52RdWEYZ0xYNrwFXx1,https://catalogue.sicarx.cloud/product/070abd96-4eea-472e-8912-5ee3b7bd8cc4
7501075727203,SUERO HYDRASOR NATURAL C/1 SBR,10,24,24,CURACION,CURACION,3KKjHlrMiuhnlxSHQrMs4PMHTHR,
7501836003621,PRECICOL GOTAS 20ml,59,2,2,GENERICO,COMPUESTOS,3KKjHlrRKzfMCqtMmZTaeTEWUhs,
7501102614322,KOLA LOKA BROCHA 5G,34,4,4,PERFUMERIA,REBOTICA,3KKjHlsFFhkrpTNIPfgezVXWVRP,https://catalogue.sicarx.cloud/product/6ef92ea4-85d1-4c04-aadb-791c5a57ecb4
650240013911,TEATRICAL CREMA ROSA 230G,95,2,2,PERFUMERIA,HIGIENE,3KKjHlsl6klcwirOEAxVzWkU1vR,https://catalogue.sicarx.cloud/product/72125a3e-129c-40ab-beeb-192468c52bab
650240050398,ALLIVIAX C/20 TAB 5%,120,2,2,PATENTE,OTC,3KKjHluFe4tlYmKWhYVGne7MD1p,https://catalogue.sicarx.cloud/product/db217f09-bec3-4be6-9d9c-6d8add6455a6
CAFI,CAFIASPIRINA C/10 TAB,19,9,9,PATENTE,OTC,3KKjHluSCN3kZPqYVSHcskoyHjn,
SANITAS,SANITAS HOJA DOBLE KIMBERLY CLARK,20,3,3,PERFUMERIA,HIGIENE,3KKjHluXiqpVf8RTjghcR3ALumE,
7501563380163,FUMARATO FERROSO 200mg C/50 Tab BIORESEARCH,22,3,3,GENERICO,UNA FORMULA,3KKjHlv2fpmBeAamExorPmfEyaf,https://catalogue.sicarx.cloud/product/afc9e103-ebb5-484c-aa58-7015a80142d3
7501065000835,THERAFLU RESFRIADO NOCHE LIMON C/1 15%,25,6,6,PATENTE,SUELTOS,3KKjHlwQ3t6cVJl1l9Ww8X14NKv,
780083140731,VENGESIC C/20 GRAGEAS,60,1,1,GENERICO,ESTOMACAL,3KKjHlwcnaUc5F7cpiKQXYMMMgu,https://catalogue.sicarx.cloud/product/4713b301-b2ea-40c6-92ca-3bab39489601
7501349027787,ETORICOXIB 90mg C/14 Tab AMSA,77,2,2,GENERICO,UNA FORMULA,3KKjHlwiMnqTOFcbdulgSt7wrhd,https://catalogue.sicarx.cloud/product/64eadc98-c2d2-4bb8-aa32-c0a65fc791b6
7500462746612,AJOLOTIUS S/AZUCAR 250ml 10%,117,1,1,PATENTE,OTC,3KKjHlwjypbiCjmZhmmZQatqApf,https://catalogue.sicarx.cloud/product/68afb02a-db55-448f-8820-a16a47350269
7503001007175,VALCLAN 250mg SUSP,47,2,2,GENERICO,COMPUESTOS,3KKjHlwqbdtHVty0ozx3g3wbiGS,https://catalogue.sicarx.cloud/product/78d6c342-bc17-41b3-87bb-ae933858e3fd
7501349021440,AMIKACINA 500mg C/1 Inyeccion AMSA,25,2,2,GENERICO,UNA FORMULA,3KKjHlx5EXUg9459ovF3fpfeKbJ,https://catalogue.sicarx.cloud/product/cb645f07-9569-4082-bda5-464e6d8daadf
7502006923572,DRAFEN JBE (DIFENHIDRAMINA) 120ML,34,1,1,GENERICO,UNA FORMULA,3KKjHlxBkEAbIEwU9XKqRVNcFwg,https://catalogue.sicarx.cloud/product/48e86a46-635f-400e-85e8-f77213bef3b2
736085278507,MANZANILLA GOTAS SOPHIA 15%,89,1,1,PATENTE,PATENTE,3KKjHlxZMBKLUjRaCSXT1CQwiFU,https://catalogue.sicarx.cloud/product/386c0cd5-31f1-4c13-870f-a52d3bb5f426
7502211780687,NEOSEDAL (METAMIZOL) JARABE 120ml,37,2,2,GENERICO,UNA FORMULA,3KKjHlydLGIsFO9MZgsRfBgxVoK,https://catalogue.sicarx.cloud/product/da589463-8f99-428f-a79d-bdae0ef5d62f
7502274792375,DEIXEDOL 500MG (CIPROFLOXACINO) C/14TAB,32,1,1,GENERICO,UNA FORMULA,3KKjHlykTubkVQnEimWNro0yqGr,
7501065028785,MEJORAL 500mg C/12 Tab 15%,41,1,1,PATENTE,OTC,3KKjHlynHVsqhUPASuj4tfVTw7q,https://catalogue.sicarx.cloud/product/fbc4932c-711f-4f37-9eda-4aa74ffa0e9f
7501125100116,SUERO CLORURO SODIO 250ml PISA,42,2,2,CURACION,CURACION,3KKjHlzNP1501rDDPBUrc9RvWOR,https://catalogue.sicarx.cloud/product/246adf1c-465e-4ef6-880a-d00f39439eed
7502009741302,CEFAGEN 125mg (CEFUROXIMA) Susp.50ml,82,1,1,GENERICO,UNA FORMULA,3KKjHlzXG5RoRy4Md3bIVPxYMlY,https://catalogue.sicarx.cloud/product/2004484f-b4b8-4f6a-95ec-88313c0de3b5
7501065054043,TUMS C/10 Tab C/3,48,2,2,PATENTE,SUELTOS,3KKjHm0ARyVl4gVUo8DyoZYjsFq,https://catalogue.sicarx.cloud/product/523be12e-c92c-48f5-a254-522dc118ec45
7506022300775,JERINGA 3ml NEGRA SENSI,4,100,100,CURACION,CURACION,3KKjHm0Q4n2C1AXRAm1vVLnVT5G,https://catalogue.sicarx.cloud/product/48d38bb4-4dce-4c92-85ae-33d231318acf
7502009749100,ORFEOX 150mg (PROPAFENONA) C/20 Tab,58,1,1,GENERICO,UNA FORMULA,3KKjHm17RnsISV95Y25fe0Pjzmb,https://catalogue.sicarx.cloud/product/a5d92e31-cfa4-413b-b3e8-7fe4fea2f6b0
7501349011007,AMCEF (CEFTRIAXONA) 500mg C/1 Iny,29,5,5,GENERICO,UNA FORMULA,3KKjHm1KMTMB0E25xar8yd7s3Q6,https://catalogue.sicarx.cloud/product/aa7314e1-1812-4528-b0f1-2ad35824a566
7501088505126,NEURALIN C/1 Iny 15%,196,1,1,PATENTE,PATENTE,3KKjHm1YdD7nIKKqQHzpM5fUlxx,https://catalogue.sicarx.cloud/product/5711c4f3-bc4a-4f1f-af08-95fb8bd98325
7502216802964,ARIFLAM (DICLOFENACO) 100mg C/20 Tab,18,10,10,GENERICO,UNA FORMULA,3KKjHm3JKePP6phBNbWXt0zjTRy,https://catalogue.sicarx.cloud/product/b098ffc6-8d83-4b28-883e-cae5a8dc9c5a
TERRA,TERRAMICINA C/1,19,85,85,PATENTE,SUELTOS,3KKjHm3fS0GnfoL97GBIrYRrXQV,
7502216806474,LEVONORGESTREL 1.5mg C/1 TAB ULTRA,23,6,6,GENERICO,ANTICONCEPTIVO,3KKjHm3sNMH9xOH3G4P14Pdndpz,https://catalogue.sicarx.cloud/product/f8b75355-6673-4894-8a8f-29086c5db9e1
714908105940,TAFLAVIX C/40 TAB,129,1,1,GENERICO,VITAMINAS,3KKjHm47rbNtuMn4XkZ2Cdoxqxn,
5000174305449,FIXODENT ORIGINAL 47G,126,1,1,PATENTE,OTC,3KKjHm5AoaWCCZ1hEsLiJrTB2tj,https://catalogue.sicarx.cloud/product/b46a68df-dca6-4cf3-a962-c030600a6bf3
7502227876848,OFELICON 15/215mg C/10 CAP,43,1,1,GENERICO,COMPUESTOS,3KKjHm5BOsBWMVs2em9X1GA3wmu,https://catalogue.sicarx.cloud/product/4ff0ba8b-537a-4206-b737-fe7025cae51d
7501033960499,ENSURE ADVANCE FRESA 237ml,67,2,2,PATENTE,OTC,3KKjHm5KBBtsiskzUMOagbCZZiV,https://catalogue.sicarx.cloud/product/9c827d27-066b-4df7-be7b-c7098adf913e
7501075717013,GLUNOVAG 500mg(METFORMINA) C/60 Tab,28,6,6,GENERICO,UNA FORMULA,3KKjHm5nMzxSsKtMW4ARCpbyd8t,https://catalogue.sicarx.cloud/product/fba3a909-570c-4104-bfc3-4b33c4c25f07
7502009740794,LINCOVER 500MG (LINCOMICINA) C/16CAP,82,1,1,GENERICO,UNA FORMULA,3KKjHm5pswNPAe7ywLLKkQjqvTx,https://catalogue.sicarx.cloud/product/818e542b-b345-4392-9c5a-e29faf383edc
3311000000356,AGUA BIDESTILADA 1000ml MERCURIO,37,3,3,CURACION,CURACION,3KKjHm6npKgKUp1mLIBKiZ3zGhf,https://catalogue.sicarx.cloud/product/43fdbb7d-f673-42cd-937e-c805291ca7cc
7500435218665,SHAMPOO HERBAL ESSENCES TE VERDE 600ML,130,1,1,PERFUMERIA,HIGIENE,3KKjHm6r9Ep1FnwG6fpXHc5q5FJ,https://catalogue.sicarx.cloud/product/71b203fd-45b1-442b-9c7d-f503c7180dba
7237079290770,ODLIVIR CREMA (ISOCONAZOL) 1G C/20G,39,1,1,GENERICO,UNA FORMULA,3KKjHm6uPyHhDdhQKlr0fEKM1uN,https://catalogue.sicarx.cloud/product/62ad3016-7c99-452d-9ae0-536f55e38679
7501075721249,NATRAZIM 40mg (TELMISARTAN) C/14 Tab,31,3,3,GENERICO,UNA FORMULA,3KKjHm77LfGLIas4o6zrloWntPc,https://catalogue.sicarx.cloud/product/e425d2e5-2a4e-449e-968f-a1411f3f9466
7502211780359,AFLUSIL SUSP (IBUPROFENO) 120ml,28,4,4,GENERICO,UNA FORMULA,3KKjHm7JP3qdAEjVrtDBc52vjcV,https://catalogue.sicarx.cloud/product/818d367d-cd26-4c14-bf1c-17a0abf44f42
7501384550103,SITAGLIPTINA/METFORMINA 750/50MG C/56 TAB NEOLPHARMA,270,1,1,GENERICO,COMPUESTOS,3KKjHm7iO33KG6ITzZX9WqtTdgC,
7501349024939,PAROXETINA 20mg C/10 Tab AMSA,26,2,2,GENERICO,UNA FORMULA,3KKjHm88Z3iDG11hFKIMhUTJUyl,https://catalogue.sicarx.cloud/product/aa7c6e17-7da2-4c1a-9843-0cde7dc2f9ac
7509546036175,PASTA COLGATE MPA 100ML,39,1,1,PERFUMERIA,HIGIENE,3KKjHm89yyosCIC1i6ui5MnbP2H,
7502003381672,DIZOLVIN FLUX JBE 120ml,62,1,1,GENERICO,COMPUESTOS,3KKjHm8GywfyrvYl6LGiVxILlHR,https://catalogue.sicarx.cloud/product/ab4e704b-395c-461c-a456-c7296bd6cf5d
7506022313515,JERINGA INSULINA 1ML SENSI,5,178,178,CURACION,CURACION,3KKjHm9iqqskVkBmTJy6MF50HLw,
7501349028050,SALBUTAMOL 10ml Nebulizar AMSA,60,1,1,GENERICO,UNA FORMULA,3KKjHmAIgJ97pnpSNuUJ5sX1Hlx,https://catalogue.sicarx.cloud/product/2a18a25b-4714-4095-89e6-dd98c089250d
7501573904779,DIONIXOL 100mg (SILDENAFIL) C/1 Tab,9,11,11,GENERICO,UNA FORMULA,3KKjHmAmO7ki7d6yDm1FfmwKXdP,https://catalogue.sicarx.cloud/product/5e41fffd-1e7e-44b7-9545-00fe073efd88
RECARGA100,RECARGA $100,101,,,RECARGAS,RECARGAS,3KKjHmAnEFagCH3J7OkGLUetDDq,
20800753067,PEPTO-BISMOL SUSPENSION 118ML 5%,169,1,1,PATENTE,OTC,3KKjHmCsZ8XMft7KubaokTIQbdr,https://catalogue.sicarx.cloud/product/85ec28fe-0808-4537-b58e-8151a6bda6c3
7503001007144,MEXAPIN SUSP 500mg Susp (AMPICILINA),36,2,2,GENERICO,UNA FORMULA,3KKjHmDCb3k6HDWJLIpktRuAVOS,https://catalogue.sicarx.cloud/product/0a74be82-f1ce-41c1-802b-03a2874cf952
7502009749636,BASILCOR 5MG (BISACODILO) C/10TAB,15,5,5,GENERICO,UNA FORMULA,3KKjHmDdsUzHUs1DKCuNBTHBAbo,
7502003388077,VOMISIN GTS (DIMENHIDRATO) 25mg 15ml,65,1,1,GENERICO,UNA FORMULA,3KKjHmDnW9tq9rR5dGbSLpbXF7i,https://catalogue.sicarx.cloud/product/1b4e49c9-d2d2-4e61-ba6d-ae9bfb289f75
7501943489165,JABON LIQUIDO ESCUDO NEUTRO 225ML,33,1,1,PERFUMERIA,HIGIENE,3KKjHmEDN75BC2gAaE5sZwStwWh,https://catalogue.sicarx.cloud/product/9e650894-3bd4-4b68-8f55-875675ac8e5a
7501349021860,CLINDAMICINA 600mg C/1 Iny AMSA,31,3,3,GENERICO,UNA FORMULA,3KKjHmEYWEhr0F6kDuFIcZDPLpU,https://catalogue.sicarx.cloud/product/d12a40ea-8c08-4d2d-a9b1-20e18eadd5f6
7502270360394,BABY ACEITE NEWDERMA 130ML,25,2,2,PERFUMERIA,BEBES,3KKjHmFn7G2B7BBjkCglIBu2eyU,https://catalogue.sicarx.cloud/product/4fd09316-3f35-4a7b-9e41-a65129fb89e2
7502009745928,BENEVENTOL C/3 (CEFIXIMA) 400mg CAP,167,1,1,GENERICO,UNA FORMULA,3KKjHmFoXnKzxDaNBugvzPWF7oy,https://catalogue.sicarx.cloud/product/edf37542-29fc-4c62-b022-4eabf0e4dcb3
3311000003364,ACIDO BORICO 10 GR,5,50,50,CURACION,CURACION,3KKjHmG8P11pcmcamfSc9PHDGNu,https://catalogue.sicarx.cloud/product/309e27cf-0ef6-4b54-837a-9be6fddbf012
7791293032429,REXONA HAPPY AEROSOL 150ML,70,1,1,PERFUMERIA,HIGIENE,3KKjHmGT1SbzOaWKxdA7eByK1lf,https://catalogue.sicarx.cloud/product/6551154f-8d4e-4ce0-a3d3-30c323fd7574
7509546000985,CREMA COLGATE TRIPLE 75ml,25,2,2,PERFUMERIA,HIGIENE,3KKjHmGWNp6s2TBgYTC9IpRtQe0,https://catalogue.sicarx.cloud/product/08088c6d-9600-44d9-9fbd-0e4e47344d9a
7502227427910,DIFENHIDRAMINA 25MG C/24CAP GELPHARMA,33,3,3,GENERICO,UNA FORMULA,3KKjHmGj2FPHsfuxgzdgSWWQgPy,
7506135301478,TERMOMETRO DIGITAL,38,5,5,CURACION,CURACION,3KKjHmHbQmMVB099FA09DHbI3FQ,
7502009740442,KLARIX 250mg (CLARITROMICINA) C/10 Tab,74,1,1,GENERICO,UNA FORMULA,3KKjHmICUJ4Wf4loSjK9hzb5sxN,https://catalogue.sicarx.cloud/product/4da93076-e0fc-4ef6-8308-1be84964197b
7502009749414,RACECADROTILO 30MG C/18 SOBRES MAVER,126,1,1,GENERICO,UNA FORMULA,3KKjHmIKYZffCZVFaJx3UCFSlkP,
7502001165489,A-D-Kan (VITAMINA A/D) C/3 INY,29,2,2,GENERICO,ESTOMACAL,3KKjHmIjdbivHvbFKeDheViuCGe,https://catalogue.sicarx.cloud/product/ad5dec20-5eff-45e1-8889-d16ca709af89
7501349029460,DIOSMINA/HESPERIDONA C/20 TAB AMSA,80,2,2,GENERICO,COMPUESTOS,3KKjHmIk5VL4a6XNv5Dap7ShvVx,https://catalogue.sicarx.cloud/product/d7da99cd-541e-4e50-b676-94988ebe1b55
7501258209465,PROTECTOR SOLAR USO DIARIO SERRAL 125G,106,2,2,PERFUMERIA,HIGIENE,3KKjHmJYED25Enrh6jKkEMfgcWN,https://catalogue.sicarx.cloud/product/cbefc5f1-3f41-4939-83df-48826f287f17
7501054549895,CREMA NIVEA SOFT SECA 220ml,57,1,1,PERFUMERIA,HIGIENE,3KKjHmJp7kiSCNMFe25APBo03Oz,https://catalogue.sicarx.cloud/product/72a251a4-f2f6-408c-bd2b-a5f470331337
7502226294476,FLUOCINOLONA CREMA 20G ALPHARMA,17,1,1,GENERICO,UNA FORMULA,3KKjHmK2QNBer8CCFDkF1749PK7,https://catalogue.sicarx.cloud/product/bbfabac5-a010-4da6-9afc-dbe08a8e34ed
7501119500366,MICRODYN GOTAS 15ml,34,1,1,PERFUMERIA,REBOTICA,3KKjHmKNgHaPGSw0687efAwo8CQ,https://catalogue.sicarx.cloud/product/b7eb85a6-6c90-4417-82fc-2e40a34610a9
650240036880,SILKA MEDIC SPRAY 150ml,123,2,2,PERFUMERIA,HIGIENE,3KKjHmLR4HaYYbrm0uRbNfNylrr,
6910021007206,CEPILLO DENTAL COLGATE PREMIER,22,13,13,PERFUMERIA,HIGIENE,3KKjHmLusATK3a6tmewvHRfl6Kk,https://catalogue.sicarx.cloud/product/2859b31c-275f-4372-baf5-f37a4b3e2c19
7501048907151,GUANTES MEDIANO LATEX C/1 PROTEC,8,98,98,CURACION,CURACION,3KKjHmMDheelZxxw7Oznnc07MiR,
7501349020870,ACIDO ALENDRONICO 70MG C/4TAB AMSA,45,1,1,GENERICO,UNA FORMULA,3KKjHmMMNw4LWg8P1oJ9gcZ3GuU,
7501032902094,LAMINITAS C/24 RAID,56,2,2,PERFUMERIA,REBOTICA,3KKjHmMXd9hxeaFs6HfST3xiTBU,https://catalogue.sicarx.cloud/product/8a77d27a-1af9-4873-9203-c18d43163239
7503003134008,ELYSOL-S SUSP (METRONIDAZOL) 250ml,31,2,2,GENERICO,UNA FORMULA,3KKjHmMdb3GB9Ix9GltPX0eZrpr,https://catalogue.sicarx.cloud/product/3447e1e1-7426-4eb6-a12f-a14362b4e8bc
7502214982514,PRUDENCE CHOCOLATE C/3,51,2,2,GENERICO,ANTICONCEPTIVO,3KKjHmMq4TMjVZ0ehfuTKqXkKT5,https://catalogue.sicarx.cloud/product/5cc14e2a-fc02-4929-8adc-39e64e6fc649
7501027250612,OBAO PIEL DELICADA ROLL ON 65G,37,1,1,PERFUMERIA,HIGIENE,3KKjHmNNUFy8oqJHaEE5oQzGTvr,https://catalogue.sicarx.cloud/product/b5950712-1cd1-49c8-a3ef-d1ecbdae22f1
650240015571,NASALUB INFANTIL 30ml 5%,102,1,1,PATENTE,PATENTE,3KKjHmNT4YA41Tn4ujjhVqROuNG,https://catalogue.sicarx.cloud/product/a66f4677-fbbd-4e3a-b236-e5b066e61c35
7501075713176,LAMBLIT 500mg (METRONIDAZOL) C/30 Tab,24,2,2,GENERICO,UNA FORMULA,3KKjHmP8wncbvAoSJNByPZpQ8MB,https://catalogue.sicarx.cloud/product/d8b9726b-80f1-4788-95eb-0f31e5454907
7501349021051,AMPICILINA 500mg C/1 Iny AMSA,31,5,5,GENERICO,UNA FORMULA,3KKjHmPJMEufGc5FKpFsvvpdTZt,https://catalogue.sicarx.cloud/product/c9bd262b-32ca-483f-82a5-7de43397849e
7506346600292,LIMA CARTON C/1,1.5,92,92,PERFUMERIA,REBOTICA,3KKjHmPu00LQXCPBEXpXFSjISVJ,https://catalogue.sicarx.cloud/product/38daef67-77ec-49f6-bfbd-1641ec58e1ad
008400007087,TOBRAMICINA GTS 15ML GRIN,88,1,1,GENERICO,UNA FORMULA,3KKjHmPxPUzwl0LIjPvzJc50sVS,https://catalogue.sicarx.cloud/product/85d6c96b-9643-4a9c-aca6-992e1f6c3bde
7502226290218,KRINDOR 8MG (ONDASETRON) C/10TAB,81,1,1,GENERICO,UNA FORMULA,3KKjHmPzdk4O1OjeW3q3VlMKhmA,https://catalogue.sicarx.cloud/product/4ddee54b-5838-46af-b69f-5a9682b73fa2
7501065086228,CONTAC ULTRA C/2TAB,10,6,6,PATENTE,SUELTOS,3KKjHmQc978vWwr4lKqfo5wjZ6W,
7501349023543,ZOLMITRIPTANO 2.5MG C/2TAB,48,2,2,GENERICO,UNA FORMULA,3KKjHmQj0HFjzRmIioLyonaJVr3,https://catalogue.sicarx.cloud/product/11a71475-bfc5-42e4-8d29-f7e9dc2fd891
7502006922629,BUTILHIOSCINA GOTAS 15ML,68,9,9,GENERICO,UNA FORMULA,3KLHpr0KmSkUIgFe2wGJRnVvER0,https://catalogue.sicarx.cloud/product/dbf4dcf1-6dcc-4f1f-9958-d7e00a3b1557
8999002696514,PILAS EVEREADY C/2PZ,20,6,6,PERFUMERIA,REBOTICA,3KLLx1c1bytALS6I1D0pXDp5bJT,
7503023615143,GEL BARBER STYLE 200G,21,3,3,PERFUMERIA,HIGIENE,3KLMEGHvxCDsDO11oijP84F3vHj,https://catalogue.sicarx.cloud/product/4e335aca-cf67-43cd-a2d1-e1255f539bed