sku,nombre,tipo,categoria,marca,laboratorio_inferido,principio_activo,pa_sucio,concentracion,forma_farmaceutica,presentacion,costo,precio,markup_implicito_pct,margen_sobre_venta_pct,regla_markup,regla_markup_pct,piso,ean,ean_clase,ean_nota,precio_similares,precio_fahorro,ref_min,sugerido_min_menos_2,piso_gt_mercado,stock
FC-06226739,Desodorante Axe Conviction,marca,Higiene,Axe,,Antitranspirante / desodorante,si,,,Spray 150 mL,45.83,65.00,41.8,29.5,categoria,40,65,7506306226739,gs1_mx,EAN-13 México,,,,,,1
FC-06237407,Shampoo Sedal Ceramidas,marca,Higiene,Sedal,,Surfactantes / formula capilar,si,,,190 mL,16.48,27.00,63.8,39.0,categoria,40,24,7506306237407,gs1_mx,EAN-13 México,,,,,,1
FC-01303464,Shampoo Pantene control caída,marca,Higiene,Pantene,,Surfactantes / formula capilar,si,,,400 mL,75.70,103.00,36.1,26.5,categoria,40,106,7501001303464,gs1_mx,EAN-13 México,,,,,,1
FC-00525451,XL-3 C/10,GENERICO,GENERAL,XL-3,,Paracetamol + Fenilefrina + Clorfenamina,,,TABLETAS,C/10,30.38,41.02,35.0,25.9,med_generico,60,49,6502400525451,prefijo_650_interno,Prefijo 650 no es GS1 país (México=750). Interno Farmalive/Genomma.,,,,,,4
FC-00170941,XL-3 Xtra C/12,GENERICO,GENERAL,XL-3,,Paracetamol + Fenilefrina + Clorfenamina,,,TABLETAS,C/12,36.26,48.96,35.0,25.9,med_generico,60,59,6502400170941,prefijo_650_interno,Prefijo 650 no es GS1 país (México=750). Interno Farmalive/Genomma.,36.0,,36.0,36,si,4
FC-08498798,Bepanthen,marca,Otro,Bepanthen,BAYER OTC,Dexpanthenol,,,,30 g,131.81,155.00,17.6,15.0,sin_clasificar,35,178,7501008498798,gs1_mx,EAN-13 México,,,,,,1
FC-01246730,Vicks Vaporub pomada 12 g,marca,Botiquín,Vicks,,Alcanfor + Mentol + Eucalipto,,,POMADA,12 G,21.25,42.00,97.6,49.4,categoria,50,32,75916565,ean8_o_interno,8 dígitos: EAN-8 real o código interno recortado,,,,,,12
FC-02012468,Vicks Vaporub ungüento 50G,marca,Botiquín,Vicks,,Alcanfor + Mentol + Eucalipto,,,Balsamo,50 G,82.41,124.00,50.5,33.5,categoria,50,124,7590002012468,gs1_otro_pais,"EAN-13 válido, prefijo 759 (no 750)",,125.0,125.0,123,si,1
FC-02012475,Vicks Vaporub ungüento 100 G,marca,Botiquín,Vicks,,Alcanfor + Mentol + Eucalipto,,,Ungüento,100 G,125.12,188.00,50.3,33.4,categoria,50,188,7590002012475,gs1_otro_pais,"EAN-13 válido, prefijo 759 (no 750)",,,,,,1
FC-69387811,Mercurio Aceite Gomenolado,marca,Producto,Mercurio,,Producto homeopatico / natural,,,Aceite,C/25,8.00,12.80,60.0,37.5,sin_clasificar,35,13,,vacio,,,,,,,3
FC-00740024,Silka Medic Gel,GENERICO,Otro,Silka,,Silice / dimeticone,,,GEL,,80.56,108.76,35.0,25.9,sin_clasificar,35,109,6502400074024,prefijo_650_interno,Prefijo 650 no es GS1 país (México=750). Interno Farmalive/Genomma.,34.0,,34.0,34,si,1
FC-30133021,Iri (Inmunoglobulina),marca,Otro,Iri,BAUSCH LOMB MEXICO,,,,AMPOLLETA,,273.42,437.48,60.0,37.5,sin_clasificar,35,370,7501123013302,gs1_mx,EAN-13 México,,,,,,17
FC-12225027,Derman Crema,GENERICO,GENERAL,Derman,,Clotrimazol,,1%,CREMA,50 G,44.69,60.34,35.0,25.9,sin_clasificar,35,61,7501354312250,gs1_mx,EAN-13 México,,,,,,1
FC-6C2878CF,Susp 125 Mg/Ml,marca,Otro,Budenova,,,,2 ML,AMPOLLETA,5 AMPOLLETA,130.24,169.32,30.0,23.1,sin_clasificar,35,176,,vacio,,,,,,,1
FC-25104268,Electrolit Fresa,marca,Higiene,Electrolit,LAB PISA,Electrolitos / suero oral,si,,Suero oral,625 ML,20.50,32.81,60.0,37.5,categoria,30,29,7501125104268,gs1_mx,EAN-13 México,,,,,,2
FC-25104411,Electrolit Coco,marca,Higiene,Electrolit,LAB PISA,Electrolitos / suero oral,si,,Suero oral,625 ML,20.09,32.15,60.0,37.5,categoria,30,29,7501125104411,gs1_mx,EAN-13 México,,25.0,25.0,25,si,2
FC-25149221,Electrolit Eresa-Kiwi,marca,Higiene,Electrolit,LAB PISA,Electrolitos / suero oral,si,,Suero oral,625 ML,20.09,32.15,60.0,37.5,categoria,30,29,7501125149221,gs1_mx,EAN-13 México,,25.0,25.0,25,si,2
FC-70612368,Treda,marca,Otro,Treda,SANFER,Loperamida,,,TABLETAS,C/20,152.00,198.00,30.3,23.2,med_otc_marca,35,206,7501070612368,gs1_mx,EAN-13 México,,,,,,2
FC-80953017,Condones Trojan Fire & Ice,marca,Cuidado personal,Trojan,CHURCH & DWIGHTND,Latex,si,,,3 pzs,41.65,70.00,68.1,40.5,categoria,40,59,7501080953017,gs1_mx,EAN-13 México,,,,,,1
FC-93025865,desodorante Axe Men Gold Temp,marca,Higiene,Axe,,Antitranspirante / desodorante,si,,Desodorante,,45.83,73.33,60.0,37.5,categoria,40,65,7791293025865,gs1_otro_pais,"EAN-13 válido, prefijo 779 (no 750)",,,,,,1
FC-7F90064A,Ampicilina,generico,Otro,,,AMPICILINA,,500MG/2 ML,FRASCO AMPULA,1 FRASCO AMPULA,20.37,32.60,60.0,37.5,sin_clasificar,35,29,7501349021051,gs1_mx,EAN-13 México,,85.0,85.0,84,,2
FC-931B4809,Mercurio Aceite Coco,marca,Producto,Mercurio,,Producto homeopatico / natural,,,Aceite,C/25,8.00,12.80,60.0,37.5,sin_clasificar,35,13,,vacio,,,,,,,5
FC-926099D3,Mertiolate Kohn Rojo,marca,Producto,Mertiolate,,Timerosal,,,Antiséptico,C/25,9.00,14.40,60.0,37.5,sin_clasificar,35,14,,vacio,,,,,,,5
FC-77FE5C83,Sonblefam S (Crema),marca,Otro,Sonblefam,,,,100 G/40 G,CREMA,1 CREMA,32.41,42.14,30.0,23.1,sin_clasificar,35,44,,vacio,,,,,,,1
FC-79400556,Syncol (Paracetamol),marca,Analgésico,Sanfer,SANFER,Paracetamol/Pamabrom/Pirilamina,,,TABLETAS,C/24 500mg/25mg/15mg,98.81,140.00,41.7,29.4,med_otc_marca,35,134,7501070600556,gs1_mx,EAN-13 México,,,,,,1
FC-00315021,Tukol-D jarabe infantil,GENERICO,Otro,Tukol-D,,Guaifenesina + Dextrometorfano,,,JARABE,Jbe Inf,126.91,171.33,35.0,25.9,med_generico,60,204,6502400315021,prefijo_650_interno,Prefijo 650 no es GS1 país (México=750). Interno Farmalive/Genomma.,,,,,,1
FC-85103015,Toallitas Humedas Bebin Super,marca,Higiene,Bebin Super,,Solucion limpiadora,,,,40 PZA,13.32,18.00,35.1,26.0,categoria,40,19,6195851030154,gs1_otro_pais,"EAN-13 válido, prefijo 619 (no 750)",,,,,,1
FC-54525051,Tempra Forte C/24,GENERICO,GENERAL,Tempra,RB HEALTH,Paracetamol,,500 MG,TABLETAS,C/24,113.93,153.81,35.0,25.9,med_generico,60,183,7501095452505,gs1_mx,EAN-13 México,,,,,,1
FC-71829601,Tribedoce,MEDICAMENTO,Medicamento,Tribedoce,,Complejo B (Hidroxocobalamina),,50000 UI,AMPOLLETA,Amp C/5,73.11,98.70,35.0,25.9,sin_clasificar,35,99,7501501537161,gs1_mx,EAN-13 México,,,,,,2
FC-77620056,Agua destilada La Flor,marca,Botiquín,La Flor,,,,,Agua destilada,1 L,19.00,29.00,52.6,34.5,categoria,50,29,7506313000353,gs1_mx,EAN-13 México,,,,,,3
FC-76000284,Vitacilina agua micelar agua rosas,marca,Cuidado personal,Vitacilina,,,,,Agua micelar,500 ML,81.74,110.00,34.6,25.7,categoria,40,115,7506376000284,gs1_mx,EAN-13 México,,,,,,1
FC-7D1D9857,Acetilsalicilico,marca,Otro,Acido,,Acido acetilsalicilico,,100MG,TABLETAS,30 TABLETAS,14.85,19.31,30.0,23.1,med_otc_marca,35,21,7501008491074,checksum_invalido,Dígito verificador GS1 no cuadra,,32.5,32.5,32,,5
FC-35168991,Mousse Herbal Essences extra control,marca,Higiene,Herbal Essences,,,,,Shampoo,210 ML,67.00,90.00,34.3,25.6,categoria,40,94,7500435168991,gs1_mx,EAN-13 México,,,,,,1
FC-46657035,Palmolive jabón líquido cerezo y rosa,marca,Higiene,Palmolive,,Jabon / tensioactivos,,,Jabón,221 ML,23.79,34.00,42.9,30.0,categoria,40,34,7509546657035,gs1_mx,EAN-13 México,,,,,,1
FC-01303454,Pantene Control caída anticaída,marca,Higiene,Pantene,,,,,Shampoo,400 ML,75.70,106.00,40.0,28.6,categoria,40,106,7501001303454,checksum_invalido,Dígito verificador GS1 no cuadra,,,,,,1
FC-46073156,Shampoo Caprice natural manzana,marca,Higiene,Caprice,,Surfactantes / formula capilar,si,,Shampoo,380 ML,29.31,42.00,43.3,30.2,categoria,40,42,7509546073156,gs1_mx,EAN-13 México,,,,,,1
FC-50882017,Dermodine Espuma 120 Mi,marca,Botiquín,Dermodine,DEGASA,,,,Espuma,,75.20,120.32,60.0,37.5,categoria,50,113,7501250882017,gs1_mx,EAN-13 México,,,,,,2
FC-35155847,Shampoo Pantene bambú control caída,marca,Higiene,Pantene,,Surfactantes / formula capilar,si,,Shampoo,400 ML,75.70,106.00,40.0,28.6,categoria,40,106,7500435155847,gs1_mx,EAN-13 México,,,,,,1
FC-40010712,Tukol-D jarabe,GENERICO,GENERAL,Tukol-D,,Guaifenesina + Dextrometorfano,,,JARABE,125 ML,117.42,158.52,35.0,25.9,med_generico,60,188,6502400107128,prefijo_650_interno,Prefijo 650 no es GS1 país (México=750). Interno Farmalive/Genomma.,,,,,,1
FC-51078461,Nan 1 Pro 1,marca,GENERAL,Nan,MARCAS NESTLE,,,,,,129.40,207.05,60.0,37.5,categoria,30,169,7506475107846,gs1_mx,EAN-13 México,,,,,,1
FC-51078531,Nan Nestle Bolsa Nestle Bolsa,marca,GENERAL,Nan,MARCAS NESTLE,,,,,2 G,58.70,93.93,60.0,37.5,categoria,30,77,7506475107853,gs1_mx,EAN-13 México,,,,,,1
FC-40036354,Genoprazol Tab,GENERICO,Otro,Genoprazol,,Omeprazol,,20 MG,CAPSULAS,C/7,24.50,33.08,35.0,25.9,med_generico,60,40,6502400363548,prefijo_650_interno,Prefijo 650 no es GS1 país (México=750). Interno Farmalive/Genomma.,,,,,,1
FC-51448511,Electrolit Uva,marca,Higiene,Electrolit,LAB PISA,Electrolitos / suero oral,si,,Suero oral,525 ML,20.50,32.81,60.0,37.5,categoria,30,29,7501125144851,gs1_mx,EAN-13 México,,25.0,25.0,25,si,2
FC-92509213,Nutribela Nutricion,marca,Cuidado personal,Nutribela,,,,,Crema,300 G,41.84,64.39,53.9,35.0,categoria,40,59,7506192509213,gs1_mx,EAN-13 México,,,,,,1
FC-22322395,Normogotero Sensi Medical,marca,Botiquín,Sensi Medical,,,,,,1 pz,11.53,18.00,56.1,35.9,categoria,50,18,7506022322395,gs1_mx,EAN-13 México,,,,,,5
FC-4F05124E,Gelcavit-9M Capsulas,marca,Vitaminas,Gelcavit,,,,,,C/30,66.30,86.19,30.0,23.1,categoria,45,97,7501130713868,gs1_mx,EAN-13 México,,,,,,1
FC-46073118,Shampo Caprice Acti-Ceramidas,marca,Higiene,Caprice,,,,,,380 mL,29.31,40.00,36.5,26.7,categoria,40,42,7509546073118,gs1_mx,EAN-13 México,,,,,,1
FC-12250181,Rocainol Ung,GENERICO,GENERAL,Rocainol,,Salicilato de metilo + Mentol,,16/8 G/100G,UNGÜENTO,45 G,53.12,71.72,35.0,25.9,sin_clasificar,35,72,7501312250181,gs1_mx,EAN-13 México,,,,,,2
FC-58367129,Condón Sico Negro Feel,GENERICO,GENERAL,Sico,RB HEALTH,Latex,si,,CONDON,C/3,54.71,73.86,35.0,25.9,sin_clasificar,35,74,7501058367129,gs1_mx,EAN-13 México,,,,,,1
FC-10974329,Enjuague Buc Listerine Cool Mint,marca,Higiene,Listerine,,,,,Enjuague bucal,250 ML,54.06,76.00,40.6,28.9,categoria,40,76,7891010974329,gs1_otro_pais,"EAN-13 válido, prefijo 789 (no 750)",,,,,,1
FC-69200016,Estomaquil Polvo C/20,marca,Producto,Higia,LAB HIGIA,Bismuto subsalicilato; Hidróxido de magnesio; Carbonato de calcio,,,Polvo,C/20 sobres 3 g,98.79,133.37,35.0,25.9,sin_clasificar,35,134,7501369200016,gs1_mx,EAN-13 México,,,,,,1
FC-95201021,Pomada Hipoglos Pac,marca,Otro,Hipoglos,ANDROMACO,Oxido de zinc,,,,45 G al 25%,69.58,110.00,58.1,36.7,sin_clasificar,35,94,7501289520102,gs1_mx,EAN-13 México,,,,,,1
FC-98217659,Dolo-Neurobión,marca,Analgésico,Neurobion,,Diclofenaco c/ Complejo B,,,Tabletas,20 TABLETAS,269.28,694.89,158.1,61.2,med_otc_marca,35,364,7501298223704,gs1_mx,EAN-13 México,,,,,,1
FC-AA7B0686,Drosquim Ad 1 Ibe 300/160,marca,Producto,Drosquim,,,,,,200 ML,70.74,91.97,30.0,23.1,sin_clasificar,35,96,,vacio,,,,,,,1
FC-CF719C07,Diclofen,marca,Otro,Diclofen,,DICLOFENACO,,500 MG,CAPSULAS,12 CAPSULAS,26.82,34.87,30.0,23.1,med_otc_marca,35,37,,vacio,,,,,,,2
FC-00701992,Crema Nivea Manos  Ant-Arrugas,marca,Cuidado personal,Nivea,,Emolientes / humectantes,,,Crema,75 ML,36.30,51.00,40.5,28.8,categoria,40,51,4005900701992,gs1_otro_pais,"EAN-13 válido, prefijo 400 (no 750)",,,,,,1
FC-BE0A0E46,Cateter para Venoclisis 22 g,marca,Botiquín,Sumitex,,,,,Catéter,1 pz,9.26,12.04,30.0,23.1,categoria,50,15,7506022316622,gs1_mx,EAN-13 México,,,,,,3
FC-34092301,Syncol Max tabletas,GENERICO,GENERAL,Syncol Max,,Naproxeno + Paracetamol,,,TABLETAS,,88.69,119.74,35.0,25.9,med_generico,60,142,7501210734301,gs1_mx,EAN-13 México,,,,,,1
FC-50724298,Tempra jarabe,GENERICO,GENERAL,Tempra,,Paracetamol,,,JARABE,120 ML,166.19,224.36,35.0,25.9,med_generico,60,266,7501250105079,gs1_mx,EAN-13 México,,,,,,1
FC-51747971,Electrolit Mora Azul,marca,Higiene,Electrolit,LAB PISA,Electrolitos / suero oral,si,,Suero oral,625 ML,20.50,32.81,60.0,37.5,categoria,30,29,7501125174797,gs1_mx,EAN-13 México,,,,,,2
FC-50071598,Theraflu TD,GENERICO,Otro,Theraflu,,Paracetamol + Fenilefrina + Feniramina,,,POLVO,,170.32,229.94,35.0,25.9,sin_clasificar,35,230,7503050071598,checksum_invalido,Dígito verificador GS1 no cuadra,,,,,,2
FC-06134531,Afrin Adulto rojo spray,marca,Producto,Afrin,BAYER OTC,OXIMETAZOLINA CLORHIDRATO,,,SPRAY,SPRAY 20 ML,75.46,120.74,60.0,37.5,sin_clasificar,35,102,7501050613453,gs1_mx,EAN-13 México,,113.0,113.0,111,,20
FC-1CF27DC9,Dison Dex,marca,Otro,Dison,,,,5/2 MG,FRASCO AMPULA,1 FRASCO AMPULA,36.86,47.92,30.0,23.1,sin_clasificar,35,50,,vacio,,,,,,,1
FC-56342258,Crema Para Peinar Sedal Recons Inst,marca,Cuidado personal,Sedal,,,,,Crema,135 ML,18.17,28.44,56.5,36.1,categoria,40,26,7501056342258,gs1_mx,EAN-13 México,,,,,,1
FC-58715517,Graneodin B (benzocaína),GENERICO,GENERAL,Graneodin,,Benzocaina,,10 MG,PASTILLAS,C/24,42.64,57.57,35.0,25.9,sin_clasificar,35,58,7501058715517,gs1_mx,EAN-13 México,,,,,,5
FC-28979502,Histiacil NF adulto jarabe,marca,Respiratorio,Histiacil Opella,OPELLA,Dextrometorfano/Ambroxol,,ADTO 150 MI OPELLA JAR ADTO 150 MI OPELLA,JARABE,JARABE 150 mL 225 mg/225mg,121.91,161.72,32.7,24.6,med_otc_marca,35,165,7501328979502,gs1_mx,EAN-13 México,36.0,,36.0,36,si,1
FC-01508201,Antiflu-Des,GENERICO,Otro,Antiflu-Des,,Paracetamol + Clorfenamina + Fenilefrina,,,TABLETAS,,149.35,201.63,35.0,25.9,med_generico,60,239,7505253015021,gs1_mx,EAN-13 México,,,,,,1
FC-56340124,Crema Para Peinar Sedal Ceramida,marca,Cuidado personal,Sedal,,,,,Crema,300 ML,50.07,71.00,41.8,29.5,categoria,40,71,7501056340124,gs1_mx,EAN-13 México,,,,,,1
FC-47624171,Nailex Desenterrador Unas Desenterrador Unas,marca,GENERAL,Nailex,LAB PISA,,,,,12 ML,54.49,87.19,60.0,37.5,sin_clasificar,35,74,7502234762417,gs1_mx,EAN-13 México,,,,,,12
FC-56326142,Crema Ponds Suave y Tersa,marca,Cuidado personal,Ponds,,,,,Crema,100 G,59.36,84.00,41.5,29.3,categoria,40,84,7501056326142,gs1_mx,EAN-13 México,,,,,,1
FC-84500522,Cinta Micropor Cintapore Blanca 2.5 cm x 5m,marca,Botiquín,,,,,,,1 pz,9.50,18.00,89.5,47.2,categoria,50,15,7506484500522,gs1_mx,EAN-13 México,,,,,,1
FC-56330309,Crema Ponds Clarant B3,marca,Cuidado personal,Ponds,,,,,Crema,100 G,72.30,102.00,41.1,29.1,categoria,40,102,7501056330309,gs1_mx,EAN-13 México,,,,,,1
FC-50002301,Neo-Melubrina metamizol tabletas C/10,marca,Otro,Neo-Melubrina,OPELLA,Metamizol Sodico,,,TABLETAS,C/10 500 mg,72.23,93.90,30.0,23.1,med_otc_marca,35,98,7501165000230,gs1_mx,EAN-13 México,,,,,,1
FC-80596011,Aderogyl Amp,GENERICO,GENERAL,Aderogyl,OPELLA,Vitamina C + Vitamina A + Vitamina D3 + Complejo B,,,AMPOLLETA,Amp C/4,96.92,130.85,35.0,25.9,sin_clasificar,35,131,3664798059601,gs1_otro_pais,"EAN-13 válido, prefijo 366 (no 750)",,,,,,2
FC-83683367,Condón Sico Rojo Feel,GENERICO,GENERAL,Sico,,Latex,si,,CONDON,C/3,54.71,73.86,35.0,25.9,sin_clasificar,35,74,7501058363367,gs1_mx,EAN-13 México,,,,,,1
FC-92730451,Riopan Sobres,GENERICO,Otro,Riopan,,Magaldrato,,,SOBRES,Sobres,268.72,362.78,35.0,25.9,sin_clasificar,35,363,7507201092351,gs1_mx,EAN-13 México,,,,,,1
FC-83146207,Fazolin F (nafazolina),MEDICAMENTO,Medicamento,Fazolin,,Nafazolina,,15 ML I COLLINS OMELELE,GOTAS,15 ML,26.85,36.25,35.0,25.9,sin_clasificar,35,37,7800831462076,gs1_otro_pais,"EAN-13 válido, prefijo 780 (no 750)",,,,,,2
FC-54054221,Splash Tears Sol oftálmica,GENERICO,Otro,Splash Tears,,Hipromelosa,,,SOLUCION,Sol oftálmica,140.53,189.72,35.0,25.9,med_generico,60,225,7509854054221,checksum_invalido,Dígito verificador GS1 no cuadra,,,,,,1
FC-08485316,Tabcin Eferv,marca,Otro,Tabcin,BAYER OTC,,,,TABLETAS,50 TABLETAS · C/12,37.73,49.05,30.0,23.1,med_otc_marca,35,51,7501008485316,gs1_mx,EAN-13 México,,,,,,1
FC-DE106642,Infamid (Metamizol + Dexametasona + Vit. B),marca,Otro,Ampigrin,,,,250/200/100/30MG/3 ML,AMPOLLETA,3 AMPOLLETA,73.57,95.65,30.0,23.1,sin_clasificar,35,100,,vacio,,,,,,,1
FC-54521161,Tempra 500 mg,marca,Analgésico,Tempra,RB HEALTH,Paracetamol,,,UNGÜENTO,C/10 500 mg,45.87,62.00,35.2,26.0,sin_clasificar,35,62,7501095452116,gs1_mx,EAN-13 México,,,,,,1
FC-58203691,Hilo dental expanding,marca,Higiene,Gum,SUNSTAR AMERICAS,,,,,0.9 M,18.90,30.24,60.0,37.5,categoria,40,27,7502235820369,gs1_mx,EAN-13 México,,,,,,22
FC-40006647,Ultra Bengue Gel,GENERICO,GENERAL,Ultra Bengue,,Mentol + Alcanfor,,,GEL,Gel,110.30,148.91,35.0,25.9,sin_clasificar,35,149,6502400066470,prefijo_650_interno,Prefijo 650 no es GS1 país (México=750). Interno Farmalive/Genomma.,,,,,,1
FC-40032264,Suerox 8 Iones Eresa-Kiwi 630 ML,GENERICO,GENERAL,Suerox,,Electrolitos / suero oral,si,,BEBIDA,Eresa-Kiwi 630 ML,14.73,19.89,35.0,25.9,sin_clasificar,35,20,6502400322644,prefijo_650_interno,Prefijo 650 no es GS1 país (México=750). Interno Farmalive/Genomma.,,,,,,1
FC-40032271,Suerox 8 Iones Uva 630 ML,GENERICO,GENERAL,Suerox,,Electrolitos / suero oral,si,,BEBIDA,Uva 630 ML,14.73,19.89,35.0,25.9,sin_clasificar,35,20,6502400322712,prefijo_650_interno,Prefijo 650 no es GS1 país (México=750). Interno Farmalive/Genomma.,,,,,,1
FC-50959781,Centrum Performance,marca,Vitaminas,Centrum,PG PERF,Multivitaminico + minerales,,,TABLETAS,C/30,160.72,210.00,30.7,23.5,categoria,45,234,7501065095978,gs1_mx,EAN-13 México,,,,,,1
FC-58793249,Lubricante sensación calor,marca,Cuidado personal,Sico,RB HEALTH,,,,Lubricante,50 ML,101.90,163.05,60.0,37.5,categoria,40,143,7501058793249,gs1_mx,EAN-13 México,,,,,,1
FC-84500607,Cinta Micropor Cintapore Blanca 2.5 cm x 9.1 m,marca,Botiquín,Cintapore,,,,,,1 pz,15.21,28.00,84.1,45.7,categoria,50,23,7506484500607,gs1_mx,EAN-13 México,,,,,,4
FC-D11D586A,Valgab 3 Ibe /6Ml,marca,Producto,Valgab,,,,,,50 MG,19.41,25.24,30.0,23.1,sin_clasificar,35,27,,vacio,,,,,,,1
FC-DF39BB27,Alevarin Capsulas,marca,Otro,Alevarin,,,,,,C/45,68.86,89.55,30.0,23.1,sin_clasificar,35,93,7501590281105,gs1_mx,EAN-13 México,,,,,,1
FC-58792792,Tempra,marca,Producto,Tempra,RB HEALTH,Paracetamol/fenilefrina/carbinoxamina,,,,C/12 400mg/20mg/4mg,58.70,96.00,63.5,38.9,sin_clasificar,35,80,7501058792792,gs1_mx,EAN-13 México,,,,,,1
FC-D751525D,Animalin Formula liquida,marca,Vitaminas,Animalin,,,,C/30 ML,GOTAS,30 mL,22.65,29.45,30.0,23.1,categoria,45,33,7502009744105,gs1_mx,EAN-13 México,,,,,,1
FC-00322571,Suerox 8 Iones Manzana 630 ML,GENERICO,GENERAL,Suerox,,Electrolitos / suero oral,si,,BEBIDA,Manzana 630 ML,14.73,19.89,35.0,25.9,sin_clasificar,35,20,6502400322571,prefijo_650_interno,Prefijo 650 no es GS1 país (México=750). Interno Farmalive/Genomma.,,,,,,1
FC-F8691496,Bactiver F (Sulfametoxazol/Trimetoprima),marca,Otro,Bactiver,,,,160/800 MG,TABLETAS,16 TABLETAS,16.89,21.96,30.0,23.1,med_otc_marca,35,23,,vacio,,,,,,,3
FC-22B18244,Cefotaxima IM (Inyectable),marca,Otro,Cefotaxima,,,,1 G/4 ML,FRASCO AMPULA,1 FRASCO AMPULA,31.06,40.38,30.0,23.1,sin_clasificar,35,42,,vacio,,,,,,,3
FC-40032295,Suerox 8 Iones Mora Azul 630 ML,GENERICO,GENERAL,Suerox,,Electrolitos / suero oral,si,,BEBIDA,Mora Azul 630 ML,14.73,19.89,35.0,25.9,sin_clasificar,35,20,6502400322958,prefijo_650_interno,Prefijo 650 no es GS1 país (México=750). Interno Farmalive/Genomma.,,,,,,1
FC-14121782,Jabón proteína de arroz y concha nácar,marca,Higiene,Gelimedic,,,,,Jabón,80 g,17.78,25.00,40.6,28.9,categoria,40,25,7505514121782,gs1_mx,EAN-13 México,,,,,,1
FC-53601247,Rinomar Agua Isotonica,marca,Respiratorio,Rinomar,,,,,,100 mL,86.90,105.00,20.8,17.2,sin_clasificar,35,118,7502253601247,gs1_mx,EAN-13 México,,,,,,1
FC-EADF1484,Diosmina Hesperidina,generico,Otro,,,DIOSMINA HESPERIDINA,,450/50 MG,TABLETAS,20 TABLETAS,39.41,63.06,60.0,37.5,med_generico,60,64,,vacio,,,364.0,364.0,357,,3
FC-F7A2CACF,Indarzona,marca,Otro,Indarzona,,,,25/0.5 MG,CAPSULAS,30 CAPSULAS,56.30,73.19,30.0,23.1,med_otc_marca,35,77,,vacio,,,,,,,2
FC-F817BC3A,Sibicos,marca,Otro,Sibicos,,,,1/100/20 G,CREMA,1 CREMA,33.65,43.75,30.0,23.1,sin_clasificar,35,46,,vacio,,,,,,,2
FC-FA3D96E6,N Calcitriol,marca,Otro,Becatrim,,,,0.25 MCG,CAPSULAS,30 CAPSULAS,47.13,61.27,30.0,23.1,med_otc_marca,35,64,,vacio,,,,,,,1
FC-00323011,Suerox 8 Iones Naranja Mandarina 630 ML,GENERICO,GENERAL,Suerox,,Electrolitos / suero oral,si,,BEBIDA,Naranja Mandarina 630 ML,14.73,19.89,35.0,25.9,sin_clasificar,35,20,6502400323011,prefijo_650_interno,Prefijo 650 no es GS1 país (México=750). Interno Farmalive/Genomma.,,,,,,1
FC-2E79C2D8,Hierro Dex,marca,Otro,Hierro,,,,100 MG/2 ML,AMPOLLETA,3 AMPOLLETA,61.33,79.73,30.0,23.1,sin_clasificar,35,83,,vacio,,,,,,,1
FC-14704156,Senosiain supositorios adulto C/10,marca,Otro,Senosiain,SENOSIAIN OTC,,,,SUPOSITORIO,C/10,58.96,94.34,60.0,37.5,sin_clasificar,35,80,7501314704156,gs1_mx,EAN-13 México,,,,,,1
FC-1BF03D35,Acetonido De Fluocinolona Cma,marca,Producto,Acetonido,,,,,,,18.44,23.98,30.0,23.1,sin_clasificar,35,25,,vacio,,,,,,,1
FC-24227339,Loxcel adulto,marca,Otro,Loxcel,LAB HORMONA,,,,TABLETAS,C/1,78.00,101.40,30.0,23.1,med_otc_marca,35,106,7502224227339,gs1_mx,EAN-13 México,,,,,,1
FC-14704163,Senosiain supositorios infantil C/10,marca,Otro,Senosiain,SENOSIAIN OTC,,,,SUPOSITORIO,C/10,63.40,102.00,60.9,37.8,sin_clasificar,35,86,7501314704163,gs1_mx,EAN-13 México,,,,,,1
FC-40066306,Suerox 8 Iones Fresa 630 ML,GENERICO,GENERAL,Suerox,,Electrolitos / suero oral,si,,BEBIDA,Fresa 630 ML,14.73,19.89,35.0,25.9,sin_clasificar,35,20,6502400663068,prefijo_650_interno,Prefijo 650 no es GS1 país (México=750). Interno Farmalive/Genomma.,,,,,,1
FC-3B001F9B,Amlodipino,marca,Otro,Amlodipino,,,,5 MG,TABLETAS,30 TABLETAS,9.04,11.76,30.1,23.1,med_otc_marca,35,15,,vacio,,,282.0,282.0,277,,3
FC-40074455,Suerox 8 Iones Uva Mora Azul 630 ML,GENERICO,GENERAL,Suerox,,Electrolitos / suero oral,si,,BEBIDA,Uva Mora Azul 630 ML,14.73,19.89,35.0,25.9,sin_clasificar,35,20,6502400744552,prefijo_650_interno,Prefijo 650 no es GS1 país (México=750). Interno Farmalive/Genomma.,,,,,,1
FC-62746612,Ajolotius,marca,Otro,Ajolotius,BIOALIMENTOS NAT,,,S/AZUCAR 250 ML. I BIOALIMENTOS NATI,JARABE,JARABE,89.20,115.96,30.0,23.1,med_otc_marca,35,121,7500462746612,gs1_mx,EAN-13 México,,,,,,1
FC-62746643,Ajolotius Menta Fucal Menta Fucal,marca,GENERAL,Ajolotius,BIOALIMENTOS NAT,,,,,C/10,19.50,31.21,60.1,37.5,sin_clasificar,35,27,7500462746643,gs1_mx,EAN-13 México,31.0,,31.0,31,,1
FC-64EB83AA,Compl,marca,Otro,Bencil/Benz,,,,"1,2 U 3 ML",FRASCO AMPULA,1 FRASCO AMPULA,18.07,23.50,30.0,23.1,sin_clasificar,35,25,,vacio,,,,,,,5
FC-FD845E68,Aciclovir,marca,Otro,Aciclovir,,,,400 MG,TABLETAS,35 TABLETAS,23.68,30.79,30.0,23.1,med_otc_marca,35,32,,vacio,,,334.0,334.0,328,,1
FC-65054135,TUMS,marca,Botiquín,TUMS,,Carbonato de Calcio,,,Surtido,8 TABLETAS,37.48,57.00,52.1,34.2,categoria,50,57,7501065054043,gs1_mx,EAN-13 México,,,,,,1
FC-00661391,Suerox 8 Iones Frutos Rojos 630 ML,GENERICO,GENERAL,Suerox,,Electrolitos / suero oral,si,,BEBIDA,Frutos Rojos 630 ML,14.73,19.89,35.0,25.9,sin_clasificar,35,20,6502400661391,prefijo_650_interno,Prefijo 650 no es GS1 país (México=750). Interno Farmalive/Genomma.,,,,,,1
FC-00721471,Suerox Vitamins Naranja Mango 630 ML,GENERICO,GENERAL,Suerox,,Electrolitos / suero oral,si,,BEBIDA,Naranja Mango 630 ML,14.73,19.89,35.0,25.9,sin_clasificar,35,20,6502400721471,prefijo_650_interno,Prefijo 650 no es GS1 país (México=750). Interno Farmalive/Genomma.,,,,,,1
FC-00721541,Suerox Vitamins Manzana V-Limón 630 ML,GENERICO,GENERAL,Suerox,,Electrolitos / suero oral,si,,BEBIDA,Manzana V-Limón 630 ML,14.73,19.89,35.0,25.9,sin_clasificar,35,20,6502400721541,prefijo_650_interno,Prefijo 650 no es GS1 país (México=750). Interno Farmalive/Genomma.,,,,,,1
FC-00744481,Suerox 8 Iones Coco Piña 630 ML,GENERICO,GENERAL,Suerox,,Electrolitos / suero oral,si,,BEBIDA,Coco Piña 630 ML,15.50,20.93,35.0,25.9,sin_clasificar,35,21,6502400744481,prefijo_650_interno,Prefijo 650 no es GS1 país (México=750). Interno Farmalive/Genomma.,,,,,,1
FC-54558682,Nivea Milk Crema corp 400 ML,GENERICO,GENERAL,Nivea,,Emolientes / humectantes,,,Crema,400 ML,22.30,30.11,35.0,25.9,sin_clasificar,35,31,7501054558682,gs1_mx,EAN-13 México,,,,,,1
FC-03430721,Vitacilina 28 Crema,GENERICO,GENERAL,Vitacilina,KSK,Neomicina + Bacitracina zinc,,,CREMA,Crema,38.12,51.47,35.0,25.9,sin_clasificar,35,52,7502250343072,gs1_mx,EAN-13 México,,,,,,1
FC-03406600,Quirmex,marca,Botiquín,Quirmex,QUIRMEX,Vaselina + lanolina,,,Tela adhesiva,,89.70,143.53,60.0,37.5,categoria,50,135,7503003406600,gs1_mx,EAN-13 México,,,,,,45
FC-03405381,Vitacilina Ungüento,GENERICO,GENERAL,Vitacilina,,Neomicina + Bacitracina zinc,,,UNGÜENTO,,23.06,31.14,35.0,25.9,sin_clasificar,35,32,7500225034031,gs1_mx,EAN-13 México,,,,,,1
FC-68910034,Dibar algodón grande,marca,Producto,Dibar,DIBAR,,,,,60 G,10.10,16.16,60.0,37.5,sin_clasificar,35,16,7501868910034,gs1_mx,EAN-13 México,,,,,,1
FC-06257597,Talco Para Pies Rexona Efficient Orig,marca,Higiene,Rexona,,Talco / zinc undecilenato,,,,100 g,40.24,55.00,36.7,26.8,categoria,40,57,7506306257597,gs1_mx,EAN-13 México,,,,,,1
FC-68900226,Alcohol Etilico Rojo 96°,marca,Botiquín,Dibar,,Alcohol etilico,,,Alcohol,250 ML,15.68,24.00,53.1,34.7,categoria,50,24,7501868900226,gs1_mx,EAN-13 México,,,,,,36
FC-06247327,Afrin No Drip extra humectante spray,marca,GENERAL,Afrin,BAYER OTC,,,,,,109.76,175.62,60.0,37.5,sin_clasificar,35,149,7501050624732,gs1_mx,EAN-13 México,,,,,,1
FC-35246309,Vick Drops Tengibre Pastillas Drops Tengibre,marca,Botiquín,Vick,PG OTC,,,,Balsamo,C/20,37.53,60.05,60.0,37.5,categoria,50,57,7500435246309,gs1_mx,EAN-13 México,,,,,,1
FC-68900264,Alcohol Etilico Rojo 96°,marca,Botiquín,Dibar,,Alcohol etilico,,,Alcohol,125 ML,8.10,14.00,72.8,42.1,categoria,50,14,7501868900264,gs1_mx,EAN-13 México,,,,,,48
FC-68901117,Alcohol Etilico Azul 71.6,marca,Botiquín,Dibar,,Alcohol etilico,,,Alcohol,250 ML,11.30,17.00,50.4,33.5,categoria,50,17,7501868901117,gs1_mx,EAN-13 México,,,,,,1
FC-68901124,Alcohol Etilico Azul 71.6,marca,Botiquín,Dibar,,Alcohol etilico,,,Alcohol,500 ML,24.00,45.00,87.5,46.7,categoria,50,36,7501868901124,gs1_mx,EAN-13 México,,,,,,2
FC-68901131,Alcohol Etilico Azul 71.6,marca,Botiquín,Dibar,,Alcohol etilico,,,Alcohol,1 L,41.00,62.00,51.2,33.9,categoria,50,62,7501868901131,gs1_mx,EAN-13 México,,,,,,1
FC-25116810,Agrifen AB polvo efervescente,marca,Otro,Agrifen,LAB PISA,,,,TABLETAS,TABLETAS,19.50,25.35,30.0,23.1,med_otc_marca,35,27,7501125116810,gs1_mx,EAN-13 México,,,,,,1
FC-12225164,Vitacilina Bebé Pomada,marca,GENERAL,Vitacilina,,Neomicina + Bacitracina zinc,,,POMADA,Pomada,53.70,72.50,35.0,25.9,sin_clasificar,35,73,3543122251648,gs1_otro_pais,"EAN-13 válido, prefijo 354 (no 750)",,,,,,1
FC-47640531,Nailex El Recuperador,marca,Cuidado personal,Nailex Pisa,LAB PISA,,,,,Esmalte 15 ML,54.49,80.00,46.8,31.9,categoria,40,77,7502234764053,gs1_mx,EAN-13 México,,,,,,1
FC-60403681,Desenfriol,marca,Otro,Desenfriol,BAYER OTC,Clorfemina/Fenilefrina/Paracetamol,,,CAPSULAS,C/30,63.00,100.81,60.0,37.5,med_otc_marca,35,86,7502276040368,gs1_mx,EAN-13 México,36.0,,36.0,36,si,2
FC-68910041,Algodón 5 g C/12,marca,Botiquín,Dibar,DIBAR,,,,Algodón,5 G,6.90,10.00,44.9,31.0,categoria,50,12,7501868910041,gs1_mx,EAN-13 México,,,,,,12
FC-03406501,Quirmex,marca,Botiquín,Quirmex,QUIRMEX,Vaselina + lanolina,,,Tela adhesiva,25 CM x 5 M,18.62,29.80,60.0,37.5,categoria,50,28,7503003406501,gs1_mx,EAN-13 México,,,,,,5
FC-08344488,Lactopram Lactobacillus,marca,Gastro,Lactopram,PROGELA,Lactobacillus,,,CAPSULAS,C/20 430 MG,27.24,45.00,65.2,39.5,med_otc_marca,35,37,7503008344488,gs1_mx,EAN-13 México,,,,,,1
FC-08443026,Alka-Seltzer,marca,Otro,Alka-Seltzer,BAYER OTC,Acido acetilsalicilico + Acido citrico + Bicarbonato de sodio,,,TABLETAS,C/100,262.00,340.60,30.0,23.1,med_otc_marca,35,354,7501008443026,gs1_mx,EAN-13 México,,,,,,35
FC-08491096,Cafiaspirina Tar C/100,marca,Otro,Cafiaspirina,BAYER OTC,Acido acetilsalicilico + Caffeina,,,TABLETAS,C/100,217.46,347.94,60.0,37.5,med_otc_marca,35,294,7501008491096,gs1_mx,EAN-13 México,,,,,,40
FC-08496701,Aspirina Eferv,marca,Otro,Aspirina,BAYER OTC,Acido acetilsalicilico,,,TABLETAS,C/12,35.18,45.74,30.0,23.1,med_otc_marca,35,48,7501008496701,gs1_mx,EAN-13 México,,,,,,1
FC-2E5B7248,Reumatol,marca,Producto,Del Viejito,QUIRMEX,MENTOL + ALCANFOR + METILSALICILATO,,,Pomada,60 G,11.00,17.61,60.1,37.5,sin_clasificar,35,16,7503003406600,gs1_mx,EAN-13 México,,,,,,2
FC-40010538,Next Tab,GENERICO,GENERAL,Next,,Paracetamol + Fenilefrina + Clorfenamina,,,TABLETAS,C/10,23.52,31.76,35.0,25.9,med_generico,60,38,6502400105384,prefijo_650_interno,Prefijo 650 no es GS1 país (México=750). Interno Farmalive/Genomma.,,,,,,4
FC-50608272,Contac Ultra,GENERICO,Otro,Contac,,Paracetamol + Fenilefrina + Clorfenamina,,,TABLETAS,,32.34,43.66,35.0,25.9,med_generico,60,52,75029650608272,gtin14_caja,GTIN-14 de caja; el POS escanea EAN-13/UPC,36.0,,36.0,36,si,2
FC-35155922,Pantene Bambu,marca,Higiene,Pantene,,,,,Acondicionador,400 ML,75.00,86.00,14.7,12.8,categoria,40,105,7500435155922,gs1_mx,EAN-13 México,,,,,,1
FC-64560163,Iodex Cristal,GENERICO,GENERAL,Iodex,HALEON,Mentol + eucalipto,,,UNGÜENTO,60 G,70.07,94.60,35.0,25.9,sin_clasificar,35,95,7501064560163,gs1_mx,EAN-13 México,,,,,,1
FC-07457826,Acondicionador Pantene Brillo Extremo,marca,Higiene,Pantene,,,,,Acondicionador,400 ML,75.70,121.12,60.0,37.5,categoria,40,106,7501007457826,gs1_mx,EAN-13 México,,,,,,1
FC-65095718,Centrum,marca,Otro,Centrum,PG PERF,Multivitaminico + minerales,,,TABLETAS,C/30,152.20,205.47,35.0,25.9,med_otc_marca,35,206,7501065095718,gs1_mx,EAN-13 México,,199.0,199.0,196,si,1
FC-65095947,Centrum Silver + 50,marca,Vitaminas,Centrum,PG PERF,Multivitaminico + minerales,,,TABLETAS,C/30,178.46,232.00,30.0,23.1,categoria,45,259,7501065095947,gs1_mx,EAN-13 México,,,,,,1
FC-56340131,Crema Para Peinar Sedal Rizos Definidos,marca,Cuidado personal,Sedal,,,,,Crema,300 ML,50.07,71.00,41.8,29.5,categoria,40,71,7501056340131,gs1_mx,EAN-13 México,,,,,,1
FC-54221482,Deeflamox Plus,GENERICO,Otro,Deeflamox,,Amoxicilina + Acido clavulanico,,875/125 MG,TABLETAS,,42.41,57.26,35.0,25.9,med_generico,60,68,7503854221482,checksum_invalido,Dígito verificador GS1 no cuadra,,,,,,1
FC-06249783,Sedal Rizos Def,marca,Higiene,Sedal,,,,,Shampoo,180 ML,19.11,25.00,30.8,23.6,categoria,40,27,7506306249783,gs1_mx,EAN-13 México,,,,,,1
FC-85171113,Condón Sico Invisible C/3,GENERICO,GENERAL,Sico,RB HEALTH,Latex,si,,CONDON,C/3,71.25,96.19,35.0,25.9,sin_clasificar,35,97,7501685171113,gs1_mx,EAN-13 México,,,,,,1
FC-56340025,Crema Para Peinar Sedal Restauracion Inst,marca,Cuidado personal,Sedal,,,,,Crema,300 ML,50.07,71.00,41.8,29.5,categoria,40,71,7501056340025,gs1_mx,EAN-13 México,,,,,,1
FC-85171118,Condón Sico,GENERICO,GENERAL,Sico,,Latex,si,,CONDON,C/3,71.25,96.19,35.0,25.9,sin_clasificar,35,97,7501685171118,checksum_invalido,Dígito verificador GS1 no cuadra,,,,,,1
FC-01157296,Naturella flujo moderado con alas,marca,Higiene,Naturella,,Celulosa absorbente,,,Toallas sanitarias,C/8,17.00,26.00,52.9,34.6,categoria,40,24,7506309895208,gs1_mx,EAN-13 México,,,,,,5
FC-40017100,Xl-3 Vr,marca,Producto,XL-3,,Paracetamol + Amantadina + Clorfenamina,,375/50/3 MG,TABLETAS,C/24,88.20,119.07,35.0,25.9,med_otc_marca,35,120,6502400171006,prefijo_650_interno,Prefijo 650 no es GS1 país (México=750). Interno Farmalive/Genomma.,33.0,,33.0,33,si,2
FC-06209862,Desodorante Axe 48H Anarchy Fresh Love (Mujer),marca,Higiene,Axe,,Antitranspirante / desodorante,si,,Desodorante,SPRAY 150 ML,45.83,65.00,41.8,29.5,categoria,40,65,7506306209862,gs1_mx,EAN-13 México,,,,,,1
FC-06226852,Desodorante Axe Wom Anarchy,marca,Higiene,Axe,,Antitranspirante / desodorante,si,,Desodorante,SPRAY 150 ML,45.83,65.00,41.8,29.5,categoria,40,65,7506306226852,gs1_mx,EAN-13 México,,,,,,1
FC-06245686,Desodorante Axe Men Epic-F 48H,marca,Higiene,Axe,,Antitranspirante / desodorante,si,,Desodorante,SPRAY 150 ML,45.83,73.33,60.0,37.5,categoria,40,65,7506306245686,gs1_mx,EAN-13 México,,,,,,3
FC-56330378,Ponds desmaquillante Bio-Hydra dual,marca,Cuidado personal,Ponds,,,,,Loción limpiadora,200 ML,88.80,125.00,40.8,29.0,categoria,40,125,7501056330378,gs1_mx,EAN-13 México,,,,,,1
FC-40015366,Nasalub Sol,GENERICO,GENERAL,Nasalub,,Cloruro de sodio + Glicerol,,,SPRAY,30 ML,83.32,112.49,35.0,25.9,sin_clasificar,35,113,6502400153668,prefijo_650_interno,Prefijo 650 no es GS1 país (México=750). Interno Farmalive/Genomma.,,,,,,1
FC-40032325,Suerox 8 Iones Lima Limón 630 ML,GENERICO,GENERAL,Suerox,,Electrolitos / suero oral,si,,BEBIDA,Lima Limón 630 ML,14.73,19.89,35.0,25.9,sin_clasificar,35,20,6502400323252,prefijo_650_interno,Prefijo 650 no es GS1 país (México=750). Interno Farmalive/Genomma.,,,,,,1
FC-40035395,Suerox 8 Iones Coco 630 ML,GENERICO,GENERAL,Suerox,,Electrolitos / suero oral,si,,BEBIDA,Coco 630 ML,14.73,19.89,35.0,25.9,sin_clasificar,35,20,6502400353952,prefijo_650_interno,Prefijo 650 no es GS1 país (México=750). Interno Farmalive/Genomma.,,,,,,1
FC-75354321,Tylenol,marca,Otro,Tylenol,KENVUE,,,,TABLETAS,TABLETAS,50.00,65.00,30.0,23.1,med_otc_marca,35,68,7501007535432,gs1_mx,EAN-13 México,,118.0,118.0,116,,1
FC-0BDE9283,Clophiven 200 Dosis 50 Mcg,marca,Producto,Clophiven,,,,,,15 G,56.51,73.47,30.0,23.1,sin_clasificar,35,77,,vacio,,,,,,,1
FC-75125811,Evenflo Colors,marca,Bebés,Evenflo,KIMBERLY CLARK,Material sintetico,,,Biberón,,13.40,21.44,60.0,37.5,categoria,30,19,7501027512581,gs1_mx,EAN-13 México,,,,,,1
FC-75163051,Evenflo Ensueno Azul,marca,Bebés,Evenflo,KIMBERLY CLARK,Material sintetico,,,Biberón,,15.80,25.28,60.0,37.5,categoria,30,21,7501027516305,gs1_mx,EAN-13 México,,,,,,24
FC-44B6751A,Aquito 500/100/30/4 Mg,marca,Otro,Laur,,,,,AMPOLLETA,3 AMPOLLETA,59.63,77.52,30.0,23.1,sin_clasificar,35,81,,vacio,,,,,,,1
FC-4FD413D2,Haspen,marca,Otro,Haspen,,,,20 MG/1 ML,AMPOLLETA,3 AMPOLLETA,23.53,30.59,30.0,23.1,sin_clasificar,35,32,,vacio,,,,,,,1
FC-2001A890,Ampigrin AD (Ampicilina + Dicloxacilina),marca,Otro,Ampigrin,,,,500/500/100/30MG/3 ML,AMPOLLETA,3 AMPOLLETA,81.71,106.23,30.0,23.1,sin_clasificar,35,111,,vacio,,,,,,,2
FC-75064938,Desodorante Ego Force 24H roll-on,marca,Higiene,Ego,,Antitranspirante / desodorante,si,,Desodorante,45 ML,23.89,40.00,67.4,40.3,categoria,40,34,75064938,ean8_o_interno,8 dígitos: EAN-8 real o código interno recortado,,,,,,2
FC-07521317,Gotero cristal,marca,Botiquín,Genérico,,Vidrio / plastico,,,Gotero,,1.20,7.00,483.3,82.9,sin_clasificar,35,7,7501507521317,gs1_mx,EAN-13 México,,,,,,100
FC-08344747,Afrodit,marca,Producto,Afrodit,PROGELA,Emolientes,,,,400 UI,45.08,72.13,60.0,37.5,sin_clasificar,35,61,7503008344747,gs1_mx,EAN-13 México,,,,,,5
FC-759A5EF9,Wermy,marca,Otro,Wermy,,,,300 MG,CAPSULAS,30 CAPSULAS,24.89,32.36,30.0,23.1,med_otc_marca,35,34,,vacio,,,,,,,2
FC-23001331,Sr. Ting pomada (ácido bórico),marca,Producto,Sr,LAB HORMONA,Acido bórico / talco,,,CREMA,,73.60,117.76,60.0,37.5,sin_clasificar,35,100,7501072300133,gs1_mx,EAN-13 México,,,,,,1
FC-27512574,Evenflo Colors,marca,Bebés,Evenflo,KIMBERLY CLARK,Material sintetico,,,Biberón,,15.80,25.28,60.0,37.5,categoria,30,21,7501027512574,gs1_mx,EAN-13 México,,,,,,1
FC-79071241,Bisolvon Infantil,marca,Respiratorio,Bisolvon,LAB HORMONA,Bromhexina,,,JARABE,Jarabe120 ML 80mg,144.95,216.00,49.0,32.9,med_otc_marca,35,196,7501037907124,gs1_mx,EAN-13 México,,,,,,1
FC-76000260,Crema Vitacilina amarilla aclaradora,marca,Cuidado personal,Vitacilina,,,,,Crema,100 G,80.00,120.00,50.0,33.3,categoria,40,112,7506376000260,gs1_mx,EAN-13 México,,,,,,1
FC-07F04F88,Amcef IM 500 mg (Inyectable),marca,Otro,Amcef,,,,500MG/2 ML,FRASCO AMPULA,1 FRASCO AMPULA,19.43,25.26,30.0,23.1,sin_clasificar,35,27,,vacio,,,,,,,2
FC-76000253,Crema Vitacilina roja antiarrugas,marca,Cuidado personal,Vitacilina,,,,,Crema,100 G,80.00,120.00,50.0,33.3,categoria,40,112,7506376000253,gs1_mx,EAN-13 México,,,,,,1
FC-19006371,Toallas Saba Invisible con alas C/10,marca,Higiene,Saba,,Solucion limpiadora,,,Toallas sanitarias,C/10,20.34,30.00,47.5,32.2,categoria,40,29,7501019006371,gs1_mx,EAN-13 México,,,,,,2
FC-06249776,Shampoo Sedal Ceramidas,marca,Higiene,Sedal,,Surfactantes / formula capilar,si,,Shampoo,180 ML,18.88,25.00,32.4,24.5,categoria,40,27,7506306249776,gs1_mx,EAN-13 México,,,,,,1
FC-1DA570E3,Cloxan,marca,Otro,Cloxan,,AMBROXOL,,30 MG,COMPRIMIDOS,20 COMPRIMIDOS,9.75,12.68,30.1,23.1,med_otc_marca,35,15,7501573900337,gs1_mx,EAN-13 México,25.0,,25.0,25,,2
FC-24511711,Silica Shine Sily 3/1 Mora,marca,Cuidado personal,ShineSily,,Silice / dimeticone,,,Tratamiento capilar,105 ML,45.26,63.00,39.2,28.2,categoria,40,64,7502224511711,gs1_mx,EAN-13 México,,,,,,1
FC-25652716,Escudo Antibacterial Original,marca,Higiene,Escudo,,Surfactantes / formula corporal,si,,Jabón,135 G,14.78,19.00,28.6,22.2,categoria,40,21,7506425652716,gs1_mx,EAN-13 México,,,,,,2
FC-76000277,Vitacilina crema humectante,marca,GENERAL,Vitacilina,KSK,,,,,100 G,277.00,374.00,35.0,25.9,sin_clasificar,35,374,7506376000277,gs1_mx,EAN-13 México,,,,,,1
FC-23273451,Jeringa insulina 0.5 ml,marca,Botiquín,Jayor,JAYOR,Plastico medical grade,,,Jeringa,C/100,217.20,282.36,30.0,23.1,categoria,50,326,7506022327345,gs1_mx,EAN-13 México,,,,,,1
FC-35908116,Talco Para Bebe Mennen Azul ch,marca,Higiene,Mennen,,Talco / zinc undecilenato,,,,100 g,38.18,54.00,41.4,29.3,categoria,40,54,7501035908116,gs1_mx,EAN-13 México,,,,,,1
FC-84335531,Aspirina Forte C/24 Caf Iaspirina,marca,Otro,Aspirina,BAYER OTC,Acido acetilsalicilico + Caffeina,,,TABLETAS,C/24,71.79,93.33,30.0,23.1,med_otc_marca,35,97,7501008433553,gs1_mx,EAN-13 México,,,,,,1
FC-3E863E37,Tratidri,marca,Otro,Tratidri,,,,500/50 MG 60 G,GEL,1 GEL,47.47,61.72,30.0,23.1,sin_clasificar,35,65,,vacio,,,,,,,1
FC-35919129,Shampoo Palmolive Vital Keratina,marca,Higiene,Palmolive,,Surfactantes / formula capilar,si,,,400 mL,49.29,55.00,11.6,10.4,categoria,40,70,7501035919129,gs1_mx,EAN-13 México,,,,,,1
FC-29003221,Quirmex,marca,Botiquín,Quirmex,QUIRMEX,Vaselina + lanolina,,,Vaso recolector,,3.70,5.93,60.3,37.6,categoria,50,9,7506552900322,gs1_mx,EAN-13 México,,,,,,1
FC-84999001,Alka-Seltzer,marca,Otro,Alka-Seltzer,BAYER OTC,Acido acetilsalicilico + Acido citrico + Bicarbonato de sodio,,,TABLETAS,C/50,174.00,278.41,60.0,37.5,med_otc_marca,35,235,7501008499900,gs1_mx,EAN-13 México,,,,,,1
FC-84431050,Acetona Jaloma chico,marca,Cuidado personal,Jaloma,,,,,Acetona,60 ML,11.53,17.00,47.4,32.2,categoria,40,17,7596844310502,gs1_otro_pais,"EAN-13 válido, prefijo 759 (no 750)",,,,,,1
FC-127F5753,Mercurio Arnica Tomar,marca,Producto,Mercurio,,Arnica montana,,,GOTAS,C/25,7.50,12.00,60.0,37.5,sin_clasificar,35,13,3311000003920,gs1_otro_pais,"EAN-13 válido, prefijo 331 (no 750)",,,,,,3
FC-25E452B6,Mercurio Arnica Untar,marca,Producto,Mercurio,,Arnica montana,,,POMADA,C/25,7.50,12.00,60.0,37.5,sin_clasificar,35,13,3311000003920,gs1_otro_pais,"EAN-13 válido, prefijo 331 (no 750)",,,,,,3
FC-82740011,Nuvel quita esmalte humectante lanolina,marca,Cuidado personal,Nuvel,,,,,Quita esmalte,125 ML,14.08,20.00,42.0,29.6,categoria,40,20,7501082740011,gs1_mx,EAN-13 México,,,,,,1
FC-28A424E5,Diziver,marca,Otro,Diziver,,HIDROCLOROTIAZIDA,,25 MG,TABLETAS,20 TABLETAS,8.15,10.60,30.1,23.1,med_otc_marca,35,14,7502009746383,gs1_mx,EAN-13 México,,,,,,3
FC-84437151,Acetona Jaloma mediano,marca,Cuidado personal,Jaloma,,,,,Acetona,120 ML,19.77,28.00,41.6,29.4,categoria,40,28,7596844371510,gs1_otro_pais,"EAN-13 válido, prefijo 759 (no 750)",,,,,,1
FC-33950063,Pediasure fresa,marca,Suplemento,Pediasure,,Suplemento nutricional,,,Líquido,236 ML,44.00,66.00,50.0,33.3,categoria,45,64,7501033956331,gs1_mx,EAN-13 México,,,,,,2
FC-33950100,Ensure chocolate,marca,Suplemento,Ensure,,Suplemento nutricional,,,Líquido,236 ML,42.00,63.00,50.0,33.3,categoria,45,61,7501033954061,gs1_mx,EAN-13 México,,,,,,2
FC-85097661,Chinoin Junior jarabe infantil,marca,GENERAL,Chinoin,CHINOIN,,,,,,127.90,204.64,60.0,37.5,sin_clasificar,35,173,7501088509766,gs1_mx,EAN-13 México,,,,,,1
FC-82176351,Neurobión inyectable prellenado,marca,Otro,Neurobion,PG HEALTH,,,,Inyectable,C/1,273.42,438.00,60.2,37.6,med_otc_marca,35,370,7501298217635,gs1_mx,EAN-13 México,,,,,,1
FC-33954078,Ensure Fresa,marca,Gastro,Ensure,,Suplemento nutricional,,,Suplemento,237 ML,42.00,63.00,50.0,33.3,sin_clasificar,35,57,7501033954078,gs1_mx,EAN-13 México,,,,,,2
FC-33956126,Glucerna Vainilla,marca,Gastro,Glucerna,,Suplemento nutricional,,,Suplemento,237 ML,47.50,72.00,51.6,34.0,sin_clasificar,35,65,7501033956126,gs1_mx,EAN-13 México,,,,,,2
FC-357D4A17,Ceftazidima,marca,Otro,Ceftazidima,,Ceftazidima,,1 G/3 ML,FRASCO AMPULA,1 FRASCO AMPULA,45.42,59.05,30.0,23.1,sin_clasificar,35,62,7501349022799,gs1_mx,EAN-13 México,,261.0,261.0,256,,2
FC-84095411,Saridon,marca,Otro,Saridon,BAYER OTC,,,,TABLETAS,120 TABLETAS,64.75,84.18,30.0,23.1,med_otc_marca,35,88,7501008409541,gs1_mx,EAN-13 México,27.0,,27.0,27,si,1
FC-84973401,Flanax,marca,Otro,Flanax,BAYER OTC,,,,TABLETAS,00 TABLETAS · C/12,182.70,237.51,30.0,23.1,med_otc_marca,35,247,7501008497340,gs1_mx,EAN-13 México,,227.0,227.0,223,si,1
FC-36041273,Crema Hinds Clasica Rosa,marca,Cuidado personal,Hinds,,Emolientes / humectantes,,,Crema,400 mL,49.97,60.00,20.1,16.7,categoria,40,70,0378360412734,gs1_otro_pais,"EAN-13 válido, prefijo 037 (no 750)",,,,,,1
FC-35911208,Palmolive Aquarium,marca,Higiene,Palmolive,,Surfactantes / formula corporal,si,,Jabón líquido,221 ML,23.79,34.00,42.9,30.0,categoria,40,34,7501035911208,gs1_mx,EAN-13 México,,,,,,1
FC-07457796,Shampoo Pantene Brillo Extremo,marca,Higiene,Pantene,,Surfactantes / formula capilar,si,,Shampoo,400 mL,75.70,121.12,60.0,37.5,categoria,40,106,7501007457796,gs1_mx,EAN-13 México,,,,,,1
FC-24511629,Silica Shine uva,marca,Cuidado personal,Shine Sily,,Silice / dimeticone,,,Tratamiento capilar,105 ML,44.76,63.00,40.8,29.0,categoria,40,63,7502224511629,gs1_mx,EAN-13 México,,,,,,1
FC-40013850,Crema Teatrical Lanolina,marca,Cuidado personal,Teatrical,,Emolientes / lanolina,,,Crema,52 g,30.02,43.00,43.2,30.2,categoria,40,43,6502400138504,prefijo_650_interno,Prefijo 650 no es GS1 país (México=750). Interno Farmalive/Genomma.,,,,,,1
FC-45079011,Labello,marca,Otro,Labello,BDF MEXICO,Emolientes labiales,,,POMADA,,56.50,90.40,60.0,37.5,sin_clasificar,35,77,7501054507901,gs1_mx,EAN-13 México,,,,,,1
FC-43475014,Pañal Diapro Grande,marca,Otro,Diapro,,Celulosa absorbente,,,,,99.00,149.00,50.5,33.6,categoria,30,129,7501943475014,gs1_mx,EAN-13 México,,,,,,2
FC-35020008,Shampoo Herbal Essences Limp Renov,marca,Higiene,Herbal Essences,,Surfactantes / formula capilar,si,,Shampoo,375 ML,73.76,104.00,41.0,29.1,categoria,40,104,7500435020008,gs1_mx,EAN-13 México,,,,,,1
FC-06234062,Sedal Anti Nudos,marca,Cuidado personal,Sedal,,,,,Crema,300 ML,50.07,71.00,41.8,29.5,categoria,40,71,7506306234062,gs1_mx,EAN-13 México,,,,,,1
FC-35020077,Shampoo Head & Shoulders Alivio Refrescante,marca,Higiene,Head & Shoulders,,Surfactantes / formula capilar,si,,Shampoo,180 mL,24.91,35.00,40.5,28.8,categoria,40,35,7500435020077,gs1_mx,EAN-13 México,,,,,,1
FC-42270027,Crema Nivea Facial 7 en 1,marca,Cuidado personal,Nivea,,Emolientes / humectantes,,,Crema,200 ML,86.77,137.40,58.3,36.8,categoria,40,122,42270027,ean8_o_interno,8 dígitos: EAN-8 real o código interno recortado,,,,,,1
FC-43454811,Toallitas húmedas cuidado puro,marca,Higiene,Huggies,KIMBERLY CLARK,Solucion limpiadora,,,Toallas húmedas,C/80,39.60,63.37,60.0,37.5,categoria,40,56,7501943454811,gs1_mx,EAN-13 México,,,,,,9
FC-43471900,Toallitas húmedas C/120,marca,Higiene,Absorsec,KIMBERLY CLARK,Solucion limpiadora,,,Toallas húmedas,C/120,21.46,34.34,60.0,37.5,categoria,40,31,7501943471900,gs1_mx,EAN-13 México,,,,,,1
FC-447B30F9,Budesonida,marca,Otro,Budesonida,,Budesonida,,0.250MG/2 ML,AMPOLLETA,5 AMPOLLETA,131.38,170.80,30.0,23.1,sin_clasificar,35,178,7501349023987,gs1_mx,EAN-13 México,,,,,,1
FC-48335305,Degasa 15.00 Agua Oxigenada,marca,Botiquín,Degasa,DEGASA,Agua oxigenada,,,Agua oxigenada,480 ML,14.70,23.52,60.0,37.5,categoria,50,23,7501048335305,gs1_mx,EAN-13 México,,,,,,1
FC-48623006,Protec Pads Facial Redondos C/100,marca,Cuidado personal,Protec,DEGASA,Material absorbente,,,Pads,C/100,21.70,34.72,60.0,37.5,categoria,40,31,7501048623006,gs1_mx,EAN-13 México,,,,,,2
FC-46682815,Desodorante Speed Stick sensitive protect,marca,Higiene,Speed Stick,,Antitranspirante / desodorante,si,,,150 mL,29.91,40.00,33.8,25.2,categoria,40,42,7509546682815,gs1_mx,EAN-13 México,,,,,,1
FC-43489165,Escudo jabón líquido blanco neutro,marca,Higiene,Escudo,,Jabon / tensioactivos,,,Jabón líquido,225 ML,25.08,36.00,43.5,30.3,categoria,40,36,7501943489165,gs1_mx,EAN-13 México,,,,,,1
FC-38CAFE6B,Mercurio Aceite Romero,marca,Producto,Mercurio,,Producto homeopatico / natural,,,Aceite,C/25,8.00,12.80,60.0,37.5,sin_clasificar,35,13,,vacio,,,,,,,3
FC-3676D5DC,Mercurio Espiritus Tomar,marca,Producto,Mercurio,,Producto homeopatico / natural,,,Producto natural,C/25,6.00,9.61,60.2,37.6,sin_clasificar,35,11,,vacio,,,,,,,3
FC-39036C88,Mercurio Glicerina,marca,Producto,Mercurio,,Producto homeopatico / natural,,,Glicerina,C/25,12.00,19.21,60.1,37.5,sin_clasificar,35,17,,vacio,,,,,,,3
FC-47AAF23B,Mercurio Sulfatiazol Polvo,marca,Producto,Mercurio,,Producto homeopatico / natural,,,Polvo,C/50,69.00,110.40,60.0,37.5,sin_clasificar,35,94,,vacio,,,,,,,1
FC-40CE757D,Cefalver,marca,Otro,Cefalver,,,,1 G,TABLETAS,12 TABLETAS,62.48,81.23,30.0,23.1,med_otc_marca,35,85,,vacio,,,,,,,1
FC-85592111,Scabisan,marca,Producto,Scabisan,CHINOIN,,,,CREMA,,194.60,311.36,60.0,37.5,sin_clasificar,35,263,7501088559211,gs1_mx,EAN-13 México,,,,,,1
FC-86167151,Nestum Probioticos Avena 270 Probioticos,marca,Abarrotes,Nestum,MARCAS NESTLE,,,,Suplemento,,52.43,83.89,60.0,37.5,categoria,40,74,7501058616715,gs1_mx,EAN-13 México,,,,,,1
FC-86901100,Alcohol Etilico Azul 71.6,marca,Botiquín,Dibar,,Alcohol etilico,,,Alcohol,125 ML,7.40,13.00,75.7,43.1,categoria,50,13,7501868901100,gs1_mx,EAN-13 México,,,,,,5
FC-88923551,Cilocid Iv,marca,Otro,Cilocid,BRULUART,,,,TABLETAS,C/20,7.25,9.43,30.1,23.1,med_otc_marca,35,13,7502208892355,gs1_mx,EAN-13 México,,,,,,16
FC-87154871,Graneodin F (flurbiprofeno),marca,Analgésico,Graneodin,RB HEALTH,Flurbiprofeno,,,TABLETAS,C/16 8.75 mg,135.20,172.12,27.3,21.5,med_otc_marca,35,183,7501058715487,gs1_mx,EAN-13 México,,,,,,2
FC-88508929,Anara,marca,Otro,Anara,CHINOIN,,,,TABLETAS,C/20,162.60,211.38,30.0,23.1,med_otc_marca,35,220,7501088508929,gs1_mx,EAN-13 México,,,,,,1
FC-885F2723,Carbamazepina,generico,Otro,,,CARBAMAZEPINA,,200 MG,TABLETAS,20 TABLETAS,18.11,28.98,60.0,37.5,med_generico,60,29,,vacio,,,80.0,80.0,79,,3
FC-87932321,Microdacyn lubricante cereza 50 ml,marca,Higiene,Microdacyn,RB HEALTH,,,,Lubricante,50 ML,101.90,163.05,60.0,37.5,categoria,40,143,7501058793232,gs1_mx,EAN-13 México,,,,,,1
FC-51067711,Nido leche en polvo (grande),marca,Producto,Nido,MARCAS NESTLE,Formula lactea,,,,,112.70,180.33,60.0,37.5,sin_clasificar,35,153,7506475106771,gs1_mx,EAN-13 México,,,,,,1
FC-50003151,Neo-Melubrina jarabe,marca,Otro,Opella,OPELLA,Dipirona + Metoclopramida,,,Inyectable,100 ML,118.58,189.73,60.0,37.5,med_otc_marca,35,161,7501165000315,gs1_mx,EAN-13 México,,,,,,1
FC-86708021,Protec termómetro digital,marca,Producto,Protec,DEGASA,Material absorbente,,,,,41.26,66.02,60.0,37.5,sin_clasificar,35,56,7501048670802,gs1_mx,EAN-13 México,,,,,,1
FC-89794961,Histiacil NF Infantil (Jarabe),marca,Otro,Histiacil,OPELLA,,,150 ML,JARABE,1 JARABE,125.80,163.54,30.0,23.1,med_otc_marca,35,170,7501328979496,gs1_mx,EAN-13 México,,,,,,1
FC-88947797,Tribedoce Tabletas,marca,Vitaminas,Tribedoce Bruluagsa,BRULUART,Tiamina/Piridoxina/Cianocobalamina,,,TABLETAS,C/30 100mg/5mg/50mg/,17.64,24.00,36.1,26.5,categoria,45,26,7502208894779,gs1_mx,EAN-13 México,,,,,,5
FC-50AC2C82,Erispan,marca,Otro,Erispan,,BETAMETASONA,,8MG/2 ML,FRASCO AMPULA,1 FRASCO AMPULA,24.45,31.79,30.0,23.1,sin_clasificar,35,34,7502009740916,gs1_mx,EAN-13 México,56.0,,56.0,55,,1
FC-54073302,Silica Shine Sily Oleo Argan,marca,Cuidado personal,Shine Sily,,Silice / dimeticone,,,Tratamiento capilar,105 ML,45.26,63.00,39.2,28.2,categoria,40,64,7502254073302,gs1_mx,EAN-13 México,,,,,,1
FC-54504535,Crema corporal Nivea Milk,marca,Cuidado personal,Nivea,,Emolientes / humectantes,,,Crema,400 ML,85.87,121.00,40.9,29.0,categoria,40,121,7501054504535,gs1_mx,EAN-13 México,,,,,,1
FC-54549796,Crema Nivea Milk Nutritiva,marca,Cuidado personal,Nivea,,Emolientes / humectantes,,,Crema,100 mL,31.58,45.00,42.5,29.8,categoria,40,45,7501054549796,gs1_mx,EAN-13 México,,,,,,1
FC-54549819,Crema Nivea Softmilk,marca,Cuidado personal,Nivea,,Emolientes / humectantes,,,Crema,100 ML,26.30,42.09,60.0,37.5,categoria,40,37,7501054549819,gs1_mx,EAN-13 México,,,,,,1
FC-55280956,Desodorante Obao Men Tattoo Rebel (Hombre),marca,Higiene,Obao,,Antitranspirante / desodorante,si,,Desodorante,R-ON 65 G,25.83,33.00,27.8,21.7,categoria,40,37,7509552780956,gs1_mx,EAN-13 México,,,,,,1
FC-56131681,Evenflo,marca,Higiene,Evenflo,KIMBERLY CLARK,Material sintetico,,,Pañuelos desechables,C/90,24.89,39.83,60.0,37.5,categoria,40,35,7506425613168,gs1_mx,EAN-13 México,,,,,,14
FC-95467264,Sal de Uvas Ixh C/50,marca,Producto,Sal de Uvas,RB HEALTH,,,,,C/50,163.50,261.61,60.0,37.5,sin_clasificar,35,221,7501095467264,gs1_mx,EAN-13 México,,,,,,1
FC-58611420,Nido Nido Nestle Bolsa,marca,Abarrotes,Nido,MARCAS NESTLE,Formula lactea,,,Leche,,53.70,85.93,60.0,37.5,categoria,40,76,7501058611420,gs1_mx,EAN-13 México,,,,,,1
FC-66534951,Colgate Total,marca,Higiene,Colgate,COLGATE PALMOLIVE,Fluoruro de sodio,,,Crema dental,1 tubo,22.93,36.69,60.0,37.5,categoria,40,33,7509546653495,gs1_mx,EAN-13 México,,,,,,1
FC-5D59ED54,Mercurio Cloruro De Magnesio Cajita,marca,Producto,Mercurio,,Producto homeopatico / natural,,,Producto natural,C/10,34.00,54.41,60.0,37.5,sin_clasificar,35,46,,vacio,,,,,,,2
FC-614E4F82,Perilla N3,generico,Botiquín,Edigar,,Material plastico,,,Perilla,PIEZA,18.50,29.60,60.0,37.5,categoria,50,28,,vacio,,,,,,,2
FC-66055303,Prueba Embarazo Meditest,marca,Producto,Meditest,,Gonadotropina corionica (test),,,,C/1,15.18,25.00,64.7,39.3,sin_clasificar,35,21,7506022315281,gs1_mx,EAN-13 México,,,,,,6
FC-68900134,Gasa Lox10 C/100,marca,Producto,Dibar,DIBAR,Material de curacion,,,,C/100,108.88,174.21,60.0,37.5,categoria,50,164,7501868900134,gs1_mx,EAN-13 México,,,,,,3
FC-67905186,Blumen coconut líquido,marca,Higiene,Blumen,,Surfactantes,si,,Jabón líquido,221 ML,16.70,24.00,43.7,30.4,categoria,40,24,7506267905186,gs1_mx,EAN-13 México,,,,,,1
FC-95451096,Sal de uvas,marca,Gastro,Picot,RB HEALTH,Bicarbonato de sodio/Acido tartarico/Acido citrico,,,,C/10,37.14,60.00,61.6,38.1,sin_clasificar,35,51,7501095451096,gs1_mx,EAN-13 México,,,,,,2
FC-56360429,Talco para pies Rexona Efficient Orig,marca,Higiene,Genérico,,Talco / zinc undecilenato,,,Talco,200 G,71.80,101.00,40.7,28.9,categoria,40,101,7501056360429,gs1_mx,EAN-13 México,,,,,,1
FC-56371159,Jabon Dove Exfoliacion,marca,Otro,Dove,,Jabon / tensioactivos,,,Jabón,135 G,30.54,35.00,14.6,12.7,sin_clasificar,35,42,7501056371159,gs1_mx,EAN-13 México,,,,,,1
FC-57925EF3,Reglusan,marca,Otro,Reglusan,,GLIBENCLAMIDA,,5 MG,TABLETAS,50 TABLETAS,8.88,11.55,30.1,23.1,med_otc_marca,35,14,7501075714739,gs1_mx,EAN-13 México,,,,,,5
FC-5C8C9C11,Gelubrin,marca,Otro,Gelubrin,,IBUPROFENO,,600 MG,CAPSULAS,10 CAPSULAS,21.95,28.54,30.0,23.1,med_otc_marca,35,30,7503027446279,gs1_mx,EAN-13 México,,,,,,5
FC-61111501,Talco Desodorante ODolex,marca,Higiene,Odolex,,Antitranspirante / desodorante,si,,Talco,150 G,17.77,25.00,40.7,28.9,categoria,40,25,7501361111501,gs1_mx,EAN-13 México,,,,,,1
FC-61124013,Talco Desodorante Odolex Fresh,marca,Higiene,Odolex,,Antitranspirante / desodorante,si,,Talco,150 G,17.77,25.00,40.7,28.9,categoria,40,25,7501361124013,gs1_mx,EAN-13 México,,,,,,1
FC-68900127,Gasa 10 x 10,marca,Botiquín,Dibar,DIBAR,Material de curacion,,,Gasa,PAQ 10,123.58,197.73,60.0,37.5,categoria,50,186,7501868900127,gs1_mx,EAN-13 México,,,,,,1
FC-68960257,Alcohol Etilico Rojo 96°,marca,Botiquín,Dibar,,Alcohol etilico,,,Alcohol,1 L,53.20,80.00,50.4,33.5,categoria,50,80,7501868900257,gs1_mx,EAN-13 México,,,,,,12
FC-67905131,Blumen jabón líquido cherry blossom,marca,Higiene,Blumen,,Jabon / tensioactivos,,,Jabón líquido,221 ML,16.70,28.45,70.4,41.3,categoria,40,24,7506267905131,gs1_mx,EAN-13 México,,,,,,1
FC-5A697CC2,Mercurio Aceite Olivo,marca,Producto,Mercurio,,Producto homeopatico / natural,,,Aceite,C/25,8.00,12.80,60.0,37.5,sin_clasificar,35,13,,vacio,,,,,,,3
FC-578F060C,Mercurio Borax Polvo,marca,Producto,Mercurio,,Producto homeopatico / natural,,,Polvo,C/50,53.00,84.81,60.0,37.5,sin_clasificar,35,72,,vacio,,,,,,,1
FC-62034164,Mercurio Espiritus Untar,marca,Producto,Mercurio,,Producto homeopatico / natural,,,Producto natural,C/25,6.00,9.61,60.2,37.6,sin_clasificar,35,11,,vacio,,,,,,,3
FC-59225411,Nido leche en polvo (bolsa),marca,Producto,Nido,MARCAS NESTLE,Formula lactea,,,,,74.19,118.71,60.0,37.5,sin_clasificar,35,101,7501059225411,gs1_mx,EAN-13 México,,,,,,1
FC-1321B34F,Hidroxon,marca,Otro,Hidroxon,,,,10 MG,TABLETAS,30 TABLETAS,34.60,44.98,30.0,23.1,med_otc_marca,35,47,,vacio,,,,,,,1
FC-6898B64F,Bioerter,marca,Otro,Bioerter,PROGELA,CETIRIZINA,,250 MG/100 ML,SUSPENSION,1 SUSPENSION,47.70,62.02,30.0,23.1,med_otc_marca,35,65,7503008344747,gs1_mx,EAN-13 México,84.0,,84.0,83,,1
FC-68990023,Alcohol Etilico Rojo 96°,marca,Botiquín,Dibar,,Alcohol etilico,,,Alcohol,500 ML,28.20,49.00,73.8,42.4,categoria,50,43,7501868990023,checksum_invalido,Dígito verificador GS1 no cuadra,,,,,,3
FC-DB3B2584,Celesbitan,marca,Otro,Celesbitan,,,,C/BER 6MG/2 ML,FRASCO AMPULA,1 FRASCO AMPULA,16.91,21.99,30.0,23.1,sin_clasificar,35,23,,vacio,,56.0,,56.0,55,,2
FC-83351381,Agua oxigenada,marca,Botiquín,Dermocleen,DEGASA,Agua oxigenada,,,Agua oxigenada,100 ML,7.64,12.23,60.1,37.5,categoria,50,13,7501048335138,gs1_mx,EAN-13 México,,,,,,1
FC-83351691,Degasa Agua Oxigenada,marca,Botiquín,Degasa,DEGASA,Agua oxigenada,,,Agua oxigenada,230 ML,10.19,16.31,60.1,37.5,categoria,50,16,7501048335169,gs1_mx,EAN-13 México,,,,,,2
FC-6B2ADEE9,Protect aerosol 200 dosis,marca,GENERAL,Protect,,Budesonida + Formoterol,,,SPRAY,12.80 G,96.21,125.08,30.0,23.1,sin_clasificar,35,130,7501109900008,gs1_mx,EAN-13 México,,,,,,1
FC-72300171,Talco Desodorante Ting polvo,marca,Cuidado personal,Ting,,Antitranspirante / desodorante,si,,Polvo,85 G,80.46,113.00,40.4,28.8,categoria,40,113,7501072300171,gs1_mx,EAN-13 México,,,,,,1
FC-DA34D88D,Erbitrax Terbinafina,marca,Otro,Erbitrax,,,,250 MG,TABLETAS,C/7,49.83,67.00,34.5,25.6,med_otc_marca,35,68,7502211783657,gs1_mx,EAN-13 México,,,,,,1
FC-72629012,Cepillo Dent Clinic,marca,Higiene,Clinic,,Material sintetico,,,Cepillo dental,1 pz,8.05,15.00,86.3,46.3,categoria,40,14,7501072629012,gs1_mx,EAN-13 México,,,,,,12
FC-75069223,Rexona Sport Stick,marca,Higiene,Rexona,,Antitranspirante,si,,Desodorante,45 g,42.82,60.00,40.1,28.6,categoria,40,60,75069223,ean8_o_interno,8 dígitos: EAN-8 real o código interno recortado,,,,,,1
FC-75076009,Rexona 48H Happy (Mujer),marca,Higiene,Rexona,,Antitranspirante,si,,Desodorante,STICK 45 G,51.50,85.60,66.2,39.8,categoria,40,73,75076009,ean8_o_interno,8 dígitos: EAN-8 real o código interno recortado,,,,,,1
FC-89810021,Armstrong Herklin Ne Sham 60 Ml,marca,Producto,Armstrong,ARMSTRONG,Surfactantes,si,,SHAMPOO,60 ML,79.38,127.01,60.0,37.5,sin_clasificar,35,108,7501089810021,gs1_mx,EAN-13 México,,,,,,2
FC-92506045,Cera Ego Matte,marca,Cuidado personal,Ego,,Cera / resina,,,Cera capilar,25 G,17.98,27.00,50.2,33.4,categoria,40,26,7506192506045,gs1_mx,EAN-13 México,,,,,,1
FC-93022567,Desodorante Rexona Men V8 (Hombre),marca,Higiene,Rexona,,Antitranspirante / desodorante,si,,Desodorante,90 G,54.68,77.00,40.8,29.0,categoria,40,77,7791293022567,gs1_otro_pais,"EAN-13 válido, prefijo 779 (no 750)",,,,,,1
FC-93025919,Desodorante Axe Excite Seco (hombre),marca,Higiene,Axe,,Antitranspirante / desodorante,si,,Desodorante,SPRAY 152 ML,62.83,88.00,40.1,28.6,categoria,40,88,7791293025919,gs1_otro_pais,"EAN-13 válido, prefijo 779 (no 750)",,,,,,1
FC-93038223,Desodorante Rexona Men Sport,marca,Higiene,Rexona,,Antitranspirante / desodorante,si,,Desodorante,SPRAY 150 ML,54.68,77.00,40.8,29.0,categoria,40,77,7791293038223,gs1_otro_pais,"EAN-13 válido, prefijo 779 (no 750)",,,,,,1
FC-930E0B1B,Vandil,marca,Otro,Vandil,,AMOXICILINA,,250MG/5/75 ML,SUSPENSION,1 SUSPENSION,20.58,26.76,30.0,23.1,med_otc_marca,35,29,7503001007069,gs1_mx,EAN-13 México,,,,,,1
FC-80950139,Condones Trojan Pro-Tech,marca,Producto,Trojan,CHURCH & DWIGHTND,Latex,si,,,3 pzs,36.13,68.00,88.2,46.9,sin_clasificar,35,49,7501080950139,gs1_mx,EAN-13 México,,,,,,1
FC-DDFBABDF,Clamoxin 12H Ped (Amoxicilina/Clavulánico susp.),marca,Otro,Clamoxin,,AMOXICILINA/AC. CLAVULANICO,,200/28.5MG/40 ML,SUSPENSION,1 SUSPENSION,25.94,33.73,30.0,23.1,med_otc_marca,35,36,,vacio,,,,,,,1
FC-DB4A39AE,Eferox (Cefalexina),marca,Otro,Calcio,,,,500 MG,COMPRIMIDOS,12 COMPRIMIDOS,39.07,50.80,30.0,23.1,med_otc_marca,35,53,,vacio,,,,,,,1
FC-89F00320,Mercurio Arnica,marca,Cuidado personal,Mercurio,,Arnica montana,,,Pomada,C/25,10.50,16.80,60.0,37.5,categoria,40,16,3311000003920,gs1_otro_pais,"EAN-13 válido, prefijo 331 (no 750)",,,,,,5
FC-73629981,Kleenex Panuelos Pack C/8 1,marca,Higiene,Kleenex,KIMBERLY CLARK,Celulosa,,,Pañuelos desechables,C/8,33.30,53.28,60.0,37.5,categoria,40,47,7501017362998,gs1_mx,EAN-13 México,,,,,,1
FC-83510531,Protec Antibacterial 22.40 Antibacterial,marca,Cuidado personal,Protec,DEGASA,Material absorbente,,,Gel,250 ML,123.58,197.73,60.0,37.5,categoria,40,174,7501048351053,gs1_mx,EAN-13 México,,,,,,1
FC-92821171,Nido Nido Nestle Bolsa Nestle,marca,Abarrotes,Nido,MARCAS NESTLE,Formula lactea,,,Leche,240 G,30.67,49.08,60.0,37.5,categoria,40,43,7501059282117,gs1_mx,EAN-13 México,,,,,,2
FC-AA905BF7,Perludil,marca,Otro,Perludil,,ALGESTONA + ESTRADIOL,,150/10 MG,FRASCO AMPULA,1 FRASCO AMPULA,16.11,20.95,30.0,23.1,sin_clasificar,35,22,7800831412262,gs1_otro_pais,"EAN-13 válido, prefijo 780 (no 750)",,,,,,1
FC-22150221,Jabon en Barra Ricitos de Oro Neutro,marca,Higiene,Ricitos de Oro,,Jabon / tensioactivos,,,Jabón,90 G,20.80,30.00,44.2,30.7,categoria,40,30,7501022150221,gs1_mx,EAN-13 México,,,,,,1
FC-35908130,Talco Para Bebe Mennen Azul,marca,Higiene,Mennen,,Talco / zinc undecilenato,,,Talco,200 G,69.19,97.00,40.2,28.7,categoria,40,97,7501035908130,gs1_mx,EAN-13 México,,,,,,1
FC-35908147,Talco Para Bebe Mennen Rosa,marca,Higiene,Mennen,,Talco / zinc undecilenato,,,Talco,200 G,69.19,97.00,40.2,28.7,categoria,40,97,7501035908147,gs1_mx,EAN-13 México,,,,,,1
FC-40171550,Pasta Dent Sensodyne rápido relief,marca,Higiene,Sensodyne,,Fluoruro de sodio,,,Crema dental,100 G,106.44,150.00,40.9,29.0,categoria,40,150,7794640171550,gs1_otro_pais,"EAN-13 válido, prefijo 779 (no 750)",,,,,,1
FC-43489004,Escudo Rosa Cuidado,marca,Higiene,Escudo,,Surfactantes / formula corporal,si,,Jabón,110 G,8.96,19.00,112.1,52.8,categoria,40,14,7501943489004,gs1_mx,EAN-13 México,,,,,,2
FC-48640751,Venda de yeso 5 cm x 2.75 m,marca,Botiquín,Protec,,Material de curacion,,,Material de curación,1 PZA,14.53,22.00,51.4,34.0,categoria,50,22,7501048640751,gs1_mx,EAN-13 México,,,,,,1
FC-48690909,Venda Elástica Protec 7 cm x 5 m,marca,Botiquín,Protec,,Material de curacion,,,Material de curación,7 CM x 5 M,21.14,32.00,51.4,33.9,categoria,50,32,7501048690909,gs1_mx,EAN-13 México,,,,,,1
FC-54500216,Crema Nivea de Tarro Crist,marca,Cuidado personal,Nivea,,Emolientes / humectantes,,,Crema,400 ML,147.15,207.00,40.7,28.9,categoria,40,207,7501054500216,gs1_mx,EAN-13 México,,,,,,1
FC-42326414,Garnier agua micelar De Rosas,marca,Cuidado personal,Garnier,,,,,Agua micelar,400 ML,108.24,152.00,40.4,28.8,categoria,40,152,3600542326414,gs1_otro_pais,"EAN-13 válido, prefijo 360 (no 750)",,,,,,1
FC-06247468,Gel Ego Fresh,marca,Cuidado personal,Ego,,,,,Gel,200 g,17.54,25.00,42.5,29.8,categoria,40,25,7506306247468,gs1_mx,EAN-13 México,,,,,,1
FC-9827438F,Mercurio Veneno De Abeja,marca,Cuidado personal,Mercurio,,Producto homeopatico / natural,,,Pomada,C/25,9.50,15.20,60.0,37.5,categoria,40,15,,vacio,,,,,,,3
FC-9A1C64E7,Perilla Edigar N O Caja,marca,Producto,Perilla,,Material plastico,,,Perilla,,14.50,23.21,60.1,37.5,sin_clasificar,35,20,,vacio,,,,,,,2
FC-A2B284E0,Hialuronato De Sodio 4Mg,marca,Producto,Hialuronato,,Hialuronato de sodio,,,,10 ML,113.89,148.06,30.0,23.1,sin_clasificar,35,154,,vacio,,,423.0,423.0,415,,1
FC-26462061,Chupon Ternura Ortodontic Miel C3,marca,Bebés,Ternura,,,,,Chupón,,22.30,29.00,30.0,23.1,categoria,30,31,7501026462061,gs1_mx,EAN-13 México,,,,,,1
FC-A871D831,Perilla N6,generico,Botiquín,Edigar,,Material plastico,,,,PIEZA,22.50,30.38,35.0,25.9,categoria,50,34,,vacio,,,,,,,2
FC-9A37D44A,Amdoryl,marca,Otro,Amdoryl,,LANSOPRAZOL,,30 MG,CAPSULAS,14 CAPSULAS,26.11,33.95,30.0,23.1,med_otc_marca,35,36,7503003738961,gs1_mx,EAN-13 México,,,,,,2
FC-9F67BB73,Amifarin,marca,Otro,Amifarin,,DICLOXACILINA,,250MG 60 ML,SUSPENSION,1 SUSPENSION,27.00,35.10,30.0,23.1,med_otc_marca,35,37,7503001007090,gs1_mx,EAN-13 México,,,,,,1
FC-9507CD66,Mercurio Haba Alcanforada,marca,Producto,Mercurio,,Producto homeopatico / natural,,,Haba alcanforada,C/50,65.00,104.00,60.0,37.5,sin_clasificar,35,88,,vacio,,,,,,,1
FC-A680F97E,Mercurio Yodo Tomar,marca,Producto,Mercurio,,Producto homeopatico / natural,,,Yodo,C/25,11.00,17.61,60.1,37.5,sin_clasificar,35,16,,vacio,,,,,,,3
FC-98100381,Shampoo Herklin,marca,Higiene,Herklin,ARMSTRONG,Surfactantes / formula capilar,si,,,20 ML,128.80,206.09,60.0,37.5,categoria,40,181,7501089810038,gs1_mx,EAN-13 México,,,,,,1
FC-45307181,Arnica Bde Parche,marca,GENERAL,Arnica,BDF MEXICO,,,,,,74.68,101.00,35.2,26.1,sin_clasificar,35,101,7501054530718,gs1_mx,EAN-13 México,84.0,,84.0,83,si,1
FC-36040450,Crema Grisi concha nácar para manos,marca,Cuidado personal,Grisi,,,,,Crema,80 ML,43.63,62.00,42.1,29.6,categoria,40,62,0378360404500,gs1_otro_pais,"EAN-13 válido, prefijo 037 (no 750)",,,,,,1
FC-08837311,Nivea Antitransp Pearlb Spray,marca,Higiene,Nivea,,Emolientes / humectantes,,,Desodorante,150 ML,64.73,83.00,28.2,22.0,categoria,40,91,4005808837311,gs1_otro_pais,"EAN-13 válido, prefijo 400 (no 750)",,,,,,2
FC-46655055,Mousse Caprice Volum-Cirl,marca,Cuidado personal,Caprice,,,,,Mousse capilar,200 G,50.51,71.00,40.6,28.9,categoria,40,71,7509546655055,gs1_mx,EAN-13 México,,,,,,1
FC-45720550,Quitaesmalte SKN mora azul,marca,Higiene,SKN,,,,,Tratamiento capilar,100 ML,17.20,25.00,45.3,31.2,categoria,40,25,7502245720550,gs1_mx,EAN-13 México,,,,,,1
FC-B8D7C997,Bicarbonato Sobres,marca,Botiquín,Bicarbonato,,Bicarbonato de sodio,,,Producto natural,C/50,48.00,76.81,60.0,37.5,categoria,50,72,,vacio,,,,,,,1
FC-BCF59548,Perilla N1,generico,Botiquín,Edigar,,Material plastico,,,Perilla,PIEZA,15.50,24.80,60.0,37.5,categoria,50,24,,vacio,,,,,,,12
FC-43427754,Toallas Kotex Nocturna Ext Largo cn alas,marca,Higiene,Kotex,,Solucion limpiadora,,,Toallas sanitarias,C/5,10.01,15.00,49.9,33.3,categoria,40,16,7501943427754,gs1_mx,EAN-13 México,,,,,,2
FC-20500171,Crema para peinar Pert aceite oliva aguacate,marca,Cuidado personal,Pert,,,,,Crema,100 ML,14.80,25.00,68.9,40.8,categoria,40,21,8101205001716,gs1_otro_pais,"EAN-13 válido, prefijo 810 (no 750)",,,,,,2
FC-46073033,Shampoo Caprice Acti Ceramida,marca,Higiene,Caprice,,Surfactantes / formula capilar,si,,Shampoo,200 ML,14.73,21.00,42.6,29.9,categoria,40,21,7509546073033,gs1_mx,EAN-13 México,,,,,,1
FC-48640799,Venda de yeso 15 cm x 2.75 m,marca,Botiquín,Protec,,Material de curacion,,,Material de curación,1 PZA,24.84,38.00,53.0,34.6,categoria,50,38,7501048640799,gs1_mx,EAN-13 México,,,,,,1
FC-DF8ADDAB,Erispan,marca,Otro,Erispan,,BETAMETASONA,,4MG/3 ML,FRASCO AMPULA,1 FRASCO AMPULA,22.15,28.80,30.0,23.1,sin_clasificar,35,31,,vacio,,56.0,,56.0,55,,1
FC-75001865,Brillantina Palmolive,marca,Cuidado personal,Palmolive,,Surfactantes / formula corporal,si,,Brillantine,115 mL,46.64,66.00,41.5,29.3,categoria,40,66,75001865,ean8_o_interno,8 dígitos: EAN-8 real o código interno recortado,,,,,,1
FC-86472048,Cepillo Dent Mayor Alcance Pro,marca,Higiene,PRO,,Material sintetico,,,Cepillo dental,1 PZ,27.00,33.00,22.2,18.2,categoria,40,38,7501086472048,gs1_mx,EAN-13 México,,,,,,2
FC-B3B8F9BB,Desrotan,marca,Otro,Desrotan,,FEXOFENADINA,,180 MG,TABLETAS,10 TABLETAS,47.31,61.51,30.0,23.1,med_otc_marca,35,64,7502227875568,gs1_mx,EAN-13 México,,,,,,1
FC-D037156B,Mercurio Bismuto Subnitrato,marca,Producto,Mercurio,,Producto homeopatico / natural,,,Producto natural,C/50,73.50,117.60,60.0,37.5,sin_clasificar,35,100,,vacio,,,,,,,1
FC-D3D28E20,Mercurio Yodo Untar,marca,Producto,Mercurio,,Producto homeopatico / natural,,,Yodo,C/25,11.50,18.41,60.1,37.5,sin_clasificar,35,17,,vacio,,,,,,,3
FC-B4477A00,Pentibroxil,marca,Otro,Pentibroxil,,AMOXICILINA + AMBROXOL,,500/30 MG,CAPSULAS,16 CAPSULAS,30.04,39.06,30.0,23.1,med_otc_marca,35,41,7503000422757,gs1_mx,EAN-13 México,,,,,,2
FC-DEAF33B0,Bactiver,marca,Otro,Bactiver,,SULFAMETOXAZOL + TRIMETOPRIMA,,40/200/5/120 ML,SUSPENSION,1 SUSPENSION,21.28,27.67,30.0,23.1,med_otc_marca,35,30,7503000422511,gs1_mx,EAN-13 México,,87.0,87.0,86,,1
FC-46073040,Shampoo Caprice biotina fuerza,marca,Higiene,Caprice,,Surfactantes / formula capilar,si,,Shampoo,200 ML,14.73,21.00,42.6,29.9,categoria,40,21,7509546073040,gs1_mx,EAN-13 México,,,,,,1
FC-DFF99C3F,Mercurio,marca,Otro,Mercurio,,Arnica montana,,DE GRANADA. C/25 1750823,JARABE,JARABE,7.00,9.10,30.0,23.1,med_otc_marca,35,12,3311000003920,gs1_otro_pais,"EAN-13 válido, prefijo 331 (no 750)",,,,,,3
FC-E535DE28,Diurmessel,marca,Otro,Diurmessel,,FUROSEMIDA,,40 MG,TABLETAS,20 TABLETAS,9.31,12.11,30.1,23.1,med_otc_marca,35,15,7501573900375,gs1_mx,EAN-13 México,,,,,,5
FC-46650708,Shampoo Mennen lavanda extracto avena,marca,Higiene,Mennen,,Surfactantes / formula capilar,si,,Shampoo,200 ML,26.30,37.00,40.7,28.9,categoria,40,37,7509546650708,gs1_mx,EAN-13 México,,,,,,1
FC-34062421,Tela adhesiva,marca,Botiquín,Quirmex,QUIRMEX,Material de curacion,,,Tela adhesiva,1.25 CM x 1 M,27.00,44.00,63.0,38.6,categoria,50,41,7503003406242,gs1_mx,EAN-13 México,,,,,,5
FC-41500096,Tiraleche de cristal,marca,Botiquín,DAN,,,,,Tiraleche,1 PZA,31.77,48.00,51.1,33.8,categoria,50,48,7501441500096,gs1_mx,EAN-13 México,,,,,,1
FC-08895196,Aspirina,marca,Otro,Aspirina,BRULUART,Acido acetilsalicilico,,,TABLETAS,C/10,9.50,13.00,36.8,26.9,med_otc_marca,35,15,7502208895196,gs1_mx,EAN-13 México,,43.0,43.0,43,,5
FC-56323059,Vaseline puro,marca,Cuidado personal,Vaseline,,,,,Vaselina,85 G,45.50,69.00,51.6,34.1,categoria,40,64,7506306249042,gs1_mx,EAN-13 México,,,,,,1
FC-34063651,Quirmex,marca,Botiquín,Quirmex,QUIRMEX,Vaselina + lanolina,,,Tela adhesiva,,11.70,19.00,62.4,38.4,categoria,50,18,7503003406365,gs1_mx,EAN-13 México,,,,,,5
FC-46655079,Jabon barra Palmolive Neutro Bal Corp Baby,marca,Higiene,Palmolive,,Jabon / tensioactivos,,,Jabón,90 G,17.98,25.00,39.0,28.1,categoria,40,26,7509546655079,gs1_mx,EAN-13 México,,,,,,2
FC-45720567,Quitaesmalte coco,marca,Higiene,SKN,,,,,Tratamiento capilar,100 ML,17.20,25.00,45.3,31.2,categoria,40,25,7502245720567,gs1_mx,EAN-13 México,,,,,,1
FC-5D9DFA3D,Norquinol,generico,Otro,Norquinol,,NORQUINOL,,400 MG,TABLETAS,20 TABLETAS,48.87,78.20,60.0,37.5,med_generico,60,79,7851207554970,gs1_otro_pais,"EAN-13 válido, prefijo 785 (no 750)",,,,,,2
FC-174824A0,Vernisen,marca,Otro,Vernisen,,,,200 MG,TABLETAS,6 TABLETAS,12.38,16.10,30.0,23.1,med_otc_marca,35,18,,vacio,,,,,,,2
FC-11294615,Amikacina,generico,Otro,,,AMIKACINA,,500MG/2 ML,AMPOLLETA,2 AMPOLLETA,31.94,51.11,60.0,37.5,sin_clasificar,35,44,7501349021488,gs1_mx,EAN-13 México,,55.0,55.0,54,,1
FC-56323066,Vaseline FaseLine puro,marca,Cuidado personal,Vaseline,,,,,Vaselina,42 G,27.00,41.00,51.9,34.1,categoria,40,38,7506306249356,gs1_mx,EAN-13 México,,,,,,1
FC-48640775,Venda de yeso 10 cm x 2.75 m,marca,Botiquín,Protec,,Material de curacion,,,Material de curación,1 PZA,18.05,28.00,55.1,35.5,categoria,50,28,7501048640775,gs1_mx,EAN-13 México,,,,,,1
FC-56340117,Crema Para Peinar Sedal Liso Perfecto,marca,Otro,Sedal,,,,,Crema,300 mL,50.07,71.00,41.8,29.5,sin_clasificar,35,68,7501056340117,gs1_mx,EAN-13 México,,,,,,1
FC-82790016,Talco Nuvel Pura Para Bebe,marca,Higiene,Nuvel,,Talco / zinc undecilenato,,,Talco,200 g,20.65,29.00,40.4,28.8,categoria,40,29,7501082790016,gs1_mx,EAN-13 México,,,,,,1
FC-92504539,Cera Ego Brillo,marca,Cuidado personal,Ego,,Cera / resina,,,Cera capilar,25 G,19.28,27.00,40.0,28.6,categoria,40,27,7506192504539,gs1_mx,EAN-13 México,,,,,,1
FC-F183C6E9,Penipot,marca,Otro,Penipot,,BENCILPENICILINA,,"800,000 UI",FRASCO AMPULA,1 FRASCO AMPULA,19.44,25.28,30.0,23.1,sin_clasificar,35,27,7501349011175,gs1_mx,EAN-13 México,31.0,,31.0,31,,6
FC-F7DB080D,Ovisen,marca,Otro,Ovisen,,FLUOXETINA,,20 MG,TABLETAS,28 TABLETAS,20.33,26.43,30.0,23.1,med_otc_marca,35,29,7501573909408,gs1_mx,EAN-13 México,,,,,,1
FC-974EE5FD,Gimalxina,generico,Otro,Gimalxina,,GIMALXINA,,250MG/5/75 ML,SUSPENSION,1 SUSPENSION,27.09,43.35,60.0,37.5,med_generico,60,44,7800831418752,gs1_otro_pais,"EAN-13 válido, prefijo 780 (no 750)",,,,,,1
FC-5BC5F234,Fluconazol,generico,Otro,,,FLUCONAZOL,,150 MG,CAPSULAS,1 CAPSULAS,12.92,20.68,60.1,37.5,med_generico,60,21,7501349012943,gs1_mx,EAN-13 México,,67.0,67.0,66,,2
FC-F967863B,Terficho,marca,Otro,Terficho,,,,100 MG,CAPSULAS,40 CAPSULAS,46.05,59.87,30.0,23.1,med_otc_marca,35,63,,vacio,,,,,,,1
FC-516C2E89,Clamoxin 12H Jr (Amoxicilina/Clavulánico susp.),marca,Otro,Clamoxin,,AMOXICILINA/AC. CLAVULANICO,,400/57MG/5/50 ML,SUSPENSION,1 SUSPENSION,36.79,47.83,30.0,23.1,med_otc_marca,35,50,7502009740503,gs1_mx,EAN-13 México,,,,,,3
FC-9A4E4C31,Clindamicina,generico,Otro,AMSA,,CLINDAMICINA,,600MG/4 ML,FRASCO AMPULA,FRASCO AMPULA,88.42,141.48,60.0,37.5,sin_clasificar,35,120,7501349021860,gs1_mx,EAN-13 México,,135.0,135.0,133,,2
FC-B25B4654,Cina (Ciprofloxacino),marca,Otro,Cina,,,,750 MG,TABLETAS,7 TABLETAS,28.87,37.54,30.0,23.1,med_otc_marca,35,39,,vacio,,,,,,,2
FC-6519183A,Clamoxin (Amoxicilina/Clavulánico 500/125 mg),marca,Otro,Clamoxin,,AMOXICILINA/AC. CLAVULANICO,,125/31.25MG/5/60 ML,SUSPENSION,1 SUSPENSION,27.89,36.26,30.0,23.1,med_otc_marca,35,38,7502009740206,gs1_mx,EAN-13 México,,143.0,143.0,141,,1
FC-FBD776D2,Mercurio Perlas De Eter,marca,Producto,Mercurio,,Producto homeopatico / natural,,,Perlas,C/50,170.00,272.00,60.0,37.5,sin_clasificar,35,230,,vacio,,,,,,,1
FC-FD718DF3,Mercurio Sulfatiazol,marca,Cuidado personal,Mercurio,,Producto homeopatico / natural,,,Pomada,C/25,11.50,18.41,60.1,37.5,categoria,40,17,,vacio,,,,,,,3
FC-35231237,Shampoo Head & Shoulders Anti Comezon,marca,Higiene,Head & Shoulders,,Surfactantes / formula capilar,si,,Shampoo,375 ML,73.76,104.00,41.0,29.1,categoria,40,104,7500435231237,gs1_mx,EAN-13 México,,,,,,1
FC-05965071,Acroxil-C,marca,Otro,Acroxil-C,,,,500/8 MG,CAPSULAS,12 CAPSULAS,24.05,31.27,30.0,23.1,med_otc_marca,35,33,,vacio,,,,,,,1
FC-54503095,Crema Nivea Tarro,marca,Cuidado personal,Nivea,,Emolientes / humectantes,,,Crema,100 ML,60.75,86.00,41.6,29.4,categoria,40,86,7501054503095,gs1_mx,EAN-13 México,,,,,,1
FC-E4BE37BE,Atorvastatina,generico,Otro,,,ATORVASTATINA,,40 MG,TABLETAS,10 TABLETAS,26.35,42.16,60.0,37.5,med_generico,60,43,7851207548580,gs1_otro_pais,"EAN-13 válido, prefijo 785 (no 750)",,217.0,217.0,213,,2
FC-2EDC6E3B,Cefagen,marca,Otro,Cefagen,,CEFALEXINA,,250 MG,TABLETAS,10 TABLETAS,82.09,106.72,30.0,23.1,med_otc_marca,35,111,7502009745119,gs1_mx,EAN-13 México,,,,,,1
FC-D5AC44CA,Amifarin,marca,Otro,Amifarin,,DICLOXACILINA,,500 MG,CAPSULAS,20 CAPSULAS,45.78,59.52,30.0,23.1,med_otc_marca,35,62,,vacio,,43.0,,43.0,43,si,2
FC-BDB2E087,Irbesartan,generico,Otro,,,IRBESARTAN,,300 MG,TABLETAS,14 TABLETAS,70.49,112.79,60.0,37.5,med_generico,60,113,7501349022454,gs1_mx,EAN-13 México,,400.0,400.0,392,,1
FC-9B93AC4C,Beneventol,generico,Otro,Beneventol,,BENEVENTOL,,100MG/5 ML/50 ML,SUSPENSION,1 SUSPENSION,97.60,156.16,60.0,37.5,med_generico,60,157,7502009745737,gs1_mx,EAN-13 México,,,,,,1
FC-A23F290E,Zitriasol,generico,Otro,Zitriasol,,ZITRIASOL,,100 MG,CAPSULAS,15 CAPSULAS,34.61,55.38,60.0,37.5,med_generico,60,56,7502209858107,gs1_mx,EAN-13 México,,,,,,2
FC-D210172A,Ampicilina,generico,Otro,,,AMPICILINA,,1 G/5 ML,FRASCO AMPULA,1 FRASCO AMPULA,25.48,40.77,60.0,37.5,sin_clasificar,35,35,7501349022874,gs1_mx,EAN-13 México,,,,,,2
FC-31976394,Enjuague Bucal Listerine Anticaries,marca,Higiene,Listerine,,,,,Enjuague bucal,250 ML,63.53,89.00,40.1,28.6,categoria,40,89,7702031976394,gs1_otro_pais,"EAN-13 válido, prefijo 770 (no 750)",,,,,,1
FC-C721E8D7,Levofloxacino,generico,Otro,AMSA,,LEVOFLOXACINO,,500 MG,TABLETAS,7 TABLETAS,18.77,30.04,60.0,37.5,med_generico,60,31,7501349021419,gs1_mx,EAN-13 México,,158.0,158.0,155,,2
FC-51444145,Old Spice,marca,Higiene,Old Spice,PG PERF,,,,Desodorante,,277.00,388.00,40.1,28.6,categoria,40,388,7500435144414,gs1_mx,EAN-13 México,,,,,,1
FC-A455EE80,Cefagen,marca,Otro,Cefagen,,CEFALEXINA,,250MG/5/50 ML,SUSPENSION,1 SUSPENSION,74.58,96.96,30.0,23.1,med_otc_marca,35,101,,vacio,,,,,,,1
FC-34067301,Quirmex,marca,Botiquín,Quirmex,QUIRMEX,Vaselina + lanolina,,,Venda,5 CM,6.80,10.00,47.1,32.0,categoria,50,12,7503003406730,gs1_mx,EAN-13 México,,,,,,12
FC-ACA2A2F6,Alopurinol,generico,Otro,,,ALOPURINOL,,300 MG,TABLETAS,20 TABLETAS,21.46,34.34,60.0,37.5,med_generico,60,35,,vacio,,33.0,133.0,33.0,33,si,2
FC-76040610,Desenfriolito Plus Masticables,marca,Analgésico,BAYER,,Clorfenamina/Fenilefrina/Paracetamol,,,TABLETAS,C/24 1 mg/2.5mg/80mg,45.96,78.00,69.7,41.1,med_otc_marca,35,63,7502276040405,gs1_mx,EAN-13 México,,,,,,2
FC-B18E386A,Cefaroxil,marca,Otro,Cefaroxil,,,,500/30 MG,TABLETAS,15 TABLETAS,44.44,57.78,30.0,23.1,med_otc_marca,35,60,,vacio,,,,,,,1
FC-20500201,Shampoo Pert  Ac-Oliva,marca,Higiene,Pert,,Surfactantes / formula capilar,si,,Shampoo,400 ML,23.99,34.00,41.7,29.4,categoria,40,34,8101205002010,gs1_otro_pais,"EAN-13 válido, prefijo 810 (no 750)",,,,,,1
FC-E374F23E,Cefagen,marca,Otro,Cefagen,,CEFALEXINA,,125MG/5/50 ML,SUSPENSION,1 SUSPENSION,48.48,63.03,30.0,23.1,med_otc_marca,35,66,,vacio,,,,,,,1
FC-31887928,Enjuague Buc Listerine Cuidado Total,marca,Higiene,Listerine,,,,,Enjuague bucal,250 ML,63.53,89.00,40.1,28.6,categoria,40,89,7702031887928,gs1_otro_pais,"EAN-13 válido, prefijo 770 (no 750)",,97.0,97.0,96,,1
FC-00942760,Gel Nivea facial hidratante hialurónico,marca,Cuidado personal,Nivea,,Emolientes / humectantes,,,Gel,200 ML,105.35,148.00,40.5,28.8,categoria,40,148,4005900942760,gs1_otro_pais,"EAN-13 válido, prefijo 400 (no 750)",,,,,,1
FC-17360604,Toallas Kotex Regular Flujo Amb,marca,Higiene,Kotex,,Solucion limpiadora,,,Toallas sanitarias,10 pzs,21.21,25.00,17.9,15.2,categoria,40,30,7501017360604,gs1_mx,EAN-13 México,,,,,,2
FC-D06E54FE,Valclan,marca,Otro,Valclan,,AMOXICILINA/AC. CLAVULANICO,,875/125 MG,TABLETAS,10 TABLETAS,51.18,66.54,30.0,23.1,med_otc_marca,35,70,7503000422795,gs1_mx,EAN-13 México,,143.0,143.0,141,,3
FC-06217461,Talco Desodorante Rexona Effi Fresh,marca,Higiene,Rexona,,Antitranspirante / desodorante,si,,Desodorante,200 G,64.12,90.00,40.4,28.8,categoria,40,90,7506306217461,gs1_mx,EAN-13 México,,,,,,1
FC-F4E9C71F,Amoxicilina,generico,Otro,,,AMOXICILINA,,500MG/5/75 ML,SUSPENSION,1 SUSPENSION,72.03,115.25,60.0,37.5,med_generico,60,116,7501349021839,gs1_mx,EAN-13 México,,102.0,102.0,100,si,1
FC-09498091,Pasta Dent Sensodyne Proteccion Comp,marca,Higiene,Sensodyne,,Fluoruro de sodio,,,Material de curación,90 G,70.91,107.00,50.9,33.7,categoria,40,100,7896009498091,gs1_otro_pais,"EAN-13 válido, prefijo 789 (no 750)",,,,,,1
FC-F82A6E4B,Ampicilina,generico,Otro,,,AMPICILINA,,1 G,TABLETAS,10 TABLETAS,27.05,43.28,60.0,37.5,med_generico,60,44,7501349022881,gs1_mx,EAN-13 México,,,,,,3
FC-46074504,Shampoo Mennen Zero%,marca,Higiene,Mennen,,Surfactantes / formula capilar,si,,Shampoo,400 ML,49.97,63.00,26.1,20.7,categoria,40,70,7509546074504,gs1_mx,EAN-13 México,,,,,,1
FC-36033735,Shampoo Ricitos de Oro Oro Agua De Coco,marca,Higiene,Ricitos de Oro,,Surfactantes / formula capilar,si,,Shampoo,250 ML,42.34,60.00,41.7,29.4,categoria,40,60,0378360337358,gs1_otro_pais,"EAN-13 válido, prefijo 037 (no 750)",,,,,,1
FC-40030338,Jabon Intimo Lomecan V Aclar,marca,Higiene,Lomecan,,Jabon / tensioactivos,,,Shampoo,200 ML,70.92,100.00,41.0,29.1,categoria,40,100,6502400303384,prefijo_650_interno,Prefijo 650 no es GS1 país (México=750). Interno Farmalive/Genomma.,,,,,,1
FC-46640629,Venda de yeso 20 cm x 2.75 m,marca,Botiquín,Protec,,Material de curacion,,,Material de curación,1 PZA,40.28,61.00,51.4,34.0,categoria,50,61,7501048640829,gs1_mx,EAN-13 México,,,,,,1
FC-20501765,Crema Grisi aloe vera para manos,marca,Cuidado personal,Grisi,,,,,Crema,80 ML,45.15,64.00,41.7,29.5,categoria,40,64,8101205017656,gs1_otro_pais,"EAN-13 válido, prefijo 810 (no 750)",,,,,,1
FC-75062927,Desodorante Rexona Pom-Dry 48 H,marca,Higiene,Rexona,,Antitranspirante / desodorante,si,,Desodorante,STICK 45 G,53.50,75.00,40.2,28.7,categoria,40,75,75062927,ean8_o_interno,8 dígitos: EAN-8 real o código interno recortado,,,,,,1
FC-76040436,Desodorante Para Pies Mexsana,marca,Higiene,Mexsana,,Antitranspirante / desodorante,si,,Desodorante,SPRAY 150 ML,78.22,110.00,40.6,28.9,categoria,40,110,7502276040436,gs1_mx,EAN-13 México,,,,,,1
FC-40030963,Crema Teatrical Cel-Ma Nutrit,marca,Cuidado personal,Teatrical,,Emolientes / lanolina,,,Crema,400 ML,62.25,88.00,41.4,29.3,categoria,40,88,6502400309638,prefijo_650_interno,Prefijo 650 no es GS1 país (México=750). Interno Farmalive/Genomma.,,,,,,1
FC-88915491,Tarmin 2 Mg /12,marca,Otro,Tarmin,BRULUAGSA,,,,TABLETAS,12 TABLETAS,58.50,77.00,31.6,24.0,med_otc_marca,35,79,7502208891549,gs1_mx,EAN-13 México,12.5,,12.5,13,si,50
FC-E4EFC4C2,Fasiclor,marca,Otro,Fasiclor,,CEFACLOR,,500 MG,CAPSULAS,15 CAPSULAS,137.92,179.30,30.0,23.1,med_otc_marca,35,187,7502009741456,gs1_mx,EAN-13 México,,266.0,266.0,261,,1
FC-35469151,Crema Lubriderm Uv Fps15,marca,Cuidado personal,Lubriderm,,,,,Crema,120 ML,34.41,49.00,42.4,29.8,categoria,40,49,7702035469151,gs1_otro_pais,"EAN-13 válido, prefijo 770 (no 750)",,,,,,1
FC-F3E734A0,Fasiclor,marca,Otro,Fasiclor,,CEFACLOR,,375MG/5/50 ML,SUSPENSION,1 SUSPENSION,63.44,82.48,30.0,23.1,med_otc_marca,35,86,7502009741050,gs1_mx,EAN-13 México,159.0,,159.0,156,,1
FC-52910971,Crema Para Peinar Fructis Borrador de Daño,marca,Cuidado personal,Fructis,,,,,Crema,300 ML,43.58,62.00,42.3,29.7,categoria,40,62,7509552910971,gs1_mx,EAN-13 México,,,,,,1
FC-F48FF7EF,Clamoxin (Amoxicilina/Clavulánico susp. 250/62.5),marca,Otro,Clamoxin,,AMOXICILINA/AC. CLAVULANICO,,250/62.5MG/5/60 ML,SUSPENSION,1 SUSPENSION,35.62,46.31,30.0,23.1,med_otc_marca,35,49,7502009740213,gs1_mx,EAN-13 México,,,,,,1
FC-42417644,Crema Nivea Cuidado Int P/Mano,marca,Cuidado personal,Nivea,,Emolientes / humectantes,,,Crema,75 ML,48.58,69.00,42.0,29.6,categoria,40,69,42417644,ean8_o_interno,8 dígitos: EAN-8 real o código interno recortado,,,,,,1
FC-52816297,Crema Para Peinar Fructis Oil-Repail L-Coco,marca,Cuidado personal,Fructis,,,,,Crema,300 ML,43.58,62.00,42.3,29.7,categoria,40,62,7509552816297,gs1_mx,EAN-13 México,,,,,,1
FC-36032776,Shampoo Ricitos de Oro Oro Biopure,marca,Higiene,Ricitos de Oro,,Surfactantes / formula capilar,si,,Shampoo,250 ML,74.31,105.00,41.3,29.2,categoria,40,105,0378360327762,gs1_otro_pais,"EAN-13 válido, prefijo 037 (no 750)",,,,,,1
FC-07528939,Crema Lubriderm Repa Intens,marca,Cuidado personal,Lubriderm,,,,,Crema,120 mL,31.59,45.00,42.5,29.8,categoria,40,45,7501007528939,gs1_mx,EAN-13 México,,,,,,1
FC-46655727,Jabon Mennen Baby Magic Lavan Hipoalerg,marca,Higiene,Mennen,,Jabon / tensioactivos,,,Jabón,90 G,12.97,19.00,46.5,31.7,categoria,40,19,7509546655727,gs1_mx,EAN-13 México,,,,,,1
FC-40025839,Jabon Intimo Lomecan V,marca,Higiene,Lomecan,,Jabon / tensioactivos,,,Shampoo,200 ML,63.05,89.00,41.2,29.2,categoria,40,89,6502400258394,prefijo_650_interno,Prefijo 650 no es GS1 país (México=750). Interno Farmalive/Genomma.,,,,,,1
FC-369D1689,Beneventol,generico,Otro,Beneventol,,BENEVENTOL,,400 MG,CAPSULAS,6 CAPSULAS,51.43,82.29,60.0,37.5,med_generico,60,83,7502009746253,gs1_mx,EAN-13 México,,,,,,1
FC-428A228F,Gimalxina,generico,Otro,,,GIMALXINA,,500 MG,CAPSULAS,12 CAPSULAS,23.57,37.72,60.0,37.5,med_generico,60,38,,vacio,,,,,,,2
FC-50587FA6,Mexapin,marca,Otro,Mexapin,,,,125MG/5/60 ML,SUSPENSION,1 SUSPENSION,13.93,18.11,30.0,23.1,med_otc_marca,35,19,,vacio,,,,,,,1
FC-95779436,Acetilsalicilico Ef,marca,Otro,Acido,,,,300 MG,TABLETAS,20 TABLETAS,19.07,24.80,30.0,23.1,med_otc_marca,35,26,,vacio,,,,,,,5
FC-A0D320D1,Amoxicilina,generico,Otro,,,AMOXICILINA,,500 MG,CAPSULAS,12 CAPSULAS,18.37,29.40,60.0,37.5,med_generico,60,30,,vacio,,,,,,,5
FC-B69FCBF4,Lesaclor,marca,Otro,Lesaclor,,,,400 MG,TABLETAS,35 TABLETAS,146.11,189.95,30.0,23.1,med_otc_marca,35,198,,vacio,,,,,,,1
FC-B72A6420,Pentiver,marca,Otro,Pentiver,,,,250MG/5/90 ML,SUSPENSION,1 SUSPENSION,27.06,35.18,30.0,23.1,med_otc_marca,35,37,,vacio,,,,,,,1
FC-D9391288,Azitromicina,generico,Otro,,,AZITROMICINA,,200MG/5/15 ML,SUSPENSION,1 SUSPENSION,68.50,109.60,60.0,37.5,med_generico,60,110,,vacio,,,212.0,212.0,208,,1
FC-92511261,Nutribela Bio Colageno,marca,Cuidado personal,Nutribela,,,,,Crema,300 G,41.84,59.00,41.0,29.1,categoria,40,59,7506192511261,gs1_mx,EAN-13 México,,,,,,1
FC-38312374,Cera gel Moco de Gorila Citrus,marca,Cuidado personal,Moco de Gorila,,Cera / resina,,,Cera capilar,100 G,32.34,46.00,42.2,29.7,categoria,40,46,7501438312374,gs1_mx,EAN-13 México,,,,,,1
FC-31244486,Crema Lubriderm piel normal,marca,Cuidado personal,Lubriderm,,,,,Crema,120 ML,31.59,45.00,42.5,29.8,categoria,40,45,7702031244486,gs1_otro_pais,"EAN-13 válido, prefijo 770 (no 750)",,,,,,1
FC-82790504,Nuvel desmaquillante bifásico oil,marca,Cuidado personal,Nuvel,,,,,Desmaquillante,125 ML,27.75,39.00,40.5,28.8,categoria,40,39,7501082790504,gs1_mx,EAN-13 México,,,,,,1
FC-95129166,Cepillo Dent Oral-B Limpieza Intens 2,marca,Higiene,Oral-B,,Material sintetico,,,Cepillo dental,2 PZ,53.19,75.00,41.0,29.1,categoria,40,75,7506195129166,gs1_mx,EAN-13 México,,,,,,1
FC-35169035,Mousse Herbal Essences Rizo,marca,Cuidado personal,Herbal Essences,,,,,Mousse capilar,210 mL,57.90,82.00,41.6,29.4,categoria,40,82,7500435169035,gs1_mx,EAN-13 México,,,,,,1
FC-06249226,Shampoo Savile bio sábila crecimiento resistente,marca,Higiene,Savile,,Surfactantes / formula capilar,si,,Shampoo,700 ML,40.66,57.00,40.2,28.7,categoria,40,57,7506306249226,gs1_mx,EAN-13 México,,,,,,1
FC-36041402,Crema Hinds hidratación extra almendras,marca,Cuidado personal,Hinds,,Emolientes / humectantes,,,Crema,500 ML,39.90,60.00,50.4,33.5,categoria,40,56,0378360414028,gs1_otro_pais,"EAN-13 válido, prefijo 037 (no 750)",,,,,,1
FC-20501673,Crema Hinds líquida agave azul,marca,Cuidado personal,Hinds,,Emolientes / humectantes,,,Crema,400 ML,42.25,60.00,42.0,29.6,categoria,40,60,8101205016734,gs1_otro_pais,"EAN-13 válido, prefijo 810 (no 750)",,,,,,1
FC-85800198,Toallitas Bebin Super,marca,Higiene,Bebin Super,,Solucion limpiadora,,,Toallas húmedas,C/80,26.20,35.00,33.6,25.1,categoria,40,37,6195858001980,gs1_otro_pais,"EAN-13 válido, prefijo 619 (no 750)",,,,,,1
FC-49824911,Prudence condones C/3,marca,Higiene,Prudence,DKT MEXICO,Latex,si,,Condón,C/3,48.60,69.00,42.0,29.6,categoria,40,69,7502214982491,gs1_mx,EAN-13 México,,,,,,1
FC-89100101,Algodón 200 g,marca,Botiquín,Dibak,DIBAR,,,,Algodón,200 G,35.30,53.00,50.1,33.4,categoria,50,53,7501868910010,gs1_mx,EAN-13 México,,,,,,2
FC-06248052,Dove Aero Tono Uniforme Calendula y VitaminaE,marca,Higiene,Dove,,Surfactantes / formula corporal,si,,Desodorante,150 ML,55.89,69.00,23.5,19.0,categoria,45,82,7506306248052,gs1_mx,EAN-13 México,,,,,,3
FC-07502441,Jabon Johnsons Baby Antes/Dorm,marca,Higiene,Johnson,,Jabon / tensioactivos,,,Jabón,75 G,15.51,22.00,41.8,29.5,categoria,40,22,7501007502441,gs1_mx,EAN-13 México,,,,,,1
FC-35231244,Shampoo Head & Shoulders Anti Comezon,marca,Higiene,Head & Shoulders,,Surfactantes / formula capilar,si,,Shampoo,180 ML,36.73,45.00,22.5,18.4,categoria,40,52,7500435231244,gs1_mx,EAN-13 México,,,,,,1
FC-F22C72BE,Clamoxin 12H (Amoxicilina/Clavulánico),marca,Otro,Clamoxin,,AMOXICILINA/AC. CLAVULANICO,,875/125 MG,TABLETAS,10 TABLETAS,55.03,71.54,30.0,23.1,med_otc_marca,35,75,7502009740763,gs1_mx,EAN-13 México,,,,,,5
FC-21012303,Claris toallas desmaquillantes aloe C/40,marca,Higiene,Claris,,Solucion limpiadora,,,Toallas húmedas,C/40,18.86,25.00,32.6,24.6,categoria,40,27,7502221012303,gs1_mx,EAN-13 México,,,,,,2
FC-48690800,Venda Elástica Protec 5 cm x 5 m,marca,Botiquín,Protec,,Material de curacion,,,Material de curación,5 CM x 5 M,14.42,22.00,52.6,34.5,categoria,50,22,7501048690800,gs1_mx,EAN-13 México,,,,,,1
FC-D4AC123B,Mercurio Aceite Almendras,marca,Producto,Mercurio,,Producto homeopatico / natural,,,Aceite,C/25,8.00,12.80,60.0,37.5,sin_clasificar,35,13,,vacio,,,,,,,5
FC-48691005,Venda elástica Protec 10 cm x 5 m,marca,Botiquín,Protec,,Material de curacion,,,Material de curación,10 CM x 5 M,26.48,40.00,51.1,33.8,categoria,50,40,7501048691005,gs1_mx,EAN-13 México,,,,,,1
FC-86494262,Cepillo Oral-B Indicat,marca,Higiene,Oral-B,,Material sintetico,,,Cepillo dental,1 pz,31.02,37.00,19.3,16.2,categoria,40,44,7501086494262,gs1_mx,EAN-13 México,,,,,,2
FC-46072050,Shampoo Mennen miel manzana,marca,Higiene,Mennen,,Surfactantes / formula capilar,si,,Shampoo,200 ML,26.30,37.00,40.7,28.9,categoria,40,37,7509546072050,gs1_mx,EAN-13 México,,,,,,1
FC-84900280,Jaloma Agua de Rosas,marca,Cuidado personal,Jaloma,,,,,Agua de rosas,130 ML,16.87,24.00,42.3,29.7,categoria,40,24,7596849002808,gs1_otro_pais,"EAN-13 válido, prefijo 759 (no 750)",,,,,,1
FC-99428024,Gel Moco de Gorila Punk,marca,Cuidado personal,Moco de Gorila,,,,,Gel,80 G,28.30,36.00,27.2,21.4,categoria,40,40,7501199428024,gs1_mx,EAN-13 México,,,,,,2
FC-06248045,Dove Men Care 72 h,marca,Higiene,Dove,,Surfactantes / formula corporal,si,,Desodorante,150 ML,49.10,60.00,22.2,18.2,categoria,40,69,7506306248045,gs1_mx,EAN-13 México,,,,,,3
FC-4F737E93,Cloxan,marca,Otro,Cloxan,,AMBROXOL,,300MG/120 ML,SOLUCION,1 SOLUCION,44.04,57.26,30.0,23.1,med_otc_marca,35,60,,vacio,,,,,,,1
FC-61123009,Talco Desodorante Odolex Naturals,marca,Higiene,Odolex,,Antitranspirante / desodorante,si,,,300 G,28.10,38.00,35.2,26.1,categoria,40,40,7501361123009,gs1_mx,EAN-13 México,,,,,,1
FC-14985805,Prudence chicle condones C/3,marca,Higiene,Prudence,DKT MEXICO,Latex,si,,Condón,,48.60,69.00,42.0,29.6,categoria,40,69,7502214985805,gs1_mx,EAN-13 México,,,,,,1
FC-0E0A9E42,Clamoxin S (Amoxicilina/Clavulánico susp.),marca,Otro,Clamoxin,,AMOXICILINA/AC. CLAVULANICO,,600/42.9MG/50 ML,SUSPENSION,1 SUSPENSION,47.99,62.39,30.0,23.1,med_otc_marca,35,65,7502009740497,gs1_mx,EAN-13 México,,,,,,1
FC-06249240,Shampoo Savile keratina sábila fuerza reparadora,marca,Higiene,Savile,,Surfactantes / formula capilar,si,,Shampoo,700 ML,40.66,57.00,40.2,28.7,categoria,40,57,7506306249240,gs1_mx,EAN-13 México,,,,,,1
FC-01015141,Lubricante Sico Softlube Origin,marca,Otro,Sico,RB HEALTH,Latex,si,,Lubricante,56.7 G,94.75,119.00,25.6,20.4,sin_clasificar,35,128,7506460101514,gs1_mx,EAN-13 México,,,,,,3
FC-24511636,Silica Shine Sily 3/1 Naran,marca,Cuidado personal,Shine Sily,,Silice / dimeticone,,,Tratamiento capilar,105 ML,44.76,63.00,40.8,29.0,categoria,40,63,7502224511636,gs1_mx,EAN-13 México,,,,,,1
FC-49824391,Prudence 'Ull Retardante C/3,marca,Producto,Prudence,DKT MEXICO,Latex,si,,,C/3,41.31,56.00,35.6,26.2,sin_clasificar,35,56,7502214982439,gs1_mx,EAN-13 México,,,,,,1
FC-49853867,Softlub Extra condones C/3,marca,Higiene,Softlub,DKT MEXICO,,,,Condón,C/3,45.40,64.00,41.0,29.1,categoria,40,64,7502214985386,gs1_mx,EAN-13 México,,,,,,1
FC-23272151,Jeringa insulina 0.3 ml,marca,Botiquín,Jayor,JAYOR,Plastico medical grade,,,Jeringa,C/100,217.20,326.00,50.1,33.4,categoria,50,326,7506022327215,gs1_mx,EAN-13 México,,,,,,12
FC-52844825,Desodorante Obao Ritual Natural Coco (Mujer),marca,Higiene,Obao,,Antitranspirante / desodorante,si,,Desodorante,Roll-ON 65 G,24.95,35.00,40.3,28.7,categoria,40,35,7509552844825,gs1_mx,EAN-13 México,,,,,,1
FC-75062897,Desodorante Rexona Bamboo 48H,marca,Higiene,Rexona,,Antitranspirante / desodorante,si,,Desodorante,STICK 45 G,53.50,75.00,40.2,28.7,categoria,40,75,75062897,ean8_o_interno,8 dígitos: EAN-8 real o código interno recortado,,,,,,3
FC-93025797,Desodorante Axe Men Dark Temp (Hombre),marca,Higiene,Axe,,Antitranspirante / desodorante,si,,Desodorante,SPRAY 150 ML,45.83,65.00,41.8,29.5,categoria,40,65,7791293025797,gs1_otro_pais,"EAN-13 válido, prefijo 779 (no 750)",,,,,,1
FC-4BD80686,Beneventol,generico,Otro,Beneventol,,BENEVENTOL,,400 MG,CAPSULAS,3 CAPSULAS,88.17,141.08,60.0,37.5,med_generico,60,142,7502009745928,gs1_mx,EAN-13 México,,,,,,1
FC-49824771,Prudence Fresa,marca,Producto,Prudence,DKT MEXICO,Latex,si,,,C/3,34.10,47.00,37.8,27.4,sin_clasificar,35,47,7502214982477,gs1_mx,EAN-13 México,,,,,,1
FC-40013898,Crema Teatrical Lanol/Ros,marca,Cuidado personal,Teatrical,,Emolientes / lanolina,,,Crema,52 G,30.36,43.00,41.6,29.4,categoria,40,43,6502400138986,prefijo_650_interno,Prefijo 650 no es GS1 país (México=750). Interno Farmalive/Genomma.,,,,,,1
FC-29670370,Degortzin,marca,Otro,Degortzin,,,,100 MG/50 ML,SOLUCION,1 SOLUCION,35.71,46.43,30.0,23.1,med_otc_marca,35,49,,vacio,,,,,,,2
FC-01165321,Acondicionador Pantene Rizos Definid,marca,GENERAL,Pantene,,,,,,400 ML,75.70,103.00,36.1,26.5,sin_clasificar,35,103,7501001165321,gs1_mx,EAN-13 México,,,,,,1
FC-4A0245DA,Amlodipino,marca,Otro,Amlodipino,,,,5 MG,TABLETAS,100 TABLETAS,32.52,42.28,30.0,23.1,med_otc_marca,35,44,,vacio,,,,,,,1
FC-58DB24C4,Bitenver,marca,Otro,Bitenver,,,,24 MG,TABLETAS,30 TABLETAS,62.78,81.62,30.0,23.1,med_otc_marca,35,85,,vacio,,,,,,,1
FC-6074BB64,Redalip,marca,Otro,Redalip,,,,200 MG,TABLETAS,30 TABLETAS,21.01,27.32,30.0,23.1,med_otc_marca,35,30,,vacio,,,,,,,2
FC-08427330,Bepanthen Pomada Protectora Contra Rozaduras,marca,Otro,Bepanthen,BAYER OTC,Dexpanthenol,,,POMADA,100 G 5%,134.50,160.00,19.0,15.9,sin_clasificar,35,182,7501008427330,gs1_mx,EAN-13 México,,,,,,1
FC-69A3C416,Wexpec,marca,Otro,Wexpec,,,,7.5/2MG/5/120 ML,SOLUCION,1 SOLUCION,16.65,21.65,30.0,23.1,med_otc_marca,35,23,,vacio,,,,,,,1
FC-56342227,Crema Para Peinar Sedal Rizos Definidos,marca,Cuidado personal,Sedal,,,,,Crema,135 ML,18.16,25.00,37.6,27.3,categoria,40,26,7501056342227,gs1_mx,EAN-13 México,,,,,,2
FC-08491074,Aspirina,marca,Otro,Aspirina,,Acido acetilsalicilico,,,TABLETAS,80 TABLETAS,124.80,163.00,30.6,23.4,med_otc_marca,35,169,7501008491074,checksum_invalido,Dígito verificador GS1 no cuadra,,,,,,16
FC-22133286,Shampoo Grisi Rici Oro Miel,marca,Higiene,Grisi,,Surfactantes / formula capilar,si,,Shampoo,250 ML,66.93,94.00,40.4,28.8,categoria,40,94,7501022133286,gs1_mx,EAN-13 México,,,,,,1
FC-92506601,Gel Ego Attraction,marca,Cuidado personal,Ego,,,,,Gel,200 g,20.02,29.00,44.9,31.0,categoria,40,29,7506192506601,gs1_mx,EAN-13 México,,,,,,1
FC-48691104,Venda Elastica Protec 15 cm x 5 m,marca,Botiquín,Protec,,Material de curacion,,,Material de curación,15 CM x 5 M,38.31,58.00,51.4,33.9,categoria,50,58,7501048691104,gs1_mx,EAN-13 México,,,,,,1
FC-52933307,Desodorante Obao Game 48Hr,marca,Higiene,Obao,,Antitranspirante / desodorante,si,,Desodorante,R-ON 65 G,27.19,39.00,43.4,30.3,categoria,40,39,7509552933307,gs1_mx,EAN-13 México,,,,,,1
FC-61113000,Talco Desodorante ODolex,marca,Higiene,Odolex,,Antitranspirante / desodorante,si,,Talco,300 g,28.10,40.00,42.3,29.8,categoria,40,40,7501361113000,gs1_mx,EAN-13 México,,,,,,1
FC-C6C20517,Budimin,marca,Otro,Budimin,,,,1 MG,TABLETAS,20 TABLETAS,31.31,40.71,30.0,23.1,med_otc_marca,35,43,,vacio,,,,,,,1
FC-08DB70CB,Bicarbonato Velazquez Grande 200G,marca,Producto,Bicarbonato,,Bicarbonato de sodio,,,Bicarbonato,C/10,11.50,18.41,60.1,37.5,sin_clasificar,35,17,,vacio,,,,,,,5
FC-0ACC5B6A,Mercurio Oxido De Zinc,marca,Cuidado personal,Mercurio,,Producto homeopatico / natural,,,Pomada,C/25,9.00,14.40,60.0,37.5,categoria,40,14,,vacio,,,,,,,3
FC-14982514,Prudence,marca,Producto,Prudence,DKT MEXICO,Latex,si,,,C/3,34.10,54.56,60.0,37.5,sin_clasificar,35,47,7502214982514,gs1_mx,EAN-13 México,,,,,,1
FC-14985348,Prudence Ultra Sensitive condones C/3,marca,Higiene,Prudence,DKT MEXICO,Latex,si,,Condón,C/3,41.31,66.10,60.0,37.5,categoria,40,58,7502214985348,gs1_mx,EAN-13 México,,,,,,1
FC-45722547,Natural Gloss Agua micelar bifásica,marca,Cuidado personal,Natural-G,,,,,Agua micelar,120 ML,21.08,30.00,42.3,29.7,categoria,40,30,7502245722547,gs1_mx,EAN-13 México,,,,,,1
FC-1812D26D,Hucius Capsulas,marca,Gastro,Hucius,,,,,,C/30,78.16,101.61,30.0,23.1,sin_clasificar,35,106,7501590286100,gs1_mx,EAN-13 México,,,,,,1
FC-08820243,Dermodine infantil,marca,GENERAL,Dermodine,DEGASA,,,,,,36.85,58.97,60.0,37.5,sin_clasificar,35,50,7501250882024,gs1_mx,EAN-13 México,,,,,,1
FC-14983153,Prudence Grosella,marca,Higiene,Prudence,DKT MEXICO,Latex,si,,Lubricante,75 ML,68.20,109.12,60.0,37.5,categoria,40,96,7502214983153,gs1_mx,EAN-13 México,,,,,,1
FC-14983726,Prudence Natural Lubricante Natural,marca,Higiene,Prudence,DKT MEXICO,Latex,si,,Lubricante,75 ML,62.06,99.30,60.0,37.5,categoria,40,87,7502214983726,gs1_mx,EAN-13 México,,,,,,1
FC-16800803,Pañal Diapro Med,marca,Producto,Diapro,,Celulosa absorbente,,,Pañales,C/10,85.00,128.00,50.6,33.6,categoria,30,111,7501943474994,gs1_mx,EAN-13 México,,,,,,2
FC-30622622,Desodorante Axe Men Young (hombre),marca,Higiene,Axe,,Antitranspirante / desodorante,si,,Desodorante,SPRAY 150 ML,45.83,73.33,60.0,37.5,categoria,40,65,7506306226722,gs1_mx,EAN-13 México,,,,,,1
FC-93037806,Desodorante Rexona Men Marine (hombre),marca,Higiene,Rexona,,Antitranspirante / desodorante,si,,Desodorante,SPRAY 150 ML,54.68,77.00,40.8,29.0,categoria,40,77,7791293037806,gs1_otro_pais,"EAN-13 válido, prefijo 779 (no 750)",,,,,,1
FC-262F2A30,Irbesartan,generico,Otro,AMSA,,IRBESARTAN,,150 MG,TABLETAS,14 TABLETAS,43.98,70.37,60.0,37.5,med_generico,60,71,7501349022454,gs1_mx,EAN-13 México,,,,,,1
FC-97BEFA1A,Amlodipino,marca,Otro,Amlodipino,,,,5 MG,TABLETAS,100 TABLETAS,32.52,42.28,30.0,23.1,med_otc_marca,35,44,,vacio,,,,,,,1
FC-9ABFB996,Elaphteron,marca,Otro,Elaphteron,,,,100 MG,TABLETAS,20 TABLETAS,30.77,40.01,30.0,23.1,med_otc_marca,35,42,,vacio,,,,,,,1
FC-33956775,Pedialyte Sr60 Uva,marca,Higiene,Pedialyte,ABBOTT,Electrolitos / suero oral,si,,Suero oral,,24.30,38.89,60.0,37.5,categoria,30,33,7501033956775,gs1_mx,EAN-13 México,,,,,,1
FC-04D83B46,Pralex,marca,Otro,Pralex,,,,10 MG,TABLETAS,28 TABLETAS,42.85,55.71,30.0,23.1,med_otc_marca,35,58,,vacio,,,,,,,2
FC-06213906,Desodorante Axe Ice Chill 48H (hombre),marca,Higiene,Axe,,Antitranspirante / desodorante,si,,Desodorante,SPRAY 150 ML,45.83,65.00,41.8,29.5,categoria,40,65,7506306213906,gs1_mx,EAN-13 México,,,,,,1
FC-06244795,Desodorante Axe Intense 48H (Hombre),marca,Higiene,Axe,,Antitranspirante / desodorante,si,,Desodorante,SPRAY 150 ML,45.83,65.00,41.8,29.5,categoria,40,65,7506306244795,gs1_mx,EAN-13 México,,,,,,1
FC-33954740,Pedialyte,marca,Higiene,Pedialyte,ABBOTT,Electrolitos / suero oral,si,,Suero oral,500 ML,23.81,38.10,60.0,37.5,categoria,30,32,7501033954740,gs1_mx,EAN-13 México,,34.5,34.5,34,,1
FC-33956133,Glucerna chocolate,marca,Gastro,Glucerna,,Suplemento nutricional,,,Líquido,237 ML,47.50,72.00,51.6,34.0,sin_clasificar,35,65,7501033956133,gs1_mx,EAN-13 México,,,,,,2
FC-33956140,Glucerna fresa,marca,Suplemento,Glucerna,,Suplemento nutricional,,,Líquido,237 ML,47.50,72.00,51.6,34.0,categoria,45,69,7501033956140,gs1_mx,EAN-13 México,,,,,,2
FC-33961373,Pedialyte fresa,marca,Otro,Pedialyte,ABBOTT,Electrolitos / suero oral,si,,Suero oral,500 ML,23.81,38.10,60.0,37.5,categoria,30,32,7501033961373,gs1_mx,EAN-13 México,,,,,,1
FC-1FBF5206,Del Viejito Reomatolum,marca,Cuidado personal,Del Viejito,,,,,Pomada,60 G,20.00,32.00,60.0,37.5,categoria,40,28,,vacio,,,,,,,1
FC-34067471,Quirmex,marca,Botiquín,Quirmex,QUIRMEX,Vaselina + lanolina,,,Venda,,8.72,13.96,60.1,37.5,categoria,50,14,7503003406747,gs1_mx,EAN-13 México,,,,,,1
FC-34064021,Quirmex Tarro 1 2 12.00 Cotonetes Tarro 1,marca,Higiene,Quirmex,QUIRMEX,Vaselina + lanolina,,,Cotonetes,C/100,11.76,18.82,60.0,37.5,categoria,40,17,7503003406402,gs1_mx,EAN-13 México,,,,,,2
FC-3D0ED22B,Zukedib,marca,Otro,Zukedib,,,,4 MG,TABLETAS,30 TABLETAS,27.98,36.38,30.0,23.1,med_otc_marca,35,38,,vacio,,,,,,,1
FC-52D2A43A,Zukedib,marca,Otro,Zukedib,,,,2 MG,TABLETAS,30 TABLETAS,29.08,37.81,30.0,23.1,med_otc_marca,35,40,,vacio,,63.0,,63.0,62,,1
FC-53506FA4,Enalapril,generico,Otro,,,ENALAPRIL,,10 MG,TABLETAS,30 TABLETAS,8.09,12.95,60.1,37.5,med_generico,60,14,,vacio,,,102.0,102.0,100,,5
FC-5F30F9D4,Clamoxin (Amoxicilina/Clavulánico 500/125 mg),marca,Otro,Clamoxin,,AMOXICILINA/AC. CLAVULANICO,,500/125 MG,TABLETAS,10 TABLETAS,48.48,63.03,30.0,23.1,med_otc_marca,35,66,7502009740992,gs1_mx,EAN-13 México,,,,,,3
FC-5EF90195,Mercurio Flor De Arnica,marca,Producto,Mercurio,,Producto homeopatico / natural,,,Arnica,C/50,55.00,88.00,60.0,37.5,sin_clasificar,35,75,3311000003920,gs1_otro_pais,"EAN-13 válido, prefijo 331 (no 750)",,,,,,1
FC-52876406,Desodorante Obao Men Tatto Aqua (Hombre),marca,Higiene,Obao,,Antitranspirante / desodorante,si,,Desodorante,R-ON 65 G,24.71,35.00,41.6,29.4,categoria,40,35,7509552876406,gs1_mx,EAN-13 México,,,,,,1
FC-3D0F54B7,Ibupro-Cafe,marca,Otro,Ibupro-Cafe,,,,400 MG/100 MG,CAPSULAS,10 CAPSULAS,30.06,39.08,30.0,23.1,med_otc_marca,35,41,,vacio,,41.0,,41.0,41,,2
FC-50D044FF,Wermy,marca,Otro,Wermy,,,,300 MG,CAPSULAS,15 CAPSULAS,24.51,31.87,30.0,23.1,med_otc_marca,35,34,,vacio,,,,,,,2
FC-5885E577,Pabesorag,marca,Otro,Pabesorag,,,,150/12.5 MG,TABLETAS,28 TABLETAS,60.47,78.62,30.0,23.1,med_otc_marca,35,82,,vacio,,159.0,,159.0,156,,1
FC-60101231,Tempra XT Noche,marca,Analgésico,Tempra,RB HEALTH,Paracetamol/Fenilefrina/Carbinoxamina,,,TABLETAS,C/12 800mg/20mg/4mg,59.69,77.60,30.0,23.1,med_otc_marca,35,81,7506460101231,gs1_mx,EAN-13 México,,,,,,1
FC-34067781,Quirmex,marca,Botiquín,Quirmex,QUIRMEX,Vaselina + lanolina,,,Venda,30 CM,23.72,37.96,60.0,37.5,categoria,50,36,7503003406778,gs1_mx,EAN-13 México,,,,,,1
FC-34067851,Quirmex,marca,Botiquín,Quirmex,QUIRMEX,Vaselina + lanolina,,,Algodón,,17.54,28.07,60.0,37.5,categoria,50,27,7503003406785,gs1_mx,EAN-13 México,,,,,,1
FC-60009851,Colgate Triple Acc,marca,Higiene,Colgate,COLGATE PALMOLIVE,Fluoruro de sodio,,,Crema dental,75 ML,19.20,30.72,60.0,37.5,categoria,40,27,7509546000985,gs1_mx,EAN-13 México,,,,,,1
FC-60689091,Colgate Trip Xtra,marca,Producto,Colgate,COLGATE PALMOLIVE,Fluoruro de sodio,,,CREMA,50 ML,13.72,21.96,60.1,37.5,sin_clasificar,35,19,7509546068909,gs1_mx,EAN-13 México,,,,,,1
FC-60101521,Soft Lub Pleasure 56.7 g,marca,Producto,Vitacilina,RB HEALTH,,,,LUBRICANTE,56.7 G,100.80,161.28,60.0,37.5,sin_clasificar,35,137,7506460101521,gs1_mx,EAN-13 México,,,,,,1
FC-60101378,Lubricante íntimo,marca,Higiene,Piel con Piel,RB HEALTH,,,,Lubricante,,102.50,164.00,60.0,37.5,categoria,40,144,7506460101378,gs1_mx,EAN-13 México,,,,,,1
FC-60F627D5,Gentamicina,generico,Otro,,,GENTAMICINA,,160MG/2 ML,AMPOLLETA,5 AMPOLLETA,52.57,84.12,60.0,37.5,sin_clasificar,35,71,,vacio,,,45.5,45.5,45,si,2
FC-46059556,Palmolive líquido neutro,marca,Higiene,Palmolive,,Surfactantes / formula corporal,si,,Jabón líquido,221 ML,35.61,50.00,40.4,28.8,categoria,40,50,7509546059556,gs1_mx,EAN-13 México,,,,,,1
FC-08426944,Flanax,marca,Otro,Flanax,BAYER OTC,,,,GEL,40 G,117.11,187.38,60.0,37.5,sin_clasificar,35,159,7501008426944,gs1_mx,EAN-13 México,,,,,,1
FC-06230507,Dove Barra Karite Vainill,marca,Higiene,Dove,,Surfactantes / formula corporal,si,,Jabón,135 G,30.21,48.34,60.0,37.5,categoria,40,43,7506306230507,gs1_mx,EAN-13 México,,,,,,1
FC-66888171,Colgate Max Clean,marca,Producto,Colgate,COLGATE PALMOLIVE,Fluoruro de sodio,,,CREMA,120 ML,25.50,40.81,60.0,37.5,sin_clasificar,35,35,7509546688817,gs1_mx,EAN-13 México,,,,,,1
FC-46683133,Palmolive Neutro-Bal Dermo Limp,marca,Higiene,Palmolive,,Surfactantes / formula corporal,si,,Jabón,120 G,26.14,30.00,14.7,12.8,categoria,40,37,7509546683133,gs1_mx,EAN-13 México,,,,,,2
FC-26462078,Chupón con miel Ternura,marca,Cuidado personal,Ternura,,,,,,1 PZA,3.39,6.00,77.0,43.5,categoria,40,9,7501026462245,gs1_mx,EAN-13 México,,,,,,1
FC-66873531,Crema dental anticaries,marca,Higiene,Genérico,COLGATE PALMOLIVE,,,,Crema dental,,32.44,51.91,60.0,37.5,categoria,40,46,7509546687353,gs1_mx,EAN-13 México,,,,,,2
FC-22111352,Grisi Corp Diabecare,marca,Higiene,Grisi,,,,,Jabón,125 G,39.94,56.00,40.2,28.7,categoria,40,56,7501022111352,gs1_mx,EAN-13 México,,,,,,1
FC-22150092,Grisi Leche De Burra,marca,Higiene,Grisi,,,,,Jabón,125 G,21.88,31.00,41.7,29.4,categoria,40,31,7501022150092,gs1_mx,EAN-13 México,,,,,,1
FC-00003920,Arnica Mercurio,marca,Producto,Mercurio,,Producto homeopatico / natural,,,Arnica,Globulos,15.00,23.00,53.3,34.8,sin_clasificar,35,21,3311000003944,gs1_otro_pais,"EAN-13 válido, prefijo 331 (no 750)",,,,,,10
FC-C101D5B1,Bisoprolol,generico,Otro,,,BISOPROLOL,,2.5 MG,TABLETAS,30 TABLETAS,97.51,156.02,60.0,37.5,med_generico,60,157,,vacio,,,366.0,366.0,359,,1
FC-C22EBFE6,Perilla N2,generico,Botiquín,Edigar,,Material plastico,,,Perilla,PIEZA,16.00,25.60,60.0,37.5,categoria,50,24,,vacio,,,,,,,2
FC-92503558,Ego Magnetic Fij-Alta,marca,Cuidado personal,Ego,,,,,Gel,200 g,18.39,26.00,41.4,29.3,categoria,40,26,7506192503358,gs1_mx,EAN-13 México,,,,,,1
FC-C8B741F6,FC producto botiquín,marca,Producto,Fc,,,,,,,10.45,13.59,30.0,23.1,sin_clasificar,35,16,,vacio,,,,,,,2
FC-BE76D409,Amcef IM 1 g (Inyectable),marca,Otro,Amcef,,,,1 G/3.5 ML,FRASCO AMPULA,1 FRASCO AMPULA,19.72,25.64,30.0,23.1,sin_clasificar,35,27,,vacio,,,,,,,10
FC-C636D8EA,Ceftriaxona IM 1 g (Inyectable),marca,Otro,Ceftriaxona,,,,1 G/3.5 ML,FRASCO AMPULA,1 FRASCO AMPULA,9.80,12.75,30.1,23.1,sin_clasificar,35,15,,vacio,,,,,,,2
FC-BE2ACF63,Valnait Capsulas Valeriana,marca,Otro,Valnait,,,,,,C/30,64.91,100.00,54.1,35.1,sin_clasificar,35,88,7501590285004,gs1_mx,EAN-13 México,,,,,,1
FC-CB5C11ED,Mercurio Magnesia Anisada,marca,Producto,Mercurio,,Producto homeopatico / natural,,,Magnesia,C/50,51.50,82.40,60.0,37.5,sin_clasificar,35,70,,vacio,,,,,,,1
FC-99425580,Gel X-Treme Titan,marca,Cuidado personal,X-Treme,,,,,Gel,250 G,22.61,32.00,41.5,29.3,categoria,40,32,7501199425580,gs1_mx,EAN-13 México,,,,,,2
FC-C4530823,Mercurio óxido de zinc C/50,marca,Producto,Mercurio,,Producto homeopatico / natural,,,Producto natural,C/50,54.00,86.40,60.0,37.5,sin_clasificar,35,73,,vacio,,,,,,,1
FC-C9F4ACCC,Acemetacina,generico,Otro,,,ACEMETACINA,,90 MG,CAPSULAS,14 CAPSULAS,39.44,63.11,60.0,37.5,med_generico,60,64,,vacio,,,151.0,151.0,148,,1
FC-CD261CD5,Doliprofen,marca,Otro,Doliprofen,,,,800 MG,TABLETAS,10 TABLETAS,22.41,29.14,30.0,23.1,med_otc_marca,35,31,,vacio,,,,,,,5
FC-CF18C740,Clindamicina,generico,Otro,,,CLINDAMICINA,,300 MG,CAPSULAS,16 CAPSULAS,30.54,48.87,60.0,37.5,med_generico,60,49,,vacio,,,,,,,3
FC-01B2F362,Fasiclor,marca,Otro,Fasiclor,,CEFACLOR,,125MG/5/75 ML,SUSPENSION,1 SUSPENSION,49.85,64.81,30.0,23.1,med_otc_marca,35,68,,vacio,,,,,,,1
FC-2005DD57,Cefalexina,generico,Otro,,,CEFALEXINA,,500 MG,CAPSULAS,20 CAPSULAS,39.84,63.75,60.0,37.5,med_generico,60,64,,vacio,,,253.0,253.0,248,,2
FC-41339950,Claritromicina,generico,Otro,,,CLARITROMICINA,,500 MG,TABLETAS,10 TABLETAS,59.45,95.12,60.0,37.5,med_generico,60,96,,vacio,,,236.0,236.0,232,,2
FC-443C330E,Cefagen,marca,Otro,Cefagen,,CEFALEXINA,,500 MG,TABLETAS,10 TABLETAS,144.13,187.37,30.0,23.1,med_otc_marca,35,195,,vacio,,,,,,,1
FC-48F732CF,Epicin,marca,Otro,Epicin,,ERITROMICINA,,500 MG,CAPSULAS,20 CAPSULAS,29.56,38.43,30.0,23.1,med_otc_marca,35,40,,vacio,,,,,,,5
FC-492D652F,Cefalver,marca,Otro,Cefalver,,,,500 MG,CAPSULAS,20 CAPSULAS,43.35,56.36,30.0,23.1,med_otc_marca,35,59,,vacio,,,,,,,1
FC-697EEAD0,Kurtosil,marca,Otro,Kurtosil,,,,20/1 MG,CREMA,1 CREMA,62.48,81.23,30.0,23.1,sin_clasificar,35,85,,vacio,,,,,,,1
FC-72C28BC1,Knoricin,marca,Otro,Knoricin,,NITROFURANTOINA,,125MG/5/60 ML,SUSPENSION,1 SUSPENSION,45.41,59.04,30.0,23.1,med_otc_marca,35,62,,vacio,,,,,,,1
FC-74A5ABEE,Ciprofloxacino,generico,Otro,,,CIPROFLOXACINO,,250 MG,TABLETAS,12 TABLETAS,13.69,21.91,60.0,37.5,med_generico,60,22,,vacio,,,239.0,239.0,235,,2
FC-830BF3FB,Diviltac,marca,Otro,Diviltac,,,,150/10MG/1 ML,FRASCO AMPULA,1 FRASCO AMPULA,34.45,44.79,30.0,23.1,sin_clasificar,35,47,,vacio,,,,,,,1
FC-85BDBD3D,Acroxil-C,marca,Otro,Acroxil-C,,,,250MG/5/60 ML,SUSPENSION,1 SUSPENSION,25.42,33.05,30.0,23.1,med_otc_marca,35,35,,vacio,,,,,,,1
FC-86A95D07,Tropharma,marca,Otro,Tropharma,,,,500 MG,TABLETAS,20 TABLETAS,44.53,57.89,30.0,23.1,med_otc_marca,35,61,,vacio,,62.0,,62.0,61,,2
FC-8FB65B79,Klarix,marca,Otro,Klarix,,CLARITROMICINA,,250MG/5 ML 60 ML,SUSPENSION,1 SUSPENSION,81.67,106.18,30.0,23.1,med_otc_marca,35,111,,vacio,,,,,,,1
FC-AEA8C8DA,Namifen,marca,Otro,Namifen,,,,500 MG,TABLETAS,20 TABLETAS,24.28,31.57,30.0,23.1,med_otc_marca,35,33,,vacio,,,,,,,1
FC-9538F7D6,Fasiclor,marca,Otro,Fasiclor,,CEFACLOR,,250MG/5/75 ML,SUSPENSION,1 SUSPENSION,81.18,105.54,30.0,23.1,med_otc_marca,35,110,7502009741050,gs1_mx,EAN-13 México,,,,,,1
FC-3A4583F3,Penipot,marca,Otro,Penipot,,BENCILPENICILINA,,"400,000 UI",FRASCO AMPULA,1 FRASCO AMPULA,14.07,18.30,30.1,23.1,sin_clasificar,35,20,,vacio,,31.0,,31.0,31,,2
FC-06241206,Dove tono uniforme 72h,marca,Higiene,Dove,,Surfactantes / formula corporal,si,,Desodorante,SPRAY 150 ML,64.28,80.00,24.4,19.6,categoria,40,90,7506306241206,gs1_mx,EAN-13 México,,,,,,2
FC-17376CAE,Aspitak-P,marca,Otro,Aspitak-P,,,,100 MG,COMPRIMIDOS,30 COMPRIMIDOS,19.72,25.64,30.0,23.1,med_otc_marca,35,27,,vacio,,,,,,,2
FC-22105207,Jabon Grisi Neutro,marca,Higiene,Grisi,,Jabon / tensioactivos,,,Jabón,150 G,20.87,30.00,43.7,30.4,categoria,40,30,7501022105207,gs1_mx,EAN-13 México,,30.0,30.0,30,,3
FC-27250612,Desodorante Obao Piel Delicada,marca,Higiene,Obao,,Antitranspirante / desodorante,si,,Desodorante,R-ON 65 G,24.71,39.54,60.0,37.5,categoria,40,35,7501027250612,gs1_mx,EAN-13 México,,,,,,1
FC-27286017,Desodorante Obao Classic (Hombre),marca,Higiene,Obao,,Antitranspirante / desodorante,si,,Desodorante,R-ON 65 G,29.55,42.00,42.1,29.6,categoria,40,42,7501027286017,gs1_mx,EAN-13 México,,,,,,1
FC-405A75E3,Ursodesoxicolico,marca,Otro,Acido,,,,250 MG,CAPSULAS,50 CAPSULAS,217.23,282.40,30.0,23.1,med_otc_marca,35,294,,vacio,,,432.0,432.0,424,,1
FC-4C621D07,Vanmoxol,generico,Otro,,,VANMOXOL,,250/15MG/5/90 ML,SUSPENSION,1 SUSPENSION,18.03,28.85,60.0,37.5,med_generico,60,29,,vacio,,,,,,,1
FC-E6112F15,Nalixone,generico,Otro,,,NALIXONE,,500/50 MG,TABLETAS,20 TABLETAS,63.32,101.32,60.0,37.5,med_generico,60,102,,vacio,,,,,,,2
FC-E69F2E63,Madrid Aceite Eucalipto,marca,Producto,Madrid,,,,,Aceite,C/25,11.00,17.61,60.1,37.5,sin_clasificar,35,16,,vacio,,,,,,,3
FC-EFB599B5,Mercurio Pan Puerco,marca,Cuidado personal,Mercurio,,Producto homeopatico / natural,,,Pomada,C/25,9.50,15.20,60.0,37.5,categoria,40,15,,vacio,,,,,,,5
FC-E6B50AC3,Celecoxib,marca,Otro,Celecoxib,,,,200MG,CAPSULAS,10 CAPSULAS,34.82,45.27,30.0,23.1,med_otc_marca,35,48,,vacio,,,457.0,457.0,448,,2
FC-E826D304,Lincomicina /2Ml 6 Ampolletas,marca,Producto,Lincomicina,,,,,,600 MG,47.85,62.21,30.0,23.1,sin_clasificar,35,65,,vacio,,,,,,,2
FC-E9C38DC4,Ciprofloxacino G.I,generico,Otro,,,CIPROFLOXACINO G.I,,500 MG,TABLETAS,14 TABLETAS,22.92,36.68,60.0,37.5,med_generico,60,37,,vacio,,,,,,,5
FC-38891190,Jabon Dove Original,marca,Higiene,Dove,,Jabon / tensioactivos,,,Jabón,135 G,30.20,37.00,22.5,18.4,categoria,40,43,0672388911904,gs1_otro_pais,"EAN-13 válido, prefijo 067 (no 750)",,,,,,2
FC-022543CD,Valclan,marca,Otro,Valclan,,AMOXICILINA/AC. CLAVULANICO,,500/125 MG,TABLETAS,10 TABLETAS,37.22,48.39,30.0,23.1,med_otc_marca,35,51,7502009740992,gs1_mx,EAN-13 México,,,,,,3
FC-1FEA2FB7,Amikacina,generico,Otro,,,AMIKACINA,,500MG/2 ML,AMPOLLETA,1 AMPOLLETA,29.21,46.74,60.0,37.5,sin_clasificar,35,40,,vacio,,,,,,,1
FC-26EA40A4,Ramcinet,marca,Otro,Ramcinet,,,,10 MG,TABLETAS,10 TABLETAS,19.65,25.55,30.0,23.1,med_otc_marca,35,27,,vacio,,,,,,,6
FC-3CAA7C5C,Cinarizina,generico,Otro,,,CINARIZINA,,75 MG,TABLETAS,60 TABLETAS,35.05,56.08,60.0,37.5,med_generico,60,57,,vacio,,,77.0,77.0,76,,2
FC-63975795,Gentamicina,generico,Otro,,,GENTAMICINA,,1 MG,COMPRIMIDOS,25 COMPRIMIDOS,17.58,28.13,60.0,37.5,med_generico,60,29,,vacio,,,,,,,3
FC-6EAD98A9,Cepobrom,marca,Otro,Cepobrom,,CEFADROXIL,,500/0.782 MG,CAPSULAS,12 CAPSULAS,47.97,62.37,30.0,23.1,med_otc_marca,35,65,,vacio,,,,,,,1
FC-7AA38F97,Pentiver,marca,Otro,Pentiver,,,,500MG/5/60 ML,SUSPENSION,1 SUSPENSION,31.20,40.56,30.0,23.1,med_otc_marca,35,43,,vacio,,,,,,,1
FC-82F88FED,Captopril,generico,Otro,,,CAPTOPRIL,,25 MG,TABLETAS,30 TABLETAS,7.95,12.72,60.0,37.5,med_generico,60,13,,vacio,,,58.0,58.0,57,,5
FC-AE5EEDF7,Bactiver,marca,Otro,Bactiver,,SULFAMETOXAZOL + TRIMETOPRIMA,,400/80 MG,TABLETAS,20 TABLETAS,48.65,63.25,30.0,23.1,med_otc_marca,35,66,,vacio,,,,,,,1
FC-7AF7ACB5,Charlyn (Ciprofloxacino),marca,Otro,Charlyn,,CIPROFLOXACINO,,500 MG,TABLETAS,3 TABLETAS,24.98,32.48,30.0,23.1,med_otc_marca,35,34,,vacio,,,,,,,6
FC-1FFBB505,Dac (Paracetamol + Diclofenaco),marca,Otro,Supratex,,,,300/600 MG 120 ML,SOLUCION,1 SOLUCION,42.14,54.79,30.0,23.1,med_otc_marca,35,57,,vacio,,66.0,,66.0,65,,1
FC-A909ABC0,Odivitor,marca,Otro,Odivitor,,,,20 MG,TABLETAS,10 TABLETAS,13.77,17.91,30.1,23.1,med_otc_marca,35,19,,vacio,,,,,,,3
FC-B2123139,Oxivag,marca,Otro,Oxivag,,,,70 MG,TABLETAS,4 TABLETAS,64.09,83.32,30.0,23.1,med_otc_marca,35,87,,vacio,,,,,,,1
FC-B25094C4,Lesaclor,marca,Otro,Lesaclor,,,,200MG/5/125 ML,SUSPENSION,1 SUSPENSION,44.43,57.76,30.0,23.1,med_otc_marca,35,60,,vacio,,,,,,,1
FC-08802838,Crema Nivea Softmilk,marca,Cuidado personal,Nivea,,Emolientes / humectantes,,,Crema,400 mL,84.49,119.00,40.8,29.0,categoria,40,119,4005808802838,gs1_otro_pais,"EAN-13 válido, prefijo 400 (no 750)",,,,,,1
FC-09419324,Pasta Dent Sensodyne Original,marca,Higiene,Sensodyne,,Fluoruro de sodio,,,Crema dental,3 oz,70.91,100.00,41.0,29.1,categoria,40,100,7896009419324,gs1_otro_pais,"EAN-13 válido, prefijo 789 (no 750)",,79.0,79.0,78,si,1
FC-1751468C,Flospet,marca,Otro,Flospet,,,,400 MG,TABLETAS,8 TABLETAS,27.33,35.53,30.0,23.1,med_otc_marca,35,37,,vacio,,,,,,,1
FC-1AE9D7E6,Collucort,marca,Otro,Collucort,,,,1% 60 G,CREMA,1 CREMA,47.85,62.21,30.0,23.1,sin_clasificar,35,65,,vacio,,,,,,,2
FC-1DAD5EF1,Tusilen Ad 1 Ibe 240/30/50Mg/100,marca,Producto,Tusilen,,,,,,118 ML,24.22,31.49,30.0,23.1,sin_clasificar,35,33,,vacio,,,,,,,1
FC-281E0F22,Budesonida,marca,Otro,Budesonida,,,,NEB AMP 0.500MG,SUSPENSION,1 SUSPENSION,153.72,199.84,30.0,23.1,med_otc_marca,35,208,,vacio,,,,,,,1
FC-347A49C7,Amikacina,generico,Otro,,,AMIKACINA,,100 MG/2 ML,AMPOLLETA,1 AMPOLLETA,19.46,31.14,60.0,37.5,sin_clasificar,35,27,,vacio,,,,,,,1
FC-FD92D114,Ovisen,marca,Otro,Ovisen,,FLUOXETINA,,20 MG,TABLETAS,14 TABLETAS,10.19,13.25,30.0,23.1,med_otc_marca,35,16,,vacio,,,,,,,1
FC-FEAECBF1,Mercurio Tepezcohuite,marca,Cuidado personal,Mercurio,,Producto homeopatico / natural,,,Pomada,C/25,9.50,15.20,60.0,37.5,categoria,40,15,,vacio,,,,,,,3
FC-FFC25DD1,Perilla N4,generico,Botiquín,Edigar,,Material plastico,,,Perilla,PIEZA,19.50,31.21,60.1,37.5,categoria,50,30,,vacio,,,,,,,2
FC-40004643,Jabon Asepxia Exfoliante,marca,Higiene,Asepxia,,Jabon / tensioactivos,,,Jabón,100 G,38.66,61.86,60.0,37.5,categoria,40,55,6502400046434,prefijo_650_interno,Prefijo 650 no es GS1 país (México=750). Interno Farmalive/Genomma.,,,,,,1
FC-40036965,Jabon Asepxia Bicarbon,marca,Higiene,Asepxia,,Jabon / tensioactivos,,,Jabón,100 G,37.68,53.00,40.7,28.9,categoria,40,53,6502400369656,prefijo_650_interno,Prefijo 650 no es GS1 país (México=750). Interno Farmalive/Genomma.,,,,,,1
FC-01405335,Naturella noche con alas,marca,Higiene,Naturella,,Celulosa absorbente,,,Toallas sanitarias,C/8,18.50,28.00,51.4,33.9,categoria,40,26,7506339394719,gs1_mx,EAN-13 México,,,,,,5
FC-19006623,Saba buenas noches,marca,Higiene,Saba,,Celulosa absorbente,,,Toallas sanitarias,C/8,9.90,15.00,51.5,34.0,categoria,40,15,7501019050664,gs1_mx,EAN-13 México,,,,,,5
FC-22150801,Jabon Grisi Avena,marca,Higiene,Grisi,,Jabon / tensioactivos,,,Jabón,125 G,21.72,31.00,42.7,29.9,categoria,40,31,7501022150801,gs1_mx,EAN-13 México,,32.5,32.5,32,,1
FC-25605514,Escudo Antibacterial Frescura,marca,Higiene,Escudo,,Surfactantes / formula corporal,si,,Jabón,110 G,14.45,19.00,31.5,23.9,categoria,40,21,7506425605514,gs1_mx,EAN-13 México,,,,,,2
FC-33950070,Ensure vainilla,marca,Suplemento,Ensure,,Suplemento nutricional,,,Líquido,236 ML,42.00,63.00,50.0,33.3,categoria,45,61,7501033954085,gs1_mx,EAN-13 México,,,,,,2
FC-33950209,Pediasure vainilla,marca,Analgésico,Pediasure,,Suplemento nutricional,,,Líquido,237 ML,44.00,66.00,50.0,33.3,sin_clasificar,35,60,7501033956294,gs1_mx,EAN-13 México,,,,,,2
FC-33951008,Pediasure chocolate,marca,Suplemento,Pediasure,,Suplemento nutricional,,,Líquido,236 ML,44.00,66.00,50.0,33.3,categoria,45,64,7501033956317,gs1_mx,EAN-13 México,,,,,,2
FC-14119032,Jabón azufre con miel,marca,Higiene,Azufre,,,,,Jabón,,15.02,22.00,46.5,31.7,categoria,40,22,7503014119032,gs1_mx,EAN-13 México,,,,,,1
FC-00E8A9C7,Protector Solar Fotosun UV100,marca,Cuidado personal,Fotosun,,,,C/125 ML S0-FP$,Crema,125 ML,103.89,170.00,63.6,38.9,categoria,40,146,7502253600486,gs1_mx,EAN-13 México,,,,,,1
FC-52400038,Ajolotius menta eucalipto sin azúcar pastillas,marca,GENERAL,Ajolotius,BIOALIMENTOS NAT,,,,,,21.36,34.18,60.0,37.5,sin_clasificar,35,30,7506452400038,gs1_mx,EAN-13 México,,,,,,8
FC-52400212,Ajolotius Jengibre Tab Nati Jengibre,marca,GENERAL,Ajolotius,BIOALIMENTOS NAT,,,,,C/10,20.50,26.65,30.0,23.1,sin_clasificar,35,29,7506452400212,gs1_mx,EAN-13 México,,,,,,1
FC-52400267,Ajolotius,marca,Otro,Ajolotius,BIOALIMENTOS NAT,,,,JARABE,,73.21,117.14,60.0,37.5,med_otc_marca,35,99,7506452400267,gs1_mx,EAN-13 México,,,,,,1
FC-54504870,Lásico pomada,marca,Otro,Lásico,BDF MEXICO,,,,POMADA,,55.37,88.60,60.0,37.5,sin_clasificar,35,75,7501054504870,gs1_mx,EAN-13 México,,,,,,1
FC-62746605,Jarabe 250 Ml 1 Nat Ajolotius Bioal Imentos,marca,Otro,Jarabe,BIOALIMENTOS NAT,,,250 ML 1 AJOLOTIUS BIOAL IMENTOS,JARABE,JARABE,28.00,36.40,30.0,23.1,med_otc_marca,35,38,7500462746605,gs1_mx,EAN-13 México,,,,,,2
FC-62746698,Ajolotius,marca,Otro,Ajolotius,BIOALIMENTOS NAT,,,REFORZADO 250 ML BIOALIMENTOS NAT: AJOLOTIUS JARABE REFORZADO,JARABE,JARABE,58.90,80.00,35.8,26.4,med_otc_marca,35,80,7500462746698,gs1_mx,EAN-13 México,,,,,,8
FC-14980596,Prudence mora condones C/3,marca,GENERAL,Prudence,DKT MEXICO,Latex,si,,,C/3,31.03,49.65,60.0,37.5,sin_clasificar,35,42,7502214980596,gs1_mx,EAN-13 México,,,,,,1
FC-21042481,Manzanilla Ml Hnos 31.40 Hnos,marca,Producto,Manzanilla,GRISI HNOS,,,,,,30.77,49.24,60.0,37.5,sin_clasificar,35,42,7501022104248,gs1_mx,EAN-13 México,,,,,,1
FC-24004581,Ajolotius Pastillas Elderberry Past,marca,Producto,Ajolotius,BIOALIMENTOS NAT,,,,,,21.00,33.60,60.0,37.5,sin_clasificar,35,29,7506452400458,gs1_mx,EAN-13 México,,,,,,1
FC-45045281,Labello Hydro-C,marca,Otro,Labello,BDF MEXICO,Emolientes labiales,,,POMADA,,56.50,90.40,60.0,37.5,sin_clasificar,35,77,7501054504528,gs1_mx,EAN-13 México,,,,,,1
FC-49800151,Prudence Clasico C/3,marca,Higiene,Prudence,DKT MEXICO,Latex,si,,Condón,C/3,29.30,46.88,60.0,37.5,categoria,40,42,7502214980015,gs1_mx,EAN-13 México,,,,,,1
FC-56034041,Toallitas húmedas antibacterial,marca,Higiene,Escudo,KIMBERLY CLARK,Solucion limpiadora,,,Toallas húmedas,C/50,15.29,24.47,60.0,37.5,categoria,40,22,7506425603404,gs1_mx,EAN-13 México,,,,,,1
