sim_sku,descripcion,marca,precio,linea,jerarquia,forma,cantidad,concentraciones,ingredientes,link,fuente
4260,DAPAGLIFLOZINA 10MG 28 TABLETAS (GENERICO),,449.0,Diabetes,Medicamentos,tableta,28,10mg,dapagliflozina,https://www.farmaciasdesimilares.com/dapagliflozina_100mg_28tab_gen/p,vtex
3933,CREATINA 5GR POLVO 500GR XGEAR,,450.0,Complementos,Deportistas,polvo,,500000mg 5000mg,creatina,https://www.farmaciasdesimilares.com/creatina_5gr_polvo_500gr_xgear/p,vtex
3548,CREATINA 5 GR XGEAR 150 GR POLVO 1 PIEZA,,240.0,Complementos,Deportistas,polvo,1,150000mg 5000mg,creatina,https://www.farmaciasdesimilares.com/xgear_creatina_5gr_polvo_150gr_xgear/p,vtex
2342,PINAVERIO / DIMETICONA  100/300 MG 16 CAPSULAS,,189.0,Colitis,Funcionamiento gastrointestinal,capsula,16,300mg,pinaverio + dimeticona,https://www.farmaciasdesimilares.com/pinaveriodimeticona_100300mg_16cap/p,vtex
940,GASA 10X10 10 SOBRES,,21.0,Material de curación,"Higiene, curación y diagnóstico",sobre,10,,,https://www.farmaciasdesimilares.com/gasa_10x10_caja_10_sobres/p,vtex
74,COMPLEJO B (VITAMINAS B1 / B6 / B12) 30 TABLETAS,,23.0,Multivitamínico,Medicamentos,tableta,30,,complejo,https://www.farmaciasdesimilares.com/complejo_b_30tab/p,vtex
2315,IBUPROFENO CAPSULAS 600MG 10 CAPSULAS,,34.0,Analgésicos,Medicamentos,capsula,10,600mg,ibuprofeno,https://www.farmaciasdesimilares.com/ibuprofeno_600mg_10cap/p,vtex
162,PARACETAMOL 500 MG 10 TABLETAS,,8.0,Analgésicos,Analgesia,tableta,10,500mg,paracetamol,https://www.farmaciasdesimilares.com/paracetamol_500mg_10tab/p,vtex
1441,SERTRALINA 50 MG 14 TABLETAS,,84.5,Enfermedades mentales,Medicamentos,tableta,14,50mg,sertralina,https://www.farmaciasdesimilares.com/sertralina_50mg_14tab/p,vtex
1126,MISOPROSTOL 200 MCG 28 TABLETAS,,499.0,Funcionamiento gastrointestinal,Medicamentos,tableta,28,200mcg,misoprostol,https://www.farmaciasdesimilares.com/misoprostol_200mcg_28tab/p,vtex
3979,SINUBERASE PROBIOTICOS EN SUSPENSION BACILLUS CLAUSII 4 BILLONES UFC 10 AMPOLLETAS DE 5 ML,,224.0,Lactobacilos,Funcionamiento gastrointestinal,suspension,10,5ml,sinuberase,https://www.farmaciasdesimilares.com/esporas_bac_claus_4bill_10amp_sinuberase/p,vtex
3832,TRIMEBUTINA/SIMETICONA 200/75 MG 24 COMPRIMIDOS,,199.0,Funcionamiento gastrointestinal,Medicamentos,tableta,24,75mg,trimebutina + simeticona,https://www.farmaciasdesimilares.com/trimebutin_simet_200_75mg_24comp/p,vtex
3929,PROTEINA XGEAR ZERO CARBOHIDRATOS VAINILLA 450GR,,419.0,Proteínas,Deportistas,,,450000mg,proteina,https://www.farmaciasdesimilares.com/prot_xgear_zero_carb_vainilla_450gr/p,vtex
3836,MAGNESIO CITRATO 400MG 60 CAPSULAS,,109.0,Multivitamínicos,Suplementos y multivitamínicos,capsula,60,400mg,magnesio,https://www.farmaciasdesimilares.com/magnesio_citrato_400mg_60cap/p,vtex
3642,BERBERINA (POLVO DE AGRACEJO) + FIBRA 30 CAPSULAS,,79.0,Multivitamínicos,Suplementos y multivitamínicos,polvo,30,,berberina + fibra,https://www.farmaciasdesimilares.com/berberina_500mg_fibra_30cap/p,vtex
3656,GOMITAS CON COLAGENO HIDROLIZADO ACIDO HIALURONICO GELASIMI FORTE ETERNAL SECRET 60 GOMITAS,,149.0,Belleza,Suplementos y multivitamínicos,,,,gomitas + colageno,https://www.farmaciasdesimilares.com/eternal_secret_gomitas_colag_ac_hia_60pzas_gelasimi_for/p,vtex
3545,VITAMINA D3 COLECALCIFEROL 5000UI 30 CAPSULAS GELATINA BLANDA,,109.0,Sistema inmune,Aparato respiratorio,capsula,30,5000ui,,https://www.farmaciasdesimilares.com/vitamina_d3_5000ui_30cap_gel_simi_d3/p,vtex
3531,GELASIMI FORTE CAPSULAS GEL BY ETERNAL SECRET 30 CAPSULAS,,109.01,Belleza,Suplementos y multivitamínicos,capsula,30,,gelasimi,https://www.farmaciasdesimilares.com/gelasimi_forte_30cap_gel/p,vtex
918,JERINGA DESECHABLE 5ML 21G X 32MM 3 PIEZAS,,16.0,Material de curación,"Higiene, curación y diagnóstico",,3,21000mg 5ml,,https://www.farmaciasdesimilares.com/jeringa_desechable_5ml_3pzas_21x32/p,vtex
82,DICLOFENACO 100MG 20 TABLETAS,,35.0,Antiinflamatorio,Medicamentos,tableta,20,100mg,diclofenaco,https://www.farmaciasdesimilares.com/diclofenaco_100mg_20tab/p,vtex
785,KETOROLACO 30 MG TABLETAS SUBLINGUALES 4 TABLETAS,,53.0,Analgésicos,Medicamentos,tableta,4,30mg,ketorolaco,https://www.farmaciasdesimilares.com/ketorolaco_30mg_4tab_sub/p,vtex
675,AMANTADINA / CLORFENAMINA / PARACETAMOL 24 CAPSULAS,,33.0,Antigripal,Aparato respiratorio,capsula,24,,amantadina + clorfenamina + paracetamol,https://www.farmaciasdesimilares.com/amantadina_clor_para_24cap/p,vtex
615,LORATADINA 10 MG 20 TABLETAS,,44.0,Antialérgico,Medicamentos,tableta,20,10mg,loratadina,https://www.farmaciasdesimilares.com/loratadina_10mg_20tab/p,vtex
395,DICLOFENACO SODICO / VITAMINAS B1 / B6 / B12 30 TABLETAS,,64.0,Antiinflamatorio,Medicamentos,tableta,30,,diclofenaco,https://www.farmaciasdesimilares.com/diclofenaco_b1_b6_b12_1mg_30tab/p,vtex
3334,MICRODACYN SOLUCION ANTISEPTICA SPRAY 120 ML 1 PIEZA,,227.0,Material de curación,"Higiene, curación y diagnóstico",solucion,1,120ml,microdacyn,https://www.farmaciasdesimilares.com/microdacyn_sol_antisep_spray_120ml/p,vtex
3319,TADALAFIL 5MG 14 TABLETAS,,229.0,Disfunción eréctil,Medicamentos,tableta,14,5mg,tadalafil,https://www.farmaciasdesimilares.com/tadalafil_5mg_14tab/p,vtex
322,BETAMETASONA/GENTAMICINA/CLOTRIMAZOL 40GR CREMA,,32.0,Dermatológico,Medicamentos,crema,,40000mg,betametasona + gentamicina + clotrimazol,https://www.farmaciasdesimilares.com/betametasona_genta_clotri_40gr_crema/p,vtex
3203,CELECOXIB 200 MG 10 CAPSULAS,,99.0,Antiinflamatorio,Medicamentos,capsula,10,200mg,celecoxib,https://www.farmaciasdesimilares.com/celecoxib_200mg_10cap_gen/p,vtex
3175,METOCARBAMOL / IBUPROFENO 375/200MG 12 CAPSULAS,,58.0,Analgésicos,Analgesia,capsula,12,200mg,metocarbamol + ibuprofeno,https://www.farmaciasdesimilares.com/metocarbamol_ibupro_375_200mg_12cap/p,vtex
3155,DAPAGLIFLOZINA 10MG 28 TABLETAS (ASTRA),,799.0,Diabetes,Medicamentos,tableta,28,10mg,dapagliflozina,https://www.farmaciasdesimilares.com/dapagliflozina_10mg_28tab_astra/p,vtex
315,KETOROLACO 10 MG  10 TABLETAS,,25.0,Analgésicos,Medicamentos,tableta,10,10mg,ketorolaco,https://www.farmaciasdesimilares.com/ketorolaco_10mg_10tab/p,vtex
2967,PREGABALINA 150 MG 28 CAPSULAS,,119.0,Medicamentos éticos,Medicamentos,capsula,28,150mg,pregabalina,https://www.farmaciasdesimilares.com/pregabalina_150mg_28cap/p,vtex
2966,PREGABALINA 75MG 14 CAPSULAS,,74.0,Medicamentos éticos,Medicamentos,capsula,14,75mg,pregabalina,https://www.farmaciasdesimilares.com/pregabalina_75mg_14cap/p,vtex
2947,TESTOSTERONA 250 MG/1 ML SOLUCION INYECTABLE 1 PIEZA,,419.0,Medicamentos éticos,Medicamentos,solucion,1,1ml 250mg,testosterona,https://www.farmaciasdesimilares.com/testosterona_250mg_1ml_sol_iny/p,vtex
2788,PARACETAMOL 650 MG 24 TABLETAS,,31.0,Analgésicos,Analgesia,tableta,24,650mg,paracetamol,https://www.farmaciasdesimilares.com/paracetamol_650mg_24tab/p,vtex
2677,PARACETAMOL 250 MG / ACIDO ACETILSALICILICO 250 MG / CAFEINA 65 MG 24 TABLETAS,,54.0,Analgésicos,Analgesia,tableta,24,250mg 65mg,paracetamol,https://www.farmaciasdesimilares.com/paracetamol_ac_acet_caf_24tab/p,vtex
2674,ESCITALOPRAM 10 MG 28 TABLETAS,,112.0,Enfermedades mentales,Medicamentos,tableta,28,10mg,escitalopram,https://www.farmaciasdesimilares.com/escitalopram_10mg_28tab/p,vtex
2668,FLUOXETINA 20 MG 28 CAPSULAS,,99.0,Enfermedades mentales,Medicamentos,capsula,28,20mg,fluoxetina,https://www.farmaciasdesimilares.com/fluoxetina_20mg_28cap/p,vtex
2661,TELMISARTAN 40 MG 14 TABLETAS,,89.0,Antihipertensivo,Medicamentos,tableta,14,40mg,telmisartan,https://www.farmaciasdesimilares.com/telmisartan_40mg_14tab/p,vtex
261,METFORMINA 850 MG 30 TABLETAS,,30.0,Diabetes,Medicamentos,tableta,30,850mg,metformina,https://www.farmaciasdesimilares.com/metformina_850mg_30tab/p,vtex
2577,METFORMINA 750 MG 30 TABLETAS LIBERACION PROLONGADA,,62.0,Diabetes,Medicamentos,tableta,30,750mg,metformina,https://www.farmaciasdesimilares.com/metformina_750mg_30tab_lp/p,vtex
2518,DIOSMINA / HESPERIDINA 450/50MG 20 TABLETAS,,173.0,Flebotónico,Medicamentos,tableta,20,50mg,diosmina + hesperidina,https://www.farmaciasdesimilares.com/diosmina_hesper_450_50mg_20tab/p,vtex
2475,MIRTAZAPINA 30 MG 10 TABLETAS DISPERSABLES,,219.0,Enfermedades mentales,Medicamentos,tableta,10,30mg,mirtazapina,https://www.farmaciasdesimilares.com/mirtazapina_30mg_10tab_disper/p,vtex
2276,MAGALDRATO/DIMETICONA 80MG/10MG 10SOBRES,,56.0,Gastritis,Funcionamiento gastrointestinal,,10,10mg 80mg,magaldrato + dimeticona,https://www.farmaciasdesimilares.com/malgadrato_dimet_80mg_10mg_10sob/p,vtex
2200,NEOMICINA / CAOLIN / PECTINA 20 TABLETAS,,58.0,Antidiarreico,Funcionamiento gastrointestinal,tableta,20,,neomicina + caolin + pectina,https://www.farmaciasdesimilares.com/neomicina_caoli_pectin_20tab/p,vtex
2152,PROTEINA LOW CARB CHOCOLATE 450 GR X GEAR,,314.0,Proteínas,Deportistas,,,450000mg,proteina,https://www.farmaciasdesimilares.com/prot_low_carb_chocolate_450gr_x_gear/p,vtex
1995,MELATONINA 5MG 20 TABLETAS SUBLINGUALES,,91.0,Medicamentos éticos,Medicamentos,tableta,20,5mg,melatonina,https://www.farmaciasdesimilares.com/melatonina_5mg_20tab_subl/p,vtex
1903,VENLAFAXINA 75 MG 20 CAPSULAS LIBERACION PROLONGADA,,134.0,Enfermedades mentales,Medicamentos,capsula,20,75mg,venlafaxina,https://www.farmaciasdesimilares.com/venlafaxina_75mg_20cap_lp/p,vtex
1862,BUTILHIOSCINA HIOSCINA / IBUPROFENO 20/400 MG 10 TABLETAS,,76.0,Analgésicos,Analgesia,tableta,10,400mg,butilhioscina + ibuprofeno,https://www.farmaciasdesimilares.com/butilhioscina_hioscina_ibuprofeno_10tab/p,vtex
1853,IBUPROFENO 400 MG 10 CAPSULAS,,21.0,Analgésicos,Analgesia,capsula,10,400mg,ibuprofeno,https://www.farmaciasdesimilares.com/ibuprofeno_400mg_10cap/p,vtex
1808,SIMIFIBRA FORTE SALVADO  POLVO 300 GR 1 PIEZA,,109.01,Laxante,Funcionamiento gastrointestinal,polvo,1,300000mg,simifibra,https://www.farmaciasdesimilares.com/simifibra_forte_300gr/p,vtex
1803,ATORVASTATINA 20 MG 10 TABLETAS,,66.0,Hipolipemiante,Medicamentos,tableta,10,20mg,atorvastatina,https://www.farmaciasdesimilares.com/atorvastatina_20mg_10tab/p,vtex
128,LOPERAMIDA 2 MG 12 TABLETAS,,12.5,Antidiarreico,Funcionamiento gastrointestinal,tableta,12,2mg,loperamida,https://www.farmaciasdesimilares.com/loperamida_2mg_12tab/p,vtex
119,IBUPROFENO 800 MG 10 TABLETAS,,31.0,Analgésicos,Medicamentos,tableta,10,800mg,ibuprofeno,https://www.farmaciasdesimilares.com/ibuprofeno_800mg_10tab/p,vtex
1127,LOSARTAN POTASICO 50MG 30 TABLETAS,,66.0,Antihipertensivo,Medicamentos,tableta,30,50mg,losartan,https://www.farmaciasdesimilares.com/losartan_potasico_50mg_30tab/p,vtex
1107,PARACETAMOL/IBUPROFENO 325MG/200MG 20TABLETAS,,46.0,Analgésicos,Analgesia,,20,200mg 325mg,paracetamol + ibuprofeno,https://www.farmaciasdesimilares.com/paracetamol_ibuprofeno_32mg_200mg_20tab/p,vtex
863,SIMICOLAGENO 60 CAPSULA GELATINA BLANDA,,51.0,Belleza,Suplementos y multivitamínicos,capsula,60,,simicolageno,https://www.farmaciasdesimilares.com/simicolageno_60cap/p,vtex
466,OMEGA 3 150 MG SIMIOMEGA 100 CAPSULAS,,93.0,Circulatorio,Suplementos y multivitamínicos,capsula,100,150mg,omega,https://www.farmaciasdesimilares.com/omega_3_150mg_100cap_simiomega/p,vtex
324,DIFENHIDRAMINA 25 MG 30 CAPSULAS,,33.0,Antialérgico,Medicamentos,capsula,30,25mg,difenhidramina,https://www.farmaciasdesimilares.com/difenhidramina_25mg_30cap/p,vtex
3028,BLOQUEADOR FACIAL/CORPORAL FPS50+125GR ETERNAL,,154.0,Protector solar,Cuidado de la piel y belleza,,,125000mg,,https://www.farmaciasdesimilares.com/eternal_secret_bloqueador_50_125gr_facial_y_corp/p,vtex
2501,AGRIFEN PARACETAMOL 500 MG / CAFEINA 25 MG / FENILEFRINA 5 MG / CLORFENAMINA 4 MG 10 TABLETAS,,23.0,Antigripal,Aparato respiratorio,tableta,10,25mg 4mg 500mg 5mg,agrifen,https://www.farmaciasdesimilares.com/agrifen_clorfenamina_10tab/p,vtex
1455,ORLISTAT 120 MG 21 CAPSULAS,,159.0,Peso y metabolismo,Peso y metabolismo,capsula,21,120mg,orlistat,https://www.farmaciasdesimilares.com/orlistat_120mg_21cap/p,vtex
1450,ACIDO ASCORBICO 2 GR SABOR NARANJA 10 COMPRIMIDOS EFERVESCENTES,,61.0,Sistema inmune,Aparato respiratorio,tableta,10,2000mg,,https://www.farmaciasdesimilares.com/ac_ascorbico_2gr_10comp_efer/p,vtex
1071,AMLODIPINO 5MG 10 TABLETAS,,35.0,Antihipertensivo,Medicamentos,tableta,10,5mg,amlodipino,https://www.farmaciasdesimilares.com/amlodipino_5mg_10tab/p,vtex
4219,FIJADOR DE CEJAS 10ML GEL GELASIMI,,159.0,Belleza,Cuidado de la piel y belleza,gel,,10ml,fijador,https://www.farmaciasdesimilares.com/fijador_de_cejas_10ml_gel_gelasimi/p,vtex
4107,DESVENLAFAXINA 100MG LIBERACION PROLONGADA 14 TABLETAS,,258.0,Enfermedades mentales,Medicamentos,tableta,14,100mg,desvenlafaxina,https://www.farmaciasdesimilares.com/desvenlafaxina_100mg_lp_14_tab/p,vtex
4073,GOMITAS COLAGENO ACIDO HIALURONICO SIN/AZUCAR 60 PIEZAS GELASIMI,,189.0,Belleza,Suplementos y multivitamínicos,,60,,gomitas + azucar,https://www.farmaciasdesimilares.com/gomitas_colag_ac_s_azucar_60_pzagelasimi/p,vtex
4062,CREATINA 5GR MUJER POLVO 189GR XGEAR,,319.0,Complementos,Deportistas,polvo,,189000mg 5000mg,creatina,https://www.farmaciasdesimilares.com/creatina_5gr_mujer_pvo_189gr_xgear/p,vtex
4061,GOMITAS SIN AZUCAR VINAGRE MANZANA 60 PIEZAS MULTIGOMI,,189.0,Peso y metabolismo,Peso y metabolismo,,60,,gomitas,https://www.farmaciasdesimilares.com/gomitas_s_azuc_vinagmanz_60pza_multigomi/p,vtex
3980,ENTEROGERMINA PROBIOTICO CON 2 BILLONES DE UFC 10 AMPOLLETAS DE 5 ML,,229.0,Lactobacilos,Funcionamiento gastrointestinal,inyectable,2,5ml,enterogermina,https://www.farmaciasdesimilares.com/esporas_bac_claus_2bill_10amp_enteroger/p,vtex
3827,METFORMINA / SITAGLIPTINA  850/50MG 28 COMPRIMIDOS,,289.0,Diabetes,Medicamentos,tableta,28,50mg,metformina + sitagliptina,https://www.farmaciasdesimilares.com/metformina_sita_850_50_mg_28comp/p,vtex
3853,PRUEBA DE EMBARAZO ANÁLOGA SIMIBABY,,50.0,Material de diagnóstico,"Higiene, curación y diagnóstico",,,,prueba,https://www.farmaciasdesimilares.com/simibaby_prueba_de_embarazo_analoga/p,vtex
3815,LINAGLIPTINA 5MG 10 TABLETAS,,448.0,Diabetes,Medicamentos,tableta,10,5mg,linagliptina,https://www.farmaciasdesimilares.com/linagliptina_5mg_10tab/p,vtex
3754,OMEPRAZOL 20 MG 120 CAPSULAS,,147.0,Funcionamiento gastrointestinal,Medicamentos,capsula,120,20mg,omeprazol,https://www.farmaciasdesimilares.com/omeprazol_20mg_120cap/p,vtex
3706,PROTEINAS XGEAR ZERO CARBOHIDRATOS CHOCOLATE 450 GR 1 PIEZA,,439.0,Proteínas,Deportistas,,1,450000mg,proteinas,https://www.farmaciasdesimilares.com/xgear_prot_xgear_zero_carb_chocolate_450gr/p,vtex
3641,INOSITOL 500 MG 30 CAPSULAS,,99.01,Multivitamínicos,Suplementos y multivitamínicos,capsula,30,500mg,inositol,https://www.farmaciasdesimilares.com/inositol_500mg_30cap/p,vtex
772,CIPROTERONA  / ETINILESTRADIOL 2 /.035 MG 21 TABLETAS,,224.0,Medicamentos éticos,Medicamentos,tableta,21,35mg,ciproterona + etinilestradiol,https://www.farmaciasdesimilares.com/ciproteronaetinilest_21tab/p,vtex
76,DEXAMETASONA SOLUCION INYECTABLE 8MG/2ML 1 PIEZA,,14.0,Antiinflamatorio,Medicamentos,solucion,1,2ml 8mg,dexametasona,https://www.farmaciasdesimilares.com/dexametasona_8mg2ml_1amp/p,vtex
604,DEXAMETASONA/LIDOCAINA/VITAMINA B1 B6 B12 6 AMPOLLETAS,,75.0,Antiinflamatorio,Medicamentos,inyectable,6,,dexametasona + lidocaina,https://www.farmaciasdesimilares.com/dexametasona_lidocaina_b1b6b12_6amp/p,vtex
3495,PARCHE TERMICO SWEET SECRET BY ETERNAL SECRET 3 PIEZAS,,58.0,Analgésicos,Analgesia,parche,3,,,https://www.farmaciasdesimilares.com/eternal_secret_parche_termico_sweet_secret_3pzas/p,vtex
279,PREDNISONA 5 MG 20 TABLETAS,,21.0,Antiinflamatorio,Medicamentos,tableta,20,5mg,prednisona,https://www.farmaciasdesimilares.com/prednisona_5mg_20tab/p,vtex
2496,CARAMELOS SIMILYPTUS  10 PIEZAS,,24.0,Gripa y tos,Aparato respiratorio,,10,,caramelos,https://www.farmaciasdesimilares.com/caramelos_similyptus_10pzas/p,vtex
1929,CLOPIDOGREL 75 MG 28 TABLETAS,,89.0,Medicamentos éticos,Medicamentos,tableta,28,75mg,clopidogrel,https://www.farmaciasdesimilares.com/clopidogrel_75mg_28tab/p,vtex
178,SALBUTAMOL AEROSOL PARA INHALACION .1328GR 200 DOSIS 1 PIEZA,,64.0,Aparato respiratorio,Aparato respiratorio,spray,1,1.328e+06mg,salbutamol,https://www.farmaciasdesimilares.com/salbutamol_1328gr_200_dosis/p,vtex
1596,ACIDO ACETILSALICILICO 100MG ADULTO 30 COMPRIMIDOS,,24.0,Medicamentos éticos,Medicamentos,tableta,30,100mg,,https://www.farmaciasdesimilares.com/ac_acetilsalicilico_100mg_ad_30comp/p,vtex
1440,BENCIDAMINA SOLUCION 360 ML 1 PIEZA,,69.0,Antiinflamatorios,Analgesia,solucion,1,360ml,bencidamina,https://www.farmaciasdesimilares.com/bencidamina_sol_360ml/p,vtex
80,DICLOFENACO 1.16G/100G 60GR GEL,,42.0,Analgésicos,Analgesia,gel,,100000mg 1160mg 60000mg,diclofenaco,https://www.farmaciasdesimilares.com/diclofenaco_1_16g_100g_60gr_gel/p,vtex
688,BROMURO DE PINAVERIO 100 MG 14 TABLETAS,,60.0,Funcionamiento gastrointestinal,Medicamentos,tableta,14,100mg,bromuro,https://www.farmaciasdesimilares.com/bromuro_pinaverio_100mg_14tab/p,vtex
50,BUTILHIOSCINA 10 MG 10 TABLETAS,,29.0,Analgésicos,Analgesia,tableta,10,10mg,butilhioscina,https://www.farmaciasdesimilares.com/butilhioscina_10mg_10tab/p,vtex
3587,GEL LUBRICANTE VAGINAL ALFA KINKY 60GR 1 PIEZA,,67.01,Gel lubricante,Salud sexual,gel,1,60000mg,vaginal,https://www.farmaciasdesimilares.com/alfa_gel_lubricante_vaginal_60gr_alfa_kinky/p,vtex
3566,MONOFOSFATO DISODICO CITIDIN 5 5 MG/ TRIFOSTATO TRISODICO URIDIN 5 3 MG 30 CAPSULAS,,434.0,Medicamentos éticos,Medicamentos,capsula,30,3mg 5mg,monofosfato,https://www.farmaciasdesimilares.com/citidin_5_uridin_5_53mg_30cap/p,vtex
3524,PARCHES ANTIACNE 44 PIEZAS SIMISKN,,168.0,Dermatológico,Cuidado de la piel y belleza,parche,44,,parches,https://www.farmaciasdesimilares.com/eternal_secret_parches_antiacne_44pzas_simiskn/p,vtex
3522,LEVETIRACETAM 1000 MG 30 TABLETAS,,179.0,Anticonvulsivo,Medicamentos,tableta,30,1000mg,levetiracetam,https://www.farmaciasdesimilares.com/levetiracetam_1000mg_30tab/p,vtex
3521,QUETIAPINA 100 MG 60 TABLETAS,,299.0,Enfermedades mentales,Medicamentos,tableta,60,100mg,quetiapina,https://www.farmaciasdesimilares.com/quetiapina_100mg_60tab/p,vtex
3505,ELECTROLITO 0% AZUCAR PONCHE 500ML HIDRATASIM,,25.5,Líquido,Rehidratantes,,,500ml,electrolito,https://www.farmaciasdesimilares.com/electrol_0_azu_ponche_500ml_hidratasim/p,vtex
3483,SULFATO DE PLATA 0.029GR/100ML SOLUCION 120 ML 1 PIEZA,,169.0,Material de curación,"Higiene, curación y diagnóstico",solucion,1,100ml 120ml 29mg,sulfato,https://www.farmaciasdesimilares.com/sulfato_plata_0_029gr_100ml_sol_120ml/p,vtex
3466,CUO PROTECT 100 MG 30 TABLETAS LIBERACION RETARDADA,,69.0,Analgésicos,Medicamentos,tableta,30,100mg,,https://www.farmaciasdesimilares.com/cuo_protect_100mg_30tab_lr/p,vtex
2857,PIRFENIDONA 8G/100G 3.5GR GEL KITOSCELL,,99.01,Dermatológico,Cuidado de la piel y belleza,gel,,100000mg 3500mg 8000mg,pirfenidona,https://www.farmaciasdesimilares.com/pirfen_8g-100g_3-5gr_gel_kitocell/p,vtex
2850,MINOXIDIL SOLUCION 5GR/100ML 60 ML 1 PIEZA,,249.0,Dermatológico,Cuidado de la piel y belleza,solucion,1,100ml 5000mg 60ml,minoxidil,https://www.farmaciasdesimilares.com/minoxidil_5gr_100ml_sol_60ml/p,vtex
2261,NAPROXENO/LIDOCAINA 10G/2G GEL TOPICO 35GR,,43.0,Analgésicos,Analgesia,gel,,10000mg 2000mg 35000mg,naproxeno + lidocaina,https://www.farmaciasdesimilares.com/naproxeno_lidoca_10g_2g_gel_topico_35gr/p,vtex
100,FENAZOPIRIDINA 100 MG 20 TABLETAS,,27.0,Antibiótico,Medicamentos,tableta,20,100mg,fenazopiridina,https://www.farmaciasdesimilares.com/fenazopiridina_100mg_20tab/p,vtex
964,CINTA MICROPOROSA BLANCA 1.25 X 10MTS 1 PIEZA,,12.0,Material de curación,"Higiene, curación y diagnóstico",,1,,cinta,https://www.farmaciasdesimilares.com/cinta_microporosa_bca_1_25x10mts/p,vtex
917,JERINGA DESECHABLE 3ML 21G X 32MM 4 PIEZAS,,18.0,Material de curación,"Higiene, curación y diagnóstico",,4,21000mg 3ml,,https://www.farmaciasdesimilares.com/jeringa_desechable_3ml_4pzas_21x32/p,vtex
851,VENDA ELASTICA 10CM X 5MTS DOCTOR SIMI 1 PIEZA,,16.0,Material de curación,"Higiene, curación y diagnóstico",,1,,elastica,https://www.farmaciasdesimilares.com/venda_elastica_10cmx5mts_dr_simi/p,vtex
799,TERBINAFINA 1%  SOLUCION SPRAY 30 ML 1 PIEZA,,51.0,Antimicótico,Medicamentos,solucion,1,30ml,terbinafina,https://www.farmaciasdesimilares.com/terbinafina_clorh_30ml_sol_1_spray/p,vtex
794,OXIMETAZOLINA ADULTO 50MG/100ML SOLUCION NASAL 20 ML 1 PIEZA,,34.0,Antigripal,Aparato respiratorio,solucion,1,100ml 20ml 50mg,oximetazolina,https://www.farmaciasdesimilares.com/oximetazolina_ad_50mg_100ml_sol_20ml/p,vtex
778,TAMSULOSINA 0.40MG 20 CAPSULAS,,99.0,Medicamentos éticos,Medicamentos,capsula,20,0.4mg,tamsulosina,https://www.farmaciasdesimilares.com/tamsulosina_clorh_0_40mg_20cap/p,vtex
708,TERBINAFINA 250 MG 28 TABLETAS,,229.0,Antimicótico,Medicamentos,tableta,28,250mg,terbinafina,https://www.farmaciasdesimilares.com/terbinafina_250mg_28tab/p,vtex
690,"OMEGA 3,6,9 SIMIOMEGA PLUS 60 CAPSULAS",,86.0,Circulatorio,Suplementos y multivitamínicos,capsula,60,,omega,https://www.farmaciasdesimilares.com/omega_3_6_9_60cap_simiomega_plus/p,vtex
68,PARACETAMOL/CAFEINA/FENILEFRINA/CLORFENAMINA 10TABLETAS SIMIFLU,,12.0,Antigripal,Aparato respiratorio,,10,,paracetamol + cafeina + fenilefrina + clorfenamina,https://www.farmaciasdesimilares.com/parace_cafe_fenil_clorfen_10tab_simiflu/p,vtex
633,CETIRIZINA 10 MG 10 TABLETAS,,60.0,Antialérgico,Medicamentos,tableta,10,10mg,cetirizina,https://www.farmaciasdesimilares.com/cetirizina_10mg_10tab/p,vtex
632,ACIDO ASCORBICO 1 GR SABOR NARANJA 10 TABLETAS EFERVESCENTES,,51.0,Sistema inmune,Aparato respiratorio,tableta,10,1000mg,,https://www.farmaciasdesimilares.com/ac_ascorbico_1gr_10tab_efer/p,vtex
630,SENOSIDOS AB 8.6MG 60 TABLETAS,,54.0,Laxante,Funcionamiento gastrointestinal,tableta,60,8.6mg,senosidos,https://www.farmaciasdesimilares.com/senosidos_ab_8_6mg_60tab/p,vtex
621,TERBINAFINA CLORHIDRATO CREMA 15 GR 1 PIEZA,,34.0,Antimicótico,Medicamentos,crema,1,15000mg,terbinafina,https://www.farmaciasdesimilares.com/terbinafina_clorhidrato_15gr/p,vtex
599,ELECTROLITOS ORALES COCO 500 ML 1 PIEZA,,25.5,Líquido,Rehidratantes,,1,500ml,electrolitos,https://www.farmaciasdesimilares.com/electrolito_oral_coco_500ml/p,vtex
595,AZITROMICINA 500 MG 3 TABLETAS,,110.0,Antibiótico,Medicamentos,tableta,3,500mg,azitromicina,https://www.farmaciasdesimilares.com/azitromicina_500mg_3tab/p,vtex
522,AMOXICILINA / ACIDO CLAVULANICO 875MG 10 TABLETAS,,99.0,Antibiótico,Medicamentos,tableta,10,875mg,amoxicilina,https://www.farmaciasdesimilares.com/amoxicilina_ac_cla_875mg_10tab/p,vtex
520,FLUCONAZOL 150MG 1 CAPSULA,,35.0,Antimicótico,Medicamentos,capsula,1,150mg,fluconazol,https://www.farmaciasdesimilares.com/fluconazol_150mg_1cap/p,vtex
510,IBUPROFENO  2GR/100ML SUSPENSION 120 ML 1 PIEZA,,31.0,Analgésicos,Analgesia,suspension,1,100ml 120ml 2000mg,ibuprofeno,https://www.farmaciasdesimilares.com/ibuprofeno_2gr_100ml_susp_120ml/p,vtex
498,DICLOFENACO 75 MG / VITAMINAS B12 5 MG / B6 100 MG / B1 100 MG SOLUCION INYECTABLE 6 AMPOLLETAS,,64.0,Antiinflamatorio,Medicamentos,solucion,6,100mg 5mg 75mg,diclofenaco,https://www.farmaciasdesimilares.com/diclofenaco_b1_b6_b12_6amp_3jer/p,vtex
47,BEZAFIBRATO 200 MG 30 TABLETAS,,59.0,Hipolipemiante,Medicamentos,tableta,30,200mg,bezafibrato,https://www.farmaciasdesimilares.com/bezafibrato_200mg_30tab/p,vtex
459,PARACETAMOL 750MG 10 TABLETAS,,18.0,Analgésicos,Analgesia,tableta,10,750mg,paracetamol,https://www.farmaciasdesimilares.com/paracetamol_750mg_10tab/p,vtex
407,METAMIZOL / BUTILHIOSCINA  250/10MG 10 GRAGEAS,,36.0,Analgésicos,Medicamentos,tableta,10,10mg,metamizol + butilhioscina,https://www.farmaciasdesimilares.com/metamizol_butil_250_10mg_10grag/p,vtex
3384,ESOMEPRAZOL 40 MG 14 CAPSULAS LIBERACION RETARDADA,,129.0,Funcionamiento gastrointestinal,Medicamentos,capsula,14,40mg,esomeprazol,https://www.farmaciasdesimilares.com/esomeprazol_40mg_14cap_lr/p,vtex
3350,TADALAFIL 20 MG 4 TABLETAS,,169.0,Disfunción eréctil,Medicamentos,tableta,4,20mg,tadalafil,https://www.farmaciasdesimilares.com/alfa_tadalafil_20mg_4tab/p,vtex
3337,MELATONINA 3 MG 60 TABLETAS ORALES,,94.0,Medicamentos éticos,Medicamentos,tableta,60,3mg,melatonina,https://www.farmaciasdesimilares.com/melatonina_3mg_60tab_oral/p,vtex
3316,ACIDO ASCORBICO  500MG 30 CAPSULAS,,76.0,Sistema inmune,Aparato respiratorio,capsula,30,500mg,,https://www.farmaciasdesimilares.com/ac_ascorbico_500mg_30cap/p,vtex
3315,NEBIVOLOL 5 MG 14 TABLETAS,,239.0,Antihipertensivo,Medicamentos,tableta,14,5mg,nebivolol,https://www.farmaciasdesimilares.com/nebivolol_5mg_14tab/p,vtex
3267,VITAMINA D3 (COLECALCIFEROL) 4000UI 30 TABLETAS MASTICABLES,,149.0,Sistema inmune,Aparato respiratorio,tableta,30,4000ui,,https://www.farmaciasdesimilares.com/vit_d3_4000ui_30tab_dispersables/p,vtex
3200,DROSPIRENONA / ETINILESTRADIOL 3/0.02MG 28 TABLETAS,,309.0,Anticonceptivo,Medicamentos,tableta,28,0.02mg,drospirenona + etinilestradiol,https://www.farmaciasdesimilares.com/drospirenona_etinilestradiol_3_0_02mg/p,vtex
3199,METFORMINA 850 MG 30 TABLETAS LIBERACION PROLONGADA,,69.0,Diabetes,Medicamentos,tableta,30,850mg,metformina,https://www.farmaciasdesimilares.com/metformina_850mg_30tab_lp/p,vtex
3198,METFORMINA 500 MG 60 TABLETAS LIBERACION PROLONGADA,,129.0,Diabetes,Medicamentos,tableta,60,500mg,metformina,https://www.farmaciasdesimilares.com/metformina_500mg_60tab_lp/p,vtex
318,FLUOCINOLONA / METRONIDAZOL / NISTATINA 10 OVULOS,,53.0,Antimicótico,Medicamentos,ovulo,10,,fluocinolona + metronidazol + nistatina,https://www.farmaciasdesimilares.com/fluocinolona_metron_nistat_10_ovu/p,vtex
3153,SAL DE UVAS PICOT BICARBONATO DE SODIO / ACIDO TARTARICO / ACIDO CITRICOPOLVO EFERVESCENTE 12 SOBRES,,58.0,Gastritis,Funcionamiento gastrointestinal,sobre,12,,,https://www.farmaciasdesimilares.com/sal_de_uvas_picot_10_2_sob_polvo_efer/p,vtex
3043,TIRAS REACTIVAS GMATE 50 PIEZAS,,276.0,Tiras reactivas,Diabetes,,50,,tiras,https://www.farmaciasdesimilares.com/tiras_reactivas_gmate_50_pzas/p,vtex
2974,MEMANTINA 10 MG 28 TABLETAS,,169.0,Medicamentos éticos,Medicamentos,tableta,28,10mg,memantina,https://www.farmaciasdesimilares.com/memantina_10mg_28tab/p,vtex
2965,ELECTROLITOS ORALES FRESA / KIWI 500 ML  1 PIEZA,,25.5,Líquido,Rehidratantes,,1,500ml,electrolitos,https://www.farmaciasdesimilares.com/electrolito_oral_fre_kiwi_500ml/p,vtex
2919,MODAFINILO 200 MG 7 TABLETAS,,199.0,Medicamentos éticos,Medicamentos,tableta,7,200mg,modafinilo,https://www.farmaciasdesimilares.com/modafinilo_200mg_7tab/p,vtex
2888,ETORICOXIB 90 MG 28 COMPRIMIDOS,,199.0,Antiinflamatorio,Medicamentos,tableta,28,90mg,etoricoxib,https://www.farmaciasdesimilares.com/etoricoxib_90mg_28comp/p,vtex
275,SIMI BROX EUCALIPTO / GORDOLOBO / MIRRA  240 ML JARABE 1 PIEZA,,79.0,Gripa y tos,Aparato respiratorio,jarabe,1,240ml,gordolobo + mirra,https://www.farmaciasdesimilares.com/simi_brox_fco_240ml_eucal_gord_mirra/p,vtex
2706,DEXKETOPROFENO 25 MG 10 TABLETAS,,127.0,Analgésicos,Medicamentos,tableta,10,25mg,dexketoprofeno,https://www.farmaciasdesimilares.com/dexketoprofeno_25mg_10tab/p,vtex
268,ALOPURINOL 300 MG 20 TABLETAS,,33.0,Medicamentos éticos,Medicamentos,tableta,20,300mg,alopurinol,https://www.farmaciasdesimilares.com/alopurinol_300mg_20tab/p,vtex
2664,EZETIMIBA / SIMVASTATINA 10/20MG 14 COMPRIMIDOS,,169.0,Hipolipemiante,Medicamentos,tableta,14,20mg,ezetimiba + simvastatina,https://www.farmaciasdesimilares.com/ezetimiba_simvas_10_20mg_14comp/p,vtex
2663,TELMISARTAN / HIDROCLOROTIAZIDA 80 /12.5 MG 14 TABLETAS,,133.0,Antihipertensivo,Medicamentos,tableta,14,12.5mg,telmisartan + hidroclorotiazida,https://www.farmaciasdesimilares.com/telmisartan_hidro_14tab/p,vtex
2648,DEXPANTENOL 5/100GR CREMA 30GR SIMIBABY,,34.0,Cuidado del bebé,Bebés,crema,,100000mg 30000mg,dexpantenol,https://www.farmaciasdesimilares.com/simibaby_dexpantenol_5_100gr_crema_30gr_simibaby/p,vtex
2616,HIALURONATO DE SODIO 4MG/ML SOLUCION OFTALMICA 1 PIEZA,,199.0,Oftalmológico,Medicamentos,solucion,1,4mg,hialuronato,https://www.farmaciasdesimilares.com/hialuronato_4mg_ml_sol_oft_10ml/p,vtex
2593,QUETIAPINA 25 MG 30 TABLETAS,,269.0,Enfermedades mentales,Medicamentos,tableta,30,25mg,quetiapina,https://www.farmaciasdesimilares.com/quetiapina_25mg_30tab/p,vtex
2537,MACROGOL 3350 17 GR POLVO 7 SOBRES,,159.0,Funcionamiento gastrointestinal,Medicamentos,polvo,7,17000mg,macrogol,https://www.farmaciasdesimilares.com/macrogol_3350_7_sobres_17gr/p,vtex
2500,LOXCELL QUINFAMIDA / ALBENDAZOL 300/400MG 1 TABLETA,,94.0,Antiparasitario,Funcionamiento gastrointestinal,tableta,1,400mg,loxcell + albendazol,https://www.farmaciasdesimilares.com/loxcell_quinf_albend_300_400mg_1tab/p,vtex
2305,PROTEINA LOW CARB VAINILLA 450 GR X GEAR,,314.0,Proteínas,Deportistas,,,450000mg,proteina,https://www.farmaciasdesimilares.com/prot_low_carb_vainilla_450gr_x_gear/p,vtex
2304,PROTEINA ZERO CARBOHIDRATOS CHOCO- CAPUCHINO 450GR X GEAR,,399.01,Proteínas,Deportistas,,,450000mg,proteina,https://www.farmaciasdesimilares.com/prot_zero_carb_choco_capuch_450gr_x_gear/p,vtex
2298,AGUA DE MAR ISOTONICA (EQUIVALENTE 0.9% CLORURO DE SODIO) 100 MLL 1 PIEZA,,129.0,Aparato respiratorio,Aparato respiratorio,,1,,,https://www.farmaciasdesimilares.com/agua_de_mar_isoton_spray_100ml/p,vtex
2229,DULOXETINA 60MG 14 CAPSULAS O TABLETAS LIBERACION RETARDADA,,137.0,Enfermedades mentales,Medicamentos,capsula,14,60mg,duloxetina,https://www.farmaciasdesimilares.com/duloxetina_60mg_14cap_lr_o_tab_lr/p,vtex
2228,DULOXETINA 30 MG 7 CAPSULAS LIBERACION RETARDADA,,74.0,Enfermedades mentales,Medicamentos,capsula,7,30mg,duloxetina,https://www.farmaciasdesimilares.com/duloxetina_30mg_7cap_lr/p,vtex
2179,IBUPROFENO / CAFEINA 400/100 MG 10 CAPSULAS,,41.0,Analgésicos,Medicamentos,capsula,10,100mg,ibuprofeno + cafeina,https://www.farmaciasdesimilares.com/ibuprofeno_caf_400_100mg_10cap/p,vtex
2159,RHODIOLA ROSEA / VITAMINAS B1/ B2 / B6 / B12 / ACIDO FOLICO 30 CAPSULAS,,154.0,Multivitamínicos,Suplementos y multivitamínicos,capsula,30,,rhodiola,https://www.farmaciasdesimilares.com/rhodiola_rosea_vitaminas_30cap/p,vtex
2122,HIDROCLOROTIAZIDA 25 MG 20 TABLETAS,,24.0,Antihipertensivo,Medicamentos,tableta,20,25mg,hidroclorotiazida,https://www.farmaciasdesimilares.com/hidroclorotiazida_25mg_20tab/p,vtex
2090,HIDROXICLOROQUINA 200 MG 20 TABLETAS,,264.0,Antiparasitario,Medicamentos,tableta,20,200mg,hidroxicloroquina,https://www.farmaciasdesimilares.com/hidroxicloroquina_200mg_20tab/p,vtex
2031,LEVOCETIRIZINA 5MG 10TABLETAS,,99.0,Antialérgico,Medicamentos,,10,5mg,levocetirizina,https://www.farmaciasdesimilares.com/levocetirizina_5mg_10tab/p,vtex
1975,LACTOBACILOS FORTE SIMIBACILOS 100 CAPSULAS,,158.0,Lactobacilos,Funcionamiento gastrointestinal,capsula,100,,lactobacilos,https://www.farmaciasdesimilares.com/lactob_forte_100cap_simibacilos/p,vtex
1963,OMEPRAZOL 20 MG 14 CAPSULAS,,59.0,Gastritis,Funcionamiento gastrointestinal,capsula,14,20mg,omeprazol,https://www.farmaciasdesimilares.com/omeprazol_20mg_14cap/p,vtex
1933,TELMISARTAN 80 MG 14 TABLETAS,,104.0,Antihipertensivo,Medicamentos,tableta,14,80mg,telmisartan,https://www.farmaciasdesimilares.com/telmisartan_80mg_14tab/p,vtex
19,AMBROXOL / DEXTROMETORFANO 225/225MG ADULTO JARABE 1 PIEZA,,36.0,Gripa y tos,Aparato respiratorio,jarabe,1,225mg,ambroxol + dextrometorfano,https://www.farmaciasdesimilares.com/ambroxol_dext_225_225mg_ad_jbe/p,vtex
1882,HIDROXIZINA 10 MG 30 TABLETAS,,64.0,Medicamentos éticos,Medicamentos,tableta,30,10mg,hidroxizina,https://www.farmaciasdesimilares.com/hidroxizina_10mg_30tab/p,vtex
1846,ATORVASTATINA 40 MG 10 TABLETAS,,116.0,Hipolipemiante,Medicamentos,tableta,10,40mg,atorvastatina,https://www.farmaciasdesimilares.com/atorvastatina_40mg_10tab/p,vtex
1806,TRIMEBUTINA 200 MG 40 TABLETAS,,84.0,Funcionamiento gastrointestinal,Medicamentos,tableta,40,200mg,trimebutina,https://www.farmaciasdesimilares.com/trimebutina_200mg_40tab/p,vtex
1798,ESPIRONOLACTONA 25 MG 30 TABLETAS,,66.0,Antihipertensivo,Medicamentos,tableta,30,25mg,espironolactona,https://www.farmaciasdesimilares.com/espironolactona_25mg_30tab/p,vtex
1797,MAGALDRATO/DIMETICONA 8G/1G/100ML 250ML,,88.0,Gastritis,Funcionamiento gastrointestinal,,,1000mg 100ml 250ml 8000mg,magaldrato + dimeticona,https://www.farmaciasdesimilares.com/malgadrato_dimet_8g_1g_100ml_250ml/p,vtex
1595,CLOTRIMAZOL DUAL (CREMA VAGINAL 10 GR/ 3 OVULOS),,59.0,Antimicótico,Medicamentos,crema,3,10000mg,clotrimazol,https://www.farmaciasdesimilares.com/clotrimazol_dual_crem_vag_10gr_3_ovu/p,vtex
157,OXIDO DE ZINC 25GR/100GR PASTA 1 PIEZA,,19.0,Dermatológico,Medicamentos,unguento,1,100000mg 25000mg,oxido,https://www.farmaciasdesimilares.com/simibaby_oxido_de_zinc_25gr_100gr_30gr/p,vtex
152,NAPROXENO SODICO/PARACETAMOL 275MG/300MG 10TABLETAS,,34.0,Analgésicos,Analgesia,,10,275mg 300mg,naproxeno + paracetamol,https://www.farmaciasdesimilares.com/naproxeno_sod_parac_275mg_300mg_10tab/p,vtex
148,NAPROXENO SODICO 550 MG 12 TABLETAS,,39.0,Analgésicos,Analgesia,tableta,12,550mg,naproxeno,https://www.farmaciasdesimilares.com/naproxeno_sod_550mg_12tab/p,vtex
1432,LEVOTIROXINA SODICA 100MCG 100 TABLETAS,,109.0,Medicamentos éticos,Medicamentos,tableta,100,100mcg,levotiroxina,https://www.farmaciasdesimilares.com/levotiroxina_sod_100mcg_100tab/p,vtex
1413,INDOMETACINA / BETAMETASONA / METOCARBAMOL 20 CAPSULAS,,83.0,Analgésicos,Medicamentos,capsula,20,,indometacina + betametasona + metocarbamol,https://www.farmaciasdesimilares.com/indometacina_betame_meto_20cap/p,vtex
1411,LEVONORGESTREL  1.5 MG 1 TABLETA,,65.0,Anticonceptivo,Medicamentos,tableta,1,1.5mg,levonorgestrel,https://www.farmaciasdesimilares.com/levonorgestrel_1_5mg_1tab/p,vtex
137,METOCLOPRAMIDA 10 MG 20 TABLETAS,,13.0,Funcionamiento gastrointestinal,Medicamentos,tableta,20,10mg,metoclopramida,https://www.farmaciasdesimilares.com/metoclopramida_10mg_20tab/p,vtex
133,METAMIZOL 500MG 10 COMPRIMIDOS,,11.0,Analgésicos,Medicamentos,tableta,10,500mg,metamizol,https://www.farmaciasdesimilares.com/metamizol_500mg_10comp/p,vtex
124,KETOCONAZOL SHAMPOO SUSPENSION 120 ML 1 PIEZA,,66.0,Dermatológico,Cuidado de la piel y belleza,suspension,1,120ml,ketoconazol,https://www.farmaciasdesimilares.com/ketoconazol_shampoo_120ml/p,vtex
1187,LORATADINA / BETAMETASONA  5 /.25 MG 10 TABLETAS,,42.0,Antialérgico,Medicamentos,tableta,10,25mg,loratadina + betametasona,https://www.farmaciasdesimilares.com/loratadina_betametasona_10tab/p,vtex
110,FUROSEMIDA 40 MG 20 TABLETAS,,13.0,Antihipertensivo,Medicamentos,tableta,20,40mg,furosemida,https://www.farmaciasdesimilares.com/furosemida_40mg_20tab/p,vtex
10,TRETINOINA (AC RETINOICO) .05 MG CREMA 30 GR 1 PIEZA,,51.0,Dermatológico,Medicamentos,crema,1,30000mg 5mg,tretinoina,https://www.farmaciasdesimilares.com/tretinoina_ac_retinoico_crema_30gr/p,vtex
8,ACIDO FOLICO 5 MG 20 TABLETAS,,15.0,Antianémico,Medicamentos,tableta,20,5mg,,https://www.farmaciasdesimilares.com/ac_folico_5mg_20tab/p,vtex
3348,PROTEINA XGEAR WHEY EN POLVO SABOR CHOCOLATE 450 GR 1 PIEZA,,439.0,Proteínas,Deportistas,polvo,1,450000mg,proteina,https://www.farmaciasdesimilares.com/xgear_prot_xgear_whey_protein_chocolate_450gr/p,vtex
3030,CLORURO DE SODIO 0.9% SOLUCION INYECTABLE 250 ML 1 PIEZA,,22.0,Material de curación,"Higiene, curación y diagnóstico",solucion,1,250ml,cloruro,https://www.farmaciasdesimilares.com/cloruro_de_sodio_0_9_sol_inyec_250ml/p,vtex
2731,ACETILCISTEINA 600 MG 20 TABLETAS EFERVESCENTES,,164.0,Aparato respiratorio,Aparato respiratorio,tableta,20,600mg,acetilcisteina,https://www.farmaciasdesimilares.com/acetilcisteina_600mg_20tab_efer/p,vtex
2221,BLOQUEADOR FACIAL/CORPORAL FPS50+ 60GR ETERNAL,,79.0,Protector solar,Cuidado de la piel y belleza,,,60000mg,,https://www.farmaciasdesimilares.com/eternal_secret_bloqueador_50_60gr_facial_y_corp/p,vtex
2076,ESENCIAS NATURALES CON ACEITES DE MELISAS / LAVANDA / MANDARINA / PASIFLORA SPRAY 120 ML 1 PIEZA,,119.0,Relajante,Suplementos y multivitamínicos,spray,1,120ml,esencias + aceites + lavanda + mandarina + pasiflora,https://www.farmaciasdesimilares.com/esencias_naturales_spray_120ml/p,vtex
1974,LACTOBACILOS FORTE SIMIBACILOS 30 CAPSULAS,,52.0,Lactobacilos,Funcionamiento gastrointestinal,capsula,30,,lactobacilos,https://www.farmaciasdesimilares.com/lactob_forte_30cap_simibacilos/p,vtex
188,VITAMINA E 400 MG 90 CAPSULAS,,99.0,Belleza,Suplementos y multivitamínicos,capsula,90,400mg,,https://www.farmaciasdesimilares.com/vitamina_e_400mg_90cap/p,vtex
4398,CARBONATO DE CALCIO 750MG 24 TABLETAS TUMS,,44.0,Gastritis,Funcionamiento gastrointestinal,tableta,24,750mg,carbonato,https://www.farmaciasdesimilares.com/carbonato_d_calcio_750mg_24tab_tums/p,vtex
4397,PARCHE ADHESIVO (6X8) 5 PIEZAS CURAMED,,24.0,Material de curación,"Higiene, curación y diagnóstico",parche,5,,,https://www.farmaciasdesimilares.com/parche_adhesivo_6x8_5pzas_curamed/p,vtex
4359,PROBIOTICOS/PREBIOTICOS/ARANDANO/JAMAICA 30 CAPSULAS,,329.0,Lactobacilos,Funcionamiento gastrointestinal,capsula,30,,probioticos + prebioticos + arandano + jamaica,https://www.farmaciasdesimilares.com/probioticos-pre-arand-jamaica_30cap/p,vtex
4308,NAD/RESVERATROL/COENZIMA Q10 30 CAPSULAS,,219.0,Multivitamínicos,Suplementos y multivitamínicos,capsula,30,,resveratrol + coenzima,https://www.farmaciasdesimilares.com/nad_nicotinamida-resveratrol_30cap/p,vtex
4307,GEL CICATRIZANTE PIRFENIDONA/DISULFURO MODIFICADO 3.5GR KITOSCELL Q,,99.0,Dermatológico,Cuidado de la piel y belleza,gel,,3500mg,cicatrizante + disulfuro,https://www.farmaciasdesimilares.com/gel_cicatri_pirfe-disul_3-5gr_kitocell_q/p,vtex
4302,DICLOFENACO 15MG PARCHE 5 PIEZAS VOLTAREN,,159.0,Antiinflamatorios,Analgesia,parche,5,15mg,diclofenaco,https://www.farmaciasdesimilares.com/diclofenaco_parche_15mg_5pzas_voltaren/p,vtex
4264,GOMITAS MULTIVITAMINICOS MUJER 60 PIEZAS MULTIGOMI,,189.0,Multivitamínicos,Suplementos y multivitamínicos,,60,,gomitas,https://www.farmaciasdesimilares.com/gomitas_multi_mujer_60pzas_multigomi/p,vtex
4191,JERINGA PARA INSULINA 0.3ML 31X610 PIEZAS ULTRA FINE,,52.0,Material de curación,"Higiene, curación y diagnóstico",,,0.3ml,,https://www.farmaciasdesimilares.com/jeringa_p_insu_0-3ml_31x610pzas_ultra_f/p,vtex
4190,JERINGA PARA INSULINA 0.5ML 31X6 10 PIEZAS ULTRA FINE,,52.0,Material de curación,"Higiene, curación y diagnóstico",,10,0.5ml,,https://www.farmaciasdesimilares.com/jeringa_p_insu_0-5ml_31x6_10pza_ultra_f/p,vtex
3031,ACIDO ACETILSALICILICO/BICARBONATO DE SODIO/ACIDO CITRICO 10 TABLETAS ALKA SELTZER,,39.0,Gastritis,Funcionamiento gastrointestinal,tableta,10,,bicarbonato,https://www.farmaciasdesimilares.com/ac_acetil_bicarbo_a_citrico_10tab_alka/p,vtex
4093,SEMAGLUTIDA 3MG 10 TABLETAS,,877.0,Diabetes,Medicamentos,tableta,10,3mg,semaglutida,https://www.farmaciasdesimilares.com/semaglutida_3mg_10_tab/p,vtex
4105,RACECADOTRILO 100MG 9 CAPSULAS HIDRASEC,,280.0,Antidiarreico,Medicamentos,capsula,9,100mg,racecadotrilo,https://www.farmaciasdesimilares.com/racecadotrilo_100mg_9_cap_hidrasec/p,vtex
4085,EMPAGLIFLOZINA 25MG 10 TABLETAS,,429.0,Diabetes,Medicamentos,tableta,10,25mg,empagliflozina,https://www.farmaciasdesimilares.com/empagliflozina_25mg_10tab/p,vtex
4074,GOMITAS VITAMINA C/ZINC/VITAMINA D 60 PIEZAS MULTIGOMI,,149.0,Sistema inmune,Aparato respiratorio,,60,,gomitas,https://www.farmaciasdesimilares.com/gomitas_vitc_zinc_vit_d_60pzas_multigomi/p,vtex
4069,ENZIMAS DIGESTIVAS 60 TABLETAS,,199.0,Funcionamiento gastrointestinal,Funcionamiento gastrointestinal,tableta,60,,enzimas,https://www.farmaciasdesimilares.com/enzimas_digestivas_60tab/p,vtex
4068,ELECTROLITO ORAL JAMAICA 500ML,,25.5,Líquido,Rehidratantes,,,500ml,electrolito,https://www.farmaciasdesimilares.com/electrolito_oral_jamaica_500ml/p,vtex
4033,ATOMOXETINA 40MG 14CAPSULAS ULTRA,,159.0,Enfermedades mentales,Medicamentos,,14,40mg,atomoxetina,https://www.farmaciasdesimilares.com/atomoxetina_40mg_14cap_ultra/p,vtex
4015,GOMITAS CITRATO MAGNESIO 60PIEZAS MULTIGOMI,,189.0,Multivitamínicos,Suplementos y multivitamínicos,,60,,gomitas,https://www.farmaciasdesimilares.com/gomitas_citrato_magnesio_60pza_multigomi/p,vtex
4013,BLOQUEADOR BRUMA AEROSOL FPS50+ 75ML ETERNAL,,189.0,Protector solar,Cuidado de la piel y belleza,spray,,75ml,bruma,https://www.farmaciasdesimilares.com/bloqueador_aer_fps50_75ml_eternal_bruma/p,vtex
4010,VITAMINA D3+VITAMINA K2 30 CAPSULAS,,95.0,Huesos y articulaciones,Analgesia,capsula,30,,,https://www.farmaciasdesimilares.com/vitamina_d3_vit_k2_30cap/p,vtex
3965,SINUBERASE PROBIOTICOS BACILLUS COAGULANS 1 MILLON UFC 48 COMPRIMIDOS,,199.0,Lactobacilos,Funcionamiento gastrointestinal,tableta,48,,sinuberase,https://www.farmaciasdesimilares.com/esporas_bac_coagul_1mufc_48com_sinubera/p,vtex
3952,PREGABALINA 50MG 28 CAPSULAS PFIZER,,159.0,Medicamentos éticos,Medicamentos,capsula,28,50mg,pregabalina,https://www.farmaciasdesimilares.com/pregabalina_50mg_28_cap_pfizer/p,vtex
3948,CALCIO / VITAMINA D3 600MG/400UI 30 TABLETAS,,79.0,Huesos y articulaciones,Analgesia,tableta,30,400ui 600mg,calcio,https://www.farmaciasdesimilares.com/calcio_vit_d3_600mg_400ui_30_tab/p,vtex
3831,SITAGLIPTINA 100MG 14 COMPRIMIDOS,,249.0,Diabetes,Medicamentos,tableta,14,100mg,sitagliptina,https://www.farmaciasdesimilares.com/sitagliptina_100_mg_14tab/p,vtex
3830,RIVAROXABAN 20 MG  28 TABLETAS,,499.0,Medicamentos éticos,Medicamentos,tableta,28,20mg,rivaroxaban,https://www.farmaciasdesimilares.com/rivaroxaban_20_mg_28tab/p,vtex
3932,GOMITAS L TEANINA / MAGNESIO / 5HTP 60 PIEZAS MULTIGOMI,,189.0,Relajante,Suplementos y multivitamínicos,,60,,gomitas + magnesio,https://www.farmaciasdesimilares.com/gomitas_relajacion_60_pzas_multigomi/p,vtex
3908,MESALAZINA 500MG 30 COMPRIMIDOS LIBERACION RETARDADA,,245.0,Antiinflamatorio,Medicamentos,tableta,30,500mg,mesalazina,https://www.farmaciasdesimilares.com/mesalazina_500mg_30com_lp/p,vtex
3850,CALCIO / VITAMINA D3 / MAGNESIO / CALTRATE 600+M 30 TABLETAS,,153.0,Huesos y articulaciones,Analgesia,tableta,30,,calcio,https://www.farmaciasdesimilares.com/calcio_vitd3_mag_30tab_caltrate_600_m/p,vtex
3826,ESOMEPRAZOL 40 MG 14 TABLETAS,,199.0,Funcionamiento gastrointestinal,Medicamentos,tableta,14,40mg,esomeprazol,https://www.farmaciasdesimilares.com/esomeprazol_40mg_14tab/p,vtex
3793,CARAMELO SIMILYPTUS ZERO AZUCAR 10 PIEZAS,,31.0,Gripa y tos,Aparato respiratorio,pastilla,10,,caramelo,https://www.farmaciasdesimilares.com/caramelo_similyptus_zero_a_10_pzas/p,vtex
3758,GOMITAS CBD FRUTOS ROJOS 30 GOMITAS,,319.0,Relajante,Suplementos y multivitamínicos,,,,gomitas,https://www.farmaciasdesimilares.com/gomitas_cbd_30pzas_frutos_rojos/p,vtex
3755,CLONIXINATO DE LISINA  / CICLOBENZAPRINA 125MG/5MG 20 TABLETAS,,249.0,Analgésicos,Medicamentos,tableta,20,125mg 5mg,clonixinato + ciclobenzaprina,https://www.farmaciasdesimilares.com/clonix_lisinaciclo_125mg5mg_20tab/p,vtex
3750,DEXTROMETORFANO / PARACETAMOL / CLORFENAMINA / FENILEFRINA 12 CAPSULAS SIMI 1-2-3,,49.0,Antigripal,Aparato respiratorio,capsula,12,,dextrometorfano + paracetamol + clorfenamina + fenilefrina,https://www.farmaciasdesimilares.com/dextrometoparaclorfen_12cap/p,vtex
3450,SUERO FACIAL NIACINAMIDA + ZINC ETERNAL SECRET 30 ML 1 PIEZA,,239.01,Belleza,Cuidado de la piel y belleza,,1,30ml,suero,https://www.farmaciasdesimilares.com/eternal_secret_suero_niacinamida__zinc/p,vtex
3449,SUERO FACIAL CON VITAMINA C AL 10% ETERNAL SECRET 30 ML 1 PIEZA,,239.01,Belleza,Cuidado de la piel y belleza,,1,30ml,suero,https://www.farmaciasdesimilares.com/eternal_secret_serum_con_vitamina_c_al_10/p,vtex
3378,SUERO ACIDO HIALURONICO ETERNAL SECRET 30 ML 1 PIEZA,,249.01,Belleza,Cuidado de la piel y belleza,,1,30ml,suero,https://www.farmaciasdesimilares.com/eternal_secret_booster_revitalizante_con_acido_hialuronico/p,vtex
2520,TOALLA SANITARIA NOCTURNA FLUJO ABUNDANTE CON ALAS 5 PIEZAS,,16.5,Higiene,"Higiene, curación y diagnóstico",,5,,toalla,https://www.farmaciasdesimilares.com/toalla-femenina-kotex-nocturna-con-alas-flujo-super-abundante-5pzs/p,vtex
3747,MAGNESIO / 5HTP / VITAMINA B6 208MG/100MG/6.8MG 60 CAPSULAS,,239.01,Relajante,Suplementos y multivitamínicos,capsula,60,100mg 208mg 6.8mg,magnesio,https://www.farmaciasdesimilares.com/magnesio5htpvit_b6_208mg100mg68mg/p,vtex
3722,MEMANTINA 20MG 28TABLETAS,,299.0,Medicamentos éticos,Medicamentos,,28,20mg,memantina,https://www.farmaciasdesimilares.com/memantina_20mg_28tab/p,vtex
3712,PROGESTERONA  100 MG ORAL / VAGINAL 15 CAPSULAS,,344.0,Medicamentos éticos,Medicamentos,capsula,15,100mg,progesterona,https://www.farmaciasdesimilares.com/progesterona_100mg_oral_vag/p,vtex
3708,ROSUVASTATINA / EZETIMIBA 20MG/10MG 10 TABLETAS,,319.0,Hipolipemiante,Medicamentos,tableta,10,10mg 20mg,rosuvastatina + ezetimiba,https://www.farmaciasdesimilares.com/rosuvastat_ezetimiba_20mg_10mg_10tab/p,vtex
668,SUMATRIPTAN 100 MG 2 COMPRIMIDOS,,136.0,Medicamentos éticos,Medicamentos,tableta,2,100mg,sumatriptan,https://www.farmaciasdesimilares.com/sumatriptan_100mg_2comp/p,vtex
667,SUMATRIPTAN 50 MG 2 COMPRIMIDOS,,79.0,Medicamentos éticos,Medicamentos,tableta,2,50mg,sumatriptan,https://www.farmaciasdesimilares.com/sumatriptan_50mg_2comp/p,vtex
484,LIDOCAINA  5/100GR (5%) UNGÜENTO 1 PIEZA,,33.0,Analgésicos,Analgesia,unguento,1,100000mg,lidocaina,https://www.farmaciasdesimilares.com/lidocaina_5100gr_5ung_35gr/p,vtex
3380,ENOXAPARINA SODICA 40MG/0.4ML JERINGA PRELLENADA SOLUCION INYECTABLE 2 PIEZAS,,389.0,Medicamentos éticos,Medicamentos,solucion,2,0.4ml 40mg,enoxaparina,https://www.farmaciasdesimilares.com/enoxaparina_40mg04ml_jeringa_prellen/p,vtex
3228,BENZOCAINA 10 MG 24 PASTILLAS GRANEODIN B,,139.0,Aparato respiratorio,Aparato respiratorio,pastilla,24,10mg,benzocaina,https://www.farmaciasdesimilares.com/benzocaina_10mg_24past_graneodin_b/p,vtex
2697,ZOLMITRIPTANO 2.5 MG 2 TABLETAS,,169.0,Medicamentos éticos,Medicamentos,tableta,2,2.5mg,zolmitriptano,https://www.farmaciasdesimilares.com/zolmitriptano_25mg_2tab_disper/p,vtex
2691,LEFLUNOMIDA 20 MG 30 COMPRIMIDOS,,144.0,Medicamentos éticos,Medicamentos,tableta,30,20mg,leflunomida,https://www.farmaciasdesimilares.com/leflunomida_20mg_30comp/p,vtex
1967,MOMETASONA FUROATO  50MCG AD 140DOSIS 18ML SPRAY NASAL 1 PIEZA,,234.0,Antialérgico,Medicamentos,spray,1,18ml 50mcg,mometasona,https://www.farmaciasdesimilares.com/mometasona_50mcg_ad_140dosis_18gr/p,vtex
3638,BUSCAPINA 12 TABLETAS CON HIOSCINA. AUXILIAR EN EL ALIVIO DEL DOLOR DE PANZA,,98.0,Analgésicos,Analgesia,tableta,12,,buscapina,https://www.farmaciasdesimilares.com/butilhioscina_10mg_12tab/p,vtex
3628,BEBIDA RE HIDRATANTE CON APORTE DE IONES 0% AZUCAR SABOR UVA 500ML 1 PIEZA,,25.5,Líquido,Rehidratantes,,1,500ml,bebida + aporte,https://www.farmaciasdesimilares.com/electrolito_0_azucar_uva_500ml/p,vtex
3622,ELECTROLITOS ORALES MORA AZUL 500ML 1 PIEZA,,25.5,Líquido,Rehidratantes,,1,500ml,electrolitos,https://www.farmaciasdesimilares.com/electrolito_oral_mora_azul_500ml/p,vtex
3611,GOTAS LUBRICANTES OCULARES 10 ML 1 PIEZA,,379.0,Medicamentos éticos,Medicamentos,gotas,1,10ml,lubricantes,https://www.farmaciasdesimilares.com/gotas_lubricantes_oculares_10ml/p,vtex
807,PALETAS SIMILYPTUS MENTOL / MIEL / EUCALIPTO CON PROPOLEO 16 PIEZAS,,44.0,Gripa y tos,Aparato respiratorio,paleta,16,,paletas + eucalipto + propoleo,https://www.farmaciasdesimilares.com/paletas_similyptus_16pzas_mentmieleuca/p,vtex
479,PANCREATINA / BILIS DE BUEY / DIMETILPOLISILOXANO 20 TABLETAS,,64.0,Colitis,Funcionamiento gastrointestinal,tableta,20,,pancreatina + bilis + dimetilpolisiloxano,https://www.farmaciasdesimilares.com/pancreatinab_bueydimet_20tab/p,vtex
3579,ALCANFOR / MENTOL / EUCALIPTO UNGÜENTO VICK VAPORUB 12 GR 1 PIEZA,,31.9,Antigripal,Aparato respiratorio,unguento,1,12000mg,alcanfor + mentol + eucalipto,https://www.farmaciasdesimilares.com/alcanfmenteucalp_ung_12gr_vick_vaporub/p,vtex
3561,SUBSALICILATO DE BISMUTO PEPTO BISMOL 4 TABLETAS MASTICABLES,,20.0,Antidiarreico,Funcionamiento gastrointestinal,tableta,4,,subsalicilato,https://www.farmaciasdesimilares.com/subsal_bismuto_pepto_bismol_4tab_mast/p,vtex
3518,GEL LIMPIADOR FACIAL SIN JABON SIMISKN 200ML 1 PIEZA,,84.01,Dermatológico,Cuidado de la piel y belleza,gel,1,200ml,simiskn,https://www.farmaciasdesimilares.com/eternal_secret_gel_facial_sin_jabon_200ml_simiskn/p,vtex
3504,BEBIDA POLVO PARA RECONSTITUIR CON ELECTROLITOS 10 SOBRES SABOR CITRUS XGEAR,,99.01,Complementos,Deportistas,polvo,10,,bebida + electrolitos,https://www.farmaciasdesimilares.com/xgear_electrolito_pvo_6gr_cu_10sob_xgear/p,vtex
3502,PRE-WORKOUT PONCHE DE FRUTAS XGEAR POLVO 150 GR 1 PIEZA,,349.0,Complementos,Deportistas,polvo,1,150000mg,,https://www.farmaciasdesimilares.com/xgear_pre_workout_ponche_fru_150gr_xgear/p,vtex
3497,FOSFOMICINA 3 GR POLVO GRANULADO 1 SOBRE,,369.0,Antibiótico,Medicamentos,polvo,1,3000mg,fosfomicina,https://www.farmaciasdesimilares.com/fosfomicina_3gr_pvo_granulado_1sob/p,vtex
3488,AGUA DE MAR ISOTONICA INFANTIL SPRAY 50 ML,,119.0,Aparato respiratorio,Aparato respiratorio,spray,,50ml,,https://www.farmaciasdesimilares.com/agua_de_mar_isotonica_inf_spray_50ml/p,vtex
3434,TIZANIDINA 2 MG 20 TABLETAS,,184.0,Medicamentos éticos,Medicamentos,tableta,20,2mg,tizanidina,https://www.farmaciasdesimilares.com/tizanidina_2mg_20tab/p,vtex
3412,LERCANIDIPINO 10 MG 30 TABLETAS,,239.0,Antihipertensivo,Medicamentos,tableta,30,10mg,lercanidipino,https://www.farmaciasdesimilares.com/lercanidipino_10mg_30tab/p,vtex
3410,CANDESARTAN / HIDROCLOROTIAZIDA 16/12.5MG 28 TABLETAS,,199.0,Antihipertensivo,Medicamentos,tableta,28,12.5mg,candesartan + hidroclorotiazida,https://www.farmaciasdesimilares.com/candesartan_hidro_16_12_5mg_28tab_gen/p,vtex
3407,GEL CONTORNO DE OJOS ROLLON ETERNAL SECRET 15ML 1 PIEZA,,119.0,Belleza,Cuidado de la piel y belleza,gel,1,15ml,contorno,https://www.farmaciasdesimilares.com/eternal_secret_gel_contor_ojos_roll_on_15ml_eternal_sec/p,vtex
222,CEFTRIAXONA SOLUCION INYECTABLE 1 GR  1 AMPOLLETA,,79.0,Antibiótico,Medicamentos,solucion,1,1000mg,ceftriaxona,https://www.farmaciasdesimilares.com/ceftriaxona_1gr_1amp/p,vtex
2201,PANCREATINA / SIMETICONA / EXTRACTO DE BILIS DE BUEY / CELULOSA 50 TABLETAS,,169.0,Colitis,Funcionamiento gastrointestinal,tableta,50,,pancreatina + simeticona + extracto + celulosa,https://www.farmaciasdesimilares.com/pancreatsimeb_bueycel_50tab/p,vtex
2147,LORATADINA 2.5 MG / FENILEFRINA 5 MG / PARACETAMOL 500 MG 12 TABLETAS,,36.0,Antigripal,Aparato respiratorio,tableta,12,2.5mg 500mg 5mg,loratadina,https://www.farmaciasdesimilares.com/loratadinafenilpara_12tab/p,vtex
968,VENDA ADHESIVA CAJA 10 PIEZAS,,10.0,Material de curación,"Higiene, curación y diagnóstico",,10,,adhesiva,https://www.farmaciasdesimilares.com/venda_adhesiva_caja_10pzas/p,vtex
963,JERINGA INFANTIL 3ML 23G X 25MM 4 PIEZAS,,18.01,Material de curación,"Higiene, curación y diagnóstico",,4,23000mg 3ml,,https://www.farmaciasdesimilares.com/jeringa_infantil_3ml_4pzas_23x25/p,vtex
956,JERINGA PARA INSULINA 1ML CON AGUJA 27GX13MM 10 PIEZAS,,36.5,Material de curación,"Higiene, curación y diagnóstico",,10,1ml,,https://www.farmaciasdesimilares.com/jeringa_p_insulina_1ml_27x13_10pzas/p,vtex
954,ALGODON PAQUETE 50 GR 1 PIEZA,,14.0,Material de curación,"Higiene, curación y diagnóstico",,1,50000mg,paquete,https://www.farmaciasdesimilares.com/algodon_paquete_c_50gr/p,vtex
937,VASELINA PARA BEBE 60 GR 1 PIEZA,,23.0,Cuidado del bebé,Bebés,,1,60000mg,vaselina,https://www.farmaciasdesimilares.com/simibaby_vaselina_p_bebe_60gr/p,vtex
935,MULTIAPLICADORES TARRO  100 PIEZAS,,23.0,Higiene,"Higiene, curación y diagnóstico",,100,,multiaplicadores,https://www.farmaciasdesimilares.com/multiaplicadores_tarro_100pzas/p,vtex
93,ENALAPRIL 10 MG 30 TABLETAS,,45.0,Antihipertensivo,Medicamentos,tableta,30,10mg,enalapril,https://www.farmaciasdesimilares.com/enalapril_10mg_30tab/p,vtex
92,DOXICICLINA 100 MG 10 CAPSULAS,,34.0,Antibiótico,Medicamentos,capsula,10,100mg,doxiciclina,https://www.farmaciasdesimilares.com/doxiciclina_100mg_10cap/p,vtex
824,SIMI-B / VITAMINAS / INOSITOL 30 COMPRIMIDOS,,74.01,Multivitamínicos,Suplementos y multivitamínicos,tableta,30,,inositol,https://www.farmaciasdesimilares.com/simi_b_vit_e_inositol_30comp/p,vtex
81,DICLOFENACO SODICO 75MG/3ML SOLUCION INYECTABLE 2 AMPOLLETAS,,20.0,Antiinflamatorio,Medicamentos,solucion,2,3ml 75mg,diclofenaco,https://www.farmaciasdesimilares.com/diclofenaco_sod_75mg_3ml_2amp/p,vtex
796,LEVONORGESTREL / ETINILESTRADIOL .15/.03 MG 28 TABLETAS,,43.0,Anticonceptivo,Medicamentos,tableta,28,3mg,levonorgestrel + etinilestradiol,https://www.farmaciasdesimilares.com/levonorgestrel_etinilest_28tab/p,vtex
78,DEXAMETASONA / NEOMICINA 1/3.5 MG SOLUCION GOTAS OFTALMICAS 5 ML 1 PIEZA,,20.0,Oftalmológico,Medicamentos,solucion,1,3.5mg 5ml,dexametasona + neomicina,https://www.farmaciasdesimilares.com/dexametasona_neomicina_sol_5ml/p,vtex
774,PIOGLITAZONA 15 MG 7 TABLETAS,,61.0,Diabetes,Medicamentos,tableta,7,15mg,pioglitazona,https://www.farmaciasdesimilares.com/pioglitazona_15mg_7tab/p,vtex
763,MELOXICAM / METOCARBAMOL 15/215MG 10 CAPSULAS,,87.0,Analgésicos,Medicamentos,capsula,10,215mg,meloxicam + metocarbamol,https://www.farmaciasdesimilares.com/meloxicam_metoc_15_215mg_10cap/p,vtex
757,METFORMINA 500 MG 60 TABLETAS,,54.0,Diabetes,Medicamentos,tableta,60,500mg,metformina,https://www.farmaciasdesimilares.com/metformina_500mg_60tab/p,vtex
756,CITALOPRAM 20 MG 14 TABLETAS,,130.0,Enfermedades mentales,Medicamentos,tableta,14,20mg,citalopram,https://www.farmaciasdesimilares.com/citalopram_20mg_14tab/p,vtex
703,NIFEDIPINO 30 MG 30 COMPRIMIDOS LIBERACION PROLONGADA,,78.0,Antihipertensivo,Medicamentos,tableta,30,30mg,nifedipino,https://www.farmaciasdesimilares.com/nifedipino_30mg_30comp_lp/p,vtex
7,ACIDO ACETILSALICILICO 500 MG 20 TABLETAS,,15.0,Analgésicos,Analgesia,tableta,20,500mg,,https://www.farmaciasdesimilares.com/ac_acetilsalicilico_500mg_20tab/p,vtex
678,GABAPENTINA 300 MG 15 CAPSULAS,,111.0,Medicamentos éticos,Medicamentos,capsula,15,300mg,gabapentina,https://www.farmaciasdesimilares.com/gabapentina_300mg_15cap/p,vtex
656,PARACETAMOL / CAFEINA 500/50MG 20 TABLETAS,,27.0,Analgésicos,Analgesia,tableta,20,50mg,paracetamol + cafeina,https://www.farmaciasdesimilares.com/paracetamol_caf_500_50mg_20tab/p,vtex
651,SIMI VF Q10 30 CAPSULAS,,89.0,Multivitamínicos,Suplementos y multivitamínicos,capsula,30,,,https://www.farmaciasdesimilares.com/simi_vf_q10_30cap/p,vtex
631,SUBSALICILATO DE BISMUTO 24 TABLETAS MASTICABLES,,71.0,Antidiarreico,Funcionamiento gastrointestinal,tableta,24,,subsalicilato,https://www.farmaciasdesimilares.com/subsalicilato_de_bismuto_24tab_mast/p,vtex
63,CIPROFLOXACINO 500 MG 12 TABLETAS,,84.0,Antibiótico,Medicamentos,tableta,12,500mg,ciprofloxacino,https://www.farmaciasdesimilares.com/ciprofloxacino_500mg_12tab/p,vtex
613,MUPIROCINA 2% UNGÜENTO 15 GR 1 PIEZA,,84.0,Dermatológico,Medicamentos,unguento,1,15000mg,mupirocina,https://www.farmaciasdesimilares.com/mupirocina_2_unguento_15gr/p,vtex
606,CARBONATO DE CALCIO 12 TABLETAS MASTICABLES SABOR MENTA,,16.5,Gastritis,Funcionamiento gastrointestinal,tableta,12,,carbonato,https://www.farmaciasdesimilares.com/carbonato_d_calcio_500mg_12tab_menta/p,vtex
585,ELECTROLITOS ORALES MANZANA 500ML 1 PIEZA,,25.5,Líquido,Rehidratantes,,1,500ml,electrolitos,https://www.farmaciasdesimilares.com/electrolito_oral_mza_500ml/p,vtex
583,CLONIXINATO DE LISINA / BUTILHIOSCINA 250/10MG 10 TABLETAS,,71.0,Analgésicos,Medicamentos,tableta,10,10mg,clonixinato + butilhioscina,https://www.farmaciasdesimilares.com/clonix_lis_buti_250_10mg_10tab/p,vtex
56,CEFALEXINA 500 MG 20 CAPSULAS,,84.0,Antibiótico,Medicamentos,capsula,20,500mg,cefalexina,https://www.farmaciasdesimilares.com/cefalexina_500mg_20cap/p,vtex
555,ALCANFOR / MENTOL / EUCALIPTO / TREMENTINA / SALICILATO DE METILO UNGÜENTO 1 PIEZA,,46.0,Antigripal,Aparato respiratorio,unguento,1,,alcanfor + mentol + eucalipto + trementina + salicilato,https://www.farmaciasdesimilares.com/alcanfor_mentol_eucalp_ung_35gr/p,vtex
541,VALPROATO DE MAGNESIO 40 TABLETAS LIBERACION RETARDADA,,83.0,Anticonvulsivo,Medicamentos,tableta,40,,valproato,https://www.farmaciasdesimilares.com/valproato_de_magn_200mg_40tab_lr/p,vtex
529,CLINDAMICINA GEL 1GR 1% 1 PIEZA,,45.0,Antibiótico,Medicamentos,gel,1,1000mg,clindamicina,https://www.farmaciasdesimilares.com/clindamicina_gel_1gr_1/p,vtex
495,ALUMINIO / MAGNESIO / DIMETICONA / METOCLOPRAMIDA 30 TABLETAS,,49.0,Funcionamiento gastrointestinal,Medicamentos,tableta,30,,aluminio + magnesio + dimeticona + metoclopramida,https://www.farmaciasdesimilares.com/aluminio_magn_dimet_met_30tab/p,vtex
482,AMOXICILINA / ACIDO CLAVULANICO 500 MG 10 TABLETAS,,95.0,Antibiótico,Medicamentos,tableta,10,500mg,amoxicilina,https://www.farmaciasdesimilares.com/amoxicilina_ac_cla_500mg_10tab/p,vtex
472,ALUMINIO 3.7 GR / MAGNESIO 4 GR / SIMETICONA .5 GR SUSPENSION 320 ML 1 PIEZA,,56.0,Gastritis,Funcionamiento gastrointestinal,suspension,1,320ml 3700mg 4000mg 5000mg,aluminio,https://www.farmaciasdesimilares.com/aluminio_magn_simet_susp_320ml/p,vtex
428,MELOXICAM 15 MG 10 TABLETAS,,40.0,Antiinflamatorio,Medicamentos,tableta,10,15mg,meloxicam,https://www.farmaciasdesimilares.com/meloxicam_15mg_10tab/p,vtex
4,ACICLOVIR 400 MG 35 TABLETAS,,179.0,Antiviral,Medicamentos,tableta,35,400mg,aciclovir,https://www.farmaciasdesimilares.com/aciclovir_400mg_35tab/p,vtex
39,AZATIOPRINA 50 MG 50 TABLETAS,,499.0,Medicamentos éticos,Medicamentos,tableta,50,50mg,azatioprina,https://www.farmaciasdesimilares.com/azatioprina_50mg_50tab/p,vtex
387,CLINDAMICINA 300 MG 16 CAPSULAS,,120.0,Antibiótico,Medicamentos,capsula,16,300mg,clindamicina,https://www.farmaciasdesimilares.com/clindamicina_300mg_16cap/p,vtex
378,TRIMETOPRIMA / SULFAMETOXAZOL 160/800MG 14 TABLETAS,,39.0,Antibiótico,Medicamentos,tableta,14,800mg,trimetoprima + sulfametoxazol,https://www.farmaciasdesimilares.com/trimeto_sulf_160_800mg_14tab/p,vtex
368,HIDROCORTISONA / LIDOCAINA / ALUMINIO/ OXIDO DE ZINC UNGÜENTO 20 GR 1 PIEZA,,40.0,Antiinflamatorios,Analgesia,unguento,1,20000mg,hidrocortisona + lidocaina + aluminio + oxido,https://www.farmaciasdesimilares.com/hidrocortisona_zinc_lido_alum_ung_20gr/p,vtex
3490,ELECTROLITOS ORALES UVA 500 ML 1 PIEZA,,25.5,Líquido,Rehidratantes,,1,500ml,electrolitos,https://www.farmaciasdesimilares.com/electrolito_oral_uva_500ml/p,vtex
3455,PRUEBA RAPIDA DE ANTIGENOS COVID-19 1 PIEZA,,149.0,Material de diagnóstico,"Higiene, curación y diagnóstico",,1,,prueba,https://www.farmaciasdesimilares.com/prueba_rapida_antigenos_covid_19_1pza/p,vtex
3356,CITICOLINA 500 MG 10 TABLETAS,,269.0,Medicamentos éticos,Medicamentos,tableta,10,500mg,citicolina,https://www.farmaciasdesimilares.com/citicolina_500mg_10tab/p,vtex
3317,TIRAS REACTIVAS 50+25PZAS,,479.0,Tiras reactivas,Diabetes,,25,,tiras,https://www.farmaciasdesimilares.com/tiras_reactivas_50_25pzas/p,vtex
3280,IVERMECTINA 6 MG 4 TABLETAS,,101.0,Antiparasitario,Medicamentos,tableta,4,6mg,ivermectina,https://www.farmaciasdesimilares.com/ivermectina_6mg_4tab/p,vtex
325,DIMENHIDRINATO 50 MG 12 CAPSULAS,,28.0,Funcionamiento gastrointestinal,Funcionamiento gastrointestinal,capsula,12,50mg,dimenhidrinato,https://www.farmaciasdesimilares.com/dimenhidrinato_50mg_12cap/p,vtex
3247,GEL ANTIBACTERIAL ANTISEPTICO BOTE 60 ML 1 PIEZA,,15.0,Higiene,"Higiene, curación y diagnóstico",gel,1,60ml,antibacterial,https://www.farmaciasdesimilares.com/gel_antibacterial_antisept_60ml/p,vtex
3224,ITOPRIDA 50 MG 30 TABLETAS,,99.0,Funcionamiento gastrointestinal,Medicamentos,tableta,30,50mg,itoprida,https://www.farmaciasdesimilares.com/itoprida_50mg_30tab/p,vtex
3190,TRIMEBUTINA/SIMETICONA 200/75 MG 24 COMPRIMIDOS CARNOT,,419.0,Funcionamiento gastrointestinal,Medicamentos,tableta,24,75mg,trimebutina + simeticona,https://www.farmaciasdesimilares.com/trimebutin_simet_200_75mg_24comp_carnot/p,vtex
3188,FENOFIBRATO 160 MG 30 CAPSULAS,,189.0,Hipolipemiante,Medicamentos,capsula,30,160mg,fenofibrato,https://www.farmaciasdesimilares.com/fenofibrato_160mg_30cap/p,vtex
3185,PRUEBA DE EMBARAZO DIGITAL CLEAR BLUE,,214.01,Material de diagnóstico,"Higiene, curación y diagnóstico",,,,prueba,https://www.farmaciasdesimilares.com/prueba_de_embarazo_digital_clear_blue/p,vtex
3158,VALPROATO DE MAGNESIO 600MG 30 TABLETAS LIBERACION PROLONGADA,,249.0,Anticonvulsivo,Medicamentos,tableta,30,600mg,valproato,https://www.farmaciasdesimilares.com/valproato_de_magn_600mg_30tab_lp/p,vtex
3123,BIMATOPROST 0.3MG/1ML 3ML SOLUCION OFTALMICA 1 PIEZA,,364.0,Oftalmológico,Medicamentos,solucion,1,0.3mg 1ml 3ml,bimatoprost,https://www.farmaciasdesimilares.com/bimatoprost_0_3mg_1ml_3ml_sol_oft/p,vtex
310,KETOROLACO 30 MG/1 ML SOLUCION INYECTABLE 3 AMPOLLETAS,,44.0,Analgésicos,Medicamentos,solucion,3,1ml 30mg,ketorolaco,https://www.farmaciasdesimilares.com/ketorolaco_30mg_1ml_3amp/p,vtex
307,NAPROXENO 500 MG 45 TABLETAS,,78.0,Antiinflamatorio,Medicamentos,tableta,45,500mg,naproxeno,https://www.farmaciasdesimilares.com/naproxeno_500mg_45tab/p,vtex
3017,SIMICARNITINA 249.98 MG/CROMO 30 MCG  60 CAPSULAS,,159.0,Complementos,Deportistas,capsula,60,249.98mg 30mcg,simicarnitina,https://www.farmaciasdesimilares.com/simicarnitina_cromo_60cap/p,vtex
2998,SUBSALICILATO DE BISMUTO SUSPENSION PEPTO BISMOL PLUS 118 ML 1 PIEZA,,76.0,Antidiarreico,Funcionamiento gastrointestinal,suspension,1,118ml,subsalicilato,https://www.farmaciasdesimilares.com/subsal_bismuto_pepto_bismol_plus_118ml/p,vtex
2985,MACA ALFA ABUZZ 60 CAPSULAS,,156.0,Salud sexual,Salud sexual,capsula,60,,,https://www.farmaciasdesimilares.com/alfa_maca_alfa_abuzz_60cap/p,vtex
2975,SILDENAFIL 100 MG 10 TABLETAS,,274.0,Disfunción eréctil,Medicamentos,tableta,10,100mg,sildenafil,https://www.farmaciasdesimilares.com/sildenafil_100mg_10tab/p,vtex
2971,CONDON ALFA TEXTURIZADO RETARDANTE 3 PIEZAS,,39.0,Condones,Salud sexual,,3,,,https://www.farmaciasdesimilares.com/alfa_condon_alfa_texturizado_retard_3pzas/p,vtex
2968,PANTOPRAZOL 40 MG 28 TABLETAS,,220.0,Gastritis,Funcionamiento gastrointestinal,tableta,28,40mg,pantoprazol,https://www.farmaciasdesimilares.com/pantoprazol_40mg_28tab/p,vtex
2946,BISOPROLOL 5 MG 30 TABLETAS,,110.0,Antihipertensivo,Medicamentos,tableta,30,5mg,bisoprolol,https://www.farmaciasdesimilares.com/bisoprolol_5mg_30tab/p,vtex
2920,MEDROXIPROGESTERONA / ESTRADIOL SOLUCION INYECTABLE SIN JERINGA 1 AMPOLLETA,,66.0,Anticonceptivo,Medicamentos,solucion,1,,medroxiprogesterona + estradiol,https://www.farmaciasdesimilares.com/medroxiprogesterona_estra_1amp_s_jer/p,vtex
2889,ETORICOXIB 120 MG 7 COMPRIMIDOS,,149.0,Antiinflamatorio,Medicamentos,tableta,7,120mg,etoricoxib,https://www.farmaciasdesimilares.com/etoricoxib_120mg_7comp/p,vtex
2879,JERINGA DESECHABLE 10ML 21G X 32MM 3 PIEZAS,,21.0,Material de curación,"Higiene, curación y diagnóstico",,3,10ml 21000mg,,https://www.farmaciasdesimilares.com/jeringa_desechable_10ml_3pzas_21x32/p,vtex
2851,ELECTROLITOS ORALES LIMA / LIMON 500ML 1 PIEZA,,25.5,Líquido,Rehidratantes,,1,500ml,electrolitos + limon,https://www.farmaciasdesimilares.com/electrolito_oral_lima_lim_500ml/p,vtex
2838,SIMIFOL ACIDO FOLICO 400 MCG 180 TABLETAS,,64.0,Multivitamínicos,Suplementos y multivitamínicos,tableta,180,400mcg,simifol,https://www.farmaciasdesimilares.com/simibaby_simifol_ac_folico_400mcg_180tab/p,vtex
2826,CARISOPRODOL / MELOXICAM 200MG/15MG 7 TABLETAS,,179.0,Antiinflamatorio,Medicamentos,tableta,7,15mg 200mg,carisoprodol + meloxicam,https://www.farmaciasdesimilares.com/carisoprodol_meloxi_200mg_15mg_7tab/p,vtex
2823,VALPROATO SEMISODICO (EQUIVALENTE A 500MG DE ACIDO VALPROICO) 30 TABLETAS LIBERACION RETARDADA,,269.0,Anticonvulsivo,Medicamentos,tableta,30,500mg,valproato,https://www.farmaciasdesimilares.com/valproato_semis_500mg_30tab_lr/p,vtex
2762,NORELGESTROMINA / ETINILESTRADIOL 6.0/0.60MG PARCHES 3 PIEZAS,,599.0,Anticonceptivo,Medicamentos,parche,3,0.6mg,norelgestromina + etinilestradiol,https://www.farmaciasdesimilares.com/norelgest_etinilest_6_0_0_60mg_3parches/p,vtex
2704,OMEPRAZOL 20 MG 60 CAPSULAS,,119.0,Gastritis,Funcionamiento gastrointestinal,capsula,60,20mg,omeprazol,https://www.farmaciasdesimilares.com/omeprazol_20mg_60cap/p,vtex
27,AMOXICILINA 500 MG 12 CAPSULAS,,39.0,Antibiótico,Medicamentos,capsula,12,500mg,amoxicilina,https://www.farmaciasdesimilares.com/amoxicilina_500mg_12cap/p,vtex
2589,CEFIXIMA 400 MG 3 CAPSULAS,,149.0,Antibiótico,Medicamentos,capsula,3,400mg,cefixima,https://www.farmaciasdesimilares.com/cefixima_400mg_3cap/p,vtex
249,ALUMINIO 200 MG / MAGNESIO 200 MG / DIMETICONA 20 MG 50 TABLETAS MASTICABLES,,63.0,Gastritis,Funcionamiento gastrointestinal,tableta,50,200mg 20mg,aluminio,https://www.farmaciasdesimilares.com/aluminio_magn_dimet_50tab_mast/p,vtex
2447,BISOPROLOL  2.5MG 30 TABLETAS,,152.0,Antihipertensivo,Medicamentos,tableta,30,2.5mg,bisoprolol,https://www.farmaciasdesimilares.com/bisoprolol_2_5mg_30tab/p,vtex
2442,SENOSIDOS AB / CIRUELA 30 PERLAS,,44.0,Laxante,Funcionamiento gastrointestinal,,,,senosidos + ciruela,https://www.farmaciasdesimilares.com/senosidos_ab_ciruela_30perlas/p,vtex
2364,ELECTROLITOS ORALES CON SABOR POLVO EN SOBRE 27.9GR 1 PIEZA,,9.0,Polvo,Rehidratantes,polvo,1,27900mg,electrolitos,https://www.farmaciasdesimilares.com/electrolito_oral_pvo_c_sabor_27_9gr/p,vtex
2363,ELECTROLITOS ORALES NATURAL POLVO EN SOBRE 27.9GR 1 PIEZA,,9.0,Polvo,Rehidratantes,polvo,1,27900mg,electrolitos,https://www.farmaciasdesimilares.com/electrolito_oral_pvo_natural_27_9gr/p,vtex
2258,HIDROXIZINA 25 MG 25 TABLETAS,,129.0,Medicamentos éticos,Medicamentos,tableta,25,25mg,hidroxizina,https://www.farmaciasdesimilares.com/hidroxizina_25mg_25tab/p,vtex
2253,BUDESONIDA SUSPENSION 0.250MG/2ML O 0.125MG/ML PARA NEBULIZACION 5 AMPOLLETAS,,147.0,Aparato respiratorio,Medicamentos,suspension,5,0.125mg 0.25mg 2ml,budesonida,https://www.farmaciasdesimilares.com/budesonid_0_250mg_2ml_o_0_125mg_ml_c_2ml/p,vtex
2155,ROSUVASTATINA 20 MG 15 TABLETAS,,132.0,Hipolipemiante,Medicamentos,tableta,15,20mg,rosuvastatina,https://www.farmaciasdesimilares.com/rosuvastatina_20mg_15tab/p,vtex
2154,HIPROMELOSA 0.5% SOLUCION OFTALMICA 15 ML 1 PIEZA,,44.0,Oftalmológico,Medicamentos,solucion,1,15ml,hipromelosa,https://www.farmaciasdesimilares.com/hipromelosa_0_5_sol_oft_15ml/p,vtex
215,BENZONATATO 100 MG 20 CAPSULAS,,34.0,Aparato respiratorio,Aparato respiratorio,capsula,20,100mg,benzonatato,https://www.farmaciasdesimilares.com/benzonatato_100mg_20cap/p,vtex
2129,ACIDO URSODEOXICOLICO 250 MG 50 CAPSULAS,,339.0,Funcionamiento gastrointestinal,Medicamentos,capsula,50,250mg,,https://www.farmaciasdesimilares.com/ac_ursodeoxicolico_250mg_50cap/p,vtex
2113,DONEPECILO 10 MG 28 TABLETAS,,449.0,Medicamentos éticos,Medicamentos,tableta,28,10mg,donepecilo,https://www.farmaciasdesimilares.com/donepecilo_10mg_28tab/p,vtex
2073,IRBESARTAN 150 MG 14 TABLETAS,,94.0,Antihipertensivo,Medicamentos,tableta,14,150mg,irbesartan,https://www.farmaciasdesimilares.com/irbesartan_150mg_14tab/p,vtex
2047,MELATONINA 3 MG 40 TABLETAS SUBLINGUALES,,99.0,Medicamentos éticos,Medicamentos,tableta,40,3mg,melatonina,https://www.farmaciasdesimilares.com/melatonina_3mg_40tab_subl/p,vtex
2010,PROPRANOLOL 40 MG 30 TABLETAS,,21.0,Antihipertensivo,Medicamentos,tableta,30,40mg,propranolol,https://www.farmaciasdesimilares.com/propranolol_40mg_30tab/p,vtex
2006,PICOSULFATO DE SODIO 5 MG 20 TABLETAS,,34.0,Laxante,Funcionamiento gastrointestinal,tableta,20,5mg,picosulfato,https://www.farmaciasdesimilares.com/picosulfato_sodio_5mg_20tab/p,vtex
2005,QUINFAMIDA / ALBENDAZOL 150/200MG 2 TABLETAS,,44.0,Antiparasitario,Funcionamiento gastrointestinal,tableta,2,200mg,quinfamida + albendazol,https://www.farmaciasdesimilares.com/quinfamida_albend_150_200mg_2tab/p,vtex
2003,ESCITALOPRAM 10 MG 14TABLETAS,,74.0,Enfermedades mentales,Medicamentos,,14,10mg,escitalopram,https://www.farmaciasdesimilares.com/escitalopram_10mg_14tab/p,vtex
1994,LEVETIRACETAM 500 MG 60 TABLETAS,,379.0,Anticonvulsivo,Medicamentos,tableta,60,500mg,levetiracetam,https://www.farmaciasdesimilares.com/levetiracetam_500mg_60tab/p,vtex
1971,PSYLLIUM PLANTAGO POLVO SABOR NARANJA PIÑA 400 GR 1 PIEZA,,154.0,Laxante,Funcionamiento gastrointestinal,polvo,1,400000mg,psyllium,https://www.farmaciasdesimilares.com/psyllium_plant_nja_pina_400gr/p,vtex
1952,FLOROGLUCINOL / TRIMETILFLOROGLUCINOL 80/80MG 20 CAPSULAS,,138.0,Analgésicos,Analgesia,capsula,20,80mg,floroglucinol + trimetilfloroglucinol,https://www.farmaciasdesimilares.com/florogluci_trimeti_80_80mg_20cap/p,vtex
1930,ROSUVASTATINA 10 MG 30 TABLETAS,,132.0,Hipolipemiante,Medicamentos,tableta,30,10mg,rosuvastatina,https://www.farmaciasdesimilares.com/rosuvastatina_10mg_30tab/p,vtex
1919,CLOTRIMAZOL V 3 OVULOS 200 MG,,69.0,Antimicótico,Medicamentos,ovulo,3,200mg,clotrimazol,https://www.farmaciasdesimilares.com/clotrimazol_v_200mg_3_ovulos/p,vtex
1917,IPRATROPIO / SALBUTAMOL SOLUCION PARA NEBULIZACION 10 AMPOLLETAS,,154.0,Aparato respiratorio,Medicamentos,solucion,10,,ipratropio + salbutamol,https://www.farmaciasdesimilares.com/ipratropio_salbuta_10amp_sol_p_neb/p,vtex
1916,BUDESONIDA SUSPENSION 0.500MG/2ML O 0.250MG/ML SUSPENSION PARA NEBULIZACION 5 AMPOLLETAS,,164.0,Aparato respiratorio,Medicamentos,suspension,5,0.25mg 0.5mg 2ml,budesonida,https://www.farmaciasdesimilares.com/budesonid_0_500mg_2ml_o_0_250mg_ml_c_2ml/p,vtex
1888,SULFADIAZINA DE PLATA CREMA 1% 28GR,,44.0,Dermatológico,Medicamentos,crema,,28000mg,sulfadiazina,https://www.farmaciasdesimilares.com/sulfadiazina_de_plata_crema_1_28gr/p,vtex
1885,CLONIXINATO DE LISINA / PARGEVERINA 20 TABLETAS,,199.0,Analgésicos,Medicamentos,tableta,20,,clonixinato + pargeverina,https://www.farmaciasdesimilares.com/lisina_parg_125_10mg_20tab/p,vtex
1865,MONTELUKAST 10 MG 20 TABLETAS,,199.0,Aparato respiratorio,Medicamentos,tableta,20,10mg,montelukast,https://www.farmaciasdesimilares.com/montelukast_10mg_20tab/p,vtex
1840,SILDENAFIL 50 MG 4 TABLETAS,,99.0,Disfunción eréctil,Medicamentos,tableta,4,50mg,sildenafil,https://www.farmaciasdesimilares.com/sildenafil_50mg_4tab/p,vtex
1818,AMANTADINA .5 GR / CLORFENAMINA .02 GR/ PARACETAMOL 3 GR  SOLUCION INFANTIL 60 ML 1 PIEZA,,45.0,Antigripal,Aparato respiratorio,solucion,1,2000mg 3000mg 5000mg 60ml,amantadina,https://www.farmaciasdesimilares.com/amantadina_clor_para_60ml_inf/p,vtex
1810,VENDA ELASTICA 5CM X 5MTS 1 PIEZA,,10.0,Material de curación,"Higiene, curación y diagnóstico",,1,,elastica,https://www.farmaciasdesimilares.com/venda_elastica_5cmx5mts_dr_simi/p,vtex
1789,SIMI B DIABETICO COMPLEJO B E INOSITOL 30 CAPSULAS,,73.0,Multivitamínicos,Suplementos y multivitamínicos,capsula,30,,,https://www.farmaciasdesimilares.com/simi_b_diab_30cap_complejo_b_e_inositol/p,vtex
1774,SIMIPAZ FORTE 30 CAPSULAS,,69.0,Relajante,Suplementos y multivitamínicos,capsula,30,,simipaz,https://www.farmaciasdesimilares.com/simipaz_forte_30cap/p,vtex
171,PSYLLIUM PLANTAGO POLVO NATURAL 400 GR 1 PIEZA,,154.0,Laxante,Funcionamiento gastrointestinal,polvo,1,400000mg,psyllium,https://www.farmaciasdesimilares.com/psyllium_plant_natural_400gr/p,vtex
170,PROPAFENONA 150 MG 20 TABLETAS,,137.0,Medicamentos éticos,Medicamentos,tableta,20,150mg,propafenona,https://www.farmaciasdesimilares.com/propafenona_150mg_20tab/p,vtex
1647,GEL LUBRICANTE VAGINAL 113GR 1 PIEZA,,84.0,Gel lubricante,Salud sexual,gel,1,113000mg,vaginal,https://www.farmaciasdesimilares.com/gel_lubricante_vaginal_113gr/p,vtex
164,PENTOXIFILINA 400 MG 30 TABLETAS LIBERACION PROLONGADA,,87.0,Flebotónico,Medicamentos,tableta,30,400mg,pentoxifilina,https://www.farmaciasdesimilares.com/pentoxifilina_400mg_30tab_lp/p,vtex
1593,ELECTROLITOS ORALES NARANJA / MANDARINA 500ML 1 PIEZA,,25.5,Líquido,Rehidratantes,,1,500ml,electrolitos + mandarina,https://www.farmaciasdesimilares.com/electrolito_oral_nja_mdna_500ml/p,vtex
1590,PANTOPRAZOL 20 MG 7 TABLETAS LIBERACION RETARDADA,,46.0,Gastritis,Funcionamiento gastrointestinal,tableta,7,20mg,pantoprazol,https://www.farmaciasdesimilares.com/pantoprazol_20mg_7tab_lr/p,vtex
155,NITROFURANTOINA 100 MG 40 CAPSULAS,,79.0,Antibiótico,Medicamentos,capsula,40,100mg,nitrofurantoina,https://www.farmaciasdesimilares.com/nitrofurantoina_100mg_40cap/p,vtex
1547,CUBREBOCA TRIPLE PLIEGUE 5 PIEZAS,,31.0,Material de curación,"Higiene, curación y diagnóstico",,5,,cubreboca,https://www.farmaciasdesimilares.com/cubreboca_triple_pliegue_paq_5pzas/p,vtex
1524,PAROXETINA 20 MG 20 TABLETAS,,119.0,Enfermedades mentales,Medicamentos,tableta,20,20mg,paroxetina,https://www.farmaciasdesimilares.com/paroxetina_20mg_20tab/p,vtex
1522,GUANTES EXPLORACION MEDIANOS 5 PARES,,39.0,Material de curación,"Higiene, curación y diagnóstico",,,,guantes,https://www.farmaciasdesimilares.com/guantes_explor_bolsa_c_5_pares_med/p,vtex
1497,CINITAPRIDA 1MG 25 COMPRIMIDOS,,119.0,Funcionamiento gastrointestinal,Medicamentos,tableta,25,1mg,cinitaprida,https://www.farmaciasdesimilares.com/cinitaprida_1mg_25comp/p,vtex
1483,DROSPIRENONA / ETINILESTRADIOL 21 COMPRIMIDOS,,295.0,Anticonceptivo,Medicamentos,tableta,21,,drospirenona + etinilestradiol,https://www.farmaciasdesimilares.com/drospirenona_etinilest_21comp/p,vtex
1456,FEXOFENADINA 180 MG PIRQUET 10 COMPRIMIDOS,,144.0,Antialérgico,Medicamentos,tableta,10,180mg,fexofenadina,https://www.farmaciasdesimilares.com/fexofenadina_180mg_pirquet_10comp/p,vtex
145,MICONAZOL 2 GR CREMA 20 GR 1 PIEZA,,14.0,Antimicótico,Medicamentos,crema,1,20000mg 2000mg,miconazol,https://www.farmaciasdesimilares.com/miconazol_crema_20gr/p,vtex
1439,CLINDAMICINA / KETOCONAZOL 7 OVULOS,,91.0,Antimicótico,Medicamentos,ovulo,7,,clindamicina + ketoconazol,https://www.farmaciasdesimilares.com/clindamicina_ketoco_7_ovulos/p,vtex
1437,VALACICLOVIR 500 MG 10 COMPRIMIDOS,,209.0,Antiviral,Medicamentos,tableta,10,500mg,valaciclovir,https://www.farmaciasdesimilares.com/valaciclovir_500mg_10comp/p,vtex
142,METRONIDAZOL 500 MG 30 TABLETAS,,28.0,Antiparasitario,Medicamentos,tableta,30,500mg,metronidazol,https://www.farmaciasdesimilares.com/metronidazol_500mg_30tab/p,vtex
1416,TERMOMETRO DIGITAL 1 PIEZA,,63.0,Material de diagnóstico,"Higiene, curación y diagnóstico",,1,,termometro,https://www.farmaciasdesimilares.com/termometro_digital_1pza/p,vtex
1412,LACTULOSA JARABE 120ML O 125ML 10GR/15ML 1 PIEZA,,89.0,Funcionamiento gastrointestinal,Medicamentos,jarabe,1,10000mg 120ml 125ml 15ml,lactulosa,https://www.farmaciasdesimilares.com/lactulosa_jbe_120ml_o_125ml_10gr_15ml/p,vtex
1409,MELOXICAM / METOCARBAMOL 7.5/215MG 20 CAPSULAS,,82.0,Analgésicos,Medicamentos,capsula,20,215mg,meloxicam + metocarbamol,https://www.farmaciasdesimilares.com/meloxicam_metoc_7_5_215mg_20cap/p,vtex
1403,LOSARTAN / HIDROCLOROTIAZIDA  50/12.5MG 30 COMPRIMIDOS,,129.0,Antihipertensivo,Medicamentos,tableta,30,12.5mg,losartan + hidroclorotiazida,https://www.farmaciasdesimilares.com/losartan_hidro_50_12_5mg_30comp/p,vtex
1401,RISPERIDONA 2 MG 40 TABLETAS,,199.0,Enfermedades mentales,Medicamentos,tableta,40,2mg,risperidona,https://www.farmaciasdesimilares.com/risperidona_2mg_40tab/p,vtex
1357,VENDAS ADHESIVAS (VARIOS TAMAÑOS) 30 PIEZAS,,21.0,Material de curación,"Higiene, curación y diagnóstico",,30,,vendas,https://www.farmaciasdesimilares.com/vendas_adhesivas_30pzas_varios_tamanos/p,vtex
1346,SIMI B HIERRO Y ZINC 60 CAPSULAS,,89.0,Multivitamínicos,Suplementos y multivitamínicos,capsula,60,,,https://www.farmaciasdesimilares.com/simi_b_hierro_y_zinc_60cap/p,vtex
1342,CINTA MICROPOROSA PIEL 1.25CM X 5MTS 1 PIEZA,,12.51,Material de curación,"Higiene, curación y diagnóstico",,1,,cinta,https://www.farmaciasdesimilares.com/cinta_microporosa_piel_1_25x5mts/p,vtex
1341,AGUA OXIGENADA SOLUCION 224 ML 1 PIEZA,,17.0,Material de curación,"Higiene, curación y diagnóstico",solucion,1,224ml,,https://www.farmaciasdesimilares.com/agua_oxigenada_sol_224ml/p,vtex
1326,CLORFENAMINA / FENILEFRINA / PARACETAMOL 24 TABLETAS,,36.0,Antigripal,Aparato respiratorio,tableta,24,,clorfenamina + fenilefrina + paracetamol,https://www.farmaciasdesimilares.com/clorfenamina_feni_para_24tab/p,vtex
1268,SUCRALFATO 1 GR 40 TABLETAS,,82.0,Funcionamiento gastrointestinal,Medicamentos,tableta,40,1000mg,sucralfato,https://www.farmaciasdesimilares.com/sucralfato_1gr_caja_40tab/p,vtex
1248,TOPIRAMATO 25 MG 20 TABLETAS,,78.0,Anticonvulsivo,Medicamentos,tableta,20,25mg,topiramato,https://www.farmaciasdesimilares.com/topiramato_25mg_20tab/p,vtex
123,KETOCONAZOL CREMA 2% 40 GR 1 PIEZA,,32.0,Antimicótico,Medicamentos,crema,1,40000mg,ketoconazol,https://www.farmaciasdesimilares.com/ketoconazol_crema_2_40gr/p,vtex
1210,OMEGA RX VITAMINA E / OMEGA 3 / EPA / DHA SIMIOMEGA 60 CAPSULAS,,194.0,Circulatorio,Suplementos y multivitamínicos,capsula,60,,omega + omega,https://www.farmaciasdesimilares.com/omega_rx_60cap_vit_e_omega3_epa_dha_simi/p,vtex
1195,LATANOPROST .05MG/1ML SOLUCION OFTALMICA 1 PIEZA,,119.0,Oftalmológico,Medicamentos,solucion,1,1ml 5mg,latanoprost,https://www.farmaciasdesimilares.com/latanoprost_05mg_1ml_sol_oft_2_5ml/p,vtex
1123,METOPROLOL 100 MG 50 TABLETAS,,49.0,Antihipertensivo,Medicamentos,tableta,50,100mg,metoprolol,https://www.farmaciasdesimilares.com/metoprolol_100mg_50tab/p,vtex
1108,CLONIXINATO DE LISINA 250 MG 10 TABLETAS,,45.0,Analgésicos,Medicamentos,tableta,10,250mg,clonixinato,https://www.farmaciasdesimilares.com/clonixinato_lis_250mg_10tab/p,vtex
1079,ZINC 7.18MG 100 CAPSULAS,,97.0,Sistema inmune,Aparato respiratorio,capsula,100,7.18mg,,https://www.farmaciasdesimilares.com/zinc_7_18mg_100cap/p,vtex
1062,SIMIFILA CLOROFILA LIQUIDA SOLUCION 250 ML 1 PIEZA,,57.0,Funcionamiento gastrointestinal,Funcionamiento gastrointestinal,solucion,1,250ml,simifila,https://www.farmaciasdesimilares.com/simifila_clorofila_liq_250ml/p,vtex
1060,GOMITAS VITAMINAS Y MINERALES SABOR LIMON / NARANJA / PIÑA / SIMIGOMITAS 60 GOMITAS,,88.0,Multivitamínicos,Suplementos y multivitamínicos,,,,gomitas + minerales + naranja + simigomitas,https://www.farmaciasdesimilares.com/gomitas_vit_mine_60pzas_sabores_simigomi/p,vtex
1058,simibaby_toallas_humedas_p_bebe_80_pzas_simi_baby,,47.01,Cuidado del bebé,Bebés,,80,,simibaby,https://www.farmaciasdesimilares.com/toallas_humedas_p_bebe_80_pzas_simi_baby/p,vtex
1036,PROBIOTICOS SABOR UVA TABLETAS 30 MASTICABLES,,51.0,Lactobacilos,Funcionamiento gastrointestinal,tableta,,,probioticos,https://www.farmaciasdesimilares.com/probioticos_30tab_mast_uva_simiprobiot/p,vtex
724,GELASIMI CISTEINA / CITRUS / BIOFLAVONOIDES 30 TABLETAS,,69.0,Belleza,Suplementos y multivitamínicos,tableta,30,,gelasimi + citrus + bioflavonoides,https://www.farmaciasdesimilares.com/gelasimi_30tab_cisteina_citrus_bioflavon/p,vtex
1278,GEL ANTIACNE SIMISEPTIC 30 GR 1 PIEZA,,64.0,Dermatológico,Cuidado de la piel y belleza,gel,1,30000mg,antiacne,https://www.farmaciasdesimilares.com/gel_antiacne_simiseptic_30gr/p,vtex
1222,ALMOHADILLAS FACIALES 100 PIEZAS,,36.0,Higiene,"Higiene, curación y diagnóstico",,100,,almohadillas,https://www.farmaciasdesimilares.com/almohadillas_faciales_100pzas/p,vtex
943,PRUEBA DE EMBARAZO ANÁLOGA,,50.0,Material de diagnóstico,"Higiene, curación y diagnóstico",,,,prueba,https://www.farmaciasdesimilares.com/prueba_de_embarazo_analoga/p,vtex
810,FINASTERIDA 5 MG 30 TABLETAS,,199.0,Medicamentos éticos,Medicamentos,tableta,30,5mg,finasterida,https://www.farmaciasdesimilares.com/finasterida_5mg_30tab/p,vtex
768,NEOMICINA / RETINOL (VITAMINA A) UNGÜENTO 28 GR 1 PIEZA,,31.0,Dermatológico,Cuidado de la piel y belleza,unguento,1,28000mg,neomicina + retinol,https://www.farmaciasdesimilares.com/neomicina_vit_a_unguento_28gr/p,vtex
72,CLOTRIMAZOL 2/100GR 20GR CREMA VAGINAL,,49.0,Antimicótico,Medicamentos,crema,,100000mg 20000mg,clotrimazol,https://www.farmaciasdesimilares.com/clotrimazol_2_100gr_20gr_crema_vaginal/p,vtex
54,CARBAMAZEPINA 200 MG 20 TABLETAS,,36.0,Anticonvulsivo,Medicamentos,tableta,20,200mg,carbamazepina,https://www.farmaciasdesimilares.com/carbamazepina_200mg_20tab/p,vtex
530,CASTAÑA DE INDIAS 250 MG 30 CAPSULAS,,89.0,Circulatorio,Suplementos y multivitamínicos,capsula,30,250mg,castana,https://www.farmaciasdesimilares.com/castana_de_indias_30cap/p,vtex
5,ACICLOVIR 50MG/1GR CREMA 5 GR 1 PIEZA,,35.0,Dermatológico,Cuidado de la piel y belleza,crema,1,1000mg 5000mg 50mg,aciclovir,https://www.farmaciasdesimilares.com/aciclovir_50mg_1gr_crema_5gr/p,vtex
419,PALETAS DE MIEL DE ABEJA SABOR MIEL / LIMON / HERBAL PALETOSIMI 16 PIEZAS,,44.0,Gripa y tos,Aparato respiratorio,paleta,16,,paletas + limon + paletosimi,https://www.farmaciasdesimilares.com/paletas_miel_de_abeja_16pzas_paletosimi/p,vtex
3391,SUERO (SERUM) CON RETINOL 0.15% ETERNAL SECRET 30ML 1 PIEZA,,129.0,Belleza,Cuidado de la piel y belleza,,1,30ml,suero + retinol,https://www.farmaciasdesimilares.com/eternal_secret_serum_retinol_0_15_30ml_eternal_sec/p,vtex
3386,ORLISTAT / L CARNITINA 60/200MG 21 CAPSULAS,,239.0,Peso y metabolismo,Peso y metabolismo,capsula,21,200mg,orlistat + carnitina,https://www.farmaciasdesimilares.com/orlistat_l_carniti_60_200mg_21cap/p,vtex
3186,GEL LUBRICANTE CORPORAL COMESTIBLE CON SABOR Y OLOR 1 PIEZA,,79.0,Gel lubricante,Salud sexual,gel,1,,comestible,https://www.farmaciasdesimilares.com/gel_lubricante_corporal_comestible/p,vtex
2949,CLORHEXIDINA ENJUAGUE BUCAL SIN ALCOHOL 200 ML 1 PIEZA,,339.0,Higiene,"Higiene, curación y diagnóstico",,1,200ml,clorhexidina,https://www.farmaciasdesimilares.com/clorhexidina_enjuague_buc_s_alc_200ml/p,vtex
2790,SIMI PZ VALERIANA 250 MG OFFICINALIS 30 CAPSULAS,,89.0,Relajante,Suplementos y multivitamínicos,capsula,30,250mg,,https://www.farmaciasdesimilares.com/simipz_valeriana_250mg_30cap/p,vtex
2451,ASTAXANTINA / COLAGENO HIDROLIZADO  40/200 MG 30 CAPSULAS ETERNAL SECRET,,269.0,Belleza,Suplementos y multivitamínicos,capsula,30,200mg,astaxantina + colageno,https://www.farmaciasdesimilares.com/eternal_secret_astaxantina_colag_30cap_eternal_secret/p,vtex
2352,CIMICIFUGA RACEMOSA / VITAMINAS / ISOFLAVONAS DE SOYA 30 CAPSULAS GELATINA BLANDA,,107.0,Multivitamínicos,Suplementos y multivitamínicos,capsula,30,,cimicifuga + isoflavonas,https://www.farmaciasdesimilares.com/cimicifuga_vit_isoflav_30capgel/p,vtex
1761,SILDENAFIL 100 MG 1 TABLETA,,49.0,Disfunción eréctil,Medicamentos,tableta,1,100mg,sildenafil,https://www.farmaciasdesimilares.com/sildenafil_100mg_1tab/p,vtex
1267,SIMIFOL ACIDO FOLICO / HIERRO AMINOQUELADO 30 TABLETAS,,33.0,Multivitamínicos,Suplementos y multivitamínicos,tableta,30,,simifol + hierro,https://www.farmaciasdesimilares.com/simibaby_simifol_ac_folico_hierro_30tab/p,vtex
4429,AGUJA PARA PLUMA 31 G X 5 MM 10 PIEZAS ULTRA FINE,,69.0,Material de curación,"Higiene, curación y diagnóstico",,5,31000mg,aguja,https://www.farmaciasdesimilares.com/aguja_p-pluma_31g-5mm_10pzas_ultra_fine/p,vtex
4501,PEROXIDO DE BENZOILO 5% GEL 60 GR,,224.0,Dermatológico,Cuidado de la piel y belleza,gel,,60000mg,peroxido,https://www.farmaciasdesimilares.com/peroxido_de_benzoilo_5_gel_60gr/p,vtex
4519,NAFAZOLINA 1 MG/1 ML SOLUCION NASAL 15 ML GOTINAL,,129.0,Aparato respiratorio,Aparato respiratorio,solucion,,15ml 1mg 1ml,nafazolina,https://www.farmaciasdesimilares.com/nafazolina_1mg-1ml_sol_nasal_15ml_gotina/p,vtex
4499,SIMIFIBRA CACAO 300 GR,,109.01,Laxante,Funcionamiento gastrointestinal,,,300000mg,simifibra,https://www.farmaciasdesimilares.com/simifibra_cacao_300gr/p,vtex
4465,GUANTES MULTIUSOS NITRILO 10 PIEZAS,,40.0,Material de curación,"Higiene, curación y diagnóstico",,10,,guantes,https://www.farmaciasdesimilares.com/guantes_multiusos_nitrilo_10_pzs/p,vtex
4464,CEPILLO DENTAL MASTICABLE 8 PIEZAS LIF,,49.0,Higiene,"Higiene, curación y diagnóstico",,8,,cepillo,https://www.farmaciasdesimilares.com/cepillo_dental_masticable_8pzs_lif/p,vtex
4431,GLICINATO DE MAGNESIO 1250 MG POLVO 135 GR,,299.0,Relajante,Suplementos y multivitamínicos,polvo,,1250mg 135000mg,glicinato,https://www.farmaciasdesimilares.com/glicinato_de_magnesio_1250mg_pvo_135g/p,vtex
4396,SNACK NUEZ DE LA INDIA HABANERO 35GR,,22.0,Multivitamínicos,Suplementos y multivitamínicos,,,35000mg,snack,https://www.farmaciasdesimilares.com/snack_nuez_de_la_india_habanero_35gr/p,vtex
4395,SNACK ARANDANO ENCHILADO 35GR,,14.0,Multivitamínicos,Suplementos y multivitamínicos,,,35000mg,snack,https://www.farmaciasdesimilares.com/snack_arandano_enchilado_35gr/p,vtex
4394,SNACK PISTACHE SALADO 35GR,,22.0,Multivitamínicos,Suplementos y multivitamínicos,,,35000mg,snack,https://www.farmaciasdesimilares.com/snack_pistache_salado_35gr/p,vtex
4353,GOTAS LUBRICANTES OFTALMICAS 10ML SYSTANE ULTRA,,499.0,Oftalmológico,Medicamentos,gotas,,10ml,lubricantes,https://www.farmaciasdesimilares.com/gotas_lubricantes_oft_10ml_systane_ultra/p,vtex
3451,FLURBIPROFENO 8.75MG 24 PASTILLAS GRANEODIN F,,169.0,Gripa y tos,Aparato respiratorio,pastilla,24,8.75mg,flurbiprofeno,https://www.farmaciasdesimilares.com/flurbiprofeno_8-75mg_24past_graneodin_f/p,vtex
4311,RACECADOTRILO 10MG POLVO 18 SOBRES HIDRASEC,,209.0,Antidiarreico,Medicamentos,polvo,18,10mg,racecadotrilo,https://www.farmaciasdesimilares.com/racecadotrilo_10mg_pvo_18sob_hidrasec/p,vtex
4304,ATORVASTATINA/EZETIMIBA 40MG/10MG 30 TABLETAS,,549.0,Hipolipemiante,Medicamentos,tableta,30,10mg 40mg,atorvastatina + ezetimiba,https://www.farmaciasdesimilares.com/atorvastatina-ezetimiba_40mg-10mg_30tab/p,vtex
4267,ELECTROLITO 0% AZUCAR UVA XGEAR 10 TABLETAS EFERVESCENTES,,109.01,Complementos,Deportistas,tableta,10,,electrolito,https://www.farmaciasdesimilares.com/xgear_electrolito_0_azuc_uva_10tab_efer/p,vtex
4266,PROTEINA SIN AZUCAR FRESA XGEAR 330ML,,74.0,Proteínas,Deportistas,,,330ml,proteina,https://www.farmaciasdesimilares.com/proteina_xgear_fresa_330ml/p,vtex
4263,GOMITAS FIBRA 5GR 72 PIEZAS MULTIGOMI,,189.0,Laxante,Funcionamiento gastrointestinal,,72,5000mg,gomitas,https://www.farmaciasdesimilares.com/gomitas_fibra_5gr_72pzas_multigomi/p,vtex
4239,MULTIVITAMINAS 50 + 30 TABLETAS CENTRUM SILVER,,179.0,Multivitamínicos,Suplementos y multivitamínicos,tableta,30,,multivitaminas,https://www.farmaciasdesimilares.com/multivitaminas_50_30tab_centrum_silver/p,vtex
4225,DAPAGLIFLOZINA/METFORMINA 10/1000MG 28 TABLETAS XIGDUO XR,,1399.0,Diabetes,Medicamentos,tableta,28,1000mg,dapagliflozina + metformina,https://www.farmaciasdesimilares.com/dapaglifl_metf_10_1000mg_28tab_xigduo_xr/p,vtex
4195,AGUA DE MAR 100ML SPRAY STERIMAR,,219.0,Aparato respiratorio,Aparato respiratorio,spray,,100ml,,https://www.farmaciasdesimilares.com/agua_de_mar_100ml_spray_sterimar/p,vtex
2982,OLMESARTAN 40MG 14 TABLETAS,,249.0,Antihipertensivo,Medicamentos,tableta,14,40mg,olmesartan,https://www.farmaciasdesimilares.com/olmesartan_40mg_14_tab/p,vtex
4193,MYO-INOSITOL/D-CHIRO INOSITOL 15 SOBRES,,319.0,Multivitamínicos,Suplementos y multivitamínicos,sobre,15,,chiro,https://www.farmaciasdesimilares.com/myo-inositol_d-chiro_inositol_15sobres/p,vtex
4152,MESALAZINA 500MG LIBERACION RETARDADA 30 TABLETAS SALOFALK,,389.0,Funcionamiento gastrointestinal,Medicamentos,tableta,30,500mg,mesalazina,https://www.farmaciasdesimilares.com/mesalazina_500mg_lr_30tab_salofalk/p,vtex
4154,ATORVASTATINA/EZETIMIBA 20MG/10MG 30 TABLETAS,,549.0,Hipolipemiante,Medicamentos,tableta,30,10mg 20mg,atorvastatina + ezetimiba,https://www.farmaciasdesimilares.com/atorvastatina_ezetimiba_20mg_10mg_30tab/p,vtex
4123,RACECADOTRILO 30MG POLVO 18SOBRES HIDRASEC,,229.0,Antidiarreico,Funcionamiento gastrointestinal,polvo,18,30mg,racecadotrilo,https://www.farmaciasdesimilares.com/racecadotrilo_30mg_pvo_18sob_hidrasec/p,vtex
4087,CALCETIN COMPRESION MEDIA 1PAR UNISEX,,99.01,Material de curación,"Higiene, curación y diagnóstico",,,,,https://www.farmaciasdesimilares.com/calcetin_compresion_media_1par_unisex/p,vtex
4086,SULFASALAZINA 500MG LIBERACION PROLONGADA 60 TABLETAS,,359.0,Funcionamiento gastrointestinal,Medicamentos,tableta,60,500mg,sulfasalazina,https://www.farmaciasdesimilares.com/sulfasalazina_500mg_lp_60tab/p,vtex
3986,OLOPATADINA 2 MG/1ML SOLUCION OFTALMICA 2.5 ML,,149.0,Oftalmológico,Medicamentos,solucion,,1ml 2.5ml 2mg,olopatadina,https://www.farmaciasdesimilares.com/olopatadina_2mg_1ml_sol_oft_25ml/p,vtex
3985,TRIPSINA/QUIMIOTRIPSINA 18 MG 30 TABLETAS,,279.0,Antiinflamatorio,Medicamentos,tableta,30,18mg,tripsina + quimiotripsina,https://www.farmaciasdesimilares.com/tripsina_quimiotripsina_18mg_30_tab/p,vtex
4072,JABON DE AZUFRE CON/ACIDO SALICILICO 100GR,,71.0,Dermatológico,Cuidado de la piel y belleza,,,100000mg,azufre,https://www.farmaciasdesimilares.com/jabon_de_azufre_c-acido_salicilico_100gr/p,vtex
4071,AMBROXOL/DEXTROMETORFANO 22.5/22.5MG 20 TABLETAS,,49.0,Gripa y tos,Aparato respiratorio,tableta,20,22.5mg,ambroxol + dextrometorfano,https://www.farmaciasdesimilares.com/ambroxol_dext_22_5_22_5mg_20_tab/p,vtex
4054,COMPLEJO B 20 TABLETAS EFERVESCENTES TUBO DURAZNO-MARACUYA,,99.01,Multivitamínicos,Suplementos y multivitamínicos,tableta,20,,complejo,https://www.farmaciasdesimilares.com/complejo_b_20tab_eferv_tubo_duraz_maracu/p,vtex
4030,CONDON ALFA SENSACIONES 3 PIEZAS,,55.0,Condones,Salud sexual,,3,,,https://www.farmaciasdesimilares.com/condon_alfa_sensaciones_3_piezas/p,vtex
4012,BLOQUEADOR FLUIDO FPS50+ 50ML ETERNAL,,249.01,Protector solar,Cuidado de la piel y belleza,,,50ml,fluido,https://www.farmaciasdesimilares.com/bloqueador_50_50ml_fluido_eternal_facial/p,vtex
4011,MINOXIDIL 2GR/100ML SOLUCION 60ML,,149.0,Dermatológico,Cuidado de la piel y belleza,solucion,,100ml 2000mg 60ml,minoxidil,https://www.farmaciasdesimilares.com/minoxidil_2gr_100ml_sol_60ml/p,vtex
3996,DESVENLAXAFINA 50MG 14 TABLETAS LIBERACION PROLONGADA (GENERICO),,129.0,Enfermedades mentales,Medicamentos,tableta,14,50mg,desvenlaxafina,https://www.farmaciasdesimilares.com/desvenlaxafina_50mg_14_tab_lp_gen/p,vtex
3994,VILDAGLIPTINA 50MG 28 TABLETAS (GENERICO),,129.0,Diabetes,Medicamentos,tableta,28,50mg,vildagliptina,https://www.farmaciasdesimilares.com/vildagliptina_50mg_28_tab_gen/p,vtex
3991,CLORFENAMINA/FENILEFRINA/PARACETAMOL 6 TABLETAS DESENFRIOL-ITO,,22.0,Antigripal,Aparato respiratorio,tableta,6,,clorfenamina + fenilefrina + paracetamol,https://www.farmaciasdesimilares.com/clorfenam_fenil_para_6tab_desenfriol_ito/p,vtex
3990,MULTIVITAMINICO MATERNO 30 CAPSULAS SIMIBABY,,269.0,Multivitamínicos,Suplementos y multivitamínicos,capsula,30,,multivitaminico,https://www.farmaciasdesimilares.com/multivitaminico_materno_30_cap_simibaby/p,vtex
3969,GEL LUBRICANTE ANTISEPTICO INTIMO 25GR ALFA,,109.01,Gel lubricante,Salud sexual,gel,,25000mg,antiseptico,https://www.farmaciasdesimilares.com/alfa_gel_lubricante_antisept_intimo_25gr_alfa/p,vtex
3967,CLONIXINATO DE LISINA / DICLOFENACO 250/50MG 14 TABLETAS DORIXINA,,459.0,Medicamentos éticos,Medicamentos,tableta,14,50mg,clonixinato + diclofenaco,https://www.farmaciasdesimilares.com/clonix_lis_diclo_250_50mg_14tab_dorixina/p,vtex
3953,GOMITAS CBD 30 PIEZAS MIX DE FRUTAS,,319.0,Relajante,Suplementos y multivitamínicos,,30,,gomitas,https://www.farmaciasdesimilares.com/gomitas_cbd_30_pzas_mix_de_frutas/p,vtex
3951,METFORMINA / SITAGLIPTINA 1000MG/100MG 28 TABLETAS LIBERACION PROLONGADA,,499.0,Diabetes,Medicamentos,tableta,28,1000mg 100mg,metformina + sitagliptina,https://www.farmaciasdesimilares.com/metformina_sita_1000mg_100mg_28tab_lp/p,vtex
3829,RIVAROXABAN 10 MG 30 TABLETAS,,479.0,Medicamentos éticos,Medicamentos,tableta,30,10mg,rivaroxaban,https://www.farmaciasdesimilares.com/rivaroxaban_10_mg_30tab/p,vtex
3825,DUTASTERIDA / TAMSULOSINA 0.5MG/0.4MG 30 CAPSULAS,,519.0,Medicamentos éticos,Medicamentos,capsula,30,0.4mg 0.5mg,dutasterida + tamsulosina,https://www.farmaciasdesimilares.com/dutasterida_tamsu_0_5_0_4_mg_30cap/p,vtex
3870,BROMURO DE OTILONIO 40MG 30 TABLETAS,,479.0,Funcionamiento gastrointestinal,Medicamentos,tableta,30,40mg,bromuro,https://www.farmaciasdesimilares.com/bromuro_de_otilonio_40mg_30tab/p,vtex
3930,PROTEINA SIN AZUCAR VAINILLA XGEAR 330ML,,74.0,Proteínas,Deportistas,,,330ml,proteina,https://www.farmaciasdesimilares.com/prot_s-azuc_vaini_xgear_330ml/p,vtex
3927,ROSUVASTATINA / EZETIMIBA 10MG/10MG 10 TABLETAS,,309.0,Hipolipemiante,Medicamentos,tableta,10,10mg,rosuvastatina + ezetimiba,https://www.farmaciasdesimilares.com/rosuvastat_ezetimiba_10mg_10mg_10tab/p,vtex
3924,MAGALDRATO/DIMETICONA 80MG/10MG 10SOBRES TAKEDA,,105.0,Gastritis,Funcionamiento gastrointestinal,,10,10mg 80mg,magaldrato + dimeticona,https://www.farmaciasdesimilares.com/-malgadrato_dimet_80mg_10mg_10sob_takeda/p,vtex
3913,TOALLA DESMAQUILLANTE MICELAR ETERNAL SECRET 30 PIEZAS,,69.0,Belleza,Cuidado de la piel y belleza,,30,,toalla,https://www.farmaciasdesimilares.com/eternal_secret_toalla_agua_micelar_30pza_eternal_secret_/p,vtex
3911,CLOBETASOL 0.044/100GR CREMA 40GR,,269.0,Dermatológico,Medicamentos,crema,,100000mg 40000mg,clobetasol,https://www.farmaciasdesimilares.com/clobetasol_0_044_100gr_crema_40gr/p,vtex
3900,GOMITAS MULTIVITAMINICO INFANTIL 60PIEZAS SIMITOLINA CHAPULIN,,99.01,Multivitamínicos,Suplementos y multivitamínicos,,60,,gomitas,https://www.farmaciasdesimilares.com/gomitas_multi_inf_60pza_simitolina_chapu/p,vtex
3894,DROPROPIZINA / BROMHEXINA 0.300/0.160GR 200ML SOLUCION ADULTO,,179.0,Aparato respiratorio,Medicamentos,solucion,,160mg 200ml,dropropizina + bromhexina,https://www.farmaciasdesimilares.com/dropo_bromhe0_300_0_160gr_200ml_sol_adul/p,vtex
3892,RUSCUS / HESPERIDINA/ ACIDO ASCORBICO 150/150/100MG 30 CAPSULAS,,244.0,Flebotónico,Medicamentos,capsula,30,100mg,ruscus + hesperidina,https://www.farmaciasdesimilares.com/ruscus_hesper_ac_asc_150_150_100mg_30cap/p,vtex
3879,DEXPANTENOL 5/100GR POMADA 30GR TATUAJES,,34.0,Dermatológico,Cuidado de la piel y belleza,unguento,,100000mg 30000mg,dexpantenol,https://www.farmaciasdesimilares.com/dexpantenol_5_100gr_crema_30gr_tatuajes/p,vtex
2981,OLMESARTAN / HIDROCLOROTIAZIDA 40MG/12.5MG 14 TABLETAS,,189.0,Antihipertensivo,Medicamentos,tableta,14,12.5mg 40mg,olmesartan + hidroclorotiazida,https://www.farmaciasdesimilares.com/olmesartan_hidroclor_40mg_12_5mg_14_tab/p,vtex
3869,ELECTROLITO 0% AZUCAR FRESA XGEAR 10 TABLETAS EFERVESCENTES,,109.01,Complementos,Deportistas,tableta,10,,electrolito,https://www.farmaciasdesimilares.com/xgear_electrolito_0_azuc_fres_10tab_efer/p,vtex
3849,MELENA DE LEON / L TIROSINA/VITAMINA B1/B12 60 CAPSULAS,,199.0,Memoria y rendimiento,Suplementos y multivitamínicos,capsula,60,,melena + tirosina,https://www.farmaciasdesimilares.com/melena_de_leon_l_tirosina_b1_b12_60cap/p,vtex
3840,PRUEBA RAPIDA INFLUENZA TIPO A Y B 1 PIEZA,,206.0,Material de diagnóstico,"Higiene, curación y diagnóstico",,1,,prueba,https://www.farmaciasdesimilares.com/prueba_rapida_influenza_tipo_a_y_b_1pza/p,vtex
3796,PARACETAMOL / FENILEFRINA 500MG/10MG 1 SOBRE VICK PYRENA,,24.0,Antigripal,Aparato respiratorio,sobre,1,10mg 500mg,paracetamol + fenilefrina,https://www.farmaciasdesimilares.com/parace_fenil_500mg_10mg_1sob_vick_pyrena/p,vtex
3794,AMBROXOL 20MG 18 PASTILLAS HISTIACIL GR3,,119.0,Gripa y tos,Aparato respiratorio,pastilla,18,20mg,ambroxol,https://www.farmaciasdesimilares.com/ambroxol_20mg_18past_histiacil_gr3/p,vtex
3791,PARACETAMOL/ORFENADRINA 450MG/35MG 50TABLETAS,,279.0,Analgésicos,Medicamentos,,50,35mg 450mg,paracetamol + orfenadrina,https://www.farmaciasdesimilares.com/paracetamol_orfenadrina_450mg_35mg_50tab/p,vtex
3790,DEXLANSOPRAZOL 60 MG 7 TABLETAS LIBERACIÓN RETARDADA (GEN),,189.0,Funcionamiento gastrointestinal,Medicamentos,tableta,7,60mg,dexlansoprazol,https://www.farmaciasdesimilares.com/dexlansoprazol_60_mg_7tab_lr_gen/p,vtex
3786,SOLIFENACINA 5 MG 20 TABLETAS,,330.0,Medicamentos éticos,Medicamentos,tableta,20,5mg,solifenacina,https://www.farmaciasdesimilares.com/solifenacina_5mg_20tab/p,vtex
3760,ZINC 50 MG 30 CAPSULAS,,149.0,Sistema inmune,Aparato respiratorio,capsula,30,50mg,,https://www.farmaciasdesimilares.com/zinc_50mg_30_cap/p,vtex
3757,TRIMEBUTINA/SIMETICONA 100/37.5 MG 20 COMPRIMIDOS,,189.0,Funcionamiento gastrointestinal,Medicamentos,tableta,20,37.5mg,trimebutina + simeticona,https://www.farmaciasdesimilares.com/trimebutin_simet_100_37_5mg_20comp/p,vtex
3753,PARACETAMOL  3.2GR/100ML 120ML JARABE TEMPRA 1 PIEZA,,182.0,Analgésicos,Analgesia,jarabe,1,100ml 120ml 3200mg,paracetamol,https://www.farmaciasdesimilares.com/paracetamol_32gr100ml_120ml_tempra/p,vtex
2410,GEL MASCULINO RETARDANTE 14.1 GR DURAMAX BY ALFA 1 PIEZA,,149.0,Gel lubricante,Salud sexual,gel,1,14100mg,masculino,https://www.farmaciasdesimilares.com/alfa_gel_masculino_retardante_141gr/p,vtex
3532,MASCARILLA FACIAL ORO ETERNAL SECRET 1 PIEZA,,39.0,Belleza,Cuidado de la piel y belleza,,1,,mascarilla,https://www.farmaciasdesimilares.com/eternal_secret_mascarilla_facial_oro/p,vtex
3503,SUERO FACIAL BHA-PHA 6% ETERNAL SECRET 30ML 1 PIEZA,,219.0,Belleza,Cuidado de la piel y belleza,,1,30ml,suero,https://www.farmaciasdesimilares.com/eternal_secret_suero__facial_bha_pha_6/p,vtex
2538,TOALLA SANITARIA ANATOMICA CON ALAS FLUJO ABUNDANTE 7 PIEZAS,,14.0,Higiene,"Higiene, curación y diagnóstico",,7,,toalla,https://www.farmaciasdesimilares.com/toalla-femenina-kotex-anatomica-con-alas-flujo-abundante-7pzs/p,vtex
3739,PROBIOTICOS / PREBIOTICOS CAPSULAS  RAPID-MT 30 CAPSULAS,,234.01,Peso y metabolismo,Peso y metabolismo,capsula,30,,probioticos + prebioticos,https://www.farmaciasdesimilares.com/probioticosprebioticos_30cap/p,vtex
3736,METFORMINA / VILDAGLIPTINA  850MG/50MG 30 COMPRIMIDOS,,399.0,Diabetes,Medicamentos,tableta,30,50mg 850mg,metformina + vildagliptina,https://www.farmaciasdesimilares.com/metforminavilda_850mg50mg_30comp/p,vtex
3723,SIMIWELL FORTE BETAGLUCANOS / VITAMINA C / ZINC / D3 30 CAPSULAS,,224.0,Sistema inmune,Aparato respiratorio,capsula,30,,simiwell,https://www.farmaciasdesimilares.com/simiwell_forte_beta_vitc_zinc_d3_30cap/p,vtex
3719,PARACETAMOL 100 MG/ML SOLUCION PEDIATRICA SABOR UVA TEMPRA 30 ML 1 PIEZA,,159.0,Analgésicos,Analgesia,solucion,1,100mg 30ml,paracetamol,https://www.farmaciasdesimilares.com/paracetamol_100mg_ml_sol_ped_30ml/p,vtex
3710,HISTIACIL FAM JARABE PARA LA TOS SECA Y CON FLEMAS EN ADULTOS FRESA 140 ML,,149.0,Gripa y tos,Aparato respiratorio,jarabe,,140ml,histiacil + flemas,https://www.farmaciasdesimilares.com/guaifen_oxol_2_1gr_140ml_jbe_histiacil/p,vtex
3707,ELECTROLITO 0% AZUCAR FRESA-KIWI 500ML HIDRATASIM,,25.5,Líquido,Rehidratantes,,,500ml,electrolito,https://www.farmaciasdesimilares.com/electrol_0_azu_fres_kiw_500ml_hidratasim/p,vtex
3705,PARCHE DE LEON ARNICA 3% 12X18CM 1 PIEZA,,84.0,Analgésicos,Analgesia,parche,1,,,https://www.farmaciasdesimilares.com/parche_de_leon_arnica_18cm_12cm/p,vtex
3704,GOMITAS LACTOBACILLUS ESPORULADOS 60 GOMITAS,,159.0,Lactobacilos,Funcionamiento gastrointestinal,,,,gomitas,https://www.farmaciasdesimilares.com/gomitas_lactobacillus_sporog_60pzas/p,vtex
3653,EXTRACTOR MANUAL PARA LECHE MATERNA SIMIBABY 1 PIEZA,,269.0,Lactancia,Bebés,,1,,extractor,https://www.farmaciasdesimilares.com/simibaby_extrac_manual_pleche_materna_simibaby/p,vtex
3650,ACIDO ASCORBICO / ZINC 1000/10MG 10 TABLETAS EFERVESCENTES,,85.0,Sistema inmune,Aparato respiratorio,tableta,10,10mg,,https://www.farmaciasdesimilares.com/ac_ascorbico_zinc_1000_10mg_10tab_efer/p,vtex
77,DEXAMETASONA/FENILEFRINA/NEOMICINA 15ML NASAL,,34.0,Antigripal,Medicamentos,,,15ml,dexametasona + fenilefrina + neomicina,https://www.farmaciasdesimilares.com/dexametasona_fenil_neomicina_15ml_nasal/p,vtex
749,BETAMETASONA 8MG/2MLSOLUCION INYECTABLE 1 AMPOLLETA,,37.0,Antiinflamatorio,Medicamentos,inyectable,1,8mg,betametasona,https://www.farmaciasdesimilares.com/betametasona_8mg2ml_1ampjer/p,vtex
2687,ARANDANO / COCOLMECA / COLA DE CABALLO / DIENTE DE LEON 30 CAPSULAS,,116.0,Multivitamínicos,Suplementos y multivitamínicos,capsula,30,,arandano + cocolmeca + diente,https://www.farmaciasdesimilares.com/arandanocabalcocolmdient_30cap/p,vtex
75,DEXAMETASONA 0.50MG 30 TABLETAS,,29.0,Antiinflamatorio,Medicamentos,tableta,30,0.5mg,dexametasona,https://www.farmaciasdesimilares.com/dexametasona_050mg_30tab/p,vtex
483,BENCIDAMINA 45MG/100ML  SOLUCION 30 ML 1 PIEZA,,59.0,Antiinflamatorios,Analgesia,solucion,1,100ml 30ml 45mg,bencidamina,https://www.farmaciasdesimilares.com/bencidamina_45mg100ml_sol_30ml/p,vtex
386,PREDNISONA 50 MG 20 TABLETAS,,60.0,Antiinflamatorio,Medicamentos,tableta,20,50mg,prednisona,https://www.farmaciasdesimilares.com/prednisona_50mg_20tab/p,vtex
3598,BUMETANIDA 1 MG 20 TABLETAS,,124.0,Antihipertensivo,Medicamentos,tableta,20,1mg,bumetanida,https://www.farmaciasdesimilares.com/bumetanida_1mg_20tab/p,vtex
3578,BALSAMO HIDRATANTE FPS 15 CON COLOR ETERNAL SECRET 4.8 GR 1 PIEZA,,61.0,Belleza,Cuidado de la piel y belleza,,1,4800mg,,https://www.farmaciasdesimilares.com/eternal_secret_balsamo_hidratante_rosa/p,vtex
3500,VALSARTAN / HIDROCLOROTIAZIDA / AMLODIPINO 14 COMPRIMIDOS,,929.0,Antihipertensivo,Medicamentos,tableta,14,,valsartan + hidroclorotiazida + amlodipino,https://www.farmaciasdesimilares.com/valsartanhidroclorotamlodi_14comp/p,vtex
3480,BALSAMO CALIENTE CON EXTRACTO DE CANNABIDIOL CBD 50 MG 90 GR 1 PIEZA,,309.0,Analgésicos,Analgesia,,1,50mg 90000mg,extracto,https://www.farmaciasdesimilares.com/balsamo_cal_ccannabidiol_cbd_50mg_90gr/p,vtex
3121,CARAMELOS DR SIMI SABOR MIEL DE ABEJA / LIMON / HERBAL PAQUETE 10 PIEZAS,,24.0,Gripa y tos,Aparato respiratorio,,10,,caramelos + limon + paquete,https://www.farmaciasdesimilares.com/caramelos_simi_miellimher_10pzas/p,vtex
2948,PREDNISONA 20 MG 30 TABLETAS,,149.0,Antiinflamatorio,Medicamentos,tableta,30,20mg,prednisona,https://www.farmaciasdesimilares.com/prednisona_20mg_30tab/p,vtex
2864,CILOSTAZOL 100MG 30 TABLETAS,,279.0,Medicamentos éticos,Medicamentos,tableta,30,100mg,cilostazol,https://www.farmaciasdesimilares.com/cilostazol_100mg_30tab/p,vtex
2843,BENZOCAINA 200 MG SOLUCION BUCAL CON APLICADOR 1 PIEZA,,117.0,Analgésicos,Analgesia,solucion,1,200mg,benzocaina,https://www.farmaciasdesimilares.com/benzocaina_200mg_sol_97ml/p,vtex
2061,MOMETASONA 50 MCG PEDIATRICO SPRAY NASAL 60 DOSIS 1 PIEZA,,159.0,Antialérgico,Medicamentos,spray,1,50mcg,mometasona,https://www.farmaciasdesimilares.com/mometasona_50mcg_ped_60dosis/p,vtex
1843,AMIODARONA 200 MG 20 TABLETAS,,174.0,Medicamentos éticos,Medicamentos,tableta,20,200mg,amiodarona,https://www.farmaciasdesimilares.com/amiodarona_200mg_20tab/p,vtex
1448,DEFLAZACORT 6 MG 20 TABLETAS,,114.0,Antiinflamatorio,Medicamentos,tableta,20,6mg,deflazacort,https://www.farmaciasdesimilares.com/deflazacort_6mg_20tab/p,vtex
3627,BALSAMO EN BARRA ARNICA 15 GR SIMIBABY 1 PIEZA,,81.0,Analgésicos,Analgesia,barra,1,15000mg,,https://www.farmaciasdesimilares.com/simibaby_barra_topica_arnica_simikids_15gr/p,vtex
3614,PROTEINA SIN AZUCAR CHOCOLATE XGEAR 330ML,,74.0,Proteínas,Deportistas,,,330ml,proteina,https://www.farmaciasdesimilares.com/prot_s-azuc_choco_xgear_330ml/p,vtex
3610,PIDOTIMOD 800 MG 20 TABLETAS,,759.0,Aparato respiratorio,Medicamentos,tableta,20,800mg,pidotimod,https://www.farmaciasdesimilares.com/pidotimod_800mg_20tab/p,vtex
2786,DOBESILATO DE CALCIO 250 MG / DIOSMINA 225 MG / HESPERIDINA 25 MG 20 TABLETAS,,509.0,Flebotónico,Medicamentos,tableta,20,225mg 250mg 25mg,dobesilato,https://www.farmaciasdesimilares.com/dobesilato_calc_diosmina_hesper_20tab/p,vtex
2069,PULMONAROM LISADOS BACTERIANOS 10 AMPOLLETAS DE 3 ML. AUXILIAR EN INFECCIONES DE VIAS RESPIRATORIAS,,789.0,Aparato respiratorio,Medicamentos,inyectable,10,3ml,pulmonarom,https://www.farmaciasdesimilares.com/lisados_bacterianos_10amp_sol_oral/p,vtex
623,SUBSALICILATO DE BISMUTO SUSPENSION 120 ML 1 PIEZA,,46.0,Antidiarreico,Funcionamiento gastrointestinal,suspension,1,120ml,subsalicilato,https://www.farmaciasdesimilares.com/subsalicilato_de_bismuto_120ml/p,vtex
531,ISOFLAVONAS SOYA DR SIMI 30 TABLETAS,,62.0,Multivitamínicos,Suplementos y multivitamínicos,tableta,30,,isoflavonas,https://www.farmaciasdesimilares.com/isoflavonas_soya_dr_simi_30tab/p,vtex
3565,ADHESIVO PARA DENTATURA CON FIJACION EXTRA FUERTE 35 ML 1 PIEZA,,123.01,Higiene,"Higiene, curación y diagnóstico",,1,35ml,fijacion,https://www.farmaciasdesimilares.com/adhesivo_dental_fijacion_ext_fuerte_35ml/p,vtex
3533,GOMITAS LTEANINA 50 PIEZAS MULTIGOMI INFANTIL,,139.0,Relajante,Suplementos y multivitamínicos,,50,,gomitas,https://www.farmaciasdesimilares.com/gomitas_lteanina_50pzas_multigomi_inf/p,vtex
3517,FLUCONAZOL / TINIDAZOL 37.5/500MG 4 TABLETAS,,199.0,Antimicótico,Medicamentos,tableta,4,500mg,fluconazol + tinidazol,https://www.farmaciasdesimilares.com/fluconazol_tinida_37_5_500mg_4tab/p,vtex
3514,FOTOPROTECTOR SOLAR CON COLOR 50+ ETERNAL SECRET 30ML 1 PIEZA,,174.0,Protector solar,Cuidado de la piel y belleza,,1,30ml,fotoprotector,https://www.farmaciasdesimilares.com/eternal_secret_fotoprotector_c_color_50_30ml_eternal/p,vtex
3467,EZETIMIBA 10 MG 20 Y/O 21 TABLETAS,,559.0,Hipolipemiante,Medicamentos,tableta,21,10mg,ezetimiba,https://www.farmaciasdesimilares.com/ezetimiba_10mg_20_y-o_21tab/p,vtex
3465,REPELENTE INSECTOS (DEET AL 5%) SPRAY 177 ML 1 PIEZA,,89.0,Repelentes,Cuidado de la piel y belleza,spray,1,177ml,,https://www.farmaciasdesimilares.com/repelente_insec_deet_5_177ml_spray/p,vtex
3435,PARACETAMOL / CLORZOXAZONA 300/250MG 30 TABLETAS,,189.0,Analgésicos,Medicamentos,tableta,30,250mg,paracetamol + clorzoxazona,https://www.farmaciasdesimilares.com/paracetamol_clorzo_300_250mg_30tab/p,vtex
3426,LOXCELL QUINFAMIDA / ALBENDAZOL 200/400MG JUNIOR SUSPENSION 1 PIEZA,,87.0,Antiparasitario,Funcionamiento gastrointestinal,suspension,1,400mg,loxcell + albendazol,https://www.farmaciasdesimilares.com/loxcell_quinf_albend_200_400mg_susp_20ml/p,vtex
3390,REPELENTE INSECTOS CREMA 200 ML 1 PIEZA,,112.0,Repelentes,Cuidado de la piel y belleza,crema,1,200ml,,https://www.farmaciasdesimilares.com/repelente_insectos_crema_200ml/p,vtex
3387,OMEPRAZOL / BICARBONATO DE SODIO 20/1100MG 30 CAPSULAS,,333.0,Gastritis,Funcionamiento gastrointestinal,capsula,30,1100mg,omeprazol + bicarbonato,https://www.farmaciasdesimilares.com/omeprazol_bicar_sod_20_1100mg_30cap/p,vtex
3305,TOALLAS HUMEDAS DESINFECTANTES 48 PIEZAS,,48.0,Higiene,"Higiene, curación y diagnóstico",,48,,toallas,https://www.farmaciasdesimilares.com/toallas_humedas_desinfect_48pzas/p,vtex
2651,COLAGENO HIDROLIZADO / ANTIOXIDANTES / VITAMINAS POLVO 195 GR 1 PIEZA,,294.0,Belleza,Suplementos y multivitamínicos,polvo,1,195000mg,colageno + antioxidantes,https://www.farmaciasdesimilares.com/colageno_hid_aox_vit_pvo_195gr/p,vtex
2519,PARACETAMOL / FENIRAMINA / FENILEFRINA SABOR MANZANA CANELA GRANULADO 6 SOBRES,,94.0,Antigripal,Aparato respiratorio,polvo,6,,paracetamol + feniramina + fenilefrina,https://www.farmaciasdesimilares.com/paracetamolfenirafenil_6sob_mznacanel/p,vtex
1641,VITAMINA E 400 MG 30 CAPSULAS,,47.0,Belleza,Suplementos y multivitamínicos,capsula,30,400mg,,https://www.farmaciasdesimilares.com/vitamina_e_400mg_30cap/p,vtex
997,YODOPOVIDONA SOLUCION ANTISEPTICA 120 ML 1 PIEZA,,39.01,Material de curación,"Higiene, curación y diagnóstico",solucion,1,120ml,yodopovidona,https://www.farmaciasdesimilares.com/yodopovidona_antiseptica_120ml/p,vtex
996,YODOPOVIDONA SOLUCION ANTISEPTICA BUCOFARINGEO 120 ML 1 PIEZA,,39.01,Material de curación,"Higiene, curación y diagnóstico",solucion,1,120ml,yodopovidona,https://www.farmaciasdesimilares.com/yodopovidona_bucofaringeo_120ml/p,vtex
933,CLORURO BENZALCONIO SOLUCION 40 ML 1 PIEZA,,18.0,Material de curación,"Higiene, curación y diagnóstico",solucion,1,40ml,cloruro,https://www.farmaciasdesimilares.com/cloruro_benzalconio_40ml_sol/p,vtex
932,MINIBOTIQUIN 1 PIEZA,,44.0,Material de curación,"Higiene, curación y diagnóstico",,1,,minibotiquin,https://www.farmaciasdesimilares.com/minibotiquin/p,vtex
931,VENDA ELASTICA 7.5CM X 5MTS 1 PIEZA,,11.0,Material de curación,"Higiene, curación y diagnóstico",,1,,elastica,https://www.farmaciasdesimilares.com/venda_elastica_7_5cmx5mts_dr_simi/p,vtex
930,VENDA ELASTICA 30CM X 5MTS 1 PIEZA,,36.0,Material de curación,"Higiene, curación y diagnóstico",,1,,elastica,https://www.farmaciasdesimilares.com/venda_elastica_30cmx5mts_dr_simi/p,vtex
893,SIMI DIAB PLUS 30 CAPSULAS,,71.0,Multivitamínicos,Suplementos y multivitamínicos,capsula,30,,,https://www.farmaciasdesimilares.com/simi_diab_plus_30cap/p,vtex
884,OMEPRAZOL 40 MG 7 CAPSULAS,,74.0,Funcionamiento gastrointestinal,Medicamentos,capsula,7,40mg,omeprazol,https://www.farmaciasdesimilares.com/omeprazol_40mg_7cap/p,vtex
88,DIFENIDOL 25 MG 30 TABLETAS,,18.0,Funcionamiento gastrointestinal,Medicamentos,tableta,30,25mg,difenidol,https://www.farmaciasdesimilares.com/difenidol_25mg_30tab/p,vtex
873,LORATADINA / FENILEFRINA 50/100MG JARABE INFANTIL 60 ML 1 PIEZA,,41.0,Antigripal,Medicamentos,jarabe,1,100mg 60ml,loratadina + fenilefrina,https://www.farmaciasdesimilares.com/loratadina_fenil_50_100mg_jbe_inf_60ml/p,vtex
867,TOBRAMICINA / DEXAMETASONA 3/1 MG SOLUCION OFTALMICA 5 ML 1 PIEZA,,79.0,Oftalmológico,Medicamentos,solucion,1,1mg 5ml,tobramicina + dexametasona,https://www.farmaciasdesimilares.com/tobramicina_dexamet_5ml_sol_oft/p,vtex
853,POLIMIXINA B / NEOMICINA / BACITRACINA UNGÜENTO 3.5GR 1 PIEZA,,54.0,Oftalmológico,Medicamentos,unguento,1,3500mg,polimixina + neomicina + bacitracina,https://www.farmaciasdesimilares.com/polimixina_b_neom_baci_ung_oft_3_5gr/p,vtex
84,DICLOXACILINA 12 CAPSULAS,,43.0,Antibiótico,Medicamentos,capsula,12,,dicloxacilina,https://www.farmaciasdesimilares.com/dicloxacilina_500mg_12cap/p,vtex
831,PALMITATO RETINOL / ERGOCALCIFEROL 6000/400UI SOLUCION 3 AMPOLLETAS,,29.0,Sistema inmune,Aparato respiratorio,solucion,3,400ui,palmitato + ergocalciferol,https://www.farmaciasdesimilares.com/palmitato_ret_ergoc_6000_400ui_3amp/p,vtex
814,GUAIFENESINA/OXOLAMINA 2/1GR 140ML JARABE (GENERICO)ADULTO/INFANTIL,,57.0,Gripa y tos,Aparato respiratorio,jarabe,,1000mg 140ml,guaifenesina + oxolamina,https://www.farmaciasdesimilares.com/guaifen_oxol_2_1gr_140ml_jbe_gen_ad_inf/p,vtex
800,LAMOTRIGINA 100 MG TABLETAS MASTICABLES 28 TABLETAS,,190.0,Anticonvulsivo,Medicamentos,tableta,28,100mg,lamotrigina,https://www.farmaciasdesimilares.com/lamotrigina_100mg_28tab_mast/p,vtex
798,OMEPRAZOL 20 MG 28 CAPSULAS,,84.5,Gastritis,Funcionamiento gastrointestinal,capsula,28,20mg,omeprazol,https://www.farmaciasdesimilares.com/omeprazol_20mg_28cap/p,vtex
775,PIOGLITAZONA 30 MG 7 TABLETAS,,85.0,Diabetes,Medicamentos,tableta,7,30mg,pioglitazona,https://www.farmaciasdesimilares.com/pioglitazona_30mg_7tab/p,vtex
773,MOMETASONA FUROATO 0.1G/100G 30GR UNGÜENTO,,100.0,Dermatológico,Medicamentos,unguento,,100000mg 100mg 30000mg,mometasona,https://www.farmaciasdesimilares.com/mometasona_furoa_0_1g_100g_30gr_unguento/p,vtex
766,IBUPROFENO 40MG/1ML SUSPENSION 15 ML 1 PIEZA,,59.0,Analgésicos,Analgesia,suspension,1,15ml 1ml 40mg,ibuprofeno,https://www.farmaciasdesimilares.com/ibuprofeno_40mg_1ml_susp_15ml/p,vtex
762,GLIMEPIRIDA 4 MG 30 TABLETAS,,89.0,Diabetes,Medicamentos,tableta,30,4mg,glimepirida,https://www.farmaciasdesimilares.com/glimepirida_4mg_30tab/p,vtex
70,CLORTALIDONA 50 MG 20 TABLETAS,,20.0,Antihipertensivo,Medicamentos,tableta,20,50mg,clortalidona,https://www.farmaciasdesimilares.com/clortalidona_50mg_20tab/p,vtex
696,LEVOFLOXACINO 500 MG 7 TABLETAS,,149.0,Antibiótico,Medicamentos,tableta,7,500mg,levofloxacino,https://www.farmaciasdesimilares.com/levofloxacino_500mg_7tab/p,vtex
695,PANTOPRAZOL 40MG 14 GRAGEAS,,139.0,Gastritis,Funcionamiento gastrointestinal,tableta,14,40mg,pantoprazol,https://www.farmaciasdesimilares.com/pantoprazol_40mg_14grag/p,vtex
682,CEFUROXIMA 500 MG 10 TABLETAS,,195.0,Antibiótico,Medicamentos,tableta,10,500mg,cefuroxima,https://www.farmaciasdesimilares.com/cefuroxima_500mg_10tab/p,vtex
680,KETOPROFENO / PARACETAMOL 100/300MG 12 TABLETAS,,48.0,Antiinflamatorio,Medicamentos,tableta,12,300mg,ketoprofeno + paracetamol,https://www.farmaciasdesimilares.com/ketoprofeno_para_100_300mg_12tab/p,vtex
676,ITRACONAZOL / SECNIDAZOL 33.3/166.6 MG 16 CAPSULAS,,219.0,Antimicótico,Medicamentos,capsula,16,166.6mg,itraconazol + secnidazol,https://www.farmaciasdesimilares.com/itraconazol_secnidazol_16cap/p,vtex
673,HIDROCORTISONA / CLORANFENICOL / BENZOCAINA SOLUCION OTICA 10 ML 1 PIEZA,,37.0,Medicamentos éticos,Medicamentos,solucion,1,10ml,hidrocortisona + cloranfenicol + benzocaina,https://www.farmaciasdesimilares.com/hidrocortisona_clora_benzo_sol_10ml/p,vtex
660,NITAZOXANIDA 500 MG 7 TABLETAS,,69.0,Antiparasitario,Medicamentos,tableta,7,500mg,nitazoxanida,https://www.farmaciasdesimilares.com/nitazoxanida_500mg_6_o_7tab/p,vtex
643,DIFENIDOL CLORHIDRATO  40MG/2ML SOLUCION INYECTABLE 1 PIEZA,,16.0,Funcionamiento gastrointestinal,Medicamentos,solucion,1,2ml 40mg,difenidol,https://www.farmaciasdesimilares.com/difenidol_clorhidrato_40mg_2ml/p,vtex
620,LORATADINA / AMBROXOL 5/30 MG 10 TABLETAS,,32.0,Antigripal,Aparato respiratorio,tableta,10,30mg,loratadina + ambroxol,https://www.farmaciasdesimilares.com/loratadina_ambrox_10tab/p,vtex
602,PARACETAMOL / BUTILHIOSCINA 100/2 MG SOLUCION GOTAS 20 ML 1 PIEZA,,48.0,Analgésicos,Analgesia,solucion,1,20ml 2mg,paracetamol + butilhioscina,https://www.farmaciasdesimilares.com/paracetamol_butil_gts_20ml/p,vtex
6,ACICLOVIR 200 MG 25 TABLETAS,,75.0,Antiviral,Medicamentos,tableta,25,200mg,aciclovir,https://www.farmaciasdesimilares.com/aciclovir_200mg_25tab/p,vtex
53,CAPTOPRIL 25 MG 30 TABLETAS,,27.0,Antihipertensivo,Medicamentos,tableta,30,25mg,captopril,https://www.farmaciasdesimilares.com/captopril_25mg_30tab/p,vtex
512,PARACETAMOL / BUTILHIOSCINA 500/10 MG 20 TABLETAS,,71.0,Analgésicos,Analgesia,tableta,20,10mg,paracetamol + butilhioscina,https://www.farmaciasdesimilares.com/paracetamol_butil_20tab/p,vtex
508,NAPROXENO/CARISOPRODOL 250MG/200MG 30CAPSULAS,,89.0,Antiinflamatorio,Medicamentos,,30,200mg 250mg,naproxeno + carisoprodol,https://www.farmaciasdesimilares.com/naproxeno_carisoprodol_250mg_200mg_30cap/p,vtex
440,LANSOPRAZOL 30 MG 14 CAPSULAS,,86.0,Funcionamiento gastrointestinal,Medicamentos,capsula,14,30mg,lansoprazol,https://www.farmaciasdesimilares.com/lansoprazol_30mg_14cap/p,vtex
427,KETOPROFENO 100 MG 15 CAPSULAS,,39.0,Antiinflamatorio,Medicamentos,capsula,15,100mg,ketoprofeno,https://www.farmaciasdesimilares.com/ketoprofeno_100mg_15cap/p,vtex
426,CLARITROMICINA 500 MG 10 TABLETAS,,133.0,Antibiótico,Medicamentos,tableta,10,500mg,claritromicina,https://www.farmaciasdesimilares.com/claritromicina_500mg_10tab/p,vtex
417,AMOXICILINA / ACIDO CLAVULANICO 250MG 60ML SUSPENSION 1 PIEZA,,64.0,Antibiótico,Medicamentos,suspension,1,250mg 60ml,amoxicilina,https://www.farmaciasdesimilares.com/amoxicilina_ac_cla_250mg_60ml/p,vtex
408,ACIDO MEFENAMICO 500 MG 20 TABLETAS,,34.0,Analgésicos,Medicamentos,tableta,20,500mg,,https://www.farmaciasdesimilares.com/ac_mefenamico_500mg_20tab/p,vtex
406,DOMPERIDONA 10 MG 30 TABLETAS,,143.0,Funcionamiento gastrointestinal,Medicamentos,tableta,30,10mg,domperidona,https://www.farmaciasdesimilares.com/domperidona_10mg_30tab/p,vtex
397,IBUPROFENO 200 MG 10 CAPSULAS GEL,,20.0,Analgésicos,Analgesia,capsula,10,200mg,ibuprofeno,https://www.farmaciasdesimilares.com/ibuprofeno_200mg_10cap_gel/p,vtex
394,DEXTROMETORFANO / GUAIFENESINA  .2/2 GR ADULTO SOLUCION 120 ML 1 PIEZA,,38.0,Gripa y tos,Aparato respiratorio,solucion,1,120ml 2000mg,dextrometorfano + guaifenesina,https://www.farmaciasdesimilares.com/dextrometorfano_guai_ad_120ml/p,vtex
381,CLORANFENICOL SOLUCION OFTALMICA 15 ML 1 PIEZA,,29.0,Oftalmológico,Medicamentos,solucion,1,15ml,cloranfenicol,https://www.farmaciasdesimilares.com/cloranfenicol_sol_oft_15ml/p,vtex
3482,SUPEROXIDODISMUTASA 30 CAPSULAS ETERNAL SECRET,,319.0,Belleza,Suplementos y multivitamínicos,capsula,30,,superoxidodismutasa,https://www.farmaciasdesimilares.com/eternal_secret_superoxidodismutasa_30cap_eternal_sec/p,vtex
347,VITAMINA C / ROSE HIPS / DEL DR SIMI PARA NIÑOS 90 TABLETAS MASTICABLES,,79.0,Sistema inmune,Aparato respiratorio,tableta,90,,,https://www.farmaciasdesimilares.com/vitamina_c_r_h_ninos_90tab_mast/p,vtex
3425,ESPUMA FACIAL DERMOLIMPIADORA ETERNAL SECRET 160ML 1 PIEZA,,189.0,Belleza,Cuidado de la piel y belleza,,1,160ml,espuma,https://www.farmaciasdesimilares.com/espuma_facial_dermo_160ml_eternal_secret/p,vtex
3357,MAGNESIO OXIDO 208 MG 60 CAPSULAS,,89.0,Multivitamínicos,Suplementos y multivitamínicos,capsula,60,208mg,magnesio,https://www.farmaciasdesimilares.com/magnesio_208mg_60cap/p,vtex
3333,GABAPENTINA/VITAMINA B1/VITAMINA B12 30 TABLETAS,,420.0,Medicamentos éticos,Medicamentos,tableta,30,,gabapentina,https://www.farmaciasdesimilares.com/gabapentina-vit_b1-vit_b12_30tab/p,vtex
3314,ACIDO FUSIDICO / BETAMETASONA 20/1MG CREMA 15 GR 1 PIEZA,,119.0,Dermatológico,Medicamentos,crema,1,15000mg 1mg,betametasona,https://www.farmaciasdesimilares.com/ac_fusidico_beta_20_1mg_crema/p,vtex
3306,HIDROSMINA 200 MG 20 CAPSULAS,,419.0,Flebotónico,Medicamentos,capsula,20,200mg,hidrosmina,https://www.farmaciasdesimilares.com/hidrosmina_200mg_20cap/p,vtex
3301,FLUTICASONA 27.5MCG/50MCL SPRAY NASAL 120 DOSIS 1 PIEZA,,449.0,Aparato respiratorio,Medicamentos,spray,1,27.5mcg,fluticasona,https://www.farmaciasdesimilares.com/fluticasona_27_5mcg_50mcl_120dosis/p,vtex
329,SENOSIDOS A Y B 12 MG 30 CAPSULAS,,46.0,Laxante,Funcionamiento gastrointestinal,capsula,30,12mg,senosidos,https://www.farmaciasdesimilares.com/senosidos_a_y_b_12mg_30cap/p,vtex
3274,PASSIFLORA/VALERIANA SOLUCION 30 ML 1 PIEZA,,106.0,Relajante,Suplementos y multivitamínicos,solucion,1,30ml,passiflora + valeriana,https://www.farmaciasdesimilares.com/passiflora_valeriana_30ml_sol/p,vtex
3273,TADALAFIL 20 MG 1 TABLETA,,79.0,Disfunción eréctil,Medicamentos,tableta,1,20mg,tadalafil,https://www.farmaciasdesimilares.com/tadalafil_20mg_1tab/p,vtex
323,DEXTROMETORFANO 300 MG JARABE 120 ML 1 PIEZA,,23.0,Aparato respiratorio,Medicamentos,jarabe,1,120ml 300mg,dextrometorfano,https://www.farmaciasdesimilares.com/dextrometorfano_jbe_120ml/p,vtex
3229,METFORMINA / SITAGLIPTINA 850/50MG 28 COMPRIMIDOS MERCK,,499.0,Diabetes,Medicamentos,tableta,28,50mg,metformina + sitagliptina,https://www.farmaciasdesimilares.com/metformina_sita_850_50mg_28comp/p,vtex
3223,CONDON ALFA CLIMAX ULTRASENSIBLE 2 PIEZAS,,44.0,Condones,Salud sexual,,2,,,https://www.farmaciasdesimilares.com/alfa_condon_alfa_climax_ultrasen_2pzas/p,vtex
3222,CONDON ALFA EXTRA CLIMAX TEXTURIZADO 2 PIEZAS,,44.0,Condones,Salud sexual,,2,,,https://www.farmaciasdesimilares.com/alfa_condon_alfa_extr_climax_text_2pzas/p,vtex
3214,TIRAS REACTIVAS ONE TOUCH 50 PIEZAS,,479.0,Tiras reactivas,Diabetes,,50,,tiras,https://www.farmaciasdesimilares.com/tiras_react_one_touch_50pzas/p,vtex
3184,BAUMANOMETRO DIGITAL DE MUÑECA AUTOMATICO 1 PIEZA,,619.0,Material de diagnóstico,"Higiene, curación y diagnóstico",,1,,baumanometro,https://www.farmaciasdesimilares.com/baumanometro_digital_de_muneca/p,vtex
3180,LEVOCETIRIZINA 0.5MG SOLUCION,,64.0,Antialérgico,Medicamentos,solucion,,0.5mg,levocetirizina,https://www.farmaciasdesimilares.com/levocetirizina_0-5mg_sol/p,vtex
3154,ALVERINA/SIMETICONA 20 CAPSULAS METEOSPASMYL,,599.0,Funcionamiento gastrointestinal,Medicamentos,capsula,20,,alverina + simeticona,https://www.farmaciasdesimilares.com/alverina_simeticona_20cap_meteospasmyl/p,vtex
3114,PASTA DENTAL 3DWHITE ORAL-B 67 ML 1 PIEZA,,27.0,Higiene,"Higiene, curación y diagnóstico",unguento,1,67ml,pasta,https://www.farmaciasdesimilares.com/pasta_dental_3dwhite_67ml_oral_b/p,vtex
3113,PASTA DENTAL 100% ORAL-B 1 PIEZA,,25.0,Higiene,"Higiene, curación y diagnóstico",unguento,1,,pasta,https://www.farmaciasdesimilares.com/pasta_dental_100_oral_b/p,vtex
3050,PIPERIDOLATO 100 MG 15 COMPRIMIDOS,,254.0,Medicamentos éticos,Medicamentos,tableta,15,100mg,piperidolato,https://www.farmaciasdesimilares.com/piperidolato_100mg_15comp/p,vtex
3029,ALCANFOR / MENTOL / 197/197MG INHALADOR 1 PIEZA,,96.0,Antigripal,Aparato respiratorio,,1,197mg,alcanfor + mentol,https://www.farmaciasdesimilares.com/alcanfor_mentol_197_197mg_inhalador/p,vtex
2983,BOTIQUIN DEL DR SIMI CON CAJA 1 PIEZA,,182.0,Material de curación,"Higiene, curación y diagnóstico",,1,,botiquin,https://www.farmaciasdesimilares.com/botiquin_del_dr_simi_con_caja/p,vtex
2977,ATORVASTATINA 20 MG PFIZER 30 TABLETAS,,239.0,Hipolipemiante,Medicamentos,tableta,30,20mg,atorvastatina,https://www.farmaciasdesimilares.com/atorvastatina_20mg_30tab_pfizer/p,vtex
297,CISAPRIDA 10 MG 30 TABLETAS,,71.0,Funcionamiento gastrointestinal,Medicamentos,tableta,30,10mg,cisaprida,https://www.farmaciasdesimilares.com/cisaprida_10mg_30tab/p,vtex
2935,CLORURO DE SODIO 6.5MG/1ML SOLUCION NASAL 30 ML 1 PIEZA,,39.01,Aparato respiratorio,Aparato respiratorio,solucion,1,1ml 30ml 6.5mg,cloruro,https://www.farmaciasdesimilares.com/cloruro_de_sodio_6_5mg_1ml_sol_30ml/p,vtex
2925,CLORZOXAZONA / KETOPROFENO 250/50MG 10 TABLETAS,,119.0,Analgésicos,Analgesia,tableta,10,50mg,clorzoxazona + ketoprofeno,https://www.farmaciasdesimilares.com/clorzoxazona_ketop_250_50mg_10tab/p,vtex
2892,PIRACETAM 800 MG 30 TABLETAS,,265.0,Medicamentos éticos,Medicamentos,tableta,30,800mg,piracetam,https://www.farmaciasdesimilares.com/piracetam_800mg_30tab/p,vtex
2890,LOXCELL QUINFAMIDA / ALBENDAZOL 100/200MG PEDIATRICO SUSPENSION 1 PIEZA,,87.0,Antiparasitario,Funcionamiento gastrointestinal,suspension,1,200mg,loxcell + albendazol,https://www.farmaciasdesimilares.com/loxcell_quinf_albend_100_200mg_susp_10ml/p,vtex
2870,JABON NEUTRO 100 GR 1 PIEZA,,24.0,Higiene,"Higiene, curación y diagnóstico",,1,100000mg,,https://www.farmaciasdesimilares.com/jabon_neutro_100gr/p,vtex
2835,JERINGA PARA INSULINA 0.3ML CON AGUJA 31GX6MM 10 PIEZAS,,51.01,Material de curación,"Higiene, curación y diagnóstico",,10,0.3ml,,https://www.farmaciasdesimilares.com/jeringa_p_insulina_0_3ml_31x6_10pzas/p,vtex
2825,IPRATROPIO 20 MCG AEROSOL PARA INHALACION 200 DOSIS 1 PIEZA,,181.0,Aparato respiratorio,Medicamentos,spray,1,20mcg,ipratropio,https://www.farmaciasdesimilares.com/ipratropio_20mcg_200_dosis/p,vtex
2812,CIPROFIBRATO 100 MG 30 TABLETAS,,299.0,Hipolipemiante,Medicamentos,tableta,30,100mg,ciprofibrato,https://www.farmaciasdesimilares.com/ciprofibrato_100mg_30tab/p,vtex
281,METOCARBAMOL / PARACETAMOL 400/350MG 30 TABLETAS,,61.0,Analgésicos,Medicamentos,tableta,30,350mg,metocarbamol + paracetamol,https://www.farmaciasdesimilares.com/metocarbamol_para_400_350mg_30tab/p,vtex
2803,VALSARTAN / HIDROCLOROTIAZIDA 160/12.5MG 14 TABLETAS,,199.0,Antihipertensivo,Medicamentos,tableta,14,12.5mg,valsartan + hidroclorotiazida,https://www.farmaciasdesimilares.com/valsartan_hidroclorot_160_12_5mg_14tab/p,vtex
2794,CEPILLO DENTAL LIMPIEZA PROFUNDA 2 PIEZAS,,35.0,Higiene,"Higiene, curación y diagnóstico",,2,,cepillo,https://www.farmaciasdesimilares.com/cepillo_dental_limp_profunda_2pzas/p,vtex
2787,HIDROCORTISONA 1GR/100GR CREMA 60 GR 1 PIEZA,,94.0,Dermatológico,Medicamentos,crema,1,100000mg 1000mg 60000mg,hidrocortisona,https://www.farmaciasdesimilares.com/hidrocortisona_1gr_100gr_crema_60gr/p,vtex
2740,NIFUROXAZIDA 400 MG 16 CAPSULAS,,56.0,Antidiarreico,Funcionamiento gastrointestinal,capsula,16,400mg,nifuroxazida,https://www.farmaciasdesimilares.com/nifuroxazida_400mg_16cap/p,vtex
2733,MEDIPIOX SOLUCION 60 ML 1 PIEZA,,147.0,Piojos,"Higiene, curación y diagnóstico",solucion,1,60ml,medipiox,https://www.farmaciasdesimilares.com/medipiox_sol_60ml/p,vtex
2690,HILO DENTAL SABOR MENTA 25 METROS 1 PIEZA,,69.0,Higiene,"Higiene, curación y diagnóstico",,1,,,https://www.farmaciasdesimilares.com/hilo_dental_sab_menta_25mts/p,vtex
2670,FORZE VF G+G 30 CAPSULAS,,104.0,Multivitamínicos,Suplementos y multivitamínicos,capsula,30,,forze,https://www.farmaciasdesimilares.com/forze_vf_g_g_30cap/p,vtex
2665,FEXOFENADINA 120 MG PIRQUET 10 COMPRIMIDOS,,129.0,Antialérgico,Medicamentos,tableta,10,120mg,fexofenadina,https://www.farmaciasdesimilares.com/fexofenadina_120mg_pirquet_10comp/p,vtex
265,CLORFENAMINA 4 MG 20 TABLETAS,,10.0,Antialérgico,Medicamentos,tableta,20,4mg,clorfenamina,https://www.farmaciasdesimilares.com/clorfenamina_4mg_20tab/p,vtex
2618,ELECTROLITOS PEDIATRICOS ORALES SABOR UVA 500ML 1 PIEZA,,25.5,Líquido,Rehidratantes,,1,500ml,electrolitos,https://www.farmaciasdesimilares.com/electrolito_ped_uva_500ml/p,vtex
2613,CLINDAMICINA / PEROXIDO DE BENZOILO 1/5 GR GEL 30 GR 1 PIEZA,,379.0,Dermatológico,Medicamentos,gel,1,30000mg 5000mg,clindamicina + peroxido,https://www.farmaciasdesimilares.com/clindamicina_per_ben_30gr_gel/p,vtex
2574,VITAMINAS A/D/ALANTOINA POMADA  40GR SIMIBABY,,60.0,Cuidado del bebé,Bebés,unguento,,40000mg,alantoina,https://www.farmaciasdesimilares.com/simibaby_vitaminas_a_d_alanto_pom_40gr_simibaby/p,vtex
2563,VALPROATO DE MAGNESIO  400MG 20 TABLETAS,,114.0,Anticonvulsivo,Medicamentos,tableta,20,400mg,valproato,https://www.farmaciasdesimilares.com/valproato_de_magn_400mg_20tab/p,vtex
2524,DIETA POLIMERICA CON FIBRA SABOR VAINILLA 236 ML 1 PIEZA,,53.0,Dieta polimérica,Suplementos y multivitamínicos,,1,236ml,dieta + fibra,https://www.farmaciasdesimilares.com/dieta_polim_c_fibra_vaini_236ml/p,vtex
2523,DIETA POLIMERICA CON FIBRA SABOR FRESA 236 ML 1 PIEZA,,53.0,Dieta polimérica,Suplementos y multivitamínicos,,1,236ml,dieta + fibra,https://www.farmaciasdesimilares.com/dieta_polim_c_fibra_fresa_236ml/p,vtex
252,PARACETAMOL 3.2GR/100ML PEDIATRICO JARABE 120 ML 1 PIEZA,,34.0,Analgésicos,Analgesia,jarabe,1,100ml 120ml 3200mg,paracetamol,https://www.farmaciasdesimilares.com/paracetamol_3_2gr_100ml_120ml_jbe_ped/p,vtex
2495,ORLISTAT / LEVOCARNITINA 120/200MG 30 CAPSULAS,,419.0,Peso y metabolismo,Peso y metabolismo,capsula,30,200mg,orlistat + levocarnitina,https://www.farmaciasdesimilares.com/orlistat_levocar_120_200mg_30cap/p,vtex
2465,LEVOTIROXINA SODICA / LIOTIRONINA 100/20MCG 50 TABLETAS,,384.0,Medicamentos éticos,Medicamentos,tableta,50,20mcg,levotiroxina + liotironina,https://www.farmaciasdesimilares.com/levotiroxina_liotir_100_20mcg_50tab/p,vtex
2462,CEFIXIMA 100MG/5ML SUSPENSION ORAL 1 PIEZA,,149.0,Antibiótico,Medicamentos,suspension,1,100mg 5ml,cefixima,https://www.farmaciasdesimilares.com/cefixima_100mg_5ml_susp_oral_50ml/p,vtex
2441,ARNICA 6C 150 GLOBULOS,,41.0,Analgésicos,Analgesia,globulo,150,,arnica,https://www.farmaciasdesimilares.com/arnica_6c_150_globulos/p,vtex
2438,ARNICA MONTANA / HAMAMELIS VIRGINIANA UNGÜENTO 30 GR 1 PIEZA,,54.0,Analgésicos,Analgesia,unguento,1,30000mg,arnica + hamamelis,https://www.farmaciasdesimilares.com/arnica_hamamelis_unguento_30gr/p,vtex
2424,SIMI FX UCII COLAGENO SIN DESNATURALIZAR  40 MG 30 CAPSULAS,,324.0,Huesos y articulaciones,Analgesia,capsula,30,40mg,,https://www.farmaciasdesimilares.com/simi_fx_ucii_colageno_s_desna_40mg_30cap/p,vtex
2391,EXTRACTO DE HOJA DE GUAYABA / ACEITE DE LINAZA GELATINA BLANDA 60 CAPSULAS,,174.0,Colitis,Funcionamiento gastrointestinal,capsula,60,,extracto + linaza,https://www.farmaciasdesimilares.com/guayaba_linaza_60cap/p,vtex
238,METAMIZOL 1 GR SOLUCION INYECTABLE 3 AMPOLLETAS,,20.0,Analgésicos,Medicamentos,solucion,3,1000mg,metamizol,https://www.farmaciasdesimilares.com/metamizol_1gr_3amp/p,vtex
2372,SILYBUM (CARDO) MARIANO 187.50MG 60 COMPRIMIDOS,,119.0,Medicamentos éticos,Medicamentos,tableta,60,187.5mg,silybum,https://www.farmaciasdesimilares.com/silybum_cardo_mariano_60comp_187_50mg/p,vtex
2369,IRBESARTAN / HIDROCLOROTIAZIDA 150/12.5MG 14 TABLETAS,,159.0,Antihipertensivo,Medicamentos,tableta,14,12.5mg,irbesartan + hidroclorotiazida,https://www.farmaciasdesimilares.com/irbesartan_hidro_150_12_5mg_14tab/p,vtex
236,INDOMETACINA 25MG 30 CAPSULAS,,22.0,Antiinflamatorio,Medicamentos,capsula,30,25mg,indometacina,https://www.farmaciasdesimilares.com/indometacina_25mg_30cap/p,vtex
2303,DROPROPIZINA 300MG JARABE 120 ML 1 PIEZA,,45.0,Aparato respiratorio,Aparato respiratorio,jarabe,1,120ml 300mg,dropropizina,https://www.farmaciasdesimilares.com/dropropizina_300mg_jbe_120ml/p,vtex
2283,SHOT SIMIACT L-THEANINA / GUARANA / VITAMINA B12 SABOR GROSELLA 60 ML 1 PIEZA,,27.0,Multivitamínicos,Suplementos y multivitamínicos,,1,60ml,guarana,https://www.farmaciasdesimilares.com/shot_simiact_60ml_sab_grosella/p,vtex
2278,CONDON MAXIMA SEGURIDAD SIMICONDON 3 PIEZAS,,34.0,Condones,Salud sexual,,3,,maxima,https://www.farmaciasdesimilares.com/condon_max_seg_3pzas_simicondon/p,vtex
2277,FLUTICASONA / SALMETEROL 250/50MCG POLVO PARA INHALACION 1 PIEZA,,499.0,Aparato respiratorio,Medicamentos,polvo,1,50mcg,fluticasona + salmeterol,https://www.farmaciasdesimilares.com/fluticasona_salmet_250_50mcg_60dosis/p,vtex
2273,JERINGA PARA INSULINA 0.5ML CON AGUJA 31GX8MM 10 PIEZAS,,51.01,Material de curación,"Higiene, curación y diagnóstico",,10,0.5ml,,https://www.farmaciasdesimilares.com/jeringa_p_insulina_0_5ml_31x8_10pzas/p,vtex
2271,OLANZAPINA 5 MG 14 TABLETAS,,75.0,Enfermedades mentales,Medicamentos,tableta,14,5mg,olanzapina,https://www.farmaciasdesimilares.com/olanzapina_5mg_14tab/p,vtex
2270,HIDROCORTISONA 0.1G/100G CREMA TOPICA 30 GR 1 PIEZA,,99.0,Dermatológico,Medicamentos,crema,1,100000mg 100mg 30000mg,hidrocortisona,https://www.farmaciasdesimilares.com/hidrocortisona_0_1g_100g_30gr/p,vtex
2260,METRONIDAZOL / CENTELLA ASIATICA / NITROFURAL 12 OVULOS,,153.0,Antiparasitario,Medicamentos,ovulo,12,,metronidazol + centella + nitrofural,https://www.farmaciasdesimilares.com/metronidazol_cente_nitr_12_ovu/p,vtex
2227,BETAHISTINA 24 MG 30 TABLETAS,,279.0,Medicamentos éticos,Medicamentos,tableta,30,24mg,betahistina,https://www.farmaciasdesimilares.com/betahistina_24mg_30tab/p,vtex
2215,SIMIKRILL 60 CAPSULAS,,351.0,Circulatorio,Suplementos y multivitamínicos,capsula,60,,simikrill,https://www.farmaciasdesimilares.com/simikrill_60cap/p,vtex
2214,SIMIKRILL 30 CAPSULAS,,189.0,Circulatorio,Suplementos y multivitamínicos,capsula,30,,simikrill,https://www.farmaciasdesimilares.com/simikrill_30cap/p,vtex
2188,CANDESARTAN 16 MG 14 TABLETAS,,339.0,Antihipertensivo,Medicamentos,tableta,14,16mg,candesartan,https://www.farmaciasdesimilares.com/candesartan_16mg_14tab/p,vtex
2161,VITAMINAS PARA ABUELITOS DEL DR SIMI 100 CAPSULAS,,149.0,Multivitamínicos,Suplementos y multivitamínicos,capsula,100,,,https://www.farmaciasdesimilares.com/vitaminas_p_abu_100cap_gel_dr_simi/p,vtex
2158,OLMESARTAN 20 MG 14 TABLETAS,,132.0,Antihipertensivo,Medicamentos,tableta,14,20mg,olmesartan,https://www.farmaciasdesimilares.com/olmesartan_20mg_14tab/p,vtex
2150,GEL TOPICO MENTOL / ARNICA / CALENDULA / SABILA 100 GR 1 PIEZA,,89.0,Analgésicos,Analgesia,gel,1,100000mg,mentol + arnica + calendula + sabila,https://www.farmaciasdesimilares.com/gel_ment_arni_calen_sabil_100gr/p,vtex
2149,VENDA DE ALTA COMPRESION 10CM X 5MTS 1 PIEZA,,49.0,Material de curación,"Higiene, curación y diagnóstico",,1,,,https://www.farmaciasdesimilares.com/venda_alta_compresion_10cmx5mts_dr_simi/p,vtex
2115,PREGABALINA 150 MG PFIZER 28 CAPSULAS,,179.0,Medicamentos éticos,Medicamentos,capsula,28,150mg,pregabalina,https://www.farmaciasdesimilares.com/pregabalina_150mg_28cap_pfizer/p,vtex
2075,PREGABALINA 75 MG PFIZER 14 CAPSULAS,,159.0,Medicamentos éticos,Medicamentos,capsula,14,75mg,pregabalina,https://www.farmaciasdesimilares.com/pregabalina_75mg_14cap_pfizer/p,vtex
2072,FLUTICASONA / SALMETEROL 50/25MCG AEROSOL PARA INHALACION 120 DOSIS 1 PIEZA,,291.0,Aparato respiratorio,Medicamentos,spray,1,25mcg,fluticasona + salmeterol,https://www.farmaciasdesimilares.com/fluticasona_salmet_50_25mcg120dosis/p,vtex
2060,TOLTERODINA 2 MG 14 TABLETAS,,124.0,Medicamentos éticos,Medicamentos,tableta,14,2mg,tolterodina,https://www.farmaciasdesimilares.com/tolterodina_2mg_14tab/p,vtex
2037,CLORANFENICOL 5 MG UNGÜENTO OFTALMICO 5 GR 1 PIEZA,,66.0,Oftalmológico,Medicamentos,unguento,1,5000mg 5mg,cloranfenicol,https://www.farmaciasdesimilares.com/cloranfenicol_unguento_oft_5gr/p,vtex
2034,SHOT WELLMUNE 60 ML SABOR MANDARINA 1 PIEZA,,32.0,Sistema inmune,Aparato respiratorio,,1,60ml,,https://www.farmaciasdesimilares.com/shot_wellmune_60ml_mandarina/p,vtex
2032,VALSARTAN 160 MG 14 COMPRIMIDOS,,184.0,Antihipertensivo,Medicamentos,tableta,14,160mg,valsartan,https://www.farmaciasdesimilares.com/valsartan_160mg_14comp/p,vtex
2023,MINOCICLINA 100 MG 10 CAPSULAS,,234.0,Antibiótico,Medicamentos,capsula,10,100mg,minociclina,https://www.farmaciasdesimilares.com/minociclina_100mg_10cap/p,vtex
1950,VALSARTAN 80 MG 30 COMPRIMIDOS,,124.0,Antihipertensivo,Medicamentos,tableta,30,80mg,valsartan,https://www.farmaciasdesimilares.com/valsartan_80mg_30comp/p,vtex
1932,TELMISARTAN 40 MG BOEHRINGER 14 TABLETAS,,139.0,Antihipertensivo,Medicamentos,tableta,14,40mg,telmisartan,https://www.farmaciasdesimilares.com/telmisartan_40mg_14tab_boehrin/p,vtex
1918,CLINDAMICINA / KETOCONAZOL 2/8 GR CREMA 30 GR 1 PIEZA,,99.0,Antimicótico,Medicamentos,crema,1,30000mg 8000mg,clindamicina + ketoconazol,https://www.farmaciasdesimilares.com/clindamicina_ketoco_crema_30gr/p,vtex
1909,OLANZAPINA 10 MG 14 TABLETAS,,149.0,Enfermedades mentales,Medicamentos,tableta,14,10mg,olanzapina,https://www.farmaciasdesimilares.com/olanzapina_10mg_14tab/p,vtex
1907,SILDENAFIL 50MG 10 TABLETAS,,219.0,Disfunción eréctil,Medicamentos,tableta,10,50mg,sildenafil,https://www.farmaciasdesimilares.com/sildenafil_50mg_10tab/p,vtex
1898,CIPROFLOXACINO / DEXAMETASONA 3.5/1 MG SOLUCION OFTALMICA 5 ML 1 PIEZA,,71.0,Oftalmológico,Medicamentos,solucion,1,1mg 5ml,ciprofloxacino + dexametasona,https://www.farmaciasdesimilares.com/ciprofloxacino_dexamet_oft_5ml/p,vtex
1896,NORFENEFRINA 10MG/1ML  SOLUCION 24 ML 1 PIEZA,,107.0,Medicamentos éticos,Medicamentos,solucion,1,10mg 1ml 24ml,norfenefrina,https://www.farmaciasdesimilares.com/norfenefrina_10mg_1ml_sol_24ml/p,vtex
1881,DORZOLAMIDA / TIMOLOL 20MG/5MG/1ML SOLUCION 5ML 1 PIEZA,,185.0,Oftalmológico,Medicamentos,solucion,1,1ml 20mg 5mg 5ml,dorzolamida + timolol,https://www.farmaciasdesimilares.com/dorzolamida_timolol_20mg_5mg_1ml_5ml/p,vtex
1856,L-ORNITINA / L-ASPARTATO 3 GR GRANULADO 10 SOBRES,,279.0,Funcionamiento gastrointestinal,Medicamentos,polvo,10,3000mg,ornitina + aspartato,https://www.farmaciasdesimilares.com/l_ornitina_l_aspartato_10_sob_3gr/p,vtex
1854,PROBIOTICOS 6 LACTOBACILLUS SOBRES POLVO 6 SOBRES,,86.0,Lactobacilos,Funcionamiento gastrointestinal,sobre,6,,probioticos,https://www.farmaciasdesimilares.com/probioticos_6_lactobacilos_6sobres/p,vtex
1850,DESLORATADINA 5 MG 10 TABLETAS,,70.0,Antialérgico,Medicamentos,tableta,10,5mg,desloratadina,https://www.farmaciasdesimilares.com/desloratadina_5mg_10tab/p,vtex
1841,SILDENAFIL 100 MG 4 TABLETAS,,149.0,Disfunción eréctil,Medicamentos,tableta,4,100mg,sildenafil,https://www.farmaciasdesimilares.com/sildenafil_100mg_4tab/p,vtex
1817,HIERRO POLIMALTOSADO / ACIDO FOLICO 100MG/800MCG 30 TABLETAS,,164.0,Antianémico,Medicamentos,tableta,30,100mg 800mcg,hierro,https://www.farmaciasdesimilares.com/hierro_ac_folico_100mg_800mcg_30tab/p,vtex
1811,VENDA ELASTICA 15CM X 5MTS 1 PIEZA,,22.0,Material de curación,"Higiene, curación y diagnóstico",,1,,elastica,https://www.farmaciasdesimilares.com/venda_elastica_15cmx5mts_dr_simi/p,vtex
1802,ATORVASTATINA 10 MG 20 TABLETAS,,66.0,Hipolipemiante,Medicamentos,tableta,20,10mg,atorvastatina,https://www.farmaciasdesimilares.com/atorvastatina_10mg_20tab/p,vtex
1763,LORATADINA / FENILEFRINA  5/30 MG 10 TABLETAS LIBERACION PROLONGADA,,70.0,Antigripal,Medicamentos,tableta,10,30mg,loratadina + fenilefrina,https://www.farmaciasdesimilares.com/loratadina_fenilefrina_10tab_lp/p,vtex
1759,METOPROLOL 95 MG 20 TABLETAS LIBERACION PROLONGADA,,119.0,Antihipertensivo,Medicamentos,tableta,20,95mg,metoprolol,https://www.farmaciasdesimilares.com/metoprolol_95mg_20tab_lp/p,vtex
169,PRAZOSINA 1 MG 30 CAPSULAS,,134.0,Antihipertensivo,Medicamentos,capsula,30,1mg,prazosina,https://www.farmaciasdesimilares.com/prazosina_1mg_30cap/p,vtex
166,PIROXICAM 20 MG 20 CAPSULAS,,23.0,Antiinflamatorio,Medicamentos,capsula,20,20mg,piroxicam,https://www.farmaciasdesimilares.com/piroxicam_20mg_20cap/p,vtex
1648,LEVOFLOXACINO 750 MG 7 TABLETAS,,229.0,Antibiótico,Medicamentos,tableta,7,750mg,levofloxacino,https://www.farmaciasdesimilares.com/levofloxacino_750mg_7tab/p,vtex
1618,BAUMANOMETRO DIGITAL (MANUAL) 1 PIEZA,,759.0,Material de diagnóstico,"Higiene, curación y diagnóstico",,1,,baumanometro,https://www.farmaciasdesimilares.com/baumanometro_digital_manual/p,vtex
1594,ELECTROLITOS ORALES FRESA 500 ML 1 PIEZA,,25.5,Líquido,Rehidratantes,,1,500ml,electrolitos,https://www.farmaciasdesimilares.com/electrolito_oral_fresa_500ml/p,vtex
1553,VENDAS ADHESIVAS PARA NIÑOS CON FIGURAS 30 PIEZAS,,24.01,Material de curación,"Higiene, curación y diagnóstico",,30,,vendas + figuras,https://www.farmaciasdesimilares.com/vendas_adhesivas_p_ninos_30pzas_c_figura/p,vtex
1528,LORATADINA / BETAMETASONA 100/5 MG SOLUCION 60 ML 1 PIEZA,,81.0,Antialérgico,Medicamentos,solucion,1,5mg 60ml,loratadina + betametasona,https://www.farmaciasdesimilares.com/loratadina_betame_sol_60ml/p,vtex
1495,CIPROFLOXACINO / HIDROCORTISONA / LIDOCAINA SUSPENSION OTICA 10 ML 1 PIEZA,,63.0,Antibiótico,Medicamentos,suspension,1,10ml,ciprofloxacino + hidrocortisona + lidocaina,https://www.farmaciasdesimilares.com/ciprofloxa_hidro_lido_otica_10ml/p,vtex
1494,NORETISTERONA / ESTRADIOL  50/5MG/1ML SOLUCION INYECTABLE 1 AMPOLLETA,,63.0,Anticonceptivo,Medicamentos,solucion,1,1ml 5mg,noretisterona + estradiol,https://www.farmaciasdesimilares.com/noretisterona_estra_50_5mg_1ml_1amp/p,vtex
149,NAPROXENO 250 MG 30 TABLETAS,,32.0,Antiinflamatorio,Medicamentos,tableta,30,250mg,naproxeno,https://www.farmaciasdesimilares.com/naproxeno_250mg_30tab/p,vtex
1474,CLOTRIMAZOL 1/100GR 30GR CREMA,,27.0,Antimicótico,Medicamentos,crema,,100000mg 30000mg,clotrimazol,https://www.farmaciasdesimilares.com/clotrimazol_1_100gr_30gr_crema/p,vtex
1458,ALGESTONA / ESTRADIOL SOLUCION INYECTABLE 1 ML 1 AMPOLLETA,,54.0,Anticonceptivo,Medicamentos,solucion,1,1ml,algestona + estradiol,https://www.farmaciasdesimilares.com/algestona_estradiol_1amp_1ml/p,vtex
1447,PICOSULFATO DE SODIO SOLUCION GOTAS 30 ML 1 PIEZA,,51.0,Laxante,Funcionamiento gastrointestinal,solucion,1,30ml,picosulfato,https://www.farmaciasdesimilares.com/picosulfato_sodio_fco_sol_30ml/p,vtex
144,METRONIDAZOL / NISTATINA 12 OVULOS,,59.0,Antimicótico,Medicamentos,ovulo,12,,metronidazol + nistatina,https://www.farmaciasdesimilares.com/metronidazol_nistatina_12_ovu/p,vtex
1417,BIFONAZOL UNGÜENTO 20 GR 1 PIEZA,,49.0,Antimicótico,Medicamentos,unguento,1,20000mg,bifonazol,https://www.farmaciasdesimilares.com/bifonazol_unguento_20gr/p,vtex
1415,CLONIXINATO DE LISINA / BUTILHIOSCINA 125/10MG 20 TABLETAS,,94.0,Analgésicos,Medicamentos,tableta,20,10mg,clonixinato + butilhioscina,https://www.farmaciasdesimilares.com/clonix_lis_buti_125_10mg_20tab/p,vtex
1372,TIAMAZOL 5 MG 20 TABLETAS,,53.0,Medicamentos éticos,Medicamentos,tableta,20,5mg,tiamazol,https://www.farmaciasdesimilares.com/tiamazol_5mg_20tab/p,vtex
1322,SIMI VF Q10 60 CAPSULAS,,159.0,Multivitamínicos,Suplementos y multivitamínicos,capsula,60,,,https://www.farmaciasdesimilares.com/simi_vf_q10_60cap/p,vtex
1321,SIMI VF Q10 150 CAPSULAS,,297.0,Multivitamínicos,Suplementos y multivitamínicos,capsula,150,,,https://www.farmaciasdesimilares.com/simi_vf_q10_150cap/p,vtex
132,MECLIZINA / PIRIDOXINA 25/50 MG 10 TABLETAS,,29.0,Funcionamiento gastrointestinal,Medicamentos,tableta,10,50mg,meclizina + piridoxina,https://www.farmaciasdesimilares.com/meclizina_piridoxina_10tab/p,vtex
1265,SIMICOF HEDERA HELIX / BUGAMBILIA JARABE 120 ML 1 PIEZA,,61.0,Gripa y tos,Aparato respiratorio,jarabe,1,120ml,simicof + bugambilia,https://www.farmaciasdesimilares.com/simicof_hedera_helix_bugamb_jbe_120ml/p,vtex
1249,TOPIRAMATO 100 MG 20 TABLETAS,,219.0,Anticonvulsivo,Medicamentos,tableta,20,100mg,topiramato,https://www.farmaciasdesimilares.com/topiramato_100mg_20tab/p,vtex
121,ITRACONAZOL 100 MG 15 CAPSULAS,,110.0,Antimicótico,Medicamentos,capsula,15,100mg,itraconazol,https://www.farmaciasdesimilares.com/itraconazol_100mg_15cap/p,vtex
1197,TIBOLONA 30 TABLETAS 2.5 MG,,299.0,Huesos y articulaciones,Medicamentos,tableta,30,2.5mg,tibolona,https://www.farmaciasdesimilares.com/tibolona_2_5mg_30tab/p,vtex
1194,LEVODROPROPIZINA SOLUCION 120 ML 1 PIEZA,,66.0,Aparato respiratorio,Medicamentos,solucion,1,120ml,levodropropizina,https://www.farmaciasdesimilares.com/levodropropizina_sol_120ml/p,vtex
1178,SIMIFLEX PLUS GLUCOSAMINA / CONDROITINA / VITAMINA C / MANGANESO 30 CAPSULAS,,125.0,Huesos y articulaciones,Analgesia,capsula,30,,simiflex + condroitina + manganeso,https://www.farmaciasdesimilares.com/simiflex_plus_30cap/p,vtex
117,HIDROXOCOBALAMINA 10000 MCG / TIAMINA 100 MG / PIRIDOXINA 50 MG SOLUCION INYECTABLE 5 AMPOLLETAS,,112.0,Antiinflamatorio,Medicamentos,solucion,5,10000mcg 100mg 50mg,hidroxocobalamina,https://www.farmaciasdesimilares.com/hidroxocobalamina_50000ui_5amp/p,vtex
1162,OXCARBAZEPINA 600 MG 20 TABLETAS,,189.0,Anticonvulsivo,Medicamentos,tableta,20,600mg,oxcarbazepina,https://www.farmaciasdesimilares.com/oxcarbazepina_600mg_20tab/p,vtex
1161,OXCARBAZEPINA 300 MG 20 TABLETAS,,109.0,Anticonvulsivo,Medicamentos,tableta,20,300mg,oxcarbazepina,https://www.farmaciasdesimilares.com/oxcarbazepina_300mg_20tab/p,vtex
1122,GUANTES ESTERIL 7 O 7.5 PARA CIRUGÍA 1 PAR,,14.0,Material de curación,"Higiene, curación y diagnóstico",,,,guantes,https://www.farmaciasdesimilares.com/guantes_esteril_talla_7_o_7_5_p_cirug/p,vtex
1110,ACIDO ACETILSALICILICO 300MG 20 TABLETAS EFERVESCENTES,,18.0,Analgésicos,Analgesia,tableta,20,300mg,,https://www.farmaciasdesimilares.com/ac_acetilsalicilico_300mg_20tab_efer/p,vtex
1100,ACEITE SIMI BEBE FRASCO 120ML SIMIBABY,,27.0,Cuidado del bebé,Bebés,,,120ml,,https://www.farmaciasdesimilares.com/simibaby_aceite_simi_bebe_fco_120ml_simibaby/p,vtex
1095,NAFAZOLINA SOLUCION OFTALMICA 15 ML 1 PIEZA,,35.0,Oftalmológico,Medicamentos,solucion,1,15ml,nafazolina,https://www.farmaciasdesimilares.com/nafazolina_sol_oft_15ml/p,vtex
1090,TELA ADHESIVA SEDOSA 1.25CM X 5MTS 1 PIEZA,,22.0,Material de curación,"Higiene, curación y diagnóstico",,1,,,https://www.farmaciasdesimilares.com/tela_adhesiva_sedosa_1_25cmx5mts/p,vtex
108,FUMARATO FERROSO 200 MG 50 COMPRIMIDOS,,18.0,Antianémico,Medicamentos,tableta,50,200mg,fumarato,https://www.farmaciasdesimilares.com/fumarato_ferroso_200mg_50comp/p,vtex
1069,DIMETICONA SUSPENSION GOTAS 30 ML  1 PIEZA,,40.0,Funcionamiento gastrointestinal,Medicamentos,suspension,1,30ml,dimeticona,https://www.farmaciasdesimilares.com/dimeticona_susp_gts_30ml/p,vtex
102,FLUCONAZOL 100 MG 10 CAPSULAS,,179.0,Antimicótico,Medicamentos,capsula,10,100mg,fluconazol,https://www.farmaciasdesimilares.com/fluconazol_100mg_10tab_o_cap/p,vtex
879,SIMI COLAGENO TOPICO 60 CAPSULAS,,112.01,Belleza,Suplementos y multivitamínicos,capsula,60,,,https://www.farmaciasdesimilares.com/simi_colageno_topico_60cap/p,vtex
801,GEL SIMICURE 60 GR 1 PIEZA,,121.0,Dermatológico,Cuidado de la piel y belleza,gel,1,60000mg,simicure,https://www.farmaciasdesimilares.com/gel_60gr_simicure/p,vtex
1587,TOALLITAS DESMAQUILLANTES ALOE-VERA 30 PIEZAS,,39.0,Higiene,"Higiene, curación y diagnóstico",,30,,desmaquillantes,https://www.farmaciasdesimilares.com/toallitas_desmaq_aloevera_30pzas/p,vtex
101,NAFAZOLINA / FENIRAMINA SOLUCION OFTALMICA 15 ML 1 PIEZA,,27.0,Oftalmológico,Medicamentos,solucion,1,15ml,nafazolina + feniramina,https://www.farmaciasdesimilares.com/nafazolina_fenira_sol_oft_15ml/p,vtex
830,SIMIPOWER PLUS VITAMINAS / MINERALES / ARGININA 60 CAPSULAS,,158.0,Salud sexual,Salud sexual,capsula,60,,simipower + minerales + arginina,https://www.farmaciasdesimilares.com/simipower_plus_60cap_vit_mine_arg/p,vtex
712,SIMILYPTUS / PROPOLEO / GORDOLOBO / EUCALIPTO JARABE 240 ML 1 PIEZA,,99.01,Gripa y tos,Aparato respiratorio,jarabe,1,240ml,similyptus + propoleo + gordolobo + eucalipto,https://www.farmaciasdesimilares.com/similyptus_jbe_240ml_prop_gord_eucal/p,vtex
591,METOTREXATO SODICO 2.5 MG 50 TABLETAS,,380.0,Oncológico,Medicamentos,tableta,50,2.5mg,metotrexato,https://www.farmaciasdesimilares.com/metotrexato_sodico_2_5mg_50tab/p,vtex
534,ACIDO GLUTAMICO / GINKOBILOBA 60 COMPRIMIDOS,,104.0,Memoria y rendimiento,Suplementos y multivitamínicos,tableta,60,,ginkobiloba,https://www.farmaciasdesimilares.com/ac_glutamico_ginkob_60comp/p,vtex
469,PALMITATO RETINOL 50 MG 40 CAPSULAS,,47.0,Medicamentos éticos,Medicamentos,capsula,40,50mg,palmitato,https://www.farmaciasdesimilares.com/palmitato_retinol_50mg_40cap/p,vtex
3437,CREMA FACIAL CON ACIDO HIALURONICO PARA TODO TIPO DE PIEL ETERNAL SECRET 50 GR 1 PIEZA,,269.0,Belleza,Cuidado de la piel y belleza,crema,1,50000mg,,https://www.farmaciasdesimilares.com/eternal_secret_crema_fac_ac_hialu_eternal_secret_50gr/p,vtex
3344,MASCARILLA FACIAL ALOE VERA ETERNAL SECRET 1 PIEZA,,29.0,Belleza,Cuidado de la piel y belleza,,1,,mascarilla,https://www.farmaciasdesimilares.com/eternal_secret_masc_facial_aloe_v_eternal_secret_1pza/p,vtex
3327,BALSAMO HIDRATANTE FPS 15 CON ACEITES NATURALES Y MANTECA DE KARITE ETERNAL SECRET 1 PIEZA,,41.0,Belleza,Cuidado de la piel y belleza,,1,,,https://www.farmaciasdesimilares.com/eternal_secret_balsamo_hidrat_fps15_eternal_secret/p,vtex
3321,SIMI B12 CIANOCOBALAMINA (VITAMINA B12) 30 TABLETAS MASTICABLES,,63.0,Multivitamínicos,Suplementos y multivitamínicos,tableta,30,,,https://www.farmaciasdesimilares.com/simi_b12_cianoco_1mg_30tab_mast/p,vtex
3112,SHAMPOO HIGIENE INTIMA 220ML SWEET SECRET,,59.0,Higiene,"Higiene, curación y diagnóstico",,,220ml,higiene,https://www.farmaciasdesimilares.com/eternal_secret_shampoo_higien_int_220ml_sweet_secret/p,vtex
3110,ACIDO ACETILSALICILICO 500MG 12 TABLETAS EFERVESCENTES ASPIRINA,,48.5,Analgésicos,Analgesia,tableta,12,500mg,,https://www.farmaciasdesimilares.com/ac_acetilsalici_500mg_12tab_efer_aspirin/p,vtex
2878,SOLUCION OFTALMICA PARA LENTES DE CONTACTO 120 ML 1 PIEZA,,97.01,Higiene,"Higiene, curación y diagnóstico",solucion,1,120ml,oftalmica,https://www.farmaciasdesimilares.com/solucion_oft_lente_cont_120ml/p,vtex
2867,GEL LIMPIADOR FACIAL CON CARBON ACTIVADO ETERNAL SECRET 120ML 1 PIEZA,,94.0,Belleza,Cuidado de la piel y belleza,gel,1,120ml,carbon,https://www.farmaciasdesimilares.com/eternal_secret_gel_facial_carb_120ml_eternal_sec/p,vtex
2798,CASTAÑO INDIAS / RUSCUS 250MG/70MG ACULEATUS 30 CAPSULAS,,139.0,Circulatorio,Suplementos y multivitamínicos,capsula,30,250mg 70mg,castano + ruscus,https://www.farmaciasdesimilares.com/castano_indias_ruscus_250mg_70mg_30cap/p,vtex
2730,AGUA MICELAR SOLUCION ETERNAL SECRET 200ML 1 PIEZA,,91.0,Belleza,Cuidado de la piel y belleza,solucion,1,200ml,,https://www.farmaciasdesimilares.com/eternal_secret_agua_micelar_200ml_eternal_sec/p,vtex
2700,MATRICARIA 0.25MG/1ML RECUTITA SOLUCION OFTALMICA 1 PIEZA,,54.0,Oftalmológico,Medicamentos,solucion,1,0.25mg 1ml,matricaria,https://www.farmaciasdesimilares.com/matricaria_rec_0_25mg_1ml_sol_oft_15ml/p,vtex
2681,GEL CONTORNO DE OJOS 8.5GR ETERNAL SECRET  1 PIEZA,,93.0,Belleza,Cuidado de la piel y belleza,gel,1,8500mg,contorno,https://www.farmaciasdesimilares.com/eternal_secret_gel_contorno_ojos_8_5gr_eternal_secret/p,vtex
2592,OSELTAMIVIR 75 MG 10 CAPSULAS,,299.0,Antiviral,Medicamentos,capsula,10,75mg,oseltamivir,https://www.farmaciasdesimilares.com/oseltamivir_75mg_10cap/p,vtex
2272,LEVOCARNITINA 1GR/5ML SOLUCION INYECTABLE 5 AMPOLLETAS,,137.0,Medicamentos éticos,Medicamentos,solucion,5,1000mg 5ml,levocarnitina,https://www.farmaciasdesimilares.com/levocarnitina_1gr_5ml_5amp/p,vtex
1812,EUCALIPTO / PINO / TOMILLO / LAVANDA SPRAY 120 ML 1 PIEZA,,121.0,Aparato respiratorio,Aparato respiratorio,spray,1,120ml,eucalipto + tomillo + lavanda,https://www.farmaciasdesimilares.com/eucalipto_pino_tom_lavda_spray_120ml/p,vtex
1364,BALSAMO HIDRATANTE MIEL BLUE MOON 4 GR 1 PIEZA,,28.0,Belleza,Cuidado de la piel y belleza,,1,4000mg,,https://www.farmaciasdesimilares.com/balsamo_hidrat_miel_4gr_blue_moon/p,vtex
130,MEBENDAZOL 100 MG 6 TABLETAS,,17.0,Antiparasitario,Funcionamiento gastrointestinal,tableta,6,100mg,mebendazol,https://www.farmaciasdesimilares.com/mebendazol_100mg_6tab/p,vtex
1077,ARNICA CREMA 30 GR 1 PIEZA,,16.0,Analgésicos,Analgesia,crema,1,30000mg,arnica,https://www.farmaciasdesimilares.com/crema_de_arnica_30gr/p,vtex
1,ACIDO NALIDIXICO / FENAZOPIRIDINA 500/50 MG 20 TABLETAS,,64.0,Antibiótico,Medicamentos,tableta,20,50mg,fenazopiridina,https://www.farmaciasdesimilares.com/ac_nalidixico_fenazopiri_20tab/p,vtex
4500,DESONIDA 0.05% CREMA 30 GR,,249.0,Antiinflamatorios,Analgesia,crema,,30000mg,desonida,https://www.farmaciasdesimilares.com/desonida_0-05_crema_30gr/p,vtex
4554,DIOSMECTITA 3 GR 10 SOBRES POLVO FRESA IPRIKENE,,299.0,Antidiarreico,Funcionamiento gastrointestinal,sobre,10,3000mg,diosmectita,https://www.farmaciasdesimilares.com/diosmectita_3g_10sob_pvo_fresa_iprikene/p,vtex
4496,GEL PIES/PIERNAS CANSADAS 60 GR GREEN MAR,,170.0,Dermatológico,Cuidado de la piel y belleza,gel,,60000mg,piernas,https://www.farmaciasdesimilares.com/gel_pies-piernas_cansadas_60gr_green_mar/p,vtex
4463,BARRA TOPICA RESPIRATORIA 15GR SIMIBABY,,83.0,Aparato respiratorio,Aparato respiratorio,barra,,15000mg,,https://www.farmaciasdesimilares.com/simibaby_barra_topica_respiratoria_15gr/p,vtex
4462,BARRA TOPICA REPELENTE 15GR SIMIBABY,,83.0,Repelentes,Cuidado de la piel y belleza,barra,,15000mg,,https://www.farmaciasdesimilares.com/simibaby_barra_topica_repelente_15gr/p,vtex
4432,AGUA TERMAL FACIAL SPRAY 200ML ETERNAL SECRET,,319.0,Belleza,Cuidado de la piel y belleza,spray,,200ml,,https://www.farmaciasdesimilares.com/eternal_secret_agua_termal_facial_spray_200ml/p,vtex
4400,CEPILLO INTERDENTAL SUAVE 20 PIEZAS,,44.0,Higiene,"Higiene, curación y diagnóstico",,20,,cepillo,https://www.farmaciasdesimilares.com/cepillo_interdental_suave_20pzas/p,vtex
4352,PIDOTIMOD 400MG/7ML 10 FRASCOS SOLUCION INFANTIL,,389.0,Aparato respiratorio,Medicamentos,solucion,10,400mg 7ml,pidotimod,https://www.farmaciasdesimilares.com/pidotimod_400mg-7ml_10frasc_sol_inf/p,vtex
4310,GOMITAS RESVERATROL 60 PIEZAS ETERNAL SECRET,,189.0,Multivitamínicos,Suplementos y multivitamínicos,,60,,gomitas,https://www.farmaciasdesimilares.com/gomitas_resveratrol_60pzas_multigomi/p,vtex
4306,CREMA CICATRIZANTE PIRFENIDONA 3.5GR KITOCREAM,,99.0,Dermatológico,Cuidado de la piel y belleza,crema,,3500mg,cicatrizante,https://www.farmaciasdesimilares.com/crema_cicatri_pirferi_3-5gr_kitocream/p,vtex
4271,APIXABAN 5.0MG 20 TABLETAS ELICUIS,,609.0,Medicamentos éticos,Medicamentos,tableta,20,5mg,apixaban,https://www.farmaciasdesimilares.com/apixaban_5-0mg_20tab_elicuis/p,vtex
4245,FORMULA LACTEA 0-6MESES 230GR NAN 1,,109.0,Fórmulas infantiles,Bebés,,,230000mg,lactea,https://www.farmaciasdesimilares.com/formula_lactea_0-6meses_230gr_nan_1/p,vtex
4268,PASTA DENTAL SENSIBILIDAD 45GR SENSODYNE,,42.0,Higiene,"Higiene, curación y diagnóstico",unguento,,45000mg,pasta,https://www.farmaciasdesimilares.com/pasta_dental_sensib_45gr_sensodyne/p,vtex
4241,ALFA CETOANALOGOS AMINOACIDOS 630 MG 100 TABLETAS,,859.0,Medicamentos éticos,Medicamentos,tableta,100,630mg,,https://www.farmaciasdesimilares.com/alfa_cetoanalogos_aminoac_630mg_100tab/p,vtex
4237,CASEINATO CALCIO 8.8GR POLVO 100GR CASEC,,239.01,Dieta polimérica,Suplementos y multivitamínicos,polvo,,100000mg 8800mg,caseinato,https://www.farmaciasdesimilares.com/caseinato_calcio_8-8gr_pvo_100gr_casec/p,vtex
4215,GOMITAS CURCUMA/JENGIBRE 60 PIEZAS MULTIGOMI,,189.0,Funcionamiento gastrointestinal,Funcionamiento gastrointestinal,,60,,gomitas + jengibre,https://www.farmaciasdesimilares.com/gomitas_curcuma_jengi_60_pzas_multigomi/p,vtex
4212,GOMITAS BETABEL/CQ10/VITAMINA B12 60PIEZAS,,189.0,Circulatorio,Suplementos y multivitamínicos,,60,,gomitas,https://www.farmaciasdesimilares.com/gomitas_betabel_cq10_vit_b12_60pzas/p,vtex
4194,PRUEBA DE EMBARAZO DIGITAL SIMIBABY,,139.0,Material de diagnóstico,"Higiene, curación y diagnóstico",,,,prueba,https://www.farmaciasdesimilares.com/prueba_de_embarazo_digital_simibaby/p,vtex
4192,JERINGA PARA INSULINA 1ML 31X6 10 PIEZAS ULTRA FINE,,52.0,Material de curación,"Higiene, curación y diagnóstico",,10,1ml,,https://www.farmaciasdesimilares.com/jeringa_p_insu_1ml_31x6_10pzas_ultra_f/p,vtex
4187,GOMITAS OMEGA ADULTO 60 PIEZAS MULTIGOMI,,161.0,Circulatorio,Suplementos y multivitamínicos,,60,,gomitas,https://www.farmaciasdesimilares.com/gomitas_omega_adulto_60pzas_multigomi/p,vtex
4186,CLORHEXIDINA GEL BIOADHESIVO 50ML PERIOXIDIN,,236.0,Higiene,"Higiene, curación y diagnóstico",gel,,50ml,clorhexidina,https://www.farmaciasdesimilares.com/clorhexidina_gel_bio_50ml_perioxidin/p,vtex
4184,GOMITAS COMPLEJO B 60 PIEZAS MULTIGOMI,,189.0,Multivitamínicos,Suplementos y multivitamínicos,,60,,gomitas,https://www.farmaciasdesimilares.com/gomitas_complejo_b_60_pzas_multigomi/p,vtex
4181,ACIDO TIOCTICO 600MG 30 TABLETAS THIOCTACID,,1049.0,Diabetes,Diabetes,tableta,30,600mg,,https://www.farmaciasdesimilares.com/acido_tioctico_600mg_30tab_thioctacid/p,vtex
4153,OLMESARTAN/AMLODIPINO/HIDROCLOROTIAZIDA 28 TABLETAS,,699.0,Antihipertensivo,Medicamentos,tableta,28,,olmesartan + amlodipino + hidroclorotiazida,https://www.farmaciasdesimilares.com/olmesartan_amlodipino_hidrocloro_28tab/p,vtex
4160,NEOMICINA/POLIMIXINA/FLUOCINOLONA/ LIDOCAINA OTICA 5ML SYNALAR,,139.0,Antibiótico,Medicamentos,,,5ml,neomicina + polimixina + fluocinolona + lidocaina,https://www.farmaciasdesimilares.com/neomici_poli_flu_lido-otica_5ml_synalar/p,vtex
4126,GOMITAS OMEGA  KIDS 60PIEZAS MULTIGOMI,,165.0,Multivitamínicos,Suplementos y multivitamínicos,,60,,gomitas,https://www.farmaciasdesimilares.com/gomitas_omega__kids_60pzas_multigomi/p,vtex
4122,GABAPENTINA/VITAMINAB1/VITAMINAB12 30CAPSULAS GAVINDO N,,969.0,Medicamentos éticos,Medicamentos,,30,,gabapentina + vitaminab,https://www.farmaciasdesimilares.com/gabapentina_vitb1_vitb12_30cap_gavindo_n/p,vtex
4103,METFORMINA /LINAGLIPTINA 850MG/2.5MG 60TABLETAS,,1099.0,Diabetes,Medicamentos,,60,2.5mg 850mg,metformina + linagliptina,https://www.farmaciasdesimilares.com/metformina_linaglip_850mg_2_5mg_60tab/p,vtex
4084,VITAMINAS/ HIERRO 30 TABLETAS,,449.0,Antianémico,Medicamentos,tableta,30,,hierro,https://www.farmaciasdesimilares.com/vitaminas_hierro_30tab/p,vtex
4070,FORMULA LACTEA 0-12 MESES 350GR SIMILAC,,379.0,Fórmulas infantiles,Bebés,,,350000mg,lactea,https://www.farmaciasdesimilares.com/formula_lactea_0_12_meses_350gr_similac_/p,vtex
4016,GOMITAS MULTIVITAMINICO HOMBRE 60 PIEZAS MULTIGOMI,,189.0,Multivitamínicos,Suplementos y multivitamínicos,,60,,gomitas,https://www.farmaciasdesimilares.com/gomitas_multi_hombre_60_pzas_multigomi/p,vtex
4067,COLAGENO/VITAMINA C GEL ORAL 50GR SIMI SPACE,,29.0,Belleza,Suplementos y multivitamínicos,gel,,50000mg,colageno,https://www.farmaciasdesimilares.com/simi_space_colageno_vitc_gel_oral_50gr/p,vtex
4051,DIOSMECTITA 3G 10 SOBRES IPRIKENE,,299.0,Antidiarreico,Funcionamiento gastrointestinal,sobre,10,3000mg,diosmectita,https://www.farmaciasdesimilares.com/diosmectita_3g_10sobres_iprikene/p,vtex
4032,FINASTERIDA 1MG 30 TABLETAS,,289.0,Medicamentos éticos,Medicamentos,tableta,30,1mg,finasterida,https://www.farmaciasdesimilares.com/finasterida_1mg_30tab/p,vtex
4017,PARACETAMOL/CAFEINA/FENILEFRINA 10 TABLETAS SEDALMERCK,,52.0,Analgésicos,Analgesia,tableta,10,,paracetamol + cafeina + fenilefrina,https://www.farmaciasdesimilares.com/paracetamol_cafe_fenile_10tab_sedalmerck/p,vtex
3988,DIACEREINA/ MELOXICAM 50 MG/15 MG 20 CAPSULAS,,699.0,Antiinflamatorio,Medicamentos,capsula,20,15mg 50mg,diacereina + meloxicam,https://www.farmaciasdesimilares.com/diacereina_meloxicam_50mg_15mg_20cap/p,vtex
3987,TELMISARTAN/AMLODIPINO 80MG/5MG 28 CAPSULAS,,499.0,Antihipertensivo,Medicamentos,capsula,28,5mg 80mg,telmisartan + amlodipino,https://www.farmaciasdesimilares.com/telmisartan_amlodipino_80mg_5mg_28_cap/p,vtex
3971,GELASIMI FORTE POLVO 15 SOBRES ETERNAL SECRET,,179.0,Belleza,Cuidado de la piel y belleza,polvo,15,,gelasimi,https://www.farmaciasdesimilares.com/eternal_secret_gelasimi_forte_pvo_15sob_eternal_secret/p,vtex
3970,CREMA MATIFICANTE 50ML ETERNAL SECRET,,209.0,Belleza,Cuidado de la piel y belleza,crema,,50ml,matificante,https://www.farmaciasdesimilares.com/crema_matificante_50ml_eternal_secret/p,vtex
3968,SULFATO FERROSO 75MG/ML SOLUCION PEDIATRICA 50ML FERINSOL,,249.0,Multivitamínicos,Suplementos y multivitamínicos,solucion,,50ml 75mg,sulfato,https://www.farmaciasdesimilares.com/sul_ferroso_75mg_ml_solped_50ml_ferinsol/p,vtex
3966,ADEROGYL C MULTIVITAMINICO INFANTIL 10ML. AYUDA A LA PREVENCION Y TRATAMIENTO DE LA GRIPE,,59.0,Sistema inmune,Aparato respiratorio,,,10ml,aderogyl,https://www.farmaciasdesimilares.com/vitamin_a_d_c_sol_inf_gts_10ml_aderogylc/p,vtex
3950,TRIBENOSIDO / LIDOCAINA 5GR/2GR 30GR CREMA,,119.0,Antiinflamatorios,Analgesia,crema,,2000mg 30000mg 5000mg,tribenosido + lidocaina,https://www.farmaciasdesimilares.com/tribenosido_lidocaina_5gr_2gr_30gr_crema/p,vtex
3949,DROPROPIZINA/BROMHEXINA 150 MG/80 MG 200ML JARABE INFANTIL,,129.0,Aparato respiratorio,Medicamentos,jarabe,,150mg 200ml 80mg,dropropizina + bromhexina,https://www.farmaciasdesimilares.com/dropro_brome_150mg_80mg_200ml_jbe_inf/p,vtex
3946,CONDON ALFA TEXTURIZADO SABOR AROMA 3 PIEZAS,,42.0,Condones,Salud sexual,,3,,,https://www.farmaciasdesimilares.com/condon_alfa_texturiza_sabor_aroma_3pzas/p,vtex
3874,MESALAZINA 1200MG 16 COMPRIMIDOS LIBERACION PROLONGADA,,399.0,Funcionamiento gastrointestinal,Medicamentos,tableta,16,1200mg,mesalazina,https://www.farmaciasdesimilares.com/mesalazina-1200mg-16comp-lp/p,vtex
3909,METFORMINA / VILDAGLIPTINA 500MG/50MG 30 COMPRIMIDOS,,369.0,Diabetes,Medicamentos,tableta,30,500mg 50mg,metformina + vildagliptina,https://www.farmaciasdesimilares.com/-metformina-vilda-500mg-50mg-30-com/p,vtex
3901,CONTORNO OJOS CON COLOR 15ML ETERNAL,,209.0,Belleza,Cuidado de la piel y belleza,,,15ml,contorno,https://www.farmaciasdesimilares.com/serum_contorno_ojos_c_color_15ml_eternal/p,vtex
3895,DEXLANSOPRAZOL 30MG 7 CAPSULAS LIBERACION RETARDADA,,149.0,Funcionamiento gastrointestinal,Medicamentos,capsula,7,30mg,dexlansoprazol,https://www.farmaciasdesimilares.com/dexlansoprazol_30mg_7cap_lr/p,vtex
3855,TABLETAS LIMPIADORAS EFERVESCENTES COREGA 30 TABLETAS,,84.0,Higiene,"Higiene, curación y diagnóstico",tableta,30,,limpiadoras,https://www.farmaciasdesimilares.com/tabletas_limpiadoras_eferv_30tab_corega/p,vtex
3854,ADHESIVO PROTESIS DENTAL CREMA ULTRACOREGA 20GR 1 PIEZA,,97.0,Higiene,"Higiene, curación y diagnóstico",crema,1,20000mg,,https://www.farmaciasdesimilares.com/adhesivo_protesis_dent_crema_20gr_corega/p,vtex
3851,CREMA ANTI ESTRIAS 200GR SIMIBABY,,109.0,Dermatológico,Cuidado de la piel y belleza,crema,,200000mg,,https://www.farmaciasdesimilares.com/crema_anti_estrias_200gr_simibaby/p,vtex
3842,TIRAS REACTIVAS ON CALL PLUS 50 PIEZAS,,280.0,Tiras reactivas,Diabetes,,50,,tiras,https://www.farmaciasdesimilares.com/tiras_reactivas_on_call_plus_50_pzas/p,vtex
3838,ISOTIPENDILO 0.75/100GR JALEA ANDANTOL 25 GR 1 PIEZA,,174.0,Repelentes,Cuidado de la piel y belleza,jalea,1,100000mg 25000mg,isotipendilo,https://www.farmaciasdesimilares.com/isotipen_0_75_100gr_jalea_25gr_andantol/p,vtex
3788,ATORVASTATINA 80MG 30 TABLETAS,,449.0,Hipolipemiante,Medicamentos,tableta,30,80mg,atorvastatina,https://www.farmaciasdesimilares.com/atorvastatina_80mg_20tab/p,vtex
3782,DESODORANTE ANTITRANSPIRANTE EN CREMAPARA DAMA 45 GR SECRET 1 PIEZA,,98.0,Higiene,"Higiene, curación y diagnóstico",,1,45000mg,cremapara,https://www.farmaciasdesimilares.com/desodorante_anti_crema_dam_45gr_secret/p,vtex
3781,GOMITAS CALCIO 1000MG 40 PIEZAS MULTIGOMI,,174.0,Multivitamínicos,Suplementos y multivitamínicos,,40,1000mg,gomitas,https://www.farmaciasdesimilares.com/gomitas_calcio_1000mg_40_pza_multigomi/p,vtex
3771,DESODORANTE ANTITRANSPIRANTE GEL CABALLERO GILLETTE 82 GR 1 PIEZA,,85.0,Higiene,"Higiene, curación y diagnóstico",gel,1,82000mg,caballero,https://www.farmaciasdesimilares.com/desodorante_anti_gel_cab_82gr_gillette/p,vtex
3770,NEO- MELUBRINA JARABE INFANTIL SABOR FRAMBUESA FRASCO CON 100 ML,,139.0,Analgésicos,Medicamentos,jarabe,100,100ml,,https://www.farmaciasdesimilares.com/metamizol_sodico_5g100ml_jbe/p,vtex
3766,ACETILCISTEINA 200 MG 20 TABLETA EFERVESCENTE,,139.0,Aparato respiratorio,Aparato respiratorio,tableta,20,200mg,acetilcisteina,https://www.farmaciasdesimilares.com/acetilcisteina_200mg_20tab_eferv/p,vtex
3756,TRIMEBUTINA / SIMETICONA  0.60/0.60 GR SUSPENSION 26 ML,,189.0,Funcionamiento gastrointestinal,Medicamentos,suspension,,26ml 600mg,trimebutina + simeticona,https://www.farmaciasdesimilares.com/trimebutin-simet_0-60-0-60gr_susp_26ml/p,vtex
3751,ENJUAGE BUCAL ZERO CREST 250 ML 1 PIEZA,,54.0,Higiene,"Higiene, curación y diagnóstico",,1,250ml,enjuage,https://www.farmaciasdesimilares.com/enjuage_bucal_zero_a_250ml_crest/p,vtex
3543,SUERO CON CAFEINA 5% ETERNAL SECRET 30ML 1 PIEZA,,209.0,Belleza,Cuidado de la piel y belleza,,1,30ml,suero + cafeina,https://www.farmaciasdesimilares.com/eternal_secret_suero_de_cafeina_contorno_de_ojos/p,vtex
3520,SUERO FACIAL CON VITAMINA E ETERNAL SECRET 30ML 1 PIEZA,,239.01,Belleza,Cuidado de la piel y belleza,,1,30ml,suero,https://www.farmaciasdesimilares.com/eternal_secret_suero_facial_con_vitamina_e/p,vtex
3724,TRITICUM VULGARE / FENOXIETANOL 15G/1G/100GR CREMA 15 GR 1 PIEZA,,199.0,Dermatológico,Cuidado de la piel y belleza,crema,1,100000mg 1000mg 15000mg,triticum + fenoxietanol,https://www.farmaciasdesimilares.com/triticufenoxi_15g1g100gr_30gr_crema/p,vtex
3694,REPELENTE INSEC(DEET 15%) 170GR AEROSOL 1 PIEZA,,103.0,Repelentes,Cuidado de la piel y belleza,spray,1,170000mg,,https://www.farmaciasdesimilares.com/repelente_insec_deet15_170gr_aerosol/p,vtex
955,TALCO DESODORANTE 200 GR 1 PIEZA,,49.0,Higiene,"Higiene, curación y diagnóstico",polvo,1,200000mg,,https://www.farmaciasdesimilares.com/talco_desodorante_200gr/p,vtex
718,BETAMETASONA DE DIPROPIONATO / BETAMETASONA DE FOSFATO SODICO SUSPENSION INYECTABLE 1 AMPOLLETA,,56.0,Antiinflamatorio,Medicamentos,suspension,1,,betametasona + betametasona,https://www.farmaciasdesimilares.com/betametasona_dipbeta_fos_1amp/p,vtex
388,BECLOMETASONA 50 MCG AEROSOL PARA INHALACION 200 DOSIS 1 PIEZA,,99.0,Aparato respiratorio,Aparato respiratorio,spray,1,50mcg,beclometasona,https://www.farmaciasdesimilares.com/beclometasona_50mcg_200dosis/p,vtex
3564,ARNICA 6C 30 TABLETAS,,55.0,Analgésicos,Analgesia,tableta,30,,arnica,https://www.farmaciasdesimilares.com/arnica_6c_30tab/p,vtex
3498,PARCHE DE HIDRO GEL PARA DISMINUCION DE TEMPERATURA 2 PIEZAS,,84.0,Material de curación,"Higiene, curación y diagnóstico",parche,2,,,https://www.farmaciasdesimilares.com/parche_hidro_gel_dism_temp_2pzas/p,vtex
3374,MARIGUANOL BALSAMO 90 MG CBD TARRO 1 PIEZA,,196.0,Analgésicos,Analgesia,,1,90mg,mariguanol,https://www.farmaciasdesimilares.com/mariguanol_bals_cbd_90mg_tarro_90gr/p,vtex
280,METILPREDNISOLONA 40MG/1ML SUSPENSION INYECTABLE 1 PIEZA,,71.0,Antiinflamatorio,Medicamentos,suspension,1,1ml 40mg,metilprednisolona,https://www.farmaciasdesimilares.com/metilprednisolona_40mg1ml_amp/p,vtex
2650,TEOFILINA 100 MG 20 TABLETAS LIBERACION PROLONGADA,,44.0,Aparato respiratorio,Medicamentos,tableta,20,100mg,teofilina,https://www.farmaciasdesimilares.com/teofilina_100mg_20tab_lp/p,vtex
2230,SALBUTAMOL 5MG/1ML SOLUCION PARA NEBULIZACION 1 PIEZA,,82.0,Aparato respiratorio,Medicamentos,solucion,1,1ml 5mg,salbutamol,https://www.farmaciasdesimilares.com/salbutamol_5mg1ml_sol_pneb_10ml/p,vtex
165,PIROXICAM 0.5/100GR GEL 60 GR 1 PIEZA,,44.0,Antiinflamatorios,Analgesia,gel,1,100000mg 60000mg,piroxicam,https://www.farmaciasdesimilares.com/piroxicam_05100gr_gel_60gr/p,vtex
1588,CARAMELOS SIMICOF HEDERA HELIX / EXTRACTO TOMILLO PAQUETE 30 PIEZAS,,51.0,Gripa y tos,Aparato respiratorio,,30,,caramelos + extracto,https://www.farmaciasdesimilares.com/caramelos_simicof_bolsa_c30pzas/p,vtex
1496,ACECLOFENACO CREMA 60 GR 1 PIEZA,,53.0,Antiinflamatorios,Analgesia,crema,1,60000mg,aceclofenaco,https://www.farmaciasdesimilares.com/aceclofenaco_crema_60gr/p,vtex
1479,DEFLAZACORT 30 MG 10 TABLETAS,,159.0,Antiinflamatorio,Medicamentos,tableta,10,30mg,deflazacort,https://www.farmaciasdesimilares.com/deflazacort_30mg_10tab/p,vtex
120,ISOSORBIDA 10 MG 20 TABLETAS,,16.0,Medicamentos éticos,Medicamentos,tableta,20,10mg,isosorbida,https://www.farmaciasdesimilares.com/isosorbida_10mg_20tab/p,vtex
103,FLUNARIZINA 5 MG 40 TABLETAS,,42.0,Medicamentos éticos,Medicamentos,tableta,40,5mg,flunarizina,https://www.farmaciasdesimilares.com/flunarizina_5mg_40tab/p,vtex
3629,ELECTROLITO POLVO 10SOBRES XGEAR MANGO-CHILE,,99.01,Complementos,Deportistas,polvo,10,,electrolito,https://www.farmaciasdesimilares.com/xgear_electrolito_pvo_10sob_xgear_mango_chile_4_8gr/p,vtex
3621,OSELTAMIVIR 6MG/ML SUSPENSION 60 ML 1 PIEZA,,267.0,Antiviral,Medicamentos,suspension,1,60ml 6mg,oseltamivir,https://www.farmaciasdesimilares.com/oseltmivir_6ml_susp_60ml/p,vtex
735,AJO DEODORIZADO DEL DR SIMI 100 CAPSULAS,,69.0,Circulatorio,Suplementos y multivitamínicos,capsula,100,,,https://www.farmaciasdesimilares.com/ajo_deodorizado_dr_simi_100cap/p,vtex
61,CINARIZINA 75 MG 60 TABLETAS,,52.0,Flebotónico,Medicamentos,tableta,60,75mg,cinarizina,https://www.farmaciasdesimilares.com/cinarizina_75mg_60tab/p,vtex
3583,TINTURA CBD 500 MG SABOR NARANJA GOTAS 30 ML 1 PIEZA,,699.0,Relajante,Suplementos y multivitamínicos,gotas,1,30ml 500mg,tintura,https://www.farmaciasdesimilares.com/cbd_tintura_500mg_sabor_nja_30ml_gotas/p,vtex
3582,TINTURA CBD 250 MG SABOR NARANJA GOTAS 1 PIEZA,,499.0,Relajante,Suplementos y multivitamínicos,gotas,1,250mg,tintura,https://www.farmaciasdesimilares.com/cbd_tintura_250mg_sabor_nja_30ml_gotas/p,vtex
3576,LEVODOPA / CARBIDOPA 250/25MG 100 TABLETAS,,389.0,Enfermedades mentales,Medicamentos,tableta,100,25mg,levodopa + carbidopa,https://www.farmaciasdesimilares.com/levodopacarbidopa_25025mg_100tab/p,vtex
3562,COMBO NARHEMO UNGÜENTO 30 GR + NARHEMO TABLETAS 30 TABLETAS,,159.0,Antiinflamatorios,Analgesia,unguento,30,30000mg,combo,https://www.farmaciasdesimilares.com/combo_narhemo_ung_30grnarhemo_30tab/p,vtex
3537,LACTOBACILLUS PEDIATRICO FRASCO SOLUCION 6ML SIMIBABY,,254.01,Lactobacilos,Funcionamiento gastrointestinal,solucion,,6ml,lactobacillus,https://www.farmaciasdesimilares.com/simibaby_lactobacillus_ped_fco_sol_6ml_simibaby/p,vtex
3528,TINTURA CBD 125 MG SABOR NARANJA GOTAS 30 ML 1 PIEZA,,389.01,Relajante,Suplementos y multivitamínicos,gotas,1,125mg 30ml,tintura,https://www.farmaciasdesimilares.com/tintura_cbd_125mg_sabor_nja_30ml_gotas/p,vtex
3325,CREMA CORPORAL NIVEA PARA PIEL EXTRA SECA 220 ML 1 PIEZA,,56.0,Dermatológico,Cuidado de la piel y belleza,crema,1,220ml,nivea,https://www.farmaciasdesimilares.com/crema_corp_nivea_piel_ext_seca_220ml/p,vtex
3090,TOALLA HUMEDA ANTIBACTERIAL PARA MANOS 12 PIEZAS,,18.0,Higiene,"Higiene, curación y diagnóstico",,12,,toalla,https://www.farmaciasdesimilares.com/toalla_humeda_antibac_p_manos/p,vtex
2999,RASTRILLO PARA DAMA VENUS SUAVE 1 PIEZA,,29.0,Higiene,"Higiene, curación y diagnóstico",,1,,rastrillo,https://www.farmaciasdesimilares.com/rastrillo_dama_1pza_venus_suave/p,vtex
2866,"LUTEINA 1,7 MG / ZEAXANTINA 350 MCG 30 CAPSULAS",,90.0,Multivitamínicos,Suplementos y multivitamínicos,capsula,30,350mcg 7mg,luteina,https://www.farmaciasdesimilares.com/luteinazeaxantina_30cap/p,vtex
2358,GEL MODELADOR DE CABELLO REPELENTE DE PIOJOS Y LIENDRES AROMA A CHICLE 240 GR 1 PIEZA,,65.01,Piojos,"Higiene, curación y diagnóstico",gel,1,240000mg,modelador + liendres,https://www.farmaciasdesimilares.com/gel_repelente_de_piojos_240gr/p,vtex
1977,CREMA ACEITE DE ALMENDRAS DULCES E HIDROXIDO DE CALCIO 225 ML 1 PIEZA,,131.0,Dermatológico,Cuidado de la piel y belleza,crema,1,225ml,almendras,https://www.farmaciasdesimilares.com/crema_aceite_de_almendra_225ml/p,vtex
941,POMADA PARA LABIOS BLISTER 1 PIEZA,,21.0,Dermatológico,Cuidado de la piel y belleza,unguento,1,,,https://www.farmaciasdesimilares.com/pomada_p_labios_blister_4pzas/p,vtex
939,BICARBONATO DE SODIO POLVO 100 GR 1 PIEZA,,18.0,Higiene,"Higiene, curación y diagnóstico",polvo,1,100000mg,bicarbonato,https://www.farmaciasdesimilares.com/bicarbonato_de_sodio_100gr/p,vtex
938,VIOLETA DE GENCIANA SOLUCION 40 ML 1 PIEZA,,17.01,Material de curación,"Higiene, curación y diagnóstico",solucion,1,40ml,violeta,https://www.farmaciasdesimilares.com/violeta_de_genciana_sol_40ml/p,vtex
882,PAROXETINA 20 MG 10 TABLETAS,,61.0,Enfermedades mentales,Medicamentos,tableta,10,20mg,paroxetina,https://www.farmaciasdesimilares.com/paroxetina_20mg_10tab/p,vtex
854,SIMIVF KIDS OMEGA 3 / ACIDO GLUTAMICO / JALEA REAL / VITAMINAS JARABE 240 ML 1 PIEZA,,66.01,Multivitamínicos,Suplementos y multivitamínicos,jalea,1,240ml,simivf,https://www.farmaciasdesimilares.com/simibaby_simivf_kids_jbe_240ml/p,vtex
812,ALENDRONATO 70MG 4 TABLETAS,,81.0,Huesos y articulaciones,Medicamentos,tableta,4,70mg,alendronato,https://www.farmaciasdesimilares.com/alendronato_70mg_4tab/p,vtex
793,OXIMETAZOLINA 25MG/100ML SOLUCION INFANTIL NASAL 20 ML 1 PIEZA,,33.0,Antigripal,Aparato respiratorio,solucion,1,100ml 20ml 25mg,oximetazolina,https://www.farmaciasdesimilares.com/oximetazolina_inf_25mg_100ml_sol_20ml/p,vtex
790,GEMFIBROZILO 600 MG 14 TABLETAS,,124.0,Hipolipemiante,Medicamentos,tableta,14,600mg,gemfibrozilo,https://www.farmaciasdesimilares.com/gemfibrozilo_600mg_14tab/p,vtex
760,FENITOINA SODICA 100MG 50 TABLETAS,,46.0,Anticonvulsivo,Medicamentos,tableta,50,100mg,fenitoina,https://www.farmaciasdesimilares.com/fenitoina_sodica_100mg_50tab/p,vtex
753,SIMIFLEX TRIN GLUCOSAMINA / CONDROITINA / ACIDO ASCORBICO 30 COMPRIMIDOS,,124.0,Huesos y articulaciones,Analgesia,tableta,30,,simiflex + condroitina,https://www.farmaciasdesimilares.com/simiflex_trin_30comp_gluc_condr_ac_ascor/p,vtex
73,COLCHICINA 1 MG 30 TABLETAS,,41.0,Medicamentos éticos,Medicamentos,tableta,30,1mg,colchicina,https://www.farmaciasdesimilares.com/colchicina_1mg_30tab/p,vtex
687,AZITROMICINA 200MG SUSPENSION 15 ML 1 PIEZA,,104.0,Antibiótico,Medicamentos,suspension,1,15ml 200mg,azitromicina,https://www.farmaciasdesimilares.com/azitromicina_200mg_susp_15ml/p,vtex
679,GABAPENTINA 400 MG 15 CAPSULAS,,131.0,Medicamentos éticos,Medicamentos,capsula,15,400mg,gabapentina,https://www.farmaciasdesimilares.com/gabapentina_400mg_15cap/p,vtex
62,CIPROFLOXACINO 250 MG 12 TABLETAS,,39.0,Antibiótico,Medicamentos,tableta,12,250mg,ciprofloxacino,https://www.farmaciasdesimilares.com/ciprofloxacino_250mg_12tab/p,vtex
576,ATENOLOL 50 MG 28 TABLETAS,,49.0,Antihipertensivo,Medicamentos,tableta,28,50mg,atenolol,https://www.farmaciasdesimilares.com/atenolol_50mg_28tab/p,vtex
55,CEFALEXINA 250MG/5ML SUSPENSION 100 ML 1 PIEZA,,74.0,Antibiótico,Medicamentos,suspension,1,100ml 250mg 5ml,cefalexina,https://www.farmaciasdesimilares.com/cefalexina_250mg_5ml_100ml_susp/p,vtex
533,LORATADINA / AMBROXOL 100/600 MG SOLUCION 120 ML 1 PIEZA,,36.0,Antigripal,Aparato respiratorio,solucion,1,120ml 600mg,loratadina + ambroxol,https://www.farmaciasdesimilares.com/loratadina_ambrox_sol_120ml/p,vtex
506,CEFACLOR 500 MG 15 CAPSULAS,,274.0,Antibiótico,Medicamentos,capsula,15,500mg,cefaclor,https://www.farmaciasdesimilares.com/cefaclor_500mg_15cap/p,vtex
489,"AMOXICILINA / ACIDO CLAVULANICO 400/57 SUSPENSION 50, 60 ML 1 PIEZA",,64.0,Antibiótico,Medicamentos,suspension,1,60ml,amoxicilina,https://www.farmaciasdesimilares.com/amoxicilina_ac_cla_400_57_susp_50ml/p,vtex
478,NISTATINA 100000UI POLVO PARA SUSPENSION 24 ML 1 PIEZA,,57.0,Antimicótico,Medicamentos,polvo,1,100000ui 24ml,nistatina,https://www.farmaciasdesimilares.com/nistatina_100000ui_polvo_susp/p,vtex
463,AMPICILINA / METAMIZOL / GUAIFENESINA / CLORFENAMINA ADULTO SOLUCIONINYECTABLE 3 AMPOLLETAS,,94.0,Antibiótico,Medicamentos,inyectable,3,,ampicilina + metamizol + guaifenesina + clorfenamina,https://www.farmaciasdesimilares.com/ampicilina_met_gua_clo_ad_3amp_3jer/p,vtex
461,NEOMICINA / LIDOCAINA 0.350/2GR SOLUCION GOTAS 20 ML 1 PIEZA,,31.0,Antibiótico,Medicamentos,solucion,1,2000mg 20ml,neomicina + lidocaina,https://www.farmaciasdesimilares.com/neomicina_lido_0_350_2gr_20ml/p,vtex
453,CIPROFLOXACINO SOLUCION OFTALMICA 5 ML 1 PIEZA,,51.0,Oftalmológico,Medicamentos,solucion,1,5ml,ciprofloxacino,https://www.farmaciasdesimilares.com/ciprofloxacino_sol_oft_5ml/p,vtex
450,LORATADINA 100MG/100ML JARABE 1 PIEZA,,39.0,Antialérgico,Medicamentos,jarabe,1,100mg 100ml,loratadina,https://www.farmaciasdesimilares.com/loratadina_100mg_100ml_jbe_60ml/p,vtex
449,AMBROXOL/ DEXTROMETORFANO 150/113MG JARABE INFANTIL 120ML,,36.0,Gripa y tos,Aparato respiratorio,jarabe,,113mg 120ml,ambroxol + dextrometorfano,https://www.farmaciasdesimilares.com/ambroxol_dext_150_113mg_inf_jbe_120ml/p,vtex
441,METFORMINA / GLIBENCLAMIDA 500/5MG 60 TABLETAS,,58.0,Diabetes,Medicamentos,tableta,60,5mg,metformina + glibenclamida,https://www.farmaciasdesimilares.com/metformina_glib_500_5mg_60tab/p,vtex
437,BROMHEXINA 160MG/100ML ADULTO SOLUCION 1 PIEZA,,31.0,Gripa y tos,Aparato respiratorio,solucion,1,100ml 160mg,bromhexina,https://www.farmaciasdesimilares.com/bromhexina_160mg_100ml_sol_ad/p,vtex
432,DIFENHIDRAMINA 250 MG JARABE 120 ML 1 PIEZA,,20.0,Antialérgico,Medicamentos,jarabe,1,120ml 250mg,difenhidramina,https://www.farmaciasdesimilares.com/difenhidramina_250mg_jbe_120ml/p,vtex
410,MELOXICAM 7.5 MG 14 TABLETAS,,40.0,Antiinflamatorio,Medicamentos,tableta,14,7.5mg,meloxicam,https://www.farmaciasdesimilares.com/meloxicam_7_5mg_14tab/p,vtex
402,METOCLOPRAMIDA 10 MG SOLUCION INYECTABLE 6 AMPOLLETAS,,29.0,Funcionamiento gastrointestinal,Medicamentos,solucion,6,10mg,metoclopramida,https://www.farmaciasdesimilares.com/metoclopramida_10mg_6amp/p,vtex
398,CLINDAMICINA 600MG/4ML SOLUCION INYECTABLE 1 AMPOLLETA,,47.0,Antibiótico,Medicamentos,solucion,1,4ml 600mg,clindamicina,https://www.farmaciasdesimilares.com/clindamicina_600mg_4ml_1amp/p,vtex
372,DICLOFENACO 1MG/ML SOLUCION GOTAS OFTALMICAS 5 ML 1 PIEZA,,41.0,Oftalmológico,Medicamentos,solucion,1,1mg 5ml,diclofenaco,https://www.farmaciasdesimilares.com/diclofenaco_1mg_ml_sol_oft_5ml/p,vtex
34,AMPICILINA 500 MG 20 CAPSULAS,,48.0,Antibiótico,Medicamentos,capsula,20,500mg,ampicilina,https://www.farmaciasdesimilares.com/ampicilina_500mg_20cap_o_tab/p,vtex
3392,DESVENLAFAXINA 50 MG 14 TABLETAS LIBERACION PROLONGADA,,499.0,Enfermedades mentales,Medicamentos,tableta,14,50mg,desvenlafaxina,https://www.farmaciasdesimilares.com/desvenlafaxina_50mg_14tab_lp/p,vtex
3358,RASTRILLO PARA CABALLERO 3HOJAS + 2 CARTUCHOS DE RESPUESTO 1 PIEZA,,74.0,Higiene,"Higiene, curación y diagnóstico",,1,,rastrillo,https://www.farmaciasdesimilares.com/rastrillo_caball_3hojas_2repuestos/p,vtex
3354,ANTICUERPOS AFINOPURIFICADOS / AFINES AL INTERFERON / GAMMA HUMANOADULTO 20 TABLETAS,,319.0,Aparato respiratorio,Medicamentos,tableta,20,,anticuerpos + afines + gamma,https://www.farmaciasdesimilares.com/anticuerpos_afinopur_adult_20tab/p,vtex
3347,AMINOACIDOS EN POLVO XGEAR SABOR FRUTOS ROJOS 400 GR 1 PIEZA,,409.0,Complementos,Deportistas,polvo,1,400000mg,aminoacidos,https://www.farmaciasdesimilares.com/xgear_aminoacidos_pvo_xgear_400gr_fruto_rjo/p,vtex
3342,DESODORANTE EN AEROSOL PARA CABALLERO OLD SPICE 150 ML 1 PIEZA,,69.01,Higiene,"Higiene, curación y diagnóstico",spray,1,150ml,aerosol,https://www.farmaciasdesimilares.com/desodorante_aer_cab_150ml_old_spice/p,vtex
3335,MICRODACYN SOLUCION BUCOFARINGEO 240 ML 1 PIEZA,,335.01,Material de curación,"Higiene, curación y diagnóstico",solucion,1,240ml,microdacyn,https://www.farmaciasdesimilares.com/microdacyn_sol_bucofaringeo_240ml/p,vtex
3328,CEPILLO DENTAL CERDAS ULTRAFINAS 2 PIEZAS,,78.0,Higiene,"Higiene, curación y diagnóstico",,2,,cepillo,https://www.farmaciasdesimilares.com/cepillo_dental_cerdas_ultraf_2pzas/p,vtex
3271,GLUCOSAMINA / CONDROITINA 1500/1200MG 15 SOBRES,,389.0,Huesos y articulaciones,Medicamentos,sobre,15,1200mg,glucosamina + condroitina,https://www.farmaciasdesimilares.com/glucosamina_condr_1500_1200mg_15sob/p,vtex
3250,CUBREBOCA DOCTOR SIMI TRIPLE PLIEGUE 3 PIEZAS,,19.0,Material de curación,"Higiene, curación y diagnóstico",,3,,cubreboca,https://www.farmaciasdesimilares.com/cubreboca_triple_3pzas_dr_simi/p,vtex
3245,TIRAS REACTIVAS ACCU-CHEK ACTIVE 25 PIEZAS,,244.01,Tiras reactivas,Diabetes,,25,,tiras,https://www.farmaciasdesimilares.com/tiras_react_accu_chek_act_25pzas/p,vtex
3212,TIRAS REACTIVAS GMATE 25 PIEZAS,,189.0,Tiras reactivas,Diabetes,,25,,tiras,https://www.farmaciasdesimilares.com/tiras_reactivas_gmate_25_pzas/p,vtex
3208,SPRAY DESODORANTE PARA PIES 160ML,,82.0,Higiene,"Higiene, curación y diagnóstico",spray,,160ml,,https://www.farmaciasdesimilares.com/spray_desodorante_para_pies_160ml/p,vtex
313,SALES DE POTASIO 50TABLETAS EFERVESCENTES,,132.0,Medicamentos éticos,Medicamentos,,50,,sales,https://www.farmaciasdesimilares.com/sales_de_potasio_50tab_eferves/p,vtex
3115,PASTA DENTAL SENSIBILIDAD ORAL-B 75 ML 1 PIEZA,,66.0,Higiene,"Higiene, curación y diagnóstico",unguento,1,75ml,pasta,https://www.farmaciasdesimilares.com/pasta_dental_sensib_75ml_oral_b/p,vtex
3045,GLUCOMETRO GMATE WHEEL 1 PIEZA,,449.0,Glucómetros,Diabetes,,1,,glucometro,https://www.farmaciasdesimilares.com/glucometro_gmate_wheel/p,vtex
3044,LANCETAS NANOLET 50 PIEZAS,,109.01,Lancetas,Diabetes,,50,,lancetas,https://www.farmaciasdesimilares.com/lancetas_nanolet_50_pzas/p,vtex
303,SULINDACO 200 MG 20 TABLETAS,,79.0,Antiinflamatorio,Medicamentos,tableta,20,200mg,sulindaco,https://www.farmaciasdesimilares.com/sulindaco_200mg_20tab/p,vtex
2978,ATORVASTATINA 40 MG PFIZER 30 TABLETAS,,399.0,Hipolipemiante,Medicamentos,tableta,30,40mg,atorvastatina,https://www.farmaciasdesimilares.com/atorvastatina_40mg_30tab_pfizer/p,vtex
2896,SACCHAROMYCES BOULARDI POLVO 6 SOBRES SIMI BABY,,69.0,Lactobacilos,Funcionamiento gastrointestinal,polvo,6,,saccharomyces,https://www.farmaciasdesimilares.com/simibaby_saccharomyces_boulard_pvo_6sob_simi_baby/p,vtex
2876,TRITICUM VULGARE / FENOXIETANOL 15G/1G/100GR CREMA 10 GR 1 PIEZA,,241.0,Dermatológico,Medicamentos,crema,1,100000mg 10000mg 1000mg 15000mg,triticum + fenoxietanol,https://www.farmaciasdesimilares.com/triticum_vulgare_150mg_1g_crema_10gr/p,vtex
2842,CEFTIBUTENO 400 MG 5 CAPSULAS,,339.0,Antibiótico,Medicamentos,capsula,5,400mg,ceftibuteno,https://www.farmaciasdesimilares.com/ceftibuteno_400mg_5cap/p,vtex
2837,VALSARTAN / AMLODIPINO 160/5 MG 14 TABLETAS,,739.0,Antihipertensivo,Medicamentos,tableta,14,5mg,valsartan + amlodipino,https://www.farmaciasdesimilares.com/valsartan_amlodi_160mg_5mg_14tab/p,vtex
2829,METFORMINA / GLIMEPIRIDA  850MG/4MG 16 TABLETAS LIBERACION PROLONGADA,,249.0,Diabetes,Medicamentos,tableta,16,4mg 850mg,metformina + glimepirida,https://www.farmaciasdesimilares.com/metformina_glimep_850mg_4mg_16tab_lp/p,vtex
2827,METOCARBAMOL / INDOMETACINA 215MG/25MG 32 CAPSULAS,,141.0,Analgésicos,Medicamentos,capsula,32,215mg 25mg,metocarbamol + indometacina,https://www.farmaciasdesimilares.com/metocarbamol_indome_215mg_25mg_32cap/p,vtex
2824,TOBRAMICINA 3MG/ML SOLUCION 15 ML GOTAS OFTALMICAS 1 PIEZA,,56.0,Oftalmológico,Medicamentos,solucion,1,15ml 3mg,tobramicina,https://www.farmaciasdesimilares.com/tobramicina_3mg_ml_15ml_sol_oft/p,vtex
2802,GLUCOSAMINA / CONDROITINA / MSM / AJO / ZINC / MAGNESIO / VITAMINAS YMINERALES 20 SOBRES,,169.0,Huesos y articulaciones,Analgesia,sobre,20,,glucosamina + condroitina + magnesio,https://www.farmaciasdesimilares.com/gluc_condr_msm_ajo_zinc_magn_vit_20sob/p,vtex
2793,CEPILLO DENTAL VIAJE PRO-COMPACT 1 PIEZA,,20.0,Higiene,"Higiene, curación y diagnóstico",,1,,cepillo,https://www.farmaciasdesimilares.com/cepillo_dental_viaje_pro_compact_1pza/p,vtex
276,GINKGOBILOBA 40 MG 60 CAPSULAS,,124.0,Flebotónico,Medicamentos,capsula,60,40mg,ginkgobiloba,https://www.farmaciasdesimilares.com/ginkgobiloba_40mg_60cap/p,vtex
270,VITAMINAS A / D / C INFANTIL SOLUCION GOTAS 25 ML 1 PIEZA,,36.0,Sistema inmune,Aparato respiratorio,solucion,1,25ml,,https://www.farmaciasdesimilares.com/simibaby_vitaminas_a_d_c_sol_inf_gts_25ml/p,vtex
2675,NIFUROXAZIDA SUSPENSION 1 PIEZA,,57.0,Antidiarreico,Funcionamiento gastrointestinal,suspension,1,,nifuroxazida,https://www.farmaciasdesimilares.com/nifuroxazida_90ml_susp/p,vtex
2666,PRAVASTATINA 10 MG 30 TABLETAS,,119.0,Hipolipemiante,Medicamentos,tableta,30,10mg,pravastatina,https://www.farmaciasdesimilares.com/pravastatina_10mg_30tab/p,vtex
2662,TELMISARTAN 80 MG 14 TABLETAS BOEHRIN,,239.0,Antihipertensivo,Medicamentos,tableta,14,80mg,telmisartan,https://www.farmaciasdesimilares.com/telmisartan_80mg_14tab_boehrin/p,vtex
266,FLUOCINOLONA / NEOMICINA .01/.35 GR CREMA 40 GR 1 PIEZA,,36.0,Dermatológico,Medicamentos,crema,1,35000mg 40000mg,fluocinolona + neomicina,https://www.farmaciasdesimilares.com/fluocinolona_neomicina_crema/p,vtex
2632,PEINE PARA PIOJOS Y LIENDRES ACERO INOXIDABLE 1 PIEZA,,78.0,Piojos,"Higiene, curación y diagnóstico",,1,,peine + liendres,https://www.farmaciasdesimilares.com/peine_piojos_liendres_ac_inox/p,vtex
2615,ESOMEPRAZOL 40 MG 14 TABLETAS ASTRA,,389.0,Funcionamiento gastrointestinal,Medicamentos,tableta,14,40mg,esomeprazol,https://www.farmaciasdesimilares.com/esomeprazol_40mg_14tab_astra/p,vtex
259,BUTILHIOSCINA  20MG/1ML SOLUCION INYECTABLE 3 AMPOLLETAS,,30.0,Analgésicos,Medicamentos,solucion,3,1ml 20mg,butilhioscina,https://www.farmaciasdesimilares.com/butilhioscina_20mg_1ml_3amp/p,vtex
2566,TIMOLOL 5.0MG/1ML SOLUCION GOTAS 5 ML 1 PIEZA,,36.0,Oftalmológico,Medicamentos,solucion,1,1ml 5mg 5ml,timolol,https://www.farmaciasdesimilares.com/timolol_5_0mg_1ml_sol_gts_5ml/p,vtex
2527,DIETA POLIMERICA SIN FIBRA SABOR VAINILLA 236 ML 1 PIEZA,,51.5,Dieta polimérica,Suplementos y multivitamínicos,,1,236ml,dieta,https://www.farmaciasdesimilares.com/dieta_polim_s_fibra_vaini_236ml/p,vtex
2522,DIETA POLIMERICA CON FIBRA SABOR CHOCOLATE 236 ML 1 PIEZA,,53.0,Dieta polimérica,Suplementos y multivitamínicos,,1,236ml,dieta + fibra,https://www.farmaciasdesimilares.com/dieta_polim_c_fibra_choco_236ml/p,vtex
251,METRONIDAZOL / DIYODOHIDROXIQUINOLEINA 400/200MG 30 TABLETAS,,59.0,Antiparasitario,Medicamentos,tableta,30,200mg,metronidazol + diyodohidroxiquinoleina,https://www.farmaciasdesimilares.com/metroni_diyodoh_400_200mg_30tab/p,vtex
2497,CREMA FACIAL TONO CLARO FPS 30 PROTECCION ALTA ETERNAL SECRET 75ML 1 PIEZA,,109.01,Belleza,Cuidado de la piel y belleza,crema,1,75ml,,https://www.farmaciasdesimilares.com/eternal_secret_crema_facial_tono_claro_75ml_eternal_sec/p,vtex
2449,SIMI REC FOSFATIDILSERINA 30 CAPSULAS,,309.0,Memoria y rendimiento,Suplementos y multivitamínicos,capsula,30,,,https://www.farmaciasdesimilares.com/simirec_fosfatidilserina_30cap/p,vtex
2408,CLOTRIMAZOL V 1 OVULO 500 MG,,139.0,Antimicótico,Medicamentos,ovulo,1,500mg,clotrimazol,https://www.farmaciasdesimilares.com/clotrimazol_v_500mg_1_ovulo/p,vtex
237,KETOTIFENO 0.02GR/ML SOLUCION 120 ML 1 PIEZA,,48.0,Antialérgico,Medicamentos,solucion,1,120ml 20mg,ketotifeno,https://www.farmaciasdesimilares.com/ketotifeno_0_02gr_ml_sol_120ml/p,vtex
2310,NEOMICINA / CAOLIN / PECTINA SUSPENSION 1 PZA,,73.0,Antidiarreico,Funcionamiento gastrointestinal,suspension,1,,neomicina + caolin + pectina,https://www.farmaciasdesimilares.com/neomicina_caoli_pectin_180ml_susp/p,vtex
2297,ACIDO IBANDRONICO 150 MG 1 TABLETA,,132.0,Huesos y articulaciones,Medicamentos,tableta,1,150mg,,https://www.farmaciasdesimilares.com/ac_ibandronico_150mg_1tab/p,vtex
2296,MOXIFLOXACINO 400MG 7 TABLETAS,,259.0,Antibiótico,Medicamentos,tableta,7,400mg,moxifloxacino,https://www.farmaciasdesimilares.com/moxifloxacino_400mg_7tab/p,vtex
2237,ADHESIVO PARA PROTESIS DENTALES CREMA 40 GR 1 PIEZA,,94.01,Higiene,"Higiene, curación y diagnóstico",crema,1,40000mg,,https://www.farmaciasdesimilares.com/adhesivo_protesis_dentales_crema/p,vtex
2226,ALENDRONATO/COLECALCIFEROL VITAMINA D3 70MG/5 600UI 4 COMPRIMIDOS,,299.0,Huesos y articulaciones,Medicamentos,tableta,4,600ui 70mg,alendronato + colecalciferol,https://www.farmaciasdesimilares.com/alendronat_cole_vitd_3_70mg_5600ui_4com/p,vtex
2224,CONDON AROMA Y SABOR FRESA SIMICONDON 3 PIEZAS,,34.0,Condones,Salud sexual,,3,,aroma,https://www.farmaciasdesimilares.com/condon_aroma_sab_fres_3pzas_simicondon/p,vtex
2220,METRONIDAZOL / MICONAZOL 7 OVULOS,,169.0,Antimicótico,Medicamentos,ovulo,7,,metronidazol + miconazol,https://www.farmaciasdesimilares.com/metronidazol_mico_7_ovulos/p,vtex
2199,ACEMETACINA 90 MG  LIBERACION PROLONGADA 14 CAPSULAS,,110.0,Analgésicos,Medicamentos,capsula,14,90mg,acemetacina,https://www.farmaciasdesimilares.com/acemetacina_90mg_14cap/p,vtex
2192,RASTRILLO CABALLERO TRIPLE HOJA CON BANDA LUBRICANTE PIEL SENSIBLE COLOR VERDE 1 PIEZA,,27.01,Higiene,"Higiene, curación y diagnóstico",,1,,rastrillo + banda,https://www.farmaciasdesimilares.com/rastrillo_caball_3_hojas_piel_sens_vde/p,vtex
2187,CANDESARTAN 8 MG 14 TABLETAS,,209.0,Antihipertensivo,Medicamentos,tableta,14,8mg,candesartan,https://www.farmaciasdesimilares.com/candesartan_8mg_14tab/p,vtex
218,CEFOTAXIMA 1 GR SOLUCION INYECTABLE 1 PIEZA,,88.0,Antibiótico,Medicamentos,solucion,1,1000mg,cefotaxima,https://www.farmaciasdesimilares.com/cefotaxima_1gr_sol_iny/p,vtex
2178,CELECOXIB 200 MG 10 CAPSULAS,,199.0,Antiinflamatorio,Medicamentos,capsula,10,200mg,celecoxib,https://www.farmaciasdesimilares.com/celecoxib_200mg_10cap/p,vtex
2176,AMOXICILINA / ACIDO CLAVULANICO 600/42.9 MG SUSPENSION 1 PIEZA,,88.0,Antibiótico,Medicamentos,suspension,1,42.9mg,amoxicilina,https://www.farmaciasdesimilares.com/amoxicilina_ac_cla_600_42_9_susp_50ml/p,vtex
21,AMBROXOL 30 MG 20 COMPRIMIDOS,,25.0,Aparato respiratorio,Medicamentos,tableta,20,30mg,ambroxol,https://www.farmaciasdesimilares.com/ambroxol_30mg_20comp/p,vtex
2092,FLUTICASONA 50 MCG AEROSOL PARA INHALACION 120 DOSIS 1 PIEZA,,295.0,Aparato respiratorio,Medicamentos,spray,1,50mcg,fluticasona,https://www.farmaciasdesimilares.com/fluticasona_50mcg_dosis_120dosis/p,vtex
209,AMBROXOL SOLUCION 120 ML 1 PIEZA,,27.0,Aparato respiratorio,Aparato respiratorio,solucion,1,120ml,ambroxol,https://www.farmaciasdesimilares.com/ambroxol_sol_120ml/p,vtex
2078,CONDON AROMA Y SABOR UVA SIMICONDON 3 PIEZAS,,34.0,Condones,Salud sexual,,3,,aroma,https://www.farmaciasdesimilares.com/condon_aroma_sab_uva_3pzas_simicondon/p,vtex
2068,ESPIRONOLACTONA / FUROSEMIDA 50/20 MG 16 CAPSULAS,,189.0,Antihipertensivo,Medicamentos,capsula,16,20mg,espironolactona + furosemida,https://www.farmaciasdesimilares.com/espironolactona_furosem_16cap/p,vtex
2063,ENJUAGUE BUCAL ANTISEPTICO SABOR MENTA POLVO 12 SOBRES,,69.0,Higiene,"Higiene, curación y diagnóstico",polvo,12,,antiseptico,https://www.farmaciasdesimilares.com/enjuague_antisep_menta_12sob/p,vtex
2044,ESTROGENOS 62.5 MG CREMA 43 GR 1 PIEZA,,369.0,Medicamentos éticos,Medicamentos,crema,1,43000mg 62.5mg,estrogenos,https://www.farmaciasdesimilares.com/estrogenos_crema_vag_o_equin_62_5mg_43gr/p,vtex
2043,"LACTOBACILOS SPOROGENES ""SIMIPROBACILUS"" 100 TABLETAS MASTICABLES",,84.0,Lactobacilos,Funcionamiento gastrointestinal,tableta,100,,lactobacilos,https://www.farmaciasdesimilares.com/lactob_sporog_100tab_mast_simiprobacilus/p,vtex
2041,GOMITAS WELLMUNE SIMIWELL KIDS SABORES NARANJA / LIMON / PIÑA / FRESA 60 GOMITAS,,117.0,Sistema inmune,Aparato respiratorio,,,,gomitas + limon + fresa,https://www.farmaciasdesimilares.com/gomitas_wellmune_60pzas_simiwell_kids/p,vtex
2035,SHOT WELLMUNE INFANTIL NARANJA 60 ML 1 PIEZA,,28.0,Sistema inmune,Aparato respiratorio,,1,60ml,,https://www.farmaciasdesimilares.com/shot_wellmune_inf_60ml_naranja/p,vtex
1996,QUINFAMIDA / ALBENDAZOL 200/400MG JUNIOR SUSPENSION 20 ML 1 PIEZA,,57.0,Antiparasitario,Funcionamiento gastrointestinal,suspension,1,20ml 400mg,quinfamida + albendazol,https://www.farmaciasdesimilares.com/quinfamida_albend_200_400mg_20ml_jr/p,vtex
1992,SHAMPOO HIGIENE INTIMA 220ML ETERNAL SECRET,,64.0,Higiene,"Higiene, curación y diagnóstico",,,220ml,higiene,https://www.farmaciasdesimilares.com/eternal_secret_shampoo_higien_int_220ml_eternal_secret/p,vtex
1972,CONDON TEXTURIZADO EXTREME SIMICONDON 3 PIEZAS,,37.0,Condones,Salud sexual,,3,,texturizado,https://www.farmaciasdesimilares.com/condon_texturizado_extr_3pzas_simicondon/p,vtex
1945,HIDROCORTISONA / LIDOCAINA  5/60MG 6 SUPOSITORIOS,,59.0,Antiinflamatorios,Analgesia,supositorio,6,60mg,hidrocortisona + lidocaina,https://www.farmaciasdesimilares.com/hidrocortisona_lido_5_60mg_6sup/p,vtex
1922,PASTA DENTAL ORAL-B 4 EN 1,,32.0,Higiene,"Higiene, curación y diagnóstico",unguento,,,pasta,https://www.farmaciasdesimilares.com/pasta_dental_oral-b_4_en_1/p,vtex
1884,HIERRO DEXTRAN 100MG/2ML SOLUCION INYECTABLE 3 AMPOLLETAS,,93.0,Antianémico,Medicamentos,solucion,3,100mg 2ml,hierro,https://www.farmaciasdesimilares.com/hierro_dextran_100mg_2ml_3amp/p,vtex
1879,BICALUTAMIDA 50 MG 14 TABLETAS,,209.0,Oncológico,Medicamentos,tableta,14,50mg,bicalutamida,https://www.farmaciasdesimilares.com/bicalutamida_50mg_14tab/p,vtex
187,VERAPAMILO 80 MG 20 TABLETAS,,25.0,Antihipertensivo,Medicamentos,tableta,20,80mg,verapamilo,https://www.farmaciasdesimilares.com/verapamilo_80mg_20tab/p,vtex
1868,SIMISURE POLVO SABOR FRESA 462 GR 1 PIEZA,,166.0,Dieta polimérica,Suplementos y multivitamínicos,polvo,1,462000mg,simisure,https://www.farmaciasdesimilares.com/simisure_pvo_fresa_462gr/p,vtex
1867,SIMISURE DIABETICO FRESA 462 GR 1 PIEZA,,204.0,Dieta polimérica,Suplementos y multivitamínicos,,1,462000mg,simisure,https://www.farmaciasdesimilares.com/simisure_diab_fresa_462gr/p,vtex
1866,SIMIFLEX PLUS GLUCOSAMINA / CONDROITINA / VITAMINA C / MANGANESO 90 CAPSULAS,,295.0,Huesos y articulaciones,Analgesia,capsula,90,,simiflex + condroitina + manganeso,https://www.farmaciasdesimilares.com/simiflex_plus_90cap/p,vtex
1864,MONTELUKAST 5 MG 20 TABLETAS MASTICABLES,,99.0,Aparato respiratorio,Medicamentos,tableta,20,5mg,montelukast,https://www.farmaciasdesimilares.com/montelukast_5mg_20tab_mast/p,vtex
1852,SHAMPOO CON VINAGRE DE QUASSIA PARA PIOJOS 120 ML 1 PIEZA,,69.0,Piojos,"Higiene, curación y diagnóstico",,1,120ml,vinagre,https://www.farmaciasdesimilares.com/shampoo_vin_quassia_piojos_120ml/p,vtex
1820,MECLOZINA / PIRIDOXINA SOLUCION INYECTABLE 1 AMPOLLETA,,26.0,Funcionamiento gastrointestinal,Medicamentos,solucion,1,,meclozina + piridoxina,https://www.farmaciasdesimilares.com/meclizina_piridoxina_1amp/p,vtex
1801,DEXTROMETORFANO 10 MG/ PARACETAMOL 250 MG/ BROMFENIRAMINA 2 MG/ FENILEFRINA 5 MG 12 CAPSULAS,,61.0,Antigripal,Aparato respiratorio,capsula,12,10mg 250mg 2mg 5mg,dextrometorfano,https://www.farmaciasdesimilares.com/dextrometo_para_brom_fen_12cap/p,vtex
1762,SILDENAFIL 50 MG 1 TABLETA,,39.0,Disfunción eréctil,Medicamentos,tableta,1,50mg,sildenafil,https://www.farmaciasdesimilares.com/sildenafil_50mg_1tab/p,vtex
1755,GEL POST BRONCEADO ALOE VERA 250 ML 1 PIEZA,,69.0,Protector solar,Cuidado de la piel y belleza,gel,1,250ml,,https://www.farmaciasdesimilares.com/gel_post_bronceado_250ml_aloe_vera/p,vtex
1753,SIMILESS SABOR CAFE POLVO PARA PREPARAR BEBIDA 1 SOBRE 12 GR,,12.5,Peso y metabolismo,Peso y metabolismo,polvo,1,12000mg,similess,https://www.farmaciasdesimilares.com/similess_cafe_1_sobre_12gr/p,vtex
167,POLIMIXINA B / NEOMICINA / GRAMICIDINA SOLUCION OFTALMICA 15 ML 1 PIEZA,,41.0,Oftalmológico,Medicamentos,solucion,1,15ml,polimixina + neomicina + gramicidina,https://www.farmaciasdesimilares.com/polimixina_b_neom_grami_15ml_sol_oft/p,vtex
1628,ACEITE DE HIGADO DE BACALAO EPA / DHA SABOR PLATANO 240 ML 1 PIEZA,,61.0,Multivitamínicos,Suplementos y multivitamínicos,,1,240ml,higado,https://www.farmaciasdesimilares.com/simibaby_aceite_higado_bacalao_240ml_sab_platano/p,vtex
1621,NEBULIZADOR COMPRESOR 1 PIEZA,,899.0,Material de curación,"Higiene, curación y diagnóstico",,1,,nebulizador,https://www.farmaciasdesimilares.com/nebulizador_compresor/p,vtex
160,PARACETAMOL SOLUCION ORAL GOTAS 15 ML 1 PIEZA,,14.0,Analgésicos,Analgesia,solucion,1,15ml,paracetamol,https://www.farmaciasdesimilares.com/paracetamol_sol_oral_gts_15ml/p,vtex
1577,BETAMETASONA 0.1% VALERATO CREMA 40 GR 1 PIEZA,,79.0,Dermatológico,Medicamentos,crema,1,40000mg,betametasona,https://www.farmaciasdesimilares.com/betametasona_0_1_crema_40gr/p,vtex
1564,SIMISURE DIAB POLVO SABOR CHOCOLATE 462 GR 1 PIEZA,,204.0,Dieta polimérica,Suplementos y multivitamínicos,polvo,1,462000mg,simisure,https://www.farmaciasdesimilares.com/simisure_diab_chocolate_462gr/p,vtex
1563,SIMISURE DIABETES POLVO SABOR VAINILLA 462 GR 1 PIEZA,,204.0,Dieta polimérica,Suplementos y multivitamínicos,polvo,1,462000mg,simisure,https://www.farmaciasdesimilares.com/simisure_diab_vainilla_462gr/p,vtex
1562,CLOROPIRAMINA 20MG/2ML SOLUCION INYECTABLE 5 AMPOLLETAS,,169.0,Antialérgico,Medicamentos,solucion,5,20mg 2ml,cloropiramina,https://www.farmaciasdesimilares.com/cloropiramina_20mg_2ml_5amp/p,vtex
1561,CLOROPIRAMINA 25 MG 20 TABLETAS,,91.0,Antialérgico,Medicamentos,tableta,20,25mg,cloropiramina,https://www.farmaciasdesimilares.com/cloropiramina_25mg_20tab/p,vtex
153,NIFEDIPINO 10 MG 20 CAPSULAS,,24.0,Antihipertensivo,Medicamentos,capsula,20,10mg,nifedipino,https://www.farmaciasdesimilares.com/nifedipino_10mg_20cap/p,vtex
1520,RASTRILLO PARA CABALLERO TRIPLE HOJA CABEZA MOVIL 1 PIEZA,,24.0,Higiene,"Higiene, curación y diagnóstico",,1,,rastrillo,https://www.farmaciasdesimilares.com/rastrillo_caball_3_hojas_1pza_cabeza_mov/p,vtex
151,NAPROXENO/PARACETAMOL 125/100MG/5ML SUSPENSION 100ML,,44.0,Analgésicos,Analgesia,suspension,,100mg 100ml 5ml,naproxeno + paracetamol,https://www.farmaciasdesimilares.com/naproxeno_para_125_100mg_5ml_susp_100ml/p,vtex
1507,SIMILESS CAFÉ 420 GR 1 PIEZA,,204.0,Peso y metabolismo,Peso y metabolismo,,1,420000mg,similess,https://www.farmaciasdesimilares.com/similess_cafe_420gr/p,vtex
147,NAPROXENO SODICO 275 MG 20 TABLETAS,,34.0,Analgésicos,Analgesia,tableta,20,275mg,naproxeno,https://www.farmaciasdesimilares.com/naproxeno_sod_275mg_20tab/p,vtex
1442,CROMOGLICATO DE SODIO SOLUCION OFTALMICA 5 ML 1 PIEZA,,47.0,Oftalmológico,Medicamentos,solucion,1,5ml,cromoglicato,https://www.farmaciasdesimilares.com/cromoglicato_de_sodio_sol_oft_5ml/p,vtex
143,METRONIDAZOL 2.5GR/100ML SUSPENSION 1 PIEZA,,27.0,Antiparasitario,Medicamentos,suspension,1,100ml 2500mg,metronidazol,https://www.farmaciasdesimilares.com/metronidazol_2_5gr_100ml_susp_120ml/p,vtex
138,METOPROLOL 100 MG 20 TABLETAS,,29.0,Antihipertensivo,Medicamentos,tableta,20,100mg,metoprolol,https://www.farmaciasdesimilares.com/metoprolol_100mg_20tab/p,vtex
1365,BALSAMO HIDRATANTE YERBABUENA BLUE MOON 4 GR 1 PIEZA,,28.0,Belleza,Cuidado de la piel y belleza,,1,4000mg,,https://www.farmaciasdesimilares.com/balsamo_hidrat_yerbabuena_4gr_blue_moon/p,vtex
136,METOCLOPRAMIDA SOLUCION ORAL GOTAS 1 PIEZA,,21.0,Funcionamiento gastrointestinal,Medicamentos,solucion,1,,metoclopramida,https://www.farmaciasdesimilares.com/metoclopramida_400mg_sol_gts_20ml/p,vtex
135,METILDOPA 250 MG 30 TABLETAS,,66.0,Antihipertensivo,Medicamentos,tableta,30,250mg,metildopa,https://www.farmaciasdesimilares.com/metildopa_250mg_30tab/p,vtex
1340,PREDNISOLONA 10MG/1ML SUSPENSION GOTAS OFTALMICAS 5 ML 1 PIEZA,,104.0,Oftalmológico,Medicamentos,suspension,1,10mg 1ml 5ml,prednisolona,https://www.farmaciasdesimilares.com/prednisolona_10mg_1ml_susp_oft/p,vtex
134,METAMIZOL SODICO / BUTILHIOSCINA 2.5G/20MG SOLUCION INYECTABLE 1 AMPOLLETA,,39.0,Analgésicos,Medicamentos,solucion,1,20mg 2500mg,metamizol + butilhioscina,https://www.farmaciasdesimilares.com/metamizol_butil_2_5g_20mg_1amp/p,vtex
131,MECLIZINA / PIRIDOXINA SOLUCION 8.33/16.66 MG GOTAS 15 ML 1 PIEZA,,29.0,Funcionamiento gastrointestinal,Medicamentos,solucion,1,15ml 16.66mg,meclizina + piridoxina,https://www.farmaciasdesimilares.com/meclizina_piridoxina_gts_15ml/p,vtex
1308,SIMIALOE JUGO ALOE VERA 240 ML 1 PIEZA,,54.0,Funcionamiento gastrointestinal,Funcionamiento gastrointestinal,,1,240ml,simialoe,https://www.farmaciasdesimilares.com/simialoe_jugo_aloe_vera_240ml/p,vtex
1282,SIMISURE POLVO SABOR VAINILLA 462 GR 1 PIEZA,,166.0,Dieta polimérica,Suplementos y multivitamínicos,polvo,1,462000mg,simisure,https://www.farmaciasdesimilares.com/simisure_pvo_vainilla_462gr/p,vtex
1280,SIMISURE POLVO SABOR CHOCOLATE 462 GR 1 PIEZA,,166.0,Dieta polimérica,Suplementos y multivitamínicos,polvo,1,462000mg,simisure,https://www.farmaciasdesimilares.com/simisure_pvo_chocolate_462gr/p,vtex
125,KETOCONAZOL 200 MG 10 TABLETAS,,27.0,Antimicótico,Medicamentos,tableta,10,200mg,ketoconazol,https://www.farmaciasdesimilares.com/ketoconazol_200mg_10tab/p,vtex
12,ALBENDAZOL 200 MG 6 TABLETAS,,13.0,Antiparasitario,Medicamentos,tableta,6,200mg,albendazol,https://www.farmaciasdesimilares.com/albendazol_200mg_6tab/p,vtex
115,GLIBENCLAMIDA 5 MG 50 TABLETAS,,16.0,Diabetes,Medicamentos,tableta,50,5mg,glibenclamida,https://www.farmaciasdesimilares.com/glibenclamida_5mg_50tab/p,vtex
104,FLUOCINOLONA CREMA 20 GR 1 PIEZA,,17.5,Dermatológico,Medicamentos,crema,1,20000mg,fluocinolona,https://www.farmaciasdesimilares.com/fluocinolona_crema_20gr/p,vtex
860,SIMICOMPLEX PROTEINAS / VITAMINAS / MINERALES SABOR CHOCOLATE POLVO 10 SOBRES,,394.01,Proteínas,Deportistas,polvo,10,,simicomplex + minerales,https://www.farmaciasdesimilares.com/prot_simicomplex_choco_10sob/p,vtex
761,GLIMEPIRIDA 2 MG 30 TABLETAS,,63.0,Diabetes,Medicamentos,tableta,30,2mg,glimepirida,https://www.farmaciasdesimilares.com/glimepirida_2mg_30tab/p,vtex
335,VITAMINAS FUTURAS MAMAS FORMULA MEJORADA 90 CAPSULAS,,151.0,Multivitamínicos,Suplementos y multivitamínicos,capsula,90,,,https://www.farmaciasdesimilares.com/simibaby_vit_fut_mamas_c_90_form_mejorada/p,vtex
3119,ACIDO ASCORBICO 300 MG POLVO EFERVESCENTE SABOR MANDARINA 10 SOBRES,,126.0,Sistema inmune,Aparato respiratorio,polvo,10,300mg,,https://www.farmaciasdesimilares.com/ac_ascorbico_300mg_10sob_efer_cboost/p,vtex
2963,LANCETAS ACCU-CHEK SOFTCLIX 25 PIEZAS,,86.0,Lancetas,Diabetes,,25,,lancetas,https://www.farmaciasdesimilares.com/lancetas_accu_chek_softclix_25pzas/p,vtex
2678,PERMETRINA 5G/100ML SOLUCION 100ML 1 PIEZA,,111.0,Piojos,"Higiene, curación y diagnóstico",solucion,1,100ml 5000mg,permetrina,https://www.farmaciasdesimilares.com/permetrina_5g_100ml_sol_100ml/p,vtex
2652,ACIDO ACETICO 0.24/1ML SOLUCION 9 ML 1 PIEZA,,73.0,Material de curación,"Higiene, curación y diagnóstico",solucion,1,1ml 9ml,,https://www.farmaciasdesimilares.com/ac_acetico_0_24_1ml_sol_9ml/p,vtex
2452,ACIDO LINOLEICO CLA XGEAR 60 CAPSULAS,,344.0,Complementos,Deportistas,capsula,60,,,https://www.farmaciasdesimilares.com/simicla_ac_linoleic_conj_60cap/p,vtex
2376,CREMA FACIAL CON ASTAXANTINA ETERNAL SECRET 50GR 1 PIEZA,,234.0,Belleza,Cuidado de la piel y belleza,crema,1,50000mg,astaxantina,https://www.farmaciasdesimilares.com/eternal_secret_crema_fac_c_astaxantina_50gr_eternal_sec_p/p,vtex
2267,TONIFICANTE CON COLAGENO HIDROLIZADO / ACIDO HIALURONICO ETERNAL SECRET 120ML 1 PIEZA,,149.0,Belleza,Cuidado de la piel y belleza,,1,120ml,tonificante + colageno,https://www.farmaciasdesimilares.com/eternal_secret_tonificante_colag_ac_hialu_120ml_eternal/p,vtex
2251,CREMA FACIAL TONO MEDIO FPS 30 PROTECCION ALTA ETERNAL SECRET  75ML 1 PIEZA,,109.01,Belleza,Cuidado de la piel y belleza,crema,1,75ml,,https://www.farmaciasdesimilares.com/eternal_secret_crema_facial_tono_medio_75ml_eternal_sec/p,vtex
2219,FORZE VF GOLD 30 CAPSULAS,,163.0,Multivitamínicos,Suplementos y multivitamínicos,capsula,30,,forze,https://www.farmaciasdesimilares.com/forze_vf_gold_30cap/p,vtex
2185,SERUM DERMO RENOVADOR CON COLAGENO HIDROLIZADO ETERNAL SECRET 50GR 1 PIEZA,,269.0,Belleza,Cuidado de la piel y belleza,,1,50000mg,serum + colageno,https://www.farmaciasdesimilares.com/eternal_secret_serum_colag_hidro_50gr_eternal_secret_p/p,vtex
2184,CREMA BLANQUEADORA Y DESMANCHADORA CON CELULAS MADRE ETERNAL SECRET 50 GR 1 PIEZA,,269.0,Belleza,Cuidado de la piel y belleza,crema,1,50000mg,blanqueadora + desmanchadora + celulas,https://www.farmaciasdesimilares.com/eternal_secret_crema_c_celulas_madre_50gr_eternal_sec/p,vtex
2183,CREMA ANTIARRUGAS 40+ 50 GR ETERNAL SECRET  1 PIEZA,,234.0,Belleza,Cuidado de la piel y belleza,crema,1,50000mg,antiarrugas,https://www.farmaciasdesimilares.com/eternal_secret_crema_antiarrugas_40_50gr_eternal_sec/p,vtex
2106,DESMAQUILLANTE BIFASICO ROSTRO Y CONTORNO DE OJOS ETERNAL SECRET 120ML 1 PIEZA,,139.0,Belleza,Cuidado de la piel y belleza,,1,120ml,desmaquillante + contorno,https://www.farmaciasdesimilares.com/eternal_secret_desmaquillante_bifasic_120ml_eternal_sec/p,vtex
1481,CREMA AREA VARICES Y PIERNAS CANSADAS PARA EMBARAZO 480 ML 1 PIEZA,,107.01,Dermatológico,Cuidado de la piel y belleza,crema,1,480ml,piernas,https://www.farmaciasdesimilares.com/crema_varices_piernas_cansadas_480ml/p,vtex
1091,SIMIBROX D MALTITOL Y MEZCLA DE HIERBAS SIN AZUCAR JARABE 240 ML 1 PIEZA,,59.0,Gripa y tos,Aparato respiratorio,jarabe,1,240ml,simibrox + mezcla,https://www.farmaciasdesimilares.com/simibrox_d_s_azucar_jbe_240ml/p,vtex
4556,DEXPANTENOL 5% GEL OFTALMICO 10 GR,,489.0,Oftalmológico,Medicamentos,gel,,10000mg,dexpantenol,https://www.farmaciasdesimilares.com/dexpantenol_5_gel_oft_10g/p,vtex
4553,PARACETAMOL/DEXTROMETORFANO/ FENILEFRINA/ POLVO 10 GR 6 SOBRES,,149.0,Antigripal,Aparato respiratorio,polvo,6,10000mg,paracetamol + dextrometorfano + fenilefrina,https://www.farmaciasdesimilares.com/paracetamol-dextro-fenil-_pvo_10gr_6sob/p,vtex
4494,DIMENHIDRINATO 250 MG/100 ML JARABE INFANTIL 120 ML,,79.0,Funcionamiento gastrointestinal,Funcionamiento gastrointestinal,jarabe,,100ml 120ml 250mg,dimenhidrinato,https://www.farmaciasdesimilares.com/dimenhidrinato_250mg-100ml_jbe_inf_120ml/p,vtex
4358,VENDAS ADHESIVA NIÑOS WARNER 30 PIEZAS,,26.0,Material de curación,"Higiene, curación y diagnóstico",,30,,vendas,https://www.farmaciasdesimilares.com/vendas_adhesiva_ninos_warner_30pzas/p,vtex
4309,GEL DENTAL FRESA 75ML FLUOXYTIL INFANTIL,,196.01,Higiene,"Higiene, curación y diagnóstico",gel,,75ml,fresa,https://www.farmaciasdesimilares.com/gel_dental_fresa_75ml_fluoxytil_inf/p,vtex
4301,GUAIFENESINA/OXOLAMINA JARABE 140ML INFANTIL HISTIACIL,,149.0,Gripa y tos,Aparato respiratorio,jarabe,,140ml,guaifenesina + oxolamina,https://www.farmaciasdesimilares.com/guaifen-oxola_jbe_140ml_inf_histiacil/p,vtex
4272,APIXABAN 2.5MG 20 TABLETAS ELICUIS,,609.0,Medicamentos éticos,Medicamentos,tableta,20,2.5mg,apixaban,https://www.farmaciasdesimilares.com/apixaban_2-5mg 20tab_elicuis/p,vtex
4265,GOMITAS GLUCOSAMINA/CONDROITINA 60 PIEZAS MULTIGOMI,,189.0,Huesos y articulaciones,Analgesia,,60,,gomitas + condroitina,https://www.farmaciasdesimilares.com/gomitas_gluco-condroi_60pzas_multigomi/p,vtex
3729,RASURADORA DE CABALLERO ELECTRICA 1 PIEZA,,499.0,Higiene,"Higiene, curación y diagnóstico",,1,,rasuradora,https://www.farmaciasdesimilares.com/rasuradora_de_caballero_electrica_1pza/p,vtex
4248,SIMIVF KIDS FORTE JARABE 240ML,,92.0,Multivitamínicos,Suplementos y multivitamínicos,jarabe,,240ml,simivf,https://www.farmaciasdesimilares.com/simivf_kids_forte_jbe_240ml/p,vtex
4246,FORMULA LACTEA 6-12MESES 230GR NAN 2,,104.0,Fórmulas infantiles,Bebés,,,230000mg,lactea,https://www.farmaciasdesimilares.com/formula_lactea_6-12meses_230gr_nan_2/p,vtex
4243,PROPOLEO/MIEL 10% SOLUCION 40ML SPRAY BUCAL,,89.0,Gripa y tos,Aparato respiratorio,solucion,,40ml,propoleo,https://www.farmaciasdesimilares.com/propoleo_miel_10_sol_40ml_spray_bucal/p,vtex
4242,BALSAMO LABIAL LABELLO 1 PIEZA,,79.0,Belleza,Cuidado de la piel y belleza,,1,,,https://www.farmaciasdesimilares.com/balsamo_labial_labello_1pza/p,vtex
4238,SNACK ANTIOXIDANTES 70GR NATURES HEART,,34.0,Multivitamínicos,Suplementos y multivitamínicos,,,70000mg,snack,https://www.farmaciasdesimilares.com/snack_antioxidantes_70gr_natures_heart/p,vtex
4217,GOMITAS MIX DE HONGOS DIA TRAVIS 60 PIEZAS,,259.0,Memoria y rendimiento,Suplementos y multivitamínicos,,60,,gomitas,https://www.farmaciasdesimilares.com/gomitas_mix_de_hongos_dia_travis_60pza/p,vtex
4218,GOMITAS MIX DE HONGOS NOCHE TRAVIS 60 PIEZAS,,259.0,Relajante,Suplementos y multivitamínicos,,60,,gomitas,https://www.farmaciasdesimilares.com/gomitas_mix_de_hongos_noche_travis_60pza/p,vtex
4213,ATORVASTATINA/EZETIMIBA 10MG/10MG 30TABLETAS,,549.0,Hipolipemiante,Medicamentos,,30,10mg,atorvastatina + ezetimiba,https://www.farmaciasdesimilares.com/atorvastatina_ezetimiba_10mg_10mg_30tab/p,vtex
4185,NICOTINAMIDA RIBOSA/ARANDANO/MAGNESIO/ RESVERATROL POLVO 68GR,,319.0,Multivitamínicos,Suplementos y multivitamínicos,polvo,,68000mg,nicotinamida + arandano + magnesio + resveratrol,https://www.farmaciasdesimilares.com/nad_arandano_magnesio_resv_polvo_68gr/p,vtex
4183,DIOSMECTITA 3 G 8 SOBRES SUSPENSION IPRIKENE CACAO,,299.0,Antidiarreico,Funcionamiento gastrointestinal,sobre,8,3000mg,diosmectita,https://www.farmaciasdesimilares.com/diosmectita_3g_8_sob_susp_iprikene_cacao/p,vtex
4150,METFORMINA/EMPAGLIFLOZINA 850MG/12.5MG 30 TABLETAS,,1131.0,Diabetes,Medicamentos,tableta,30,12.5mg 850mg,metformina + empagliflozina,https://www.farmaciasdesimilares.com/metformina_empagli_850mg_12_50mg_30tab/p,vtex
4101,TROXERUTINA/CUMARINA 30 TABLETAS VENALOT DEPOT,,659.0,Flebotónico,Medicamentos,tableta,30,,troxerutina + cumarina,https://www.farmaciasdesimilares.com/troxerutina_cumarina_30tab_venalot_depot/p,vtex
4092,SEMAGLUTIDA 7MG 30 TABLETAS RYBELSUS,,3599.0,Diabetes,Medicamentos,tableta,30,7mg,semaglutida,https://www.farmaciasdesimilares.com/semaglutida_7mg_30tab_rybelsus/p,vtex
4104,PARACETAMOL 80MG 30 TABLETAS MASTICABLES MEJORALITO,,72.0,Analgésicos,Analgesia,tableta,30,80mg,paracetamol,https://www.farmaciasdesimilares.com/paracetamol_80mg_30_tab_mast_mejoralito/p,vtex
4088,CARAMELOS VITAMINA C/D/ZINC ZERO 10 PIEZAS BONDAD,,39.0,Gripa y tos,Aparato respiratorio,,10,,caramelos,https://www.farmaciasdesimilares.com/caramelos_vitc_dzinc_zero_10pzas_bondad/p,vtex
4056,GEL MENTOL 5% ROLL ON 65ML,,129.0,Analgésicos,Analgesia,gel,,65ml,mentol,https://www.farmaciasdesimilares.com/gel_mentol_5_roll_on_65ml/p,vtex
4053,CALCIO/VITAMINA D3 20 TABLETAS EFERVESCENTES TUBO LIMON,,99.01,Huesos y articulaciones,Analgesia,tableta,20,,calcio,https://www.farmaciasdesimilares.com/calcio_vitd3 20tab_eferv_tubo_limon/p,vtex
4052,MAGNESIO 125MG 20 TABLETAS EFERVESCENTES TUBO NARANJA,,99.01,Multivitamínicos,Suplementos y multivitamínicos,tableta,20,125mg,magnesio,https://www.farmaciasdesimilares.com/magnesio 125mg_20tab_eferv_tubo_naranja/p,vtex
4031,GOMITAS LUTEINA/VITAMINA E 60PZAS MULTIGOMI,,189.0,Multivitamínicos,Suplementos y multivitamínicos,,60,,gomitas,https://www.farmaciasdesimilares.com/gomitas_luteina_vit_e_60pzas_multigomi/p,vtex
4009,HIALURONATO/OXIMETAZOLINA 2MG/0.25MG SOLUCION OFTALMICA 10ML,,75.0,Oftalmológico,Medicamentos,solucion,,0.25mg 10ml 2mg,hialuronato + oximetazolina,https://www.farmaciasdesimilares.com/hialuro_oximetazo_2mg_0_25mg_sol_oft10ml/p,vtex
4008,PARACETAMOL/IBUPROFENO 500MG/200MG 20 TABLETAS,,184.0,Analgésicos,Medicamentos,tableta,20,200mg 500mg,paracetamol + ibuprofeno,https://www.farmaciasdesimilares.com/paracetamol_ibuprofeno_500mg_200mg_20tab/p,vtex
3995,CLOTRIMAZOL/ DEXAMETASONA 1GR/0.04GR CREMA 30 GR GENERICO,,69.0,Antimicótico,Medicamentos,crema,,1000mg 30000mg 40mg,clotrimazol + dexametasona,https://www.farmaciasdesimilares.com/clotrim_dexam_1g_0_04g_crem30gr_gen/p,vtex
3944,CORRECTOR IMPERFECCIONES 15GR SIMISKIN,,199.0,Dermatológico,Cuidado de la piel y belleza,,,15000mg,corrector,https://www.farmaciasdesimilares.com/corrector_imperfecciones_15gr_simiskin/p,vtex
3937,CAMARA ESPACIADORA INFANTIL 1 - 10 AÑOS,,546.0,Material de curación,"Higiene, curación y diagnóstico",,,,camara,https://www.farmaciasdesimilares.com/camara_espaciadora_infantil_1_10_anos/p,vtex
3873,LEVODROPROPIZINA / AMBROXOL 0.6/0.3GR/100ML SOLUCION 120ML,,84.0,Aparato respiratorio,Medicamentos,solucion,,100ml 120ml 300mg,levodropropizina + ambroxol,https://www.farmaciasdesimilares.com/levodo_ambroxol_06_03gr_100ml_sol120ml/p,vtex
3931,GOMITAS MIX DE HONGOS MULTIGOMI 60 PIEZAS,,129.0,Multivitamínicos,Suplementos y multivitamínicos,,60,,gomitas,https://www.farmaciasdesimilares.com/gomitas_mix_de_hongos_multigomi_60pza/p,vtex
3928,SERUM DESPIGMENTANTE 30GR ETERNAL SECRET,,389.0,Belleza,Cuidado de la piel y belleza,,,30000mg,serum,https://www.farmaciasdesimilares.com/eternal_secret_serum_despigmentante_30gr_eternal_secret/p,vtex
3926,DEXLANSOPRAZOL 60MG 7 CAPSULAS LIBERACION RETARDADA TAKEDA,,381.0,Funcionamiento gastrointestinal,Medicamentos,capsula,7,60mg,dexlansoprazol,https://www.farmaciasdesimilares.com/dexlansoprazol_60mg_7_cap_lr_takeda/p,vtex
3925,MAGALDRATO/DIMETICONA 8G/1G/100ML TAKEDA,,179.0,Gastritis,Funcionamiento gastrointestinal,,,1000mg 100ml 8000mg,magaldrato + dimeticona,https://www.farmaciasdesimilares.com/malgadrato_dimet_8g_1g_100ml_takeda/p,vtex
3923,IBUPROFENO / DIFENHIDRAMINA 200MG/25MG 10 CAPSULAS GEL,,99.0,Analgésicos,Analgesia,capsula,10,200mg 25mg,ibuprofeno + difenhidramina,https://www.farmaciasdesimilares.com/ibuprofeno_difenhid_200mg_25mg_10cap_gel/p,vtex
3899,CHUPON BEBE 0-6 MESES NIÑO 1 PIEZA AVENT,,139.0,Accesorio,Bebés,,1,,chupon,https://www.farmaciasdesimilares.com/chupon_bebe_o_6meses_nino_1pza_avent/p,vtex
3897,BALSAMO CALMANTE CON CANNABIDIOL CBD 50MG 90GR,,329.0,Analgésicos,Analgesia,,,50mg 90000mg,cannabidiol,https://www.farmaciasdesimilares.com/balsamo_calmante_c_cannabidiol_50mg_90gr/p,vtex
277,SAW PALMETTO 160MG 60CAPSULAS,,209.0,Medicamentos éticos,Medicamentos,,60,160mg,,https://www.farmaciasdesimilares.com/serenoa_repens_160mg_60_cap/p,vtex
3878,MELISSA / GUAYABA 275MG/3.33MG 30 CAPSULAS,,159.0,Colitis,Funcionamiento gastrointestinal,capsula,30,275mg 3.33mg,melissa + guayaba,https://www.farmaciasdesimilares.com/melissa_guayaba_275mg_333mg_30cap/p,vtex
3846,JABON AVENA MIEL 100GR SIMIPLANETA,,40.0,Higiene,"Higiene, curación y diagnóstico",,,100000mg,avena,https://www.farmaciasdesimilares.com/jabon_avena_miel_100gr_simiplaneta/p,vtex
3845,SHAMPOO SOLIDO PARA CABELLO 80GR SIMIPLANETA,,89.0,Higiene,"Higiene, curación y diagnóstico",,,80000mg,solido,https://www.farmaciasdesimilares.com/shampoo_solido_p_cabello_80gr_simiplanet/p,vtex
3843,LANCETAS ON CALL PLUS 100 PIEZAS,,129.0,Lancetas,Diabetes,,100,,lancetas,https://www.farmaciasdesimilares.com/lancetas_on_call_plus_100pzas/p,vtex
3841,GLUCOMETRO ON CALL PLUS 1 PIEZA,,449.0,Glucómetros,Diabetes,,1,,glucometro,https://www.farmaciasdesimilares.com/glucometro_on_call_plus_1pza/p,vtex
3828,NORFLOXACINO / FENAZOPIRIDINA 400/100MG 16 TABLETAS,,199.0,Antibiótico,Medicamentos,tableta,16,100mg,norfloxacino + fenazopiridina,https://www.farmaciasdesimilares.com/norfloxac_fenazop_400_100mg_16tab/p,vtex
3785,FEBUXOSTAT 80MG 28 TABLETAS,,599.0,Medicamentos éticos,Medicamentos,tableta,28,80mg,febuxostat,https://www.farmaciasdesimilares.com/febuxostat_80mg_28tab/p,vtex
3763,SUERO FACIAL SUPEROXIDO DISMUTASA 30GR ETERNAL,,359.0,Belleza,Cuidado de la piel y belleza,,,30000mg,suero,https://www.farmaciasdesimilares.com/eternal_secret_suero_fac_superoxido_dismut_30gr_eternal/p,vtex
3741,CREMA KARITE ETERNAL CUERPO / MANOS 250ML 1 PIEZA,,159.0,Belleza,Cuidado de la piel y belleza,crema,1,250ml,karite + manos,https://www.farmaciasdesimilares.com/eternal_secret_crema_de_karite_cuerpo_y_manos/p,vtex
3737,METFORMINA / VILDAGLIPTINA  1000MG/50MG 30 COMPRIMIDOS,,429.0,Diabetes,Medicamentos,tableta,30,1000mg 50mg,metformina + vildagliptina,https://www.farmaciasdesimilares.com/metforminavilda_1000mg50mg_30comp/p,vtex
3735,ALLEGRA D ANTIHISTAMINICO PARA CONGESTION NASAL Y ALERGIAS 10 TABLETAS,,389.0,Antigripal,Medicamentos,tableta,10,,allegra + alergias,https://www.farmaciasdesimilares.com/fexofena_fenil_60mg_25mg_10tab_allegra_d/p,vtex
3649,PEZONERA DE SILICON SIMIBABY 2 PIEZAS,,96.0,Lactancia,Bebés,,2,,pezonera,https://www.farmaciasdesimilares.com/simibaby_pezonera_de_silicon_simibaby_2pzas/p,vtex
3064,BENZOCAINA 0.1/1G GEL SABOR UVA SIMI BABY,,71.0,Analgésicos,Analgesia,gel,,1000mg,benzocaina,https://www.farmaciasdesimilares.com/benzocaina_0_1_1g_gel_ sab_uva_simi_baby/p,vtex
3481,BALSAMO FRIO CON EXTRACTO AISLADO DE CANNABIDIOL CBD / ALOE VERA /ARNICA / MANZANILLA 90 GR 1 PIEZA,,309.0,Analgésicos,Analgesia,,1,90000mg,extracto + arnica + manzanilla,https://www.farmaciasdesimilares.com/balsamo_fri_ccannabidiol_cbd_50mg_90gr/p,vtex
2984,TEOFILINA / AMBROXOL .7/.15 GR SOLUCION 150 ML 1 PIEZA,,59.0,Aparato respiratorio,Medicamentos,solucion,1,15000mg 150ml,teofilina + ambroxol,https://www.farmaciasdesimilares.com/teofilinaambrox_sol_150ml/p,vtex
2819,PREDNISOLONA 1MG/1ML SOLUCION 100 ML 1 PIEZA,,219.0,Antiinflamatorio,Medicamentos,solucion,1,100ml 1mg 1ml,prednisolona,https://www.farmaciasdesimilares.com/prednisolona_1mg1ml_100ml_sol/p,vtex
3615,COMBO GEL DENTAL 50 ML + DEDAL SIMIBABY,,59.0,Accesorio,Bebés,gel,,50ml,combo,https://www.farmaciasdesimilares.com/simibaby_combo_gel_dental_50ml_dedal_simibaby/p,vtex
3612,ASPIRADOR NASAL SIMIBABY 1 PIEZA,,134.0,Accesorio,Bebés,,1,,aspirador,https://www.farmaciasdesimilares.com/simibaby_aspirador_nasal_simibaby_1pza/p,vtex
3585,PROTECTORES PARA LACTANCIA PIEZAS SIMI BABY 24 PIEZAS,,59.0,Lactancia,Bebés,,24,,protectores,https://www.farmaciasdesimilares.com/simibaby_protectores_plactancia_24pzas_simi_baby/p,vtex
3559,MONTELUKAST / LEVOCETIRIZINA 10/5MG 14 TABLETAS,,609.0,Aparato respiratorio,Medicamentos,tableta,14,5mg,montelukast + levocetirizina,https://www.farmaciasdesimilares.com/montelukastlevoceti_105mg_14tab/p,vtex
3538,SOLUCION NASAL DE SUPEROXIDACION PH NEUTRO CLORO / OXIGENO ADULTO 30 ML 1 PIEZA,,224.01,Aparato respiratorio,Aparato respiratorio,solucion,1,30ml,nasal + oxigeno,https://www.farmaciasdesimilares.com/antisept_nasal_cloro_oxigeno_ad_sol_30ml/p,vtex
3530,BLOQUEADOR ECOFRIENDLY 50+ 125ML ETERNAL,,249.01,Protector solar,Cuidado de la piel y belleza,,,125ml,ecofriendly,https://www.farmaciasdesimilares.com/eternal_secret_protector_solar_eco_friendly/p,vtex
3487,5- HIDROXITRIPTOFANO 100 MG + VITAMINA B6 6.8 MG 30 CAPSULAS,,129.0,Relajante,Suplementos y multivitamínicos,capsula,30,100mg 6.8mg,,https://www.farmaciasdesimilares.com/5htp_vitamina_b6_30cap/p,vtex
3436,METFORMINA / SITAGLIPTINA 500/50MG 28 TABLETAS,,599.0,Diabetes,Medicamentos,tableta,28,50mg,metformina + sitagliptina,https://www.farmaciasdesimilares.com/metforminasita_50050mg_28tab/p,vtex
3405,ANTICUERPOS AFINOPURIFICADOS / AFINES AL INTERFERON / GAMMA HUMANOINFANTIL 20 TABLETAS,,319.0,Aparato respiratorio,Medicamentos,tableta,20,,anticuerpos + afines + gamma,https://www.farmaciasdesimilares.com/anticuerpos_afinopur_inf_20tab/p,vtex
3285,CREMA HUMECTANTE PARA TATUAJES 74 ML 1 PIEZA,,84.0,Dermatológico,Cuidado de la piel y belleza,crema,1,74ml,tatuajes,https://www.farmaciasdesimilares.com/crema_humectante_p_tatuajes_74ml/p,vtex
2931,CREMA CORPORAL DERMOCOSMETICA PH NATURAL 250 ML 1 PIEZA,,113.01,Dermatológico,Cuidado de la piel y belleza,crema,1,250ml,dermocosmetica,https://www.farmaciasdesimilares.com/crema_corp_dermocos_ph_natural_250ml/p,vtex
2739,SIMI VF KRILL MULTIVITAMINICO / ACEITE DE KRILL / JALEA REAL 60 CAPSULAS,,199.0,Multivitamínicos,Suplementos y multivitamínicos,jalea,60,,krill + jalea,https://www.farmaciasdesimilares.com/simivfkrill_60cap/p,vtex
1893,POMADA DR SIMI 75 GR 1 PIEZA,,44.01,Dermatológico,Cuidado de la piel y belleza,unguento,1,75000mg,,https://www.farmaciasdesimilares.com/pomada_suavizante_simi_75gr/p,vtex
948,PLANTILLA ACOJINADA DAMA 1 PAR,,20.0,Material de curación,"Higiene, curación y diagnóstico",,,,plantilla,https://www.farmaciasdesimilares.com/plantilla_acojinada_dama/p,vtex
871,FENILEFRINA / CLORFENAMINA / GUAIFENESINA / PARACETAMOL INFANTIL JARABE 120 ML 1 PIEZA,,48.0,Antigripal,Aparato respiratorio,jarabe,1,120ml,fenilefrina + clorfenamina + guaifenesina + paracetamol,https://www.farmaciasdesimilares.com/fenil_clor_guai_para_inf_120ml_jbe/p,vtex
848,NEOMICINA .733 GR / CAOLIN 10 GR/ PECTINA .7 GR SUSPENSION 75 ML 1 PIEZA,,36.0,Antidiarreico,Funcionamiento gastrointestinal,suspension,1,10000mg 7000mg 733000mg 75ml,neomicina,https://www.farmaciasdesimilares.com/neomicina_caoli_pectin_susp_75ml/p,vtex
781,LISINOPRIL 10 MG 28 TABLETAS,,50.0,Antihipertensivo,Medicamentos,tableta,28,10mg,lisinopril,https://www.farmaciasdesimilares.com/lisinopril_10mg_28tab/p,vtex
765,FELODIPINO 5MG 20 TABLETAS LIBERACION PROLONGADA,,95.0,Antihipertensivo,Medicamentos,tableta,20,5mg,felodipino,https://www.farmaciasdesimilares.com/felodipino_5mg_20tab_lp/p,vtex
710,SIMI VF Q10 GELATINA BLANDA 100 CAPSULAS,,214.01,Multivitamínicos,Suplementos y multivitamínicos,capsula,100,,,https://www.farmaciasdesimilares.com/simi_vf_q10_100cap/p,vtex
689,CETIRIZINA 100 MG SOLUCION 50 ML 1 PIEZA,,80.0,Antialérgico,Medicamentos,solucion,1,100mg 50ml,cetirizina,https://www.farmaciasdesimilares.com/cetirizina_100mg_50ml/p,vtex
674,ACARBOSA 50 MG 30 TABLETAS,,66.0,Diabetes,Medicamentos,tableta,30,50mg,acarbosa,https://www.farmaciasdesimilares.com/acarbosa_50mg_30tab/p,vtex
658,NITAZOXANIDA 1200MG SUSPENSION 60 ML 1 PIEZA,,69.0,Antiparasitario,Medicamentos,suspension,1,1200mg 60ml,nitazoxanida,https://www.farmaciasdesimilares.com/nitazoxanida_1200mg_susp_60ml/p,vtex
645,YODOPOVIDONA ESPUMA ANTISEPTICA 120 ML 1 PIEZA,,39.01,Material de curación,"Higiene, curación y diagnóstico",,1,120ml,yodopovidona,https://www.farmaciasdesimilares.com/yodopovidona_espuma_antiseptica/p,vtex
629,CEFALEXINA / BROMHEXINA 500/8.782MG 12 CAPSULAS,,72.0,Antibiótico,Medicamentos,capsula,12,8.782mg,cefalexina + bromhexina,https://www.farmaciasdesimilares.com/cefalexina_brom_500_8_782mg_12cap/p,vtex
524,LACTATO GLUCONATO CALCIO / CARBONATO DE CALCIO2.94/.3 GR 12 COMPRIMIDOS EFERVESCENTES,,57.0,Huesos y articulaciones,Medicamentos,tableta,12,3000mg,lactato + carbonato,https://www.farmaciasdesimilares.com/lactato_gluconato_calcio_2_94g/p,vtex
521,METAMIZOL SODICO  5G/100ML JARABE 120ML  1 PIEZA,,51.0,Analgésicos,Medicamentos,jarabe,1,100ml 120ml 5000mg,metamizol,https://www.farmaciasdesimilares.com/metamizol_sodico_jbe_120ml/p,vtex
516,FLUOCINOLONA / CLIOQUINOL .01/3 GR CREMA 1 PIEZA,,49.0,Dermatológico,Medicamentos,crema,1,3000mg,fluocinolona + clioquinol,https://www.farmaciasdesimilares.com/fluocinolona_clioquinol_crema/p,vtex
491,CLARITROMICINA 250MG/5ML SUSPENSION 1 PIEZA,,166.0,Antibiótico,Medicamentos,suspension,1,250mg 5ml,claritromicina,https://www.farmaciasdesimilares.com/claritromicina_250mg_5ml_susp/p,vtex
488,AMOXICILINA / ACIDO CLAVULANICO 200/28.5MG SUSPENSION 40 O 50 ML 1 PIEZA,,33.0,Antibiótico,Medicamentos,suspension,1,28.5mg 50ml,amoxicilina,https://www.farmaciasdesimilares.com/amoxi_ac_cla_200_28_5mg_susp_40_o_50ml/p,vtex
477,ISOCONAZOL 1 GR NITRATO CREMA 1 PIEZA,,40.0,Antimicótico,Medicamentos,crema,1,1000mg,isoconazol,https://www.farmaciasdesimilares.com/isoconazol_nitrato_crema/p,vtex
475,TRIMEBUTINA 20MG/1M PEDIATRICO SUSPENSION GOTAS 30 ML 1 PIEZA,,39.0,Funcionamiento gastrointestinal,Medicamentos,suspension,1,20mg 30ml,trimebutina,https://www.farmaciasdesimilares.com/trimebutina_20mg_1ml_susp_30ml_ped/p,vtex
474,DICICLOVERINA 10 MG 30 TABLETAS,,39.0,Funcionamiento gastrointestinal,Medicamentos,tableta,30,10mg,dicicloverina,https://www.farmaciasdesimilares.com/dicicloverina_10mg_30tab/p,vtex
471,LINCOMICINA 600MG/2ML SOLUCION INYECTABLE 6 AMPOLLETAS,,79.0,Antibiótico,Medicamentos,solucion,6,2ml 600mg,lincomicina,https://www.farmaciasdesimilares.com/lincomicina_600mg_2ml_6amp/p,vtex
460,AMBROXOL / SALBUTAMOL .15/.04 GR SOLUCION 120 ML 1 PIEZA,,45.0,Aparato respiratorio,Medicamentos,solucion,1,120ml 4000mg,ambroxol + salbutamol,https://www.farmaciasdesimilares.com/ambroxol_salbutamol_sol_120ml/p,vtex
43,BENCILPENICILINA PROCAINICA / CRISTALINA 800000UI/2ML SUSPENSION INYECTABLE 1 PIEZA,,25.0,Antibiótico,Medicamentos,suspension,1,2ml 800000ui,bencilpenicilina + cristalina,https://www.farmaciasdesimilares.com/bencilpenicili_procai_800000ui_2ml/p,vtex
424,METFORMINA / GLIBENCLAMIDA 500/2.5MG 60 TABLETAS,,49.0,Diabetes,Medicamentos,tableta,60,2.5mg,metformina + glibenclamida,https://www.farmaciasdesimilares.com/metformina_glib_500_2_5mg_60tab/p,vtex
366,CALCITRIOL  0.25MCG 50 CAPSULAS,,170.0,Huesos y articulaciones,Medicamentos,capsula,50,0.25mcg,calcitriol,https://www.farmaciasdesimilares.com/calcitriol_0_25mcg_50cap/p,vtex
362,AMIKACINA 500MG/2ML SOLUCION INYECTABLE 2 AMPOLLETAS,,60.0,Antibiótico,Medicamentos,solucion,2,2ml 500mg,amikacina,https://www.farmaciasdesimilares.com/amikacina_500mg_2ml_2amp/p,vtex
358,CEFTRIAXONA 500 MG SOLUCION INYECTABLE 1 PIEZA,,49.0,Antibiótico,Medicamentos,solucion,1,500mg,ceftriaxona,https://www.farmaciasdesimilares.com/ceftriaxona_500mg_1amp/p,vtex
3422,FORMULA LACTEA 1-3 AÑOS NUTRIFORMULA 400 GR 1 PIEZA,,133.0,Fórmulas infantiles,Bebés,,1,400000mg,lactea,https://www.farmaciasdesimilares.com/simibaby_formula_lactea_1_3anos_nutri_400gr/p,vtex
3367,DUTASTERIDA / TAMSULOSINA 0.5/0.4MG 30 CAPSULAS GSK,,799.0,Medicamentos éticos,Medicamentos,capsula,30,0.4mg,dutasterida + tamsulosina,https://www.farmaciasdesimilares.com/dutasterida_tamsu_0_5_0_4mg_30cap/p,vtex
3276,CUBREBOCAS KN95 1 PIEZA,,39.0,Material de curación,"Higiene, curación y diagnóstico",,1,,cubrebocas,https://www.farmaciasdesimilares.com/cubrebocas_kn95_1pza/p,vtex
3261,JENGIBRE / CARBON ACTIVADO / TE VERDE / CLOROFILA 60 CAPSULAS,,149.0,Funcionamiento gastrointestinal,Funcionamiento gastrointestinal,capsula,60,,jengibre + carbon + verde + clorofila,https://www.farmaciasdesimilares.com/jengibre_carbon_act_te_vde_60cap/p,vtex
3230,SITAGLIPTINA 100 MG 14 COMPRIMIDOS MERCK,,449.0,Diabetes,Medicamentos,tableta,14,100mg,sitagliptina,https://www.farmaciasdesimilares.com/sitagliptina_100mg_14comp/p,vtex
3227,REPELENTE DE INSECTOS EN AEROSOL DIETIL-META-TOLUAMIDA (DEET) 170 GR 1 PIEZA,,89.0,Repelentes,Cuidado de la piel y belleza,spray,1,170000mg,,https://www.farmaciasdesimilares.com/repelente_insectos_aerosol_170gr/p,vtex
3213,LANCETAS NANOLET 25 PIEZAS,,59.0,Lancetas,Diabetes,,25,,lancetas,https://www.farmaciasdesimilares.com/lancetas_nanolet_25_pzas/p,vtex
3181,METOCLOPRAMIDA 100MG/100ML SOLUCION 1 PIEZA,,171.0,Funcionamiento gastrointestinal,Medicamentos,solucion,1,100mg 100ml,metoclopramida,https://www.farmaciasdesimilares.com/metoclopramida_100mg_100ml_sol/p,vtex
3179,CIPROHEPTADINA 40 MG / CIANOCOBALAMINA 300 MCG SOLUCION 1 PIEZA,,154.0,Medicamentos éticos,Medicamentos,solucion,1,300mcg 40mg,ciproheptadina,https://www.farmaciasdesimilares.com/ciproheptadina_cianocobalamina_sol/p,vtex
3032,CLOTRIMAZOL/ DEXAMETASONA 1GR/0.04GR CREMA 30 GR BAYCUTEN,,289.0,Antimicótico,Medicamentos,crema,,1000mg 30000mg 40mg,clotrimazol + dexametasona,https://www.farmaciasdesimilares.com/clotrim_dexam_1g_0_04g_crem30gr_baycuten/p,vtex
2960,GLUCOMETRO ACCU-CHEK ACTIVE 1 PIEZA,,749.0,Glucómetros,Diabetes,,1,,glucometro,https://www.farmaciasdesimilares.com/glucometro_accu_chek_active/p,vtex
2930,PILA ALCALINA LARGA DURACION AAA 3+1 4 PIEZAS,,124.0,Material de diagnóstico,"Higiene, curación y diagnóstico",,4,,,https://www.farmaciasdesimilares.com/pila_alcalina_larga_duracion_aaa_3_1/p,vtex
2929,PILA ALCALINA LARGA DURACION AA 3+1  4 PIEZAS,,124.0,Material de diagnóstico,"Higiene, curación y diagnóstico",,4,,,https://www.farmaciasdesimilares.com/pila_alcalina_larga_duracion_aa_3_1/p,vtex
2926,ACIDO CITRICO / CITRATO DE POTASIO SOLUCION 5/30 GR 150 ML 1 PIEZA,,259.0,Medicamentos éticos,Medicamentos,solucion,1,150ml 30000mg,citrato,https://www.farmaciasdesimilares.com/acido_citrico_cit_pot_sol_150ml/p,vtex
2828,METFORMINA / GLIMEPIRIDA 1000MG/4MG 16 TABLETAS,,249.0,Diabetes,Medicamentos,tableta,16,1000mg 4mg,metformina + glimepirida,https://www.farmaciasdesimilares.com/metformina_glimep_1000mg_4mg_16tab/p,vtex
2792,RASTRILLO PARA CABALLERO TRIPLE HOJA 2 PIEZAS,,49.0,Higiene,"Higiene, curación y diagnóstico",,2,,rastrillo,https://www.farmaciasdesimilares.com/rastrillo_caballero_3hojas_2pzas/p,vtex
2707,HALOPERIDOL 5 MG 20 TABLETAS,,69.0,Enfermedades mentales,Medicamentos,tableta,20,5mg,haloperidol,https://www.farmaciasdesimilares.com/haloperidol_5mg_20tab/p,vtex
2689,CEPILLO DE DIENTES INFANTIL 1 PIEZA,,27.0,Higiene,"Higiene, curación y diagnóstico",,1,,cepillo,https://www.farmaciasdesimilares.com/cepillo_dental_inf_1pza/p,vtex
2680,CUBREBOCA INFANTIL TRIPLE PLIEGUE 5 PIEZAS,,31.0,Material de curación,"Higiene, curación y diagnóstico",,5,,cubreboca,https://www.farmaciasdesimilares.com/cubreboca_inf_triple_pliegue_5pzas/p,vtex
26,AMOXICILINA 250 MG SUSPENSION 75 ML 1 PIEZA,,34.0,Antibiótico,Medicamentos,suspension,1,250mg 75ml,amoxicilina,https://www.farmaciasdesimilares.com/amoxicilina_250mg_susp_75ml/p,vtex
2531,DIETA POLIMERICA SIN FIBRA BAJA EN CARBOHIDRATOS SABOR FRESA 236 ML 1 PIEZA,,66.0,Dieta polimérica,Suplementos y multivitamínicos,,1,236ml,dieta,https://www.farmaciasdesimilares.com/dieta_polim_s_fib_baj_carb_fres_236ml/p,vtex
2530,DIETA POLIMERICA SIN FIBRA BAJA EN CARBOHIDRATOS SABOR MOKA 1 PIEZA,,66.0,Dieta polimérica,Suplementos y multivitamínicos,,1,,dieta,https://www.farmaciasdesimilares.com/dieta_polim_s_fib_baj_carb_moka_236ml/p,vtex
2526,DIETA POLIMERICA SIN FIBRA SABOR FRESA 236ML 1 PIEZA,,51.5,Dieta polimérica,Suplementos y multivitamínicos,,1,236ml,dieta,https://www.farmaciasdesimilares.com/dieta_polim_s_fibra_fresa_236ml/p,vtex
2463,CLORURO DE POTASIO 500 MG 50 GRAGEAS,,267.0,Medicamentos éticos,Medicamentos,tableta,50,500mg,cloruro,https://www.farmaciasdesimilares.com/cloruro_de_potasio_500mg_50grag/p,vtex
2448,COBAMAMIDA 1000 MCG 12 SOBRES,,236.0,Medicamentos éticos,Medicamentos,sobre,12,1000mcg,cobamamida,https://www.farmaciasdesimilares.com/cobamamida_1000mcg_12sobres/p,vtex
2256,RESPI SIMIMAX ACIDO ASCORBICO / ECHINACEA / ZINC 30 CAPSULAS,,105.0,Sistema inmune,Aparato respiratorio,capsula,30,,respi + echinacea,https://www.farmaciasdesimilares.com/respi_simimax_30cap_vit_c_echinacea_zinc/p,vtex
2232,TELMISARTAN / HIDROCLOROTIAZIDA  80/12.5 MG BOEHRINGER 14 TABLETAS,,269.0,Antihipertensivo,Medicamentos,tableta,14,12.5mg,telmisartan + hidroclorotiazida,https://www.farmaciasdesimilares.com/telmisartan_hidro_14tab_boehrin/p,vtex
223,CEFUROXIMA  750MG/5ML SOLUCION INYECTABLE 1 AMPOLLETA,,76.0,Antibiótico,Medicamentos,solucion,1,5ml 750mg,cefuroxima,https://www.farmaciasdesimilares.com/cefuroxima_750mg_5ml_1amp/p,vtex
2128,BIPERIDENO 2 MG 30 TABLETAS,,119.0,Enfermedades mentales,Medicamentos,tableta,30,2mg,biperideno,https://www.farmaciasdesimilares.com/biperideno_2mg_30tab/p,vtex
2036,GOMITAS ACIDO GLUTAMICO 100 PIEZAS WARNER KIDS,,109.01,Memoria y rendimiento,Suplementos y multivitamínicos,,100,,gomitas,https://www.farmaciasdesimilares.com/gomitas_ac_glutam_100pza_warner_kids/p,vtex
2014,BAÑO COLOIDE POLVO EN SOBRE 90 GR 1 PIEZA,,51.0,Dermatológico,Cuidado de la piel y belleza,polvo,1,90000mg,,https://www.farmaciasdesimilares.com/bano_coloide_1_sobre_90gr/p,vtex
1978,VITAMINA B12 / MINERALES 5 ML SOLUCION ORAL 10 AMPOLLETAS,,174.0,Multivitamínicos,Suplementos y multivitamínicos,solucion,10,5ml,,https://www.farmaciasdesimilares.com/vitamina_b12_minerales_5ml_10amp/p,vtex
1902,RAMIPRIL 5 MG 16 TABLETAS,,99.0,Antihipertensivo,Medicamentos,tableta,16,5mg,ramipril,https://www.farmaciasdesimilares.com/ramipril_5mg_16tab/p,vtex
1899,DIOSMINA 600 MG 15 COMPRIMIDOS,,191.0,Flebotónico,Medicamentos,tableta,15,600mg,diosmina,https://www.farmaciasdesimilares.com/diosmina_600mg_15com/p,vtex
1895,LOSARTAN / HIDROCLOROTIAZIDA 100/12.5MG 15 COMPRIMIDOS,,139.0,Antihipertensivo,Medicamentos,tableta,15,12.5mg,losartan + hidroclorotiazida,https://www.farmaciasdesimilares.com/losartan_hidro_100_12_5mg15comp/p,vtex
185,TRIMETOPRIMA / SULFAMETOXAZOL 80/400MG 20 TABLETAS,,24.0,Antibiótico,Medicamentos,tableta,20,400mg,trimetoprima + sulfametoxazol,https://www.farmaciasdesimilares.com/trimeto_sulf_80_400mg_20tab/p,vtex
1845,ATENOLOL/CLORTALIDONA 50/12.5MG 28 O 30 TABLETAS,,134.0,Antihipertensivo,Medicamentos,tableta,30,12.5mg,atenolol + clortalidona,https://www.farmaciasdesimilares.com/atenolol-clort_50-12-5mg_28_o_30tab/p,vtex
184,TRIMETOPRIMA/SULFAMETOXAZOL 800/4000MG SUSPENSION 120ML,,31.0,Antibiótico,Medicamentos,suspension,,120ml 4000mg,trimetoprima + sulfametoxazol,https://www.farmaciasdesimilares.com/trimetopri_sulfa_800_4000mg_susp_120ml/p,vtex
1787,SIMICOMPLEX PROTEINAS / VITAMINAS / MINERALES SABOR FRESA POLVO PARA PREPARAR BEBIDA 10 SOBRES,,394.01,Proteínas,Deportistas,polvo,10,,simicomplex + minerales,https://www.farmaciasdesimilares.com/prot_simicomplex_fresa_10sob/p,vtex
1786,SIMICOMPLEX PROTEINAS / VITAMINAS / MINERALES SABOR VAINILLA POLVO PARA PREPARAR BEBIDA 10 SOBRES,,394.01,Proteínas,Deportistas,polvo,10,,simicomplex + minerales,https://www.farmaciasdesimilares.com/prot_simicomplex_vaini_10sob/p,vtex
1785,TIRAS REACTIVAS ONE TOUCH 10 PIEZAS,,148.0,Tiras reactivas,Diabetes,,10,,tiras,https://www.farmaciasdesimilares.com/tiras_react_one_touch_10pzas/p,vtex
1720,SIMIANGO VITAMINAS / MINERALES / EXTRACTO DE MANGOSTINO POLVO PARA PREPARAR BEBIDA 1 SOBRE,,11.5,Multivitamínicos,Suplementos y multivitamínicos,polvo,1,,simiango + minerales + extracto,https://www.farmaciasdesimilares.com/simiango_1_sobre_12gr/p,vtex
1651,FORMULA LACTEA 0-6 MESES NUTRIFORMULA 400 GR 1 PIEZA,,159.0,Fórmulas infantiles,Bebés,,1,400000mg,lactea,https://www.farmaciasdesimilares.com/simibaby_formula_lactea_0_6meses_nutri_400gr/p,vtex
1650,FORMULA LACTEA 6-12 MESES NUTRIFORMULA 400 GR 1 PIEZA,,159.0,Fórmulas infantiles,Bebés,,1,400000mg,lactea,https://www.farmaciasdesimilares.com/simibaby_formula_lactea_6_12meses_nutri_400gr/p,vtex
1623,BALSAMO HIDRATANTE NATURAL BLUE MOON 4 GR 1 PIEZA,,28.0,Belleza,Cuidado de la piel y belleza,,1,4000mg,,https://www.farmaciasdesimilares.com/balsamo_hidrat_natural_4gr_blue_moon/p,vtex
1592,LOSARTAN / HIDROCLOROTIAZIDA 100/25MG 15 COMPRIMIDOS,,129.0,Antihipertensivo,Medicamentos,tableta,15,25mg,losartan + hidroclorotiazida,https://www.farmaciasdesimilares.com/losartan_hidro_100_25mg_15comp/p,vtex
1589,SIMICOF DIAB HEDERA HELIX / BUGAMBILIA / FIBRA SOLUBLE Y JUGO DE ARANDANO JARABE 120 ML 1 PIEZA,,64.0,Gripa y tos,Aparato respiratorio,jarabe,1,120ml,simicof + bugambilia + fibra,https://www.farmaciasdesimilares.com/simicof_diab_jarabe_120ml/p,vtex
1582,SIMIRICO INFANTIL POLVO SABOR VAINILLA 400 GR 1 PIEZA,,184.0,Dieta polimérica,Suplementos y multivitamínicos,polvo,1,400000mg,simirico,https://www.farmaciasdesimilares.com/simirico_inf_pvo_vainilla_400gr/p,vtex
1545,FLOROGLUCINOL 2GR/100ML  SOLUCION GOTAS SABOR LIMON 30 ML 1 PIEZA,,116.0,Analgésicos,Analgesia,solucion,1,100ml 2000mg 30ml,floroglucinol,https://www.farmaciasdesimilares.com/floroglucinol_2gr_100ml_gts_30ml_sab_lim/p,vtex
1525,LOSARTAN POTASICO 100 MG 15 TABLETAS,,84.5,Antihipertensivo,Medicamentos,tableta,15,100mg,losartan,https://www.farmaciasdesimilares.com/losartan_potasico_100mg_15tab/p,vtex
1521,JERINGA PARA INSULINA 1ML CON AGUJA 30GX13MM 10 PIEZAS,,49.0,Material de curación,"Higiene, curación y diagnóstico",,10,1ml,,https://www.farmaciasdesimilares.com/jeringa_p_insulina_1ml_30x13_10pzas/p,vtex
150,NAPROXENO SODICO/PARACETAMOL 100MG/200MG 5 SUPOSITORIOS,,36.0,Antiinflamatorio,Medicamentos,supositorio,5,100mg 200mg,naproxeno + paracetamol,https://www.farmaciasdesimilares.com/naproxeno_sod_parac_100mg_200mg_5_supos/p,vtex
1486,BUTILHIOSCINA SOLUCION 15 ML 1 PIEZA,,53.0,Analgésicos,Medicamentos,solucion,1,15ml,butilhioscina,https://www.farmaciasdesimilares.com/butilhioscina_frasco_sol_15ml/p,vtex
13,ALBENDAZOL SUSPENSION 20 ML 1 PIEZA,,7.0,Antiparasitario,Medicamentos,suspension,1,20ml,albendazol,https://www.farmaciasdesimilares.com/albendazol_susp_20ml/p,vtex
127,KETOTIFENO 1 MG 30 TABLETAS,,54.0,Antialérgico,Medicamentos,tableta,30,1mg,ketotifeno,https://www.farmaciasdesimilares.com/ketotifeno_1mg_30tab/p,vtex
1181,TRIMEBUTINA SUSPENSION  2G/100ML 1 PIEZA,,76.0,Funcionamiento gastrointestinal,Medicamentos,suspension,1,100ml 2000mg,trimebutina,https://www.farmaciasdesimilares.com/trimebutina_susp_2g_100ml/p,vtex
1104,SIMIFLEX TRIN GLUCOSAMINA / CONDROITINA / ACIDO ASCORBICO 90 COMPRIMIDOS,,294.0,Huesos y articulaciones,Analgesia,tableta,90,,simiflex + condroitina,https://www.farmaciasdesimilares.com/simiflex_trin_90comp_gluc_condr_ac_ascor/p,vtex
1031,QUINFAMIDA / ALBENDAZOL 100/200MG PEDIATRICO SUSPENSION 10 ML 1 PIEZA,,36.0,Antiparasitario,Funcionamiento gastrointestinal,suspension,1,10ml 200mg,quinfamida + albendazol,https://www.farmaciasdesimilares.com/quinfamida_albend_100_200mg_10ml_ped/p,vtex
111,GENTAMICINA 160MG/2ML SOLUCION INYECTABLE 5 AMPOLLETA,,48.0,Antibiótico,Medicamentos,solucion,5,160mg 2ml,gentamicina,https://www.farmaciasdesimilares.com/gentamicina_160mg_2ml_5amp/p,vtex
1624,RASTRILLO PARA DAMA TRIPLE HOJA CABEZA MOVIL 1 PIEZA,,24.01,Higiene,"Higiene, curación y diagnóstico",,1,,rastrillo,https://www.farmaciasdesimilares.com/rastrillo_dama_3_hojas_1pza_cabeza_movil/p,vtex
947,PLANTILLA ACOJINADA CABALLERO 1 PAR,,20.0,Material de curación,"Higiene, curación y diagnóstico",,,,plantilla,https://www.farmaciasdesimilares.com/plantilla_acojinada_caballero/p,vtex
2791,ALIMENTO EN POLVO SABOR VAINILLA PARA DIABETICOS 400 GR 1 PIEZA,,469.0,Dieta polimérica,Suplementos y multivitamínicos,polvo,1,400000mg,alimento,https://www.farmaciasdesimilares.com/alimento_en_pvo_vainilla_para_diab_400gr/p,vtex
4405,PANTENOL/ARNICA/CALENDULA POMADA 113GR SIMIBABY,,139.0,Cuidado del bebé,Bebés,unguento,,113000mg,pantenol + arnica + calendula,https://www.farmaciasdesimilares.com/simibaby_pantenol-arnica-cale-pomada_113gr/p,vtex
4401,TOBILLERA ELASTICA ADULTO 1 PIEZA,,89.0,Material de curación,"Higiene, curación y diagnóstico",,1,,tobillera,https://www.farmaciasdesimilares.com/tobillera_elastica_adul_1pza/p,vtex
4259,PREDNISOLONA 3MG/ML SOLUCION 100ML,,399.0,Antiinflamatorio,Medicamentos,solucion,,100ml 3mg,prednisolona,https://www.farmaciasdesimilares.com/prednisolona_3m-ml_solucion_100ml/p,vtex
4055,MULTIVITAMINICO 20 TABLETAS EFERVESCENTES TUBO NARANJA,,99.01,Multivitamínicos,Suplementos y multivitamínicos,tableta,20,,multivitaminico,https://www.farmaciasdesimilares.com/multivitaminico_20tab_eferv_tubo_naranja/p,vtex
3896,IRBESARTAN / AMLODIPINO 150MG/5MG 14 TABLETAS,,399.0,Antihipertensivo,Medicamentos,tableta,14,150mg 5mg,irbesartan + amlodipino,https://www.farmaciasdesimilares.com/irbersartan_amlodipino_150mg_5mg_14tab/p,vtex
3795,HISTIACIL FAM SOLUCION PEDIATRICA SABOR UVA 60ML. ALIVIO DE LA TOS SECA,,139.0,Gripa y tos,Aparato respiratorio,solucion,,60ml,histiacil,https://www.farmaciasdesimilares.com/guaifene_oxol_60ml_sol_ped_histiacil/p,vtex
3783,HIERRO / ACIDO FOLICO 90MG/1000MCG 30 TABLETAS,,329.0,Multivitamínicos,Suplementos y multivitamínicos,tableta,30,1000mcg 90mg,hierro,https://www.farmaciasdesimilares.com/simibaby_hierro_ac_folico_90mg_1000mcg_30_tab/p,vtex
367,HIDROCORTISONA 500MG 1 AMPOLLETA,,79.0,Antiinflamatorio,Medicamentos,inyectable,1,500mg,hidrocortisona,https://www.farmaciasdesimilares.com/hidrocortisona_500mg_1amp/p,vtex
2414,SUCANON 24 TABLETAS,,176.0,Multivitamínicos,Suplementos y multivitamínicos,tableta,24,,sucanon,https://www.farmaciasdesimilares.com/sucanon_24tab/p,vtex
3626,FRAGANCIA PARA CABALLERO ALFA 60 ML 1 PIEZA,,249.01,Belleza,Cuidado de la piel y belleza,,1,60ml,caballero,https://www.farmaciasdesimilares.com/alfa_fragancia_para_caballero_alfa_60ml/p,vtex
3625,FRAGANCIA PARA DAMA ETERNAL SECRET 60 ML 1 PIEZA,,249.0,Belleza,Cuidado de la piel y belleza,,1,60ml,,https://www.farmaciasdesimilares.com/eternal_secret_fragancia_floral_eternal_secret/p,vtex
542,VALPROATO DE MAGNESIO SOLUCION 40 ML 1 PIEZA,,99.0,Anticonvulsivo,Medicamentos,solucion,1,40ml,valproato,https://www.farmaciasdesimilares.com/valproato_de_magnesio_sol_40ml/p,vtex
527,NORFLOXACINO 400 MG 20 TABLETAS,,79.0,Antibiótico,Medicamentos,tableta,20,400mg,norfloxacino,https://www.farmaciasdesimilares.com/norfloxacino_400mg_20tab/p,vtex
416,AMOXICILINA / ACIDO CLAVULANICO 125/31.25 MG SUSPENSION 60 ML 1 PIEZA,,42.0,Antibiótico,Medicamentos,suspension,1,31.25mg 60ml,amoxicilina,https://www.farmaciasdesimilares.com/amoxicilina_ac_cla_125mg_60ml/p,vtex
41,BENCILPENICILINA / BENZATINA SUSPENSION INYECTABLE 1 PIEZA,,34.0,Antibiótico,Medicamentos,suspension,1,,bencilpenicilina + benzatina,https://www.farmaciasdesimilares.com/bencilpenicili_b_1200000u_5ml/p,vtex
3366,CARBOCISTEINA 375MG/5ML SOLUCION 150 ML 1 PIEZA,,86.0,Aparato respiratorio,Aparato respiratorio,solucion,1,150ml 375mg 5ml,carbocisteina,https://www.farmaciasdesimilares.com/carbocisteina_375mg_5ml_sol_150ml/p,vtex
3210,DIETA POLIMERICA INFANTIL POLVO SIMIRICO SABOR CHOCOLATE 400 GR 1 PIEZA,,184.0,Dieta polimérica,Suplementos y multivitamínicos,polvo,1,400000mg,dieta,https://www.farmaciasdesimilares.com/simirico_inf_pvo_choco_400gr/p,vtex
3197,NORFLOXACINO / FENAZOPIRIDINA 400/100MG 16 TABLETAS ASOFARMA,,379.0,Antibiótico,Medicamentos,tableta,16,100mg,norfloxacino + fenazopiridina,https://www.farmaciasdesimilares.com/norfloxacino_fenazopiridina_400_100mg/p,vtex
2865,GLUCOSAMINA / CONDROITINA / MSM / AJO / ZINC / MAGNESIO / VITAMINAS YMINERALES 420 GR 1 PIEZA,,269.0,Huesos y articulaciones,Analgesia,,1,420000mg,glucosamina + condroitina + magnesio,https://www.farmaciasdesimilares.com/gluc_condr_msm_ajo_zinc_magn_vit_420gr/p,vtex
2696,PASTA DENTAL NIÑOS ORAL-B 75 ML 1 PIEZA,,47.0,Higiene,"Higiene, curación y diagnóstico",unguento,1,75ml,pasta,https://www.farmaciasdesimilares.com/pasta_dental_ninos_75ml_oral_b/p,vtex
2553,GUAIFENESINA 200 MG / FENILEFRINA 100 MG / DEXTROMETORFANO 200 MG INFANTIL SOLUCION 150 ML 1 PIEZA,,59.0,Gripa y tos,Aparato respiratorio,solucion,1,100mg 150ml 200mg,guaifenesina,https://www.farmaciasdesimilares.com/guaifenesina_fenil_dext_inf_150ml/p,vtex
2552,GUAIFENESINA / FENILEFRINA / DEXTROMETORFANO PEDIATRICO SOLUCION GOTAS 60 ML 1 PIEZA,,42.0,Gripa y tos,Aparato respiratorio,solucion,1,60ml,guaifenesina + fenilefrina + dextrometorfano,https://www.farmaciasdesimilares.com/guaifenesina_fenil_dext_ped_60ml/p,vtex
2525,DIETA POLIMERICA SIN FIBRA SABOR CHOCOLATE 236 ML 1 PIEZA,,51.5,Dieta polimérica,Suplementos y multivitamínicos,,1,236ml,dieta,https://www.farmaciasdesimilares.com/dieta_polim_s_fibra_choco_236ml/p,vtex
1792,FENILEFRINA / CLORFENAMINA / GUAIFENESINA / PARACETAMOL PEDIATRICO SOLUCION GOTAS 30 ML 1 PIEZA,,34.0,Aparato respiratorio,Aparato respiratorio,solucion,1,30ml,fenilefrina + clorfenamina + guaifenesina + paracetamol,https://www.farmaciasdesimilares.com/fenil_clor_guai_para_pedgts30ml/p,vtex
1581,SIMIRICO INFANTIL POLVO SABOR FRESA 400 GR 1 PIEZA,,184.0,Dieta polimérica,Suplementos y multivitamínicos,polvo,1,400000mg,simirico,https://www.farmaciasdesimilares.com/simirico_inf_pvo_fresa_400gr/p,vtex
1445,JERINGA PERA NO. 0 1 PIEZA SIMI BABY,,46.0,Accesorio,Bebés,,1,,,https://www.farmaciasdesimilares.com/simibaby_jeringa_pera_no_0_1_pza_simi_baby/p,vtex
1190,CALCETIN PARA DIABETICO COLOR GRIS UNISEX 1 PAR,,61.0,Diabetes,Diabetes,,1,,,https://www.farmaciasdesimilares.com/calcetin_p_diab_gris_1par_unisex/p,vtex
1011,BIBERON DE 8 ONZAS CON MAMILA 1 PIEZA,,24.01,Accesorio,Bebés,,1,,biberon,https://www.farmaciasdesimilares.com/simibaby_biberon_de_8onz_c_mamila/p,vtex
515,CLIOQUINOL CREMA 20 GR 1 PIEZA,,15.0,Dermatológico,Cuidado de la piel y belleza,crema,1,20000mg,clioquinol,https://www.farmaciasdesimilares.com/clioquinol_crema_20gr/p,vtex
4558,NICOTIDAMINA MONONUCLEOTIDO 200 MG 60 CAPSULAS,,349.0,Belleza,Suplementos y multivitamínicos,capsula,60,200mg,nicotidamina,https://www.farmaciasdesimilares.com/nicotidamina_mononucleotido_200mg_60cap/p,vtex
4518,SERENOA REPENS/URTICA 160 MG/120 MG 20 CAPSULAS,,429.0,Medicamentos éticos,Medicamentos,capsula,20,120mg 160mg,serenoa + urtica,https://www.farmaciasdesimilares.com/serenoa_repens-urtica_160mg-120mg_20cap/p,vtex
4461,DORZOLAMIDA/TIMOLOL/BRIMONIDINA SOLUCION 5ML,,569.0,Oftalmológico,Medicamentos,solucion,,5ml,dorzolamida + timolol + brimonidina,https://www.farmaciasdesimilares.com/dorzolamida-timolol-brimonidina_sol_5ml/p,vtex
4430,LUTEINA/ ZEAXATINA/VITAMINA A 30 CAPSULAS GEL,,134.0,Multivitamínicos,Suplementos y multivitamínicos,capsula,30,,luteina + zeaxatina,https://www.farmaciasdesimilares.com/luteina-zeaxatina-vit_a_30capgel/p,vtex
4357,PREDNISOLONA/SULFACETAMIDA 5ML SUSPENSION OFTALMICA,,129.0,Oftalmológico,Medicamentos,suspension,,5ml,prednisolona + sulfacetamida,https://www.farmaciasdesimilares.com/prednisolona-sulfa_5ml_susp_oft/p,vtex
4312,CUBREBOCA INFANTIL DOCTOR SIMI TRIPLE PLIEGUE 5 PIEZAS,,31.0,Material de curación,"Higiene, curación y diagnóstico",,5,,cubreboca,https://www.farmaciasdesimilares.com/cubreboca_triple_plie_inf_dr_simi_5pzas/p,vtex
4305,FENOFIBRATO/ATORVASTATINA 160MG/20MG 15 TABLETAS,,369.0,Hipolipemiante,Medicamentos,tableta,15,160mg 20mg,fenofibrato + atorvastatina,https://www.farmaciasdesimilares.com/fenofibrato-atorvast_160mg-20mg_15tab/p,vtex
4303,BUFENINA/DIFENILPIRALINA/AMINOFENAZONA 25ML SOLUCION GOTAS,,159.0,Antialérgico,Medicamentos,solucion,,25ml,bufenina + difenilpiralina + aminofenazona,https://www.farmaciasdesimilares.com/bufenina-difenil-amino_25ml_sol_gts/p,vtex
4273,PARECOXIB 40MG/2ML 2FRASCOS + 2 AMPOLLETAS DYNASTAT,,579.0,Analgésicos,Medicamentos,inyectable,2,2ml 40mg,parecoxib,https://www.farmaciasdesimilares.com/parecoxib_40mg_2ml_2fa-2amp_dynastat/p,vtex
4244,MANTECA DE KARITE PARA TATUAJES 75GR BARKER,,230.0,Dermatológico,Cuidado de la piel y belleza,,,75000mg,manteca,https://www.farmaciasdesimilares.com/mantequilla_para_tatuajes_75gr_barker/p,vtex
4262,VIT B1/B2/B12 3MG/2MG/6MCG 10ML 10 AMPOLLETAS,,299.0,Multivitamínicos,Suplementos y multivitamínicos,inyectable,10,10ml 2mg 3mg 6mcg,,https://www.farmaciasdesimilares.com/vit_b1-b2-b12_3mg-2mg-6mcg_10ml_10amp/p,vtex
4261,CAMARA ESPACIADORA ADULTO + 10 AÑOS 1PIEZA,,499.0,Material de curación,"Higiene, curación y diagnóstico",,1,,camara,https://www.farmaciasdesimilares.com/camara_espaciadora_adulto_10_anios_1pza/p,vtex
4247,FORMULA LACTEA 1AÑO + 330 GR NAN 3,,99.0,Fórmulas infantiles,Bebés,,,330000mg,lactea,https://www.farmaciasdesimilares.com/formula_lactea_1anio_330_gr_nan_3/p,vtex
4216,MAGNESIO/GABA/L TEANINA/L TRIPTOFANO 150GR,,297.01,Relajante,Suplementos y multivitamínicos,,,150000mg,magnesio + teanina + triptofano,https://www.farmaciasdesimilares.com/magnesio_gaba_l_teaninal_tripto_150gr/p,vtex
4197,SOLANUM TUBEROSUM 300MG 30 CAPSULAS RAPID C2K,,349.0,Peso y metabolismo,Peso y metabolismo,capsula,30,300mg,solanum,https://www.farmaciasdesimilares.com/s_tuberosum_300mg_30cap_rapid_c2k/p,vtex
4151,METFORMINA/EMPAGLIFLOZINA 1000MG/12.5MG 30 TABLETAS,,1131.0,Diabetes,Medicamentos,tableta,30,1000mg 12.5mg,metformina + empagliflozina,https://www.farmaciasdesimilares.com/metformina_empagli_1000mg_12_5mg_30tab/p,vtex
4049,MULTIVITAMINICO/HIERRO/COLINA JARABE 240ML,,199.0,Multivitamínicos,Suplementos y multivitamínicos,jarabe,,240ml,multivitaminico + hierro + colina,https://www.farmaciasdesimilares.com/multivitaminico_hierro_colina_jbe_240ml/p,vtex
4128,MAGNESIO/COMPLEJO B POLVO 5 GR 15 SOBRES,,199.0,Multivitamínicos,Suplementos y multivitamínicos,polvo,15,5000mg,magnesio + complejo,https://www.farmaciasdesimilares.com/magnesio_complejo_b_pvo_5gr_15sobres/p,vtex
4091,MOMETASONA/AZELASTINA 50/140MCG 150 DOSIS SUSPENSIÓN,,669.0,Antialérgico,Medicamentos,suspension,,140mcg,mometasona + azelastina,https://www.farmaciasdesimilares.com/mometas_azelasti_50_140mcg_150dosis_susp/p,vtex
4089,CREMA FACIAL CON COLAGENO 50GR ETERNAL SECRET,,349.0,Belleza,Cuidado de la piel y belleza,crema,,50000mg,colageno,https://www.farmaciasdesimilares.com/eternal_secret_crema_facial_c_colageno_50gr_eternal_sec/p,vtex
4060,GOMITAS ELDERBERRY 60 PIEZAS MULTIGOMI,,219.0,Sistema inmune,Aparato respiratorio,,60,,gomitas,https://www.farmaciasdesimilares.com/gomitas_elderberry_60-pzas_multigomi/p,vtex
3984,SHAMPOO KIDS 400ML SIMI CHAPULIN,,69.0,Higiene,"Higiene, curación y diagnóstico",,,400ml,,https://www.farmaciasdesimilares.com/shampoo_kids_400ml_simi_chapulin/p,vtex
3972,SIMI FX UCII COLAGENO POLVO 15 SOBRES,,319.0,Huesos y articulaciones,Analgesia,polvo,15,,,https://www.farmaciasdesimilares.com/simi_fx_ucii_colageno_pvo_15_sobres/p,vtex
3945,CREMA CALENDULA / BABA DE CARACOL / CENTELLA 100GR,,359.0,Material de curación,"Higiene, curación y diagnóstico",crema,,100000mg,calendula + centella,https://www.farmaciasdesimilares.com/crema_calendula_baba_centella_100gr/p,vtex
3902,ELECTROLITO POLVO 10SOBRES XGEAR CHOCOLATE,,85.0,Complementos,Deportistas,polvo,10,,electrolito,https://www.farmaciasdesimilares.com/xgear_electrolito_pvo_10sob_xgear_choco_4_8gr/p,vtex
3852,VENDAS ADHESIVA NIÑOS CHESPIRITO 30 PIEZAS,,29.0,Material de curación,"Higiene, curación y diagnóstico",,30,,vendas,https://www.farmaciasdesimilares.com/vendas_adhesiva_ninos_chespirito_30_pzas/p,vtex
3844,CEPILLO DENTAL BAMBU 1 PIEZA SIMIPLANETA,,39.0,Higiene,"Higiene, curación y diagnóstico",,1,,cepillo,https://www.farmaciasdesimilares.com/cepillo_dental_bambu_1pza_simiplaneta/p,vtex
3839,PARACETAMOL 80MG 30 TABLETAS MASTICABLES TEMPRA,,103.0,Analgésicos,Analgesia,tableta,30,80mg,paracetamol,https://www.farmaciasdesimilares.com/paracetamol_80mg_30_tab_mast_tempra/p,vtex
3792,ACIDO ASCORBICO 250MG 10SOBRES SIMIBABY,,94.0,Sistema inmune,Aparato respiratorio,,10,250mg,,https://www.farmaciasdesimilares.com/simibaby_ac_ascorbico_250mg_10sob_simibaby/p,vtex
3769,FEXOFENADINA 600 MG / 100 ML SUSPENSION 60 ML ALLEGRA,,229.0,Antialérgico,Medicamentos,suspension,,100ml 600mg 60ml,fexofenadina,https://www.farmaciasdesimilares.com/fexonadi_600mg-100ml_susp_60ml_allegra/p,vtex
3759,ISOTIPENDILO 0.75GR/100GR JALEA 25 GR 1 PIEZA,,139.0,Repelentes,Cuidado de la piel y belleza,jalea,1,100000mg 25000mg 750mg,isotipendilo,https://www.farmaciasdesimilares.com/isotipen_075gr100gr_jalea_25gr/p,vtex
1625,PARACETAMOL 300 MG 6 SUPOSITORIOS,,51.0,Analgésicos,Analgesia,supositorio,6,300mg,paracetamol,https://www.farmaciasdesimilares.com/paracetamol_300mg_6_supos/p,vtex
3734,LORATADINA 16.66/ FENILEFRINA 33.33 MG / PARACETAMOL 3.2 GR JARABE 120 ML 1 PIEZA,,65.0,Antigripal,Aparato respiratorio,jarabe,1,120ml 3200mg 33.33mg,loratadina,https://www.farmaciasdesimilares.com/fenilefrinaloratparace_jbe_120ml/p,vtex
3733,AMBROXOL / CLENBUTEROL SOLUCION BROXOL PLUS 120 ML 1 PIEZA,,209.0,Aparato respiratorio,Medicamentos,solucion,1,120ml,ambroxol + clenbuterol,https://www.farmaciasdesimilares.com/ambroxclenbut_sol_120ml_broxol_plus/p,vtex
3652,BIBERON ANTICOLICO 260ML 1 PIEZA,,189.0,Accesorio,Bebés,,1,260ml,biberon,https://www.farmaciasdesimilares.com/simibaby_biberon_anticolico_260ml/p,vtex
3117,DRACAGEL 60GR 1 PIEZA,,113.01,Antiinflamatorios,Analgesia,,1,60000mg,dracagel,https://www.farmaciasdesimilares.com/dracagel_60gr/p,vtex
40,BENCIDAMINA CLORHIDRATO GEL 60 GR 1 PIEZA,,99.0,Antiinflamatorios,Analgesia,gel,1,60000mg,bencidamina,https://www.farmaciasdesimilares.com/bencidamina_clorh_60gr_gel/p,vtex
292,SALBUTAMOL 40MG/100ML JARABE 120 ML 1 PIEZA,,39.0,Aparato respiratorio,Medicamentos,jarabe,1,100ml 120ml 40mg,salbutamol,https://www.farmaciasdesimilares.com/salbutamol_40mg100ml_jbe_120ml/p,vtex
3577,SOLUCION NASAL DE SUPEROXIDACION PH NEUTRO CLORO / OXIGENO INFANTIL 30 ML 1 PIEZA,,224.01,Aparato respiratorio,Aparato respiratorio,solucion,1,30ml,nasal + oxigeno,https://www.farmaciasdesimilares.com/antisep_nasal_clorooxigeno_inf_sol_30ml/p,vtex
973,MINI PAQUETE BASICO PARA UÑAS 1 PIEZA,,25.0,Higiene,"Higiene, curación y diagnóstico",,1,,,https://www.farmaciasdesimilares.com/mini_paquete_basico_para_unas/p,vtex
97,ERITROMICINA 500 MG 20 TABLETAS,,62.0,Antibiótico,Medicamentos,tableta,20,500mg,eritromicina,https://www.farmaciasdesimilares.com/eritromicina_500mg_20tab/p,vtex
96,ERITROMICINA 250 MG SUSPENSION 100 ML 1 PIEZA,,84.0,Antibiótico,Medicamentos,suspension,1,100ml 250mg,eritromicina,https://www.farmaciasdesimilares.com/eritromicina_250mg_susp_100ml/p,vtex
751,DICLOXACILINA SUSPENSION 60 ML 1 PIEZA,,38.0,Antibiótico,Medicamentos,suspension,1,60ml,dicloxacilina,https://www.farmaciasdesimilares.com/dicloxacilina_susp_60ml/p,vtex
685,CEFUROXIMA 250MG/5ML 50ML SUSPENSION 1 PIEZA,,139.0,Antibiótico,Medicamentos,suspension,1,250mg 50ml 5ml,cefuroxima,https://www.farmaciasdesimilares.com/cefuroxima_250mg_5ml_50ml_susp/p,vtex
638,LINCOMICINA 500 MG 18 CAPSULAS,,94.0,Antibiótico,Medicamentos,capsula,18,500mg,lincomicina,https://www.farmaciasdesimilares.com/lincomicina_500mg_18cap/p,vtex
628,CEFACLOR 375MG/5ML SUSPENSION 50 ML 1 PIEZA,,159.0,Antibiótico,Medicamentos,suspension,1,375mg 50ml 5ml,cefaclor,https://www.farmaciasdesimilares.com/cefaclor_375mg_5ml_susp_50ml/p,vtex
618,CEFALEXINA / BROMHEXINA 250/4.39MG SUSPENSION 1 PIEZA,,76.0,Antibiótico,Medicamentos,suspension,1,4.39mg,cefalexina + bromhexina,https://www.farmaciasdesimilares.com/cefalexina_brom_250_4_39mg_susp/p,vtex
543,CLARITROMICINA 125 MG SUSPENSION 60 ML 1 PIEZA,,124.0,Antibiótico,Medicamentos,suspension,1,125mg 60ml,claritromicina,https://www.farmaciasdesimilares.com/claritromicina_125mg_susp_60ml/p,vtex
535,METRONIDAZOL / DIYODOHIDROXIQUINOLEINA SUSPENSION 120 ML 1 PIEZA,,66.0,Antiparasitario,Medicamentos,suspension,1,120ml,metronidazol + diyodohidroxiquinoleina,https://www.farmaciasdesimilares.com/metronidazol_diyodoh_susp_120ml/p,vtex
526,OFLOXACINO 400 MG 8 TABLETAS,,93.0,Antibiótico,Medicamentos,tableta,8,400mg,ofloxacino,https://www.farmaciasdesimilares.com/ofloxacino_400mg_8tab/p,vtex
513,RIBAVIRINA 400 MG 18 CAPSULAS,,273.0,Antiviral,Medicamentos,capsula,18,400mg,ribavirina,https://www.farmaciasdesimilares.com/ribavirina_400mg_18cap/p,vtex
497,CEFACLOR 250 MG SUSPENSION 75 ML 1 PIEZA,,129.0,Antibiótico,Medicamentos,suspension,1,250mg 75ml,cefaclor,https://www.farmaciasdesimilares.com/cefaclor_250mg_susp_75ml/p,vtex
465,AMPICILINA / METAMIZOL / GUAIFENESINA / CLORFENAMINA INFANTIL SOLUCIONINYECTABLE 3 AMPOLLETAS,,88.0,Antibiótico,Medicamentos,inyectable,3,,ampicilina + metamizol + guaifenesina + clorfenamina,https://www.farmaciasdesimilares.com/ampicilina_met_gua_clo_in_3amp_3jer/p,vtex
451,LORATADINA 100MG/100ML SOLUCION 30 ML 1 PIEZA,,21.0,Antialérgico,Medicamentos,solucion,1,100mg 100ml 30ml,loratadina,https://www.farmaciasdesimilares.com/loratadina_100mg_100ml_sol30ml/p,vtex
436,BROMHEXINA 80MG/100ML SOLUCION INFANTIL 1 PIEZA,,34.0,Aparato respiratorio,Medicamentos,solucion,1,100ml 80mg,bromhexina,https://www.farmaciasdesimilares.com/bromhexina_80mg_100ml_sol_inf/p,vtex
425,CLARITROMICINA 250 MG 10 TABLETAS,,88.0,Antibiótico,Medicamentos,tableta,10,250mg,claritromicina,https://www.farmaciasdesimilares.com/claritromicina_250mg_10tab/p,vtex
42,BENCILPENICILINA PROCAINICA / BENCILPENICILINA CRISTALINA 400000UI/2ML SUSPENSION INYECTABLE 1 PIEZA,,21.0,Antibiótico,Medicamentos,suspension,1,2ml 400000ui,bencilpenicilina + bencilpenicilina,https://www.farmaciasdesimilares.com/bencilpenicili_procai_400000ui_2ml/p,vtex
412,GENTAMICINA 160MG/2ML SOLUCION INYECTABLE 1 AMPOLLETA,,19.0,Antibiótico,Medicamentos,solucion,1,160mg 2ml,gentamicina,https://www.farmaciasdesimilares.com/gentamicina_160mg_2ml_1amp/p,vtex
393,DEXTROMETORFANO / GUAIFENESINA .1/1 GR INFANTIL SOLUCION 1 PIEZA,,45.0,Gripa y tos,Aparato respiratorio,solucion,1,1000mg,dextrometorfano + guaifenesina,https://www.farmaciasdesimilares.com/dextrometorfano_guai_inf_120ml/p,vtex
392,BENCILPENICILINA BENZATINICA SUSPENSION INYECTABLE 1 PIEZA,,31.0,Antibiótico,Medicamentos,suspension,1,,bencilpenicilina,https://www.farmaciasdesimilares.com/bencilpenicili_b_1200000u_3ml/p,vtex
377,AMPICILINA 250MG/5ML SUSPENSION 90 ML 1 PIEZA,,44.0,Antibiótico,Medicamentos,suspension,1,250mg 5ml 90ml,ampicilina,https://www.farmaciasdesimilares.com/ampicilina_250mg_5ml_susp_90ml/p,vtex
3304,ACIDO ASCORBICO 300 MG POLVO EFERVESCENTE SABOR NARANJA 10 SOBRES,,94.01,Sistema inmune,Aparato respiratorio,polvo,10,300mg,,https://www.farmaciasdesimilares.com/ac_ascorbico_300mg_10_sob_efer/p,vtex
3303,ACIDO ASCORBICO / WELLMUNE 300/200MG POLVO EFERVESCENTE SABOR NARANJA 10 SOBRES,,179.0,Sistema inmune,Aparato respiratorio,polvo,10,200mg,wellmune,https://www.farmaciasdesimilares.com/ac_ascorbico_wellmune_300_200mg_10s/p,vtex
3156,SUPLEMENTO ALIMENTICIO CON VITAMINAS Y MINERALES POLVO SABOR FRESA 400 GR 1 PIEZA,,429.0,Dieta polimérica,Suplementos y multivitamínicos,polvo,1,400000mg,minerales,https://www.farmaciasdesimilares.com/alimento_con_vit_min_pvo_fresa_400gr/p,vtex
30,AMOXICILINA / BROMHEXINA 500/8MG 12 CAPSULAS,,36.0,Antibiótico,Medicamentos,capsula,12,8mg,amoxicilina + bromhexina,https://www.farmaciasdesimilares.com/amoxicilina_brom_500_8mg_12cap/p,vtex
3,ACICLOVIR 4GR/100ML SUSPENSION 120 ML 1 PIEZA,,79.0,Antiviral,Medicamentos,suspension,1,100ml 120ml 4000mg,aciclovir,https://www.farmaciasdesimilares.com/aciclovir_4gr_100ml_susp_120ml/p,vtex
2979,ETORICOXIB 90 MG MSD 28 COMPRIMIDOS,,469.0,Antiinflamatorio,Medicamentos,tableta,28,90mg,etoricoxib,https://www.farmaciasdesimilares.com/etoricoxib_90mg_28comp_msd/p,vtex
295,AMBROXOL 7.5 MG SOLUCION GOTAS 30 ML 1 PIEZA,,27.0,Aparato respiratorio,Aparato respiratorio,solucion,1,30ml 7.5mg,ambroxol,https://www.farmaciasdesimilares.com/ambroxol_7_5mg_sol_gts_30ml/p,vtex
293,AMOXICILINA 500 MG SUSPENSION 75 ML 1 PIEZA,,42.0,Antibiótico,Medicamentos,suspension,1,500mg 75ml,amoxicilina,https://www.farmaciasdesimilares.com/amoxicilina_500mg_susp_75ml/p,vtex
29,AMOXICILINA / BROMHEXINA 250/8 MG POLVO PARA SUSPENSION 1 PIEZA,,54.0,Antibiótico,Medicamentos,polvo,1,8mg,amoxicilina + bromhexina,https://www.farmaciasdesimilares.com/amoxicilina_brom_250mg_susp_60ml/p,vtex
2836,VILDAGLIPTINA 50MG 28 TABLETAS,,439.0,Diabetes,Medicamentos,tableta,28,50mg,vildagliptina,https://www.farmaciasdesimilares.com/vildagliptina_50mg_28tab/p,vtex
2804,METFORMINA / GLIBENCLAMIDA 1GR/5MG 40 TABLETAS,,94.0,Diabetes,Medicamentos,tableta,40,1000mg 5mg,metformina + glibenclamida,https://www.farmaciasdesimilares.com/metformina_glib_1gr_5mg_40tab/p,vtex
2649,FENOFIBRATO 160 MG 30 CAPSULAS,,399.0,Hipolipemiante,Medicamentos,capsula,30,160mg,fenofibrato,https://www.farmaciasdesimilares.com/fenofibrato_160mg_30cap_abbot/p,vtex
2588,CAPTOPRIL 50 MG 30 TABLETAS,,66.0,Antihipertensivo,Medicamentos,tableta,30,50mg,captopril,https://www.farmaciasdesimilares.com/captopril_50mg_30tab/p,vtex
2533,DIETA POLIMERICA SIN FIBRA HIPERCALORICA INFANTIL SABOR FRESA 236 ML 1 PIEZA,,56.0,Dieta polimérica,Suplementos y multivitamínicos,,1,236ml,dieta,https://www.farmaciasdesimilares.com/dieta_polim_s_fib_inf_fres_236ml/p,vtex
2532,DIETA POLIMERICA SIN FIBRA HIPERCALORICA INFANTIL SABOR CHOCOLATE 236 ML 1 PIEZA,,56.0,Dieta polimérica,Suplementos y multivitamínicos,,1,236ml,dieta,https://www.farmaciasdesimilares.com/dieta_polim_s_fib_inf_choc_236ml/p,vtex
2529,DIETA POLIMERICA SIN FIBRA HIPERCALORICA SABOR FRESA 236 ML 1 PIEZA,,56.0,Dieta polimérica,Suplementos y multivitamínicos,,1,236ml,dieta,https://www.farmaciasdesimilares.com/dieta_polim_s_fib_hipcal_fres_236ml/p,vtex
2528,DIETA POLIMERICA SIN FIBRA HIPERCALORICA SABOR CHOCOLATE 236 ML 1 PIEZA,,56.0,Dieta polimérica,Suplementos y multivitamínicos,,1,236ml,dieta,https://www.farmaciasdesimilares.com/dieta_polim_s_fib_hipcal_choc_236ml/p,vtex
2517,AMBROXOL/DEXTROMETORFANO 400/400MG SOLUCION GOTAS 30ML,,29.0,Aparato respiratorio,Aparato respiratorio,solucion,,30ml 400mg,ambroxol + dextrometorfano,https://www.farmaciasdesimilares.com/ambroxol_dext_400_400mg_sol_gts_30ml/p,vtex
2446,AMANTADINA / CLORFENAMINA / PARACETAMOL SOLUCION GOTAS 30 ML 1 PIEZA,,61.0,Antigripal,Aparato respiratorio,solucion,1,30ml,amantadina + clorfenamina + paracetamol,https://www.farmaciasdesimilares.com/amantadina_clor_para_30ml/p,vtex
234,GENTAMICINA 80MG/2ML SOLUCION INYECTABLE 1 AMPOLLETA,,18.0,Antibiótico,Medicamentos,solucion,1,2ml 80mg,gentamicina,https://www.farmaciasdesimilares.com/gentamicina_80mg_2ml_1amp/p,vtex
23,AMIKACINA 500MG/2ML SOLUCION INYECTABLE 1 AMPOLLETA,,44.0,Antibiótico,Medicamentos,solucion,1,2ml 500mg,amikacina,https://www.farmaciasdesimilares.com/amikacina_500mg_2ml_1amp/p,vtex
2285,FORZE VF GOLD 100 CAPSULAS,,446.0,Multivitamínicos,Suplementos y multivitamínicos,capsula,100,,forze,https://www.farmaciasdesimilares.com/forze_vf_gold_100cap/p,vtex
2275,ETORICOXIB 120 MG 7 COMPRIMIDOS MERCK,,439.0,Antiinflamatorio,Medicamentos,tableta,7,120mg,etoricoxib,https://www.farmaciasdesimilares.com/etoricoxib_120mg_7comp_merck/p,vtex
220,CEFTAZIDIMA 1 GR SOLUCION INYECTABLE 1 PIEZA,,121.0,Antibiótico,Medicamentos,solucion,1,1000mg,ceftazidima,https://www.farmaciasdesimilares.com/ceftazidima_1gr_sol_iny/p,vtex
22,AMIKACINA 100MG/2ML SOLUCION INYECTABLE 1 AMPOLLETA,,17.0,Antibiótico,Medicamentos,solucion,1,100mg 2ml,amikacina,https://www.farmaciasdesimilares.com/amikacina_100mg_2ml_1amp/p,vtex
219,CEFOTAXIMA 500 MG SOLUCION INYECTABLE 1 PIEZA,,59.0,Antibiótico,Medicamentos,solucion,1,500mg,cefotaxima,https://www.farmaciasdesimilares.com/cefotaxima_500mg_sol_iny/p,vtex
2146,EZETIMIBA / SIMVASTATINA 10/20MG MSD 14 COMPRIMIDOS,,599.0,Hipolipemiante,Medicamentos,tableta,14,20mg,ezetimiba + simvastatina,https://www.farmaciasdesimilares.com/ezetimiba_simvas_10_20mg_msd_14comp/p,vtex
212,AMPICILINA 1 GR SOLUCION INYECTABLE 1 PIEZA,,36.0,Antibiótico,Medicamentos,solucion,1,1000mg,ampicilina,https://www.farmaciasdesimilares.com/ampicilina_1gr_sol_iny/p,vtex
1990,TIRAS REACTIVAS SELECT 50 PIEZAS,,479.0,Tiras reactivas,Diabetes,,50,,tiras,https://www.farmaciasdesimilares.com/tiras_reactivas_select_50pzas/p,vtex
1970,MONTELUKAST GRANULADO 10 SOBRES 4 MG,,89.0,Aparato respiratorio,Medicamentos,polvo,10,4mg,montelukast,https://www.farmaciasdesimilares.com/montelukast_10_sobres_4mg/p,vtex
1831,DESLORATADINA 50 MG SOLUCION 120 ML 1 PIEZA,,99.0,Antialérgico,Medicamentos,solucion,1,120ml 50mg,desloratadina,https://www.farmaciasdesimilares.com/desloratadina_50mg_sol_120ml/p,vtex
1809,NOPAL / CHIA / LINAZA / PIÑA 350 GR 1 PIEZA,,214.0,Laxante,Funcionamiento gastrointestinal,,1,350000mg,nopal + linaza,https://www.farmaciasdesimilares.com/nopal_chia_linaza_pina_350gr/p,vtex
159,OXOLAMINA 1GR/100ML JARABE 1 PIEZA,,44.0,Aparato respiratorio,Medicamentos,jarabe,1,1000mg 100ml,oxolamina,https://www.farmaciasdesimilares.com/oxolamina_1gr_100ml_jbe/p,vtex
1460,CREMA SIMIDIAB 300 ML 1 PIEZA,,94.0,Dermatológico,Cuidado de la piel y belleza,crema,1,300ml,simidiab,https://www.farmaciasdesimilares.com/crema_simidiab_300ml/p,vtex
1400,BIBERON 4 ONZAS 1 PIEZA,,22.0,Accesorio,Bebés,,1,,biberon,https://www.farmaciasdesimilares.com/simibaby_biberon_4_onzas_1pza/p,vtex
139,METRONIDAZOL 5GR/100ML  SUSPENSION 120 ML 1 PIEZA,,31.0,Antiparasitario,Medicamentos,suspension,1,100ml 120ml 5000mg,metronidazol,https://www.farmaciasdesimilares.com/metronidazol_5gr_100ml_susp_120ml/p,vtex
1366,JERINGA PERA NO. 3 1 PIEZA SIMI BABY,,49.0,Accesorio,Bebés,,1,,,https://www.farmaciasdesimilares.com/simibaby_jeringa_pera_no_3_1_pza_simi_baby/p,vtex
1191,CALCETIN PARA DIABETICO COLOR AZUL UNISEX 1 PAR,,61.0,Diabetes,Diabetes,,1,,,https://www.farmaciasdesimilares.com/calcetin_p_diab_azul_1par_unisex/p,vtex
1186,DICLOFENACO .18 GR SUSPENSION 120 ML 1 PIEZA,,69.0,Antiinflamatorio,Medicamentos,suspension,1,120ml 18000mg,diclofenaco,https://www.farmaciasdesimilares.com/diclofenaco_ac_libre_susp_120ml/p,vtex
1093,LORATADINA / AMBROXOL 100/600 MG SOLUCION PEDIATRICA GOTAS 30 ML 1 PIEZA,,29.0,Antigripal,Aparato respiratorio,solucion,1,30ml 600mg,loratadina + ambroxol,https://www.farmaciasdesimilares.com/loratadina_ambrox_sol_gts_30ml/p,vtex
859,SIMIPROTEINAS PARA NIÑOS SABOR CHOLOLATE POLVO PARA PREPARAR BEBIDA 20 SOBRES,,239.01,Dieta polimérica,Suplementos y multivitamínicos,polvo,20,,simiproteinas,https://www.farmaciasdesimilares.com/prot_simiproteinas_ninos_choco_20sob/p,vtex
289,CLORFENAMINA 50MG/100ML JARABE 120 ML 1 PIEZA,,24.0,Antialérgico,Medicamentos,jarabe,1,100ml 120ml 50mg,clorfenamina,https://www.farmaciasdesimilares.com/clorfenamina_50mg_100ml_120ml_jbe/p,vtex
1118,SIMIPROST LICOPENO Y VITAMINA E 60 CAPSULAS,,124.01,Multivitamínicos,Suplementos y multivitamínicos,capsula,60,,simiprost,https://www.farmaciasdesimilares.com/simiprost_licopeno_vit_e_60cap/p,vtex
4399,REFRESCANTE BUCAL MENTA SPRAY 10ML,,49.0,Higiene,"Higiene, curación y diagnóstico",spray,,10ml,refrescante,https://www.farmaciasdesimilares.com/refrescante_bucal_menta_spray_10ml/p,vtex
4406,POMADA DE LA CAMPANA 19GR,,17.01,Dermatológico,Cuidado de la piel y belleza,unguento,,19000mg,,https://www.farmaciasdesimilares.com/pomada_de_la_campana_19gr/p,vtex
4404,GLUTATION LIPOSOLUBLE 250MG GEL ORAL 6 SOBRES,,169.0,Multivitamínicos,Suplementos y multivitamínicos,gel,6,250mg,glutation,https://www.farmaciasdesimilares.com/glutation_lipo_250mg_gel_oral_6sob/p,vtex
880,REPELENTE MOSQUITOS SPRAY 60ML,,42.0,Funcionamiento gastrointestinal,Funcionamiento gastrointestinal,spray,,60ml,,https://www.farmaciasdesimilares.com/repelente_mosquitos_spray/p,vtex
