sim_sku,descripcion,marca,precio,linea,jerarquia,forma,cantidad,concentraciones,ingredientes,link,fuente
1,AC NALIDIXICO/FENAZOPIRI 20TAB,AZO URONALIN,64.0,ANTIBIOTICOS,MEDICAMENTOS,tableta,20,500mg 50mg,nalidixico + fenazopiri,,excel
10,TRETINOINA (AC RETINOICO) CREMA 30GR,ACNIL,51.0,ENFERMEDADES DE LA PIEL,MEDICAMENTOS,crema,,30000mg 50mg,tretinoina,,excel
100,FENAZOPIRIDINA 100MG 20TAB,ALVENA,27.0,ANTIBIOTICOS,MEDICAMENTOS,tableta,20,100mg,fenazopiridina,,excel
101,NAFAZOLINA/FENIRA SOL OFT 15ML,EYRASIL,27.0,OFTALMOLOGICOS,MEDICAMENTOS,solucion,,0.16mg 15ml 3mg,nafazolina + fenira,,excel
1011,BIBERON DE 8ONZ C/MAMILA,,24.01,MATERNIDAD Y LACTANTES,MATERNIDAD,,1,,biberon,,excel
102,FLUCONAZOL 100MG 10TAB O CAP,AFUNGIL,179.0,ANTIMICOTICOS,MEDICAMENTOS,tableta,10,100mg,fluconazol,,excel
103,FLUNARIZINA 5MG 40TAB,BREFLUMAR,42.0,SISTEMA NERVIOSO,MEDICAMENTOS,tableta,40,5mg,flunarizina,,excel
1031,QUINFAMIDA/ALBEND 100/200MG 10ML PED,DUBIRIX,36.0,ESTOMACALES (GASTRO),MEDICAMENTOS,suspension,,100mg 10ml 200mg,quinfamida + albend,,excel
1036,PROBIOTICOS 30TAB MAST UVA SIMIPROBIOT,,51.0,ESTOMACALES (GASTRO),SUPLEMENTOS,tableta,30,,probioticos,,excel
104,FLUOCINOLONA CREMA 20GR,CORTIDEM CREMA,17.5,ENFERMEDADES DE LA PIEL,MEDICAMENTOS,crema,,100000mg 10mg 20000mg,fluocinolona,,excel
1058,TOALLAS HUMEDAS P/BEBE 80PZAS SIMIBABY,,47.01,MATERNIDAD Y LACTANTES,MATERNIDAD,,80,,toallas,,excel
1060,GOMITAS VIT/MINE 60PZAS SABORES SIMIGOMI,,88.0,MULTIVITAMINICOS,SUPLEMENTOS,,60,,gomitas,,excel
1062,SIMIFILA CLOROFILA LIQ 250ML,,57.0,ESTOMACALES (GASTRO),SUPLEMENTOS,solucion,,250ml,simifila,,excel
1069,DIMETICONA SUSP GTS 30ML,DINTREFERGOT,40.0,ESTOMACALES (GASTRO),MEDICAMENTOS,suspension,,100mg 1ml 30ml,dimeticona,,excel
1071,AMLODIPINO 5MG 10TAB,ADIUVIO,35.0,CARDIOVASCULARES,MEDICAMENTOS,tableta,10,5mg,amlodipino,,excel
1079,ZINC 7.18MG 100CAP DR SIMI,,97.0,RESPIRATORIOS,SUPLEMENTOS,capsula,100,7.18mg,,,excel
108,FUMARATO FERROSO 200MG 50COMP,BIOFUROSO,18.0,MULTIVITAMINICOS,MEDICAMENTOS,tableta,50,200mg,fumarato,,excel
1090,TELA ADHESIVA SEDOSA 1.25CMX5MTS,,22.0,CURACION Y MEDICION,MATERIAL DE CURACION,,,,,,excel
1091,SIMIBROX D S/AZUCAR JBE 240ML,,59.0,DIABETES,SUPLEMENTOS,jarabe,,240ml,simibrox + azucar,,excel
1093,LORATADINA / AMBROX SOL GTS 30ML,AMTASIV,29.0,RESPIRATORIOS,MEDICAMENTOS,solucion,,100mg 100ml 30ml 600mg,loratadina + ambrox,,excel
1095,NAFAZOLINA SOL OFT 15ML,AFAZOL GRIN,35.0,OFTALMOLOGICOS,MEDICAMENTOS,solucion,,15ml 1mg 1ml,nafazolina,,excel
110,FUROSEMIDA 40MG 20TAB,BIOMISEN,13.0,CARDIOVASCULARES,MEDICAMENTOS,tableta,20,40mg,furosemida,,excel
1100,ACEITE SIMI BEBE FCO 120ML SIMIBABY,,27.0,MATERNIDAD Y LACTANTES,MATERNIDAD,locion,,120ml,,,excel
1104,SIMIFLEX TRIN 90COMP GLUC/CONDR/AC ASCOR,FLEXTRIN,294.0,ANALGESICOS,MEDICAMENTOS,tableta,90,200mg 25mg 300mg,simiflex,,excel
1107,PARACETAMOL/IBUPROFENO 325MG/200MG 20TAB,ALGITRIN,46.0,ANALGESICOS,MEDICAMENTOS,tableta,20,200mg 325mg,paracetamol + ibuprofeno,,excel
1108,CLONIXINATO LIS 250MG 10TAB,DISINAL,45.0,ANALGESICOS,MEDICAMENTOS,tableta,10,250mg,clonixinato,,excel
111,GENTAMICINA 160MG/2ML 5AMP,GARAKACIN 80,48.0,ANTIBIOTICOS,MEDICAMENTOS,solucion,5,160mg 2ml,gentamicina,,excel
1110,AC ACETILSALICILICO 300MG 20TAB  EFERV,ACETIBEN-S,18.0,ANALGESICOS,MEDICAMENTOS,tableta,20,300mg,acetilsalicilico,,excel
1118,SIMIPROST LICOPENO/VIT E 60CAP,,124.01,MULTIVITAMINICOS,SUPLEMENTOS,capsula,60,100mg 1mg,simiprost,,excel
1122,GUANTES ESTERIL TALLA 7 O 7.5 P/CIRUG,,14.0,CURACION Y MEDICION,MATERIAL DE CURACION,,,,guantes,,excel
1123,METOPROLOL 100MG 50TAB,BIOPROL,49.0,CARDIOVASCULARES,MEDICAMENTOS,tableta,50,100mg,metoprolol,,excel
1126,MISOPROSTOL 200MCG 28TAB,APOSTECSOL,499.0,ESTOMACALES (GASTRO),MEDICAMENTOS,tableta,28,200mcg,misoprostol,,excel
1127,LOSARTAN POTASICO 50MG 30TAB,ACCOLOK,66.0,CARDIOVASCULARES,MEDICAMENTOS,tableta,30,50mg,losartan,,excel
115,GLIBENCLAMIDA 5MG 50TAB,ABUGLIB,16.0,DIABETES,MEDICAMENTOS,tableta,50,5mg,glibenclamida,,excel
1161,OXCARBAZEPINA 300MG 20TAB,ACTINIUM,109.0,SISTEMA NERVIOSO,MEDICAMENTOS,tableta,20,300mg,oxcarbazepina,,excel
1162,OXCARBAZEPINA 600MG 20TAB,ACTINIUM,189.0,SISTEMA NERVIOSO,MEDICAMENTOS,tableta,20,600mg,oxcarbazepina,,excel
117,HIDROXOCOBALAMINA 50000UI 5AMP,BEDOYECTA TRI,112.0,ANALGESICOS,MEDICAMENTOS,solucion,5,0mcg 100mg 2ml 50000ui 50mg,hidroxocobalamina,,excel
1178,SIMIFLEX PLUS 30CAP,CARTICAP FOR,125.0,ANALGESICOS,MEDICAMENTOS,capsula,30,200mg 20mg 300mg 30mg,simiflex,,excel
1181,TRIMEBUTINA SUSP 2G/100ML,CINEPRAC,76.0,ESTOMACALES (GASTRO),MEDICAMENTOS,suspension,,100ml 2000mg,trimebutina,,excel
1186,DICLOFENACO AC LIBRE SUSP 120ML,CATAFLAM PEDIATRICO,69.0,ANALGESICOS,MEDICAMENTOS,suspension,,100ml 120ml 180mg,diclofenaco,,excel
1187,LORATADINA/BETAMETASONA 10TAB,CELESTAMINE NS,42.0,ANTIHISTAMINICOS,MEDICAMENTOS,tableta,10,0.25mg 5mg,loratadina + betametasona,,excel
1189,TIRALECHE 1PZA SIMIBABY,,89.0,MATERNIDAD Y LACTANTES,MATERNIDAD,,1,,tiraleche,,excel
119,IBUPROFENO 800MG 10TAB,ADOPREN,31.0,ANALGESICOS,MEDICAMENTOS,tableta,10,800mg,ibuprofeno,,excel
1194,LEVODROPROPIZINA SOL 120ML,KASTOVIN,66.0,RESPIRATORIOS,MEDICAMENTOS,solucion,,100ml 120ml 600mg,levodropropizina,,excel
1195,LATANOPROST .05MG/1ML SOL OFT 2.5ML,CISCOTAN,119.0,OFTALMOLOGICOS,MEDICAMENTOS,solucion,,0.05mg 1ml 2.5ml 5mg,latanoprost,,excel
1197,TIBOLONA 2.5MG 30TAB,ANALOBIT,299.0,HORMONALES,MEDICAMENTOS,tableta,30,2.5mg,tibolona,,excel
12,ALBENDAZOL 200MG 6TAB,ALBENSIL,13.0,ESTOMACALES (GASTRO),MEDICAMENTOS,tableta,6,200mg,albendazol,,excel
120,ISOSORBIDA 10MG 20TAB,BIORDYN,16.0,CARDIOVASCULARES,MEDICAMENTOS,tableta,20,10mg,isosorbida,,excel
121,ITRACONAZOL 100MG 15CAP,CAREXAN,110.0,ANTIMICOTICOS,MEDICAMENTOS,capsula,15,100mg,itraconazol,,excel
1210,OMEGA RX 60CAP VIT E/OMEGA3/EPA/DHA SIMI,,194.0,MULTIVITAMINICOS,SUPLEMENTOS,capsula,60,120000mg 240000mg 600000mg,omega,,excel
123,KETOCONAZOL CREMA 2% 40GR,AKORAZOL,32.0,ANTIMICOTICOS,MEDICAMENTOS,crema,,100000mg 2000mg 40000mg,ketoconazol,,excel
124,KETOCONAZOL SHAMPOO 120ML,FUNGORAL,66.0,ENFERMEDADES DE LA PIEL,MEDICAMENTOS,,,100ml 120ml 2000mg,ketoconazol,,excel
1248,TOPIRAMATO 25MG 20TAB,ACOTOPA,78.0,SISTEMA NERVIOSO,MEDICAMENTOS,tableta,20,25mg,topiramato,,excel
1249,TOPIRAMATO 100MG 20TAB,ACOTOPA,219.0,SISTEMA NERVIOSO,MEDICAMENTOS,tableta,20,100mg,topiramato,,excel
125,KETOCONAZOL 200MG 10TAB,AKORAZOL,27.0,ANTIMICOTICOS,MEDICAMENTOS,tableta,10,200mg,ketoconazol,,excel
1265,SIMICOF HEDERA HELIX/BUGAMB JBE 120ML,,61.0,RESPIRATORIOS,SUPLEMENTOS,jarabe,,100ml 10840mg 120ml 540mg,simicof + bugamb,,excel
1267,SIMIFOL AC FOLICO/HIERRO 30TAB,,33.0,MULTIVITAMINICOS,SUPLEMENTOS,tableta,30,18mg 400mcg,simifol + hierro,,excel
1268,SUCRALFATO 1GR CAJA 40TAB,ALIVOATO,82.0,ESTOMACALES (GASTRO),MEDICAMENTOS,tableta,40,1000mg,sucralfato,,excel
127,KETOTIFENO 1MG 30TAB,ASMARAL K,54.0,ANTIHISTAMINICOS,MEDICAMENTOS,tableta,30,1mg,ketotifeno,,excel
128,LOPERAMIDA 2MG 12TAB,ACANOL,12.5,ESTOMACALES (GASTRO),MEDICAMENTOS,tableta,12,2mg,loperamida,,excel
13,ALBENDAZOL SUSP 20ML,ALBENSIL,7.0,ESTOMACALES (GASTRO),MEDICAMENTOS,suspension,,20ml 400mg,albendazol,,excel
130,MEBENDAZOL 100MG 6TAB,AMATOL,17.0,ESTOMACALES (GASTRO),MEDICAMENTOS,tableta,6,100mg,albendazol,,excel
1308,SIMIALOE JUGO ALOE VERA 240ML,,54.0,ESTOMACALES (GASTRO),SUPLEMENTOS,,,240ml,simialoe,,excel
131,MECLIZINA/PIRIDOXINA GTS 15ML,BONALEN,29.0,ESTOMACALES (GASTRO),MEDICAMENTOS,solucion,,15ml 16.66mg 1ml 8.33mg,meclizina + piridoxina,,excel
132,MECLIZINA/PIRIDOXINA 10TAB,BONAZIN,29.0,ESTOMACALES (GASTRO),MEDICAMENTOS,tableta,10,25mg 50mg,meclizina + piridoxina,,excel
1321,SIMI VF Q10 150CAP,,297.0,MULTIVITAMINICOS,SUPLEMENTOS,capsula,150,,,,excel
1322,SIMI VF Q10 60CAP,,159.0,MULTIVITAMINICOS,SUPLEMENTOS,capsula,60,,,,excel
1326,CLORFENAMINA/FENI/PARA 24TAB,EXALIV,36.0,RESPIRATORIOS,MEDICAMENTOS,tableta,24,2mg 325mg 5mg,clorfenamina,,excel
133,METAMIZOL 500MG 10COMP,AMILEN,11.0,ANALGESICOS,MEDICAMENTOS,tableta,10,500mg,metamizol,,excel
134,METAMIZOL/BUTIL 2.5G/20MG 1AMP,BIPASMIN,39.0,ESTOMACALES (GASTRO),MEDICAMENTOS,solucion,1,20mg 2500mg 5ml,metamizol + butil,,excel
1340,PREDNISOLONA 10MG/1ML SUSP OFT,OPTACETRON,104.0,OFTALMOLOGICOS,MEDICAMENTOS,suspension,,10mg 1ml,prednisolona,,excel
1341,AGUA OXIGENADA SOL 224ML,,17.0,CURACION Y MEDICION,MATERIAL DE CURACION,solucion,,224ml,oxigenada,,excel
1342,CINTA MICROPOROSA PIEL 1.25X5MTS DR SIMI,,12.51,CURACION Y MEDICION,MATERIAL DE CURACION,,,,cinta,,excel
1346,SIMI B HIERRO Y ZINC 60CAP,,89.0,MULTIVITAMINICOS,SUPLEMENTOS,capsula,60,,,,excel
135,METILDOPA 250MG 30TAB,ALDOMET,66.0,CARDIOVASCULARES,MEDICAMENTOS,tableta,30,250mg,metildopa,,excel
1357,VENDAS ADHESIVAS 30PZAS (VARIOS TAMAÑOS),,21.0,CURACION Y MEDICION,MATERIAL DE CURACION,,30,,vendas,,excel
136,METOCLOPRAMIDA 400MG SOL GTS 20ML,CIRULAN,21.0,ESTOMACALES (GASTRO),MEDICAMENTOS,solucion,,20ml 400mg,metoclopramida,,excel
1366,JERINGA PERA NO.3 1PZA SIMIBABY,,49.0,MATERNIDAD Y LACTANTES,MATERNIDAD,,1,,,,excel
137,METOCLOPRAMIDA 10MG 20TAB,BIOPRAM,13.0,ESTOMACALES (GASTRO),MEDICAMENTOS,tableta,20,10mg,metoclopramida,,excel
1372,TIAMAZOL 5MG 20TAB,GANGLIOSIDE,53.0,HORMONALES,MEDICAMENTOS,tableta,20,5mg,tiamazol,,excel
138,METOPROLOL 100MG 20TAB,APOPROLE,29.0,CARDIOVASCULARES,MEDICAMENTOS,tableta,20,100mg,metoprolol,,excel
139,METRONIDAZOL 5GR/100ML SUSP 120ML,AMEBLIN,31.0,ESTOMACALES (GASTRO),MEDICAMENTOS,suspension,,100ml 120ml 250mg 5000mg,metronidazol,,excel
1400,BIBERON 4 ONZAS 1PZA,,22.0,MATERNIDAD Y LACTANTES,MATERNIDAD,,1,,biberon,,excel
1401,RISPERIDONA 2MG 40TAB,AFECTOL,199.0,SISTEMA NERVIOSO,MEDICAMENTOS,tableta,40,2mg,risperidona,,excel
1403,LOSARTAN/HIDRO 50/12.5MG 30COMP,CO - TARSAN,129.0,CARDIOVASCULARES,MEDICAMENTOS,tableta,30,12.5mg 50mg,losartan + hidro,,excel
1409,MELOXICAM/METOC 7.5/215MG 20CAP,DOLOCAM PLUS,82.0,ANALGESICOS,MEDICAMENTOS,capsula,20,215mg 7.5mg,meloxicam + metoc,,excel
1411,LEVONORGESTREL 1.5MG 1TAB,DREAMS,65.0,HORMONALES,MEDICAMENTOS,tableta,1,1.5mg,levonorgestrel,,excel
1412,LACTULOSA JBE 120ML O 125ML 10GR/15ML,DUPHALAC,89.0,ESTOMACALES (GASTRO),MEDICAMENTOS,jarabe,,10000mg 120ml 125ml 15ml,lactulosa,,excel
1413,INDOMETACINA/BETAME/METO 20CAP,ARDOSONS,83.0,ANALGESICOS,MEDICAMENTOS,capsula,20,0.75mg 215mg 25mg,indometacina + betame,,excel
1415,CLONIX LIS/BUTI 125/10MG 20TAB,DOLTRIX,94.0,ESTOMACALES (GASTRO),MEDICAMENTOS,tableta,20,10mg 125mg,clonix,,excel
1416,TERMOMETRO DIGITAL 1PZA,,63.0,CURACION Y MEDICION,MATERIAL DE CURACION,,1,,termometro,,excel
1417,BIFONAZOL UNGUENTO 20GR,ERASTEN,49.0,ANTIMICOTICOS,MEDICAMENTOS,unguento,,100000mg 1000mg 20000mg,bifonazol,,excel
142,METRONIDAZOL 500MG 30TAB,AVIDAL 500,28.0,ESTOMACALES (GASTRO),MEDICAMENTOS,tableta,30,500mg,metronidazol,,excel
143,METRONIDAZOL 2.5GR/100ML SUSP 120ML,AMEBLIN,27.0,ESTOMACALES (GASTRO),MEDICAMENTOS,suspension,,100ml 120ml 2500mg,metronidazol,,excel
1432,LEVOTIROXINA SOD 100MCG 100TAB,ABUTIROI,109.0,HORMONALES,MEDICAMENTOS,tableta,100,100mcg,levotiroxina,,excel
1437,VALACICLOVIR 500MG 10COMP,PHARMAGENVIR,209.0,ESPECIALIDAD,MEDICAMENTOS,tableta,10,500mg,valaciclovir,,excel
1439,CLINDAMICINA/KETOCO 7 OVULOS,FEMISAN3D,91.0,ANTIMICOTICOS,MEDICAMENTOS,ovulo,7,100mg 400mg,clindamicina + ketoco,,excel
144,METRONIDAZOL/NISTATINA 12 OVU,FENIMETH V,59.0,ANTIMICOTICOS,MEDICAMENTOS,ovulo,12,0ui 500mg,metronidazol + nistatina,,excel
1440,BENCIDAMINA SOL 360ML,ARTROBEN,69.0,ANTIINFLAMATORIOS,MEDICAMENTOS,solucion,,100ml 150mg 360ml,bencidamina,,excel
1441,SERTRALINA 50MG 14TAB,ACORTRAL,84.5,SISTEMA NERVIOSO,MEDICAMENTOS,tableta,14,50mg,sertralina,,excel
1442,CROMOGLICATO DE SODIO SOL OFT 5ML,ALERCROM,47.0,OFTALMOLOGICOS,MEDICAMENTOS,solucion,,1ml 40mg 5ml,cromoglicato,,excel
1445,JERINGA PERA NO.0 1PZA SIMIBABY,,46.0,MATERNIDAD Y LACTANTES,MATERNIDAD,,1,,,,excel
1447,PICOSULFATO SODIO FCO SOL 30ML,ANARA,51.0,ESTOMACALES (GASTRO),MEDICAMENTOS,solucion,,100ml 30ml 750mg,picosulfato,,excel
1448,DEFLAZACORT 6MG 20TAB,AZACORTID,114.0,ANTIINFLAMATORIOS,MEDICAMENTOS,tableta,20,6mg,deflazacort,,excel
145,MICONAZOL CREMA 20GR,ALOID,14.0,ANTIMICOTICOS,MEDICAMENTOS,crema,,100000mg 20000mg 2000mg,miconazol,,excel
1450,AC ASCORBICO 2GR 10COMP EFER,ADRIPHEL,61.0,RESPIRATORIOS,MEDICAMENTOS,tableta,10,2000mg,vitaminac,,excel
1455,ORLISTAT 120MG 21CAP,AMSAFAST,159.0,PESO Y METABOLISMO,MEDICAMENTOS,capsula,21,120mg,orlistat,,excel
1456,FEXOFENADINA 180MG PIRQUET 10COMP,ALDIFEX,144.0,ANTIHISTAMINICOS,MEDICAMENTOS,tableta,10,180mg,fexofenadina,,excel
1458,ALGESTONA/ESTRADIOL 1AMP 1ML,DIVILTAC,54.0,HORMONALES,MEDICAMENTOS,solucion,1,10mg 150mg 1ml,algestona + estradiol,,excel
147,NAPROXENO SOD 275MG 20TAB,ALEBREM,34.0,ANALGESICOS,MEDICAMENTOS,tableta,20,275mg,naproxeno,,excel
1474,CLOTRIMAZOL 1/100GR 30GR CREMA,ALTENAL,27.0,ANTIMICOTICOS,MEDICAMENTOS,crema,,100000mg 1000mg 30000mg,clotrimazol,,excel
1477,LANCETAS 25PZAS,,40.0,CURACION Y MEDICION,MATERIAL DE CURACION,,25,,lancetas,,excel
1479,DEFLAZACORT 30MG 10TAB,AZACORTID,159.0,ANTIINFLAMATORIOS,MEDICAMENTOS,tableta,10,30mg,deflazacort,,excel
148,NAPROXENO SOD 550MG 12TAB,ALEBREM,39.0,ANALGESICOS,MEDICAMENTOS,tableta,12,550mg,naproxeno,,excel
1483,DROSPIRENONA/ETINILEST 21COMP,ANTIN,295.0,HORMONALES,MEDICAMENTOS,tableta,21,0.03mg 3mg,drospirenona + etinilest,,excel
1486,BUTILHIOSCINA FRASCO SOL 15ML,ESPA FARM,53.0,ESTOMACALES (GASTRO),MEDICAMENTOS,solucion,,15ml 1ml 6.67mg,butilhioscina,,excel
149,NAPROXENO 250MG 30TAB,ACTIQUIM,32.0,ANALGESICOS,MEDICAMENTOS,tableta,30,250mg,naproxeno,,excel
1494,NORETISTERONA/ESTRA 50/5MG/1ML 1AMP,DAHLIA,63.0,HORMONALES,MEDICAMENTOS,solucion,1,1ml 50mg 5mg,noretisterona + estra,,excel
1495,CIPROFLOXA/HIDRO/LIDO OTICA 10ML,CIRIAX OTIC L,63.0,ANTIBIOTICOS,MEDICAMENTOS,suspension,,10mg 10ml 1ml 2mg 50mg,ciprofloxa + hidro,,excel
1496,ACECLOFENACO CREMA 60GR,BRISTAFLAM,53.0,ANTIINFLAMATORIOS,MEDICAMENTOS,crema,,100000mg 1500mg 60000mg,aceclofenaco,,excel
1497,CINITAPRIDA 1MG 25COMP,ADYRTAP,119.0,ESTOMACALES (GASTRO),MEDICAMENTOS,tableta,25,1mg,cinitaprida,,excel
150,NAPROXENO SOD/PARAC 100MG/200MG 5 SUPOS,ARXEN COMPOSITUM,36.0,ANALGESICOS,MEDICAMENTOS,supositorio,5,100mg 200mg,naproxeno + parac,,excel
1507,SIMILESS CAFE 420GR,,204.0,PESO Y METABOLISMO,SUPLEMENTOS,polvo,,420000mg,similess,,excel
151,NAPROXENO/PARA 125/100MG/5ML SUSP 100ML,ARSENAL COMPUESTO-S,44.0,ANALGESICOS,MEDICAMENTOS,suspension,,100mg 100ml 125mg 5ml,naproxeno,,excel
152,NAPROXENO SOD/PARAC 275MG/300MG 10TAB,ANALGEN FORTE,34.0,ANALGESICOS,MEDICAMENTOS,tableta,10,275mg 300mg,naproxeno + parac,,excel
1521,JERINGA P/INSULINA 1ML 30X13 10PZAS,,49.0,CURACION Y MEDICION,MATERIAL DE CURACION,,10,1ml,,,excel
1522,GUANTES EXPLOR BOLSA C/5 PARES MED,,39.0,CURACION Y MEDICION,MATERIAL DE CURACION,,5,,guantes,,excel
1524,PAROXETINA 20MG 20TAB,AFENEXIL,119.0,SISTEMA NERVIOSO,MEDICAMENTOS,tableta,20,20mg,paroxetina,,excel
1525,LOSARTAN POTASICO 100MG 15TAB,ACCOLOK,84.5,CARDIOVASCULARES,MEDICAMENTOS,tableta,15,100mg,losartan,,excel
1528,LORATADINA/BETAME SOL 60ML,CELESTAMINE NS,81.0,ANTIHISTAMINICOS,MEDICAMENTOS,solucion,,100mg 100ml 5mg 60ml,loratadina + betame,,excel
153,NIFEDIPINO 10MG 20CAP,ADALAT,24.0,CARDIOVASCULARES,MEDICAMENTOS,capsula,20,10mg,nifedipino,,excel
1545,FLOROGLUCINOL 2GR/100ML GTS 30ML SAB LIM,PANCLASA,116.0,ESTOMACALES (GASTRO),MEDICAMENTOS,solucion,,100ml 2000mg 30ml,floroglucinol,,excel
1547,CUBREBOCA TRIPLE PLIEGUE 5PZAS,,31.0,CURACION Y MEDICION,MATERIAL DE CURACION,,5,,cubreboca,,excel
155,NITROFURANTOINA 100MG 40CAP,BIOFURIN,79.0,ANTIBIOTICOS,MEDICAMENTOS,capsula,40,100mg,nitrofurantoina,,excel
1553,VENDAS ADHESIVAS P/NIÑOS 30PZAS C/FIGURA,,24.01,CURACION Y MEDICION,MATERIAL DE CURACION,,30,,vendas + ninos,,excel
1561,CLOROPIRAMINA 25MG 20TAB,AVAPENA,91.0,ANTIHISTAMINICOS,MEDICAMENTOS,tableta,20,25mg,cloropiramina,,excel
1562,CLOROPIRAMINA 20MG/2ML 5AMP,AVAPENA,169.0,ANTIHISTAMINICOS,MEDICAMENTOS,solucion,5,20mg 2ml,cloropiramina,,excel
157,OXIDO DE ZINC 25GR/100GR 30GR,DESITIN,19.0,ENFERMEDADES DE LA PIEL,MEDICAMENTOS,unguento,,100000mg 25000mg 30000mg,oxido,,excel
1577,BETAMETASONA 0.1% CREMA 40GR,BETNOVATE,79.0,ENFERMEDADES DE LA PIEL,MEDICAMENTOS,crema,,100mg 40000mg,betametasona,,excel
158,OXITETRACICLINA 500MG 16CAP,TERVUTAN,112.0,ANTIBIOTICOS,MEDICAMENTOS,capsula,16,500mg,oxitetraciclina,,excel
1588,CARAMELOS SIMICOF BOLSA C/30PZAS,,51.0,RESPIRATORIOS,SUPLEMENTOS,,30,,caramelos,,excel
1589,SIMICOF DIAB JARABE 120ML,,64.0,DIABETES,SUPLEMENTOS,jarabe,,120ml,simicof,,excel
159,OXOLAMINA 1GR/100ML JBE,ALEDRON,44.0,RESPIRATORIOS,MEDICAMENTOS,jarabe,,1000mg 100ml,oxolamina,,excel
1590,PANTOPRAZOL 20MG 7TAB LR,EFECTREFLU,46.0,ESTOMACALES (GASTRO),MEDICAMENTOS,tableta,7,20mg,pantoprazol,,excel
1592,LOSARTAN/HIDRO 100/25MG 15COMP,CO - TARSAN,129.0,CARDIOVASCULARES,MEDICAMENTOS,tableta,15,100mg 25mg,losartan + hidro,,excel
1593,ELECTROLITO ORAL NJA-MDNA 500ML,ELECTROLIT,25.5,REHIDRATANTES,MEDICAMENTOS,solucion,,500ml,electrolito,,excel
1594,ELECTROLITO ORAL FRESA 500ML,ELECTROLIT,25.5,REHIDRATANTES,MEDICAMENTOS,solucion,,500ml,electrolito,,excel
1595,CLOTRIMAZOL DUAL (CREM VAG 10GR 3 OVU),CANDIPHEN-V DUAL,59.0,ANTIMICOTICOS,MEDICAMENTOS,,3,10000mg 200mg,clotrimazol,,excel
1596,AC ACETILSALICILICO 100MG AD 30COMP,ASA 100,24.0,CARDIOVASCULARES,MEDICAMENTOS,tableta,30,100mg,acetilsalicilico,,excel
160,PARACETAMOL SOL ORAL GTS 15ML,ADINOL,14.0,ANALGESICOS,MEDICAMENTOS,solucion,,100mg 15ml 1ml,paracetamol,,excel
1618,BAUMANOMETRO DIGITAL (MANUAL),,759.0,CURACION Y MEDICION,MATERIAL DE CURACION,,1,,baumanometro,,excel
162,PARACETAMOL 500MG 10TAB,ACETAFEN,8.0,ANALGESICOS,MEDICAMENTOS,tableta,10,500mg,paracetamol,,excel
1621,NEBULIZADOR COMPRESOR,,899.0,CURACION Y MEDICION,MATERIAL DE CURACION,,1,,nebulizador,,excel
1625,PARACETAMOL 300MG 6 SUPOS,BIOFER,51.0,ANALGESICOS,MEDICAMENTOS,supositorio,6,300mg,paracetamol,,excel
1628,ACEITE HIGADO BACALAO 240ML SAB PLATANO,EMULSION ADEVIT,61.0,MULTIVITAMINICOS,SUPLEMENTOS,emulsion,,240ml,higado,,excel
164,PENTOXIFILINA 400MG 30TAB LP,DOSPAN PENTO,87.0,CARDIOVASCULARES,MEDICAMENTOS,tableta,30,400mg,pentoxifilina,,excel
1641,VITAMINA-E 400MG 30CAP,E  400,47.0,MULTIVITAMINICOS,MEDICAMENTOS,capsula,30,400mg,,,excel
1647,GEL LUBRICANTE VAGINAL 113GR,,84.0,SEXUALIDAD,SALUD SEXUAL,gel,,113000mg,vaginal,,excel
1648,LEVOFLOXACINO 750MG 7TAB,ASTEFOR,229.0,ANTIBIOTICOS,MEDICAMENTOS,tableta,7,750mg,levofloxacino,,excel
165,PIROXICAM 0.5/100GR GEL 60GR,ARBEST,44.0,ANTIINFLAMATORIOS,MEDICAMENTOS,gel,,100000mg 500mg 60000mg,piroxicam,,excel
166,PIROXICAM 20MG 20CAP,ANDROXICAM,23.0,ANALGESICOS,MEDICAMENTOS,capsula,20,20mg,piroxicam,,excel
167,POLIMIXINA B/NEOM/GRAMI 15ML SOL OFT,NEOSPORIN,41.0,OFTALMOLOGICOS,MEDICAMENTOS,solucion,,0.025mg 1.75mg 15ml 1ml 5000ui,polimixina + grami,,excel
169,PRAZOSINA 1MG 30CAP,ANAPRES,134.0,CARDIOVASCULARES,MEDICAMENTOS,capsula,30,1mg,prazosina,,excel
170,PROPAFENONA 150MG 20TAB,BIOPAFEN,137.0,CARDIOVASCULARES,MEDICAMENTOS,tableta,20,150mg,propafenona,,excel
171,PSYLLIUM PLANT NATURAL 400GR,ALEXCIBRAN,154.0,ESTOMACALES (GASTRO),MEDICAMENTOS,polvo,,100000mg 400000mg 49700mg,psyllium,,excel
1720,SIMIANGO 1 SOBRE 12GR,,11.5,MULTIVITAMINICOS,SUPLEMENTOS,polvo,1,12000mg 120mg 629mcg,simiango,,excel
1753,SIMILESS CAFE 1 SOBRE 12GR,,12.5,PESO Y METABOLISMO,SUPLEMENTOS,polvo,1,12000mg,similess,,excel
1759,METOPROLOL 95MG 20TAB LP,LOPRESOR R,119.0,CARDIOVASCULARES,MEDICAMENTOS,tableta,20,95mg,metoprolol,,excel
1761,SILDENAFIL 100MG 1TAB,ACTIRAAM,49.0,SEXUALIDAD,MEDICAMENTOS,tableta,1,100mg,sildenafil,,excel
1762,SILDENAFIL 50MG 1TAB,ACTIRAAM,39.0,SEXUALIDAD,MEDICAMENTOS,tableta,1,50mg,sildenafil,,excel
1763,LORATADINA/FENILEFRINA 10TAB LP,CLARITYNE D,70.0,RESPIRATORIOS,MEDICAMENTOS,tableta,10,30mg 5mg,loratadina + fenilefrina,,excel
1774,SIMIPAZ FORTE 30CAP,,69.0,RELAJANTES,REMEDIOS HERBOLARIOS,capsula,30,40mg 56.25mg 62.5mg,simipaz,,excel
178,SALBUTAMOL .1328GR 200 DOSIS,AIRMAX,64.0,RESPIRATORIOS,MEDICAMENTOS,spray,,1.328e+06mg 100000mg 132.8mg,salbutamol,,excel
1785,TIRAS REACT ONE TOUCH 10PZAS,,148.0,CURACION Y MEDICION,MATERIAL DE CURACION,,10,,tiras,,excel
1786,PROT SIMICOMPLEX VAINI 10SOB,,394.01,DEPORTISTAS,SUPLEMENTOS,polvo,10,,,,excel
1787,PROT SIMICOMPLEX FRESA 10SOB,,394.01,DEPORTISTAS,SUPLEMENTOS,polvo,10,,,,excel
1789,SIMI B DIAB 30CAP COMPLEJO B E INOSITOL,,73.0,DIABETES,SUPLEMENTOS,capsula,30,,,,excel
1792,FENIL/CLOR/GUAI/PARA PEDGTS30ML,BREGAMAN FLU,34.0,RESPIRATORIOS,MEDICAMENTOS,solucion,,100mg 100ml 2000mg 20mg 2500mg 30ml,fenil + pedgts,,excel
1797,MAGALDRATO/DIMET 8G/1G/100ML 250ML,GALAVER,88.0,ESTOMACALES (GASTRO),MEDICAMENTOS,gel,,1000mg 100ml 250ml 8000mg,magaldrato + dimet,,excel
1798,ESPIRONOLACTONA 25MG 30TAB,ALDACTONE A,66.0,CARDIOVASCULARES,MEDICAMENTOS,tableta,30,25mg,espironolactona,,excel
1801,DEXTROMETO/PARA/BROM/FEN 12CAP,CAPSIFLU TOTAL,61.0,RESPIRATORIOS,MEDICAMENTOS,capsula,12,10mg 250mg 2mg 5mg,dextrometo,,excel
1802,ATORVASTATINA 10MG 20TAB,APOLISTINA,66.0,CARDIOVASCULARES,MEDICAMENTOS,tableta,20,10mg,atorvastatina,,excel
1803,ATORVASTATINA 20MG 10TAB,APOLISTINA,66.0,CARDIOVASCULARES,MEDICAMENTOS,tableta,10,20mg,atorvastatina,,excel
1806,TRIMEBUTINA 200MG 40TAB,APOCOL,84.0,ESTOMACALES (GASTRO),MEDICAMENTOS,tableta,40,200mg,trimebutina,,excel
1807,ELECTROLITO ORAL DURAZNO 500ML,ELECTROLIT,25.5,REHIDRATANTES,MEDICAMENTOS,solucion,,500ml,electrolito,,excel
1808,SIMIFIBRA FORTE 300GR,,109.01,ESTOMACALES (GASTRO),SUPLEMENTOS,polvo,,300000mg,simifibra,,excel
1809,NOPAL/CHIA/LINAZA/PIÑA 350GR,,214.0,ESTOMACALES (GASTRO),SUPLEMENTOS,polvo,,350000mg,nopal + linaza,,excel
1810,VENDA ELASTICA 5CMX5MTS DR SIMI,,10.0,CURACION Y MEDICION,MATERIAL DE CURACION,,1,,elastica,,excel
1811,VENDA ELASTICA 15CMX5MTS DR SIMI,,22.0,CURACION Y MEDICION,MATERIAL DE CURACION,,1,,elastica,,excel
1812,EUCALIPTO/PINO/TOM/LAVDA SPRAY 120ML,,121.0,RESPIRATORIOS,MATERIAL DE CURACION,spray,,120ml,eucalipto + lavda,,excel
1817,HIERRO/AC FOLICO 100MG/800MCG 30TAB,DUNOX PRO,164.0,MULTIVITAMINICOS,MEDICAMENTOS,tableta,30,100mg 800mcg,hierro + folico,,excel
1818,AMANTADINA/CLOR/PARA 60ML INF,ALIREN,45.0,RESPIRATORIOS,MEDICAMENTOS,solucion,,20mg 3000mg 500mg 60ml,amantadina,,excel
1820,MECLOZINA/PIRIDOXINA/LIDOCAINA 1AMP,MECLISON,26.0,ESTOMACALES (GASTRO),MEDICAMENTOS,solucion,1,1ml 25mg 50mg,meclozina + piridoxina + lidocaina,,excel
1831,DESLORATADINA 50MG SOL 120ML,AVIANT,99.0,ANTIHISTAMINICOS,MEDICAMENTOS,solucion,,100ml 120ml 50mg,desloratadina,,excel
184,TRIMETOPRI/SULFA 800/4000MG SUSP 120ML,ANDOPRIM,31.0,ANTIBIOTICOS,MEDICAMENTOS,suspension,,120ml 4000mg 800mg,trimetopri + sulfa,,excel
1840,SILDENAFIL 50MG 4TAB,ACTIRAAM,99.0,SEXUALIDAD,MEDICAMENTOS,tableta,4,50mg,sildenafil,,excel
1841,SILDENAFIL 100MG 4TAB,ACTIRAAM,149.0,SEXUALIDAD,MEDICAMENTOS,tableta,4,100mg,sildenafil,,excel
1843,AMIODARONA 200MG 20TAB,ATLANSIL,174.0,CARDIOVASCULARES,MEDICAMENTOS,tableta,20,200mg,amiodarona,,excel
1845,ATENOLOL/CLORT 50/12.5MG 28 O 30TAB,APOTELODONA,134.0,CARDIOVASCULARES,MEDICAMENTOS,tableta,30,12.5mg 50mg,atenolol + clort,,excel
1846,ATORVASTATINA 40MG 10TAB,APOLISTINA,116.0,CARDIOVASCULARES,MEDICAMENTOS,tableta,10,40mg,atorvastatina,,excel
185,TRIMETO/SULF 80/400MG 20TAB,ANITRIM,24.0,ANTIBIOTICOS,MEDICAMENTOS,tableta,20,400mg 80mg,trimeto,,excel
1850,DESLORATADINA 5MG 10TAB,ABRUNT,70.0,ANTIHISTAMINICOS,MEDICAMENTOS,tableta,10,5mg,desloratadina,,excel
1853,IBUPROFENO 400MG 10CAP,ACTRON,21.0,ANALGESICOS,MEDICAMENTOS,capsula,10,400mg,ibuprofeno,,excel
1854,PROBIOTICOS 6 LACTOBACILOS 6SOBRES,LACTIPAN,86.0,ESTOMACALES (GASTRO),SUPLEMENTOS,polvo,6,,probioticos,,excel
1856,L-ORNITINA/L-ASPARTATO 10 SOB 3GR,HEPA MERZ,279.0,ESPECIALIDAD,MEDICAMENTOS,polvo,10,3000mg,ornitina + aspartato,,excel
1862,BUTILHIOSCINA(HIOSCINA)/IBUPROFENO 10TAB,BUSCAPINA FEM,76.0,ESTOMACALES (GASTRO),MEDICAMENTOS,tableta,10,20mg 400mg,butilhioscina + ibuprofeno,,excel
1864,MONTELUKAST 5MG 20TAB MAST,ABBATIN,99.0,RESPIRATORIOS,MEDICAMENTOS,tableta,20,5mg,montelukast,,excel
1865,MONTELUKAST 10MG 20TAB,ABBATIN,199.0,RESPIRATORIOS,MEDICAMENTOS,tableta,20,10mg,montelukast,,excel
1866,SIMIFLEX PLUS 90CAP,CARTICAP FOR,295.0,ANALGESICOS,MEDICAMENTOS,capsula,90,200mg 20mg 300mg 30mg,simiflex,,excel
187,VERAPAMILO 80MG 20TAB,APO - MILE,25.0,CARDIOVASCULARES,MEDICAMENTOS,tableta,20,80mg,verapamilo,,excel
1879,BICALUTAMIDA 50MG 14TAB,ADVANPRO,209.0,ESPECIALIDAD,MEDICAMENTOS,tableta,14,50mg,bicalutamida,,excel
188,VITAMINA-E 400MG 90CAP,E  400,99.0,MULTIVITAMINICOS,MEDICAMENTOS,capsula,90,400mg,,,excel
1881,DORZOLAMIDA/TIMOLOL 20MG/5MG/1ML 5ML,AILICEC,185.0,OFTALMOLOGICOS,MEDICAMENTOS,solucion,,1ml 20mg 5mg 5ml,dorzolamida + timolol,,excel
1882,HIDROXIZINA 10MG 30TAB,AKISKAM,64.0,ANTIHISTAMINICOS,MEDICAMENTOS,tableta,30,10mg,hidroxicina,,excel
1884,HIERRO DEXTRAN 100MG/2ML 3AMP,FERRANINA,93.0,MULTIVITAMINICOS,MEDICAMENTOS,solucion,3,100mg 2ml,hierro,,excel
1885,LISINA/PARG 125/10MG 20TAB,FIRAC PLUS,199.0,ESTOMACALES (GASTRO),MEDICAMENTOS,tableta,20,10mg 125mg,lisina,,excel
1888,SULFADIAZINA DE PLATA CREMA 1% 28GR,ARGEMOL,44.0,ENFERMEDADES DE LA PIEL,MEDICAMENTOS,crema,,1000mg 28000mg,sulfadiazina,,excel
1895,LOSARTAN/HIDRO 100/12.5MG15COMP,CO - TARSAN,139.0,CARDIOVASCULARES,MEDICAMENTOS,tableta,15,100mg 12.5mg,losartan + hidro,,excel
1896,NORFENEFRINA 10MG/1ML SOL 24ML,A S COR,107.0,CARDIOVASCULARES,MEDICAMENTOS,solucion,,10mg 1ml 24ml,norfenefrina,,excel
1898,CIPROFLOXACINO/DEXAMET OFT 5ML,CILODEX,71.0,ANTIBIOTICOS,MEDICAMENTOS,solucion,,1mg 1ml 3.5mg 5ml,ciprofloxacino + dexamet,,excel
1899,DIOSMINA 600MG 15COM,MEVEDIM,191.0,CARDIOVASCULARES,MEDICAMENTOS,tableta,15,600mg,diosmina,,excel
19,AMBROXOL/DEXT 225/225MG AD JBE,BROGAL T,36.0,RESPIRATORIOS,MEDICAMENTOS,jarabe,,100ml 225mg,ambroxol,,excel
1902,RAMIPRIL 5MG 16TAB,INTEMIPRIL,99.0,CARDIOVASCULARES,MEDICAMENTOS,tableta,16,5mg,ramipril,,excel
1903,VENLAFAXINA 75MG 20CAP LP,ADEFAXIN,134.0,SISTEMA NERVIOSO,MEDICAMENTOS,capsula,20,75mg,venlafaxina,,excel
1905,CALCIO/VIT A/VIT D2 60COMP,CALTRATE 600+D,76.0,ANALGESICOS,MEDICAMENTOS,tableta,60,1500ui 270mcg 600mg,calcio,,excel
1907,SILDENAFIL 50MG 10TAB,ACTIRAAM,219.0,SEXUALIDAD,MEDICAMENTOS,tableta,10,50mg,sildenafil,,excel
1909,OLANZAPINA 10MG 14TAB,ACUDOPIK,149.0,SISTEMA NERVIOSO,MEDICAMENTOS,tableta,14,10mg,olanzapina,,excel
1916,BUDESONID 0.500MG/2ML O 0.250MG/ML C/2ML,AEROSIAL N,164.0,RESPIRATORIOS,MEDICAMENTOS,suspension,5,0.25mg 0.5mg 2ml,budesonid,,excel
1917,IPRATROPIO/SALBUTA 10AMP SOL P/NEB,BRASSPO,154.0,RESPIRATORIOS,MEDICAMENTOS,suspension,10,0.5mg 2.5mg 2.5ml,ipratropio + salbuta,,excel
1918,CLINDAMICINA/KETOCO CREMA 30GR,COLPOBEN,99.0,ANTIMICOTICOS,MEDICAMENTOS,crema,,100000mg 2000mg 30000mg 8000mg,clindamicina + ketoco,,excel
1919,CLOTRIMAZOL V 200MG 3 OVULOS,CANDIPHEN V,69.0,ANTIMICOTICOS,MEDICAMENTOS,ovulo,3,200mg,clotrimazol,,excel
1929,CLOPIDOGREL 75MG 28TAB,ACCEVAX,89.0,CARDIOVASCULARES,MEDICAMENTOS,tableta,28,75mg,clopidogrel,,excel
1930,ROSUVASTATINA 10MG 30TAB,BILIP,132.0,CARDIOVASCULARES,MEDICAMENTOS,tableta,30,10mg,rosuvastatina,,excel
1932,TELMISARTAN 40MG 14TAB BOEHRIN,ARCHER,139.0,CARDIOVASCULARES,MEDICAMENTOS,tableta,14,40mg,telmisartan,,excel
1933,TELMISARTAN 80MG 14TAB,ARCHER,104.0,CARDIOVASCULARES,MEDICAMENTOS,tableta,14,80mg,telmisartan,,excel
1945,HIDROCORTISONA/LIDO 5/60MG 6SUP,GOODSIT,59.0,ANALGESICOS,MEDICAMENTOS,supositorio,6,5mg 60mg,hidrocortisona,,excel
1950,VALSARTAN 80MG 30COMP,ACAVEXAL,124.0,CARDIOVASCULARES,MEDICAMENTOS,tableta,30,80mg,valsartan,,excel
1952,FLOROGLUCI/TRIMETI 80/80MG 20CAP,MODIPAS,138.0,ESTOMACALES (GASTRO),MEDICAMENTOS,capsula,20,80mg,florogluci + trimeti,,excel
1963,OMEPRAZOL 20MG 14CAP,AGRIXAL,59.0,ESTOMACALES (GASTRO),MEDICAMENTOS,capsula,14,20mg,omeprazol,,excel
1967,MOMETASONA 50MCG AD 140DOSIS 18ML,AKIRA,234.0,RESPIRATORIOS,MEDICAMENTOS,suspension,,18ml 50mcg,mometasona,,excel
1970,MONTELUKAST 10 SOBRES 4MG,EVEREST,89.0,RESPIRATORIOS,MEDICAMENTOS,polvo,10,4mg,montelukast,,excel
1971,PSYLLIUM PLANT NJA-PIÑA 400GR,FIBROMUCIL,154.0,ESTOMACALES (GASTRO),MEDICAMENTOS,polvo,,100000mg 35000mg 400000mg,psyllium,,excel
1972,CONDON TEXTURIZADO EXTR 3PZAS SIMICONDON,,37.0,SEXUALIDAD,SALUD SEXUAL,,3,,texturizado,,excel
1973,GUAYABA/LINAZA 30CAP GEL DR SIMI,,104.01,ESTOMACALES (GASTRO),SUPLEMENTOS,capsula,30,,guayaba + linaza,,excel
1974,LACTOB FORTE 30CAP SIMIBACILOS,,52.0,ESTOMACALES (GASTRO),SUPLEMENTOS,capsula,30,,lactob,,excel
1975,LACTOB FORTE 100CAP SIMIBACILOS,,158.0,ESTOMACALES (GASTRO),SUPLEMENTOS,capsula,100,,lactob,,excel
1976,LACTOB SPOROG 48TAB MAST SIMIPROBACILUS,,48.0,ESTOMACALES (GASTRO),SUPLEMENTOS,tableta,48,,lactob,,excel
1978,VITAMINA B12/MINERALES 5ML 10AMP,,174.0,MULTIVITAMINICOS,SUPLEMENTOS,solucion,10,5ml,,,excel
1990,TIRAS REACTIVAS SELECT 50PZAS,,479.0,CURACION Y MEDICION,MATERIAL DE CURACION,,50,,tiras,,excel
1994,LEVETIRACETAM 500MG 60TAB,6-UR,379.0,SISTEMA NERVIOSO,MEDICAMENTOS,tableta,60,500mg,levetiracetam,,excel
1995,MELATONINA 5MG 20TAB SUBL,BENEDORM,91.0,SISTEMA NERVIOSO,MEDICAMENTOS,tableta,20,5mg,melatonina,,excel
1996,QUINFAMIDA/ALBEND 200/400MG 20ML JR,DUBIRIX,57.0,ESTOMACALES (GASTRO),MEDICAMENTOS,suspension,,200mg 20ml 400mg,quinfamida + albend,,excel
2003,ESCITALOPRAM 10MG 14TAB,AFYA,74.0,SISTEMA NERVIOSO,MEDICAMENTOS,tableta,14,10mg,escitalopram,,excel
2005,QUINFAMIDA/ALBEND 150/200MG 2TAB,AH-MICOL,44.0,ESTOMACALES (GASTRO),MEDICAMENTOS,tableta,2,150mg 200mg,quinfamida + albend,,excel
2006,PICOSULFATO SODIO 5MG 20TAB,ANARA,34.0,ESTOMACALES (GASTRO),MEDICAMENTOS,tableta,20,5mg,picosulfato,,excel
2010,PROPRANOLOL 40MG 30TAB,INDERALICI,21.0,CARDIOVASCULARES,MEDICAMENTOS,tableta,30,40mg,propranolol,,excel
2014,BAÑO COLOIDE 1 SOBRE 90GR,RIBAN,51.0,ENFERMEDADES DE LA PIEL,MEDICAMENTOS,polvo,1,1800mg 86850mg 90000mg,,,excel
2023,MINOCICLINA 100MG 10CAP,ANTINOCIL,234.0,ANTIBIOTICOS,MEDICAMENTOS,capsula,10,100mg,minociclina,,excel
2031,LEVOCETIRIZINA 5MG 10TAB,AYAHUBLE,99.0,ANTIHISTAMINICOS,MEDICAMENTOS,tableta,10,5mg,levocetirizina,,excel
2032,VALSARTAN 160MG 14COMP,ACAVEXAL,184.0,CARDIOVASCULARES,MEDICAMENTOS,tableta,14,160mg,valsartan,,excel
2034,SHOT WELLMUNE 60ML MANDARINA,,32.0,RESPIRATORIOS,SUPLEMENTOS,,,60ml,,,excel
2035,SHOT WELLMUNE INF 60ML NARANJA,,28.0,RESPIRATORIOS,SUPLEMENTOS,,,60ml,,,excel
2036,GOMITAS AC GLUTAM 100PZA WARNER KIDS,,109.01,MULTIVITAMINICOS,SUPLEMENTOS,,100,,gomitas,,excel
2037,CLORANFENICOL UNGÜENTO OFT 5GR,CLORAMFENI UNGENA,66.0,OFTALMOLOGICOS,MEDICAMENTOS,unguento,,1000mg 5000mg 5mg,cloranfenicol,,excel
2041,GOMITAS WELLMUNE 60PZAS SIMIWELL KIDS,,117.0,RESPIRATORIOS,SUPLEMENTOS,,60,,gomitas,,excel
2043,LACTOB SPOROG 100TAB MAST SIMIPROBACILUS,,84.0,ESTOMACALES (GASTRO),SUPLEMENTOS,tableta,100,,lactob,,excel
2044,ESTROGENOS CREMA VAG O-EQUIN 62.5MG 43GR,PREMONE,369.0,HORMONALES,MEDICAMENTOS,crema,,100000mg 43000mg 62.5mg,estrogenos,,excel
2047,MELATONINA 3MG 40TAB SUBL,BENEDORM,99.0,SISTEMA NERVIOSO,MEDICAMENTOS,tableta,40,3mg,melatonina,,excel
2060,TOLTERODINA 2MG 14TAB,DINAFAR,124.0,ESPECIALIDAD,MEDICAMENTOS,tableta,14,2mg,tolterodina,,excel
2061,MOMETASONA 50MCG PED 60DOSIS,ALEGORIA,159.0,RESPIRATORIOS,MEDICAMENTOS,suspension,,50mcg,mometasona,,excel
2068,ESPIRONOLACTONA/FUROSEM 16CAP,LASILACTON,189.0,CARDIOVASCULARES,MEDICAMENTOS,capsula,16,20mg 50mg,espironolactona + furosem,,excel
2069,LISADOS BACTERIANOS 10AMP SOL ORAL,PULMONAROM,789.0,RESPIRATORIOS,MEDICAMENTOS,solucion,10,3ml,lisados,,excel
2072,FLUTICASONA/SALMET 50/25MCG120DOSIS,LASFLIGEN,291.0,RESPIRATORIOS,MEDICAMENTOS,spray,,25mcg 50mcg,fluticasona + salmet,,excel
2073,IRBESARTAN 150MG 14TAB,APROVEL,94.0,CARDIOVASCULARES,MEDICAMENTOS,tableta,14,150mg,irbesartan,,excel
2075,PREGABALINA 75MG 14CAP PFIZER,AITYX,159.0,SISTEMA NERVIOSO,MEDICAMENTOS,capsula,14,75mg,pregabalina,,excel
2078,CONDON AROMA/SAB UVA 3PZAS SIMICONDON,,34.0,SEXUALIDAD,SALUD SEXUAL,,3,,aroma,,excel
2080,SIMIWELL BETAG/VIT C/ZINC 30CAP,,154.0,RESPIRATORIOS,SUPLEMENTOS,capsula,30,,simiwell,,excel
209,AMBROXOL 0.3G/100ML SOL 120ML,AMBODIL,27.0,RESPIRATORIOS,MEDICAMENTOS,solucion,,100ml 120ml 300mg,ambroxol,,excel
2090,HIDROXICLOROQUINA 200MG 20TAB,AXEMAL,264.0,ESTOMACALES (GASTRO),MEDICAMENTOS,tableta,20,200mg,hidroxicloroquina,,excel
2092,FLUTICASONA 50MCG/DOSIS 120DOSIS,AYTUGRE NS,295.0,RESPIRATORIOS,MEDICAMENTOS,spray,,50mcg,fluticasona,,excel
21,AMBROXOL 30MG 20COMP,AMBROFUR,25.0,RESPIRATORIOS,MEDICAMENTOS,tableta,20,30mg,ambroxol,,excel
2113,DONEPECILO 10MG 28TAB,BRAIX,449.0,SISTEMA NERVIOSO,MEDICAMENTOS,tableta,28,10mg,donepecilo,,excel
2115,PREGABALINA 150MG 28CAP PFIZER,ACIRYL,179.0,SISTEMA NERVIOSO,MEDICAMENTOS,capsula,28,150mg,pregabalina,,excel
212,AMPICILINA 1GR SOL INY,ALPHAPEN,36.0,ANTIBIOTICOS,MEDICAMENTOS,solucion,1,1000mg 5ml,ampicilina,,excel
2122,HIDROCLOROTIAZIDA 25MG 20TAB,ACORTIZ,24.0,CARDIOVASCULARES,MEDICAMENTOS,tableta,20,25mg,hidroclorotiazida,,excel
2126,LISADOS BACTERIANOS INF 10SOB,BRONCHO VAXOM,569.0,RESPIRATORIOS,MEDICAMENTOS,polvo,10,,lisados,,excel
2128,BIPERIDENO 2MG 30TAB,AKINETON,119.0,SISTEMA NERVIOSO,MEDICAMENTOS,tableta,30,2mg,biperideno,,excel
2129,AC URSODEOXICOLICO 250MG 50CAP,CORIC,339.0,ESPECIALIDAD,MEDICAMENTOS,capsula,50,250mg,ursodeoxicolico,,excel
2146,EZETIMIBA/SIMVAS 10/20MG MSD 14COMP,GOLIDONEZ,599.0,CARDIOVASCULARES,MEDICAMENTOS,tableta,14,10mg 20mg,ezetimiba + simvas,,excel
2147,LORATADINA/FENIL/PARA 12TAB,SENSIBIT D NF,36.0,RESPIRATORIOS,MEDICAMENTOS,tableta,12,2.5mg 500mg 5mg,loratadina + fenil,,excel
2149,VENDA ALTA COMPRESION 10CMX5MTS DR SIMI,,49.0,CURACION Y MEDICION,MATERIAL DE CURACION,,1,,,,excel
215,BENZONATATO 100MG 20CAP,BEKNOL,34.0,RESPIRATORIOS,MEDICAMENTOS,capsula,20,100mg,benzonatato,,excel
2150,GEL MENT/ARNI/CALEN/SABIL 100GR,,89.0,ANALGESICOS,MATERIAL DE CURACION,gel,,100000mg,calen + sabil,,excel
2152,PROT LOW-CARB CHOCOLATE 450GR XGEAR,,314.0,DEPORTISTAS,SUPLEMENTOS,polvo,,450000mg,,,excel
2154,HIPROMELOSA 0.5% SOL OFT 15ML,AQUALUBISA,44.0,OFTALMOLOGICOS,MEDICAMENTOS,solucion,,15ml 1ml 5mg,hipromelosa,,excel
2155,ROSUVASTATINA 20MG 15TAB,CRESTOR,132.0,CARDIOVASCULARES,MEDICAMENTOS,tableta,15,20mg,rosuvastatina,,excel
2158,OLMESARTAN 20MG 14TAB,ALMETEC,132.0,CARDIOVASCULARES,MEDICAMENTOS,tableta,14,20mg,olmesartan,,excel
2159,RHODIOLA ROSEA/VITAMINAS 30CAP,ARISTOCAPS RB,154.0,MULTIVITAMINICOS,MEDICAMENTOS,capsula,30,,rhodiola,,excel
2160,DIACEREINA 50MG 30CAP,ARTRIZAN,146.0,ANALGESICOS,MEDICAMENTOS,capsula,30,50mg,diacereina,,excel
2161,VITAMINAS P/ABU 100CAP GEL DR SIMI,MV-GEL,149.0,MULTIVITAMINICOS,MEDICAMENTOS,capsula,100,,,,excel
2176,AMOXICILINA/AC CLA 600/42.9 SUSP 50ML,AUGMENTIN ES-600,88.0,ANTIBIOTICOS,MEDICAMENTOS,polvo,,42.9mg 50ml 5ml 600mg,amoxicilina + clavulanico,,excel
2178,CELECOXIB 200MG 10CAP,CORTAX,199.0,ANALGESICOS,MEDICAMENTOS,capsula,10,200mg,celecoxib,,excel
2179,IBUPROFENO/CAF 400/100MG 10CAP,ACTRON PLUS,41.0,ANALGESICOS,MEDICAMENTOS,capsula,10,100mg 400mg,ibuprofeno,,excel
218,CEFOTAXIMA 1GR SOL INY,BENAXIMA,88.0,ANTIBIOTICOS,MEDICAMENTOS,solucion,,1000mg 4ml,cefotaxima,,excel
2181,PREDNISOLONA/SULFA 10ML SUSP OFT,BLEFAMIDE,154.0,OFTALMOLOGICOS,MEDICAMENTOS,suspension,,100mg 10ml 5mg,prednisolona + sulfa,,excel
2187,CANDESARTAN 8MG 14TAB,ATACAND,209.0,CARDIOVASCULARES,MEDICAMENTOS,tableta,14,8mg,candesartan,,excel
2188,CANDESARTAN 16MG 14TAB,ATACAND,339.0,CARDIOVASCULARES,MEDICAMENTOS,tableta,14,16mg,candesartan,,excel
219,CEFOTAXIMA 500MG SOL INY,BAXYTAX,59.0,ANTIBIOTICOS,MEDICAMENTOS,solucion,1,2ml 500mg,cefotaxima,,excel
2199,ACEMETACINA 90MG 14CAP LP,FLARICEL,110.0,ANALGESICOS,MEDICAMENTOS,capsula,14,90mg,acemetacina,,excel
22,AMIKACINA 100MG/2ML 1AMP,A M K,17.0,ANTIBIOTICOS,MEDICAMENTOS,solucion,1,100mg 2ml,amikacina,,excel
220,CEFTAZIDIMA 1GR SOL INY,CEFA 3,121.0,ANTIBIOTICOS,MEDICAMENTOS,solucion,1,1000mg 3ml,ceftazidima,,excel
2200,NEOMICINA/CAOLI/PECTIN 20TAB,KAOMYCIN,58.0,ESTOMACALES (GASTRO),MEDICAMENTOS,tableta,20,129mg 280mg 30mg,neomicina + caoli + pectin,,excel
2201,PANCREAT/SIME/B BUEY/CEL 50TAB,ESPAVEN ENZIMATICO,169.0,ESTOMACALES (GASTRO),MEDICAMENTOS,tableta,50,130mg 25mg 40mg 5mg,pancreat,,excel
2214,SIMIKRILL 30CAP,,189.0,MULTIVITAMINICOS,SUPLEMENTOS,capsula,30,,simikrill,,excel
2215,SIMIKRILL 60CAP,,351.0,MULTIVITAMINICOS,SUPLEMENTOS,capsula,60,,simikrill,,excel
2219,FORZE VF GOLD 30CAP,FORZE VF GOLD,163.0,MULTIVITAMINICOS,MEDICAMENTOS,capsula,30,,forze,,excel
222,CEFTRIAXONA 1GR 1AMP,AMCEF,79.0,ANTIBIOTICOS,MEDICAMENTOS,solucion,1,1000mg 3.5ml,ceftriaxona,,excel
2220,METRONIDAZOL/MICO 7 OVULOS,GYNOTRAN,169.0,ANTIMICOTICOS,MEDICAMENTOS,ovulo,7,200mg 750mg,metronidazol,,excel
2224,CONDON AROMA/SAB FRES 3PZAS SIMICONDON,,34.0,SEXUALIDAD,SALUD SEXUAL,,3,,aroma,,excel
2226,ALENDRONAT/COLE VITD-3 70MG/5600UI 4COM,BONFEROL,299.0,ANALGESICOS,MEDICAMENTOS,tableta,4,5600ui 70mg,alendronat,,excel
2227,BETAHISTINA 24MG 30TAB,GIDZY,279.0,SISTEMA NERVIOSO,MEDICAMENTOS,tableta,30,24mg,betahistina,,excel
2228,DULOXETINA 30MG 7CAP LR,ABRETIA,74.0,SISTEMA NERVIOSO,MEDICAMENTOS,capsula,7,30mg,duloxetina,,excel
2229,DULOXETINA 60MG 14CAP LR O TAB LR,ABRETIA,137.0,SISTEMA NERVIOSO,MEDICAMENTOS,capsula,14,60mg,duloxetina,,excel
223,CEFUROXIMA 750MG/5ML 1AMP,AUROXETIL 750,76.0,ANTIBIOTICOS,MEDICAMENTOS,solucion,1,5ml 750mg,cefuroxima,,excel
2230,SALBUTAMOL 5MG/1ML SOL P/NEB 10ML,NEBSAL,82.0,RESPIRATORIOS,MEDICAMENTOS,solucion,,10ml 1ml 5mg,salbutamol,,excel
2232,TELMISARTAN/HIDRO 14TAB BOEHRIN,ARCHER COMPUESTO,269.0,CARDIOVASCULARES,MEDICAMENTOS,tableta,14,12.5mg 80mg,telmisartan + hidro,,excel
2244,AMBROXOL/DEXT 22.5/22.5MG 10CAP,ADMIDOXIL,35.0,RESPIRATORIOS,MEDICAMENTOS,capsula,10,22.5mg,ambroxol,,excel
2253,BUDESONID 0.250MG/2ML O 0.125MG/ML C/2ML,AEROSIAL N,147.0,RESPIRATORIOS,MEDICAMENTOS,suspension,5,0.125mg 0.25mg 2ml,budesonid,,excel
2256,RESPI SIMIMAX 30CAP VIT C/ECHINACEA/ZINC,REGRIPAX VYM,105.0,RESPIRATORIOS,MEDICAMENTOS,capsula,30,250mg 300mg 45mg,respi,,excel
2258,HIDROXIZINA 25MG 25TAB,ATARAX,129.0,ANTIHISTAMINICOS,MEDICAMENTOS,tableta,25,25mg,hidroxicina,,excel
2260,METRONIDAZOL/CENTE/NITR 12 OVU,CENTRASSOL,153.0,ANTIBIOTICOS,MEDICAMENTOS,ovulo,12,15mg 300mg 6mg,metronidazol + cente,,excel
2261,NAPROXENO/LIDOCA 10G/2G GEL TOPICO 35GR,ANALGEN,43.0,ANALGESICOS,MEDICAMENTOS,gel,,10000mg 2000mg 35000mg,naproxeno + lidoca,,excel
2270,HIDROCORTISONA 0.1G/100G 30GR,COLLICORT,99.0,ENFERMEDADES DE LA PIEL,MEDICAMENTOS,crema,,100000mg 100mg 30000mg,hidrocortisona,,excel
2271,OLANZAPINA 5MG 14TAB,ACUDOPIK,75.0,SISTEMA NERVIOSO,MEDICAMENTOS,tableta,14,5mg,olanzapina,,excel
2272,LEVOCARNITINA 1GR/5ML 5AMP,CARDISPAN,137.0,PESO Y METABOLISMO,MEDICAMENTOS,solucion,5,1000mg 5ml,levocarnitina,,excel
2273,JERINGA P/INSULINA 0.5ML 31X8 10PZAS,,51.01,CURACION Y MEDICION,MATERIAL DE CURACION,,10,0.5ml,,,excel
2275,ETORICOXIB 120MG 7COMP MERCK,ARCOXIA,439.0,ANALGESICOS,MEDICAMENTOS,tableta,7,120mg,etoricoxib,,excel
2276,MAGALDRATO/DIMET 80MG/10MG 10SOB,GALAVER,56.0,ESTOMACALES (GASTRO),MEDICAMENTOS,gel,10,10mg 1ml 80mg,magaldrato + dimet,,excel
2277,FLUTICASONA/ SALMET 250/50MCG 60DOSIS,IRFLOSOL,499.0,RESPIRATORIOS,MEDICAMENTOS,spray,,250mcg 50mcg,fluticasona + salmet,,excel
2278,CONDON MAX SEG 3PZAS SIMICONDON,,34.0,SEXUALIDAD,SALUD SEXUAL,,3,,,,excel
2283,SHOT SIMIACT 60ML SAB GROSELLA,,27.0,DEPORTISTAS,SUPLEMENTOS,,,60ml,,,excel
2285,FORZE VF GOLD 100CAP,FORZE VF GOLD,446.0,MULTIVITAMINICOS,MEDICAMENTOS,capsula,100,,forze,,excel
2296,MOXIFLOXACINO 400MG 7TAB,ALLOC,259.0,ANTIBIOTICOS,MEDICAMENTOS,tableta,7,400mg,moxifloxacino,,excel
2297,AC IBANDRONICO 150MG 1TAB,BONESE,132.0,ANALGESICOS,MEDICAMENTOS,tableta,1,150mg,ibandronico,,excel
2298,AGUA DE MAR ISOTON SPRAY 100ML,,129.0,CURACION Y MEDICION,MATERIAL DE CURACION,spray,,100ml,,,excel
23,AMIKACINA 500MG/2ML 1AMP,A M K,44.0,ANTIBIOTICOS,MEDICAMENTOS,solucion,1,2ml 500mg,amikacina,,excel
2303,DROPROPIZINA 300MG JBE 120ML,BIOXOVER,45.0,RESPIRATORIOS,MEDICAMENTOS,jarabe,,100ml 120ml 300mg,dropropizina,,excel
2304,PROT ZERO CARB CHOCO-CAPUCH 450GR XGEAR,,399.01,DEPORTISTAS,SUPLEMENTOS,polvo,,450000mg,,,excel
2305,PROT LOW-CARB VAINILLA 450GR X GEAR,,314.0,DEPORTISTAS,SUPLEMENTOS,polvo,,450000mg,,,excel
2310,NEOMICINA/CAOLI/PECTIN 180ML SUSP,KAOMYCIN,73.0,ESTOMACALES (GASTRO),MEDICAMENTOS,suspension,,1000mg 100ml 180ml 20000mg 710mg,neomicina + caoli + pectin,,excel
2315,IBUPROFENO 600MG 10CAP,ACTRON,34.0,ANALGESICOS,MEDICAMENTOS,capsula,10,600mg,ibuprofeno,,excel
234,GENTAMICINA 80MG/2ML 1AMP,GARAMICINA,18.0,ANTIBIOTICOS,MEDICAMENTOS,solucion,1,2ml 80mg,gentamicina,,excel
2342,PINAVERIO/DIMETICONA 100/300MG 16CAP,ALEVIAN DUO,189.0,ESTOMACALES (GASTRO),MEDICAMENTOS,capsula,16,100mg 300mg,pinaverio + dimeticona,,excel
2352,CIMICIFUGA/VIT/ISOFLAV 30CAPGEL,LA FEMME,107.0,MULTIVITAMINICOS,MEDICAMENTOS,capsula,30,,cimicifuga + isoflav,,excel
236,INDOMETACINA 25MG 30CAP,APOTALINA,22.0,ANALGESICOS,MEDICAMENTOS,capsula,30,25mg,indometacina,,excel
2363,ELECTROLITO ORAL PVO NATURAL 27.9GR,APO,9.0,REHIDRATANTES,MEDICAMENTOS,polvo,1,27900mg,electrolito,,excel
2364,ELECTROLITO ORAL PVO C/SABOR 27.9GR,APO,9.0,REHIDRATANTES,MEDICAMENTOS,polvo,1,27900mg,electrolito,,excel
2368,CEFALEXINA 1GR 12TAB,CEFALVER,90.0,ANTIBIOTICOS,MEDICAMENTOS,tableta,12,1000mg,cefalexina,,excel
2369,IRBESARTAN/HIDRO 150/12.5MG 14TAB,AVALIDE,159.0,CARDIOVASCULARES,MEDICAMENTOS,tableta,14,12.5mg 150mg,irbesartan + hidro,,excel
237,KETOTIFENO 0.02GR/ML SOL 120ML,BIOTIFEN,48.0,ANTIHISTAMINICOS,MEDICAMENTOS,solucion,,100ml 120ml 20mg,ketotifeno,,excel
2372,SILYBUM(CARDO MARIANO) 60COMP 187.50MG,ETAGERIN,119.0,ESPECIALIDAD,MEDICAMENTOS,tableta,60,187.5mg,silybum,,excel
238,METAMIZOL 1GR 3AMP,ALNEX,20.0,ANALGESICOS,MEDICAMENTOS,solucion,3,1000mg 2ml,metamizol,,excel
2391,GUAYABA/LINAZA 60CAP GEL,,174.0,ESTOMACALES (GASTRO),SUPLEMENTOS,capsula,60,,guayaba + linaza,,excel
2408,CLOTRIMAZOL V 500MG 1 OVULO,CANDIMON V,139.0,ANTIMICOTICOS,MEDICAMENTOS,ovulo,1,500mg,clotrimazol,,excel
2410,GEL RETARDANTE 14.1GR DURAMAX BY ALFA,,149.0,SEXUALIDAD,SALUD SEXUAL,gel,,14100mg,retardante,,excel
2414,SUCANON 24TAB,,176.0,DIABETES,REMEDIOS HERBOLARIOS,tableta,24,1.6mg 2mg,sucanon,,excel
2424,SIMI FX UCII COLAGENO S/DESNA 40MG 30CAP,,324.0,ANALGESICOS,SUPLEMENTOS,capsula,30,40mg,desna,,excel
2438,ARNICA/HAMAMELIS UNGÜENTO 30GR,ARNICA MONTANA NARTEX,54.0,ANALGESICOS,MEDICAMENTOS,unguento,,30000mg 7.5ml,arnica + hamamelis,,excel
2441,ARNICA 6C 150 GLOBULOS,ARN,41.0,ANALGESICOS,MEDICAMENTOS,globulo,150,,arnica,,excel
2442,SENOSIDOS AB/CIRUELA 30PERLAS DR SIMI,LAXA DR SIMI,44.0,ESTOMACALES (GASTRO),SUPLEMENTOS,,,12mg 50mg,senosidos + ciruela,,excel
2446,AMANTADINA/CLOR/PARA 30ML,ALIREN,61.0,RESPIRATORIOS,MEDICAMENTOS,solucion,,100mg 100ml 15000mg 2500mg 30ml,amantadina,,excel
2447,BISOPROLOL 2.5MG 30TAB,CAURODOL,152.0,CARDIOVASCULARES,MEDICAMENTOS,tableta,30,2.5mg,bisoprolol,,excel
2448,COBAMAMIDA 1000MCG 12SOBRES,BIOTREFON-L,236.0,MULTIVITAMINICOS,MEDICAMENTOS,polvo,12,1000mcg,cobamamida,,excel
2449,SIMIREC FOSFATIDILSERINA 30CAP,,309.0,SISTEMA NERVIOSO,SUPLEMENTOS,capsula,30,100mg,simirec,,excel
2451,ASTAXANTINA/COLAG 30CAP ETERNAL SECRET,,269.0,CUIDADO DE LA PIEL,SUPLEMENTOS,capsula,30,,astaxantina + colag,,excel
2452,ACIDO LINOLEICO CLA XGEAR 60CAP,,344.0,DEPORTISTAS,SUPLEMENTOS,capsula,60,1000mg,,,excel
2462,CEFIXIMA 100MG/5ML SUSP ORAL 50ML,AMIXBRU,149.0,ANTIBIOTICOS,MEDICAMENTOS,suspension,,100mg 50ml 5ml,cefixima,,excel
2463,CLORURO DE POTASIO 500MG 50GRAG,KALIOLITE,267.0,MULTIVITAMINICOS,MEDICAMENTOS,tableta,50,500mg,cloruro,,excel
2465,LEVOTIROXINA/LIOTIR 100/20MCG 50TAB,NOVOTIRAL,384.0,HORMONALES,MEDICAMENTOS,tableta,50,100mcg 20mcg,levotiroxina + liotir,,excel
2474,CARBONATO D CALCIO 500MG 100TAB SABORES,CALCID,73.0,ESTOMACALES (GASTRO),MEDICAMENTOS,tableta,100,500mg,carbonato,,excel
2475,MIRTAZAPINA 30MG 10TAB DISPER,ALPREAK,219.0,SISTEMA NERVIOSO,MEDICAMENTOS,tableta,10,30mg,mirtazapina,,excel
249,ALUMINIO/MAGN/DIMET 50TAB MAST,ALKAGEL I.S.,63.0,ESTOMACALES (GASTRO),MEDICAMENTOS,tableta,50,200mg 20mg,aluminio + dimet,,excel
2495,ORLISTAT/LEVOCAR 120/200MG 30CAP,SLENDER DUET,419.0,PESO Y METABOLISMO,MEDICAMENTOS,capsula,30,120mg 200mg,orlistat + levocar,,excel
2496,CARAMELOS SIMILYPTUS 10PZAS,,24.0,RESPIRATORIOS,SUPLEMENTOS,,10,,caramelos,,excel
2500,LOXCELL QUINF/ALBEND 300/400MG 1TAB,LOXCELL,94.0,ESTOMACALES (GASTRO),MEDICAMENTOS,tableta,1,300mg 400mg,loxcell + albend,,excel
2501,AGRIFEN CLORFENAMINA 10TAB,AFRINEX ACTIVE,23.0,RESPIRATORIOS,MEDICAMENTOS,tableta,10,25mg 4mg 500mg 5mg,agrifen + clorfenamina,,excel
251,METRONI/DIYODOH 400/200MG 30TAB,AMEBYL,59.0,ESTOMACALES (GASTRO),MEDICAMENTOS,tableta,30,200mg 400mg,metroni + diyodoh,,excel
2517,AMBROXOL/DEXT 400/400MG SOL GTS 30ML,COBADEX,29.0,RESPIRATORIOS,MEDICAMENTOS,solucion,,100ml 30ml 400mg,ambroxol,,excel
2518,DIOSMINA/HESPER 450/50MG 20TAB,ARCOCLOX,173.0,CARDIOVASCULARES,MEDICAMENTOS,tableta,20,450mg 50mg,diosmina + hesper,,excel
2519,PARACETAMOL/FENIRA/FENIL 6SOB MZNA/CANEL,THEALIV,94.0,RESPIRATORIOS,MEDICAMENTOS,polvo,6,10mg 20mg 650mg,paracetamol + fenira + fenil,,excel
252,PARACETAMOL 3.2GR/100ML 120ML JBE PED,ADINOL,34.0,ANALGESICOS,MEDICAMENTOS,jarabe,,100ml 120ml 3200mg,paracetamol,,excel
2537,MACROGOL 3350 7 SOBRES 17GR,CONTUMAX,159.0,ESTOMACALES (GASTRO),MEDICAMENTOS,polvo,7,17000mg,macrogol,,excel
2552,GUAIFENESINA/FENIL/DEXT PED 60ML,FLEMIGOR,42.0,RESPIRATORIOS,MEDICAMENTOS,solucion,,100mg 100ml 200mg 60ml,guaifenesina + fenil,,excel
2553,GUAIFENESINA/FENIL/DEXT INF 150ML,FLEMIGOR,59.0,RESPIRATORIOS,MEDICAMENTOS,solucion,,100mg 100ml 150ml 200mg,guaifenesina + fenil,,excel
2562,ARIPIPRAZOL 15MG 10TAB,ABILIFY,129.0,SISTEMA NERVIOSO,MEDICAMENTOS,tableta,10,15mg,aripiprazol,,excel
2563,VALPROATO DE MAGN 400MG 20TAB,ATEMPERATOR,114.0,SISTEMA NERVIOSO,MEDICAMENTOS,tableta,20,400mg,valproato,,excel
2566,TIMOLOL 5.0MG/1ML SOL GTS 5ML,HOREX,36.0,OFTALMOLOGICOS,MEDICAMENTOS,solucion,,1ml 5mg 5ml,timolol,,excel
2574,VITAMINAS A/D/ALANTO POM 40GR SIMIBABY,CAPENT,60.0,MATERNIDAD Y LACTANTES,MATERIAL DE CURACION,unguento,,40000mg,alanto,,excel
2577,METFORMINA 750MG 30TAB LP,DABEX XR,62.0,DIABETES,MEDICAMENTOS,tableta,30,750mg,metformina,,excel
2588,CAPTOPRIL 50MG 30TAB,ALTIVER,66.0,CARDIOVASCULARES,MEDICAMENTOS,tableta,30,50mg,captopril,,excel
2589,CEFIXIMA 400MG 3CAP,BENEVENTOL,149.0,ANTIBIOTICOS,MEDICAMENTOS,capsula,3,400mg,cefixima,,excel
259,BUTILHIOSCINA 20MG/1ML 3AMP,BRUPACIL,30.0,ESTOMACALES (GASTRO),MEDICAMENTOS,solucion,3,1ml 20mg,butilhioscina,,excel
2592,OSELTAMIVIR 75MG 10CAP,EUVIRAX,299.0,RESPIRATORIOS,MEDICAMENTOS,capsula,10,75mg,oseltamivir,,excel
2593,QUETIAPINA 25MG 30TAB,APEGO,269.0,SISTEMA NERVIOSO,MEDICAMENTOS,tableta,30,25mg,quetiapina,,excel
26,AMOXICILINA 250MG SUSP 75ML,ACIMOX,34.0,ANTIBIOTICOS,MEDICAMENTOS,suspension,,250mg 5ml 75ml,amoxicilina,,excel
261,METFORMINA 850MG 30TAB,AGLUMET,30.0,DIABETES,MEDICAMENTOS,tableta,30,850mg,metformina,,excel
2613,CLINDAMICINA/PER BEN 30GR GEL,BPOLLEN DUO,379.0,ENFERMEDADES DE LA PIEL,MEDICAMENTOS,gel,,100000mg 1000mg 30000mg 5000mg,clindamicina,,excel
2615,ESOMEPRAZOL 40MG 14TAB ASTRA,NEXIUM-MUPS,389.0,ESTOMACALES (GASTRO),MEDICAMENTOS,tableta,14,40mg,esomeprazol,,excel
2616,HIALURONATO 4MG/ML SOL OFT 10ML,DROPSTAR,199.0,OFTALMOLOGICOS,MEDICAMENTOS,solucion,,10ml 1ml 4mg,hialuronato,,excel
2618,ELECTROLITO PED UVA 500ML,ELECTROLIT,25.5,REHIDRATANTES,MEDICAMENTOS,solucion,,500ml,electrolito,,excel
2648,DEXPANTENOL 5/100GR CREMA 30GR SIMIBABY,BABYSONS,34.0,MATERNIDAD Y LACTANTES,MEDICAMENTOS,crema,,100000mg 30000mg,dexpantenol,,excel
2649,FENOFIBRATO 160MG 30CAP ABBOT,CONTROLIP,399.0,CARDIOVASCULARES,MEDICAMENTOS,capsula,30,160mg,fenofibrato,,excel
265,CLORFENAMINA 4MG 20TAB,ALERDIL,10.0,ANTIHISTAMINICOS,MEDICAMENTOS,tableta,20,4mg,clorfenamina,,excel
2650,TEOFILINA 100MG 20TAB LP,PHARMAFIL LP,44.0,RESPIRATORIOS,MEDICAMENTOS,tableta,20,100mg,teofilina,,excel
2651,COLAGENO HID/AOX/VIT PVO 195GR,,294.0,ANALGESICOS,SUPLEMENTOS,polvo,,195000mg,colageno,,excel
2652,AC ACETICO 0.24/1ML SOL 9ML,,73.0,CURACION Y MEDICION,MATERIAL DE CURACION,solucion,,1ml 9ml,acetico,,excel
266,FLUOCINOLONA/NEOMICINA CREMA,CORTIFUNG N,36.0,ENFERMEDADES DE LA PIEL,MEDICAMENTOS,crema,,10mg 350mg,fluocinolona + neomicina,,excel
2661,TELMISARTAN 40MG 14TAB,ARCHER,89.0,CARDIOVASCULARES,MEDICAMENTOS,tableta,14,40mg,telmisartan,,excel
2662,TELMISARTAN 80MG 14TAB BOEHRIN,ARCHER,239.0,CARDIOVASCULARES,MEDICAMENTOS,tableta,14,80mg,telmisartan,,excel
2663,TELMISARTAN/HIDRO 14TAB,ARCHER COMPUESTO,133.0,CARDIOVASCULARES,MEDICAMENTOS,tableta,14,12.5mg 80mg,telmisartan + hidro,,excel
2664,EZETIMIBA/SIMVAS 10/20MG 14COMP,GOLIDONEZ,169.0,CARDIOVASCULARES,MEDICAMENTOS,tableta,14,10mg 20mg,ezetimiba + simvas,,excel
2665,FEXOFENADINA 120MG PIRQUET 10COMP,ALDIFEX,129.0,ANTIHISTAMINICOS,MEDICAMENTOS,tableta,10,120mg,fexofenadina,,excel
2666,PRAVASTATINA 10MG 30TAB,ACCOGARD,119.0,CARDIOVASCULARES,MEDICAMENTOS,tableta,30,10mg,pravastatina,,excel
2668,FLUOXETINA 20MG 28CAP,ANIUP,99.0,SISTEMA NERVIOSO,MEDICAMENTOS,capsula,28,20mg,fluoxetina,,excel
2670,FORZE VF G+G 30CAP,FORZE VF G+G,104.0,MULTIVITAMINICOS,MEDICAMENTOS,capsula,30,,forze,,excel
2674,ESCITALOPRAM 10MG 28TAB,AFYA,112.0,SISTEMA NERVIOSO,MEDICAMENTOS,tableta,28,10mg,escitalopram,,excel
2675,NIFUROXAZIDA 90ML SUSP,BRAXIGORT,57.0,ESTOMACALES (GASTRO),MEDICAMENTOS,suspension,,100ml 4400mg 90ml,nifuroxazida,,excel
2677,PARACETAMOL/AC ACET/CAF 24TAB DR SIMI,BIO-ELECTRO,54.0,ANALGESICOS,MEDICAMENTOS,tableta,24,250mg 65mg,paracetamol,,excel
2678,PERMETRINA 5G/100ML SOL 100ML,NOVO HERKLIN,111.0,HIGIENE,MEDICAMENTOS,solucion,,100ml 5000mg,permetrina,,excel
268,ALOPURINOL 300MG 20TAB,ACYPRIN,33.0,ANALGESICOS,MEDICAMENTOS,tableta,20,300mg,alopurinol,,excel
2680,CUBREBOCA INF TRIPLE PLIEGUE 5PZAS,,31.0,CURACION Y MEDICION,MATERIAL DE CURACION,,5,,cubreboca,,excel
2687,ARANDANO/CABAL/COCOLM/DIENT 30CAP,,116.0,MULTIVITAMINICOS,REMEDIOS HERBOLARIOS,capsula,30,108mg 40mg 72mg 80mg,arandano + cabal + cocolm + dient,,excel
2691,LEFLUNOMIDA 20MG 30COMP,ALMURA,144.0,ANALGESICOS,MEDICAMENTOS,tableta,30,20mg,leflunomida,,excel
2697,ZOLMITRIPTANO 2.5MG 2TAB DISPER,CARIMPA,169.0,SISTEMA NERVIOSO,MEDICAMENTOS,tableta,2,2.5mg,zolmitriptano,,excel
27,AMOXICILINA 500MG 12CAP,ACIMOX,39.0,ANTIBIOTICOS,MEDICAMENTOS,capsula,12,500mg,amoxicilina,,excel
270,VITAMINAS A/D/C SOL INF GTS 25ML,ACECOVYL,36.0,RESPIRATORIOS,MEDICAMENTOS,solucion,,25ml,,,excel
2700,MATRICARIA REC 0.25MG/1ML SOL OFT 15ML,MANZANILLA SOPHIA,54.0,OFTALMOLOGICOS,MEDICAMENTOS,solucion,,0.25mg 15ml 1ml,matricaria,,excel
2704,OMEPRAZOL 20MG 60CAP,AGRIXAL,119.0,ESTOMACALES (GASTRO),MEDICAMENTOS,capsula,60,20mg,omeprazol,,excel
2706,DEXKETOPROFENO 25MG 10TAB,DOXON,127.0,ANALGESICOS,MEDICAMENTOS,tableta,10,25mg,dexketoprofeno,,excel
2707,HALOPERIDOL 5MG 20TAB,HALDOL,69.0,SISTEMA NERVIOSO,MEDICAMENTOS,tableta,20,5mg,haloperidol,,excel
2731,ACETILCISTEINA 600MG 20TAB EFER,ACC,164.0,RESPIRATORIOS,MEDICAMENTOS,tableta,20,600mg,acetilcisteina,,excel
2739,SIMIVFKRILL 60CAP,,199.0,MULTIVITAMINICOS,SUPLEMENTOS,capsula,60,,simivfkrill,,excel
2740,NIFUROXAZIDA 400MG 16CAP,ESKAPAR,56.0,ESTOMACALES (GASTRO),MEDICAMENTOS,capsula,16,400mg,nifuroxazida,,excel
275,SIMI BROX FCO 240ML JBE EUCAL GORD MIRRA,,79.0,RESPIRATORIOS,REMEDIOS HERBOLARIOS,jarabe,,0.05ml 0.214ml 0.357ml 100ml 240ml,,,excel
276,GINKGOBILOBA 40MG 60CAP,FYLGOBA,124.0,SISTEMA NERVIOSO,MEDICAMENTOS,capsula,60,40mg,ginkgobiloba,,excel
2762,NORELGEST/ETINILEST 6.0/0.60MG 3PARCHES,EVRA,599.0,HORMONALES,MEDICAMENTOS,parche,3,0.6mg 6mg,norelgest + etinilest,,excel
277,SERENOA REPENS 160MG 60CAP,PERMIXON,209.0,ESPECIALIDAD,MEDICAMENTOS,capsula,60,160mg,serenoa,,excel
2786,DOBESILATO CALC/DIOSMINA/HESPER 20TAB,NOVOBEN,509.0,CARDIOVASCULARES,MEDICAMENTOS,tableta,20,225mg 250mg 25mg,dobesilato + diosmina + hesper,,excel
2787,HIDROCORTISONA 1GR/100GR CREMA 60GR,COLLICORT,94.0,ENFERMEDADES DE LA PIEL,MEDICAMENTOS,crema,,100000mg 1000mg 60000mg,hidrocortisona,,excel
2788,PARACETAMOL 650MG 24TAB DR SIMI,CORIVER,31.0,ANALGESICOS,MEDICAMENTOS,tableta,24,650mg,paracetamol,,excel
279,PREDNISONA 5MG 20TAB,ARTRINOL ON,21.0,ANTIINFLAMATORIOS,MEDICAMENTOS,tableta,20,5mg,prednisona,,excel
2790,SIMIPZ VALERIANA + 250MG 30CAP,VALNAIT,89.0,RELAJANTES,MEDICAMENTOS,capsula,30,250mg,simipz,,excel
2791,ALIMENTO EN PVO VAINILLA PARA DIAB 400GR,GLUCERNA SR,469.0,DIABETES,SUPLEMENTOS,polvo,,400000mg,alimento,,excel
2798,CASTAÑO INDIAS/RUSCUS 250MG/70MG 30CAP,HUCIUS,139.0,CARDIOVASCULARES,MEDICAMENTOS,capsula,30,250mg 70mg,castano + ruscus,,excel
280,METILPREDNISOLONA 40MG/1ML AMP,CODEMIN ART,71.0,ANTIINFLAMATORIOS,MEDICAMENTOS,suspension,,1ml 40mg,metilprednisolona,,excel
2802,GLUC/CONDR/MSM/AJO/ZINC/MAGN/VIT 20SOB,MULTIMIX - FX,169.0,ANALGESICOS,SUPLEMENTOS,polvo,20,,condr,,excel
2803,VALSARTAN/HIDROCLOROT 160/12.5MG 14TAB,CO-DIOVAN,199.0,CARDIOVASCULARES,MEDICAMENTOS,tableta,14,12.5mg 160mg,valsartan + hidroclorot,,excel
2804,METFOR/GLIB 1GR/5MG 40TAB,DUO ANGLUCID,94.0,DIABETES,MEDICAMENTOS,tableta,40,1000mg 5mg,metfor,,excel
281,METOCARBAMOL/PARA 400/350MG 30TAB,CARBAFEN,61.0,ANALGESICOS,MEDICAMENTOS,tableta,30,350mg 400mg,metocarbamol,,excel
2812,CIPROFIBRATO 100MG 30TAB,BLAXADASINE,299.0,CARDIOVASCULARES,MEDICAMENTOS,tableta,30,100mg,ciprofibrato,,excel
2819,PREDNISOLONA 1MG/1ML 100ML SOL,ADAREX,219.0,ANTIINFLAMATORIOS,MEDICAMENTOS,solucion,,100ml 1mg 1ml,prednisolona,,excel
2823,VALPROATO SEMIS 500MG 30TAB LR,DIWALI,269.0,SISTEMA NERVIOSO,MEDICAMENTOS,tableta,30,500mg,valproato,,excel
2824,TOBRAMICINA 3MG/ML 15ML SOL OFT,BIRCEL,56.0,OFTALMOLOGICOS,MEDICAMENTOS,solucion,,15ml 1ml 3mg,tobramicina,,excel
2825,IPRATROPIO 20MCG 200 DOSIS,ATROVENT,181.0,RESPIRATORIOS,MEDICAMENTOS,spray,,0.312mg 1000mg 20mcg,ipratropio,,excel
2826,CARISOPRODOL/MELOXI 200MG/15MG 7TAB,DORSAL,179.0,ANALGESICOS,MEDICAMENTOS,tableta,7,15mg 200mg,carisoprodol + meloxi,,excel
2827,METOCARBAMOL/INDOME 215MG/25MG 32CAP,MALIVAL COMPUESTO,141.0,ANALGESICOS,MEDICAMENTOS,capsula,32,215mg 25mg,metocarbamol + indome,,excel
2828,METFOR/GLIMEP 1000MG/4MG 16TAB,AMARYL M,249.0,DIABETES,MEDICAMENTOS,tableta,16,1000mg 4mg,metfor + glimep,,excel
2829,METFOR/GLIMEP 850MG/4MG 16TAB LP,AMARYL XM,249.0,DIABETES,MEDICAMENTOS,tableta,16,4mg 850mg,metfor + glimep,,excel
2835,JERINGA P/INSULINA 0.3ML 31X6 10PZAS,,51.01,CURACION Y MEDICION,MATERIAL DE CURACION,,10,0.3ml,,,excel
2836,VILDAGLIPTINA 50MG 28TAB NOVARTIS,GALVUS,439.0,DIABETES,MEDICAMENTOS,tableta,28,50mg,vildagliptina,,excel
2837,VALSARTAN/AMLODI 160MG/5MG 14TAB,EXFORGE,739.0,CARDIOVASCULARES,MEDICAMENTOS,tableta,14,160mg 5mg,valsartan + amlodi,,excel
2838,SIMIFOL AC FOLICO 400MCG 180TAB,ENVACAL,64.0,MATERNIDAD Y LACTANTES,MEDICAMENTOS,tableta,180,400mcg,simifol,,excel
2842,CEFTIBUTENO 400MG 5CAP,CEDAX,339.0,ANTIBIOTICOS,MEDICAMENTOS,capsula,5,400mg,ceftibuteno,,excel
2843,BENZOCAINA 200MG SOL 9.7ML,KANKA,117.0,CURACION Y MEDICION,MEDICAMENTOS,solucion,,1ml 200mg 9.7ml,benzocaina,,excel
2850,MINOXIDIL 5GR/100ML SOL 60ML,ANACASTEL,249.0,ENFERMEDADES DE LA PIEL,MEDICAMENTOS,solucion,,100ml 5000mg 60ml,minoxidil,,excel
2851,ELECTROLITO ORAL LIMA-LIM 500ML,SOLURAL,25.5,REHIDRATANTES,MEDICAMENTOS,solucion,,500ml,electrolito,,excel
2864,CILOSTAZOL 100MG 30TAB,CAUDALINE,279.0,CARDIOVASCULARES,MEDICAMENTOS,tableta,30,100mg,cilostazol,,excel
2865,GLUC/CONDR/MSM/AJO/ZINC/MAGN/VIT 420GR,MULTIMIX - FX,269.0,ANALGESICOS,SUPLEMENTOS,polvo,,420000mg,condr,,excel
2866,LUTEINA/ZEAXANTINA 30CAP,,90.0,MULTIVITAMINICOS,SUPLEMENTOS,capsula,30,,luteina + zeaxantina,,excel
2875,METFORMINA 1000MG 40TAB,AKSPRI,74.0,DIABETES,MEDICAMENTOS,tableta,40,1000mg,metformina,,excel
2876,TRITICU/FENOXI 15G/1G/100GR 10GR CREMA,ITALDERMOL,241.0,ENFERMEDADES DE LA PIEL,MEDICAMENTOS,crema,,100000mg 10000mg 1000mg 15000mg 150mg,triticu + fenoxi,,excel
2879,JERINGA DESECHABLE 10ML 3PZAS 21X32,,21.0,CURACION Y MEDICION,MATERIAL DE CURACION,,3,10ml,,,excel
2888,ETORICOXIB 90MG 28COMP,ARCOXIA,199.0,ANALGESICOS,MEDICAMENTOS,tableta,28,90mg,etoricoxib,,excel
2889,ETORICOXIB 120MG 7COMP,ANEXIA,149.0,ANALGESICOS,MEDICAMENTOS,tableta,7,120mg,etoricoxib,,excel
289,CLORFENAMINA 50MG/100ML 120ML JBE,ANTADEX H,24.0,ANTIHISTAMINICOS,MEDICAMENTOS,jarabe,,100ml 120ml 50mg,clorfenamina,,excel
2890,LOXCELL QUINF/ALBEND 100/200MG SUSP 10ML,LOXCELL,83.0,ESTOMACALES (GASTRO),MEDICAMENTOS,suspension,,100mg 10ml 200mg,loxcell + albend,,excel
2892,PIRACETAM 800MG 30TAB,NOOTROPIL,265.0,SISTEMA NERVIOSO,MEDICAMENTOS,tableta,30,800mg,piracetam,,excel
2896,SACCHAROMYCES BOULARD PVO 6SOB SIMIBABY,FLORATIL,69.0,ESTOMACALES (GASTRO),SUPLEMENTOS,polvo,6,1000mg 226mg,saccharomyces,,excel
29,AMOXICILINA/BROM 250MG SUSP 60ML,ACROLIX C,54.0,ANTIBIOTICOS,MEDICAMENTOS,polvo,,250mg 5ml 60ml 8mg,amoxicilina,,excel
2901,JABON DE AZUFRE CON LANOLINA 100GR,GRISI,56.0,CUIDADO DE LA PIEL,MEDICAMENTOS,barra,,100000mg 10000mg,azufre + lanolina,,excel
2919,MODAFINILO 200MG 7TAB,ADITRAL,199.0,SISTEMA NERVIOSO,MEDICAMENTOS,tableta,7,200mg,modafinilo,,excel
292,SALBUTAMOL 40MG/100ML JBE 120ML,AVEDOX FC,39.0,RESPIRATORIOS,MEDICAMENTOS,jarabe,,100ml 120ml 40mg,salbutamol,,excel
2920,MEDROXIPROGESTERONA/ESTRA 1AMP S/JER,ABSIT,66.0,HORMONALES,MEDICAMENTOS,solucion,1,0.5ml 25mg 5mg,medroxiprogesterona + estra,,excel
2923,CANDESARTAN/HIDRO 16/12.5MG 14TAB ASTRA,ARAMISTAN,189.0,CARDIOVASCULARES,MEDICAMENTOS,tableta,14,12.5mg 16mg,candesartan + hidro,,excel
2925,CLORZOXAZONA/KETOP 250/50MG 10TAB,REUMOPHAN,119.0,ANTIINFLAMATORIOS,MEDICAMENTOS,tableta,10,250mg 50mg,clorzoxazona + ketop,,excel
2926,ACIDO CITRICO/CIT POT SOL 150ML,UROCLASIO NF,259.0,ESPECIALIDAD,MEDICAMENTOS,solucion,,100ml 150ml 30000mg 5000mg,,,excel
293,AMOXICILINA 500MG SUSP 75ML,ABIOTYL,42.0,ANTIBIOTICOS,MEDICAMENTOS,suspension,,500mg 5ml 75ml,amoxicilina,,excel
2935,CLORURO DE SODIO 6.5MG/1ML SOL 30ML,,39.01,CURACION Y MEDICION,MATERIAL DE CURACION,solucion,,1ml 30ml 6.5mg,cloruro,,excel
2946,BISOPROLOL 5MG 30TAB,BITECRAL,110.0,CARDIOVASCULARES,MEDICAMENTOS,tableta,30,5mg,bisoprolol,,excel
2947,TESTOSTERONA 250MG/1ML SOL INY,PRIMOTESTON DEPOT,419.0,HORMONALES,MEDICAMENTOS,solucion,1,1ml 250mg,testosterona,,excel
2948,PREDNISONA 20MG 30TAB,EDNAPRON,149.0,ANTIINFLAMATORIOS,MEDICAMENTOS,tableta,30,20mg,prednisona,,excel
295,AMBROXOL 7.5MG SOL GTS 30ML,AMBROFUR,27.0,RESPIRATORIOS,MEDICAMENTOS,solucion,,100ml 30ml 7.5mg 750mg,ambroxol,,excel
2951,CONDON ALFA ULTRA SENSITIVO 3PZAS,,0,SEXUALIDAD,SALUD SEXUAL,,1,,,,excel
2960,GLUCOMETRO ACCU-CHEK ACTIVE,,749.0,CURACION Y MEDICION,MATERIAL DE CURACION,,1,,glucometro,,excel
2963,LANCETAS ACCU-CHEK SOFTCLIX 25PZAS,,86.0,CURACION Y MEDICION,MATERIAL DE CURACION,,25,,lancetas,,excel
2965,ELECTROLITO ORAL FRE-KIWI 500ML,ELECTROLIT,25.5,REHIDRATANTES,MEDICAMENTOS,solucion,,500ml,electrolito,,excel
2966,PREGABALINA 75MG 14CAP,AITYX,74.0,SISTEMA NERVIOSO,MEDICAMENTOS,capsula,14,75mg,pregabalina,,excel
2967,PREGABALINA 150MG 28CAP,ACIRYL,119.0,SISTEMA NERVIOSO,MEDICAMENTOS,capsula,28,150mg,pregabalina,,excel
2968,PANTOPRAZOL 40MG 28TAB,CIPROTON,220.0,ESTOMACALES (GASTRO),MEDICAMENTOS,tableta,28,40mg,pantoprazol,,excel
297,CISAPRIDA 10MG 30TAB,APOSADA,71.0,ESTOMACALES (GASTRO),MEDICAMENTOS,tableta,30,10mg,cisaprida,,excel
2971,CONDON ALFA TEXTURIZADO RETARD 3PZAS,,39.0,SEXUALIDAD,SALUD SEXUAL,,3,,,,excel
2974,MEMANTINA 10MG 28TAB,ACEPTER,169.0,SISTEMA NERVIOSO,MEDICAMENTOS,tableta,28,10mg,memantina,,excel
2975,SILDENAFIL 100MG 10TAB,ACTIRAAM,274.0,SEXUALIDAD,MEDICAMENTOS,tableta,10,100mg,sildenafil,,excel
2976,ATORVASTATINA 10MG 30TAB PFIZER,APOLISTINA,132.0,CARDIOVASCULARES,MEDICAMENTOS,tableta,30,10mg,atorvastatina,,excel
2977,ATORVASTATINA 20MG 30TAB PFIZER,APOLISTINA,239.0,CARDIOVASCULARES,MEDICAMENTOS,tableta,30,20mg,atorvastatina,,excel
2978,ATORVASTATINA 40MG 30TAB PFIZER,APOLISTINA,399.0,CARDIOVASCULARES,MEDICAMENTOS,tableta,30,40mg,atorvastatina,,excel
2979,ETORICOXIB 90MG 28COMP MSD,ARCOXIA,469.0,ANALGESICOS,MEDICAMENTOS,tableta,28,90mg,etoricoxib,,excel
2981,OLMESARTAN/HIDROCLOR 40MG/12.5MG 14 TAB,ALMETEC-CO,189.0,CARDIOVASCULARES,MEDICAMENTOS,tableta,14,12.5mg 40mg,olmesartan + hidroclor,,excel
2982,OLMESARTAN 40MG 14 TAB,ALMETEC,249.0,CARDIOVASCULARES,MEDICAMENTOS,tableta,14,40mg,olmesartan,,excel
2983,BOTIQUIN DEL DR SIMI CON CAJA,,182.0,CURACION Y MEDICION,MATERIAL DE CURACION,,,,botiquin,,excel
2984,TEOFILINA/AMBROX SOL 150ML,AMINOEFEDRISON NF,59.0,RESPIRATORIOS,MEDICAMENTOS,solucion,,100ml 150mg 150ml 700mg,teofilina + ambrox,,excel
2985,MACA ALFA ABUZZ 60CAP,,156.0,SEXUALIDAD,REMEDIOS HERBOLARIOS,capsula,60,573.5mg,,,excel
2998,SUBSAL BISMUTO PEPTO BISMOL PLUS 118ML,PEPTO BISMOL PLUS,76.0,ESTOMACALES (GASTRO),MEDICAMENTOS,suspension,,100ml 118ml 3500mg,subsal + bismuto,,excel
3,ACICLOVIR 4GR/100ML SUSP 120ML,CICLOFERON,79.0,ESPECIALIDAD,MEDICAMENTOS,suspension,,100ml 120ml 4000mg,aciclovir,,excel
30,AMOXICILINA/BROM 500/8MG 12CAP,ACROLIX C,36.0,ANTIBIOTICOS,MEDICAMENTOS,capsula,12,500mg 8mg,amoxicilina,,excel
3017,CARNITINA/CROMO 60CAP XGEAR,,159.0,PESO Y METABOLISMO,SUPLEMENTOS,capsula,60,249mg 30mcg,carnitina + cromo,,excel
3021,SHAMPOO LAVANDA/LECHUGA 250ML,,41.01,MATERNIDAD Y LACTANTES,MATERNIDAD,,,250ml,lavanda + lechuga,,excel
3029,ALCANFOR/MENTOL 197/197MG INHALADOR,VICK VAPORUB INHALADOR,96.0,RESPIRATORIOS,MEDICAMENTOS,,1,197mg,alcanfor + mentol,,excel
303,SULINDACO 200MG 20TAB,APOSULEC,79.0,ANALGESICOS,MEDICAMENTOS,tableta,20,200mg,sulindaco,,excel
3030,CLORURO DE SODIO 0.9% SOL INYEC 250ML,CLORUROSODICA ALPHA,22.0,CURACION Y MEDICION,MEDICAMENTOS,solucion,,100ml 250ml 900mg,cloruro,,excel
3031,AC ACETIL/BICARBO/A CITRICO 10TAB ALKA,ALKA SELTZER,39.0,ESTOMACALES (GASTRO),MEDICAMENTOS,tableta,10,1000mg 1976mg 324mg,acetil + bicarbo + citrico,,excel
3032,CLOTRIM/DEXAM 1G/0.04G CREM30GR BAYCUTEN,BAYCUTEN,289.0,ANTIMICOTICOS,MEDICAMENTOS,crema,,100000mg 1000mg 30000mg 40mg,clotrim + dexam,,excel
3043,TIRAS REACTIVAS GMATE 50 PZAS,,276.0,CURACION Y MEDICION,MATERIAL DE CURACION,,50,,tiras,,excel
3044,LANCETAS NANOLET 50 PZAS,,109.01,CURACION Y MEDICION,MATERIAL DE CURACION,,50,,lancetas,,excel
3045,GLUCOMETRO GMATE WHEEL,,449.0,CURACION Y MEDICION,MATERIAL DE CURACION,,1,,glucometro,,excel
3049,JABON LAVANDA/LECHUGA 90GR,,15.0,MATERNIDAD Y LACTANTES,MATERNIDAD,barra,,90000mg,lavanda + lechuga,,excel
3050,PIPERIDOLATO 100MG 15COMP,DACTIL OB,254.0,ESTOMACALES (GASTRO),MEDICAMENTOS,tableta,15,100mg,piperidolato,,excel
3064,BENZOCAINA 0.1/1G GEL SAB UVA SIMIBABY,CAMIDEN,71.0,MATERNIDAD Y LACTANTES,MEDICAMENTOS,gel,,1000mg 100mg,benzocaina,,excel
307,NAPROXENO 500MG 45TAB,ACTIQUIM,78.0,ANALGESICOS,MEDICAMENTOS,tableta,45,500mg,naproxeno,,excel
31,AMPICILINA 1GR 10TAB,AMPITECNO T,49.0,ANTIBIOTICOS,MEDICAMENTOS,tableta,10,1000mg,ampicilina,,excel
310,KETOROLACO 30MG/1ML 3AMP,AINELAC,44.0,ANALGESICOS,MEDICAMENTOS,solucion,3,1ml 30mg,ketorolaco,,excel
3100,CLOBETASOL 0.05/100GR CREMA 30GR,CLOBESOL,324.0,ENFERMEDADES DE LA PIEL,MEDICAMENTOS,crema,,100000mg 30000mg 50mg,clobetasol,,excel
3110,AC ACETILSALICI 500MG 12TAB EFER ASPIRIN,ASPIRINA EFERVESCENTE,48.5,ANALGESICOS,MEDICAMENTOS,tableta,12,500mg,acetilsalici,,excel
3119,AC ASCORBICO 300MG 10SOB EFER CBOOST,CBOOST,126.0,RESPIRATORIOS,SUPLEMENTOS,polvo,10,300mg,vitaminac,,excel
3121,CARAMELOS SIMI MIEL/LIM/HER 10PZAS,,24.0,RESPIRATORIOS,SUPLEMENTOS,,10,,caramelos,,excel
3123,BIMATOPROST 0.3MG/1ML 3ML SOL OFT,EXERAGOT,364.0,OFTALMOLOGICOS,MEDICAMENTOS,solucion,,0.3mg 1ml 3ml,bimatoprost,,excel
313,SALES DE POTASIO 50TAB  EFERVESCENTES,EFILAT,132.0,MULTIVITAMINICOS,MEDICAMENTOS,tableta,50,390mg,sales,,excel
3138,CANDESARTAN/HIDRO 16/12.5MG 28TAB(ASTRA),ARAMISTAN,449.0,CARDIOVASCULARES,MEDICAMENTOS,tableta,28,12.5mg 16mg,candesartan + hidro,,excel
315,KETOROLACO 10MG 10TAB,AITORNET,25.0,ANALGESICOS,MEDICAMENTOS,tableta,10,10mg,ketorolaco,,excel
3153,SAL DE UVAS PICOT 10+2 SOB POLVO EFER,SAL DE UVAS PICOT,58.0,ESTOMACALES (GASTRO),MEDICAMENTOS,polvo,2,1948.5mg 216.5mg 2485mg,,,excel
3154,ALVERINA/SIMETICONA 20CAP METEOSPASMYL,METEOSPASMYL,599.0,ESTOMACALES (GASTRO),MEDICAMENTOS,capsula,20,300mg 60mg,alverina + dimeticona,,excel
3155,DAPAGLIFLOZINA 10MG 28TAB (ASTRA),FORXIGA,799.0,DIABETES,MEDICAMENTOS,tableta,28,10mg,dapagliflozina,,excel
3158,VALPROATO DE MAGN 600MG 30TAB LP,ATEMPERATOR,249.0,SISTEMA NERVIOSO,MEDICAMENTOS,tableta,30,600mg,valproato,,excel
3175,METOCARBAMOL/IBUPRO 375/200MG 12CAP,ML-PRIM,58.0,ANALGESICOS,MEDICAMENTOS,capsula,12,200mg 375mg,metocarbamol + ibupro,,excel
3179,CIPROHEPTADINA/CIANOCOBALAMINA SOL,CIPROLISINA,154.0,MULTIVITAMINICOS,MEDICAMENTOS,solucion,,100ml 300mcg 40mg,ciproheptadina + cianocobalamina,,excel
318,FLUOCINOLONA/METRON/NISTAT 10 OVU,ACENIL,53.0,ANTIMICOTICOS,MEDICAMENTOS,ovulo,10,0.5mg 500mg,fluocinolona + metron + nistat,,excel
3180,LEVOCETIRIZINA 0.5MG SOL,INVOKER,64.0,ANTIHISTAMINICOS,MEDICAMENTOS,solucion,,0.5mg 100ml,levocetirizina,,excel
3181,METOCLOPRAMIDA 100MG/100ML SOL,CARNOTPRIM,171.0,ESTOMACALES (GASTRO),MEDICAMENTOS,solucion,,100mg 100ml,metoclopramida,,excel
3182,PIROFOS FER SOL+1COM VITB1/B6/B12 115ML,ANEREX,188.0,MULTIVITAMINICOS,MEDICAMENTOS,solucion,1,1043.5mg 115ml 48.3mg,pirofos,,excel
3184,BAUMANOMETRO DIGITAL DE MUÑECA,,619.0,CURACION Y MEDICION,MATERIAL DE CURACION,,1,,baumanometro,,excel
3185,PRUEBA DE EMBARAZO DIGITAL CLEAR BLUE,,214.01,CURACION Y MEDICION,MATERIAL DE CURACION,,1,,prueba,,excel
3186,GEL LUBRICANTE CORPORAL COMESTIBLE,,79.0,SEXUALIDAD,SALUD SEXUAL,solucion,,,comestible,,excel
3188,FENOFIBRATO 160MG 30CAP,CONTROLIP,189.0,CARDIOVASCULARES,MEDICAMENTOS,capsula,30,160mg,fenofibrato,,excel
3190,TRIMEBUTIN/SIMET 200/75MG 24COMP CARNOT,LIBERTRIM SII,419.0,ESTOMACALES (GASTRO),MEDICAMENTOS,tableta,24,200mg 75mg,trimebutin + simet,,excel
3197,NORFLOX/FENAZOP 400/100MG 16TAB ASOFARMA,MICTASOL,379.0,ANTIBIOTICOS,MEDICAMENTOS,tableta,16,100mg 400mg,norflox + fenazop,,excel
3198,METFORMINA 500MG 60TAB LP,AKSPRI,99.0,DIABETES,MEDICAMENTOS,tableta,60,500mg,metformina,,excel
3199,METFORMINA 850MG 30TAB LP,DINORAX,69.0,DIABETES,MEDICAMENTOS,tableta,30,850mg,metformina,,excel
3200,DROSPIRENONA/ETINILESTRADIOL 3/0.02MG,ILIMIT 24/4,309.0,HORMONALES,MEDICAMENTOS,tableta,28,0.02mg 3mg,drospirenona + etinilestradiol,,excel
3203,CELECOXIB 200MG 10CAP GEN,CORTAX,99.0,ANALGESICOS,MEDICAMENTOS,capsula,10,200mg,celecoxib,,excel
3211,ANILLO VIBRADOR ALFA 1 PZA,,91.0,SEXUALIDAD,SALUD SEXUAL,,1,,anillo,,excel
3212,TIRAS REACTIVAS GMATE 25 PZAS,,189.0,CURACION Y MEDICION,MATERIAL DE CURACION,,25,,tiras,,excel
3213,LANCETAS NANOLET 25 PZAS,,59.0,CURACION Y MEDICION,MATERIAL DE CURACION,,25,,lancetas,,excel
3214,TIRAS REACT ONE TOUCH 50PZAS,,479.0,CURACION Y MEDICION,MATERIAL DE CURACION,,50,,tiras,,excel
322,BETAMETASONA/GENTA/CLOTRI 40GR CREMA,BARMICIL COMPUESTO,32.0,ENFERMEDADES DE LA PIEL,MEDICAMENTOS,crema,,1000mg 100mg 40000mg 50mg,betametasona + genta + clotri,,excel
3222,CONDON ALFA EXTR CLIMAX TEXT 2PZAS,,44.0,SEXUALIDAD,SALUD SEXUAL,,2,,,,excel
3223,CONDON ALFA CLIMAX ULTRASEN 2PZAS,,44.0,SEXUALIDAD,SALUD SEXUAL,,2,,,,excel
3224,ITOPRIDA 50MG 30TAB,DAGLA,99.0,ESTOMACALES (GASTRO),MEDICAMENTOS,tableta,30,50mg,itoprida,,excel
3228,BENZOCAINA 10MG 24PAST GRANEODIN B,GARDE,119.0,RESPIRATORIOS,MEDICAMENTOS,pastilla,24,10mg,benzocaina,,excel
3229,METFOR/SITA 850/50MG 28COMP MERCK MSD,JANUMET,499.0,DIABETES,MEDICAMENTOS,tableta,28,50mg 850mg,metfor,,excel
323,DEXTROMETORFANO JBE 120ML,BALSEDRINA,23.0,RESPIRATORIOS,MEDICAMENTOS,jarabe,,100ml 120ml 300mg,dextrometorfano,,excel
3230,SITAGLIPTINA 100MG 14COMP MERCK,FAZIQUE,449.0,DIABETES,MEDICAMENTOS,tableta,14,100mg,sitagliptina,,excel
324,DIFENHIDRAMINA 25MG 30CAP,BENADRYL,33.0,ANTIHISTAMINICOS,MEDICAMENTOS,capsula,30,25mg,difenhidramina,,excel
3245,TIRAS REACT ACCU-CHEK ACT 25PZAS,,244.01,CURACION Y MEDICION,MATERIAL DE CURACION,,25,,tiras,,excel
325,DIMENHIDRINATO 50MG 12CAP,APO MINA,28.0,ESTOMACALES (GASTRO),MEDICAMENTOS,capsula,12,50mg,dimenhidrinato,,excel
3250,CUBREBOCA DR SIMI TRIPLE PLIEGUE 3PZAS,,19.0,CURACION Y MEDICION,MATERIAL DE CURACION,,3,,cubreboca,,excel
3251,CUBREBOCA LISO DOBLE 5PZAS,,10.0,CURACION Y MEDICION,MATERIAL DE CURACION,,5,,cubreboca,,excel
3261,JENGIBRE/CARBON ACT/TE VDE 60CAP,,149.0,ESTOMACALES (GASTRO),SUPLEMENTOS,capsula,60,10mg,jengibre + carbon,,excel
3264,CUBREBOCA LAV SANITI ADULT 1PZA AZUL,,43.0,CURACION Y MEDICION,MATERIAL DE CURACION,,1,,cubreboca,,excel
3267,VIT D3 4000UI 30TAB MASTICABLES,HISTOFIL,149.0,RESPIRATORIOS,MEDICAMENTOS,tableta,30,4000ui,,,excel
3271,GLUCOSAMINA/CONDR 1500/1200MG 15SOB,KERNOLINE,389.0,ANALGESICOS,MEDICAMENTOS,polvo,15,1200mg 1500mg,glucosamina + condr,,excel
3273,TADALAFIL 20MG 1TAB,ALZOCID,79.0,SEXUALIDAD,MEDICAMENTOS,tableta,1,20mg,tadalafil,,excel
3274,PASSIFLORA/VALERIANA 30ML SOL,SIMPLEX NITE,106.0,RELAJANTES,MEDICAMENTOS,solucion,,100ml 30ml,passiflora + valeriana,,excel
3276,CUBREBOCAS KN95 1PZA,,39.0,CURACION Y MEDICION,MATERIAL DE CURACION,,1,,cubrebocas,,excel
3280,IVERMECTINA 6MG 4TAB,IVERMIN,101.0,ESTOMACALES (GASTRO),MEDICAMENTOS,tableta,4,6mg,ivermectina,,excel
329,SENOSIDOS A Y B 12MG 30CAP,LAXACAPS,46.0,ESTOMACALES (GASTRO),MEDICAMENTOS,capsula,30,12mg,senosidos,,excel
3293,AC ASCORBICO/JALEA REAL/ZINC 30TAB,,79.0,RESPIRATORIOS,SUPLEMENTOS,tableta,30,10mg 25mg 300mg,vitaminac + jalea,,excel
3301,FLUTICASONA 27.5MCG/50MCL 120DOSIS,AVAMYS 2A,449.0,RESPIRATORIOS,MEDICAMENTOS,suspension,,27.5mcg,fluticasona,,excel
3303,AC ASCORBICO/WELLMUNE 300/200MG 10S,,179.0,RESPIRATORIOS,SUPLEMENTOS,polvo,10,200mg 300mg,vitaminac + wellmune,,excel
3304,AC ASCORBICO 300MG 10 SOB EFER,,94.01,RESPIRATORIOS,SUPLEMENTOS,polvo,10,300mg,vitaminac,,excel
3306,HIDROSMINA 200MG 20CAP,AXIRAS,419.0,CARDIOVASCULARES,MEDICAMENTOS,capsula,20,200mg,hidrosmina,,excel
3314,AC FUSIDICO/BETA 20/1MG CREMA,ACELER-CO,119.0,ENFERMEDADES DE LA PIEL,MEDICAMENTOS,crema,,1mg 20mg,fusidico,,excel
3315,NEBIVOLOL 5MG 14TAB,CORETEL-N,239.0,CARDIOVASCULARES,MEDICAMENTOS,tableta,14,5mg,nebivolol,,excel
3316,AC ASCORBICO 500MG 30CAP,RAMICO,76.0,RESPIRATORIOS,MEDICAMENTOS,capsula,30,500mg,vitaminac,,excel
3317,TIRAS REACTIVAS 50+25PZAS,,479.0,CURACION Y MEDICION,MATERIAL DE CURACION,,25,,tiras,,excel
3319,TADALAFIL 5MG 14TAB,CHRISALE,229.0,SEXUALIDAD,MEDICAMENTOS,tableta,14,5mg,tadalafil,,excel
3321,SIMI B12 CIANOCO 1MG 30TAB MAST,REDBELGY,63.0,MULTIVITAMINICOS,MEDICAMENTOS,tableta,30,1mg,,,excel
3329,AC ASCORBICO/WELLMUNE 300/50MG JBE,XTRA C JUNIOR,79.0,RESPIRATORIOS,SUPLEMENTOS,jarabe,,15ml 300mg 50mg,vitaminac + wellmune,,excel
3330,CUBREBOCAS KN95/KF94 INFANTIL PIEZA,,39.0,CURACION Y MEDICION,MATERIAL DE CURACION,,1,,cubrebocas,,excel
3333,GABAPENTINA/VIT B1/VIT B12 30TAB,CALNEREN,420.0,SISTEMA NERVIOSO,MEDICAMENTOS,tableta,30,0.2mg 100mg 300mg,gabapentina,,excel
3334,MICRODACYN SOL ANTISEP SPRAY 120ML,,227.0,CURACION Y MEDICION,MATERIAL DE CURACION,spray,,120ml,microdacyn,,excel
3335,MICRODACYN SOL BUCOFARINGEO 240ML,,335.01,CURACION Y MEDICION,MATERIAL DE CURACION,solucion,,240ml,microdacyn,,excel
3337,MELATONINA 3MG 60TAB ORAL,BENEDORM,94.0,SISTEMA NERVIOSO,MEDICAMENTOS,tableta,60,3mg,melatonina,,excel
3343,AC ASCORBICO/VIT D3 60CAP,,149.0,RESPIRATORIOS,SUPLEMENTOS,capsula,60,150mg 5mcg,vitaminac,,excel
3347,AMINOACIDOS PVO XGEAR 400GR FRUTO RJO,,409.0,DEPORTISTAS,SUPLEMENTOS,polvo,,400000mg,aminoacidos,,excel
3348,PROT XGEAR WHEY PROTEIN CHOCOLATE 450GR,,439.0,DEPORTISTAS,SUPLEMENTOS,polvo,,450000mg,,,excel
3349,PROT XGEAR SLENDER BLEND CHOCOLATE 450GR,,409.0,DEPORTISTAS,SUPLEMENTOS,polvo,,450000mg,,,excel
335,VIT FUTURAS MAMAS 90 CAP SIMIBABY,REVITRON,151.0,MATERNIDAD Y LACTANTES,MEDICAMENTOS,capsula,90,,,,excel
3350,TADALAFIL 20MG 4TAB ALFA,CHRISALE,169.0,SEXUALIDAD,MEDICAMENTOS,tableta,4,20mg,tadalafil,,excel
3354,ANTICUERPOS AFINOPUR ADULT 20TAB,ANAFERON,319.0,RESPIRATORIOS,MEDICAMENTOS,tableta,20,,anticuerpos,,excel
3356,CITICOLINA 500MG 10TAB,SOMAZINA,269.0,SISTEMA NERVIOSO,MEDICAMENTOS,tableta,10,500mg,citicolina,,excel
3357,MAGNESIO OXIDO 208MG 60CAP,,89.0,MULTIVITAMINICOS,SUPLEMENTOS,capsula,60,100mg 208mg,magnesio,,excel
3366,CARBOCISTEINA 375MG/5ML SOL 150ML,ARBISTIN,86.0,RESPIRATORIOS,MEDICAMENTOS,solucion,,150ml 375mg 5ml,carbocisteina,,excel
3367,DUTASTERIDA/TAMSU 0.5/0.4MG 30CAP GSK,ASOFLON DUO,799.0,ESPECIALIDAD,MEDICAMENTOS,capsula,30,0.4mg 0.5mg,dutasterida + tamsu,,excel
3380,ENOXAPARINA 40MG/0.4ML 2 JER PRELL,BOLENTAX,389.0,CARDIOVASCULARES,MEDICAMENTOS,solucion,2,0.4ml 40mg,enoxaparina,,excel
3384,ESOMEPRAZOL 40MG 14CAP LR,AMABLY,129.0,ESTOMACALES (GASTRO),MEDICAMENTOS,capsula,14,40mg,esomeprazol,,excel
3386,ORLISTAT/L CARNITI 60/200MG 21CAP,REDUSTAT BOOST,239.0,PESO Y METABOLISMO,MEDICAMENTOS,capsula,21,200mg 60mg,orlistat + carniti,,excel
3387,OMEPRAZOL/BICAR SOD 20/1100MG 30CAP,INHIBITRON TWIT,333.0,ESTOMACALES (GASTRO),MEDICAMENTOS,capsula,30,1100mg 20mg,omeprazol + bicar,,excel
3392,DESVENLAFAXINA 50MG 14TAB LP,FAPRIS,499.0,SISTEMA NERVIOSO,MEDICAMENTOS,tableta,14,50mg,desvenlafaxina,,excel
3393,ANASTROZOL 1MG 28TAB,ACETRAZ,435.0,ESPECIALIDAD,MEDICAMENTOS,tableta,28,1mg,anastrozol,,excel
34,AMPICILINA 500MG 20CAP O TAB,ACILMED,48.0,ANTIBIOTICOS,MEDICAMENTOS,capsula,20,500mg,ampicilina,,excel
3405,ANTICUERPOS AFINOPUR INF 20TAB,ANAFERON INF,319.0,RESPIRATORIOS,MEDICAMENTOS,tableta,20,,anticuerpos,,excel
3406,CUBREBOCA LAV SANITIZADO INF 1PZA,,36.01,CURACION Y MEDICION,MATERIAL DE CURACION,,1,,cubreboca,,excel
3410,CANDESAR/HIDRO 16/12.5MG 28TAB (GEN),ARAMISTAN,199.0,CARDIOVASCULARES,MEDICAMENTOS,tableta,28,12.5mg 16mg,candesar + hidro,,excel
3412,LERCANIDIPINO 10MG 30TAB,EVIPRESS,239.0,CARDIOVASCULARES,MEDICAMENTOS,tableta,30,10mg,lercanidipino,,excel
3426,LOXCELL QUINF/ALBEND 200/400MG SUSP 20ML,AH-MICOL,83.0,ESTOMACALES (GASTRO),MEDICAMENTOS,suspension,,200mg 20ml 400mg,loxcell + albend,,excel
3434,TIZANIDINA 2MG 20TAB,NADIAMYR,184.0,SISTEMA NERVIOSO,MEDICAMENTOS,tableta,20,2mg,tizanidina,,excel
3435,PARACETAMOL/CLORZO 300/250MG 30TAB,FIXERAL,189.0,ANALGESICOS,MEDICAMENTOS,tableta,30,250mg 300mg,paracetamol + clorzo,,excel
3436,METFOR/SITA 500/50MG 28TAB MSD,JANUMET,599.0,DIABETES,MEDICAMENTOS,tableta,28,500mg 50mg,metfor,,excel
3451,FLURBIPROFENO 8.75MG 24PAST GRANEODIN F,GRANEODIN F,169.0,RESPIRATORIOS,MEDICAMENTOS,pastilla,24,8.75mg,flurbiprofeno,,excel
3455,PRUEBA RAPIDA ANTIGENOS COVID-19 1PZA,,149.0,CURACION Y MEDICION,MATERIAL DE CURACION,,1,,prueba,,excel
346,VITAMINA C/R H/NIÑOS 30TAB MAST DR SIMI,,36.01,RESPIRATORIOS,SUPLEMENTOS,tableta,30,,ninos,,excel
3466,CUO PROTECT 100MG 30TAB LR,ASA 100,69.0,CARDIOVASCULARES,MEDICAMENTOS,tableta,30,100mg,,,excel
3467,EZETIMIBA 10MG 20 Y/O 21TAB,EDIZAT,559.0,CARDIOVASCULARES,MEDICAMENTOS,tableta,21,10mg,ezetimiba,,excel
347,VITAMINA C/R H/NIÑOS 90TAB MAST DR SIMI,,79.0,RESPIRATORIOS,SUPLEMENTOS,tableta,90,,ninos,,excel
3479,GLUCOSAMINA/MELOXIC 1500/15MG PVO 15SOB,NOVOVARTALON,539.0,ANALGESICOS,MEDICAMENTOS,polvo,15,1500mg 15mg,glucosamina + meloxic,,excel
3482,SUPEROXIDODISMUTASA 30CAP ETERNAL SEC,,319.0,CUIDADO DE LA PIEL,SUPLEMENTOS,capsula,30,250ui,superoxidodismutasa,,excel
3483,SULFATO PLATA 0.029GR/100ML SOL 120ML,,169.0,CURACION Y MEDICION,MATERIAL DE CURACION,solucion,,100ml 120ml 29mg,sulfato,,excel
3484,ESPORAS BAC CLAUSII 4BILL UFC SUSP 5AMP,ENTEROGERMINA,99.0,ESTOMACALES (GASTRO),MEDICAMENTOS,suspension,,,esporas,,excel
3487,5-HTP + VITAMINA B6 30CAP,5HTP+B6,129.0,RELAJANTES,SUPLEMENTOS,capsula,30,,,,excel
3488,AGUA DE MAR ISOTONICA INF SPRAY 50ML,,119.0,CURACION Y MEDICION,MATERIAL DE CURACION,spray,,50ml,,,excel
3490,ELECTROLITO ORAL UVA 500ML,ELECTROLIT,25.5,REHIDRATANTES,MEDICAMENTOS,solucion,,500ml,electrolito,,excel
3497,FOSFOMICINA 3GR PVO GRANULADO 1SOB,ACECNOU,369.0,ANTIBIOTICOS,MEDICAMENTOS,polvo,1,3000mg,fosfomicina,,excel
3500,VALSARTAN/HIDRO/AMLODI 14COMP,EXFORGE HCT,929.0,CARDIOVASCULARES,MEDICAMENTOS,tableta,14,12.5mg 160mg 5mg,valsartan + hidro + amlodi,,excel
3502,PRE-WORKOUT PONCHE FRU 150GR XGEAR,,349.0,DEPORTISTAS,SUPLEMENTOS,polvo,,150000mg,,,excel
3504,ELECTROLITO PVO 10SOB XGEAR CITRUS,,85.0,REHIDRATANTES,SUPLEMENTOS,polvo,10,,electrolito,,excel
3505,ELECTROL 0% AZU PONCHE 500ML HIDRATASIM,,25.5,REHIDRATANTES,SUPLEMENTOS,solucion,,500ml,electrol,,excel
3517,FLUCONAZOL/TINIDA 37.5/500MG 4TAB,AFUMIX,199.0,ANTIMICOTICOS,MEDICAMENTOS,tableta,4,37.5mg 500mg,fluconazol + tinida,,excel
3521,QUETIAPINA 100MG 60TAB,ALREX,299.0,SISTEMA NERVIOSO,MEDICAMENTOS,tableta,60,100mg,quetiapina,,excel
3522,LEVETIRACETAM 1000MG 30TAB,ALEMAP,179.0,SISTEMA NERVIOSO,MEDICAMENTOS,tableta,30,1000mg,levetiracetam,,excel
3528,CBD TINTURA 125MG SABOR NJA 30ML GOTAS,,389.01,RELAJANTES,SUPLEMENTOS,gotas,,125mg 30ml,,,excel
3531,GELASIMI FORTE 30CAP GEL ETERNAL SECRET,,109.01,CUIDADO DE LA PIEL,SUPLEMENTOS,capsula,30,,gelasimi,,excel
3533,GOMITAS LTEANINA 50PZAS MULTIGOMI INF,,139.0,RELAJANTES,SUPLEMENTOS,,50,,gomitas,,excel
3537,LACTOBACILLUS PED FCO SOL 6ML SIMIBABY,,254.01,MATERNIDAD Y LACTANTES,SUPLEMENTOS,solucion,,6ml,lactobacillus,,excel
3538,ANTISEPT NASAL CLORO/OXIGENO AD SOL 30ML,,224.01,CURACION Y MEDICION,MATERIAL DE CURACION,solucion,,30ml,antisept + oxigeno,,excel
3545,VIT D3 5000UI 30CAP GEL SIMI D3,DETRESGEL,109.0,RESPIRATORIOS,MEDICAMENTOS,capsula,30,5000ui,,,excel
3546,GOMITAS S/AZUC VINAG MANZ 60PZAS,,209.0,PESO Y METABOLISMO,SUPLEMENTOS,,60,500mg,gomitas,,excel
3548,CREATINA 5GR POLVO 150GR XGEAR,,240.0,DEPORTISTAS,SUPLEMENTOS,polvo,,150000mg 5000mg,creatina,,excel
3549,TRIGLICERIDOS AC CAPRILICO 270ML XGEAR,,247.0,DEPORTISTAS,SUPLEMENTOS,emulsion,,270ml,trigliceridos,,excel
3556,RIVAROXABAN 20MG 28TAB SANOFI,LOVENTRAX,969.0,CARDIOVASCULARES,MEDICAMENTOS,tableta,28,20mg,rivaroxaban,,excel
3557,RIVAROXABAN 10MG 30TAB SANOFI,LOVENTRAX,919.0,CARDIOVASCULARES,MEDICAMENTOS,tableta,30,10mg,rivaroxaban,,excel
3559,MONTELUKAST/LEVOCETI 10/5MG 14TAB,MISDAPRE RAC,609.0,RESPIRATORIOS,MEDICAMENTOS,tableta,14,10mg 5mg,montelukast + levoceti,,excel
3560,MINI BALA VIBRA DAMA/CABALLER ALFA 1PZA,,198.0,SEXUALIDAD,SALUD SEXUAL,,1,,caballer,,excel
3561,SUBSAL BISMUTO PEPTO BISMOL 4TAB MAST,ITAMOL,20.0,ESTOMACALES (GASTRO),MEDICAMENTOS,tableta,4,262.4mg,subsal + bismuto,,excel
3562,COMBO NARHEMO UNG 30GR+NARHEMO 30TAB,NARHEMO,159.0,ANTIINFLAMATORIOS,MEDICAMENTOS,,30,30000mg,combo,,excel
3564,ARNICA 6C 30TAB,ARNICA NARTEX,55.0,ANALGESICOS,MEDICAMENTOS,tableta,30,,arnica,,excel
3566,CITIDIN 5 URIDIN 5 5/3MG 30CAP,NUCLEO MCP FORTE,434.0,SISTEMA NERVIOSO,MEDICAMENTOS,capsula,30,3mg 5mg,citidin,,excel
3576,LEVODOPA/CARBIDOPA 250/25MG 100TAB,CLOISONE,389.0,SISTEMA NERVIOSO,MEDICAMENTOS,tableta,100,250mg 25mg,levodopa + carbidopa,,excel
3577,ANTISEP NASAL CLORO/OXIGENO INF SOL 30ML,,224.01,CURACION Y MEDICION,MATERIAL DE CURACION,solucion,,30ml,antisep + oxigeno,,excel
3579,ALCANF/MENT/EUCALP UNG 12GR VICK VAPORUB,DUALS NORDIN,31.9,RESPIRATORIOS,MEDICAMENTOS,unguento,,100000mg 12000mg 1330mg 2820mg 5260mg,alcanf + eucalp,,excel
358,CEFTRIAXONA 500MG 1AMP,ACROCEF,49.0,ANTIBIOTICOS,MEDICAMENTOS,solucion,1,2ml 500mg,ceftriaxona,,excel
3582,CBD TINTURA 250MG SABOR NJA 30ML GOTAS,,499.0,RELAJANTES,SUPLEMENTOS,gotas,,250mg 30ml,,,excel
3583,CBD TINTURA 500MG SABOR NJA 30ML GOTAS,,699.0,RELAJANTES,SUPLEMENTOS,gotas,,30ml 500mg,,,excel
3585,PROTECTORES P/LACTANCIA 24PZAS SIMIBABY,,59.0,MATERNIDAD Y LACTANTES,MATERNIDAD,,24,,protectores + lactancia,,excel
3586,HUEVO MASTURBADOR 1PZA,,119.0,SEXUALIDAD,SALUD SEXUAL,,1,,huevo,,excel
3587,GEL LUBRICANTE VAGINAL 60GR ALFA KINKY,,67.01,SEXUALIDAD,SALUD SEXUAL,gel,,60000mg,vaginal,,excel
3592,PROT XGEAR SLENDER BLEND 1350GR,,889.0,DEPORTISTAS,SUPLEMENTOS,polvo,,1.35e+06mg,,,excel
3598,BUMETANIDA 1MG 20TAB,MICCIL,124.0,CARDIOVASCULARES,MEDICAMENTOS,tableta,20,1mg,bumetanida,,excel
3609,ATOMOXETINA 40MG 14CAP,AITTARET,459.0,SISTEMA NERVIOSO,MEDICAMENTOS,capsula,14,40mg,atomoxetina,,excel
3610,PIDOTIMOD 800MG 20TAB,ADIMOD,759.0,ESPECIALIDAD,MEDICAMENTOS,tableta,20,800mg,pidotimod,,excel
3611,GOTAS LUBRICANTES OCULARES 10ML,,379.0,OFTALMOLOGICOS,MATERIAL DE CURACION,solucion,,10ml,lubricantes,,excel
3612,ASPIRADOR NASAL SIMIBABY 1PZA,,134.0,MATERNIDAD Y LACTANTES,MATERNIDAD,,1,,aspirador,,excel
3614,PROT S/AZUC CHOCO XGEAR 330ML,,74.0,DEPORTISTAS,SUPLEMENTOS,,,330ml,,,excel
3615,COMBO GEL DENTAL 50ML+DEDAL SIMIBABY,,59.0,MATERNIDAD Y LACTANTES,MATERNIDAD,gel,2,50ml,combo,,excel
362,AMIKACINA 500MG/2ML 2AMP,A M K,60.0,ANTIBIOTICOS,MEDICAMENTOS,solucion,2,2ml 500mg,amikacina,,excel
3620,BROMHEXINA/OXEL 60/120MG JARABE 225ML,FLUXEDAN,159.0,RESPIRATORIOS,MEDICAMENTOS,jarabe,,100ml 120mg 225ml,bromhexina,,excel
3621,OSELTAMIVIR 6MG/ML SUSP 60ML,SELTAFERON,267.0,RESPIRATORIOS,MEDICAMENTOS,suspension,,60ml 6mg,oseltamivir,,excel
3622,ELECTROLITO ORAL MORA AZUL 500ML,ELECTROLIT,25.5,REHIDRATANTES,MEDICAMENTOS,solucion,,500ml,electrolito,,excel
3627,BARRA TOPICA ARNICA 15GR SIMIBABY,,81.0,MATERNIDAD Y LACTANTES,MATERNIDAD,unguento,,15000mg,,,excel
3628,ELECTROLITO 0% AZU UVA 500ML HIDRATASIM,,25.5,REHIDRATANTES,SUPLEMENTOS,solucion,,500ml,electrolito,,excel
3629,ELECTROLITO PVO 10SOB XGEAR MANGO-CHILE,,99.01,REHIDRATANTES,SUPLEMENTOS,polvo,10,,electrolito,,excel
3630,ACICLOVIR/LIDOCAINA 5G/2G 100ML SOLSPRAY,CICLOFERON XTRM,369.0,ENFERMEDADES DE LA PIEL,MEDICAMENTOS,solucion,,100ml 2000mg 5000mg,aciclovir + lidocaina,,excel
3638,BUTILHIO(HIOSCINA) 10MG 12 TAB BUSCAPINA,BIOMESINA,98.0,ESTOMACALES (GASTRO),MEDICAMENTOS,tableta,12,10mg,butilhioscina,,excel
3640,CARBOXIMETILCELULOSA 0.5% SOL OFT 10ML,,0,,MATERIAL DE CURACION,solucion,,10ml,carboximetilcelulosa,,excel
3641,INOSITOL 500MG 30CAP,,99.01,MULTIVITAMINICOS,SUPLEMENTOS,capsula,30,500mg,inositol,,excel
3642,BERBERINA (AGRACEJO) 500MG+FIBRA 30CAP,,79.0,MULTIVITAMINICOS,SUPLEMENTOS,capsula,30,500mg,berberina,,excel
3649,PEZONERA DE SILICON SIMIBABY 2PZAS,,96.0,MATERNIDAD Y LACTANTES,MATERNIDAD,,2,,pezonera,,excel
3650,AC ASCORBICO/ZINC 1000/10MG 10TAB EFER,OXITAL ZN,85.0,RESPIRATORIOS,MEDICAMENTOS,tableta,10,10mg,vitaminac,,excel
3651,PALMITATO RET/ERGOC/AC ASC 4AMP ADEROGYL,ADEROGYL,119.0,RESPIRATORIOS,MEDICAMENTOS,solucion,4,1200ui 499.65mg,palmitato + ergoc,,excel
3652,BIBERON ANTICOLICO 260ML,,189.0,MATERNIDAD Y LACTANTES,MATERNIDAD,,1,260ml,biberon,,excel
3653,EXTRAC MANUAL P/LECHE MATERNA SIMIBABY,,269.0,MATERNIDAD Y LACTANTES,MATERNIDAD,,1,,extrac + leche,,excel
3656,GOMITAS COLAG AC HIA 60PZAS GELASIMI ES,,149.0,CUIDADO DE LA PIEL,SUPLEMENTOS,,60,,gomitas,,excel
366,CALCITRIOL 0.25MCG 50CAP,ALBRINOL,170.0,ANALGESICOS,MEDICAMENTOS,capsula,50,0.25mcg,calcitriol,,excel
367,HIDROCORTISONA 500MG 1AMP,EXTADEN,79.0,ANTIINFLAMATORIOS,MEDICAMENTOS,solucion,1,500mg,hidrocortisona,,excel
368,HIDROCORTISONA/ZINC/LIDO/ALUM UNG 20GR,ANSTK,40.0,ANALGESICOS,MEDICAMENTOS,unguento,,1000mg 180mg 2.5mg 20000mg 35mg 50mg,hidrocortisona,,excel
3704,GOMITAS LACTOBACILLUS SPOROG 60PZAS,,159.0,ESTOMACALES (GASTRO),SUPLEMENTOS,,60,,gomitas,,excel
3705,PARCHE LEON ARNICA 3% 12X18CM,,84.0,ANTIINFLAMATORIOS,MATERIAL DE CURACION,parche,1,,,,excel
3706,PROT XGEAR ZERO CARB CHOCOLATE 450GR,,439.0,DEPORTISTAS,SUPLEMENTOS,polvo,,450000mg,,,excel
3707,ELECTROL 0%AZU FRES-KIW 500ML HIDRATASIM,,25.5,REHIDRATANTES,SUPLEMENTOS,solucion,,0% 500ml,electrol,,excel
3708,ROSUVASTAT/EZETIMIBA 20MG/10MG 10TAB,NAXZALLA,319.0,CARDIOVASCULARES,MEDICAMENTOS,tableta,10,10mg 20mg,rosuvastat + ezetimiba,,excel
3709,GUAIF 1.6GR/100ML JBE 120ML MIEL VICK 44,VICK 44 EXP,152.0,RESPIRATORIOS,MEDICAMENTOS,jarabe,,100ml 120ml 1600mg,guaif,,excel
3710,GUAIFEN/OXOL 2/1GR 140ML JBE HISTIACIL,FENOCOL,149.0,RESPIRATORIOS,MEDICAMENTOS,jarabe,,1000mg 100ml 140ml 2000mg,guaifen,,excel
3712,PROGESTERONA 100MG ORAL/VAG 15CAP,GESLUTIN,344.0,HORMONALES,MEDICAMENTOS,capsula,15,100mg,progesterona,,excel
3717,FIBRA ACACIA/LINAZA/CHIA PVO 10GR 10SOB,FIBOTAX,91.0,ESTOMACALES (GASTRO),SUPLEMENTOS,polvo,,10000mg 15000mg,fibra + linaza,,excel
3719,PARACETAMOL 100MG/ML SOL PED 30ML TEMPRA,ADINOL,159.0,ANALGESICOS,MEDICAMENTOS,solucion,,100mg 30ml,paracetamol,,excel
372,DICLOFENACO 1MG/ML SOL OFT 5ML,3A OFTENO,41.0,OFTALMOLOGICOS,MEDICAMENTOS,solucion,,1mg 1ml 5ml,diclofenaco,,excel
3722,MEMANTINA 20MG 28TAB,AKATINOL,299.0,SISTEMA NERVIOSO,MEDICAMENTOS,tableta,28,20mg,memantina,,excel
3723,SIMIWELL FORTE BETA/VITC/ZINC/D3 30CAP,,224.0,RESPIRATORIOS,SUPLEMENTOS,capsula,30,19mg 200mg 300mg 400ui,simiwell,,excel
3724,TRITICU/FENOXI 15G/1G/100GR 15GR CREMA,,199.0,ENFERMEDADES DE LA PIEL,MATERIAL DE CURACION,crema,,100000mg 1000mg 15000mg,triticu + fenoxi,,excel
3733,AMBROX/CLENBUT SOL 120ML BROXOL PLUS,BROXOL PLUS,209.0,RESPIRATORIOS,MEDICAMENTOS,solucion,,100mcg 100ml 120ml 150mg,ambrox + clenbut,,excel
3734,LORATADINA/FENIL/PARA JBE 120ML,LARITOL G,65.0,RESPIRATORIOS,MEDICAMENTOS,jarabe,,120ml 16.66mg 3200mg 33.33mg,loratadina + fenil,,excel
3735,FEXOFENA/FENIL 60MG/25MG 10TAB ALLEGRA D,ALLEGRA D,389.0,ANTIHISTAMINICOS,MEDICAMENTOS,tableta,10,25mg 60mg,fexofena + fenil,,excel
3736,METFOR/VILDA 850MG/50MG 30COMP GEN,GALVUS MET,399.0,DIABETES,MEDICAMENTOS,tableta,30,50mg 850mg,metfor + vilda,,excel
3737,METFOR/VILDA 1000MG/50MG 30COMP GEN,GALVUS MET,429.0,DIABETES,MEDICAMENTOS,tableta,30,1000mg 50mg,metfor + vilda,,excel
3739,PROBIOTICOS/PREBIOTICOS 30CAP RAPID-MT,,234.01,ESTOMACALES (GASTRO),SUPLEMENTOS,capsula,30,,probioticos + prebioticos,,excel
3740,CETONAS EXO BHB XGEAR SABOR FRESA 240GR,,339.0,DEPORTISTAS,SUPLEMENTOS,polvo,,240000mg,cetonas,,excel
3743,BOLSA P/ALMAC LECHE MATERNA 25PZAS 180ML,,269.0,MATERNIDAD Y LACTANTES,MATERNIDAD,,25,180ml,bolsa + almac,,excel
3744,CALENTADOR ELECTRICO P/BIBERON 1PZA,,1299.0,MATERNIDAD Y LACTANTES,MATERNIDAD,,1,,calentador + biberon,,excel
3745,ESTERILIZADOR P/MICROONDAS DE BIBERONES,,999.0,MATERNIDAD Y LACTANTES,MATERNIDAD,,1,,esterilizador + microondas,,excel
3747,MAGNESIO/5HTP/VIT B6 208MG/100MG/6.8MG,,239.01,RELAJANTES,SUPLEMENTOS,capsula,60,100mg 208mg 6.8mg,magnesio,,excel
3750,DEXTROME/PARA/CLOR/FEN 12CAP SIMI 1-2-3,GELFLUDEX,49.0,RESPIRATORIOS,MEDICAMENTOS,capsula,12,15mg 250mg 2mg 5mg,dextrome,,excel
3753,PARACETAMOL 3.2GR/100ML 120ML TEMPRA,ADINOL,182.0,ANALGESICOS,MEDICAMENTOS,jarabe,,100ml 120ml 3200mg,paracetamol,,excel
3754,OMEPRAZOL 20MG 120CAP,ALBOZ,147.0,ESTOMACALES (GASTRO),MEDICAMENTOS,capsula,120,20mg,omeprazol,,excel
3755,CLONIX LISINA/CICLO 125MG/5MG 20TAB,DORIXINA RELAX,249.0,ANALGESICOS,MEDICAMENTOS,tableta,20,125mg 5mg,clonix + ciclo,,excel
3756,TRIMEBUTIN/SIMET 0.600/0.600GR SUSP 26ML,CIBUX,189.0,ESTOMACALES (GASTRO),MEDICAMENTOS,suspension,,26ml 600mg,trimebutin + simet,,excel
3757,TRIMEBUTIN/SIMET 100/37.5MG 20COMP,CIBUX,189.0,ESTOMACALES (GASTRO),MEDICAMENTOS,tableta,20,37.5mg,trimebutin + simet,,excel
3758,GOMITAS CBD 30PZAS FRUTOS ROJOS,,319.0,RELAJANTES,SUPLEMENTOS,,30,,gomitas,,excel
3759,ISOTIPEN 0.75GR/100GR JALEA 25GR,ADONAT,139.0,ENFERMEDADES DE LA PIEL,MEDICAMENTOS,unguento,,100000mg 25000mg 750mg,isotipen,,excel
3760,ZINC 50MG 30 CAP,VIZANO,149.0,RESPIRATORIOS,MEDICAMENTOS,capsula,30,50mg,,,excel
3766,ACETILCISTEINA 200MG 20TAB EFERV,ACC,139.0,RESPIRATORIOS,MEDICAMENTOS,tableta,20,200mg,acetilcisteina,,excel
3768,AC ASCORBICO 1GR 6TAB EFER REDOXON,ADEROGYL EFE,59.0,RESPIRATORIOS,MEDICAMENTOS,tableta,6,1000mg,vitaminac,,excel
3769,FEXONADI 600MG/100ML SUSP 60ML ALLEGRA,ALLEGRA,229.0,ANTIHISTAMINICOS,MEDICAMENTOS,suspension,,100ml 600mg 60ml,fexonadi,,excel
377,AMPICILINA 250MG/5ML SUSP 90ML,AMPI QUIM,44.0,ANTIBIOTICOS,MEDICAMENTOS,polvo,,250mg 5ml 90ml,ampicilina,,excel
3770,METAMIZOL 5G/100ML JBE100ML NEOMELUBRINA,FIVERIN,139.0,ANALGESICOS,MEDICAMENTOS,jarabe,,100ml 5000mg,metamizol,,excel
378,TRIMETO/SULF 160/800MG 14TAB,ANITRIM F,39.0,ANTIBIOTICOS,MEDICAMENTOS,tableta,14,160mg 800mg,trimeto,,excel
3781,GOMITAS CALCIO 1000MG 40 PZA MULTIGOMI,,174.0,MULTIVITAMINICOS,SUPLEMENTOS,,40,1000mg,gomitas,,excel
3783,HIERRO/AC FOL 90MG/1000MCG 30TABSIMIBABY,,329.0,MATERNIDAD Y LACTANTES,MEDICAMENTOS,tableta,30,1000mcg 100mcg 90mg,hierro,,excel
3785,FEBUXOSTAT 80MG 28TAB,ADENURIC,599.0,ANALGESICOS,MEDICAMENTOS,tableta,28,80mg,febuxostat,,excel
3786,SOLIFENACINA 5MG 20TAB,CONTINENTAL,330.0,ESPECIALIDAD,MEDICAMENTOS,tableta,20,5mg,solifenacina,,excel
3787,JALEA REAL/VITB6/VITB 12 10ML SOBRES,,149.0,MULTIVITAMINICOS,SUPLEMENTOS,jalea,10,10mg 10ml 12mcg 450mg,jalea,,excel
3788,ATORVASTATINA 80MG 30TAB,BLODIVIT,449.0,CARDIOVASCULARES,MEDICAMENTOS,tableta,30,80mg,atorvastatina,,excel
3789,ERDOSTEINA 175MG/5ML PVO SUSP 90ML,DOSTEIN,249.0,RESPIRATORIOS,MEDICAMENTOS,suspension,,175mg 5ml 90ml,erdosteina,,excel
3790,DEXLANSOPRAZOL 60 MG 7TAB LR (GEN),DEXIVANT,189.0,ESTOMACALES (GASTRO),MEDICAMENTOS,tableta,7,60mg,dexlansoprazol,,excel
3791,PARACETAMOL/ORFENADRINA 450MG/35MG 50TAB,NORFLEX PLUS,279.0,RESPIRATORIOS,MEDICAMENTOS,tableta,50,35mg 450mg,paracetamol + orfenadrina,,excel
3792,AC ASCORBICO 250MG 10SOB SIMIBABY,C-BLAST + D INF,94.0,RESPIRATORIOS,SUPLEMENTOS,polvo,10,250mg,vitaminac,,excel
3793,CARAMELO SIMILYPTUS ZERO A 10 PZAS,,31.0,RESPIRATORIOS,SUPLEMENTOS,pastilla,10,,caramelo,,excel
3794,AMBROXOL 20MG 18PAST HISTIACIL GR3,MUCOANGIN,119.0,RESPIRATORIOS,MEDICAMENTOS,pastilla,18,20mg,ambroxol,,excel
3795,GUAIFENE/OXOL 60ML SOL PED HISTIACIL,GUAXOQUIM,139.0,RESPIRATORIOS,MEDICAMENTOS,solucion,,60ml,guaifene,,excel
3796,PARACE/FENIL 500MG/10MG 1SOB VICK PYRENA,VICK PYRENA,24.0,RESPIRATORIOS,MEDICAMENTOS,polvo,1,10mg 500mg,parace + fenil,,excel
3797,FIBRA C/CIRUELA PASA/LINAZA PVO 450MG,,149.0,ESTOMACALES (GASTRO),SUPLEMENTOS,polvo,1,450mg,fibra + ciruela + linaza,,excel
3799,CREATINA 5GR POLVO 400GR XGEAR,,499.0,DEPORTISTAS,SUPLEMENTOS,polvo,,400000mg 5000mg,creatina,,excel
3803,COLLARIN CERVICAL AD 45-55CM 1PZA L/XL,,269.0,CURACION Y MEDICION,MATERIAL DE CURACION,,1,,collarin,,excel
3804,CABESTRILLO ADULTO 1 PZA,,169.0,CURACION Y MEDICION,MATERIAL DE CURACION,,1,,cabestrillo,,excel
381,CLORANFENICOL SOL OFT 15ML,ABEFEN,29.0,OFTALMOLOGICOS,MEDICAMENTOS,solucion,,15ml 1ml 5mg,cloranfenicol,,excel
3815,LINAGLIPTINA 5MG 10TAB,TRAYENTA,448.0,DIABETES,MEDICAMENTOS,tableta,10,5mg,linagliptina,,excel
3823,IRBESART/AMLODIP 150/5MG 14TAB APROVASC,APROVASC,375.0,CARDIOVASCULARES,MEDICAMENTOS,tableta,14,150mg 5mg,irbesart + amlodip,,excel
3824,VIT C+MIEL ABEJA+GOR+PRO+JENG 6SOB 10GR,,85.0,RESPIRATORIOS,SUPLEMENTOS,polvo,6,10000mg 60mg,,,excel
3825,DUTASTERIDA/TAMSU 0.5/0.4MG 30CAP,ASOFLON DUO,519.0,ESPECIALIDAD,MEDICAMENTOS,capsula,30,0.4mg 0.5mg,dutasterida + tamsu,,excel
3826,ESOMEPRAZOL 40MG 14TAB (GEN),NEXIUM-MUPS,199.0,ESTOMACALES (GASTRO),MEDICAMENTOS,tableta,14,40mg,esomeprazol,,excel
3827,METFOR/SITA 850/50MG 28COMP GEN,JANUMET,289.0,DIABETES,MEDICAMENTOS,tableta,28,50mg 850mg,metfor,,excel
3828,NORFLOXAC/FENAZOP 400/100MG 16TAB,MICTASOL,199.0,ANTIBIOTICOS,MEDICAMENTOS,tableta,16,100mg 400mg,norfloxac + fenazop,,excel
3829,RIVAROXABAN 10MG 30TAB,LOVENTRAX,479.0,CARDIOVASCULARES,MEDICAMENTOS,tableta,30,10mg,rivaroxaban,,excel
3830,RIVAROXABAN 20MG 28TAB,LOVENTRAX,499.0,CARDIOVASCULARES,MEDICAMENTOS,tableta,28,20mg,rivaroxaban,,excel
3831,SITAGLIPTINA 100MG 14TAB,FAZIQUE,249.0,DIABETES,MEDICAMENTOS,tableta,14,100mg,sitagliptina,,excel
3832,TRIMEBUTIN/SIMET 200/75MG 24COMP,LIBERTRIM SII,199.0,ESTOMACALES (GASTRO),MEDICAMENTOS,tableta,24,200mg 75mg,trimebutin + simet,,excel
3836,MAGNESIO CITRATO 400MG 60CAP,,109.0,MULTIVITAMINICOS,SUPLEMENTOS,capsula,60,400mg,magnesio,,excel
3837,ENOXAPARINA 40MG/0.4ML 2 JER PRE CLEXANE,BOLENTAX,769.0,CARDIOVASCULARES,MEDICAMENTOS,solucion,2,0.4ml 40mg,enoxaparina,,excel
3838,ISOTIPEN 0.75/100GR JALEA 25GR ANDANTOL,ADONAT,174.0,ENFERMEDADES DE LA PIEL,MEDICAMENTOS,jalea,,100000mg 25000mg 750mg,isotipen,,excel
3839,PARACETAMOL 80MG 30 TAB MAST TEMPRA,ANTIDO-LITO,103.0,ANALGESICOS,MEDICAMENTOS,tableta,30,80mg,paracetamol,,excel
3840,PRUEBA RAPIDA INFLUENZA TIPO A Y B 1PZA,,206.0,CURACION Y MEDICION,MATERIAL DE CURACION,,1,,prueba,,excel
3841,GLUCOMETRO ON CALL PLUS 1PZA,,449.0,CURACION Y MEDICION,MATERIAL DE CURACION,,1,,glucometro,,excel
3842,TIRAS REACTIVAS ON CALL PLUS 50 PZAS,,280.0,CURACION Y MEDICION,MATERIAL DE CURACION,,50,,tiras,,excel
3843,LANCETAS ON CALL PLUS 100PZAS,,129.0,CURACION Y MEDICION,MATERIAL DE CURACION,,100,,lancetas,,excel
3847,INSULINA GLARGINA 100UI/ML SUSP INY 10ML,BONGLIXAN,389.0,DIABETES,MEDICAMENTOS,solucion,,100ui 10ml,,,excel
3848,HONGO REISHI 250MG 60CAP,CATAFENI HG,195.0,MULTIVITAMINICOS,SUPLEMENTOS,capsula,60,250mg,hongo,,excel
3849,HONGO MELENA LEON/L TIROS/B1/B12 60CAP,,199.0,SISTEMA NERVIOSO,SUPLEMENTOS,capsula,60,,hongo + tiros,,excel
3850,CALCIO/VITD3/MAG 30TAB CALTRATE 600+M,CALTRATE 600+M,153.0,ANALGESICOS,MEDICAMENTOS,tableta,30,200ui 40mg 600mg,calcio,,excel
3852,VENDAS ADHESIVA NIÑOS CHESPIRITO 30 PZAS,,29.0,CURACION Y MEDICION,MATERIAL DE CURACION,,30,,vendas,,excel
3853,PRUEBA DE EMBARAZO ANALOGA SIMIBABY,,50.0,CURACION Y MEDICION,MATERIAL DE CURACION,,1,,prueba,,excel
3857,TOBILLERA AJUSTABLE UNITALLA,,299.0,CURACION Y MEDICION,MATERIAL DE CURACION,,1,,tobillera,,excel
386,PREDNISONA 50MG 20TAB,ARTRINOL ON,60.0,ANTIINFLAMATORIOS,MEDICAMENTOS,tableta,20,50mg,prednisona,,excel
3869,ELECTROLITO 0%AZUC FRES XGEAR 10TAB EFER,,109.01,REHIDRATANTES,SUPLEMENTOS,tableta,10,0%,electrolito,,excel
387,CLINDAMICINA 300MG 16CAP,AMONADIN,120.0,ANTIBIOTICOS,MEDICAMENTOS,capsula,16,300mg,clindamicina,,excel
3870,BROMURO DE OTILONIO 40MG 30TAB,DEBROMU,479.0,ESTOMACALES (GASTRO),MEDICAMENTOS,tableta,30,40mg,bromuro,,excel
3871,RACECADOTRILO 10MG PVO 18 SOBRES GRANUL,HIDRASEC,99.0,ESTOMACALES (GASTRO),MEDICAMENTOS,polvo,18,10mg,racecadotrilo,,excel
3872,RACECADOTRILO 30MG PVO 18 SOBRES GRANUL,HIDRASEC,119.0,ESTOMACALES (GASTRO),MEDICAMENTOS,polvo,18,30mg,racecadotrilo,,excel
3873,LEVODROP/AMBROX 0.6/0.3GR/100ML SOL120ML,DISOLVIN-FLUX,84.0,RESPIRATORIOS,MEDICAMENTOS,solucion,,100ml 120ml 300mg 600mg,levodrop + ambrox,,excel
3874,MESALAZINA 1200MG 16COMP LP,ATEKA,399.0,ESTOMACALES (GASTRO),MEDICAMENTOS,tableta,16,1200mg,mesalazina,,excel
3875,MOXIFLOXACINO 5MG/ML SOL GOTAS 5ML,MIFLOKO,339.0,OFTALMOLOGICOS,MEDICAMENTOS,solucion,,5mg 5ml,moxifloxacino,,excel
3876,FENOFIBRATO DE COLINA 135MG 15 CAP LR,CONTROLIP-TRILIPIX,459.0,CARDIOVASCULARES,MEDICAMENTOS,capsula,15,135mg,fenofibrato,,excel
3877,MEDROXIPROGESTERONA 104MG/0.65ML JER,,230.0,HORMONALES,MEDICAMENTOS,solucion,,0.65ml 104mg,medroxiprogesterona,,excel
3878,MELISSA /GUAYABA 275MG/3.33MG 30CAP,IVERKRAM,159.0,ESTOMACALES (GASTRO),MEDICAMENTOS,capsula,30,275mg 3.33mg,melissa + guayaba,,excel
3879,DEXPANTENOL 5/100GR POMADA 30GR TATUAJES,BEPHANTEN,34.0,CUIDADO DE LA PIEL,MEDICAMENTOS,unguento,,100000mg 30000mg,dexpantenol,,excel
388,BECLOMETASONA 50MCG 200DOSIS,AXENTUO,99.0,RESPIRATORIOS,MEDICAMENTOS,spray,,50mcg,beclometasona,,excel
3892,RUSCUS/HESPER/AC ASC 150/150/100MG 30CAP,FABROVEN,244.0,CARDIOVASCULARES,MEDICAMENTOS,capsula,30,100mg,ruscus + hesper,,excel
3894,DROPRO/BROMHE0.300/0.160GR 200ML SOL AD,CARDOMICIN,179.0,RESPIRATORIOS,MEDICAMENTOS,solucion,,160mg 200ml,dropro + bromhe,,excel
3895,DEXLANSOPRAZOL 30MG 7CAP LR,DEXIVANT,149.0,CARDIOVASCULARES,MEDICAMENTOS,capsula,7,30mg,dexlansoprazol,,excel
3896,IRBESARTAN/AMLODIPINO 150MG/5MG 14TAB,APROVASC,399.0,CARDIOVASCULARES,MEDICAMENTOS,tableta,14,150mg 5mg,irbesartan + amlodipino,,excel
39,AZATIOPRINA 50MG 50TAB,AZATRILEM,499.0,ESPECIALIDAD,MEDICAMENTOS,tableta,50,50mg,azatioprina,,excel
3900,GOMITAS MULTI INF 60PZA SIMITOLINA CHAPU,,99.01,MULTIVITAMINICOS,SUPLEMENTOS,,60,,gomitas,,excel
3902,ELECTROLITO PVO 10SOB XGEAR CHOCO,,99.01,REHIDRATANTES,SUPLEMENTOS,polvo,10,,electrolito,,excel
3903,SUCCIONADOR INTIMO DAMA 1PZA ALFA KINKY,,299.0,SEXUALIDAD,SALUD SEXUAL,,1,,succionador,,excel
3908,MESALAZINA 500MG 30COM LR,PENTASA,245.0,ESTOMACALES (GASTRO),MEDICAMENTOS,tableta,30,500mg,mesalazina,,excel
3909,METFOR/VILDA 500MG/50MG 30COMP GEN,GALVUS MET,369.0,DIABETES,MEDICAMENTOS,tableta,30,500mg 50mg,metfor + vilda,,excel
3911,CLOBETASOL 0.044/100GR CREMA 40GR,DERMATOVATE,269.0,ENFERMEDADES DE LA PIEL,MEDICAMENTOS,crema,,100000mg 40000mg,clobetasol,,excel
392,BENCILPENICILI B 1200000U/3ML,BENCELIN COMBINADO,31.0,ANTIBIOTICOS,MEDICAMENTOS,solucion,,0ui 3ml,bencilpenicili,,excel
3923,IBUPROFENO/DIFENHID 200MG/25MG 10CAP GEL,EUFENIL NITE,99.0,ANALGESICOS,MEDICAMENTOS,capsula,10,200mg 25mg,ibuprofeno + difenhid,,excel
3924,MAGALDRATO/DIMET 80MG/10MG 10SOB TAKEDA,EIKNOZ,105.0,ESTOMACALES (GASTRO),MEDICAMENTOS,gel,10,10mg 1ml 80mg,magaldrato + dimet,,excel
3925,MAGALDRATO/DIMET 8G/1G/100ML TAKEDA,GALAVER,179.0,ESTOMACALES (GASTRO),MEDICAMENTOS,gel,,1000mg 100ml 8000mg,magaldrato + dimet,,excel
3926,DEXLANSOPRAZOL 60MG 7 CAP LR TAKEDA,DEXIVANT,381.0,ESTOMACALES (GASTRO),MEDICAMENTOS,capsula,7,60mg,dexlansoprazol,,excel
3927,ROSUVASTAT/EZETIMIBA 10MG/10MG 10TAB,NAXZALLA,309.0,CARDIOVASCULARES,MEDICAMENTOS,tableta,10,10mg,rosuvastat + ezetimiba,,excel
3929,PROT XGEAR ZERO CARB VAINILLA 450GR,,419.0,DEPORTISTAS,SUPLEMENTOS,polvo,,450000mg,,,excel
393,DEXTROMETORFANO/GUAI INF 120ML SOL,BREACOL INFANTIL,45.0,RESPIRATORIOS,MEDICAMENTOS,solucion,,1000mg 100mg 100ml 120ml,dextrometorfano,,excel
3930,PROT S/AZUC VAINI XGEAR 330ML,,74.0,DEPORTISTAS,SUPLEMENTOS,,,330ml,,,excel
3931,GOMITAS MIX DE HONGOS MULTIGOMI 60PZA,,129.0,MULTIVITAMINICOS,SUPLEMENTOS,,60,,gomitas,,excel
3932,GOMITAS LTEANIN/MAG/5HTP 60PZA MULTIGOMI,,189.0,RELAJANTES,SUPLEMENTOS,,60,,gomitas,,excel
3933,CREATINA 5GR POLVO 500GR XGEAR,,450.0,DEPORTISTAS,SUPLEMENTOS,polvo,,500000mg 5000mg,creatina,,excel
3937,CAMARA ESPACIADORA INFANTIL 1- 10 AÑOS,,546.0,CURACION Y MEDICION,MATERIAL DE CURACION,,,,camara,,excel
394,DEXTROMETORFANO/GUAI AD 120ML SOL,BECTOSAN,38.0,RESPIRATORIOS,MEDICAMENTOS,solucion,,100ml 120ml 2000mg 200mg,dextrometorfano,,excel
3945,CREMA CALENDULA/BABA/CENTELLA 100GR,,359.0,ENFERMEDADES DE LA PIEL,MATERIAL DE CURACION,crema,,100000mg,calendula + centella,,excel
3946,CONDON ALFA TEXTURIZA SABOR AROMA  3PZAS,,42.0,SEXUALIDAD,SALUD SEXUAL,,3,,,,excel
3948,CALCIO/VIT D3 600MG/400UI 30 TAB,CALTRATE 600,79.0,ANALGESICOS,MEDICAMENTOS,tableta,30,400ui 600mg,calcio,,excel
3949,DROPRO/BROME 150MG/80MG 200ML JBE INF,BIOXOVER X-P,129.0,RESPIRATORIOS,MEDICAMENTOS,jarabe,,150mg 200ml 80mg,dropro + brome,,excel
395,DICLOFENACO/B1/B6/B12/1MG 30TAB,DITIZIDOL FORTE,64.0,ANALGESICOS,MEDICAMENTOS,tableta,30,1mg 50mg,diclofenaco,,excel
3950,TRIBENOSIDO/LIDOCAINA 5GR/2GR 30GR CREMA,PROCTO-GLYVEROL,119.0,ANALGESICOS,MEDICAMENTOS,crema,,2000mg 30000mg 5000mg,tribenosido + lidocaina,,excel
3951,METFOR/SITA 1000MG/100MG 28TAB LP GEN,JANUMET XR,499.0,DIABETES,MEDICAMENTOS,tableta,28,1000mg 100mg,metfor,,excel
3952,PREGABALINA 50MG 28 CAP PFIZER,PRIKUL,159.0,SISTEMA NERVIOSO,MEDICAMENTOS,capsula,28,50mg,pregabalina,,excel
3953,GOMITAS CBD 30 PZAS MIX DE FRUTAS,,319.0,RELAJANTES,SUPLEMENTOS,,30,,gomitas,,excel
3965,ESPORAS BAC COAGUL 1MUFC 48COM SINUBERA,SINUBERASE,199.0,ESTOMACALES (GASTRO),MEDICAMENTOS,tableta,48,,esporas,,excel
3966,VITAMIN A/D/C SOL INF GTS 10ML ADEROGYLC,ADEROGYLC,59.0,RESPIRATORIOS,MEDICAMENTOS,solucion,,10ml,vitamin,,excel
3967,CLONIX LIS/DICLO 250/50MG 14TAB DORIXINA,DORIXINA-FLAM,459.0,ANALGESICOS,MEDICAMENTOS,tableta,14,50mg,clonix + diclo,,excel
3968,SUL FERROSO 75MG/ML SOLPED 50ML FERINSOL,FER-IN-SOL,249.0,MULTIVITAMINICOS,MEDICAMENTOS,solucion,,50ml 75mg,,,excel
3969,GEL LUBRICANTE ANTISEPT INTIMO 25GR ALFA,,109.01,SEXUALIDAD,SALUD SEXUAL,gel,,25000mg,antisept,,excel
397,IBUPROFENO 200MG 10CAP GEL,ACTRON,20.0,ANALGESICOS,MEDICAMENTOS,capsula,10,200mg,ibuprofeno,,excel
3971,GELASIMI FORTE PVO 15SOB ETERNAL SECRET,,179.0,CUIDADO DE LA PIEL,SUPLEMENTOS,polvo,15,,gelasimi,,excel
3972,SIMI FX UCII COLAGENO PVO 15 SOBRES,,319.0,ANALGESICOS,SUPLEMENTOS,polvo,15,,,,excel
3979,ESPORAS BAC CLAUS 4BILL 10AMP SINUBERASE,ENTEROGERMINA,224.0,ESTOMACALES (GASTRO),MEDICAMENTOS,suspension,,,esporas,,excel
398,CLINDAMICINA 600MG/4ML 1AMP,BACOFF,47.0,ANTIBIOTICOS,MEDICAMENTOS,solucion,1,4ml 600mg,clindamicina,,excel
3980,ESPORAS BAC CLAUS 2BILL 10AMP ENTEROGER,ENTEROGERMINA,229.0,ESTOMACALES (GASTRO),MEDICAMENTOS,suspension,,,esporas,,excel
3985,TRIPSINA/QUIMIOTRIPSINA 18MG 30 TAB,RIBOTRIPSIN,279.0,ANTIINFLAMATORIOS,MEDICAMENTOS,tableta,30,18mg,tripsina + quimiotripsina,,excel
3986,OLOPATADINA 2MG/1ML SOL OFT 2.5ML,IMBALZA,149.0,OFTALMOLOGICOS,MEDICAMENTOS,solucion,,1ml 2.5ml 2mg,olopatadina,,excel
3987,TELMISARTAN/AMLODIPINO 80MG/5MG 28 CAP,MICARDIS DUO,499.0,CARDIOVASCULARES,MEDICAMENTOS,capsula,28,5mg 80mg,telmisartan + amlodipino,,excel
3988,DIACEREINA/MELOXICAM 50MG/15MG 20CAP,DOLOCARTIGEN,699.0,ANALGESICOS,MEDICAMENTOS,capsula,20,15mg 50mg,diacereina + meloxicam,,excel
3990,MULTIVITAMINICO MATERNO 30 CAP SIMIBABY,,269.0,MATERNIDAD Y LACTANTES,SUPLEMENTOS,capsula,30,,multivitaminico,,excel
3991,CLORFENAM/FENIL/PARA 6TAB DESENFRIOL-ITO,DESENFRIOL-ITO PLUS,22.0,RESPIRATORIOS,MEDICAMENTOS,tableta,6,1mg 2.5mg 80mg,clorfenam + fenil,,excel
3993,CANDESAR/HIDRO 16/12.5MG  28TAB(ABBOTT),ATACAND PLUS,249.0,CARDIOVASCULARES,MEDICAMENTOS,tableta,28,12.5mg 16mg,candesar + hidro,,excel
3994,VILDAGLIPTINA 50MG 28 TAB (GEN),GALVUS,129.0,DIABETES,MEDICAMENTOS,tableta,28,50mg,vildagliptina,,excel
3995,CLOTRIM/DEXAM 1G/0.04G CREM30GR (GEN),BAYCUTEN,69.0,ANTIMICOTICOS,MEDICAMENTOS,crema,,100000mg 1000mg 30000mg 40mg,clotrim + dexam,,excel
3996,DESVENLAFAXINA 50MG 14 TAB LP (GEN),ARABRIXEN,129.0,SISTEMA NERVIOSO,MEDICAMENTOS,tableta,14,50mg,desvenlafaxina,,excel
3997,AC ASCORBICO/ZINC CON NANO 30ML GTS,,329.0,RESPIRATORIOS,SUPLEMENTOS,gotas,,30ml,vitaminac,,excel
4,ACICLOVIR 400MG 35TAB,AKEVIR,179.0,ESPECIALIDAD,MEDICAMENTOS,tableta,35,400mg,aciclovir,,excel
40,BENCIDAMINA CLORH 60GR GEL,ARTROBEN,99.0,ANTIINFLAMATORIOS,MEDICAMENTOS,gel,,100000mg 5000mg 60000mg,bencidamina,,excel
4008,PARACETAMOL/IBUPROFENO 500MG/200MG 20TAB,ACCIOGEN,184.0,ANALGESICOS,MEDICAMENTOS,tableta,20,200mg 500mg,paracetamol + ibuprofeno,,excel
4009,HIALURO/OXIMETAZO 2MG/0.25MG SOL OFT10ML,GRIMAL,75.0,OFTALMOLOGICOS,MEDICAMENTOS,solucion,,0.25mg 10ml 2mg,hialuro + oximetazo,,excel
4010,VITAMINA D3+ VIT K2 30CAP,,95.0,ANALGESICOS,SUPLEMENTOS,capsula,30,,,,excel
4011,MINOXIDIL 2GR/100ML SOL 60ML,ANACASTEL,149.0,ENFERMEDADES DE LA PIEL,MEDICAMENTOS,solucion,,100ml 2000mg 60ml,minoxidil,,excel
4015,GOMITAS CITRATO MAGNESIO 60PZA MULTIGOMI,,189.0,MULTIVITAMINICOS,SUPLEMENTOS,,60,,gomitas,,excel
4016,GOMITAS MULTI HOMBRE 60 PZAS MULTIGOMI,,189.0,MULTIVITAMINICOS,SUPLEMENTOS,,60,,gomitas,,excel
4017,PARACETAMOL/CAFE/FENILE 10TAB SEDALMERCK,SEDALMERCK,52.0,ANALGESICOS,MEDICAMENTOS,tableta,10,500mg 50mg 5mg,paracetamol + fenile,,excel
402,METOCLOPRAMIDA 10MG 6AMP,CARNOTPRIM,29.0,ESTOMACALES (GASTRO),MEDICAMENTOS,solucion,6,10mg 2ml,metoclopramida,,excel
4030,CONDON ALFA SENSACIONES 3 PZAS,,55.0,SEXUALIDAD,SALUD SEXUAL,,3,,,,excel
4031,GOMITAS LUTEINA/VIT E 60PZAS MULTIGOMI,,189.0,MULTIVITAMINICOS,SUPLEMENTOS,,60,,gomitas,,excel
4032,FINASTERIDA 1MG 30TAB,LUXFIL,289.0,ESPECIALIDAD,MEDICAMENTOS,tableta,30,1mg,finasterida,,excel
4033,ATOMOXETINA 40MG 14CAP ULTRA,AITTARET,159.0,SISTEMA NERVIOSO,MEDICAMENTOS,capsula,14,40mg,atomoxetina,,excel
4049,MULTIVITAMINICO/HIERRO/COLINA JBE 240ML,,199.0,MULTIVITAMINICOS,SUPLEMENTOS,jarabe,,240ml,multivitaminico + hierro + colina,,excel
4050,HONGO MELENA LEON/CORDYCEPS/REISHI 150GR,,199.0,MULTIVITAMINICOS,SUPLEMENTOS,polvo,,150000mg,hongo + cordyceps + reishi,,excel
4051,DIOSMECTITA 3G 10SOB PVO P/SUSP IPRIKENE,IPRIKENE,299.0,ESTOMACALES (GASTRO),MEDICAMENTOS,polvo,10,3000mg,diosmectita,,excel
4052,MAGNESIO 125MG 20TAB EFERV TUBO NARANJA,,99.01,MULTIVITAMINICOS,SUPLEMENTOS,tableta,20,125mg,magnesio,,excel
4053,CALCIO/VITD3 20TAB EFERV TUBO LIMON,,99.01,ANALGESICOS,SUPLEMENTOS,tableta,20,4000mg,calcio,,excel
4054,COMPLEJO B 20TAB EFERV TUBO DURAZ-MARACU,,99.01,MULTIVITAMINICOS,SUPLEMENTOS,tableta,20,4000mg,complejo,,excel
4055,MULTIVITAMINICO 20TAB EFERV TUBO NARANJA,,99.01,MULTIVITAMINICOS,SUPLEMENTOS,tableta,20,4000mg,multivitaminico,,excel
4057,GEL ENERGETICO XGEAR SABOR PITAYA 30GR,,0,DEPORTISTAS,SUPLEMENTOS,gel,,30000mg,energetico,,excel
4059,GOMITAS MACA 150MG 60 PZAS ALFA,,219.0,SEXUALIDAD,SUPLEMENTOS,,60,150mg,gomitas,,excel
406,DOMPERIDONA 10MG 30TAB,BIOLIX,143.0,ESTOMACALES (GASTRO),MEDICAMENTOS,tableta,30,10mg,domperidona,,excel
4060,GOMITAS ELDERBERRY 60 PZAS MULTIGOMI,,219.0,RESPIRATORIOS,SUPLEMENTOS,,60,,gomitas,,excel
4061,GOMITAS S/AZUC VINAGMANZ 60PZA MULTIGOMI,,189.0,PESO Y METABOLISMO,SUPLEMENTOS,,60,,gomitas,,excel
4062,CREATINA 5GR MUJER PVO 189GR XGEAR,,319.0,DEPORTISTAS,SUPLEMENTOS,polvo,,189000mg 5000mg,creatina,,excel
4065,VITD3 400UI GEL ORAL 50GR SIMI SPACE,,29.0,MULTIVITAMINICOS,SUPLEMENTOS,gel,,400ui 50000mg,,,excel
4066,JENGIBRE 30MG GEL ORAL 50GR SIMI SPACE,,29.0,MULTIVITAMINICOS,SUPLEMENTOS,gel,,30mg 50000mg,jengibre,,excel
4067,COLAGENO/VITC GEL ORAL 50GR SIMI SPACE,,29.0,MULTIVITAMINICOS,SUPLEMENTOS,gel,,20000mg 50000mg 75mg,colageno,,excel
4068,ELECTROLITO ORAL JAMAICA 500ML,ELECTROLIT,25.5,REHIDRATANTES,MEDICAMENTOS,solucion,,500ml,electrolito,,excel
4069,ENZIMAS DIGESTIVAS 60TAB,,199.0,PESO Y METABOLISMO,SUPLEMENTOS,tableta,60,,enzimas,,excel
407,METAMIZOL/BUTIL 250/10MG 10GRAG,BENFOL,36.0,ESTOMACALES (GASTRO),MEDICAMENTOS,tableta,10,10mg 250mg,metamizol + butil,,excel
4071,AMBROXOL/DEXT 22.5/22.5MG 20 TAB,TUSIGEN NF,49.0,RESPIRATORIOS,MEDICAMENTOS,tableta,20,22.5mg,ambroxol,,excel
4073,GOMITAS COLAG AC S/AZUCAR 60 PZAGELASIMI,,189.0,CUIDADO DE LA PIEL,SUPLEMENTOS,,60,,gomitas + azucar,,excel
4074,GOMITAS VITC/ZINC/VIT D 60PZAS MULTIGOMI,,149.0,RESPIRATORIOS,SUPLEMENTOS,,60,,gomitas,,excel
408,AC MEFENAMICO 500MG 20TAB,ARTRIDEN,34.0,ANALGESICOS,MEDICAMENTOS,tableta,20,500mg,mefenamico,,excel
4084,VITAMINAS / HIERRO 30TAB,AUTRIN 600,449.0,MULTIVITAMINICOS,MEDICAMENTOS,tableta,30,,hierro,,excel
4085,EMPAGLIFLOZINA 25MG 10TAB,JARDIANZ,429.0,DIABETES,MEDICAMENTOS,tableta,10,25mg,empagliflozina,,excel
4086,SULFASALAZINA 500MG LP 60TAB,,359.0,ANTIINFLAMATORIOS,MEDICAMENTOS,tableta,60,500mg,sulfasalazina,,excel
4088,CARAMELOS VITC/D/ZINC ZERO 10PZAS BONDAD,,39.0,RESPIRATORIOS,SUPLEMENTOS,,10,,caramelos,,excel
4091,MOMETAS/AZELASTI 50/140MCG 150DOSIS SUSP,BAI,669.0,RESPIRATORIOS,MEDICAMENTOS,suspension,,140mcg,mometas + azelasti,,excel
4092,SEMAGLUTIDA 7MG 30TAB RYBELSUS,RYBELSUS,3599.0,DIABETES,MEDICAMENTOS,tableta,30,7mg,semaglutida,,excel
4093,SEMAGLUTIDA 3MG 10TAB RYBELSUS,RYBELSUS,877.0,DIABETES,MEDICAMENTOS,tableta,10,3mg,semaglutida,,excel
41,BENCILPENICILI B 1200000U/5ML,BENCELIN,34.0,ANTIBIOTICOS,MEDICAMENTOS,suspension,,0ui 5ml,bencilpenicili,,excel
410,MELOXICAM 7.5MG 14TAB,ANFLATOX,40.0,ANTIINFLAMATORIOS,MEDICAMENTOS,tableta,14,7.5mg,meloxicam,,excel
4101,TROXERUTINA/CUMARINA 30TAB VENALOT DEPOT,VENALOT DEPT,659.0,CARDIOVASCULARES,MEDICAMENTOS,tableta,30,180mg 30mg,troxerutina + cumarina,,excel
4103,METFOR/LINAGLIP 850MG/2.5MG 60TAB GEN,TRAYENTA DUO,1099.0,DIABETES,MEDICAMENTOS,tableta,60,2.5mg 850mg,metfor + linaglip,,excel
4104,PARACETAMOL 80MG 30 TAB MAST MEJORALITO,ANTIDOLITO,72.0,ANALGESICOS,MEDICAMENTOS,tableta,30,80mg,paracetamol,,excel
4105,RACECADOTRILO 100MG 9 CAP HIDRASEC,HIDRASEC,280.0,ESTOMACALES (GASTRO),MEDICAMENTOS,capsula,9,100mg,racecadotrilo,,excel
4106,ERITROPOYETINA HUMANA 4000UI/ML 6AMP,ALVERITIN,961.0,,MEDICAMENTOS,inyectable,6,4000ui,eritropoyetina,,excel
4107,DESVENLAFAXINA 100MG LP 14 TAB,ARABRIXEN,258.0,SISTEMA NERVIOSO,MEDICAMENTOS,tableta,14,100mg,desvenlafaxina,,excel
412,GENTAMICINA 160MG/2ML 1AMP,GARAKACIN 80,19.0,ANTIBIOTICOS,MEDICAMENTOS,solucion,1,160mg 2ml,gentamicina,,excel
4122,GABAPENTINA/VITB1/VITB12 30CAP GAVINDO N,CALNEREN,969.0,SISTEMA NERVIOSO,MEDICAMENTOS,capsula,30,0.2mg 100mg 300mg,gabapentina,,excel
4123,RACECADOTRILO 30MG PVO 18SOB HIDRASEC,HIDRASEC,229.0,ESTOMACALES (GASTRO),MEDICAMENTOS,polvo,18,30mg,racecadotrilo,,excel
4125,ADEMETIONINA 500MG 10TAB SAMYR,SAMYR,210.0,ESPECIALIDAD,MEDICAMENTOS,tableta,10,500mg,ademetionina,,excel
4126,GOMITAS OMEGA KIDS 60PZAS MULTIGOMI,,165.0,MULTIVITAMINICOS,SUPLEMENTOS,,60,,gomitas,,excel
4128,MAGNESIO/COMPLEJO B PVO 5 GR 15 SOBRES,,199.0,MULTIVITAMINICOS,SUPLEMENTOS,polvo,15,5000mg,magnesio + complejo,,excel
4150,METFOR/EMPAGLI 850MG/12.50MG 30TAB,JARDIANZ DUO,1131.0,DIABETES,MEDICAMENTOS,tableta,30,12.5mg 850mg,metfor + empagli,,excel
4151,METFOR/EMPAGLI 1000MG/12.5MG 30TAB,JARDIANZ DUO,1131.0,DIABETES,MEDICAMENTOS,tableta,30,1000mg 12.5mg,metfor + empagli,,excel
4152,MESALAZINA 500MG LR 30TAB SALOFALK,MUSIMIR,389.0,ESTOMACALES (GASTRO),MEDICAMENTOS,tableta,30,500mg,mesalazina,,excel
4153,OLMESARTAN/AMLODIPINO/HIDROCLORO 28TAB,ALMETEC TRI,699.0,CARDIOVASCULARES,MEDICAMENTOS,tableta,28,12.5mg 40mg 5mg,olmesartan + amlodipino + hidrocloro,,excel
4154,ATORVASTATINA/EZETIMIBA 20MG/10MG 30TAB,ATOZET,549.0,CARDIOVASCULARES,MEDICAMENTOS,tableta,30,10mg 20mg,atorvastatina + ezetimiba,,excel
4155,CALOSTRO BOVINO POLVO 1GR 102GR,,249.01,MULTIVITAMINICOS,SUPLEMENTOS,polvo,,1000mg 102000mg,calostro,,excel
4156,SEMILLA CHIA GEL ORAL 50GR SIMI SPACE,,29.0,MULTIVITAMINICOS,SUPLEMENTOS,gel,,400mg 50000mg,semilla,,excel
4157,GLUTATION GEL ORAL 50GR SIMI SPACE,,29.0,MULTIVITAMINICOS,SUPLEMENTOS,gel,,50000mg 50mg,glutation,,excel
416,AMOXICILINA/AC CLA 125MG 60ML,ACARBIXIN,42.0,ANTIBIOTICOS,MEDICAMENTOS,polvo,,125mg 31.25mg 5ml 60ml,amoxicilina + clavulanico,,excel
4160,NEOMICI/POLI/FLU/LIDO OTICA 5ML SYNALAR,SYNALAR 0,139.0,ANTIBIOTICOS,MEDICAMENTOS,solucion,,0ui 1ml 20mg 3.5mg 5ml,neomici,,excel
417,AMOXICILINA/AC CLA 250MG 60ML,ACARBIXIN,64.0,ANTIBIOTICOS,MEDICAMENTOS,polvo,,250mg 5ml 60ml 62.5mg,amoxicilina + clavulanico,,excel
4181,ACIDO TIOCTICO 600MG 30TAB THIOCTACID,LIPOTIC,1049.0,DIABETES,MEDICAMENTOS,tableta,30,600mg,,,excel
4182,DAPAGLIFL/METF 10/1000MG LP 14TAB GEN,DAPA-MET XR,349.0,DIABETES,MEDICAMENTOS,tableta,14,1000mg 100mg 10mg,dapaglifl,,excel
4183,DIOSMECTITA 3G 8 SOB SUSP IPRIKENE CACAO,IPRIKENE,299.0,ESTOMACALES (GASTRO),MEDICAMENTOS,suspension,8,3000mg,diosmectita,,excel
4184,GOMITAS COMPLEJO B 60 PZAS MULTIGOMI,,189.0,MULTIVITAMINICOS,SUPLEMENTOS,,60,12mcg 300mcg 500mcg,gomitas,,excel
4185,NAD/ARANDANO/MAGNESIO/ RESV POLVO 68GR,,319.0,MULTIVITAMINICOS,SUPLEMENTOS,polvo,,200mg 25mg 400mg 50mg 68000mg,arandano + magnesio,,excel
4186,CLORHEXIDINA GEL BIO 50ML PERIOXIDIN,,236.0,HIGIENE,MATERIAL DE CURACION,gel,,50ml,clorhexidina,,excel
4187,GOMITAS OMEGA ADULTO 60PZAS MULTIGOMI,,161.0,MULTIVITAMINICOS,SUPLEMENTOS,,60,407mg,gomitas,,excel
419,PALETAS MIEL DE ABEJA 16PZAS PALETOSIMI,,44.0,RESPIRATORIOS,SUPLEMENTOS,paleta,16,,paletas,,excel
4190,JERINGA P/INSU 0.5ML 31X6 10PZA ULTRA F,,52.0,CURACION Y MEDICION,MATERIAL DE CURACION,,10,0.5ml,,,excel
4191,JERINGA P/INSU 0.3ML 31X610PZAS ULTRA F,,52.0,CURACION Y MEDICION,MATERIAL DE CURACION,,10,0.3ml,,,excel
4192,JERINGA P/INSU 1ML 31X6 10PZAS ULTRA F,,52.0,CURACION Y MEDICION,MATERIAL DE CURACION,,10,1ml,,,excel
4193,MYO-INOSITOL/D-CHIRO INOSITOL 15SOBRES,,319.0,MULTIVITAMINICOS,SUPLEMENTOS,polvo,15,2000mg 400mg,chiro,,excel
4194,PRUEBA DE EMBARAZO DIGITAL SIMIBABY,,139.0,CURACION Y MEDICION,MATERIAL DE CURACION,,1,,prueba,,excel
4195,AGUA DE MAR INF/ADU 100ML SPRAY STERIMAR,,219.0,CURACION Y MEDICION,MATERIAL DE CURACION,solucion,,100ml,,,excel
4196,HONGO MELENA LEON SIMI GLUT+ FORTE 30CAP,,123.0,SISTEMA NERVIOSO,SUPLEMENTOS,capsula,30,500mg 80mg,hongo + forte,,excel
4197,S TUBEROSUM 300MG 30CAP RAPID C2K,,349.0,PESO Y METABOLISMO,SUPLEMENTOS,capsula,30,300mg,tuberosum,,excel
42,BENCILPENICILI PROCAI 400000UI/2ML,APOPENCIL,21.0,ANTIBIOTICOS,MEDICAMENTOS,suspension,,0ui 2ml 400000ui,bencilpenicili,,excel
4208,INSULINA HUMANA INTERMEDIA 100UI 10ML,HUMULIN N,139.0,DIABETES,MEDICAMENTOS,suspension,,100ui 10ml,,,excel
4209,INSULINA HUMANA RAPIDA 100UI 10ML,GLINUX R,169.0,DIABETES,MEDICAMENTOS,suspension,,100ui 10ml,,,excel
4211,DEXKETOPROFENO 50MG/2ML 3AMP,DESKEFLAS,369.0,ANALGESICOS,MEDICAMENTOS,solucion,3,2ml 50mg,dexketoprofeno,,excel
4212,GOMITAS BETABEL/CQ10/VIT B12 60PZAS,,189.0,CARDIOVASCULARES,SUPLEMENTOS,,60,100mg 12mcg 200mg,gomitas,,excel
4213,ATORVASTATINA/EZETIMIBA 10MG/10MG 30TAB,ATOZET,549.0,CARDIOVASCULARES,MEDICAMENTOS,tableta,30,10mg,atorvastatina + ezetimiba,,excel
4214,PROT LIQUI XGEAR KIWI-SANDIA 15G 1S 34ML,,49.0,DEPORTISTAS,SUPLEMENTOS,solucion,,15000mg 34ml,,,excel
4215,GOMITAS CURCUMA/JENGI 60 PZAS MULTIGOMI,,189.0,ESTOMACALES (GASTRO),SUPLEMENTOS,,60,150mg 25mg,gomitas + jengi,,excel
4216,MAGNESIO/GABA/L TEANINA/L TRIPTO 150GR,,297.01,RELAJANTES,SUPLEMENTOS,polvo,,125mg 150000mg 150mg 250mg 50mg 5mg,magnesio + teanina + tripto,,excel
4217,GOMITAS MIX DE HONGOS DIA TRAVIS 60PZA,,259.0,MULTIVITAMINICOS,SUPLEMENTOS,,60,290mg,gomitas,,excel
4218,GOMITAS MIX DE HONGOS NOCHE TRAVIS 60PZA,,259.0,MULTIVITAMINICOS,SUPLEMENTOS,,60,290mg,gomitas,,excel
4225,DAPAGLIFL/METF 10/1000MG 28TAB XIGDUO XR,XIGDUO XR,1399.0,DIABETES,MEDICAMENTOS,tableta,28,1000mg 10mg,dapaglifl,,excel
4239,MULTIVITAMINAS 50 + 30TAB CENTRUM SILVER,,179.0,MULTIVITAMINICOS,MEDICAMENTOS,tableta,30,,multivitaminas,,excel
424,METFOR/GLIB 500/2.5MG 60TAB,APOMETGLU,49.0,DIABETES,MEDICAMENTOS,tableta,60,2.5mg 500mg,metfor,,excel
4240,DEXKETOPROFENO 25MG/10ML SOL ORAL 10ML,KERAL,309.0,ANALGESICOS,MEDICAMENTOS,solucion,,10ml 25mg,dexketoprofeno,,excel
4241,ALFA CETOANALOGOS AMINOAC 630MG 100TAB,CETOLAN,859.0,ESPECIALIDAD,MEDICAMENTOS,tableta,100,630mg,,,excel
4243,PROPOLEO/MIEL 10% SOL 40ML SPRAY BUCAL,,89.0,RESPIRATORIOS,SUPLEMENTOS,solucion,,40ml,propoleo,,excel
4248,SIMIVF KIDS FORTE JBE 240ML,,92.0,MULTIVITAMINICOS,SUPLEMENTOS,jarabe,,240ml,simivf,,excel
425,CLARITROMICINA 250MG 10TAB,ADEL,88.0,ANTIBIOTICOS,MEDICAMENTOS,tableta,10,250mg,claritromicina,,excel
4257,INSULINA GLARGINA 100UI/ML SOL INY 5PZA,ABASAGLAR,1199.0,DIABETES,MEDICAMENTOS,solucion,5,100ui,,,excel
4258,TESTOSTERONA/ESTRADIOL 100/5MG/1ML 1PZ,DESPAMEN,0,HORMONALES,MEDICAMENTOS,solucion,1,1ml 5mg,testosterona + estradiol,,excel
4259,PREDNISOLONA 3MG/ML SOLUCION 100ML,ADAREX,399.0,ANTIINFLAMATORIOS,MEDICAMENTOS,solucion,,100ml 3mg,prednisolona,,excel
426,CLARITROMICINA 500MG 10TAB,ADEL,133.0,ANTIBIOTICOS,MEDICAMENTOS,tableta,10,500mg,claritromicina,,excel
4260,DAPAGLIFLOZINA 10MG 28TAB (GEN),DAPOSAR,449.0,DIABETES,MEDICAMENTOS,tableta,28,10mg,dapagliflozina,,excel
4261,CAMARA ESPACIADORA ADULTO + 10 AÑOS 1PZA,,499.0,CURACION Y MEDICION,MATERIAL DE CURACION,,1,,camara,,excel
4262,VIT B1/B2/B12 3MG/2MG/6MCG 10ML 10AMP,,299.0,MULTIVITAMINICOS,SUPLEMENTOS,solucion,10,10ml 2mg 3mg 6mcg,,,excel
4263,GOMITAS FIBRA 5GR 72PZAS MULTIGOMI,,189.0,ESTOMACALES (GASTRO),SUPLEMENTOS,,72,5000mg,gomitas,,excel
4264,GOMITAS MULTI MUJER 60PZAS MULTIGOMI,,189.0,MULTIVITAMINICOS,SUPLEMENTOS,,60,,gomitas,,excel
4265,GOMITAS GLUCO/CONDROI 60PZAS MULTIGOMI,,189.0,ANALGESICOS,SUPLEMENTOS,,60,,gomitas + condroi,,excel
4266,PROT S/AZUC FRESA XGEAR 330ML,,74.0,DEPORTISTAS,SUPLEMENTOS,,,330ml,,,excel
4267,ELECTROLITO 0%AZUC UVA XGEAR 10TAB EFER,,109.01,REHIDRATANTES,SUPLEMENTOS,tableta,10,0%,electrolito,,excel
427,KETOPROFENO 100MG 15CAP,ARTHRIL,39.0,ANALGESICOS,MEDICAMENTOS,capsula,15,100mg,ketoprofeno,,excel
4271,APIXABAN 5.0MG 20TAB ELICUIS,ELICUIS,609.0,CARDIOVASCULARES,MEDICAMENTOS,tableta,20,5mg,apixaban,,excel
4272,APIXABAN 2.5MG 20TAB ELICUIS,ELICUIS,609.0,CARDIOVASCULARES,MEDICAMENTOS,tableta,20,2.5mg,apixaban,,excel
4273,PARECOXIB 40MG/2ML 2FA+2AMP DYNASTAT,,579.0,ANALGESICOS,MEDICAMENTOS,solucion,2,2ml 40mg,parecoxib,,excel
428,MELOXICAM 15MG 10TAB,AFLAMID,40.0,ANTIINFLAMATORIOS,MEDICAMENTOS,tableta,10,15mg,meloxicam,,excel
4298,SOMATROPINA 12MG (36UI) SOL INY JER PRE,GENOTROPIN C,3483.0,HORMONALES,MEDICAMENTOS,suspension,,12mg 36ui,somatropina,,excel
4299,INSULINA GLARGINA 300UI/ML SOL JER PRE,TOUJEO,999.0,DIABETES,MEDICAMENTOS,solucion,,300ui,,,excel
43,BENCILPENICILI PROCAI 800000UI/2ML,APOPENCIL,25.0,ANTIBIOTICOS,MEDICAMENTOS,suspension,,0ui 2ml 800000ui,bencilpenicili,,excel
4300,LIRAGLUTIDA 6MG/ML PLUMA 3PZAS SAXENDA,SAXENDA,2799.0,DIABETES,MEDICAMENTOS,suspension,3,6mg,liraglutida,,excel
4301,GUAIFEN/OXOLA JBE 140ML INF HISTIACIL,GUAXOQUIM,149.0,RESPIRATORIOS,MEDICAMENTOS,jarabe,,1000mg 140ml 2000mg,guaifen + oxola,,excel
4302,DICLOFENACO 15MG PARCHE 5PZAS VOLTAREN,DIOXAFLEX,159.0,ANTIINFLAMATORIOS,MEDICAMENTOS,parche,5,15mg,diclofenaco,,excel
4303,BUFENINA/DIFENIL/AMINO 25ML SOL GTS,FLUMIL,159.0,ANTIHISTAMINICOS,MEDICAMENTOS,solucion,,100ml 2000mg 25ml 75mg,bufenina + difenil + amino,,excel
4304,ATORVASTATINA/EZETIMIBA 40MG/10MG 30TAB,ATOZET,549.0,CARDIOVASCULARES,MEDICAMENTOS,tableta,30,10mg 40mg,atorvastatina + ezetimiba,,excel
4305,FENOFIBRATO/ATORVAST 160MG/20MG 15TAB,VAXTIFEN,369.0,CARDIOVASCULARES,MEDICAMENTOS,tableta,15,160mg 20mg,fenofibrato + atorvast,,excel
4306,PIRFEN 10G/100G 3.5GR CREMA KITOCREAM,,99.0,CUIDADO DE LA PIEL,MATERIAL DE CURACION,crema,,100000mg 10000mg 3500mg,pirfen,,excel
4307,PIRFEN/DISUL 8G/.16G 3.5GR GEL KITOCELLQ,,99.0,CUIDADO DE LA PIEL,MATERIAL DE CURACION,gel,,16000mg 16mg 3500mg 8000mg,pirfen + disul,,excel
4308,NAD/RESVERATROL/COENZIMA Q10 30CAP,,219.0,MULTIVITAMINICOS,SUPLEMENTOS,capsula,30,100mg 300mg,resveratrol + coenzima,,excel
4310,GOMITAS RESVERATROL 60PZAS ETERNAL SECR,,189.0,MULTIVITAMINICOS,SUPLEMENTOS,,60,200mg,gomitas,,excel
4311,RACECADOTRILO 10MG PVO 18SOB HIDRASEC,HIDRASEC,209.0,ESTOMACALES (GASTRO),MEDICAMENTOS,polvo,18,10mg,racecadotrilo,,excel
4312,CUBREBOCA INF DR SIMI TRIPLE PLIE 5PZAS,,31.0,CURACION Y MEDICION,MATERIAL DE CURACION,,5,,cubreboca,,excel
432,DIFENHIDRAMINA 250MG JBE 120ML,BENADRYL,20.0,ANTIHISTAMINICOS,MEDICAMENTOS,jarabe,,100ml 120ml 250mg,difenhidramina,,excel
4352,PIDOTIMOD 400MG/7ML 10FRASC SOL INF,ADIMOD,389.0,ESPECIALIDAD,MEDICAMENTOS,solucion,10,400mg 44mg 7ml,pidotimod,,excel
4353,GOTAS LUBRICANTES OFT 10ML SYSTANE ULTRA,,499.0,OFTALMOLOGICOS,MATERIAL DE CURACION,solucion,,10ml,lubricantes,,excel
4355,GOMITAS PROBIOTICOS 60PZA ADUL MULTIGOMI,,189.0,ESTOMACALES (GASTRO),SUPLEMENTOS,,60,,gomitas,,excel
4356,GOMITAS PROBIOTICOS 60PZAS INF MULTIGOMI,,189.0,ESTOMACALES (GASTRO),SUPLEMENTOS,,60,,gomitas,,excel
4357,PREDNISOLONA/SULFA 5ML SUSP OFT,DELTAMID OFTENO,129.0,OFTALMOLOGICOS,MEDICAMENTOS,solucion,,5ml,prednisolona + sulfa,,excel
4358,VENDAS ADHESIVA NIÑOS WARNER 30PZAS,,26.0,CURACION Y MEDICION,MATERIAL DE CURACION,,30,,vendas,,excel
4359,PROBIOTICOS/PRE/ARAND/JAMAICA 30CAP,,329.0,ESTOMACALES (GASTRO),SUPLEMENTOS,capsula,30,,probioticos + arand + jamaica,,excel
436,BROMHEXINA 80MG/100ML SOL INF,BISOLVON,34.0,RESPIRATORIOS,MEDICAMENTOS,solucion,,100ml 80mg,bromhexina,,excel
437,BROMHEXINA 160MG/100ML SOL AD,BISOLVON,31.0,RESPIRATORIOS,MEDICAMENTOS,solucion,,100ml 160mg,bromhexina,,excel
4397,PARCHE ADHESIVO (6X8) 5PZAS CURAMED,,24.0,CURACION Y MEDICION,MATERIAL DE CURACION,parche,5,,,,excel
4398,CARBONATO D CALCIO 750MG 24TAB TUMS,TUMS,44.0,ESTOMACALES (GASTRO),MEDICAMENTOS,tableta,24,750mg,carbonato,,excel
440,LANSOPRAZOL 30MG 14CAP,ALIZOL,86.0,ESTOMACALES (GASTRO),MEDICAMENTOS,capsula,14,30mg,lansoprazol,,excel
4401,TOBILLERA ELASTICA ADUL 1PZA,,89.0,CURACION Y MEDICION,MATERIAL DE CURACION,,1,,tobillera,,excel
4402,VIT C/BIOTINA LIPO 300MG GEL ORAL 6SOB,,129.0,MULTIVITAMINICOS,SUPLEMENTOS,gel,,300mg 30mcg,biotina,,excel
4403,MEZC DE HONGOS LIPO 250MG GEL ORAL 6SOB,,169.0,MULTIVITAMINICOS,SUPLEMENTOS,gel,,250mg 50mg,,,excel
4404,GLUTATION LIPO 250MG GEL ORAL 6SOB,,169.0,MULTIVITAMINICOS,SUPLEMENTOS,gel,,250mg,glutation,,excel
441,METFOR/GLIB 500/5MG 60TAB,APOMETGLU,58.0,DIABETES,MEDICAMENTOS,tableta,60,500mg 5mg,metfor,,excel
4429,AGUJA P/PLUMA 31GX5MM 10PZAS ULTRA FINE,,69.0,CURACION Y MEDICION,MATERIAL DE CURACION,,10,,aguja + pluma,,excel
4430,LUTEINA/ ZEAXATINA/VIT A 30CAPGEL,,134.0,MULTIVITAMINICOS,SUPLEMENTOS,capsula,30,10mg 2mg 600mcg,luteina + zeaxatina,,excel
4431,GLICINATO DE MAGNESIO 1250MG PVO 135G,,299.0,RELAJANTES,SUPLEMENTOS,polvo,,1250mg 135000mg,glicinato,,excel
4433,PROTEINA XGEAR BARRA FRESA 55GR,,69.0,DEPORTISTAS,SUPLEMENTOS,barra,,55000mg,proteina,,excel
4434,PROTEINA XGEAR BARRA PRETZEL 55GR,,69.0,DEPORTISTAS,SUPLEMENTOS,barra,,55000mg,proteina,,excel
4461,DORZOLAMIDA/TIMOLOL/BRIMONIDINA SOL 5ML,KRYTANTEK OFTENO,569.0,OFTALMOLOGICOS,MEDICAMENTOS,solucion,,20mg 2mg 5mg 5ml,dorzolamida + timolol + brimonidina,,excel
4463,BARRA TOPICA RESPIRATORIA 15GR SIMIBABY,,83.0,RESPIRATORIOS,MATERNIDAD,barra,,15000mg,,,excel
4465,GUANTES MULTIUSOS NITRILO 10 PZS,,40.0,CURACION Y MEDICION,MATERIAL DE CURACION,,10,,guantes,,excel
4466,GOMITAS MULTIVITAMI KIDS 60PZS MULTIGOMI,,0,MULTIVITAMINICOS,SUPLEMENTOS,,60,,gomitas,,excel
4468,OREGANO + VIT D+ZINC 75MG 30CAP GEL,,179.0,MULTIVITAMINICOS,SUPLEMENTOS,capsula,30,75mg,oregano,,excel
4469,MAGNESIO/ VIT E LIPO GEL ORAL 10GR SOB,,169.0,RELAJANTES,SUPLEMENTOS,gel,,10000mg 10mg 35mg 94mg,magnesio,,excel
4470,PALMITATO RET/ERGOC/AC ASC 5AMP ADEROGYL,ADEROGYL,149.0,RESPIRATORIOS,MEDICAMENTOS,solucion,5,3.3mg 499.65mg,palmitato + ergoc,,excel
4471,METFORMINA 1000MG 30TAB,DABEX,79.0,DIABETES,MEDICAMENTOS,tableta,30,1000mg,metformina,,excel
449,AMBROXOL/DEXT 150/113MG INF JBE 120ML,BROGAL T,36.0,RESPIRATORIOS,MEDICAMENTOS,jarabe,,113mg 120ml 150mg,ambroxol,,excel
4494,DIMENHIDRINATO 250MG/100ML JBE INF 120ML,BITDRU,79.0,ESTOMACALES (GASTRO),MEDICAMENTOS,jarabe,,100ml 120ml 250mg,dimenhidrinato,,excel
4497,ALCACHOFA 400MG (CYNARA SCOLYMUS) 60CAP,,169.0,PESO Y METABOLISMO,SUPLEMENTOS,capsula,60,400mg,alcachofa,,excel
4498,CURCUMA 1282MG (CURCUMA LONGA) 90 CAP,,189.0,ANALGESICOS,SUPLEMENTOS,capsula,90,1282mg,curcuma,,excel
4499,SIMIFIBRA CACAO 300GR,,109.01,ESTOMACALES (GASTRO),SUPLEMENTOS,polvo,,300000mg,simifibra,,excel
450,LORATADINA 100MG/100ML JBE 60ML,ALBATRINA,39.0,ANTIHISTAMINICOS,MEDICAMENTOS,jarabe,,100mg 100ml 60ml,loratadina,,excel
4500,DESONIDA 0.05% CREMA 30GR,,249.0,ENFERMEDADES DE LA PIEL,MEDICAMENTOS,gel,,30000mg,desonida,,excel
4501,PEROXIDO DE BENZOILO 5% GEL 60GR,BENZAC AC,224.0,CUIDADO DE LA PIEL,MEDICAMENTOS,gel,,60000mg,oxigenada,,excel
451,LORATADINA 100MG/100ML SOL30ML,ALBATRINA,21.0,ANTIHISTAMINICOS,MEDICAMENTOS,solucion,,100mg 100ml 30ml,loratadina,,excel
4518,SERENOA REPENS/URTICA 160MG/120MG 20CAP,PROSGUTT,429.0,ESPECIALIDAD,MEDICAMENTOS,capsula,20,120mg 160mg,serenoa + urtica,,excel
4519,NAFAZOLINA 1MG/1ML SOL NASAL 15ML GOTINA,AFAZOL,129.0,RESPIRATORIOS,MEDICAMENTOS,solucion,,15ml 1mg 1ml,nafazolina,,excel
4520,VID D 400UI/VIT E .500MG SOL GTAS 3ML,,289.0,ANALGESICOS,SUPLEMENTOS,solucion,,3ml 400ui 500mg,,,excel
4521,GOMITAS NAD/VITC/VIT B3 40PZAS MULTIGOMI,,219.0,MULTIVITAMINICOS,SUPLEMENTOS,,40,10mg 20mg 300mg,gomitas,,excel
4522,GOMITAS ARGININA 60PZAS MULTIGOMI,,199.0,DEPORTISTAS,SUPLEMENTOS,,60,450mg,gomitas,,excel
453,CIPROFLOXACINO SOL OFT 5ML,AMPROFIX,51.0,ANTIBIOTICOS,MEDICAMENTOS,solucion,,1ml 3mg 5ml,ciprofloxacino,,excel
4553,PARACETAMOL/DEXTRO/FENIL/ PVO 10GR 6SOB,THERAFLU DAY TIME,149.0,RESPIRATORIOS,MEDICAMENTOS,polvo,6,10000mg 10mg 20mg 650mg,paracetamol + dextro + fenil,,excel
4554,DIOSMECTITA 3G 10SOB PVO FRESA IPRIKENE,IPRIKENE,299.0,ESTOMACALES (GASTRO),MEDICAMENTOS,polvo,10,3000mg,diosmectita,,excel
4555,METFORMINA / SITAGLIPTINA / 1000MG /50MG,ARGLIPTIN D,219.0,DIABETES,MEDICAMENTOS,tableta,56,1000mg 50mg,metformina + sitagliptina,,excel
4556,DEXPANTENOL 5% GEL OFT 10G,,489.0,OFTALMOLOGICOS,MATERIAL DE CURACION,gel,,10000mg,dexpantenol,,excel
4557,COMPRESA GEL FRIO/CALIENTE 1PZA NEXCARE,,0,CURACION Y MEDICION,MATERIAL DE CURACION,gel,1,,compresa + caliente,,excel
4558,NICOTIDAMINA MONONUCLEOTIDO 200MG 60CAP,,349.0,MULTIVITAMINICOS,SUPLEMENTOS,capsula,60,200mg,nicotidamina,,excel
4567,SACUBITRILO VALSARTAN 50MG 30COMP,,899.0,,MEDICAMENTOS,tableta,30,50mg,sacubitrilo,,excel
4568,GOMITAS VIT/DHA/MINERALES 60PZS SIMI B,,0,,SUPLEMENTOS,,60,,gomitas + minerales,,excel
4569,SENSOR GLUCOSA KIT 1PZA,,1299.0,,MATERIAL DE CURACION,,1,,sensor,,excel
4571,ELECTROLITO PVO 10SOB XGEAR SANDIA,,0,,SUPLEMENTOS,polvo,10,1000mg 200mg 60mg,electrolito,,excel
4577,SEMAGLUTIDA1.34MG/ML 1.5ML PLUMA OZEMPIC,,2999.0,,MEDICAMENTOS,solucion,,1.34mg 1.5ml,semaglutida,,excel
4585,INSULINA DEGLUDEC PLUMA PRE 3ML TRESIBA,,0,,MEDICAMENTOS,solucion,,100ui 3ml,,,excel
4586,CITRATO DE SODIO/LAURIL 5ML SUSP 4PZAS,,0,,MEDICAMENTOS,suspension,4,5ml 90mg 9mg,citrato + lauril,,excel
4587,MACROGOL 3350 POLVO 17 GRC/U CONTUMAX,,0,,MEDICAMENTOS,suspension,7,17000mg,macrogol,,excel
4588,FLUVOXAMINA 100MG 30 TAB,,0,,MEDICAMENTOS,tableta,30,100mg,fluvoxamina,,excel
4589,CARVEDILOL 6.25MG 14TAB,,0,,MEDICAMENTOS,tableta,14,6.25mg,carvedilol,,excel
459,PARACETAMOL 750MG 10TAB,ACETAFEN,18.0,ANALGESICOS,MEDICAMENTOS,tableta,10,750mg,paracetamol,,excel
4590,TREHALOSA/HIALUARONATO SOL OFT 10ML,,0,,MATERIAL DE CURACION,solucion,,10ml,trehalosa + hialuaronato,,excel
4592,PROT XGEAR WHEY PROTEIN VAINILLA 600GR,,0,,SUPLEMENTOS,polvo,,600000mg,,,excel
4593,PROTEINA XGEAR BARRA MALVA-CACAHUA 54GR,,0,,SUPLEMENTOS,barra,,54000mg,proteina,,excel
4594,PROTEINA XGEAR BARRA MALVA CHOCO 54GR,,0,,SUPLEMENTOS,barra,,54000mg,proteina,,excel
4595,LACTOB REUTERI 100MILL/0.19ML5ML BIOGAIA,,0,,SUPLEMENTOS,gotas,,0.19ml 100ui 5ml,lactob,,excel
4596,MYO-INOSITOL/AC FOLICO/LACTO 60 CAP,,0,,SUPLEMENTOS,capsula,60,1200mg 400mcg 46.16mg,folico + lacto,,excel
4597,GOMITAS CITICOLINA200MG MULTIGOMI 60PZAS,,0,,SUPLEMENTOS,,60,200mg,gomitas,,excel
4598,GOMITAS CREATINA 5.1G XGEAR 90 PZAS,,0,,SUPLEMENTOS,,90,5100mg,gomitas,,excel
4599,PROT VEGETAL CHOCO XGEAR BY GUD 330ML,,0,,SUPLEMENTOS,,,330ml,,,excel
460,AMBROXOL/SALBUTAMOL SOL 120ML,ADRIBEL,45.0,RESPIRATORIOS,MEDICAMENTOS,solucion,,100ml 120ml 150mg 40mg,ambroxol + salbutamol,,excel
4600,PROT VEGETAL VAINILLA XGEAR BY GUD 330ML,,0,,SUPLEMENTOS,,,330ml,,,excel
4601,MAGNESIO CITRATO/MALEATO/GLICINA 90CAP,,0,,SUPLEMENTOS,capsula,90,600mg 800mg,magnesio + maleato + glicina,,excel
4602,PROT XGEAR VEGAN CHOCOLATE 450GR,,0,,SUPLEMENTOS,polvo,,450000mg,,,excel
4603,BEBIDA ENERGETICA XGEAR BY YAOCA 473ML,,0,,SUPLEMENTOS,,,473ml,bebida,,excel
4605,ELECTROL 0% AZU MORA 500ML HIDRATASIM,,0,,SUPLEMENTOS,,,500ml,electrol,,excel
4606,ELECTROL 0% AZU COCO 500ML HIDRATASIM,,0,,SUPLEMENTOS,,,500ml,electrol,,excel
4607,ELECTROL 0%AZU LIMA-LIM 500ML HIDRATASIM,,0,,SUPLEMENTOS,,,0% 500ml,electrol,,excel
461,NEOMICINA/LIDO 0.350/2GR 20ML,ORTORA,31.0,ANTIBIOTICOS,MEDICAMENTOS,solucion,,100ml 2000mg 20ml 350mg,neomicina,,excel
463,AMPICILINA/MET/GUA/CLO AD 3AMP+3JER,AMPIGRIN,94.0,ANTIBIOTICOS,MEDICAMENTOS,solucion,3,100mg 3ml 4mg 500mg,ampicilina,,excel
465,AMPICILINA/MET/GUA/CLO IN 3AMP+3JER,AMPIGRIN,88.0,ANTIBIOTICOS,MEDICAMENTOS,solucion,3,100mg 200mg 250mg 2mg 3ml,ampicilina,,excel
466,OMEGA 3 150MG 100CAP SIMIOMEGA,,93.0,MULTIVITAMINICOS,SUPLEMENTOS,capsula,100,150mg,omega,,excel
469,PALMITATO RETINOL 50MG 40CAP,ACON,47.0,RESPIRATORIOS,MEDICAMENTOS,capsula,40,50mg,palmitato,,excel
47,BEZAFIBRATO 200MG 30TAB,BEFITEC,59.0,CARDIOVASCULARES,MEDICAMENTOS,tableta,30,200mg,bezafibrato,,excel
471,LINCOMICINA 600MG/2ML 6AMP,AMSALINOX,79.0,ANTIBIOTICOS,MEDICAMENTOS,solucion,6,2ml 600mg,lincomicina,,excel
472,ALUMINIO/MAGN/SIMET SUSP 320ML,EXHANTIL,56.0,ESTOMACALES (GASTRO),MEDICAMENTOS,suspension,,100ml 320ml 3700mg 4000mg 500mg,aluminio + simet,,excel
474,DICICLOVERINA 10MG 30TAB,SEDICLON,39.0,ESTOMACALES (GASTRO),MEDICAMENTOS,tableta,30,10mg,dicicloverina,,excel
475,TRIMEBUTINA 20MG/1ML SUSP 30ML PED,CINEPRAC,39.0,ESTOMACALES (GASTRO),MEDICAMENTOS,suspension,,1ml 20mg 30ml,trimebutina,,excel
477,ISOCONAZOL NITRATO CREMA,ANDRONAZOL,40.0,ANTIMICOTICOS,MEDICAMENTOS,crema,,100000mg 1000mg,isoconazol,,excel
478,NISTATINA 100000UI POLVO SUSP,BISTATIN,57.0,ANTIMICOTICOS,MEDICAMENTOS,polvo,,0ui 100000ui,nistatina,,excel
479,PANCREATINA/B BUEY/DIMET 20TAB,ESPAVEN ENZIMATICO,64.0,ESTOMACALES (GASTRO),MEDICAMENTOS,tableta,20,130mg 40mg 50mg,pancreatina + dimet,,excel
482,AMOXICILINA/AC CLA 500MG 10TAB,ACARBIXIN,95.0,ANTIBIOTICOS,MEDICAMENTOS,tableta,10,125mg 500mg,amoxicilina + clavulanico,,excel
483,BENCIDAMINA 45MG/100ML SOL 30ML,ARTROBEN,59.0,ANTIINFLAMATORIOS,MEDICAMENTOS,solucion,,100ml 30ml 45mg,bencidamina,,excel
484,LIDOCAINA 5/100GR (5%)UNG 35GR,BETACAINE GEL,33.0,ANALGESICOS,MEDICAMENTOS,unguento,,100000mg 35000mg 5000mg,lidocaina,,excel
488,AMOXI/AC CLA 200/28.5MG SUSP 40 O 50ML,AMOBAY CL,33.0,ANTIBIOTICOS,MEDICAMENTOS,polvo,,200mg 28.5mg 50ml 5ml,amoxi + clavulanico,,excel
489,AMOXICILINA/AC CLA 400/57 SUSP 50 O 60ML,AMOBAY CL,64.0,ANTIBIOTICOS,MEDICAMENTOS,polvo,,400mg 57mg 5ml 60ml,amoxicilina + clavulanico,,excel
491,CLARITROMICINA 250MG/5ML SUSP,ADEL,166.0,ANTIBIOTICOS,MEDICAMENTOS,suspension,,250mg 5ml,claritromicina,,excel
495,ALUMINIO/MAGN/DIMET/MET 30TAB,ESPRADEN,49.0,ESTOMACALES (GASTRO),MEDICAMENTOS,tableta,30,10mg 200mg 50mg,aluminio + dimet,,excel
497,CEFACLOR 250MG SUSP 75ML,ARCEFAL,129.0,ANTIBIOTICOS,MEDICAMENTOS,suspension,,250mg 5ml 75ml,cefaclor,,excel
498,DICLOFENACO/B1/B6/B12 6AMP+3JER,DICLOVITH B,64.0,ANALGESICOS,MEDICAMENTOS,solucion,3,100mg 500mcg 75mg,diclofenaco,,excel
5,ACICLOVIR 50MG/1GR CREMA 5GR,CICLOFERON,35.0,ENFERMEDADES DE LA PIEL,MEDICAMENTOS,crema,,1000mg 5000mg 50mg,aciclovir,,excel
50,BUTILHIOSCINA 10MG 10TAB,BIOMESINA,29.0,ESTOMACALES (GASTRO),MEDICAMENTOS,tableta,10,10mg,butilhioscina,,excel
506,CEFACLOR 500MG 15CAP,APOCLORA,274.0,ANTIBIOTICOS,MEDICAMENTOS,capsula,15,500mg,cefaclor,,excel
508,NAPROXENO/CARISOPRODOL 250MG/200MG 30CAP,BLOCACID,89.0,ANALGESICOS,MEDICAMENTOS,capsula,30,200mg 250mg,naproxeno + carisoprodol,,excel
510,IBUPROFENO 2GR/100ML SUSP 120ML,ACTRON,31.0,ANALGESICOS,MEDICAMENTOS,suspension,,100ml 120ml 2000mg,ibuprofeno,,excel
512,PARACETAMOL/BUTIL 20TAB,BUSCAPINA DUO,71.0,ESTOMACALES (GASTRO),MEDICAMENTOS,tableta,20,10mg 500mg,paracetamol + butil,,excel
513,RIBAVIRINA 400MG 18CAP,DESIKEN,273.0,ESPECIALIDAD,MEDICAMENTOS,capsula,18,400mg,ribavirina,,excel
515,CLIOQUINOL CREMA 20GR,BAGTON,15.0,ENFERMEDADES DE LA PIEL,MEDICAMENTOS,crema,,100000mg 20000mg 3000mg,clioquinol,,excel
516,FLUOCINOLONA / CLIOQUINOL CREMA,BENTIX,49.0,ENFERMEDADES DE LA PIEL,MEDICAMENTOS,crema,,100000mg 10mg 3000mg,fluocinolona + clioquinol,,excel
520,FLUCONAZOL 150MG 1CAP,AFUNGIL,35.0,ANTIMICOTICOS,MEDICAMENTOS,capsula,1,150mg,fluconazol,,excel
521,METAMIZOL SODICO 5G/100ML JBE 120ML,CONMEL PEDIATRICO,51.0,ANALGESICOS,MEDICAMENTOS,jarabe,,100ml 120ml 5000mg,metamizol,,excel
522,AMOXICILINA/AC CLA 875MG 10TAB,ACARBIXIN LQS,99.0,ANTIBIOTICOS,MEDICAMENTOS,tableta,10,125mg 875mg,amoxicilina + clavulanico,,excel
524,LACTATO GLUCONATO CALCIO 2.94G,BONE CA,57.0,ANALGESICOS,MEDICAMENTOS,tableta,12,2940mg 300mg,lactato,,excel
526,OFLOXACINO 400MG 8TAB,APO-INVIRE,93.0,ANTIBIOTICOS,MEDICAMENTOS,tableta,8,400mg,ofloxacino,,excel
527,NORFLOXACINO 400MG 20TAB,AMICROBIN,79.0,ANTIBIOTICOS,MEDICAMENTOS,tableta,20,400mg,norfloxacino,,excel
529,CLINDAMICINA GEL 1GR 1%,BIODACLIN GEL,45.0,ANTIBIOTICOS,MEDICAMENTOS,gel,,100000mg 1000mg,clindamicina,,excel
53,CAPTOPRIL 25MG 30TAB,ALTIVER,27.0,CARDIOVASCULARES,MEDICAMENTOS,tableta,30,25mg,captopril,,excel
530,CASTAÑA DE INDIAS 30CAP DR SIMI,FLEBOCAPS SIMI,89.0,CARDIOVASCULARES,MEDICAMENTOS,capsula,30,250mg,castana,,excel
531,ISOFLAVONAS SOYA DR SIMI 30TAB,,62.0,MULTIVITAMINICOS,SUPLEMENTOS,tableta,30,,isoflavonas,,excel
533,LORATADINA/AMBROX SOL 120ML,ALERFIN EX,36.0,RESPIRATORIOS,MEDICAMENTOS,solucion,,100mg 100ml 120ml 600mg,loratadina + ambrox,,excel
534,AC GLUTAMICO/GINKOB 60COMP,HERBABROLL,104.0,SISTEMA NERVIOSO,MEDICAMENTOS,tableta,60,,glutamico + ginkob,,excel
535,METRONIDAZOL/DIYODOH SUSP 120ML,AMEBYL,66.0,ESTOMACALES (GASTRO),MEDICAMENTOS,suspension,,100ml 120ml 2000mg 2500mg,metronidazol + diyodoh,,excel
54,CARBAMAZEPINA 200MG 20TAB,APOBACE,36.0,SISTEMA NERVIOSO,MEDICAMENTOS,tableta,20,200mg,carbamazepina,,excel
541,VALPROATO DE MAGN 200MG 40TAB LR,ATEMPERATOR,83.0,SISTEMA NERVIOSO,MEDICAMENTOS,tableta,40,200mg,valproato,,excel
542,VALPROATO DE MAGNESIO SOL 40ML,ATEMPERATOR,99.0,SISTEMA NERVIOSO,MEDICAMENTOS,solucion,,1ml 200mg 40ml,valproato,,excel
543,CLARITROMICINA 125MG SUSP 60ML,ADEL,124.0,ANTIBIOTICOS,MEDICAMENTOS,suspension,,125mg 5ml 60ml,claritromicina,,excel
55,CEFALEXINA 250MG/5ML 100ML SUSP,ACACIN,74.0,ANTIBIOTICOS,MEDICAMENTOS,suspension,,100ml 250mg 5ml,cefalexina,,excel
555,ALCANFOR/MENTOL/EUCALP UNG 35GR,UNGUENTO 666,46.0,RESPIRATORIOS,MEDICAMENTOS,unguento,,100000mg 2000mg 2800mg 35000mg 4000mg 5000mg 5500mg,alcanfor + mentol + eucalp,,excel
56,CEFALEXINA 500MG 20CAP,ACACIN,84.0,ANTIBIOTICOS,MEDICAMENTOS,capsula,20,500mg,cefalexina,,excel
576,ATENOLOL 50MG 28TAB,ATANIDIL,49.0,CARDIOVASCULARES,MEDICAMENTOS,tableta,28,50mg,atenolol,,excel
577,ATENOLOL 100MG 28TAB,ATANIDIL,77.0,CARDIOVASCULARES,MEDICAMENTOS,tableta,28,100mg,atenolol,,excel
58,CEFALOTINA 1GR/5ML 1AMP,CEFACIDAL,64.0,ANTIBIOTICOS,MEDICAMENTOS,solucion,1,1000mg 5ml,cefalotina,,excel
583,CLONIX LIS/BUTI 250/10MG 10TAB,DOLTRIX,71.0,ESTOMACALES (GASTRO),MEDICAMENTOS,tableta,10,10mg 250mg,clonix,,excel
585,ELECTROLITO ORAL MZA 500ML,ELECTROLIT,25.5,REHIDRATANTES,MEDICAMENTOS,solucion,,500ml,electrolito,,excel
591,METOTREXATO SODICO 2.5MG 50TAB,AC-VONDA,380.0,ESPECIALIDAD,MEDICAMENTOS,tableta,50,2.5mg,metotrexato,,excel
595,AZITROMICINA 500MG 3TAB,ATOXITOM,110.0,ANTIBIOTICOS,MEDICAMENTOS,tableta,3,500mg,azitromicina,,excel
599,ELECTROLITO ORAL COCO 500ML,ELECTROLIT,25.5,REHIDRATANTES,MEDICAMENTOS,solucion,,500ml,electrolito,,excel
6,ACICLOVIR 200MG 25TAB,ACICLOSTAD,75.0,ESPECIALIDAD,MEDICAMENTOS,tableta,25,200mg,aciclovir,,excel
602,PARACETAMOL/BUTIL GTS 20ML,BUSCAPINA COMPOSITUM N SOLUCION,48.0,ESTOMACALES (GASTRO),MEDICAMENTOS,solucion,,100mg 1ml 20ml 2mg,paracetamol + butil,,excel
604,DEXAMETASONA/LIDOCAINA/B1B6B12 6AMP,COMBEDI DX,75.0,ANTIINFLAMATORIOS,MEDICAMENTOS,solucion,,1ml 2ml 4mg 5mg,dexametasona + lidocaina,,excel
606,CARBONATO D CAL 500MG 12TAB MENTADR SIMI,CALCID,16.5,ESTOMACALES (GASTRO),MEDICAMENTOS,tableta,12,500mg,carbonato,,excel
61,CINARIZINA 75MG 60TAB,BULASAN,52.0,CARDIOVASCULARES,MEDICAMENTOS,tableta,60,75mg,cinarizina,,excel
613,MUPIROCINA 2% UNGÜENTO 15GR,BACSKIN,84.0,ENFERMEDADES DE LA PIEL,MEDICAMENTOS,unguento,,15000mg 20mg,mupirocina,,excel
614,NAFAZOLINA 1MG/1ML SOL NASAL 15ML,AFAZOL,50.0,RESPIRATORIOS,MEDICAMENTOS,solucion,,15ml 1mg 1ml,nafazolina,,excel
615,LORATADINA 10MG 20TAB,AEROTINA,44.0,ANTIHISTAMINICOS,MEDICAMENTOS,tableta,20,10mg,loratadina,,excel
618,CEFALEXINA/BROM 250/4.39MG SUSP,ARLEXEN B,76.0,ANTIBIOTICOS,MEDICAMENTOS,polvo,,250mg 4.39mg 5ml,cefalexina,,excel
62,CIPROFLOXACINO 250MG 12TAB,ANTIMED,39.0,ANTIBIOTICOS,MEDICAMENTOS,tableta,12,250mg,ciprofloxacino,,excel
620,LORATADINA/AMBROX 10TAB,BROQUIXOL,32.0,RESPIRATORIOS,MEDICAMENTOS,tableta,10,30mg 5mg,loratadina + ambrox,,excel
621,TERBINAFINA CLORHIDRATO 15GR,BINAFEX,34.0,ANTIMICOTICOS,MEDICAMENTOS,crema,,1000mg 10mg 15000mg,terbinafina,,excel
623,SUBSALICILATO DE BISMUTO 120ML,AGD,46.0,ESTOMACALES (GASTRO),MEDICAMENTOS,suspension,,100ml 120ml 1750mg,subsalicilato + bismuto,,excel
628,CEFACLOR 375MG/5ML SUSP 50ML,ARCEFAL,159.0,ANTIBIOTICOS,MEDICAMENTOS,suspension,,375mg 50ml 5ml,cefaclor,,excel
629,CEFALEXINA/BROM 500/8.782MG 12CAP,CEPOBROM,72.0,ANTIBIOTICOS,MEDICAMENTOS,capsula,12,500mg 8.782mg,cefalexina,,excel
63,CIPROFLOXACINO 500MG 12TAB,ANTIMED,84.0,ANTIBIOTICOS,MEDICAMENTOS,tableta,12,500mg,ciprofloxacino,,excel
630,SENOSIDOS AB 8.6MG 60TAB,ARSEN,54.0,ESTOMACALES (GASTRO),MEDICAMENTOS,tableta,60,8.6mg,senosidos,,excel
631,SUBSALICILATO DE BISMUTO 24TAB MAST,BISMED,59.0,ESTOMACALES (GASTRO),MEDICAMENTOS,tableta,24,262mg,subsalicilato + bismuto,,excel
632,AC ASCORBICO 1GR 10TAB EFER,ADRIPHEL,51.0,RESPIRATORIOS,MEDICAMENTOS,tableta,10,1000mg,vitaminac,,excel
633,CETIRIZINA 10MG 10TAB,APOLIZ,60.0,ANTIHISTAMINICOS,MEDICAMENTOS,tableta,10,10mg,cetirizina,,excel
638,LINCOMICINA 500MG 18CAP,AMSALINOX,94.0,ANTIBIOTICOS,MEDICAMENTOS,capsula,18,500mg,lincomicina,,excel
639,LEVADURA DE CERVEZA 100CAP,,76.0,MULTIVITAMINICOS,SUPLEMENTOS,capsula,100,,levadura,,excel
643,DIFENIDOL CLORHIDRATO 40MG/2ML,ALAMINE,16.0,ESTOMACALES (GASTRO),MEDICAMENTOS,solucion,2,2ml 40mg,difenidol,,excel
645,YODOPOVIDONA ESPUMA ANTISEPTICA DR SIMI,,39.01,CURACION Y MEDICION,MATERIAL DE CURACION,,,100ml 8000mg,yodopovidona,,excel
651,SIMI VF Q10 30CAP,,89.0,MULTIVITAMINICOS,SUPLEMENTOS,capsula,30,,,,excel
656,PARACETAMOL/CAF 500/50MG 20TAB,ANDOX PLUS,27.0,ANALGESICOS,MEDICAMENTOS,tableta,20,500mg 50mg,paracetamol,,excel
658,NITAZOXANIDA 1200MG SUSP 60ML,DEXIDEX,69.0,ESTOMACALES (GASTRO),MEDICAMENTOS,suspension,,1200mg 60ml,nitazoxanida,,excel
660,NITAZOXANIDA 500MG 6 O 7TAB,BIONIT,69.0,ESTOMACALES (GASTRO),MEDICAMENTOS,tableta,7,500mg,nitazoxanida,,excel
667,SUMATRIPTAN 50MG 2COMP,FERMIG,79.0,SISTEMA NERVIOSO,MEDICAMENTOS,tableta,2,50mg,sumatriptan,,excel
668,SUMATRIPTAN 100MG 2COMP,FERMIG,136.0,SISTEMA NERVIOSO,MEDICAMENTOS,tableta,2,100mg,sumatriptan,,excel
673,HIDROCORTISONA/CLORA/BENZO SOL 10ML,OTIFAR,37.0,ANTIBIOTICOS,MEDICAMENTOS,solucion,,10mg 10ml 20mg 25mg,hidrocortisona + clora + benzo,,excel
674,ACARBOSA 50MG 30TAB,GLUCOBAY,66.0,DIABETES,MEDICAMENTOS,tableta,30,50mg,acarbosa,,excel
675,AMANTADINA/CLOR/PARA 24CAP,ALIREN,33.0,RESPIRATORIOS,MEDICAMENTOS,capsula,24,300mg 3mg 50mg,amantadina,,excel
676,ITRACONAZOL/SECNIDAZOL 16CAP,GITRASEK,219.0,ANTIMICOTICOS,MEDICAMENTOS,capsula,16,166.6mg 33.3mg,itraconazol + secnidazol,,excel
678,GABAPENTINA 300MG 15CAP,BAPEX,111.0,SISTEMA NERVIOSO,MEDICAMENTOS,capsula,15,300mg,gabapentina,,excel
679,GABAPENTINA 400MG 15CAP,BAPEX,131.0,SISTEMA NERVIOSO,MEDICAMENTOS,capsula,15,400mg,gabapentina,,excel
68,PARACE/CAFE/FENIL/CLORFEN 10TAB SIMIFLU,AFRINEX,12.0,RESPIRATORIOS,MEDICAMENTOS,tableta,10,25mg 4mg 500mg 5mg,parace + fenil + clorfen,,excel
680,KETOPROFENO/PARA 100/300MG 12TAB,BIFEBRAL,48.0,ANALGESICOS,MEDICAMENTOS,tableta,12,100mg 300mg,ketoprofeno,,excel
682,CEFUROXIMA 500MG 10TAB,CAFAGEN,195.0,ANTIBIOTICOS,MEDICAMENTOS,tableta,10,500mg,cefuroxima,,excel
685,CEFUROXIMA 250MG/5ML 50ML SUSP,CEFABIOT,139.0,ANTIBIOTICOS,MEDICAMENTOS,polvo,,250mg 50ml 5ml,cefuroxima,,excel
687,AZITROMICINA 200MG SUSP 15ML,AMOVIN,104.0,ANTIBIOTICOS,MEDICAMENTOS,polvo,,15ml 200mg 5ml,azitromicina,,excel
688,BROMURO PINAVERIO 100MG 14TAB,AMFRAMIN,60.0,ESTOMACALES (GASTRO),MEDICAMENTOS,tableta,14,100mg,bromuro,,excel
689,CETIRIZINA 100MG 50ML,CETHEXAL,80.0,ANTIHISTAMINICOS,MEDICAMENTOS,solucion,,100mg 100ml 50ml,cetirizina,,excel
690,"OMEGA 3,6,9 60CAP SIMIOMEGA PLUS",,86.0,MULTIVITAMINICOS,SUPLEMENTOS,capsula,60,,omega,,excel
695,PANTOPRAZOL 40MG 14GRAG,KUPPAM,139.0,ESTOMACALES (GASTRO),MEDICAMENTOS,tableta,14,40mg,pantoprazol,,excel
696,LEVOFLOXACINO 500MG 7TAB,ADENASA,149.0,ANTIBIOTICOS,MEDICAMENTOS,tableta,7,500mg,levofloxacino,,excel
7,AC ACETILSALICILICO 500MG 20TAB,ACETIBEN,15.0,ANALGESICOS,MEDICAMENTOS,tableta,20,500mg,acetilsalicilico,,excel
70,CLORTALIDONA 50MG 20TAB,ANILID,20.0,CARDIOVASCULARES,MEDICAMENTOS,tableta,20,50mg,clortalidona,,excel
703,NIFEDIPINO 30MG 30COMP LP,ADALAT OROS,78.0,CARDIOVASCULARES,MEDICAMENTOS,tableta,30,30mg,nifedipino,,excel
708,TERBINAFINA 250MG 28TAB,ABINIFIN,229.0,ANTIMICOTICOS,MEDICAMENTOS,tableta,28,250mg,terbinafina,,excel
710,SIMI VF Q10 100CAP GEL,,214.01,MULTIVITAMINICOS,SUPLEMENTOS,capsula,100,,,,excel
712,SIMILYPTUS JBE 240ML PROP/GORD/EUCAL,,99.01,RESPIRATORIOS,REMEDIOS HERBOLARIOS,jarabe,,240ml,similyptus,,excel
718,BETAMETASONA DIP/BETA FOS 1AMP,CRONOLEVEL,56.0,ANTIINFLAMATORIOS,MEDICAMENTOS,solucion,1,1ml 2mg 5mg,betametasona,,excel
72,CLOTRIMAZOL 2/100GR 20GR CREMA VAGINAL,CANDIMON V,49.0,ANTIMICOTICOS,MEDICAMENTOS,crema,,100000mg 20000mg 2000mg,clotrimazol,,excel
724,GELASIMI 30TAB CISTEINA CITRUS BIOFLAVON,,69.0,CUIDADO DE LA PIEL,SUPLEMENTOS,tableta,30,,gelasimi,,excel
73,COLCHICINA 1MG 30TAB,COLCHIQUIM,41.0,ANALGESICOS,MEDICAMENTOS,tableta,30,1mg,colchicina,,excel
735,AJO DEODORIZADO DR SIMI 100CAP,,69.0,CARDIOVASCULARES,SUPLEMENTOS,capsula,100,,,,excel
74,COMPLEJO B 30TAB,BIOTRIVIN,23.0,MULTIVITAMINICOS,MEDICAMENTOS,tableta,30,100mg 50mcg 5mg,complejo,,excel
749,BETAMETASONA 8MG/2ML 1AMP+JER,BUTASONA FABRA,37.0,ANTIINFLAMATORIOS,MEDICAMENTOS,solucion,1,2ml 8mg,betametasona,,excel
75,DEXAMETASONA 0.50MG 30TAB,ADRECORT,29.0,ANTIINFLAMATORIOS,MEDICAMENTOS,tableta,30,0.5mg,dexametasona,,excel
751,DICLOXACILINA SUSP 60ML,AMIFARIN,38.0,ANTIBIOTICOS,MEDICAMENTOS,suspension,,250mg 5ml 60ml,dicloxacilina,,excel
753,SIMIFLEX TRIN 30COMP GLUC/CONDR/AC ASCOR,FLEXTRIN,124.0,ANALGESICOS,MEDICAMENTOS,tableta,30,200mg 25mg 300mg,simiflex,,excel
756,CITALOPRAM 20MG 14TAB,APOPRAN,130.0,SISTEMA NERVIOSO,MEDICAMENTOS,tableta,14,20mg,citalopram,,excel
757,METFORMINA 500MG 60TAB,AGLUMET,54.0,DIABETES,MEDICAMENTOS,tableta,60,500mg,metformina,,excel
76,DEXAMETASONA 8MG/2ML 1AMP,AFENIDEL,14.0,ANTIINFLAMATORIOS,MEDICAMENTOS,solucion,1,2ml 8mg,dexametasona,,excel
760,FENITOINA SODICA 100MG 50TAB,ARRIETIC,46.0,SISTEMA NERVIOSO,MEDICAMENTOS,tableta,50,100mg,fenitoina,,excel
761,GLIMEPIRIDA 2MG 30TAB,ADIRIPEM,63.0,DIABETES,MEDICAMENTOS,tableta,30,2mg,glimepirida,,excel
762,GLIMEPIRIDA 4MG 30TAB,ADIRIPEM,89.0,DIABETES,MEDICAMENTOS,tableta,30,4mg,glimepirida,,excel
763,MELOXICAM/METOC 15/215MG 10CAP,DOLOCAM PLUS,87.0,ANTIINFLAMATORIOS,MEDICAMENTOS,capsula,10,15mg 215mg,meloxicam + metoc,,excel
765,FELODIPINO 5MG 20TAB LP,DYLOFEN RETARD,95.0,CARDIOVASCULARES,MEDICAMENTOS,tableta,20,5mg,felodipino,,excel
766,IBUPROFENO 40MG/1ML SUSP 15ML,ACTRON,59.0,ANALGESICOS,MEDICAMENTOS,suspension,,15ml 1ml 40mg,ibuprofeno,,excel
768,NEOMICINA/VIT A UNGÜENTO 28GR,RASPISONS,31.0,ENFERMEDADES DE LA PIEL,MEDICAMENTOS,unguento,,0ui 28000mg 350mg,neomicina,,excel
77,DEXAMETASONA/FENIL/NEOMICINA 15ML NASAL,ALIN NASAL,34.0,RESPIRATORIOS,MEDICAMENTOS,solucion,,0.5mg 15ml 1ml 3.5mg 5mg,dexametasona + fenil + neomicina,,excel
772,CIPROTERONA/ETINILEST 21TAB,DIANE,224.0,HORMONALES,MEDICAMENTOS,tableta,21,0.035mg 2mg,ciproterona + etinilest,,excel
773,MOMETASONA FUROA 0.1G/100G 30GR UNGÜENTO,ELICA,100.0,ENFERMEDADES DE LA PIEL,MEDICAMENTOS,unguento,,100000mg 100mg 30000mg,mometasona,,excel
774,PIOGLITAZONA 15MG 7TAB,ACCOTAZ,61.0,DIABETES,MEDICAMENTOS,tableta,7,15mg,pioglitazona,,excel
775,PIOGLITAZONA 30MG 7TAB,ACCOTAZ,85.0,DIABETES,MEDICAMENTOS,tableta,7,30mg,pioglitazona,,excel
778,TAMSULOSINA CLORH 0.40MG 20CAP,ALPHALOCK,99.0,ESPECIALIDAD,MEDICAMENTOS,capsula,20,0.4mg,tamsulosina,,excel
78,DEXAMETASONA/NEOMICINA SOL 5ML,DECADRON,20.0,OFTALMOLOGICOS,MEDICAMENTOS,solucion,,1mg 3.5mg 5ml,dexametasona + neomicina,,excel
781,LISINOPRIL 10MG 28TAB,ACERBON,50.0,CARDIOVASCULARES,MEDICAMENTOS,tableta,28,10mg,lisinopril,,excel
785,KETOROLACO 30MG 4TAB SUB,ALIDOL,53.0,ANALGESICOS,MEDICAMENTOS,tableta,4,30mg,ketorolaco,,excel
790,GEMFIBROZILO 600MG 14TAB,APO FIDE,124.0,CARDIOVASCULARES,MEDICAMENTOS,tableta,14,600mg,gemfibrozilo,,excel
793,OXIMETAZOLINA INF 25MG/100ML SOL 20ML,AFRIN LUB,33.0,RESPIRATORIOS,MEDICAMENTOS,solucion,,100ml 20ml 25mg,oximetazolina,,excel
794,OXIMETAZOLINA AD 50MG/100ML SOL 20ML,AFRIN LUB,34.0,RESPIRATORIOS,MEDICAMENTOS,solucion,,100ml 20ml 50mg,oximetazolina,,excel
796,LEVONORGESTREL/ETINILEST 28TAB,ESDEGEN,43.0,HORMONALES,MEDICAMENTOS,tableta,28,0.03mg 0.15mg,levonorgestrel + etinilest,,excel
798,OMEPRAZOL 20MG 28CAP,AGRIXAL,84.5,ESTOMACALES (GASTRO),MEDICAMENTOS,capsula,28,20mg,omeprazol,,excel
799,TERBINAFINA CLORH 30ML SOL 1% SPRAY,LAMISIL,51.0,ANTIMICOTICOS,MEDICAMENTOS,solucion,,100ml 30ml 888mg,terbinafina,,excel
8,AC FOLICO 5MG 20TAB,A F VALDECASAS,15.0,MULTIVITAMINICOS,MEDICAMENTOS,tableta,20,5mg,folico,,excel
80,DICLOFENACO 1.16G/100G 60GR GEL,FENAGEL,42.0,ANALGESICOS,MEDICAMENTOS,gel,,100000mg 1160mg 60000mg,diclofenaco,,excel
800,LAMOTRIGINA 100MG 28TAB MAST,DAFEX,190.0,SISTEMA NERVIOSO,MEDICAMENTOS,tableta,28,100mg,lamotrigina,,excel
807,PALETAS SIMILYPTUS 16PZAS MENT/MIEL/EUCA,,44.0,RESPIRATORIOS,SUPLEMENTOS,paleta,16,,paletas,,excel
81,DICLOFENACO SOD 75MG/3ML 2AMP,ARTRENAC,20.0,ANALGESICOS,MEDICAMENTOS,solucion,2,3ml 75mg,diclofenaco,,excel
810,FINASTERIDA 5MG 30TAB,BOREALIS,199.0,ESPECIALIDAD,MEDICAMENTOS,tableta,30,5mg,finasterida,,excel
812,ALENDRONATO 70MG 4TAB,ACTIMAX,81.0,ANALGESICOS,MEDICAMENTOS,tableta,4,70mg,alendronato,,excel
814,GUAIFEN/OXOL 2/1GR 140ML JBE (GEN)AD/INF,CALTUSINE,57.0,RESPIRATORIOS,MEDICAMENTOS,jarabe,,1000mg 100ml 140ml 2000mg,guaifen,,excel
82,DICLOFENACO 100MG 20TAB,ALSIDEXTEN,35.0,ANALGESICOS,MEDICAMENTOS,tableta,20,100mg,diclofenaco,,excel
824,SIMI-B VIT E INOSITOL 30COMP,,74.01,MULTIVITAMINICOS,SUPLEMENTOS,tableta,30,,,,excel
830,SIMIPOWER PLUS 60CAP VIT/MINE/ARG,,158.0,SEXUALIDAD,SUPLEMENTOS,capsula,60,,simipower,,excel
831,PALMITATO RET/ERGOC 6000/400UI 3AMP,A - D - KAN,29.0,RESPIRATORIOS,MEDICAMENTOS,solucion,3,400ui,palmitato + ergoc,,excel
835,CONDON ULTRASENSIBLE 3PZAS SIMICONDON,,34.0,SEXUALIDAD,SALUD SEXUAL,,3,,ultrasensible,,excel
84,DICLOXACILINA 500MG 12CAP,AMIFARIN,43.0,ANTIBIOTICOS,MEDICAMENTOS,capsula,12,500mg,dicloxacilina,,excel
848,NEOMICINA/CAOLI/PECTIN SUSP 75ML,KAOMYCIN,36.0,ESTOMACALES (GASTRO),MEDICAMENTOS,suspension,,10000mg 100ml 700mg 733mg 75ml,neomicina + caoli + pectin,,excel
851,VENDA ELASTICA 10CMX5MTS DR SIMI,,16.0,CURACION Y MEDICION,MATERIAL DE CURACION,,1,,elastica,,excel
853,POLIMIXINA B/NEOM/BACI UNG OFT 3.5GR,GLUBACIDA,54.0,OFTALMOLOGICOS,MEDICAMENTOS,unguento,,1000mg 3.5mg 3500mg 5000ui,polimixina,,excel
854,SIMIVF KIDS JBE 240ML,,66.01,MULTIVITAMINICOS,SUPLEMENTOS,jarabe,,240ml,simivf,,excel
859,PROT SIMIPROTEINAS NIÑOS CHOCO 20SOB,,239.01,MULTIVITAMINICOS,SUPLEMENTOS,polvo,20,,,,excel
860,PROT SIMICOMPLEX CHOCO 10SOB,,394.01,DEPORTISTAS,SUPLEMENTOS,polvo,10,,,,excel
863,SIMICOLAGENO 60CAP GEL,,51.0,CUIDADO DE LA PIEL,SUPLEMENTOS,capsula,60,30mg,simicolageno,,excel
867,TOBRAMICINA/DEXAMET 5ML SOL OFT,ALESIRAM,79.0,OFTALMOLOGICOS,MEDICAMENTOS,solucion,,1mg 1ml 3mg 5ml,tobramicina + dexamet,,excel
871,FENIL/CLOR/GUAI/PARA INF 120ML JBE,BREMAGAN FLU,48.0,RESPIRATORIOS,MEDICAMENTOS,jarabe,,100mg 100ml 120ml 2000mg 20mg 2500mg,fenil,,excel
873,LORATADINA/FENIL 50/100MG JBE INF 60ML,BRAMIN FLU,41.0,RESPIRATORIOS,MEDICAMENTOS,jarabe,,100mg 100ml 50mg 60ml,loratadina + fenil,,excel
88,DIFENIDOL 25MG 30TAB,BIOMITIN,18.0,ESTOMACALES (GASTRO),MEDICAMENTOS,tableta,30,25mg,difenidol,,excel
882,PAROXETINA 20MG 10TAB,AFENEXIL,61.0,SISTEMA NERVIOSO,MEDICAMENTOS,tableta,10,20mg,paroxetina,,excel
884,OMEPRAZOL 40MG 7CAP,ALBOZ,74.0,ESTOMACALES (GASTRO),MEDICAMENTOS,capsula,7,40mg,omeprazol,,excel
893,SIMI DIAB PLUS 30CAP,ANAVIT,71.0,DIABETES,MEDICAMENTOS,capsula,30,,,,excel
917,JERINGA DESECHABLE 3ML 4PZAS 21X32,,18.0,CURACION Y MEDICION,MATERIAL DE CURACION,,4,3ml,,,excel
918,JERINGA DESECHABLE 5ML 3PZAS 21X32,,16.0,CURACION Y MEDICION,MATERIAL DE CURACION,,3,5ml,,,excel
92,DOXICICLINA 100MG 10CAP,APOCICLINA,34.0,ANTIBIOTICOS,MEDICAMENTOS,capsula,10,100mg,doxiciclina,,excel
93,ENALAPRIL 10MG 30TAB,ADYTENN,45.0,CARDIOVASCULARES,MEDICAMENTOS,tableta,30,10mg,enalapril,,excel
930,VENDA ELASTICA 30CMX5MTS DR SIMI,,36.0,CURACION Y MEDICION,MATERIAL DE CURACION,,1,,elastica,,excel
931,VENDA ELASTICA 7.5CMX5MTS DR SIMI,,11.0,CURACION Y MEDICION,MATERIAL DE CURACION,,1,,elastica,,excel
932,MINIBOTIQUIN DR SIMI,,44.0,CURACION Y MEDICION,MATERIAL DE CURACION,,1,,minibotiquin,,excel
933,CLORURO BENZALCONIO 40ML SOL,,18.0,CURACION Y MEDICION,MATERIAL DE CURACION,solucion,,100ml 133mg 40ml,cloruro,,excel
937,VASELINA P/BEBE 60GR,,23.0,MATERNIDAD Y LACTANTES,MATERNIDAD,unguento,,60000mg,vaselina,,excel
938,VIOLETA DE GENCIANA SOL 40ML,,17.01,CURACION Y MEDICION,MATERIAL DE CURACION,solucion,,40ml,violeta,,excel
940,GASA 10X10 CAJA 10 SOBRES DR SIMI,,21.0,CURACION Y MEDICION,MATERIAL DE CURACION,sobre,10,,,,excel
943,PRUEBA DE EMBARAZO ANALOGA,,50.0,CURACION Y MEDICION,MATERIAL DE CURACION,,1,,prueba,,excel
954,ALGODON PAQUETE C/50GR,,14.0,CURACION Y MEDICION,MATERIAL DE CURACION,,50,50000mg,paquete,,excel
956,JERINGA P/INSULINA 1ML 27X13 10PZAS,,36.5,CURACION Y MEDICION,MATERIAL DE CURACION,,10,1ml,,,excel
96,ERITROMICINA 250MG SUSP 100ML,BESTOCIN,84.0,ANTIBIOTICOS,MEDICAMENTOS,suspension,,100ml 250mg 5ml,eritromicina,,excel
963,JERINGA INFANTIL 3ML 4PZAS 23X25,,18.01,CURACION Y MEDICION,MATERIAL DE CURACION,,4,3ml,,,excel
964,CINTA MICROPOROSA BCA 1.25X10MTS DR SIMI,,12.0,CURACION Y MEDICION,MATERIAL DE CURACION,,,,cinta,,excel
968,VENDA ADHESIVA CAJA 10PZAS,,10.0,CURACION Y MEDICION,MATERIAL DE CURACION,,10,,adhesiva,,excel
97,ERITROMICINA 500MG 20TAB,ANTI BIOXON,62.0,ANTIBIOTICOS,MEDICAMENTOS,tableta,20,500mg,eritromicina,,excel
971,MAMILA SILICON 1PZA,,9.0,MATERNIDAD Y LACTANTES,MATERNIDAD,,1,,mamila,,excel
996,YODOPOVIDONA BUCOFARINGEO 120ML DR SIMI,,39.01,CURACION Y MEDICION,MATERIAL DE CURACION,solucion,,100ml 120ml 8000mg,yodopovidona,,excel
997,YODOPOVIDONA ANTISEPTICA 120ML,,39.01,CURACION Y MEDICION,MATERIAL DE CURACION,solucion,,10000mg 100ml 120ml,yodopovidona,,excel
