id,sku,nombre,codigo_barras,principio_activo,presentacion,tipo_ficha,clave_monografia,fuente_texto,estado
429,FC-62746612,Ajolotius Jarabe Sin azucar,7500462746612,Mezcla Herbal con vitamina C yA,250 mL,suplemento_o_natural,,fabricante,pendiente
793,FC-75710113,Alu-Mag suspensión hidróxido de aluminio/magnesio 3.70/4.00 g,7501075710113,,Frasco 240 mL con vaso dosificador,revisar_clasificacion,,fabricante,pendiente
906,EQ-AMS472,Citalopram 14 Tab 20 Mg,7501349024922,Citalopram,Caja con 14 tabletas,medicamento,citalopram,instructivo,pendiente
579,FC-06237407,Shampoo Sedal Ceramidas,7506306237407,Surfactantes / formula capilar,190 mL,cuidado_personal_o_material,,fabricante,pendiente
794,FC-36000828,Argental (Sulfadiazina de plata) crema 1%,7501836000828,Sulfadiazina de plata,Tubo 28 g,medicamento,sulfadiazina de plata,instructivo,pendiente
903,EQ-BEA342,Dexametasona 20 Tab 0.5 Mg,7501342803418,Dexametasona,Caja con 20 tabletas,medicamento,dexametasona,instructivo,pendiente
99,FC-1FFBB505,Supratex levodropropizina jarabe 120 mL,785118754242,Levodropropizina 600 mg/100 mL,Frasco 120 mL + vaso,medicamento,levodropropizina,instructivo,pendiente
1122,FC-09749421,Dexpantenol crema 5% 30 g (Maver Tattoo),7502009749421,Dexpantenol 5%,Caja con tubo 30 g,medicamento,dexpantenol 5%,instructivo,pendiente
796,FC-01166578,Baby Son's pomada dexpantenol 5 g/100 g,7502001166578,,Tubo 30 g,revisar_clasificacion,,fabricante,pendiente
898,EQ-BEA379,Espironolactona 20 Tab 25mg,7501342803814,Espironolactona,Caja con 20 tabletas,medicamento,espironolactona,instructivo,pendiente
911,EQ-BRU016,Brulin (Dexametasona) 3 Fa 8mg/2 Ml,7501537102586,Dexametasona,Caja con 3 ampolletas,medicamento,dexametasona,instructivo,pendiente
885,EQ-COL120,Collicort 1 Cma 1% 60 G,780083142537,Hidrocortisona,Tubo 60 g,medicamento,hidrocortisona,instructivo,pendiente
890,EQ-MAI078,Urezol 20 Tab 100 Mg,785118752477,Fenazopiridina,Caja con 20 tabletas,medicamento,fenazopiridina,instructivo,pendiente
428,FC-52400267,Ajolotius Jarabe Elderberry,7506452400267,Mezcla Herbal y vitaminas C y A,250mL,suplemento_o_natural,,fabricante,pendiente
884,EQ-MAI099,Hidroxin 30 Tab 10 Mg,785120754681,Hidroxizina,Caja con 30 tabletas,medicamento,hidroxizina,instructivo,pendiente
900,EQ-MAV236,Ideliver Pro 14 Tab 60 Mg,7502009745478,Duloxetina,Caja con 14 tabletas,medicamento,duloxetina,instructivo,pendiente
888,EQ-MAV311,Exicort 7 Comp 120 Mg,7502009746499,Etoricoxib,Caja con 7,medicamento,etoricoxib,instructivo,pendiente
798,FC-86100158,Benvia Infantil (Dimenhidrinato) 250 mg/100 mL,7506386100158,Dimenhidrinato,Frasco 120 mL con vaso dosificador,medicamento,dimenhidrinato,instructivo,pendiente
799,FC-25304555,Braxigort (Nifuroxazida) suspensión 4.4 g/100 mL,7501825304555,Nifuroxazida,Frasco 90 mL con vasito,medicamento,nifuroxazida,instructivo,pendiente
910,EQ-QUM043,Histapharm 10 Tab 5 Mg,7502223112346,Desloratadina,Caja con 10 tabletas,medicamento,desloratadina,instructivo,pendiente
912,EQ-MAV320,Cariden 10 Tab 30 Mg,7502009746734,Deflazacort,Caja con 10 tabletas,medicamento,deflazacort,instructivo,pendiente
920,EQ-OFF009,Dexne Otico 1 Got 1/3.5/15/10 Ml,7502004401508,Dexametasona / Neomicina / Lidocaína,Frasco 10 mL,medicamento,dexametasona + neomicina + lidocaina,instructivo,pendiente
922,EQ-PGE059,Lorefic-D 30 Caps 4000 Ui,7503027446408,Colecalciferol,Caja con 30 cápsulas,medicamento,colecalciferol,instructivo,pendiente
889,EQ-RAD081,Fumarato Ferroso 50 Tab 200mg,7501563380163,Fumarato ferroso,Caja con 50 tabletas,medicamento,fumarato ferroso,instructivo,pendiente
908,EQ-RAD100,Fenazopiridina 1 Fco 20 Tab 100 Mg,7501563380637,Fenazopiridina,Frasco 20 tabletas,medicamento,fenazopiridina,instructivo,pendiente
902,EQ-SER025,Lonixer 10 Tab 250 Mg,7501258203586,Clonixinato de lisina,Caja con 10 tabletas,medicamento,clonixinato de lisina,instructivo,pendiente
141,FC-9ABFB996,Elaphteron,7502209858251,Lamotrigina,20 TABLETAS,medicamento,lamotrigina,instructivo,pendiente
604,FC-54525051,Tempra Forte C/24,7501095452505,Paracetamol,C/24,medicamento,paracetamol,instructivo,pendiente
905,EQ-SON024,Bentix 1 Cma 40g 3/0.0 %,7502001161511,Clioquinol / Fluocinolona,Tubo 40 g,medicamento,clioquinol + fluocinolona,instructivo,pendiente
805,FC-08100099,Caltrón 600+D calcio 600 mg / vitamina D 125 UI,0714908100099,,Frasco con 60 tabletas,revisar_clasificacion,,fabricante,pendiente
1130,FMX-501200,Laritol loratadina solución 1 mg/ml 60 ml,7502009740305,LORATADINA 1MG /1ML,60 ML,medicamento,loratadina,instructivo,pendiente
901,EQ-SON193,Poral Otico 1 Got 10 Ml,7502001162600,Hidrocortisona / Cloranfenicol / Benzocaína,Frasco 10 mL,medicamento,hidrocortisona + cloranfenicol + benzocaina,instructivo,pendiente
601,FC-71829601,Tribedoce 50000 UI,7501537182960,Hidroxocobalamina + Tiamina + Piridoxina,Amp C/5,medicamento,hidroxocobalamina + tiamina + piridoxina,instructivo,pendiente
1128,FMX-503473,Lactiv Kids tabletas masticables uva C/30,7502259890096,LACTOBACILLUS / BIFIDOBACTERIUM,C/30,suplemento_o_natural,,fabricante,pendiente
804,FC-37103354,Brunadol Infantil paracetamol/naproxeno 100-125 mg/5 mL,7501537103354,,Frasco 100 mL con cucharita,revisar_clasificacion,,fabricante,pendiente
914,EQ-WER046,Mevedim 15 Tab 600 Mg,7502240450827,Diosmina,Caja con 15 tabletas,medicamento,diosmina,instructivo,pendiente
1129,FMX-307574,Aceite bebé Jaloma lavanda 120 ml,759684154935,PARAFINA,120  mL,cuidado_personal_o_material,,fabricante,pendiente
1131,FMX-506779,Catéter Sumitex 20G x 33 mm rosa,7506022316615,,C/1,revisar_clasificacion,,fabricante,pendiente
1127,FMX-301139,Cintapore cinta microporosa 1.25 cm x 5 m piel,7506484500539,,1 ROLLO,revisar_clasificacion,,fabricante,pendiente
891,EQ-ULT103,Diclofenaco 20 Tab 100 Mg,7502216802919,Diclofenaco,Caja con 20 tabletas,medicamento,diclofenaco,instructivo,pendiente
243,FC-01303454,Pantene Control caída anticaída,7501001303454,,400 ML,revisar_clasificacion,,fabricante,pendiente
1133,FC-25100123,Solucion CS PiSA cloruro de sodio 0.9% 500 mL,7501125100123,Cloruro de sodio 0.9%,Frasco 500 mL sistema abierto,medicamento,cloruro de sodio 0.9%,instructivo,pendiente
157,FC-27875568,Desrotan fexofenadina 180 mg C/10,7502227875568,Fexofenadina 180 mg,C/10,medicamento,fexofenadina,instructivo,pendiente
808,FC-09747779,Culminax Adulto (Carbocisteína) 375 mg/5 mL,7502009747779,Carbocisteína,Frasco 150 mL con vaso dosificador,medicamento,carbocisteina,instructivo,pendiente
607,FC-12250181,Rocainol Ung,354312625018,Salicilato de metilo + Mentol,45 G,medicamento,salicilato de metilo + mentol,instructivo,pendiente
810,FC-27424995,Difenhidramina 25 mg,7502227424995,,Caja con 10 cápsulas,revisar_clasificacion,,fabricante,pendiente
585,FC-22322395,Normogotero Sensi Medical,7506022322395,,1 pz,revisar_clasificacion,,fabricante,pendiente
245,FC-35155847,Shampoo Pantene bambú control caída,7500435155847,Surfactantes / formula capilar,400 ML,cuidado_personal_o_material,,fabricante,pendiente
752,FC-73906469,Biobend bencidamina solucion bucal 360 mL,7501573906469,Bencidamina 0.15 g/100 mL,Frasco 360 mL,medicamento,bencidamina,instructivo,pendiente
757,FC-11165726,Raspisons unguento neomicina/retinol 28 g,7501311165726,Neomicina + Retinol,Tubo 28 g,medicamento,neomicina + retinol,instructivo,pendiente
443,FC-60101521,Soft Lub Pleasure 56.7 g,7506460101521,,56.7 G,revisar_clasificacion,,fabricante,pendiente
809,FC-11788928,Desyn-N (Lidocaína/Hidrocortisona) 60/5 mg,7502211788928,Lidocaína/Hidrocortisona,Caja con 6 supositorios,medicamento,lidocaina + hidrocortisona,instructivo,pendiente
675,FC-6040351,Lotrimin-Uno Crema 1% 20 g,7502276040351,Bifonazol,Tubo 20 g,medicamento,bifonazol,instructivo,pendiente
746,FC-24901059,beadvance Senósidos A-B 8.6 mg,7506624901059,Senósidos A-B,Caja,medicamento,senosidos a-b,instructivo,pendiente
21,FC-60F627D5,Gentamicina,7501349026094,GENTAMICINA,5 AMPOLLETA,medicamento,gentamicina,instructivo,pendiente
536,FC-5EF90195,Mercurio Flor De Arnica,3311000003845,Producto homeopatico / natural,C/50,suplemento_o_natural,,fabricante,pendiente
1177,FC-02045312,Esencia de clavo Frasco gotero Herbotec,7503002045312,Aceite de clavo,Frasco gotero,medicamento,aceite de clavo,instructivo,pendiente
815,FC-11783282,Erbitrax (Terbinafina) crema 1%,7502211783282,Terbinafina,Tubo 30 g,medicamento,terbinafina,instructivo,pendiente
1176,FC-46601138,Merthorab Frasco 20 mL Kohn,7506346601138,Cloruro de benzalconio,Frasco 20 mL,medicamento,cloruro de benzalconio,instructivo,pendiente
1135,FC-22300881,Jeringa insulina SensiMedical 1 mL 27G x 13 mm,7506022300881,,1 pieza 1 mL 27G x 13 mm,revisar_clasificacion,,fabricante,pendiente
1134,FC-25100116,Solucion CS PiSA cloruro de sodio 0.9% 250 mL,7501125100116,Cloruro de sodio 0.9%,Frasco 250 mL sistema abierto,medicamento,cloruro de sodio 0.9%,instructivo,pendiente
327,FC-00701992,Crema Nivea manos antiarrugas,4005900701992,Emolientes / humectantes,75 ML,dermocosmetico,,fabricante,pendiente
768,FC-36003621,Precicol hioscina/paracetamol gotas 20 mL,7501836003621,Hioscina + Paracetamol,Gotas 20 mL,medicamento,hioscina + paracetamol,instructivo,pendiente
814,FC-36009661,Dualgos (Paracetamol/Ibuprofeno) 325/200 mg,7501836009661,Paracetamol/Ibuprofeno,Caja con 20 tabletas,medicamento,paracetamol + ibuprofeno,instructivo,pendiente
812,FC-83141929,Dolprin (Ibuprofeno) suspensión 2 g/100 mL,0780083141929,Ibuprofeno,Frasco 120 mL con dosificador,medicamento,ibuprofeno,instructivo,pendiente
813,FC-01165045,Dolzycam (Piroxicam) gel 0.5%,7502001165045,Piroxicam,Tubo 60 g,medicamento,piroxicam,instructivo,pendiente
816,FC-25300366,Espabion (Trimebutina) 20 mg/mL gotas,7501825300366,Trimebutina,Frasco 30 mL con gotero,medicamento,trimebutina,instructivo,pendiente
817,FC-25300373,Espabion (Trimebutina) suspensión 2 g/100 mL,7501825300373,Trimebutina,Frasco 100 mL,medicamento,trimebutina,instructivo,pendiente
326,FC-10974329,Enjuague Buc Listerine Cool Mint,7891010974329,,250 ML,revisar_clasificacion,,fabricante,pendiente
561,FC-BE0A0E46,Cateter para Venoclisis 22 g,7506022316622,,1 pz,revisar_clasificacion,,fabricante,pendiente
819,FC-83144807,Fazolin (Nafazolina) solución oftálmica 1 mg/mL,0780083144807,Nafazolina,Frasco gotero 15 mL,medicamento,nafazolina,instructivo,pendiente
779,FC-08344495,Lactopram infantil 150 mg sabor chocolate,7503008344495,Lactobacillus,150 mg sabor chocolate,suplemento_o_natural,,fabricante,pendiente
1136,FC-22300775,Jeringa Sensi Medical 3 mL 22G x 32 mm negra,7506022300775,,1 pieza 3 mL 22G x 32 mm,revisar_clasificacion,,fabricante,pendiente
474,FC-08498798,Bepanthen Cutanea,7501008498798,Dexpanthenol,30 g,medicamento,dexpanthenol,instructivo,pendiente
437,FC-01246730,Vicks Vaporub pomada 12 g,75916565,Alcanfor + Mentol + Eucalipto,12 G,medicamento,alcanfor + mentol + eucalipto,instructivo,pendiente
696,FC-03476594,Curitas Transpiel,7702003476594,,100 pzs,revisar_clasificacion,,fabricante,pendiente
439,FC-02012468,Vicks Vaporub ungüento 50G,7590002012468,Alcanfor + Mentol + Eucalipto,50 G,medicamento,alcanfor + mentol + eucalipto,instructivo,pendiente
438,FC-02012475,Vicks Vaporub ungüento 100 G,7590002012475,Alcanfor + Mentol + Eucalipto,100 G,medicamento,alcanfor + mentol + eucalipto,instructivo,pendiente
896,EQ-BIO100,Biostafex 10 Tab 120 Mg,7501573904151,Fexofenadina,Caja con 10 tabletas,medicamento,fexofenadina,instructivo,pendiente
860,FC-01007656,Wamindel (Paracetamol) gotas 100 mg/mL,7503001007656,Paracetamol,Frasco 30 mL con gotero,medicamento,paracetamol,instructivo,pendiente
570,FC-06226739,Desodorante Axe Conviction,7506306226739,Antitranspirante / desodorante,Spray 150 mL,cuidado_personal_o_material,,fabricante,pendiente
861,FC-01007663,Wamindel (Paracetamol) solución infantil 3.2 g/100 mL,7503001007663,Paracetamol,Frasco 120 mL con dosificador,medicamento,paracetamol,instructivo,pendiente
822,FC-27425008,Groobe (Dimenhidrinato) 50 mg,7502227425008,Dimenhidrinato,Caja con 24 cápsulas,medicamento,dimenhidrinato,instructivo,pendiente
823,FC-47521025,Hemoger (Sulfato ferroso) 300 mg,7501547521025,Sulfato ferroso,Frasco con 50 grageas,medicamento,sulfato ferroso,instructivo,pendiente
821,FC-71800210,Floroglucinol / Trimetilfloroglucinol 80/80 mg,7501471800210,,Caja con 20 cápsulas,revisar_clasificacion,,fabricante,pendiente
648,FC-07535494,Motrin Infantil Suspension 120 ml,7501007535494,Ibuprofeno 2 g/100 ml,Frasco 120 ml sabor frutas,medicamento,ibuprofeno,instructivo,pendiente
598,FC-00740024,Silka Medic Gel,650240007408,Terbinafina,Tubo 15 g,medicamento,terbinafina,instructivo,pendiente
818,FC-01165298,Exhantil suspensión antiácido/antiflatulento,7502001165298,,Frasco 320 mL sabor menta-limón,revisar_clasificacion,,fabricante,pendiente
475,FC-08491096,Cafiaspirina tartrato C/100,7501008491096,Acido acetilsalicilico + Caffeina,C/100,medicamento,acido acetilsalicilico + caffeina,instructivo,pendiente
522,FC-926099D3,Mertiolate Kohn Rojo,,Timerosal,C/25,medicamento,timerosal,instructivo,pendiente
780,FC-50003314,Unguento Bronco Rub 40 g,714706800900,Herbolario topico,Frasco 40 g,medicamento,herbolario topico,instructivo,pendiente
595,FC-12225027,Derman Crema 50 g,3543122250276,Ácido undecilénico + Undecilenato de zinc,50 G,medicamento,acido undecilenico + undecilenato de zinc,instructivo,pendiente
826,FC-18752637,Itamol (Subsalicilato de bismuto) 262 mg,0785118752637,Subsalicilato de bismuto,Caja con 24 tabletas masticables,medicamento,subsalicilato de bismuto,instructivo,pendiente
828,FC-09740657,Laritol EX (Loratadina/Ambroxol) 100-600 mg/100 mL,7502009740657,Loratadina/Ambroxol,Frasco 120 mL con vaso dosificador,medicamento,loratadina + ambroxol,instructivo,pendiente
527,FC-69387811,Mercurio Aceite Gomenolado,3311000001421,Producto homeopatico / natural,frasco 50 mL,suplemento_o_natural,,fabricante,pendiente
484,FC-08496701,Aspirina efervescente C/12,7501008496701,Acido acetilsalicilico,C/12,medicamento,acido acetilsalicilico,instructivo,pendiente
651,FC-08499818,Aspirina 500 mg,7501008499818,Acido acetilsalicilico 500 mg,C/80 tabletas 500 mg,medicamento,acido acetilsalicilico,instructivo,pendiente
747,FC-09747236,Exaliv (Paracetamol / Fenilefrina / Clorfenamina) 24 tabletas,7502009747236,Paracetamol / Fenilefrina / Clorfenamina,Caja con 24 tabletas,medicamento,paracetamol + fenilefrina + clorfenamina,instructivo,pendiente
102,FC-6C2878CF,Susp 125 Mg/Ml,,,5 AMPOLLETA,revisar_clasificacion,,fabricante,pendiente
792,FC-11780359,Aflusil (Ibuprofeno) suspensión 2 g/100 mL,7502211780359,Ibuprofeno,Frasco 120 mL con vaso dosificador,medicamento,ibuprofeno,instructivo,pendiente
824,FC-25304142,Hidrigort (Difenhidramina) 50 mg,7501825304142,Difenhidramina,Caja con 8 tabletas,medicamento,difenhidramina,instructivo,pendiente
273,FC-92506601,Gel Ego Attraction,7506192506601,,200 g,revisar_clasificacion,,fabricante,pendiente
492,FC-25116810,Agrifen,7501125116810,"PARACETAMOL, CAFEINA, FENIKERINA, CLORFENAMINA",TABLETAS 10,medicamento,"paracetamol, cafeina, fenikerina, clorfenamina",instructivo,pendiente
613,FC-34092301,Syncol Max tabletas,7501070600730,Naproxeno + Paracetamol,,medicamento,naproxeno + paracetamol,instructivo,pendiente
827,FC-08344303,Ladexgel 300/2/10 mg,7503008344303,,Caja con 12 cápsulas,revisar_clasificacion,,fabricante,pendiente
639,FC-37163266,Tribedoce Compuesto Dx,7501537163266,"Diclofenaco + Complejo B (Tiamina, Piridoxina, Cianocobalamina)",Amp C/3,medicamento,"diclofenaco + complejo b (tiamina, piridoxina, cianocobalamina)",instructivo,pendiente
643,FC-5112881,Pisacaina 2% 20 mg/ml Sol 50 ml,7501125112881,Lidocaina,Frasco ampula 50 ml,medicamento,lidocaina,instructivo,pendiente
457,FC-95201021,Pomada Hipoglos Pac,7501289520102,Oxido de zinc,45 G al 25%,medicamento,oxido de zinc,instructivo,pendiente
831,FC-09745539,Lumboxen gel (Naproxeno/Lidocaína) 10/2 g,7502009745539,Naproxeno/Lidocaína,Tubo 35 g,medicamento,naproxeno + lidocaina,instructivo,pendiente
156,FC-AA7B0686,Drosquim adulto jarabe 300/160,,,200 ML,revisar_clasificacion,,fabricante,pendiente
832,FC-04908714,Miconazol crema 2%,7503004908714,,Tubo 20 g,revisar_clasificacion,,fabricante,pendiente
753,FC-27427392,ML-PRIM metocarbamol/ibuprofeno C/12,7502227426982,Metocarbamol 375 mg + Ibuprofeno 200 mg,C/12 capsulas,medicamento,metocarbamol + ibuprofeno,instructivo,pendiente
833,FC-06922711,Motilaxil gotas (Picosulfato de sodio) 7.5 mg/mL,7502006922711,Picosulfato de sodio,Frasco gotero 30 mL,medicamento,picosulfato de sodio,instructivo,pendiente
829,FC-18753597,Lesaclor (Aciclovir) crema 5%,0785118753597,Aciclovir,Tubo 5 g,medicamento,aciclovir,instructivo,pendiente
749,FC-09749209,Lumboxen parche capsicum C/1,7502009749209,Capsaicina + Alcanfor + Mentol + Salicilato de metilo,Parche gel x1,medicamento,capsaicina + alcanfor + mentol + salicilato de metilo,instructivo,pendiente
173,FC-93022567,Desodorante Rexona Men V8 (Hombre),7791293022567,Antitranspirante / desodorante,90 G,cuidado_personal_o_material,,fabricante,pendiente
1143,FMX-301136,Cintapore cinta microporosa piel 2.5 cm x 5 m,,,Rollo 2.5 cm x 5 m color piel,revisar_clasificacion,,fabricante,pendiente
830,FC-73906407,Lozamir-V (Clotrimazol) crema 2% con 3 aplicadores,7501573906407,Clotrimazol,Tubo 20 g,medicamento,clotrimazol,instructivo,pendiente
1137,FMX-307657,Jeringa SensiMedical 10 mL 22G x 32 mm negra,7506022300690,,Pieza 10 mL 22G x 32 mm (caja C/100 negra),revisar_clasificacion,,fabricante,pendiente
638,FC-37164713,Tribedoce Compuesto grageas,7501537164713,"Diclofenaco + Complejo B (Tiamina, Piridoxina, Cianocobalamina)",C/30 grageas,medicamento,"diclofenaco + complejo b (tiamina, piridoxina, cianocobalamina)",instructivo,pendiente
1142,FMX-301135,Cintapore cinta microporosa blanca 1.25 cm x 5 m,7506484500515,,Rollo 1.25 cm x 5 m blanca,revisar_clasificacion,,fabricante,pendiente
597,FC-40010538,Next tabletas C/10,6502400105384,Paracetamol + Fenilefrina + Clorfenamina,C/10,medicamento,paracetamol + fenilefrina + clorfenamina,instructivo,pendiente
466,FC-75354321,Tylenol,7501007535432,PARACETAMOL,TABLETAS,medicamento,paracetamol,instructivo,pendiente
678,FC-8281209,Sedalmerck C/20 tabletas,7501298281209,Paracetamol 500 mg + Cafeina 50 mg + Fenilefrina 5 mg,C/20 tabletas,medicamento,paracetamol + cafeina + fenilefrina,instructivo,pendiente
837,FC-09760541,Normex leche de magnesia 8.5 g/100 mL,7501109760541,,Frasco 360 mL,revisar_clasificacion,,fabricante,pendiente
764,FC-04908738,Lidocaina unguento 5% tubo 35 g,7503004908738,Lidocaina 5%,Tubo 35 g,medicamento,lidocaina 5%,instructivo,pendiente
533,FC-A871D831,Perilla N6,,Material plastico,PIEZA,cuidado_personal_o_material,,fabricante,pendiente
553,FC-D751525D,Animalin fórmula líquida 30 mL,7502009744105,,30 mL,revisar_clasificacion,,fabricante,pendiente
838,FC-09790739,Normex leche de magnesia 8.5 g/100 mL,7501109790739,,Frasco 60 mL,revisar_clasificacion,,fabricante,pendiente
839,FC-09790029,Normex leche de magnesia 8.5 g/100 mL,7501109790029,,Frasco 180 mL,revisar_clasificacion,,fabricante,pendiente
1140,FMX-506388,Jeringa SensiMedical 3 mL 21G x 32 mm verde,7506022300751,,Pieza 3 mL 21G x 32 mm (caja C/100 verde),revisar_clasificacion,,fabricante,pendiente
1141,FMX-506386,Jeringa SensiMedical 5 mL 22G x 32 mm negra,7506022300843,,Pieza 5 mL 22G x 32 mm (caja C/100 negra),revisar_clasificacion,,fabricante,pendiente
470,FC-84335531,Aspirina Forte C/24 Caf Iaspirina,7501008433553,Acido acetilsalicilico + Caffeina,C/24,medicamento,acido acetilsalicilico + caffeina,instructivo,pendiente
674,FC-8491966,Aspirina 500 mg C/40,7501008491966,Acido acetilsalicilico,C/40 tabletas,medicamento,acido acetilsalicilico,instructivo,pendiente
614,FC-58715517,Graneodin B Frambuesa,7501095409004,Benzocaina,C/24 pastillas,medicamento,benzocaina,instructivo,pendiente
834,FC-06922728,Motilaxil solución (Picosulfato de sodio) 5 mg/5 mL,7502006922728,Picosulfato de sodio,Frasco 120 mL con vaso dosificador,medicamento,picosulfato de sodio,instructivo,pendiente
835,FC-06920021,Motilaxil-T (Picosulfato de sodio) 5 mg,7502006920021,Picosulfato de sodio,Caja con 20 tabletas,medicamento,picosulfato de sodio,instructivo,pendiente
416,FC-58203691,Hilo Dental expanding,7502235820369,,0.9 M,revisar_clasificacion,,fabricante,pendiente
836,FC-73902966,Nafich (Terbinafina) crema 1%,7501573902966,Terbinafina,Tubo 15 g,medicamento,terbinafina,instructivo,pendiente
602,FC-92730451,Riopan Sobres,7501092793045,Magaldrato,Sobres,medicamento,magaldrato,instructivo,pendiente
649,FC-98215099,Sedalmerck Max C/24,7501298215099,Paracetamol + Clorfenamina + Fenilefrina,C/24 tabletas,medicamento,paracetamol + clorfenamina + fenilefrina,instructivo,pendiente
502,FC-98217659,Dolo-Neurobion solucion inyectable C/3,7501298217659,Complejo B + Lidocaina + Diclofenaco sodico,C/3 jeringas prellenadas 3 mL,medicamento,complejo b + lidocaina + diclofenaco sodico,instructivo,pendiente
20,FC-CF719C07,Diclofen,,DICLOFENACO,12 CAPSULAS,medicamento,diclofenaco,instructivo,pendiente
444,FC-06134531,Afrin Adulto spray 20 mL,7501050613453,OXIMETAZOLINA CLORHIDRATO,SPRAY 20 ML,medicamento,oximetazolina clorhidrato,instructivo,pendiente
620,FC-40006647,Ultra Bengue Gel,6502400066470,Mentol + Alcanfor,Gel,medicamento,mentol + alcanfor,instructivo,pendiente
388,FC-33956775,Suero Pedialyte Sr Uva,7501033956775,,500 mL,revisar_clasificacion,,fabricante,pendiente
456,FC-54521161,Tempra 500 mg,7501095452116,Paracetamol,C/10 500 mg,medicamento,paracetamol,instructivo,pendiente
84,FC-22B18244,Cefotaxima IM (Inyectable),7501349022515,1g / 4 mL,1 FRASCO AMPULA,medicamento,,instructivo,pendiente
765,FC-16803800,Omeprazol Avivia capsulas C/60,7502216803800,Omeprazol 20 mg,C/60,medicamento,omeprazol,instructivo,pendiente
743,FC-75713770,Novagon polvo sabor natural 400 g,7501075713770,Plantago psyllium,Frasco 400 g sabor natural,medicamento,plantago psyllium,instructivo,pendiente
744,FC-75718676,Novagon psyllium polvo 400 g,7501075718676,Plantago psyllium,Frasco 400 g,medicamento,plantago psyllium,instructivo,pendiente
1138,FMX-307658,Jeringa SensiMedical 20 mL 21G x 32 mm verde,7506022314741,,Pieza 20 mL 21G x 32 mm (caja C/50 verde),revisar_clasificacion,,fabricante,pendiente
1139,FMX-506389,Jeringa SensiMedical 5 mL 21G x 32 mm verde,7506022300829,,Pieza 5 mL 21G x 32 mm (caja C/100 verde),revisar_clasificacion,,fabricante,pendiente
767,FC-31405888,Plusgel antiacido C/50 masticables,7500831405888,Hidroxido de aluminio + Hidroxido de magnesio + Dimeticona,C/50 masticables,medicamento,hidroxido de aluminio + hidroxido de magnesio + dimeticona,instructivo,pendiente
899,EQ-BRU053,Nediclon 20 Grag 100 Mg,7501537102845,Diclofenaco,Caja con 20 tabletas,medicamento,diclofenaco,instructivo,pendiente
893,EQ-VIC030,Tofel 10 Tab 50/500 Mg,656599040226,Diclofenaco / Paracetamol,Caja con 10 tabletas,medicamento,diclofenaco + paracetamol,instructivo,pendiente
133,FC-5885E577,Pabesorag,7501075722543,Irbesartán / Hidroclorotiazida,28 TABLETAS,medicamento,irbesartan + hidroclorotiazida,instructivo,pendiente
735,FC-5145497,NyQuil Z difenhidramina 25 mg C/30,7500435145497,Difenhidramina 25 mg,C/30,medicamento,difenhidramina,instructivo,pendiente
840,FC-58207010,Oxital-C (Vitamina C) 2 g efervescente,7501258207010,Vitamina C,Tubo con 10 comprimidos,suplemento_o_natural,,fabricante,pendiente
841,FC-09745997,Pamedan (Dexpantenol) crema 5%,7502009745997,Dexpantenol,Tubo 30 g,medicamento,dexpantenol,instructivo,pendiente
41,FC-41339950,Claritromicina,7501349021686,CLARITROMICINA,10 TABLETAS,medicamento,claritromicina,instructivo,pendiente
35,FC-7AA38F97,Pentiver,7503000422696,Ampicilina,1 SUSPENSION,medicamento,ampicilina,instructivo,pendiente
769,FC-27872123,Raamcinet cetirizina 10 mg,7502227872123,Cetirizina 10 mg,Caja tabletas,medicamento,cetirizina,instructivo,pendiente
204,FC-14121782,Jabón proteína de arroz y concha nácar,7505514121782,,80 g,revisar_clasificacion,,fabricante,pendiente
776,FC-103521,Brunadol paracetamol/naproxeno C/10,7501537103521,Paracetamol 300 mg + Naproxeno 275 mg,C/10 tabletas,medicamento,paracetamol + naproxeno,instructivo,pendiente
54,FC-516C2E89,Clamoxin 12H Jr (Amoxicilina/Clavulánico susp.),7502009740503,AMOXICILINA/AC. CLAVULANICO,1 SUSPENSION,medicamento,amoxicilina + ac. clavulanico,instructivo,pendiente
143,FC-1BF03D35,Acetonido De Fluocinolona Cma,7503004908721,Fluocinolona,Tubo 40 g,medicamento,fluocinolona,instructivo,pendiente
843,FC-14377074,Playboy Playpack mixtos,7503014377074,,Blíster con 3 piezas,revisar_clasificacion,,fabricante,pendiente
434,FC-65054135,TUMS,7501065054043,Carbonato de Calcio,8 TABLETAS,medicamento,carbonato de calcio,instructivo,pendiente
479,FC-14704156,Senosiain supositorios adulto C/10,7501314704156,GLICEROL,C/10,cuidado_personal_o_material,,fabricante,pendiente
480,FC-14704163,Senosiain supositorios infantil C/10,7501314704163,GLICEROL,C/10,cuidado_personal_o_material,,fabricante,pendiente
844,FC-08344150,Prugnex Senósidos A-B 12 mg + ciruela 50 mg,7503008344150,,Caja con 30 cápsulas,revisar_clasificacion,,fabricante,pendiente
588,FC-53601247,Rinomar Agua Isotonica,7502253601247,,100 mL,revisar_clasificacion,,fabricante,pendiente
842,FC-26291475,Pharmafil LP (Teofilina) 100 mg liberación prolongada,7502226291475,Teofilina,Caja con 20 tabletas,medicamento,teofilina,instructivo,pendiente
88,FC-F817BC3A,Sibicos,7502009746093,Bifonazol,1 CREMA,medicamento,bifonazol,instructivo,pendiente
770,FC-27871416,Raamfen difenidol 25 mg,7502227871416,Difenidol 25 mg,Caja tabletas,medicamento,difenidol,instructivo,pendiente
1157,FC-49025967,Pregabalina 75 mg C/14 AMSA,7501349025967,,,revisar_clasificacion,,fabricante,pendiente
13,FC-8FB65B79,Klarix,7502009749223,CLARITROMICINA,1 SUSPENSION,medicamento,claritromicina,instructivo,pendiente
1168,FC-49024175,Pioglitazona 30 mg AMSA,7501349024175,,,revisar_clasificacion,,fabricante,pendiente
1160,FC-01162365,Mornin (Omeprazol) 40 mg C/7 SON'S,7502001162365,,,revisar_clasificacion,,fabricante,pendiente
594,FC-03405381,Vitacilina Ungüento,7502250340538,Neomicina + Bacitracina zinc,18 G,medicamento,neomicina + bacitracina zinc,instructivo,pendiente
845,FC-90287992,Redbelgy (Cianocobalamina) 1000 mcg masticable,7501590287992,Cianocobalamina,Frasco con 30 tabletas,medicamento,cianocobalamina,instructivo,pendiente
1161,FC-49024151,Metoclopramida inyectable 10 mg/2 mL C/6 AMSA,7501349024151,,,revisar_clasificacion,,fabricante,pendiente
593,FC-03430721,Vitacilina 28 Crema,7502250343072,Neomicina + Bacitracina zinc,Crema 28 G,medicamento,neomicina + bacitracina zinc,instructivo,pendiente
78,FC-AE5EEDF7,Bactiver,7503000422238,SULFAMETOXAZOL + TRIMETOPRIMA,20 TABLETAS,medicamento,sulfametoxazol + trimetoprima,instructivo,pendiente
213,FC-06226852,Desodorante Axe Wom Anarchy,7506306226852,Antitranspirante / desodorante,SPRAY 150 ML,cuidado_personal_o_material,,fabricante,pendiente
847,FC-40450230,Rosel solución infantil 0.5/0.02/3 g,7502240450230,,Frasco 60 mL con vaso dosificador,revisar_clasificacion,,fabricante,pendiente
1163,FC-75718041,Ixicrol (Paroxetina) 20 mg C/10 Novag,7501075718041,,,revisar_clasificacion,,fabricante,pendiente
210,FC-06209862,Desodorante Axe 48H Anarchy Fresh Love (Mujer),7506306209862,Antitranspirante / desodorante,SPRAY 150 ML,cuidado_personal_o_material,,fabricante,pendiente
848,FC-73902584,Sarox (Omeprazol) 20 mg,7501573902584,Omeprazol,Caja con 14 cápsulas,medicamento,omeprazol,instructivo,pendiente
231,FC-06257597,Talco Para Pies Rexona Efficient Orig,7506306257597,Talco / zinc undecilenato,100 g,cuidado_personal_o_material,,fabricante,pendiente
356,FC-07521317,Gotero cristal,7501507521317,Vidrio / plastico,,cuidado_personal_o_material,,fabricante,pendiente
39,FC-B72A6420,Pentiver,7503000422719,Ampicilina,1 SUSPENSION,medicamento,ampicilina,instructivo,pendiente
756,FC-01165953,Rexurdir nifuroxazida 400 mg C/16,7502001165953,Nifuroxazida 400 mg,C/16,medicamento,nifuroxazida,instructivo,pendiente
755,FC-03738879,Rosel-t antigripal C/15,7503003738879,Amantadina + Clorfenamina + Paracetamol,C/15,medicamento,amantadina + clorfenamina + paracetamol,instructivo,pendiente
846,FC-01163232,Ridin Pediátrica jarabe dextrometorfano/guaifenesina/clorfenamina,7502001163232,,Frasco 120 mL con vaso dosificador,revisar_clasificacion,,fabricante,pendiente
60,FC-F22C72BE,Clamoxin 12H (Amoxicilina/Clavulánico),7502009740763,AMOXICILINA/AC. CLAVULANICO,10 TABLETAS,medicamento,amoxicilina + ac. clavulanico,instructivo,pendiente
851,FC-49020337,Sulindaco 200 mg,7501349020337,,Caja con 20 tabletas,revisar_clasificacion,,fabricante,pendiente
486,FC-08344747,Afrodit,7503008344747,Emolientes,400 UI,cuidado_personal_o_material,,fabricante,pendiente
140,FC-3E863E37,Tratidri,,,1 GEL,revisar_clasificacion,,fabricante,pendiente
736,FC-88579615,Topron nifuroxazida 400 mg C/16,7501088579615,Nifuroxazida 400 mg,C/16 capsulas 400 mg,medicamento,nifuroxazida,instructivo,pendiente
853,FC-83142308,Tempire (Paracetamol) gotas 100 mg/mL,0780083142308,Paracetamol,Frasco 30 mL con pipeta,medicamento,paracetamol,instructivo,pendiente
854,FC-00005823,Tobramicina / Dexametasona solución oftálmica 3-1 mg/mL,0008400005823,,Frasco gotero 5 mL,revisar_clasificacion,,fabricante,pendiente
259,FC-38312374,Cera gel Moco de Gorila Citrus,7501438312374,Cera / resina,100 G,cuidado_personal_o_material,,fabricante,pendiente
61,FC-F48FF7EF,Clamoxin (Amoxicilina/Clavulánico susp. 250/62.5),7502009740213,AMOXICILINA/AC. CLAVULANICO,1 SUSPENSION,medicamento,amoxicilina + ac. clavulanico,instructivo,pendiente
29,FC-F3E734A0,Fasiclor 375 mg/ 5 mL,7502009741067,CEFACLOR,1 SUSPENSION,medicamento,cefaclor,instructivo,pendiente
471,FC-23001331,Sr. Ting pomada (ácido bórico),7501072300133,Acido bórico / talco,POMADA 28 G,cuidado_personal_o_material,,fabricante,pendiente
365,FC-23273451,Jeringa insulina 0.5 ml Sensi Medical,7506022327338,,1 pz,revisar_clasificacion,,fabricante,pendiente
418,FC-45079011,Balsamo para Labios Labello Fresa,7501054507901,,1 pz,revisar_clasificacion,,fabricante,pendiente
249,FC-06234062,Sedal Anti Nudos,7506306234062,Unilever,300 ML,medicamento,unilever,instructivo,pendiente
248,FC-24511629,Silica Shine uva,7502224511629,Silice / dimeticone,105 ML,cuidado_personal_o_material,,fabricante,pendiente
517,FC-39036C88,Mercurio Glicerina,3311000001407,Producto homeopatico / natural,50 mL,suplemento_o_natural,,fabricante,pendiente
521,FC-38CAFE6B,Mercurio Aceite Romero,3311000001537,Producto homeopatico / natural,frasco 50 mL,suplemento_o_natural,,fabricante,pendiente
583,FC-40013850,Crema Teatrical Lanolina,6502400138504,Emolientes / lanolina,52 g,cuidado_personal_o_material,,fabricante,pendiente
330,FC-48691104,Venda Elastica Protec 15 cm x 5 m,7501048691104,Material de curacion,15 CM x 5 M,cuidado_personal_o_material,,fabricante,pendiente
164,FC-52933307,Desodorante Obao Game 48Hr,7509552933307,Antitranspirante / desodorante,R-ON 65 G,cuidado_personal_o_material,,fabricante,pendiente
335,FC-40171550,Pasta Dent Sensodyne rápido relief,7794640171550,Fluoruro de sodio,100 G,medicamento,fluoruro de sodio,instructivo,pendiente
10,FC-1DA570E3,Cloxan ambroxol 30 mg,7501573900337,AMBROXOL 30 mg,20 COMPRIMIDOS,medicamento,ambroxol,instructivo,pendiente
859,FC-03388107,Vomisin (Dimenhidrinato) 50 mg,7502003388107,Dimenhidrinato,Caja con 20 tabletas,medicamento,dimenhidrinato,instructivo,pendiente
857,FC-74792047,"Voldratol Electrolitos sabor natural, sobre 27.9 g",7502274792047,,Caja con 25 sobres,revisar_clasificacion,,fabricante,pendiente
858,FC-74792061,"Voldratol Electrolitos sabor uva, sobre 28.14 g",7502274792061,,Caja con 25 sobres,revisar_clasificacion,,fabricante,pendiente
62,FC-4BD80686,Beneventol,7502009745928,BENEVENTOL,3 CAPSULAS,medicamento,beneventol,instructivo,pendiente
512,FC-1FBF5206,Del Viejito Reomatolum,7503002045008,Reomatolum,60 G,medicamento,reomatolum,instructivo,pendiente
86,FC-29670370,Degortzin,7501825304562,Cetirizina,1 SOLUCION,medicamento,cetirizina,instructivo,pendiente
98,FC-58DB24C4,Bitenver,7502009747373,Betahistina,30 TABLETAS,medicamento,betahistina,instructivo,pendiente
109,FC-281E0F22,Budesonida,7501349024304,Budesonida,1 SUSPENSION,medicamento,budesonida,instructivo,pendiente
524,FC-25E452B6,Mercurio Arnica Untar,3311000001223,Arnica montana,frasco 50 mL,suplemento_o_natural,,fabricante,pendiente
310,FC-42417644,Crema Nivea Cuidado Int P/Mano,42417644,Emolientes / humectantes,75 ML,dermocosmetico,,fabricante,pendiente
525,FC-127F5753,Mercurio Arnica Tomar,3311000015084,Arnica montana,frasco 50 mL,suplemento_o_natural,,fabricante,pendiente
865,EQ-WER038,Charyn 3 Tab 500 Mg,7502240450018,Azitromicina,Caja con 3 tabletas,medicamento,azitromicina,instructivo,pendiente
25,FC-492D652F,Cefalver,7502009745614,Cefalexina,20 CAPSULAS,medicamento,cefalexina,instructivo,pendiente
867,EQ-SON237,Expicin 25 Caps 500 Mg,7502001165328,Ampicilina,Caja con 20 cápsulas,medicamento,ampicilina,instructivo,pendiente
8,FC-40CE757D,Cefalver,7502009740480,Cefalexina,12 TABLETAS,medicamento,cefalexina,instructivo,pendiente
30,FC-74A5ABEE,Ciprofloxacino,7501349020894,CIPROFLOXACINO,12 TABLETAS,medicamento,ciprofloxacino,instructivo,pendiente
65,FC-6519183A,Clamoxin (Amoxicilina/Clavulánico 500/125 mg),7502009740206,AMOXICILINA/AC. CLAVULANICO,1 SUSPENSION,medicamento,amoxicilina + ac. clavulanico,instructivo,pendiente
104,FC-B25094C4,Lesaclor,785118753528,ACICLOVIR,1 SUSPENSION,medicamento,aciclovir,instructivo,pendiente
118,FC-9B93AC4C,Beneventol,7502009745737,BENEVENTOL,1 SUSPENSION,medicamento,beneventol,instructivo,pendiente
460,FC-95451096,Sal de uvas,7501095451096,Bicarbonato de sodio/Acido tartarico/Acido citrico,C/10,medicamento,bicarbonato de sodio + acido tartarico + acido citrico,instructivo,pendiente
70,FC-B69FCBF4,Lesaclor,785120753530,Aciclovir,35 TABLETAS,medicamento,aciclovir,instructivo,pendiente
147,FC-28A424E5,Diziver,7502009746383,HIDROCLOROTIAZIDA,20 TABLETAS,medicamento,hidroclorotiazida,instructivo,pendiente
74,FC-B2123139,Oxivag,7501075717860,Ácido alendrónico,4 TABLETAS,medicamento,acido alendronico,instructivo,pendiente
191,FC-22111352,Grisi Corp Diabecare,7501022111352,,125 G,revisar_clasificacion,,fabricante,pendiente
190,FC-22150092,Grisi Leche De Burra,7501022150092,,125 G,revisar_clasificacion,,fabricante,pendiente
283,FC-26462078,Chupón con miel Ternura,7501026462245,,1 PZA,revisar_clasificacion,,fabricante,pendiente
531,FC-B8D7C997,Bicarbonato Sobres,3311000003715,Bicarbonato de sodio,C/50,medicamento,bicarbonato de sodio,instructivo,pendiente
11,FC-A455EE80,Cefagen,7502009741296,CEFALEXINA,1 SUSPENSION,medicamento,cefalexina,instructivo,pendiente
19,FC-6EAD98A9,Cepobrom,7502009741289,CEFADROXIL,12 CAPSULAS,medicamento,cefadroxil,instructivo,pendiente
26,FC-86A95D07,Tropharma Eitromicina 500 mg,7503003134268,Eritromicina,20 TABLETAS,medicamento,eritromicina,instructivo,pendiente
864,EQ-MAV142,Cefabroxil 15 Tab 500/30 Mg,7502009741500,Cefalexina / Ambroxol,Caja con 15 tabletas,medicamento,cefalexina + ambroxol,instructivo,pendiente
862,EQ-HIS075,Terfhicid 40 Caps 100 Mg,7502213042325,Nitrofurantoína,Caja con 40 cápsulas,medicamento,nitrofurantoina,instructivo,pendiente
866,EQ-SON039,Dicleophen 12 Caps 500 Mg,7502001163782,Dicloxacilina,Caja con 12 cápsulas,medicamento,dicloxacilina,instructivo,pendiente
863,EQ-NOV025,Vermisen 6 Tab 200 Mg,7501075715927,Albendazol 200 mg,Caja con 6 tabletas,medicamento,albendazol,instructivo,pendiente
868,EQ-MAI071,Krobicin 1 Susp 125mg/5/60 Ml,785118752330,Claritromicina,Frasco 60 mL,medicamento,claritromicina,instructivo,pendiente
904,EQ-MAI055,Dalatina 1 Gel 1g/30 G,785118752415,Clindamicina,Tubo 30 g,medicamento,clindamicina,instructivo,pendiente
114,FC-00422511,Bactiver sulfametoxazol/trimetoprima susp. 120 mL,7503000422511,Sulfametoxazol + Trimetoprima,Frasco 120 mL,medicamento,sulfametoxazol + trimetoprima,instructivo,pendiente
322,FC-31887928,Enjuague Buc Listerine Cuidado Total,7702031887928,,250 ML,revisar_clasificacion,,fabricante,pendiente
320,FC-31976394,Enjuague Bucal Listerine Anticaries,7702031976394,,250 ML,revisar_clasificacion,,fabricante,pendiente
511,FC-73629981,Pañuelos Kleenex,7501017362998,,15 pzs,revisar_clasificacion,,fabricante,pendiente
211,FC-43489165,Escudo jabón líquido blanco neutro,7501943489165,Jabon / tensioactivos,225 ML,cuidado_personal_o_material,,fabricante,pendiente
117,FC-44B6751A,Aquito 500/100/30/4 Mg,,,3 AMPOLLETA,revisar_clasificacion,,fabricante,pendiente
228,FC-45720550,Quitaesmalte SKN mora azul,7502245720550,,100 ML,revisar_clasificacion,,fabricante,pendiente
277,FC-45720567,Quitaesmalte coco,7502245720567,,100 ML,revisar_clasificacion,,fabricante,pendiente
201,FC-45722547,Natural Gloss Agua micelar bifásica,7502245722547,,120 ML,revisar_clasificacion,,fabricante,pendiente
315,FC-46072050,Shampoo Mennen miel manzana,7509546072050,Surfactantes / formula capilar,200 ML,cuidado_personal_o_material,,fabricante,pendiente
266,FC-46073033,Shampoo Caprice Acti Ceramida,7509546073033,Surfactantes / formula capilar,200 ML,cuidado_personal_o_material,,fabricante,pendiente
265,FC-46073040,Shampoo Caprice biotina fuerza,7509546073040,Surfactantes / formula capilar,200 ML,cuidado_personal_o_material,,fabricante,pendiente
32,FC-2005DD57,Cefalexina,7501349021181,CEFALEXINA,20 CAPSULAS,medicamento,cefalexina,instructivo,pendiente
232,FC-46073156,Shampoo Caprice natural manzana,7509546073156,Surfactantes / formula capilar,380 ML,cuidado_personal_o_material,,fabricante,pendiente
281,FC-46640629,Venda de yeso 20 cm x 2.75 m,7501048640829,Material de curacion,1 PZA,cuidado_personal_o_material,,fabricante,pendiente
214,FC-46657035,Palmolive jabón líquido cerezo y rosa,7509546657035,Jabon / tensioactivos,221 ML,cuidado_personal_o_material,,fabricante,pendiente
537,FC-9A1C64E7,Perilla Edigar N O Caja,,Material plastico,,cuidado_personal_o_material,,fabricante,pendiente
870,EQ-AMS398,Bencil/Benz Comp 1 Fa 1.2 U 3 Ml,7501349025271,Benzatina / procaína / cristalina,Frasco ámpula 1.2 MU,medicamento,benzatina + procaina + cristalina,instructivo,pendiente
38,FC-50587FA6,Mexapin,7503001007120,Ampicilina,1 SUSPENSION,medicamento,ampicilina,instructivo,pendiente
336,FC-48690909,Venda Elástica Protec 7 cm x 5 m,7501048690909,Material de curacion,7 CM x 5 M,cuidado_personal_o_material,,fabricante,pendiente
272,FC-06247468,Gel Ego Fresh,7506306247468,,200 g,revisar_clasificacion,,fabricante,pendiente
316,FC-22150221,Jabon en Barra Ricitos de Oro Neutro,7501022150221,Jabon / tensioactivos,90 G,cuidado_personal_o_material,,fabricante,pendiente
872,EQ-SON160,Disons Dex 1 Fa 5/2 Mg,7502001164833,Betametasona,Caja con 1 ampolleta,medicamento,betametasona,instructivo,pendiente
351,FC-33950100,Ensure chocolate,7501033954061,Suplemento nutricional,236 ML,suplemento_o_natural,,fabricante,pendiente
294,FC-26462061,Chupon Ternura Ortodontic Miel C3,7501026462061,,,revisar_clasificacion,,fabricante,pendiente
119,FC-2001A890,Ampigrin AD (Ampicilina + Dicloxacilina),780083140922,Ampicilina,3 AMPOLLETA,medicamento,ampicilina,instructivo,pendiente
451,FC-47624171,Nailex Desenterrador Unas Desenterrador Unas,7502234762417,,12 ML,revisar_clasificacion,,fabricante,pendiente
871,EQ-WAN013,Vandix 1 Susp 250mg/5/75 Ml,7503001007069,Amoxicilina,Frasco 75 mL,medicamento,amoxicilina,instructivo,pendiente
329,FC-35908130,Talco para bebé Mennen azul,7501035908130,Talco / zinc undecilenato,200 G,cuidado_personal_o_material,,fabricante,pendiente
432,FC-45307181,Arnica León Parche,7501054530718,Arnica,1 parche,suplemento_o_natural,,fabricante,pendiente
869,EQ-ALP0300,Acido Acetilsalicilico Ef 20 Tab 300 Mg,7501384504908,Ácido acetilsalicílico,Caja con 20 tabletas,medicamento,acido acetilsalicilico,instructivo,pendiente
538,FC-47AAF23B,Mercurio Sulfatiazol Polvo,3311000003494,Producto homeopatico / natural,C/50,suplemento_o_natural,,fabricante,pendiente
873,EQ-HIS085,Protaisol 1 Susp/Aer 200 Dos/5 12.80 G,7502213042745,Ipratropio,200 dosis,medicamento,ipratropio,instructivo,pendiente
122,FC-07F04F88,Amcef IM 500 mg (Inyectable),7501349011007,Ceftriaxona,1 FRASCO AMPULA,medicamento,ceftriaxona,instructivo,pendiente
777,FC-32911454,OFF! Extra Duracion repelente aerosol 170 g,7501032911454,DEET 25%,Aerosol 170 g (202 mL),medicamento,deet 25%,instructivo,pendiente
876,EQ-AMS406,Cinitaprida 25 Comp 1 Mg,7501349027312,Cinitaprida,Caja con comprimidos,medicamento,cinitaprida,instructivo,pendiente
881,EQ-SON264,Laur Adulto 500/500/100/30/4 Mg 3 Amp,7502001166981,,Caja con 3 frascos ámpula,revisar_clasificacion,,fabricante,pendiente
28,FC-830BF3FB,Diviltac,7502001165311,Algestona / Estradiol,1 FRASCO AMPULA,medicamento,algestona + estradiol,instructivo,pendiente
567,FC-33954078,Ensure Fresa,7501033954078,Suplemento nutricional,237 ML,suplemento_o_natural,,fabricante,pendiente
568,FC-33956126,Glucerna Vainilla,7501033956126,Suplemento nutricional,237 ML,suplemento_o_natural,,fabricante,pendiente
883,EQ-COL226,Dolprofen 10 Tab 800 Mg,780083148805,Ibuprofeno,Caja con 10 tabletas,medicamento,ibuprofeno,instructivo,pendiente
105,FC-26EA40A4,Ramcinet,,,10 TABLETAS,revisar_clasificacion,,fabricante,pendiente
390,FC-48335305,Agua Oxigenada,7501048335305,,480 ML 2.5 a 3.5%,revisar_clasificacion,,fabricante,pendiente
600,FC-54221482,Deeflamox Plus,7501385491146,Amoxicilina + Acido clavulanico,SUSPENSION 5ML,medicamento,amoxicilina + acido clavulanico,instructivo,pendiente
558,FC-BE2ACF63,Valnait cápsulas valeriana,7501590285004,,C/30,revisar_clasificacion,,fabricante,pendiente
121,FC-BE76D409,Amcef IM 1 g (Inyectable),7501349012004,Ceftriaxona,1 FRASCO AMPULA,medicamento,ceftriaxona,instructivo,pendiente
518,FC-DFF99C3F,Mercurio,3311000003920,Arnica montana,JARABE,suplemento_o_natural,,fabricante,pendiente
874,EQ-RAD096,Calcio Efe 12 Comp 500 Mg,7501563380439,Calcio,Tubo 12,medicamento,calcio,instructivo,pendiente
875,EQ-PGE052,Ercatriv M Calcitriol 30 Caps 0.25 Mcg,7503027446125,Calcitriol,Caja con 30 cápsulas,medicamento,calcitriol,instructivo,pendiente
110,FC-9F67BB73,Amifarin,7503001007090,DICLOXACILINA,1 SUSPENSION,medicamento,dicloxacilina,instructivo,pendiente
100,FC-A909ABC0,Odivitor,7502009744877,Atorvastatina,10 TABLETAS,medicamento,atorvastatina,instructivo,pendiente
877,EQ-NOV165,Budenova Susp .125 Mg/Ml 5 Amp 2ml,7501075726251,Budesonida,Caja con 5 ampolletas,medicamento,budesonida,instructivo,pendiente
878,EQ-HIS076,Fhaspem 3 Amp 20 Mg/1 Ml,7502213042370,Hioscina,Caja con 3 ampolletas,medicamento,hioscina,instructivo,pendiente
882,EQ-MAI141,Flosef 8 Tab 400 Mg,785118753887,Ofloxacino,Caja con 8 tabletas,medicamento,ofloxacino,instructivo,pendiente
879,EQ-HIS087,Clofhiven 200 Dosis 50 Mcg/12.80g,7502213042752,Beclometasona,200 dosis,medicamento,beclometasona,instructivo,pendiente
880,EQ-SON256,Sonblefan S 1 Cma .100 G/ 40 G,7502001166592,Betametasona,Tubo 40 g,medicamento,betametasona,instructivo,pendiente
42,FC-E6112F15,Nalixone,7502001165533,NALIXONE,20 TABLETAS,medicamento,nalixone,instructivo,pendiente
234,FC-35155922,Pantene Bambu,7500435155922,,400 ML,revisar_clasificacion,,fabricante,pendiente
92,FC-E6B50AC3,Celecoxib,7502216805361,Celecoxib,10 CAPSULAS,medicamento,celecoxib,instructivo,pendiente
529,FC-C4530823,Mercurio óxido de zinc C/50,3311000000936,Producto homeopatico / natural,frasco 50 g,suplemento_o_natural,,fabricante,pendiente
67,FC-C9F4ACCC,Acemetacina,7502216800984,ACEMETACINA,14 CAPSULAS,medicamento,acemetacina,instructivo,pendiente
17,FC-CF18C740,Clindamicina,7501349020788,CLINDAMICINA,16 CAPSULAS,medicamento,clindamicina,instructivo,pendiente
71,FC-F4E9C71F,Amoxicilina,7501349021839,AMOXICILINA,1 SUSPENSION,medicamento,amoxicilina,instructivo,pendiente
892,EQ-ACC066,Steryx 30 Tab 5 Mg,7506335700019,Finasterida,Caja con 30 tabletas,medicamento,finasterida,instructivo,pendiente
75,FC-11294615,Amikacina,7501349021488,AMIKACINA,2 AMPOLLETA,medicamento,amikacina,instructivo,pendiente
97,FC-C6C20517,Budimin,7502009748868,Bumetanida,20 TABLETAS,medicamento,bumetanida,instructivo,pendiente
254,FC-35020008,Shampoo Herbal Essences Limp Renov,7500435020008,Surfactantes / formula capilar,375 ML,cuidado_personal_o_material,,fabricante,pendiente
261,FC-35020077,Shampoo Head & Shoulders Alivio Refrescante,7500435020077,Surfactantes / formula capilar,180 mL,cuidado_personal_o_material,,fabricante,pendiente
282,FC-48640751,Venda de yeso 5 cm x 2.75 m,7501048640751,Material de curacion,1 PZA,cuidado_personal_o_material,,fabricante,pendiente
279,FC-48640775,Venda de yeso 10 cm x 2.75 m,7501048640775,Material de curacion,1 PZA,cuidado_personal_o_material,,fabricante,pendiente
280,FC-48640799,Venda de yeso 15 cm x 2.75 m,7501048640799,Material de curacion,1 PZA,cuidado_personal_o_material,,fabricante,pendiente
12,FC-E374F23E,Cefagen pediátrico,7502009741302,CEFALEXINA,1 SUSPENSION,medicamento,cefalexina,instructivo,pendiente
7,FC-9A4E4C31,Clindamicina,7501349021860,CLINDAMICINA,FRASCO AMPULA,medicamento,clindamicina,instructivo,pendiente
6,FC-D5AC44CA,Amifarin,7503001007113,DICLOXACILINA,20 CAPSULAS,medicamento,dicloxacilina,instructivo,pendiente
15,FC-C101D5B1,Bisoprolol,7501109763375,BISOPROLOL,30 TABLETAS,medicamento,bisoprolol,instructivo,pendiente
40,FC-D9391288,Azitromicina,7501258210393,AZITROMICINA,1 SUSPENSION,medicamento,azitromicina,instructivo,pendiente
886,EQ-MAV322,Traditor 1 Gel 500/50 Mg 60 G,7502009746932,Indometacina / Betametasona,Tubo 60 g,medicamento,indometacina + betametasona,instructivo,pendiente
803,FC-08895042,Bruluaquil AAS/paracetamol/cafeína 250/250/65 mg,7502208895042,,Frasco con 24 tabletas,revisar_clasificacion,,fabricante,pendiente
314,FC-17360604,Toallas Kotex Regular Flujo Amb,7501017360604,Solucion limpiadora,10 pzs,cuidado_personal_o_material,,fabricante,pendiente
374,FC-3406723,Quirmex venda elastica premium 5 cm x 5 m,7503003406723,,5 CM x 5 M,revisar_clasificacion,,fabricante,pendiente
1182,FC-01007250,Valclan 875 mg / 125 mg Caja con 10 tabletas Wandel,7503001007250,Amoxicilina / Ácido clavulánico,Caja con 10 tabletas,medicamento,amoxicilina + acido clavulanico,instructivo,pendiente
291,FC-00942760,Gel Nivea facial hidratante hialurónico,4005900942760,Emolientes / humectantes,200 ML,dermocosmetico,,fabricante,pendiente
76,FC-1FEA2FB7,Amikacina,7501349021440,AMIKACINA,1 AMPOLLETA,medicamento,amikacina,instructivo,pendiente
220,FC-20500201,Shampoo Pert Aceite oliva,8101205002010,Surfactantes / formula capilar,400 ML,cuidado_personal_o_material,,fabricante,pendiente
409,FC-49824391,Prudence 'Ull Retardante C/3,7502214982439,Latex,C/3,cuidado_personal_o_material,,fabricante,pendiente
1180,FC-49028913,Atorvastatina 40 mg Caja con 10 tabletas AMSA,7501349028913,Atorvastatina,Caja con 10 tabletas,medicamento,atorvastatina,instructivo,pendiente
1181,FC-49021570,Amoxicilina 500 mg Caja con 12 cápsulas AMSA,7501349021570,Amoxicilina,Caja con 12 cápsulas,medicamento,amoxicilina,instructivo,pendiente
1173,FC-42803524,Ácido acetilsalicílico 100 mg Caja con 30 tabletas beadvance,7501342803524,Ácido acetilsalicílico,Caja con 30 tabletas,medicamento,acido acetilsalicilico,instructivo,pendiente
149,FC-3D0ED22B,Zukedib,7502211784036,Glimepirida,30 TABLETAS,medicamento,glimepirida,instructivo,pendiente
895,EQ-AMS274,Ezetimiba/Simvasta 14 Tab 10/20 Mg,7501349024540,Ezetimiba / Simvastatina,,medicamento,ezetimiba + simvastatina,instructivo,pendiente
1175,FC-49020269,Ácido ursodeoxicólico 250 mg Caja con 50 cápsulas AMSA,7501349020269,Ácido ursodeoxicólico,Caja con 50 cápsulas,medicamento,acido ursodeoxicolico,instructivo,pendiente
1174,FC-83141226,Perludil 150 mg / 10 mg Caja con 1 ampolleta Collins,780083141226,Algestona / Estradiol,Caja con 1 ampolleta,medicamento,algestona + estradiol,instructivo,pendiente
1179,FC-00001292,Aceite de ricino Frasco 50 mL Mercurio,3311000001292,Aceite de ricino,Frasco 50 mL,medicamento,aceite de ricino,instructivo,pendiente
1178,FC-00001612,Jarabe de granada Frasco 50 mL Mercurio,3311000001612,Jarabe de granada,Frasco 50 mL,medicamento,jarabe de granada,instructivo,pendiente
1183,FC-01007199,Valclan 500 mg / 125 mg Caja con 10 tabletas Wandel,7503001007199,Amoxicilina / Ácido clavulánico,Caja con 10 tabletas,medicamento,amoxicilina + acido clavulanico,instructivo,pendiente
126,FC-347A49C7,Amikacina,7501349020740,AMIKACINA,1 AMPOLLETA,medicamento,amikacina,instructivo,pendiente
222,FC-06217461,Talco Desodorante Rexona Effi Fresh,7506306217461,Antitranspirante / desodorante,200 G,cuidado_personal_o_material,,fabricante,pendiente
1188,FC-09741043,Fasiclor 125 mg/5 mL Frasco 75 mL Maver,7502009741043,Cefaclor,Frasco 75 mL,medicamento,cefaclor,instructivo,pendiente
665,FC-2225010,Derman Crema 25 g,354312225010,Acido undecilenico + Undecilenato de zinc,Tubo 25 g,medicamento,acido undecilenico + undecilenato de zinc,instructivo,pendiente
317,FC-20501765,Crema Grisi aloe vera para manos,8101205017656,,80 ML,revisar_clasificacion,,fabricante,pendiente
108,FC-50AC2C82,Erispan,7502009740916,BETAMETASONA,1 FRASCO AMPULA,medicamento,betametasona,instructivo,pendiente
257,FC-35231237,Shampoo Head & Shoulders Anti Comezon,7500435231237,Surfactantes / formula capilar,375 ML,cuidado_personal_o_material,,fabricante,pendiente
1189,FC-09745140,Clamoxín S 600 mg / 42.9 mg / 5 mL Frasco 50 mL Maver,7502009745140,Amoxicilina / Ácido clavulánico,Frasco 50 mL,medicamento,amoxicilina + acido clavulanico,instructivo,pendiente
148,FC-52D2A43A,Zukedib glimepirida 2 mg C/30,7502211784029,Glimepirida 2 mg,C/30,medicamento,glimepirida,instructivo,pendiente
393,FC-51067711,Leche Nidal en Polvo 1bebé  0 a 6 M,7506475106771,,360g,revisar_clasificacion,,fabricante,pendiente
909,EQ-AMS460,Etoricoxib 14 Comp 90 Mg,7501349027787,Etoricoxib,,medicamento,etoricoxib,instructivo,pendiente
383,FC-50882024,Dermodine Bucofaríngeo 120 ml,7501250882024,Iodopovidona,120 ML,medicamento,iodopovidona,instructivo,pendiente
381,FC-68900134,Gasa Lox10 C/100,7501868900134,Material de curacion,C/100,cuidado_personal_o_material,,fabricante,pendiente
894,EQ-MAV415,Esomeprazol 28 Tab 40 Mg,7502009749292,Esomeprazol,Caja con 28 tabletas,medicamento,esomeprazol,instructivo,pendiente
123,FC-357D4A17,Ceftazidima,7501349022799,Ceftazidima,1 FRASCO AMPULA,medicamento,ceftazidima,instructivo,pendiente
897,EQ-RAD082,Indometacina 30 Caps 25 Mg,7501563380286,Indometacina,Caja con 30 cápsulas,medicamento,indometacina,instructivo,pendiente
301,FC-07528939,Crema Lubriderm Repa Intens,7501007528939,,120 mL,dermocosmetico,,fabricante,pendiente
296,FC-36032776,Shampoo Ricitos de Oro Biopure,0378360327762,Surfactantes / formula capilar,250 ML,cuidado_personal_o_material,,fabricante,pendiente
919,EQ-AVT203,Cidorix 28 Tab 75 Mg,7502209858183,Clopidogrel,Caja con 28 tabletas,medicamento,clopidogrel,instructivo,pendiente
295,FC-35469151,Crema Lubriderm Uv Fps15,7702035469151,,120 ML,dermocosmetico,,fabricante,pendiente
915,EQ-ALP0633,Dexketoprofeno 10 Tab 25 Mg,7502226295954,Dexketoprofeno,Caja con 10 tabletas,medicamento,dexketoprofeno,instructivo,pendiente
208,FC-35911208,Palmolive Aquarium,7501035911208,Surfactantes / formula corporal,221 ML,cuidado_personal_o_material,,fabricante,pendiente
918,EQ-SON214,Dexametasona/Ciprofloxacino Sol,7502001164338,Ciprofloxacino / Dexametasona,Frasco 5 mL,medicamento,ciprofloxacino + dexametasona,instructivo,pendiente
1190,FC-90973703,Ampicilina 1 g Caja con 1 frasco ámpula AMSA,5178190973703,Ampicilina,Caja con 1 frasco ámpula,medicamento,ampicilina,instructivo,pendiente
679,FC-002663,Lomotil Loperamida,7501057002663,Loperamida,C/8 tabletas 2 mg,medicamento,loperamida,instructivo,pendiente
913,EQ-JAY263,Diflosensi 28 Tab 10 Mg,7506022331502,Dapagliflozina,Caja con 28 tabletas,medicamento,dapagliflozina,instructivo,pendiente
907,EQ-MAV065,Presistin 1 Susp 0.1g/60ml,7502009740299,Cisaprida,Frasco 60 mL,medicamento,cisaprida,instructivo,pendiente
916,EQ-MAV140,Doltrix 3 Amp 100/20mg/2 Ml,7502009741326,Clonixinato / Hioscina,Caja con 3+3 ampolletas,medicamento,clonixinato + hioscina,instructivo,pendiente
465,FC-08443026,Alka-Seltzer,7501008443026,Acido acetilsalicilico + Acido citrico + Bicarbonato de sodio,C/100,medicamento,acido acetilsalicilico + acido citrico + bicarbonato de sodio,instructivo,pendiente
652,FC-08443033,Alka-Seltzer C/12 alivio rapido,7501008443033,Acido acetilsalicilico + Bicarbonato + Citrico,C/12 tabletas efervescentes,medicamento,acido acetilsalicilico + bicarbonato + citrico,instructivo,pendiente
923,EQ-AMS288,Dexam/Neomi 1 Gotas 1/3.5mg/5 Ml,,,,revisar_clasificacion,,fabricante,pendiente
571,FC-35919129,Shampoo Palmolive Vital Keratina,7501035919129,Surfactantes / formula capilar,400 mL,cuidado_personal_o_material,,fabricante,pendiente
811,FC-11788690,Diotexona (Dimeticona) 10 g/100 mL pediátrico,7502211788690,Dimeticona,Frasco gotero 30 mL,medicamento,dimeticona,instructivo,pendiente
582,FC-36041273,Crema Hinds Clasica Rosa,0378360412734,Emolientes / humectantes,400 mL,cuidado_personal_o_material,,fabricante,pendiente
608,FC-40036354,Genoprazol tabletas C/7,6502400363548,Omeprazol,7 CAPSULAS,medicamento,omeprazol,instructivo,pendiente
286,FC-20501673,Crema Hinds líquida agave azul,8101205016734,Emolientes / humectantes,400 ML,cuidado_personal_o_material,,fabricante,pendiente
302,FC-31244486,Crema Lubriderm piel normal,7702031244486,,120 ML,dermocosmetico,,fabricante,pendiente
255,FC-35169035,Mousse Herbal Essences Rizo,7500435169035,,210 mL,revisar_clasificacion,,fabricante,pendiente
304,FC-36033735,Shampoo Ricitos de Oro Agua De Coco,0378360337358,Surfactantes / formula capilar,250 ML,cuidado_personal_o_material,,fabricante,pendiente
57,FC-405A75E3,Ursodesoxicolico,,,50 CAPSULAS,revisar_clasificacion,,fabricante,pendiente
288,FC-36040450,Crema Grisi concha nácar para manos,0378360404500,,80 ML,revisar_clasificacion,,fabricante,pendiente
697,FC-36041389,Crema Hinds Hidratacion Extrema Almendras ch,037836041389,,90 ML,revisar_clasificacion,,fabricante,pendiente
247,FC-06249226,Shampoo Savile bio sábila crecimiento resistente,7506306249226,Surfactantes / formula capilar,700 ML,cuidado_personal_o_material,,fabricante,pendiente
468,FC-70612368,Treda antidiarreico C/20,7501070612368,Neomicina + Caolin + Pectina,C/20,medicamento,neomicina + caolin + pectina,instructivo,pendiente
849,FC-73909859,Sarox (Omeprazol) 20 mg,7501573909859,Omeprazol,Caja con 28 cápsulas,medicamento,omeprazol,instructivo,pendiente
644,FC-8497593,Alka-Seltzer Boost C/10,7501008497593,Acido acetilsalicilico + Cafeina,C/10 tabletas efervescentes,medicamento,acido acetilsalicilico + cafeina,instructivo,pendiente
926,EQ-AMS209,Hipromelosa Oft 1 Sol 5mg/10 Ml,7501349028654,Hipromelosa,Frasco 10 mL,medicamento,hipromelosa,instructivo,pendiente
927,EQ-AMS428,Cisaprida 30 Tab 5 Mg,7501349028326,Cisaprida,Caja con 30 tabletas,medicamento,cisaprida,instructivo,pendiente
924,EQ-BIO212,Colchicina 30 Tab 1 Mg,7501573909958,Colchicina,Caja con 30 tabletas,medicamento,colchicina,instructivo,pendiente
925,EQ-EXA042,Cromoglicato Sodio 1 Sol 40 Mg/5 Ml,75053086,Cromoglicato de sodio,Frasco 5 mL,medicamento,cromoglicato de sodio,instructivo,pendiente
928,EQ-LOE058,Feniffler-T 50 Tab 100 Mg,500487172707,Fenitoína,Frasco 50 tabletas,medicamento,fenitoina,instructivo,pendiente
473,FC-84999001,Alka-Seltzer,7501008499900,Acido acetilsalicilico + Acido citrico + Bicarbonato de sodio,C/50,medicamento,acido acetilsalicilico + acido citrico + bicarbonato de sodio,instructivo,pendiente
463,FC-95467264,Sal de Uvas Ixh C/50,7501095467264,,C/50,revisar_clasificacion,,fabricante,pendiente
935,EQ-LOE013,Keraffler 1 Sol 20mg/5/120 Ml,7502211780229,Ketotifeno,Frasco 120 mL,medicamento,ketotifeno,instructivo,pendiente
142,FC-9A37D44A,Amdoryl,7503003738961,LANSOPRAZOL,14 CAPSULAS,medicamento,lansoprazol,instructivo,pendiente
934,EQ-AMS160,Ketorolaco Trometamina 6 Tab Sl 30 Mg,7501349023369,Ketorolaco trometamina,Caja con 6 tabletas sublinguales,medicamento,ketorolaco trometamina,instructivo,pendiente
260,FC-35231244,Shampoo Head & Shoulders Anti Comezon,7500435231244,Surfactantes / formula capilar,180 ML,cuidado_personal_o_material,,fabricante,pendiente
206,FC-06248052,Dove aerosol tono uniforme caléndula y vitamina E,7506306248052,Surfactantes / formula corporal,150 ML,cuidado_personal_o_material,,fabricante,pendiente
297,FC-07502441,Jabon Johnsons Baby Antes/Dorm,7501007502441,Jabon / tensioactivos,75 G,cuidado_personal_o_material,,fabricante,pendiente
931,EQ-AMS497,Levetiracetam 30 Tab 1000 Mg,7501349022249,Levetiracetam,,medicamento,levetiracetam,instructivo,pendiente
334,FC-48690800,Venda Elástica Protec 5 cm x 5 m,7501048690800,Material de curacion,5 CM x 5 M,cuidado_personal_o_material,,fabricante,pendiente
319,FC-48691005,Venda elástica Protec 10 cm x 5 m,7501048691005,Material de curacion,10 CM x 5 M,cuidado_personal_o_material,,fabricante,pendiente
933,EQ-MAV043,Lorotec 10 Tab 10 Mg,7502009740244,Ketorolaco,Caja con 10 tabletas,medicamento,ketorolaco,instructivo,pendiente
930,EQ-SON204,Phendex Otico 1 Susp 2/10/50mg/10 Ml,7502001162693,Ciprofloxacino / Hidrocortisona / Lidocaína,Frasco 10 mL,medicamento,ciprofloxacino + hidrocortisona + lidocaina,instructivo,pendiente
515,FC-3676D5DC,Mercurio Espiritus Tomar,3311000001513,Producto homeopatico / natural,50 mL,suplemento_o_natural,,fabricante,pendiente
650,FC-85278507,Manzanilla Sophia Solucion 15 ml,0736085278507,Manzanilla (Matricaria chamomilla),Frasco 15 ml,medicamento,manzanilla (matricaria chamomilla),instructivo,pendiente
596,FC-40015366,Nasalub Sol,6502400153668,Cloruro de sodio + Glicerol,30 ML,cuidado_personal_o_material,,fabricante,pendiente
929,EQ-MAV376,Flausiver 1 Gel 100 G,7502009748929,,Tubo 100 g,revisar_clasificacion,,fabricante,pendiente
937,EQ-NOV032,Lizovag 10 Tab 200 Mg,7501075717150,Ketoconazol,Caja con 10 tabletas,medicamento,ketoconazol,instructivo,pendiente
932,EQ-SER001,Asmaral-K 30 Tab 1 Mg,7501258200288,Ketotifeno,Caja con 30 tabletas,medicamento,ketotifeno,instructivo,pendiente
936,EQ-QUM014,Pharmacaine 1 Aer 10g/100ml/115 Ml,,Lidocaína,Frasco atomizador 115 mL,medicamento,lidocaina,instructivo,pendiente
159,FC-262F2A30,Irbesartan,7501349022454,IRBESARTAN,14 TABLETAS,medicamento,irbesartan,instructivo,pendiente
207,FC-06248045,Dove Men Care 72 h,7506306248045,Surfactantes / formula corporal,150 ML,cuidado_personal_o_material,,fabricante,pendiente
940,EQ-COL073,Otilin 1 Got 350mg/2g De 20 Ml,780083140021,Lidocaína / Neomicina,Frasco 20 mL,medicamento,lidocaina + neomicina,instructivo,pendiente
945,EQ-NOV154,Belazix C/20 Tab 5mg,7501075723175,LEVOCETIRIZINA,C/10,medicamento,levocetirizina,instructivo,pendiente
938,EQ-MAI152,Mavifem (Vag) 1 Cha/6 Apli 2/8 G 30 G,785118752941,Clindamicina / Ketoconazol,Tubo 30 g + 6 aplicadores,medicamento,clindamicina + ketoconazol,instructivo,pendiente
941,EQ-IFA001,Postday 1 Comp 1.5 Mg,7501249606778,Levonorgestrel,Caja con 1 comprimido,medicamento,levonorgestrel,instructivo,pendiente
483,FC-01015141,Lubricante Sico Softlube Origin,7506460101514,Latex,56.7 G,cuidado_personal_o_material,,fabricante,pendiente
712,FC-06910487,Broncolin Bicoestol pastillas eucalipto C/16,714706910487,,C/16,revisar_clasificacion,,fabricante,pendiente
246,FC-06249240,Shampoo Savile keratina sábila fuerza reparadora,7506306249240,Surfactantes / formula capilar,700 ML,cuidado_personal_o_material,,fabricante,pendiente
565,FC-43475014,Pañal Diapro Grande,7501943475014,Celulosa absorbente,,cuidado_personal_o_material,,fabricante,pendiente
371,FC-23272151,Jeringa insulina 0.3 ml Sensi Medical,7506022327208,,1 pz,revisar_clasificacion,,fabricante,pendiente
269,FC-24511636,Silica Shine Sily 3/1 Naran,7502224511636,Silice / dimeticone,105 ML,cuidado_personal_o_material,,fabricante,pendiente
226,FC-40025839,Jabon Intimo Lomecan V,6502400258394,Jabon / tensioactivos,200 ML,cuidado_personal_o_material,,fabricante,pendiente
227,FC-40030338,Jabon Intimo Lomecan V Aclar,6502400303384,Jabon / tensioactivos,200 ML,cuidado_personal_o_material,,fabricante,pendiente
944,EQ-MAV358,Avattor 30 Comp 20 Mg,7502009746178,Leflunomida,Caja con 30 comprimidos,medicamento,leflunomida,instructivo,pendiente
225,FC-52816297,Crema Para Peinar Fructis Oil-Repail L-Coco,7509552816297,,300 ML,revisar_clasificacion,,fabricante,pendiente
103,FC-3B001F9B,Amlodipino,7502216804661,Amlodipino,30 TABLETAS,medicamento,amlodipino,instructivo,pendiente
942,EQ-SOF041,Vixgoplisol 60 Tab 500 Mg,7502274791163,Levetiracetam,Caja con 60 tabletas,medicamento,levetiracetam,instructivo,pendiente
852,FC-49025844,Telmisartán 40 mg,7501349025844,,Caja con 28 tabletas,revisar_clasificacion,,fabricante,pendiente
943,EQ-TEM009,Levotiroxina 100 Tab 100 Mcg,7501249600813,Levotiroxina,Caja con 100 tabletas,medicamento,levotiroxina,instructivo,pendiente
85,FC-4A0245DA,Amlodipino,7502216804814,Amlodipino,100 TABLETAS,medicamento,amlodipino,instructivo,pendiente
101,FC-82F88FED,Captopril,7502216792579,CAPTOPRIL,30 TABLETAS,medicamento,captopril,instructivo,pendiente
55,FC-05965071,Acroxil-C,7502001163775,Amoxicilina / Bromhexina,12 CAPSULAS,medicamento,amoxicilina + bromhexina,instructivo,pendiente
591,FC-00525451,XL-3 C/10,6502400525451,Paracetamol + Fenilefrina + Clorfenamina,C/10,medicamento,paracetamol + fenilefrina + clorfenamina,instructivo,pendiente
615,FC-01508201,Antiflu-Des C/24,7501088509773,Amantadina + Clorfenamina + Paracetamol,C/24 capsulas,medicamento,amantadina + clorfenamina + paracetamol,instructivo,pendiente
750,FC-03388008,Velatuss levodropropizina jarabe 120 mL,7502003388008,Levodropropizina 600 mg,Frasco 120 mL + vaso,medicamento,levodropropizina,instructivo,pendiente
458,FC-08485316,Tabcin efervescente C/12,7501008485316,Acido acetilsalicilico + Fenilefrina + Clorfenamina,C/12 tabletas efervescentes,medicamento,acido acetilsalicilico + fenilefrina + clorfenamina,instructivo,pendiente
654,FC-08485408,Tabcin 500 C/12,7501008485408,Paracetamol + Amantadina + Clorfenamina + Fenilefrina,C/12 capsulas,medicamento,paracetamol + amantadina + clorfenamina + fenilefrina,instructivo,pendiente
415,FC-49824771,Prudence Fresa,7502214982477,Latex,C/3,cuidado_personal_o_material,,fabricante,pendiente
655,FC-08499689,Tabcin Active C/12,7501008499689,Paracetamol + Fenilefrina + Dextrometorfano + Guaifenesina,C/12 capsulas,medicamento,paracetamol + fenilefrina + dextrometorfano + guaifenesina,instructivo,pendiente
647,FC-08499702,Tabcin Noche C/12,7501008499702,Paracetamol + Fenilefrina + Dextrometorfano + Doxilamina,C/12 capsulas,medicamento,paracetamol + fenilefrina + dextrometorfano + doxilamina,instructivo,pendiente
445,FC-08427330,Bepanthen Pomada Protectora Contra Rozaduras,7501008427347,Dexpanthenol,30 G 5%,medicamento,dexpanthenol,instructivo,pendiente
237,FC-01165321,Acondicionador Pantene Rizos Definid,7501001165321,,400 ML,revisar_clasificacion,,fabricante,pendiente
948,EQ-AVT216,Soltadol 10 Tab 750 Mg,7502209858084,,,revisar_clasificacion,,fabricante,pendiente
956,EQ-COL133,Nosipren 30 Tab 20 Mg,0780083142827,,,revisar_clasificacion,,fabricante,pendiente
949,EQ-HIS081,Farmarest Salbut 1 Susp/Aer 200do/125,7502213042738,,,revisar_clasificacion,,fabricante,pendiente
152,FC-53506FA4,Enalapril,7502216792845,ENALAPRIL,30 TABLETAS,medicamento,enalapril,instructivo,pendiente
951,EQ-MAV331,Lonvitol 10 Amp .05/2.5 Mg/ 2.5 Ml,7502009747021,,,revisar_clasificacion,,fabricante,pendiente
306,FC-22133286,Shampoo Grisi Rici Oro Miel,7501022133286,Surfactantes / formula capilar,250 ML,cuidado_personal_o_material,,fabricante,pendiente
955,EQ-MAV407,Daimant 14 Caps 100 Mg,7502009749452,,,revisar_clasificacion,,fabricante,pendiente
947,EQ-ULT145,Sildenafil 4 Tab 100 Mg,7502216796843,,,revisar_clasificacion,,fabricante,pendiente
952,EQ-AMS323,Sertralina 14 Tab 50 Mg,7501349021310,,,revisar_clasificacion,,fabricante,pendiente
950,EQ-BEA338,Prednisona 5mg C/Blister 20tab Bea,7501342803104,,,revisar_clasificacion,,fabricante,pendiente
312,FC-40013898,Crema Teatrical Lanol/Ros,6502400138986,Emolientes / lanolina,52 G,cuidado_personal_o_material,,fabricante,pendiente
293,FC-40030963,Crema Teatrical Cel-Ma Nutrit,6502400309638,Emolientes / lanolina,400 ML,cuidado_personal_o_material,,fabricante,pendiente
547,FC-08DB70CB,Bicarbonato Velazquez Grande 200G,7503022640153,Bicarbonato de sodio,bolsa 200g,medicamento,bicarbonato de sodio,instructivo,pendiente
345,FC-16800803,Pañal Diapro Med,7501943474994,Celulosa absorbente,C/10,cuidado_personal_o_material,,fabricante,pendiente
959,EQ-AMS498,Popram 28 Tab 40 Mg,7501349028845,,,revisar_clasificacion,,fabricante,pendiente
714,FC-06910913,Broncolin Bicoestol pastillas cereza C/16,714706910913,,C/16,revisar_clasificacion,,fabricante,pendiente
806,FC-09740268,Cobadex Adulto (Ambroxol/Dextrometorfano) 225-225 mg/100 mL,7502009740268,Ambroxol/Dextrometorfano,Frasco 120 mL con vaso dosificador,medicamento,ambroxol + dextrometorfano,instructivo,pendiente
960,EQ-SON225,Norkin 7 Caps 40 Mg,,,,revisar_clasificacion,,fabricante,pendiente
850,FC-09745393,Siracux Adulto (Oxeladina/Ambroxol) 0.200-0.225 g/100 mL,7502009745393,Oxeladina/Ambroxol,Frasco 120 mL con vaso dosificador,medicamento,oxeladina + ambroxol,instructivo,pendiente
555,FC-1812D26D,Hucius cápsulas,7501590286100,,C/30,revisar_clasificacion,,fabricante,pendiente
417,FC-14982514,Prudence Chocolate,7502214982514,,3 pzs,revisar_clasificacion,,fabricante,pendiente
820,FC-09747168,Fedrimin (Teofilina/Ambroxol) 0.700-0.150 g/100 mL,7502009747168,Teofilina/Ambroxol,Frasco 150 mL con vaso dosificador,medicamento,teofilina + ambroxol,instructivo,pendiente
965,EQ-MAV196,Oxatech 14 Tab 10 Mg,7502009744426,,,revisar_clasificacion,,fabricante,pendiente
751,FC-18754259,Supratex (Levodropropizina) jarabe 120 mL,785118754259,Levodropropizina,Frasco 120 mL,medicamento,levodropropizina,instructivo,pendiente
966,EQ-PHG017,Metronida/Diyohidro 1 Susp,,,,revisar_clasificacion,,fabricante,pendiente
964,EQ-NOV054,Lambliquin 30 Tab 400/200 Mg,7501075717044,,,revisar_clasificacion,,fabricante,pendiente
958,EQ-PGE061,Esterinol 40 Caps 50000ui,7503027446439,,,revisar_clasificacion,,fabricante,pendiente
957,EQ-QUM068,Quimunex 1 Sol 100 Mg/100 Ml,7502223111288,,,revisar_clasificacion,,fabricante,pendiente
963,EQ-SER116,Cyrux 28 Tab 200 Mcg,7501258205221,,,revisar_clasificacion,,fabricante,pendiente
961,EQ-LOE096,Vidalol Plus 20 Tab 10/500 Mg,7502211786788,,,revisar_clasificacion,,fabricante,pendiente
163,FC-52844825,Desodorante Obao Ritual Natural Coco (Mujer),7509552844825,Antitranspirante / desodorante,Roll-ON 65 G,cuidado_personal_o_material,,fabricante,pendiente
224,FC-52910971,Crema Para Peinar Fructis Borrador de Daño,7509552910971,,300 ML,revisar_clasificacion,,fabricante,pendiente
962,EQ-AMS370,Pentoxifilina 30 Tab 400 Mg,7501349028487,,,revisar_clasificacion,,fabricante,pendiente
763,FC-31144302,Collifrin oximetazolina 0.05% solucion 20 mL,7500831144302,Oximetazolina 0.05%,Frasco 20 mL,medicamento,oximetazolina 0.05%,instructivo,pendiente
968,EQ-ULT191,Piroxicam 20 Tab 20 Mg,7502216797376,,,revisar_clasificacion,,fabricante,pendiente
970,EQ-BEA368,Nifedipino 30 Comp 30 Mg,7501342803807,,,revisar_clasificacion,,fabricante,pendiente
760,FC-23111387,Jarabe dropropizina/bromhexina Quimpharma 100 mL,7502223111387,Dropropizina + Bromhexina,Frasco 100 mL,medicamento,dropropizina + bromhexina,instructivo,pendiente
169,FC-06213906,Desodorante Axe Ice Chill 48H (hombre),7506306213906,Antitranspirante / desodorante,SPRAY 150 ML,cuidado_personal_o_material,,fabricante,pendiente
174,FC-06244795,Desodorante Axe Intense 48H (Hombre),7506306244795,Antitranspirante / desodorante,SPRAY 150 ML,cuidado_personal_o_material,,fabricante,pendiente
606,FC-40010712,Tukol-D jarabe Adulto,6502400107128,Guaifenesina + Dextrometorfano,125 ML,medicamento,guaifenesina + dextrometorfano,instructivo,pendiente
589,FC-40017100,XL-3 VR C/24,6502400171006,Paracetamol + Amantadina + Clorfenamina,C/24,medicamento,paracetamol + amantadina + clorfenamina,instructivo,pendiente
46,FC-4C621D07,Vanmoxol,7503001007205,VANMOXOL,1 SUSPENSION,medicamento,vanmoxol,instructivo,pendiente
82,FC-4F737E93,Cloxan,7501573902706,AMBROXOL,1 SOLUCION,medicamento,ambroxol,instructivo,pendiente
972,EQ-EXA045,Neomicina Polimixina-B Bacitracina Ung,,,,revisar_clasificacion,,fabricante,pendiente
150,FC-04D83B46,Pralex,785120755442,Escitalopram,28 TABLETAS,medicamento,escitalopram,instructivo,pendiente
616,FC-5008473,Theraflu TD Limon Resfriado Severo C/10 sobres,7501065008473,Paracetamol + Feniramina + Fenilefrina,C/10 sobres limon,medicamento,paracetamol + feniramina + fenilefrina,instructivo,pendiente
490,FC-60403681,Desenfriol D,7502276040368,Clorfemina/Fenilefrina/Paracetamol,C/30,medicamento,clorfemina + fenilefrina + paracetamol,instructivo,pendiente
87,FC-69A3C416,Wexpec,7503001007694,Salbutamol / Ambroxol,1 SOLUCION,medicamento,salbutamol + ambroxol,instructivo,pendiente
978,EQ-NOV092,Ixicorl 10 Tab 20 Mg,,,,revisar_clasificacion,,fabricante,pendiente
967,EQ-LOE135,Rosanil 7 Tab 500 Mg,7502211783954,,,revisar_clasificacion,,fabricante,pendiente
977,EQ-MAI163,Crostox 30 Tab 20 Mg,0785120755466,,,revisar_clasificacion,,fabricante,pendiente
975,EQ-MAV307,Veratrin 20 Caps 215/25/0.75 Mg,7502009746420,,,revisar_clasificacion,,fabricante,pendiente
973,EQ-NOV176,Pirinovag 10 Tab 500 Mg,7501075727517,,,revisar_clasificacion,,fabricante,pendiente
974,EQ-SON096,Fenimeth V 12 Ovs 500mg/100000 Ui,7502001164697,,,revisar_clasificacion,,fabricante,pendiente
971,EQ-EXA035,Neomici Polimixi B Gramicidi 1 Sol 15 Ml,75049805,,,revisar_clasificacion,,fabricante,pendiente
969,EQ-ALP0410,Nistatina 1 Susp 1 Ui /24 Ml,7503004908844,,,revisar_clasificacion,,fabricante,pendiente
976,EQ-SON153,Nysmosons-V 10 Ovs 500/0.5mg/100000 Ui,7502001164086,,,revisar_clasificacion,,fabricante,pendiente
982,EQ-BIO017,Colpragin 30 Tab 10 Mg,7501573900436,Pravastatina,Caja con 30 tabletas,medicamento,pravastatina,instructivo,pendiente
985,EQ-RAD093,Metronidazol 30 Tab 500 Mg,7501563380316,,,revisar_clasificacion,,fabricante,pendiente
801,FC-73903246,Bromhexina Infantil solución 80 mg/100 mL,7501573903246,,Frasco 100 mL con vaso dosificador,revisar_clasificacion,,fabricante,pendiente
800,FC-73903260,Bromhexina Adulto solución 160 mg/100 mL,7501573903260,,Frasco 100 mL con vaso dosificador,revisar_clasificacion,,fabricante,pendiente
676,FC-7426449,Nesajar 100/300 mg C/16,7502227426449,Pinaverio bromuro; Dimeticona,C/16 capsulas,medicamento,pinaverio bromuro; dimeticona,instructivo,pendiente
797,FC-75710465,Benciefedril jarabe dextrometorfano/guaifenesina,7501075710465,,Frasco 120 mL,revisar_clasificacion,,fabricante,pendiente
167,FC-52876406,Desodorante Obao Men Tatto Aqua (Hombre),7509552876406,Antitranspirante / desodorante,R-ON 65 G,cuidado_personal_o_material,,fabricante,pendiente
795,FC-75723830,Atroxolam (Teofilina/Ambroxol) 7.0-1.5 mg/mL jarabe,7501075723830,Teofilina/Ambroxol,Frasco 150 mL con vaso dosificador,medicamento,teofilina + ambroxol,instructivo,pendiente
807,FC-83144302,Collifrin Adulto (Oximetazolina) 0.05% extra humectante,0780083144302,Oximetazolina,Frasco 20 mL,medicamento,oximetazolina,instructivo,pendiente
219,FC-41500096,Tiraleche de cristal,7501441500096,,1 PZA,revisar_clasificacion,,fabricante,pendiente
449,FC-89794961,Histiacil NF Infantil (Jarabe),7501328979496,AMbroxol/Dextrometorfano,1 JARABE,medicamento,ambroxol + dextrometorfano,instructivo,pendiente
34,FC-85BDBD3D,Acroxil-C,7502001169296,Amoxicilina / Bromhexina,1 SUSPENSION 250 mg/8 mg,medicamento,amoxicilina + bromhexina,instructivo,pendiente
198,FC-42326414,Garnier agua micelar De Rosas,3600542326414,,400 ML,revisar_clasificacion,,fabricante,pendiente
989,EQ-LOE014,Neosedal 1 Jbe 5g/100/120 Ml,7502211780687,,,revisar_clasificacion,,fabricante,pendiente
980,EQ-LOE066,Pensodil-S 5 Sup 200/100 Mg,7502211784043,,,revisar_clasificacion,,fabricante,pendiente
986,EQ-MAV162,Dolxen 10 Tab 500 Mg,7502009741593,,,revisar_clasificacion,,fabricante,pendiente
984,EQ-MAV266,Berniver 2% 1 Ung 15 G,7502009745836,,,revisar_clasificacion,,fabricante,pendiente
983,EQ-QUM006,Mitafar 1 Susp 100mg/5/60 Ml,7502223111073,,,revisar_clasificacion,,fabricante,pendiente
987,EQ-SER165,Estranim 10 Caps 75 Mg,7501258208178,,,revisar_clasificacion,,fabricante,pendiente
990,EQ-SON089,Magnil 1 Jbe 250mg/5/100 Ml,7502001160231,,,revisar_clasificacion,,fabricante,pendiente
988,EQ-SON098,Metroson 1 Susp 250mg/5/120 Ml,7502001164611,,,revisar_clasificacion,,fabricante,pendiente
981,EQ-SON104,Neoderm-F 1 Cma 40g,7502001166028,,,revisar_clasificacion,,fabricante,pendiente
979,EQ-AMS503,Sitagliptina 14 Comp 100 Mg,7501349010048,,,revisar_clasificacion,,fabricante,pendiente
954,EQ-AMS232,Pregabalina 28 Caps 75 Mg,7501349025943,Pregabalina,Caja con 28 cápsulas,medicamento,pregabalina,instructivo,pendiente
999,EQ-BEA429,Metformina 30 Tab 850 Mg,7501342802565,,,revisar_clasificacion,,fabricante,pendiente
953,EQ-ULT146,Pioglitazona 7 Tab 15 Mg,7502216796737,,,revisar_clasificacion,,fabricante,pendiente
992,EQ-BEA416,Metoclopramida 20 Tab 10 Mg,7501342804385,,,revisar_clasificacion,,fabricante,pendiente
994,EQ-BRL053,Direpasid (Metoclopramida) 20 Tab 10 Mg,7502208892638,,,revisar_clasificacion,,fabricante,pendiente
195,FC-46683133,Palmolive Neutro-Bal Dermo Limp,7509546683133,Surfactantes / formula corporal,120 G,cuidado_personal_o_material,,fabricante,pendiente
642,FC-9525015,Eucaliptine Jarabe 140 ml,7501159525015,Dextrometorfano + Sulfoguayacol,Frasco 140 ml,medicamento,dextrometorfano + sulfoguayacol,instructivo,pendiente
193,FC-46059556,Palmolive líquido neutro,7509546059556,Surfactantes / formula corporal,221 ML,cuidado_personal_o_material,,fabricante,pendiente
33,FC-B4477A00,Pentibroxil,7503000422757,AMOXICILINA + AMBROXOL,16 CAPSULAS,medicamento,amoxicilina + ambroxol,instructivo,pendiente
917,EQ-RAD092,Dextrometorfano 1 Jbe 300 Mg/120 Ml,7501563380408,Dextrometorfano,Frasco 120 mL,medicamento,dextrometorfano,instructivo,pendiente
856,FC-36006028,Virindrez Infantil (Oximetazolina) 0.025%,7501836006028,Oximetazolina,Frasco atomizador 20 mL,medicamento,oximetazolina,instructivo,pendiente
887,EQ-QUM070,Drosequim Ad 1 Jbe 300/160/200 Ml,7502223111400,Dropropizina / Bromhexina,Frasco 200 mL,medicamento,dropropizina + bromhexina,instructivo,pendiente
499,FC-08426944,Flanax Gel Naproxeno Sodico,7501008426944,Naproxeno sodico,Gel 40g 5.5%,medicamento,naproxeno sodico,instructivo,pendiente
998,EQ-BIO058,Wadil 30 Tab 500/5 Mg,7501573900252,,,revisar_clasificacion,,fabricante,pendiente
996,EQ-MAI150,Maviglin 60 Grag 500/5 Mg,0785118754204,,,revisar_clasificacion,,fabricante,pendiente
995,EQ-MAV392,Cetilver 1 Gel 8% C/10 G,7502009748448,,,revisar_clasificacion,,fabricante,pendiente
991,EQ-NOV004,Cirulan 20 Tab 10 Mg,7501075710786,,,revisar_clasificacion,,fabricante,pendiente
997,EQ-NOV157,Glunovag 60 Tab 500 Mg,7501075717013,,,revisar_clasificacion,,fabricante,pendiente
1000,EQ-ULT056,Retoflam-F 10 Tab 215/15 Mg,7502216792197,,,revisar_clasificacion,,fabricante,pendiente
1001,EQ-WER040,Punab 30 Tab 50 Mg,7502240450070,,,revisar_clasificacion,,fabricante,pendiente
993,EQ-BEA424,Metoprolol 20 Tab 100mg,7501342804408,,,revisar_clasificacion,,fabricante,pendiente
1005,EQ-AVT213,Menflixil 14 Tab 7.5 Mg,7502209858046,Meloxicam,Caja con 14 tabletas,medicamento,meloxicam,instructivo,pendiente
855,FC-36006042,Virindrez Adulto (Oximetazolina) 0.050%,7501836006042,Oximetazolina,Frasco atomizador 20 mL,medicamento,oximetazolina,instructivo,pendiente
197,FC-43489004,Escudo Rosa Cuidado,7501943489004,Surfactantes / formula corporal,110 G,cuidado_personal_o_material,,fabricante,pendiente
653,FC-46642073,Microdacyn Solucion 60 ml,7502246642073,Acido hipocloroso / solucion antiseptica,Frasco 60 ml,medicamento,acido hipocloroso + solucion antiseptica,instructivo,pendiente
921,EQ-DEG011,Convifer C/Hierro 1 Sol 3/2/.1mg/110,7501825300175,,,revisar_clasificacion,,fabricante,pendiente
1006,EQ-BIO003,Biomesina Compuesta 10 Grag 250/10 Mg,7501573900115,,,revisar_clasificacion,,fabricante,pendiente
89,FC-447B30F9,Budesonida,7501349023987,Budesonida,5 AMPOLLETA,medicamento,budesonida,instructivo,pendiente
637,FC-69200016,Estomaquil Polvo C/20,7501369200016,Bismuto subsalicilato; Hidróxido de magnesio; Carbonato de calcio,C/20 sobres 3 g,medicamento,bismuto subsalicilato; hidroxido de magnesio; carbonato de calcio,instructivo,pendiente
727,FC-9741524,Naturex colágeno hidrolizado tabletas C/60,7502009741524,Colageno,C/60,suplemento_o_natural,,fabricante,pendiente
1124,FMX-500998,Gelcavit-Platinum Capsulas C/30,,,,revisar_clasificacion,,fabricante,pendiente
1126,FMX-501000,Gelcavit-Colors Capsulas C/30,,,,revisar_clasificacion,,fabricante,pendiente
1123,FMX-501003,Gelcavit-Q-10 Capsulas C/30,,,,revisar_clasificacion,,fabricante,pendiente
729,FC-0211225,Dibenel cápsulas vitaminas omega 3 C/30,7501590211225,,C/30,revisar_clasificacion,,fabricante,pendiente
146,FC-2E79C2D8,Hierro Dex,7501349020412,Hierro dextrán,3 AMPOLLETA,medicamento,hierro dextran,instructivo,pendiente
1011,EQ-COL016,Bonazin 1 Fa 50/25/20 Mg,0780083139575,,,revisar_clasificacion,,fabricante,pendiente
1003,EQ-LIF006,Carbafen 30 Tab 400/350mg,7501836000118,,,revisar_clasificacion,,fabricante,pendiente
1002,EQ-MAV175,Flexiver Compuesto 20 Caps 215/7.5 Mg,7502009742101,,,revisar_clasificacion,,fabricante,pendiente
1004,EQ-SON034,Busconet 10 Tab 250/10 Mg,7502001160026,,,revisar_clasificacion,,fabricante,pendiente
1009,EQ-SON091,Meclison 20 Tab 50/25 Mg,7502001162525,,,revisar_clasificacion,,fabricante,pendiente
1007,EQ-SON175,Ardosons 20 Caps 215/25/0.75 Mg,7502001162426,,,revisar_clasificacion,,fabricante,pendiente
1012,EQ-VIT073,Bocetix 1 Sol 50 Mg 150 Ml,7501478317421,,,revisar_clasificacion,,fabricante,pendiente
1010,EQ-BEA426,Oxido De Zinc 1 Pasta 30 G,7501342804590,,,revisar_clasificacion,,fabricante,pendiente
1008,EQ-BEA468,Quetiapina 60 Tab 100 Mg,7506624900908,,,revisar_clasificacion,,fabricante,pendiente
939,EQ-ULT230,Levonorgestrel 1 Tab 1.5 Mg,7502216806474,Levonorgestrel,Caja con 1 tableta,medicamento,levonorgestrel,instructivo,pendiente
1020,EQ-BEA336,Neomi/Cao/Pecti 20tab 129/280/30 Mg,7501342804583,,,revisar_clasificacion,,fabricante,pendiente
342,FC-00003920,Arnica Mercurio,3311000003944,Producto homeopatico / natural,Globulos,suplemento_o_natural,,fabricante,pendiente
1021,EQ-AMS463,Butilhioscina 10 Tab 10 Mg,7501349024601,,,revisar_clasificacion,,fabricante,pendiente
1017,EQ-LIF039,Tiniazol 1 Shampoo 2g/120 Ml,7501836000927,Ketoconazol,Frasco 120 mL,medicamento,ketoconazol,instructivo,pendiente
262,FC-92503558,Ego Magnetic Fij-Alta,7506192503358,,200 g,revisar_clasificacion,,fabricante,pendiente
1019,EQ-APO142,Espadiva 10 Tab 20/400 Mg,7501277091034,,,revisar_clasificacion,,fabricante,pendiente
263,FC-99425580,Gel X-Treme Titan,7501199425580,,250 G,revisar_clasificacion,,fabricante,pendiente
719,FC-00204798,Omelina Gel Omega 3-6-9 linaza orgánica C/60,7503002047958,Aceite de linaza organica,C/60,medicamento,aceite de linaza organica,instructivo,pendiente
560,FC-C8B741F6,FC producto botiquín,,,,revisar_clasificacion,,fabricante,pendiente
305,FC-46650708,Shampoo Mennen lavanda extracto avena,7509546650708,Surfactantes / formula capilar,200 ML,cuidado_personal_o_material,,fabricante,pendiente
271,FC-46655055,Mousse Caprice Volum-Cirl,7509546655055,,200 G,revisar_clasificacion,,fabricante,pendiente
728,FC-0287855,Vita Kid-C jarabe vitamina C naranja 240 ml,7501590287855,Vitamina c,240 ML,suplemento_o_natural,,fabricante,pendiente
646,FC-08421321,Redoxon 1g 2-pack Naranja,7501008421321,Acido ascorbico (Vitamina C),Caja 2 tubos x 10 tab,suplemento_o_natural,,fabricante,pendiente
328,FC-46655727,Jabon Mennen Baby Magic Lavan Hipoalerg,7509546655727,Jabon / tensioactivos,90 G,cuidado_personal_o_material,,fabricante,pendiente
1013,EQ-COD086,Bano Coloide 1 Pvo 96.5/2/90 G,7503028771684,,,revisar_clasificacion,,fabricante,pendiente
1016,EQ-COL239,Volfenac Gel 1 Gel 2.32g/100 G,0780083149024,,,revisar_clasificacion,,fabricante,pendiente
1018,EQ-LIF153,Realdrax Mxd 10 Tab 20/400 Mg,7501836010087,,,revisar_clasificacion,,fabricante,pendiente
1015,EQ-NOV137,Nineka 20 Tab 129/280/30 Mg,7501075722253,,,revisar_clasificacion,,fabricante,pendiente
1014,EQ-VIT055,Rotumal 1 Gel 60g/1.16 %,7502227426869,,,revisar_clasificacion,,fabricante,pendiente
1022,EQ-QUI096,Levo. Etinilestradiol 21 Tab 0.15/0.03 M,7501644707506,,,revisar_clasificacion,,fabricante,pendiente
27,FC-697EEAD0,Kurtosil,7502009747656,Ácido fusídico / Betametasona,1 CREMA,medicamento,acido fusidico + betametasona,instructivo,pendiente
421,FC-62746605,Jarabe Ajolotiux Orig Con Miel,7500462746605,Mezcla herbal con Vitaminas C & A,250 mL,suplemento_o_natural,,fabricante,pendiente
482,FC-65095718,Centrum Balance,7501065095718,Multivitaminico + minerales,C/30,suplemento_o_natural,,fabricante,pendiente
641,FC-8062229,Pharmaton Complete,3664798062229,Multivitaminas + Ginseng G115,C/30 tabletas,suplemento_o_natural,,fabricante,pendiente
645,FC-8421321,Redoxon 1g Naranja,7501008409527,Acido ascorbico (Vitamina C),10 tab,suplemento_o_natural,,fabricante,pendiente
682,FC-8505126,Neuralin solucion inyectable,7501088505126,Complejo B + Lidocaina + Dexametasona,C/2 ampolletas (No.1 + No.2),medicamento,complejo b + lidocaina + dexametasona,instructivo,pendiente
412,FC-49824911,Prudence condones uva C/3,7502214982491,Latex,C/3,cuidado_personal_o_material,,fabricante,pendiente
1132,FC-84500546,Cintapore cinta microporosa piel 2.5 cm x 5m,7506484500546,,Rollo 2.5 cm x 5m color piel,revisar_clasificacion,,fabricante,pendiente
1184,FC-28833707,Levofloxacino 500 mg Caja con 7 tabletas beadvance,7501342802954,Levofloxacino,Caja con 7 tabletas,medicamento,levofloxacino,instructivo,pendiente
1185,FC-09741425,Fasiclor 500 mg Caja con 15 cápsulas Maver,7502009741425,Cefaclor,Caja con 15 cápsulas,medicamento,cefaclor,instructivo,pendiente
37,FC-01B2F362,Fasiclor 250 mg/ 5 mL,7502009741050,CEFACLOR 250 mg/ 5 mL,1 SUSPENSION,medicamento,cefaclor,instructivo,pendiente
720,FC-9892403,Naturex citrato de magnesio y lecitina de soya C/30,7502259892403,citrato de magnesio y lecitina de soya,C/30,medicamento,citrato de magnesio y lecitina de soya,instructivo,pendiente
1025,EQ-BIO021,Docsi 20 Tab 4 Mg,7501573900153,,,revisar_clasificacion,,fabricante,pendiente
1030,EQ-BIO188,Broxtorfan Inf 1 Jbe 150/113 Mg/120 Ml,7501573908036,,,revisar_clasificacion,,fabricante,pendiente
1024,EQ-BRL072,Lo Bruquin 2 Tab 150/200 Mg,7502208894915,,,revisar_clasificacion,,fabricante,pendiente
1026,EQ-COD060,Maracina 1 Spray 30 Ml 150 Mg /100 Ml,7503028771400,,,revisar_clasificacion,,fabricante,pendiente
1033,EQ-HIS045,Cifhir 1 Gel 60g/5 %,7502213040871,,,revisar_clasificacion,,fabricante,pendiente
1029,EQ-PGE046,Progelben 20 Caps 100 Mg,7503008344211,,,revisar_clasificacion,,fabricante,pendiente
1032,EQ-SON164,Clotrinazol Dual 3 Ovs 200mg 1cma 10g,7502001163485,,,revisar_clasificacion,,fabricante,pendiente
1027,EQ-STR008,Trociletas-B Limon. 12 Tab 2.5/10 Mg,7501547522145,,,revisar_clasificacion,,fabricante,pendiente
1028,EQ-BIO136,Lozamir-C 1 Cma 1/30 G,7501573904403,,,revisar_clasificacion,,fabricante,pendiente
1023,EQ-ALP0526,Clioquinol 1 Cma 3% 20 G,7503004908677,,,revisar_clasificacion,,fabricante,pendiente
1040,EQ-MAV387,Trimebut/Simetic Sup Ped 0.60g/0.60g,,,,revisar_clasificacion,,fabricante,pendiente
1186,FC-52200809,Cina 750 mg Caja con 7 tabletas Landsteiner,7502225092486,Levofloxacino 750 mg,Caja con 7 tabletas,medicamento,levofloxacino,instructivo,pendiente
1038,EQ-SER183,Murreolak 20 Tab Efervecentes 600 Mg,7501258215954,,,revisar_clasificacion,,fabricante,pendiente
196,FC-06241206,Dove tono uniforme 72h,7506306241206,Surfactantes / formula corporal,SPRAY 150 ML,cuidado_personal_o_material,,fabricante,pendiente
182,FC-38891190,Jabon Dove Original,0672388911904,Jabon / tensioactivos,135 G,cuidado_personal_o_material,,fabricante,pendiente
1187,FC-49021044,Clindamicina 600 mg/4 mL Caja con 5 ampolletas AMSA,7501349021044,Clindamicina,Caja con 5 ampolletas,medicamento,clindamicina,instructivo,pendiente
1192,FC-00001049,Pomada de árnica Tarro 50 g Mercurio,3311000001049,Árnica,Tarro 50 g,suplemento_o_natural,,fabricante,pendiente
548,FC-89F00320,Mercurio Arnica,,Arnica montana,C/25,suplemento_o_natural,,fabricante,pendiente
1036,EQ-MAV410,Benzocaina 1 Gel 10 G .1/1 G,7502009747205,,,revisar_clasificacion,,fabricante,pendiente
53,FC-7D1D9857,Acetilsalicilico,,Acido acetilsalicilico,30 TABLETAS,medicamento,acido acetilsalicilico,instructivo,pendiente
47,FC-022543CD,Valclan,,AMOXICILINA/AC. CLAVULANICO,10 TABLETAS,medicamento,amoxicilina + ac. clavulanico,instructivo,pendiente
513,FC-2E5B7248,Reumatol,,MENTOL + ALCANFOR + METILSALICILATO,60 G,medicamento,mentol + alcanfor + metilsalicilato,instructivo,pendiente
129,FC-6898B64F,Bioerter,,CETIRIZINA,1 SUSPENSION,medicamento,cetirizina,instructivo,pendiente
181,FC-22105207,Jabon Grisi Neutro,7501022105207,Jabon / tensioactivos,150 G,cuidado_personal_o_material,,fabricante,pendiente
59,FC-3A4583F3,Penipot bencilpenicilina procainica,7501349012172,BENCILPENICILINA,1 FRASCO AMPULA,medicamento,bencilpenicilina,instructivo,pendiente
554,FC-4F05124E,Gelcavit-9M cápsulas C/30,7501130713868,,C/30,revisar_clasificacion,,fabricante,pendiente
1037,EQ-BIO167,Bixen 12 Tab 550 Mg,7501573908104,,,revisar_clasificacion,,fabricante,pendiente
1039,EQ-CMD015,Materfol 90 Comp 0.4 Mg,7501590222214,,,revisar_clasificacion,,fabricante,pendiente
1043,EQ-COL258,Alzocid 4 Tab 20 Mg,0780083149055,,,revisar_clasificacion,,fabricante,pendiente
1031,EQ-FAC0057,Farmiver Infantil 1 Susp 100/400mg/10,7502006921967,,,revisar_clasificacion,,fabricante,pendiente
1035,EQ-LOE131,Faribrox Tm Inf 1 Jbe 150/113mg/100/150,7502211789284,,,revisar_clasificacion,,fabricante,pendiente
1041,EQ-MAV239,Linexel Lp 20 Caps 75 Mg,7502009745386,,,revisar_clasificacion,,fabricante,pendiente
1042,EQ-QUM052,Quimikan 1 Sol C/ Apli 10 Ml 200mg/ 1 Ml,7502223112445,,,revisar_clasificacion,,fabricante,pendiente
1034,EQ-WER025,Amantadina(Rosel) 24 Caps 50/3/300 Mg,7503003738404,,,revisar_clasificacion,,fabricante,pendiente
166,FC-27286017,Desodorante Obao Classic (Hombre),7501027286017,Antitranspirante / desodorante,R-ON 65 G,cuidado_personal_o_material,,fabricante,pendiente
1054,EQ-RAM014,Fermig 2 Tab 100 Mg,7502227871058,Sumatriptán,Caja con 2 tabletas,medicamento,sumatriptan,instructivo,pendiente
599,FC-50608272,Contac Ultra,75029650608272,Paracetamol + Fenilefrina + Clorfenamina,12 TABLETAS,medicamento,paracetamol + fenilefrina + clorfenamina,instructivo,pendiente
1051,EQ-BEA403,Tamsulosina 20 Caps 0.4 Mg,7502209851528,,,revisar_clasificacion,,fabricante,pendiente
618,FC-50724298,Tempra jarabe Infantil,7501058714305,Paracetamol,120 ML,medicamento,paracetamol,instructivo,pendiente
1048,EQ-SON220,Clotrimazol 1 Ov 500 Mg,7502001164413,,,revisar_clasificacion,,fabricante,pendiente
1047,EQ-ULT224,"Telmisartan, Hidroclo 14 Tab 80/12.5 Mg",7502216803244,,,revisar_clasificacion,,fabricante,pendiente
722,FC-13071164,Gelcavit Q-10 coenzima Q10 jalea real C/30,7501130711642,coenzima Q10 jalea real,C/30,medicamento,coenzima q10 jalea real,instructivo,pendiente
382,FC-50882017,Dermodine Espuma 120 mL,7501250882017,Iodopovidona,,medicamento,iodopovidona,instructivo,pendiente
1055,EQ-MAV401,Dexpantenol 1 Cma 5% 30 G,,,,revisar_clasificacion,,fabricante,pendiente
1046,EQ-BIO112,Gristalit 1 Jbe 600/100mg/30 Ml,7501573904700,,,revisar_clasificacion,,fabricante,pendiente
1050,EQ-DEN074,Delaphil 14 Tab 5 Mg,7506476200126,,,revisar_clasificacion,,fabricante,pendiente
1049,EQ-LIF033,Queratal 1 Cma 20 G,7501836002020,,,revisar_clasificacion,,fabricante,pendiente
1044,EQ-LIF064,Cineprac 20 Tab 200 Mg,7501836002969,,,revisar_clasificacion,,fabricante,pendiente
946,EQ-MAI144,Figral 10 Tab 100 Mg,0785118753962,,,revisar_clasificacion,,fabricante,pendiente
1052,EQ-MAV206,Versalver 30 Comp 80 Mg,7502009744839,,,revisar_clasificacion,,fabricante,pendiente
1045,EQ-NUC034,Tefilinb 28 Tab 2 Mg,7506353200645,,,revisar_clasificacion,,fabricante,pendiente
1053,EQ-SER117,Lisertil 30 Tab 2.5 Mg,7501258205474,,,revisar_clasificacion,,fabricante,pendiente
311,FC-09419324,Pasta Dent Sensodyne Original,7896009419324,Fluoruro de sodio,3 oz,medicamento,fluoruro de sodio,instructivo,pendiente
1057,EQ-PBY008,Max Sens Passion Mix 1 Blister 3+1,7503014377180,,3+1 extra delgados Passion Mix,revisar_clasificacion,,fabricante,pendiente
154,FC-FD92D114,Ovisen,7501573900290,FLUOXETINA,14 TABLETAS,medicamento,fluoxetina,instructivo,pendiente
723,FC-9890331,Lactiv Kids proteína soya probióticos sobres C/6,7502259890331,,C/6,revisar_clasificacion,,fabricante,pendiente
287,FC-08802838,Crema Nivea Softmilk,4005808802838,Emolientes / humectantes,400 mL,dermocosmetico,,fabricante,pendiente
160,FC-1DAD5EF1,Tusilen adulto jarabe,7502209810365,Dextrometorfano / Guaifenesina / Fenilefrina,118 ML,medicamento,dextrometorfano + guaifenesina + fenilefrina,instructivo,pendiente
1063,EQ-SAN025,Revenox 60 Tab 3 Mg,714908100228,Melatonina,Frasco con 60 tabletas,suplemento_o_natural,,fabricante,pendiente
1059,EQ-NOV179,Acetif 10 Tab 500 Mg,7501075727425,PARACETAMOL,Caja con 10 tabletas,medicamento,paracetamol,instructivo,pendiente
1061,EQ-AMS292,Pantoprazol 7 Tab 20 Mg,,Pantoprazol,Caja con 7 tabletas,medicamento,pantoprazol,instructivo,pendiente
1058,EQ-MAV263,Galaver Gel 10 Sob 80mg/10mg/10 Ml,7502009745522,Magaldrato / Dimeticona,Caja con 10 sobres de 10 mL,medicamento,magaldrato + dimeticona,instructivo,pendiente
1062,EQ-SON233,Zimeton 20 Tab 130/50/40 Mg,,Pancreatina / Extracto de bilis / Dimeticona,Caja con 20 tabletas,suplemento_o_natural,,fabricante,pendiente
1064,EQ-QUI091,Magsokon 1 Caja 26 G,,Sulfato de magnesio,Bolsa 26 g,medicamento,sulfato de magnesio,instructivo,pendiente
1060,EQ-GEP049,X-Trid 12 Caps 15mg/5mg/2mg/250mg,7502227427392,,Caja con 12 cápsulas,revisar_clasificacion,,fabricante,pendiente
1056,EQ-PBY007,Max Sens Tropicana Mix 1 Blister 3+1,7503014377197,,3+1 extra delgados Tropicana Mix,revisar_clasificacion,,fabricante,pendiente
1065,EQ-PYG016,Metanucil 1 Polvo Sabor Natural 504 G,0020800790246,Plantago psyllium,Bote 504 g sabor natural,medicamento,plantago psyllium,instructivo,pendiente
544,FC-FEAECBF1,Mercurio Tepezcohuite,3311000001087,Producto homeopatico / natural,50 g,suplemento_o_natural,,fabricante,pendiente
362,FC-19006623,Saba buenas noches,7501019050664,Celulosa absorbente,C/8,cuidado_personal_o_material,,fabricante,pendiente
539,FC-FFC25DD1,Perilla N4,,Material plastico,PIEZA,cuidado_personal_o_material,,fabricante,pendiente
186,FC-22150801,Jabon Grisi Avena,7501022150801,Jabon / tensioactivos,125 G,cuidado_personal_o_material,,fabricante,pendiente
724,FC-08100013,Eucalín jarabe miel y propóleo 120 ml,714908100013,Mezcla de Plantas y propoleo,120 ML,medicamento,mezcla de plantas y propoleo,instructivo,pendiente
1066,EQ-BRL072-1,Lo Bruquin 2 Tab 150/200 Mg,,,,revisar_clasificacion,,fabricante,pendiente
1070,FC-30713851,Gelcavit Platinum capsulas 1.39 g C/30,7501130713851,"Coenzima Q-10, aceite de primula, aceite de germen de trigo, vitaminas y minerales",Caja 30 capsulas de 1.39 g,suplemento_o_natural,,fabricante,pendiente
1069,FC-20089077,Exzon tabletas masticables 490 mg C/90 sabor uva,7503020089077,"Fibra soluble de maiz, bioflavonoides citricos, Bacillus coagulans, vitaminas A, C y D3",Caja 90 tabletas masticables de 490 mg,suplemento_o_natural,,fabricante,pendiente
1071,FC-30713547,Gelcavit Colors capsulas 0.62 g C/30,7501130713547,"Aceite de germen de trigo, vitaminas y minerales",Caja 30 capsulas de 0.62 g,suplemento_o_natural,,fabricante,pendiente
1073,FC-09749063,Sol Sun protector solar facial crema hidratacion profunda,7502009749063,Acido hialuronico y aloe vera,Crema facial en tubo,medicamento,acido hialuronico y aloe vera,instructivo,pendiente
1072,FC-MULIER30,Gelcavit Mulier capsulas 1.54 g C/30,7501130709847,"Isoflavonas de soya, lecitina de soya, vitaminas y minerales",Caja 30 capsulas de 1.04 g,suplemento_o_natural,,fabricante,pendiente
361,FC-33950209,Pediasure vainilla,7501033956294,Suplemento nutricional,237 ML,suplemento_o_natural,,fabricante,pendiente
1074,FMX-506935,Normogotero-Sensimedical Piezas C/1 S/Aguja,,,,revisar_clasificacion,,fabricante,pendiente
188,FC-14119032,Jabón azufre con miel,7503014119032,,,revisar_clasificacion,,fabricante,pendiente
1077,FMX-302947,Citrato Magnesio/Lecitina Soya-Naturex Capsulas C/30,,,,revisar_clasificacion,,fabricante,pendiente
1081,FMX-501619,Eucalin-Miel Jarabe C/120 Ml,,,,revisar_clasificacion,,fabricante,pendiente
1083,FMX-502465,Colageno-Naturex Tabletas C/60,,,,revisar_clasificacion,,fabricante,pendiente
1079,FMX-502700,La-Femme Capsulas C/30,,,,revisar_clasificacion,,fabricante,pendiente
1082,FMX-505937,Pleniform-40 Tabletas C/30,,,,revisar_clasificacion,,fabricante,pendiente
1084,FMX-301721,Vita/Kid/C Jarabe C/240 Ml,,,,revisar_clasificacion,,fabricante,pendiente
1085,FMX-500999,Gelcavit-Ho Capsulas C/30,7501130709830,"Cápsulas con L Arginina, Lecitina y Vitaminas",Caja 30 capsulas de 1.13 g,suplemento_o_natural,,fabricante,pendiente
1092,FMX-300861,Fotosun-Uv100 Crema C/125 Ml 50-Fps,,,,revisar_clasificacion,,fabricante,pendiente
184,FC-40036965,Jabon Asepxia Bicarbon,6502400369656,Jabon / tensioactivos,100 G,cuidado_personal_o_material,,fabricante,pendiente
1089,FMX-302884,Sol-Sun Crema C/50 Gr 50-Fps/Ah Av,,,,revisar_clasificacion,,fabricante,pendiente
762,FC-53601339,Daclafin subsalicilato bismuto susp. 120 mL,7502253601339,Subsalicilato de bismuto,Frasco 120 mL,medicamento,subsalicilato de bismuto,instructivo,pendiente
1097,FMX-303091,Piojitos Shampoo C/150 Gr,793969285204,Agentes surfactantes,150G,cuidado_personal_o_material,,fabricante,pendiente
1096,FMX-300936,Lady-Femm Parche C/1,7502009747144,HIERRO/CARBON ACTIVADO,C/1,medicamento,hierro + carbon activado,instructivo,pendiente
1093,FMX-302138,Biotina-Naturex Capsulas C/30,7502259892144,Vitamina E/ ACEITE DE GERMEN DE TRIGO,C/30,suplemento_o_natural,,fabricante,pendiente
1098,FMX-500311,Ali-Gomitas Gomitas C/60,7501590281495,INULINA/INOSITOL/COLINA,C/60,medicamento,inulina + inositol + colina,instructivo,pendiente
1095,FMX-302907,Iverkram Capsulas C/30,7501590288715,PSIDIUM GUAJAVA/ MELISSA OFFICINALIS,C/30,medicamento,psidium guajava + melissa officinalis,instructivo,pendiente
1090,FMX-504851,Pioklean Spray C/130 Ml,7502008986933,Mezcla de Hierbas,130 mL,medicamento,mezcla de hierbas,instructivo,pendiente
1094,FMX-302906,Vizano Capsulas C/30,7501590288838,ZINC,C/30,medicamento,zinc,instructivo,pendiente
1091,FMX-502473,Dibenel-Max Capsulas C/30,7501590282829,"QUERCITINA, OMEGA 3 Y 6, VIT Y MIN",C/30,suplemento_o_natural,,fabricante,pendiente
1108,FMX-505399,Saludol-Corporal Gel C/100 Gr,714908105650,"MENTOL, CANEDULA,ARNICA,SABILA",100 G,suplemento_o_natural,,fabricante,pendiente
1101,FMX-301546,Montelukast-Neolpharma Tabletas 5 Mg C/20,7501384545574,MONTELUKAST,C/20,medicamento,montelukast,instructivo,pendiente
1106,FMX-303355,Taflavix Frasco C/40,714908105940,VALERIANA,C/40,medicamento,valeriana,instructivo,pendiente
1104,FMX-504790,Gelcavit-Gem Capsulas C/30,7501130742134,,C/30,revisar_clasificacion,,fabricante,pendiente
1099,FMX-502046,Calazin Suspension Topica C/180 Ml,637420223803,Calamina,180 mL,medicamento,calamina,instructivo,pendiente
284,FC-54500216,Crema Nivea de Tarro Crist,7501054500216,Emolientes / humectantes,400 ML,dermocosmetico,,fabricante,pendiente
1102,FMX-301516,Aceite bebé Jaloma manzanilla y caléndula 120 ml,759684154881,parafina,120 mL,cuidado_personal_o_material,,fabricante,pendiente
1100,FMX-502376,Norapred Tabletas 50 Mg C/20,7501537102395,PREDNISONA,C/20,medicamento,prednisona,instructivo,pendiente
1109,FMX-502386,Guaxoquim Jarabe C/140 Ml,7502223112193,guaifenesina/oxolamina,100 mL,medicamento,guaifenesina + oxolamina,instructivo,pendiente
1103,FMX-301081,Hudiclor Tabletas 250 Mg C/28,780083148980,TERBINAFINA,C/28,medicamento,terbinafina,instructivo,pendiente
1107,FMX-507495,Senloir Tabletas 10 Mg C/20,780083148904,MONTELUKAST,C/20,medicamento,montelukast,instructivo,pendiente
1105,FMX-300591,Bio-Clap-Repelente Spray C/60 Ml,759684471452,"Citronela, té de limón",60 mL,medicamento,"citronela, te de limon",instructivo,pendiente
1110,FMX-302287,Belapiel/Piernas-Cansadas Crema C/200 Gr,7502009748196,"CENTELLA ASIATICA, CASTAÑA DE INDIAS",200 G,medicamento,"centella asiatica, castana de indias",instructivo,pendiente
1111,FMX-505289,Diclofenaco/Complejo-B-Ultra Grageas C/30,7502216790865,DICLOFENACO C/COMPLEJO B,C/30,medicamento,diclofenaco c + complejo b,instructivo,pendiente
323,FC-54503095,Crema Nivea Tarro,7501054503095,Emolientes / humectantes,100 ML,dermocosmetico,,fabricante,pendiente
292,FC-54504535,Crema corporal Nivea Milk,7501054504535,Emolientes / humectantes,400 ML,dermocosmetico,,fabricante,pendiente
1075,FMX-301138,Cinta-Microporosa-Codifarma 2.5 Cm X 5 M C/1 Blanco,,,,revisar_clasificacion,,fabricante,pendiente
171,FC-55280956,Desodorante Obao Men Tattoo Rebel (Hombre),7509552780956,Antitranspirante / desodorante,R-ON 65 G,cuidado_personal_o_material,,fabricante,pendiente
1113,FMX-307626,Bromuro-Pinaverio-Alpharma Tabletas 100 Mg C/14,7501384505271,BROMURO DE PINAVERIO,C/14,medicamento,bromuro de pinaverio,instructivo,pendiente
569,FC-56371159,Jabon Dove Exfoliacion,7501056371159,Jabon / tensioactivos,135 G,cuidado_personal_o_material,,fabricante,pendiente
1114,FMX-303280,Melnotex Tabletas 5 Mg C/20,7502274792115,MELATONINA,C/20,suplemento_o_natural,,fabricante,pendiente
1112,FMX-302206,Belapiel/Golpes Ungüento C/75 Gr,7502009748011,ARNICA/CANEDULA/ALOE VERA,75 G,suplemento_o_natural,,fabricante,pendiente
1116,FMX-506781,Cateter/Intravenoso-Sumitex Pu 24 G X 19 Mm C/1 Amarillo,7506022316493,,C/1,revisar_clasificacion,,fabricante,pendiente
1115,FMX-301025,Mascarilla-Nebulizacion-Sensimedical Bolsa C/1 Con Nebulizador Pediatrica,7506022330901,,C/1,revisar_clasificacion,,fabricante,pendiente
634,FC-54558682,Nivea Milk Crema corp 400 ML,7501054558682,Emolientes / humectantes,400 ML,dermocosmetico,,fabricante,pendiente
1120,FMX-300644,Guante/Esteril-Protec Clasico C/100 Mediano,7501048942442,,100 PZ,revisar_clasificacion,,fabricante,pendiente
1118,FMX-301565,Jeringa-Sensimedical 60 Ml Pivote/Concentrico,7506022307897,,C/1,revisar_clasificacion,,fabricante,pendiente
1119,FMX-302168,Venda/Stick 5 Cm X 4.5 M C/1 Azul,7506484500126,,1 ROLLO,revisar_clasificacion,,fabricante,pendiente
581,FC-54549796,Crema Nivea Milk Nutritiva,7501054549796,Emolientes / humectantes,100 mL,dermocosmetico,,fabricante,pendiente
1117,FMX-503320,Solucion-Pisa Cs 0.9 C/1000 Ml,7501125100130,,1000 mL,revisar_clasificacion,,fabricante,pendiente
1121,FMX-504321,Aguja-Hipodermica-Sensimedical 22 G X 32 Mm C/1 Negro,,,C/1,revisar_clasificacion,,fabricante,pendiente
318,FC-56326142,Crema Ponds Suave y Tersa,7501056326142,,100 G,revisar_clasificacion,,fabricante,pendiente
289,FC-56330309,Crema Ponds Clarant B3,7501056330309,,100 G,revisar_clasificacion,,fabricante,pendiente
215,FC-56330378,Ponds desmaquillante Bio-Hydra dual,7501056330378,,200 ML,revisar_clasificacion,,fabricante,pendiente
240,FC-56340025,Crema Para Peinar Sedal Restauracion Inst,7501056340025,,300 ML,revisar_clasificacion,,fabricante,pendiente
726,FC-9890973,Lactiv adulto proinulina bióticos sobres C/6,7502259890973,proinulina bióticos,C/6,medicamento,proinulina bioticos,instructivo,pendiente
433,FC-62746643,Ajolotius menta eucalipto pastillas,7500462746643,con azúcar,C/10,medicamento,con azucar,instructivo,pendiente
155,FC-57925EF3,Reglusan,7501075714739,GLIBENCLAMIDA,50 TABLETAS,medicamento,glibenclamida,instructivo,pendiente
577,FC-56340117,Crema Para Peinar Sedal Liso Perfecto,7501056340117,,300 mL,revisar_clasificacion,,fabricante,pendiente
253,FC-56340124,Crema Para Peinar Sedal Ceramida,7501056340124,,300 ML,revisar_clasificacion,,fabricante,pendiente
236,FC-56340131,Crema Para Peinar Sedal Rizos Definidos,7501056340131,,300 ML,revisar_clasificacion,,fabricante,pendiente
239,FC-56360429,Talco para pies Rexona Efficient Orig,7501056360429,Talco / zinc undecilenato,200 G,cuidado_personal_o_material,,fabricante,pendiente
610,FC-58367129,Condón Sico Negro Feel,7501058367129,Latex,C/3,cuidado_personal_o_material,,fabricante,pendiente
551,FC-5D59ED54,Mercurio Cloruro De Magnesio Cajita,3311000000776,Producto homeopatico / natural,bolsa 100g,suplemento_o_natural,,fabricante,pendiente
446,FC-58792792,Tempra,7501058792792,Paracetamol/fenilefrina/carbinoxamina,C/12 400mg/20mg/4mg,medicamento,paracetamol + fenilefrina + carbinoxamina,instructivo,pendiente
534,FC-578F060C,Mercurio Borax Polvo,3311000003739,Producto homeopatico / natural,C/50,suplemento_o_natural,,fabricante,pendiente
392,FC-59225411,Leche en polvo Nido Kinder,7501059225411,,360 g,revisar_clasificacion,,fabricante,pendiente
516,FC-5A697CC2,Mercurio Aceite Olivo,3311000001582,Producto homeopatico / natural,50 mL,suplemento_o_natural,,fabricante,pendiente
459,FC-65095947,Centrum Silver + 50,7501065095947,Multivitaminico + minerales,C/30,suplemento_o_natural,,fabricante,pendiente
251,FC-61111501,Talco Desodorante ODolex,7501361111501,Antitranspirante / desodorante,150 G,cuidado_personal_o_material,,fabricante,pendiente
217,FC-61113000,Talco Desodorante ODolex,7501361113000,Antitranspirante / desodorante,300 g,cuidado_personal_o_material,,fabricante,pendiente
218,FC-61123009,Talco Desodorante Odolex Naturals,7501361123009,Antitranspirante / desodorante,300 G,cuidado_personal_o_material,,fabricante,pendiente
252,FC-61124013,Talco Desodorante Odolex Fresh,7501361124013,Antitranspirante / desodorante,150 G,cuidado_personal_o_material,,fabricante,pendiente
380,FC-68900127,Gasa 10 x 10,7501868900127,Material de curacion,PAQ 10,cuidado_personal_o_material,,fabricante,pendiente
48,FC-64EB83AA,Compl,,,1 FRASCO AMPULA,revisar_clasificacion,,fabricante,pendiente
552,FC-66055303,Prueba Embarazo Meditest,7506022315281,Gonadotropina corionica (test),C/1,medicamento,gonadotropina corionica (test),instructivo,pendiente
349,FC-68901124,Alcohol Etilico Azul 71.6,7501868901124,Alcohol etilico,500 ML,cuidado_personal_o_material,,fabricante,pendiente
514,FC-62034164,Mercurio Espiritus Untar,3311000001605,Producto homeopatico / natural,50 mL,suplemento_o_natural,,fabricante,pendiente
619,FC-64560163,Iodex Cristal,7501064560163,Mentol + eucalipto,60 G,medicamento,mentol + eucalipto,instructivo,pendiente
194,FC-67905186,Blumen coconut líquido,7506267905186,Surfactantes,221 ML,cuidado_personal_o_material,,fabricante,pendiente
339,FC-68900226,Alcohol Etilico Rojo 96°,7501868900226,Alcohol etilico,250 ML,cuidado_personal_o_material,,fabricante,pendiente
337,FC-68900264,Alcohol Etilico Rojo 96°,7501868900264,Alcohol etilico,125 ML,cuidado_personal_o_material,,fabricante,pendiente
348,FC-68901117,Alcohol Etilico Azul 71.6,7501868901117,Alcohol etilico,250 ML,cuidado_personal_o_material,,fabricante,pendiente
347,FC-68901131,Alcohol Etilico Azul 71.6,7501868901131,Alcohol etilico,1 L,cuidado_personal_o_material,,fabricante,pendiente
372,FC-68910041,Algodón 25g,7501868910041,,25g,revisar_clasificacion,,fabricante,pendiente
338,FC-68960257,Alcohol Etilico Rojo 96°,7501868900257,Alcohol etilico,1 L,cuidado_personal_o_material,,fabricante,pendiente
93,FC-6B2ADEE9,Protect aerosol 200 dosis,7501109900008,Budesonida + Formoterol,12.80 G,medicamento,budesonida + formoterol,instructivo,pendiente
221,FC-72300171,Talco Desodorante Ting polvo,7501072300171,Antitranspirante / desodorante,85 G,cuidado_personal_o_material,,fabricante,pendiente
270,FC-75001865,Brillantina Palmolive,75001865,Surfactantes / formula corporal,115 mL,cuidado_personal_o_material,,fabricante,pendiente
178,FC-75062897,Desodorante Rexona Bamboo 48H,75062897,Antitranspirante / desodorante,STICK 45 G,cuidado_personal_o_material,,fabricante,pendiente
183,FC-75062927,Desodorante Rexona Pom-Dry 48 H,75062927,Antitranspirante / desodorante,STICK 45 G,cuidado_personal_o_material,,fabricante,pendiente
192,FC-75069223,Rexona Sport Stick,75069223,Antitranspirante,45 g,cuidado_personal_o_material,,fabricante,pendiente
452,FC-80950139,Condones Trojan Pro-Tech,7501080950139,Latex,3 pzs,cuidado_personal_o_material,,fabricante,pendiente
384,FC-76000277,Vitacilina crema humectante,7506376000277,,100 G,revisar_clasificacion,,fabricante,pendiente
742,FC-75717914,Nineka suspensión neomicina/caolín/pectina,7501075717914,Neomicina + Caolin + Pectina,Frasco ~100 mL,medicamento,neomicina + caolin + pectina,instructivo,pendiente
216,FC-76040436,Desodorante Para Pies Mexsana,7502276040436,Antitranspirante / desodorante,SPRAY 150 ML,cuidado_personal_o_material,,fabricante,pendiente
745,FC-75723137,Novakosid senosidos A-B 8.6 mg C/20,7501075723137,Senosidos A-B 8.6 mg,C/20,medicamento,senosidos a-b,instructivo,pendiente
528,FC-A680F97E,Mercurio Yodo Tomar,3311000001506,Producto homeopatico / natural,frasco 50 mL,suplemento_o_natural,,fabricante,pendiente
50,FC-7F90064A,Ampicilina,7501349021051,AMPICILINA,1 FRASCO AMPULA,medicamento,ampicilina,instructivo,pendiente
223,FC-82740011,Nuvel quita esmalte humectante lanolina,7501082740011,,125 ML,revisar_clasificacion,,fabricante,pendiente
299,FC-82790016,Talco Nuvel Pura para bebé,7501082790016,Talco / zinc undecilenato,200 g,cuidado_personal_o_material,,fabricante,pendiente
200,FC-82790504,Nuvel desmaquillante bifásico oil,7501082790504,,125 ML,revisar_clasificacion,,fabricante,pendiente
766,FC-82200016,Aktyzar omeprazol Solfran capsulas C/120,7501482200016,Omeprazol 20 mg,C/120,medicamento,omeprazol,instructivo,pendiente
603,FC-80596011,Aderogyl ampolletas C/4,3664798059601,Vitamina C + Vitamina A + Vitamina D3 + Complejo B,Amp C/4,suplemento_o_natural,,fabricante,pendiente
496,FC-85097661,Antiflu-Des Jr Antigripal,7501088509766,Clorhidrato de amantadina/Maleato de clorfenamina/Paracetamol,Jarabe 60 mL 500 mg/20 mg/3000 mg/,medicamento,clorhidrato de amantadina + maleato de clorfenamina + paracetamol,instructivo,pendiente
379,FC-83510531,Protec gel Antibacterial,7501048351053,Alcohol etilico,250 ML,cuidado_personal_o_material,,fabricante,pendiente
307,FC-86472048,Cepillo Dent Mayor Alcance Pro,7501086472048,Material sintetico,1 PZ,cuidado_personal_o_material,,fabricante,pendiente
386,FC-83351691,Agua Oxigenada Protec,7501048335169,,230 ML 2.5 a 3.5%,revisar_clasificacion,,fabricante,pendiente
611,FC-83683367,Condón Sico Rojo Feel,7501058368126,Latex,C/3,cuidado_personal_o_material,,fabricante,pendiente
587,FC-84500607,Cinta micropore blanca 2.5 cm x 9.1 m,7506484500607,,1 pz,revisar_clasificacion,,fabricante,pendiente
276,FC-84431050,Acetona Jaloma chico,7596844310502,,60 ML,revisar_clasificacion,,fabricante,pendiente
278,FC-84437151,Acetona Jaloma mediano,7596844371510,,120 ML,revisar_clasificacion,,fabricante,pendiente
212,FC-84900280,Jaloma Agua de Rosas,7596849002808,,130 ML,revisar_clasificacion,,fabricante,pendiente
635,FC-85171113,Condón Sico Invisible C/3,7501685171113,Latex,C/3,cuidado_personal_o_material,,fabricante,pendiente
609,FC-85171118,Condón Sico,7501685171118,Latex,C/3,cuidado_personal_o_material,,fabricante,pendiente
472,FC-85592111,Scabisan,7501088559211,PERMETRINA,CREMA 60 G,medicamento,permetrina,instructivo,pendiente
672,FC-8645080,Canesten V Crema 3 dias 20 g + 3 aplicadores,7501318645080,Clotrimazol 2%,Tubo 20 g + 3 aplicadores,medicamento,clotrimazol 2%,instructivo,pendiente
730,FC-06910906,Broncolin Bicoestol pastillas naranja C/16,714706910906,,C/16,revisar_clasificacion,,fabricante,pendiente
739,FC-09745560,Bioxover (Dropropizina) jarabe 120 mL,7502009745560,Dropropizina,Frasco 120 mL,medicamento,dropropizina,instructivo,pendiente
733,FC-4391156,Jaloma pomada labios sabores 3 g,759684391255,Vaselia,3 g,medicamento,vaselia,instructivo,pendiente
734,FC-84154058,Jaloma Bebé vaselina lavanda 60 g,759684154058,,60 g,revisar_clasificacion,,fabricante,pendiente
346,FC-86901100,Alcohol Etilico Azul 71.6,7501868901100,Alcohol etilico,125 ML,cuidado_personal_o_material,,fabricante,pendiente
740,FC-09745584,Oppelver lactulosa jarabe 125 mL,7502009745584,Lactulosa 10 g/15 mL,Frasco 125 mL + vaso,medicamento,lactulosa,instructivo,pendiente
274,FC-86494262,Cepillo Oral-B Indicat,7501086494262,Material sintetico,1 pz,cuidado_personal_o_material,,fabricante,pendiente
491,FC-88923551,Cilocid,7502208892355,ACIDO FOLICO,C/20,medicamento,acido folico,instructivo,pendiente
373,FC-89100101,Algodón 200 g,7501868910010,,200 G,revisar_clasificacion,,fabricante,pendiente
738,FC-09745027,Galaver gel 250 mL (Magaldrato / Dimeticona),7502009745027,Magaldrato / Dimeticona,Frasco 250 mL,medicamento,magaldrato + dimeticona,instructivo,pendiente
427,FC-21042481,Crema Manzanilla ricitos de oro 100 ml,7501022104248,,,revisar_clasificacion,,fabricante,pendiente
258,FC-92504539,Cera Ego Brillo,7506192504539,Cera / resina,25 G,cuidado_personal_o_material,,fabricante,pendiente
419,FC-14980596,Prudence Mora,7502214980596,,3pzs,revisar_clasificacion,,fabricante,pendiente
425,FC-24004581,Pastillas Ajolotius Elderberry Grosellero,7506452400458,,C/10,revisar_clasificacion,,fabricante,pendiente
488,FC-89810021,Shampoo Herklin,7501089810021,Surfactantes,60 ML,cuidado_personal_o_material,,fabricante,pendiente
423,FC-54504870,Balsamo para Labios Labello Clasico,7501054504870,,1 pz,revisar_clasificacion,,fabricante,pendiente
422,FC-45045281,Balsamo Para Labios Labello Hidro Care,7501054504528,,1 pz,revisar_clasificacion,,fabricante,pendiente
424,FC-52400212,Pastillas Ajolotius Jengibre Hedera,7506452400212,Jengibre/Hedera,C/10,medicamento,jengibre + hedera,instructivo,pendiente
176,FC-93025797,Desodorante Axe Men Dark Temp (Hombre),7791293025797,Antitranspirante / desodorante,SPRAY 150 ML,cuidado_personal_o_material,,fabricante,pendiente
172,FC-93025919,Desodorante Axe Excite Seco (hombre),7791293025919,Antitranspirante / desodorante,SPRAY 152 ML,cuidado_personal_o_material,,fabricante,pendiente
673,FC-9303047,Cicloferon Crema 5% 2 g,7501299303047,Aciclovir 5%,Tubo 2 g,medicamento,aciclovir 5%,instructivo,pendiente
170,FC-93037806,Desodorante Rexona Men Marine (hombre),7791293037806,Antitranspirante / desodorante,SPRAY 150 ML,cuidado_personal_o_material,,fabricante,pendiente
177,FC-93038223,Desodorante Rexona Men Sport,7791293038223,Antitranspirante / desodorante,SPRAY 150 ML,cuidado_personal_o_material,,fabricante,pendiente
145,FC-A2B284E0,Hialuronato De Sodio 4Mg,75058661,Hialuronato de sodio,10 ML,medicamento,hialuronato de sodio,instructivo,pendiente
666,FC-9511421,Pasta Lassar Andromaco 30 g,7501289511421,Oxido de zinc 25%,Frasco 30 g,medicamento,oxido de zinc 25%,instructivo,pendiente
309,FC-95129166,Cepillo Dent Oral-B Limpieza Intens 2,7506195129166,Material sintetico,2 PZ,cuidado_personal_o_material,,fabricante,pendiente
519,FC-931B4809,Mercurio Aceite Coco,3311000001476,Producto homeopatico / natural,50 mL,suplemento_o_natural,,fabricante,pendiente
430,FC-52400038,Ajolotius menta eucalipto sin azúcar pastillas,7506452400038,menta /eucalipto,c/10,medicamento,menta + eucalipto,instructivo,pendiente
543,FC-9507CD66,Mercurio Haba Alcanforada,3311000003388,Producto homeopatico / natural,C/50,suplemento_o_natural,,fabricante,pendiente
431,FC-62746698,Ajolotius Jarbe con Bioalimentos/propoleo y vitamina C y A,7500462746698,Bioalimentos / propoleo,JARABE,medicamento,bioalimentos + propoleo,instructivo,pendiente
526,FC-D3D28E20,Mercurio Yodo Untar,3311000000493,Producto homeopatico / natural,frasco 50 mL,suplemento_o_natural,,fabricante,pendiente
120,FC-DE106642,AMPIGRIM INFANTIL(Metamizol + Dexametasona + Vit. B),780083140939,Ampicilina,3 AMPOLLETA,medicamento,ampicilina,instructivo,pendiente
49,FC-D210172A,Ampicilina,7501349022874,AMPICILINA,1 FRASCO AMPULA,medicamento,ampicilina,instructivo,pendiente
137,FC-E535DE28,Diurmessel,7501573900375,FUROSEMIDA,20 TABLETAS,medicamento,furosemida,instructivo,pendiente
532,FC-CB5C11ED,Mercurio Magnesia Anisada,3311000003425,Producto homeopatico / natural,C/50,suplemento_o_natural,,fabricante,pendiente
530,FC-D037156B,Mercurio Bismuto Subnitrato,3311000003708,Producto homeopatico / natural,C/50,suplemento_o_natural,,fabricante,pendiente
520,FC-D4AC123B,Mercurio Aceite Almendras,3311000001209,Producto homeopatico / natural,frasco 50 mL,suplemento_o_natural,,fabricante,pendiente
559,FC-DF39BB27,Alevarin cápsulas C/45,7501590281105,,C/45,revisar_clasificacion,,fabricante,pendiente
151,FC-D11D586A,Valgab 3 jarabe 6 mL,7501573907688,Desloratadina,50 MG,medicamento,desloratadina,instructivo,pendiente
83,FC-DB3B2584,Celesbitan,7501537102982,Betametasona,1 FRASCO AMPULA,medicamento,betametasona,instructivo,pendiente
107,FC-DF8ADDAB,Erispan,7502009745218,BETAMETASONA,1 FRASCO AMPULA,medicamento,betametasona,instructivo,pendiente
116,FC-C636D8EA,Ceftriaxona IM 1 g (Inyectable),7506624900519,Ceftriaxona,1 FRASCO AMPULA,medicamento,ceftriaxona,instructivo,pendiente
81,FC-E826D304,Lincomicina /2Ml 6 Ampolletas,7501349021983,Lincomicina,600 MG,medicamento,lincomicina,instructivo,pendiente
43,FC-F183C6E9,Penipot bencilpenicilina procainica,7501349011175,BENCILPENICILINA,1 FRASCO AMPULA,medicamento,bencilpenicilina,instructivo,pendiente
52,FC-5F30F9D4,Clamoxin (Amoxicilina/Clavulánico 500/125 mg),7502009740992,AMOXICILINA/AC. CLAVULANICO,10 TABLETAS,medicamento,amoxicilina + ac. clavulanico,instructivo,pendiente
124,FC-5D9DFA3D,Norquinol,7851207554970,NORQUINOL,20 TABLETAS,medicamento,norquinol,instructivo,pendiente
523,FC-E69F2E63,Madrid Aceite Eucalipto,7506313000575,Aceite de eucalipto,Frasco 40 mL,medicamento,aceite de eucalipto,instructivo,pendiente
535,FC-FBD776D2,Mercurio Perlas De Eter,3311000003487,Producto homeopatico / natural,C/50,suplemento_o_natural,,fabricante,pendiente
590,FC-00170941,XL-3 Xtra C/12,6502400170941,Paracetamol + Fenilefrina + Clorfenamina,C/12,medicamento,paracetamol + fenilefrina + clorfenamina,instructivo,pendiente
180,FC-93025865,desodorante Axe Men Gold Temp,7791293025865,Antitranspirante / desodorante,,cuidado_personal_o_material,,fabricante,pendiente
199,FC-76000284,Vitacilina agua micelar agua rosas,7506376000284,,500 ML,revisar_clasificacion,,fabricante,pendiente
341,FC-77620056,Agua destilada La Flor,7506313000353,,1 L,revisar_clasificacion,,fabricante,pendiente
461,FC-79400556,Syncol (Paracetamol),7501070600556,Paracetamol/Pamabrom/Pirilamina,C/24 500mg/25mg/15mg,medicamento,paracetamol + pamabrom + pirilamina,instructivo,pendiente
364,FC-60009851,Colgate Triple Acc Original,7509546000985,,75 ML,revisar_clasificacion,,fabricante,pendiente
441,FC-60101231,Tempra XT Noche,7506460101231,Paracetamol/Fenilefrina/Carbinoxamina,C/12 800mg/20mg/4mg,medicamento,paracetamol + fenilefrina + carbinoxamina,instructivo,pendiente
510,FC-60689091,Colgate Trip Xtra Blancura,7509546068909,,50 ML,revisar_clasificacion,,fabricante,pendiente
605,FC-00315021,Tukol-D jarabe infantil,6502400315021,Guaifenesina + Dextrometorfano,Jbe Inf,medicamento,guaifenesina + dextrometorfano,instructivo,pendiente
179,FC-06245686,Desodorante Axe Men Epic-F 48H,7506306245686,Antitranspirante / desodorante,SPRAY 150 ML,cuidado_personal_o_material,,fabricante,pendiente
80,FC-6074BB64,Redalip,7503000422498,Bezafibrato,30 TABLETAS,medicamento,bezafibrato,instructivo,pendiente
684,FC-007206,Cepillo Colgate Premier Clean,6910021007206,,1 pz,revisar_clasificacion,,fabricante,pendiente
578,FC-01303464,Shampoo Pantene control caída,7501001303464,Surfactantes / formula capilar,400 mL,cuidado_personal_o_material,,fabricante,pendiente
685,FC-09839202,Old Spice Wolfthorn barra desodorante,7506309839202,,50 g,revisar_clasificacion,,fabricante,pendiente
403,FC-25104268,Electrolit Fresa,7501125104268,,625 ML,revisar_clasificacion,,fabricante,pendiente
401,FC-25104411,Electrolit Coco,7501125104411,,625 ML,revisar_clasificacion,,fabricante,pendiente
402,FC-25149221,Electrolit Fresa-Kiwi,7501125149221,,625 ML,revisar_clasificacion,,fabricante,pendiente
501,FC-30133021,Bedoyecta Tri,7501123013302,Hidroxocobalamina/Tiamina/Piridoxina,"Inyectable 5 Jeringas Desechables 10000 mcg, 100 mg, 50 mg/ 2mL",medicamento,hidroxocobalamina + tiamina + piridoxina,instructivo,pendiente
686,FC-39390230,Old Spice Lena barra desodorante,7506339390230,,50 g,revisar_clasificacion,,fabricante,pendiente
275,FC-92506045,Cera Ego Matte,7506192506045,Cera / resina,25 G,cuidado_personal_o_material,,fabricante,pendiente
230,FC-92509213,Nutribela Nutricion,7506192509213,,300 G,revisar_clasificacion,,fabricante,pendiente
229,FC-92511261,Nutribela Bio Colageno,7506192511261,,300 G,revisar_clasificacion,,fabricante,pendiente
689,FC-9233072,Nido Kinder 1+ bolsa 144 g,7501059233072,,144 G,revisar_clasificacion,,fabricante,pendiente
395,FC-92821171,Leche en polvo Nutri Rindes,7501059282117,,240 G,revisar_clasificacion,,fabricante,pendiente
617,FC-54054221,Splash Tears Sol oftálmica,736085405422,Hipromelosa,Sol oftálmica,medicamento,hipromelosa,instructivo,pendiente
448,FC-28979502,Histiacil NF adulto jarabe,7501328979502,Dextrometorfano/Ambroxol,JARABE 150 mL 225 mg/225mg,medicamento,dextrometorfano + ambroxol,instructivo,pendiente
690,FC-3961366,Pedialyte SR Coco 500 ml,7501033961366,,500 ML,revisar_clasificacion,,fabricante,pendiente
621,FC-00322571,Suerox 8 Iones Manzana 630 ML,6502400322571,,Manzana 630 ML,revisar_clasificacion,,fabricante,pendiente
691,FC-10631207,Cepillo Dent Punta poderosa Medio 2 pack,7702010631207,,2 pz,revisar_clasificacion,,fabricante,pendiente
622,FC-40032264,Suerox 8 Iones Eresa-Kiwi 630 ML,6502400322644,,630 ML,revisar_clasificacion,,fabricante,pendiente
623,FC-40032271,Suerox 8 Iones Uva 630 ML,6502400322712,,630 ML,revisar_clasificacion,,fabricante,pendiente
454,FC-50959781,Centrum Performance,7501065095978,Multivitaminico + minerales,C/30,suplemento_o_natural,,fabricante,pendiente
692,FC-5106788,Leche en Polvo Nidal 2Bebé 6 a 12 M,7506475106788,,360 G,revisar_clasificacion,,fabricante,pendiente
625,FC-00323011,Suerox 8 Iones Naranja Mandarina 630 ML,6502400323011,,630 ML,revisar_clasificacion,,fabricante,pendiente
624,FC-40032295,Suerox 8 Iones Mora Azul 630 ML,6502400322958,,630 ML,revisar_clasificacion,,fabricante,pendiente
694,FC-58616678,Nestum Cereal Infantil Arroz,7501058616678,,270 G,revisar_clasificacion,,fabricante,pendiente
631,FC-00721541,Suerox Vitamins Manzana V-Limón 630 ML,6502400721541,,630 ML,revisar_clasificacion,,fabricante,pendiente
628,FC-00661391,Suerox 8 Iones Frutos Rojos 630 ML,6502400661391,,630 ML,revisar_clasificacion,,fabricante,pendiente
632,FC-00744481,Suerox 8 Iones Coco Piña 630 ML,6502400744481,,630 ML,revisar_clasificacion,,fabricante,pendiente
630,FC-00721471,Suerox Vitamins Naranja Mango 630 ML,6502400721471,,630 ML,revisar_clasificacion,,fabricante,pendiente
775,FC-09747366,Veridex ivermectina 6 mg C/4,7502009747366,Ivermectina 6 mg,C/4 tabletas 6 mg,medicamento,ivermectina,instructivo,pendiente
506,FC-03406600,Tela Adhesiva Impermeable Quirmex,7503003406600,,1 pz 2.5 cm x 5m,revisar_clasificacion,,fabricante,pendiente
507,FC-03406501,Tela Adhesiva Impermeable Quirmex,7503003406501,,1 pz 1.25 x 5 m,revisar_clasificacion,,fabricante,pendiente
592,FC-12225164,Vitacilina Bebé Pomada,3543122251648,Neomicina + Bacitracina zinc,Pomada,medicamento,neomicina + bacitracina zinc,instructivo,pendiente
357,FC-01157296,Naturella flujo moderado con alas,7506309895208,Celulosa absorbente,C/8,cuidado_personal_o_material,,fabricante,pendiente
497,FC-06247327,Afrin No Drip Descongestivo Nasal spray,7501050624732,Clrhidrato de oximetazolina,Spray 15 mL 0.50 mg/mL,medicamento,clrhidrato de oximetazolina,instructivo,pendiente
238,FC-06249783,Sedal Rizos Def,7506306249783,,180 ML,revisar_clasificacion,,fabricante,pendiente
242,FC-06249776,Shampoo Sedal Ceramidas,7506306249776,Surfactantes / formula capilar,180 ML,cuidado_personal_o_material,,fabricante,pendiente
235,FC-07457826,Acondicionador Pantene Brillo Extremo,7501007457826,,400 ML,revisar_clasificacion,,fabricante,pendiente
69,FC-369D1689,Beneventol,7502009746253,BENEVENTOL,6 CAPSULAS,medicamento,beneventol,instructivo,pendiente
498,FC-84973401,Flanax Naproxeno,7501008497340,Naproxeno,Tabletas C/12 550 mg,medicamento,naproxeno,instructivo,pendiente
481,FC-08344488,Lactopram 430 mg C/20,7503008344488,Lactobacillus,C/20 capsulas 430 mg,suplemento_o_natural,,fabricante,pendiente
367,FC-27512574,Evenflo Colors,7501027512574,,240 ML,revisar_clasificacion,,fabricante,pendiente
332,FC-19006371,Toallas Saba Invisible con alas C/10,7501019006371,Solucion limpiadora,C/10,cuidado_personal_o_material,,fabricante,pendiente
244,FC-07457796,Shampoo Pantene Brillo Extremo,7501007457796,Surfactantes / formula capilar,400 mL,cuidado_personal_o_material,,fabricante,pendiente
477,FC-24227339,Loxcel adulto,7502224227339,ALBENDAZOL/QUINFAMIDA,C/1,medicamento,albendazol + quinfamida,instructivo,pendiente
626,FC-40032325,Suerox 8 Iones Lima Limón 630 ML,6502400323252,,630 ML,revisar_clasificacion,,fabricante,pendiente
627,FC-40035395,Suerox 8 Iones Coco 630 ML,6502400353952,,630 ML,revisar_clasificacion,,fabricante,pendiente
476,FC-50003151,Neo-Melubrina jarabe,7501165000315,Metamizol sodico,100 ML,medicamento,metamizol sodico,instructivo,pendiente
268,FC-24511711,Silica Shine Sily 3/1 Mora,7502224511711,Silice / dimeticone,105 ML,cuidado_personal_o_material,,fabricante,pendiente
695,FC-25104688,Electrolit Naranja-Mandarina,7501125104688,,625 ML,revisar_clasificacion,,fabricante,pendiente
205,FC-25652716,Escudo Antibacterial Original,7506425652716,Surfactantes / formula corporal,135 G,cuidado_personal_o_material,,fabricante,pendiente
701,FC-42003469,Gel Dental  GUM Paw Patrol,070942003469,,50 G,revisar_clasificacion,,fabricante,pendiente
489,FC-60101378,Lubricante íntimo,7506460101378,,50 ML,revisar_clasificacion,,fabricante,pendiente
66,FC-DDFBABDF,Clamoxin 12H Ped (Amoxicilina/Clavulánico susp.),7502009740497,AMOXICILINA/AC. CLAVULANICO,1 SUSPENSION,medicamento,amoxicilina + ac. clavulanico,instructivo,pendiente
702,FC-06903205,Broncolin paletas vitrolero surtido,714706903205,,50 pzs,revisar_clasificacion,,fabricante,pendiente
72,FC-428A228F,Gimalxina,780083140663,GIMALXINA,12 CAPSULAS,medicamento,gimalxina,instructivo,pendiente
363,FC-56131681,Pañuelos Kleenex Gds,7506425613168,,C/90,revisar_clasificacion,,fabricante,pendiente
399,FC-29003221,Vaso Recolector Para Muestras Quirmex capacidad 120 mL,7506552900322,,1 pz,revisar_clasificacion,,fabricante,pendiente
715,FC-42507240,GUM cera de ortodoncia menta C/5,070942507240,,C/5,revisar_clasificacion,,fabricante,pendiente
408,FC-43454811,Toallitas Humedas Huggies Cuidado Puro,7501943454811,,C/80,revisar_clasificacion,,fabricante,pendiente
138,FC-1321B34F,Hidroxon,,,30 TABLETAS,revisar_clasificacion,,fabricante,pendiente
405,FC-43471900,Toallitas húmedas KleenBebé Absorsec,7501943471900,,C/120,revisar_clasificacion,,fabricante,pendiente
576,FC-46073118,Shampo Caprice Acti-Ceramidas,7509546073118,,380 mL,revisar_clasificacion,,fabricante,pendiente
303,FC-46074504,Shampoo Mennen Zero%,7509546074504,Surfactantes / formula capilar,400 ML,cuidado_personal_o_material,,fabricante,pendiente
352,FC-33950063,Pediasure fresa,7501033956331,Suplemento nutricional,236 ML,suplemento_o_natural,,fabricante,pendiente
14,FC-2EDC6E3B,Cefagen,7502009745119,CEFALEXINA,10 TABLETAS,medicamento,cefalexina,instructivo,pendiente
580,FC-46682815,Desodorante Speed Stick sensitive protect,7509546682815,Antitranspirante / desodorante,150 mL,cuidado_personal_o_material,,fabricante,pendiente
494,FC-47640531,Nailex El Recuperador,7502234764053,,Esmalte 15 ML,revisar_clasificacion,,fabricante,pendiente
509,FC-34062421,Tela adhesiva Impermeable Quirmex,7503003406242,,1 pz 1.25 CM x 1 M,revisar_clasificacion,,fabricante,pendiente
209,FC-08837311,Nivea Antitransp Pearlb Spray,4005808837311,Emolientes / humectantes,150 ML,dermocosmetico,,fabricante,pendiente
233,FC-20500171,Crema para peinar Pert aceite oliva aguacate,8101205001716,,100 ML,revisar_clasificacion,,fabricante,pendiente
135,FC-F7A2CACF,Indarzona,7501547509016,Indometacina / Dexametasona,30 CAPSULAS,medicamento,indometacina + dexametasona,instructivo,pendiente
321,FC-43427754,Toallas Kotex Nocturna Ext Largo cn alas,7501943427754,Solucion limpiadora,C/5,cuidado_personal_o_material,,fabricante,pendiente
370,FC-48623006,Pads Faciales con Glicerina Protec,7501048623006,,C/100,revisar_clasificacion,,fabricante,pendiente
541,FC-C22EBFE6,Perilla N2,,Material plastico,PIEZA,cuidado_personal_o_material,,fabricante,pendiente
487,FC-08895196,KY6,7502208895196,CLORFENAMINA COMPUESTA,C/10,medicamento,clorfenamina compuesta,instructivo,pendiente
16,FC-7AF7ACB5,Charlyn (Ciprofloxacino),,CIPROFLOXACINO,3 TABLETAS,medicamento,ciprofloxacino,instructivo,pendiente
508,FC-34063651,Tela Adhesiva Impermeable Quirmex,7503003406365,,1 pz  2.5cm x 1m,revisar_clasificacion,,fabricante,pendiente
63,FC-974EE5FD,Gimalxina 250 mg/ 5 mL,780083141875,amoxicilina,1 SUSPENSION,medicamento,amoxicilina,instructivo,pendiente
708,FC-4980275,Prudence Edición Especial Soda C/3,7502214980275,Latex,C/3,cuidado_personal_o_material,,fabricante,pendiente
385,FC-01163983,Old Spice Fresh barra desodorante,7501001163983,,50 g,revisar_clasificacion,,fabricante,pendiente
707,FC-49828111,Prudence surtido sabores C/5,7502214982811,Latex,C/5,cuidado_personal_o_material,,fabricante,pendiente
698,FC-49835773,Prudence Caribbean Sensitive Mix,7502214983573,,5 pzs,revisar_clasificacion,,fabricante,pendiente
411,FC-49853867,Prudence Extra Pleasure C/3,7502214985386,Latex,C/3,cuidado_personal_o_material,,fabricante,pendiente
540,FC-614E4F82,Perilla N3,,Material plastico,PIEZA,cuidado_personal_o_material,,fabricante,pendiente
91,FC-3CAA7C5C,Cinarizina,7503004908820,CINARIZINA,60 TABLETAS,medicamento,cinarizina,instructivo,pendiente
699,FC-50882000,Dermodine solución antiséptica 120 ml,7501250882000,Iodopovidona,120 ML,medicamento,iodopovidona,instructivo,pendiente
308,FC-09498091,Pasta Dent Sensodyne Proteccion Comp,7896009498091,Fluoruro de sodio,90 G,medicamento,fluoruro de sodio,instructivo,pendiente
256,FC-35168991,Mousse Herbal Essences extra control,7500435168991,,210 ML,revisar_clasificacion,,fabricante,pendiente
670,FC-08344501,Promega 3 Omega 3,7503008344501,,C/60,revisar_clasificacion,,fabricante,pendiente
447,FC-50002301,Neo-Melubrina metamizol tabletas C/10,7501165000230,Metamizol Sodico,C/10 500 mg,medicamento,metamizol sodico,instructivo,pendiente
662,FC-00753067,Pepto-Bismol Suspension 118 ml,020800753067,Subsalicilato de bismuto,Frasco 118 ml,medicamento,subsalicilato de bismuto,instructivo,pendiente
493,FC-35246309,Vick Drops jengibre pastillas C/20,7500435246309,,C/20,revisar_clasificacion,,fabricante,pendiente
667,FC-053610,Alli-Triple C/10 tabletas,650240053610,Diclofenaco + Vitaminas B,C/10 tabletas,suplemento_o_natural,,fabricante,pendiente
584,FC-35908116,Talco para bebé Mennen azul chico,7501035908116,Talco / zinc undecilenato,100 g,cuidado_personal_o_material,,fabricante,pendiente
331,FC-35908147,Talco para bebé Mennen rosa,7501035908147,Talco / zinc undecilenato,200 G,cuidado_personal_o_material,,fabricante,pendiente
397,FC-51078461,Leche en polvo NAN Optimal Pro 1/ 0 a 6 M,7506475107846,,120 g,revisar_clasificacion,,fabricante,pendiente
398,FC-51078531,Leche en Polvo NAN Optimal Pro 2 / 6 a 12 M,7506475107853,,120 g,revisar_clasificacion,,fabricante,pendiente
400,FC-51448511,Electrolit Uva,7501125144851,,525 ML,revisar_clasificacion,,fabricante,pendiente
404,FC-51747971,Electrolit Mora Azul,7501125174797,,625 ML,revisar_clasificacion,,fabricante,pendiente
710,FC-36041341,Crema Hinds Natural piel seca 90 ml,037836041341,,90 ML,revisar_clasificacion,,fabricante,pendiente
300,FC-36041402,Crema Hinds hidratación extra almendras,0378360414028,Emolientes / humectantes,500 ML,cuidado_personal_o_material,,fabricante,pendiente
203,FC-21012303,Claris toallas desmaquillantes aloe C/40,7502221012303,Solucion limpiadora,C/40,cuidado_personal_o_material,,fabricante,pendiente
711,FC-36041297,Crema Hinds Inspiración piel seca 90 ml,037836041297,,90 ML,revisar_clasificacion,,fabricante,pendiente
413,FC-14985805,Prudence chicle condones C/5,7502214985805,Latex,5 pzs,cuidado_personal_o_material,,fabricante,pendiente
713,FC-22130063,Shampoo Ricitos de Oro miel y argán 100 ml,7501022130063,,100 ML,revisar_clasificacion,,fabricante,pendiente
414,FC-14983726,Prudence Natural Lubricante Natural,7502214983726,,75 ML,revisar_clasificacion,,fabricante,pendiente
410,FC-14985348,Prudence Ultra Sensitive condones C/3,7502214985348,Latex,C/3,cuidado_personal_o_material,,fabricante,pendiente
677,FC-14704187,Senosiain Supositorios Bebe C/10,7501314704187,Glicerol,C/10 supositorios,cuidado_personal_o_material,,fabricante,pendiente
407,FC-14983153,Lubricante Intimo Prudence Grosella,7502214983153,,75 ML,revisar_clasificacion,,fabricante,pendiente
168,FC-30622622,Desodorante Axe Men Young (hombre),7506306226722,Antitranspirante / desodorante,SPRAY 150 ML,cuidado_personal_o_material,,fabricante,pendiente
375,FC-34067471,Venda Quirmex 10 cm,7503003406747,,10 CM,revisar_clasificacion,,fabricante,pendiente
391,FC-33954740,Suero Pedialyte Sr Manzana,7501033954740,,500 ML,revisar_clasificacion,,fabricante,pendiente
354,FC-33956133,Glucerna chocolate,7501033956133,Suplemento nutricional,237 ML,suplemento_o_natural,,fabricante,pendiente
355,FC-33956140,Glucerna fresa,7501033956140,Suplemento nutricional,237 ML,suplemento_o_natural,,fabricante,pendiente
389,FC-33961373,Suero Pedialyte Sr fresa,7501033961373,,500 ML,revisar_clasificacion,,fabricante,pendiente
406,FC-34064021,Cotonetes Quirmex 100 pzs,7503003406402,,100 pzs,revisar_clasificacion,,fabricante,pendiente
629,FC-40066306,Suerox 8 Iones Fresa 630 ML,6502400663068,,630 ML,revisar_clasificacion,,fabricante,pendiente
550,FC-0ACC5B6A,Mercurio Oxido De Zinc,3311000003722,Producto homeopatico / natural,C/50,suplemento_o_natural,,fabricante,pendiente
467,FC-08491074,Aspirina,7501008491074,Acido acetilsalicilico,80 TABLETAS,medicamento,acido acetilsalicilico,instructivo,pendiente
671,FC-5181402,Sedalmerck C/40 tabletas,7500435181402,Paracetamol 500 mg + Cafeina 50 mg + Fenilefrina 5 mg,C/40 tabletas,medicamento,paracetamol + cafeina + fenilefrina,instructivo,pendiente
633,FC-40074455,Suerox 8 Iones Uva Mora Azul 630 ML,6502400744552,,630 mL,revisar_clasificacion,,fabricante,pendiente
680,FC-7048853,Melox Plus,7891317048853,Hidroxido de aluminio + Hidroxido de magnesio + Simeticona,Tabletas masticables C/50 200 mg/200 mg/25mg,medicamento,hidroxido de aluminio + hidroxido de magnesio + simeticona,instructivo,pendiente
136,FC-50D044FF,Wermy,7502240450780,Gabapentina,15 CAPSULAS,medicamento,gabapentina,instructivo,pendiente
369,FC-34067851,Torundas de algodon Quirmex,7503003406785,,150 pz 75 g,revisar_clasificacion,,fabricante,pendiente
716,FC-36041259,Crema Hinds Clásica piel seca 90 ml,037836041259,,90 ML,revisar_clasificacion,,fabricante,pendiente
290,FC-42270027,Crema Nivea Facial 7 en 1,42270027,Emolientes / humectantes,200 ML,dermocosmetico,,fabricante,pendiente
706,FC-42302289,Enjuague Bucal GUM Paroex Gengivitis,070942302289,,300 ML,revisar_clasificacion,,fabricante,pendiente
376,FC-34067781,Quirmex venda 30 cm,7503003406778,,30 CM,revisar_clasificacion,,fabricante,pendiente
704,FC-42303194,Hilo Dental GUM 129 m,070942303194,,2 pzs,revisar_clasificacion,,fabricante,pendiente
504,FC-66873531,Colgate Máxima Protección Anticaries,7509546687353,,90 mL,revisar_clasificacion,,fabricante,pendiente
503,FC-66888171,Colgate Max Clean Frescura y Limpieza,7509546688817,Fluoruro de sodio,120 ML,medicamento,fluoruro de sodio,instructivo,pendiente
717,FC-70100307,Broncolin Etiqueta Azul jarabe oral 140 ml,714706100307,Miel,140 ML,medicamento,miel,instructivo,pendiente
542,FC-BCF59548,Perilla N1,,Material plastico,PIEZA,cuidado_personal_o_material,,fabricante,pendiente
189,FC-06230507,Dove Barra Karite Vainill,7506306230507,Surfactantes / formula corporal,135 G,cuidado_personal_o_material,,fabricante,pendiente
683,FC-013340,Bedoyecta Capsulas C/30,7501123013340,Complejo B + Acido folico + Vitamina C + Rutina,C/30 capsulas,suplemento_o_natural,,fabricante,pendiente
718,FC-14980350,Prudence Lub lubricante íntimo mora azul 75 ml,7502214980350,,75 ML,revisar_clasificacion,,fabricante,pendiente
703,FC-43454873,Toallitas húmedas Huggies Cuidado Humectante,7501943454873,,C/80,revisar_clasificacion,,fabricante,pendiente
298,FC-46655079,Jabon barra Palmolive Neutro Bal Corp Baby,7509546655079,Jabon / tensioactivos,90 G,cuidado_personal_o_material,,fabricante,pendiente
546,FC-EFB599B5,Mercurio Pan Puerco,3311000000868,Producto homeopatico / natural,frasco 50 g,suplemento_o_natural,,fabricante,pendiente
134,FC-3D0F54B7,Ibupro-Cafe,,,10 CAPSULAS,revisar_clasificacion,,fabricante,pendiente
144,FC-5BC5F234,Fluconazol,7501349012943,FLUCONAZOL,1 CAPSULAS,medicamento,fluconazol,instructivo,pendiente
165,FC-27250612,Desodorante Obao Piel Delicada,7501027250612,Antitranspirante / desodorante,R-ON 65 G,cuidado_personal_o_material,,fabricante,pendiente
131,FC-5C8C9C11,Gelubrin,7503027446279,IBUPROFENO,10 CAPSULAS,medicamento,ibuprofeno,instructivo,pendiente
462,FC-58793249,Lubricante sensación calor,7501058793249,,50 ML,revisar_clasificacion,,fabricante,pendiente
358,FC-01405335,Naturella noche con alas,7506339394719,Celulosa absorbente,C/8,cuidado_personal_o_material,,fabricante,pendiente
187,FC-25605514,Escudo Antibacterial Frescura,7506425605514,Surfactantes / formula corporal,110 G,cuidado_personal_o_material,,fabricante,pendiente
353,FC-33950070,Ensure vainilla,7501033954085,Suplemento nutricional,236 ML,suplemento_o_natural,,fabricante,pendiente
359,FC-33951008,Pediasure chocolate,7501033956317,Suplemento nutricional,236 ML,suplemento_o_natural,,fabricante,pendiente
185,FC-40004643,Jabon Asepxia Exfoliante,6502400046434,Jabon / tensioactivos,100 G,cuidado_personal_o_material,,fabricante,pendiente
267,FC-54073302,Silica Shine Sily Oleo Argan,7502254073302,Silice / dimeticone,105 ML,cuidado_personal_o_material,,fabricante,pendiente
469,FC-88508929,Anara,7501088508929,PICOSULFATO SODICO,C/20,medicamento,picosulfato sodico,instructivo,pendiente
313,FC-54549819,Crema Nivea Softmilk,7501054549819,Emolientes / humectantes,100 ML,dermocosmetico,,fabricante,pendiente
436,FC-56323059,Vaseline puro,7506306249042,,85 G,revisar_clasificacion,,fabricante,pendiente
435,FC-56323066,Vaseline FaseLine puro,7506306249356,,42 G,revisar_clasificacion,,fabricante,pendiente
241,FC-56342227,Crema Para Peinar Sedal Rizos Definidos,7501056342227,,135 ML,revisar_clasificacion,,fabricante,pendiente
250,FC-56342258,Crema para peinar Sedal reconstructor instantáneo,7501056342258,,135 ML,revisar_clasificacion,,fabricante,pendiente
396,FC-58611420,Leche en Polvo Nutri Rindes,7501058611420,,460g,revisar_clasificacion,,fabricante,pendiente
96,FC-63975795,Gentamicina,,GENTAMICINA,25 COMPRIMIDOS,medicamento,gentamicina,instructivo,pendiente
377,FC-68910034,Dibar algodón 50 g,7501868910034,,50 G,revisar_clasificacion,,fabricante,pendiente
725,FC-1041884,Biomiral Pleniform 40 isoflavonas soya C/30,7503181041884,,C/30,revisar_clasificacion,,fabricante,pendiente
721,FC-08344716,La Femme vitaminas menopausia C/30,7503008344716,,C/30,revisar_clasificacion,,fabricante,pendiente
68,FC-17376CAE,Aspitak-P,7502001162976,Ácido acetilsalicílico,30 COMPRIMIDOS,medicamento,acido acetilsalicilico,instructivo,pendiente
378,FC-66534951,Colgate Total 65 mL,7509546653495,Fluoruro de sodio,1 tubo,medicamento,fluoruro de sodio,instructivo,pendiente
556,FC-00E8A9C7,Protector Solar Fotosun UV100,7502253600486,,125 ML,revisar_clasificacion,,fabricante,pendiente
202,FC-67905131,Blumen jabón líquido cherry blossom,7506267905131,Jabon / tensioactivos,221 ML,cuidado_personal_o_material,,fabricante,pendiente
340,FC-68990023,Alcohol Etilico Rojo 96°,7501868990023,Alcohol etilico,500 ML,cuidado_personal_o_material,,fabricante,pendiente
325,FC-72629012,Cepillo Dent Clinic,7501072629012,Material sintetico,1 pz,cuidado_personal_o_material,,fabricante,pendiente
285,FC-75064938,Desodorante Ego Force 24H roll-on,75064938,Antitranspirante / desodorante,45 ML,cuidado_personal_o_material,,fabricante,pendiente
175,FC-75076009,Rexona 48H Happy (Mujer),75076009,Antitranspirante,STICK 45 G,cuidado_personal_o_material,,fabricante,pendiente
162,FC-759A5EF9,Wermy,7502240450773,Gabapentina,30 CAPSULAS,medicamento,gabapentina,instructivo,pendiente
344,FC-76000253,Crema Vitacilina roja antiarrugas,7506376000253,,100 G,revisar_clasificacion,,fabricante,pendiente
343,FC-76000260,Crema Vitacilina amarilla aclaradora,7506376000260,,100 G,revisar_clasificacion,,fabricante,pendiente
440,FC-76040610,Desenfriolito Plus Masticables,7502276040405,Clorfenamina/Fenilefrina/Paracetamol,C/24 1 mg/2.5mg/80mg,medicamento,clorfenamina + fenilefrina + paracetamol,instructivo,pendiente
661,FC-7907117,Bisolvon Solucion Adulto 120 ml,7501037907117,Bromhexina,Frasco 120 ml,medicamento,bromhexina,instructivo,pendiente
450,FC-79071241,Bisolvon Infantil,7501037907124,Bromhexina,Jarabe120 ML 80mg,medicamento,bromhexina,instructivo,pendiente
455,FC-80953017,Condones Trojan Fire & Ice,7501080953017,Latex,3 pzs,cuidado_personal_o_material,,fabricante,pendiente
500,FC-82176351,Dolo-Neurobión Forte inyectable prellenado,7501298217635,"Complejo B, Lidocaína, Diclofenaco Sódico",Solución Inyectable C/1  3mL,medicamento,"complejo b, lidocaina, diclofenaco sodico",instructivo,pendiente
612,FC-83146207,Fazolin F,7800831462076,Nafazolina,15 ML,medicamento,nafazolina,instructivo,pendiente
387,FC-83351381,Agua oxigenada Protec,7501048335138,,100 ML 2.5 a 3.5%,revisar_clasificacion,,fabricante,pendiente
495,FC-84095411,Saridon,7501008409541,Paracetamol/Cafeína,C/20 500mg/50mg,medicamento,paracetamol + cafeina,instructivo,pendiente
368,FC-75125811,Mamila Evenflo Micro Air Vents,7501027512581,,1 pz 4 oz,revisar_clasificacion,,fabricante,pendiente
366,FC-75163051,Mamila Evenflo Micro Air Vents,7501027516305,,1 pz 8 oz,revisar_clasificacion,,fabricante,pendiente
106,FC-885F2723,Carbamazepina,7501384541163,CARBAMAZEPINA,20 TABLETAS,medicamento,carbamazepina,instructivo,pendiente
709,FC-84272103,Jaloma Kiuts hisopos biodegradables C/100,759684272103,,C/100,revisar_clasificacion,,fabricante,pendiente
700,FC-84471476,Repelente de Insectos Jaloma Bio Clap,759684471476,,265 ML,revisar_clasificacion,,fabricante,pendiente
586,FC-84500522,Cinta micropore blanca 2.5 cm x 5 m,7506484500522,,1 pz,revisar_clasificacion,,fabricante,pendiente
681,FC-8505003,Alin Dexametasona 8 mg/2 mL amp,7501088505003,Dexametasona,C/1 ampolleta 2 mL,medicamento,dexametasona,instructivo,pendiente
333,FC-85103015,Toallitas Humedas Bebin Super,6195851030154,Solucion limpiadora,40 PZA,cuidado_personal_o_material,,fabricante,pendiente
669,FC-85132069,Nazil Ofteno Solucion Oftalmica 15 ml,736085132069,Nafazolina 1 mg/ml,Frasco gotero 15 ml,medicamento,nafazolina + ml,instructivo,pendiente
324,FC-85800198,Toallitas Bebin Super,6195858001980,Solucion limpiadora,C/80,cuidado_personal_o_material,,fabricante,pendiente
394,FC-86167151,Nestum Cereal Infantil Avena,7501058616715,,270g,revisar_clasificacion,,fabricante,pendiente
732,FC-84273094,Jaloma Kiuts hisopos biodegradables C/50,759684273094,,C/50,revisar_clasificacion,,fabricante,pendiente
731,FC-8432071,Jaloma vaselina blanca 60 g,759684432071,Vaselina,60 g,medicamento,vaselina,instructivo,pendiente
505,FC-86708021,Termómetro Digital Protec,7501048670802,,1 pz,revisar_clasificacion,,fabricante,pendiente
442,FC-87154871,Graneodin F (flurbiprofeno),7501058715487,Flurbiprofeno,C/16 8.75 mg,medicamento,flurbiprofeno,instructivo,pendiente
464,FC-87932321,Sico lubricante cereza 50 ml,7501058793232,,50 ML,revisar_clasificacion,,fabricante,pendiente
693,FC-8910003,Dibar algodon plisado absorbente 100 g,7501868910003,,100 G,revisar_clasificacion,,fabricante,pendiente
453,FC-88947797,Tribedoce Tabletas,7502208894779,Tiamina/Piridoxina/Cianocobalamina,C/30 100mg/5mg/50mg/,medicamento,tiamina + piridoxina + cianocobalamina,instructivo,pendiente
705,FC-90031475,Balsamo para Labios Labello Mora,4005900314758,,1 pz,revisar_clasificacion,,fabricante,pendiente
420,FC-49800151,Prudence Clasico,7502214980015,,3 pzs,revisar_clasificacion,,fabricante,pendiente
485,FC-88915491,Tarmin 2 Mg /12,7502208891549,LOPERAMIDA,12 TABLETAS,medicamento,loperamida,instructivo,pendiente
426,FC-56034041,Toallitas húmedas Escudo antibacterial,7506425603404,,C/50,revisar_clasificacion,,fabricante,pendiente
663,FC-9490651,Corega Ultra Sin Sabor 40 g,7896009490651,,Tubo 40 g,revisar_clasificacion,,fabricante,pendiente
45,FC-95779436,Acetilsalicilico Ef,,,20 TABLETAS,revisar_clasificacion,,fabricante,pendiente
478,FC-98100381,Shampoo Herklin,7501089810038,Surfactantes / formula capilar,120 ML,cuidado_personal_o_material,,fabricante,pendiente
264,FC-99428024,Gel Moco de Gorila Punk,7501199428024,,80 G,revisar_clasificacion,,fabricante,pendiente
31,FC-AEA8C8DA,Namifen,7501075713718,Ácido mefenámico,20 TABLETAS,medicamento,acido mefenamico,instructivo,pendiente
132,FC-A23F290E,Zitriasol,7502209858107,ZITRIASOL,15 CAPSULAS,medicamento,zitriasol,instructivo,pendiente
545,FC-9827438F,Mercurio Veneno De Abeja,3311000000882,Producto homeopatico / natural,frasco 50 g,suplemento_o_natural,,fabricante,pendiente
9,FC-B18E386A,Cefaroxil,,,15 TABLETAS,revisar_clasificacion,,fabricante,pendiente
3,FC-B25B4654,Cina (Ciprofloxacino),,,7 TABLETAS,revisar_clasificacion,,fabricante,pendiente
2,FC-C721E8D7,Levofloxacino,7501349021419,LEVOFLOXACINO,7 TABLETAS,medicamento,levofloxacino,instructivo,pendiente
557,FC-DA34D88D,Erbitrax Terbinafina,7502211783657,,C/7,revisar_clasificacion,,fabricante,pendiente
58,FC-D06E54FE,Valclan,7503000422795,AMOXICILINA/AC. CLAVULANICO,10 TABLETAS,medicamento,amoxicilina + ac. clavulanico,instructivo,pendiente
4,FC-ACA2A2F6,Alopurinol 300 mg,7501342804309,ALOPURINOL 300 mg,20 TABLETAS,medicamento,alopurinol,instructivo,pendiente
44,FC-A0D320D1,Amoxicilina,,AMOXICILINA,12 CAPSULAS,medicamento,amoxicilina,instructivo,pendiente
94,FC-DB4A39AE,Eferox (Cefalexina),,Cefalexina,12 COMPRIMIDOS,medicamento,cefalexina,instructivo,pendiente
127,FC-E4BE37BE,Atorvastatina,7851207548580,ATORVASTATINA,10 TABLETAS,medicamento,atorvastatina,instructivo,pendiente
125,FC-E9C38DC4,Ciprofloxacino G.I,7501349021532,CIPROFLOXACINO G.I,14 TABLETAS,medicamento,ciprofloxacino g.i,instructivo,pendiente
158,FC-EADF1484,Diosmina Hesperidina,7501342804484,DIOSMINA HESPERIDINA,20 TABLETAS,medicamento,diosmina hesperidina,instructivo,pendiente
73,FC-FD845E68,Aciclovir,7501349028791,Aciclovir,35 TABLETAS,medicamento,aciclovir,instructivo,pendiente
549,FC-FD718DF3,Mercurio Sulfatiazol,3311000000967,Producto homeopatico / natural,frasco 50 g,suplemento_o_natural,,fabricante,pendiente
668,FC-070839,Alliviax Garganta C/8 tabletas,650240070839,Naproxeno sodico 550 mg,C/8 tabletas 550 mg,medicamento,naproxeno sodico,instructivo,pendiente
51,FC-F82A6E4B,Ampicilina,7501349022881,AMPICILINA,10 TABLETAS,medicamento,ampicilina,instructivo,pendiente
664,FC-8494226,Aspirina Junior 100 mg C/60,7501008494226,Acido acetilsalicilico 100 mg,C/60 tabletas 100 mg,medicamento,acido acetilsalicilico,instructivo,pendiente
79,FC-F8691496,Bactiver F (Sulfametoxazol/Trimetoprima),7503000422283,SULFAMETOXAZOL + TRIMETOPRIMA,14 TABLETAS,medicamento,sulfametoxazol + trimetoprima,instructivo,pendiente
153,FC-F7DB080D,Ovisen,7501573909408,FLUOXETINA,28 TABLETAS,medicamento,fluoxetina,instructivo,pendiente
