sku,nombre,marca,categoria,subcategoria,costo_proveedor,costo_landed,pvp_referencia,precio_m35,precio_m45,precio_m55,precio_sugerido,margen_sugerido_pct,margen_si_vendes_a_lista_pct,semaforo,prioridad,disponible_proveedor,imagen_url,url_proveedor,proveedor
3337875902823,Vichy Dercos Energy+ Shampoo Estimulante Anticaída Refill 400 ml,Vichy,Capilar,Capilares,799,830.96,1029,1279,1519,1849,1039,20.02,19.25,ROJO,C,0,https://cdn.shopify.com/s/files/1/0088/1937/6188/files/1_2_2.avif,https://www.dermaexpress.com.mx/products/vichy-dercos-energy-shampoo-estimulante-anticaida-refill-400-ml,Dermaexpress
3337871322243,Vichy Dercos Estimulante Shampoo 400 ml,Vichy,Capilar,Capilares,999,1038.96,1029,1599,1889,2309,1299,20.02,-0.97,ROJO,C,0,https://cdn.shopify.com/s/files/1/0088/1937/6188/files/1_1_5aa427f8-9b5e-4995-a3ad-85e3e9aecdda.avif,https://www.dermaexpress.com.mx/products/vichy-dercos-estimulante-shampoo-400-ml,Dermaexpress
3337875952804,CeraVe Limpiador Tono Uniforme Vitamina C 236 ml,Cerave,Rostro,Rostro y cuello,459,477.36,549,739,869,1069,599,20.31,13.05,ROJO,C,0,https://cdn.shopify.com/s/files/1/0088/1937/6188/files/1_6.avif,https://www.dermaexpress.com.mx/products/cerave-limpiador-tono-uniforme-vitamina-c-236-ml,Dermaexpress
3282771000787,Ducray Kelual DS Intensive Spray Calmante Anticaspa 100 ml,Ducray,Capilar,Capilares,619,643.76,0,999,1179,1439,1179,45.4,0,SIN_REF,A,1,https://cdn.shopify.com/s/files/1/0088/1937/6188/files/1_3_5c11f172-4936-47a0-b99b-0aebfdf854ff.avif,https://www.dermaexpress.com.mx/products/ducray-kelual-ds-intensive-spray-calmante-anticaspa-100-ml,Dermaexpress
3282770395990,Avène DermAbsolu Crema de Noche Reafirmante 40 ml,Avene,Rostro,ROSTRO,1160,1206.4,1450,1859,2199,2689,1509,20.05,16.8,ROJO,B,1,https://cdn.shopify.com/s/files/1/0088/1937/6188/files/3282770395990_1.avif,https://www.dermaexpress.com.mx/products/avene-dermabsolu-crema-de-noche-reafirmante-40-ml,Dermaexpress
7502273211037,Seasons Crema Hidratante Antiedad Orquídea + Ácido Hialurónico 45 g,seasons,Rostro,ROSTRO,1299,1350.96,0,2079,2459,3009,2459,45.06,0,SIN_REF,B,1,https://cdn.shopify.com/s/files/1/0088/1937/6188/files/ORQ1037_SEASONS_HIDRATANTES_CREMA_HIDRATANTE_ALTA_REPARACION_ORQUIDEA_ACIDO_HIALURONICO_1.jpg,https://www.dermaexpress.com.mx/products/seasons-crema-hidratante-antiedad-orquidea-acido-hialuronico-45-g,Dermaexpress
8470002146549,Cantabria Labs SKIN RESIST Velvet Cleanser Gel Limpiador y Desmaquillante para Piel Sensible 200 ml,Cantabria Labs,Rostro,ROSTRO,620,644.8,0,999,1179,1439,1179,45.31,0,SIN_REF,A,1,https://cdn.shopify.com/s/files/1/0088/1937/6188/files/1_2_1.avif,https://www.dermaexpress.com.mx/products/cantabria-labs-skin-resist-velvet-cleanser-gel-limpiador-y-desmaquillante-para-piel-sensible-200-ml,Dermaexpress
8470002143050,Cantabria Labs SKIN RESIST Sensage Sérum Antiedad para Piel Sensible 30 ml,Cantabria Labs,Rostro,ROSTRO,1050,1092,0,1679,1989,2429,1989,45.1,0,SIN_REF,A,1,https://cdn.shopify.com/s/files/1/0088/1937/6188/files/1_1_da74c9cb-a7e9-44fd-8a19-97849647df8b.avif,https://www.dermaexpress.com.mx/products/cantabria-labs-skin-resist-sensage-serum-antiedad-para-piel-sensible-30-ml,Dermaexpress
8470002143036,Cantabria Labs SKIN RESIST Daily Fluid Fluido Hidratante para Piel Sensible 50 ml,Cantabria Labs,Rostro,Rostro y cuello,995,1034.8,0,1599,1889,2299,1889,45.22,0,SIN_REF,A,1,https://cdn.shopify.com/s/files/1/0088/1937/6188/files/3_2_bd4cbdeb-c83b-45c8-ba06-a6875584b125.avif,https://www.dermaexpress.com.mx/products/cantabria-labs-skin-resist-daily-fluid-fluido-hidratante-para-piel-sensible-50-ml,Dermaexpress
8436574365481,BIRETIX ISOREPAIR BALM 10G,Cantabria Labs,Ojos y Labios,Ojos y labios,212,220.48,250,339,409,489,279,20.97,11.81,ROJO,B,1,https://cdn.shopify.com/s/files/1/0088/1937/6188/files/2._20Cantabria_20Labs_201-12-25_0178_1.jpg,https://www.dermaexpress.com.mx/products/biretix-isorepair-balm-10g,Dermaexpress
3504105044855,Mustela Bálsamo Universal Multiusos 75 ml,MUSTELA,Cuerpo,Cuerpo,283,294.32,0,459,539,659,539,45.4,0,SIN_REF,B,1,https://cdn.shopify.com/s/files/1/0088/1937/6188/files/3504105037185_1_1.jpg,https://www.dermaexpress.com.mx/products/mustela-balsamo-universal-multiusos-75-ml,Dermaexpress
3504105044602,Mustela Cold Cream Loción Corporal Nutritiva 200 ml,MUSTELA,Capilar,Cabello,226,235.04,0,369,429,529,429,45.21,0,SIN_REF,B,1,https://cdn.shopify.com/s/files/1/0088/1937/6188/files/3504105035532_1_36405488-8822-4d6d-9821-db744803e1a9.jpg,https://www.dermaexpress.com.mx/products/mustela-cold-cream-locion-corporal-nutritiva-200-ml,Dermaexpress
3504105044640,Mustela Cold Cream Crema Emoliente Nutritiva 40 ml,MUSTELA,Cuerpo,Cuerpo,157,163.28,0,259,299,369,299,45.39,0,SIN_REF,B,1,https://cdn.shopify.com/s/files/1/0088/1937/6188/files/3504105035648_1_1.jpg,https://www.dermaexpress.com.mx/products/mustela-cold-cream-crema-emoliente-nutritiva-40-ml,Dermaexpress
8429420309883,Isdin Isdinceutics Flavo-C Intense 50 ml,Isdin,Protección Solar,Solares,1086.4,1129.86,1552,1739,2059,2519,1509,25.13,27.2,AMARILLO,A,1,https://cdn.shopify.com/s/files/1/0088/1937/6188/files/MX_4686_TH_ISDINCEUTICSFLAVO-CINTENSE50ML_MAIN_IMAGE_TEXTURE_0.jpg,https://www.dermaexpress.com.mx/products/isdin-isdinceutics-flavo-c-intense-50-ml,Dermaexpress
8429420271968,Isdin Isdinceutics MelaClear Advanced REFILL 30 ml,Isdin,Protección Solar,Solares,898.1,934.02,1283,1439,1699,2079,1249,25.22,27.2,AMARILLO,A,1,https://cdn.shopify.com/s/files/1/0088/1937/6188/files/ImageneslanzamientosDerx_5_91fc4cf5-efe5-4b69-8a41-87bc793c0836.avif,https://www.dermaexpress.com.mx/products/isdin-isdinceutics-melaclear-advanced-refill-30-ml,Dermaexpress
8429420309845,Isdin Post Solar Aftersun Lotion 100 ml,Isdin,Protección Solar,Solares,195.3,203.11,279,319,369,459,279,27.2,27.2,AMARILLO,A,1,https://cdn.shopify.com/s/files/1/0088/1937/6188/files/ImageneslanzamientosDerx_5_bec1b6d2-662d-46ad-8af4-5acdd40a83c5.avif,https://www.dermaexpress.com.mx/products/isdin-post-solar-aftersun-lotion-100-ml,Dermaexpress
8429420333772,Isdin Fotoprotector Fusion Gel by Alcaraz SPF 50 100 ml,Isdin,Protección Solar,Solares,527.1,548.18,753,849,999,1219,739,25.82,27.2,AMARILLO,A,1,https://cdn.shopify.com/s/files/1/0088/1937/6188/files/Sintitulo-26deenerode2026_16.59.30-2026-08-04T112318.212.avif,https://www.dermaexpress.com.mx/products/isdin-fotoprotector-fusion-gel-by-alcaraz-spf-50-100-ml,Dermaexpress
8429420329881,Isdin Fotoprotector Facial Mist SPF50 100 ml,Isdin,Protección Solar,Solares,384.3,399.67,549,619,729,889,539,25.85,27.2,AMARILLO,A,1,https://cdn.shopify.com/s/files/1/0088/1937/6188/files/1_4_a5a96dfe-dc61-4a0e-ab65-891dd76a3634.avif,https://www.dermaexpress.com.mx/products/isdin-fotoprotector-facial-mist-spf50-100-ml,Dermaexpress
8429420312432,Isdin Fotoprotector Body Lotion Spray SPF50 250 ml,Isdin,Protección Solar,Solares,563.5,586.04,805,909,1069,1309,789,25.72,27.2,AMARILLO,A,1,https://cdn.shopify.com/s/files/1/0088/1937/6188/files/ImageneslanzamientosDerx_5_11d3db4a-ef3d-4306-b62a-ef088711dadf.avif,https://www.dermaexpress.com.mx/products/isdin-fotoprotector-body-lotion-spray-spf50-250-ml,Dermaexpress
8429420312388,Isdin Fotoprotector Body Lotion Spray Pediátrico SPF50 250 ml,Isdin,Protección Solar,Solares,584.5,607.88,835,939,1109,1359,809,24.86,27.2,AMARILLO,A,1,https://cdn.shopify.com/s/files/1/0088/1937/6188/files/1_4_021585fa-c00d-4849-92f7-fc974809758e.avif,https://www.dermaexpress.com.mx/products/isdin-fotoprotector-body-lotion-spray-pediatrico-spf50-250-ml,Dermaexpress
3661434008627,Uriage Baby 1st Shampoo 200 ml,URIAGE,Capilar,Cabello,112,116.48,150,179,219,259,149,21.83,22.35,AMARILLO,A,1,https://cdn.shopify.com/s/files/1/0088/1937/6188/files/Shampoo.avif,https://www.dermaexpress.com.mx/products/uriage-baby-1st-shampoo-t-200-ml,Dermaexpress
3661434008672,Uriage Baby Crema Limpiadora 500 ml,URIAGE,Rostro,Cuerpo y rostro,180,187.2,240,289,349,419,239,21.67,22,AMARILLO,A,1,https://cdn.shopify.com/s/files/1/0088/1937/6188/files/cremahidrante.avif,https://www.dermaexpress.com.mx/products/uriage-baby-crema-limpiadora-500-ml,Dermaexpress
3661434008719,Uriage Baby Agua Limpiadora 500 ml,URIAGE,Rostro,Cuerpo y rostro,165,171.6,220,269,319,389,219,21.64,22,AMARILLO,A,1,https://cdn.shopify.com/s/files/1/0088/1937/6188/files/ImageneslanzamientosDerx_5.avif,https://www.dermaexpress.com.mx/products/uriage-baby-agua-limpiadora-500-ml,Dermaexpress
3661434008757,Uriage Baby Toallitas Limpiadoras 70 Piezas,URIAGE,Rostro,Cuerpo y rostro,90,93.6,120,149,179,209,119,21.34,22,AMARILLO,A,1,https://cdn.shopify.com/s/files/1/0088/1937/6188/files/1_2_61b707c6-75ee-435c-97e1-2e76f5cb53bc.avif,https://www.dermaexpress.com.mx/products/uriage-baby-toallitas-limpiadoras-70-piezas,Dermaexpress
3700281705065,Topicrem AC CONTROL Sérum Intensivo Anti-Imperfecciones 34 ml,MartiDerm,Rostro,ROSTRO,589,612.56,0,949,1119,1369,1119,45.26,0,SIN_REF,B,1,https://cdn.shopify.com/s/files/1/0088/1937/6188/files/186940_1.png,https://www.dermaexpress.com.mx/products/topicrem-ac-control-serum-intensivo-anti-imperfecciones-34-ml,Dermaexpress
3760269770652,Isispharma Uveblock FPS 50+ Lotion 100 ml,Isispharma,Protección Solar,Solares,520,540.8,650,839,989,1209,679,20.35,16.8,ROJO,B,1,https://cdn.shopify.com/s/files/1/0088/1937/6188/files/Fsp800Wx800H_70010863_1ju4342di.png,https://www.dermaexpress.com.mx/products/isispharma-uveblock-fps-50-lotion-100-ml-1,Dermaexpress
8436589052505,MartiDerm Sun Care SPF 50+ Active [D] Hydra Gel 50 ml,MartiDerm,Rostro,ROSTRO,619,643.76,0,999,1179,1439,1179,45.4,0,SIN_REF,C,0,https://cdn.shopify.com/s/files/1/0088/1937/6188/files/204125.png,https://www.dermaexpress.com.mx/products/martiderm-sun-care-spf-50-active-d-hydra-gel-50-ml,Dermaexpress
810105153682,Alastin Skincare C-Radical Defense Serum Antioxidante Facial 29.6ml,Alastin,Rostro,Rostro,4051,4213.04,0,6489,7669,9369,7669,45.06,0,SIN_REF,B,1,https://cdn.shopify.com/s/files/1/0088/1937/6188/files/1_a5a7577a-ae3d-4021-b9a2-104045ada068.png,https://www.dermaexpress.com.mx/products/alastin-skincare-c-radical-defense-serum-antioxidante-facial-29-6ml-copy,Dermaexpress
3499320018227,Alastin Skincare Restorative Skin Complex Tratamiento Antiedad Facial 29 ml,Alastin,Rostro,Rostro,4200,4368,0,6719,7949,9709,7949,45.05,0,SIN_REF,B,1,https://cdn.shopify.com/s/files/1/0088/1937/6188/files/1_1_b7577e14-c69b-44df-9047-1797f29fd540.avif,https://www.dermaexpress.com.mx/products/alastin-skincare-restorative-skin-complex-tratamiento-antiedad-facial-29-ml-copy,Dermaexpress
3282770399479,Avène Cleanance Comedomed Peeling Gel Limpiador Exfoliante 400 ml,Avene,Rostro,Rostro,736,765.44,920,1179,1399,1709,959,20.18,16.8,ROJO,B,1,https://cdn.shopify.com/s/files/1/0088/1937/6188/files/3282770399479-1.jpg,https://www.dermaexpress.com.mx/products/avene-cleanance-comedomed-cuidado-intensivo-antiimperfecciones-30-ml-copia,Dermaexpress
3282770399226,Avène Cleanance Comedomed Cuidado Intensivo Antiimperfecciones 30 ml,Avene,Rostro,Rostro,759,789.36,949,1219,1439,1759,989,20.19,16.82,ROJO,C,0,https://cdn.shopify.com/s/files/1/0088/1937/6188/files/3282770399226-1.avif,https://www.dermaexpress.com.mx/products/avene-cleanance-comedomed-cuidado-intensivo-antiimperfecciones-30-ml,Dermaexpress
3701129800201,Institut Esthederm Intensive Hyaluronic+ Sérum hidratación profunda 30 ml,Institut Esthederm,Rostro,Rostro,2250,2340,0,3599,4259,5199,4259,45.06,0,SIN_REF,C,0,https://cdn.shopify.com/s/files/1/0088/1937/6188/files/3701129800201.png,https://www.dermaexpress.com.mx/products/institut-esthederm-intensive-hyaluronic-serum-hidratacion-profunda-30-ml,Dermaexpress
3661434032813,Uriage AP Hair Serum Intensivo Anti-Caída 100 ml,URIAGE,Capilar,Capilares,667,693.68,890,1069,1269,1549,869,20.17,22.06,AMARILLO,A,1,https://cdn.shopify.com/s/files/1/0088/1937/6188/files/2_b03efcaa-3467-4358-89d3-d33ad31f4b75.png,https://www.dermaexpress.com.mx/products/uriage-ap-hair-serum-intensivo-anti-caida-100-ml,Dermaexpress
3661434032820,Uriage AP Hair Shampoo Fortificante 200 ml,URIAGE,Capilar,Capilares,367,381.68,490,589,699,849,479,20.32,22.11,AMARILLO,A,1,https://cdn.shopify.com/s/files/1/0088/1937/6188/files/3_319a0176-39db-4df3-8569-d68689416e01.png,https://www.dermaexpress.com.mx/products/uriage-ap-hair-shampoo-fortificante-200-ml,Dermaexpress
3461020002998,Institut Esthederm Intensive Hyaluronic+ Mascarilla Hidratante Antiedad 50 ml,Institut Esthederm,Rostro,ROSTRO,1980,2059.2,0,3169,3749,4579,3749,45.07,0,SIN_REF,B,1,https://cdn.shopify.com/s/files/1/0088/1937/6188/files/3461020002998.avif,https://www.dermaexpress.com.mx/products/institut-esthederm-intensive-hyaluronic-mascarilla-hidratante-antiedad-50-ml,Dermaexpress
3701129812105,Bioderma Sensibio H2O Agua Micelar 500 ml,Bioderma,Rostro,Rostro,607,631.28,759,979,1149,1409,789,19.99,16.83,ROJO,B,1,https://cdn.shopify.com/s/files/1/0088/1937/6188/files/3701129812105_HH.jpg,https://www.dermaexpress.com.mx/products/bioderma-sensibio-h2o-agua-micelar-500-ml,Dermaexpress
8050519680172,Korff Cure Make Up Fluid Foundation Lifting Effect Tono 01 30 ml,Korff,Rostro,Rostro,1160,1206.4,0,1859,2199,2689,2199,45.14,0,SIN_REF,B,1,https://cdn.shopify.com/s/files/1/0088/1937/6188/files/ImageneslanzamientosDerx_2.avif,https://www.dermaexpress.com.mx/products/korff-cure-make-up-fluid-foundation-lifting-effect-tono-01-30-ml,Dermaexpress
8050519684729,Korff Cure Make Up Neverending Ultra Matt Long Lasting Foundation SPF30 Tono 01 30 ml,Korff,Rostro,Rostro,1032,1073.28,0,1659,1959,2389,1959,45.21,0,SIN_REF,B,1,https://cdn.shopify.com/s/files/1/0088/1937/6188/files/ImageneslanzamientosDerx_1_1.avif,https://www.dermaexpress.com.mx/products/korff-cure-make-up-neverending-ultra-matt-long-lasting-foundation-spf30-tono-01-30-ml,Dermaexpress
3461020003056,Esthederm Intensive Hyaluronic Crema Hidratante REFILL 50 ml,Institut Esthederm,Rostro,Rostro,2135,2220.4,0,3419,4039,4939,4039,45.03,0,SIN_REF,B,1,https://cdn.shopify.com/s/files/1/0088/1937/6188/files/esthederm-intensive-hyaluronic-cream-refill-50ml_1.avif,https://www.dermaexpress.com.mx/products/esthederm-intensive-hyaluronic-crema-hidratante-recargable-50-ml,Dermaexpress
3282779449939,Avène Kit Cleanance Aqua Gel 50 ml + Gel Limpiador 100 ml + Agua Termal 50 ml,Avene,Rostro,ROSTRO,687,714.48,1329,1099,1299,1589,1289,44.57,46.24,VERDE,C,0,https://cdn.shopify.com/s/files/1/0088/1937/6188/files/3282779449939_1.avif,https://www.dermaexpress.com.mx/products/avene-kit-cleanance-aqua-gel-50-ml-gel-limpiador-100-ml-agua-termal-50-ml,Dermaexpress
3282779449922,Avène Kit Cleanance Serum 30 ml + Gel Limpiador 100 ml + Agua Termal 50 ml,Avene,Rostro,ROSTRO,839,872.56,1329,1349,1589,1939,1289,32.31,34.34,VERDE,A,1,https://cdn.shopify.com/s/files/1/0088/1937/6188/files/3282779449922_1.avif,https://www.dermaexpress.com.mx/products/avene-kit-cleanance-serum-30-ml-gel-limpiador-100-ml-agua-termal-50-ml,Dermaexpress
3282771000909,Avène Protector Solar Facial Ultra Stick FPS50 20 g,Darrow,Rostro,ROSTRO,559,581.36,579,899,1059,1299,729,20.25,-0.41,ROJO,B,1,https://cdn.shopify.com/s/files/1/0088/1937/6188/files/3282771000909_1.avif,https://www.dermaexpress.com.mx/products/avene-protector-solar-facial-ultra-stick-fps50-20-g,Dermaexpress
3282770398106,Darrow Actine Vitamina C Serum 30 g,Darrow,Rostro,ROSTRO,649,674.96,0,1039,1229,1499,1229,45.08,0,SIN_REF,B,1,https://cdn.shopify.com/s/files/1/0088/1937/6188/files/3282770398106_1.avif,https://www.dermaexpress.com.mx/products/darrow-actine-vitamina-c-serum-30-g,Dermaexpress
7509552536713,La Roche-Posay Kit Effaclar Gel Limpiador Purificante 400 ml + Effaclar Mat 40 ml,La Roche Posay,Rostro,ROSTRO,749,778.96,999,1199,1419,1739,979,20.43,22.03,AMARILLO,A,1,https://cdn.shopify.com/s/files/1/0088/1937/6188/files/Kit-Effaclar-Gel-Limpieza-Para-Piel-Mixta-A-Grasa-Con-Tendencia-Al-Acne-7509552536713-639185990174265109-1.avif,https://www.dermaexpress.com.mx/products/la-roche-posay-kit-effaclar-gel-limpiador-purificante-400-ml-effaclar-mat-40-ml,Dermaexpress
7509552535396,La Roche-Posay Kit Effaclar Duo+M Anti-Imperfecciones 40 ml + Effaclar Duo+M Patch 22 Parches + Cosmetiquera,La Roche Posay,Rostro,ROSTRO,734,763.36,979,1179,1389,1699,959,20.4,22.03,AMARILLO,C,0,https://cdn.shopify.com/s/files/1/0088/1937/6188/files/7509552535396.avif,https://www.dermaexpress.com.mx/products/la-roche-posay-kit-effaclar-ultra-serum-30-ml-anthelios-uv-air-spf-50-40-ml-effaclar-gel-microexfoliante-15-ml,Dermaexpress
7509552535402,La Roche-Posay Kit Effaclar Ultra Serum 30 ml + Anthelios UV Air SPF 50+ 40 ml + Effaclar Gel Microexfoliante 15 ml,La Roche Posay,Rostro,ROSTRO,779,810.16,1039,1249,1479,1809,1019,20.49,22.03,AMARILLO,C,0,https://cdn.shopify.com/s/files/1/0088/1937/6188/files/7509552535402.avif,https://www.dermaexpress.com.mx/products/la-roche-posay-kit-effaclar-ultra-serum-30-ml-anthelios-uv-air-spf-50-40-ml-effaclar-gel-microexfoliante-15-ml-1,Dermaexpress
3760269770713,Isispharma Uveblock FPS50+ Velvet 40 ml,Isispharma,Protección Solar,Solares,560,582.4,700,899,1059,1299,729,20.11,16.8,ROJO,B,1,https://cdn.shopify.com/s/files/1/0088/1937/6188/files/1_97222f76-b724-4579-96c4-282e7a1cfab9.png,https://www.dermaexpress.com.mx/products/isispharma-uveblock-fps50-velvet-40-ml,Dermaexpress
3499320018814,Cetaphil Skin Activator Loción Hidratante y Reafirmante para Piel Sensible 473 ml,Cetaphil,Otros,,679,706.16,0,1089,1289,1569,1289,45.22,0,SIN_REF,A,1,https://cdn.shopify.com/s/files/1/0088/1937/6188/files/locion-1000x1000-1.jpg,https://www.dermaexpress.com.mx/products/cetaphil-healthy-renew-locion-hidratante-reafirmante-473-ml,Dermaexpress
7897930779488,Cetaphil Bálsamo Multireparador 50 g,Cetaphil,Otros,,429,446.16,0,689,819,999,819,45.52,0,SIN_REF,A,1,https://cdn.shopify.com/s/files/1/0088/1937/6188/files/BalsamoB000123456-150_B000123456_4.avif,https://www.dermaexpress.com.mx/products/cetaphil-balsamo-multireparador-50-g,Dermaexpress
3499320018821,Cetaphil Skin Crema Hidratante Reafirmante 340 g,Cetaphil,Cuerpo,Cuerpo,649,674.96,0,1039,1229,1499,1229,45.08,0,SIN_REF,A,1,https://cdn.shopify.com/s/files/1/0088/1937/6188/files/3499320018821.avif,https://www.dermaexpress.com.mx/products/cetaphil-skin-crema-hidratante-reafirmante-340-g,Dermaexpress
7502273214540,Season Love Your Skin Cabin Spa Ampolleta Acné 5 pzas (2ml c/u),seasons,Rostro,Rostro,799,830.96,0,1279,1519,1849,1519,45.3,0,SIN_REF,B,1,https://cdn.shopify.com/s/files/1/0088/1937/6188/files/CajaKitAntiAcne.png,https://www.dermaexpress.com.mx/products/season-love-your-skin-cabin-spa-ampolleta-acne-5-pzas-2ml-c-u,Dermaexpress
7502273214533,Season Love Your Skin Cabin Spa Ampolleta Despigmentante 5 pzas (2ml c/u),seasons,Cuerpo,Cuerpo,799,830.96,0,1279,1519,1849,1519,45.3,0,SIN_REF,B,1,https://cdn.shopify.com/s/files/1/0088/1937/6188/files/CajaKitDespigmentante_d244b4d9-b23e-4e45-93b1-a4d9bed66e97.png,https://www.dermaexpress.com.mx/products/season-love-your-skin-cabin-spa-ampolleta-despigmentante-5-pzas-2ml-c-u,Dermaexpress
7502273214526,Season Love Your Skin cabin spa ampolleta hidratante ah 5 pzas (2ml c/u),seasons,Cuerpo,Cuerpo,799,830.96,0,1279,1519,1849,1519,45.3,0,SIN_REF,B,1,https://cdn.shopify.com/s/files/1/0088/1937/6188/files/CajaKitHidratante.png,https://www.dermaexpress.com.mx/products/season-love-your-skin-cabin-spa-ampolleta-hidratante-ah-5-pzas-2ml-c-u,Dermaexpress
7502273214519,Season Love Your Skin Cabin Spa Ampolleta antioxidante 5 pzas (2ml c/u),seasons,Rostro,Rostro,799,830.96,0,1279,1519,1849,1519,45.3,0,SIN_REF,B,1,https://cdn.shopify.com/s/files/1/0088/1937/6188/files/CajaKitAntioxidante.png,https://www.dermaexpress.com.mx/products/season-love-your-skin-cabin-spa-ampolleta-antioxidante-5-pzas-2ml-c-u,Dermaexpress
7502273214502,Season Love Your Skin Cabin Spa Ampolleta antiedad 5 pzas (2 ml c/u),seasons,Rostro,ROSTRO,799,830.96,0,1279,1519,1849,1519,45.3,0,SIN_REF,B,1,https://cdn.shopify.com/s/files/1/0088/1937/6188/files/7502273214502.png,https://www.dermaexpress.com.mx/products/season-love-your-skin-cabin-spa-ampolleta-antiedad-5-pzas-2-ml-c-u,Dermaexpress
7502273212430,Season Love Your Skin Cabin Spa Protector solar FPS50 manzana verde 250 g,seasons,Rostro,ROSTRO,799,830.96,0,1279,1519,1849,1519,45.3,0,SIN_REF,B,1,https://cdn.shopify.com/s/files/1/0088/1937/6188/files/7502273212430.png,https://www.dermaexpress.com.mx/products/season-love-your-skin-cabin-spa-protector-solar-fps50-manzana-verde-250-g,Dermaexpress
7502273212706,Season Love Your Skin Cabin Spa Gel Hidratante Vitamina C 250 g,seasons,Rostro,ROSTRO,599,622.96,0,959,1139,1389,1139,45.31,0,SIN_REF,C,0,https://cdn.shopify.com/s/files/1/0088/1937/6188/files/SPA2502.png,https://www.dermaexpress.com.mx/products/season-love-your-skin-cabin-spa-gel-hidratante-vitamina-c-250-g,Dermaexpress
7502273214496,Season Love Your Skin Cabin Spa Mascarilla Hidroplástica Rosa de Castilla 380 g,seasons,Rostro,ROSTRO,1069,1111.76,0,1719,2029,2479,2029,45.21,0,SIN_REF,C,0,https://cdn.shopify.com/s/files/1/0088/1937/6188/files/7502273214496_1.png,https://www.dermaexpress.com.mx/products/season-love-your-skin-cabin-spa-mascarilla-hidroplastica-rosa-de-castilla-380-g,Dermaexpress
7502273212317,Season Love Your Skin Cabin Spa Mascarilla Hidroplástica Vitamina C 380 g,seasons,Rostro,ROSTRO,1099,1142.96,0,1759,2079,2539,2079,45.02,0,SIN_REF,C,0,https://cdn.shopify.com/s/files/1/0088/1937/6188/files/7502273212317.png,https://www.dermaexpress.com.mx/products/season-love-your-skin-cabin-spa-mascarilla-hidroplastica-vitamina-c-380-g,Dermaexpress
7502273212782,Season Love Your Skin Cabin Spa Mascarilla efervescente aclarante 380 g,seasons,Rostro,ROSTRO,1069,1111.76,0,1719,2029,2479,2029,45.21,0,SIN_REF,C,0,https://cdn.shopify.com/s/files/1/0088/1937/6188/files/SPA8250.png,https://www.dermaexpress.com.mx/products/season-love-your-skin-cabin-spa-mascarilla-nutritiva-te-verde-250-ml-copia,Dermaexpress
7502273212324,Season Love Your Skin Cabin Spa Mascarilla Nutritiva té Verde 250 ml,seasons,Rostro,ROSTRO,789,820.56,0,1269,1499,1829,1499,45.26,0,SIN_REF,C,0,https://cdn.shopify.com/s/files/1/0088/1937/6188/files/SPA71500.png,https://www.dermaexpress.com.mx/products/season-love-your-skin-cabin-spa-mascarilla-nutritiva-te-verde-250-ml,Dermaexpress
7502273212263,Season Love Your Skin Cabin Spa Sérum Vitamina C + E 30 ml,seasons,Rostro,ROSTRO,1029,1070.16,0,1649,1949,2379,1949,45.09,0,SIN_REF,C,0,https://cdn.shopify.com/s/files/1/0088/1937/6188/files/SPAS103A_478ba9ba-dd22-47da-888c-af4bef957f4c.png,https://www.dermaexpress.com.mx/products/season-love-your-skin-cabin-spa-serum-vitamina-c-e-30-ml,Dermaexpress
7502273213390,Season Love Your Skin Kit Control Acné,seasons,Rostro,ROSTRO,1999,2078.96,0,3199,3779,4619,3779,44.99,0,SIN_REF,B,1,https://cdn.shopify.com/s/files/1/0088/1937/6188/files/FotoTratamientoAntiAcne_OK.png,https://www.dermaexpress.com.mx/products/season-love-your-skin-kit-control-acne,Dermaexpress
7502273213987,Season Love Your Skin Kit Control Grasa,seasons,Rostro,ROSTRO,829,862.16,0,1329,1569,1919,1569,45.05,0,SIN_REF,B,1,https://cdn.shopify.com/s/files/1/0088/1937/6188/files/cajafrente1.png,https://www.dermaexpress.com.mx/products/season-love-your-skin-kit-control-grasa,Dermaexpress
7502273213963,Season Love Your Skin Kit Basic Care - 3 pasos,seasons,Rostro,ROSTRO,699,726.96,0,1119,1329,1619,1329,45.3,0,SIN_REF,B,1,https://cdn.shopify.com/s/files/1/0088/1937/6188/files/productossolos_3Pasos.png,https://www.dermaexpress.com.mx/products/season-love-your-skin-kit-basic-care-3-pasos,Dermaexpress
7502273214113,Season Love Your Skin Kit 3 Sérums,seasons,Rostro,ROSTRO,2229,2318.16,0,3569,4219,5159,4219,45.05,0,SIN_REF,C,0,https://cdn.shopify.com/s/files/1/0088/1937/6188/files/Kit3Serums_niacinamida_frascos.png,https://www.dermaexpress.com.mx/products/season-love-your-skin-kit-3-serums,Dermaexpress
7502273214489,Season Love Your Skin Kit Up&Up,seasons,Rostro,ROSTRO,1999,2078.96,0,3199,3779,4619,3779,44.99,0,SIN_REF,B,1,https://cdn.shopify.com/s/files/1/0088/1937/6188/files/Up_upweb1_2000x2000px.webp,https://www.dermaexpress.com.mx/products/season-love-your-skin-kit-up-up,Dermaexpress
7502273214458,Season Love Your Skin Kit Here We Glow,seasons,Rostro,ROSTRO,1999,2078.96,0,3199,3779,4619,3779,44.99,0,SIN_REF,B,1,https://cdn.shopify.com/s/files/1/0088/1937/6188/files/envases_frente.png,https://www.dermaexpress.com.mx/products/season-love-your-skin-kit-here-we-glow,Dermaexpress
7502273213994,Season Love Your Skin Kit Revitalizante Para Pieles Secas,seasons,Rostro,ROSTRO,829,862.16,0,1329,1569,1919,1569,45.05,0,SIN_REF,B,1,https://cdn.shopify.com/s/files/1/0088/1937/6188/files/mockupKitTratamientoRevitalizante.png,https://www.dermaexpress.com.mx/products/season-love-your-skin-kit-revitalizante-para-pieles-secas,Dermaexpress
7502273214762,Season Love Your Skin Protector Solar FPS50 Multi Stick Tono Rosa 7.5 ml,seasons,Rostro,ROSTRO,369,383.76,0,599,699,859,699,45.1,0,SIN_REF,C,0,https://cdn.shopify.com/s/files/1/0088/1937/6188/files/7502273214762_1_b375f50f-f4a5-4bb9-8afa-707aefceaaeb.png,https://www.dermaexpress.com.mx/products/season-love-your-skin-protector-solar-fps50-multi-stick-tono-rosa-7-5-ml,Dermaexpress
7502273214779,Season Love Your Skin Protector Solar FPS50 Multi Stick Tono Rojo 7.5 ml,seasons,Rostro,ROSTRO,369,383.76,0,599,699,859,699,45.1,0,SIN_REF,C,0,https://cdn.shopify.com/s/files/1/0088/1937/6188/files/7502273214779.png,https://www.dermaexpress.com.mx/products/season-love-your-skin-protector-solar-fps50-multi-stick-tono-rojo-7-5-ml,Dermaexpress
7502273214786,Season Love Your Skin Protector Solar FPS50 Multi Stick Tono Durazno 7.5 ml,seasons,Rostro,ROSTRO,369,383.76,0,599,699,859,699,45.1,0,SIN_REF,C,0,https://cdn.shopify.com/s/files/1/0088/1937/6188/files/ProtectorSolarMultiStick_Durazno_FrenteCompleto.png,https://www.dermaexpress.com.mx/products/season-love-your-skin-protector-solar-fps50-multi-stick-tono-durazno-7-5-ml,Dermaexpress
7502273214793,Season Love Your Skin Protector Solar FPS50 Multi Stick Tono Bronzer 7.5 ml,seasons,Rostro,ROSTRO,369,383.76,0,599,699,859,699,45.1,0,SIN_REF,C,0,https://cdn.shopify.com/s/files/1/0088/1937/6188/files/ProtectorSolarMultiStick_Bronzer_FrenteCompleto.png,https://www.dermaexpress.com.mx/products/season-love-your-skin-protector-solar-fps50-multi-stick-tono-bronzer-7-5-ml,Dermaexpress
7502273214557,Season Love Your Skin Bloqueador Facial Aquagel 50 g,seasons,Rostro,ROSTRO,699,726.96,0,1119,1329,1619,1329,45.3,0,SIN_REF,B,1,https://cdn.shopify.com/s/files/1/0088/1937/6188/files/7502273214557.jpg,https://www.dermaexpress.com.mx/products/season-love-your-skin-bloqueador-facial-aquagel-50-g,Dermaexpress
7502273214724,Season Love Your Skin Protector solar FPS50 Matificante Manzana Verde 100 g,seasons,Rostro,ROSTRO,599,622.96,0,959,1139,1389,1139,45.31,0,SIN_REF,B,1,https://cdn.shopify.com/s/files/1/0088/1937/6188/files/7502273214724_1.png,https://www.dermaexpress.com.mx/products/season-love-your-skin-protector-solar-fps50-matificante-manzana-verde-100-g,Dermaexpress
7502273214588,Season Love Your Skin Protector Solar FPS50 Stick Manzana Verde 15 g,seasons,Rostro,ROSTRO,399,414.96,0,639,759,929,759,45.33,0,SIN_REF,B,1,https://cdn.shopify.com/s/files/1/0088/1937/6188/files/protectorsolarstick_envasecerrado.png,https://www.dermaexpress.com.mx/products/season-love-your-skin-protector-solar-fps50-stick-manzana-verde-15-g,Dermaexpress
7502273214564,Season Love Your Skin Protector solar FPS50 Matificante Niacinamida 45 g,seasons,Rostro,ROSTRO,499,518.96,0,799,949,1159,949,45.32,0,SIN_REF,B,1,https://cdn.shopify.com/s/files/1/0088/1937/6188/files/7502273214564_1.png,https://www.dermaexpress.com.mx/products/season-love-your-skin-protector-solar-fps50-matificante-niacinamida-45-g,Dermaexpress
7502273213697,Season Love Your Skin Protector solar FPS50 Toque Seco Tono Medio 45 g,seasons,Rostro,ROSTRO,549,570.96,0,879,1039,1269,1039,45.05,0,SIN_REF,B,1,https://cdn.shopify.com/s/files/1/0088/1937/6188/files/7502273213697.png,https://www.dermaexpress.com.mx/products/season-love-your-skin-protector-solar-fps50-toque-seco-tono-medio-45-g,Dermaexpress
7502273214069,Season Love Your Skin Protector solar FPS50 Toque Seco Tono Claro 45 g,seasons,Rostro,ROSTRO,549,570.96,0,879,1039,1269,1039,45.05,0,SIN_REF,B,1,https://cdn.shopify.com/s/files/1/0088/1937/6188/files/7502273214069.png,https://www.dermaexpress.com.mx/products/season-love-your-skin-protector-solar-fps50-toque-seco-tono-claro-45-g,Dermaexpress
7502273210245,Season Love Your Skin Protector solar FPS50 Manzana Verde 100 g,seasons,Rostro,ROSTRO,599,622.96,0,959,1139,1389,1139,45.31,0,SIN_REF,B,1,https://cdn.shopify.com/s/files/1/0088/1937/6188/files/7502273210245.jpg,https://www.dermaexpress.com.mx/products/season-love-your-skin-protector-solar-fps50-manzana-verde-100-g,Dermaexpress
7502273210269,Season Love Your Skin Protector solar FPS50 Resistente Al Agua 100 g,seasons,Rostro,ROSTRO,599,622.96,0,959,1139,1389,1139,45.31,0,SIN_REF,C,0,https://cdn.shopify.com/s/files/1/0088/1937/6188/files/7502273210269.webp,https://www.dermaexpress.com.mx/products/season-love-your-skin-protector-solar-fps50-resistente-al-agua-100-g,Dermaexpress
7502273210009,Season Love Your Skin Gel Contorno De Ojos AH + Pepino 18 g,seasons,Rostro,ROSTRO,929,966.16,0,1489,1759,2149,1759,45.07,0,SIN_REF,C,0,https://cdn.shopify.com/s/files/1/0088/1937/6188/files/7502273210009.webp,https://www.dermaexpress.com.mx/products/season-love-your-skin-gel-contorno-de-ojos-ah-pepino-18-g,Dermaexpress
7502273210337,Season Love Your Skin Gel Hidratante Aloe Vera 60 g,seasons,Rostro,ROSTRO,549,570.96,0,879,1039,1269,1039,45.05,0,SIN_REF,B,1,https://cdn.shopify.com/s/files/1/0088/1937/6188/files/7502273210337.jpg,https://www.dermaexpress.com.mx/products/season-love-your-skin-gel-hidratante-aloe-vera-60-g,Dermaexpress
7502273210146,Season Love Your Skin Gel Hidratante Vitamina C 100 g,seasons,Rostro,ROSTRO,549,570.96,0,879,1039,1269,1039,45.05,0,SIN_REF,B,1,https://cdn.shopify.com/s/files/1/0088/1937/6188/files/7502273210146_7b84510e-e9b1-441e-9953-6ee24649a3c6.png,https://www.dermaexpress.com.mx/products/season-love-your-skin-crema-hidratante-antiedad-orquidea-ah-45-g,Dermaexpress
7502273213826,Season Love Your Skin Serum Niacinamida + B5 30 ml,seasons,Rostro,ROSTRO,629,654.16,0,1009,1189,1459,1189,44.98,0,SIN_REF,B,1,https://cdn.shopify.com/s/files/1/0088/1937/6188/files/7502273213826_1.png,https://www.dermaexpress.com.mx/products/season-love-your-skin-serum-niacinamida-b5-30-ml,Dermaexpress
7502273213635,Season Love Your Skin Serum Vitamina C 30 ml,seasons,Rostro,ROSTRO,969,1007.76,0,1559,1839,2239,1839,45.2,0,SIN_REF,B,1,https://cdn.shopify.com/s/files/1/0088/1937/6188/files/7502273213635_485e6b21-02dc-4f0d-84fa-4c3db3a23a83.png,https://www.dermaexpress.com.mx/products/season-love-your-skin-serum-vitamina-c-30-ml,Dermaexpress
7502273213604,Season Love Your Skin Sérum Retinol + AH 30 ml,seasons,Rostro,ROSTRO,1029,1070.16,0,1649,1949,2379,1949,45.09,0,SIN_REF,B,1,https://cdn.shopify.com/s/files/1/0088/1937/6188/files/7502273213604.png,https://www.dermaexpress.com.mx/products/season-love-your-skin-serum-retinol-ah-30-ml,Dermaexpress
7502273213277,Season Love Your Skin Serum Ácido Hialurónico 30 ml,seasons,Rostro,ROSTRO,1029,1070.16,0,1649,1949,2379,1949,45.09,0,SIN_REF,B,1,https://cdn.shopify.com/s/files/1/0088/1937/6188/files/7502273213277.png,https://www.dermaexpress.com.mx/products/season-love-your-skin-serum-acido-hialuronico-30-ml,Dermaexpress
7502273211044,Season Love Your Skin Aceite vitamina C 30 ml,seasons,Rostro,ROSTRO,969,1007.76,0,1559,1839,2239,1839,45.2,0,SIN_REF,C,0,https://cdn.shopify.com/s/files/1/0088/1937/6188/files/7502273211044.jpg,https://www.dermaexpress.com.mx/products/season-love-your-skin-aceite-vitamina-c-30-ml,Dermaexpress
7502273213413,Season Love Your Skin Tónico reparador agua de rosas 120 ml,seasons,Rostro,ROSTRO,329,342.16,0,529,629,769,629,45.6,0,SIN_REF,B,1,https://cdn.shopify.com/s/files/1/0088/1937/6188/files/7502273213413.png,https://www.dermaexpress.com.mx/products/season-love-your-skin-tonico-reparador-agua-de-rosas-120-ml,Dermaexpress
7502273214120,Season Love Your Skin Dermolimpiador Espuma Niacinamida + té verde 150 ml,seasons,Rostro,ROSTRO,399,414.96,0,639,759,929,759,45.33,0,SIN_REF,C,0,https://cdn.shopify.com/s/files/1/0088/1937/6188/files/7502273214120.png,https://www.dermaexpress.com.mx/products/season-love-your-skin-dermolimpiador-espuma-niacinamida-te-verde-150-ml,Dermaexpress
7502273211433,Season Love Your Skin Dermolimpiador Rosa Mosqueta + Argán 120 ml,seasons,Rostro,ROSTRO,499,518.96,0,799,949,1159,949,45.32,0,SIN_REF,C,0,https://cdn.shopify.com/s/files/1/0088/1937/6188/files/7502273211433_8765dc20-09d4-4b08-bca2-0553d602bb10.jpg,https://www.dermaexpress.com.mx/products/season-love-your-skin-dermolimpiador-rosa-mosqueta-argan-120-ml,Dermaexpress
8904091185214,Glenmark Metactiv crema 0.1% 30 g,Glenmark,Cuerpo,Cuerpo,796,827.84,0,1279,1509,1839,1509,45.14,0,SIN_REF,B,1,https://cdn.shopify.com/s/files/1/0088/1937/6188/files/Metactive0.1_30gMXFRTRGB1080x1080px.avif,https://www.dermaexpress.com.mx/products/glenmark-metactiv-crema-0-1-30-g,Dermaexpress
7509552529401,La Roche Posay Kit Mela B3 Serum 30ml + Anthelios UV Mune 400 50ml + Mela B3 Crema 3ml,La Roche Posay,Rostro,ROSTRO,966,1004.64,1289,1549,1829,2239,1259,20.2,22.06,AMARILLO,C,0,https://cdn.shopify.com/s/files/1/0088/1937/6188/files/1_2_d04fe430-4748-484f-979e-33529695ced7.avif,https://www.dermaexpress.com.mx/products/la-roche-posay-kit-mela-b3-serum-30ml-anthelios-uv-mune-400-50ml-mela-b3-crema-3ml,Dermaexpress
3661434035524,Uriage Kit Age Absolu Sérum 30 ml + Crema de Día 15 ml + Mascarilla de Noche 15 ml,URIAGE,Rostro,ROSTRO,795,826.8,1061,1279,1509,1839,1039,20.42,22.07,AMARILLO,A,1,https://cdn.shopify.com/s/files/1/0088/1937/6188/files/ImageneslanzamientosDerx_ddc08252-b7ce-423d-97a6-34974dc217e5.avif,https://www.dermaexpress.com.mx/products/uriage-kit-age-absolu-serum-30-ml-crema-de-dia-15-ml-mascarilla-de-noche-15-ml,Dermaexpress
3337875941396,La Roche Posay Mela B3 Body Tratamiento Corporal Antimanchas 200 ml,La Roche Posay,Cuerpo,Cuerpo,599,622.96,799,959,1139,1389,779,20.03,22.03,AMARILLO,A,1,https://cdn.shopify.com/s/files/1/0088/1937/6188/files/1_1_b7a2ec18-5406-42e3-a642-e3cad84a7290.avif,https://www.dermaexpress.com.mx/products/la-roche-posay-mela-b3-body-tratamiento-corporal-antimanchas-200-ml,Dermaexpress
3337875941433,La Roche-Posay Mela B3 Crema Contorno de Ojos 15 ml,La Roche Posay,Rostro,ROSTRO,899,934.96,1199,1439,1699,2079,1169,20.02,22.02,AMARILLO,A,1,https://cdn.shopify.com/s/files/1/0088/1937/6188/files/2_b6268d8b-35f1-4773-847f-b8ebd7008144.png,https://www.dermaexpress.com.mx/products/la-roche-posay-mela-b3-crema-contorno-de-ojos-15-ml,Dermaexpress
7509552998900,Vichy Kit Capital Soleil Crema SPF 50+ 300 ml + Agua Termal 150 ml,Vichy,Rostro,ROSTRO,803,835.12,1071,1289,1519,1859,1049,20.39,22.02,AMARILLO,C,0,https://cdn.shopify.com/s/files/1/0088/1937/6188/files/7509552998900.avif,https://www.dermaexpress.com.mx/products/vichy-kit-capital-soleil-crema-spf-50-300-ml-agua-termal-150-ml,Dermaexpress
7509552998948,Vichy Kit Minéral 89 50 ml + Capital Soleil UV-Age Daily SPF 50+ 40 ml,Vichy,Rostro,ROSTRO,899,934.96,1199,1439,1699,2079,1169,20.02,22.02,AMARILLO,C,0,https://cdn.shopify.com/s/files/1/0088/1937/6188/files/7509552998948.avif,https://www.dermaexpress.com.mx/products/vichy-kit-mineral-89-50-ml-capital-soleil-uv-age-daily-spf-50-40-ml,Dermaexpress
7509552998962,Vichy Kit Capital Soleil Agua de Protección Solar SPF50 200 ml + Capital Soleil UV-Age Daily SPF 50+ 40 ml + Identificador de Maleta,Vichy,Rostro,ROSTRO,842,875.68,1123,1349,1599,1949,1099,20.32,22.02,AMARILLO,C,0,https://cdn.shopify.com/s/files/1/0088/1937/6188/files/7509552998962.avif,https://www.dermaexpress.com.mx/products/vichy-kit-capital-soleil-agua-de-proteccion-solar-spf-50-200-ml-capital-soleil-uv-age-daily-spf-50-40-ml-identificador-de-maleta,Dermaexpress
7509552537697,La Roche-Posay Kit Anthelios Fluido Invisible SPF 50+ 40 ml + Anthelios Vitamin Sun Stick SPF 50+ 9 g,La Roche Posay,Rostro,ROSTRO,508,528.32,678,819,969,1179,669,21.03,22.08,AMARILLO,C,0,https://cdn.shopify.com/s/files/1/0088/1937/6188/files/7509552537697_01_72dpi.avif,https://www.dermaexpress.com.mx/products/la-roche-posay-kit-anthelios-oil-control-gel-crema-con-color-spf-50-50-ml-hyalu-b5-serum-ojos-5-ml-hyalu-b5-serum-anti-rides-10-ml-copia,Dermaexpress
7509552535419,La Roche-Posay Kit Anthelios Oil Control Gel-Crema con Color SPF 50+ 50 ml + Hyalu B5 Serum Ojos 5 ml + Hyalu B5 Serum Anti-Rides 10 ml,La Roche Posay,Rostro,ROSTRO,366,380.64,489,589,699,849,479,20.53,22.16,AMARILLO,C,0,https://cdn.shopify.com/s/files/1/0088/1937/6188/files/7509552535419_01.avif,https://www.dermaexpress.com.mx/products/la-roche-posay-kit-anthelios-oil-control-gel-crema-con-color-spf-50-50-ml-hyalu-b5-serum-ojos-5-ml-hyalu-b5-serum-anti-rides-10-ml,Dermaexpress
7509552535426,La Roche-Posay Kit Anthelios Gel-Crema Oil Control SPF 50+ 50 ml + Hyalu B5 Serum 15 ml + Effaclar Creme Moussante 15 ml,La Roche Posay,Rostro,ROSTRO,818,850.72,1091,1309,1549,1899,1069,20.42,22.02,AMARILLO,A,1,https://cdn.shopify.com/s/files/1/0088/1937/6188/files/7509552535426_01.avif,https://www.dermaexpress.com.mx/products/la-roche-posay-kit-anthelios-fluido-oil-control-con-color-spf-50-50-ml-pure-vitamin-c10-serum-10-ml-hyalu-b5-serum-5-ml-copia,Dermaexpress
7509552535433,La Roche-Posay Kit Anthelios Fluido Oil Control con Color SPF 50+ 50 ml + Pure Vitamin C10 Serum 10 ml + Hyalu B5 Serum 5 ml,La Roche Posay,Rostro,ROSTRO,393,408.72,524,629,749,909,519,21.25,22,AMARILLO,C,0,https://cdn.shopify.com/s/files/1/0088/1937/6188/files/7509552535433_01.avif,https://www.dermaexpress.com.mx/products/la-roche-posay-kit-anthelios-fluido-oil-control-con-color-spf-50-50-ml-pure-vitamin-c10-serum-10-ml-hyalu-b5-serum-5-ml,Dermaexpress
7509552535440,La Roche-Posay Kit Anthelios UVMune Fluido Oil Control SPF 50+ 50 ml + Hyalu B5 Gel Matificante 40 ml + Effaclar Creme Moussante 15 ml,La Roche Posay,Rostro,ROSTRO,674,700.96,899,1079,1279,1559,879,20.25,22.03,AMARILLO,C,0,https://cdn.shopify.com/s/files/1/0088/1937/6188/files/7509552535440_01.avif,https://www.dermaexpress.com.mx/products/la-roche-posay-kit-anthelios-uvmune-fluido-oil-control-spf-50-50-ml-hyalu-b5-gel-matificante-40-ml-effaclar-creme-moussante-15-ml,Dermaexpress
7509552535457,La Roche-Posay Kit Anthelios UV Air Fluido Invisible SPF 50+ 40 ml + Anthelios UV Air Fluido Invisible SPF 50+ 40 ml,La Roche Posay,Rostro,ROSTRO,411,427.44,549,659,779,949,539,20.7,22.14,AMARILLO,C,0,https://cdn.shopify.com/s/files/1/0088/1937/6188/files/7509552535457_01.avif,https://www.dermaexpress.com.mx/products/la-roche-posay-kit-anthelios-uv-air-fluido-invisible-spf-50-40-ml-anthelios-uv-air-fluido-invisible-spf-50-40-ml,Dermaexpress
7509552535464,La Roche Posay Kit Mela B3 Serum 30ml + Anthelios UV Mune 400 50ml + Mela B3 Crema 3ml (Copia),La Roche Posay,Rostro,ROSTRO,393,408.72,524,629,749,909,519,21.25,22,AMARILLO,C,0,https://cdn.shopify.com/s/files/1/0088/1937/6188/files/7509552535464_01.avif,https://www.dermaexpress.com.mx/products/la-roche-posay-kit-mela-b3-serum-30ml-anthelios-uv-mune-400-50ml-mela-b3-crema-3ml-copia,Dermaexpress
3282779450171,Avene Kit-Ultra Fluid Fps50+ Textura Invisible 50ml + Protector Solar Corporal En Leche Fps50+ 100ml,Avene,Rostro,ROSTRO,559,581.36,699,899,1059,1299,729,20.25,16.83,ROJO,C,0,https://cdn.shopify.com/s/files/1/0088/1937/6188/files/3282779450171.avif,https://www.dermaexpress.com.mx/products/avene-kit-ultra-fluid-fps50-textura-invisible-50ml-protector-solar-corporal-en-leche-fps50-100ml,Dermaexpress
3282779445610,Avene Kit-Active One Fps50 40g + Actine Gel Limpiador Dermatologico 40g,Avene,Rostro,ROSTRO,463,481.52,579,749,879,1079,609,20.93,16.84,ROJO,C,0,https://cdn.shopify.com/s/files/1/0088/1937/6188/files/ImageneslanzamientosDerx.png,https://www.dermaexpress.com.mx/products/avene-kit-active-one-fps50-40g-actine-gel-limpiador-dermatologico-40g,Dermaexpress
7502002463218,Farmapiel Sodimel V 60 Caps,Farmapiel,Cuerpo,Cuerpo,1686,1753.44,0,2699,3189,3899,3189,45.02,0,SIN_REF,C,0,https://cdn.shopify.com/s/files/1/0088/1937/6188/files/ImageneslanzamientosDerx_719dc69f-91a2-480a-bf6b-549bea4bc1a0.avif,https://www.dermaexpress.com.mx/products/farmapiel-sodimel-v-60-caps,Dermaexpress
7502002463270,Farmapiel Unitone AXT 5% Suero Despigmentante 50 g,Farmapiel,Rostro,ROSTRO,980,1019.2,0,1569,1859,2269,1859,45.17,0,SIN_REF,B,1,https://cdn.shopify.com/s/files/1/0088/1937/6188/files/2_1_ccbaad79-e33a-43e0-99f0-8a8a42309d25.avif,https://www.dermaexpress.com.mx/products/farmapiel-unitone-axt-5-suero-despigmentante-50-g,Dermaexpress
8904091131976,Glenmark Acnipop Face Wash 200 ml,Glenmark,Rostro,Rostro,407,423.28,0,659,769,949,769,44.96,0,SIN_REF,C,0,https://cdn.shopify.com/s/files/1/0088/1937/6188/files/ACNIPOPFWFRENTE1.avif,https://www.dermaexpress.com.mx/products/acnipop-face-wash-200ml,Dermaexpress
3337875908368,Vichy Minéral 89 Booster Refill 50 ml,Vichy,Rostro,Rostro,561,583.44,749,899,1069,1299,729,19.97,22.1,AMARILLO,C,0,https://cdn.shopify.com/s/files/1/0088/1937/6188/files/3337875908368-12.avif,https://www.dermaexpress.com.mx/products/vichy-mineral-89-booster-refill-50-ml,Dermaexpress
3337875952903,CeraVe Water Gel Hidratante 48 ml,Cerave,Rostro,Rostro y cuello,367,381.68,549,589,699,849,539,29.19,30.48,VERDE,A,1,https://cdn.shopify.com/s/files/1/0088/1937/6188/files/3337875952903_1.avif,https://www.dermaexpress.com.mx/products/cerave-water-gel-hidratante-48-ml,Dermaexpress
8429420285637,Isdin Magic Color Medium Spf50 50ml,Isdin,Protección Solar,Solares,569.1,591.86,813,919,1079,1319,789,24.99,27.2,AMARILLO,A,1,https://cdn.shopify.com/s/files/1/0088/1937/6188/files/MX_3227_TH_FPFUSIONWATERCOLORMEDIUMSPF5050ML_MAIN_IMAGE_0.avif,https://www.dermaexpress.com.mx/products/isdin-magic-color-medium-spf50-50ml,Dermaexpress
7506307521222,Bioderma Kit Photoderm Xdefense Neutro 40ml + Sensibio Gel Moussant 100ml,Bioderma,Rostro,Rostro,599,622.96,749,959,1139,1389,779,20.03,16.83,ROJO,C,0,https://cdn.shopify.com/s/files/1/0088/1937/6188/files/7506307521222.avif,https://www.dermaexpress.com.mx/products/bioderma-kit-photoderm-xdefense-neutro-40ml-sensibio-gel-moussant-100ml,Dermaexpress
3282779450188,Avene Kit-Ultra Fluid Fps50 Tono Claro 50ml + Agua Micelar 100ml + Agua Termal 50ml,Avene,Rostro,ROSTRO,559,581.36,699,899,1059,1299,729,20.25,16.83,ROJO,C,0,https://cdn.shopify.com/s/files/1/0088/1937/6188/files/3282779450188.avif,https://www.dermaexpress.com.mx/products/avene-kit-ultra-fluid-fps50-tono-claro-50ml-agua-micelar-100ml-agua-termal-50ml,Dermaexpress
3282779450164,Avene Kit-Ultra Fluid Fps50 Tono Medio 50ml + Agua Micelar 100ml + Agua Termal 50ml,Avene,Rostro,ROSTRO,559,581.36,699,899,1059,1299,729,20.25,16.83,ROJO,C,0,https://cdn.shopify.com/s/files/1/0088/1937/6188/files/3282779450164_2.jpg,https://www.dermaexpress.com.mx/products/avene-kit-ultra-fluid-fps50-tono-medio-50ml-agua-micelar-100ml-agua-termal-50ml,Dermaexpress
3282770144291,Avène Dermalibour+ Crema Reparadora 50 ml,Avene,Rostro,ROSTRO,303,315.12,379,489,579,709,399,21.02,16.85,ROJO,B,1,https://cdn.shopify.com/s/files/1/0088/1937/6188/files/3282770144291.avif,https://www.dermaexpress.com.mx/products/avene-dermalibour-crema-reparadora-50-ml,Dermaexpress
8429420248977,Isdin Fusion Magic Water Spf50 50ml,Isdin,Protección Solar,Solares,569.1,591.86,813,919,1079,1319,789,24.99,27.2,AMARILLO,A,1,https://cdn.shopify.com/s/files/1/0088/1937/6188/files/MX_1349_TH_FPFUSIONWATERMAGICSPF5050ML_MAIN_IMAGE_0_1_8a97caf4-0d93-4d82-8969-2eb860038455.avif,https://www.dermaexpress.com.mx/products/isdin-fusion-magic-water-spf50-50ml,Dermaexpress
3282779450195,Avene Kit-Intense Protect Spf50 150ml + Agua Termal 150ml,Avene,Rostro,ROSTRO,607,631.28,759,979,1149,1409,789,19.99,16.83,ROJO,C,0,https://cdn.shopify.com/s/files/1/0088/1937/6188/files/3282779450195.avif,https://www.dermaexpress.com.mx/products/avene-kit-intense-protect-spf50-150ml-agua-termal-150ml,Dermaexpress
3282770400199,Ducray Melascreen Crema De Manos Fps50+ 50ml,Ducray,Cuerpo,Cuerpo,399,414.96,499,639,759,929,519,20.05,16.84,ROJO,B,1,https://cdn.shopify.com/s/files/1/0088/1937/6188/files/3282770400199.webp,https://www.dermaexpress.com.mx/products/ducray-melascreen-crema-de-manos-fps50-50ml,Dermaexpress
8436574365153,Cantabria Labs Neoretin DC Concentrate Sérum 30 ml,Cantabria Labs,Rostro,ROSTRO,1164,1210.56,1370,1869,2209,2699,1519,20.31,11.64,ROJO,B,1,https://cdn.shopify.com/s/files/1/0088/1937/6188/files/8436574365153-2.avif,https://www.dermaexpress.com.mx/products/cantabria-labs-neoretin-dc-concentrate-serum-30-ml,Dermaexpress
8470002076754,Cantabria Labs Neoretin DC K Contorno de Ojos 15 ml,Cantabria Labs,Rostro,ROSTRO,935,972.4,1100,1499,1769,2169,1219,20.23,11.6,ROJO,B,1,https://cdn.shopify.com/s/files/1/0088/1937/6188/files/8470002076754-1.avif,https://www.dermaexpress.com.mx/products/cantabria-labs-neoretin-dc-k-contorno-de-ojos-15-ml,Dermaexpress
3282770400687,Avène DermAbsolu Crema de Día Reafirmante 50 ml,Avene,Rostro,ROSTRO,1119,1163.76,1399,1799,2119,2589,1459,20.24,16.81,ROJO,B,1,https://cdn.shopify.com/s/files/1/0088/1937/6188/files/3282770400687-1.avif,https://www.dermaexpress.com.mx/products/avene-dermabsolu-crema-de-dia-reafirmante-50-ml,Dermaexpress
3701129817957,Bioderma Photoderm AR+ Fps50+ 40ml,Bioderma,Protección Solar,Solares,639,664.56,799,1029,1209,1479,839,20.79,16.83,ROJO,B,1,https://cdn.shopify.com/s/files/1/0088/1937/6188/files/3701129817957.avif,https://www.dermaexpress.com.mx/products/bioderma-photoderm-ar-fps50-40ml,Dermaexpress
3282779442961,Avene Kit Vitamin Activ Cg Serum 30 ML + Mini Vitamin Activ Cg Serum 10 ML + Sachet Fluido Solar Despigmentante Tono Medio 2 ML,Avene,Rostro,ROSTRO,1063,1105.52,1329,1709,2019,2459,1389,20.41,16.82,ROJO,C,0,https://cdn.shopify.com/s/files/1/0088/1937/6188/files/3282779442961.avif,https://www.dermaexpress.com.mx/products/avene-kit-vitamin-activ-cg-serum-30-ml-mini-vitamin-activ-cg-serum-10-ml-sachet-fluido-solar-despigmentante-tono-medio-2-ml,Dermaexpress
3337875940252,Vichy Capital Soleil UV Aqua SPF 50+ 50 ml,Vichy,Rostro,ROSTRO,486,505.44,649,779,919,1129,639,20.9,22.12,AMARILLO,C,0,https://cdn.shopify.com/s/files/1/0088/1937/6188/files/3337875940252_1.avif,https://www.dermaexpress.com.mx/products/vichy-capital-soleil-uv-aqua-spf-50-50-ml,Dermaexpress
3337875940214,Vichy Capital Soleil UV Aqua SPF 50+ Tono Claro 50 ml,Vichy,Rostro,ROSTRO,486,505.44,649,779,919,1129,639,20.9,22.12,AMARILLO,A,1,https://cdn.shopify.com/s/files/1/0088/1937/6188/files/3337875940214_1.avif,https://www.dermaexpress.com.mx/products/vichy-capital-soleil-uv-aqua-spf-50-tono-claro-50-ml,Dermaexpress
3337875940177,Vichy Capital Soleil UV Aqua SPF 50+ Tono Medio 50 ml,Vichy,Rostro,ROSTRO,486,505.44,649,779,919,1129,639,20.9,22.12,AMARILLO,A,1,https://cdn.shopify.com/s/files/1/0088/1937/6188/files/ImageneslanzamientosDerx.avif,https://www.dermaexpress.com.mx/products/vichy-capital-soleil-uv-aqua-spf-50-tono-medio-50-ml,Dermaexpress
3701129811962,Bioderma Sebium Pore Refiner 30ml,Bioderma,Rostro,Rostro,716,744.64,896,1149,1359,1659,939,20.7,16.89,ROJO,B,1,https://cdn.shopify.com/s/files/1/0088/1937/6188/files/bioderma-sebium-pore-refiner-tube-30ml.avif,https://www.dermaexpress.com.mx/products/bioderma-sebium-pore-refiner-30ml,Dermaexpress
3701129814307,Bioderma Hydrabio Light 40ml,Bioderma,Rostro,ROSTRO,544,565.76,680,879,1029,1259,709,20.2,16.8,ROJO,B,1,https://cdn.shopify.com/s/files/1/0088/1937/6188/files/bioderma-hydrabio-light-moisturizing-water-cream-72h-40-ml.avif,https://www.dermaexpress.com.mx/products/bioderma-hydrabio-light-40ml,Dermaexpress
3701129811597,Bioderma Atoderm Aceite De Ducha 200ml,Bioderma,Cuerpo,Cuerpo,311,323.44,389,499,589,719,409,20.92,16.85,ROJO,B,1,https://cdn.shopify.com/s/files/1/0088/1937/6188/files/bioderma-atoderm-shower-oil-pump-bottle-200ml.avif,https://www.dermaexpress.com.mx/products/bioderma-atoderm-aceite-de-ducha-200-ml,Dermaexpress
3282779446273,Avene Kit Hyaluron Activ B3 Sérum 30 Ml + Mini Hyaluron Activ B3 Sérum 10 ML + Sachet Fluido Solar Despigmentante Medio 2 ML,Avene,Rostro,ROSTRO,1063,1105.52,1329,1709,2019,2459,1389,20.41,16.82,ROJO,B,1,https://cdn.shopify.com/s/files/1/0088/1937/6188/files/3282779446273_1800x1800_74e19a98-0c28-4644-aff5-442a691b026e.avif,https://www.dermaexpress.com.mx/products/avene-kit-hyaluron-activ-b3-serum-30-ml-mini-hyaluron-activ-b3-serum-10-ml-sachet-fluido-solar-despigmentante-medio-2-ml,Dermaexpress
3701129811573,Bioderma Atoderm Gel De Ducha 500ml,Bioderma,Cuerpo,Cuerpo,559,581.36,699,899,1059,1299,729,20.25,16.83,ROJO,B,1,https://cdn.shopify.com/s/files/1/0088/1937/6188/files/3701129811573.avif,https://www.dermaexpress.com.mx/products/bioderma-atoderm-gel-de-ducha-500ml,Dermaexpress
3282770394313,Avene Hyaluron Active B3 Contorno De Ojos Regeneración Celular 15ml,Avene,Rostro,ROSTRO,879,914.16,1099,1409,1669,2039,1149,20.44,16.82,ROJO,B,1,https://cdn.shopify.com/s/files/1/0088/1937/6188/files/2_1ef27e07-109e-4d72-b4e0-f59b711007da.avif,https://www.dermaexpress.com.mx/products/avene-hyaluron-active-b3-contorno-de-ojos-regeneracion-celular-15ml,Dermaexpress
3282770399578,Avène XeraCalm A.D Crema Relipidizante 200 ml,Avene,Rostro,ROSTRO,564,586.56,705,909,1069,1309,739,20.63,16.8,ROJO,B,1,https://cdn.shopify.com/s/files/1/0088/1937/6188/files/avene-xeracalm-ad-lipid-relief-cream-200-ml.avif,https://www.dermaexpress.com.mx/products/avene-xeracalm-a-d-crema-relipidizante-200-ml,Dermaexpress
8470002146372,Cantabria Labs Iraltone 2 en 1 Pestañas y Cejas Serum Booster 10 ml,Cantabria Labs,Rostro,Rostro,1077,1120.08,1268,1729,2039,2489,1409,20.51,11.67,ROJO,B,1,https://cdn.shopify.com/s/files/1/0088/1937/6188/files/iraltone_2_en_1_serum_potenciador_de_pesta_as_y_cejas_10_ml._-_cantabria_labs.avif,https://www.dermaexpress.com.mx/products/cantabria-labs-iraltone-2-en-1-pestanas-y-cejas-serum-booster-10-ml,Dermaexpress
8436574364880,Cantabria Labs Iraltone Restore Conditioner 200 ml,Cantabria Labs,Capilar,Cabello,510,530.4,600,819,969,1179,669,20.72,11.6,ROJO,B,1,https://cdn.shopify.com/s/files/1/0088/1937/6188/files/3337875940139.png,https://www.dermaexpress.com.mx/products/cantabria-labs-iraltone-restore-conditioner-200-ml,Dermaexpress
8436574364873,Cantabria Labs Iraltone Reset Shampoo 250 ml,Cantabria Labs,Capilar,Cabello,552,574.08,650,889,1049,1279,719,20.16,11.68,ROJO,B,1,https://cdn.shopify.com/s/files/1/0088/1937/6188/files/1_8aefe7ce-e80e-43d3-af43-c75e3b5d3340.avif,https://www.dermaexpress.com.mx/products/cantabria-labs-iraltone-reset-shampoo-250-ml,Dermaexpress
8436574364897,Cantabria Labs Iraltone Perfect 10 Leave-In 15 ml,Cantabria Labs,Capilar,Cabello,637,662.48,750,1019,1209,1479,829,20.09,11.67,ROJO,B,1,https://cdn.shopify.com/s/files/1/0088/1937/6188/files/1_13d52090-7c3b-4bc9-ba13-6848220818c9.png,https://www.dermaexpress.com.mx/products/cantabria-labs-iraltone-perfect-10-leave-in-150-ml,Dermaexpress
8436574364996,Cantabria Labs Iraltone Sublime Hair Oil 50 ml,Cantabria Labs,Capilar,Cabello,637,662.48,750,1019,1209,1479,829,20.09,11.67,ROJO,B,1,https://cdn.shopify.com/s/files/1/0088/1937/6188/files/1_d8006e9d-5594-46e3-a5d1-cff11e4ad90f.png,https://www.dermaexpress.com.mx/products/cantabria-labs-iraltone-sublime-hair-oil-50-ml,Dermaexpress
3661434009983,Uriage Hyséac Cleansing Gel T 150 ml,URIAGE,Rostro,ROSTRO,186,193.44,249,299,359,429,249,22.31,22.31,AMARILLO,C,0,https://cdn.shopify.com/s/files/1/0088/1937/6188/files/shop-cm-02925-03-hyseac-anti-blemish-cleansing-gel---150ml--1.avif,https://www.dermaexpress.com.mx/products/uriage-hyseac-3-regul-spf50-50-ml-copia,Dermaexpress
3661434027901,Uriage Hyséac 3-Regul SPF50+ 50 ml,URIAGE,Rostro,ROSTRO,562,584.48,750,899,1069,1299,739,20.91,22.07,AMARILLO,A,1,https://cdn.shopify.com/s/files/1/0088/1937/6188/files/3661434027901-1.avif,https://www.dermaexpress.com.mx/products/uriage-hyseac-3-regul-spf50-50-ml,Dermaexpress
3337875945707,CeraVe Stick Solar Invisible SPF50 8g,Cerave,Rostro,ROSTRO,261,271.44,349,419,499,609,339,19.93,22.22,AMARILLO,A,1,https://cdn.shopify.com/s/files/1/0088/1937/6188/files/3337875945707_1_GS1.avif,https://www.dermaexpress.com.mx/products/cerave-stick-solar-invisible-spf50-8g,Dermaexpress
3760269770416,Isispharma Cicapro Crema Reparadora FPS 50+ 40ml,Isispharma,Rostro,ROSTRO,280,291.2,350,449,529,649,369,21.08,16.8,ROJO,C,0,https://cdn.shopify.com/s/files/1/0088/1937/6188/files/Cicapro-Cream-SPF50-3760269770416.avif,https://www.dermaexpress.com.mx/products/isispharma-cicapro-crema-reparadora-fps-50-40ml,Dermaexpress
7502275470753,Cetaphil Crema Hidratante 453g Edición Especial Tornasol,Cetaphil,Rostro,ROSTRO,560,582.4,0,899,1059,1299,1059,45,0,SIN_REF,A,1,https://cdn.shopify.com/s/files/1/0088/1937/6188/files/Fsp800Wx800H_70010218_1_1jmbsfmd4_1800x1800_fb48c797-706d-486f-81d8-62d0654e7fd6.avif,https://www.dermaexpress.com.mx/products/cetaphil-crema-hidratante-453g-edicion-especial-tornasol,Dermaexpress
3337875932349,La Roche-Posay Anthelios UV Air SPF50+ Sérum Invisible 50 ml,La Roche Posay,Rostro,ROSTRO,486,505.44,649,779,919,1129,639,20.9,22.12,AMARILLO,A,1,https://cdn.shopify.com/s/files/1/0088/1937/6188/files/3337875932349_01_150dpi.avif,https://www.dermaexpress.com.mx/products/la-roche-posay-anthelios-uv-air-spf50-serum-invisible-50-ml,Dermaexpress
8436574364866,Cantabria Labs Endocare Radiance C Ferulic Sérum Gel 30 ml,Cantabria Labs,Rostro,ROSTRO,1122,1166.88,1320,1799,2129,2599,1459,20.02,11.6,ROJO,B,1,https://cdn.shopify.com/s/files/1/0088/1937/6188/files/Endocare-Radiance-C-Ferulic-Serum-Gel-8436574364866-639112524991524029-1_1800x1800_35e11eee-be15-4bcf-8c90-59f83ae64bd4.avif,https://www.dermaexpress.com.mx/products/cantabria-labs-endocare-radiance-c-ferulic-serum-gel-30-ml,Dermaexpress
8436574365313,Cantabria Labs Endocare Radiance C 20% Sérum 30 ml,Cantabria Labs,Rostro,ROSTRO,1147,1192.88,1350,1839,2169,2659,1499,20.42,11.64,ROJO,B,1,https://cdn.shopify.com/s/files/1/0088/1937/6188/files/214472_1800x1800_ce072c56-33cc-42a2-9424-98a9516451c6.avif,https://www.dermaexpress.com.mx/products/cantabria-labs-endocare-radiance-c-20-serum-30-ml,Dermaexpress
3282771000572,Avène Protector Solar Sérum FPS 50+ Efecto Iluminador 2 en 1 30 ml,Avene,Rostro,ROSTRO,791,822.64,989,1269,1499,1829,1029,20.05,16.82,ROJO,B,1,https://cdn.shopify.com/s/files/1/0088/1937/6188/files/u5wa3z31qn5sefs56swokuyzn3jpa7ygtfumwae_1800x1800_b1c8feeb-7568-477f-8fe5-10931641e015.avif,https://www.dermaexpress.com.mx/products/avene-protector-solar-serum-fps-50-efecto-iluminador-2-en-1-30-ml,Dermaexpress
3282771000558,Avène Protector Solar Sérum FPS 50+ Efecto Rellenador 2 en 1 30 ml,Avene,Rostro,ROSTRO,791,822.64,989,1269,1499,1829,1029,20.05,16.82,ROJO,B,1,https://cdn.shopify.com/s/files/1/0088/1937/6188/files/u5wa3z31qn5sefs56swokuyzn3tu5xid37nkity_1800x1800_7ac670fa-c327-4283-bd00-f34c1d6d3545.avif,https://www.dermaexpress.com.mx/products/avene-protector-solar-serum-fps-50-efecto-rellenador-2-en-1-30-ml,Dermaexpress
3282771000534,Avène Protector Solar Sérum FPS 50+ Efecto Hidratante 2 en 1 30 ml,Avene,Rostro,ROSTRO,791,822.64,989,1269,1499,1829,1029,20.05,16.82,ROJO,B,1,https://cdn.shopify.com/s/files/1/0088/1937/6188/files/u5wa3z31qn5sefs56swokuyzn54zopbpzaifika_1800x1800_0fe3f243-7d6a-4f14-aaaf-0f57d2ea38be.avif,https://www.dermaexpress.com.mx/products/avene-protector-solar-serum-fps-50-efecto-hidratante-2-en-1-30-ml,Dermaexpress
7509552529357,La Roche Posay Kit Hyalu B5 Gel Matificante 50ml. + Hyalu B5 Sérum 10ml. + Mela B3 10ml.,La Roche Posay,Rostro,ROSTRO,561,583.44,749,899,1069,1299,729,19.97,22.1,AMARILLO,C,0,https://cdn.shopify.com/s/files/1/0088/1937/6188/files/7509552529357_1_720x_1a293b43-5265-47b2-bfec-04eb30ced244.avif,https://www.dermaexpress.com.mx/products/la-roche-posay-kit-hyalu-b5-gel-matificante-50ml-hyalu-b5-suractivated-10ml-mela-b3-10ml,Dermaexpress
7509552529395,La Roche Posay Kit Hyalu B5 Serum 30ml + Cicaplast Baume B5 40ml + Effaclar Gel Moussant 50ml,La Roche Posay,Rostro,ROSTRO,828,861.12,1104,1329,1569,1919,1079,20.19,22,AMARILLO,C,0,https://cdn.shopify.com/s/files/1/0088/1937/6188/files/7509552529395_1_1800x1800_b7f6f7b3-88a1-4948-8bac-228d9ea3ce93.avif,https://www.dermaexpress.com.mx/products/la-roche-posay-kit-hyalu-b5-serum-30ml-cicaplast-baume-b5-40ml-effaclar-gel-moussant-50ml,Dermaexpress
3337875940412,La Roche Posay Anthelios Vitamin Sun Stick UV Air SPF 50+ 10 ml,La Roche Posay,Rostro,ROSTRO,336,349.44,449,539,639,779,439,20.4,22.17,AMARILLO,A,1,https://cdn.shopify.com/s/files/1/0088/1937/6188/files/3337875940412_01_150dpi.avif,https://www.dermaexpress.com.mx/products/la-roche-posay-anthelios-vitamin-sun-stick-uv-air-spf-50-10-ml,Dermaexpress
3337875932387,La Roche Posay Anthelios UV Air Sérum Protector Solar SPF 50+ Tono Oscuro 50 ml,La Roche Posay,Rostro,ROSTRO,486,505.44,649,779,919,1129,639,20.9,22.12,AMARILLO,A,1,https://cdn.shopify.com/s/files/1/0088/1937/6188/files/3337875932387_01_150dpi.avif,https://www.dermaexpress.com.mx/products/la-roche-posay-anthelios-uv-air-serum-protector-solar-spf-50-tono-oscuro-50-ml,Dermaexpress
3337875932264,La Roche Posay Anthelios UV Air Sérum Protector Solar SPF 50+ Tono Medio 50 ml,La Roche Posay,Rostro,ROSTRO,486,505.44,649,779,919,1129,639,20.9,22.12,AMARILLO,A,1,https://cdn.shopify.com/s/files/1/0088/1937/6188/files/3337875932264_01_150dpi.avif,https://www.dermaexpress.com.mx/products/la-roche-posay-anthelios-uv-air-serum-protector-solar-spf-50-tono-medio-50-ml,Dermaexpress
3337875932301,La Roche Posay Anthelios UV Air Sérum Protector Solar SPF 50+ Tono Claro 50 ml,La Roche Posay,Rostro,ROSTRO,486,505.44,649,779,919,1129,639,20.9,22.12,AMARILLO,A,1,https://cdn.shopify.com/s/files/1/0088/1937/6188/files/3337875932301_01_150dpi.avif,https://www.dermaexpress.com.mx/products/la-roche-posay-anthelios-uv-air-serum-protector-solar-spf-50-tono-claro-50-ml,Dermaexpress
3701129811757,Bioderma Hydrabio Sérum 40 ml,Bioderma,Rostro,ROSTRO,663,689.52,829,1069,1259,1539,869,20.65,16.83,ROJO,B,1,https://cdn.shopify.com/s/files/1/0088/1937/6188/files/3701129811757_3.avif,https://www.dermaexpress.com.mx/products/bioderma-hydrabio-serum-40-ml-1,Dermaexpress
4006000242729,Eucerin Oil Control Serum Ultra Light SPF 50 Protector Solar Facial 30 ML,Eucerin,Rostro,ROSTRO,489,508.56,699,789,929,1139,679,25.1,27.24,AMARILLO,A,1,https://cdn.shopify.com/s/files/1/0088/1937/6188/files/4006000242729-8.avif,https://www.dermaexpress.com.mx/products/eucerin-oil-control-serum-ultra-light-spf-50-protector-solar-facial-30-ml,Dermaexpress
8437014761429,N&S Protector Capilar 100 ml,NUGGELA & SULE,Capilar,Capilares,789,820.56,0,1269,1499,1829,1499,45.26,0,SIN_REF,B,1,https://cdn.shopify.com/s/files/1/0088/1937/6188/files/8437014761429_main.avif,https://www.dermaexpress.com.mx/products/n-s-protector-capilar-100-ml,Dermaexpress
8437014761634,N&S Mascarilla Capilar Tucuma 250 ml,NUGGELA & SULE,Capilar,Capilares,1137,1182.48,0,1819,2149,2629,2149,44.98,0,SIN_REF,B,1,https://cdn.shopify.com/s/files/1/0088/1937/6188/files/8437014761634_main.avif,https://www.dermaexpress.com.mx/products/n-s-mascarilla-capilar-tucuma-250-ml,Dermaexpress
8437014761238,N&S Champú  Nº1 Fuerza & Volumen 100 ml,NUGGELA & SULE,Capilar,Capilares,464,482.56,0,749,879,1079,879,45.1,0,SIN_REF,B,1,https://cdn.shopify.com/s/files/1/0088/1937/6188/files/8437014761238_main.avif,https://www.dermaexpress.com.mx/products/n-s-champu-nº1-100-ml,Dermaexpress
8437014761481,N&S Acondicionador Hidratante 100 ml,NUGGELA & SULE,Capilar,Capilares,464,482.56,0,749,879,1079,879,45.1,0,SIN_REF,B,1,https://cdn.shopify.com/s/files/1/0088/1937/6188/files/8437014761481_main.avif,https://www.dermaexpress.com.mx/products/n-s-acondicionador-hidratante-100-ml,Dermaexpress
8437014761207,N&S Acondicionador Hidratante 250ml,NUGGELA & SULE,Capilar,Capilares,812,844.48,0,1299,1539,1879,1539,45.13,0,SIN_REF,B,1,https://cdn.shopify.com/s/files/1/0088/1937/6188/files/8437014761207_main.avif,https://www.dermaexpress.com.mx/products/n-s-acondicionador-hidratante-250ml,Dermaexpress
8437014761382,N&S Champú Anti Caspa 250 ml,NUGGELA & SULE,Capilar,Capilares,696,723.84,0,1119,1319,1609,1319,45.12,0,SIN_REF,B,1,https://cdn.shopify.com/s/files/1/0088/1937/6188/files/8437014761382_main.avif,https://www.dermaexpress.com.mx/products/n-s-champu-anti-caspa-250-ml,Dermaexpress
8437014761412,N&S Ampolleta Keratina-Hialurónico 10ml,NUGGELA & SULE,Capilar,Capilares,232,241.28,0,379,439,539,439,45.04,0,SIN_REF,B,1,https://cdn.shopify.com/s/files/1/0088/1937/6188/files/8437014761412_main.avif,https://www.dermaexpress.com.mx/products/n-s-ampolla-keratina-hialuronico-10ml,Dermaexpress
8437014761030,N&S Ampolleta Anti-Caída Efectiva 10 ml,NUGGELA & SULE,Capilar,Capilares,232,241.28,0,379,439,539,439,45.04,0,SIN_REF,B,1,https://cdn.shopify.com/s/files/1/0088/1937/6188/files/8437014761030_main.avif,https://www.dermaexpress.com.mx/products/n-s-ampolla-anti-caida-efectiva-10-ml,Dermaexpress
8437014761009,N&S Champú Nº1 Fuerza y Volumen 250 ml,NUGGELA & SULE,Capilar,Capilares,847,880.88,0,1359,1609,1959,1609,45.25,0,SIN_REF,B,1,https://cdn.shopify.com/s/files/1/0088/1937/6188/files/8437014761009-main.avif,https://www.dermaexpress.com.mx/products/n-s-champu-nº1-fuerza-y-volumen-250-ml,Dermaexpress
8437014761344,N&S Ampolleta Regenerador 10 ml,NUGGELA & SULE,Capilar,Capilares,232,241.28,0,379,439,539,439,45.04,0,SIN_REF,B,1,https://cdn.shopify.com/s/files/1/0088/1937/6188/files/8437014761344_main.avif,https://www.dermaexpress.com.mx/products/n-s-ampolleta-regenerador-10-ml,Dermaexpress
8437014761436,N&S Champú Reparador Keratina 250 ml,NUGGELA & SULE,Capilar,Capilares,905,941.2,0,1449,1719,2099,1719,45.25,0,SIN_REF,B,1,https://cdn.shopify.com/s/files/1/0088/1937/6188/files/8437014761436_main.avif,https://www.dermaexpress.com.mx/products/n-s-champu-reparador-keratina-250-ml,Dermaexpress
8437014761764,N&S Champú Ultra Hidratante 250 ml,NUGGELA & SULE,Capilar,Capilares,870,904.8,0,1399,1649,2019,1649,45.13,0,SIN_REF,B,1,https://cdn.shopify.com/s/files/1/0088/1937/6188/files/8437014761764_main.avif,https://www.dermaexpress.com.mx/products/n-s-champu-ultra-hidratante-250-ml,Dermaexpress
8437014761160,N&S Pack Keratina Hialurónico 4 Ampolletas 10ml,NUGGELA & SULE,Capilar,Capilares,812,844.48,0,1299,1539,1879,1539,45.13,0,SIN_REF,B,1,https://cdn.shopify.com/s/files/1/0088/1937/6188/files/8437014761160_main.avif,https://www.dermaexpress.com.mx/products/n-s-pack-keratina-hialuronico-4-ampolletas-10ml,Dermaexpress
8437014761542,N&S Pack Anti-Caída 4 Ampollas 10 ml,NUGGELA & SULE,Capilar,Capilares,789,820.56,0,1269,1499,1829,1499,45.26,0,SIN_REF,B,1,https://cdn.shopify.com/s/files/1/0088/1937/6188/files/8437014761542_main.avif,https://www.dermaexpress.com.mx/products/n-s-pack-anti-caida-4-ampollas-10-ml,Dermaexpress
8437014761108,N&S Amber Oil 30 ml,NUGGELA & SULE,Capilar,Capilares,812,844.48,0,1299,1539,1879,1539,45.13,0,SIN_REF,B,1,https://cdn.shopify.com/s/files/1/0088/1937/6188/files/8437014761108_main.avif,https://www.dermaexpress.com.mx/products/n-s-amber-oil-30-ml,Dermaexpress
8437014761573,N&S Make it longer Kit Champú Nº1 + Sérum Regenerador Capilar,NUGGELA & SULE,Capilar,Capilares,1624,1688.96,0,2599,3079,3759,3079,45.15,0,SIN_REF,B,1,https://cdn.shopify.com/s/files/1/0088/1937/6188/files/8437014761573_Main.avif,https://www.dermaexpress.com.mx/products/n-s-make-it-longer-kit-champu-nº1-serum-regenerador-capilar,Dermaexpress
8437014761559,N&S Pack Regenador 4 Ampollas 10ml,NUGGELA & SULE,Capilar,Capilares,789,820.56,0,1269,1499,1829,1499,45.26,0,SIN_REF,B,1,https://cdn.shopify.com/s/files/1/0088/1937/6188/files/8437014761559_main.avif,https://www.dermaexpress.com.mx/products/n-s-pack-keratina-hialuronico-4-ampolletas-10ml-copia,Dermaexpress
3337875943932,Vichy Liftactiv Collagen Specialist Serum Ojos 15ml,Vichy,Rostro,ROSTRO,824,856.96,1099,1319,1559,1909,1079,20.58,22.02,AMARILLO,A,1,https://cdn.shopify.com/s/files/1/0088/1937/6188/files/1_1_cd294715-da7c-43c7-9c49-6dd74fe671a0.avif,https://www.dermaexpress.com.mx/products/vichy-liftactiv-collagen-specialist-serum-ojos-15ml,Dermaexpress
3337875944939,Vichy Liftactiv Pigment Specialist B3 125ml,Vichy,Rostro,ROSTRO,449,466.96,599,719,849,1039,589,20.72,22.04,AMARILLO,A,1,https://cdn.shopify.com/s/files/1/0088/1937/6188/files/1_1_03278e1c-d270-424d-9d8d-a121454cda55.avif,https://www.dermaexpress.com.mx/products/vichy-liftactiv-pigment-specialist-b3-gel-limpiador-anti-manchas-125ml,Dermaexpress
3337875945851,Vichy Liftactiv Collagen Specialist 50ML,Vichy,Rostro,ROSTRO,749,778.96,999,1199,1419,1739,979,20.43,22.03,AMARILLO,A,1,https://cdn.shopify.com/s/files/1/0088/1937/6188/files/1_256fcbdd-d9e5-4c9e-8e11-f070731a471b.avif,https://www.dermaexpress.com.mx/products/vichy-liftactiv-collagen-specialist-50ml,Dermaexpress
3337875940993,Vichy Capital Soleil UV Aqua Stick Protector Solar En Barra SPF50+ 9 G,Vichy,Rostro,ROSTRO,336,349.44,449,539,639,779,439,20.4,22.17,AMARILLO,C,0,https://cdn.shopify.com/s/files/1/0088/1937/6188/files/1_1_addf1307-b1a1-4fc5-9b4d-b430c27f95c2.avif,https://www.dermaexpress.com.mx/products/vichy-capital-soleil-uv-aqua-stick-protector-solar-en-barra-spf50-9-g,Dermaexpress
3337875940139,Vichy Capital Soleil UV Spray Protector Solar Corporal FPS 50+ 200 ML,Vichy,Rostro,ROSTRO,591,614.64,789,949,1119,1369,769,20.07,22.1,AMARILLO,A,1,https://cdn.shopify.com/s/files/1/0088/1937/6188/files/1_6c506df9-7870-4c3a-95d7-9373fd01ee23.avif,https://www.dermaexpress.com.mx/products/vichy-capital-soleil-uv-spray-protector-solar-corporal-fps-50-200-ml,Dermaexpress
3337875945622,CeraVe Protector Invisible Oil Control FPS50 50 ml,Cerave,Rostro,ROSTRO,366,380.64,489,589,699,849,479,20.53,22.16,AMARILLO,A,1,https://cdn.shopify.com/s/files/1/0088/1937/6188/files/1_4.avif,https://www.dermaexpress.com.mx/products/cerave-protector-invisible-oil-control-fps50-50-ml,Dermaexpress
3337875945660,CeraVe Fluido Protector Invisible Hidratante FPS50 50 ml,Cerave,Rostro,ROSTRO,321,333.84,429,519,609,749,419,20.32,22.18,AMARILLO,A,1,https://cdn.shopify.com/s/files/1/0088/1937/6188/files/1_3.avif,https://www.dermaexpress.com.mx/products/cerave-fluido-protector-invisible-hidratante-fps50-50-ml,Dermaexpress
3337875945769,CeraVe Loción Protectora Invisible Hidratante FPS 50 75 ml,Cerave,Rostro,ROSTRO,239,248.56,319,389,459,559,319,22.08,22.08,AMARILLO,A,1,https://cdn.shopify.com/s/files/1/0088/1937/6188/files/1_2_30c3d697-9456-4c66-9546-9c220e32c1bd.avif,https://www.dermaexpress.com.mx/products/cerave-locion-protectora-invisible-hidratante-fps-50-75-ml,Dermaexpress
3337875945738,CeraVe Loción Protectora Invisible Hidratante FPS 50 177 ml,Cerave,Rostro,ROSTRO,336,349.44,449,539,639,779,439,20.4,22.17,AMARILLO,A,1,https://cdn.shopify.com/s/files/1/0088/1937/6188/files/1_55dfc1a0-5924-4b75-a753-bae4e025b223.avif,https://www.dermaexpress.com.mx/products/cerave-locion-protectora-invisible-hidratante-fps-50-177-ml,Dermaexpress
3701129812068,Bioderma Sensibio H2O Agua micelar desmaquillante para piel sensible 250 ml,Bioderma,Rostro,Rostro,439,456.56,549,709,839,1019,579,21.15,16.84,ROJO,B,1,https://cdn.shopify.com/s/files/1/0088/1937/6188/files/3701129812068_1.avif,https://www.dermaexpress.com.mx/products/bioderma-sensibio-h2o-agua-micelar-desmaquillante-para-piel-sensible-250-ml,Dermaexpress
732013303242,Neostrata Clarify HydraGel Gel Hidratante Anti-Imperfecciones 50 ML,Neostrata,Rostro,ROSTRO,900,936,0,1439,1709,2079,1709,45.23,0,SIN_REF,A,1,https://cdn.shopify.com/s/files/1/0088/1937/6188/files/732013303242.avif,https://www.dermaexpress.com.mx/products/neostrata-clarify-hydragel-gel-hidratante-anti-imperfecciones-50-ml,Dermaexpress
3760269770485,Isispharma Cicapro Crema Reparadora Intensiva 40ml,Isispharma,Rostro,ROSTRO,256,266.24,320,409,489,599,339,21.46,16.8,ROJO,B,1,https://cdn.shopify.com/s/files/1/0088/1937/6188/files/Cicapro-Cream-40ml-3760269770485_1.avif,https://www.dermaexpress.com.mx/products/isispharma-cicapro-crema-reparadora-intensiva-40ml,Dermaexpress
3760269770263,Isispharma Cicapro Lips Bálsamo Reparador 15ml,Isispharma,Ojos y Labios,Ojos y labios,159,165.36,199,259,309,369,209,20.88,16.9,ROJO,C,0,https://cdn.shopify.com/s/files/1/0088/1937/6188/files/Cicapro-Lips-3760269770263_1.avif,https://www.dermaexpress.com.mx/products/isispharma-cicapro-lips-balsamo-reparador-15ml,Dermaexpress
3760269770355,Isispharma Cicapro Cracks Reparador Bálsamo Reparador 40ml,Isispharma,Rostro,ROSTRO,280,291.2,350,449,529,649,369,21.08,16.8,ROJO,B,1,https://cdn.shopify.com/s/files/1/0088/1937/6188/files/Cicapro-Cracks-3760269770355_1.avif,https://www.dermaexpress.com.mx/products/isispharma-cicapro-cracks-reparador-balsamo-reparador-40ml,Dermaexpress
3760269770577,Isispharma Cicapro Crema 100 ml,Isispharma,Rostro,ROSTRO,400,416,500,639,759,929,519,19.85,16.8,ROJO,B,1,https://cdn.shopify.com/s/files/1/0088/1937/6188/files/Cicapro-Cream-100ml-3760269770577_1.avif,https://www.dermaexpress.com.mx/products/isispharma-cicapro-crema-100-ml,Dermaexpress
3499320018456,BENZACARE Power Patch Skin Restore caja x 23 parches,Galderma,Rostro,Rostro,348,361.92,436,559,659,809,459,21.15,16.99,ROJO,B,1,https://cdn.shopify.com/s/files/1/0088/1937/6188/files/940x1215150dpis-01.avif,https://www.dermaexpress.com.mx/products/benzacare-power-patch-skin-restore-23-parches,Dermaexpress
7502275470791,CETAPHIL HIDRATANTE FACIAL DIARIO FPS50 x2,Cetaphil,Rostro,ROSTRO,516,536.64,0,829,979,1199,979,45.18,0,SIN_REF,A,1,https://cdn.shopify.com/s/files/1/0088/1937/6188/files/7502275470791.1.avif,https://www.dermaexpress.com.mx/products/cetaphil-hidratante-facial-diario-fps50-x2,Dermaexpress
7506307520799,Bioderma Kit Sensibio H2O 500 ml + Sensibio H2O 250 ml,Bioderma,Rostro,ROSTRO,607,631.28,759,979,1149,1409,789,19.99,16.83,ROJO,C,0,https://cdn.shopify.com/s/files/1/0088/1937/6188/files/7506307520799.avif,https://www.dermaexpress.com.mx/products/bioderma-kit-sensibio-h2o-500-ml-sensibio-h2o-250-ml,Dermaexpress
7506307520782,Bioderma Kit Sensibio AR+ Crema 40 ml + Sensibio H2O 100 ml,Bioderma,Rostro,ROSTRO,656,682.24,820,1049,1249,1519,859,20.58,16.8,ROJO,C,0,https://cdn.shopify.com/s/files/1/0088/1937/6188/files/7506307520782.avif,https://www.dermaexpress.com.mx/products/bioderma-kit-sensibio-ar-crema-40-ml-sensibio-h2o-100-ml,Dermaexpress
8429420331907,ISDIN Baby Naturals Pomada Protectora para Rozaduras 100ml,Isdin,Cuerpo,Cuerpo,129.5,134.68,185,209,249,299,179,24.76,27.2,AMARILLO,A,1,https://cdn.shopify.com/s/files/1/0088/1937/6188/files/5702191029192_1_0e480ad2-0c4e-4eae-9f89-dee0b2514de7.avif,https://www.dermaexpress.com.mx/products/isdin-baby-naturals-pomada-protectora-para-rozaduras-100ml,Dermaexpress
7502275470760,CETAPHIL Edición Especial Día de las Madres Crema Hidratante 453g + Lata Plateada,Cetaphil,Rostro,ROSTRO,560,582.4,0,899,1059,1299,1059,45,0,SIN_REF,A,1,https://cdn.shopify.com/s/files/1/0088/1937/6188/files/7502275470760.2.avif,https://www.dermaexpress.com.mx/products/cetaphil-edicion-especial-dia-de-las-madres-crema-hidratante-453g-lata-plateada,Dermaexpress
3499320016391,ALASTIN A-Luminate 1.7oz A3,Alastin,Rostro,Rostro,3360,3494.4,0,5379,6359,7769,6359,45.05,0,SIN_REF,B,1,https://cdn.shopify.com/s/files/1/0088/1937/6188/files/1_1_bc06f568-9f86-4d8d-a537-5f2cdbc1c829.avif,https://www.dermaexpress.com.mx/products/alastin-regenerating-skin-nectar-1oz-a3,Dermaexpress
3499320016353,Alastin Skincare Regenerating Skin Nectar Tratamiento Regenerador Post Procedimiento 29.6ml,Alastin,Rostro,Rostro,4200,4368,0,6719,7949,9709,7949,45.05,0,SIN_REF,B,1,https://cdn.shopify.com/s/files/1/0088/1937/6188/files/1_1_6961422a-e2e9-4c10-b703-40dc0543b054.avif,https://www.dermaexpress.com.mx/products/alastin-skincare-regenerating-skin-nectar-tratamiento-regenerador-post-procedimiento-29-6ml,Dermaexpress
3499320016360,Alastin Skincare Inhance Post Injection Serum Tratamiento Post Procedimiento 10ml,Alastin,Rostro,Rostro,1025,1066,0,1639,1939,2369,1939,45.02,0,SIN_REF,B,1,https://cdn.shopify.com/s/files/1/0088/1937/6188/files/3499320000084.jpg,https://www.dermaexpress.com.mx/products/alastin-skincare-inhance-post-injection-serum-tratamiento-post-procedimiento-1-oz,Dermaexpress
5702191029192,"Leo Pharma Finacea Gel 15%, 30 gr",Leo Pharma,Rostro,Rostro,880,915.2,0,1409,1669,2039,1669,45.16,0,SIN_REF,B,1,https://cdn.shopify.com/s/files/1/0088/1937/6188/files/5702191029192_1.avif,https://www.dermaexpress.com.mx/products/leo-pharma-finacea-gel-15-30-gr,Dermaexpress
3499320016322,Alastin Skincare HA Immerse Suero Hidratante Facial 29ml,Alastin,Rostro,Rostro,2260,2350.4,0,3619,4279,5229,4279,45.07,0,SIN_REF,B,1,https://cdn.shopify.com/s/files/1/0088/1937/6188/files/1_1_a8e4d89c-cbc8-4556-9b74-85941320fd42.avif,https://www.dermaexpress.com.mx/products/alastin-skincare-ha-immerse-suero-hidratante-facial-1-oz,Dermaexpress
3499320016346,Alastin Skincare Transform Body Tratamiento Reafirmante Corporal 170ml,Alastin,Cuerpo,Cuerpo,4100,4264,0,6559,7759,9479,7759,45.04,0,SIN_REF,C,0,https://cdn.shopify.com/s/files/1/0088/1937/6188/files/3499320016346.jpg,https://www.dermaexpress.com.mx/products/alastin-skincare-transform-body-tratamiento-reafirmante-corporal-175-ml,Dermaexpress
810105153484,Alastin Skincare Hydratint Pro Mineral Protector Solar con Color SPF 36 91g,Alastin,Protección Solar,Solares,2045,2126.8,0,3279,3869,4729,3869,45.03,0,SIN_REF,B,1,https://cdn.shopify.com/s/files/1/0088/1937/6188/files/HydraTintProMineralSunscreenSPF36_capoff_reflection.avif,https://www.dermaexpress.com.mx/products/alastin-skincare-hydratint-pro-mineral-protector-solar-con-color-spf-36-130-g,Dermaexpress
851144006355,Alastin Skincare SilkShield All Mineral Sunscreen Protector Solar Mineral SPF 30 53.8ml,Alastin,Protección Solar,Solares,2320,2412.8,0,3719,4389,5369,4389,45.03,0,SIN_REF,B,1,https://cdn.shopify.com/s/files/1/0088/1937/6188/files/SilkSHIELDProMineralSunscreenSPF30_closed_reflection.avif,https://www.dermaexpress.com.mx/products/alastin-skincare-silkshield-all-mineral-sunscreen-protector-solar-mineral-spf-30-54-ml,Dermaexpress
3499320016384,Alastin Skincare Restorative Neck Complex Tratamiento Reafirmante para Cuello y Escote 50ml,Alastin,Rostro,Rostro,2460,2558.4,0,3939,4659,5689,4659,45.09,0,SIN_REF,B,1,https://cdn.shopify.com/s/files/1/0088/1937/6188/files/1_7afb5c2b-4775-4010-9c3b-d6a87d8eb9a2.png,https://www.dermaexpress.com.mx/products/alastin-skincare-restorative-neck-complex-tratamiento-reafirmante-para-cuello-y-escote-50ml,Dermaexpress
3499320016377,Alastin Skincare Restorative Eye Complex Tratamiento Antiedad para Contorno de Ojos 18 ml,Alastin,Rostro,Rostro,1800,1872,0,2879,3409,4159,3409,45.09,0,SIN_REF,B,1,https://cdn.shopify.com/s/files/1/0088/1937/6188/files/1_1_4ad879e1-fa41-4f01-8b16-fe5a0916992a.avif,https://www.dermaexpress.com.mx/products/alastin-skincare-restorative-eye-complex-tratamiento-antiedad-para-contorno-de-ojos-18-ml,Dermaexpress
851144006287,Alastin Skincare Ultra Nourishing Moisturizer Crema Hidratante Facial 59 ml,Alastin,Rostro,Rostro,2560,2662.4,0,4099,4849,5919,4849,45.09,0,SIN_REF,C,0,https://cdn.shopify.com/s/files/1/0088/1937/6188/files/Alastin_Moisturiser_720x_1.avif,https://www.dermaexpress.com.mx/products/alastin-skincare-ultra-nourishing-moisturizer-crema-hidratante-facial-59-ml,Dermaexpress
3282770399653,Ducray Melascreen Contorno 365 Protector Solar Facial SPF50+ Con Color 30 ML,Avene,Rostro,Rostro,439,456.56,549,709,839,1019,579,21.15,16.84,ROJO,B,1,https://cdn.shopify.com/s/files/1/0088/1937/6188/files/1_c81376f1-0de1-4c86-b78c-55f93f2804be.avif,https://www.dermaexpress.com.mx/products/avene-melascreen-contorno-365-protector-solar-facial-spf50-con-color-30-ml,Dermaexpress
3282770399646,Ducray Melascreen Contorno 365 Protector Solar Facial SPF 50+ Sin Color 30 Ml,Avene,Rostro,ROSTRO,439,456.56,549,709,839,1019,579,21.15,16.84,ROJO,B,1,https://cdn.shopify.com/s/files/1/0088/1937/6188/files/3282770399646.avif,https://www.dermaexpress.com.mx/products/avene-melascreen-contorno-365-protector-solar-facial-spf-50-sin-color-30-ml,Dermaexpress
3282770397048,Avene Retrinal Contorno De Ojos Anti-Edad 15 Ml,Avene,Rostro,ROSTRO,959,997.36,1199,1539,1819,2219,1249,20.15,16.82,ROJO,B,1,https://cdn.shopify.com/s/files/1/0088/1937/6188/files/3282770397048.avif,https://www.dermaexpress.com.mx/products/avene-retrinal-contorno-de-ojos-anti-edad-15-ml,Dermaexpress
3282770141382,Ducray Keracnyl Gel Limpiador Espumoso Anti-Imperfecciones 400 ML,Ducray,Rostro,ROSTRO,647,672.88,809,1039,1229,1499,849,20.74,16.83,ROJO,B,1,https://cdn.shopify.com/s/files/1/0088/1937/6188/files/1_2_1e3fd56e-1489-4125-8594-2b06a6fc1caf.avif,https://www.dermaexpress.com.mx/products/ducray-keracnyl-gel-limpiador-espumoso-anti-imperfecciones-400-ml,Dermaexpress
3571940004528,Noreva Exfoliac Global X-Pro Tratamiento Anti-Imperfecciones 30 Ml,NOREVA,Rostro,ROSTRO,750,780,0,1199,1419,1739,1419,45.03,0,SIN_REF,B,1,https://cdn.shopify.com/s/files/1/0088/1937/6188/files/3337875916998_1_1_66fbd879-9c32-419b-b049-343289bea900.avif,https://www.dermaexpress.com.mx/products/noreva-exfoliac-global-x-pro-tratamiento-anti-imperfecciones-30-ml,Dermaexpress
3337875943963,La Roche-Posay Effaclar Gel Purificante +M Refill Limpieza Anti-Imperfecciones 400 Ml,La Roche Posay,Rostro,ROSTRO,502,522.08,670,809,949,1169,659,20.78,22.08,AMARILLO,C,0,https://cdn.shopify.com/s/files/1/0088/1937/6188/files/3337875943963-1.avif,https://www.dermaexpress.com.mx/products/la-roche-posay-effaclar-gel-purificante-m-refill-limpieza-anti-imperfecciones-400-ml,Dermaexpress
3461020004770,Institut Esthederm Age Proteom™ Contorno de Ojos 15 ml,Institut Esthederm,Rostro,ROSTRO,1990,2069.6,0,3189,3769,4599,3769,45.09,0,SIN_REF,B,1,https://cdn.shopify.com/s/files/1/0088/1937/6188/files/3461020004770_b36e7342-44c8-4ce2-8bea-86c91e007d86.avif,https://www.dermaexpress.com.mx/products/institut-esthederm-age-proteom-contorno-de-ojos-anti-edad-15-ml,Dermaexpress
7897930779228,Cetaphil Limpiador Facial Control Imperfecciones 236 ML,Cetaphil,Rostro,ROSTRO,448,465.92,0,719,849,1039,849,45.12,0,SIN_REF,A,1,https://cdn.shopify.com/s/files/1/0088/1937/6188/files/7897930779228_1.avif,https://www.dermaexpress.com.mx/products/cetaphil-limpiador-facial-control-imperfecciones-236-ml,Dermaexpress
3661434037658,Uriage Kit Depiderm Serum 30 Ml + Bariésun Stick Solar Invisible SPF 50+ 18 G,URIAGE,Rostro,ROSTRO,978,1017.12,1304,1569,1849,2269,1279,20.48,22,AMARILLO,A,1,https://cdn.shopify.com/s/files/1/0088/1937/6188/files/8.avif,https://www.dermaexpress.com.mx/products/uriage-kit-depiderm-serum-30-ml-bariesun-stick-solar-invisible-spf-50-18-g,Dermaexpress
3661434037641,Uriage Kit Bariésun Fluido Matificante SPF 50+ 50 Ml + Hyseac Gel Limpiador Anti-Imperfecciones 50 Ml,URIAGE,Rostro,ROSTRO,411,427.44,548,659,779,949,539,20.7,22,AMARILLO,A,1,https://cdn.shopify.com/s/files/1/0088/1937/6188/files/5.avif,https://www.dermaexpress.com.mx/products/uriage-kit-bariesun-fluido-matificante-spf-50-50-ml-hyseac-gel-limpiador-anti-imperfecciones-50-ml,Dermaexpress
3661434037634,Uriage Kit Bariésun Bruma Seca Protector Solar SPF 50+ 200 Ml + Eau Thermale 50 Ml,URIAGE,Rostro,ROSTRO,557,579.28,743,899,1059,1289,729,20.54,22.03,AMARILLO,C,0,https://cdn.shopify.com/s/files/1/0088/1937/6188/files/3337875916998_fbf30ff6-0474-49e7-88b4-e7d399587257.avif,https://www.dermaexpress.com.mx/products/uriage-kit-bariesun-bruma-seca-protector-solar-spf-50-200-ml-eau-thermale-50-ml,Dermaexpress
3337875932080,Vichy Dercos Regen Serum Fortalecedor Capilar Anticaída 90 ml,Vichy,Capilar,Capilares,974,1012.96,1299,1559,1849,2259,1269,20.18,22.02,AMARILLO,C,0,https://cdn.shopify.com/s/files/1/0088/1937/6188/files/3337875932080.jpg,https://www.dermaexpress.com.mx/products/vichy-dercos-regen-serum-fortalecedor-capilar-anticaida-50-ml,Dermaexpress
7509552972122,Vichy Kit Mineral 89 50 ml + Normaderm Probio-BHA (5 ml) + Dercos Anticaspa Rutina Fortalecedora y Purificante (30 ml),Vichy,Rostro,Rostro,636,661.44,849,1019,1209,1469,829,20.21,22.09,AMARILLO,C,0,https://cdn.shopify.com/s/files/1/0088/1937/6188/files/7509552972122.jpg,https://www.dermaexpress.com.mx/products/vichy-kit-mineral-89-50-ml-normaderm-probio-bha-5-ml-dercos-anticaspa-rutina-fortalecedora-y-purificante-30-ml,Dermaexpress
7509552966763,Vichy Kit Normaderm intensive purifying cleanser 400 ml + Dercos anti dandruff 50 ml + Capital soleil uv-clear spf50+ 3 ml,Vichy,Rostro,ROSTRO,562,584.48,750,899,1069,1299,739,20.91,22.07,AMARILLO,C,0,https://cdn.shopify.com/s/files/1/0088/1937/6188/files/7509552966763_1.jpg,https://www.dermaexpress.com.mx/products/kit-normaderm-intensive-purifing-cleanser-400ml-dercos-anti-dandruff-50ml-capital-soleil-uv-clear-spf50-3ml,Dermaexpress
3337875574358,Vichy Dercos densi-solutions Shampoo densificador 250 ml,Vichy,Capilar,Cabello,599,622.96,799,959,1139,1389,779,20.03,22.03,AMARILLO,A,1,https://cdn.shopify.com/s/files/1/0088/1937/6188/files/74c79538-7836-412a-ba68-b144a78495bb.jpg,https://www.dermaexpress.com.mx/products/dercos-densi-solutions-shampoo-densificador-250ml,Dermaexpress
3337875574372,Vichy Dercos densi-solutions Loción tratamiento capilar 100 ml,Vichy,Capilar,Cabello,982,1021.28,1310,1579,1859,2269,1279,20.15,22.04,AMARILLO,C,0,https://cdn.shopify.com/s/files/1/0088/1937/6188/files/19f6f902-552d-4e7c-8244-c0d8eddbe4f7.jpg,https://www.dermaexpress.com.mx/products/vichy-dercos-densi-solutions-locion-tratamiento-capilar-100ml,Dermaexpress
3337871311292,Vichy Dercos Estimulante Shampoo anti-caída 200 ml,Vichy,Capilar,Cabello,599,622.96,799,959,1139,1389,779,20.03,22.03,AMARILLO,A,1,https://cdn.shopify.com/s/files/1/0088/1937/6188/files/3337871311292_10.jpg,https://www.dermaexpress.com.mx/products/dercos-estimulante-200ml-3337871311292,Dermaexpress
3337871330262,Vichy Dercos Shampoo anti-caspa seca 200 ml,Vichy,Capilar,Cabello,561,583.44,749,899,1069,1299,729,19.97,22.1,AMARILLO,A,1,https://cdn.shopify.com/s/files/1/0088/1937/6188/files/3337871330262_11.jpg,https://www.dermaexpress.com.mx/products/dercos-caspa-seca-200ml-3337871330262,Dermaexpress
3337871330286,Vichy Dercos Shampoo anti-caspa grasa 200 ml,Vichy,Capilar,Cabello,561,583.44,749,899,1069,1299,729,19.97,22.1,AMARILLO,A,1,https://cdn.shopify.com/s/files/1/0088/1937/6188/files/3337871330286_11.jpg,https://www.dermaexpress.com.mx/products/dercos-caspa-grasa-200ml-3337871330286,Dermaexpress
3337875525930,Vichy Dercos Aminexil Clinical 5 Hombre Anti-caída 12 ampolletas,Vichy,Capilar,Cabello,899,934.96,1199,1439,1699,2079,1169,20.02,22.02,AMARILLO,C,0,https://cdn.shopify.com/s/files/1/0088/1937/6188/files/27bbca79-ba4a-424d-b348-9b381e38890f.jpg,https://www.dermaexpress.com.mx/products/dercos-aminexil-mujer-c-12-de-6ml-3337875525930,Dermaexpress
3337875525947,Vichy Dercos Aminexil Clinical 5 Mujer Anti-caída 12 ampolletas,Vichy,Capilar,Cabello,899,934.96,1199,1439,1699,2079,1169,20.02,22.02,AMARILLO,C,0,https://cdn.shopify.com/s/files/1/0088/1937/6188/files/1_15d33906-5189-44de-91e6-4f1a075f6829.jpg,https://www.dermaexpress.com.mx/products/dercos-aminexil-hombre-c-12-de-6ml-3337875525947,Dermaexpress
3282779443319,Avène Kit Ultra Fluid Oil Control Invisible FPS 50 50 Ml + Serum Hyaluron Active B3 10 Ml,Avene,Rostro,ROSTRO,559,581.36,699,899,1059,1299,729,20.25,16.83,ROJO,C,0,https://cdn.shopify.com/s/files/1/0088/1937/6188/files/3282779443319_2.jpg,https://www.dermaexpress.com.mx/products/avene-kit-ultra-fluid-oil-control-invisible-fps-50-50-ml-serum-hyaluron-active-b3-10-ml,Dermaexpress
3282770399530,AV-XERACALM AD BALSAMO RELIPIDIZANTE 200ml,Avene,Cuerpo,Cuerpo,564,586.56,705,909,1069,1309,739,20.63,16.8,ROJO,B,1,https://cdn.shopify.com/s/files/1/0088/1937/6188/files/3337875916998_f859021a-bd6d-432c-ae54-a84fa0e07f4f.avif,https://www.dermaexpress.com.mx/products/av-xeracalm-ad-balsamo-relipidizante-200ml,Dermaexpress
3282770399561,AV-XERACALM AD CREMA RELIPIDIZANTE 400ml,Avene,Rostro,Cuerpo y rostro,703,731.12,879,1129,1329,1629,919,20.44,16.82,ROJO,B,1,https://cdn.shopify.com/s/files/1/0088/1937/6188/files/3337875916998.avif,https://www.dermaexpress.com.mx/products/av-xeracalm-ad-crema-relipidizante-400ml,Dermaexpress
3337875930239,La Roche-Posay Lipikar Baume AP+M Microbiome Bálsamo Hidratante 400 ML,La Roche Posay,Rostro,Cuerpo y rostro,633,658.32,845,1019,1199,1469,829,20.59,22.09,AMARILLO,A,1,https://cdn.shopify.com/s/files/1/0088/1937/6188/files/3337875916998_1_1.avif,https://www.dermaexpress.com.mx/products/la-roche-posay-lipikar-baume-ap-m-microbiome-balsamo-hidratante-400-ml,Dermaexpress
8800311121416,COSRX 5 PDRN B5 Vital Toner Con ADN De Salmón Hidratante 280 Ml,COSRX,Rostro,ROSTRO,630,655.2,0,1009,1199,1459,1199,45.35,0,SIN_REF,C,0,https://cdn.shopify.com/s/files/1/0088/1937/6188/files/3337875916998.png,https://www.dermaexpress.com.mx/products/cosrx-5-pdrn-b5-vital-toner-con-adn-de-salmon-hidratante-280-ml,Dermaexpress
7509552526264,La Roche-Posay Kit Anthelios UV Air 40 Ml + Agua Micelar 50 Ml + Hyalu B5 Serum 10 Ml,La Roche Posay,Rostro,ROSTRO,288,299.52,384,469,549,669,379,20.97,22,AMARILLO,C,0,https://cdn.shopify.com/s/files/1/0088/1937/6188/files/7501258200011-2_f0d98144-2274-44c6-a0d2-e12788625128.png,https://www.dermaexpress.com.mx/products/la-roche-posay-kit-anthelios-uv-air-40-ml-agua-micelar-50-ml-hyalu-b5-serum-10-ml,Dermaexpress
7509552528237,La Roche-Posay Kit Anthelios UVMune 400 Oil Control Gel-Crema Con Color 50 Ml + B5 Serum 10 Ml + Agua Micelar 50 Ml,La Roche Posay,Rostro,ROSTRO,366,380.64,489,589,699,849,479,20.53,22.16,AMARILLO,C,0,https://cdn.shopify.com/s/files/1/0088/1937/6188/files/7501258200011-2_bec6ffc8-2e6d-4b82-a2ca-29f343043135.png,https://www.dermaexpress.com.mx/products/la-roche-posay-kit-anthelios-uvmune-400-oil-control-gel-crema-con-color-50-ml-b5-serum-10-ml-agua-micelar-50-ml,Dermaexpress
7509552526271,La Roche-Posay Kit Anthelios UVMune 400 Oil Control Gel-Crema 50 Ml + Effaclar Duo Serum 3 Ml + Agua Micelar 50 Ml,La Roche Posay,Rostro,ROSTRO,366,380.64,489,589,699,849,479,20.53,22.16,AMARILLO,C,0,https://cdn.shopify.com/s/files/1/0088/1937/6188/files/9_78eb737d-fcaf-439e-8c75-11f1273c87c5.png,https://www.dermaexpress.com.mx/products/la-roche-posay-kit-anthelios-uvmune-400-oil-control-gel-crema-50-ml-effaclar-duo-serum-3-ml-agua-micelar-50-ml,Dermaexpress
7509552526288,La Roche-Posay Kit Anthelios UVMune 400 Oil Control Fluido Con Color 50 Ml + Agua Termal Prebiótica 50 Ml + Agua Micelar 50 Ml,La Roche Posay,Rostro,ROSTRO,393,408.72,524,629,749,909,519,21.25,22,AMARILLO,C,0,https://cdn.shopify.com/s/files/1/0088/1937/6188/files/7501258200011-2_21d9f768-126b-4034-9fb2-4be1905e8ace.png,https://www.dermaexpress.com.mx/products/la-roche-posay-kit-anthelios-uvmune-400-oil-control-fluido-con-color-50-ml-agua-termal-prebiotica-50-ml-agua-micelar-50-ml,Dermaexpress
7509552526295,La Roche-Posay Kit Anthelios UVMune 400 Oil Control Fluido 50 Ml + Agua Micelar 50 Ml + Effaclar Duo Serum 3 Ml,La Roche Posay,Rostro,ROSTRO,393,408.72,524,629,749,909,519,21.25,22,AMARILLO,C,0,https://cdn.shopify.com/s/files/1/0088/1937/6188/files/3337875899550.png,https://www.dermaexpress.com.mx/products/la-roche-posay-kit-anthelios-uvmune-400-oil-control-fluido-50-ml-agua-micelar-50-ml-effaclar-duo-serum-3-ml,Dermaexpress
7509552526301,La Roche-Posay Kit Anthelios UVMune 400 Anti-Manchas 50 Ml + Agua Termal 50 Ml + Mela B3 Serum 10 Ml,La Roche Posay,Rostro,ROSTRO,393,408.72,524,629,749,909,519,21.25,22,AMARILLO,C,0,https://cdn.shopify.com/s/files/1/0088/1937/6188/files/7_ff5a3808-eb67-4209-bc16-f21a54d41cc7.png,https://www.dermaexpress.com.mx/products/la-roche-posay-kit-anthelios-uvmune-400-anti-manchas-50-ml-agua-termal-50-ml-mela-b3-serum-10-ml,Dermaexpress
7506307520584,Bioderma Kit Sébium Hydra Crema Hidratante 40 Ml + Atoderm Bálsamo Labios 15 ML,Bioderma,Rostro,ROSTRO,580,603.2,725,929,1099,1349,759,20.53,16.8,ROJO,C,0,https://cdn.shopify.com/s/files/1/0088/1937/6188/files/2_17a2d7bc-10b3-4afd-8c20-3e71675730cd.png,https://www.dermaexpress.com.mx/products/bioderma-kit-sebium-hydra-crema-hidratante-40-ml-atoderm-balsamo-labios-15-ml,Dermaexpress
7506307520560,Bioderma Kit Sébium Gel Moussant 500 Ml + Sébium Gel Moussant 200 Ml,Bioderma,Rostro,ROSTRO,631,656.24,789,1009,1199,1459,829,20.84,16.83,ROJO,C,0,https://cdn.shopify.com/s/files/1/0088/1937/6188/files/2_3acdadd6-2c3e-4d8d-978d-0076ecde8f8f.png,https://www.dermaexpress.com.mx/products/bioderma-kit-sebium-gel-moussant-500-ml-sebium-gel-moussant-200-ml,Dermaexpress
7506307520690,Bioderma Kit Photoderm XDefense Neutro 40 Ml + Sensibio Gel Moussant 100 Ml,Bioderma,Rostro,ROSTRO,599,622.96,749,959,1139,1389,779,20.03,16.83,ROJO,C,0,https://cdn.shopify.com/s/files/1/0088/1937/6188/files/2_e6f3518c-9fb1-4054-aa1a-2984e45d8282.png,https://www.dermaexpress.com.mx/products/bioderma-kit-photoderm-xdefense-neutro-40-ml-sensibio-gel-moussant-100-ml,Dermaexpress
7506307520607,Bioderma Kit Atoderm Barra Limpiadora Suave 150 G Pack 3 Piezas,Bioderma,Cuerpo,Cuerpo,344,357.76,430,559,659,799,449,20.32,16.8,ROJO,C,0,https://cdn.shopify.com/s/files/1/0088/1937/6188/files/2_5a79d0c9-65a2-43f7-bcfb-3595eb825d24.png,https://www.dermaexpress.com.mx/products/bioderma-kit-atoderm-barra-limpiadora-suave-150-g-pack-3-piezas,Dermaexpress
7506307520621,Bioderma Kit Atoderm Intensive Baume 200 Ml + Atoderm Aceite De Ducha 100 Ml,Bioderma,Cuerpo,Cuerpo,708,736.32,885,1139,1339,1639,929,20.74,16.8,ROJO,C,0,https://cdn.shopify.com/s/files/1/0088/1937/6188/files/7501258200011-2_3.png,https://www.dermaexpress.com.mx/products/bioderma-kit-atoderm-intensive-baume-200-ml-atoderm-aceite-de-ducha-100-ml,Dermaexpress
7506307520546,Bioderma Hydrabio Serum Hidratante Facial 40 Ml Pack 2 Piezas,Bioderma,Rostro,ROSTRO,663,689.52,829,1069,1259,1539,869,20.65,16.83,ROJO,C,0,https://cdn.shopify.com/s/files/1/0088/1937/6188/files/7501258200011-2_e736035f-55e3-4a43-80af-312bc5606bc9.png,https://www.dermaexpress.com.mx/products/bioderma-hydrabio-serum-hidratante-facial-40-ml-pack-2-piezas,Dermaexpress
3282779443333,"Avène Kit Protector Solar Corporal en Spray FPS 50, 200ml + Agua Termal 150ml",Avene,Rostro,ROSTRO,599,622.96,749,959,1139,1389,779,20.03,16.83,ROJO,C,0,https://cdn.shopify.com/s/files/1/0088/1937/6188/files/3337875916998.jpg,https://www.dermaexpress.com.mx/products/avene-kit-protector-solar-corporal-en-spray-fps-50-200ml-agua-termal-150ml,Dermaexpress
3282779443302,Avène Kit Ultra Fluid Oil Control Con Color Tono Medio FPS 50+ 50 Ml + Hyaluron Active Serum 10 Ml,Avene,Rostro,ROSTRO,559,581.36,699,899,1059,1299,729,20.25,16.83,ROJO,C,0,https://cdn.shopify.com/s/files/1/0088/1937/6188/files/3282779443302_2.jpg,https://www.dermaexpress.com.mx/products/avene-kit-ultra-fluid-oil-control-con-color-tono-medio-fps-50-50-ml-hyaluron-active-serum-10-ml,Dermaexpress
3282779443326,Avène Kit Fluid Oil Control Con Color Tono Claro SPF 50+ 50 Ml + Vitamin Serum Active CG 10 Ml,Avene,Rostro,ROSTRO,559,581.36,699,899,1059,1299,729,20.25,16.83,ROJO,C,0,https://cdn.shopify.com/s/files/1/0088/1937/6188/files/3282779443326_2.jpg,https://www.dermaexpress.com.mx/products/avene-kit-fluid-oil-control-con-color-tono-claro-spf-50-50-ml-vitamin-serum-active-cg-10-ml,Dermaexpress
7502002461306,Farmapiel Bpollen Gel 5% antiimperfecciones 60 gr,Farmapiel,Rostro,Rostro,275,286,0,439,519,639,519,44.89,0,SIN_REF,B,1,https://cdn.shopify.com/s/files/1/0088/1937/6188/files/BPO5_4.jpg,https://www.dermaexpress.com.mx/products/bpollen-gel-60gr-5,Dermaexpress
3337875901420,Vichy Dercos Sérum 10 leave-on Control caspa 90 ml,Vichy,Capilar,Cabello,974,1012.96,1299,1559,1849,2259,1269,20.18,22.02,AMARILLO,C,0,https://cdn.shopify.com/s/files/1/0088/1937/6188/files/3337875901420_0.jpg,https://www.dermaexpress.com.mx/products/vichy-dercos-serum-10-leave-on-control-caspa-90ml,Dermaexpress
3701129812037,Bioderma Sensibio Gel Moussant Gel Limpiador Facial Piel Sensible 200 Ml,Bioderma,Rostro,ROSTRO,455,473.2,569,729,869,1059,599,21,16.84,ROJO,B,1,https://cdn.shopify.com/s/files/1/0088/1937/6188/files/3701129812037_1.avif,https://www.dermaexpress.com.mx/products/bioderma-sensibio-gel-moussant-gel-limpiador-facial-piel-sensible-200-ml,Dermaexpress
3461020003391,Institut Esthederm Intensive AHA Peel Suero Concentrado Exfoliante 30 ML,Institut Esthederm,Rostro,ROSTRO,2250,2340,0,3599,4259,5199,4259,45.06,0,SIN_REF,B,1,https://cdn.shopify.com/s/files/1/0088/1937/6188/files/3337875916998_fd44a024-0cbd-4c40-a65c-251df4675a52.jpg,https://www.dermaexpress.com.mx/products/institut-esthederm-intensive-aha-peel-suero-concentrado-exfoliante-30-ml,Dermaexpress
3337875930116,La Roche-Posay Lipikar Baume AP+M Microbiome Bálsamo Hidratante 75 ML,La Roche Posay,Rostro,Cuerpo y rostro,194,201.76,259,319,369,449,259,22.1,22.1,AMARILLO,A,1,https://cdn.shopify.com/s/files/1/0088/1937/6188/files/3337875916998_c09749fc-914b-441c-8f46-924e2ca1e2f0.jpg,https://www.dermaexpress.com.mx/products/la-roche-posay-lipikar-baume-ap-m-microbiome-balsamo-hidratante-75-ml,Dermaexpress
8800311121423,COSRX 5 PDRN Collagen Intense Suero Antiedad Con ADN De Salmón 100 Ml,COSRX,Rostro,ROSTRO,980,1019.2,0,1569,1859,2269,1859,45.17,0,SIN_REF,C,0,https://cdn.shopify.com/s/files/1/0088/1937/6188/files/3337875916998-d1_9a45178d-297b-46ab-a3c9-f0da2650116d.png,https://www.dermaexpress.com.mx/products/cosrx-5-pdrn-collagen-intense-suero-antiedad-con-adn-de-salmon-100-ml,Dermaexpress
8800311120679,COSRX PDRN Exosome Mascarilla Peel-Off Con ADN De Salmón 50 ML,COSRX,Rostro,ROSTRO,580,603.2,0,929,1099,1349,1099,45.11,0,SIN_REF,C,0,https://cdn.shopify.com/s/files/1/0088/1937/6188/files/3337875916998-d1_fdfc584c-5f1c-4915-b4fe-176bb89d684d.png,https://www.dermaexpress.com.mx/products/cosrx-pdrn-exosome-mascarilla-peel-off-con-adn-de-salmon-50-ml,Dermaexpress
8800311120891,COSRX 5 PDRN Hyaluronic Mascarilla Hidrogel Con ADN De Salmón 3 Piezas,COSRX,Rostro,ROSTRO,480,499.2,0,769,909,1109,909,45.08,0,SIN_REF,C,0,https://cdn.shopify.com/s/files/1/0088/1937/6188/files/3337875916998-d1_fd93375d-b64b-42d2-a2db-e2fc5c224aa2.png,https://www.dermaexpress.com.mx/products/cosrx-5-pdrn-hyaluronic-mascarilla-hidrogel-con-adn-de-salmon-3-piezas,Dermaexpress
3499320016735,Cetaphil Healthy Renew Crema De Noche Anti-Edad 50 G,Cetaphil,Rostro,ROSTRO,717,745.68,0,1149,1359,1659,1359,45.13,0,SIN_REF,A,1,https://cdn.shopify.com/s/files/1/0088/1937/6188/files/3337875916998_334468cb-ecec-4b01-bd5a-9762db44033d.jpg,https://www.dermaexpress.com.mx/products/cetaphil-healthy-renew-crema-de-noche-anti-edad-50-g,Dermaexpress
3282770141351,Ducray Keracnyl Gel Limpiador Purificante 200 ML,Ducray,Rostro,ROSTRO,517,537.68,647,829,979,1199,679,20.81,16.9,ROJO,B,1,https://cdn.shopify.com/s/files/1/0088/1937/6188/files/3337875916998_ccc289a6-8d7a-4a77-8ef5-abf771b9baf3.png,https://www.dermaexpress.com.mx/products/ducray-keracnyl-gel-limpiador-purificante-200-ml,Dermaexpress
3337875930338,La Roche-Posay Lipikar Baume Light Bálsamo Hidratante Ligero 400 ML,La Roche Posay,Rostro,ROSTRO,599,622.96,799,959,1139,1389,779,20.03,22.03,AMARILLO,C,0,https://cdn.shopify.com/s/files/1/0088/1937/6188/files/7501258200011-2_9d216afa-1d6c-491c-8c6d-309d746702c9.png,https://www.dermaexpress.com.mx/products/la-roche-posay-lipikar-baume-light-balsamo-hidratante-ligero-400-ml,Dermaexpress
3337875930048,La Roche-Posay Lipikar Baume AP+M Bálsamo Hidratante Anti-Resequedad 200 ML,La Roche Posay,Rostro,ROSTRO,471,489.84,629,759,899,1089,619,20.87,22.12,AMARILLO,A,1,https://cdn.shopify.com/s/files/1/0088/1937/6188/files/2_c1410738-3de6-47c0-8a51-51896a854d25.png,https://www.dermaexpress.com.mx/products/la-roche-posay-lipikar-baume-ap-m-balsamo-hidratante-anti-resequedad-200-ml,Dermaexpress
3760269771390,Isispharma Teen Derm Gel Sensitive Limpiador Facial Para Piel Sensible 250 Ml,Isispharma,Rostro,ROSTRO,512,532.48,640,819,969,1189,669,20.41,16.8,ROJO,B,1,https://cdn.shopify.com/s/files/1/0088/1937/6188/files/7501258200011-2_14b126c4-70dd-4a5c-8939-1f5a6cdf0fab.png,https://www.dermaexpress.com.mx/products/isispharma-teen-derm-gel-sensitive-limpiador-facial-para-piel-sensible-250-ml,Dermaexpress
3701129820674,Bioderma Photoderm Invisible Stick FPS50+ 15g,Bioderma,Rostro,ROSTRO,335,348.4,419,539,639,779,439,20.64,16.85,ROJO,C,0,https://cdn.shopify.com/s/files/1/0088/1937/6188/files/7501258200011-2_e51eb6c2-874a-4670-96ae-1d835e129f72.png,https://www.dermaexpress.com.mx/products/bioderma-photoderm-stick-invisible-fps-50-protector-solar-facial-15-g,Dermaexpress
7508006186061,Panalab Mineral Safe Stick FPS 50+ Kids Sin Color Protector Solar Mineral 10 G,Panalab,Rostro,ROSTRO,635,660.4,0,1019,1209,1469,1209,45.38,0,SIN_REF,B,1,https://cdn.shopify.com/s/files/1/0088/1937/6188/files/2_b8f6addf-1bb9-48f2-86b6-b27904062497.png,https://www.dermaexpress.com.mx/products/panalab-mineral-safe-stick-fps-50-kids-sin-color-protector-solar-mineral-10-g,Dermaexpress
7508006186047,Panalab Mineral Safe Stick FPS 50+ Con Color Medio Protector Solar Mineral 10 G,Panalab,Rostro,ROSTRO,635,660.4,0,1019,1209,1469,1209,45.38,0,SIN_REF,B,1,https://cdn.shopify.com/s/files/1/0088/1937/6188/files/7501258200011-2_85370dbf-23f5-4abd-b3cb-c20fb8cbd241.png,https://www.dermaexpress.com.mx/products/panalab-mineral-safe-stick-fps-50-con-color-medio-protector-solar-mineral-10-g,Dermaexpress
7508006186023,Panalab Mineral Safe Stick FPS 50+ Con Color Ligero Protector Solar Mineral 10 G,Panalab,Rostro,ROSTRO,635,660.4,0,1019,1209,1469,1209,45.38,0,SIN_REF,B,1,https://cdn.shopify.com/s/files/1/0088/1937/6188/files/2_73058049-787c-4c3f-a99f-2f8160b6055a.png,https://www.dermaexpress.com.mx/products/panalab-mineral-safe-stick-fps-50-con-color-ligero-protector-solar-mineral-10-g,Dermaexpress
7508006186009,Panalab Mineral Safe Stick FPS 50+ Sin Color Protector Solar Mineral 10 G,Panalab,Rostro,ROSTRO,635,660.4,0,1019,1209,1469,1209,45.38,0,SIN_REF,B,1,https://cdn.shopify.com/s/files/1/0088/1937/6188/files/7501258200011-2_cd959c6f-3798-42e3-ab75-f543f3c46361.png,https://www.dermaexpress.com.mx/products/panalab-mineral-safe-stick-fps-50-sin-color-protector-solar-mineral-10-g,Dermaexpress
3701129812433,Bioderma Sébium Kerato+ Body Tratamiento Antiimperfecciones Corporal 150 ml,Bioderma,Cuerpo,Cuerpo,544,565.76,680,879,1029,1259,709,20.2,16.8,ROJO,B,1,https://cdn.shopify.com/s/files/1/0088/1937/6188/files/3701129812433.jpg,https://www.dermaexpress.com.mx/products/bioderma-sebium-kerato-body-tratamiento-antiimperfecciones-corporal-150-ml,Dermaexpress
3337875921008,Vichy Dercos Collagen 17 Shampoo Reparador De Daño 200 Ml,Vichy,Capilar,Capilares,524,544.96,699,839,999,1219,689,20.91,22.04,AMARILLO,C,0,https://cdn.shopify.com/s/files/1/0088/1937/6188/files/7501258200011-2_8e56325c-cc75-4b81-b1a2-a7be1991c89f.png,https://www.dermaexpress.com.mx/products/vichy-dercos-collagen-17-shampoo-reparador-de-dano-200-ml,Dermaexpress
3337875920971,Vichy Dercos Collagen 17 Acondicionador Reparador De Daño 200 Ml,Vichy,Capilar,Capilares,524,544.96,699,839,999,1219,689,20.91,22.04,AMARILLO,A,1,https://cdn.shopify.com/s/files/1/0088/1937/6188/files/7501258200011-2_1cfac903-757f-458a-8c82-e4d6daae2813.png,https://www.dermaexpress.com.mx/products/vichy-dercos-collagen-17-acondicionador-reparador-de-dano-200-ml,Dermaexpress
3337875920902,Vichy Dercos Collagen 17 Filler Tratamiento Reparador De Daño 150 Ml,Vichy,Capilar,Capilares,771,801.84,1029,1239,1459,1789,1009,20.53,22.08,AMARILLO,A,1,https://cdn.shopify.com/s/files/1/0088/1937/6188/files/2_ac610b54-9ac9-4dce-8680-a1e149d5fa9d.png,https://www.dermaexpress.com.mx/products/vichy-dercos-collagen-17-filler-tratamiento-reparador-de-dano-150-ml,Dermaexpress
3282770400755,Avène Vitamin Active Crema De Día Anti-Manchas Iluminadora 50 Ml,Avene,Rostro,ROSTRO,1015,1055.6,1269,1629,1919,2349,1319,19.97,16.82,ROJO,B,1,https://cdn.shopify.com/s/files/1/0088/1937/6188/files/2_71dd356b-8a18-48a5-8d0f-2862f3c2fcdc.png,https://www.dermaexpress.com.mx/products/avene-vitamin-active-crema-de-dia-anti-manchas-iluminadora-50-ml,Dermaexpress
3282770400700,Avène Hyaluron Active B3 Crema Regeneración Celular Hidratante 50 Ml,Avene,Rostro,ROSTRO,1007,1047.28,1259,1619,1909,2329,1309,19.99,16.82,ROJO,B,1,https://cdn.shopify.com/s/files/1/0088/1937/6188/files/7501258200011-2_9db60310-1615-4565-b07a-d31b09f8e19a.png,https://www.dermaexpress.com.mx/products/avene-hyaluron-active-b3-crema-regeneracion-celular-hidratante-50-ml,Dermaexpress
4006000183558,Eucerin DermoPure Gel Limpiador Concentrado Anti-Imperfecciones 150 ML,Eucerin,Rostro,ROSTRO,370,384.8,529,599,699,859,519,25.86,27.26,AMARILLO,A,1,https://cdn.shopify.com/s/files/1/0088/1937/6188/files/7501258200011-2_94cec3f9-f6ce-4f4d-8a0a-9be2d9a042ca.png,https://www.dermaexpress.com.mx/products/eucerin-dermopure-gel-limpiador-concentrado-anti-imperfecciones-150-ml,Dermaexpress
3282770400410,Avène Ultra Fluid Oil Control Invisible Protector Solar Facial FPS 50 50 Ml,Avene,Rostro,ROSTRO,559,581.36,699,899,1059,1299,729,20.25,16.83,ROJO,B,1,https://cdn.shopify.com/s/files/1/0088/1937/6188/files/3282770400410_1800x1800_c27f7ad3-2008-48af-af0d-deb394e78d7e.webp,https://www.dermaexpress.com.mx/products/avene-ultra-fluid-oil-control-invisible-protector-solar-facial-fps-50-50-ml,Dermaexpress
3282770400427,Avène Ultra Fluid Oil Control Protector Solar Facial Con Color Tono Claro FPS50 50 ML,Avene,Rostro,ROSTRO,559,581.36,699,899,1059,1299,729,20.25,16.83,ROJO,B,1,https://cdn.shopify.com/s/files/1/0088/1937/6188/files/3282770400427_01.jpg,https://www.dermaexpress.com.mx/products/avene-ultra-fluid-oil-control-protector-solar-facial-con-color-tono-claro-fps50-50-ml,Dermaexpress
3282770400441,Avène Ultra Fluid Oil Control Protector Solar Facial Con Color Tono Medio FPS50 50 ML,Avene,Rostro,ROSTRO,559,581.36,699,899,1059,1299,729,20.25,16.83,ROJO,B,1,https://cdn.shopify.com/s/files/1/0088/1937/6188/files/3282770400441_01_80a12d05-1f96-45da-8c1b-b500f7e7012c.jpg,https://www.dermaexpress.com.mx/products/avene-ultra-fluid-oil-control-protector-solar-facial-con-color-tono-medio-fps50-50-ml,Dermaexpress
3661434027512,Uriage Bariésun Agua Fluido Ultra Matte Fotoprotector Facial SPF 50+ 50 Ml,URIAGE,Rostro,ROSTRO,411,427.44,548,659,779,949,539,20.7,22,AMARILLO,A,1,https://cdn.shopify.com/s/files/1/0088/1937/6188/files/Diseno_sin_titulo_6_56108cc4-f11f-49d5-be75-3695638a6111.png,https://www.dermaexpress.com.mx/products/uriage-bariesun-agua-fluido-ultra-matte-fotoprotector-facial-spf-50-50-ml,Dermaexpress
8436574365351,Heliocare 360 Pigment Stick Bronze FPS 50 Fotoprotector Con Color 10 G,Cantabria Labs,Rostro,ROSTRO,544,565.76,640,879,1029,1259,709,20.2,11.6,ROJO,B,1,https://cdn.shopify.com/s/files/1/0088/1937/6188/files/5_0311153e-4183-4edf-9a7b-b89aac0be042.png,https://www.dermaexpress.com.mx/products/heliocare-360-pigment-stick-bronze-fps-50-fotoprotector-con-color-10-g,Dermaexpress
8436574365344,Cantabria Labs Heliocare 360 Pigment Stick Beige FPS 50 Fotoprotector Con Color 10 g,Cantabria Labs,Rostro,ROSTRO,544,565.76,640,879,1029,1259,709,20.2,11.6,ROJO,B,1,https://cdn.shopify.com/s/files/1/0088/1937/6188/files/2_67bb1c53-d46f-4057-9395-cb08b2df1876.png,https://www.dermaexpress.com.mx/products/cantabria-labs-heliocare-360-pigment-stick-beige-fps-50-fotoprotector-con-color-10-g,Dermaexpress
3282770141320,Ducray Keracnyl PP+ Crema Anti-Imperfecciones 30 Ml,Ducray,Rostro,ROSTRO,744,773.76,930,1199,1409,1719,969,20.15,16.8,ROJO,B,1,https://cdn.shopify.com/s/files/1/0088/1937/6188/files/2_22c03a41-5e77-4cd6-980e-a06f62d017bb.png,https://www.dermaexpress.com.mx/products/ducray-keracnyl-pp-crema-anti-imperfecciones-30-ml,Dermaexpress
7506307520324,Institut Esthederm Kit Age Proteom 30 ML + Age Proteom 15 ML + Bruma Agua Celular 30 ML,Institut Esthederm,Rostro,ROSTRO,3055,3177.2,0,4889,5779,7069,5779,45.02,0,SIN_REF,C,0,https://cdn.shopify.com/s/files/1/0088/1937/6188/files/7501258200011-2_0a1ee23a-0b28-4ef7-a5be-45de218b1e49.png,https://www.dermaexpress.com.mx/products/institut-esthederm-kit-age-proteom-30-ml-age-proteom-15-ml-bruma-agua-celular-30-ml,Dermaexpress
3282770390049,Ducray Kelual Elution Shampoo Suave Calmante 200 ML,Ducray,Capilar,Capilares,351,365.04,439,569,669,819,459,20.47,16.85,ROJO,B,1,https://cdn.shopify.com/s/files/1/0088/1937/6188/files/7501258200011-2_f6834667-f67b-44e1-b029-008d4450ce9e.png,https://www.dermaexpress.com.mx/products/ducray-kelual-elution-shampoo-suave-calmante-200-ml,Dermaexpress
4006000183619,Eucerin DermoPure Hydra Repair Crema Hidratante Reparadora 40 Ml,Eucerin,Rostro,ROSTRO,538,559.52,769,869,1019,1249,749,25.3,27.24,AMARILLO,A,1,https://cdn.shopify.com/s/files/1/0088/1937/6188/files/7501258200011-2_3.jpg,https://www.dermaexpress.com.mx/products/eucerin-dermopure-hydra-repair-crema-hidratante-reparadora-40-ml,Dermaexpress
4006000194189,Eucerin Hyaluron-Filler 3x Effect Serum Reafirmante Antiedad 30 ML,Eucerin,Rostro,ROSTRO,699,726.96,999,1119,1329,1619,969,24.98,27.23,AMARILLO,A,1,https://cdn.shopify.com/s/files/1/0088/1937/6188/files/7501258200011-2_834cb725-3d2c-48c7-ab2c-13ace85d4e47.jpg,https://www.dermaexpress.com.mx/products/eucerin-hyaluron-filler-3x-effect-serum-reafirmante-antiedad-30-ml,Dermaexpress
3760269771581,Isispharma Ruboril Expert FPS 50+ Invisible Fotoprotector Facial Para Piel Con Rosácea 40 Ml,Isispharma,Rostro,ROSTRO,520,540.8,650,839,989,1209,679,20.35,16.8,ROJO,B,1,https://cdn.shopify.com/s/files/1/0088/1937/6188/files/7501258200011-2_17641a6a-f994-4b1d-9005-7c66d1a229de.jpg,https://www.dermaexpress.com.mx/products/isispharma-ruboril-expert-fps-50-invisible-fotoprotector-facial-para-piel-con-rosacea-40-ml,Dermaexpress
3573994007920,Dexeryl Loción Hidratante Corporal Para Piel Seca 500 Ml,Ducray,Cuerpo,Cuerpo,359,373.36,449,579,679,829,469,20.39,16.85,ROJO,B,1,https://cdn.shopify.com/s/files/1/0088/1937/6188/files/7501258200011-2_2.jpg,https://www.dermaexpress.com.mx/products/dexeryl-locion-hidratante-corporal-para-piel-seca-500-ml,Dermaexpress
3573994007937,Dexeryl Loción Hidratante Corporal Para Piel Seca 200 ML,Ducray,Cuerpo,Cuerpo,241,250.64,302,389,459,559,319,21.43,17.01,ROJO,B,1,https://cdn.shopify.com/s/files/1/0088/1937/6188/files/7501258200011-2_1.jpg,https://www.dermaexpress.com.mx/products/dexeryl-locion-hidratante-corporal-para-piel-seca-200-ml,Dermaexpress
3337875899550,CeraVe Skin Renewing Serum Retinol Renovador Facial 30 Ml,Cerave,Rostro,ROSTRO,524,544.96,699,839,999,1219,689,20.91,22.04,AMARILLO,A,1,https://cdn.shopify.com/s/files/1/0088/1937/6188/files/9_3a012a3b-fd36-4e53-8121-5d24931fc747.png,https://www.dermaexpress.com.mx/products/cerave-skin-renewing-serum-retinol-renovador-facial-30-ml,Dermaexpress
3337875903196,CeraVe Skin Renewing Serum Vitamina C Antioxidante 30 Ml,Cerave,Rostro,ROSTRO,524,544.96,699,839,999,1219,689,20.91,22.04,AMARILLO,A,1,https://cdn.shopify.com/s/files/1/0088/1937/6188/files/7501258200011_1ae82320-1c4f-46d8-83e0-5a5dea2b5ccc.png,https://www.dermaexpress.com.mx/products/cerave-skin-renewing-serum-vitamina-c-antioxidante-30-ml,Dermaexpress
3337875903509,CeraVe Skin Renewing Crema De Noche Con Péptidos 48 G,Cerave,Rostro,ROSTRO,524,544.96,699,839,999,1219,689,20.91,22.04,AMARILLO,A,1,https://cdn.shopify.com/s/files/1/0088/1937/6188/files/7501258200011_1988213b-885b-4787-8abb-e1684858cdee.png,https://www.dermaexpress.com.mx/products/cerave-skin-renewing-crema-de-noche-con-peptidos-48-g,Dermaexpress
3282770398489,Darrow DW Protector Solar Dermatológico Rápida Absorción Tono 1 FPS 50 40 G,Darrow,Rostro,ROSTRO,579,602.16,0,929,1099,1339,1099,45.21,0,SIN_REF,B,1,https://cdn.shopify.com/s/files/1/0088/1937/6188/files/7501258200011-2_1.png,https://www.dermaexpress.com.mx/products/darrow-dw-protector-solar-dermatologico-rapida-absorcion-tono-1-fps-50-40-g,Dermaexpress
3282770400786,Ducray Kelual DS Intensive Shampoo Anticaspa Severa 100 Ml,Ducray,Capilar,Capilares,479,498.16,599,769,909,1109,629,20.8,16.83,ROJO,B,1,https://cdn.shopify.com/s/files/1/0088/1937/6188/files/7501258200011-2_2.png,https://www.dermaexpress.com.mx/products/ducray-kelual-ds-intensive-shampoo-anticaspa-severa-100-ml,Dermaexpress
3282770398502,Darrow DW Protector Solar Dermatológico Rápida Absorción Tono 2 FPS 50 40 G,Darrow,Rostro,ROSTRO,579,602.16,0,929,1099,1339,1099,45.21,0,SIN_REF,B,1,https://cdn.shopify.com/s/files/1/0088/1937/6188/files/7501258200011-2.png,https://www.dermaexpress.com.mx/products/darrow-dw-protector-solar-dermatologico-rapida-absorcion-tono-2-fps-50-40-g,Dermaexpress
3337875921336,La Roche-Posay Toleriane Dermallergo Sérum Facial Piel Sensible Con Neurosensina 30 ML,La Roche Posay,Rostro,ROSTRO,749,778.96,999,1199,1419,1739,979,20.43,22.03,AMARILLO,A,1,https://cdn.shopify.com/s/files/1/0088/1937/6188/files/7501258200011-2.jpg,https://www.dermaexpress.com.mx/products/la-roche-posay-toleriane-dermallergo-serum-facial-piel-sensible-con-neurosensina-30-ml,Dermaexpress
7500462903954,Cantabria Labs Endocare Kit Tensage Crema Reafirmante 30 Ml + Endocare Tensage Contorno De Ojos 15 Ml,Cantabria Labs,Rostro,ROSTRO,1436,1493.44,1690,2299,2719,3319,1869,20.09,11.63,ROJO,C,0,https://cdn.shopify.com/s/files/1/0088/1937/6188/files/Disenosintitulo_14_30b47731-5e31-40d2-9a07-cdfa06bb9ab6.png,https://www.dermaexpress.com.mx/products/cantabria-labs-endocare-kit-tensage-crema-reafirmante-30-ml-endocare-tensage-contorno-de-ojos-15-ml,Dermaexpress
8436574364033,Cantabria Labs Endocare Age Barrier Hyaluboost Contorno De Ojos Hidratante 15 Ml,Cantabria Labs,Ojos y Labios,Ojos y labios,705,733.2,830,1129,1339,1629,919,20.22,11.66,ROJO,B,1,https://cdn.shopify.com/s/files/1/0088/1937/6188/files/1_867ec266-7fd9-427e-a576-4bfbd4984d76.png,https://www.dermaexpress.com.mx/products/cantabria-labs-endocare-age-barrier-hyaluboost-contorno-de-ojos-hidratante-15-ml,Dermaexpress
7500462903947,Cantabria Labs Endocare Kit Radiance C Ferulic Serum 30 Ml + Endocare Edafence Contorno De Ojos 15 Ml,Cantabria Labs,Rostro,Rostro y cuello,1232,1281.28,1450,1979,2329,2849,1609,20.37,11.64,ROJO,C,0,https://cdn.shopify.com/s/files/1/0088/1937/6188/files/Disenosintitulo_13_7c0bba05-01d3-469a-a67a-1ac71791ec59.png,https://www.dermaexpress.com.mx/products/cantabria-labs-endocare-kit-radiance-c-ferulic-serum-30-ml-endocare-edafence-contorno-de-ojos-15-ml,Dermaexpress
7508006192185,Cantabria Labs Iraltone Kit Shampoo Fortificante 200 Ml + Iraltone Loción Anticaída 100 Ml,Cantabria Labs,Capilar,Capilares,892,927.68,1050,1429,1689,2069,1159,19.96,11.65,ROJO,B,1,https://cdn.shopify.com/s/files/1/0088/1937/6188/files/Disenosintitulo_12_74cee7e0-6ad6-44bb-9fef-73110df24bcc.png,https://www.dermaexpress.com.mx/products/cantabria-labs-iraltone-kit-shampoo-fortificante-200-ml-iraltone-locion-anticaida-100-ml,Dermaexpress
7500462903961,Heliocare Kit Sensation FPS 50+ 50 Ml + Heliocare 360 Matifying Brush SPF 50 3 G,Cantabria Labs,Rostro,ROSTRO,892,927.68,1050,1429,1689,2069,1159,19.96,11.65,ROJO,C,0,https://cdn.shopify.com/s/files/1/0088/1937/6188/files/1_79a085a2-71a7-4f60-8c46-86e53162504c.png,https://www.dermaexpress.com.mx/products/heliocare-kit-sensation-fps-50-50-ml-heliocare-360-matifying-brush-spf-50-3-g,Dermaexpress
7509552999815,La Roche-Posay Kit Effaclar Gel Limpiador 40 Ml + Effaclar Serum Concentrado 3 Ml + Anthelios UVMune 400 FPS 50+ Oil Control 3 Ml,La Roche Posay,Rostro,ROSTRO,419,435.76,559,679,799,969,549,20.63,22.05,AMARILLO,C,0,https://cdn.shopify.com/s/files/1/0088/1937/6188/files/2_e3859ef4-8516-41f3-bdcd-fddc4c7782f4.png,https://www.dermaexpress.com.mx/products/la-roche-posay-kit-effaclar-gel-limpiador-40-ml-effaclar-serum-concentrado-3-ml-anthelios-uvmune-400-fps-50-oil-control-3-ml,Dermaexpress
7509552999587,La Roche-Posay Kit Effaclar A.Z Gel Crema 40 Ml + Effaclar Gel Limpiador 50 Ml + Anthelios UVMune 400 FPS 50+ Oil Control 3 ML,La Roche Posay,Rostro,ROSTRO,550,572,734,879,1039,1279,719,20.45,22.07,AMARILLO,C,0,https://cdn.shopify.com/s/files/1/0088/1937/6188/files/1_6dfcbd6d-d52c-4179-a1db-af8a4402d034.png,https://www.dermaexpress.com.mx/products/la-roche-posay-kit-effaclar-a-z-gel-crema-40-ml-effaclar-gel-limpiador-50-ml-anthelios-uvmune-400-fps-50-oil-control-3-ml-descripcion,Dermaexpress
3661434035531,Uriage Kit Depiderm Serum Anti-Manchas 30 Ml + Bariésun Anti-Manchas SPF 50+ 40 Ml,URIAGE,Rostro,ROSTRO,843,876.72,1124,1349,1599,1949,1099,20.23,22,AMARILLO,C,0,https://cdn.shopify.com/s/files/1/0088/1937/6188/files/3661434035531-1.jpg,https://www.dermaexpress.com.mx/products/uriage-kit-depiderm-serum-anti-manchas-30-ml-bariesun-anti-manchas-spf-50-40-ml,Dermaexpress
3661434008238,Uriage Xémose Kit Bálsamo Hidratante 500 Ml + Xémose Aceite 200 Ml,URIAGE,Rostro,Cuerpo y cara,498,517.92,665,799,949,1159,649,20.2,22.12,AMARILLO,A,1,https://cdn.shopify.com/s/files/1/0088/1937/6188/files/Disenosintitulo_10.png,https://www.dermaexpress.com.mx/products/uriage-xemose-kit-balsamo-hidratante-500-ml-xemose-aceite-200-ml,Dermaexpress
8436589053403,MartiDerm DSP Mascarilla Intense Booster Iluminadora 30 Ml,MartiDerm,Rostro,ROSTRO,1049,1090.96,0,1679,1989,2429,1989,45.15,0,SIN_REF,C,0,https://cdn.shopify.com/s/files/1/0088/1937/6188/files/Disenosintitulo_9_7200c59b-c813-4e01-8d7e-b546159ccf01.png,https://www.dermaexpress.com.mx/products/martiderm-dsp-mascarilla-intense-booster-iluminadora-30-ml,Dermaexpress
8436589053571,MartiDerm DSP Exo Melan Serum Despigmentante Intensivo 30 ML,MartiDerm,Rostro,ROSTRO,1299,1350.96,0,2079,2459,3009,2459,45.06,0,SIN_REF,B,1,https://cdn.shopify.com/s/files/1/0088/1937/6188/files/1_b9e9e0bc-356b-488f-8951-0c6143b4d1e1.png,https://www.dermaexpress.com.mx/products/martiderm-dsp-exo-melan-serum-despigmentante-intensivo-30-ml,Dermaexpress
8436589053410,MartiDerm DSP Áreas Corporales Específicas Tratamiento Despigmentante 75 ML,MartiDerm,Rostro,Cuerpo y cara,699,726.96,0,1119,1329,1619,1329,45.3,0,SIN_REF,B,1,https://cdn.shopify.com/s/files/1/0088/1937/6188/files/Disenosintitulo_8_c180d378-96d2-49f2-98ca-313be8658c0f.png,https://www.dermaexpress.com.mx/products/martiderm-dsp-areas-corporales-especificas-tratamiento-despigmentante-75-ml,Dermaexpress
816378023035,DS Labs Revita CBX Acondicionador Anticaída Capilar 205 Ml,D.S.,Capilar,Capilares,570,592.8,713,919,1079,1319,749,20.85,16.86,ROJO,B,1,https://cdn.shopify.com/s/files/1/0088/1937/6188/files/Disenosintitulo_7_dc5371af-5aa1-4662-8e1d-6ff8682f779a.png,https://www.dermaexpress.com.mx/products/ds-labs-revita-cbx-acondicionador-anticaida-capilar-205-ml,Dermaexpress
816378023028,DS Labs Revita CBX Shampoo Anticaída Capilar 205 ML,D.S.,Capilar,Capilares,570,592.8,713,919,1079,1319,749,20.85,16.86,ROJO,B,1,https://cdn.shopify.com/s/files/1/0088/1937/6188/files/Disenosintitulo_6_64e70b21-45c3-44f9-94e6-c717adba8e00.png,https://www.dermaexpress.com.mx/products/ds-labs-revita-cbx-shampoo-anticaida-capilar-205-ml,Dermaexpress
816378023066,DS Labs Revita Volumizing Acondicionador Voluminizador Capilar 205 Ml,D.S.,Capilar,Capilares,549,570.96,687,879,1039,1269,719,20.59,16.89,ROJO,B,1,https://cdn.shopify.com/s/files/1/0088/1937/6188/files/Diseno_sin_titulo_5_634867cd-9dbf-436f-94f4-e4e76ef2b67e.png,https://www.dermaexpress.com.mx/products/ds-labs-revita-volumizing-acondicionador-voluminizador-capilar-205-ml,Dermaexpress
816378023059,DS Revita Volumizing Shampoo Shampoo Voluminizador Capilar 205 ML,D.S.,Capilar,Capilares,559,581.36,699,899,1059,1299,729,20.25,16.83,ROJO,B,1,https://cdn.shopify.com/s/files/1/0088/1937/6188/files/Disenosintitulo_4_6c833771-9569-4065-94a8-4fdb83e37e74.png,https://www.dermaexpress.com.mx/products/ds-revita-volumizing-shampoo-shampoo-voluminizador-capilar-205-ml,Dermaexpress
3461020003537,Institut Esthederm Excellage NT Serum Antiedad Nutri-Reparador 30 Ml,Institut Esthederm,Rostro,ROSTRO,2950,3068,0,4719,5579,6819,5579,45.01,0,SIN_REF,B,1,https://cdn.shopify.com/s/files/1/0088/1937/6188/files/Disenosintitulo_3_4eb19302-3018-4195-b690-1052cfdf0495.png,https://www.dermaexpress.com.mx/products/institut-esthederm-excellage-nt-serum-antiedad-nutri-reparador-30-ml,Dermaexpress
3461020005371,Institut Esthederm Lift & Repair Parches Reafirmantes Para El Contorno De Ojos 30 ML,Institut Esthederm,Rostro,Rostro,1999,2078.96,0,3199,3779,4619,3779,44.99,0,SIN_REF,B,1,https://cdn.shopify.com/s/files/1/0088/1937/6188/files/3461020005371.webp,https://www.dermaexpress.com.mx/products/institut-esthederm-lift-repair-parches-reafirmantes-para-el-contorno-de-ojos-30-ml,Dermaexpress
3461020003582,Institut Esthederm Light & Repair Crema Facial Iluminadora Reparadora 50 ML,Institut Esthederm,Rostro,Rostro y cuello,2999,3118.96,0,4799,5679,6939,5679,45.08,0,SIN_REF,B,1,https://cdn.shopify.com/s/files/1/0088/1937/6188/files/Disenosintitulo_1_a9aff3db-3710-4280-9812-33132a7603b3.png,https://www.dermaexpress.com.mx/products/institut-esthederm-light-repair-crema-facial-iluminadora-reparadora-50-ml,Dermaexpress
3461020003544,Institut Esthederm Excellage NT Crema Antiedad Nutri-Reparadora 50 ML,Institut Esthederm,Rostro,ROSTRO,2999,3118.96,0,4799,5679,6939,5679,45.08,0,SIN_REF,B,1,https://cdn.shopify.com/s/files/1/0088/1937/6188/files/Disenosintitulo_d08f1583-5b52-4bcd-afbc-130e2756fbdc.png,https://www.dermaexpress.com.mx/products/institut-esthederm-excellage-nt-crema-antiedad-nutri-reparadora-50-ml,Dermaexpress
8163780229770,DS Revita HNS Suplemento Alimenticio Para Cabello Piel Y Uñas 30 Sobres,D.S.,Capilar,Capilares,964,1002.56,1206,1549,1829,2229,1259,20.37,16.87,ROJO,C,0,https://cdn.shopify.com/s/files/1/0088/1937/6188/files/8163780229770_1_1800x1800_7322d645-9937-498f-a029-5c3de8fdffba.avif,https://www.dermaexpress.com.mx/products/ds-revita-hns-suplemento-alimenticio-para-cabello-piel-y-unas-30-sobres,Dermaexpress
7502002463058,Farmapiel Hibiteron Finasterida 1 Mg Tratamiento Oral Anticaída 28 Tabs,Farmapiel,Capilar,Cabello,1285,1336.4,0,2059,2429,2969,2429,44.98,0,SIN_REF,C,0,https://cdn.shopify.com/s/files/1/0088/1937/6188/files/Diseno_sin_titulo.jpg,https://www.dermaexpress.com.mx/products/farmapiel-hibiteron-finasterida-1-mg-tratamiento-oral-anticaida-28-tabs,Dermaexpress
8429420243385,Isdin Salicylic Renewal Serum Renovador Con Ácido Salicílico 30 ml,isdin,Rostro,Rostro,782.6,813.9,1118,1259,1479,1809,1089,25.26,27.2,AMARILLO,B,1,https://cdn.shopify.com/s/files/1/0088/1937/6188/files/8429420243385.jpg,https://www.dermaexpress.com.mx/products/isdin-salicylic-renewal-serum-renovador-con-acido-salicilico-30-ml,Dermaexpress
3461020001809,Institut Esthederm Gel Hidratante Facial 50 ml,Institut Esthederm,Rostro,Rostro,1570,1632.8,0,2519,2969,3629,2969,45.01,0,SIN_REF,B,1,https://cdn.shopify.com/s/files/1/0088/1937/6188/files/ImageneslanzamientosDerx_2c2b18e6-7fb7-413f-8c80-d168b440db43.avif,https://www.dermaexpress.com.mx/products/institut-esthederm-agua-celular-gel-hidratante-facial-50-ml,Dermaexpress
3461020002424,Institut Esthederm Adaptasun Leche Corporal Hidraprotectora 200 ml,Institut Esthederm,Cuerpo,Cuerpo,1750,1820,0,2799,3309,4049,3309,45,0,SIN_REF,C,0,https://cdn.shopify.com/s/files/1/0088/1937/6188/files/3461020002424.jpg,https://www.dermaexpress.com.mx/products/institut-esthederm-adaptasun-leche-corporal-hidraprotectora-200-ml,Dermaexpress
5201279102753,Apivita Bee Tech Serum Has Money Repair Suero Facial Reparador 30 ml,Apivita,Rostro,Rostro,850,884,0,1359,1609,1969,1609,45.06,0,SIN_REF,A,1,https://cdn.shopify.com/s/files/1/0088/1937/6188/files/5201279102753.jpg,https://www.dermaexpress.com.mx/products/apivita-bee-tech-serum-has-money-repair-suero-facial-reparador-30-ml,Dermaexpress
5201279102760,Apivita Bee Tech Serum C15 Propolis Correct Suero Facial Antioxidante 30 ml,Apivita,Rostro,Rostro,1090,1133.6,0,1749,2069,2519,2069,45.21,0,SIN_REF,A,1,https://cdn.shopify.com/s/files/1/0088/1937/6188/files/5201279102760.jpg,https://www.dermaexpress.com.mx/products/ita-bee-tech-serum-c15-propolis-correct-suero-facial-antioxidante-30-ml,Dermaexpress
3661434023439,Uriage Age Absolu Contorno De Ojos Antiedad 15 Ml,URIAGE,Rostro,Rostro,637,662.48,850,1019,1209,1479,829,20.09,22.06,AMARILLO,A,1,https://cdn.shopify.com/s/files/1/0088/1937/6188/files/3661434023439.jpg,https://www.dermaexpress.com.mx/products/uriage-age-absolu-contorno-de-ojos-antiedad-15-ml,Dermaexpress
3661434007736,Uriage Kit Bariéderm Cica Labios Reparador 15 Ml + 15 ml,URIAGE,Rostro,Rostro,231,240.24,309,369,439,539,309,22.25,22.25,AMARILLO,C,0,https://cdn.shopify.com/s/files/1/0088/1937/6188/files/3661434007736.jpg,https://www.dermaexpress.com.mx/products/uriage-kit-bariederm-cica-labios-reparador-15-ml-15-ml,Dermaexpress
816378023011,DS Spectral CBX Tratamiento Capilar Anticaída 60 ml,D.S.,Capilar,Capilares,748,777.92,935,1199,1419,1729,979,20.54,16.8,ROJO,B,1,https://cdn.shopify.com/s/files/1/0088/1937/6188/files/816378023011.jpg,https://www.dermaexpress.com.mx/products/ds-spectral-cbx-tratamiento-capilar-anticaida-60-ml,Dermaexpress
732013303068,Neostrata Skin Active Firming Tratamiento Reafirmante Facial 30 Ml,Neostrata,Rostro,Rostro,2120,2204.8,0,3399,4009,4899,4009,45,0,SIN_REF,A,1,https://cdn.shopify.com/s/files/1/0088/1937/6188/files/732013303068.jpg,https://www.dermaexpress.com.mx/products/neostrata-skin-active-firming-tratamiento-reafirmante-facial-30-ml,Dermaexpress
732013303051,Neostrata Skin Active Repair Tratamiento Intensivo Antiedad 15 ml,Neostrata,Rostro,Rostro,1930,2007.2,0,3089,3649,4469,3649,44.99,0,SIN_REF,A,1,https://cdn.shopify.com/s/files/1/0088/1937/6188/files/732013303051.jpg,https://www.dermaexpress.com.mx/products/neostrata-skin-active-repair-tratamiento-intensivo-antiedad-15-ml,Dermaexpress
8429420310001,Isdin Lambdapil Hair Loss Melatonin Loción Anticaída Capilar 100 ml,Isdin,Capilar,Capilares,739.9,769.5,1057,1189,1399,1709,1029,25.22,27.2,AMARILLO,A,1,https://cdn.shopify.com/s/files/1/0088/1937/6188/files/8429420310001.png,https://www.dermaexpress.com.mx/products/isdin-lambdapil-hair-loss-melatonin-locion-anticaida-capilar-100-ml,Dermaexpress
8429420288171,Isdin Isdinceutics Retinal Eyes Contorno De Ojos Con Retinal 20 ml,Isdin,Rostro,Rostro,881.3,916.55,1259,1419,1669,2039,1229,25.42,27.2,AMARILLO,A,1,https://cdn.shopify.com/s/files/1/0088/1937/6188/files/8429420288171.jpg,https://www.dermaexpress.com.mx/products/isdin-isdinceutics-retinal-eyes-contorno-de-ojos-con-retinal-20-ml,Dermaexpress
8429420308794,Isdin Isdinceutics Essential Scrub Exfoliante Facial Suave 100 g,isdin,Rostro,Rostro,406,422.24,580,649,769,939,569,25.79,27.2,AMARILLO,B,1,https://cdn.shopify.com/s/files/1/0088/1937/6188/files/209056_1800x1800_f5afb1ca-770b-4ca7-a988-9cfde71e8be8.avif,https://www.dermaexpress.com.mx/products/isdin-isdinceutics-essential-scrub-exfoliante-facial-suave-100-g,Dermaexpress
8429420318137,Isdin Isdinceutics Essential Purifier Limpiador Facial Profundo 150 ml,isdin,Rostro,Rostro,438.9,456.46,627,709,829,1019,609,25.05,27.2,AMARILLO,C,0,https://cdn.shopify.com/s/files/1/0088/1937/6188/files/8429420318137.jpg,https://www.dermaexpress.com.mx/products/isdin-isdinceutics-essential-purifier-limpiador-facial-profundo-150-ml,Dermaexpress
8429420307254,Isdin FP Fusion Water Magic Glow Fotoprotector Facial Iluminador SPF 50 50 ml,isdin,Protección Solar,Solares,569.1,591.86,813,919,1079,1319,789,24.99,27.2,AMARILLO,B,1,https://cdn.shopify.com/s/files/1/0088/1937/6188/files/8429420307254.jpg,https://www.dermaexpress.com.mx/products/isdin-fp-fusion-water-magic-glow-fotoprotector-facial-iluminador-spf-50-50-ml,Dermaexpress
8429420313644,Isdin FP Coverage 5 Bronze Fotoprotector Facial Con Color SPF 50+ 30 ml,isdin,Rostro,Rostro,475.3,494.31,679,769,899,1099,659,24.99,27.2,AMARILLO,B,1,https://cdn.shopify.com/s/files/1/0088/1937/6188/files/8429420313644.jpg,https://www.dermaexpress.com.mx/products/isdin-fp-coverage-5-bronze-fotoprotector-facial-con-color-spf-50-30-ml,Dermaexpress
8429420313637,Isdin FP Coverage 4 Gold Fotoprotector Facial Con Color SPF 50+ 30 ml,isdin,Rostro,Rostro,475.3,494.31,679,769,899,1099,659,24.99,27.2,AMARILLO,B,1,https://cdn.shopify.com/s/files/1/0088/1937/6188/files/8429420313637.jpg,https://www.dermaexpress.com.mx/products/isdin-fp-coverage-4-gold-fotoprotector-facial-con-color-spf-50-30-ml,Dermaexpress
8429420313620,ISDIN FP Coverage Tono 3 Sand SPF50 Protector Solar con Color 30 ml,isdin,Rostro,Rostro,475.3,494.31,679,769,899,1099,659,24.99,27.2,AMARILLO,B,1,https://cdn.shopify.com/s/files/1/0088/1937/6188/files/8429420313620.jpg,https://www.dermaexpress.com.mx/products/isdin-fp-coverage-tono-3-sand-spf50-protector-solar-con-color-30-ml,Dermaexpress
8429420313606,ISDIN FP Coverage Tono 2 Beige SPF50 Protector Solar con Color 30 ml,Isdin,Rostro,Rostro,475.3,494.31,679,769,899,1099,659,24.99,27.2,AMARILLO,A,1,https://cdn.shopify.com/s/files/1/0088/1937/6188/files/8429420313606.jpg,https://www.dermaexpress.com.mx/products/isdin-fp-coverage-tono-2-beige-spf50-protector-solar-con-color-30-ml,Dermaexpress
8429420313590,Isdin FP Coverage Tono 1 Pearl SPF50 Protector Solar con Color 30 ml,isdin,Rostro,Rostro,475.3,494.31,679,769,899,1099,659,24.99,27.2,AMARILLO,B,1,https://cdn.shopify.com/s/files/1/0088/1937/6188/files/8429420313590-1.jpg,https://www.dermaexpress.com.mx/products/vichy-fp-coverage-tono-1-pearl-spf50-protector-solar-con-color-30-ml,Dermaexpress
3282779430883,Avene Kit Cleanance Comedomed 30 ml + Cleanance Gel 100 ml + Ultra Fluid Oil Control SPF50+ 2 ml,Avene,Rostro,Rostro,692,719.68,865,1109,1309,1599,899,19.95,16.8,ROJO,C,0,https://cdn.shopify.com/s/files/1/0088/1937/6188/files/3282779430883_f24d4960-9e75-4252-8572-5c82f48d4271.jpg,https://www.dermaexpress.com.mx/products/avene-kit-cleanance-comedomed-30-ml-cleanance-gel-100-ml-ultra-fluid-oil-control-spf50-2-ml,Dermaexpress
3499320018005,Cetaphil Suero Avanzado Reparador de Noche 30 ml,Cetaphil,Rostro,Rostro,736,765.44,0,1179,1399,1709,1399,45.29,0,SIN_REF,A,1,https://cdn.shopify.com/s/files/1/0088/1937/6188/files/3499320018005.jpg,https://www.dermaexpress.com.mx/products/cetaphil-suero-avanzado-reparador-de-noche-30-ml,Dermaexpress
3499320017992,Cetaphil Advanced Defense Serum,Cetaphil,Rostro,Rostro,736,765.44,0,1179,1399,1709,1399,45.29,0,SIN_REF,A,1,https://cdn.shopify.com/s/files/1/0088/1937/6188/files/01_CETAPHIL_SERUM_ADVANCEDDEFENSED_BOTTLE_750x750_7d36bfff-51ec-4683-a15c-a23e17c063f0.jpg,https://www.dermaexpress.com.mx/products/cetaphil-advanced-defense-serum,Dermaexpress
8436571631114,Babe Super fluid con color fotoprotector spf50 50ml.,BABE,Cuerpo,Cuerpo,576,599.04,0,929,1089,1339,1089,44.99,0,SIN_REF,C,0,https://cdn.shopify.com/s/files/1/0088/1937/6188/files/8436571631114.jpg,https://www.dermaexpress.com.mx/products/super-fluid-color-fotoprot-spf50-50ml,Dermaexpress
8436571631268,Babe Desodorante roll-on 24hrs  para piel sensible 50ml.,BABE,Cuerpo,Cuerpo,439,456.56,0,709,839,1019,839,45.58,0,SIN_REF,B,1,https://cdn.shopify.com/s/files/1/0088/1937/6188/files/8436571631268.jpg,https://www.dermaexpress.com.mx/products/desodorante-roll-on-24hrs-50ml,Dermaexpress
8436571631381,"Babe Bálsamo hidratante en aceite, corporal 500ml.",BABE,Cuerpo,Cuerpo,799,830.96,0,1279,1519,1849,1519,45.3,0,SIN_REF,C,0,https://cdn.shopify.com/s/files/1/0088/1937/6188/files/8436571631381.jpg,https://www.dermaexpress.com.mx/products/balsamo-en-aceite-corporal-500ml,Dermaexpress
8437000945727,Babe Crema emoliente pediátrica para piel seca 200ml.,BABE,Cuerpo,Cuerpo,499,518.96,0,799,949,1159,949,45.32,0,SIN_REF,B,1,https://cdn.shopify.com/s/files/1/0088/1937/6188/files/8437000945727.jpg,https://www.dermaexpress.com.mx/products/crema-emoliente-pediatrica-200ml,Dermaexpress
8437000945758,Babe Shampoo costra láctea pediátrico 200ml.,BABE,Capilar,Cabello,473,491.92,0,759,899,1099,899,45.28,0,SIN_REF,C,0,https://cdn.shopify.com/s/files/1/0088/1937/6188/files/8437000945758.jpg,https://www.dermaexpress.com.mx/products/shampoo-costra-lactea-pediatrico-200ml,Dermaexpress
8437011329004,"Babe Aloe vera 100%, gel hidratante 300ml.",BABE,Rostro,Cuerpo y rostro,450,468,0,719,859,1039,859,45.52,0,SIN_REF,C,0,https://cdn.shopify.com/s/files/1/0088/1937/6188/files/8437011329004.jpg,https://www.dermaexpress.com.mx/products/aloe-vera-100-300ml,Dermaexpress
8437011329028,Babe Urea 10% loción reparadora 500ml.,BABE,Cuerpo,Cuerpo,697,724.88,0,1119,1319,1619,1319,45.04,0,SIN_REF,B,1,https://cdn.shopify.com/s/files/1/0088/1937/6188/files/8437011329028.jpg,https://www.dermaexpress.com.mx/products/urea-10-locion-reparadora-500ml,Dermaexpress
8437014389081,"Babe Pasta al agua, crema pediatrica para piel irritada 100ml.",BABE,Rostro,Cuerpo y rostro,366,380.64,0,589,699,849,699,45.55,0,SIN_REF,B,1,https://cdn.shopify.com/s/files/1/0088/1937/6188/files/8437014389081.jpg,https://www.dermaexpress.com.mx/products/pasta-al-agua-pediatrica-100ml,Dermaexpress
8437014389449,Babe Fotoprotector spf50 Super fluido invisible 50ml.,BABE,Cuerpo,Cuerpo,576,599.04,0,929,1089,1339,1089,44.99,0,SIN_REF,C,0,https://cdn.shopify.com/s/files/1/0088/1937/6188/files/8437014389449.jpg,https://www.dermaexpress.com.mx/products/super-fluid-invisible-fotoprot-spf50-50ml,Dermaexpress
8437000945970,Babe jabón de aceite corporal 500ml.,BABE,Cuerpo,Cuerpo,599,622.96,0,959,1139,1389,1139,45.31,0,SIN_REF,B,1,https://cdn.shopify.com/s/files/1/0088/1937/6188/files/8437000945970.jpg,https://www.dermaexpress.com.mx/products/jabon-de-aceite-corporal-500ml,Dermaexpress
3282770140453,Ducray Kelual DS Shampoo Anticaspa Severa y Dermatitis Seborreica 100 ml,Ducray,Capilar,Capilares,432,449.28,540,699,819,999,569,21.04,16.8,ROJO,B,1,https://cdn.shopify.com/s/files/1/0088/1937/6188/files/3282770140453.jpg,https://www.dermaexpress.com.mx/products/ducray-kelual-ds-shampoo-anticaspa-severa-y-dermatitis-seborreica-100-ml,Dermaexpress
3461020003438,Institut Esthederm Retinol+ Crema Facial Renovadora Antiedad 50 ml,Institut Esthederm,Rostro,Rostro,2550,2652,0,4079,4829,5899,4829,45.08,0,SIN_REF,B,1,https://cdn.shopify.com/s/files/1/0088/1937/6188/files/3461020003438.jpg,https://www.dermaexpress.com.mx/products/institut-esthederm-retinol-crema-facial-renovadora-antiedad-50-ml,Dermaexpress
7506307516051,Bioderma Kit Pigmentbio Sensitive Areas 75ml + Pigmentbio c-concentrate 15ml + Photoderm M 4ml.,Bioderma,Rostro,Cuerpo y rostro,760,790.4,950,1219,1439,1759,989,20.08,16.8,ROJO,C,0,https://cdn.shopify.com/s/files/1/0088/1937/6188/files/7506307516051_1.jpg,https://www.dermaexpress.com.mx/products/kit-pigmentbio-sensitive-areas-75ml-pigmentbio-c-concentrate-15ml-photoderm-m-mini-4ml,Dermaexpress
7509552998818,Vichy Kit Liftactiv Specialist Serum 30 ml + Capital Soleil UV Age Daily Fluido Antiedad SPF50+ 80 ml,Vichy,Rostro,Rostro,1149,1194.96,1532,1839,2179,2659,1499,20.28,22,AMARILLO,A,1,https://cdn.shopify.com/s/files/1/0088/1937/6188/files/7509552998818.jpg,https://www.dermaexpress.com.mx/products/vichy-kit-liftactiv-specialist-serum-30-ml-capital-soleil-uv-age-daily-fluido-antiedad-spf50-80-ml,Dermaexpress
7506307516440,Bioderma Kit Sébium Gel Moussant 100 ml + Photoderm Cover Touch Dorado SPF50+ 100 ml,Bioderma,Protección Solar,Solares,516,536.64,645,829,979,1199,679,20.97,16.8,ROJO,C,0,https://cdn.shopify.com/s/files/1/0088/1937/6188/files/7506307516440.jpg,https://www.dermaexpress.com.mx/products/bioderma-kit-sebium-gel-moussant-100-ml-photoderm-cover-touch-dorado-spf50-100-ml,Dermaexpress
7508304691144,Cantabria Labs Kit Biretix cleanser botella de aluminio de gel limpiador purificante 400 ml + Refill 400ml.,Cantabria Labs,Rostro,Rostro,722,750.88,850,1159,1369,1669,939,20.03,11.66,ROJO,C,0,https://cdn.shopify.com/s/files/1/0088/1937/6188/files/7508304691144.jpg,https://www.dermaexpress.com.mx/products/kit-biretix-cleanser-botella-de-aluminio-400ml-refill-400ml,Dermaexpress
3282770075687,"Avene Fluido mineral, protector solar fps50+ Sin Color, para las pieles intolerantes 40ml.",Avene,Protección Solar,Solares,559,581.36,699,899,1059,1299,729,20.25,16.83,ROJO,B,1,https://cdn.shopify.com/s/files/1/0088/1937/6188/products/3282770075687_1.jpg,https://www.dermaexpress.com.mx/products/bloqueador-fps50-fluido-mineral-40ml-3282770075687,Dermaexpress
3282779429436,Avene Kit Protector Solar Ultra Fluid Mat Perfect 50ml + Sérum Hyaluron Activ B3 10ml.,Avene,Protección Solar,Solares,519,539.76,649,839,989,1199,679,20.51,16.83,ROJO,B,1,https://cdn.shopify.com/s/files/1/0088/1937/6188/files/3282779429436.jpg,https://www.dermaexpress.com.mx/products/avene-kit-protector-solar-ultra-fluid-mat-perfect-50ml-serum-hyaluron-activ-b3-10ml,Dermaexpress
3337875924887,Effaclar Duo+M anti-imperfecciones 22 Parches,La Roche Posay,Rostro,Rostro,300,312,400,479,569,699,389,19.79,22,AMARILLO,C,0,https://cdn.shopify.com/s/files/1/0088/1937/6188/files/3337875924887.jpg,https://www.dermaexpress.com.mx/products/effaclar-duo-m-22-parches,Dermaexpress
3401396991830,Bioderma Sébium H2O Bomba inversa Agua micelar desmaquillante para piel mixta a grasa 500 ml,Bioderma,Rostro,Rostro,652,678.08,815,1049,1239,1509,849,20.13,16.8,ROJO,C,0,https://cdn.shopify.com/s/files/1/0088/1937/6188/files/3401396991830_775657dc-258b-4a15-888b-8198c4d1b1b4.jpg,https://www.dermaexpress.com.mx/products/bioderma-sebium-h20-bomba-inversa-500ml-3401396991830,Dermaexpress
3661434000539,Uriage Bruma facial de agua termal 50 ml,URIAGE,Rostro,ROSTRO,108,112.32,145,179,209,249,149,24.62,22.54,AMARILLO,A,1,https://cdn.shopify.com/s/files/1/0088/1937/6188/files/3661434000539_1.jpg,https://www.dermaexpress.com.mx/products/uriage-bruma-facial-de-agua-termal-50ml,Dermaexpress
7506307518826,Bioderma Kit Sensibio Gel Moussant 100ml + Sensibio Devensive Serum 30ml. Rutina calmante anti-arrugas,Bioderma,Rostro,Rostro,711,739.44,889,1139,1349,1649,929,20.4,16.82,ROJO,C,0,https://cdn.shopify.com/s/files/1/0088/1937/6188/files/7506307518826.jpg,https://www.dermaexpress.com.mx/products/bioderma-kit-rutina-calmante-anti-arrugas,Dermaexpress
7509552966558,Vichy Kit UV Age Daily SPF 50+ (40 ml) + Liftactiv B3 (5 ml) + Liftactiv Vitamina C (4 ml) Rutina Antiedad y Antimanchas,Vichy,Rostro,Rostro,494,513.76,659,799,939,1149,649,20.84,22.04,AMARILLO,C,0,https://cdn.shopify.com/s/files/1/0088/1937/6188/files/7509552966558-2.jpg,https://www.dermaexpress.com.mx/products/vichy-kit-uv-age-daily-spf-50-40-ml-liftactiv-b3-5-ml-liftactiv-vitamina-c-4-ml-rutina-antiedad-y-antimanchas,Dermaexpress
7509552966565,Vichy Kit UV Age Daily SPF 50+(40 ml) + Collagen Specialist (15 ml) + Mineral 89 (5 ml) Rutina Antiedad y Reafirmante,Vichy,Rostro,Rostro,494,513.76,659,799,939,1149,649,20.84,22.04,AMARILLO,C,0,https://cdn.shopify.com/s/files/1/0088/1937/6188/files/7509552966565-3.jpg,https://www.dermaexpress.com.mx/products/vichy-kit-uv-age-daily-spf-50-40-ml-collagen-specialist-15-ml-mineral-89-5-ml-rutina-antiedad-y-reafirmante,Dermaexpress
7509552966572,Vichy Kit Capital Soleil UV Clear SPF 50+ (40 ml) + Normaderm Probio-BHA Serum (5 ml)+ Capital Soleil UV Age Daily (3 ml),Vichy,Rostro,Rostro,494,513.76,659,799,939,1149,649,20.84,22.04,AMARILLO,A,1,https://cdn.shopify.com/s/files/1/0088/1937/6188/files/7509552966572.jpg,https://www.dermaexpress.com.mx/products/vichy-kit-capital-soleil-uv-clear-spf-50-40-ml-normaderm-probio-bha-serum-5-ml-capital-soleil-uv-age-daily-3-ml,Dermaexpress
7509552966589,Vichy Kit Capital Soleil Lait SPF 50+ (300 ml) + Capital Soleil UV Age Daily (15 ml) + Mineral 89 (5 ml),Vichy,Rostro,Rostro,674,700.96,899,1079,1279,1559,879,20.25,22.03,AMARILLO,C,0,https://cdn.shopify.com/s/files/1/0088/1937/6188/files/7509552966589-1_717904b8-3921-4baa-ace4-06dcd503a7a8.jpg,https://www.dermaexpress.com.mx/products/vichy-kit-capital-soleil-lait-spf-50-300-ml-capital-soleil-uv-age-daily-15-ml-mineral-89-5-ml,Dermaexpress
8429420260979,Isdin Isdinceutics Retinal Intense Suero antiarrugas 50 ml,Isdin,Rostro,Rostro,1087.8,1131.31,1554,1749,2059,2519,1509,25.03,27.2,AMARILLO,A,1,https://cdn.shopify.com/s/files/1/0088/1937/6188/files/8429420260979.jpg,https://www.dermaexpress.com.mx/products/isdinceutics-retinal-intense-suero-antiarrugas-50ml,Dermaexpress
8429420292901,Isdin Reparador Labial Stick Granate Hidratación y Color 4 g,Isdin,Rostro,Rostro,117.6,122.3,168,189,229,279,169,27.63,27.2,AMARILLO,A,1,https://cdn.shopify.com/s/files/1/0088/1937/6188/files/8429420292901.jpg,https://www.dermaexpress.com.mx/products/isdin-reparador-labial-stick-granate-hidratacion-y-color-4-g,Dermaexpress
7508006183510,Panalab Proavenal Desodorante roll on 90 ml,Panalab,Cuerpo,Cuerpo,494,513.76,0,799,939,1149,939,45.29,0,SIN_REF,B,1,https://cdn.shopify.com/s/files/1/0088/1937/6188/files/7508006183510.6.jpg,https://www.dermaexpress.com.mx/products/proavenal-desodorante-roll-on-90ml,Dermaexpress
8050519684736,Korff Cure Make Up Base Ultra Matt Neverending Larga Duración SPF30 Tono 02,Korff,Rostro,Rostro,1032,1073.28,0,1659,1959,2389,1959,45.21,0,SIN_REF,B,1,https://cdn.shopify.com/s/files/1/0088/1937/6188/files/8050519684736_1.jpg,https://www.dermaexpress.com.mx/products/korff-cure-make-up-base-ultra-matt-neverending-larga-duracion-spf30-tono-02,Dermaexpress
8050519684132,Korff Skin Booster Corrector Iluminador Hidratante 8H Tono 02 6.5 ml,Korff,Rostro,Rostro,638,663.52,0,1029,1209,1479,1209,45.12,0,SIN_REF,B,1,https://cdn.shopify.com/s/files/1/0088/1937/6188/files/8050519684132_1.jpg,https://www.dermaexpress.com.mx/products/korff-skin-booster-corrector-iluminador-hidratante-8h-tono-02-6-5-ml,Dermaexpress
8050519683388,Korff Hydra Energy C Crema Facial Hidratante Anti-Edad 50 ml,Korff,Rostro,Rostro,1334,1387.36,0,2139,2529,3089,2529,45.14,0,SIN_REF,B,1,https://cdn.shopify.com/s/files/1/0088/1937/6188/files/8050519683388_1.jpg,https://www.dermaexpress.com.mx/products/korff-hydra-energy-c-crema-facial-hidratante-anti-edad-50-ml,Dermaexpress
8050519683289,Korff Cure Make Up Corrector Neverending Larga Duración Tono 02 2.8 ml,Korff,Rostro,Rostro,638,663.52,0,1029,1209,1479,1209,45.12,0,SIN_REF,B,1,https://cdn.shopify.com/s/files/1/0088/1937/6188/files/8050519683289_1.jpg,https://www.dermaexpress.com.mx/products/korff-cure-make-up-corrector-neverending-larga-duracion-tono-02-2-8-ml,Dermaexpress
8050519680189,Korff Cure Make Up Base Fluida Lifting Effect Tono 02 30 ml,Korff,Rostro,ROSTRO,1160,1206.4,0,1859,2199,2689,2199,45.14,0,SIN_REF,B,1,https://cdn.shopify.com/s/files/1/0088/1937/6188/files/8050519680189_1.jpg,https://www.dermaexpress.com.mx/products/korff-cure-make-up-base-fluida-lifting-effect-tono-02-30-ml,Dermaexpress
3282779562102,"Aderma protect AH, crema reparadora hidratante 250ml.",Aderma,Protección Solar,Solares,381,396.24,477,609,729,889,499,20.59,16.93,ROJO,C,0,https://cdn.shopify.com/s/files/1/0088/1937/6188/products/3282779562102-M-PROTECT-AH-250ML.png,https://www.dermaexpress.com.mx/products/aderma-protect-ah-reparadora-250ml-3282779562102,Dermaexpress
3337872419904,La Roche-Posay Protector Solar Anthelios Lait Bébé FPS50+ para piel sensible de bebés 50 ml.,La Roche Posay,Protección Solar,Solares,532,553.28,710,859,1009,1229,699,20.85,22.07,AMARILLO,C,0,https://cdn.shopify.com/s/files/1/0088/1937/6188/files/5b72d5be-57fd-4196-bdc7-e7ca7fa4b5d4.jpg,https://www.dermaexpress.com.mx/products/anthelios-50-bebe-lait-50ml-3337872419904,Dermaexpress
3282770075526,Ducray Anaphase Shampoo para Caída Crónica 400 ml,Ducray,Capilar,Cabello,592,615.68,740,949,1119,1369,769,19.94,16.8,ROJO,B,1,https://cdn.shopify.com/s/files/1/0088/1937/6188/files/3282770075526_1800x1800_bca969ab-16b1-48be-94d2-691e3c8a1a56.avif,https://www.dermaexpress.com.mx/products/anaphase-shampoo-estimulante-400-ml,Dermaexpress
8437000945734,Babe Gel de baño pediátrico 500ml.,BABE,Cuerpo,Cuerpo,318,330.72,0,509,609,739,609,45.69,0,SIN_REF,C,0,https://cdn.shopify.com/s/files/1/0088/1937/6188/files/8437000945734.jpg,https://www.dermaexpress.com.mx/products/gel-de-bano-pediatrico-500ml,Dermaexpress
8809598452350,COSRX Advanced Snail Mucin Power Cleanser Gel limpiador con mucina 150 ml,COSRX,Rostro,ROSTRO,560,582.4,0,899,1059,1299,1059,45,0,SIN_REF,B,1,https://cdn.shopify.com/s/files/1/0088/1937/6188/files/CL20AS01_1.jpg,https://www.dermaexpress.com.mx/products/cosrx-advanced-snail-mucin-poweer-cleanser-limpiador-con-mucina-150ml,Dermaexpress
8437011329400,Babe Pediatric fotoprotección loción spf50+ 100ml.,BABE,Protección Solar,Solares,576,599.04,0,929,1089,1339,1089,44.99,0,SIN_REF,C,0,https://cdn.shopify.com/s/files/1/0088/1937/6188/files/8437011329400.jpg,https://www.dermaexpress.com.mx/products/pediatric-fotoproteccion-locion-spf50-100ml,Dermaexpress
7503015500273,Euderma E&L Contorno de ojos antiedad 30ml.,Euderma,Rostro,Rostro,738,767.52,0,1189,1399,1709,1399,45.14,0,SIN_REF,B,1,https://cdn.shopify.com/s/files/1/0088/1937/6188/products/Adaptaciones-29.jpg,https://www.dermaexpress.com.mx/products/euderma-contorno-de-ojos-30ml-7503015500273,Dermaexpress
816378020843,DS Spectral DNC-S Serúm Capilar,D.S.,Capilar,Cabello,764,794.56,956,1229,1449,1769,999,20.46,16.89,ROJO,C,0,https://cdn.shopify.com/s/files/1/0088/1937/6188/files/Sin_titulo_3a19e355-4196-4c0c-b06f-893bac41ebb9.webp,https://www.dermaexpress.com.mx/products/ds-spectral-women-s-60ml,Dermaexpress
8429979467027,Sesderma S-sesnatura crema reafirmante senos y cuerpo 250ml.,Sesderma,Rostro,Rostro,720,748.8,900,1159,1369,1669,939,20.26,16.8,ROJO,B,1,https://cdn.shopify.com/s/files/1/0088/1937/6188/files/IMAGEN2_baf2c091-0d60-479f-9a2c-d44fe7157803.jpg,https://www.dermaexpress.com.mx/products/s-sesnatura-crema-reafirmante-senos-y-cuerpo-250ml,Dermaexpress
8470002031746,Sesderma salises crema gel 50ml.,Sesderma,Rostro,Rostro,880,915.2,1100,1409,1669,2039,1149,20.35,16.8,ROJO,B,1,https://cdn.shopify.com/s/files/1/0088/1937/6188/files/8470002031746.jpg,https://www.dermaexpress.com.mx/products/sesderma-salises-crema-gel-50ml,Dermaexpress
3571940001985,Fedele Noreva actipur protector solar SPF50+ 30ml.,NOREVA,Protección Solar,Solares,680,707.2,0,1089,1289,1579,1289,45.14,0,SIN_REF,C,0,https://cdn.shopify.com/s/files/1/0088/1937/6188/files/ba5bbe_f36fe5b2286342a5ae4bb684497e2e8c_mv2.jpg,https://www.dermaexpress.com.mx/products/fedele-noreva-actipur-protector-solar-spf50-30ml,Dermaexpress
358892336500,Tizo 2 Protector solar facial mineral SPF40 sin color 50 gr,Tizo,Rostro,Rostro,1200,1248,0,1919,2269,2779,2269,45,0,SIN_REF,B,1,https://cdn.shopify.com/s/files/1/0088/1937/6188/files/Disenosintitulo-2025-12-09T142731.727.png,https://www.dermaexpress.com.mx/products/tizo-2-spf40-facial-mineral-fusion-sin-color,Dermaexpress
8429420285644,ISDIN Fusion Water Color Light SPF50 50 ml,isdin,Protección Solar,Solares,569.1,591.86,813,919,1079,1319,789,24.99,27.2,AMARILLO,B,1,https://cdn.shopify.com/s/files/1/0088/1937/6188/files/8429420285644.jpg,https://www.dermaexpress.com.mx/products/isdin-fusion-water-color-light-spf50-protector-solar-con-color-tono-light-50-ml,Dermaexpress
8429420244191,ISDIN Fusion Water Magic Repair C/C SPF50 Protector Solar Reparador con Color 50 ml,isdin,Protección Solar,Solares,609.7,634.09,871,979,1159,1409,849,25.31,27.2,AMARILLO,B,1,https://cdn.shopify.com/s/files/1/0088/1937/6188/files/8429420244191.jpg,https://www.dermaexpress.com.mx/products/isdin-fusion-water-magic-repair-c-c-spf50-protector-solar-reparador-con-color-50-ml,Dermaexpress
8429420309531,ISDIN Fusion Gel Sport SPF50 Protector Solar Deportivo 100 ml,isdin,Protección Solar,Solares,527.1,548.18,753,849,999,1219,739,25.82,27.2,AMARILLO,B,1,https://cdn.shopify.com/s/files/1/0088/1937/6188/files/8429420309531.jpg,https://www.dermaexpress.com.mx/products/isdin-fusion-gel-sport-spf50-protector-solar-deportivo-100-ml,Dermaexpress
8429420187917,ISDIN Protector Solar Transparent Spray Wet Skin SPF50 250 ml,Isdin,Protección Solar,Solares,563.5,586.04,805,909,1069,1309,789,25.72,27.2,AMARILLO,A,1,https://cdn.shopify.com/s/files/1/0088/1937/6188/files/8429420187917_53ca7c7e-9b48-4043-94d2-30df7efbf024.jpg,https://www.dermaexpress.com.mx/products/isdin-protector-solar-transparent-spray-wet-skin-spf50-250-ml,Dermaexpress
3504105035891,Mustela Hydrabebé Loción Corporal 300ml.,MUSTELA,Cuerpo,Cuerpo,247,256.88,0,399,469,579,469,45.23,0,SIN_REF,B,1,https://cdn.shopify.com/s/files/1/0088/1937/6188/files/3504105035891_1.jpg,https://www.dermaexpress.com.mx/products/mustela-hydrabebe-locion-corporal-300ml,Dermaexpress
3504105035501,Mustela Hydrabebé Loción Corporal 500ml.,MUSTELA,Cuerpo,Cuerpo,347,360.88,0,559,659,809,659,45.24,0,SIN_REF,B,1,https://cdn.shopify.com/s/files/1/0088/1937/6188/files/3504105035501_1.jpg,https://www.dermaexpress.com.mx/products/mustela-hydrabebe-locion-corporal-500ml,Dermaexpress
3661434004865,Uriage Xémose Crema Facial Piel Atópica y Muy Seca 40 ml,URIAGE,Rostro,Rostro,345,358.8,460,559,659,799,449,20.09,22,AMARILLO,A,1,https://cdn.shopify.com/s/files/1/0088/1937/6188/files/3661434004865.jpg,https://www.dermaexpress.com.mx/products/uriage-xemose-crema-facial-piel-atopica-y-muy-seca-40-ml,Dermaexpress
3661434007910,Uriage Xémose Bruma SOS Anticomezón Piel Atópica 200 ml,URIAGE,Cuerpo,Cuerpo,450,468,600,719,859,1039,589,20.54,22,AMARILLO,A,1,https://cdn.shopify.com/s/files/1/0088/1937/6188/files/3661434007910.jpg,https://www.dermaexpress.com.mx/products/uriage-xemose-bruma-sos-anticomezon-piel-atopica-200-ml,Dermaexpress
3661434002069,Uriage D.S. Hair Loción Reguladora Anticaspa y Antipicor 100 ml,URIAGE,Capilar,Capilares,442,459.68,590,709,839,1029,579,20.61,22.09,AMARILLO,C,0,https://cdn.shopify.com/s/files/1/0088/1937/6188/files/3661434002069.jpg,https://www.dermaexpress.com.mx/products/uriage-d-s-hair-locion-reguladora-anticaspa-y-antipicor-100-ml,Dermaexpress
3661434000089,Uriage D.S. Gel Limpiador Regulador Anticaspa y Sebo 150 ml,URIAGE,Rostro,Rostro,292,303.68,390,469,559,679,379,19.87,22.13,AMARILLO,A,1,https://cdn.shopify.com/s/files/1/0088/1937/6188/files/3661434000089.jpg,https://www.dermaexpress.com.mx/products/uriage-d-s-gel-limpiador-regulador-anticaspa-y-sebo-150-ml,Dermaexpress
3661434003431,Uriage Roséliane Fluido Dermolimpiador Antirojeces Piel Sensible 250 ml,URIAGE,Rostro,Rostro,390,405.6,520,629,739,909,509,20.31,22,AMARILLO,C,0,https://cdn.shopify.com/s/files/1/0088/1937/6188/files/3661434003431_3cccadb2-4a39-4aae-8065-7ac343ac7fc6.jpg,https://www.dermaexpress.com.mx/products/uriage-roseliane-fluido-dermolimpiador-antirojeces-piel-sensible-250-ml,Dermaexpress
3661434009679,Uriage Pruriced Crema Calmante Antipicor Piel Sensible 100 ml,URIAGE,Cuerpo,Cuerpo,405,421.2,540,649,769,939,529,20.38,22,AMARILLO,A,1,https://cdn.shopify.com/s/files/1/0088/1937/6188/files/3661434009679.jpg,https://www.dermaexpress.com.mx/products/uriage-pruriced-crema-calmante-antipicor-piel-sensible-100-ml-1,Dermaexpress
3661434009686,Uriage Pruriced Crema Calmante Antipicor Piel Sensible 100 ml,URIAGE,Cuerpo,Cuerpo,405,421.2,540,649,769,939,529,20.38,22,AMARILLO,A,1,https://cdn.shopify.com/s/files/1/0088/1937/6188/files/3661434009686.jpg,https://www.dermaexpress.com.mx/products/uriage-pruriced-crema-calmante-antipicor-piel-sensible-100-ml,Dermaexpress
3661434000072,Uriage D.S. Emulsión Regulating Calmante Antirojeces 40 ml,URIAGE,Rostro,Rostro,337,350.48,450,539,639,779,439,20.16,22.12,AMARILLO,A,1,https://cdn.shopify.com/s/files/1/0088/1937/6188/files/3661434000072_46704542-27ba-40f5-b09d-dfa4ed72223f.jpg,https://www.dermaexpress.com.mx/products/uriage-d-s-emulsion-regulating-calmante-antirojeces-40-ml,Dermaexpress
3661434008962,Uriage Bariéderm-Cica Gel Limpiador Reparador y Purificante 200 ml,URIAGE,Rostro,Rostro,277,288.08,370,449,529,649,369,21.93,22.14,AMARILLO,A,1,https://cdn.shopify.com/s/files/1/0088/1937/6188/files/3661434008962.jpg,https://www.dermaexpress.com.mx/products/uriage-bariederm-cica-gel-limpiador-reparador-y-purificante-200-ml,Dermaexpress
3282770397673,A-Derma Exomega Control Crema de Noche Piel Atópica y Muy Seca 400 ml,Aderma,Cuerpo,Cuerpo,660,686.4,825,1059,1249,1529,859,20.09,16.8,ROJO,B,1,https://cdn.shopify.com/s/files/1/0088/1937/6188/files/3282770397673_d7cb7a4f-d16a-4b8e-bbeb-652d3f1ca429.jpg,https://www.dermaexpress.com.mx/products/a-derma-exomega-control-crema-de-noche-piel-atopica-y-muy-seca-400-ml,Dermaexpress
3701129807408,Bioderma Photoderm Aquafluide SPF50+ con Color Dorado 40 ml,Bioderma,Protección Solar,Solares,535,556.4,669,859,1019,1239,699,20.4,16.83,ROJO,C,0,https://cdn.shopify.com/s/files/1/0088/1937/6188/files/3701129807408.jpg,https://www.dermaexpress.com.mx/products/bioderma-photoderm-aquafluide-spf50-con-color-dorado-40-ml,Dermaexpress
3760201234532,Etat Pur Espuma Limpiadora Piel Sensible y Equilibrada 150 ml,Etat pur,Rostro,Rostro,485,504.4,0,779,919,1129,919,45.11,0,SIN_REF,B,1,https://cdn.shopify.com/s/files/1/0088/1937/6188/files/3760201234532.jpg,https://www.dermaexpress.com.mx/products/etat-pur-espuma-limpiadora-piel-sensible-y-equilibrada-150-ml,Dermaexpress
3701129812013,Bioderma Sébium H2O Agua Micelar Purificante Piel Grasa 500 ml,Bioderma,Rostro,Rostro,607,631.28,759,979,1149,1409,789,19.99,16.83,ROJO,B,1,https://cdn.shopify.com/s/files/1/0088/1937/6188/files/3701129812013.jpg,https://www.dermaexpress.com.mx/products/bioderma-sebium-h2o-agua-micelar-purificante-piel-grasa-500-ml,Dermaexpress
3760095255170,ACM Depiwhite Crema Antimanchas Zonas Sensibles Despigmentante 50 ml,ACM,Cuerpo,Cuerpo,400,416,0,639,759,929,759,45.19,0,SIN_REF,B,1,https://cdn.shopify.com/s/files/1/0088/1937/6188/files/3760095255170.jpg,https://www.dermaexpress.com.mx/products/acm-depiwhite-crema-antimanchas-zonas-sensibles-despigmentante-50-ml,Dermaexpress
3760095255156,ACM Depiwhite Suero Intensivo Antimanchas Despigmentante 30 ml,ACM,Rostro,Rostro,800,832,0,1279,1519,1849,1519,45.23,0,SIN_REF,C,0,https://cdn.shopify.com/s/files/1/0088/1937/6188/files/3760095255156-1.jpg,https://www.dermaexpress.com.mx/products/acm-depiwhite-suero-intensivo-antimanchas-despigmentante-30-ml,Dermaexpress
3337875920728,La Roche-Posay Hyalu B5 Gel Matificante Antiarrugas e Hidratante 40 ml,La Roche Posay,Rostro,Rostro,584,607.36,778.96,939,1109,1349,759,19.98,22.03,AMARILLO,A,1,https://cdn.shopify.com/s/files/1/0088/1937/6188/files/3337875920728.jpg,https://www.dermaexpress.com.mx/products/la-roche-posay-hyalu-b5-gel-matificante-antiarrugas-e-hidratante-40-ml,Dermaexpress
3337875922029,La Roche-Posay Hyalu B5 Suractivated Refill Crema Antiarrugas y Reafirmante 50 ml,La Roche Posay,Rostro,Rostro,704,732.16,939,1129,1339,1629,919,20.33,22.03,AMARILLO,A,1,https://cdn.shopify.com/s/files/1/0088/1937/6188/files/3337875922029-4.jpg,https://www.dermaexpress.com.mx/products/la-roche-posay-hyalu-b5-suractivated-refill-crema-antiarrugas-y-reafirmante-50-ml,Dermaexpress
3337875920698,La Roche-Posay Hyalu B5 Suractivated Cream Antiarrugas y Reafirmante 50 ml,La Roche Posay,Rostro,Rostro,899,934.96,1199,1439,1699,2079,1169,20.02,22.02,AMARILLO,C,0,https://cdn.shopify.com/s/files/1/0088/1937/6188/files/3337875920698.jpg,https://www.dermaexpress.com.mx/products/la-roche-posay-hyalu-b5-suractivated-cream-antiarrugas-y-reafirmante-50-ml,Dermaexpress
3337875920582,La Roche Posay Hyalu B5 Suractivated Serum Antiarrugas y Reparador 30 ml,La Roche Posay,Rostro,Rostro,1049,1090.96,1399,1679,1989,2429,1369,20.31,22.02,AMARILLO,A,1,https://cdn.shopify.com/s/files/1/0088/1937/6188/files/3337875920582.jpg,https://www.dermaexpress.com.mx/products/la-roche-posay-hyalu-b5-suractivated-serum-antiarrugas-y-reparador-30-ml,Dermaexpress
3337875905626,CeraVe Crema Hidratante Refill con Ceramidas y Ácido Hialurónico 454 ml,Cerave,Cuerpo,Cuerpo,336,349.44,449,539,639,779,439,20.4,22.17,AMARILLO,A,1,https://cdn.shopify.com/s/files/1/0088/1937/6188/files/3337875905626.jpg,https://www.dermaexpress.com.mx/products/cerave-crema-hidratante-refill-con-ceramidas-y-acido-hialuronico-454-ml,Dermaexpress
3337875927871,Cerave Parches Control Imperfecciones con Ácido Salicílico 22 Piezas,Cerave,Rostro,Rostro,209,217.36,279,339,399,489,279,22.09,22.09,AMARILLO,A,1,https://cdn.shopify.com/s/files/1/0088/1937/6188/files/3337875927871.jpg,https://www.dermaexpress.com.mx/products/cerave-parches-control-imperfecciones-con-acido-salicilico-22-piezas,Dermaexpress
3661434023453,Uriage Roseliane Crema calmante antirojeces 40 ml,URIAGE,Rostro,Rostro,401,417.04,535,649,759,929,529,21.16,22.05,AMARILLO,A,1,https://cdn.shopify.com/s/files/1/0088/1937/6188/files/13661434003394_1.jpg,https://www.dermaexpress.com.mx/products/uriage-roseliane-crema-calmante-antirojeces-40-ml,Dermaexpress
3661434004773,Uriage Kit Stick Labial Hidratante 4 g + Stick Labial Hidratante 4 g Protección y Nutrición,URIAGE,Cuerpo,Cuerpo,138,143.52,184,229,269,319,179,19.82,22,AMARILLO,C,0,https://cdn.shopify.com/s/files/1/0088/1937/6188/files/3661434004773.jpg,https://www.dermaexpress.com.mx/products/uriage-kit-stick-labial-hidratante-4-g-stick-labial-hidratante-4-g-proteccion-y-nutricion,Dermaexpress
816378022830,D.S. Dandrene Plus Shampoo Anticaspa Control Intensivo 100 ml,D.S.,Capilar,Capilares,464,482.56,581,749,879,1079,609,20.76,16.94,ROJO,B,1,https://cdn.shopify.com/s/files/1/0088/1937/6188/files/816378022830.png,https://www.dermaexpress.com.mx/products/d-s-dandrene-plus-shampoo-anticaspa-control-intensivo-100-ml,Dermaexpress
7501390914982,Italmex Kit Umbrella Perfect Skin Tono Claro FPS50 50 g + Cosmetiquera,Italmex,Protección Solar,Solares,603,627.12,754,969,1149,1399,789,20.52,16.83,ROJO,B,1,https://cdn.shopify.com/s/files/1/0088/1937/6188/files/7501390914982-1.jpg,https://www.dermaexpress.com.mx/products/italmex-kit-umbrella-perfect-skin-tono-claro-fps50-50-g-cosmetiquera,Dermaexpress
7501390914968,Italmex Kit Umbrella Plus FPS50 120 g + Umbrella Travel Size FPS50 30 g Protección Solar Portátil,Italmex,Protección Solar,Solares,696,723.84,870,1119,1319,1609,909,20.37,16.8,ROJO,C,0,https://cdn.shopify.com/s/files/1/0088/1937/6188/files/7501390914968.jpg,https://www.dermaexpress.com.mx/products/italmex-kit-umbrella-plus-fps50-120-g-umbrella-travel-size-fps50-30-g-proteccion-solar-portatil,Dermaexpress
7501390914975,Italmex Kit Umbrella Plus FPS50 120 g + Umbrella Kids FPS50 120 g Protección Solar Familiar,Italmex,Protección Solar,Solares,852,886.08,1066,1369,1619,1969,1109,20.1,16.88,ROJO,C,0,https://cdn.shopify.com/s/files/1/0088/1937/6188/files/7501390914975.jpg,https://www.dermaexpress.com.mx/products/italmex-kit-umbrella-plus-fps50-120-g-umbrella-kids-fps50-120-g-proteccion-solar-familiar,Dermaexpress
3571940004634,Noreva Deoliane Gel de Ducha Limpieza Suave Piel Seca 200 ml,NOREVA,Rostro,Rostro,620,644.8,0,999,1179,1439,1179,45.31,0,SIN_REF,C,0,https://cdn.shopify.com/s/files/1/0088/1937/6188/files/3571940004634.jpg,https://www.dermaexpress.com.mx/products/noreva-deoliane-gel-de-ducha-limpieza-suave-piel-seca-200-ml,Dermaexpress
3571940000667,Noreva Suero Hidratante 24 Horas Hidratación Profunda 30 ml,NOREVA,Rostro,Rostro,750,780,0,1199,1419,1739,1419,45.03,0,SIN_REF,B,1,https://cdn.shopify.com/s/files/1/0088/1937/6188/files/3571940000667.jpg,https://www.dermaexpress.com.mx/products/noreva-suero-hidratante-24-horas-hidratacion-profunda-30-ml,Dermaexpress
3760095255132,ACM Novophane Shampoo Suave Uso Frecuente 500 ml,ACM,Capilar,Capilares,650,676,0,1039,1229,1509,1229,45,0,SIN_REF,B,1,https://cdn.shopify.com/s/files/1/0088/1937/6188/files/3760095255132.jpg,https://www.dermaexpress.com.mx/products/acm-novophane-shampoo-suave-uso-frecuente-500-ml,Dermaexpress
3760095255125,ACM Novophane Shampoo Suave Uso Frecuente 200 ml,ACM,Capilar,Capilares,360,374.4,0,579,689,839,689,45.66,0,SIN_REF,B,1,https://cdn.shopify.com/s/files/1/0088/1937/6188/files/3760095255125.jpg,https://www.dermaexpress.com.mx/products/acm-novophane-shampoo-suave-uso-frecuente-200-ml,Dermaexpress
4006000183572,Eucerin DermoPure Clinical Gel Limpiador Purifica y reduce el exceso de grasa 400ml,Eucerin,Rostro,Rostro,447,464.88,639,719,849,1039,619,24.9,27.25,AMARILLO,A,1,https://cdn.shopify.com/s/files/1/0088/1937/6188/files/4006000183572.jpg,https://www.dermaexpress.com.mx/products/eucerin-dermopure-clinical-gel-limpiador-purifica-y-reduce-el-exceso-de-grasa-400ml,Dermaexpress
4006000183602,Eucerin DermoPure Clinical Mat Fluid Hidratante matificante 40ml,Eucerin,Rostro,Rostro,531,552.24,759,849,1009,1229,739,25.27,27.24,AMARILLO,A,1,https://cdn.shopify.com/s/files/1/0088/1937/6188/files/4006000183602.jpg,https://www.dermaexpress.com.mx/products/eucerin-dermopure-clinical-mat-fluid-hidratante-matificante-40ml,Dermaexpress
4006000181981,Eucerin Dermopure Clinical Triple Action Tratamiento Anti-Manchas 40 ml,Eucerin,Rostro,Rostro,594,617.76,849,959,1129,1379,829,25.48,27.24,AMARILLO,A,1,https://cdn.shopify.com/s/files/1/0088/1937/6188/files/4006000181981.jpg,https://www.dermaexpress.com.mx/products/eucerin-dermopure-clinical-triple-action-tratamiento-anti-manchas-40-ml,Dermaexpress
4006000184913,Eucerin Dermopure Clinical Peeling Renovador Anti-Imperfecciones 40 ml,Eucerin,Rostro,Rostro,517,537.68,739,829,979,1199,719,25.22,27.24,AMARILLO,A,1,https://cdn.shopify.com/s/files/1/0088/1937/6188/files/4006000184913.jpg,https://www.dermaexpress.com.mx/products/eucerin-dermopure-clinical-peeling-renovador-anti-imperfecciones-40-ml,Dermaexpress
3337875923866,CeraVe Limpiador Control Imperfecciones con Ácido Salicílico y Niacinamida 473 ml,Cerave,Rostro,Rostro,479,498.16,639,769,909,1109,629,20.8,22.04,AMARILLO,A,1,https://cdn.shopify.com/s/files/1/0088/1937/6188/files/3337875923866.jpg,https://www.dermaexpress.com.mx/products/cerave-limpiador-control-imperfecciones-con-acido-salicilico-y-niacinamida-473-ml,Dermaexpress
677144201480,Envera Protector solar + despigmentante Medium FPS 50+ UVA/UVB 50 ml,ENVERA,Protección Solar,Solares,725,754,0,1159,1379,1679,1379,45.32,0,SIN_REF,B,1,https://cdn.shopify.com/s/files/1/0088/1937/6188/files/677144201480.jpg,https://www.dermaexpress.com.mx/products/envera-protector-solar-despigmentante-medium-fps-50-uva-uvb-50-ml,Dermaexpress
677144201473,Envera Protector solar + despigmentante Light FPS 50+ UVA/UVB 50 ml,ENVERA,Protección Solar,Solares,725,754,0,1159,1379,1679,1379,45.32,0,SIN_REF,B,1,https://cdn.shopify.com/s/files/1/0088/1937/6188/files/677144201473-1.jpg,https://www.dermaexpress.com.mx/products/envera-protector-solar-despigmentante-light-fps-50-uva-uvb-50-ml,Dermaexpress
7508006185910,Panalab Mineral Safe Oil Control FPS50 Protector Solar Mineral Sin Color 50 ml,Panalab,Protección Solar,Solares,912,948.48,0,1459,1729,2109,1729,45.14,0,SIN_REF,B,1,https://cdn.shopify.com/s/files/1/0088/1937/6188/files/7508006185910.jpg,https://www.dermaexpress.com.mx/products/panalab-mineral-safe-oil-control-fps50-protector-solar-mineral-sin-color-50-ml,Dermaexpress
7508006185934,Panalab Mineral Safe Oil Control FPS50 Protector Solar Mineral con Color Medio 50 ml,Panalab,Protección Solar,Solares,912,948.48,0,1459,1729,2109,1729,45.14,0,SIN_REF,B,1,https://cdn.shopify.com/s/files/1/0088/1937/6188/files/7508006185934.jpg,https://www.dermaexpress.com.mx/products/panalab-mineral-safe-oil-control-fps50-protector-solar-mineral-con-color-medio-50-ml,Dermaexpress
7508006185927,Panalab Mineral Safe Oil Control FPS50 Protector Solar Mineral con Color Claro 50 ml,Panalab,Protección Solar,Solares,912,948.48,0,1459,1729,2109,1729,45.14,0,SIN_REF,B,1,https://cdn.shopify.com/s/files/1/0088/1937/6188/files/7508006185927.jpg,https://www.dermaexpress.com.mx/products/panalab-mineral-safe-oil-control-fps50-protector-solar-mineral-con-color-claro-50-ml,Dermaexpress
7508006185941,Panalab Mineral Safe Fluido FPS50 Protector Solar Mineral Sin Color 50 ml,Panalab,Protección Solar,Solares,780,811.2,0,1249,1479,1809,1479,45.15,0,SIN_REF,B,1,https://cdn.shopify.com/s/files/1/0088/1937/6188/files/7508006185941.jpg,https://www.dermaexpress.com.mx/products/panalab-mineral-safe-fluido-fps50-protector-solar-mineral-sin-color-50-ml,Dermaexpress
7508006185989,Panalab Mineral Safe Fluido FPS50 Protector Solar Mineral con Color Medio 50 ml,Panalab,Protección Solar,Solares,780,811.2,0,1249,1479,1809,1479,45.15,0,SIN_REF,B,1,https://cdn.shopify.com/s/files/1/0088/1937/6188/files/7508006185989.jpg,https://www.dermaexpress.com.mx/products/panalab-mineral-safe-fluido-fps50-protector-solar-mineral-con-color-medio-50-ml,Dermaexpress
7508006185965,Panalab Mineral Safe Fluido FPS50 Protector Solar Mineral con Color Claro 50 ml,Panalab,Protección Solar,Solares,780,811.2,0,1249,1479,1809,1479,45.15,0,SIN_REF,B,1,https://cdn.shopify.com/s/files/1/0088/1937/6188/files/7508006185965-1.jpg,https://www.dermaexpress.com.mx/products/panalab-mineral-safe-fluido-fps50-protector-solar-mineral-con-color-claro-50-ml,Dermaexpress
7508006185644,Panalab Cuteral Crema Hidratante y Reparadora para Piel Sensible 40 ml,Panalab,Cuerpo,Cuerpo,842,875.68,0,1349,1599,1949,1599,45.24,0,SIN_REF,B,1,https://cdn.shopify.com/s/files/1/0088/1937/6188/files/7508006185644.jpg,https://www.dermaexpress.com.mx/products/panalab-cuteral-crema-hidratante-y-reparadora-para-piel-sensible-40-ml,Dermaexpress
7508006185903,Panalab Vitanoin Lifting Serum Facial Reafirmante y Antiedad 30 ml,Panalab,Rostro,Rostro,1450,1508,0,2319,2749,3359,2749,45.14,0,SIN_REF,B,1,https://cdn.shopify.com/s/files/1/0088/1937/6188/files/7508006185903.jpg,https://www.dermaexpress.com.mx/products/panalab-vitanoin-lifting-serum-facial-reafirmante-y-antiedad-30-ml,Dermaexpress
7508006185897,Panalab Vitanoin FEC® 15% Serum Facial Antioxidante y Antimanchas 30 ml,Panalab,Rostro,Rostro,2781,2892.24,0,4449,5259,6429,5259,45,0,SIN_REF,B,1,https://cdn.shopify.com/s/files/1/0088/1937/6188/files/7508006185897.jpg,https://www.dermaexpress.com.mx/products/panalab-vitanoin-fec®-15-serum-facial-antioxidante-y-antimanchas-30-ml,Dermaexpress
7508006185842,Panalab Vitanoin C5% Serum Facial Antioxidante e Iluminador 30 ml,Panalab,Rostro,Rostro,1450,1508,0,2319,2749,3359,2749,45.14,0,SIN_REF,B,1,https://cdn.shopify.com/s/files/1/0088/1937/6188/files/7508006185842.jpg,https://www.dermaexpress.com.mx/products/panalab-vitanoin-c5-serum-facial-antioxidante-e-iluminador-30-ml,Dermaexpress
3282770075533,Ducray Anaphase+ Shampoo Anticaída Fortificante 200 ml,Ducray,Capilar,Cabello,432,449.28,540,699,819,999,569,21.04,16.8,ROJO,B,1,https://cdn.shopify.com/s/files/1/0088/1937/6188/files/3282770075533.png,https://www.dermaexpress.com.mx/products/ducray-anaphase-shampoo-anticaida-fortificante-200-ml,Dermaexpress
3282770398472,Avene XeraCalm A.D Barra Limpiadora Suave Relipidizante 100 g,Avene,Rostro,Cuerpo y rostro,175,182,219,279,339,409,229,20.52,16.89,ROJO,B,1,https://cdn.shopify.com/s/files/1/0088/1937/6188/files/3282770398472.png,https://www.dermaexpress.com.mx/products/avene-xeracalm-a-d-barra-limpiadora-suave-relipidizante-100-g,Dermaexpress
3282770143942,Darrow Doctar Shampoo Anticaspa con ácido salicílico 240 ml,Darrow,Capilar,Cabello,511,531.44,0,819,969,1189,969,45.16,0,SIN_REF,B,1,https://cdn.shopify.com/s/files/1/0088/1937/6188/files/3282770143942.png,https://www.dermaexpress.com.mx/products/ducray-doctar-shampoo-anticaspa-con-acido-salicilico-y-cade-240-ml,Dermaexpress
7897930779198,Cetaphil Crema Alisadora Anti-Rugosidades con Urea 20% 236 ml,Cetaphil,Cuerpo,Cuerpo,620,644.8,0,999,1179,1439,1179,45.31,0,SIN_REF,A,1,https://cdn.shopify.com/s/files/1/0088/1937/6188/files/7897930779198_1.avif,https://www.dermaexpress.com.mx/products/cetaphil-crema-alisadora-anti-rugosidades-con-urea-20-236-ml,Dermaexpress
7897930779204,Cetaphil Oil Control Hidratante Facial Matificante Antimanchas con FPS30 100 ml,Cetaphil,Rostro,Rostro,589,612.56,0,949,1119,1369,1119,45.26,0,SIN_REF,A,1,https://cdn.shopify.com/s/files/1/0088/1937/6188/files/7897930779204.jpg,https://www.dermaexpress.com.mx/products/cetaphil-oil-control-hidratante-facial-matificante-antimanchas-con-fps30-100-ml,Dermaexpress
7897930779136,Cetaphil Loción Humectante Corporal e Hidratante para Piel Seca y Sensible 236 ml,Cetaphil,Cuerpo,Cuerpo,366,380.64,0,589,699,849,699,45.55,0,SIN_REF,A,1,https://cdn.shopify.com/s/files/1/0088/1937/6188/files/LocionHumectante236ml_1_2.avif,https://www.dermaexpress.com.mx/products/cetaphil-locion-humectante-corporal-e-hidratante-para-piel-seca-y-sensible-236-ml,Dermaexpress
7897930779105,Galderma Cetaphil PRO AD Restoraderm Hidratante Corporal con Ceramidas para Piel Atópica 236 ml,Cetaphil,Cuerpo,Cuerpo,677,704.08,0,1089,1289,1569,1289,45.38,0,SIN_REF,A,1,https://cdn.shopify.com/s/files/1/0088/1937/6188/files/7897930779105-2.jpg,https://www.dermaexpress.com.mx/products/galderma-cetaphil-pro-ad-restoraderm-hidratante-corporal-con-ceramidas-para-piel-atopica-236-ml,Dermaexpress
7897930779112,Galderma Cetaphil PRO AD Restoraderm Limpiador Corporal Hidratante para Piel Seca y Atópica 236 ml,Cetaphil,Cuerpo,Cuerpo,612,636.48,0,979,1159,1419,1159,45.08,0,SIN_REF,A,1,https://cdn.shopify.com/s/files/1/0088/1937/6188/files/7897930779112.jpg,https://www.dermaexpress.com.mx/products/galderma-cetaphil-pro-ad-restoraderm-limpiador-corporal-hidratante-para-piel-seca-y-atopica-236-ml,Dermaexpress
3282779433587,Avene Kit Cleanance Aqua-Gel 50 ml + Gel Limpiador 100 ml + Ultra Fluid Oil Control Mat Perfect FPS50 2 ml Rutina matificante para piel mixta a grasa,Avene,Rostro,Rostro,741,770.64,927,1189,1409,1719,969,20.47,16.87,ROJO,C,0,https://cdn.shopify.com/s/files/1/0088/1937/6188/files/3282779433587.png,https://www.dermaexpress.com.mx/products/avene-kit-cleanance-aqua-gel-50-ml-gel-limpiador-100-ml-ultra-fluid-oil-control-mat-perfect-fps50-2-ml-rutina-matificante-para-piel-mixta-a-grasa,Dermaexpress
7509552966633,Vichy Kit Liftactiv Vitamina C Serum 20 ml + Crema Retinol Noche 15 ml + Mini Serum Activador de Luminosidad Antiedad 4 ml,Vichy,Rostro,Rostro,786,817.44,1049,1259,1489,1819,1029,20.56,22.07,AMARILLO,A,1,https://cdn.shopify.com/s/files/1/0088/1937/6188/files/7509552966633.jpg,https://www.dermaexpress.com.mx/products/vichy-kit-liftactiv-vitamina-c-serum-20-ml-crema-retinol-noche-15-ml-mini-serum-activador-de-luminosidad-antiedad-4-ml,Dermaexpress
7509552972085,Vichy Kit Mineral 89 Booster 50 ml + Crema de Noche 3 ml + Concentrado Hidratante y Fortalecedor 5 ml,Vichy,Rostro,Rostro,636,661.44,849,1019,1209,1469,829,20.21,22.09,AMARILLO,C,0,https://cdn.shopify.com/s/files/1/0088/1937/6188/files/7509552972085.jpg,https://www.dermaexpress.com.mx/products/vichy-kit-mineral-89-booster-50-ml-crema-de-noche-3-ml-concentrado-hidratante-y-fortalecedor-5-ml,Dermaexpress
3760201234518,Etat Pur Leche Limpiadora Suave 200 ml,Etat pur,Rostro,Rostro,485,504.4,0,779,919,1129,919,45.11,0,SIN_REF,B,1,https://cdn.shopify.com/s/files/1/0088/1937/6188/files/3760201234518.avif,https://www.dermaexpress.com.mx/products/etat-pur-leche-limpiadora-suave-200-ml,Dermaexpress
3760201234501,Etat Pur Gel Limpiador Purificante con Ácido Salicílico Suave 200 ml,Etat pur,Rostro,Rostro,485,504.4,0,779,919,1129,919,45.11,0,SIN_REF,B,1,https://cdn.shopify.com/s/files/1/0088/1937/6188/files/3760201234501.avif,https://www.dermaexpress.com.mx/products/etat-pur-gel-limpiador-purificante-con-acido-salicilico-suave-200-ml,Dermaexpress
3701129812075,Bioderma Sensibio H2O Agua Micelar Desmaquillante para Piel Sensible 100 ml,Bioderma,Rostro,Rostro,196,203.84,245,319,379,459,259,21.3,16.8,ROJO,B,1,https://cdn.shopify.com/s/files/1/0088/1937/6188/files/3701129812075_1.avif,https://www.dermaexpress.com.mx/products/bioderma-sensibio-h2o-agua-micelar-desmaquillante-para-piel-sensible-100-ml,Dermaexpress
3700201234402,Etat Pur Crema Ligera Hidratante con Ácido Hialurónico 50 ml,Etat pur,Rostro,Rostro,540,561.6,0,869,1029,1249,1029,45.42,0,SIN_REF,B,1,https://cdn.shopify.com/s/files/1/0088/1937/6188/files/3700201234402.png,https://www.dermaexpress.com.mx/products/etat-pur-crema-ligera-hidratante-con-acido-hialuronico-50-ml,Dermaexpress
3760201234396,Etat Pur Crema Hidratante con Ácido Hialurónico 50 ml,Etat pur,Rostro,Rostro,540,561.6,0,869,1029,1249,1029,45.42,0,SIN_REF,B,1,https://cdn.shopify.com/s/files/1/0088/1937/6188/files/3760201234396.avif,https://www.dermaexpress.com.mx/products/etat-pur-crema-hidratante-con-acido-hialuronico-50-ml,Dermaexpress
3337871325657,Vichy Desodorante Anti-Transpirante 48H Protección Eficaz y Suavidad 50 ml,Vichy,Cuerpo,Cuerpo,449,466.96,599,719,849,1039,589,20.72,22.04,AMARILLO,A,1,https://cdn.shopify.com/s/files/1/0088/1937/6188/files/3337871325657.jpg,https://www.dermaexpress.com.mx/products/vichy-desodorante-anti-transpirante-48h-proteccion-eficaz-y-suavidad-50-ml,Dermaexpress
3337875925358,CeraVe Limpiador Air Foam Reequilibrante con Aminoácidos y Ceramidas 148 ml,Cerave,Rostro,Rostro,299,310.96,399,479,569,699,389,20.06,22.07,AMARILLO,A,1,https://cdn.shopify.com/s/files/1/0088/1937/6188/files/3337875925358.jpg,https://www.dermaexpress.com.mx/products/cerave-limpiador-air-foam-reequilibrante-con-aminoacidos-y-ceramidas-148-ml,Dermaexpress
7509552973822,La Roche-Posay Kit Pure Vitamin C12 Serum 30 ml + Agua Termal 50 ml + Hyalu B3 Serum 10 ml + Anthelios UV Mune FPS50+ 3 ml,La Roche Posay,Rostro,Rostro,966,1004.64,1289,1549,1829,2239,1259,20.2,22.06,AMARILLO,C,0,https://cdn.shopify.com/s/files/1/0088/1937/6188/files/7509552973822.jpg,https://www.dermaexpress.com.mx/products/la-roche-posay-kit-pure-vitamin-c12-serum-30-ml-agua-termal-50-ml-hyalu-b3-serum-10-ml-anthelios-uv-mune-fps50-3-ml,Dermaexpress
7509552973730,La Roche-Posay Kit Pure Vitamin C12 Oil Control Serum 30 ml + Agua Micelar 50 ml + Mini Serum 10 ml+ Anthelios UV Mune 50+ 3 ml,La Roche Posay,Protección Solar,Solares,979,1018.16,1306,1569,1859,2269,1279,20.39,22.04,AMARILLO,C,0,https://cdn.shopify.com/s/files/1/0088/1937/6188/files/7509552973730.jpg,https://www.dermaexpress.com.mx/products/la-roche-posay-kit-pure-vitamin-c12-oil-control-serum-30-ml-agua-micelar-50-ml-mini-serum-10-ml-anthelios-uv-mune-50-3-ml,Dermaexpress
3337875816779,La Roche-Posay Cicaplast Baume B5 Crema reparadora mini 15 ml,La Roche Posay,Rostro,Rostro,119,123.76,159,199,229,279,159,22.16,22.16,AMARILLO,A,1,https://cdn.shopify.com/s/files/1/0088/1937/6188/files/3337875816779-2.jpg,https://www.dermaexpress.com.mx/products/la-roche-posay-cicaplast-baume-b5-crema-reparadora-mini-15-ml,Dermaexpress
3499320017848,Cetaphil Parches Anti-Imperfecciones Piel Limpia y Protegida 24 pz,Cetaphil,Rostro,Rostro,224,232.96,299,359,429,519,299,22.09,22.09,AMARILLO,C,0,https://cdn.shopify.com/s/files/1/0088/1937/6188/files/3499320017848.jpg,https://www.dermaexpress.com.mx/products/phil-parches-anti-imperfecciones-piel-limpia-y-protegida-24-pz,Dermaexpress
8436574361582,Cantabria Biretix Isorepair Crema Hidratante Reparadora Piel Sensible 50 ml,Cantabria Labs,Cuerpo,Cuerpo,586,609.44,690,939,1109,1359,769,20.75,11.68,ROJO,B,1,https://cdn.shopify.com/s/files/1/0088/1937/6188/files/8436574361582.jpg,https://www.dermaexpress.com.mx/products/cantabria-biretix-isorepair-crema-hidratante-reparadora-piel-sensible-50-ml,Dermaexpress
3701129814390,Bioderma Hydrabio Gel Moussant Limpiador Hidratante para Piel Sensible 400 ml,Bioderma,Rostro,Cuerpo y rostro,503,523.12,629,809,959,1169,659,20.62,16.83,ROJO,B,1,https://cdn.shopify.com/s/files/1/0088/1937/6188/files/3701129814390.png,https://www.dermaexpress.com.mx/products/bioderma-hydrabio-gel-moussant-400-ml,Dermaexpress
3461020003483,Institut Esthederm Pro-Collagen+ Sérum reafirmante facial 30 ml,Institut Esthederm,Rostro,Rostro,2400,2496,0,3839,4539,5549,4539,45.01,0,SIN_REF,B,1,https://cdn.shopify.com/s/files/1/0088/1937/6188/files/3461020003483.png,https://www.dermaexpress.com.mx/products/institut-esthederm-pro-collagen-serum-reafirmante-facial-30-ml,Dermaexpress
8470002160040,Cantabria Biretix Double Correction Serum Suero Antiimperfecciones y Renovador 30 ml,Cantabria Labs,Rostro,Rostro,858,892.32,1010,1379,1629,1989,1119,20.26,11.65,ROJO,B,1,https://cdn.shopify.com/s/files/1/0088/1937/6188/files/8470002160040.jpg,https://www.dermaexpress.com.mx/products/cantabria-biretix-double-correction-serum-suero-antiimperfecciones-y-renovador-30-ml,Dermaexpress
8470002076747,Cantabria Heliocare 360 Pediatrics Stick FPS50+ Protector Solar Infantil en Barra 25 g,Cantabria Labs,Protección Solar,Solares,501,521.04,590,809,949,1159,659,20.93,11.69,ROJO,B,1,https://cdn.shopify.com/s/files/1/0088/1937/6188/files/8470002076747.jpg,https://www.dermaexpress.com.mx/products/cantabria-heliocare-360-pediatrics-stick-fps50-protector-solar-infantil-en-barra-25-g,Dermaexpress
7897930779020,Cetaphil Loción Limpiadora para Piel Sensible Limpieza Suave 50 ml,Cetaphil,Cuerpo,Cuerpo,155,161.2,0,249,299,359,299,46.09,0,SIN_REF,A,1,https://cdn.shopify.com/s/files/1/0088/1937/6188/files/7897930779020_1.avif,https://www.dermaexpress.com.mx/products/cetaphil-locion-limpiadora-para-piel-sensible-limpieza-suave-50-ml,Dermaexpress
3461020003490,Institut Esthederm Intensive Pro-Collagen+ Crema reafirmante facial y cuello 50 ml,Institut Esthederm,Rostro,Rostro,2550,2652,0,4079,4829,5899,4829,45.08,0,SIN_REF,B,1,https://cdn.shopify.com/s/files/1/0088/1937/6188/files/3461020003490-2.png,https://www.dermaexpress.com.mx/products/institut-esthederm-intensive-pro-collagen-crema,Dermaexpress
7897930778993,Cetaphil Crema Hidratante para Piel Seca y Sensible 50 g,Cetaphil,Cuerpo,Cuerpo,155,161.2,0,249,299,359,299,46.09,0,SIN_REF,A,1,https://cdn.shopify.com/s/files/1/0088/1937/6188/files/7897930778993_1.avif,https://www.dermaexpress.com.mx/products/cetaphil-crema-hidratante-para-piel-seca-y-sensible-50-g,Dermaexpress
7501390916320,Polaris Research NR11 Foam Espuma Capilar Anticaída con Minoxidil 100 g,D.S.,Capilar,Cabello,876,911.04,1096,1409,1659,2029,1139,20.01,16.88,ROJO,B,1,https://cdn.shopify.com/s/files/1/0088/1937/6188/files/7501390916320.png,https://www.dermaexpress.com.mx/products/polaris-research-nr11-foam-espuma-capilar-anticaida-con-minoxidil-100-g,Dermaexpress
3337875904292,Cerave Loción Hidratante Intensiva con Ceramidas y Ácido Hialurónico 236 ml,Cerave,Cuerpo,Cuerpo,374,388.96,499,599,709,869,489,20.46,22.05,AMARILLO,A,1,https://cdn.shopify.com/s/files/1/0088/1937/6188/files/3337875904292.jpg,https://www.dermaexpress.com.mx/products/cerave-locion-hidratante-intensiva-con-ceramidas-y-acido-hialuronico-236-ml,Dermaexpress
8809598456242,COSRX Ultra-Light Invisible Sunscreen SPF50 Protector Solar Ligero y Transparente 50 ml,COSRX,Protección Solar,Solares,470,488.8,0,759,889,1089,889,45.02,0,SIN_REF,C,0,https://cdn.shopify.com/s/files/1/0088/1937/6188/files/8809598456242.jpg,https://www.dermaexpress.com.mx/products/cosrx-ultra-light-invisible-sunscreen-spf50-protector-solar-ligero-y-transparente-50-ml,Dermaexpress
8809598457324,COSRX Air-Light Clear Sunscreen Stick SPF50 Protector Solar en Barra Transparente 19 g,COSRX,Protección Solar,Solares,770,800.8,0,1239,1459,1779,1459,45.11,0,SIN_REF,B,1,https://cdn.shopify.com/s/files/1/0088/1937/6188/files/8809598457324-2.jpg,https://www.dermaexpress.com.mx/products/cosrx-air-light-clear-sunscreen-stick-spf50-protector-solar-en-barra-transparente-19-g,Dermaexpress
8809598457058,COSRX Advanced Snail Mucin Glass Glow Hydrogel Mask Mascarilla Hidratante y Reparadora 3 pz,COSRX,Rostro,Rostro,470,488.8,0,759,889,1089,889,45.02,0,SIN_REF,C,0,https://cdn.shopify.com/s/files/1/0088/1937/6188/files/8809598457058.jpg,https://www.dermaexpress.com.mx/products/cosrx-advanced-snail-mucin-glass-glow-hydrogel-mask-mascarilla-hidratante-y-reparadora-3-pz,Dermaexpress
8809598457232,COSRX The Peptide Collagen Lifting Glow Hydrogel Mask Mascarilla Reafirmante e Iluminadora 3 pz,COSRX,Rostro,Rostro,470,488.8,0,759,889,1089,889,45.02,0,SIN_REF,C,0,https://cdn.shopify.com/s/files/1/0088/1937/6188/files/8809598457232.jpg,https://www.dermaexpress.com.mx/products/cosrx-the-peptide-collagen-lifting-glow-hydrogel-mask-mascarilla-reafirmante-e-iluminadora-3-pz,Dermaexpress
8809598457171,COSRX The Ceramide Skin Barrier Moisturizer Crema Hidratante Reparadora 80 ml,COSRX,Rostro,Rostro,770,800.8,0,1239,1459,1779,1459,45.11,0,SIN_REF,B,1,https://cdn.shopify.com/s/files/1/0088/1937/6188/files/8809598457171.jpg,https://www.dermaexpress.com.mx/products/cosrx-the-ceramide-skin-barrier-moisturizer-crema-hidratante-reparadora-80-ml,Dermaexpress
8809598456983,COSRX The Peptide Collagen Hydrogel Eye Patch Parches Reafirmantes e Hidratantes 60 pz,COSRX,Rostro,Rostro,770,800.8,0,1239,1459,1779,1459,45.11,0,SIN_REF,C,0,https://cdn.shopify.com/s/files/1/0088/1937/6188/files/8809598456983.jpg,https://www.dermaexpress.com.mx/products/cosrx-the-peptide-collagen-hydrogel-eye-patch-parches-reafirmantes-e-hidratantes-60-pz,Dermaexpress
8809598455795,COSRX The Retinol 0.3 Cream Crema Antiedad con Retinol Puro 20 ml,COSRX,Rostro,Rostro,980,1019.2,0,1569,1859,2269,1859,45.17,0,SIN_REF,B,1,https://cdn.shopify.com/s/files/1/0088/1937/6188/files/8809598455795-1.jpg,https://www.dermaexpress.com.mx/products/cosrx-the-retinol-0-3-cream-crema-antiedad-con-retinol-puro-20-ml,Dermaexpress
8809598454651,COSRX The Vitamin C23 Serum Suero Antioxidante y Despigmentante 20 ml,COSRX,Rostro,Rostro,680,707.2,0,1089,1289,1579,1289,45.14,0,SIN_REF,C,0,https://cdn.shopify.com/s/files/1/0088/1937/6188/files/8809598454651-1.jpg,https://www.dermaexpress.com.mx/products/cosrx-the-vitamin-c23-serum-suero-antioxidante-y-despigmentante-20-ml,Dermaexpress
3461023492130,Institut Esthederm Photo Reverse Beige Medio Protector solar facial 50 ml,Institut Esthederm,Rostro,Rostro,1580,1643.2,0,2529,2989,3659,2989,45.03,0,SIN_REF,B,1,https://cdn.shopify.com/s/files/1/0088/1937/6188/files/Disenosintitulo_ebb4f234-741f-4b7b-97b6-d4e5a4aa2221.png,https://www.dermaexpress.com.mx/products/esthederm-photo-reverse-beige-medio-50ml,Dermaexpress
8809416470306,COSRX One Step Original Clear Pad Discos Exfoliantes con BHA Natural 70 pz,COSRX,Rostro,Rostro,620,644.8,0,999,1179,1439,1179,45.31,0,SIN_REF,C,0,https://cdn.shopify.com/s/files/1/0088/1937/6188/files/8809416470306.jpg,https://www.dermaexpress.com.mx/products/cosrx-one-step-original-clear-pad-discos-exfoliantes-con-bha-natural-70-pz,Dermaexpress
8809598454880,COSRX The Alpha Arbutin 2 Discoloration Serum Suero Antimanchas e Iluminador 50 ml,COSRX,Rostro,Rostro,790,821.6,0,1269,1499,1829,1499,45.19,0,SIN_REF,C,0,https://cdn.shopify.com/s/files/1/0088/1937/6188/files/8809598454880.jpg,https://www.dermaexpress.com.mx/products/cosrx-the-alpha-arbutin-2-discoloration-serum-suero-antimanchas-e-iluminador-50-ml,Dermaexpress
358892129065,Tizo Photoceutical Gentle Amino Gel Cleanser Limpiador Facial Suave 180 ml,Tizo,Rostro,Rostro,990,1029.6,0,1589,1879,2289,1879,45.2,0,SIN_REF,B,1,https://cdn.shopify.com/s/files/1/0088/1937/6188/files/358892129065.jpg,https://www.dermaexpress.com.mx/products/tizo-photoceutical-gentle-amino-gel-cleanser-limpiador-facial-suave-180-ml,Dermaexpress
358892100309,Tizo Photoceutical AM Rejuvenation Crema Antiedad con Niacinamida y Antioxidantes 29 ml,Tizo,Rostro,Rostro,1830,1903.2,0,2929,3469,4229,3469,45.14,0,SIN_REF,B,1,https://cdn.shopify.com/s/files/1/0088/1937/6188/files/358892100309-2.jpg,https://www.dermaexpress.com.mx/products/tizo-photoceutical-am-rejuvenation-crema-antiedad-con-niacinamida-y-antioxidantes-29-ml,Dermaexpress
3701129801987,Bioderma ABCDerm H2O Agua Micelar para bebés y piel sensible 1000 ml,Bioderma,Rostro,Rostro,639,664.56,799,1029,1209,1479,839,20.79,16.83,ROJO,B,1,https://cdn.shopify.com/s/files/1/0088/1937/6188/files/3701129801987.png,https://www.dermaexpress.com.mx/products/bioderma-abcderm-h2o-agua-micelar-para-bebes-y-piel-sensible-1000-ml,Dermaexpress
3461020003254,Institut Esthederm Protector solar Mineral No Sun SPF50+ 40 ml,Institut Esthederm,Protección Solar,Protectores Solares,1580,1643.2,0,2529,2989,3659,2989,45.03,0,SIN_REF,C,0,https://cdn.shopify.com/s/files/1/0088/1937/6188/files/3461020003254.png,https://www.dermaexpress.com.mx/products/institut-esthederm-protector-solar-mineral-no-sun-spf50-40-ml,Dermaexpress
3461020003513,Institut Esthederm Intensive Retinol+ Sérum-Aceite Intensivo 15 ml,Institut Esthederm,Rostro,Rostro,2400,2496,0,3839,4539,5549,4539,45.01,0,SIN_REF,C,0,https://cdn.shopify.com/s/files/1/0088/1937/6188/files/3461020003513.png,https://www.dermaexpress.com.mx/products/institut-esthederm-intensive-retinol-serum-aceite-intensivo-15-ml,Dermaexpress
3461020002929,Institut Esthederm Intensive Retinol Bálsamo contorno de ojos 15 ml,Institut Esthederm,Ojos y Labios,Ojos y labios,2140,2225.6,0,3429,4049,4949,4049,45.03,0,SIN_REF,C,0,https://cdn.shopify.com/s/files/1/0088/1937/6188/files/3461020002929.png,https://www.dermaexpress.com.mx/products/institut-esthederm-intensive-retinol-balsamo-contorno-de-ojos-15-ml,Dermaexpress
7506307518598,Bioderma Kit Photoderm Dry Touch Protector Solar FPS50+ 40 ml + Sebium Gel Moussant 100 ml,Bioderma,Rostro,Rostro,487,506.48,609,779,929,1129,639,20.74,16.83,ROJO,C,0,https://cdn.shopify.com/s/files/1/0088/1937/6188/files/7506307518598.png,https://www.dermaexpress.com.mx/products/bioderma-kit-photoderm-dry-touch-protector-solar-fps50-40-ml-sebium-gel-moussant-100-ml,Dermaexpress
3461023492123,Institut Esthederm Photo Reverse Beige claro Protector solar facial 50 ml,Institut Esthederm,Rostro,Rostro,1580,1643.2,0,2529,2989,3659,2989,45.03,0,SIN_REF,B,1,https://cdn.shopify.com/s/files/1/0088/1937/6188/files/3461023492123.png,https://www.dermaexpress.com.mx/products/institut-esthederm-photo-reverse-beige-claro-protector-solar-facial-50ml,Dermaexpress
8429420256361,Isdin Bexident Encías Tratamiento Coadyuvante Spray Antiséptico y Reparador 40 ml,Isdin,Cuerpo,Cuerpo,435.4,452.82,622,699,829,1009,609,25.65,27.2,AMARILLO,A,1,https://cdn.shopify.com/s/files/1/0088/1937/6188/files/8429420256361.jpg,https://www.dermaexpress.com.mx/products/isdin-bexident-encias-tratamiento-coadyuvante-spray-antiseptico-y-reparador-40-ml,Dermaexpress
8429420256354,Isdin Bexident Encías Tratamiento Coadyuvante Gel Tópico Gingival Antiséptico y Reparador 50 ml,Isdin,Rostro,Rostro,322,334.88,460,519,609,749,449,25.42,27.2,AMARILLO,A,1,https://cdn.shopify.com/s/files/1/0088/1937/6188/files/8429420256354.jpg,https://www.dermaexpress.com.mx/products/isdin-bexident-encias-tratamiento-coadyuvante-gel-topico-gingival-antiseptico-y-reparador-50-ml,Dermaexpress
8429420256330,Isdin Bexident Encías Tratamiento Coadyuvante Gel Dentífrico Antiséptico y Reparador 75 ml,Isdin,Rostro,Rostro,263.9,274.46,377,429,499,609,369,25.62,27.2,AMARILLO,A,1,https://cdn.shopify.com/s/files/1/0088/1937/6188/files/8429420256330.jpg,https://www.dermaexpress.com.mx/products/isdin-bexident-encias-tratamiento-coadyuvante-gel-dentifrico-antiseptico-y-reparador-75-ml,Dermaexpress
8429420256309,Isdin Bexident Encías Intensivo Colutorio Cuidado Gingival Antiséptico 250 ml,Isdin,Rostro,Rostro,413,429.52,590,669,789,959,579,25.82,27.2,AMARILLO,A,1,https://cdn.shopify.com/s/files/1/0088/1937/6188/files/8429420256309.jpg,https://www.dermaexpress.com.mx/products/isdin-bexident-encias-intensivo-colutorio-cuidado-gingival-antiseptico-250-ml,Dermaexpress
8429422031207,Isdin Bexident Dientes Sensibles Colutorio CPC + Cymenol Alivio y Protección 250 ml,isdin,Rostro,Rostro,250.6,260.62,358,409,479,579,349,25.32,27.2,AMARILLO,C,0,https://cdn.shopify.com/s/files/1/0088/1937/6188/files/8429422031207.jpg,https://www.dermaexpress.com.mx/products/isdin-bexident-dientes-sensibles-colutorio-cpc-cymenol-alivio-y-proteccion-250-ml,Dermaexpress
8429420230514,Isdin Bexident Dientes Sensibles Pasta Dentífrica CPC + Cymenol Alivio y Protección 75 ml,Isdin,Rostro,Rostro,198.8,206.75,284,319,379,459,279,25.9,27.2,AMARILLO,A,1,https://cdn.shopify.com/s/files/1/0088/1937/6188/files/8429420230514.jpg,https://www.dermaexpress.com.mx/products/isdin-bexident-dientes-sensibles-pasta-dentifrica-cpc-cymenol-alivio-y-proteccion-75-ml,Dermaexpress
8429420220607,Isdin Bexident Encías Uso Diario Pasta Dentífrica CPC + Dymenol Protección y Cuidado Gingival 75 ml,Isdin,Rostro,Rostro,229.6,238.78,328,369,439,539,319,25.15,27.2,AMARILLO,A,1,https://cdn.shopify.com/s/files/1/0088/1937/6188/files/8429420220607.jpg,https://www.dermaexpress.com.mx/products/isdin-bexident-encias-uso-diario-pasta-dentifrica-cpc-dymenol-proteccion-y-cuidado-gingival-75-ml,Dermaexpress
8429420220591,Isdin Bexident Encías Uso Diario Colutorio CPC + Cymenol Protección y Cuidado Gingival 250 ml,Isdin,Rostro,Rostro,277.9,289.02,397,449,529,649,389,25.7,27.2,AMARILLO,A,1,https://cdn.shopify.com/s/files/1/0088/1937/6188/files/8429420220591.jpg,https://www.dermaexpress.com.mx/products/isdin-bexident-encias-uso-diario-colutorio-cpc-cymenol-proteccion-y-cuidado-gingival-250-ml,Dermaexpress
8429420084674,Isdin Bexident Post Tratamiento Gel Tópico Coadyuvante Reparador 25 ml,Isdin,Rostro,Rostro,315,327.6,450,509,599,729,439,25.38,27.2,AMARILLO,A,1,https://cdn.shopify.com/s/files/1/0088/1937/6188/files/8429420084674.jpg,https://www.dermaexpress.com.mx/products/isdin-bexident-post-tratamiento-gel-topico-coadyuvante-reparador-25-ml,Dermaexpress
8429420084520,Isdin Bexident Post Tratamiento Colutorio Cuidado Bucal 250 ml,Isdin,Cuerpo,Cuerpo,500.5,520.52,715,809,949,1159,699,25.53,27.2,AMARILLO,A,1,https://cdn.shopify.com/s/files/1/0088/1937/6188/files/8429420084520-1.jpg,https://www.dermaexpress.com.mx/products/isdin-bexident-post-tratamiento-colutorio-cuidado-bucal-reparador-250-ml,Dermaexpress
3337875912600,Vichy Liftactiv Collagen Specialist 16 Serum Reafirmante y Antiedad 30 ml,Vichy,Rostro,Rostro,1049,1090.96,1399,1679,1989,2429,1369,20.31,22.02,AMARILLO,A,1,https://cdn.shopify.com/s/files/1/0088/1937/6188/files/3337875912600-1.jpg,https://www.dermaexpress.com.mx/products/vichy-liftactiv-collagen-specialist-16-serum-reafirmante-y-antiedad-30-ml,Dermaexpress
7509552966701,Vichy Kit Liftactiv Retinol B3 Serum (30 ml) + Liftactiv Vitamin C Serum (4 ml) + Capital Soleil UV Age Daily SPF 50+ (15 ml),Vichy,Rostro,Rostro,809,841.36,1079,1299,1529,1869,1059,20.55,22.02,AMARILLO,C,0,https://cdn.shopify.com/s/files/1/0088/1937/6188/files/7509552966701-1.jpg,https://www.dermaexpress.com.mx/products/vichy-kit-liftactiv-retinol-b3-serum-30-ml-liftactiv-vitamin-c-serum-4-ml-capital-soleil-uv-age-daily-spf-50-15-ml,Dermaexpress
7509552966718,Vichy Kit Liftactiv Supreme Vit C Skin Corrector (20 ml) + Liftactiv Specialist B3 Serum (5 ml) + Capital Soleil UV Age Daily SPF 50+ (15 ml),Vichy,Rostro,Rostro,786,817.44,1049,1259,1489,1819,1029,20.56,22.07,AMARILLO,A,1,https://cdn.shopify.com/s/files/1/0088/1937/6188/files/7509552966718-1.jpg,https://www.dermaexpress.com.mx/products/vichy-kit-liftactiv-supreme-vit-c-skin-corrector-20-ml-liftactiv-specialist-b3-serum-5-ml-capital-soleil-uv-age-daily-spf-50-15-ml,Dermaexpress
7509552966725,Vichy Kit Liftactiv Specialist B3 Serum (30 ml) + Liftactiv Collagen Specialist Crema (15 ml) + Capital Soleil UV Age Daily SPF 50+ (15 ml),Vichy,Rostro,Rostro,809,841.36,1079,1299,1529,1869,1059,20.55,22.02,AMARILLO,A,1,https://cdn.shopify.com/s/files/1/0088/1937/6188/files/7509552966725-1.jpg,https://www.dermaexpress.com.mx/products/vichy-kit-liftactiv-specialist-b3-serum-30-ml-liftactiv-collagen-specialist-crema-15-ml-capital-soleil-uv-age-daily-spf-50-15-ml,Dermaexpress
7509552966732,Vichy Kit Liftactiv HA Epidermic Filler (30 ml) + Liftactiv Collagen Specialist Crema (15 ml) + Capital Soleil UV Age Daily SPF 50+ (15 ml),Vichy,Rostro,Rostro,809,841.36,1079,1299,1529,1869,1059,20.55,22.02,AMARILLO,A,1,https://cdn.shopify.com/s/files/1/0088/1937/6188/files/7509552966732-1.jpg,https://www.dermaexpress.com.mx/products/vichy-kit-liftactiv-ha-epidermic-filler-30-ml-liftactiv-collagen-specialist-crema-15-ml-capital-soleil-uv-age-daily-spf-50-15-ml,Dermaexpress
3337875915885,Vichy Capital Soleil UV Age Daily Pigment SPF 50+ Protector Solar Antimanchas Tono Medio 40 ml,Vichy,Protección Solar,Solares,561,583.44,749,899,1069,1299,729,19.97,22.1,AMARILLO,A,1,https://cdn.shopify.com/s/files/1/0088/1937/6188/files/3337875915885-1.jpg,https://www.dermaexpress.com.mx/products/vichy-capital-soleil-uv-age-daily-pigment-spf-50-protector-solar-antimanchas-40-ml,Dermaexpress
7509552972757,La Roche Posay Kit Anthelios UV Mune 400 50+ 50 ml + Hyalu B5 Sérum 10 ml + Agua Termal 50 ml,La Roche Posay,Rostro,Rostro,524,544.96,699,839,999,1219,689,20.91,22.04,AMARILLO,C,0,https://cdn.shopify.com/s/files/1/0088/1937/6188/files/7509552972757.png,https://www.dermaexpress.com.mx/products/kit-la-roche-posay-anthelios-uv-mune-400-50-50-ml-hyalu-b5-serum-10-ml-agua-termal-50-ml,Dermaexpress
813419027380,Colorescience Face Shield Flex SPF50 Medium 55 ml,COLORSCIENCE,Rostro,Rostro,1540,1601.6,0,2469,2919,3559,2919,45.13,0,SIN_REF,B,1,https://cdn.shopify.com/s/files/1/0088/1937/6188/files/Disenosintitulo_53_2.png,https://www.dermaexpress.com.mx/products/colorescience-face-shield-flex-spf-50-medium-primer-adaptable-al-tono-de-piel,Dermaexpress
7509552973655,La Roche-Posay Kit Retinol B3 Sérum + Agua Micelar + Hyalu B5 + Anthelios Age Correct Tratamiento Antiedad Completo,La Roche Posay,Rostro,Rostro,1020,1060.8,1360,1639,1929,2359,1329,20.18,22,AMARILLO,A,1,https://cdn.shopify.com/s/files/1/0088/1937/6188/files/7509552973655-1.jpg,https://www.dermaexpress.com.mx/products/la-roche-posay-kit-retinol-b3-serum-agua-micelar-hyalu-b5-anthelios-age-correct-tratamiento-antiedad-completo,Dermaexpress
3760201234426,Etat Pur Gel Crema Hidratante Hidratación ligera 50ml,Etat pur,Rostro,Rostro,540,561.6,0,869,1029,1249,1029,45.42,0,SIN_REF,B,1,https://cdn.shopify.com/s/files/1/0088/1937/6188/files/3760201234426.avif,https://www.dermaexpress.com.mx/products/etat-pur-gel-crema-hidratante-hidratacion-ligera-50ml,Dermaexpress
3701129811627,Bioderma Atoderm Aceite De Ducha Limpieza e hidratación para piel seca 1000ml,Bioderma,Cuerpo,Cuerpo,736,765.44,920,1179,1399,1709,959,20.18,16.8,ROJO,B,1,https://cdn.shopify.com/s/files/1/0088/1937/6188/files/3701129811627.jpg,https://www.dermaexpress.com.mx/products/bioderma-atoderm-aceite-de-ducha-limpieza-e-hidratacion-para-piel-seca-1000ml,Dermaexpress
3461020003001,Institut Esthederm Intensive Hyaluronic Crema hidratación profunda 50 ml,Institut Esthederm,Rostro,Rostro,2550,2652,0,4079,4829,5899,4829,45.08,0,SIN_REF,B,1,https://cdn.shopify.com/s/files/1/0088/1937/6188/files/3461020003001.jpg,https://www.dermaexpress.com.mx/products/esthederm-intensive-hyaluronic-crema-hidratacion-profunda-y-relleno-50ml,Dermaexpress
3760269771406,Isispharma Teen Derm Gel Sensitive Limpiador suave 400ml,Isispharma,Rostro,Rostro,624,648.96,780,999,1179,1449,819,20.76,16.8,ROJO,B,1,https://cdn.shopify.com/s/files/1/0088/1937/6188/files/3760269771406.jpg,https://www.dermaexpress.com.mx/products/isispharma-teen-derm-gel-sensitive-limpiador-suave-400ml,Dermaexpress
8429420268296,Isdin Protector Solar Labial SPF 30 Hidratante y Protector 4 g,Isdin,Rostro,Rostro,117.6,122.3,168,189,229,279,169,27.63,27.2,AMARILLO,A,1,https://cdn.shopify.com/s/files/1/0088/1937/6188/files/8429420268296.jpg,https://www.dermaexpress.com.mx/products/isdin-protector-solar-labial-spf-30-hidratante-y-protector-4-g,Dermaexpress
8429420268302,Isdin Protector Labial SPF 50 Hidratante y Protector 14 g,Isdin,Rostro,ROSTRO,117.6,122.3,168,189,229,279,169,27.63,27.2,AMARILLO,A,1,https://cdn.shopify.com/s/files/1/0088/1937/6188/files/8429420268302.jpg,https://www.dermaexpress.com.mx/products/isdin-protector-labial-spf-50-hidratante-y-protector-14-g,Dermaexpress
8470001757104,Isdin Lambdapil Hair Loss Shampoo Anticaída 400 ml,Isdin,Capilar,Capilares,549.5,571.48,785,879,1039,1269,769,25.69,27.2,AMARILLO,A,1,https://cdn.shopify.com/s/files/1/0088/1937/6188/files/8470001757104.jpg,https://www.dermaexpress.com.mx/products/isdin-lambdapil-hair-loss-shampoo-anticaida-400-ml,Dermaexpress
8429420249875,Isdin Acniben Exfoliante Limpieza Profunda 100 ml,Isdin,Rostro,Rostro,333.2,346.53,476,539,639,779,469,26.11,27.2,AMARILLO,C,0,https://cdn.shopify.com/s/files/1/0088/1937/6188/files/8429420249875.jpg,https://www.dermaexpress.com.mx/products/isdin-acniben-exfoliante-limpieza-profunda-100-ml,Dermaexpress
8429420288188,Isdin Isdinceutics Retinal Smooth Renovador Antiedad 50 ml,Isdin,Rostro,Rostro,931.7,968.97,1331,1499,1769,2159,1299,25.41,27.2,AMARILLO,A,1,https://cdn.shopify.com/s/files/1/0088/1937/6188/files/8429420288188.jpg,https://www.dermaexpress.com.mx/products/isdin-isdinceutics-retinal-smooth-renovador-antiedad-50-ml,Dermaexpress
8429420307988,Isdin FP Stick Pediatrics SPF 50 Protección Solar en Stick 20 g,Isdin,Protección Solar,Solares,350,364,500,559,669,809,489,25.56,27.2,AMARILLO,A,1,https://cdn.shopify.com/s/files/1/0088/1937/6188/files/8429420307988-1.jpg,https://www.dermaexpress.com.mx/products/isdin-fp-stick-pediatrics-spf-50-proteccion-solar-en-stick-20-g,Dermaexpress
8429420305489,Isdin Ureadin Cream 10 Hidratación Intensa 300 ml,Isdin,Rostro,Rostro,261.8,272.27,374,419,499,609,369,26.21,27.2,AMARILLO,A,1,https://cdn.shopify.com/s/files/1/0088/1937/6188/files/8429420305489.jpg,https://www.dermaexpress.com.mx/products/isdin-ureadin-cream-10-hidratacion-intensa-300-ml,Dermaexpress
8470003233941,Isdin PS After Sun Spray Hidratante y Refrescante 200 ml,Isdin,Rostro,Rostro,308,320.32,440,499,589,719,429,25.33,27.2,AMARILLO,C,0,https://cdn.shopify.com/s/files/1/0088/1937/6188/files/8470003233941_6137b6d7-5e98-497d-88fb-0e2b8f742419.jpg,https://www.dermaexpress.com.mx/products/isdin-ps-after-sun-spray-hidratante-y-refrescante-200-ml,Dermaexpress
8470003808996,Isdin PS After Sun Lotion Hidratación y Refrescante 200 ml,Isdin,Rostro,Rostro,308,320.32,440,499,589,719,429,25.33,27.2,AMARILLO,C,0,https://cdn.shopify.com/s/files/1/0088/1937/6188/files/8470003808996-3.jpg,https://www.dermaexpress.com.mx/products/isdin-ps-after-sun-lotion-hidratacion-y-refrescante-200-ml,Dermaexpress
8429420292871,Isdin Reparador Labial Stick Rosa Hidratación y Color 4 g,Isdin,Rostro,Rostro,117.6,122.3,168,189,229,279,169,27.63,27.2,AMARILLO,A,1,https://cdn.shopify.com/s/files/1/0088/1937/6188/files/8429420292871.jpg,https://www.dermaexpress.com.mx/products/isdin-reparador-labial-stick-rosa-hidratacion-y-color-4-g,Dermaexpress
8429420292888,Isdin Reparador Labial Stick Rojo Hidratación y Color 4 g,isdin,Rostro,Rostro,117.6,122.3,168,189,229,279,169,27.63,27.2,AMARILLO,B,1,https://cdn.shopify.com/s/files/1/0088/1937/6188/files/8429420292888.jpg,https://www.dermaexpress.com.mx/products/isdin-reparador-labial-stick-rojo-hidratacion-y-color-4-g,Dermaexpress
8470001901200,Isdin Reparador Labial Stick Hidratación y Protección 4 g,Isdin,Rostro,Rostro,117.6,122.3,168,189,229,279,169,27.63,27.2,AMARILLO,A,1,https://cdn.shopify.com/s/files/1/0088/1937/6188/files/8470001901200.jpg,https://www.dermaexpress.com.mx/products/isdin-reparador-labial-stick-hidratacion-y-proteccion-4-g,Dermaexpress
8429420285064,Isdin Eryfotona Night Reparador Nocturno del Daño Solar 50 Ml,Isdin,Protección Solar,Solares,654.5,680.68,935,1049,1239,1519,909,25.12,27.2,AMARILLO,A,1,https://cdn.shopify.com/s/files/1/0088/1937/6188/files/8429420285064.jpg,https://www.dermaexpress.com.mx/products/isdin-eryfotona-night-reparador-nocturno-del-dano-solar-50-ml,Dermaexpress
8429420303539,Isdin Acniben Micellar Cleanser 400ml,Isdin,Rostro,Rostro,387.1,402.58,553,619,739,899,539,25.31,27.2,AMARILLO,A,1,https://cdn.shopify.com/s/files/1/0088/1937/6188/files/8429420303539.jpg,https://www.dermaexpress.com.mx/products/isdin-acniben-micellar-cleanser-400ml,Dermaexpress
8429420227590,Isdin Acniben Limpiador Matificante Piel Grasa Gel 400ml,Isdin,Rostro,Rostro,447.3,465.19,639,719,849,1039,619,24.85,27.2,AMARILLO,A,1,https://cdn.shopify.com/s/files/1/0088/1937/6188/files/8429420227590.jpg,https://www.dermaexpress.com.mx/products/isdin-acniben-limpiador-matificante-piel-grasa-gel-400ml,Dermaexpress
8429420307995,Isdin FP Stick Pediátrico Refill SPF50 20g,Isdin,Protección Solar,Protectores Solares,297.5,309.4,425,479,569,689,419,26.16,27.2,AMARILLO,A,1,https://cdn.shopify.com/s/files/1/0088/1937/6188/files/3760095254616.png,https://www.dermaexpress.com.mx/products/isdin-fp-stick-pediatrico-refill-spf50-20g,Dermaexpress
8429420307261,Isdin Compact Medium SPF50 10 g,Isdin,Protección Solar,Solares,541.8,563.47,774,869,1029,1259,759,25.76,27.2,AMARILLO,A,1,https://cdn.shopify.com/s/files/1/0088/1937/6188/files/8429420307261.jpg,https://www.dermaexpress.com.mx/products/isdin-compact-medium-spf50-10g,Dermaexpress
8429420306936,ISDIN Compact Light SPF50 10 g,Isdin,Protección Solar,Solares,541.8,563.47,774,869,1029,1259,759,25.76,27.2,AMARILLO,A,1,https://cdn.shopify.com/s/files/1/0088/1937/6188/files/8429420306936.jpg,https://www.dermaexpress.com.mx/products/isdin-compact-light-spf50-10g,Dermaexpress
8429420306943,ISDIN FP Compact Bronze SPF50 10 g,Isdin,Rostro,Rostro,541.8,563.47,774,869,1029,1259,759,25.76,27.2,AMARILLO,A,1,https://cdn.shopify.com/s/files/1/0088/1937/6188/files/8429420306943.jpg,https://www.dermaexpress.com.mx/products/isdin-fp-compact-bronze-spf50-10g,Dermaexpress
8429420311411,Isdin Body Glow Fotoprotector Corporal con acabado luminoso SPF30 200 ml,Isdin,Protección Solar,Solares,546.7,568.57,781,879,1039,1269,759,25.09,27.2,AMARILLO,A,1,https://cdn.shopify.com/s/files/1/0088/1937/6188/files/8429420311411.jpg,https://www.dermaexpress.com.mx/products/isdin-fp-fw-body-glow-spf30-200ml,Dermaexpress
8436574365139,Endocare Age Barrier Gel Cream 50ml,Cantabria Labs,Rostro,Rostro,845,878.8,995,1359,1599,1959,1099,20.04,11.68,ROJO,B,1,https://cdn.shopify.com/s/files/1/0088/1937/6188/files/8436574365139-D1.png,https://www.dermaexpress.com.mx/products/endocare-age-barrier-gel-cream-50ml,Dermaexpress
8436574364484,Endocare Age Barrier Niacinal Serum Gel 30ml,Cantabria Labs,Rostro,Rostro,1028,1069.12,1210,1649,1949,2379,1339,20.16,11.64,ROJO,B,1,https://cdn.shopify.com/s/files/1/0088/1937/6188/files/medium-endocare_age-barrier-niacinal-serum-gel_packshot_box_front_2025.avif,https://www.dermaexpress.com.mx/products/endocare-age-barrier-niacinal-serum-gel-30ml,Dermaexpress
3573994007333,Dexeryl Crema Emoliente 50g,Ducray,Cuerpo,Cuerpo,40,41.6,50,69,79,99,59,29.49,16.8,ROJO,C,0,https://cdn.shopify.com/s/files/1/0088/1937/6188/files/3573994007333-D1.jpg,https://www.dermaexpress.com.mx/products/dexeryl-crema-emoliente-50g,Dermaexpress
3661434008771,Uriage Crema Limpiadora 1000ml,URIAGE,Rostro,Rostro,592,615.68,790,949,1119,1369,769,19.94,22.07,AMARILLO,A,1,https://cdn.shopify.com/s/files/1/0088/1937/6188/files/3661434008771.jpg,https://www.dermaexpress.com.mx/products/uriage-crema-limpiadora-1000ml,Dermaexpress
3661434009907,Uriage Kit Hyséac 3-Regul Piel Grasa 40ml + Hyséac Gel Limpiador 50ml,URIAGE,Rostro,Rostro,526,547.04,702,849,999,1219,689,20.6,22.07,AMARILLO,C,0,https://cdn.shopify.com/s/files/1/0088/1937/6188/files/3661434009907.jpg,https://www.dermaexpress.com.mx/products/uriage-kit-hyseac-3-regul-piel-grasa-40ml-hyseac-gel-limpiador-50ml,Dermaexpress
3661434009662,Uriage Kit Agua Micelar Piel Sensible 500ml + Agua Micelar Piel Sensible 500ml,URIAGE,Rostro,Rostro,637,662.48,850,1019,1209,1479,829,20.09,22.06,AMARILLO,C,0,https://cdn.shopify.com/s/files/1/0088/1937/6188/files/3661434009662.jpg,https://www.dermaexpress.com.mx/products/uriage-kit-agua-micelar-piel-sensible-500ml-agua-micelar-piel-sensible-500ml,Dermaexpress
8470002088320,PILEXIL Acondicionador Anticaída 200ml,Armstrong,Capilar,Capilares,655,681.2,0,1049,1239,1519,1239,45.02,0,SIN_REF,B,1,https://cdn.shopify.com/s/files/1/0088/1937/6188/files/Pilexilanticaida.jpg,https://www.dermaexpress.com.mx/products/pilexil-acondicionador-anticaida-200ml,Dermaexpress
3499320016780,Cetaphil Healthy Radiance Gel de Limpieza Exfoliante Antimanchas 100ml,Cetaphil,Rostro,Rostro,415,431.6,0,669,789,959,789,45.3,0,SIN_REF,A,1,https://cdn.shopify.com/s/files/1/0088/1937/6188/files/3499320016780.jpg,https://www.dermaexpress.com.mx/products/cetaphil-healthy-radiance-gel-de-limpieza-exfoliante-antimanchas-100ml,Dermaexpress
3499320016766,Cetaphil Healthy Radiance Perfecting Serum Antimanchas 30 ml,Cetaphil,Rostro,Rostro,640,665.6,0,1029,1219,1479,1219,45.4,0,SIN_REF,A,1,https://cdn.shopify.com/s/files/1/0088/1937/6188/files/3499320016766_1.avif,https://www.dermaexpress.com.mx/products/cetaphil-healthy-radiance-perfecting-serum-antimanchas-30-ml,Dermaexpress
3499320016759,Cetaphil Healthy Radiance Crema Nocturna Antimanchas 50 g,Cetaphil,Rostro,Rostro,1013,1053.52,0,1629,1919,2349,1919,45.1,0,SIN_REF,C,0,https://cdn.shopify.com/s/files/1/0088/1937/6188/files/3499320016759_1.avif,https://www.dermaexpress.com.mx/products/cetaphil-healthy-radiance-crema-nocturna-antimanchas-50-g,Dermaexpress
3499320017695,Cetaphil Healthy Radiance Mascarilla Luminosa Instantánea 6pz,Cetaphil,Rostro,Rostro,386,401.44,0,619,729,899,729,44.93,0,SIN_REF,A,1,https://cdn.shopify.com/s/files/1/0088/1937/6188/files/3499320017695_1.avif,https://www.dermaexpress.com.mx/products/cetaphil-healthy-radiance-mascarilla-luminosa-instantanea-6pz,Dermaexpress
3661434002960,Uriage Gel Limpiador Dermatológico 1000 ml,URIAGE,Cuerpo,Cuerpo,367,381.68,490,589,699,849,479,20.32,22.11,AMARILLO,A,1,https://cdn.shopify.com/s/files/1/0088/1937/6188/files/3661434002960.jpg,https://www.dermaexpress.com.mx/products/uriage-gel-limpiador-dermatologico-1000-ml,Dermaexpress
5201279102395,Apivita Hyalu Hydra Acondicionador hidratante para cabello seco o dañado 150 ml,Apivita,Capilar,Cabello,350,364,0,559,669,809,669,45.59,0,SIN_REF,C,0,https://cdn.shopify.com/s/files/1/0088/1937/6188/files/5201279102395_07f79c59-55cf-460e-ae1c-4e286afd3dca.jpg,https://www.dermaexpress.com.mx/products/apivita-hyalu-hydra-acondicionador-hidratante-para-cabello-seco-o-danado-150-ml,Dermaexpress
3282770399264,Ducray Keracnyl Sérum regulador antiimperfecciones 30 ml,Ducray,Rostro,Rostro,784,815.36,980,1259,1489,1819,1019,19.98,16.8,ROJO,C,0,https://cdn.shopify.com/s/files/1/0088/1937/6188/files/3282770399264_1.jpg,https://www.dermaexpress.com.mx/products/ducray-keracnyl-serum-regulador-antiimperfecciones-30-ml,Dermaexpress
3282770398151,Ducray Anaphase Shampo para Anticaída y Crecimiento 400ml,Ducray,Capilar,Cabello,592,615.68,740,949,1119,1369,769,19.94,16.8,ROJO,B,1,https://cdn.shopify.com/s/files/1/0088/1937/6188/files/3282770398151_1.jpg,https://www.dermaexpress.com.mx/products/ducray-anaphase-shampo-para-anticaida-y-crecimiento-400ml,Dermaexpress
3282770397291,Ducray Sabal Shampoo Seborregulador para Cabello Graso 200 ml,Ducray,Capilar,Cabello,396,411.84,495,639,749,919,519,20.65,16.8,ROJO,B,1,https://cdn.shopify.com/s/files/1/0088/1937/6188/files/3282770397291_1.jpg,https://www.dermaexpress.com.mx/products/ducray-sabal-shampoo-seborregulador-para-cabello-graso-200-ml,Dermaexpress
3282770396317,Avene Spray Protector Solar para Niños 200 ml,Avene,Protección Solar,Protectores Solares,639,664.56,799,1029,1209,1479,839,20.79,16.83,ROJO,B,1,https://cdn.shopify.com/s/files/1/0088/1937/6188/files/3282770396317_1.jpg,https://www.dermaexpress.com.mx/products/avene-spray-protector-solar-para-ninos-200-ml,Dermaexpress
3337875911184,Kerium DS Shampoo Anticaspa Intensivo 200 ml,La Roche Posay,Capilar,Capilares,659,685.36,879,1059,1249,1529,859,20.21,22.03,AMARILLO,A,1,https://cdn.shopify.com/s/files/1/0088/1937/6188/files/Sintitulo_1080x1080px.jpg,https://www.dermaexpress.com.mx/products/kerium-ds-shampoo-anticaspa-intensivo-200-ml,Dermaexpress
813419021708,Colorescience Natural Finish Pressed Foundation SPF 20 Light Ivory Pass The Butter 12 g,COLORSCIENCE,Rostro,Rostro,1520,1580.8,0,2439,2879,3519,2879,45.09,0,SIN_REF,C,0,https://cdn.shopify.com/s/files/1/0088/1937/6188/files/Pressed_Mineral_Foundation_New_Teal__Light_Ivory.jpg,https://www.dermaexpress.com.mx/products/colorescience-natural-finish-pressed-foundation-spf-20-light-ivory-pass-the-butter-12-g,Dermaexpress
813419021715,"Colorescience Natural Finish Pressed Foundation SPF 20 Medium Bisque (""All Even"") 12 g",COLORSCIENCE,Rostro,Rostro,1520,1580.8,0,2439,2879,3519,2879,45.09,0,SIN_REF,C,0,https://cdn.shopify.com/s/files/1/0088/1937/6188/files/Pressed_Mineral_Foundation_New_Teal__Medium_Bisque.jpg,https://www.dermaexpress.com.mx/products/colorescience-natural-finish-pressed-foundation-spf-20-medium-bisque-all-even-12-g,Dermaexpress
813419021722,Colorescience Natural Finish Pressed Foundation SPF 20 – Medium Sand 12 g,COLORSCIENCE,Rostro,Rostro,1520,1580.8,0,2439,2879,3519,2879,45.09,0,SIN_REF,B,1,https://cdn.shopify.com/s/files/1/0088/1937/6188/files/Pressed_Mineral_Foundation_New_Teal_Medium_Sand.jpg,https://www.dermaexpress.com.mx/products/colorescience-natural-finish-pressed-foundation-spf-20-medium-sand-12-g,Dermaexpress
813419021739,Colorescience Natural Finish Pressed Foundation SPF 20 – Tan Natural (Girl from Ipanema) 12 g,COLORSCIENCE,Rostro,Rostro,1520,1580.8,0,2439,2879,3519,2879,45.09,0,SIN_REF,C,0,https://cdn.shopify.com/s/files/1/0088/1937/6188/files/Pressed_Mineral_Foundation_New_Teal_Tan_Natural.jpg,https://www.dermaexpress.com.mx/products/colorescience-natural-finish-pressed-foundation-spf-20-tan-natural-girl-from-ipanema-12-g,Dermaexpress
813419023504,Colorescience Natural Finish Pressed Foundation SPF 20 – Medium Sunlight (California Girl) 12 g,COLORSCIENCE,Rostro,Rostro,1520,1580.8,0,2439,2879,3519,2879,45.09,0,SIN_REF,C,0,https://cdn.shopify.com/s/files/1/0088/1937/6188/files/Pressed_Mineral_Foundation_New_Teal__Medium_Sunlight.jpg,https://www.dermaexpress.com.mx/products/colorescience-natural-finish-pressed-foundation-spf-20-medium-sunlight-california-girl-12-g,Dermaexpress
813419023535,Colorescience Natural Finish Pressed Foundation SPF 20 Light Beige (“All Dolled Up”) 12 g,COLORSCIENCE,Rostro,Rostro,1520,1580.8,0,2439,2879,3519,2879,45.09,0,SIN_REF,B,1,https://cdn.shopify.com/s/files/1/0088/1937/6188/files/Pressed_Mineral_Foundation_New_Teal__Light_beige.jpg,https://www.dermaexpress.com.mx/products/colorescience-natural-finish-pressed-foundation-spf-20-light-beige-all-dolled-up-12-g,Dermaexpress
8809598455672,COSRX Master Patch Original Fit Parches para acné 24 pzas,COSRX,Rostro,ROSTRO,160,166.4,0,259,309,369,309,46.15,0,SIN_REF,B,1,https://cdn.shopify.com/s/files/1/0088/1937/6188/files/AP10OL20_1.jpg,https://www.dermaexpress.com.mx/products/cosrx-master-patch-original-fit-parches-para-acne-24-piezas,Dermaexpress
3282770392371,Ducray ds crema calmante antiescamas 40ml.,Ducray,Capilar,Cabello,423,439.92,529,679,799,979,549,19.87,16.84,ROJO,B,1,https://cdn.shopify.com/s/files/1/0088/1937/6188/files/3282770392371_1.jpg,https://www.dermaexpress.com.mx/products/ducray-ds-crema-calmante-antiescamas-40ml,Dermaexpress
8809598451490,COSRX Pure Fit Cica Toner Tónico con CICA 150 ml,COSRX,Rostro,Rostro,590,613.6,0,949,1119,1369,1119,45.17,0,SIN_REF,C,0,https://cdn.shopify.com/s/files/1/0088/1937/6188/files/SC10PF01_1.jpg,https://www.dermaexpress.com.mx/products/cosrx-pure-fit-cica-toner-tonico-con-cica-150ml,Dermaexpress
8050519683548,"KORFF Lápiz de Ojos Negro Larga Duración 1,05 g",Korff,Rostro,Rostro,522,542.88,0,839,989,1209,989,45.11,0,SIN_REF,B,1,https://cdn.shopify.com/s/files/1/0088/1937/6188/files/8050519684583_29d78b06-8641-436f-9ae0-d90171afa4dd.jpg,https://www.dermaexpress.com.mx/products/korff-lapiz-de-ojos-negro-larga-duracion-1-05-g,Dermaexpress
8050519684149,KORFF Skin Booster Corrector Iluminador 6.5 ml,Korff,Rostro,Rostro,638,663.52,0,1029,1209,1479,1209,45.12,0,SIN_REF,B,1,https://cdn.shopify.com/s/files/1/0088/1937/6188/files/8050519684149_2.jpg,https://www.dermaexpress.com.mx/products/korff-skin-booster-corrector-iluminador-6-5-ml,Dermaexpress
8050519684750,KORFF Cure Make Up Base Ultra Mate SPF 30 Larga Duración 30 ml – Tono 04,Korff,Rostro,Rostro,1021,1061.84,0,1639,1939,2359,1939,45.24,0,SIN_REF,B,1,https://cdn.shopify.com/s/files/1/0088/1937/6188/files/8050519684750.jpg,https://www.dermaexpress.com.mx/products/korff-cure-make-up-base-ultra-mate-spf-30-larga-duracion-30-ml-tono-04,Dermaexpress
8050519684743,"KORFF Base Neverending Ultra Mat de Larga Duración SPF 30 – Tono 03, 30 ml",Korff,Rostro,Rostro,1021,1061.84,0,1639,1939,2359,1939,45.24,0,SIN_REF,B,1,https://cdn.shopify.com/s/files/1/0088/1937/6188/files/8050519684743_resized.jpg,https://www.dermaexpress.com.mx/products/korff-base-neverending-ultra-mat-de-larga-duracion-spf-30-tono-03-30-ml,Dermaexpress
8050519684767,KORFF Cure Make Up Base Ultra Mate SPF 30 Larga Duración 30 ml – Tono 05,Korff,Rostro,Rostro,1032,1073.28,0,1659,1959,2389,1959,45.21,0,SIN_REF,B,1,https://cdn.shopify.com/s/files/1/0088/1937/6188/files/8050519684767_resized.jpg,https://www.dermaexpress.com.mx/products/korff-cure-make-up-base-ultra-mate-spf-30-larga-duracion-30-ml-tono-05,Dermaexpress
8050519683296,KORFF Corrector Líquido de Larga Duración 03 – 2.8 ml,Korff,Rostro,Rostro,638,663.52,0,1029,1209,1479,1209,45.12,0,SIN_REF,B,1,https://cdn.shopify.com/s/files/1/0088/1937/6188/files/8050519683296.jpg,https://www.dermaexpress.com.mx/products/korff-corrector-liquido-de-larga-duracion-03-2-8-ml,Dermaexpress
8050519682633,KORFF Cure Make Up Stick Blush 8 g – Tono 1,Korff,Rostro,Rostro,754,784.16,0,1209,1429,1749,1429,45.13,0,SIN_REF,B,1,https://cdn.shopify.com/s/files/1/0088/1937/6188/files/8050519682633.jpg,https://www.dermaexpress.com.mx/products/korff-cure-make-up-stick-blush-8-g-tono-1,Dermaexpress
8050519680158,"KORFF Cure Make Up, Base Alisadora Efecto Anti-Rojeces 03 – 30 ml",Korff,Rostro,Rostro,963,1001.52,0,1549,1829,2229,1829,45.24,0,SIN_REF,B,1,https://cdn.shopify.com/s/files/1/0088/1937/6188/files/8050519680158.jpg,https://www.dermaexpress.com.mx/products/korff-cure-make-up-base-alisadora-efecto-anti-rojeces-03-30-ml,Dermaexpress
8050519683586,KORFF Máscara Prodigious Todo En Uno 14 ml,Korff,Rostro,Rostro,696,723.84,0,1119,1319,1609,1319,45.12,0,SIN_REF,B,1,https://cdn.shopify.com/s/files/1/0088/1937/6188/files/8050519683586.jpg,https://www.dermaexpress.com.mx/products/korff-mascara-prodigious-todo-en-uno-14-ml,Dermaexpress
8050519680196,KORFF Base de Maquillaje Fluida con Efecto Lifting 30 ml – Tono 05,Korff,Rostro,Rostro,1160,1206.4,0,1859,2199,2689,2199,45.14,0,SIN_REF,B,1,https://cdn.shopify.com/s/files/1/0088/1937/6188/files/8050519680196.jpg,https://www.dermaexpress.com.mx/products/korff-base-de-maquillaje-fluida-con-efecto-lifting-30-ml-tono-05,Dermaexpress
8050519682510,KORFF Máscara Water‑Proof 9 ml.,Korff,Rostro,Rostro,696,723.84,0,1119,1319,1609,1319,45.12,0,SIN_REF,B,1,https://cdn.shopify.com/s/files/1/0088/1937/6188/files/8050519682510.jpg,https://www.dermaexpress.com.mx/products/korff-mascara-water-proof-9-mlbeneficios,Dermaexpress
8050519684583,KORFF Máscara Iconic Volume 9.1 ml,Korff,Rostro,Rostro,696,723.84,0,1119,1319,1609,1319,45.12,0,SIN_REF,B,1,https://cdn.shopify.com/s/files/1/0088/1937/6188/files/8050519683586_a80301f9-eb2f-4719-b325-c433e15d04e0.jpg,https://www.dermaexpress.com.mx/products/korff-mascara-iconic-volume-9-1-ml,Dermaexpress
8050519682862,KORFF Base de Maquillaje Fluida con Efecto Lifting 30 ml – Tono 04,Korff,Rostro,Rostro,1160,1206.4,0,1859,2199,2689,2199,45.14,0,SIN_REF,B,1,https://cdn.shopify.com/s/files/1/0088/1937/6188/files/8050519682862.jpg,https://www.dermaexpress.com.mx/products/korff-base-de-maquillaje-fluida-con-efecto-lifting-30-ml-tono-04,Dermaexpress
8050519682565,KORFF Base de Maquillaje Fluida con Efecto Lifting 30 ml – Tono 03,Korff,Rostro,Rostro,1160,1206.4,0,1859,2199,2689,2199,45.14,0,SIN_REF,B,1,https://cdn.shopify.com/s/files/1/0088/1937/6188/files/8050519682565.jpg,https://www.dermaexpress.com.mx/products/korff-base-de-maquillaje-fluida-con-efecto-lifting-30-ml-tono-03,Dermaexpress
8050519682640,KORFF Cure Make Up Stick Blush 8 g – Tono 2 Tono 2,Korff,Rostro,Rostro,754,784.16,0,1209,1429,1749,1429,45.13,0,SIN_REF,B,1,https://cdn.shopify.com/s/files/1/0088/1937/6188/files/8050519682640.jpg,https://www.dermaexpress.com.mx/products/korff-cure-make-up-stick-blush-8-g-tono-2,Dermaexpress
8050519682633-2,KORFF Cure Make Up Stick Blush 8 g – Tono 2 Tono 1,Korff,Rostro,Rostro,754,784.16,0,1209,1429,1749,1429,45.13,0,SIN_REF,B,1,https://cdn.shopify.com/s/files/1/0088/1937/6188/files/8050519682640.jpg,https://www.dermaexpress.com.mx/products/korff-cure-make-up-stick-blush-8-g-tono-2,Dermaexpress
8050519683920,KORFF Supreme Pro Antiarrugas y Reestructurante 50 ml,Korff,Rostro,Rostro,2146,2231.84,0,3439,4059,4959,4059,45.02,0,SIN_REF,B,1,https://cdn.shopify.com/s/files/1/0088/1937/6188/files/8050519683920.jpg,https://www.dermaexpress.com.mx/products/korff-supreme-pro-antiarrugas-y-reestructurante-50-ml,Dermaexpress
8050519684156,KORFF Antiage GLY Exfoliante Líquido 100 ml,Korff,Rostro,Rostro,1044,1085.76,0,1679,1979,2419,1979,45.14,0,SIN_REF,B,1,https://cdn.shopify.com/s/files/1/0088/1937/6188/files/8050519684156.jpg,https://www.dermaexpress.com.mx/products/korff-antiage-gly-exfoliante-liquido-100-ml,Dermaexpress
8050519684187,KORFF 365 Sun Repair Fluido Facial Calmante y Reparador SPF 50+ 40 ml,Korff,Protección Solar,Solares,870,904.8,0,1399,1649,2019,1649,45.13,0,SIN_REF,B,1,https://cdn.shopify.com/s/files/1/0088/1937/6188/files/8050519684187.jpg,https://www.dermaexpress.com.mx/products/korff-365-sun-repair-fluido-facial-calmante-y-reparador-spf-50-40-ml,Dermaexpress
8050519683418,KORFF Desmaquillante Bifásico Essential 150 ml,Korff,Rostro,Rostro,638,663.52,0,1029,1209,1479,1209,45.12,0,SIN_REF,B,1,https://cdn.shopify.com/s/files/1/0088/1937/6188/files/8050519683418.jpg,https://www.dermaexpress.com.mx/products/korff-desmaquillante-bifasico-essential-150-ml,Dermaexpress
8050519683890,KORFF Serum Facial Despigmentante AA-PE 30 ml,Korff,Rostro,Rostro,1740,1809.6,0,2789,3299,4029,3299,45.15,0,SIN_REF,B,1,https://cdn.shopify.com/s/files/1/0088/1937/6188/files/8050519683890.jpg,https://www.dermaexpress.com.mx/products/korff-serum-facial-despigmentante-aa-pe-30-mlbeneficios,Dermaexpress
8050519680110,KORFF Sun Secret Fluido Facial Anti-Manchas SPF 50+ 50 ml,Korff,Rostro,Rostro,835,868.4,0,1339,1579,1929,1579,45,0,SIN_REF,B,1,https://cdn.shopify.com/s/files/1/0088/1937/6188/files/8050519680110.jpg,https://www.dermaexpress.com.mx/products/korff-sun-secret-fluido-facial-anti-manchas-spf-50-50-ml,Dermaexpress
8050519683517,KORFF Eye Zone Contorno de Ojos Bolsas y Ojeras 15 ml,Korff,Rostro,Rostro,1276,1327.04,0,2049,2419,2949,2419,45.14,0,SIN_REF,B,1,https://cdn.shopify.com/s/files/1/0088/1937/6188/files/8050519683517.jpg,https://www.dermaexpress.com.mx/products/korff-eye-zone-contorno-de-ojos-bolsas-y-ojeras-15-ml,Dermaexpress
8050519683425,KORFF Essential Gel Limpiador Purificante 200 ml,Korff,Rostro,Rostro,696,723.84,0,1119,1319,1609,1319,45.12,0,SIN_REF,B,1,https://cdn.shopify.com/s/files/1/0088/1937/6188/files/8050519683425.jpg,https://www.dermaexpress.com.mx/products/korff-essential-gel-limpiador-purificante-200-ml,Dermaexpress
8050519683746,KORFF Gel Crema Facial Lifting 40-76 50 ml,Korff,Rostro,Rostro,1972,2050.88,0,3159,3729,4559,3729,45,0,SIN_REF,B,1,https://cdn.shopify.com/s/files/1/0088/1937/6188/files/8050519683746.jpg,https://www.dermaexpress.com.mx/products/korff-gel-crema-facial-lifting-40-76-50-ml,Dermaexpress
8050519680134,KORFF Sun Secret Anti-Age Protección Antimanchas Fluido Facial Efecto Mate SPF 50+.,Korff,Rostro,Rostro,835,868.4,0,1339,1579,1929,1579,45,0,SIN_REF,B,1,https://cdn.shopify.com/s/files/1/0088/1937/6188/files/8050519680134.jpg,https://www.dermaexpress.com.mx/products/korff-sun-secret-anti-age-proteccion-antimanchas-fluido-facial-efecto-mate-spf-50,Dermaexpress
8050519683883,KORFF Serum Facial Purificante NC-DG 30 ml.,Korff,Rostro,Rostro,1044,1085.76,0,1679,1979,2419,1979,45.14,0,SIN_REF,B,1,https://cdn.shopify.com/s/files/1/0088/1937/6188/files/8050519683883.jpg,https://www.dermaexpress.com.mx/products/korff-serum-facial-purificante-nc-dg-30-ml,Dermaexpress
8050519683876,KORFF Serum Facial Biorevitalizante Con Ácido Hialurónico 30 ml,Korff,Rostro,Rostro,1972,2050.88,0,3159,3729,4559,3729,45,0,SIN_REF,B,1,https://cdn.shopify.com/s/files/1/0088/1937/6188/files/8050519683876.jpg,https://www.dermaexpress.com.mx/products/korff-serum-facial-biorevitalizante-con-acido-hialuronico-30-ml,Dermaexpress
8050519684392,KORFF Intense Barrier Calmante y Reparadora 50 ml,Korff,Rostro,Rostro,1218,1266.72,0,1949,2309,2819,2309,45.14,0,SIN_REF,B,1,https://cdn.shopify.com/s/files/1/0088/1937/6188/files/8050519684392.jpg,https://www.dermaexpress.com.mx/products/korff-intense-barrier-calmante-y-reparadora-50-ml,Dermaexpress
8050519684552,KORFF 365 Protection Antiage Matt Gel Crema SPF 50+ 40 ml,Korff,Rostro,Rostro,870,904.8,0,1399,1649,2019,1649,45.13,0,SIN_REF,B,1,https://cdn.shopify.com/s/files/1/0088/1937/6188/files/8050519684552.png,https://www.dermaexpress.com.mx/products/korff-365-protection-antiage-matt-gel-crema-spf-50-40-ml,Dermaexpress
8050519684200,KORFF 365 Protection Suero Facial Diario con Protección Solar SPF 50+ 30 ml,Korff,Rostro,Rostro,1148,1193.92,0,1839,2179,2659,2179,45.21,0,SIN_REF,B,1,https://cdn.shopify.com/s/files/1/0088/1937/6188/files/8050519684200.jpg,https://www.dermaexpress.com.mx/products/korff-365-protection-suero-facial-diario-con-proteccion-solar-spf-50-30-ml,Dermaexpress
8050519684170,KORFF Purifying SAL Exfoliante Líquido 100 ml,Korff,Rostro,Rostro,1044,1085.76,0,1679,1979,2419,1979,45.14,0,SIN_REF,B,1,https://cdn.shopify.com/s/files/1/0088/1937/6188/files/8050519684170.jpg,https://www.dermaexpress.com.mx/products/korff-purifying-sal-exfoliante-liquido-100-ml,Dermaexpress
8050519684613,KORFF Perfect Matt NC Matificante Antiedad e Imperfecciones 50 ml.,Korff,Rostro,Rostro,1450,1508,0,2319,2749,3359,2749,45.14,0,SIN_REF,B,1,https://cdn.shopify.com/s/files/1/0088/1937/6188/files/8050519684613.png,https://www.dermaexpress.com.mx/products/korff-perfect-matt-nc-matificante-antiedad-e-imperfecciones-50-ml,Dermaexpress
8050519683524,KORFF Eyezone Lifting e Iluminador 15 ml,Korff,Rostro,Rostro,1624,1688.96,0,2599,3079,3759,3079,45.15,0,SIN_REF,B,1,https://cdn.shopify.com/s/files/1/0088/1937/6188/files/8050519683524_resized.jpg,https://www.dermaexpress.com.mx/products/korff-eyezone-lifting-e-iluminador-15-ml,Dermaexpress
8050519684996,KORFF Sérum Facial Colágeno Age Filler 30ml,Korff,Rostro,Rostro,1972,2050.88,0,3159,3729,4559,3729,45,0,SIN_REF,B,1,https://cdn.shopify.com/s/files/1/0088/1937/6188/files/8050519684996.jpg,https://www.dermaexpress.com.mx/products/korff-serum-facial-colageno-age-filler-30mlbeneficios-nbsp,Dermaexpress
8050519683029,KORFF Collagen Age Filler Face Cream 50ml.,Korff,Rostro,Rostro,1972,2050.88,0,3159,3729,4559,3729,45,0,SIN_REF,B,1,https://cdn.shopify.com/s/files/1/0088/1937/6188/files/8050519683029.jpg,https://www.dermaexpress.com.mx/products/korff-collagen-age-filler-face-cream-50ml,Dermaexpress
8050519683531,KORFF Eyezone Antiarrugas e Hidratante 15ml,Korff,Rostro,Rostro,1740,1809.6,0,2789,3299,4029,3299,45.15,0,SIN_REF,B,1,https://cdn.shopify.com/s/files/1/0088/1937/6188/files/8050519683531_1.png,https://www.dermaexpress.com.mx/products/korff-eyezone-antiarrugas-e-hidratante-15ml,Dermaexpress
8050519686235,KORFF Collagen Age Filler Ampolletas,Korff,Rostro,Rostro,1276,1327.04,0,2049,2419,2949,2419,45.14,0,SIN_REF,B,1,https://cdn.shopify.com/s/files/1/0088/1937/6188/files/8050519686235.jpg,https://www.dermaexpress.com.mx/products/korff-365-protection-antiage-mat-sensitive-skin-protection-antiage-face-gel-cream-spf50-40ml,Dermaexpress
3504105034894,Mustela Musti Agua de colonia para bebé 50 ml,MUSTELA,Capilar,"Rostro, cuerpo y cabello",402,418.08,0,649,769,929,769,45.63,0,SIN_REF,C,0,https://cdn.shopify.com/s/files/1/0088/1937/6188/files/3504105034870_1.jpg,https://www.dermaexpress.com.mx/products/mustela-musti-agua-de-colonia-para-bebe-50-ml,Dermaexpress
3282770398021,Avene Cleanance Barra Limpiadora Purificante para piel grasa 100 gr,Avene,Rostro,Rostro,183,190.32,229,299,349,429,239,20.37,16.89,ROJO,B,1,https://cdn.shopify.com/s/files/1/0088/1937/6188/files/3282770398021_1.jpg,https://www.dermaexpress.com.mx/products/avene-cleanance-barra-limpiadora-purificante-piel-grasa-100-gr,Dermaexpress
3282770398700,Aderma Epitheliale Ultra Repair Crema Reparadora Antimarcas SPF50+ 40 gr,Aderma,Rostro,Rostro,479,498.16,599,769,909,1109,629,20.8,16.83,ROJO,B,1,https://cdn.shopify.com/s/files/1/0088/1937/6188/files/3282770398700_1.jpg,https://www.dermaexpress.com.mx/products/aderma-epitheliale-ultra-repair-crema-reparadora-antimarcas-spf50-40-gr,Dermaexpress
3282770393712,Aderma Epitheliale Ultra Repair Bálsamo Hidratante 50 gr,Aderma,Rostro,Cuerpo y rostro,295,306.8,369,479,559,689,389,21.13,16.86,ROJO,B,1,https://cdn.shopify.com/s/files/1/0088/1937/6188/files/3282770393712_1.jpg,https://www.dermaexpress.com.mx/products/aderma-epitheliale-ultra-repair-balsamo-hidratante-50-gr,Dermaexpress
3282770397079,Avene Leche Protector Solar Niños SPF50+ 250 ml,Avene,Protección Solar,Protectores Solares,559,581.36,699,899,1059,1299,729,20.25,16.83,ROJO,C,0,https://cdn.shopify.com/s/files/1/0088/1937/6188/files/3282770397079_1.jpg,https://www.dermaexpress.com.mx/products/avene-leche-protector-solar-ninos-spf50-250-ml,Dermaexpress
3282770155112,Ducray Creastim Loción Anticaída de Cabello 60 ml,Ducray,Capilar,Cabello,928,965.12,1160,1489,1759,2149,1209,20.17,16.8,ROJO,B,1,https://cdn.shopify.com/s/files/1/0088/1937/6188/files/3282770155112_1.jpg,https://www.dermaexpress.com.mx/products/ducray-creastim-locion-anticaida-de-cabello-60-ml,Dermaexpress
3504105036027,Mustela agua para peinar refrescante 200ml.,MUSTELA,Capilar,"Rostro, cuerpo y cabello",200,208,0,319,379,469,379,45.12,0,SIN_REF,B,1,https://cdn.shopify.com/s/files/1/0088/1937/6188/files/3504105036027_1.jpg,https://www.dermaexpress.com.mx/products/mustela-agua-para-peinar-refrescante-200ml,Dermaexpress
3701129812129,Bioderma Sensibio H2O Agua micelar desmaquillante y calmante edición bomba inversa 500 ml,Bioderma,Rostro,Rostro,652,678.08,815,1049,1239,1509,849,20.13,16.8,ROJO,B,1,https://cdn.shopify.com/s/files/1/0088/1937/6188/files/3701129812129_1.avif,https://www.dermaexpress.com.mx/products/bioderma-sensibio-h2o-agua-micelar-edicion-bomba-inversa-500-ml,Dermaexpress
3701129811399,Bioderma Cicabio Arnica+ crema calmante y reparadora 40 ml,Bioderma,Cuerpo,Cuerpo,420,436.8,525,679,799,979,549,20.44,16.8,ROJO,B,1,https://cdn.shopify.com/s/files/1/0088/1937/6188/files/3701129811399.jpg,https://www.dermaexpress.com.mx/products/bioderma-cicabio-arnica-crema-calmante-y-reparadora-40-ml,Dermaexpress
3701129807385,Bioderma Photoderm Aquafluide protector solar neutro SPF50+ 40 ml,Bioderma,Protección Solar,Protectores Solares,535,556.4,669,859,1019,1239,699,20.4,16.83,ROJO,B,1,https://cdn.shopify.com/s/files/1/0088/1937/6188/files/3701129807385.jpg,https://www.dermaexpress.com.mx/products/bioderma-photoderm-aquafluide-protector-solar-neutro-spf50-40-ml,Dermaexpress
3701129807392,Bioderma Photoderm Aquafluide protector solar con color claro SPF50+ 40 ml,Bioderma,Protección Solar,Protectores Solares,535,556.4,669,859,1019,1239,699,20.4,16.83,ROJO,B,1,https://cdn.shopify.com/s/files/1/0088/1937/6188/files/3701129807392.jpg,https://www.dermaexpress.com.mx/products/bioderma-photoderm-aquafluide-protector-solar-con-color-claro-spf50-40-ml,Dermaexpress
3701129812044,Bioderma Sensibio H2O Eye desmaquillante bifásico para ojos y labios 125 ml,Bioderma,Rostro,Rostro,359,373.36,449,579,679,829,469,20.39,16.85,ROJO,B,1,https://cdn.shopify.com/s/files/1/0088/1937/6188/files/3701129812044_1.avif,https://www.dermaexpress.com.mx/products/bioderma-sensibio-h2o-eye-desmaquillante-bifasico-para-ojos-y-labios-125-ml,Dermaexpress
3701129807248,Bioderma Photoderm Spray protector solar SPF50+ 300 ml,Bioderma,Protección Solar,Protectores Solares,623,647.92,779,999,1179,1439,809,19.91,16.83,ROJO,B,1,https://cdn.shopify.com/s/files/1/0088/1937/6188/files/3701129807248.jpg,https://www.dermaexpress.com.mx/products/bioderma-photoderm-spray-protector-solar-spf50-300-ml,Dermaexpress
7501258215336,Advaita Cicadona Crema corrección y restauración de cicatrices 15 gr,Advaita,Cuerpo,Cuerpo,468,486.72,0,749,889,1089,889,45.25,0,SIN_REF,B,1,https://cdn.shopify.com/s/files/1/0088/1937/6188/files/CICA_COMBO_15_2000x_1024x_e8ef54f3-d2e7-4883-a8e2-8c8aadb32e28.webp,https://www.dermaexpress.com.mx/products/advaita-cicadona-crema-correccion-y-restauracion-de-cicatrices-15-gr,Dermaexpress
7501258214834,Advaita Cicadona Crema corrección y restauración de cicatrices 40 gr,Advaita,Cuerpo,Cuerpo,1231,1280.24,0,1969,2329,2849,2329,45.03,0,SIN_REF,B,1,https://cdn.shopify.com/s/files/1/0088/1937/6188/files/Cicadona-Crema-Tubo-40Gr.jpg,https://www.dermaexpress.com.mx/products/advaita-cicadona-crema-40-gr,Dermaexpress
5201279102425,Apivita Hyalu Hydra Mascarilla hidratante para cabello seco o dañado 200 ml,Apivita,Capilar,Cabello,440,457.6,0,709,839,1019,839,45.46,0,SIN_REF,A,1,https://cdn.shopify.com/s/files/1/0088/1937/6188/files/5201279102425.jpg,https://www.dermaexpress.com.mx/products/apivita-hyalu-hydra-mascarilla-hidratante-para-cabello-seco-o-danado-200-ml,Dermaexpress
5201279102388,Apivita Hyalu Hydra shampoo hidratante para cabello seco o dañado 250 ml,Apivita,Capilar,Cabello,370,384.8,0,599,699,859,699,44.95,0,SIN_REF,A,1,https://cdn.shopify.com/s/files/1/0088/1937/6188/files/5201279102388.jpg,https://www.dermaexpress.com.mx/products/apivita-shampoo-hyalu-hydra-hidratacion-intensa-250-ml,Dermaexpress
7509552938777,Vichy kit-normaderm probio-bha serum anti-imperfecciones 30ml+probiotic 5ml+capital soleil uv clear spf50+ 3ml,Vichy,Rostro,Rostro,651,677.04,869,1049,1239,1509,849,20.25,22.09,AMARILLO,C,0,https://cdn.shopify.com/s/files/1/0088/1937/6188/files/7509552938777.avif,https://www.dermaexpress.com.mx/products/vichy-kit-normaderm-probio-bha-serum-anti-imperfecciones-30ml-probiotic-5ml-capital-soleil-uv-clear-spf50-3ml,Dermaexpress
3337875905633,CeraVe Loción Hidratante Refill 473 ml,Cerave,Rostro,Rostro,336,349.44,449,539,639,779,439,20.4,22.17,AMARILLO,A,1,https://cdn.shopify.com/s/files/1/0088/1937/6188/files/Diseno_sin_titulo_11_c8ef08d6-b8f4-4612-bd2d-ade85b8bf75f.png,https://www.dermaexpress.com.mx/products/cerave-locion-hidratante-refill-473-ml,Dermaexpress
3337875905596,Cerave Gel Espumoso Refill (16 oz) Limpiador para piel normal a grasa 473 ml,Cerave,Rostro,Rostro,389,404.56,519,629,739,899,509,20.52,22.05,AMARILLO,A,1,https://cdn.shopify.com/s/files/1/0088/1937/6188/files/Diseno_sin_titulo_11_1111.png,https://www.dermaexpress.com.mx/products/cerave-gel-espumoso-refill-16-oz-limpiador-para-piel-normal-a-grasa-473-ml,Dermaexpress
3337875918534,Vichy Liftactiv Pigment Specialist B3 Contorno de ojos antimanchas SPF50+ 15 ml,Vichy,Rostro,Rostro,824,856.96,1099,1319,1559,1909,1079,20.58,22.02,AMARILLO,A,1,https://cdn.shopify.com/s/files/1/0088/1937/6188/files/3337875918534_2.jpg,https://www.dermaexpress.com.mx/products/la-roche-posay-liftactiv-pigment-specialist-b3-contorno-de-ojos-spf-50-15ml,Dermaexpress
3337875894333,La Roche Posay Effaclar Dermatologic Foaming Bar 65 g,La Roche Posay,Rostro,Rostro,224,232.96,299,359,429,519,299,22.09,22.09,AMARILLO,C,0,https://cdn.shopify.com/s/files/1/0088/1937/6188/files/3337875894333_1_8f7c6c17-1ca1-4e9f-afd5-55ef8f17d905.jpg,https://www.dermaexpress.com.mx/products/la-roche-posay-effaclar-dermatologic-foaming-bar-65-g,Dermaexpress
3337875920742,La Roche-Posay Effaclar A.Z Gel-Crema Anti-imperfecciones 40 ml,La Roche Posay,Rostro,Rostro,824,856.96,1099,1319,1559,1909,1079,20.58,22.02,AMARILLO,A,1,https://cdn.shopify.com/s/files/1/0088/1937/6188/files/3337875920742_01.jpg,https://www.dermaexpress.com.mx/products/effaclar-a-z-gel-crema-anti-imperfecciones-40ml,Dermaexpress
7509552973792,La Roche-Posay Kit Effaclar Duo+M 40 ml + Effaclar Gel Limpiador +M 50 ml + Anthelios UV Mune 400 FPS 50+ Oil Control Fluido 3 ml,La Roche Posay,Rostro,Rostro,641,666.64,855,1029,1219,1489,839,20.54,22.03,AMARILLO,C,0,https://cdn.shopify.com/s/files/1/0088/1937/6188/files/7509552973792_01.jpg,https://www.dermaexpress.com.mx/products/kit-effaclar-duo-m-40ml-effaclar-gel-limpiador-m-50ml-anthelios-uv-mune-400-fps50-oil-control-fluido-3ml,Dermaexpress
7509552973594,La Roche-Posay Kit Effaclar Ultra Concentrated Sérum 30 ml + Effaclar Gel Limpiador +M 50 ml + Hyalu B5 Sérum 10 ml + Anthelios UV Mune 400 FPS 50+ Oil Control Fluido 3 ml,La Roche Posay,Rostro,Rostro,742,771.68,990,1189,1409,1719,969,20.36,22.05,AMARILLO,C,0,https://cdn.shopify.com/s/files/1/0088/1937/6188/files/7509552973594_01.jpg,https://www.dermaexpress.com.mx/products/kit-effaclar-ultra-concentrated-serum-30ml-effaclar-gel-limpiador-m-50ml-hyalu-b5-serum-10ml-anthelios-uv-mune-400-fps50-oil-control-fluido-3ml,Dermaexpress
7897930778801,Cetaphil Desmaquillante bifásico oil free 177 ml,Cetaphil,Rostro,Rostro,422,438.88,0,679,799,979,799,45.07,0,SIN_REF,C,0,https://cdn.shopify.com/s/files/1/0088/1937/6188/files/7897930778801_1.avif,https://www.dermaexpress.com.mx/products/cetaphil-desmaquillante-bifasico-oil-free-177-ml,Dermaexpress
3282779433570,Avene Kit Cleanance Sérum 30ml + Cleanance Gel 100ml + UltraFluid 2ml  Rutina Piel Grasa,Avene,Rostro,Cuerpo y rostro,791,822.64,989,1269,1499,1829,1029,20.05,16.82,ROJO,C,0,https://cdn.shopify.com/s/files/1/0088/1937/6188/files/3282779433570_1.jpg,https://www.dermaexpress.com.mx/products/avene-kit-cleanance-serum-gel-100ml-ultrafluid-2ml,Dermaexpress
3282779430845,Avene Kit Cleanance Gel 400ml + Cleanance Gel 100ml para Piel Grasa,Avene,Rostro,Cuerpo y rostro,607,631.28,759,979,1149,1409,789,19.99,16.83,ROJO,C,0,https://cdn.shopify.com/s/files/1/0088/1937/6188/files/3282779430845_1.jpg,https://www.dermaexpress.com.mx/products/kit-avene-cleanance-gel-400ml-cleanance-gel-100ml-para-piel-grasa,Dermaexpress
3282770396331,Avene Protector Solar Corporal FPS+50 en Spray 200ml,Avene,Protección Solar,Protectores Solares,599,622.96,749,959,1139,1389,779,20.03,16.83,ROJO,B,1,https://cdn.shopify.com/s/files/1/0088/1937/6188/files/3282770396331_1.jpg,https://www.dermaexpress.com.mx/products/avene-protector-solar-corporal-fps-50-en-spray-200ml,Dermaexpress
810168640649,Colorescience Total Protection Color Balm SPF50 Color Glow 9 gr,COLORSCIENCE,Rostro,Rostro,980,1019.2,0,1569,1859,2269,1859,45.17,0,SIN_REF,C,0,https://cdn.shopify.com/s/files/1/0088/1937/6188/files/Glow-balms.jpg,https://www.dermaexpress.com.mx/products/colorescience-sunforgettable-total-protection-color-balm-spf-50-glow-9-gr,Dermaexpress
810168640730,Colorescience Total Protection Color Balm SPF50 Color Savanna 9 gr,COLORSCIENCE,Rostro,Rostro,980,1019.2,0,1569,1859,2269,1859,45.17,0,SIN_REF,B,1,https://cdn.shopify.com/s/files/1/0088/1937/6188/files/savanna-balms.jpg,https://www.dermaexpress.com.mx/products/colorescience-sunforgettable-total-protection-color-balm-spf-50-savanna-9-gr,Dermaexpress
7506307519380,Bioderma Kit Photoderm Xdefense Neutro 40ml+Sensibio Gel Moussant 100ml.,Bioderma,Rostro,Rostro,599,622.96,749,959,1139,1389,779,20.03,16.83,ROJO,C,0,https://cdn.shopify.com/s/files/1/0088/1937/6188/files/7506307519380.jpg,https://www.dermaexpress.com.mx/products/kit-biuderma-photoderm-xdefense-neutro-40ml-sensibio-gel-moussant-100ml,Dermaexpress
3701129800553,Bioderma Pigmentbio Foaming Crema limpiadora despigmentante 500 ml,Bioderma,Cuerpo,Cuerpo,824,856.96,1030,1319,1559,1909,1079,20.58,16.8,ROJO,B,1,https://cdn.shopify.com/s/files/1/0088/1937/6188/files/bd-bdr-1105-0-bioderma-pigmentbio-foaming-cream-500ml-1594051433.jpg,https://www.dermaexpress.com.mx/products/pigmentbio-foaming-crema-500ml,Dermaexpress
7502003560237,Cetaphil Sérum de ceramidas 30 ml,Cetaphil,Rostro,Rostro,546,567.84,0,879,1039,1269,1039,45.35,0,SIN_REF,A,1,https://cdn.shopify.com/s/files/1/0088/1937/6188/files/7502003560237.jpg,https://www.dermaexpress.com.mx/products/cetaphil-serum-de-ceramidas-30-ml,Dermaexpress
3701129811467,Bioderma Sensibio Eye Crema hidratante para contorno de ojos 15 ml,Bioderma,Rostro,Rostro,508,528.32,635,819,969,1179,669,21.03,16.8,ROJO,B,1,https://cdn.shopify.com/s/files/1/0088/1937/6188/files/3701129811467_1.avif,https://www.dermaexpress.com.mx/products/bioderma-sensibio-crema-hidratante-para-contorno-de-ojos-15ml-copia,Dermaexpress
7506307519809,Bioderma Kit Sebium Gel Moussant 100ml.+ Sebium Gel Moussant 200ml.,Bioderma,Rostro,Rostro,415,431.6,519,669,789,959,539,19.93,16.84,ROJO,C,0,https://cdn.shopify.com/s/files/1/0088/1937/6188/files/7506307519809.jpg,https://www.dermaexpress.com.mx/products/kit-bioderma-sebium-gel-moussant-100ml-sebium-gel-moussant-200ml,Dermaexpress
3282779435185,Avene Kit Protector Solar Ultra Fluid Oil Control Ultra Mat FPS50 50ml + Cleanance Gel Limpiador 100ml,Avene,Protección Solar,Protectores Solares,519,539.76,649,839,989,1199,679,20.51,16.83,ROJO,C,0,https://cdn.shopify.com/s/files/1/0088/1937/6188/files/3282779435185_1.jpg,https://www.dermaexpress.com.mx/products/avene-kit-protector-solar-ultra-fluid-oil-control-ultra-mat-fps50-50ml-cleanance-gel-limpiador-100ml,Dermaexpress
3282779435178,Avene Kit Protector Solar Ultra Fluid Oil Control Mat Perfect FPS50 + Cleanance Gel Limpiador,Avene,Protección Solar,Protectores Solares,519,539.76,649,839,989,1199,679,20.51,16.83,ROJO,B,1,https://cdn.shopify.com/s/files/1/0088/1937/6188/files/3282779435178_1.jpg,https://www.dermaexpress.com.mx/products/avene-kit-protector-solar-ultra-fluid-oil-control-mat-perfect-fps50-cleanance-gel-limpiador,Dermaexpress
3760201234990,Etat Pur Bakuchiol 0.5% 15ml.,Etat pur,Rostro,Rostro,760,790.4,0,1219,1439,1759,1439,45.07,0,SIN_REF,C,0,https://cdn.shopify.com/s/files/1/0088/1937/6188/files/3760201234990.avif,https://www.dermaexpress.com.mx/products/etatpur-bakuchiol-0-5-15ml,Dermaexpress
810168640563,Colorescience Face Shield Flex SPF50 Light 55 ml,COLORSCIENCE,Rostro,Rostro,1540,1601.6,0,2469,2919,3559,2919,45.13,0,SIN_REF,B,1,https://cdn.shopify.com/s/files/1/0088/1937/6188/files/Disenosintitulo_53_2_2a0f06fa-8295-4bc4-a3a1-614e907651a2.png,https://www.dermaexpress.com.mx/products/colorescience-face-shield-flex-spf-50-light-primer-adaptable-al-tono-de-piel-55-ml,Dermaexpress
3282770398168,Ducray Anaphase Shampoo anticaída ocasional para el cabello 200 ml,Ducray,Capilar,Cabello,432,449.28,540,699,819,999,569,21.04,16.8,ROJO,B,1,https://cdn.shopify.com/s/files/1/0088/1937/6188/files/3282770398168_1.png,https://www.dermaexpress.com.mx/products/ducray-anaphase-shampoo-anticaida-ocasional-para-el-cabello-200ml,Dermaexpress
3282770398199,Ducray Anaphase Acondicionador fortificante anticaída 200 ml,Ducray,Capilar,Cabello,464,482.56,580,749,879,1079,609,20.76,16.8,ROJO,B,1,https://cdn.shopify.com/s/files/1/0088/1937/6188/files/3282770398199_1_b20a3677-6bdc-4dcb-a5a2-ecac404ab3a1.png,https://www.dermaexpress.com.mx/products/ducray-anaphase-acondicionador-fortificante-anti-caida-para-el-cabello-200ml,Dermaexpress
3282770398632,"Aderma Epitheliale Ultra Repair, Crema Reparadora Antimarcas 40gr.",Aderma,Rostro,Rostro,439,456.56,549,709,839,1019,579,21.15,16.84,ROJO,B,1,https://cdn.shopify.com/s/files/1/0088/1937/6188/files/3282770398632_1.jpg,https://www.dermaexpress.com.mx/products/aderma-epitheliale-ultra-repair-crema-reparadora-antimarcas-40gr,Dermaexpress
7502003560244,Cetaphil Sérum de vitamina C antimanchas 30 ml,Cetaphil,Rostro,Rostro,622,646.88,0,999,1179,1439,1179,45.13,0,SIN_REF,A,1,https://cdn.shopify.com/s/files/1/0088/1937/6188/files/7502003560244.jpg,https://www.dermaexpress.com.mx/products/cetaphil-serum-de-vitamina-c-antimanchas-30-ml,Dermaexpress
813419028134,Colorescience Total Protection Color Balm SPF50 Color Pink Sky 9 gr,COLORSCIENCE,Rostro,Rostro,980,1019.2,0,1569,1859,2269,1859,45.17,0,SIN_REF,B,1,https://cdn.shopify.com/s/files/1/0088/1937/6188/files/blush_1.png,https://www.dermaexpress.com.mx/products/colorescience-total-protection-color-balm-spf-50-pink-sky-9-g,Dermaexpress
813419029131,Colorescience Total Lash Máscara Black. Mascara de pestañas color negro 8 ml.,COLORSCIENCE,Rostro,Rostro,1540,1601.6,0,2469,2919,3559,2919,45.13,0,SIN_REF,C,0,https://cdn.shopify.com/s/files/1/0088/1937/6188/files/caja-total-lash.jpg,https://www.dermaexpress.com.mx/products/colorescience-total-lash-mascara-black-mascara-de-pestanas-color-negro-8-ml,Dermaexpress
3499320017527,Cetaphil SA Loción hidratante renovadora antirugosidades rostro y cuerpo 473 ml,Cetaphil,Rostro,Cuerpo y rostro,452,470.08,646,729,859,1049,629,25.27,27.23,AMARILLO,A,1,https://cdn.shopify.com/s/files/1/0088/1937/6188/files/3499320017527_1.jpg,https://www.dermaexpress.com.mx/products/cetaphil-sa-locion-hidratante-antirugosidad-renovador-473-ml-con-acido-salicilico-y-acido-mandelico-para-rostro-y-cuerpo,Dermaexpress
3499320017176,Cetaphil Loción hidratante antirugosidad  236 ml,Cetaphil,Rostro,Cuerpo y rostro,333,346.32,477,539,629,769,469,26.16,27.4,AMARILLO,A,1,https://cdn.shopify.com/s/files/1/0088/1937/6188/files/3499320017176_1.jpg,https://www.dermaexpress.com.mx/products/cetaphil-sa-locion-hidratante-antirugosidad-renovador-236-ml-con-acido-salicilico-y-acido-mandelico-para-rostro-y-cuerpo,Dermaexpress
3499320017183,Cetaphil SA Gel limpiador exfoliante suave renovador 236 ml,Cetaphil,Rostro,Cuerpo y rostro,312,324.48,446,499,589,729,439,26.09,27.25,AMARILLO,A,1,https://cdn.shopify.com/s/files/1/0088/1937/6188/files/3499320017183_1.jpg,https://www.dermaexpress.com.mx/products/cetaphil-sa-limpiador-exfoliante-suave-renovador-236-ml-con-acido-salicilico-y-acido-mandelico-para-rostro-y-cuerpo,Dermaexpress
3499320017534,Cetaphil SA Gel limpiador exfoliante renovador rostro y cuerpo 473 ml,Cetaphil,Rostro,Cuerpo y rostro,421,437.84,602,679,799,979,589,25.66,27.27,AMARILLO,A,1,https://cdn.shopify.com/s/files/1/0088/1937/6188/files/3499320017534_3.avif,https://www.dermaexpress.com.mx/products/cetaphil-sa-limpiador-exfoliante-suave-renovador-473-ml-acido-salicilico-y-acido-mandelico-para-rostro-y-cuerpo,Dermaexpress
850920002017,Meg 21 - Advanced Treatment - Tratamiento Avanzado 50gr.,Meg 21,Rostro,Rostro,2900,3016,0,4639,5489,6709,5489,45.05,0,SIN_REF,C,0,https://cdn.shopify.com/s/files/1/0088/1937/6188/files/MEG21-AF.jpg,https://www.dermaexpress.com.mx/products/meg-21-advanced-treatment-tratamiento-avanzado-50gr,Dermaexpress
850920002000,Meg 21 - Face Treatment - Tratamiento Facial 50gr.,Meg 21,Rostro,Rostro,2500,2600,0,3999,4729,5779,4729,45.02,0,SIN_REF,C,0,https://cdn.shopify.com/s/files/1/0088/1937/6188/files/MEG21-FT.jpg,https://www.dermaexpress.com.mx/products/meg-21-face-treatment-tratamiento-facial-50gr,Dermaexpress
850920002031,Meg 21 - Eye Treatment - Tratamiento de ojos 15gr.,Meg 21,Rostro,Rostro,1980,2059.2,0,3169,3749,4579,3749,45.07,0,SIN_REF,C,0,https://cdn.shopify.com/s/files/1/0088/1937/6188/files/MEG21-ET.jpg,https://www.dermaexpress.com.mx/products/meg-21-eye-treatment-tratamiento-de-ojos,Dermaexpress
813419028141,Colorescience Total Protection Color Balm SPF50 Color Violet Haze 9 gr,COLORSCIENCE,Rostro,Rostro,980,1019.2,0,1569,1859,2269,1859,45.17,0,SIN_REF,B,1,https://cdn.shopify.com/s/files/1/0088/1937/6188/files/violet-product.jpg,https://www.dermaexpress.com.mx/products/colorescience-total-protection-color-balm-spf-50-violet-haze,Dermaexpress
813419028158,Colorescience Total Protection Color Balm SPF50 Color Golden Hour 9 gr,COLORSCIENCE,Rostro,Rostro,980,1019.2,0,1569,1859,2269,1859,45.17,0,SIN_REF,C,0,https://cdn.shopify.com/s/files/1/0088/1937/6188/files/golden-product.jpg,https://www.dermaexpress.com.mx/products/colorescience-total-protection-color-balm-spf-50-golden-hour,Dermaexpress
7502002462525,Farmapiel Skindry Sens 20ml,Farmapiel,Cuerpo,Cuerpo,490,509.6,0,789,929,1139,929,45.15,0,SIN_REF,B,1,https://cdn.shopify.com/s/files/1/0088/1937/6188/files/SkindrySensitive20ml.jpg,https://www.dermaexpress.com.mx/products/farmapiel-skindry-sens-20ml-vr,Dermaexpress
358892134502,Tizo Sérum facial hidratante con FPS y color tono medium deep 50 gr,Tizo,Protección Solar,Protectores Solares,1200,1248,0,1919,2269,2779,2269,45,0,SIN_REF,B,1,https://cdn.shopify.com/s/files/1/0088/1937/6188/files/TMS-TONO-4-PRODUCTO.jpg,https://www.dermaexpress.com.mx/products/tizo-tinted-moisturizing-serum-medium-deep,Dermaexpress
358892133505,Tizo Sérum facial hidratante con FPS y color tono medium 50 g,Tizo,Protección Solar,Protectores Solares,1200,1248,0,1919,2269,2779,2269,45,0,SIN_REF,B,1,https://cdn.shopify.com/s/files/1/0088/1937/6188/files/TMS-TONO-3-PRODUCTO_53c3f08c-4022-4998-95a5-8cf9891bf39d.jpg,https://www.dermaexpress.com.mx/products/tizo-tinted-moisturizing-serum-medium,Dermaexpress
358892135509,Tizo Sérum Facial Hidratante con FPS y Color Tono Deep 50gr,Tizo,Protección Solar,Protectores Solares,1200,1248,0,1919,2269,2779,2269,45,0,SIN_REF,B,1,https://cdn.shopify.com/s/files/1/0088/1937/6188/files/TMS-TONO-5-PRODUCTO.jpg,https://www.dermaexpress.com.mx/products/tizo-tinted-moisturizing-serum-deep,Dermaexpress
358892132508,Tizo Sérum facial hidratante con FPS y color tono light medium 50 gr,Tizo,Protección Solar,Protectores Solares,1200,1248,0,1919,2269,2779,2269,45,0,SIN_REF,B,1,https://cdn.shopify.com/s/files/1/0088/1937/6188/files/TMS-TONO-2-PRODUCTO_1396fbd4-acfd-4ce8-837a-f85c0e0b5307.jpg,https://www.dermaexpress.com.mx/products/tizo-tinted-moisturizing-serum-light-medium,Dermaexpress
358892131501,Tizo Sérum facial hidratante con FPS y color tono light 50 gr,Tizo,Protección Solar,Protectores Solares,1200,1248,0,1919,2269,2779,2269,45,0,SIN_REF,C,0,https://cdn.shopify.com/s/files/1/0088/1937/6188/files/TMS-TONO-1-PRODUCTO.jpg,https://www.dermaexpress.com.mx/products/tizo-tinted-moisturizing-serum-light,Dermaexpress
813419027212,Colorescience Total Protection™ Sport Stick Twin Pack SPF 50. 2 piezas 18gr.,COLORSCIENCE,Rostro,Rostro y cuello,1420,1476.8,0,2279,2689,3289,2689,45.08,0,SIN_REF,B,1,https://cdn.shopify.com/s/files/1/0088/1937/6188/files/Disenosintitulo-2025-05-30T134607.459.png,https://www.dermaexpress.com.mx/products/colorescience-total-protection™-sport-stick-twin-pack-spf-50-2-piezas,Dermaexpress
3760269771574,Isispharma Uveblock Sun Sérum 28 ml,Isispharma,Rostro,Rostro,680,707.2,850,1089,1289,1579,889,20.45,16.8,ROJO,B,1,https://cdn.shopify.com/s/files/1/0088/1937/6188/files/3760269771574.png,https://www.dermaexpress.com.mx/products/isispharma-uveblock-sun-serum-28ml,Dermaexpress
3282770396881,Avene Protector Solar Leche para adultos FPS50+ 250 ml,Avene,Protección Solar,Protectores Solares,559,581.36,699,899,1059,1299,729,20.25,16.83,ROJO,B,1,https://cdn.shopify.com/s/files/1/0088/1937/6188/files/3282770396881_1.jpg,https://www.dermaexpress.com.mx/products/avene-protector-solar-leche-para-adultos-fps50-250-ml,Dermaexpress
7509552972726,La Roche-Posay Kit Anthelios UVMune 400 Oil Control con Color 50 ml + Effaclar Gel Moussant 50 ml + Agua Termal 50 ml,La Roche Posay,Protección Solar,Solares,491,510.64,655,789,929,1139,639,20.09,22.04,AMARILLO,C,0,https://cdn.shopify.com/s/files/1/0088/1937/6188/files/7509552971491_1.webp,https://www.dermaexpress.com.mx/products/kit-la-roche-posay-anthelios-uvmune-400-oil-control-con-color-50-ml-effaclar-gel-moussant-50-ml-agua-termal-50-ml,Dermaexpress
4006000014395,Eucerin Anti-Pigment Crema Corporal Exfoliante Anti-manchas 200 ml,Eucerin,Cuerpo,Cuerpo,524,544.96,749,839,999,1219,729,25.25,27.24,AMARILLO,A,1,https://cdn.shopify.com/s/files/1/0088/1937/6188/files/Diseno_sin_titulo_3_d7a8c696-0eed-4faa-a57d-a611144d306a.png,https://www.dermaexpress.com.mx/products/eucerin-anti-pigment-crema-corporal-200ml,Dermaexpress
7509552972733,La Roche-Posay Kit Anthelios UVMUNE 400 Oil Control + Effaclar Gel Moussant + Effaclar Serum,La Roche Posay,Protección Solar,Protectores Solares,491,510.64,655,789,929,1139,639,20.09,22.04,AMARILLO,C,0,https://cdn.shopify.com/s/files/1/0088/1937/6188/files/LAROCHEPOSAYKITFLUIDOOIL.webp,https://www.dermaexpress.com.mx/products/kit-la-roche-posay-anthelios-uvmune-400-oil-control-effaclar-gel-moussant-effaclar-serum,Dermaexpress
3337875916998,Vichy Minéral 89 Melatonina Crema reparadora de noche 50 ml,Vichy,Rostro,ROSTRO,599,622.96,799,959,1139,1389,779,20.03,22.03,AMARILLO,A,1,https://cdn.shopify.com/s/files/1/0088/1937/6188/files/vichy-mineral89-melatonin-night-cream-website-pdp-mosaic-1_1_-_copia.webp,https://www.dermaexpress.com.mx/products/vichy-mineral-89-melatonina-crema-reparadora-de-noche-50-ml,Dermaexpress
3282770390513,Darrow Actine Aquaforce Gel hidratante 40 gr,Darrow,Rostro,ROSTRO,383,398.32,479,619,729,889,499,20.18,16.84,ROJO,B,1,https://cdn.shopify.com/s/files/1/0088/1937/6188/files/3282770390513_8.jpg,https://www.dermaexpress.com.mx/products/darrow-actine-aquaforce-gel-hidratante-40g,Dermaexpress
7640137419004,Vitilsi Gel regulador 40 gr,Genove,Rostro,ROSTRO,712,740.48,950,1139,1349,1649,929,20.29,22.05,AMARILLO,B,1,https://cdn.shopify.com/s/files/1/0088/1937/6188/files/16466452067751119-removebg-preview.png,https://www.dermaexpress.com.mx/products/vitilsi-gel-regulador-40g,Dermaexpress
7506307518628,Bipack Bioderma - Pigmentbio Sensitive Areas 75ml.,Bioderma,Cuerpo,Cuerpo,612,636.48,765,979,1159,1419,799,20.34,16.8,ROJO,C,0,https://cdn.shopify.com/s/files/1/0088/1937/6188/files/7506307518628.jpg,https://www.dermaexpress.com.mx/products/bioderma-bipack-sensitive-areas,Dermaexpress
7506307518802,Tripack Bioderma - Atoderm Barra Dermolimpiadora,Bioderma,Cuerpo,Cuerpo,344,357.76,430,559,659,799,449,20.32,16.8,ROJO,C,0,https://cdn.shopify.com/s/files/1/0088/1937/6188/files/7506307518802.jpg,https://www.dermaexpress.com.mx/products/bioderma-tripack-atoderm-barra,Dermaexpress
3337875917810,"La Roche-Posay Protector Solar Anthelios UV Air FPS 50+ Fluido ligero invisible oil-free para piel sensible, mixta y grasa 40 ml",La Roche Posay,Protección Solar,Solares,411,427.44,549,659,779,949,539,20.7,22.14,AMARILLO,C,0,https://cdn.shopify.com/s/files/1/0088/1937/6188/files/1_5481e5c5-aa48-46a2-814f-6dd4f26356dd.png,https://www.dermaexpress.com.mx/products/la-roche-posay-anthelios-uv-air-spf50-40ml,Dermaexpress
3337875917407,"La Roche-Posay Protector Solar Anthelios UVMune 400 Fluido Anti-manchas FPS 50+ para piel sensible, mixta y con tendencia a manchas 50 ml",La Roche Posay,Protección Solar,Solares,599,622.96,799,959,1139,1389,779,20.03,22.03,AMARILLO,C,0,https://cdn.shopify.com/s/files/1/0088/1937/6188/files/Diseno_sin_titulo_2_791ab0cd-abf6-4897-be36-0bcccc0acecc.png,https://www.dermaexpress.com.mx/products/anthelios-uv-mune-400-fluido-anti-manchas-spf50-50ml,Dermaexpress
3282770207774,Avene Cleanance Gel limpiador para piel sensible con tendencia acneica 400 ml,Avene,Rostro,Rostro,614,638.56,819,989,1169,1419,799,20.08,22.03,AMARILLO,A,1,https://cdn.shopify.com/s/files/1/0088/1937/6188/files/Diseno_sin_titulo_1_cc4b8af3-ef03-4c89-90a2-150405b96082.png,https://www.dermaexpress.com.mx/products/avene-cleanance-gel-limpiador-y-matificante-para-pieles-sensibles-con-imperfecciones-o-con-tendencia-acneica-400ml-copia,Dermaexpress
3760269771314,Isispharma Teen Derm Alpha Pure Tratamiento intenso anti-imperfecciones para piel grasa 30 ml,Isispharma,Rostro,Rostro,496,515.84,620,799,939,1149,649,20.52,16.8,ROJO,B,1,https://cdn.shopify.com/s/files/1/0088/1937/6188/products/TeenDerm_-pure.jpg,https://www.dermaexpress.com.mx/products/teen-derm-alpha-pure-30ml,Dermaexpress
3661434006968,Uriage Xemose bálsamo corporal piel seca y atópica 500 ml,URIAGE,Rostro,Cuerpo y rostro,498,517.92,665,799,949,1159,649,20.2,22.12,AMARILLO,A,1,https://cdn.shopify.com/s/files/1/0088/1937/6188/files/3661434006968_1.jpg,https://www.dermaexpress.com.mx/products/uriage-xemose-crema-corporal-piel-seca-y-atopica-500ml,Dermaexpress
3661434009495,Uriage Bariésun Fluido solar spf50+ Ultra ligero 30 ml,URIAGE,Rostro,Rostro,308,320.32,411,499,589,719,409,21.68,22.06,AMARILLO,C,0,https://cdn.shopify.com/s/files/1/0088/1937/6188/files/3661434009495_1.jpg,https://www.dermaexpress.com.mx/products/uriage-bariesun-fluido-solar-spf50-ultra-ligero-30ml,Dermaexpress
8436574364460,Cantabria Labs Heliocare 360° Acnimat Crema FPS50+ 50 ml,Cantabria Labs,Protección Solar,Solares,620,644.8,730,999,1179,1439,809,20.3,11.67,ROJO,B,1,https://cdn.shopify.com/s/files/1/0088/1937/6188/files/H360Acnimat_1.jpg,https://www.dermaexpress.com.mx/products/heliocare-360º-acnimat-spf50-crema-50ml,Dermaexpress
8470002147102,Cantabria Labs Heliocare 360° Sensation Protector solar FPS50+ 50 ml,Cantabria Labs,Protección Solar,Solares,620,644.8,730,999,1179,1439,809,20.3,11.67,ROJO,B,1,https://cdn.shopify.com/s/files/1/0088/1937/6188/files/H360Sensation-1.jpg,https://www.dermaexpress.com.mx/products/heliocare-360-sensation-fps50-50-ml,Dermaexpress
8470001592453,Cantabria Labs Heliocare 360° Advanced Gel Protector solar FPS50+ 250 ml,Cantabria Labs,Protección Solar,Solares,646,671.84,760,1039,1229,1499,839,19.92,11.6,ROJO,B,1,https://cdn.shopify.com/s/files/1/0088/1937/6188/files/H360AdvancedGel-1.jpg,https://www.dermaexpress.com.mx/products/heliocare-360-advanced-gel-spf-50-250-ml,Dermaexpress
3661434033353,Uriage Kit Bariésun Ultrafluido SPF50+ 30ml + Eau Thermal Mascarilla 50ml,URIAGE,Rostro,Rostro,532,553.28,710,859,1009,1229,699,20.85,22.07,AMARILLO,C,0,https://cdn.shopify.com/s/files/1/0088/1937/6188/files/3661434033353_KITBARIESUNULTRAFLUIDOSPF50_30ML_EAUTHERMALMASCARILLA50ML.jpg,https://www.dermaexpress.com.mx/products/kit-bariesun-ultrafluido-spf50-30ml-eau-thermal-mascarilla-50ml,Dermaexpress
3661434033346,Uriage Kit Bariésun Fluido Antimanchas SPF50+ 40ml + Age Absolu CR día 15ml,URIAGE,Rostro,Rostro,455,473.2,607,729,869,1059,599,21,22.04,AMARILLO,C,0,https://cdn.shopify.com/s/files/1/0088/1937/6188/files/3661434033346_KITBARIESUNFLUIDOANTIMANCHASSPF50_40ML_AGEABSOLUCRDIA15ML.jpg,https://www.dermaexpress.com.mx/products/kit-bariesun-fluido-antimanchas-spf50-40ml-age-absolu-cr-dia-15ml,Dermaexpress
3661434033315,Uriage Kit Bariésun Fluido Mat SPF50+ 50ml + Hyseac Gel Limpiador 50ml,URIAGE,Rostro,Cuerpo y rostro,411,427.44,548,659,779,949,539,20.7,22,AMARILLO,C,0,https://cdn.shopify.com/s/files/1/0088/1937/6188/files/3661434033315_KIT_BARIESUN_FLUIDO_MAT_SPF50_50ML_HYSEAC_GEL_LIMPIADOR_50ML.jpg,https://www.dermaexpress.com.mx/products/kit-bariesun-fluido-mat-spf50-50ml-hyseac-gel-limpiador-50ml,Dermaexpress
3661434023484,Uriage Roséliane CC cream spf50+ Antirojeces tono claro 40 ml,URIAGE,Rostro,Rostro,463,481.52,618,749,879,1079,609,20.93,22.08,AMARILLO,A,1,https://cdn.shopify.com/s/files/1/0088/1937/6188/files/3661434008511_1.jpg,https://www.dermaexpress.com.mx/products/uriage-roseliane-cc-cream-spf50-antirojeces-tono-claro-40ml-copia,Dermaexpress
3701129813614,Bioderma Photoderm Xdefense Protector solar facial tono Neutro 40 ml,Bioderma,Rostro,Rostro,599,622.96,749,959,1139,1389,779,20.03,16.83,ROJO,B,1,https://cdn.shopify.com/s/files/1/0088/1937/6188/files/3701129813614.jpg,https://www.dermaexpress.com.mx/products/photoderm-xdefense-neutro-40ml,Dermaexpress
3401347869546,"Bioderma Cicabio, Crema reparadora 40ml.",Bioderma,Cuerpo,Cuerpo,391,406.64,489,629,739,909,509,20.11,16.84,ROJO,C,0,https://cdn.shopify.com/s/files/1/0088/1937/6188/products/3401347869546_06c3a6cc-97d0-4220-bc7a-966e21bd65f9.jpg,https://www.dermaexpress.com.mx/products/bioderma-cicabio-crema-40ml-3401347869546,Dermaexpress
3401560936988,"Bioderma Atoderm Intensive Gel Moussant, Gel limpiador para piel seca e irritada 200ml.",Bioderma,Cuerpo,Cuerpo,327,340.08,409,529,619,759,429,20.73,16.85,ROJO,C,0,https://cdn.shopify.com/s/files/1/0088/1937/6188/products/3401560936988_eff1c644-f0b5-4ba5-8cd0-298b70e803bb.jpg,https://www.dermaexpress.com.mx/products/bioderma-atoderm-gel-intensive-200ml-3401560936988,Dermaexpress
8429420181113,Isdin Babynaturals First Teeth Gel protector para encías del bebé 30 ml,Isdin,Rostro,Rostro,156.1,162.34,223,249,299,369,219,25.87,27.2,AMARILLO,A,1,https://cdn.shopify.com/s/files/1/0088/1937/6188/files/8429420181113.jpg,https://www.dermaexpress.com.mx/products/babynaturals-first-teeth-gel-30ml,Dermaexpress
3282770391008,Aderma Dermalibour+ Crema barrera protectora 50 ml,Aderma,Cuerpo,Cuerpo,335,348.4,419,539,639,779,439,20.64,16.85,ROJO,B,1,https://cdn.shopify.com/s/files/1/0088/1937/6188/files/3282770391008.jpg,https://www.dermaexpress.com.mx/products/dermalibour-barrera-crema-protectora-50ml,Dermaexpress
3701129813621,Bioderma Photoderm Xdefense Protector solar facial tono muy claro 40 ml,Bioderma,Rostro,Rostro,599,622.96,749,959,1139,1389,779,20.03,16.83,ROJO,B,1,https://cdn.shopify.com/s/files/1/0088/1937/6188/files/3701129813621.jpg,https://www.dermaexpress.com.mx/products/photoderm-xdefense-muy-claro-40ml,Dermaexpress
3701129813638,Bioderma Photoderm Xdefense FPS50+ Protector solar facial tono Claro 40 ml,Bioderma,Rostro,Rostro,599,622.96,749,959,1139,1389,779,20.03,16.83,ROJO,B,1,https://cdn.shopify.com/s/files/1/0088/1937/6188/files/3701129813638.jpg,https://www.dermaexpress.com.mx/products/photoderm-xdefense-claro-40ml,Dermaexpress
3701129813645,Bioderma Photoderm Xdefense FPS50+ Protector solar facial tono Dorado 40 ml,Bioderma,Rostro,Rostro,599,622.96,749,959,1139,1389,779,20.03,16.83,ROJO,B,1,https://cdn.shopify.com/s/files/1/0088/1937/6188/files/3701129813645.jpg,https://www.dermaexpress.com.mx/products/photoderm-xdefense-dorado-40ml,Dermaexpress
3701129813652,Bioderma Photoderm Xdefense Protector solar facial tono Bronce 40 ml,Bioderma,Rostro,Rostro,599,622.96,749,959,1139,1389,779,20.03,16.83,ROJO,B,1,https://cdn.shopify.com/s/files/1/0088/1937/6188/files/3701129813652.jpg,https://www.dermaexpress.com.mx/products/photoderm-xdefense-bronce-40ml,Dermaexpress
3401399373527,Bioderma Atoderm Intensive Barra limpiadora antibacterial 150 gr,Bioderma,Cuerpo,Cuerpo,178,185.12,223,289,339,419,239,22.54,16.99,ROJO,C,0,https://cdn.shopify.com/s/files/1/0088/1937/6188/products/3401399373527_1639f2d2-0c98-48b6-a510-c175b93e9997.jpg,https://www.dermaexpress.com.mx/products/bioderma-atoderm-barra-150gr-3401399373527,Dermaexpress
3504108090743,Mustela Jabón en Barra para Piel Normal 100 gr,MUSTELA,Cuerpo,Cuerpo,83,86.32,0,139,159,199,159,45.71,0,SIN_REF,B,1,https://cdn.shopify.com/s/files/1/0088/1937/6188/files/3504108090743_1.jpg,https://www.dermaexpress.com.mx/products/mustela-jabon-en-barra-para-piel-normal-100gr,Dermaexpress
3504105041458,Mustela Toallitas Húmedas Compostables 60 pz,MUSTELA,Rostro,Cuerpo y rostro,209,217.36,0,339,399,489,399,45.52,0,SIN_REF,B,1,https://cdn.shopify.com/s/files/1/0088/1937/6188/files/3504105041458_1.jpg,https://www.dermaexpress.com.mx/products/mustela-toallitas-humedas-compostables-60pz,Dermaexpress
3504105038724,Mustela Bio Orgánico Gel de Baño Refill 400 ml,MUSTELA,Capilar,"Rostro, cuerpo y cabello",412,428.48,0,659,779,959,779,45,0,SIN_REF,C,0,https://cdn.shopify.com/s/files/1/0088/1937/6188/files/3504105038724_1.jpg,https://www.dermaexpress.com.mx/products/mustela-bio-organico-gel-de-bano-refill-400ml,Dermaexpress
3504105037970,Mustela Bio Orgánico Crema Hidratante 150 ml,MUSTELA,Rostro,Cuerpo y rostro,317,329.68,0,509,599,739,599,44.96,0,SIN_REF,B,1,https://cdn.shopify.com/s/files/1/0088/1937/6188/files/3504105037970_1.jpg,https://www.dermaexpress.com.mx/products/mustela-bio-organico-crema-hidratante-150ml,Dermaexpress
3504105037956,Mustela Bio Orgánico Gel de Baño 400 ml,MUSTELA,Rostro,Cuerpo y rostro,444,461.76,0,719,839,1029,839,44.96,0,SIN_REF,C,0,https://cdn.shopify.com/s/files/1/0088/1937/6188/files/3504105037956_1.jpg,https://www.dermaexpress.com.mx/products/mustela-bio-organico-gel-de-bano-400ml,Dermaexpress
3504105037185,Mustela Bálsamo Universal 75 ml,MUSTELA,Rostro,Cuerpo y rostro,283,294.32,0,459,539,659,539,45.4,0,SIN_REF,C,0,https://cdn.shopify.com/s/files/1/0088/1937/6188/files/3504105037185_1.jpg,https://www.dermaexpress.com.mx/products/mustela-balsamo-universal-75ml,Dermaexpress
3504105036768,Mustela Protector Solar Facial SPF50+ 40 ml,MUSTELA,Protección Solar,Solares,399,414.96,0,639,759,929,759,45.33,0,SIN_REF,B,1,https://cdn.shopify.com/s/files/1/0088/1937/6188/files/3504105036768_1.jpg,https://www.dermaexpress.com.mx/products/mustela-protector-solar-facial-40ml,Dermaexpress
3504105036751,Mustela Protector Solar en Spray 200ml.,MUSTELA,Protección Solar,Solares,810,842.4,0,1299,1539,1879,1539,45.26,0,SIN_REF,B,1,https://cdn.shopify.com/s/files/1/0088/1937/6188/files/3504105036751_1.jpg,https://www.dermaexpress.com.mx/products/mustela-protector-solar-en-spray-200ml,Dermaexpress
3504105035815,Mustela Solución Limpiadora Sin Enjuague 300 ml,MUSTELA,Rostro,Cuerpo y cara,220,228.8,0,359,419,509,419,45.39,0,SIN_REF,B,1,https://cdn.shopify.com/s/files/1/0088/1937/6188/files/3504105035815_1.jpg,https://www.dermaexpress.com.mx/products/mustela-solucion-limpiadora-sin-enjuague-300ml,Dermaexpress
3504105035532,Mustela Loción Corporal Cold Cream 200 ml,MUSTELA,Cuerpo,Cuerpo,226,235.04,0,369,429,529,429,45.21,0,SIN_REF,B,1,https://cdn.shopify.com/s/files/1/0088/1937/6188/files/3504105035532_1.jpg,https://www.dermaexpress.com.mx/products/mustela-locion-corporal-cold-cream-200ml,Dermaexpress
3504105033828,Mustela Crema Prevención de Estrías 150 ml,MUSTELA,Cuerpo,Cuerpo,417,433.68,0,669,789,969,789,45.03,0,SIN_REF,C,0,https://cdn.shopify.com/s/files/1/0088/1937/6188/files/3504105033828_1.jpg,https://www.dermaexpress.com.mx/products/mustela-crema-prevencion-estrias-150ml,Dermaexpress
3504105033637,Mustela Stelatopia Gel Lavante 200 ml,MUSTELA,Rostro,Cuerpo y rostro,392,407.68,0,629,749,909,749,45.57,0,SIN_REF,B,1,https://cdn.shopify.com/s/files/1/0088/1937/6188/files/3504105033637_1.jpg,https://www.dermaexpress.com.mx/products/mustela-stelatopia-gel-lavante-200ml,Dermaexpress
3504105025816,Mustela Crema para Rozaduras 50 ml,MUSTELA,Cuerpo,Cuerpo,125,130,0,199,239,289,239,45.61,0,SIN_REF,C,0,https://cdn.shopify.com/s/files/1/0088/1937/6188/files/3504105025816_1.jpg,https://www.dermaexpress.com.mx/products/mustela-crema-para-rozaduras-50ml,Dermaexpress
3701129806616,Bioderma Photoderm Bruma invisible FPS50+ Protector solar corporal 150 ml,Bioderma,Rostro,Cuerpo y cara,591,614.64,739,949,1119,1369,769,20.07,16.83,ROJO,B,1,https://cdn.shopify.com/s/files/1/0088/1937/6188/files/3701129806616.jpg,https://www.dermaexpress.com.mx/products/photoderm-bruma-invisible-spf-50-150ml,Dermaexpress
8431166260106,Leti SR Serum anti-rojeces 30ml.,Armstrong,Rostro,ROSTRO,1171,1217.84,0,1879,2219,2709,2219,45.12,0,SIN_REF,B,1,https://cdn.shopify.com/s/files/1/0088/1937/6188/files/0106_1_1200x1200_750488aa-1d80-4a96-9bae-9e4f18cdfd71.jpg,https://www.dermaexpress.com.mx/products/leti-sr-serum-anti-rojeces-30ml,Dermaexpress
8431166260021,Leti SR Crema anti-rojeces 40ml.,Armstrong,Rostro,ROSTRO,770,800.8,0,1239,1459,1779,1459,45.11,0,SIN_REF,B,1,https://cdn.shopify.com/s/files/1/0088/1937/6188/files/0021_1_1200x1200_5e9a391d-ad08-4021-8f5f-cddddcd79a0c.jpg,https://www.dermaexpress.com.mx/products/leti-sr-crema-anti-rojeces-40ml,Dermaexpress
8431166260137,Leti SR agua micelar 200ml.,Armstrong,Rostro,ROSTRO,507,527.28,0,819,959,1179,959,45.02,0,SIN_REF,B,1,https://cdn.shopify.com/s/files/1/0088/1937/6188/files/0137_1_1200x1200_c6135173-411e-4a03-968a-54144cb9cc02.jpg,https://www.dermaexpress.com.mx/products/leti-sr-agua-micelar-200ml,Dermaexpress
8431166181852,Leti AT4 Multiprotect Loción corporal 100 ml,Armstrong,Protección Solar,Protectores Solares,946,983.84,0,1519,1789,2189,1789,45.01,0,SIN_REF,B,1,https://cdn.shopify.com/s/files/1/0088/1937/6188/files/1852_1-1200x1200.jpg,https://www.dermaexpress.com.mx/products/leti-at4-multiprotect-locion-corporal-100ml,Dermaexpress
8431166181418,Leti AT4 Multiprotect crema facial 50ml.,Armstrong,Protección Solar,Protectores Solares,689,716.56,0,1109,1309,1599,1309,45.26,0,SIN_REF,B,1,https://cdn.shopify.com/s/files/1/0088/1937/6188/files/1418_1-1200x1200.jpg,https://www.dermaexpress.com.mx/products/leti-at4-multiprotect-crema-facial-50ml,Dermaexpress
3661434007835,Uriage Eau thermale Gel facial hidratante ultraligero 40 ml,URIAGE,Rostro,rostro,444,461.76,593,719,839,1029,579,20.25,22.13,AMARILLO,A,1,https://cdn.shopify.com/s/files/1/0088/1937/6188/files/3661434007835_1.jpg,https://www.dermaexpress.com.mx/products/uriage-eau-thermale-gel-facial-hidratante-ultraligero-40ml,Dermaexpress
7502002462518,Farmapiel Skindry Antiperspirante solución 20 ml,Farmapiel,Cuerpo,Cuerpo,490,509.6,0,789,929,1139,929,45.15,0,SIN_REF,C,0,https://cdn.shopify.com/s/files/1/0088/1937/6188/files/4-empaque.jpg,https://www.dermaexpress.com.mx/products/farmapiel-skindry-ant-perspirante-sol-20ml,Dermaexpress
7509552971569,La Roche-Posay Kit Pure Vitamin C12 Sérum 30 ml + Hyalu B5 Sérum 10 ml + Anthelios UV Mune 400 FPS 50+ 3 ml + Effaclar Gel Moussant Purifiant 7 ml,La Roche Posay,Rostro,Rostro y cuello,966,1004.64,1289,1549,1829,2239,1259,20.2,22.06,AMARILLO,C,0,https://cdn.shopify.com/s/files/1/0088/1937/6188/files/7509552971569_1.jpg,https://www.dermaexpress.com.mx/products/la-roche-posay-kit-pure-vitamin-c12-serum-30ml-hyalu-b5-serum-10ml-anthelios-uv-mune-400-spf50-3ml-effaclar-gel-moussant-purifiant-7ml,Dermaexpress
5201279082833,Apivita Shampoo anticaída para mujeres formato viaje 75 ml,Apivita,Capilar,Cabello,170,176.8,0,279,329,399,329,46.26,0,SIN_REF,A,1,https://cdn.shopify.com/s/files/1/0088/1937/6188/files/10-10-08-181_1.webp,https://www.dermaexpress.com.mx/products/apivita-formato-viaje-shampoo-anticaida-para-mujeres-75ml,Dermaexpress
5201279099244,Apivita Just Bee Clear Limpiador purificante para piel grasa 200ml.,Apivita,Rostro,Cuerpo y cara,522,542.88,0,839,989,1209,989,45.11,0,SIN_REF,A,1,https://cdn.shopify.com/s/files/1/0088/1937/6188/files/5201279099244_1.jpg,https://www.dermaexpress.com.mx/products/apivita-just-bee-clear-limpiador-purificante-para-piel-grasa-200ml,Dermaexpress
5201279097981,Apivita Just Bee Clear Crema matificante 40 ml,Apivita,Rostro,Rostro,660,686.4,0,1059,1249,1529,1249,45.04,0,SIN_REF,A,1,https://cdn.shopify.com/s/files/1/0088/1937/6188/files/5201279097981_1.jpg,https://www.dermaexpress.com.mx/products/apivita-just-bee-clear-crema-matificante-40ml,Dermaexpress
5201279085650,Apivita formato Viaje Shampoo con ácido hialurónico 75ml.,Apivita,Capilar,Cabello,170,176.8,0,279,329,399,329,46.26,0,SIN_REF,C,0,https://cdn.shopify.com/s/files/1/0088/1937/6188/files/5201279085650_1.jpg,https://www.dermaexpress.com.mx/products/apivita-formato-viaje-shampoo-con-acido-hialuronico-75ml,Dermaexpress
5201279082826,Apivita formato Viaje Shampoo Anticaída para Hombres 75ml.,Apivita,Capilar,Cabello,170,176.8,0,279,329,399,329,46.26,0,SIN_REF,A,1,https://cdn.shopify.com/s/files/1/0088/1937/6188/files/10-10-08-180_1.webp,https://www.dermaexpress.com.mx/products/apivita-formato-viaje-shampoo-anticaida-para-hombres-75ml,Dermaexpress
5201279079352,Apivita Shampoo natural suave con manzanilla y miel 250 ml,Apivita,Capilar,Cabello,370,384.8,0,599,699,859,699,44.95,0,SIN_REF,A,1,https://cdn.shopify.com/s/files/1/0088/1937/6188/files/5201279079352_1.jpg,https://www.dermaexpress.com.mx/products/apivita-shampoo-natural-suave-con-manzanilla-y-miel-250ml,Dermaexpress
5201279072827,Apivita Espuma limpiadora facial formato viaje 75 ml,Apivita,Rostro,Rostro,170,176.8,0,279,329,399,329,46.26,0,SIN_REF,A,1,https://cdn.shopify.com/s/files/1/0088/1937/6188/files/5201279072827_1.jpg,https://www.dermaexpress.com.mx/products/apivita-formato-viaje-espuma-limpiadora-facial-75ml,Dermaexpress
3661434006159,Uriage Bariederm-cica Crema reparadora cobre-zinc 15 ml,URIAGE,Rostro,Cuerpo y rostro,108,112.32,145,179,209,249,149,24.62,22.54,AMARILLO,C,0,https://cdn.shopify.com/s/files/1/0088/1937/6188/files/3661434006159_1.jpg,https://www.dermaexpress.com.mx/products/uriage-bariederm-cica-crema-reparadora-cobre-zinc-15ml,Dermaexpress
3661434003691,Uriage Desmaquillante de ojos waterproof bifásico 100 ml,URIAGE,Ojos y Labios,Ojos y labios,326,339.04,435,529,619,759,429,20.97,22.06,AMARILLO,A,1,https://cdn.shopify.com/s/files/1/0088/1937/6188/files/3661434003691_1.jpg,https://www.dermaexpress.com.mx/products/uriage-desmaquillante-de-ojos-waterproof-bifasico-100ml,Dermaexpress
788115725093,Envera Rellenable Protector Solar con Color Medium FPS50+ UVA/UVB PA++++ 50 ml,ENVERA,Protección Solar,Solares,510,530.4,0,819,969,1179,969,45.26,0,SIN_REF,C,0,https://cdn.shopify.com/s/files/1/0088/1937/6188/files/01_d77e2c41-8be2-42c3-a68d-41aff40359cc.jpg,https://www.dermaexpress.com.mx/products/envera-rellenable-de-protector-solar-con-color-medium-50ml,Dermaexpress
781159932205,Envera Suero Facial Nutritivo 30 ml,ENVERA,Rostro,ROSTRO,725,754,0,1159,1379,1679,1379,45.32,0,SIN_REF,C,0,https://cdn.shopify.com/s/files/1/0088/1937/6188/files/01_771485cd-ec32-4cb9-968c-5e21b33de87f.jpg,https://www.dermaexpress.com.mx/products/envera-suero-facial-nutritivo-30ml,Dermaexpress
753153860419,Envera Protector Solar FPS50+ UVA/UVB con color Medium 50 ml,ENVERA,Protección Solar,Solares,725,754,0,1159,1379,1679,1379,45.32,0,SIN_REF,C,0,https://cdn.shopify.com/s/files/1/0088/1937/6188/files/01_5708c8bd-8404-4475-99ea-22f27fa77765.webp,https://www.dermaexpress.com.mx/products/envera-protector-solar-con-color-medium-fps50-uva-uvb-50ml,Dermaexpress
606110106436,Envera Suero contorno de ojos 30 ml,ENVERA,Ojos y Labios,Ojos y labios,725,754,0,1159,1379,1679,1379,45.32,0,SIN_REF,B,1,https://cdn.shopify.com/s/files/1/0088/1937/6188/files/01_7da4ce55-aba9-471f-87f1-5df1ceaf9073.jpg,https://www.dermaexpress.com.mx/products/envera-suero-contorno-de-ojos-50ml,Dermaexpress
788115725024,Envera Protector Solar en barra con color Peachy FPS50+ UVA/UVB PA++++ 50 ml,ENVERA,Protección Solar,Solares,670,696.8,0,1079,1269,1549,1269,45.09,0,SIN_REF,C,0,https://cdn.shopify.com/s/files/1/0088/1937/6188/files/1156ce63-a90e-4e70-8614-000b9529155e.jpg,https://www.dermaexpress.com.mx/products/envera-protector-solar-en-bara-con-color-peachy-fps50-uva-uvb-pa-barra-de-color-para-mejillas-parpados-y-labios-50ml,Dermaexpress
606110106429,Envera Crema de Noche 50 ml,ENVERA,Rostro,ROSTRO,725,754,0,1159,1379,1679,1379,45.32,0,SIN_REF,B,1,https://cdn.shopify.com/s/files/1/0088/1937/6188/files/fe8ab2fc-1430-4915-9982-b5dea706feff.jpg,https://www.dermaexpress.com.mx/products/envera-crema-de-noche-50ml,Dermaexpress
732013303013,Neostrata Skin Active Crema para Cuello y Escote 80 g,Neostrata,Rostro,ROSTRO,1950,2028,0,3119,3689,4509,3689,45.03,0,SIN_REF,C,0,https://cdn.shopify.com/s/files/1/0088/1937/6188/files/732013303013.jpg,https://www.dermaexpress.com.mx/products/neostrata-skin-active-crema-para-cuello-y-escote-80g,Dermaexpress
7508006185538,Panalab Cuteral wash probiotic gel 240 ml,Panalab,Rostro,ROSTRO,695,722.8,0,1119,1319,1609,1319,45.2,0,SIN_REF,B,1,https://cdn.shopify.com/s/files/1/0088/1937/6188/files/581ae395-a0cb-4dcf-b2a1-3e23553cd879.jpg,https://www.dermaexpress.com.mx/products/panalab-cuteral-wash-probiotic-gel-240ml,Dermaexpress
3337871324759,Vichy Dermablend compacto #45 gold Base de maquillaje en crema compacta 9.5 gr,Vichy,Rostro,Rostro,674,700.96,899,1079,1279,1559,879,20.25,22.03,AMARILLO,C,0,https://cdn.shopify.com/s/files/1/0088/1937/6188/files/20300902-dd9c-4985-a918-c1896d695f76.jpg,https://www.dermaexpress.com.mx/products/dermablend-compacto-5gr-color-gold-3337871324759,Dermaexpress
753153860372,Envera Hydraboost Hidratante facial 50 ml,ENVERA,Rostro,Rostro,555,577.2,0,889,1049,1289,1049,44.98,0,SIN_REF,C,0,https://cdn.shopify.com/s/files/1/0088/1937/6188/files/19adccd8-6f98-4dd5-adf1-8ba0aa9150b2.jpg,https://www.dermaexpress.com.mx/products/envera-hydraboost-hidratante-facial-50ml-1,Dermaexpress
3760269771505,Isispharma Sensylia Serum Urban Protect 30 ml,Isispharma,Rostro,Rostro y cuello,672,698.88,840,1079,1279,1559,879,20.49,16.8,ROJO,B,1,https://cdn.shopify.com/s/files/1/0088/1937/6188/files/3760269771505_1.jpg,https://www.dermaexpress.com.mx/products/isispharma-sensylia-serum-urban-protect-30ml,Dermaexpress
3661434004421,Uriage Stick hidratante Bálsamo labial protector 4 g,URIAGE,Ojos y Labios,Ojos y labios,92,95.68,123,149,179,219,119,19.6,22.21,AMARILLO,A,1,https://cdn.shopify.com/s/files/1/0088/1937/6188/files/3661434004421.jpg,https://www.dermaexpress.com.mx/products/uriage-stick-hidratante-balsamo-labial-protector-4g,Dermaexpress
3337872420207,La Roche-Posay Effaclar BB Blur Crema facial matificante con color 30 ml,La Roche Posay,Rostro,Rostro,636,661.44,849,1019,1209,1469,829,20.21,22.09,AMARILLO,C,0,https://cdn.shopify.com/s/files/1/0088/1937/6188/files/5890f106-601d-410b-94b9-c5be50e8e5de.jpg,https://www.dermaexpress.com.mx/products/effaclar-bb-blur-mousse-30ml-3337872420207,Dermaexpress
3282770104950,Ducray Anacaps Suplemento alimenticio c/30 cápsulas,Ducray,Capilar,Cabello,719,747.76,899,1159,1359,1669,939,20.37,16.82,ROJO,B,1,https://cdn.shopify.com/s/files/1/0088/1937/6188/files/Diseno_sin_titulo_2_28352d33-1c64-4d6a-be87-fea3e344bf17.png,https://www.dermaexpress.com.mx/products/ducray-anacaps-suplemento-alimenticio-c-60-capsulas-copia,Dermaexpress
3504105043452,Mustela Shampoo en crema Desenredante y Nutritivo 200ml.,MUSTELA,Capilar,Cabello,195,202.8,0,319,369,459,369,45.04,0,SIN_REF,C,0,https://cdn.shopify.com/s/files/1/0088/1937/6188/files/3504105043452_1.jpg,https://www.dermaexpress.com.mx/products/mustela-shampoo-en-crema-desenredante-y-nutritivo-200ml,Dermaexpress
3282770397024,Avene Retrinal 0.1 Crema intensiva multicorrectora 30 ml,Avene,Rostro,Rostro y cuello,1040,1081.6,1300,1669,1969,2409,1359,20.41,16.8,ROJO,B,1,https://cdn.shopify.com/s/files/1/0088/1937/6188/files/3282770397024_1.jpg,https://www.dermaexpress.com.mx/products/avene-retrinal-0-1-crema-intensiva-multicorrectora-30ml,Dermaexpress
3282770393583,Avene Retrinal Sérum antiarrugas 30 ml,Avene,Rostro,Rostro y cuello,1007,1047.28,1259,1619,1909,2329,1309,19.99,16.82,ROJO,B,1,https://cdn.shopify.com/s/files/1/0088/1937/6188/files/3282770393583_1.jpg,https://www.dermaexpress.com.mx/products/avene-retrinal-serum-anti-arrugas-30ml,Dermaexpress
3661434023446,Uriage Roseliane Crema spf30 anti-rojeces calmante 40 ml,URIAGE,Rostro,ROSTRO,421,437.84,562,679,799,979,549,20.25,22.09,AMARILLO,A,1,https://cdn.shopify.com/s/files/1/0088/1937/6188/files/b18717e8-f3af-4f87-830b-abfdadd9d6fa.jpg,https://www.dermaexpress.com.mx/products/uriage-roseliane-crema-spf30-anti-rojeces-calmante-40ml-2,Dermaexpress
3282779429443,Avene Kit Protector Solar Ultra Fluid Ultra Mat 50ml + Sérum Hyaluron Activ B3 10ml.,Avene,Protección Solar,Solares,519,539.76,649,839,989,1199,679,20.51,16.83,ROJO,C,0,https://cdn.shopify.com/s/files/1/0088/1937/6188/files/3282779429443.jpg,https://www.dermaexpress.com.mx/products/avene-kit-protector-solar-ultra-fluid-ultra-mat-50ml-serum-hyaluron-activ-b3-10ml,Dermaexpress
7509552966756,Vichy Kit Normaderm probio-bha Sérum 30 ml + Mineral 89 crème boost 15 ml + Capital soleil uv-clear spf50+ 3 ml,Vichy,Rostro,ROSTRO,651,677.04,869,1049,1239,1509,849,20.25,22.09,AMARILLO,A,1,https://cdn.shopify.com/s/files/1/0088/1937/6188/files/7509552966756_1.jpg,https://www.dermaexpress.com.mx/products/kit-normaderm-probio-bha-serum-30ml-mineral-89-creme-boost-15ml-capital-soleil-uv-clear-spf50-3ml,Dermaexpress
7509552966749,Vichy Kit Normaderm Tratamiento anti-imperfecciones,Vichy,Rostro,ROSTRO,614,638.56,819,989,1169,1419,799,20.08,22.03,AMARILLO,A,1,https://cdn.shopify.com/s/files/1/0088/1937/6188/files/7509552966749_1.jpg,https://www.dermaexpress.com.mx/products/kit-normaderm-tratamiento-anti-imperfecciones-50ml-normaderm-anti-imperfecciones-50ml-normaderm-serum-anti-imperfecciones-5ml-capital-soleil-uv-mune-clear-3ml,Dermaexpress
7509552938111,Vichy Kit Liftactiv retinol specialist Sérum arrugas profundas 30 ml + Liftactiv specialist Crema 15 ml + Capital soleil uv-age daily 15 ml,Vichy,Rostro,ROSTRO,749,778.96,999,1199,1419,1739,979,20.43,22.03,AMARILLO,C,0,https://cdn.shopify.com/s/files/1/0088/1937/6188/files/7509552938111_2.jpg,https://www.dermaexpress.com.mx/products/kit-liftactiv-retinol-specialist-serum-arrugas-profundas-30ml-liftactiv-specialist-crema-15m-capital-soleil-uv-age-daily-15ml,Dermaexpress
8413400004370,Lullage Fluido Solar Anti Manchas FPS 50+ 30 ml,LULLAGE,Rostro,ROSTRO,603,627.12,0,969,1149,1399,1149,45.42,0,SIN_REF,B,1,https://cdn.shopify.com/s/files/1/0088/1937/6188/files/5d4b38b4-82f7-488f-a7eb-824f175b948c.jpg,https://www.dermaexpress.com.mx/products/lullage-fluido-solar-anti-manchas-fps50-30ml,Dermaexpress
8413400005674,Lullage CC Cream 30 ml,LULLAGE,Rostro,ROSTRO,639,664.56,0,1029,1209,1479,1209,45.03,0,SIN_REF,B,1,https://cdn.shopify.com/s/files/1/0088/1937/6188/files/Disenosintitulo-2025-11-27T170613.335.png,https://www.dermaexpress.com.mx/products/lullage-cc-cream-30ml,Dermaexpress
8413400001799,Lullage Gel Exfoliante Suave Antimanchas 75 ml,LULLAGE,Rostro,ROSTRO,429,446.16,0,689,819,999,819,45.52,0,SIN_REF,C,0,https://cdn.shopify.com/s/files/1/0088/1937/6188/files/1_26c18613-ce99-4550-867c-2332f8294f00.png,https://www.dermaexpress.com.mx/products/lullage-gel-exfoliante-suave-antimanchas-75ml,Dermaexpress
850019136135,Lullage Dropper Bio10 Forte  Sérum despigmentante 30 ml,LULLAGE,Rostro,ROSTRO,1006,1046.24,0,1609,1909,2329,1909,45.19,0,SIN_REF,C,0,https://cdn.shopify.com/s/files/1/0088/1937/6188/files/Disenosintitulo-2025-11-27T172320.593.png,https://www.dermaexpress.com.mx/products/lullage-droper-bio10-forte-30ml,Dermaexpress
850019136029,Lullage Moisturizing Eye Cream 15 ml,LULLAGE,Ojos y Labios,Ojos y labios,695,722.8,0,1119,1319,1609,1319,45.2,0,SIN_REF,B,1,https://cdn.shopify.com/s/files/1/0088/1937/6188/files/850019136029.jpg,https://www.dermaexpress.com.mx/products/lullage-moisturizing-eye-cream-15ml,Dermaexpress
3661434011931,"Uriage Cica-daily Sérum con centella asiática, ha y b5 30 ml",URIAGE,Rostro,Rostro,843,876.72,1124,1349,1599,1949,1099,20.23,22,AMARILLO,C,0,https://cdn.shopify.com/s/files/1/0088/1937/6188/files/3661434011931_1.jpg,https://www.dermaexpress.com.mx/products/uriage-cica-daily-serum-con-centella-asiatica-ha-y-b5-30ml,Dermaexpress
3661434010026,Uriage Hyseac Gel sos Para brotes con ácido salicílico 15 ml,URIAGE,Rostro,ROSTRO,361,375.44,482,579,689,839,469,19.95,22.11,AMARILLO,A,1,https://cdn.shopify.com/s/files/1/0088/1937/6188/files/3661434010026_1.jpg,https://www.dermaexpress.com.mx/products/uriage-hyseac-gel-sos-para-brotes-con-acido-salicilico-15ml,Dermaexpress
853676003048,"M.A.D. Glycolic Age Diffusing Cleanser, limpiador con tratamiento exfoliante suave 200ml.",MAD SKINCARE,Rostro,Rostro,1070,1112.8,0,1719,2029,2479,2029,45.16,0,SIN_REF,B,1,https://cdn.shopify.com/s/files/1/0088/1937/6188/files/9_ae9e8d44-1fac-4e41-8e8b-1a795c6ea9c9.png,https://www.dermaexpress.com.mx/products/m-a-d-glycolic-age-diffusing-cleanser-limpiador-con-tratamiento-exfoliante-suave-200ml,Dermaexpress
850036932222,M.A.D. Fade Gel 6 Despigmentante sin hidroquinona 30 ml,MAD SKINCARE,Rostro,Rostro,1960,2038.4,0,3139,3709,4529,3709,45.04,0,SIN_REF,C,0,https://cdn.shopify.com/s/files/1/0088/1937/6188/files/2_4987bfdf-86e5-4099-bc8c-efbfa9214ce9.png,https://www.dermaexpress.com.mx/products/m-a-d-fade-gel-6-despigmentante-sin-hidroquinona-30ml,Dermaexpress
853676003086,M.A.D. Delicate Skin Cleansing Gel Limpiador para piel sensible 200 ml,MAD SKINCARE,Rostro,Rostro,1070,1112.8,0,1719,2029,2479,2029,45.16,0,SIN_REF,C,0,https://cdn.shopify.com/s/files/1/0088/1937/6188/files/7_75539161-67af-4ffb-9a5e-aad520f7f3bc.png,https://www.dermaexpress.com.mx/products/m-a-d-delicate-skin-cleansing-gel-limpiador-piel-sensible-200ml,Dermaexpress
8429979479440,Sesderma S-retisil Sérum acción reafirmante y antiarrugas 30 ml,Sesderma,Rostro,Rostro,1369,1423.76,1712,2199,2589,3169,1779,19.97,16.84,ROJO,B,1,https://cdn.shopify.com/s/files/1/0088/1937/6188/files/8429979479440_2.jpg,https://www.dermaexpress.com.mx/products/s-retisil-serum-30ml,Dermaexpress
8437011329066,Babe Gel de higiene íntima 250 ml,BABE,Cuerpo,Cuerpo,295,306.8,0,479,559,689,559,45.12,0,SIN_REF,C,0,https://cdn.shopify.com/s/files/1/0088/1937/6188/files/8437011329066.jpg,https://www.dermaexpress.com.mx/products/gel-higiene-intima-250ml,Dermaexpress
8437000945710,Babe jabón de aceite pediátrico 200ml.,BABE,Cuerpo,Cuerpo,399,414.96,0,639,759,929,759,45.33,0,SIN_REF,B,1,https://cdn.shopify.com/s/files/1/0088/1937/6188/files/8437000945710.jpg,https://www.dermaexpress.com.mx/products/jabon-de-aceite-pediatrico-200ml,Dermaexpress
3282770391251,Ducray Keracnyl Repair Crema hidratante antiimperfecciones 50 ml,Ducray,Rostro,Rostro,591,614.64,739,949,1119,1369,769,20.07,16.83,ROJO,B,1,https://cdn.shopify.com/s/files/1/0088/1937/6188/files/3282770391251_1.jpg,https://www.dermaexpress.com.mx/products/ducray-keracnyl-repair-crema-anti-imperfecciones-50ml,Dermaexpress
8470001613233,Sesderma S-salises gel hidratante 50ml.,Sesderma,Rostro,Rostro,1078,1121.12,1348,1729,2039,2499,1409,20.43,16.83,ROJO,B,1,https://cdn.shopify.com/s/files/1/0088/1937/6188/files/IMAGEN2_98cae956-069c-4989-bab4-f887c89d528c.jpg,https://www.dermaexpress.com.mx/products/s-salises-gel-hidratante-50ml,Dermaexpress
8429420222465,Isdin Nutradeica Gel-crema facial Para dermatitis seborreica 50 ml,Isdin,Rostro,Rostro,395.5,411.32,565,639,749,919,549,25.08,27.2,AMARILLO,A,1,https://cdn.shopify.com/s/files/1/0088/1937/6188/products/8429420222465_1.jpg,https://www.dermaexpress.com.mx/products/nutradeica-gel-crema-facial-50-ml,Dermaexpress
732013301545,Neostrata PDS Crema Corporal para Piel Seca 100 ml,Neostrata,Cuerpo,Cuerpo,800,832,0,1279,1519,1849,1519,45.23,0,SIN_REF,A,1,https://cdn.shopify.com/s/files/1/0088/1937/6188/products/732013301545.png,https://www.dermaexpress.com.mx/products/neostrata-pds-100gr,Dermaexpress
732013301194,Neostrata Enlighten Contorno de Ojos Iluminador 15 gr,Neostrata,Rostro,Rostro,1140,1185.6,0,1829,2159,2639,2159,45.09,0,SIN_REF,A,1,https://cdn.shopify.com/s/files/1/0088/1937/6188/products/732013301194.png,https://www.dermaexpress.com.mx/products/neostrata-enlighten-brightening-eye-cream,Dermaexpress
8429420171763,"Isdin Bexident Aftas Colutorio, alivio rápido y duradero 120 ml",Isdin,Rostro,Rostro,247.8,257.71,354,399,469,579,349,26.16,27.2,AMARILLO,C,0,https://cdn.shopify.com/s/files/1/0088/1937/6188/products/8429420171763.jpg,https://www.dermaexpress.com.mx/products/bexident-aftas-colutorio-120ml,Dermaexpress
8429420171756,"Isdin Bexident Aftas Spray Bucal , alivio rápido y duradero desde la 1ª aplicación 15ml.",Isdin,Rostro,Rostro,238,247.52,340,389,459,559,329,24.77,27.2,AMARILLO,C,0,https://cdn.shopify.com/s/files/1/0088/1937/6188/products/8429420171756.jpg,https://www.dermaexpress.com.mx/products/bexident-aftas-spray-15ml,Dermaexpress
3401341249344,Noreva Exfoliac Global Crema Tratamiento Anti-Imperfecciones 30 ml,NOREVA,Rostro,Rostro,695,722.8,0,1119,1319,1609,1319,45.2,0,SIN_REF,C,0,https://cdn.shopify.com/s/files/1/0088/1937/6188/products/Adaptaciones-07.jpg,https://www.dermaexpress.com.mx/products/exfoliac-global-crema-30ml,Dermaexpress
7502002460699,"Farmapiel Perfect Main Cells, gel Contorno de ojos 30/45 15gr.",Farmapiel,Rostro,Rostro,990,1029.6,0,1589,1879,2289,1879,45.2,0,SIN_REF,B,1,https://cdn.shopify.com/s/files/1/0088/1937/6188/products/7502002460699.jpg,https://www.dermaexpress.com.mx/products/pmc©-gel-contorno-ocular-30-45-gel-15gr-7502002460699,Dermaexpress
8423372801280,Genové Genosun Post solar reparador facial 50 ml,Genove,Protección Solar,Solares,405,421.2,540,649,769,939,529,20.38,22,AMARILLO,B,1,https://cdn.shopify.com/s/files/1/0088/1937/6188/files/803055_Genosun-Reparador-Facial-Post-Solar_01-1024x1024_1.jpg,https://www.dermaexpress.com.mx/products/genosun-post-solar-50ml-8423372801280,Dermaexpress
3282779448802,Aderma Gel de ducha limpiador para piel sensible 200 ml,Aderma,Cuerpo,Cuerpo,172,178.88,216,279,329,399,229,21.89,17.19,ROJO,C,0,https://cdn.shopify.com/s/files/1/0088/1937/6188/products/3282779448802_1.jpg,https://www.dermaexpress.com.mx/products/aderma-gel-de-ducha-200ml-3282779448802,Dermaexpress
3337875683739,La Roche-Posay Sérum Hyalu B5 Concentrado anti-arrugas y rellenador para piel sensible 50 ml,La Roche Posay,Rostro,ROSTRO,1049,1090.96,1399,1679,1989,2429,1369,20.31,22.02,AMARILLO,C,0,https://cdn.shopify.com/s/files/1/0088/1937/6188/files/3337875683739_2.jpg,https://www.dermaexpress.com.mx/products/la-roche-posay-hyalu-b5-serum-concentrado-anti-arrugas-50ml,Dermaexpress
3282770398625,Aderma Dermopan Barra limpiadora para piel sensible 100 gr,Aderma,Rostro,Cuerpo y rostro,175,182,219,279,339,409,229,20.52,16.89,ROJO,C,0,https://cdn.shopify.com/s/files/1/0088/1937/6188/files/3282770398625.jpg,https://www.dermaexpress.com.mx/products/a-derma-dermopan-barra-limpiadora-piel-sensible-100gr,Dermaexpress
3661434001031,Uriage Kit Agua termal 300 ml + agua termal 300 ml,URIAGE,Rostro,ROSTRO,528,549.12,705,849,999,1229,689,20.3,22.11,AMARILLO,A,1,https://cdn.shopify.com/s/files/1/0088/1937/6188/files/1_ad50a059-183c-41ca-b65c-63a75ad659a8.png,https://www.dermaexpress.com.mx/products/kit-uriage-agua-termal-300ml-agua-termal-300ml,Dermaexpress
3661434009600,Uriage Kit-Fotoprotector Infantil Bariesun SPF50+ 200ml + Crema limpiadora 50ml.,URIAGE,Rostro,Cuerpo y rostro,489,508.56,653,789,929,1139,639,20.41,22.12,AMARILLO,A,1,https://cdn.shopify.com/s/files/1/0088/1937/6188/files/3661434009600_65206809-PROMOSPRENFSPF50200ML_CRLAV50ML.jpg,https://www.dermaexpress.com.mx/products/kit-fotoprotector-infantil-bariesun-spf50-200ml-crema-limpiadora-50ml,Dermaexpress
3661434018954,Uriage Bariesun Agua solar antioxidante spf50+ 200 ml,URIAGE,Rostro,ROSTRO,517,537.68,690,829,979,1199,679,20.81,22.08,AMARILLO,C,0,https://cdn.shopify.com/s/files/1/0088/1937/6188/files/3661434018954_1_651e0f1e-b238-44cc-a550-b1eee9314d0a.jpg,https://www.dermaexpress.com.mx/products/uriage-bariesun-agua-solar-antioxidante-spf50-200ml,Dermaexpress
3661434018947,Uriage Bariesun Aceite Solar Sublime SPF50+ 200ml.,URIAGE,Cuerpo,Cuerpo,517,537.68,690,829,979,1199,679,20.81,22.08,AMARILLO,A,1,https://cdn.shopify.com/s/files/1/0088/1937/6188/files/3661434018947_PACKSHOT_6002a928-6c49-4949-8df2-de6a95df6326.jpg,https://www.dermaexpress.com.mx/products/uriage-bariesun-aceite-solar-sublime-spf50-200ml,Dermaexpress
3661434014123,Uriage Bariesun Stick invisible spf50+ Solar en barra 18 gr,URIAGE,Rostro,ROSTRO,367,381.68,490,589,699,849,479,20.32,22.11,AMARILLO,A,1,https://cdn.shopify.com/s/files/1/0088/1937/6188/files/3661434014123_1_e6ce3fa3-d3f0-439d-acfb-daf9100b12eb.jpg,https://www.dermaexpress.com.mx/products/uriage-bariesun-stick-invisible-spf50-solar-en-barra-18gr,Dermaexpress
3661434014116,Uriage Bariesun Stick mineral spf50+ Solar en barra 18 gr,URIAGE,Rostro,ROSTRO,367,381.68,490,589,699,849,479,20.32,22.11,AMARILLO,A,1,https://cdn.shopify.com/s/files/1/0088/1937/6188/files/3661434014116_1_34ad1182-6da6-48df-9ad0-5af6d9b4c842.jpg,https://www.dermaexpress.com.mx/products/uriage-bariesun-stick-mineral-spf50-solar-en-barra-18gr,Dermaexpress
3337875909235,La Roche-Posay Sérum Pure Vitamin C12 Luminosidad y antioxidantes para piel sensible 30 ml,La Roche Posay,Rostro,Rostro,1049,1090.96,1399,1679,1989,2429,1369,20.31,22.02,AMARILLO,C,0,https://cdn.shopify.com/s/files/1/0088/1937/6188/files/lrp_skin_vitamin-c_purevitaminc12serum_30ml_3337875909235_packshot_front.webp,https://www.dermaexpress.com.mx/products/la-roche-posay-pure-vitamina-c-10-suero-concentrado-anti-arrugas-30ml,Dermaexpress
3282770394948,Ducray Sensinol Shampoo antipicor 200 ml,Ducray,Capilar,Cabello,415,431.6,519,669,789,959,539,19.93,16.84,ROJO,B,1,https://cdn.shopify.com/s/files/1/0088/1937/6188/files/3282770394948_1.jpg,https://www.dermaexpress.com.mx/products/ducray-sensinol-shampoo-antipicor-200ml,Dermaexpress
3701129812099,Bioderma Sensibio AR crema para pieles con rosácea 40 ml,Bioderma,Rostro,Rostro,656,682.24,820,1049,1249,1519,859,20.58,16.8,ROJO,B,1,https://cdn.shopify.com/s/files/1/0088/1937/6188/files/3701129812099_1.avif,https://www.dermaexpress.com.mx/products/bioderma-sensibio-ar-crema-para-pieles-con-rosacea-40ml,Dermaexpress
3661434023422,Uriage Roseliane Sérum anti-rojeces alisador 30 ml,URIAGE,Rostro,Rostro,487,506.48,650,779,929,1129,639,20.74,22.08,AMARILLO,A,1,https://cdn.shopify.com/s/files/1/0088/1937/6188/files/3661434023422_1_10d50617-b783-4500-b402-92743321fc7d.jpg,https://www.dermaexpress.com.mx/products/uriage-roseliane-crema-spf30-anti-rojeces-calmante-40ml-1,Dermaexpress
3282770393842,Aderma Exomega Aceite dermolimpiador 200 ml,Aderma,Cuerpo,Cuerpo,343,356.72,429,549,649,799,449,20.55,16.85,ROJO,B,1,https://cdn.shopify.com/s/files/1/0088/1937/6188/files/3282770393842.jpg,https://www.dermaexpress.com.mx/products/aderma-exomega-aceite-dermolimpiador-para-piel-seca-200ml-copia,Dermaexpress
3282770393989,Darrow Actine One Protector Solar FPS50+ 40 gr,Darrow,Rostro,Rostro,463,481.52,579,749,879,1079,609,20.93,16.84,ROJO,B,1,https://cdn.shopify.com/s/files/1/0088/1937/6188/files/3282770393989_1.png,https://www.dermaexpress.com.mx/products/darrow-actine-one-protector-solar-fps-50-40gr,Dermaexpress
850019136340,Lullage Splendor Sérum Iluminador Nocturno 30 ml,LULLAGE,Rostro,Rostro y cuello,962,1000.48,0,1539,1819,2229,1819,45,0,SIN_REF,B,1,https://cdn.shopify.com/s/files/1/0088/1937/6188/files/1_80a0943f-2d40-4439-b572-2b9c004a51bf.png,https://www.dermaexpress.com.mx/products/lullage-splendor-serum-iluminador-nocturno-30ml,Dermaexpress
3499320016742,Cetaphil Healthy Renew Crema de día SPF30 50 gr,Cetaphil,Rostro,ROSTRO,591,614.64,789,949,1119,1369,769,20.07,22.1,AMARILLO,A,1,https://cdn.shopify.com/s/files/1/0088/1937/6188/files/3499320016742_1.avif,https://www.dermaexpress.com.mx/products/cetaphil-healthy-renew-day-cream-spf30-50gr,Dermaexpress
3282779035576,Avene Agua termal Spray calmante para piel sensible 50 ml,Avene,Rostro,Rostro,151,157.04,189,249,289,349,199,21.09,16.91,ROJO,B,1,https://cdn.shopify.com/s/files/1/0088/1937/6188/products/17-ETA-Spray-315861-50ml_35bf91ca-77da-4490-a890-6767cfc80a1f.jpg,https://www.dermaexpress.com.mx/products/avene-agua-termal-para-piel-sensible-50ml,Dermaexpress
3282770397666,Aderma Exomega Control Crema de noche anti comezón 200 ml,Aderma,Rostro,Cuerpo y rostro,510,530.4,638,819,969,1179,669,20.72,16.87,ROJO,B,1,https://cdn.shopify.com/s/files/1/0088/1937/6188/files/3282770397666.jpg,https://www.dermaexpress.com.mx/products/aderma-exomega-control-crema-de-noche-anti-comezon-200ml,Dermaexpress
3282770396423,Ducray Kelual Squanorm Shampoo caspa grasa 200 ml,Ducray,Capilar,Cabello,479,498.16,599,769,909,1109,629,20.8,16.83,ROJO,B,1,https://cdn.shopify.com/s/files/1/0088/1937/6188/files/3282770396423.jpg,https://www.dermaexpress.com.mx/products/ducray-kelual-squanorm-shampoo-caspa-grasa-200ml,Dermaexpress
3282770396508,Ducray Kelual Squanorm Shampoo caspa seca 200 ml,Ducray,Capilar,Cabello,479,498.16,599,769,909,1109,629,20.8,16.83,ROJO,B,1,https://cdn.shopify.com/s/files/1/0088/1937/6188/files/3282770396508.jpg,https://www.dermaexpress.com.mx/products/ducray-kelual-squanorm-shampoo-caspa-seca-200ml,Dermaexpress
5707725401017,Uppharma Nourella Active skin support 60 caps,Uppharma,Suplementos,Tabletas,1341,1394.64,1578,2149,2539,3099,1749,20.26,11.62,ROJO,B,1,https://cdn.shopify.com/s/files/1/0088/1937/6188/files/5707725401017.jpg,https://www.dermaexpress.com.mx/products/nourella-active-skin-support-caps,Dermaexpress
5707725402014,Uppharma Nourella Crema hidratante 50 ml,Uppharma,Rostro,ROSTRO,1341,1394.64,1578,2149,2539,3099,1749,20.26,11.62,ROJO,B,1,https://cdn.shopify.com/s/files/1/0088/1937/6188/files/5707725402014.jpg,https://www.dermaexpress.com.mx/products/nourella-crema-50ml,Dermaexpress
7613035393448,Cetaphil Baby Loción hidratante piel delicada y sensible 300 ml,Cetaphil,Rostro,Cuerpo y rostro,217,225.68,272,349,419,509,289,21.91,17.03,ROJO,B,1,https://cdn.shopify.com/s/files/1/0088/1937/6188/files/7613035393448_1.avif,https://www.dermaexpress.com.mx/products/cetaphil-baby-locion-hidratante-suaviza-y-humecta-la-piel-delicada-y-sensible-del-bebe-hasta-por-24hrs-300ml,Dermaexpress
7613035392885,Cetaphil Baby Gel de Baño Líquido Sin Lágrimas Limpieza Suave 300 ml,Cetaphil,Cuerpo,Cuerpo,137,142.48,172,219,259,319,179,20.4,17.16,ROJO,B,1,https://cdn.shopify.com/s/files/1/0088/1937/6188/files/7613035392885_1.avif,https://www.dermaexpress.com.mx/products/cetaphil-baby-bano-liquido-de-los-pies-a-la-cabeza-formula-sin-lagrimas-300ml,Dermaexpress
4005800346583,Eucerin Anti-Pigment Gel limpiador facial 200 ml,Eucerin,Rostro,ROSTRO,426,443.04,609,689,809,989,599,26.04,27.25,AMARILLO,A,1,https://cdn.shopify.com/s/files/1/0088/1937/6188/files/Diseno_sin_titulo_1_8bbdbc81-3ed9-48ef-93de-49b9e3e2bd30.png,https://www.dermaexpress.com.mx/products/eucerin-anti-pigment-gel-limpiador-facial-200ml,Dermaexpress
4006000122069,Eucerin pH5 Aceite-Gel de ducha para piel seca y sensible 400 ml,Eucerin,Rostro,Cuerpo y rostro,287,298.48,411,459,549,669,399,25.19,27.38,AMARILLO,A,1,https://cdn.shopify.com/s/files/1/0088/1937/6188/files/Diseno_sin_titulo_ad4fef6f-7eb6-4636-a431-9017f8189481.png,https://www.dermaexpress.com.mx/products/eucerin-ph5-aceite-gel-de-ducha-para-piel-seca-y-sensible-400ml,Dermaexpress
4006000127040,Eucerin Sun Hydrofluid Bronze SPF50+ 50ml.,Eucerin,Protección Solar,Solares,454,472.16,649,729,859,1049,629,24.93,27.25,AMARILLO,A,1,https://cdn.shopify.com/s/files/1/0088/1937/6188/files/4006000127040_2.jpg,https://www.dermaexpress.com.mx/products/eucerin-sun-hydrofluid-bronze-spf50-50ml,Dermaexpress
4006000127026,Eucerin Sun Hydrofluid Light Protector solar FPS50+ 50 ml,Eucerin,Protección Solar,Solares,454,472.16,649,729,859,1049,629,24.93,27.25,AMARILLO,A,1,https://cdn.shopify.com/s/files/1/0088/1937/6188/files/4006000127026_2.jpg,https://www.dermaexpress.com.mx/products/eucerin-sun-hydrofluid-light-spf50-50ml,Dermaexpress
4006000127033,Eucerin Sun Hydrofluid Medium Protector solar FPS50+ 50 ml,Eucerin,Protección Solar,Solares,454,472.16,649,729,859,1049,629,24.93,27.25,AMARILLO,C,0,https://cdn.shopify.com/s/files/1/0088/1937/6188/files/4006000127033_2.jpg,https://www.dermaexpress.com.mx/products/eucerin-sun-hydrofluid-medium-spf50-50ml,Dermaexpress
3401399848254,Bioderma Hydrabio Bruma hidratante 300 ml,Bioderma,Rostro,Rostro,336,349.44,420,539,639,779,439,20.4,16.8,ROJO,B,1,https://cdn.shopify.com/s/files/1/0088/1937/6188/files/3401399848254.jpg,https://www.dermaexpress.com.mx/products/bioderma-hydrabio-bruma-refrescante-para-pieles-deshidratadas-300-ml,Dermaexpress
3337875795456,CeraVe SA Gel limpiador antirugosidades 473 ml,Cerave,Rostro,Cuerpo y rostro,486,505.44,649,779,919,1129,639,20.9,22.12,AMARILLO,A,1,https://cdn.shopify.com/s/files/1/0088/1937/6188/files/Diseno_sin_titulo_6.png,https://www.dermaexpress.com.mx/products/cerave-sa-limpiador-anti-rugosidades-473ml,Dermaexpress
7509552938135,Vichy Kit Neovadiol meno 5 bi-sérum 30 ml + Neovadiol post-menopause crema 15 ml + Capital soleil uv-age daily 15 ml,Vichy,Rostro,ROSTRO,1049,1090.96,1399,1679,1989,2429,1369,20.31,22.02,AMARILLO,C,0,https://cdn.shopify.com/s/files/1/0088/1937/6188/files/7509552938135_2.jpg,https://www.dermaexpress.com.mx/products/kit-neovadiol-meno-5-bi-serum-30ml-neovadiol-post-menopause-crema-15ml-capital-soleil-uv-age-daily-15ml,Dermaexpress
3282770395365,Avene Cleanance Comedomed Peeling antiimperfecciones 40 ml,Avene,Rostro,Rostro,775,806,969,1239,1469,1799,1009,20.12,16.82,ROJO,B,1,https://cdn.shopify.com/s/files/1/0088/1937/6188/files/3282770395365_1.jpg,https://www.dermaexpress.com.mx/products/avene-cleanance-comedomed-peeling-40ml,Dermaexpress
3337875892872,La Roche-Posay Sérum Pure Vitamin C12 Oil Control para piel mixta y grasa 30 ml,La Roche Posay,Rostro,ROSTRO,1049,1090.96,1399,1679,1989,2429,1369,20.31,22.02,AMARILLO,A,1,https://cdn.shopify.com/s/files/1/0088/1937/6188/files/315ef8d8-7b59-4387-9b27-2e3ec0bb96a5.jpg,https://www.dermaexpress.com.mx/products/la-roche-posay-pure-vitamin-c12-oil-control-serum-30ml,Dermaexpress
3337875684118,CeraVe SA Gel limpiador antirugosidades 236 ml,Cerave,Rostro,Cuerpo y rostro,366,380.64,489,589,699,849,479,20.53,22.16,AMARILLO,A,1,https://cdn.shopify.com/s/files/1/0088/1937/6188/files/Diseno_sin_titulo_3.png,https://www.dermaexpress.com.mx/products/cerave-sa-limpiador-anti-rugosidades-236ml,Dermaexpress
3282770391435,Darrow Actine Oil Control Gel limpiador para piel grasa 140 gr,Darrow,Rostro,Rostro,223,231.92,279,359,429,519,289,19.75,16.87,ROJO,B,1,https://cdn.shopify.com/s/files/1/0088/1937/6188/files/3282770391435_1.jpg,https://www.dermaexpress.com.mx/products/darrow-actine-oil-control-gel-limpiador-140g,Dermaexpress
753153860402,Envera Protector Solar FPS50+ UVA/UVB Primer sin color 50 ml,ENVERA,Protección Solar,Solares,725,754,0,1159,1379,1679,1379,45.32,0,SIN_REF,C,0,https://cdn.shopify.com/s/files/1/0088/1937/6188/files/01_44b51a06-d701-495d-8c97-1c44a5eb9795.jpg,https://www.dermaexpress.com.mx/products/protector-solar-fps-50-uva-uvb-primer-sin-color,Dermaexpress
764451717558,Envera Protector Solar - Oil control / Piel grasa FPS50+ UVA/UVB PA++++ Primer 50ml.,ENVERA,Protección Solar,Solares,869,903.76,0,1399,1649,2009,1649,45.19,0,SIN_REF,C,0,https://cdn.shopify.com/s/files/1/0088/1937/6188/files/07bbb006-2985-4b6d-a24c-12c68b59bed4.jpg,https://www.dermaexpress.com.mx/products/envera-protector-solar-oil-control-piel-grasa-fps50-uva-uvb-pa-primer-50ml,Dermaexpress
4006000014401,Eucerin Anti-Pigment Sérum Corporal para Áreas Sensibles 75 ml,Eucerin,Cuerpo,Cuerpo,598,621.92,855,959,1139,1389,829,24.98,27.26,AMARILLO,A,1,https://cdn.shopify.com/s/files/1/0088/1937/6188/files/Diseno_sin_titulo_2_3595fcef-82b5-44a0-91d1-4c4208acb18d.png,https://www.dermaexpress.com.mx/products/eucerin-anti-pigment-serum-corporal-areas-sensibles-75ml,Dermaexpress
4006000077000,Eucerin Hyaluron-Filler Epigenetic Sérum rejuvenecedor facial 30 ml,Eucerin,Rostro,ROSTRO,979,1018.16,1399,1569,1859,2269,1359,25.08,27.22,AMARILLO,A,1,https://cdn.shopify.com/s/files/1/0088/1937/6188/files/4006000077000.png,https://www.dermaexpress.com.mx/products/hyaluron-filler-epigenetic-rejuvenecedor-facial-serum-30ml,Dermaexpress
7509552973624,La Roche-Posay Kit Effaclar Duo+ M 40 ml + Effaclar Gel Moussant 50 ml + Anthelios UVMune 400 3 ml,La Roche Posay,Rostro,ROSTRO,641,666.64,855,1029,1219,1489,839,20.54,22.03,AMARILLO,C,0,https://cdn.shopify.com/s/files/1/0088/1937/6188/files/7509552973624_1.jpg,https://www.dermaexpress.com.mx/products/kit-effaclar-duo-m-40ml-effaclar-gel-moussant-50ml-anthelios-uv-mune-400-3ml,Dermaexpress
7502224220002,Cell Pharma Triclean Mousse limpiador 120 ml,Cell Pharma,Rostro,ROSTRO,495,514.8,0,799,939,1149,939,45.18,0,SIN_REF,B,1,https://cdn.shopify.com/s/files/1/0088/1937/6188/files/7502224220002.jpg,https://www.dermaexpress.com.mx/products/cell-pharma-triclean-mousse-120ml,Dermaexpress
8470002123885,Cantabria Labs Biretix Cleanser Refill Gel limpiador 400 ml,Cantabria Labs,Rostro,ROSTRO,467,485.68,550,749,889,1079,609,20.25,11.69,ROJO,B,1,https://cdn.shopify.com/s/files/1/0088/1937/6188/files/8470002123885.jpg,https://www.dermaexpress.com.mx/products/biretix-cleanser-refill-400ml,Dermaexpress
3504105036775,Mustela Protector Solar en Crema SPF50+ 100 ml,MUSTELA,Protección Solar,Solares,563,585.52,0,909,1069,1309,1069,45.23,0,SIN_REF,B,1,https://cdn.shopify.com/s/files/1/0088/1937/6188/files/3504105036775_1.jpg,https://www.dermaexpress.com.mx/products/mustela-protector-solar-en-crema-100ml,Dermaexpress
3504105037772,Mustela Protector Solar Stick SPF50+ 9 ml,MUSTELA,Protección Solar,Solares,323,335.92,0,519,619,749,619,45.73,0,SIN_REF,C,0,https://cdn.shopify.com/s/files/1/0088/1937/6188/files/3504105037772_1.jpg,https://www.dermaexpress.com.mx/products/mustela-protector-solar-stick-9ml,Dermaexpress
3504105036102,Mustela Jabón Nutriprotector Cold Cream 100 gr,MUSTELA,Rostro,Cuerpo y rostro,135,140.4,0,219,259,319,259,45.79,0,SIN_REF,C,0,https://cdn.shopify.com/s/files/1/0088/1937/6188/files/3504105036102_1.jpg,https://www.dermaexpress.com.mx/products/mustela-jabon-nutripotector-cold-cream-100gr,Dermaexpress
3504105035648,Mustela Crema Facial Cold Cream 40 ml,MUSTELA,Rostro,ROSTRO,157,163.28,0,259,299,369,299,45.39,0,SIN_REF,C,0,https://cdn.shopify.com/s/files/1/0088/1937/6188/files/3504105035648_1.jpg,https://www.dermaexpress.com.mx/products/mustela-crema-facial-cold-cream-40ml,Dermaexpress
3504105034382,Mustela Shampoo Recién Nacido 150 ml,MUSTELA,Capilar,Cabello,259,269.36,0,419,489,599,489,44.92,0,SIN_REF,C,0,https://cdn.shopify.com/s/files/1/0088/1937/6188/files/3504105034382_1.jpg,https://www.dermaexpress.com.mx/products/mustela-shampoo-recien-nacido-150ml,Dermaexpress
3504105036133,Mustela Shampoo Suave 500 ml,MUSTELA,Capilar,Cabello,258,268.32,0,419,489,599,489,45.13,0,SIN_REF,B,1,https://cdn.shopify.com/s/files/1/0088/1937/6188/files/3504105036133_1.jpg,https://www.dermaexpress.com.mx/products/mustela-shampoo-suave-500ml,Dermaexpress
3504105036126,Mustela Shampoo Suave 200 ml,MUSTELA,Capilar,Cabello,155,161.2,0,249,299,359,299,46.09,0,SIN_REF,C,0,https://cdn.shopify.com/s/files/1/0088/1937/6188/files/3504105036126_1.jpg,https://www.dermaexpress.com.mx/products/mustela-shampoo-suave-200ml,Dermaexpress
3504105035617,Mustela Gel de Baño Suave 500 ml,MUSTELA,Capilar,"Rostro, cuerpo y cabello",258,268.32,0,419,489,599,489,45.13,0,SIN_REF,B,1,https://cdn.shopify.com/s/files/1/0088/1937/6188/files/3504105035617_1.jpg,https://www.dermaexpress.com.mx/products/mustela-gel-de-bano-suave-500ml,Dermaexpress
3504105032937,Mustela Cicastela Crema Reparadora 40 ml,MUSTELA,Rostro,Cuerpo y cara,235,244.4,0,379,449,549,449,45.57,0,SIN_REF,C,0,https://cdn.shopify.com/s/files/1/0088/1937/6188/files/3504105032937_1.jpg,https://www.dermaexpress.com.mx/products/mustela-cicastela-crema-reparadora-40ml,Dermaexpress
3504105039875,Mustela Stelatopia Crema Relipidizante Corporal 300 ml,MUSTELA,Cuerpo,Cuerpo,680,707.2,0,1089,1289,1579,1289,45.14,0,SIN_REF,B,1,https://cdn.shopify.com/s/files/1/0088/1937/6188/files/3504105039875_1.jpg,https://www.dermaexpress.com.mx/products/mustela-stelatopia-crema-relipidizante-corporal-300ml,Dermaexpress
3504105039844,Mustela Stelatopia Crema Relipidizante Corporal 150 ml,MUSTELA,Cuerpo,Cuerpo,451,469.04,0,729,859,1049,859,45.4,0,SIN_REF,B,1,https://cdn.shopify.com/s/files/1/0088/1937/6188/files/3504105039844_1.jpg,https://www.dermaexpress.com.mx/products/mustela-stelatopia-crema-relipidizante-corporal-150ml,Dermaexpress
3504105042691,Mustela Loción corporal de maternidad 200 ml,MUSTELA,Cuerpo,Cuerpo,495,514.8,0,799,939,1149,939,45.18,0,SIN_REF,B,1,https://cdn.shopify.com/s/files/1/0088/1937/6188/files/3504105042691_1.jpg,https://www.dermaexpress.com.mx/products/mustela-locion-esencial-de-maternidad-200ml,Dermaexpress
3504105034535,Mustela Aceite Prevención de Estrías 105 ml,MUSTELA,Cuerpo,Cuerpo,280,291.2,0,449,529,649,529,44.95,0,SIN_REF,C,0,https://cdn.shopify.com/s/files/1/0088/1937/6188/files/3504105034535_1.jpg,https://www.dermaexpress.com.mx/products/mustela-aceite-prevencion-estrias-105ml,Dermaexpress
3504105025878,Mustela Crema para Rozaduras 100 ml,MUSTELA,Cuerpo,Cuerpo,190,197.6,0,309,359,439,359,44.96,0,SIN_REF,B,1,https://cdn.shopify.com/s/files/1/0088/1937/6188/files/3504105025878_1.jpg,https://www.dermaexpress.com.mx/products/mustela-crema-para-rozaduras-100ml,Dermaexpress
8429979481986,Sesderma-repaskin Tacto seda c/c 50 ml,Sesderma,Protección Solar,Solares,624,648.96,781,999,1179,1449,819,20.76,16.91,ROJO,B,1,https://cdn.shopify.com/s/files/1/0088/1937/6188/files/8429979481986.jpg,https://www.dermaexpress.com.mx/products/sesderma-repaskin-tacto-seda-c-c-50ml,Dermaexpress
5702191029949,Leo-Pharma Enstilar Espuma 60 g,Leo Pharma,Cuerpo,Cuerpo,2215,2303.6,0,3549,4189,5119,4189,45.01,0,SIN_REF,B,1,https://cdn.shopify.com/s/files/1/0088/1937/6188/files/5702191029949_1.jpg,https://www.dermaexpress.com.mx/products/leo-pharma-enstilar-espuma-60g,Dermaexpress
7501124185183,Panalab Topifort Solución 120ml.,Panalab,Rostro,ROSTRO,994,1033.76,0,1599,1879,2299,1879,44.98,0,SIN_REF,C,0,https://cdn.shopify.com/s/files/1/0088/1937/6188/files/eb85d42f-c697-425d-a5c0-54894919e00b.jpg,https://www.dermaexpress.com.mx/products/panalab-topifort-solucion-120ml,Dermaexpress
7501124185749,Duo pack Panalab - Cuteral 30 tabletas c/u,Panalab,Rostro,ROSTRO,1084,1127.36,0,1739,2049,2509,2049,44.98,0,SIN_REF,C,0,https://cdn.shopify.com/s/files/1/0088/1937/6188/files/DuoPackCuteralTabs_1.png,https://www.dermaexpress.com.mx/products/panalab-duo-pack-cuteral-tabletas,Dermaexpress
7501124185770,Duo Pack Panalab - Removere 30gr.+ Removere 10gr.,Panalab,Rostro,Rostro,1671,1737.84,0,2679,3159,3869,3159,44.99,0,SIN_REF,C,0,https://cdn.shopify.com/s/files/1/0088/1937/6188/files/DuoPackRemovere_1_4e9a3054-b05c-46a5-9f82-1d438d5461d8.jpg,https://www.dermaexpress.com.mx/products/panalab-duo-pack-removere-30gr,Dermaexpress
7501124185732,Duo pack Panalab - Leraco 30 caps,Panalab,Rostro,Cuerpo y rostro,2369,2463.76,0,3799,4479,5479,4479,44.99,0,SIN_REF,B,1,https://cdn.shopify.com/s/files/1/0088/1937/6188/files/DuoPackLeracoCaps_1.png,https://www.dermaexpress.com.mx/products/panalab-duo-pack-leraco-30caps,Dermaexpress
7501124185763,Duo pack Panalab - Sk-invita cápsulas 30 caps c/u,Panalab,Rostro,Cuerpo y rostro,3212,3340.48,0,5139,6079,7429,6079,45.05,0,SIN_REF,C,0,https://cdn.shopify.com/s/files/1/0088/1937/6188/files/Duo_Pack_Sk-Invita_Caps_1.jpg,https://www.dermaexpress.com.mx/products/panalab-duo-pack-sk-invita-capsulas-30caps,Dermaexpress
7508006185620,Panalab Vitanoin Sérum AR 30 ml,Panalab,Rostro,ROSTRO,1450,1508,0,2319,2749,3359,2749,45.14,0,SIN_REF,C,0,https://cdn.shopify.com/s/files/1/0088/1937/6188/files/b7fb647c-1c71-4e2d-8619-0b084ccc88e1.jpg,https://www.dermaexpress.com.mx/products/panalab-vitanoin-serum-ar-30ml,Dermaexpress
7508006185521,"Panlalab Vitanoin AN Serum Facial Control de manchas, imperfecciones y acné 30 ml",Panalab,Rostro,ROSTRO,1450,1508,0,2319,2749,3359,2749,45.14,0,SIN_REF,C,0,https://cdn.shopify.com/s/files/1/0088/1937/6188/files/3ce5b262-7319-4880-a787-a07f625ec3a3.jpg,https://www.dermaexpress.com.mx/products/panalab-vitanoin-serum-an-30ml,Dermaexpress
7508006185613,Panalab Vitanoin Sérum AK 30 ml,Panalab,Rostro,ROSTRO,1450,1508,0,2319,2749,3359,2749,45.14,0,SIN_REF,C,0,https://cdn.shopify.com/s/files/1/0088/1937/6188/files/2fd3dc0c-4016-427f-b89d-86c4f4aa5977.jpg,https://www.dermaexpress.com.mx/products/panalab-vitanoin-serum-ak-30ml,Dermaexpress
7508006185637,Panalab Vitanoin Sérum AG 30 ml,Panalab,Rostro,Rostro,1450,1508,0,2319,2749,3359,2749,45.14,0,SIN_REF,C,0,https://cdn.shopify.com/s/files/1/0088/1937/6188/files/d2d3c624-ca26-49b5-8c97-1a1626181d78.jpg,https://www.dermaexpress.com.mx/products/panalab-vitanoin-serum-ag-30ml,Dermaexpress
3282770394870,Darrow Actine Concentrado renovador para piel grasa 30 ml,Darrow,Rostro,Rostro,423,439.92,529,679,799,979,549,19.87,16.84,ROJO,B,1,https://cdn.shopify.com/s/files/1/0088/1937/6188/files/3282770394870.jpg,https://www.dermaexpress.com.mx/products/darrow-actine-concentrado-renovador-piel-grasa-acne-30ml,Dermaexpress
7501124185091,Panalab Complidermol 5α plus 60 caps,Panalab,Capilar,Cabello,1498,1557.92,0,2399,2839,3469,2839,45.12,0,SIN_REF,B,1,https://cdn.shopify.com/s/files/1/0088/1937/6188/files/dd05d191-9a68-4dd2-ae32-9eff0e06a4bb.jpg,https://www.dermaexpress.com.mx/products/panalab-complidermol-5α-plus-60caps,Dermaexpress
4006000136516,Eucerin Aquaphor Pomada reparadora 88 ml,Eucerin,Cuerpo,Cuerpo,360,374.4,515,579,689,839,499,24.97,27.3,AMARILLO,A,1,https://cdn.shopify.com/s/files/1/0088/1937/6188/files/a222acf4-fa1d-4fd3-8770-0cb70882d21d.jpg,https://www.dermaexpress.com.mx/products/eucerin-aquaphor-pomada-reparadora-88ml,Dermaexpress
718122887019,DS Keramene Crema inhibidora del crecimiento de vello 200 ml,D.S.,Cuerpo,Cuerpo,834,867.36,1043,1339,1579,1929,1089,20.35,16.84,ROJO,C,0,https://cdn.shopify.com/s/files/1/0088/1937/6188/files/718122887019-2.png,https://www.dermaexpress.com.mx/products/keramene-crema-180ml,Dermaexpress
8904091183517,Glenmark Bracitor 0.1% Gel auxiliar en tratamiento de acné 15 gr,Glenmark,Rostro,Rostro,447,464.88,0,719,849,1039,849,45.24,0,SIN_REF,B,1,https://cdn.shopify.com/s/files/1/0088/1937/6188/products/8904091183517.jpg,https://www.dermaexpress.com.mx/products/bracitor-0-1-gel-15gr-8904091183517,Dermaexpress
3282770388886,Aderma Biology AC Perfect Tratamiento anti-imperfecciones 40 ml,Aderma,Rostro,Rostro,623,647.92,779,999,1179,1439,809,19.91,16.83,ROJO,C,0,https://cdn.shopify.com/s/files/1/0088/1937/6188/files/3282770388886_1.jpg,https://www.dermaexpress.com.mx/products/biology-ac-perfect-40-ml,Dermaexpress
7703333007601,Italmex Bonaven jabon limpiador para todo tipo de pieles 120gr.,Italmex,Cuerpo,Cuerpo,326,339.04,408,529,619,759,429,20.97,16.9,ROJO,C,0,https://cdn.shopify.com/s/files/1/0088/1937/6188/products/7703333007601.jpg,https://www.dermaexpress.com.mx/products/bonaven-jabon-120gr-7703333007601,Dermaexpress
732013301392,Neostrata Restore Suero Facial Antirrojeces 29 gr,Neostrata,Rostro,Rostro,1400,1456,0,2239,2649,3239,2649,45.04,0,SIN_REF,A,1,https://cdn.shopify.com/s/files/1/0088/1937/6188/products/13.jpg,https://www.dermaexpress.com.mx/products/neostrata-suero-facial-antirrojeces,Dermaexpress
745853456740,Isispharma Kit-Uveblock SPF50+ Dry Touch 40 ml + Uveblock SPF50+ Spray 200 ml,Isispharma,Protección Solar,Solares,796,827.84,996,1279,1509,1839,1039,20.32,16.88,ROJO,C,0,https://cdn.shopify.com/s/files/1/0088/1937/6188/files/0745853456740_2.jpg,https://www.dermaexpress.com.mx/products/kit-uveblock-spf50-dry-touch-touch-40ml-uveblock-spf50-spray-200ml,Dermaexpress
797698113333,DS Spectral Lash Estimulante para pestañas 2.4 ml,D.S.,Rostro,Rostro,1167,1213.68,1459,1869,2209,2699,1519,20.1,16.81,ROJO,B,1,https://cdn.shopify.com/s/files/1/0088/1937/6188/files/797698113333_4105841a-3bdb-452b-b939-2eaa07b30c96.png,https://www.dermaexpress.com.mx/products/spectral-lash-2-4ml,Dermaexpress
850019136074,Lullage bio10 forte dark spot corrector fluid sensitive skin 30ml.,LULLAGE,Rostro,ROSTRO,1105,1149.2,0,1769,2089,2559,2089,44.99,0,SIN_REF,C,0,https://cdn.shopify.com/s/files/1/0088/1937/6188/files/850019136074.png,https://www.dermaexpress.com.mx/products/lullage-bio10-forte-dark-spot-corrector-fluid-sensitive-skin-30ml,Dermaexpress
850019136081,Lullage bio10 forte dark spot corrector fluid all skin types 30ml.,LULLAGE,Rostro,ROSTRO,1105,1149.2,0,1769,2089,2559,2089,44.99,0,SIN_REF,B,1,https://cdn.shopify.com/s/files/1/0088/1937/6188/files/850019136081.jpg,https://www.dermaexpress.com.mx/products/lullage-bio10-forte-dark-spot-corrector-fluid-all-skin-types-30ml,Dermaexpress
3337871324780,"Vichy Dermablend Compacto #25 Nude, Base de maquillaje en crema compacta, 9.5gr.",Vichy,Rostro,Rostro,674,700.96,899,1079,1279,1559,879,20.25,22.03,AMARILLO,C,0,https://cdn.shopify.com/s/files/1/0088/1937/6188/products/3337871324780_1.jpg,https://www.dermaexpress.com.mx/products/dermablend-compacto-5gr-color-nude-3337871324780,Dermaexpress
3337875609418,Vichy Minéral 89 Concentrado fortificante 75 ml,Vichy,Rostro,Rostro,647,672.88,863,1039,1229,1499,849,20.74,22.03,AMARILLO,C,0,https://cdn.shopify.com/s/files/1/0088/1937/6188/files/3337875609418_1.jpg,https://www.dermaexpress.com.mx/products/mineral-89-concentrado-fortificante-75ml,Dermaexpress
3401360200999,Noreva Xerodiane AP+ Bálsamo Hidratante para Piel Muy Seca 200 ml,NOREVA,Cuerpo,Cuerpo,785,816.4,0,1259,1489,1819,1489,45.17,0,SIN_REF,B,1,https://cdn.shopify.com/s/files/1/0088/1937/6188/products/3401360200999.jpg,https://www.dermaexpress.com.mx/products/xerodiane-ap-balsamo-hidratante-200-ml,Dermaexpress
3401561270845,Noreva Psoriane Crema Hidratante para Piel con Psoriasis 200 ml,NOREVA,Cuerpo,Cuerpo,880,915.2,0,1409,1669,2039,1669,45.16,0,SIN_REF,B,1,https://cdn.shopify.com/s/files/1/0088/1937/6188/products/28_PSORIANE_Crema_calmante_hidratante_facial_y_corporal_copia.jpg,https://www.dermaexpress.com.mx/products/200ml-psoriane-crema-200ml,Dermaexpress
3461020014229,Institut Esthederm Body Care Exfoliante corporal de ducha 200ml,Institut Esthederm,Cuerpo,Cuerpo,830,863.2,0,1329,1569,1919,1569,44.98,0,SIN_REF,C,0,https://cdn.shopify.com/s/files/1/0088/1937/6188/files/3461020014229.jpg,https://www.dermaexpress.com.mx/products/institut-esthederm-body-care-exfoliante-corporal-de-ducha-200ml,Dermaexpress
3461022001999,Institut Esthederm Fotoprotector facial en polvo 15gr,Institut Esthederm,Rostro,Rostro,1660,1726.4,0,2659,3139,3839,3139,45,0,SIN_REF,B,1,https://cdn.shopify.com/s/files/1/0088/1937/6188/files/3461022001999.jpg,https://www.dermaexpress.com.mx/products/institut-esthederm-fotoprotector-facial-en-polvo-15gr,Dermaexpress
3461028301000,Etat Pur Activo Puro Vitamina C Sérum anti-manchas 15 ml,Etat pur,Rostro,Rostro y cuello,760,790.4,0,1219,1439,1759,1439,45.07,0,SIN_REF,B,1,https://cdn.shopify.com/s/files/1/0088/1937/6188/files/3461028301000.avif,https://www.dermaexpress.com.mx/products/etat-pur-vitamina-c-10-15ml,Dermaexpress
3661434009204,Uriage Agua Micelar efecto calmante piel sensible 100ml.,URIAGE,Rostro,ROSTRO,126,131.04,168,209,239,299,169,22.46,22,AMARILLO,A,1,https://cdn.shopify.com/s/files/1/0088/1937/6188/files/3661434009204_1_1_1_55adb731-bf0b-41b4-9004-2a269f14ac29.png,https://www.dermaexpress.com.mx/products/uriage-agua-micelar-efecto-calmante-piel-sensible-100ml,Dermaexpress
3661434009976,Uriage Age absolu Sérum antiedad péptidos procolágeno 30 ml,URIAGE,Rostro,ROSTRO,795,826.8,1061,1279,1509,1839,1039,20.42,22.07,AMARILLO,A,1,https://cdn.shopify.com/s/files/1/0088/1937/6188/files/3661434009976_1.png,https://www.dermaexpress.com.mx/products/uriage-age-absolu-serum-antiedad-peptidos-procolageno-30ml,Dermaexpress
3661434010033,Uriage Hyseac Crema matificante para piel grasa 40 ml,URIAGE,Rostro,ROSTRO,438,455.52,584,709,829,1019,569,19.94,22,AMARILLO,C,0,https://cdn.shopify.com/s/files/1/0088/1937/6188/files/3661434001734_1.jpg,https://www.dermaexpress.com.mx/products/uriage-hyseac-crema-matificante-para-piel-grasa-40ml,Dermaexpress
3701129807309,Bioderma Photoderm Pediatrics Mineral Protector solar para niños FPS50+ 50 gr,Bioderma,Protección Solar,Solares,663,689.52,829,1069,1259,1539,869,20.65,16.83,ROJO,C,0,https://cdn.shopify.com/s/files/1/0088/1937/6188/files/3701129807309.jpg,https://www.dermaexpress.com.mx/products/photoderm-pediatrics-mineral-protector-solar-para-ninos-fps50-50g,Dermaexpress
3760095252551,ACM Molutrex Tratamiento para afecciones cutáneas 3 ml,ACM,Rostro,ROSTRO,487,506.48,0,779,929,1129,929,45.48,0,SIN_REF,C,0,https://cdn.shopify.com/s/files/1/0088/1937/6188/files/3760095252551.jpg,https://www.dermaexpress.com.mx/products/acm-molutrex-solucion-tratamiento-para-afecciones-cutaneas-3ml,Dermaexpress
4046222740542,Italmex Pantogar 90 Cápsulas Tratamiento capilar,Italmex,Capilar,Cabello,1471,1529.84,1839,2359,2789,3399,1919,20.28,16.81,ROJO,B,1,https://cdn.shopify.com/s/files/1/0088/1937/6188/files/4046222740542.jpg,https://www.dermaexpress.com.mx/products/italmex-pantogar-90-capsulas-tratamiento-capilar-anticaida,Dermaexpress
7501258200028,Advaita Domeboro Polvo 12 Sobres de 2gr,Advaita,Cuerpo,Cuerpo,412,428.48,0,659,779,959,779,45,0,SIN_REF,B,1,https://cdn.shopify.com/s/files/1/0088/1937/6188/files/PTAD0005Domeboro1.jpg,https://www.dermaexpress.com.mx/products/domeboro-polvo-12-sobres-de-2gr-7501258200028,Dermaexpress
7501258200080,Advaita Soyaloid Polvo c/ 1 Sobre de 90 gr,Advaita,Cuerpo,Cuerpo,261,271.44,0,419,499,609,499,45.6,0,SIN_REF,B,1,https://cdn.shopify.com/s/files/1/0088/1937/6188/products/SOYALOID_CAJA_3_4_D_1200_72.jpg,https://www.dermaexpress.com.mx/products/soyaloid-polvo-c-1-sobre-de-90gr-7501258200080,Dermaexpress
5201279073503,Apivita Loción tratamiento para la caída de cabello 150ml.,Apivita,Capilar,Cabello,990,1029.6,0,1589,1879,2289,1879,45.2,0,SIN_REF,A,1,https://cdn.shopify.com/s/files/1/0088/1937/6188/files/5201279073503_1.jpg,https://www.dermaexpress.com.mx/products/apivita-locion-tratamiento-para-la-caida-de-cabello-150ml,Dermaexpress
5201279080174,Apivita Bee Sun Safe Hydra Fresh Gel-Crema con Color SPF50 50ml.,Apivita,Protección Solar,Solares,620,644.8,0,999,1179,1439,1179,45.31,0,SIN_REF,C,0,https://cdn.shopify.com/s/files/1/0088/1937/6188/files/5201279080174_1.jpg,https://www.dermaexpress.com.mx/products/apivita-bee-sun-safe-hydra-fresh-gel-crema-con-color-spf50-50ml,Dermaexpress
5201279100582,"Apivita Protector Antiedad y Antimanchas con color SPF50, 50ml.",Apivita,Protección Solar,Solares,650,676,0,1039,1229,1509,1229,45,0,SIN_REF,A,1,https://cdn.shopify.com/s/files/1/0088/1937/6188/files/5201279100582.jpg,https://www.dermaexpress.com.mx/products/apivita-protector-antiedad-y-antimanchas-con-color-spf50-50ml,Dermaexpress
5201279100599,"Apivita Protector Antiedad y Antimanchas color dorado SPF50, 50ml.",Apivita,Protección Solar,Solares,650,676,0,1039,1229,1509,1229,45,0,SIN_REF,A,1,https://cdn.shopify.com/s/files/1/0088/1937/6188/files/5201279100599_1.jpg,https://www.dermaexpress.com.mx/products/apivita-protector-antiedad-y-antimanchas-color-dorado-spf50-50ml,Dermaexpress
7501390911011,Italmex Italdermol Crema regeneradora de pieles lesionadas 10 gr,Italmex,Cuerpo,Cuerpo,402,418.08,503,649,769,929,529,20.97,16.88,ROJO,B,1,https://cdn.shopify.com/s/files/1/0088/1937/6188/products/Adaptaciones-44.jpg,https://www.dermaexpress.com.mx/products/italdermol-crema-7501390911011,Dermaexpress
7501390913404,Italmex Dersupril 0.05% Emulsion para piel con dermatitis 120ml.,Italmex,Cuerpo,Cuerpo,565,587.6,707,909,1069,1309,739,20.49,16.89,ROJO,C,0,https://cdn.shopify.com/s/files/1/0088/1937/6188/products/7501390913404.jpg,https://www.dermaexpress.com.mx/products/dersupril-0-05-emulsion-120ml-7501390913404,Dermaexpress
7502002460972,Farmapiel Alostet Shampoo anticaída capilar 200 ml,Farmapiel,Capilar,Cabello,390,405.6,0,629,739,909,739,45.12,0,SIN_REF,C,0,https://cdn.shopify.com/s/files/1/0088/1937/6188/products/7502002460972.jpg,https://www.dermaexpress.com.mx/products/alostet-shampoo-anticaida-200ml-7502002460972,Dermaexpress
8429420181052,Isdin Babynaturals Body Lotion Hidratante 200 ml,Isdin,Rostro,Cuerpo y rostro,147,152.88,210,239,279,339,209,26.85,27.2,AMARILLO,C,0,https://cdn.shopify.com/s/files/1/0088/1937/6188/files/8429420181052.jpg,https://www.dermaexpress.com.mx/products/babynaturals-body-lotion-200ml,Dermaexpress
8429979479433,Sesderma S-retisil Crema intensiva reafirmante y antiarrugas 50 ml,Sesderma,Rostro,Rostro,1240,1289.6,1551,1989,2349,2869,1619,20.35,16.85,ROJO,B,1,https://cdn.shopify.com/s/files/1/0088/1937/6188/files/8429979479433_2.jpg,https://www.dermaexpress.com.mx/products/s-retisil-crema-intensiva-50ml,Dermaexpress
8470001769190,Isdin Isdinceutics Maquillaje líquido Skin Drop Color arena 15 ml,Isdin,Rostro,Rostro,897.4,933.3,1282,1439,1699,2079,1249,25.28,27.2,AMARILLO,C,0,https://cdn.shopify.com/s/files/1/0088/1937/6188/files/8470001769190_638f2997-59ab-4c80-a85f-2e4070bcdb89.jpg,https://www.dermaexpress.com.mx/products/isdin-isdinceutics-skin-drop-arena-frasco-con-15ml,Dermaexpress
8470001769206,Isdin Isdinceutics maquillaje liquido skin drop color bronce 15ml.,Isdin,Rostro,Rostro,897.4,933.3,1282,1439,1699,2079,1249,25.28,27.2,AMARILLO,C,0,https://cdn.shopify.com/s/files/1/0088/1937/6188/files/8470001769206.jpg,https://www.dermaexpress.com.mx/products/isdin-isdinceutics-skin-drop-bronce-frasco-con-15ml,Dermaexpress
8470002117075,Cantabria Labs Endocare Renewal Glycoperfect Sérum intensivo 50 ml,Cantabria Labs,Rostro,Rostro,701,729.04,825,1129,1329,1629,919,20.67,11.63,ROJO,B,1,https://cdn.shopify.com/s/files/1/0088/1937/6188/files/EndocareRenewalGlycoperfect_1.jpg,https://www.dermaexpress.com.mx/products/endocare-renewal-glycoperfect-az-intensive-serum-50ml,Dermaexpress
8470003913423,Isdin Ureadin Contorno de ojos 15 ml,Isdin,Ojos y Labios,Ojos y labios,367.5,382.2,525,589,699,849,509,24.91,27.2,AMARILLO,A,1,https://cdn.shopify.com/s/files/1/0088/1937/6188/files/8470003913423.jpg,https://www.dermaexpress.com.mx/products/isdin-ureadin-contorno-de-ojos-15ml,Dermaexpress
3401398303648,Bioderma Cicabio Arnica+ Crema calmante para hematomas y golpes 40 ml,Bioderma,Cuerpo,Cuerpo,404,420.16,505,649,769,939,529,20.57,16.8,ROJO,C,0,https://cdn.shopify.com/s/files/1/0088/1937/6188/products/3401398303648_5c6e803c-2071-4cab-9c86-85937cc11075.jpg,https://www.dermaexpress.com.mx/products/bioderma-cicabio-arnica-40ml-3401398303648,Dermaexpress
3282770207699,Darrow Actine Colors Protector Solar FPS50+ para piel grasa tono Claro 40 gr,Darrow,Protección Solar,Solares,375,390,469,599,709,869,489,20.25,16.84,ROJO,B,1,https://cdn.shopify.com/s/files/1/0088/1937/6188/files/3282770207699_1.png,https://www.dermaexpress.com.mx/products/darrow-actine-colors-protector-solar-fps50-tono-1-claro-40g,Dermaexpress
8429420175327,Isdin Glicoisdin Gel Intense 25% Efecto peeling 50 ml,Isdin,Rostro,Rostro,541.1,562.74,773,869,1029,1259,749,24.87,27.2,AMARILLO,A,1,https://cdn.shopify.com/s/files/1/0088/1937/6188/products/8429420175327.jpg,https://www.dermaexpress.com.mx/products/glicoisdin-gel-50ml-25,Dermaexpress
3282770055108,Ducray Melascreen Crema de noche antimanchas 50 ml,Ducray,Rostro,Rostro,879,914.16,1099,1409,1669,2039,1149,20.44,16.82,ROJO,B,1,https://cdn.shopify.com/s/files/1/0088/1937/6188/products/3282770055108-D-MELASCREEN-CREMA-DE-NOC.png,https://www.dermaexpress.com.mx/products/melascreen-noche-crema-50ml-3282770055108,Dermaexpress
8429979432933,Sesderma S-azelac ru spf50 Fluido luminoso 50 ml,Sesderma,Rostro,Rostro,952,990.08,1190,1529,1809,2209,1239,20.09,16.8,ROJO,C,0,https://cdn.shopify.com/s/files/1/0088/1937/6188/files/IMAGEN3_838755b9-b040-4925-9c90-b1eaec949e2d.jpg,https://www.dermaexpress.com.mx/products/s-azelac-ru-spf50-fluido-luminoso-50ml,Dermaexpress
3282776420801,Avene Agua micelar desmaquillante 400ml.,Avene,Rostro,Rostro,441,458.64,552,709,839,1019,579,20.79,16.91,ROJO,C,0,https://cdn.shopify.com/s/files/1/0088/1937/6188/products/3282776420801_1.jpg,https://www.dermaexpress.com.mx/products/avene-locion-micellar-400ml-3282776420801,Dermaexpress
3282770100273,"Avene Cold cream nutrition, balsamo para labios secos 4gr.",Avene,Rostro,Rostro,187,194.48,234,299,359,439,249,21.9,16.89,ROJO,C,0,https://cdn.shopify.com/s/files/1/0088/1937/6188/products/3282770100273_1.jpg,https://www.dermaexpress.com.mx/products/cold-cream-lapiz-labial-4gr-3282770100273,Dermaexpress
3282776367311,Avene Protector solar FPS50+ crema con color 100ml.,Avene,Protección Solar,Solares,415,431.6,519,669,789,959,539,19.93,16.84,ROJO,C,0,https://cdn.shopify.com/s/files/1/0088/1937/6188/products/3_282776_367311.jpg,https://www.dermaexpress.com.mx/products/bloqueador-fps50-crema-con-color-50ml-3282776367311,Dermaexpress
8470001716125,Isdin Fotoprotector Compacto Color arena FPS50+ 10 gr,Isdin,Protección Solar,Solares,515.9,536.54,737,829,979,1199,719,25.38,27.2,AMARILLO,C,0,https://cdn.shopify.com/s/files/1/0088/1937/6188/products/847000171612_1.jpg,https://www.dermaexpress.com.mx/products/isdin-50-compacto-10gr-color-arena-8470001716125,Dermaexpress
8163780225574,DS Revita SOD Suplemento alimenticio anticaída 30 tabletas,D.S.,Capilar,Cabello,772,802.88,966,1239,1459,1789,1009,20.43,16.89,ROJO,B,1,https://cdn.shopify.com/s/files/1/0088/1937/6188/files/8163780225574_1.png,https://www.dermaexpress.com.mx/products/revita-sod-c-30-tabletas,Dermaexpress
3461022003047,Institut Esthederm Bruma de Agua Celular 100ml,Institut Esthederm,Rostro,Rostro,675,702,0,1079,1279,1559,1279,45.11,0,SIN_REF,C,0,https://cdn.shopify.com/s/files/1/0088/1937/6188/files/3461022003047.jpg,https://www.dermaexpress.com.mx/products/institut-esthederm-bruma-de-agua-celular-100ml,Dermaexpress
3461020013550,Institut Esthederm Osmoclean Crema limpiadora 75ml,Institut Esthederm,Rostro,Rostro,880,915.2,0,1409,1669,2039,1669,45.16,0,SIN_REF,B,1,https://cdn.shopify.com/s/files/1/0088/1937/6188/files/3_b4b83aed-0dff-4953-847e-e9284a36a0f1.png,https://www.dermaexpress.com.mx/products/institut-esthederm-osmoclean-desincrustante-suave-75ml,Dermaexpress
3661434005459,Uriage Bálsamo reparador de labios secos y agrietados 15 ml,URIAGE,Ojos y Labios,Ojos y labios,154,160.16,206,249,299,359,209,23.37,22.25,AMARILLO,A,1,https://cdn.shopify.com/s/files/1/0088/1937/6188/files/3661434005459_1.jpg,https://www.dermaexpress.com.mx/products/uriage-balsamo-reparador-de-labios-secos-y-agrietados-15ml,Dermaexpress
4005800164361,Eucerin Urea Repair Loción corporal 10% 400 ml,Eucerin,Rostro,Cuerpo y rostro,458,476.32,655,739,869,1059,639,25.46,27.28,AMARILLO,C,0,https://cdn.shopify.com/s/files/1/0088/1937/6188/files/4005800164361_2.jpg,https://www.dermaexpress.com.mx/products/eucerin-urea-repair-10-400ml,Dermaexpress
4006000075693,Eucerin Dermopure Oil Control Gel limpiador 400 ml,Eucerin,Rostro,Cuerpo y rostro,489,508.56,699,789,929,1139,679,25.1,27.24,AMARILLO,A,1,https://cdn.shopify.com/s/files/1/0088/1937/6188/files/4006000075693.jpg,https://www.dermaexpress.com.mx/products/eucerin-dermopure-oil-control-400ml,Dermaexpress
3760201231210,Etat Pur Activo Puro Gluconato de Zinc Sérum seborregulador 15 ml,Etat pur,Rostro,Rostro,520,540.8,0,839,989,1209,989,45.32,0,SIN_REF,B,1,https://cdn.shopify.com/s/files/1/0088/1937/6188/files/3760201231210.avif,https://www.dermaexpress.com.mx/products/etat-pur-glucunato-de-zinc-3-15ml,Dermaexpress
7703281002468,Italmex Umbrella Perfect Skin SPF50+ Tono claro Para todo tipo de piel 50 gr,Italmex,Protección Solar,Solares,651,677.04,814,1049,1239,1509,849,20.25,16.83,ROJO,B,1,https://cdn.shopify.com/s/files/1/0088/1937/6188/files/7703281002468_8.jpg,https://www.dermaexpress.com.mx/products/umbrella-perfect-skin-t-claro-50gr,Dermaexpress
3661434000515,Uriage bruma facial de Agua Termal 150ml.,URIAGE,Rostro,Rostro,273,283.92,365,439,519,639,359,20.91,22.21,AMARILLO,A,1,https://cdn.shopify.com/s/files/1/0088/1937/6188/files/3661434000515_1.jpg,https://www.dermaexpress.com.mx/products/uriage-bruma-facial-de-agua-termal-150ml,Dermaexpress
8429420281103,Isdin Hyaluronic Eyes Contorno de ojos 15 gr,Isdin,Ojos y Labios,Ojos y labios,772.8,803.71,1104,1239,1469,1789,1079,25.51,27.2,AMARILLO,A,1,https://cdn.shopify.com/s/files/1/0088/1937/6188/files/8429420281103.png,https://www.dermaexpress.com.mx/products/isdin-hyaluronic-eyes-15g,Dermaexpress
813419027854,Colorescience Total Protection No Show Sunscreen Mineral SPF50 50 ml,COLORSCIENCE,Rostro,Rostro,1260,1310.4,0,2019,2389,2919,2389,45.15,0,SIN_REF,C,0,https://cdn.shopify.com/s/files/1/0088/1937/6188/files/Disenosintitulo_16_1.png,https://www.dermaexpress.com.mx/products/colorescience-total-protection-no-show-spf-50-mineral-sunscreen-50ml,Dermaexpress
358892101504,Tizo Protector solar photoceutical con ceramidas SPF40 50 ml,Tizo,Rostro,Rostro,1200,1248,0,1919,2269,2779,2269,45,0,SIN_REF,C,0,https://cdn.shopify.com/s/files/1/0088/1937/6188/files/Tizo_Image_Reformattig_2000x2000_Lifestyle_PMRestore_e7e02586-6c90-491f-8e6f-a902682eac95.webp,https://www.dermaexpress.com.mx/products/tizo-photoceutical-am-replenish-con-ceramidas-spf40,Dermaexpress
7897930776609,Cetaphil Sun Oil Control Gel protector solar FPS50+ para piel grasa 50 ml,Cetaphil,Protección Solar,Solares,424,440.96,530,679,809,979,559,21.12,16.8,ROJO,B,1,https://cdn.shopify.com/s/files/1/0088/1937/6188/files/7897930776609_1.avif,https://www.dermaexpress.com.mx/products/cetaphil-sun-oil-control-fps50-50ml-7897930776609,Dermaexpress
3337875849326,CeraVe Bálsamo reparador avanzado piel seca 50 ml,Cerave,Cuerpo,Cuerpo,246,255.84,329,399,469,569,319,19.8,22.24,AMARILLO,A,1,https://cdn.shopify.com/s/files/1/0088/1937/6188/files/Diseno_sin_titulo_10.png,https://www.dermaexpress.com.mx/products/cerave-balsamo-reparador-avanzado-piel-seca-50ml,Dermaexpress
3337875848473,CeraVe Bálsamo reparador avanzado piel seca 88 ml,Cerave,Cuerpo,Cuerpo,321,333.84,429,519,609,749,419,20.32,22.18,AMARILLO,A,1,https://cdn.shopify.com/s/files/1/0088/1937/6188/files/Diseno_sin_titulo_9.png,https://www.dermaexpress.com.mx/products/cerave-balsamo-reparador-avanzado-piel-seca-88ml,Dermaexpress
7501258214285,Advaita Traderma Gel 0.1% 10 gr,Advaita,Cuerpo,Cuerpo,680,707.2,0,1089,1289,1579,1289,45.14,0,SIN_REF,B,1,https://cdn.shopify.com/s/files/1/0088/1937/6188/products/TRADERMA_COMBO_1200.jpg,https://www.dermaexpress.com.mx/products/traderma-0-1-7501258214285,Dermaexpress
7501258203234,Advaita Traderma 0.1% 30 gr,Advaita,Cuerpo,Cuerpo,1739,1808.56,0,2789,3289,4019,3289,45.01,0,SIN_REF,B,1,https://cdn.shopify.com/s/files/1/0088/1937/6188/products/Traderma0_1CT30g.jpg,https://www.dermaexpress.com.mx/products/traderma-0-1-30-gr,Dermaexpress
7501258203227,Advaita Traderma 0.03% 30 gr,Advaita,Cuerpo,Cuerpo,1439,1496.56,0,2309,2729,3329,2729,45.16,0,SIN_REF,C,0,https://cdn.shopify.com/s/files/1/0088/1937/6188/products/Traderma0_3CT30g.jpg,https://www.dermaexpress.com.mx/products/traderma-0-03-30-gr,Dermaexpress
3661434000522,Uriage Bruma facial de agua termal 300 ml,URIAGE,Rostro,Rostro,352,366.08,470,569,669,819,459,20.24,22.11,AMARILLO,A,1,https://cdn.shopify.com/s/files/1/0088/1937/6188/files/3661434000522_1.jpg,https://www.dermaexpress.com.mx/products/uriage-bruma-facial-de-agua-termal-300ml,Dermaexpress
7703281002062,Italmex Cetopic Crema antioxidante 50 gr,Italmex,Rostro,Rostro,1003,1043.12,1254,1609,1899,2319,1309,20.31,16.82,ROJO,B,1,https://cdn.shopify.com/s/files/1/0088/1937/6188/products/Cetopic-Vitamina-C-Crema-Topica-50-Gr-7703281002062-637298958430897918-1.jpg,https://www.dermaexpress.com.mx/products/cetopic-crema-50-gr,Dermaexpress
7501273500165,Remexa Kamiloderm crema 100 gr,Remexa,Cuerpo,Cuerpo,669,695.76,0,1079,1269,1549,1269,45.17,0,SIN_REF,B,1,https://cdn.shopify.com/s/files/1/0088/1937/6188/products/Adaptaciones-15.jpg,https://www.dermaexpress.com.mx/products/kamiloderm-crema-100gr-7501273500165,Dermaexpress
850019136104,Lullage Repigment12 Crema Reguladora de Pigmentación 75 ml,LULLAGE,Rostro,ROSTRO,2049,2130.96,0,3279,3879,4739,3879,45.06,0,SIN_REF,B,1,https://cdn.shopify.com/s/files/1/0088/1937/6188/files/1_1166255c-d9aa-4916-9ee2-b0d09733bde6.png,https://www.dermaexpress.com.mx/products/lullage-repigment12-75ml,Dermaexpress
3661434006500,Uriage Bariésun Bruma solar seca spf50+ hidratante 200 ml,URIAGE,Rostro,Cuerpo y rostro,557,579.28,743,899,1059,1289,729,20.54,22.03,AMARILLO,C,0,https://cdn.shopify.com/s/files/1/0088/1937/6188/files/3661434006500_1_37f7157c-3d77-4bb7-82ef-eb49bafed699.jpg,https://www.dermaexpress.com.mx/products/uriage-bariesun-bruma-solar-seca-spf50-hidratante-200ml,Dermaexpress
3661434009372,Uriage Agua micelar Antioxidante piel normal y seca 100 ml,URIAGE,Rostro,Rostro,126,131.04,168,209,239,299,169,22.46,22,AMARILLO,A,1,https://cdn.shopify.com/s/files/1/0088/1937/6188/files/3661434009372_1.jpg,https://www.dermaexpress.com.mx/products/uriage-agua-micelar-antioxidante-piel-normal-y-seca-100ml,Dermaexpress
3661434005503,Uriage Eau thermale Mascarilla hidratante con ha 50 ml,URIAGE,Rostro,Rostro,449,466.96,599,719,849,1039,589,20.72,22.04,AMARILLO,A,1,https://cdn.shopify.com/s/files/1/0088/1937/6188/files/3661434005503.jpg,https://www.dermaexpress.com.mx/products/uriage-eau-thermale-mascarilla-hidratante-con-ha-50ml,Dermaexpress
5201279088484,Apivita Bee Sun Safe Fluido invisible toque seco SPF50 50 ml,Apivita,Protección Solar,Solares,650,676,0,1039,1229,1509,1229,45,0,SIN_REF,C,0,https://cdn.shopify.com/s/files/1/0088/1937/6188/files/5201279088484_1.jpg,https://www.dermaexpress.com.mx/products/apivita-bee-sun-safe-fluido-invisible-toque-seco-spf50-50ml,Dermaexpress
5201279080402,Apivita Shampoo anticaspa para cuero cabelludo graso 250 ml,Apivita,Capilar,Cabello,420,436.8,0,679,799,979,799,45.33,0,SIN_REF,A,1,https://cdn.shopify.com/s/files/1/0088/1937/6188/files/51Q1mTsOtnL._AC_UL600_SR600_600.jpg,https://www.dermaexpress.com.mx/products/apivita-shampoo-anticaspa-para-cuero-cabelludo-graso-250ml,Dermaexpress
5201279077839,Apivita Shampoo anticaída tonificante para mujeres 250 ml,Apivita,Capilar,Cabello,420,436.8,0,679,799,979,799,45.33,0,SIN_REF,A,1,https://cdn.shopify.com/s/files/1/0088/1937/6188/files/5201279077839_1.jpg,https://www.dermaexpress.com.mx/products/apivita-shampoo-anticaida-tonificante-para-mujeres-250ml,Dermaexpress
5201279077822,Apivita Shampoo anticaída tonificante para hombres 250 ml,Apivita,Capilar,Cabello,420,436.8,0,679,799,979,799,45.33,0,SIN_REF,A,1,https://cdn.shopify.com/s/files/1/0088/1937/6188/files/5201279077822_1.jpg,https://www.dermaexpress.com.mx/products/apivita-shampoo-anticaida-tonificante-para-hombres-250ml,Dermaexpress
5201279071738,Apivita Acondicionador para raíz grasa y puntas secas 150 ml,Apivita,Capilar,Cabello,350,364,0,559,669,809,669,45.59,0,SIN_REF,A,1,https://cdn.shopify.com/s/files/1/0088/1937/6188/files/5201279071738_1.jpg,https://www.dermaexpress.com.mx/products/acondicionador-para-raiz-grasa-y-puntas-secas-150ml,Dermaexpress
3661434005268,Uriage Gyn-phy Gel refrescante de higiene íntima 200 ml,URIAGE,Cuerpo,Cuerpo,192,199.68,256,309,369,449,249,19.81,22,AMARILLO,A,1,https://cdn.shopify.com/s/files/1/0088/1937/6188/files/3661434005268_1.jpg,https://www.dermaexpress.com.mx/products/uriage-gyn-phy-gel-refrescante-de-higiene-intima-200ml,Dermaexpress
3661434009754,Uriage Depiderm Sérum de vitamina c 20% y niacinamida 30 ml,URIAGE,Rostro,Rostro,843,876.72,1124,1349,1599,1949,1099,20.23,22,AMARILLO,A,1,https://cdn.shopify.com/s/files/1/0088/1937/6188/files/3661434009754_1.jpg,https://www.dermaexpress.com.mx/products/uriage-depiderm-serum-de-vitamina-c-20-y-niacinamida-30ml,Dermaexpress
3337875563055,Vichy Dermablend covermatte #45 gold Polvo compacto de alta cobertura 9.5 gr,Vichy,Rostro,Rostro,749,778.96,999,1199,1419,1739,979,20.43,22.03,AMARILLO,C,0,https://cdn.shopify.com/s/files/1/0088/1937/6188/products/3337875563055_4f344f95-d566-4d77-8649-313463f72686.jpg,https://www.dermaexpress.com.mx/products/db-covermatte-9-5gr-color-gold-3337875563055,Dermaexpress
8423372800467,Genové Pilopeptan Woman 5 Alfa R 30 comprimidos,Genove,Capilar,Cabello,1020,1060.8,1360,1639,1929,2359,1329,20.18,22,AMARILLO,B,1,https://cdn.shopify.com/s/files/1/0088/1937/6188/files/Genove_1.avif,https://www.dermaexpress.com.mx/products/pilopeptan-woman-5-alfa-r-30-comprimidos,Dermaexpress
3760269771192,Isispharma Neotone Sensitive Bálsamo intensivo despigmentante para piel sensible 30 ml,Isispharma,Rostro,Rostro,792,823.68,990,1269,1499,1839,1029,19.95,16.8,ROJO,B,1,https://cdn.shopify.com/s/files/1/0088/1937/6188/products/NeotoneSensitive.jpg,https://www.dermaexpress.com.mx/products/isispharma-neotone-sensitive-balsamo-intensivo-despigmentante-para-piel-sensible-30ml,Dermaexpress
8809598451896,COSRX Full Fit Propolis Synergy Toner Tónico con propóleo 150 ml,COSRX,Rostro,Rostro,680,707.2,0,1089,1289,1579,1289,45.14,0,SIN_REF,B,1,https://cdn.shopify.com/s/files/1/0088/1937/6188/files/SC10FF02_1.jpg,https://www.dermaexpress.com.mx/products/cosrx-full-fit-propolis-synergy-toner-tonico-con-propoleos-150ml,Dermaexpress
3337875873086,Vichy Liftactiv retinol Crema 50 ml,Vichy,Rostro,Rostro,1049,1090.96,1399,1679,1989,2429,1369,20.31,22.02,AMARILLO,C,0,https://cdn.shopify.com/s/files/1/0088/1937/6188/files/3337875873086_2.jpg,https://www.dermaexpress.com.mx/products/liftactiv-retinol-crema-50ml,Dermaexpress
3661434005435,Uriage Ungüento reparador de pies y talones agrietados 40 ml,URIAGE,Cuerpo,Cuerpo,242,251.68,323,389,459,559,319,21.1,22.08,AMARILLO,A,1,https://cdn.shopify.com/s/files/1/0088/1937/6188/files/3661434005435_1.jpg,https://www.dermaexpress.com.mx/products/uriage-unguento-reparador-de-pies-y-talones-agrietados-40ml,Dermaexpress
3661434009990,Uriage Hyseac Gel limpiador piel mixta a grasa 500 ml,URIAGE,Rostro,ROSTRO,452,470.08,603,729,859,1049,589,20.19,22.04,AMARILLO,A,1,https://cdn.shopify.com/s/files/1/0088/1937/6188/files/3661434009990_1.jpg,https://www.dermaexpress.com.mx/products/uriage-hyseac-gel-limpiador-piel-mixta-a-grasa-500ml,Dermaexpress
8423372000096,Genové Genosun Zero Protector solar spray FPS50+ 125 ml,Genove,Rostro,Cuerpo y rostro,487,506.48,650,779,929,1129,639,20.74,22.08,AMARILLO,B,1,https://cdn.shopify.com/s/files/1/0088/1937/6188/files/8423372000096.jpg,https://www.dermaexpress.com.mx/products/genove-genosun-zero-protector-solar-spray-fps50-125ml,Dermaexpress
3661434004575,Uriage Desodorante power3 Anti-olor anti-transpirante 50 ml,URIAGE,Cuerpo,Cuerpo,318,330.72,425,509,609,739,419,21.07,22.18,AMARILLO,A,1,https://cdn.shopify.com/s/files/1/0088/1937/6188/files/3661434004575_1.jpg,https://www.dermaexpress.com.mx/products/uriage-desodorante-power3-anti-olor-anti-transpirante-50ml,Dermaexpress
3661434009303,Uriage DS Shampoo Caspa moderada con piroctona olamina 200 ml,URIAGE,Capilar,Cabello,333,346.32,445,539,629,769,439,21.11,22.18,AMARILLO,A,1,https://cdn.shopify.com/s/files/1/0088/1937/6188/files/3661434009303_1.jpg,https://www.dermaexpress.com.mx/products/uriage-ds-shampoo-caspa-moderada-con-piroctona-olamina-200ml,Dermaexpress
3499320015752,Cetaphil Healthy Renew Sérum de ojos antiarrugas 15 gr,Cetaphil,Rostro,Rostro,451,469.04,602,729,859,1049,589,20.37,22.09,AMARILLO,A,1,https://cdn.shopify.com/s/files/1/0088/1937/6188/files/3499320015752_1.avif,https://www.dermaexpress.com.mx/products/cetaphil-healty-renew-serum-de-ojos-15gr,Dermaexpress
3661434011900,Uriage Cica-daily Crema reparadora concentrada refill 50 ml,URIAGE,Rostro,Rostro y cuello,345,358.8,460,559,659,799,449,20.09,22,AMARILLO,C,0,https://cdn.shopify.com/s/files/1/0088/1937/6188/files/3661434011900_1.jpg,https://www.dermaexpress.com.mx/products/uriage-cica-daily-crema-reparadora-concentrada-refill-50ml,Dermaexpress
3661434009211,Uriage Age lift Contorno de ojos con retinol y ha 15 ml,URIAGE,Rostro,ROSTRO,617,641.68,823,989,1169,1429,809,20.68,22.03,AMARILLO,A,1,https://cdn.shopify.com/s/files/1/0088/1937/6188/files/3661434009211_1.jpg,https://www.dermaexpress.com.mx/products/uriage-age-lift-contorno-de-ojos-con-retinol-y-ha-15ml,Dermaexpress
7702003006913,Eucerin Hyaluron Filler Instense Hydra Spray 150 ml,Eucerin,Rostro,Rostro,300,312,429,479,569,699,419,25.54,27.27,AMARILLO,A,1,https://cdn.shopify.com/s/files/1/0088/1937/6188/files/7702003006913_1_949ef720-7e5b-4d32-b40f-847818edf576.jpg,https://www.dermaexpress.com.mx/products/eucerin-hyaluron-filler-mist-spray-150-ml,Dermaexpress
3661434011924,Uriage Cica-daily Gel-crema reparador centella asiática 40 ml,URIAGE,Rostro,ROSTRO,370,384.8,494,599,699,859,489,21.31,22.11,AMARILLO,A,1,https://cdn.shopify.com/s/files/1/0088/1937/6188/files/3661434011924_1.jpg,https://www.dermaexpress.com.mx/products/uriage-cica-daily-gel-crema-reparador-centella-asiatica-40ml,Dermaexpress
3661434010088,Uriage Hyseac 3-regul Crema con ácido salicílico y aha 40 ml,URIAGE,Rostro,Rostro,526,547.04,702,849,999,1219,689,20.6,22.07,AMARILLO,A,1,https://cdn.shopify.com/s/files/1/0088/1937/6188/files/3661434010088_1.jpg,https://www.dermaexpress.com.mx/products/uriage-hyseac-3-regul-crema-con-acido-salicilico-y-aha-40ml,Dermaexpress
3661434009181,"Uriage Age absolu Crema con retinol, ha y procolágeno 50 ml",URIAGE,Rostro,ROSTRO,855,889.2,1140,1369,1619,1979,1119,20.54,22,AMARILLO,A,1,https://cdn.shopify.com/s/files/1/0088/1937/6188/files/3661434009181_1.jpg,https://www.dermaexpress.com.mx/products/uriage-age-absolu-crema-con-retinol-ha-y-procolageno-50ml,Dermaexpress
3760269770447,"Isispharma Sensylia Aqua Solución Micelar, desmaquilla, limpia e hidrata la piel sensible, 400ml.",Isispharma,Rostro,Rostro,520,540.8,650,839,989,1209,679,20.35,16.8,ROJO,B,1,https://cdn.shopify.com/s/files/1/0088/1937/6188/products/SensyliaAqua400ml.jpg,https://www.dermaexpress.com.mx/products/sensylia-aqua-solucion-micelar-400ml,Dermaexpress
5201279072834,Apivita Espuma limpiadora facial para rostro y ojos 200 ml,Apivita,Rostro,Rostro,522,542.88,0,839,989,1209,989,45.11,0,SIN_REF,A,1,https://cdn.shopify.com/s/files/1/0088/1937/6188/files/5201279072834_1.jpg,https://www.dermaexpress.com.mx/products/apivita-espuma-limpiadora-facial-para-rostro-y-ojos-200ml,Dermaexpress
3661434004858,Uriage Xemose Crema corporal piel seca y atópica 400 ml,URIAGE,Rostro,Cuerpo y rostro,461,479.44,615,739,879,1069,599,19.96,22.04,AMARILLO,A,1,https://cdn.shopify.com/s/files/1/0088/1937/6188/files/3661434004858_1.jpg,https://www.dermaexpress.com.mx/products/uriage-xemose-crema-corporal-piel-seca-y-atopica-400ml,Dermaexpress
5201279072193,Apivita Mascarilla facial de arcilla verde limpieza profunda 2 x 8 ml,Apivita,Rostro,Rostro,149,154.96,0,239,289,349,289,46.38,0,SIN_REF,A,1,https://cdn.shopify.com/s/files/1/0088/1937/6188/files/5201279072193_1.jpg,https://www.dermaexpress.com.mx/products/apivita-mascarilla-facial-de-arcilla-verde-limpieza-profunda-2x8ml,Dermaexpress
5201279073350,Apivita Crema de Manos con Jazmin Textura Ligera 50ml.,Apivita,Cuerpo,Cuerpo,256,266.24,0,409,489,599,489,45.55,0,SIN_REF,C,0,https://cdn.shopify.com/s/files/1/0088/1937/6188/files/5201279073350_1.jpg,https://www.dermaexpress.com.mx/products/apivita-crema-de-manos-con-jazmin-textura-ligera-50ml,Dermaexpress
8809598452053,COSRX Advanced Snail Radiance Dual Essence Esencia dual con niacinamida 80 ml,COSRX,Rostro,Rostro,750,780,0,1199,1419,1739,1419,45.03,0,SIN_REF,C,0,https://cdn.shopify.com/s/files/1/0088/1937/6188/files/COSRXAdvancedSnailRadianceDualEssenceesenciadualconniacinamida80ml..png,https://www.dermaexpress.com.mx/products/cosrx-advanced-snail-radiance-dual-essence-esencia-dual-con-niacinamida-80ml,Dermaexpress
358892122301,Tizo Protector solar mineral en stick con color SPF25 30 g,Tizo,Rostro,Rostro,760,790.4,0,1219,1439,1759,1439,45.07,0,SIN_REF,B,1,https://cdn.shopify.com/s/files/1/0088/1937/6188/files/Mineral_Stick_Tint.webp,https://www.dermaexpress.com.mx/products/tizo-mineral-stick-tinted,Dermaexpress
5201279078874,Apivita Aqua Beelicious Crema hidratante matificante 40 ml,Apivita,Rostro,Rostro,755,785.2,0,1209,1429,1749,1429,45.05,0,SIN_REF,A,1,https://cdn.shopify.com/s/files/1/0088/1937/6188/files/5201279078874_1.jpg,https://www.dermaexpress.com.mx/products/apivita-aqua-beelicious-crema-hidratante-matificante-40ml,Dermaexpress
5201279098391,Apivita Queen Bee Crema Regeneradora Antiedad Absoluto 50ml.,Apivita,Rostro,Rostro y cuello,1563,1625.52,0,2509,2959,3619,2959,45.07,0,SIN_REF,A,1,https://cdn.shopify.com/s/files/1/0088/1937/6188/files/5201279098391_1.jpg,https://www.dermaexpress.com.mx/products/apivita-queen-bee-crema-regeneradora-antiedad-absoluto-50ml,Dermaexpress
5201279097615,Apivita formato viaje Acondicionador suave uso diario 50ml.,Apivita,Capilar,Cabello,170,176.8,0,279,329,399,329,46.26,0,SIN_REF,C,0,https://cdn.shopify.com/s/files/1/0088/1937/6188/files/5201279097615_1.jpg,https://www.dermaexpress.com.mx/products/apivita-formato-viaje-acondicionador-suave-uso-diario-50ml,Dermaexpress
5201279097561,Apivita formato viaje Acondicionador Hidratante 50ml.,Apivita,Capilar,Cabello,170,176.8,0,279,329,399,329,46.26,0,SIN_REF,A,1,https://cdn.shopify.com/s/files/1/0088/1937/6188/files/5201279097561_1.jpg,https://www.dermaexpress.com.mx/products/apivita-formato-viaje-acondicionador-hidratante-50ml,Dermaexpress
5201279094225,Apivita Beevine Elixir Crema contorno de ojos y labios 15 ml,Apivita,Ojos y Labios,Ojos y labios,974,1012.96,0,1559,1849,2259,1849,45.22,0,SIN_REF,A,1,https://cdn.shopify.com/s/files/1/0088/1937/6188/files/5201279094225_1.jpg,https://www.dermaexpress.com.mx/products/apivita-beevine-elixir-crema-contorno-de-ojos-y-labios-15ml,Dermaexpress
5201279094218,Apivita Beevine Elixir Sérum Reafirmante Antiarrugas 30ml.,Apivita,Rostro,Rostro,1416,1472.64,0,2269,2679,3279,2679,45.03,0,SIN_REF,A,1,https://cdn.shopify.com/s/files/1/0088/1937/6188/files/5201279094218_1.jpg,https://www.dermaexpress.com.mx/products/apivita-beevine-elixir-serum-reafirmante-antiarrugas-30ml,Dermaexpress
5201279094188,Apivita Beevine Elixir Crema Ligera Lift y Firmeza 50ml.,Apivita,Rostro,Rostro,1358,1412.32,0,2179,2569,3139,2569,45.02,0,SIN_REF,A,1,https://cdn.shopify.com/s/files/1/0088/1937/6188/files/5201279094188_1.jpg,https://www.dermaexpress.com.mx/products/apivita-beevine-elixir-crema-ligera-lift-y-firmeza-50ml,Dermaexpress
5201279080969,Apivita Queen Bee Contorno de ojos antiedad 15 ml,Apivita,Ojos y Labios,Ojos y labios,1320,1372.8,0,2119,2499,3059,2499,45.07,0,SIN_REF,A,1,https://cdn.shopify.com/s/files/1/0088/1937/6188/files/5201279080969_1.jpg,https://www.dermaexpress.com.mx/products/apivita-queen-bee-contorno-de-ojos-antiedad-15ml,Dermaexpress
5201279080952,Apivita Queen Bee Sérum regenerador antiedad 30 ml,Apivita,Rostro,Rostro,1605,1669.2,0,2569,3039,3709,3039,45.07,0,SIN_REF,A,1,https://cdn.shopify.com/s/files/1/0088/1937/6188/files/5201279080952_1.jpg,https://www.dermaexpress.com.mx/products/apivita-queen-bee-serum-regenerador-antiedad-30ml,Dermaexpress
5201279080945,Apivita Queen Bee Crema de Noche Regeneradora Antiedad 50ml.,Apivita,Rostro,Rostro,1563,1625.52,0,2509,2959,3619,2959,45.07,0,SIN_REF,A,1,https://cdn.shopify.com/s/files/1/0088/1937/6188/files/5201279080945_1.jpg,https://www.dermaexpress.com.mx/products/apivita-queen-bee-crema-de-noche-regeneradora-antiedad-50ml,Dermaexpress
5201279080228,Apivita Bee Sun Safe Protector solar en spray ultraligero SPF50 200 ml,Apivita,Protección Solar,Solares,720,748.8,0,1159,1369,1669,1369,45.3,0,SIN_REF,A,1,https://cdn.shopify.com/s/files/1/0088/1937/6188/files/5201279080228_1.jpg,https://www.dermaexpress.com.mx/products/apivita-bee-sun-safe-protector-solar-spray-ultraligero-spf50-200ml,Dermaexpress
5201279078881,Apivita Aqua Beelicious Crema Hidratante con Ceramidas 40ml.,Apivita,Rostro,Rostro,755,785.2,0,1209,1429,1749,1429,45.05,0,SIN_REF,A,1,https://cdn.shopify.com/s/files/1/0088/1937/6188/files/5201279078881_1.jpg,https://www.dermaexpress.com.mx/products/apivita-aqua-beelicious-crema-hidratante-con-ceramidas-40ml,Dermaexpress
5201279074289,Apivita Bee Radiant Sérum antiedad y anti-fatiga 30 ml,Apivita,Rostro,Rostro,1235,1284.4,0,1979,2339,2859,2339,45.09,0,SIN_REF,A,1,https://cdn.shopify.com/s/files/1/0088/1937/6188/files/5201279074289_1.jpg,https://www.dermaexpress.com.mx/products/apivita-bee-radiant-serum-antiedad-y-anti-fatiga-30ml,Dermaexpress
5201279074210,Apivita Royal Honey Body Cream para piel seca 150 ml,Apivita,Cuerpo,Cuerpo,450,468,0,719,859,1039,859,45.52,0,SIN_REF,C,0,https://cdn.shopify.com/s/files/1/0088/1937/6188/files/5201279074210_1.jpg,https://www.dermaexpress.com.mx/products/apivita-royal-honey-body-cream-para-piel-seca-150ml,Dermaexpress
5201279073367,Apivita Crema para manos secas y agrietadas 50ml.,Apivita,Cuerpo,Cuerpo,256,266.24,0,409,489,599,489,45.55,0,SIN_REF,A,1,https://cdn.shopify.com/s/files/1/0088/1937/6188/files/5201279073367_1.jpg,https://www.dermaexpress.com.mx/products/apivita-crema-para-manos-secas-y-agrietadas-50ml,Dermaexpress
5201279073343,Apivita Crema de manos intensiva con ácido hialurónico 50 ml,Apivita,Cuerpo,Cuerpo,256,266.24,0,409,489,599,489,45.55,0,SIN_REF,A,1,https://cdn.shopify.com/s/files/1/0088/1937/6188/files/5201279073343_1.jpg,https://www.dermaexpress.com.mx/products/apivita-crema-de-manos-intensiva-con-acido-hialuronico-50ml,Dermaexpress
5201279073312,Apivita Tonic Mountain Tea Gel de ducha formato viaje 75 ml,Apivita,Cuerpo,Cuerpo,170,176.8,0,279,329,399,329,46.26,0,SIN_REF,A,1,https://cdn.shopify.com/s/files/1/0088/1937/6188/files/5201279073312_1.jpg,https://www.dermaexpress.com.mx/products/apivita-formato-viaje-tonic-mountain-tea-gel-de-ducha-75ml,Dermaexpress
5201279073213,Apivita Tonic Mountain Tea Gel de ducha 250 ml,Apivita,Cuerpo,Cuerpo,370,384.8,0,599,699,859,699,44.95,0,SIN_REF,A,1,https://cdn.shopify.com/s/files/1/0088/1937/6188/files/5201279073213_1.jpg,https://www.dermaexpress.com.mx/products/apivita-tonic-mountain-tea-gel-de-ducha-250ml,Dermaexpress
5201279073176,"Apivita Jabón en barra natural con miel, limpieza suave 125 gr",Apivita,Rostro,Cuerpo y rostro,246,255.84,0,399,469,569,469,45.45,0,SIN_REF,A,1,https://cdn.shopify.com/s/files/1/0088/1937/6188/files/5201279073176_1.jpg,https://www.dermaexpress.com.mx/products/apivita-jabon-en-barra-natural-con-miel-limpieza-suave-125gr,Dermaexpress
5201279073152,Apivita Jabón en barra natural con propóleo para piel grasa 125 gr,Apivita,Rostro,Rostro,246,255.84,0,399,469,569,469,45.45,0,SIN_REF,C,0,https://cdn.shopify.com/s/files/1/0088/1937/6188/files/5201279073152_1.jpg,https://www.dermaexpress.com.mx/products/apivita-jabon-en-barra-natural-con-propoleo-para-piel-grasa-125gr,Dermaexpress
5201279071752,Apivita Formato Viaje Shampoo Uso Frecuente 75ml.,Apivita,Capilar,Cabello,170,176.8,0,279,329,399,329,46.26,0,SIN_REF,A,1,https://cdn.shopify.com/s/files/1/0088/1937/6188/files/5201279071752_1.jpg,https://www.dermaexpress.com.mx/products/formato-viaje-shampoo-uso-frecuente-75ml,Dermaexpress
5201279088477,Apivita Bee Sun Safe Hydra Protector aceite capilar 100 ml,Apivita,Capilar,Cabello,440,457.6,0,709,839,1019,839,45.46,0,SIN_REF,A,1,https://cdn.shopify.com/s/files/1/0088/1937/6188/files/5201279088477_1.jpg,https://www.dermaexpress.com.mx/products/apivita-bee-sun-safe-hydra-protector-aceite-capilar-100ml,Dermaexpress
5201279078904,Apivita Aqua Beelicious Sérum booster con ácido hialurónico 30 ml,Apivita,Rostro,Rostro,790,821.6,0,1269,1499,1829,1499,45.19,0,SIN_REF,A,1,https://cdn.shopify.com/s/files/1/0088/1937/6188/files/apivita-aqua-beelicious-refreshing-hydrating-booster-30ml.jpg,https://www.dermaexpress.com.mx/products/apivita-aqua-beelicious-serum-booster-acido-hialuronico-30ml,Dermaexpress
5201279078898,Apivita Aqua Beelicious Contorno de ojos gel hidratante 15 ml,Apivita,Ojos y Labios,Ojos y labios,590,613.6,0,949,1119,1369,1119,45.17,0,SIN_REF,A,1,https://cdn.shopify.com/s/files/1/0088/1937/6188/files/5201279078898_1.jpg,https://www.dermaexpress.com.mx/products/apivita-aqua-beelicious-contorno-de-ojos-gel-hidratante-15ml,Dermaexpress
5201279072889,Apivita Gel Purificante rostro para pieles grasas 200ml.,Apivita,Rostro,Rostro,522,542.88,0,839,989,1209,989,45.11,0,SIN_REF,A,1,https://cdn.shopify.com/s/files/1/0088/1937/6188/files/5201279072889_1.jpg,https://www.dermaexpress.com.mx/products/apivita-gel-purificante-rostro-para-pieles-grasas-200ml,Dermaexpress
3661434011917,Uriage Cica-daily Crema reparadora concentrada 50 ml,URIAGE,Rostro,ROSTRO,442,459.68,590,709,839,1029,579,20.61,22.09,AMARILLO,A,1,https://cdn.shopify.com/s/files/1/0088/1937/6188/files/3661434011917_1.jpg,https://www.dermaexpress.com.mx/products/uriage-cica-daily-crema-reparadora-concentrada-50ml,Dermaexpress
7501089804433,Armstrong LETI AT4 Crema regeneración intensiva 100 ml,Armstrong,Cuerpo,Cuerpo,731,760.24,0,1169,1389,1689,1389,45.27,0,SIN_REF,B,1,https://cdn.shopify.com/s/files/1/0088/1937/6188/files/03_LETI_INTENSIVE_2023.jpg,https://www.dermaexpress.com.mx/products/leti-at4-intensive-tubo-con-100-ml,Dermaexpress
5201279094614,Apivita Keratin Repair Acondicionador nutritivo 150 ml,Apivita,Capilar,Cabello,350,364,0,559,669,809,669,45.59,0,SIN_REF,A,1,https://cdn.shopify.com/s/files/1/0088/1937/6188/files/5201279094614.jpg,https://www.dermaexpress.com.mx/products/apivita-acondicionador-keratin-repair-nutritivo-150ml,Dermaexpress
5201279088316,Apivita Stick labial hidratante con cacao SPF20 4 gr,Apivita,Ojos y Labios,Ojos y labios,214,222.56,0,349,409,499,409,45.58,0,SIN_REF,A,1,https://cdn.shopify.com/s/files/1/0088/1937/6188/files/5201279088316_1.jpg,https://www.dermaexpress.com.mx/products/apivita-stick-labial-hidratante-con-cacao-spf20-4gr,Dermaexpress
5201279086558,Apivita Acondicionador para cabello fino y debilitado 150 ml,Apivita,Capilar,Cabello,350,364,0,559,669,809,669,45.59,0,SIN_REF,A,1,https://cdn.shopify.com/s/files/1/0088/1937/6188/files/5201279086558_1.jpg,https://www.dermaexpress.com.mx/products/apivita-acondicionador-para-cabello-fino-debilitado-150ml,Dermaexpress
5201279081805,Apivita Mascarilla facial hidratante con pepino 2 x 8 ml,Apivita,Rostro,Rostro,149,154.96,0,239,289,349,289,46.38,0,SIN_REF,A,1,https://cdn.shopify.com/s/files/1/0088/1937/6188/files/5201279081805.jpg,https://www.dermaexpress.com.mx/products/apivita-mascarilla-facial-hidratante-con-pepino-2x8ml,Dermaexpress
5201279080419,Apivita Shampoo anticaspa seca con apio y propóleo 250 ml,Apivita,Capilar,Cabello,420,436.8,0,679,799,979,799,45.33,0,SIN_REF,C,0,https://cdn.shopify.com/s/files/1/0088/1937/6188/files/5201279080419_1.jpg,https://www.dermaexpress.com.mx/products/apivita-shampoo-anticaspa-seca-con-apio-y-propoleo-250ml,Dermaexpress
5201279080167,Apivita Bee Sun Safe Hydra Fresh Gel-crema facial SPF50 50 ml,Apivita,Protección Solar,Solares,590,613.6,0,949,1119,1369,1119,45.17,0,SIN_REF,A,1,https://cdn.shopify.com/s/files/1/0088/1937/6188/files/5201279080167_1.jpg,https://www.dermaexpress.com.mx/products/apivita-bee-sun-safe-hydra-fresh-gel-crema-facial-spf50-50ml,Dermaexpress
5201279076849,Apivita Express Beauty Mascarilla facial reafirmante 2 x 8 ml,Apivita,Rostro,Rostro,159,165.36,0,259,309,369,309,46.49,0,SIN_REF,A,1,https://cdn.shopify.com/s/files/1/0088/1937/6188/files/5201279076849.jpg,https://www.dermaexpress.com.mx/products/apivita-express-beauty-mascarilla-facial-reafirmante-2x8ml,Dermaexpress
5201279074241,Apivita Bee Radiant Gel-Crema antiedad y anti-fatiga 50 ml,Apivita,Rostro,Rostro y cuello,945,982.8,0,1519,1789,2189,1789,45.06,0,SIN_REF,C,0,https://cdn.shopify.com/s/files/1/0088/1937/6188/files/5201279074241_1.jpg,https://www.dermaexpress.com.mx/products/apivita-bee-radiant-gel-crema-antiedad-y-anti-fatiga-50ml,Dermaexpress
5201279073220,Apivita Royal Honey Gel de ducha 250 ml,Apivita,Cuerpo,Cuerpo,370,384.8,0,599,699,859,699,44.95,0,SIN_REF,A,1,https://cdn.shopify.com/s/files/1/0088/1937/6188/files/5201279073220_1.jpg,https://www.dermaexpress.com.mx/products/apivita-royal-honey-gel-de-ducha-250ml,Dermaexpress
5201279072223,Apivita Mascarilla facial exfoliante suave con chabacano 2 x 8 ml,Apivita,Rostro,Rostro,149,154.96,0,239,289,349,289,46.38,0,SIN_REF,A,1,https://cdn.shopify.com/s/files/1/0088/1937/6188/files/5201279072223_1.jpg,https://www.dermaexpress.com.mx/products/apivita-mascarilla-facial-exfoliante-suave-con-chabacano-2x8ml,Dermaexpress
5201279094607,Apivita Keratin Repair Shampoo nutritivo y reparador 250 ml,Apivita,Capilar,Cabello,370,384.8,0,599,699,859,699,44.95,0,SIN_REF,A,1,https://cdn.shopify.com/s/files/1/0088/1937/6188/files/5201279094607_1.jpg,https://www.dermaexpress.com.mx/products/apivita-shampoo-keratin-repair-nutritivo-y-reparador-250ml,Dermaexpress
5201279088354,Apivita Stick labial hidratante con miel 4 gr,Apivita,Ojos y Labios,Ojos y labios,214,222.56,0,349,409,499,409,45.58,0,SIN_REF,A,1,https://cdn.shopify.com/s/files/1/0088/1937/6188/files/5201279088354_1.jpg,https://www.dermaexpress.com.mx/products/apivita-stick-labial-hidratante-con-miel-4gr,Dermaexpress
5201279088347,Apivita Stick labial hidratante con granada tono rosado 4.4 gr,Apivita,Ojos y Labios,Ojos y labios,214,222.56,0,349,409,499,409,45.58,0,SIN_REF,A,1,https://cdn.shopify.com/s/files/1/0088/1937/6188/files/67d66657-4b6d-4a57-bc74-4a572810cd5d.jpg,https://www.dermaexpress.com.mx/products/apivita-stick-labial-hidratante-con-granada-color-rosado-4-4g,Dermaexpress
5201279085216,Apivita Bee Radiant Contorno de ojos anti-fatiga 15 ml,Apivita,Ojos y Labios,Ojos y labios,712,740.48,0,1139,1349,1649,1349,45.11,0,SIN_REF,A,1,https://cdn.shopify.com/s/files/1/0088/1937/6188/files/5201279085216.jpg,https://www.dermaexpress.com.mx/products/apivita-bee-radiant-contorno-de-ojos-anti-fatiga-15ml,Dermaexpress
5201279081829,Apivita Mascarilla contorno de ojos antioxidante 2 x 2 ml,Apivita,Ojos y Labios,Ojos y labios,149,154.96,0,239,289,349,289,46.38,0,SIN_REF,C,0,https://cdn.shopify.com/s/files/1/0088/1937/6188/files/5201279081829_1.jpg,https://www.dermaexpress.com.mx/products/apivita-mascarilla-contorno-de-ojos-antioxidante-2x2ml,Dermaexpress
5201279081782,Apivita Mascarilla facial iluminadora con naranja 2 x 8 ml,Apivita,Rostro,ROSTRO,139,144.56,0,229,269,329,269,46.26,0,SIN_REF,A,1,https://cdn.shopify.com/s/files/1/0088/1937/6188/files/5201279081782_1.jpg,https://www.dermaexpress.com.mx/products/apivita-mascarilla-facial-iluminadora-con-naranja-2x8ml,Dermaexpress
5201279072933,Apivita Agua micelar limpiadora con rosa y miel 300 ml,Apivita,Rostro,Rostro,489,508.56,0,789,929,1139,929,45.26,0,SIN_REF,C,0,https://cdn.shopify.com/s/files/1/0088/1937/6188/files/5201279072933_1.jpg,https://www.dermaexpress.com.mx/products/apivita-agua-micelar-limpiadora-con-rosa-y-miel-300ml,Dermaexpress
5201279071707,Apivita Shampoo para raíz grasa y puntas secas 250 ml,Apivita,Capilar,Cabello,420,436.8,0,679,799,979,799,45.33,0,SIN_REF,A,1,https://cdn.shopify.com/s/files/1/0088/1937/6188/files/5201279071707_1.jpg,https://www.dermaexpress.com.mx/products/shampoo-para-raiz-grasa-y-puntas-secas-250ml,Dermaexpress
3661434012020,Uriage Esencia tonificante glow up Con agua termal y ha 100 ml,URIAGE,Rostro,Rostro,458,476.32,611,739,869,1059,599,20.48,22.04,AMARILLO,A,1,https://cdn.shopify.com/s/files/1/0088/1937/6188/files/3661434012020_1.jpg,https://www.dermaexpress.com.mx/products/uriage-esencia-tonificante-glow-up-con-agua-termal-y-ha-100ml,Dermaexpress
5201279100575,Apivita Bee Sun Safe Crema antiedad y antimanchas SPF50 50 ml,Apivita,Protección Solar,Solares,650,676,0,1039,1229,1509,1229,45,0,SIN_REF,A,1,https://cdn.shopify.com/s/files/1/0088/1937/6188/files/5201279100575_1.jpg,https://www.dermaexpress.com.mx/products/apivita-bee-sun-safe-crema-antiedad-y-antimanchas-spf50-50ml,Dermaexpress
5201279094621,Apivita Keratin Repair Mascarilla nutritiva 200 ml,Apivita,Capilar,Cabello,480,499.2,0,769,909,1109,909,45.08,0,SIN_REF,A,1,https://cdn.shopify.com/s/files/1/0088/1937/6188/files/5201279094621_1.jpg,https://www.dermaexpress.com.mx/products/apivita-mascarilla-keratin-repair-nutritiva-200ml,Dermaexpress
8809416470016,COSRX Advanced Snail 92 All In One Cream Crema universal con mucina 100 ml,COSRX,Rostro,ROSTRO,800,832,0,1279,1519,1849,1519,45.23,0,SIN_REF,B,1,https://cdn.shopify.com/s/files/1/0088/1937/6188/files/SC50AS01.jpg,https://www.dermaexpress.com.mx/products/cosrx-advanced-snail-92-all-in-one-cream-crema-universal-con-mucina-100ml,Dermaexpress
8809598454781,COSRX The Retinol Cream Crema facial con retinol 0.1% 20 ml,COSRX,Rostro,ROSTRO,600,624,0,959,1139,1389,1139,45.22,0,SIN_REF,B,1,https://cdn.shopify.com/s/files/1/0088/1937/6188/files/SC50TR01.jpg,https://www.dermaexpress.com.mx/products/cosrx-the-retinol-cream-crema-con-retinol-0-1-20ml,Dermaexpress
8809598453876,COSRX Refresh AHA/BHA Vitamin C Daily Cream Crema facial con AHA 50 ml,COSRX,Rostro,Rostro,600,624,0,959,1139,1389,1139,45.22,0,SIN_REF,B,1,https://cdn.shopify.com/s/files/1/0088/1937/6188/files/SC50RH02_1.jpg,https://www.dermaexpress.com.mx/products/cosrx-refresh-aha-bha-vitamin-c-daily-cream-crema-con-aha-50ml,Dermaexpress
813419026673,Colorescience Total Protection Color Balm SPF50 Color Berry 9 gr,COLORSCIENCE,Rostro,Rostro,980,1019.2,0,1569,1859,2269,1859,45.17,0,SIN_REF,B,1,https://cdn.shopify.com/s/files/1/0088/1937/6188/files/813419026673-2.png,https://www.dermaexpress.com.mx/products/colorescience-total-protectiont-color-balm-spf-50-berry,Dermaexpress
8809416470009,COSRX Advanced Snail 96 Mucin Power Essence Esencia con mucina 100 ml,COSRX,Rostro,ROSTRO,770,800.8,0,1239,1459,1779,1459,45.11,0,SIN_REF,B,1,https://cdn.shopify.com/s/files/1/0088/1937/6188/files/SC40AS01_1.jpg,https://www.dermaexpress.com.mx/products/cosrx-advanced-snail-96-mucin-power-essence-esencia-con-mucina-100ml,Dermaexpress
8809598455658,COSRX The 6 Peptide Skin Booster Sérum con aminoácidos 150 ml,COSRX,Rostro,ROSTRO,790,821.6,0,1269,1499,1829,1499,45.19,0,SIN_REF,B,1,https://cdn.shopify.com/s/files/1/0088/1937/6188/files/SC40TR34_1.jpg,https://www.dermaexpress.com.mx/products/cosrx-the-6-peptide-skin-booster-serum-suero-con-amino-acidos,Dermaexpress
8809598454644,COSRX The Retinol 0.5 Oil Aceite facial con retinol 0.5% 20 ml,COSRX,Rostro,ROSTRO,860,894.4,0,1379,1629,1989,1629,45.1,0,SIN_REF,B,1,https://cdn.shopify.com/s/files/1/0088/1937/6188/files/SC40TR02_1.jpg,https://www.dermaexpress.com.mx/products/cosrx-the-retinol-0-5-oil-aceite-con-retinol-0-5-20ml,Dermaexpress
8809598454637,COSRX The Niacinamide 15% Sérum con niacinamida para acné 20 ml,COSRX,Rostro,ROSTRO,790,821.6,0,1269,1499,1829,1499,45.19,0,SIN_REF,B,1,https://cdn.shopify.com/s/files/1/0088/1937/6188/files/COSRXTheNiacinamide15Serumconniacinamidaparaacne20ml..png,https://www.dermaexpress.com.mx/products/cosrx-the-niacinamide-15-serum-con-niacinamida-para-acne-20ml,Dermaexpress
8809598453371,COSRX Master Patch Set Parches para acné 90 pzas,COSRX,Rostro,ROSTRO,520,540.8,0,839,989,1209,989,45.32,0,SIN_REF,B,1,https://cdn.shopify.com/s/files/1/0088/1937/6188/files/AP99OL01_1.jpg,https://www.dermaexpress.com.mx/products/cosrx-master-patch-set-parches-para-acne-90-piezas,Dermaexpress
764451717572,Envera Protector Solar Oil Control para Piel Grasa FPS50+ UVA/UVB PA++++ tono Medium 50 ml,ENVERA,Protección Solar,Solares,725,754,0,1159,1379,1679,1379,45.32,0,SIN_REF,C,0,https://cdn.shopify.com/s/files/1/0088/1937/6188/files/84ab3f73-1589-49fc-af80-4ea4d2dd5c7d.jpg,https://www.dermaexpress.com.mx/products/envera-protector-solar-oil-control-piel-grasa-fps50-uva-uvb-pa-medium-50ml,Dermaexpress
764451717565,Envera Protector Solar - Oil Control / Piel grasa FPS50+ UVA/UVB PA++++ LIGHT 50ml.,ENVERA,Protección Solar,Solares,869,903.76,0,1399,1649,2009,1649,45.19,0,SIN_REF,C,0,https://cdn.shopify.com/s/files/1/0088/1937/6188/files/01_80816bd8-e3ca-482b-8762-9c3ece7c237c.jpg,https://www.dermaexpress.com.mx/products/envera-protector-solar-oil-control-piel-grasa-fpso50-uva-uvb-pa-light-50ml,Dermaexpress
3461020014526,Institut Esthederm Lift & Repair Suero reafirmante para el contorno de ojos 15ml,Institut Esthederm,Rostro,Rostro,2200,2288,0,3519,4159,5089,4159,44.99,0,SIN_REF,C,0,https://cdn.shopify.com/s/files/1/0088/1937/6188/files/3461020014526.jpg,https://www.dermaexpress.com.mx/products/lift-repair-contorno-de-ojos-15ml,Dermaexpress
3461020007962,Institut Esthederm Osmoclean Gel limpiador 150ml,Institut Esthederm,Rostro,Rostro,880,915.2,0,1409,1669,2039,1669,45.16,0,SIN_REF,B,1,https://cdn.shopify.com/s/files/1/0088/1937/6188/files/3461020007962.jpg,https://www.dermaexpress.com.mx/products/esthederm-osmoclean-gel-nettoyant-purete-150ml,Dermaexpress
3461022003054,Institut Esthederm Agua Celular Bruma aerosol 200ml,Institut Esthederm,Rostro,Rostro,999,1038.96,0,1599,1889,2309,1889,45,0,SIN_REF,C,0,https://cdn.shopify.com/s/files/1/0088/1937/6188/files/3461022003054.jpg,https://www.dermaexpress.com.mx/products/institut-esthederm-agua-celular-bruma-200ml,Dermaexpress
4006000077734,Eucerin Dermopure Triple Effect Crema corporal anti-imperfecciones 200 ml,Eucerin,Cuerpo,Cuerpo,489,508.56,699,789,929,1139,679,25.1,27.24,AMARILLO,A,1,https://cdn.shopify.com/s/files/1/0088/1937/6188/files/4006000077734_8d03ae4d-4e3d-4a90-ae3f-0127d27c68dc.jpg,https://www.dermaexpress.com.mx/products/eucerin-dermopure-triple-effect-crema-corporal-200ml,Dermaexpress
3337875894104,Vichy Mineral 89 Aqua-gel matificante 50 ml,Vichy,Rostro,ROSTRO,524,544.96,699,839,999,1219,689,20.91,22.04,AMARILLO,A,1,https://cdn.shopify.com/s/files/1/0088/1937/6188/files/3337875894104.jpg,https://www.dermaexpress.com.mx/products/vichy-mineral-89-aqua-gel-matificante-50ml,Dermaexpress
8809598450622,COSRX Hydrium Greentea Aqua Soothing Gel Cream Crema calmante con té verde 50 ml,COSRX,Rostro,ROSTRO,770,800.8,0,1239,1459,1779,1459,45.11,0,SIN_REF,B,1,https://cdn.shopify.com/s/files/1/0088/1937/6188/files/COSRXHydriumGreenteaAquaSoothingGelCream.png,https://www.dermaexpress.com.mx/products/cosrx-hydrium-greentea-aqua-soothing-gel-cream-crema-calmante-e-hidratante-con-te-verde-50ml,Dermaexpress
3661434009334,Uriage Agua micelar Efecto calmante piel sensible 500 ml,URIAGE,Rostro,Rostro,492,511.68,656,789,939,1139,639,19.92,22,AMARILLO,A,1,https://cdn.shopify.com/s/files/1/0088/1937/6188/files/3661434009334.jpg,https://www.dermaexpress.com.mx/products/uriage-agua-micelar-efecto-calmante-piel-sensible-500ml,Dermaexpress
7508006185545,Panalab Cuteral wash probiotic Espuma limpiadora 240 ml,Panalab,Rostro,ROSTRO,695,722.8,0,1119,1319,1609,1319,45.2,0,SIN_REF,B,1,https://cdn.shopify.com/s/files/1/0088/1937/6188/files/7508006185545.jpg,https://www.dermaexpress.com.mx/products/panalab-cuteral-wash-probiotic-espuma-limpiadora-240ml,Dermaexpress
3337875909525,CeraVe Oil Control Gel-crema hidratante piel mixta a grasa 52 ml,Cerave,Rostro,ROSTRO,411,427.44,549,659,779,949,539,20.7,22.14,AMARILLO,A,1,https://cdn.shopify.com/s/files/1/0088/1937/6188/files/3337875909525.jpg,https://www.dermaexpress.com.mx/products/cerave-oil-control-gel-crema-hidratante-piel-mixta-a-grasa-52ml,Dermaexpress
8809598450646,COSRX Hydrium Moisture Enriched Cream Crema con ácido hialurónico 50 ml,COSRX,Rostro,ROSTRO,770,800.8,0,1239,1459,1779,1459,45.11,0,SIN_REF,B,1,https://cdn.shopify.com/s/files/1/0088/1937/6188/files/SC50HM01.jpg,https://www.dermaexpress.com.mx/products/cosrx-hydrium-moisture-enriched-cream-crema-con-acido-hialuronico-50ml,Dermaexpress
8809598451032,COSRX Full Fit Propolis Light Cream Crema facial con propóleo 65 ml,COSRX,Rostro,ROSTRO,980,1019.2,0,1569,1859,2269,1859,45.17,0,SIN_REF,B,1,https://cdn.shopify.com/s/files/1/0088/1937/6188/files/SC50FF01_3.jpg,https://www.dermaexpress.com.mx/products/cosrx-full-fit-propolis-light-cream-crema-con-propoleos-65ml,Dermaexpress
8809598454668,COSRX The Hyaluronic Acid 3 Sérum con 3% ácido hialurónico 20 ml,COSRX,Rostro,ROSTRO,790,821.6,0,1269,1499,1829,1499,45.19,0,SIN_REF,B,1,https://cdn.shopify.com/s/files/1/0088/1937/6188/files/SC40TR04_1.jpg,https://www.dermaexpress.com.mx/products/cosrx-the-hyaluronic-acid-3-serum-suero-con-3-acido-hialuronico-20ml,Dermaexpress
8809598453869,COSRX Refresh AHA/BHA Vitamin C Booster Sérum con AHA 30 ml,COSRX,Rostro,ROSTRO,790,821.6,0,1269,1499,1829,1499,45.19,0,SIN_REF,B,1,https://cdn.shopify.com/s/files/1/0088/1937/6188/files/SC40RH01_1_9ad26b64-d341-4d6f-b365-1c25d6e0488c.jpg,https://www.dermaexpress.com.mx/products/cosrx-refresh-aha-bha-vitamin-c-booster-serum-suero-con-aha-30ml,Dermaexpress
8809598451506,COSRX Pure Fit Cica Sérum 30 ml,COSRX,Rostro,ROSTRO,745,774.8,0,1199,1409,1729,1409,45.01,0,SIN_REF,C,0,https://cdn.shopify.com/s/files/1/0088/1937/6188/files/SC40PF01_1.jpg,https://www.dermaexpress.com.mx/products/cosrx-pure-fit-serum-con-cica-30ml,Dermaexpress
8809598450653,COSRX Hydrium Triple Hyaluronic Ampoule Sérum con ácido hialurónico 40 ml,COSRX,Rostro,Rostro,800,832,0,1279,1519,1849,1519,45.23,0,SIN_REF,B,1,https://cdn.shopify.com/s/files/1/0088/1937/6188/files/SC40HM02_1.jpg,https://www.dermaexpress.com.mx/products/cosrx-hydrium-triple-hyaluronic-ampoule-serum-con-hialuronico-40ml,Dermaexpress
8809598451902,COSRX Refresh AHA/BHA Vitamin C Daily Toner Tónico con AHA 150 ml,COSRX,Rostro,Rostro,680,707.2,0,1089,1289,1579,1289,45.14,0,SIN_REF,B,1,https://cdn.shopify.com/s/files/1/0088/1937/6188/files/SC10RH02_1.jpg,https://www.dermaexpress.com.mx/products/cosrx-refresh-aha-bha-vitamin-c-daily-toner-tonico-con-aha-150ml,Dermaexpress
8809598451070,COSRX Advanced Snail Peptide contorno de ojos con mucina 25 ml,COSRX,Rostro,Rostro,860,894.4,0,1379,1629,1989,1629,45.1,0,SIN_REF,B,1,https://cdn.shopify.com/s/files/1/0088/1937/6188/files/EC10AS01_1.jpg,https://www.dermaexpress.com.mx/products/cosrx-advanced-snail-peptide-eye-cream-crema-de-ojos-con-mucina-25ml,Dermaexpress
8809598453388,COSRX Balancium Ceramide Lip Butter Bálsamo labial con ceramidas 20 gr,COSRX,Ojos y Labios,Ojos y labios,520,540.8,0,839,989,1209,989,45.32,0,SIN_REF,B,1,https://cdn.shopify.com/s/files/1/0088/1937/6188/files/SP99BM01.jpg,https://www.dermaexpress.com.mx/products/cosrx-balancium-creamide-lip-butter-balsamo-de-labios-con-ceramidas-20gr,Dermaexpress
8809598453241,COSRX Full Fit Propolis Sleeping Mask Mascarilla nocturna con propóleo 20 gr,COSRX,Ojos y Labios,Ojos y labios,520,540.8,0,839,989,1209,989,45.32,0,SIN_REF,C,0,https://cdn.shopify.com/s/files/1/0088/1937/6188/files/SP99FF01_1.jpg,https://www.dermaexpress.com.mx/products/cosrx-full-fit-propolis-sleeping-mask-balsamo-de-labios-con-propoleos-20gr,Dermaexpress
8809416470511,COSRX Low pH Good Morning Gel Cleanser Gel limpiador facial 150 ml,COSRX,Rostro,ROSTRO,425,442,0,679,809,989,809,45.36,0,SIN_REF,B,1,https://cdn.shopify.com/s/files/1/0088/1937/6188/files/CL20LH09_1.jpg,https://www.dermaexpress.com.mx/products/cosrx-low-ph-good-morning-gel-cleanser-limpiador-con-acido-hialuronico-150ml,Dermaexpress
8809598455627,COSRX Low pH Niacinamide Micellar Cleansing Water Agua micelar con niacinamida 400 ml,COSRX,Rostro,ROSTRO,470,488.8,0,759,889,1089,889,45.02,0,SIN_REF,B,1,https://cdn.shopify.com/s/files/1/0088/1937/6188/files/CL10LH02_1.jpg,https://www.dermaexpress.com.mx/products/cosrx-low-ph-niacinamide-micellar-cleansing-water-agua-micellar-con-niacinamida-400ml,Dermaexpress
3661434004735,Uriage Bariederm-cica Crema reparadora cobre-zinc 40 ml,URIAGE,Rostro,Cuerpo y rostro,226,235.04,302,369,429,529,299,21.39,22.17,AMARILLO,A,1,https://cdn.shopify.com/s/files/1/0088/1937/6188/files/3661434004735_1.jpg,https://www.dermaexpress.com.mx/products/uriage-bariederm-cica-crema-reparadora-cobre-zinc-40ml,Dermaexpress
3661434000508,Uriage Bariederm Crema antirozaduras aislante reparador 75ml.,URIAGE,Rostro,Cuerpo y rostro,337,350.48,450,539,639,779,439,20.16,22.12,AMARILLO,A,1,https://cdn.shopify.com/s/files/1/0088/1937/6188/files/3661434000508_1.jpg,https://www.dermaexpress.com.mx/products/uriage-bariederm-crema-antirozaduras-aislante-reparador-75ml,Dermaexpress
3661434005367,Uriage Bariderm-cica Spray reparador secante sos 100 ml,URIAGE,Cuerpo,Cuerpo,242,251.68,323,389,459,559,319,21.1,22.08,AMARILLO,A,1,https://cdn.shopify.com/s/files/1/0088/1937/6188/files/3661434005367_1.jpg,https://www.dermaexpress.com.mx/products/uriage-bariderm-cica-spray-reparador-secante-sos-100ml,Dermaexpress
3661434005008,Uriage Eau thermale Crema facial hidratante con ha 40 ml,URIAGE,Rostro,Rostro,444,461.76,593,719,839,1029,579,20.25,22.13,AMARILLO,A,1,https://cdn.shopify.com/s/files/1/0088/1937/6188/files/3661434005008_1.jpg,https://www.dermaexpress.com.mx/products/uriage-eau-thermale-crema-facial-hidratante-con-ha-40ml,Dermaexpress
3661434008894,Uriage Bariesun spf50+ Crema con color tono claro 50 ml,URIAGE,Rostro,ROSTRO,411,427.44,548,659,779,949,539,20.7,22,AMARILLO,A,1,https://cdn.shopify.com/s/files/1/0088/1937/6188/files/3661434008894_1.jpg,https://www.dermaexpress.com.mx/products/uriage-bariesun-spf50-crema-con-color-tono-claro-50ml,Dermaexpress
3661434008900,Uriage Bariesun spf50+ Crema con color tono dorado 50 ml,URIAGE,Rostro,ROSTRO,411,427.44,548,659,779,949,539,20.7,22,AMARILLO,A,1,https://cdn.shopify.com/s/files/1/0088/1937/6188/files/3661434008900_1.jpg,https://www.dermaexpress.com.mx/products/uriage-bariesun-spf50-crema-con-color-tono-dorado-50ml,Dermaexpress
3661434008399,Uriage Bariésun Protector solar spf50+ para niños 200 ml,URIAGE,Rostro,Cuerpo y cara,489,508.56,653,789,929,1139,639,20.41,22.12,AMARILLO,A,1,https://cdn.shopify.com/s/files/1/0088/1937/6188/files/3661434008399_1.jpg,https://www.dermaexpress.com.mx/products/uriage-bariesun-protector-solar-spf50-para-ninos-200ml,Dermaexpress
3661434005862,Uriage Gel de ducha sin jabón extra suave 500 ml,URIAGE,Rostro,Cuerpo y rostro,257,267.28,343,419,489,599,339,21.16,22.08,AMARILLO,C,0,https://cdn.shopify.com/s/files/1/0088/1937/6188/files/3661434005862.jpg,https://www.dermaexpress.com.mx/products/uriage-gel-de-ducha-sin-jabon-extra-suave-500ml,Dermaexpress
3661434011979,Uriage Bariésun 100 Piel intolerante al sol spf50+ 50 ml,URIAGE,Rostro,Rostro y cuello,401,417.04,535,649,759,929,529,21.16,22.05,AMARILLO,C,0,https://cdn.shopify.com/s/files/1/0088/1937/6188/files/3661434011979_1.jpg,https://www.dermaexpress.com.mx/products/uriage-bariesun-100-piel-intolerante-al-sol-spf50-50ml,Dermaexpress
3661434009396,Uriage Agua Micelar antioxidante piel normal y seca 500ml.,URIAGE,Rostro,Rostro,492,511.68,656,789,939,1139,639,19.92,22,AMARILLO,A,1,https://cdn.shopify.com/s/files/1/0088/1937/6188/files/3661434009396_1.jpg,https://www.dermaexpress.com.mx/products/uriage-agua-micelar-antioxidante-piel-normal-y-seca-500ml,Dermaexpress
3661434004704,Uriage Eau thermale Loción corporal hidratante 500 ml,URIAGE,Cuerpo,Cuerpo,357,371.28,476,579,679,829,469,20.84,22,AMARILLO,A,1,https://cdn.shopify.com/s/files/1/0088/1937/6188/files/3661434004704_1.jpg,https://www.dermaexpress.com.mx/products/uriage-eau-thermale-locion-corporal-hidratante-500ml,Dermaexpress
3661434005923,Uriage Xemose Limpiador en aceite para piel seca y atópica 500 ml,URIAGE,Rostro,Cuerpo y cara,433,450.32,578,699,819,1009,569,20.86,22.09,AMARILLO,A,1,https://cdn.shopify.com/s/files/1/0088/1937/6188/files/3661434005923_1.jpg,https://www.dermaexpress.com.mx/products/uriage-xemose-limpiador-en-aceite-para-piel-seca-y-atopica-500ml,Dermaexpress
3661434005916,Uriage Xemose Gel limpiador para piel seca y atópica 500 ml,URIAGE,Rostro,Cuerpo y rostro,513,533.52,685,829,979,1189,669,20.25,22.11,AMARILLO,C,0,https://cdn.shopify.com/s/files/1/0088/1937/6188/files/3661434005916_1.jpg,https://www.dermaexpress.com.mx/products/uriage-xemose-gel-limpiador-para-piel-seca-y-atopica-500ml,Dermaexpress
3661434002564,Uriage Bariésun Aceite seco spf50+ con vitamina e 200 ml,URIAGE,Cuerpo,Cuerpo,510,530.4,680,819,969,1179,669,20.72,22,AMARILLO,C,0,https://cdn.shopify.com/s/files/1/0088/1937/6188/files/3661434002564_1.jpg,https://www.dermaexpress.com.mx/products/uriage-bariesun-aceite-seco-spf50-con-vitamina-e-200ml,Dermaexpress
3661434005015,Uriage Eau thermale Contorno de ojos con ácido hialurónico 15 ml,URIAGE,Ojos y Labios,Ojos y labios,432,449.28,576,699,819,999,569,21.04,22,AMARILLO,A,1,https://cdn.shopify.com/s/files/1/0088/1937/6188/files/3661434005015_f21c5b40-3de3-4e7c-b10d-4494f9159e5f.jpg,https://www.dermaexpress.com.mx/products/uriage-eau-thermale-contorno-de-ojos-con-ha-15ml,Dermaexpress
3661434008917,Uriage Bariesun spf50+ Fluido anti manchas 40 ml,URIAGE,Rostro,ROSTRO,455,473.2,607,729,869,1059,599,21,22.04,AMARILLO,C,0,https://cdn.shopify.com/s/files/1/0088/1937/6188/files/3661434008917_1.jpg,https://www.dermaexpress.com.mx/products/uriage-bariesun-spf50-fluido-anti-manchas-40ml,Dermaexpress
3661434009341,Uriage Agua micelar Purificante piel grasa 100 ml,URIAGE,Rostro,ROSTRO,126,131.04,169,209,239,299,169,22.46,22.46,AMARILLO,A,1,https://cdn.shopify.com/s/files/1/0088/1937/6188/files/3661434009341.jpg,https://www.dermaexpress.com.mx/products/uriage-agua-micelar-purificante-piel-grasa-100ml,Dermaexpress
3661434009365,Uriage Agua micelar Purificante piel grasa 500 ml,URIAGE,Rostro,ROSTRO,492,511.68,656,789,939,1139,639,19.92,22,AMARILLO,C,0,https://cdn.shopify.com/s/files/1/0088/1937/6188/files/3661434009365.jpg,https://www.dermaexpress.com.mx/products/uriage-agua-micelar-purificante-piel-grasa-500ml,Dermaexpress
3661434010057,Uriage Hyseac spf50+ Fluido piel mixta a grasa 50 ml,URIAGE,Rostro,ROSTRO,489,508.56,652,789,929,1139,639,20.41,22,AMARILLO,A,1,https://cdn.shopify.com/s/files/1/0088/1937/6188/files/3661434010057_1.jpg,https://www.dermaexpress.com.mx/products/uriage-hyseac-spf50-fluido-piel-mixta-a-grasa-50ml,Dermaexpress
3661434008818,"Uriage Jabón sólido Piel limpia, suave e hidratada 125 g",URIAGE,Rostro,Cuerpo y cara,141,146.64,188,229,269,329,189,22.41,22,AMARILLO,A,1,https://cdn.shopify.com/s/files/1/0088/1937/6188/files/3661434008818_1.jpg,https://www.dermaexpress.com.mx/products/uriage-jabon-solido-piel-limpia-suave-e-hidratada-125g,Dermaexpress
3661434008788,Uriage Limpiador corporal hidratante diario 500ml.,URIAGE,Rostro,Cuerpo y cara,415,431.6,554,669,789,959,539,19.93,22.09,AMARILLO,A,1,https://cdn.shopify.com/s/files/1/0088/1937/6188/files/3661434008788_1.jpg,https://www.dermaexpress.com.mx/products/uriage-limpiador-corporal-hidratante-diario-500ml,Dermaexpress
3661434009525,Uriage Eau thermale Sérum booster con 1.5% ha 30 ml,URIAGE,Rostro,Rostro,472,490.88,630,759,899,1099,619,20.7,22.08,AMARILLO,A,1,https://cdn.shopify.com/s/files/1/0088/1937/6188/files/3661434009525_1.jpg,https://www.dermaexpress.com.mx/products/uriage-eau-thermale-serum-booster-con-1-5-ha-30ml,Dermaexpress
3661434006548,Uriage Bariderm-cica spf50+ Crema multiusos cobre-zinc 40 ml,URIAGE,Cuerpo,Cuerpo,262,272.48,350,419,499,609,349,21.93,22.15,AMARILLO,A,1,https://cdn.shopify.com/s/files/1/0088/1937/6188/files/3661434006548_1.jpg,https://www.dermaexpress.com.mx/products/uriage-bariderm-cica-spf50-crema-multiusos-cobre-zinc-40ml,Dermaexpress
3661434005596,Uriage Bariesun Fluido matificante spf50+ para piel mixta 50 ml,URIAGE,Rostro,Cuerpo y rostro,411,427.44,548,659,779,949,539,20.7,22,AMARILLO,A,1,https://cdn.shopify.com/s/files/1/0088/1937/6188/files/3661434005596_671ee230-75e6-420b-82e4-9a4ab0fcd86a.jpg,https://www.dermaexpress.com.mx/products/uriage-bariesun-fluido-matificante-spf50-para-piel-mixta-50ml,Dermaexpress
3661434004742,Uriage Bariederm-cica Crema reparadora cobre-zinc 100 ml,URIAGE,Rostro,Cuerpo y rostro,378,393.12,504,609,719,879,499,21.22,22,AMARILLO,A,1,https://cdn.shopify.com/s/files/1/0088/1937/6188/files/3661434004742_1.jpg,https://www.dermaexpress.com.mx/products/uriage-bariederm-cica-crema-reparadora-cobre-zinc-100ml,Dermaexpress
3282770139228,Avene Cleanance Intensive gel limpieza profunda 150 ml,Avene,Rostro,ROSTRO,471,489.84,589,759,899,1089,619,20.87,16.84,ROJO,C,0,https://cdn.shopify.com/s/files/1/0088/1937/6188/files/208a8362-2254-4619-a8d7-e674bf06ed75.jpg,https://www.dermaexpress.com.mx/products/avene-cleanance-intensive-gel-limpieza-profunda-150ml,Dermaexpress
8429420246881,Isdin Foto Ultra Spot Prevent Color FPS50+ 50 ml,Isdin,Protección Solar,Solares,578.2,601.33,826,929,1099,1339,809,25.67,27.2,AMARILLO,A,1,https://cdn.shopify.com/s/files/1/0088/1937/6188/files/8429420246881.jpg,https://www.dermaexpress.com.mx/products/isdin-fotoultra-spot-prevent-color-spf50-50ml,Dermaexpress
8470003808576,Isdin Ureadin Crema hidratación intensa 50 ml,Isdin,Rostro,Rostro y cuello,366.1,380.74,523,589,699,849,509,25.2,27.2,AMARILLO,A,1,https://cdn.shopify.com/s/files/1/0088/1937/6188/files/8470003808576.jpg,https://www.dermaexpress.com.mx/products/isdin-ureadin-hidratacion-intensa-cream-50ml,Dermaexpress
3282779412483,Avene Kit-Xeracalm AD crema 200ml + Aceite limpiador 100ml.,Avene,Rostro,Cuerpo y rostro,497,516.88,622,799,939,1149,649,20.36,16.9,ROJO,C,0,https://cdn.shopify.com/s/files/1/0088/1937/6188/files/1_67bb05d4-c4fe-4c8f-81de-0bbbfecdcd59.jpg,https://www.dermaexpress.com.mx/products/kit-xeracalm-ad-crema-200ml-aceite-limpiador-100ml,Dermaexpress
3282770207187,Avene Fluido solar despigmentante SPF50+ tono medio 40 ml,Avene,Rostro,ROSTRO,559,581.36,699,899,1059,1299,729,20.25,16.83,ROJO,B,1,https://cdn.shopify.com/s/files/1/0088/1937/6188/files/3282770207187_1.jpg,https://www.dermaexpress.com.mx/products/avene-fuido-protector-solar-despigmentante-spf50-tono-medio-40gr,Dermaexpress
3282770207217,Avene Fluido solar despigmentante SPF50+ tono claro 40 ml,Avene,Rostro,ROSTRO,559,581.36,699,899,1059,1299,729,20.25,16.83,ROJO,B,1,https://cdn.shopify.com/s/files/1/0088/1937/6188/files/3282770207217_1.jpg,https://www.dermaexpress.com.mx/products/avene-fluido-protector-solar-despigmentante-spf50-tono-claro-40gr,Dermaexpress
3282770146394,Avene Cleanance Aquagel hidratante matificante 50 ml,Avene,Rostro,ROSTRO,687,714.48,859,1099,1299,1589,899,20.53,16.82,ROJO,B,1,https://cdn.shopify.com/s/files/1/0088/1937/6188/files/3282770146394_1.jpg,https://www.dermaexpress.com.mx/products/avene-cleanance-aquagel-hidratante-matificante-50ml,Dermaexpress
8429420291317,Isdin Fusion Water Magic By Alcaraz FPS50 50 ml,Isdin,Protección Solar,Solares,569.1,591.86,813,919,1079,1319,789,24.99,27.2,AMARILLO,A,1,https://cdn.shopify.com/s/files/1/0088/1937/6188/files/8429420291317.jpg,https://www.dermaexpress.com.mx/products/isdin-fusion-water-magic-by-alcaraz-spf50-50ml,Dermaexpress
3499320015776,Cetaphil Healthy Renew Gel limpiador hidratante triple acción 160 ml,Cetaphil,Rostro,ROSTRO,285,296.4,380,459,539,659,379,21.79,22,AMARILLO,A,1,https://cdn.shopify.com/s/files/1/0088/1937/6188/files/3337875916998_74fe46a2-fed0-4eb7-be8c-924cbdfaff5d.avif,https://www.dermaexpress.com.mx/products/cetaphil-healthy-renew-limpiador-hidratante-triple-accion-160ml,Dermaexpress
3661434011962,Uriage DS hair Shampoo suave equilibrante diario 500 ml,URIAGE,Capilar,Cabello,367,381.68,490,589,699,849,479,20.32,22.11,AMARILLO,A,1,https://cdn.shopify.com/s/files/1/0088/1937/6188/files/3661434011962_1.jpg,https://www.dermaexpress.com.mx/products/uriage-ds-hair-shampoo-suave-equilibrante-diario-500ml,Dermaexpress
3661434010101,Uriage Hyseac Sérum renovador 5.8% aha zinc para piel grasa 30 ml,URIAGE,Rostro,Rostro y cuello,633,658.32,845,1019,1199,1469,829,20.59,22.09,AMARILLO,A,1,https://cdn.shopify.com/s/files/1/0088/1937/6188/files/3661434010101_1.jpg,https://www.dermaexpress.com.mx/products/uriage-hyseac-serum-renovador-5-8-aha-zinc-para-piel-grasa-30ml,Dermaexpress
3661434009310,Uriage DS Shampoo Anticaspa severa con ácido láctico 150 ml,URIAGE,Capilar,Cabello,390,405.6,520,629,739,909,509,20.31,22,AMARILLO,A,1,https://cdn.shopify.com/s/files/1/0088/1937/6188/files/3661434009310_1_7ab958d6-85ab-469a-83ce-82ccef63ee49.jpg,https://www.dermaexpress.com.mx/products/uriage-ds-shampoo-anticaspa-severa-con-acido-lactico-150ml,Dermaexpress
3661434009280,Uriage Age lift Tratamiento filler instantáneo retinol 30 ml,URIAGE,Rostro,ROSTRO,791,822.64,1055,1269,1499,1829,1029,20.05,22.02,AMARILLO,C,0,https://cdn.shopify.com/s/files/1/0088/1937/6188/files/3661434009280_1.jpg,https://www.dermaexpress.com.mx/products/uriage-age-lift-tratamiento-filler-instantaneo-retinol-30ml,Dermaexpress
3661434009273,Uriage Age lift Sérum intensivo antiedad con retinol 30 ml,URIAGE,Rostro,ROSTRO,791,822.64,1055,1269,1499,1829,1029,20.05,22.02,AMARILLO,A,1,https://cdn.shopify.com/s/files/1/0088/1937/6188/files/3661434009273_1.jpg,https://www.dermaexpress.com.mx/products/uriage-age-lift-serum-intensivo-antiedad-con-retinol-30ml,Dermaexpress
3661434009266,Uriage Age lift Sérum antiedad reafirmante con retinol 40 ml,URIAGE,Rostro,ROSTRO,725,754,967,1159,1379,1679,949,20.55,22.03,AMARILLO,A,1,https://cdn.shopify.com/s/files/1/0088/1937/6188/files/3661434009266_1.jpg,https://www.dermaexpress.com.mx/products/uriage-age-lift-serum-antiedad-reafirmante-con-retinol-40ml,Dermaexpress
3661434009228,Uriage Age lift Crema de noche antiedad con retinol 40 ml,URIAGE,Rostro,Rostro,762,792.48,1016,1219,1449,1769,999,20.67,22,AMARILLO,A,1,https://cdn.shopify.com/s/files/1/0088/1937/6188/files/3661434009228_1.jpg,https://www.dermaexpress.com.mx/products/uriage-age-lift-crema-de-noche-antiedad-con-retinol-40ml,Dermaexpress
3661434009198,Uriage Age absolu Mascarilla reafirmante con retinol 50 ml,URIAGE,Rostro,ROSTRO,855,889.2,1140,1369,1619,1979,1119,20.54,22,AMARILLO,A,1,https://cdn.shopify.com/s/files/1/0088/1937/6188/files/3661434009198_1.jpg,https://www.dermaexpress.com.mx/products/uriage-age-absolu-mascarilla-reafirmante-con-retinol-50ml,Dermaexpress
3661434002687,Uriage Desodorante extra suave para piel sensible 24h 50 ml,URIAGE,Cuerpo,Cuerpo,303,315.12,405,489,579,709,399,21.02,22.19,AMARILLO,C,0,https://cdn.shopify.com/s/files/1/0088/1937/6188/files/3661434002687_1.jpg,https://www.dermaexpress.com.mx/products/uriage-desodorante-extra-suave-para-piel-sensible-24h-50ml,Dermaexpress
3701129813201,Bioderma Photoderm Dry Touch FPS50+ Protector solar facial neutro para piel mixta o grasa 40 ml,Bioderma,Rostro,Rostro y cuello,519,539.76,649,839,989,1199,679,20.51,16.83,ROJO,C,0,https://cdn.shopify.com/s/files/1/0088/1937/6188/files/3701129813201.jpg,https://www.dermaexpress.com.mx/products/bioderma-photoderm-dry-touch-spf50-neutro-40ml,Dermaexpress
3701129813294,Bioderma Photoderm Dry Touch FPS50+ Protector solar facial muy claro para piel mixta o grasa 40 ml,Bioderma,Rostro,Rostro y cuello,519,539.76,649,839,989,1199,679,20.51,16.83,ROJO,C,0,https://cdn.shopify.com/s/files/1/0088/1937/6188/files/3701129813294.jpg,https://www.dermaexpress.com.mx/products/bioderma-photoderm-dry-touch-spf50-muy-claro-40ml,Dermaexpress
3701129813263,Bioderma Photoderm Dry Touch FPS50+ Protector solar facial tono Dorado para piel mixta o grasa 40 ml,Bioderma,Rostro,Rostro y cuello,519,539.76,649,839,989,1199,679,20.51,16.83,ROJO,C,0,https://cdn.shopify.com/s/files/1/0088/1937/6188/files/3701129813263.jpg,https://www.dermaexpress.com.mx/products/bioderma-photoderm-dry-touch-spf50-dorado-40ml,Dermaexpress
3701129813232,Bioderma Photoderm Dry Touch FPS50+ Protector solar facial claro para piel mixta o grasa 40 ml,Bioderma,Rostro,Rostro y cuello,519,539.76,649,839,989,1199,679,20.51,16.83,ROJO,C,0,https://cdn.shopify.com/s/files/1/0088/1937/6188/files/3701129813232.jpg,https://www.dermaexpress.com.mx/products/photoderm-dry-touch-spf50-claro-40ml,Dermaexpress
7501273500233,Remexa Oleoderm plus Auxiliar en malestares cutáneos 225 ml,Remexa,Rostro,Cuerpo y rostro,579,602.16,0,929,1099,1339,1099,45.21,0,SIN_REF,C,0,https://cdn.shopify.com/s/files/1/0088/1937/6188/files/7501273500233_004de7cf-9bc2-42a6-8c7b-a9b9e79c7798.jpg,https://www.dermaexpress.com.mx/products/remexa-oleoderm-plus-auxiliar-en-malestares-cutaneos-225ml,Dermaexpress
8436574363692,Cantabria Labs Endocare Renewal Glycoperfect Limpiador cremoso 150 ml,Cantabria Labs,Rostro,Cuerpo y rostro,607,631.28,715,979,1149,1409,789,19.99,11.71,ROJO,B,1,https://cdn.shopify.com/s/files/1/0088/1937/6188/files/EndocareGlycoperfectCreamyCleanser_1.jpg,https://www.dermaexpress.com.mx/products/endocare-renewal-glycoperfect-az-creamy-cleanser-150ml,Dermaexpress
732013302924,Neostrata Skin Active Retinol Complex Crema Facial Reafirmante 30 ml,Neostrata,Rostro,ROSTRO,1760,1830.4,0,2819,3329,4069,3329,45.02,0,SIN_REF,A,1,https://cdn.shopify.com/s/files/1/0088/1937/6188/files/732013302924.jpg,https://www.dermaexpress.com.mx/products/naos-skin-active-retinol-complex-gel-crema-30ml,Dermaexpress
732013303037,Neostrata Skin Active Rebound Crema Facial 50 g,Neostrata,Rostro,ROSTRO,1950,2028,0,3119,3689,4509,3689,45.03,0,SIN_REF,C,0,https://cdn.shopify.com/s/files/1/0088/1937/6188/files/732013303037.jpg,https://www.dermaexpress.com.mx/products/naos-skin-active-rebound-crema-facial-50g,Dermaexpress
3499320015769,Cetaphil Healthy Renew Sérum facial antienvejecimiento 30 gr,Cetaphil,Rostro,Rostro,607,631.28,810,979,1149,1409,789,19.99,22.06,AMARILLO,A,1,https://cdn.shopify.com/s/files/1/0088/1937/6188/files/3499320015769_1.avif,https://www.dermaexpress.com.mx/products/cetaphil-healty-renew-serum-facial-30gr,Dermaexpress
7502002462693,Farmapiel Yunneco Gel 3% para acné 30 gr,Farmapiel,Rostro,Rostro,793,824.72,0,1269,1499,1839,1499,44.98,0,SIN_REF,B,1,https://cdn.shopify.com/s/files/1/0088/1937/6188/files/7502002462693_1.jpg,https://www.dermaexpress.com.mx/products/farmapiel-yunneco-gel-3-para-pieles-con-acne-30gr,Dermaexpress
7502002462686,Farmapiel Yunneco Gel 1% para acné 30 gr,Farmapiel,Rostro,Rostro,635,660.4,0,1019,1209,1469,1209,45.38,0,SIN_REF,B,1,https://cdn.shopify.com/s/files/1/0088/1937/6188/files/7502002462686_1.jpg,https://www.dermaexpress.com.mx/products/farmapiel-yunneco-gel-1-para-pieles-con-acne-30gr,Dermaexpress
3337875735742,La Roche-Posay Cicaplast B5 Spray Reparador calmante 100 ml,La Roche Posay,Rostro,Cuerpo y rostro,351,365.04,469,569,669,819,459,20.47,22.17,AMARILLO,A,1,https://cdn.shopify.com/s/files/1/0088/1937/6188/files/3337875735742.jpg,https://www.dermaexpress.com.mx/products/cicaplast-b5-en-spray-reparador-calmante-100ml,Dermaexpress
3337872420153,La Roche-Posay Protector Solar en Bruma Corporal Invisible Anthelios FPS 50+ Ultra ligera para piel sensible 200 ml,La Roche Posay,Rostro,Cuerpo y rostro,599,622.96,799,959,1139,1389,779,20.03,22.03,AMARILLO,C,0,https://cdn.shopify.com/s/files/1/0088/1937/6188/files/3337872420153.jpg,https://www.dermaexpress.com.mx/products/anthelios-bruma-corporal-invisible-ultra-ligera-fps50-200ml,Dermaexpress
853676003079,M.A.D. Salicylic Cleansing Gel Limpiador para piel con tendencia al acné 200 ml,MAD SKINCARE,Rostro,Rostro,1070,1112.8,0,1719,2029,2479,2029,45.16,0,SIN_REF,B,1,https://cdn.shopify.com/s/files/1/0088/1937/6188/files/8_8efb6daa-c419-4a42-bd96-3be8d0b13690.png,https://www.dermaexpress.com.mx/products/m-a-d-salicylic-cleansing-gel-limpiador-para-piel-con-tendencia-al-acne-200ml,Dermaexpress
853676003208,M.A.D. Redness Rescue Gel humectante para piel sensible 30 gr,MAD SKINCARE,Rostro,Rostro,1180,1227.2,0,1889,2239,2729,2239,45.19,0,SIN_REF,C,0,https://cdn.shopify.com/s/files/1/0088/1937/6188/files/5_2a03ca56-0ecc-4a4f-8850-8466a51cbe05.png,https://www.dermaexpress.com.mx/products/m-a-d-redness-rescue-gel-humectante-para-piel-sensible-30gr,Dermaexpress
853676003130,M.A.D. Delicate Daily Moisturizer Crema de día calmante 50 ml*,MAD SKINCARE,Rostro,Rostro,1680,1747.2,0,2689,3179,3889,3179,45.04,0,SIN_REF,B,1,https://cdn.shopify.com/s/files/1/0088/1937/6188/files/3_e6bcf5d0-2de5-419d-be3c-55a553381d1f.png,https://www.dermaexpress.com.mx/products/m-a-d-delicate-daily-moisturizer-crema-de-dia-calmante,Dermaexpress
853676003185,M.A.D. Breakout Control Daily Moisturizer Humectante diario antiacné 50 ml,MAD SKINCARE,Rostro,Rostro,1460,1518.4,0,2339,2769,3379,2769,45.16,0,SIN_REF,C,0,https://cdn.shopify.com/s/files/1/0088/1937/6188/files/6_adec8b09-57c3-4910-bd0b-471ddc2cfc8d.png,https://www.dermaexpress.com.mx/products/m-a-d-breakout-control-daily-moisturizer-humectante-de-uso-diario-antiacne-50ml,Dermaexpress
853676003093,M.A.D. Blemish Repelling Gel 5% BPO Gel con peróxido de benzoilo 5% 60 gr,MAD SKINCARE,Rostro,Rostro,1180,1227.2,0,1889,2239,2729,2239,45.19,0,SIN_REF,C,0,https://cdn.shopify.com/s/files/1/0088/1937/6188/files/Sintitulo-1_73502512-3a0e-45dc-904d-1661595842df.png,https://www.dermaexpress.com.mx/products/m-a-d-blemish-repelling-gel-5-bpo-gel-con-peroxido-de-benzoilo-5-60gr,Dermaexpress
853676003437,M.A.D. Acne Drying Lotion Sulfur 10% Tratamiento nocturno para espinillas 30 ml,MAD SKINCARE,Rostro,Rostro,800,832,0,1279,1519,1849,1519,45.23,0,SIN_REF,B,1,https://cdn.shopify.com/s/files/1/0088/1937/6188/files/4_ea8e5d8d-bd92-414b-9022-ba17d64ef57f.png,https://www.dermaexpress.com.mx/products/m-a-d-acne-drying-lotion-sulfur-10-tratamiento-nocturno-para-reducir-espinillas-30ml,Dermaexpress
813419026796,Colorescience Total Protection Face Shield SPF50 Glow 55 ml,COLORSCIENCE,Rostro,Rostro,1320,1372.8,0,2119,2499,3059,2499,45.07,0,SIN_REF,B,1,https://cdn.shopify.com/s/files/1/0088/1937/6188/files/ed05a4c8-f60b-4141-9129-25643ca1b967.jpg,https://www.dermaexpress.com.mx/products/colorescience-total-protection-face-shield-spf-50-glow,Dermaexpress
813419026697,Colorescience Total Protection Color Balm SPF50 Color Blush 9 gr,COLORSCIENCE,Rostro,Rostro,980,1019.2,0,1569,1859,2269,1859,45.17,0,SIN_REF,C,0,https://cdn.shopify.com/s/files/1/0088/1937/6188/files/blush.png,https://www.dermaexpress.com.mx/products/colorescience-total-protectiont-color-balm-spf-50-blush,Dermaexpress
813419026710,Colorescience Total Protection Color Balm SPF50 Color Bronze 9 gr,COLORSCIENCE,Rostro,Rostro,980,1019.2,0,1569,1859,2269,1859,45.17,0,SIN_REF,B,1,https://cdn.shopify.com/s/files/1/0088/1937/6188/files/Colorbronze.png,https://www.dermaexpress.com.mx/products/colorescience-total-protectiont-color-balm-spf-50-bronze,Dermaexpress
813419023900,Colorescience Total Protection Brush-On Shield SPF50 Medium,COLORSCIENCE,Rostro,Rostro,1530,1591.2,0,2449,2899,3539,2899,45.11,0,SIN_REF,B,1,https://cdn.shopify.com/s/files/1/0088/1937/6188/files/3_7380da46-179b-4f0a-8a1e-482e2ea6d874.png,https://www.dermaexpress.com.mx/products/colorescience-total-protection-brush-on-shield-spf-50-medium,Dermaexpress
813419024044,Colorescience Total Eye 3-in-1 Renewal Therapy SPF35 Medium 7 ml,COLORSCIENCE,Rostro,Rostro,1790,1861.6,0,2869,3389,4139,3389,45.07,0,SIN_REF,C,0,https://cdn.shopify.com/s/files/1/0088/1937/6188/files/Disenosintitulo_5_1.png,https://www.dermaexpress.com.mx/products/colorescience-total-eye-3-in-1-renewal-therapy-spf-35-medium-original,Dermaexpress
813419027366,Colorescience Face Shield Flex SPF50 Fair 55 ml,COLORSCIENCE,Rostro,Rostro,1540,1601.6,0,2469,2919,3559,2919,45.13,0,SIN_REF,B,1,https://cdn.shopify.com/s/files/1/0088/1937/6188/files/Disenosintitulo_46.png,https://www.dermaexpress.com.mx/products/colorescience-face-shield-flex-spf-50-fair-primer-adaptable-al-tono-de-piel,Dermaexpress
358892319015,Tizo Protector solar mineral con color SPF40 100 ml,Tizo,Protección Solar,Solares,1200,1248,0,1919,2269,2779,2269,45,0,SIN_REF,B,1,https://cdn.shopify.com/s/files/1/0088/1937/6188/files/Walmart_Ultra_Zinc_Tinted.webp,https://www.dermaexpress.com.mx/products/tizo-ultra-zinc-tinted-spf40-100ml,Dermaexpress
358892103300,Tizo PM restore Tratamiento nocturno con retinol y ceramidas 29 ml,Tizo,Rostro,Rostro,1900,1976,0,3039,3599,4399,3599,45.1,0,SIN_REF,B,1,https://cdn.shopify.com/s/files/1/0088/1937/6188/files/PM_Restore.webp,https://www.dermaexpress.com.mx/products/tizo-photoceutical-pm-restore-con-retinoles-y-ceramidas,Dermaexpress
358892123308,Tizo Protector solar en barra mineral sin color 30 g,Tizo,Rostro,Rostro,760,790.4,0,1219,1439,1759,1439,45.07,0,SIN_REF,C,0,https://cdn.shopify.com/s/files/1/0088/1937/6188/files/Mineral_Stick_Non-Tint.webp,https://www.dermaexpress.com.mx/products/tizo-mineral-stick-non-tinted,Dermaexpress
358892113156,Tizo Contorno de ojos eye renewal con protección solar mineral SPF20 15 g,Tizo,Rostro,Rostro,1240,1289.6,0,1989,2349,2869,2349,45.1,0,SIN_REF,C,0,https://cdn.shopify.com/s/files/1/0088/1937/6188/files/TiZO_Eye_Renewal_SPF_20.webp,https://www.dermaexpress.com.mx/products/tizo-eye-renewal-proteccion-mineral-para-contorno-de-ojos-spf20,Dermaexpress
358892326501,Tizo 3 Protector solar facial mineral SPF40 con color 50 ml,Tizo,Protección Solar,Solares,1200,1248,0,1919,2269,2779,2269,45,0,SIN_REF,B,1,https://cdn.shopify.com/s/files/1/0088/1937/6188/files/TiZO3.webp,https://www.dermaexpress.com.mx/products/tizo-3,Dermaexpress
7501124182328,Panalab Proavenal H Crema 1% tratamiento tópico 50 g,Panalab,Capilar,Cabello,517,537.68,0,829,979,1199,979,45.08,0,SIN_REF,B,1,https://cdn.shopify.com/s/files/1/0088/1937/6188/files/7501124182328.jpg,https://www.dermaexpress.com.mx/products/proavenal-h-crema-1-50g,Dermaexpress
4005900906083,Eucerin Pigment Control Protector solar anti-manchas tono medio FPS50+ 50 ml,Eucerin,Rostro,Rostro,525,546,751,839,999,1219,729,25.1,27.3,AMARILLO,A,1,https://cdn.shopify.com/s/files/1/0088/1937/6188/files/4005900906083.jpg,https://www.dermaexpress.com.mx/products/eucerin-pigment-control-tinted-tono-medio-50ml,Dermaexpress
4005900902566,Eucerin Pigment Control Protector solar anti-manchas tono claro FPS50+ 50 ml,Eucerin,Rostro,Rostro,525,546,751,839,999,1219,729,25.1,27.3,AMARILLO,A,1,https://cdn.shopify.com/s/files/1/0088/1937/6188/files/4005900902566.jpg,https://www.dermaexpress.com.mx/products/eucerin-pigment-control-tinted-tono-claro-50ml,Dermaexpress
736211284860,DS Spectral DNC Loción capilar anticaída 60 ml,D.S.,Capilar,Cabello,749,778.96,937,1199,1419,1739,979,20.43,16.87,ROJO,B,1,https://cdn.shopify.com/s/files/1/0088/1937/6188/files/736211284860.png,https://www.dermaexpress.com.mx/products/spectral-dnc-locion-60ml,Dermaexpress
3701129802168,Bioderma ABCDerm Change Intensif Crema reparadora para bebés y niños 75 gr,Bioderma,Cuerpo,Cuerpo,303,315.12,379,489,579,709,399,21.02,16.85,ROJO,C,0,https://cdn.shopify.com/s/files/1/0088/1937/6188/files/3701129802168.jpg,https://www.dermaexpress.com.mx/products/abcderm-change-intensif-75g,Dermaexpress
3701129810019,Bioderma Cicabio Baume Lavant Bálsamo limpiador reparador 200 ml,Bioderma,Rostro,Cuerpo y rostro,399,414.96,499,639,759,929,519,20.05,16.84,ROJO,B,1,https://cdn.shopify.com/s/files/1/0088/1937/6188/files/3701129810019.jpg,https://www.dermaexpress.com.mx/products/cicabio-baume-lavant-200ml,Dermaexpress
3701129801994,Bioderma ABCDerm H2O Agua micelar desmaquillante para bebé 100 ml,Bioderma,Rostro,rostro,119,123.76,149,199,229,279,159,22.16,16.94,ROJO,B,1,https://cdn.shopify.com/s/files/1/0088/1937/6188/files/3701129801994.jpg,https://www.dermaexpress.com.mx/products/abcderm-h2o-100ml,Dermaexpress
8470002116511,Cantabria Labs Biretix Cleanser Gel limpiador purificante 400 ml,Cantabria Labs,Rostro,ROSTRO,607,631.28,715,979,1149,1409,789,19.99,11.71,ROJO,B,1,https://cdn.shopify.com/s/files/1/0088/1937/6188/files/BiretixCleanser400ml_3.jpg,https://www.dermaexpress.com.mx/products/cantabria-labs-biretix-cleanser-400ml,Dermaexpress
3760095254272,ACM Depiwhite Mousse Dermolimpiador aclarante 200 ml,ACM,Rostro,Rostro,560,582.4,0,899,1059,1299,1059,45,0,SIN_REF,B,1,https://cdn.shopify.com/s/files/1/0088/1937/6188/files/3760095254272.jpg,https://www.dermaexpress.com.mx/products/depiwhite-mousse-dermolimpiador-aclarante-200ml,Dermaexpress
3337875892308,Vichy Capital soleil cell protect oil fps50+ Protege la piel del daño solar 200 ml,Vichy,Cuerpo,Cuerpo,599,622.96,799,959,1139,1389,779,20.03,22.03,AMARILLO,A,1,https://cdn.shopify.com/s/files/1/0088/1937/6188/files/121212.png,https://www.dermaexpress.com.mx/products/capital-soleil-cell-protect-oil-fps50-200ml,Dermaexpress
3760095252872,ACM Rosakalm Agua micelar desmaquillante 250 ml,ACM,Rostro,Rostro,370,384.8,0,599,699,859,699,44.95,0,SIN_REF,B,1,https://cdn.shopify.com/s/files/1/0088/1937/6188/files/3760095252872.jpg,https://www.dermaexpress.com.mx/products/rosakalm-agua-micelar-desmaquillante-250ml,Dermaexpress
3337875890069,La Roche-Posay Mela B3 Cleanser Dermolimpiador anti-manchas 200 ml,La Roche Posay,Rostro,Rostro,561,583.44,749,899,1069,1299,729,19.97,22.1,AMARILLO,A,1,https://cdn.shopify.com/s/files/1/0088/1937/6188/files/1e9fd10b-6c80-48a3-b47f-d020a68ab155.jpg,https://www.dermaexpress.com.mx/products/mela-b3-cleanser-200ml,Dermaexpress
3337875895781,Vichy Mineral 89 Crema uv spf50+ Hidratación y antioxidante 50 ml,Vichy,Rostro,Rostro,599,622.96,799,959,1139,1389,779,20.03,22.03,AMARILLO,C,0,https://cdn.shopify.com/s/files/1/0088/1937/6188/files/Diseno_sin_titulo.png,https://www.dermaexpress.com.mx/products/mineral-89-crema-uv-spf50-50ml,Dermaexpress
7501124185480,Panalab Kit Aminoter D 30 caps + Aminoter D 30 caps,Panalab,Capilar,Cabello,2112,2196.48,0,3379,3999,4889,3999,45.07,0,SIN_REF,C,0,https://cdn.shopify.com/s/files/1/0088/1937/6188/files/7501124185480_hh_4.png,https://www.dermaexpress.com.mx/products/kit-aminoter-d-30-caps-aminoter-30-caps,Dermaexpress
3461020017091,Institut Esthederm Agua Celular Loción en esencia hidratante 125ml,Institut Esthederm,Rostro,Rostro,1265,1315.6,0,2029,2399,2929,2399,45.16,0,SIN_REF,B,1,https://cdn.shopify.com/s/files/1/0088/1937/6188/files/Disenosintitulo_34_d72fd8c3-9637-4d0f-8f4e-472f9cc149db.png,https://www.dermaexpress.com.mx/products/institut-esthederm-agua-celular-locion-en-esencia-hidratante-125ml,Dermaexpress
3461020012409,Institut Esthederm Adaptasun Fotoprotector facial 50ml,Institut Esthederm,Cuerpo,Cuerpo,1250,1300,0,1999,2369,2889,2369,45.12,0,SIN_REF,C,0,https://cdn.shopify.com/s/files/1/0088/1937/6188/files/Disenosintitulo_26_219fce6d-4f4f-4a0f-9022-bb0538115f6f.png,https://www.dermaexpress.com.mx/products/institut-esthederm-adaptasun-fotoprotector-facial-50ml,Dermaexpress
3461020014236,Institut Esthederm Morpho Fitness Suero reductor 100ml,Institut Esthederm,Cuerpo,Cuerpo,1500,1560,0,2399,2839,3469,2839,45.05,0,SIN_REF,C,0,https://cdn.shopify.com/s/files/1/0088/1937/6188/files/3461020014236.jpg,https://www.dermaexpress.com.mx/products/institut-esthederm-morpho-fitness-suero-reductor-100ml,Dermaexpress
3461020014267,Institut Esthederm Body Care Leche hidratante y reafirmante 400ml,Institut Esthederm,Cuerpo,Cuerpo,1990,2069.6,0,3189,3769,4599,3769,45.09,0,SIN_REF,C,0,https://cdn.shopify.com/s/files/1/0088/1937/6188/files/3461020014267.jpg,https://www.dermaexpress.com.mx/products/institut-esthederm-body-care-leche-hidratante-y-reafirmante-400ml,Dermaexpress
3461020014243,Institut Esthederm Body Care Crema reductora y reafirmante 200ml,Institut Esthederm,Cuerpo,Cuerpo,1800,1872,0,2879,3409,4159,3409,45.09,0,SIN_REF,C,0,https://cdn.shopify.com/s/files/1/0088/1937/6188/files/3461020014243.jpg,https://www.dermaexpress.com.mx/products/institut-esthederm-body-care-crema-reductora-y-reafirmante-200ml,Dermaexpress
3461020014274,Institut Esthederm Body Care Bálsamo reafirmante ultra hidratante 200ml,Institut Esthederm,Cuerpo,Cuerpo,1800,1872,0,2879,3409,4159,3409,45.09,0,SIN_REF,C,0,https://cdn.shopify.com/s/files/1/0088/1937/6188/files/3461020014274.jpg,https://www.dermaexpress.com.mx/products/institut-esthederm-body-care-balsamo-reafirmante-ultra-hidratante-200ml,Dermaexpress
3461020002103,Institut Esthederm Adaptasun Agua solar fotoprotectora 150ml,Institut Esthederm,Cuerpo,Cuerpo,1710,1778.4,0,2739,3239,3959,3239,45.09,0,SIN_REF,C,0,https://cdn.shopify.com/s/files/1/0088/1937/6188/files/Disenosintitulo_23_4f8d7dae-33e7-4f87-8190-60fce7226992.png,https://www.dermaexpress.com.mx/products/institut-esthederm-adaptasun-agua-solar-fotoprotectora-150ml,Dermaexpress
3461020008082,Institut Esthederm Osmoclean Mascarilla exfoliante aclaradora 75ml,Institut Esthederm,Rostro,Rostro,1070,1112.8,0,1719,2029,2479,2029,45.16,0,SIN_REF,B,1,https://cdn.shopify.com/s/files/1/0088/1937/6188/files/3701129800621_1.avif,https://www.dermaexpress.com.mx/products/institut-esthederm-osmoclean-mascarilla-exfoliante-aclaradora-75ml,Dermaexpress
8413400005988,Lullage bella dia crema 50ml.,LULLAGE,Rostro,Rostro,925,962,0,1479,1749,2139,1749,45,0,SIN_REF,B,1,https://cdn.shopify.com/s/files/1/0088/1937/6188/files/a46b7cf8-9777-4a10-b415-5486ba0620be.jpg,https://www.dermaexpress.com.mx/products/lullage-bella-dia-crema-50ml,Dermaexpress
850019136333,Lullage Splendor Sérum Elasticidad y Firmeza 30 ml,LULLAGE,Rostro,Rostro,639,664.56,0,1029,1209,1479,1209,45.03,0,SIN_REF,B,1,https://cdn.shopify.com/s/files/1/0088/1937/6188/files/1_c9a6df53-0d3d-40f6-b2af-27c5e821cf9d.png,https://www.dermaexpress.com.mx/products/lullage-splendor-serum-elasticidad-y-firmeza-30ml,Dermaexpress
8413400005025,Lullage splendor 10 tratamiento noche 50ml.,LULLAGE,Rostro,Rostro,1029,1070.16,0,1649,1949,2379,1949,45.09,0,SIN_REF,C,0,https://cdn.shopify.com/s/files/1/0088/1937/6188/files/8413400005025.jpg,https://www.dermaexpress.com.mx/products/lullage-splendor-10-tratamiento-noche-50ml,Dermaexpress
8413400005018,Lullage Splendor 10 Tratamiento Día 50 ml,LULLAGE,Rostro,Rostro,1029,1070.16,0,1649,1949,2379,1949,45.09,0,SIN_REF,C,0,https://cdn.shopify.com/s/files/1/0088/1937/6188/files/1_92b39e37-c417-4cbe-9b7a-a11fd046cf39.png,https://www.dermaexpress.com.mx/products/lullage-splendor-10-tratamiento-dia-50ml,Dermaexpress
850019136111,Lullage Splendor Dropper Serum 30 ml,LULLAGE,Rostro,Rostro,962,1000.48,0,1539,1819,2229,1819,45,0,SIN_REF,B,1,https://cdn.shopify.com/s/files/1/0088/1937/6188/files/2_753c17f0-829d-4362-8f81-b38e7ac398fd.png,https://www.dermaexpress.com.mx/products/lullage-splendor-dropper-serum-30ml,Dermaexpress
8413400008583,Lullage bella dia crema 30ml.,LULLAGE,Rostro,Rostro y cuello,679,706.16,0,1089,1289,1569,1289,45.22,0,SIN_REF,B,1,https://cdn.shopify.com/s/files/1/0088/1937/6188/files/8413400008583.jpg,https://www.dermaexpress.com.mx/products/lullage-bella-dia-crema-30ml,Dermaexpress
8436574363654,Cantabria Labs Neoretin DC Sensitive Areas Loción aclarante corporal 100 ml,Cantabria Labs,Cuerpo,Cuerpo,688,715.52,810,1109,1309,1599,899,20.41,11.66,ROJO,B,1,https://cdn.shopify.com/s/files/1/0088/1937/6188/files/IMAGE1.jpg,https://www.dermaexpress.com.mx/products/neoretin-dc-sensitive-areas-body-lotion-100ml,Dermaexpress
3760201231173,Etat Pur Activo Puro Enoxolona Sérum para pieles sensibles 15 ml,Etat pur,Rostro,Rostro,620,644.8,0,999,1179,1439,1179,45.31,0,SIN_REF,B,1,https://cdn.shopify.com/s/files/1/0088/1937/6188/files/3760201231173.avif,https://www.dermaexpress.com.mx/products/naos-etatpur-enoxolona-2-15ml,Dermaexpress
8429979456175,Sesderma S-repaskin Fluido ligero corporal spf50+ previene arrugas manchas y quemaduras solares 200 ml,Sesderma,Cuerpo,Cuerpo,755,785.2,944,1209,1429,1749,989,20.61,16.82,ROJO,B,1,https://cdn.shopify.com/s/files/1/0088/1937/6188/files/8429979456175_2_d94459b0-e1a7-41fd-b4a4-0ecfcfd80679.jpg,https://www.dermaexpress.com.mx/products/s-repaskin-fluido-ligero-corporal-spf50-200ml,Dermaexpress
8429979444400,"Sesderma S-salises crema-gel, hidratación de pieles mixtas 50 ml",Sesderma,Rostro,Rostro,1078,1121.12,1348,1729,2039,2499,1409,20.43,16.83,ROJO,B,1,https://cdn.shopify.com/s/files/1/0088/1937/6188/files/8429979444400_2.jpg,https://www.dermaexpress.com.mx/products/s-salises-crema-gel-50-ml,Dermaexpress
8429979479457,Sesderma S-retisil Contorno de ojos y labios efecto reafirmante 30 ml,Sesderma,Rostro,Rostro,1092,1135.68,1365,1749,2069,2529,1419,19.97,16.8,ROJO,B,1,https://cdn.shopify.com/s/files/1/0088/1937/6188/files/8429979479457_2.jpg,https://www.dermaexpress.com.mx/products/s-retisil-contorno-de-ojos-y-labios-30ml,Dermaexpress
3282770392401,Ducray Kelual DS Gel limpiador antiescamas 200 ml,Ducray,Capilar,Cabello,391,406.64,489,629,739,909,509,20.11,16.84,ROJO,B,1,https://cdn.shopify.com/s/files/1/0088/1937/6188/files/3282770392401_1.jpg,https://www.dermaexpress.com.mx/products/ducray-kelual-ds-gel-limpiador-antiescamas-200ml,Dermaexpress
3499320016575,Galderma Benzacare Power Patch para imperfecciones 36 piezas,Galderma,Rostro,Rostro,217,225.68,272,349,419,509,289,21.91,17.03,ROJO,B,1,https://cdn.shopify.com/s/files/1/0088/1937/6188/files/WhatsAppImage2024-06-07at12.31.32PM-Photoroom.png,https://www.dermaexpress.com.mx/products/benzacare-power-patch-36-piezas,Dermaexpress
3282770144413,Avene Cleanance Gel de limpieza profunda 400 ml,Avene,Rostro,Rostro,614,638.56,819,989,1169,1419,799,20.08,22.03,AMARILLO,C,0,https://cdn.shopify.com/s/files/1/0088/1937/6188/files/3282770144413_1.jpg,https://www.dermaexpress.com.mx/products/avene-clenance-intensive-gel-limpieza-profunda-400ml,Dermaexpress
3282779410007,Avene kit protector solar con color fps50 ultra fluido oil control mat perfect 50ml+ Agua termal 50ml.,Avene,Rostro,Rostro,519,539.76,649,839,989,1199,679,20.51,16.83,ROJO,C,0,https://cdn.shopify.com/s/files/1/0088/1937/6188/files/3282779410007_1.jpg,https://www.dermaexpress.com.mx/products/avene-kit-protector-solar-con-color-fps50-ultra-fluido-oil-control-mat-perfect-50ml-agua-termal-50ml,Dermaexpress
3282779409995,Avene Kit Solar FPS50+ Ultra Fluid Oil Control Ultra Mat 50 ml + Agua termal 50 ml,Avene,Rostro,Rostro,519,539.76,649,839,989,1199,679,20.51,16.83,ROJO,C,0,https://cdn.shopify.com/s/files/1/0088/1937/6188/files/3282779409995_1.jpg,https://www.dermaexpress.com.mx/products/avene-kit-solar-fps50-ultra-fluid-oil-control-ultra-mat-50-ml-agua-termal-50ml,Dermaexpress
3282770393859,Aderma Exomega Control Dermolimpiador en aceite emoliente 500 ml,Aderma,Rostro,Cuerpo y cara,511,531.44,639,819,969,1189,669,20.56,16.83,ROJO,B,1,https://cdn.shopify.com/s/files/1/0088/1937/6188/files/3282770393859_1.jpg,https://www.dermaexpress.com.mx/products/aderma-exomega-control-dermolimpiador-en-aceite-emoliente-500ml,Dermaexpress
731416396554,Envera Protector Solar Despigmentante FPS50+ UVA/UVB PA++++ 50 ml,ENVERA,Protección Solar,Solares,725,754,0,1159,1379,1679,1379,45.32,0,SIN_REF,C,0,https://cdn.shopify.com/s/files/1/0088/1937/6188/files/01_f4649fb3-1a98-4f1c-8bb9-580c72d6da90.jpg,https://www.dermaexpress.com.mx/products/protector-solar-despigmentante-fps-50-uva-uvb-pa,Dermaexpress
788115725086,Envera Rellenable de Protector Solar Light 50ml.,ENVERA,Protección Solar,Solares,510,530.4,0,819,969,1179,969,45.26,0,SIN_REF,C,0,https://cdn.shopify.com/s/files/1/0088/1937/6188/files/01_19de606f-f602-4bd1-bbe0-fc120c552a6f.jpg,https://www.dermaexpress.com.mx/products/rellenable-de-protector-solar-light,Dermaexpress
788115725109,Envera Protector Solar FPS50+ UVA/UVB Primer sin color Rellenable 50 ml,ENVERA,Protección Solar,Solares,510,530.4,0,819,969,1179,969,45.26,0,SIN_REF,C,0,https://cdn.shopify.com/s/files/1/0088/1937/6188/files/01_64cd8f92-871b-4674-96a1-a00937be6704.jpg,https://www.dermaexpress.com.mx/products/rellenable-de-protector-solar-primer-sin-color,Dermaexpress
788115725031,Envera Protector Solar en barra stick transparente FPS50+ UVA/UVB PA++++ 15 gr,ENVERA,Protección Solar,Solares,610,634.4,0,979,1159,1409,1159,45.26,0,SIN_REF,C,0,https://cdn.shopify.com/s/files/1/0088/1937/6188/files/Diseno_sin_titulo_1833ef66-2e9b-44ea-9c8e-b5704c63a23f.png,https://www.dermaexpress.com.mx/products/protector-solar-en-barra-transparente-fps-50-uva-uvb-pa,Dermaexpress
781159932212,Envera Protector Solar FPS50+ UVA/UVB Tono Light 50 ml,ENVERA,Protección Solar,Solares,725,754,0,1159,1379,1679,1379,45.32,0,SIN_REF,C,0,https://cdn.shopify.com/s/files/1/0088/1937/6188/files/01_391124cc-f464-4a84-a89f-77b57d3ad6f0.jpg,https://www.dermaexpress.com.mx/products/protector-solar-fps-50-uva-uvb-tono-light,Dermaexpress
4006000045832,Eucerin Crema anti-enrojecimiento calmante 50 ml,Eucerin,Rostro,Rostro y cuello,467,485.68,668,749,889,1079,649,25.16,27.29,AMARILLO,A,1,https://cdn.shopify.com/s/files/1/0088/1937/6188/files/Eucerin-Anti-Rojes-Crema-Facial-50-Ml-4006000045832-638533835533602859-1_1.jpg,https://www.dermaexpress.com.mx/products/eucerin-crema-anti-enrojecimiento-50ml,Dermaexpress
3282770390315,Avene Cleanance Loción micelar para piel grasa reduce sebo y brillo 400 ml,Avene,Rostro,Rostro,631,656.24,789,1009,1199,1459,829,20.84,16.83,ROJO,B,1,https://cdn.shopify.com/s/files/1/0088/1937/6188/files/3282770390315_1.jpg,https://www.dermaexpress.com.mx/products/avene-cleanance-locion-micelar-piel-grasa-400ml,Dermaexpress
7897930778641,Cetaphil Oil Control Sérum facial triple acción para piel grasa 30 ml,Cetaphil,Rostro,Rostro,327,340.08,436,529,619,759,429,20.73,22,AMARILLO,A,1,https://cdn.shopify.com/s/files/1/0088/1937/6188/files/3SERUMFACIALTRIPLEACCIONTUBO3000X3000.avif,https://www.dermaexpress.com.mx/products/cetaphil-oil-control-serum-facial-triple-accion-30ml,Dermaexpress
7509552938791,Vichy Kit Capital soleil agua protector solar 200 ml + Capital soleil uv-age daily teinté 3 ml + Capital soleil uv-age daily 3 ml,Vichy,Rostro,Rostro y cuello,536,557.44,715,859,1019,1239,699,20.25,22.04,AMARILLO,C,0,https://cdn.shopify.com/s/files/1/0088/1937/6188/files/7509552938791_01.jpg,https://www.dermaexpress.com.mx/products/kit-capital-soleil-agua-protector-solar-200ml-capital-soleil-uv-age-daily-teinte-tinted-3ml-capital-soleil-uv-age-daily-3ml,Dermaexpress
7509552934779,La Roche-Posay Kit Anthelios UV Mune 400 Fluido c/c Oil Control 50 ml + Effaclar Agua Micelar Ultra 50 ml + Effaclar Sérum Ultra Concentrado 3 ml,La Roche Posay,Rostro,Rostro,449,466.96,599,719,849,1039,589,20.72,22.04,AMARILLO,C,0,https://cdn.shopify.com/s/files/1/0088/1937/6188/files/7509552934779_1.jpg,https://www.dermaexpress.com.mx/products/kit-anthelios-uv-mune-400-fluido-c-c-oil-control-50ml-effaclar-eua-micelar-ultra-50ml-effaclar-serum-ultra-concentrado-3ml,Dermaexpress
3337875886024,La Roche-Posay Latte Doposole Anthelios Post-UV Exposure Para piel sensible 200 ml,La Roche Posay,Rostro,Cuerpo y rostro,434,451.36,579,699,829,1009,569,20.67,22.04,AMARILLO,A,1,https://cdn.shopify.com/s/files/1/0088/1937/6188/files/3337875886024_1.jpg,https://www.dermaexpress.com.mx/products/anthelios-post-uv-exposure-latte-doposole-200ml,Dermaexpress
3337875888899,La Roche-Posay Anthelios UVMune 400 Dermo-Pediatrics Leche hidratante FPS 50+ Para piel sensible de niños 75 ml,La Roche Posay,Rostro,Cuerpo y rostro,396,411.84,529,639,749,919,519,20.65,22.15,AMARILLO,A,1,https://cdn.shopify.com/s/files/1/0088/1937/6188/files/3337875888899_1.jpg,https://www.dermaexpress.com.mx/products/anthelios-uv-mune-400-dermo-pediatrics-leche-hidratante-75ml,Dermaexpress
3337875888851,La Roche-Posay Anthelios UVMune 400 Dermo-Pediatrics Leche hidratante FPS 50+ Para piel sensible de niños 250 ml,La Roche Posay,Rostro,Cuerpo y rostro,749,778.96,999,1199,1419,1739,979,20.43,22.03,AMARILLO,A,1,https://cdn.shopify.com/s/files/1/0088/1937/6188/files/3337875888851_1.jpg,https://www.dermaexpress.com.mx/products/anthelios-uv-mune-400-dermo-pediatrics-leche-hidratante-250ml,Dermaexpress
3337875886307,La Roche-Posay Anthelios UVMune 400 Dermo-Pediatrics Fluido Invisible FPS 50+ Para piel sensible de niños 50 ml,La Roche Posay,Rostro,Rostro,524,544.96,699,839,999,1219,689,20.91,22.04,AMARILLO,A,1,https://cdn.shopify.com/s/files/1/0088/1937/6188/files/3337875886307_1.jpg,https://www.dermaexpress.com.mx/products/anthelios-uv-mune-400-dermo-pediatrics-fluido-invisible-50ml,Dermaexpress
3282779003131,Avene Agua termal spray calmante para piel sensible 300 ml,Avene,Rostro,Rostro,431,448.24,539,689,819,999,569,21.22,16.84,ROJO,B,1,https://cdn.shopify.com/s/files/1/0088/1937/6188/files/3282779003131_1.jpg,https://www.dermaexpress.com.mx/products/avene-agua-termal-piel-sensible-300ml-copia,Dermaexpress
3337875886055,La Roche-Posay Anthelios UVMune 400 Dermo-Pediatrics Spray Invisible FPS 50+ Para piel sensible y niños 200 ml,La Roche Posay,Protección Solar,Protectores Solares,749,778.96,999,1199,1419,1739,979,20.43,22.03,AMARILLO,C,0,https://cdn.shopify.com/s/files/1/0088/1937/6188/files/3337875886055_1.jpg,https://www.dermaexpress.com.mx/products/anthelios-uv-mune-400-dermo-pediatrics-spray-invisible-200ml,Dermaexpress
3337875882736,La Roche-Posay Hyalu B5 Booster Hidratante con efecto lifting para piel sensible 15 ml,La Roche Posay,Rostro,Rostro,839,872.56,1119,1349,1589,1939,1099,20.6,22.02,AMARILLO,A,1,https://cdn.shopify.com/s/files/1/0088/1937/6188/files/3337875882736_1.jpg,https://www.dermaexpress.com.mx/products/hyalu-b5-booster-15ml,Dermaexpress
3760269771338,Isispharma Teen Derm Hydra Hidratante para pieles con acné 40 ml,Isispharma,Rostro,Rostro,536,557.44,670,859,1019,1239,699,20.25,16.8,ROJO,B,1,https://cdn.shopify.com/s/files/1/0088/1937/6188/files/Diseno_sin_titulo_2_2126f864-c373-44bf-9161-d53d9ad086f8.png,https://www.dermaexpress.com.mx/products/teen-derm-hydra-40ml-copia,Dermaexpress
3282779003124,Avene Agua termal calma y refuerza la piel sensible 150 ml,Avene,Rostro,Rostro,351,365.04,439,569,669,819,459,20.47,16.85,ROJO,B,1,https://cdn.shopify.com/s/files/1/0088/1937/6188/files/3282779003124_1.jpg,https://www.dermaexpress.com.mx/products/avene-agua-termal-piel-sensible-150ml-copia,Dermaexpress
8429420251632,Isdin Ureadin Shower Gel Pieles secas 400 ml,Isdin,Cuerpo,Cuerpo,408.1,424.42,583,659,779,949,569,25.41,27.2,AMARILLO,A,1,https://cdn.shopify.com/s/files/1/0088/1937/6188/files/8429420251632_1.jpg,https://www.dermaexpress.com.mx/products/isdin-ureadin-shower-gel-400ml,Dermaexpress
8429420251366,Isdin Ureadin Lotion 10 Hidratante para piel seca 400 ml,Isdin,Cuerpo,Cuerpo,359.8,374.19,514,579,689,839,499,25.01,27.2,AMARILLO,C,0,https://cdn.shopify.com/s/files/1/0088/1937/6188/files/8429420251366_1.jpg,https://www.dermaexpress.com.mx/products/isdin-ureadin-lotion-10-400ml,Dermaexpress
8429420236219,Isdin Acniben Night Concentrate Anti imperfecciones 27 ml,Isdin,Rostro,Rostro,529.2,550.37,756,849,1009,1229,739,25.53,27.2,AMARILLO,C,0,https://cdn.shopify.com/s/files/1/0088/1937/6188/files/8429420236219_1.jpg,https://www.dermaexpress.com.mx/products/isdin-acniben-night-concentrate-27ml,Dermaexpress
8429420282865,Isdin Fusion Water Magic Glow SPF30 Fotoprotector facial 50 ml,Isdin,Protección Solar,Solares,552.3,574.39,789,889,1049,1279,769,25.31,27.2,AMARILLO,C,0,https://cdn.shopify.com/s/files/1/0088/1937/6188/files/Fusion-Water-Magic-Glow-Spf-30-50Ml-8429420282865-638479169071419259-1.jpg,https://www.dermaexpress.com.mx/products/isdin-fusion-water-magic-glow-spf30-50ml,Dermaexpress
8429420280885,Isdin Fotoprotector Invisible Stick SPF50 Barra 10 gr,Isdin,Protección Solar,Solares,351.4,365.46,502,569,669,819,489,25.26,27.2,AMARILLO,A,1,https://cdn.shopify.com/s/files/1/0088/1937/6188/files/Fotoprotector-Invisible-Stick-Spf-50-10G-8429420280885-638479169045743005-1.jpg,https://www.dermaexpress.com.mx/products/fotoprotector-invisible-stick-spf50-10g,Dermaexpress
8429420223349,Isdin Isdinceutics Hyaluronic Moisture Oily Hidratante para piel grasa 50 gr,Isdin,Rostro,Rostro,749.7,779.69,1071,1199,1419,1739,1039,24.96,27.2,AMARILLO,A,1,https://cdn.shopify.com/s/files/1/0088/1937/6188/files/Isdinceutics-Hm-Oily-50G-8429420223349-638441974018328637-1.jpg,https://www.dermaexpress.com.mx/products/isdinceutics-hyaluronic-moisture-oily-50g,Dermaexpress
8429420223455,Isdin Isdinceutics Hyaluronic Moisture Oily Refill 50 gr,Isdin,Rostro,Rostro,580.3,603.51,829,929,1099,1349,809,25.4,27.2,AMARILLO,A,1,https://cdn.shopify.com/s/files/1/0088/1937/6188/files/Isdinceutics-Hm-Oily-Refill-50G-8429420223455-638441974074477172-1.jpg,https://www.dermaexpress.com.mx/products/isdinceutics-hyaluronic-moisture-oily-refill-50g,Dermaexpress
5702191029437,Leo-Pharma Scheriderm Crema 15 g,Leo Pharma,Cuerpo,Cuerpo,541,562.64,0,869,1029,1259,1029,45.32,0,SIN_REF,C,0,https://cdn.shopify.com/s/files/1/0088/1937/6188/files/Adaptaciones-36.jpg,https://www.dermaexpress.com.mx/products/leo-pharma-scheriderm-crema-15gr-copia,Dermaexpress
5702191029307,Leo Pharma Daivonex ungüento 30g,Leo Pharma,Cuerpo,Cuerpo,1600,1664,0,2559,3029,3699,3029,45.06,0,SIN_REF,B,1,https://cdn.shopify.com/s/files/1/0088/1937/6188/files/5702191008074_d10e4139-3538-436c-b90a-3bab772c3823.jpg,https://www.dermaexpress.com.mx/products/leo-pharma-daivonex-unguento-30g,Dermaexpress
3606000560833,CeraVe Sérum hidratante con ácido hialurónico 30 ml,Cerave,Rostro,Rostro y cuello,449,466.96,599,719,849,1039,589,20.72,22.04,AMARILLO,A,1,https://cdn.shopify.com/s/files/1/0088/1937/6188/files/3606000560833.png,https://www.dermaexpress.com.mx/products/cerave-serum-hidratante-con-acido-hialuronico-30ml,Dermaexpress
3760095254500,ACM Novophane Chronic Loción anti-caída 100 ml,ACM,Capilar,Cabello,810,842.4,0,1299,1539,1879,1539,45.26,0,SIN_REF,B,1,https://cdn.shopify.com/s/files/1/0088/1937/6188/files/3760095254500.jpg,https://www.dermaexpress.com.mx/products/novophane-chronic-locion-anti-caida,Dermaexpress
3337871323639,Vichy Capital soleil 50+ Niños lait 300 ml,Vichy,Protección Solar,Solares,674,700.96,899,1079,1279,1559,879,20.25,22.03,AMARILLO,A,1,https://cdn.shopify.com/s/files/1/0088/1937/6188/files/Cs-Lait-Enfant-Ip50-T300ml8-Langues-3337871323639-638406808260740662-1.jpg,https://www.dermaexpress.com.mx/products/ideal-soleil-50-ninos-lait-300ml,Dermaexpress
8470002141452,Cantabria Labs Heliocare 360° Compacto color bronce FPS50+ 10 gr,Cantabria Labs,Rostro,Rostro y cuello,531,552.24,625,849,1009,1229,699,21,11.64,ROJO,B,1,https://cdn.shopify.com/s/files/1/0088/1937/6188/files/H360CompactOilfreeBronze-2.jpg,https://www.dermaexpress.com.mx/products/heliocare-360-color-compact-oil-free-bronze-10g,Dermaexpress
8470002141469,Cantabria Labs Heliocare 360° Compacto protector solar beige FPS50+ 10 gr,Cantabria Labs,Rostro,Rostro y cuello,531,552.24,625,849,1009,1229,699,21,11.64,ROJO,B,1,https://cdn.shopify.com/s/files/1/0088/1937/6188/files/H360CompactOilfreeBeige2.jpg,https://www.dermaexpress.com.mx/products/heliocare-360-color-compact-oil-free-beige-10g,Dermaexpress
8470002100657,Cantabria Labs Heliocare 360° Body Glow Protector solar corporal FPS50+ 100 ml,Cantabria Labs,Protección Solar,Solares,582,605.28,685,939,1109,1349,759,20.25,11.64,ROJO,B,1,https://cdn.shopify.com/s/files/1/0088/1937/6188/files/H360BodyGlow-Web-1.jpg,https://www.dermaexpress.com.mx/products/heliocare-360-body-glow-protector-solar-fps50,Dermaexpress
3760269771482,Isispharma Ruboril Cleansing Balm Bálsamo limpiador desmaquillante 100 ml,Isispharma,Rostro,Rostro,292,303.68,365,469,559,679,379,19.87,16.8,ROJO,B,1,https://cdn.shopify.com/s/files/1/0088/1937/6188/files/Diseno_sin_titulo_1aab01cd-3321-4e0a-bc06-1f883290db68.png,https://www.dermaexpress.com.mx/products/ruboril-cleansing-balm-100ml,Dermaexpress
8470002111363,Cantabria Labs Neoretin DC Pigment Neutralizer Sérum despigmentante 30 ml,Cantabria Labs,Rostro,Rostro y cuello,926,963.04,1090,1489,1759,2149,1209,20.34,11.65,ROJO,B,1,https://cdn.shopify.com/s/files/1/0088/1937/6188/files/Neoretin_DC_PigmentNeutralizer_Serum_Bottle_1.jpg,https://www.dermaexpress.com.mx/products/neoretin-pigment-neutrilizer-serum-30ml,Dermaexpress
3337875852333,La Roche-Posay Lipikar Lait Urea 10% Hidratante para pieles secas 200 ml,La Roche Posay,Rostro,Cuerpo y rostro,404,420.16,539.9,649,769,939,529,20.57,22.18,AMARILLO,A,1,https://cdn.shopify.com/s/files/1/0088/1937/6188/files/3337875852333_1.jpg,https://www.dermaexpress.com.mx/products/lipikar-lait-urea-10-200ml,Dermaexpress
3337875873048,Vichy Liftactiv collagen specialist Eye care 15 ml,Vichy,Rostro,Rostro,824,856.96,1099,1319,1559,1909,1079,20.58,22.02,AMARILLO,A,1,https://cdn.shopify.com/s/files/1/0088/1937/6188/files/3337875873048_1.jpg,https://www.dermaexpress.com.mx/products/liftactiv-collagen-specialist-eye-care-15ml,Dermaexpress
3337875890113,La Roche-Posay Mela B3 Crema FPS 30 Crema hidratante diaria protectora y correctora 40 ml,La Roche Posay,Rostro,Rostro,899,934.96,1199,1439,1699,2079,1169,20.02,22.02,AMARILLO,A,1,https://cdn.shopify.com/s/files/1/0088/1937/6188/files/3337875890113_1.jpg,https://www.dermaexpress.com.mx/products/mela-b3-crema-fps30-40ml,Dermaexpress
3337875890021,La Roche-Posay Sérum Mela B3 Anti-manchas y antienvejecimiento para piel sensible 30 ml,La Roche Posay,Rostro,Rostro y cuello,1049,1090.96,1399,1679,1989,2429,1369,20.31,22.02,AMARILLO,A,1,https://cdn.shopify.com/s/files/1/0088/1937/6188/files/1_3c8c43ec-a0c4-463c-af46-77858854c989.png,https://www.dermaexpress.com.mx/products/mela-b3-serum-30ml,Dermaexpress
3282770207675,Darrow Actine Colors Protector Solar FPS50+ para piel grasa tono Oscuro 40 gr,Darrow,Protección Solar,Solares,375,390,469,599,709,869,489,20.25,16.84,ROJO,B,1,https://cdn.shopify.com/s/files/1/0088/1937/6188/files/3282770207675_1.jpg,https://www.dermaexpress.com.mx/products/darrow-actine-colors-protector-solar-fps50-tono-3-oscuro-40g,Dermaexpress
3282770207651,Darrow Actine Colors Protector Solar FPS50+ para piel grasa tono Medio 40 gr,Darrow,Protección Solar,Solares,375,390,469,599,709,869,489,20.25,16.84,ROJO,B,1,https://cdn.shopify.com/s/files/1/0088/1937/6188/files/3282770207651_1.png,https://www.dermaexpress.com.mx/products/darrow-actine-colors-protector-solar-fps50-tono-2-medio-40g,Dermaexpress
3592610002156,Dexeryl dermolimpiador en aceite 500 ml,Avene,Cuerpo,Cuerpo,399,414.96,499,639,759,929,519,20.05,16.84,ROJO,B,1,https://cdn.shopify.com/s/files/1/0088/1937/6188/files/3592610002156.jpg,https://www.dermaexpress.com.mx/products/dexeryl-dermolimpiador-en-aceite-500ml,Dermaexpress
3337875852302,La Roche-Posay Lipikar Lait Urea 10% Hidratante para pieles secas 400 ml,La Roche Posay,Rostro,Rostro,599,622.96,799,959,1139,1389,779,20.03,22.03,AMARILLO,A,1,https://cdn.shopify.com/s/files/1/0088/1937/6188/files/3337875852302_1.jpg,https://www.dermaexpress.com.mx/products/lipikar-lait-urea-10-400ml,Dermaexpress
7501124180980,Panalab Topifort Crema 30 gr,Panalab,Rostro,Rostro,595,618.8,0,959,1129,1379,1129,45.19,0,SIN_REF,B,1,https://cdn.shopify.com/s/files/1/0088/1937/6188/files/7501124180980.jpg,https://www.dermaexpress.com.mx/products/topifort-crema-30gr,Dermaexpress
7501124182106,Panalab Execut 25mg. oral 25 tabletas,Panalab,Cuerpo,Cuerpo,827,860.08,0,1329,1569,1919,1569,45.18,0,SIN_REF,B,1,https://cdn.shopify.com/s/files/1/0088/1937/6188/files/1_428edc9f-ddda-4b1a-9ef2-ef9f975829c3.jpg,https://www.dermaexpress.com.mx/products/execut-25mg,Dermaexpress
7501124181949,Panalab Execut 10 mg 30 tabletas,Panalab,Cuerpo,Cuerpo,610,634.4,0,979,1159,1409,1159,45.26,0,SIN_REF,B,1,https://cdn.shopify.com/s/files/1/0088/1937/6188/files/7501124181949.jpg,https://www.dermaexpress.com.mx/products/execut-10mg,Dermaexpress
8163780225642,D.S Revita suplemento anti-caída c/60 gummies.,D.S.,Capilar,Cabello,651,677.04,814,1049,1239,1509,849,20.25,16.83,ROJO,C,0,https://cdn.shopify.com/s/files/1/0088/1937/6188/files/8163780225642.png,https://www.dermaexpress.com.mx/products/revita-suplemento-anticaida-60-gummies,Dermaexpress
8163780224720,DS Revita Suplemento alimenticio anticaída 30 tabletas,D.S.,Capilar,Cabello,696,723.84,871,1119,1319,1609,909,20.37,16.9,ROJO,B,1,https://cdn.shopify.com/s/files/1/0088/1937/6188/files/8163780224720.png,https://www.dermaexpress.com.mx/products/revita-c-30-tabletas,Dermaexpress
8163780226946,DS Revita Extra Strength Shampoo densidad capilar anticaída 205 ml,D.S.,Capilar,Cabello,610,634.4,763,979,1159,1409,799,20.6,16.85,ROJO,C,0,https://cdn.shopify.com/s/files/1/0088/1937/6188/files/8163780226946-3.png,https://www.dermaexpress.com.mx/products/revita-extra-strength-hair-density-shampoo-205ml,Dermaexpress
3701129809280,Bioderma Sébium Sérum anti-imperfecciones 30 ml,Bioderma,Rostro,Rostro,759,789.36,949,1219,1439,1759,989,20.19,16.82,ROJO,B,1,https://cdn.shopify.com/s/files/1/0088/1937/6188/files/a8e6e92b-c2c8-4e6a-9a7d-e03a25fccfb4.jpg,https://www.dermaexpress.com.mx/products/sebium-serum-30ml,Dermaexpress
3701129809334,Bioderma Hydrabio Hyalu+ Sérum hidratante 30 ml,Bioderma,Rostro,Rostro,840,873.6,1050,1349,1589,1949,1099,20.51,16.8,ROJO,B,1,https://cdn.shopify.com/s/files/1/0088/1937/6188/files/3701129809334_1_8bdb62ba-64e5-447e-b38b-06808ea2f9b6.jpg,https://www.dermaexpress.com.mx/products/hydrabio-hyalu-serum-30ml,Dermaexpress
3282770390469,Avene Cleanance Sérum exfoliante renovador 30 ml,Avene,Rostro,Rostro,839,872.56,1049,1349,1589,1939,1099,20.6,16.82,ROJO,B,1,https://cdn.shopify.com/s/files/1/0088/1937/6188/files/3282770390469_1.jpg,https://www.dermaexpress.com.mx/products/avene-cleanance-serum-exfoliante-30ml,Dermaexpress
3282770393477,Avene Vitamin Activ Cg Sérum antiedad 30 ml,Avene,Rostro,Rostro,1063,1105.52,1329,1709,2019,2459,1389,20.41,16.82,ROJO,B,1,https://cdn.shopify.com/s/files/1/0088/1937/6188/files/3282770393477_1.jpg,https://www.dermaexpress.com.mx/products/avene-vitamin-activ-cg-serum-30ml,Dermaexpress
8429420261389,Isdin Isdinceutics Melaclear Advanced Sérum Antimanchas 30 ml,Isdin,Rostro,Rostro,1058.4,1100.74,1512,1699,2009,2449,1469,25.07,27.2,AMARILLO,A,1,https://cdn.shopify.com/s/files/1/0088/1937/6188/files/3337875940139_fd419ee8-321d-412c-8cd8-530caa45c8e2.avif,https://www.dermaexpress.com.mx/products/isdinceutics-melaclear-advanced,Dermaexpress
7509552932065,Vichy Rutina anti-imperfecciones Reductor de marcas,Vichy,Rostro,Rostro,565,587.6,754,909,1069,1309,739,20.49,22.07,AMARILLO,C,0,https://cdn.shopify.com/s/files/1/0088/1937/6188/files/7509552932065_1.jpg,https://www.dermaexpress.com.mx/products/rutina-anti-imperfecciones-reductor-de-marcas,Dermaexpress
3701129803455,Bioderma Photoderm Nude Touch FPS50+ tono muy claro protección solar facial 40 ml,Bioderma,Protección Solar,Solares,583,606.32,729,939,1109,1349,759,20.12,16.83,ROJO,C,0,https://cdn.shopify.com/s/files/1/0088/1937/6188/files/3701129803455_2.jpg,https://www.dermaexpress.com.mx/products/bioderma-photoderm-nude-touch-fps-50-tono-muy-claro-proteccion-solar-facial-40ml,Dermaexpress
3499320014540,Cetaphil Optimal Hydration Water Gel restaurador 48 gr,Cetaphil,Rostro,Rostro,463,481.52,545,749,879,1079,609,20.93,11.65,ROJO,B,1,https://cdn.shopify.com/s/files/1/0088/1937/6188/files/3499320014540_1.avif,https://www.dermaexpress.com.mx/products/cetaphil-optimal-hydration-water-gel-restaurador-48g,Dermaexpress
3701129805343,Bioderma Atoderm Crema hidratante ultranutritiva 500 ml,Bioderma,Rostro,Cuerpo y rostro,468,486.72,585,749,889,1089,609,20.08,16.8,ROJO,B,1,https://cdn.shopify.com/s/files/1/0088/1937/6188/files/3701129805343.jpg,https://www.dermaexpress.com.mx/products/atoderm-crema-ultra-500ml,Dermaexpress
8436571631084,Babe wet skin Fotoproteccion pediatrica spf50 200ml.,BABE,Protección Solar,Solares,649,674.96,0,1039,1229,1499,1229,45.08,0,SIN_REF,C,0,https://cdn.shopify.com/s/files/1/0088/1937/6188/files/8436571631084.jpg,https://www.dermaexpress.com.mx/products/fotoproteccion-pediatrica-wet-skin-spf50-200ml,Dermaexpress
8436571631572,Babe Fotoprotección facial super fluido matificante SPF50 50 ml,BABE,Cuerpo,Cuerpo,576,599.04,0,929,1089,1339,1089,44.99,0,SIN_REF,C,0,https://cdn.shopify.com/s/files/1/0088/1937/6188/files/8436571631572.jpg,https://www.dermaexpress.com.mx/products/fotoproteccion-facial-super-fluido-matificante-spf50-50ml,Dermaexpress
8437011329943,Babe Spray Fotoprotector Wetskin transparente SPF50 200 ml,BABE,Cuerpo,Cuerpo,649,674.96,0,1039,1229,1499,1229,45.08,0,SIN_REF,C,0,https://cdn.shopify.com/s/files/1/0088/1937/6188/files/8437011329943.jpg,https://www.dermaexpress.com.mx/products/spray-fotoprot-transp-wetskin-200ml,Dermaexpress
8437000945697,Babe Shampoo extrasuave pediátrico para cuero cabelludo 200 ml,BABE,Capilar,Cabello,249,258.96,0,399,479,579,479,45.94,0,SIN_REF,C,0,https://cdn.shopify.com/s/files/1/0088/1937/6188/files/8437000945697.jpg,https://www.dermaexpress.com.mx/products/shampoo-extrasuave-pediatrico-200ml,Dermaexpress
8437014389456,Babe Bálsamo facial pediátrico 50ml.,BABE,Cuerpo,Cuerpo,494,513.76,0,799,939,1149,939,45.29,0,SIN_REF,B,1,https://cdn.shopify.com/s/files/1/0088/1937/6188/files/8437014389456.jpg,https://www.dermaexpress.com.mx/products/balsamo-facial-pediatrico-50ml,Dermaexpress
8437011329912,Babe Jabón hidracalm corporal para piel piel sensible 500ml.,BABE,Cuerpo,Cuerpo,435,452.4,0,699,829,1009,829,45.43,0,SIN_REF,B,1,https://cdn.shopify.com/s/files/1/0088/1937/6188/files/8437011329912.jpg,https://www.dermaexpress.com.mx/products/jabon-hidracalm-corporal-500ml,Dermaexpress
8437011329905,"Babe Fluido Hidracalm corporal, Crema hidratante para piel sensible 500 ml",BABE,Rostro,Cuerpo y rostro,549,570.96,0,879,1039,1269,1039,45.05,0,SIN_REF,B,1,https://cdn.shopify.com/s/files/1/0088/1937/6188/files/8437011329905.jpg,https://www.dermaexpress.com.mx/products/fluido-hidracalm-corporal-500ml,Dermaexpress
3760201231104,"Etat Pur Activo Puro Aloe Vera, hidrata y regenera la piel 15ml.",Etat pur,Rostro,Rostro,520,540.8,0,839,989,1209,989,45.32,0,SIN_REF,C,0,https://cdn.shopify.com/s/files/1/0088/1937/6188/files/3760201231104.avif,https://www.dermaexpress.com.mx/products/etat-pur-aloe-vera-0-5-15ml,Dermaexpress
3760201231166,"Etat Pur Activo Puro D-Pantenol, fortalece e hidrata 15ml.",Etat pur,Rostro,Rostro,520,540.8,0,839,989,1209,989,45.32,0,SIN_REF,B,1,https://cdn.shopify.com/s/files/1/0088/1937/6188/files/3760201231166.avif,https://www.dermaexpress.com.mx/products/etat-pur-d-pantenol-5-15ml,Dermaexpress
3760201231203,Etat Pur Activo Puro Vitamina E 15ml.,Etat pur,Rostro,Rostro,520,540.8,0,839,989,1209,989,45.32,0,SIN_REF,B,1,https://cdn.shopify.com/s/files/1/0088/1937/6188/files/3760201231203.avif,https://www.dermaexpress.com.mx/products/etat-pur-vitamina-e-3-9-15ml,Dermaexpress
3760201231272,Etat Pur Activo Puro Própolis Sérum anti-imperfecciones 15 ml,Etat pur,Rostro,Rostro,520,540.8,0,839,989,1209,989,45.32,0,SIN_REF,B,1,https://cdn.shopify.com/s/files/1/0088/1937/6188/files/3760201231272.avif,https://www.dermaexpress.com.mx/products/etat-pur-propolis-15ml,Dermaexpress
3760201231685,Etat Pur Activo Puro Niacinamida Sérum anti-manchas 15 ml,Etat pur,Rostro,Rostro,620,644.8,0,999,1179,1439,1179,45.31,0,SIN_REF,B,1,https://cdn.shopify.com/s/files/1/0088/1937/6188/files/3760201231685.avif,https://www.dermaexpress.com.mx/products/etat-pur-niacinamida-5-15ml,Dermaexpress
3760201231180,Etat Pur Activo Puro Glabridina Sérum antimanchas oscuras 15 ml,Etat pur,Rostro,Rostro,620,644.8,0,999,1179,1439,1179,45.31,0,SIN_REF,B,1,https://cdn.shopify.com/s/files/1/0088/1937/6188/files/3760201231180.avif,https://www.dermaexpress.com.mx/products/etat-pur-glabridina-15ml,Dermaexpress
3760201231159,Etat Pur Activo Puro Ácido Salicílico Sérum anti-imperfecciones 15 ml,Etat pur,Rostro,Rostro,520,540.8,0,839,989,1209,989,45.32,0,SIN_REF,B,1,https://cdn.shopify.com/s/files/1/0088/1937/6188/files/3760201231159.avif,https://www.dermaexpress.com.mx/products/etat-pur-acido-salicilico-2-15ml,Dermaexpress
3760201231517,Etat Pur Activo Puro Ácido Glicólico Sérum renovador 15 ml,Etat pur,Rostro,Rostro,620,644.8,0,999,1179,1439,1179,45.31,0,SIN_REF,B,1,https://cdn.shopify.com/s/files/1/0088/1937/6188/files/3760201231517.avif,https://www.dermaexpress.com.mx/products/etat-pur-acido-glicolico-10-15ml,Dermaexpress
3760201231135,Etat Pur Activo Puro Ácido Cítrico Sérum iluminador 15 ml,Etat pur,Rostro,Rostro,620,644.8,0,999,1179,1439,1179,45.31,0,SIN_REF,B,1,https://cdn.shopify.com/s/files/1/0088/1937/6188/files/3760201231135.avif,https://www.dermaexpress.com.mx/products/etat-pur-acido-citrico-20-15ml,Dermaexpress
8470001769145,Isdin Isdinceutics Flavo-C Sérum Antioxidante 30 ml,Isdin,Rostro,Rostro,979.3,1018.47,1399,1569,1859,2269,1359,25.06,27.2,AMARILLO,A,1,https://cdn.shopify.com/s/files/1/0088/1937/6188/files/thumbnail_web-ar_1449_th_flavoc30ml_main_0.avif,https://www.dermaexpress.com.mx/products/isdinceutics-flavo-c-serum-30ml,Dermaexpress
8429420181014,Isdin Babynaturals Gel Shampoo para piel y cabello del bebé 400 ml,Isdin,Rostro,Cuerpo y rostro,156.1,162.34,223,249,299,369,219,25.87,27.2,AMARILLO,A,1,https://cdn.shopify.com/s/files/1/0088/1937/6188/files/8429420181014.jpg,https://www.dermaexpress.com.mx/products/babynaturals-gel-shampoo-400ml,Dermaexpress
8429420181021,Isdin Babynaturals Body Lotion Hidratante 400 ml,Isdin,Rostro,Cuerpo y rostro,248.5,258.44,355,399,469,579,349,25.95,27.2,AMARILLO,A,1,https://cdn.shopify.com/s/files/1/0088/1937/6188/files/8429420181021.jpg,https://www.dermaexpress.com.mx/products/babynaturals-body-lotion-400ml,Dermaexpress
8429420181106,Isdin Babynaturals Crema facial Hidratante diaria 50 ml,Isdin,Rostro,Rostro,147,152.88,210,239,279,339,209,26.85,27.2,AMARILLO,A,1,https://cdn.shopify.com/s/files/1/0088/1937/6188/files/8429420181106.jpg,https://www.dermaexpress.com.mx/products/babynaturals-facial-cream-50ml,Dermaexpress
8429420181151,Isdin Babynaturals Perioral Bálsamo reparador 15 ml,Isdin,Rostro,Rostro,128.1,133.22,183,209,249,299,179,25.58,27.2,AMARILLO,C,0,https://cdn.shopify.com/s/files/1/0088/1937/6188/files/8429420181151.jpg,https://www.dermaexpress.com.mx/products/babynaturals-perioral-balm-15ml,Dermaexpress
3337875863377,La Roche-Posay Effaclar Duo+ M Corrector Anti-marcas e imperfecciones 40 ml,La Roche Posay,Rostro,Rostro,711,739.44,949,1139,1349,1649,929,20.4,22.08,AMARILLO,A,1,https://cdn.shopify.com/s/files/1/0088/1937/6188/files/effaclar-m-product.webp,https://www.dermaexpress.com.mx/products/effaclar-duo-m-40ml,Dermaexpress
7509552932126,Vichy Capital soleil Protector solar anti-imperfecciones uv-clear fps50+ 40 ml + Normaderm probio-bha Sérum 5 ml + Normaderm phytosolution 7 ml,Vichy,Rostro,Rostro,461,479.44,615,739,879,1069,599,19.96,22.04,AMARILLO,C,0,https://cdn.shopify.com/s/files/1/0088/1937/6188/files/1_ba88fc5c-314a-49ed-8c8e-78bd1283bd0a.jpg,https://www.dermaexpress.com.mx/products/capital-soleil-protector-solar-anti-imperfecciones-uv-clear-fps50-40ml-normaderm-probio-bha-serum-5ml-normaderm-phytosolution-7ml,Dermaexpress
732013301729,Neostrata restore mascarilla 20g.,Neostrata,Rostro,Rostro,361,375.44,0,579,689,839,689,45.51,0,SIN_REF,A,1,https://cdn.shopify.com/s/files/1/0088/1937/6188/files/1_ee8fd867-7f63-43c9-8baa-6b8aa7eaf5ef.jpg,https://www.dermaexpress.com.mx/products/neostrata-restore-mascarilla-20g,Dermaexpress
8423372000157,Genové Pilopeptan Woman Proteokel 64 ml,Genove,Capilar,Cabello,1725,1794,2300,2759,3269,3989,2249,20.23,22,AMARILLO,B,1,https://cdn.shopify.com/s/files/1/0088/1937/6188/files/8423372000157.jpg,https://www.dermaexpress.com.mx/products/pilopeptan-woman-proteokel-4-ampolletas-64ml,Dermaexpress
3401329447809,Bioderma Hydrabio Gel-Crema hidratante facial 40 ml,Bioderma,Rostro,Rostro,544,565.76,680,879,1029,1259,709,20.2,16.8,ROJO,C,0,https://cdn.shopify.com/s/files/1/0088/1937/6188/files/3401329447809.jpg,https://www.dermaexpress.com.mx/products/bioderma-hydrabio-gel-crema-hidratante-40-ml,Dermaexpress
3760269771130,Isispharma Secalia Ato Shower Crema limpiadora para piel atópica 200 ml,Isispharma,Rostro,Cuerpo y rostro,424,440.96,530,679,809,979,559,21.12,16.8,ROJO,B,1,https://cdn.shopify.com/s/files/1/0088/1937/6188/files/SecaliaATO_ShowerCream_200_75a333fa-43a8-4acb-bdc5-1f4f0f8a5ddb.jpg,https://www.dermaexpress.com.mx/products/secalia-ato-shower-cream-200ml,Dermaexpress
3760269771093,Isispharma Secalia Ato Balm Bálsamo calmante para piel atópica 200 ml,Isispharma,Rostro,Rostro,480,499.2,600,769,909,1109,629,20.64,16.8,ROJO,B,1,https://cdn.shopify.com/s/files/1/0088/1937/6188/files/SecaliaATO_Balm_200_1ef91340-e3b5-4013-9c72-3d9c2752b1e7.jpg,https://www.dermaexpress.com.mx/products/secalia-ato-balm-200ml,Dermaexpress
3760269771086,Isispharma Secalia Ato Balm Bálsamo calmante para piel atópica 400 ml,Isispharma,Rostro,Cuerpo y rostro,640,665.6,800,1029,1219,1479,839,20.67,16.8,ROJO,B,1,https://cdn.shopify.com/s/files/1/0088/1937/6188/files/Diseno_sin_titulo_35.png,https://www.dermaexpress.com.mx/products/secalia-ato-balm-400ml,Dermaexpress
8436574363388,Cantabria Labs Heliocare 360° Mattifying Brush Polvo protector solar FPS50+ 3 gr,Cantabria Labs,Rostro,Rostro,565,587.6,665,909,1069,1309,739,20.49,11.64,ROJO,B,1,https://cdn.shopify.com/s/files/1/0088/1937/6188/files/Heliocare_360_Mattifyng_Brush_06.jpg,https://www.dermaexpress.com.mx/products/heliocare-360-mattifying-brush,Dermaexpress
3701129803448,Bioderma Photoderm Nude Touch FPS50+ con color tono claro 40 ml,Bioderma,Protección Solar,Solares,583,606.32,729,939,1109,1349,759,20.12,16.83,ROJO,B,1,https://cdn.shopify.com/s/files/1/0088/1937/6188/files/3701129803448_2.jpg,https://www.dermaexpress.com.mx/products/copy-of-bioderma-photoderm-nude-touch-fps50-40ml-color-claro,Dermaexpress
3760269771116,Isispharma Secalia Body Lotion Hidratante corporal para piel seca 200 ml,Isispharma,Rostro,Cuerpo y rostro,332,345.28,415,539,629,769,439,21.35,16.8,ROJO,B,1,https://cdn.shopify.com/s/files/1/0088/1937/6188/files/Secalia_BodyLotion_200_082d578a-a2a6-4a7e-8911-ac1be2df8782.jpg,https://www.dermaexpress.com.mx/products/secalia-body-lotion-200ml,Dermaexpress
3760269771109,Isispharma Secalia Face Cream Nutritiva y reconfortante facial 40 ml,Isispharma,Rostro,Rostro,420,436.8,525,679,799,979,549,20.44,16.8,ROJO,B,1,https://cdn.shopify.com/s/files/1/0088/1937/6188/files/Secalia_FaceCream_40_00194879-c0fd-4ce7-b393-a62cf60dc028.jpg,https://www.dermaexpress.com.mx/products/secalia-face-cream-40ml,Dermaexpress
3760269771123,Isispharma Secalia Body Lotion Hidratante para pieles secas 400 ml,Isispharma,Rostro,Rostro,440,457.6,550,709,839,1019,579,20.97,16.8,ROJO,B,1,https://cdn.shopify.com/s/files/1/0088/1937/6188/files/01.Hero_3f6aa79f-68f1-4fe8-bc07-3c750d35d774.jpg,https://www.dermaexpress.com.mx/products/secalia-body-lotion-400ml,Dermaexpress
3760269771147,Isispharma Secalia Ato Shower Crema limpiadora para piel atópica 400 ml,Isispharma,Rostro,Cuerpo y rostro,572,594.88,715,919,1089,1329,749,20.58,16.8,ROJO,B,1,https://cdn.shopify.com/s/files/1/0088/1937/6188/files/Diseno_sin_titulo_1_cb112f89-a4e8-4867-ab90-34fd5f366998.png,https://www.dermaexpress.com.mx/products/secalia-ato-shower-cream-400ml,Dermaexpress
7502002462136,Farmapiel Anacastel 5% Minoxidil solución para crecimiento capilar 60 ml,Farmapiel,Capilar,Cabello,299,310.96,0,479,569,699,569,45.35,0,SIN_REF,B,1,https://cdn.shopify.com/s/files/1/0088/1937/6188/files/AnacastelMnoxidil5.jpg,https://www.dermaexpress.com.mx/products/anacastel-5-minoxidil-solucion-60ml,Dermaexpress
3282770389234,Ducray Melascreen Contorno de ojos 15 ml,Ducray,Rostro,Rostro y cuello,719,747.76,899,1159,1359,1669,939,20.37,16.82,ROJO,B,1,https://cdn.shopify.com/s/files/1/0088/1937/6188/files/3282770389234_1.jpg,https://www.dermaexpress.com.mx/products/ducray-melascreen-contorno-de-ojos-15ml,Dermaexpress
3282770389333,Aderma Biology Hyalu Sérum reparador 3 en 1 30 ml,Aderma,Rostro,Rostro,543,564.72,679,869,1029,1259,709,20.35,16.83,ROJO,B,1,https://cdn.shopify.com/s/files/1/0088/1937/6188/files/3282770389333_1.jpg,https://www.dermaexpress.com.mx/products/a-derma-biology-hyalu-serum-3-en-1-30ml,Dermaexpress
3592610002132,Dexeryl dermolimpiador en aceite 200 ml,Avene,Rostro,Rostro,255,265.2,319,409,489,589,339,21.77,16.87,ROJO,B,1,https://cdn.shopify.com/s/files/1/0088/1937/6188/files/3592610002132.jpg,https://www.dermaexpress.com.mx/products/dexeryl-dermolimpiador-en-aceite-200ml,Dermaexpress
7703281001485,"Umbrella kids, protector solar para niños 120gr.",Italmex,Rostro,Rostro y cuello,627,652.08,784,1009,1189,1449,819,20.38,16.83,ROJO,B,1,https://cdn.shopify.com/s/files/1/0088/1937/6188/files/7703281001485_8.jpg,https://www.dermaexpress.com.mx/products/umbrella-kids-120-gr,Dermaexpress
3499320001618,Desowen Loción para pieles con dermatosis 60 ml,Galderma,Cuerpo,Cuerpo,661,687.44,0,1059,1249,1529,1249,44.96,0,SIN_REF,B,1,https://cdn.shopify.com/s/files/1/0088/1937/6188/products/DesowenLoc1200x1200.jpg,https://www.dermaexpress.com.mx/products/desowen-locion-60ml-3499320001618,Dermaexpress
816378022083,D.S Advanced Hyaluronic Booster 30ml.,D.S.,Rostro,Rostro,1001,1041.04,1252,1609,1899,2319,1309,20.47,16.85,ROJO,C,0,https://cdn.shopify.com/s/files/1/0088/1937/6188/files/816378022083_9c00de27-18aa-4341-b09c-345f0429b2e6.png,https://www.dermaexpress.com.mx/products/advanced-hyaluronic-booster-30ml,Dermaexpress
3282770153477,Darrow Actine Gel limpiador para piel grasa 140 gr,Darrow,Rostro,Rostro,223,231.92,279,359,429,519,289,19.75,16.87,ROJO,B,1,https://cdn.shopify.com/s/files/1/0088/1937/6188/files/3282770153477_1.jpg,https://www.dermaexpress.com.mx/products/darrow-active-gel-limpiador-para-piel-grasa-140g,Dermaexpress
5702191029321,Leo-Pharma Daivobet Ungüento 30 g,Leo Pharma,Cuerpo,Cuerpo,1613,1677.52,0,2589,3059,3729,3059,45.16,0,SIN_REF,B,1,https://cdn.shopify.com/s/files/1/0088/1937/6188/files/5702191008067_255e3fad-f6ac-416d-9608-feed25de0599.jpg,https://www.dermaexpress.com.mx/products/copia-de-daivobet-unguento-30-g,Dermaexpress
3031500311621,Isispharma Secalia AHA Leche emoliente para piel seca 200 ml,Isispharma,Cuerpo,Cuerpo,445,462.8,557,719,849,1029,579,20.07,16.91,ROJO,C,0,https://cdn.shopify.com/s/files/1/0088/1937/6188/files/Diseno_sin_titulo_30.png,https://www.dermaexpress.com.mx/products/secalia-aha-leche-emoliente-200ml,Dermaexpress
3760201231142,Etat Pur Activo Puro Ácido Hialurónico Sérum rellenador de arrugas 15 ml,Etat pur,Rostro,Rostro,760,790.4,0,1219,1439,1759,1439,45.07,0,SIN_REF,B,1,https://cdn.shopify.com/s/files/1/0088/1937/6188/files/3760201231142.avif,https://www.dermaexpress.com.mx/products/suero-rellenador-en-arrugas,Dermaexpress
3760201231234,Etat Pur Activo Puro Resveratrol Sérum antioxidante 15 ml,Etat pur,Rostro,Rostro,760,790.4,0,1219,1439,1759,1439,45.07,0,SIN_REF,B,1,https://cdn.shopify.com/s/files/1/0088/1937/6188/files/3760201231234.avif,https://www.dermaexpress.com.mx/products/etat-pur-a05-resveratrol-15ml,Dermaexpress
3760201231227,Etat Pur Activo Puro Péptido 4-Procolágeno Sérum reafirmante 15 ml,Etat pur,Rostro,Rostro,760,790.4,0,1219,1439,1759,1439,45.07,0,SIN_REF,B,1,https://cdn.shopify.com/s/files/1/0088/1937/6188/files/3760201231227.avif,https://www.dermaexpress.com.mx/products/etat-pur-pro-colageno-15ml,Dermaexpress
8436574361032,Cantabria Labs Endocare Radiance C Ferulic Edafence Sérum antioxidante 30 ml,Cantabria Labs,Rostro,Rostro,1122,1166.88,1320,1799,2129,2599,1459,20.02,11.6,ROJO,C,0,https://cdn.shopify.com/s/files/1/0088/1937/6188/files/Diseno_sin_titulo_1_96a9f22d-f838-4c75-bb60-7575c175389d.png,https://www.dermaexpress.com.mx/products/endocare-c-radiance-serum-30ml,Dermaexpress
8429979414571,Sesderma Sensyses cleanser sebum 200ml.,Sesderma,Rostro,Rostro,407,423.28,509,659,769,949,529,19.98,16.84,ROJO,B,1,https://cdn.shopify.com/s/files/1/0088/1937/6188/files/CLASSIC.jpg,https://www.dermaexpress.com.mx/products/sensyses-cleanser-sebum-200ml,Dermaexpress
8470003925143,Sesderma S-btses serum hidratante antiarrugas 30ml.,Sesderma,Rostro,Rostro,1008,1048.32,1260,1619,1909,2329,1319,20.52,16.8,ROJO,B,1,https://cdn.shopify.com/s/files/1/0088/1937/6188/files/8470003925143_2.jpg,https://www.dermaexpress.com.mx/products/s-btses-serum-hidratante-antiarrugas-30ml,Dermaexpress
3282770391466,Darrow Actine Oil Control Gel limpiador para piel grasa 400 gr,Darrow,Rostro,Rostro,423,439.92,529,679,799,979,549,19.87,16.84,ROJO,B,1,https://cdn.shopify.com/s/files/1/0088/1937/6188/files/3282770391466_1.jpg,https://www.dermaexpress.com.mx/products/darrow-actine-oil-control-gel-limpiador-400g,Dermaexpress
3282770391442,Darrow Actine Oil Control Gel limpiador para piel grasa 240 gr,Darrow,Rostro,Rostro,351,365.04,439,569,669,819,459,20.47,16.85,ROJO,B,1,https://cdn.shopify.com/s/files/1/0088/1937/6188/files/3282770391442_1.jpg,https://www.dermaexpress.com.mx/products/darrow-actine-oil-control-gel-limpiador-240g,Dermaexpress
3282770390070,Darrow Nutriforce Loción hidratante para piel seca 400 ml,Darrow,Rostro,Rostro,327,340.08,409,529,619,759,429,20.73,16.85,ROJO,B,1,https://cdn.shopify.com/s/files/1/0088/1937/6188/files/3282770390070_1.jpg,https://www.dermaexpress.com.mx/products/darrow-nutriforce-locion-hidratante-sin-perfume-400ml,Dermaexpress
3282770390063,Darrow Nutriforce Loción hidratante para piel seca 200 ml,Darrow,Rostro,Rostro,239,248.56,299,389,459,559,319,22.08,16.87,ROJO,B,1,https://cdn.shopify.com/s/files/1/0088/1937/6188/files/3282770390063_1.jpg,https://www.dermaexpress.com.mx/products/darrow-nutriforce-locion-hidratante-sin-perfume-200ml,Dermaexpress
3282770388596,Darrow Actine Oil Control Barra limpiadora para piel grasa 70 gr,Darrow,Rostro,Rostro,135,140.4,169,219,259,319,179,21.56,16.92,ROJO,B,1,https://cdn.shopify.com/s/files/1/0088/1937/6188/files/3282770388596_1.jpg,https://www.dermaexpress.com.mx/products/darrow-actine-oil-control-barra-70g,Dermaexpress
3461029800007,Institut Esthederm Age Proteom Suero reparador 30ml,Institut Esthederm,Rostro,Rostro,3055,3177.2,0,4889,5779,7069,5779,45.02,0,SIN_REF,B,1,https://cdn.shopify.com/s/files/1/0088/1937/6188/files/3461029800007.jpg,https://www.dermaexpress.com.mx/products/age-proteom-suero-reparador-30ml,Dermaexpress
3282770389593,Ducray Melascreen Sérum iluminador antimanchas 40 ml,Ducray,Rostro,Rostro,815,847.6,1019,1309,1549,1889,1059,19.96,16.82,ROJO,B,1,https://cdn.shopify.com/s/files/1/0088/1937/6188/files/3282770389593.jpg,https://www.dermaexpress.com.mx/products/melascreen-suero-iluminador-40ml,Dermaexpress
3282770389272,Ducray Melascreen Fluido antimanchas FPS50+ 50 ml,Ducray,Protección Solar,Solares,607,631.28,759,979,1149,1409,789,19.99,16.83,ROJO,B,1,https://cdn.shopify.com/s/files/1/0088/1937/6188/files/3282770389272.jpg,https://www.dermaexpress.com.mx/products/melascreen-fluido-fps50-50ml,Dermaexpress
3282770389197,Ducray Melascreen Concentrado antimanchas 30 ml,Ducray,Rostro,Rostro,895,930.8,1119,1439,1699,2069,1169,20.38,16.82,ROJO,B,1,https://cdn.shopify.com/s/files/1/0088/1937/6188/files/3282770389197.jpg,https://www.dermaexpress.com.mx/products/melascreen-concentrado-antimanchas-30ml,Dermaexpress
3701129805329,Bioderma Atoderm Crema hidratante ultranutritiva 200 ml,Bioderma,Cuerpo,Cuerpo,239,248.56,299,389,459,559,319,22.08,16.87,ROJO,B,1,https://cdn.shopify.com/s/files/1/0088/1937/6188/files/3701129805329.jpg,https://www.dermaexpress.com.mx/products/atoderm-crema-ultra-200-ml,Dermaexpress
3337875829007,CeraVe Sérum Retinol antimanchas e imperfecciones 30 ml,Cerave,Rostro,Rostro,449,466.96,599,719,849,1039,589,20.72,22.04,AMARILLO,A,1,https://cdn.shopify.com/s/files/1/0088/1937/6188/files/Diseno_sin_titulo_7.png,https://www.dermaexpress.com.mx/products/cerave-serum-anti-imperfecciones-30ml,Dermaexpress
8470002117181,Cantabria Labs Endocare Renewal Contorno de ojos antiedad 15 ml,Cantabria Labs,Rostro,Rostro,1024,1064.96,1205,1639,1939,2369,1339,20.47,11.62,ROJO,B,1,https://cdn.shopify.com/s/files/1/0088/1937/6188/files/EndocareRenewal_RetinolEyeContour_Tube.jpg,https://www.dermaexpress.com.mx/products/endocare-renewal-contorno-de-ojos-15ml,Dermaexpress
8429420245341,Isdin Fotoultra Redness Protector solar para piel con rosácea FPS50 50 ml,Isdin,Protección Solar,Solares,500.5,520.52,715,809,949,1159,699,25.53,27.2,AMARILLO,A,1,https://cdn.shopify.com/s/files/1/0088/1937/6188/files/ThumbnailWeb-ES_4186_TH_REDNESS_MAIN_0.jpg,https://www.dermaexpress.com.mx/products/isdin-protector-solar-fotoultra-redness-spf-50ml,Dermaexpress
3337875831888,Vichy Minéral 89 Crema hidratante 50 ml,Vichy,Rostro,Rostro,524,544.96,699,839,999,1219,689,20.91,22.04,AMARILLO,C,0,https://cdn.shopify.com/s/files/1/0088/1937/6188/files/b9b41c3b-f6b3-46fd-8927-3e764331a517.jpg,https://www.dermaexpress.com.mx/products/mineral-89-crema-50ml,Dermaexpress
3499320014281,Galderma Benzacare pH Control Limpiador antibacterial 150 ml,Galderma,Rostro,Rostro,259,269.36,346,419,489,599,339,20.54,22.15,AMARILLO,C,0,https://cdn.shopify.com/s/files/1/0088/1937/6188/files/3499320014281_1.jpg,https://www.dermaexpress.com.mx/products/benzacare-ph-control-limpiador-antibacterial-150ml,Dermaexpress
745853456757,Isispharma Kit-Teen Gel 150 ml + Uveblock SPF50+ Dry Touch 40 ml,Isispharma,Protección Solar,Solares,537,558.48,672,859,1019,1249,699,20.1,16.89,ROJO,B,1,https://cdn.shopify.com/s/files/1/0088/1937/6188/files/0745853456757_1.jpg,https://www.dermaexpress.com.mx/products/kit-teen-gel-150ml-uveblock-spf50-dry-touch-40ml,Dermaexpress
745853542511,Isispharma Kit-Teen Derm Gel Sensitive 250 ml + Teen Derm AZ 30 ml,Isispharma,Rostro,Rostro,830,863.2,1038,1329,1569,1919,1079,20,16.84,ROJO,C,0,https://cdn.shopify.com/s/files/1/0088/1937/6188/files/745853542511_1.jpg,https://www.dermaexpress.com.mx/products/kit-teen-derm-gel-sensitive-250ml-teen-derm-a-z,Dermaexpress
3401399521270,Isispharma Ilcapil Kr Shampoo anti caspa 150 ml,Isispharma,Capilar,Cabello,440,457.6,550,709,839,1019,579,20.97,16.8,ROJO,B,1,https://cdn.shopify.com/s/files/1/0088/1937/6188/files/Diseno_sin_titulo_4_bdb2f1e8-561d-401f-904b-8b7cdcbfb22f.png,https://www.dermaexpress.com.mx/products/ilcapil-kr-shampoo-150ml,Dermaexpress
3499320014298,Galderma Benzacare Microbioma Equalizer Loción hidratante de uso diario 50 ml,Galderma,Rostro,Rostro,374,388.96,499,599,709,869,489,20.46,22.05,AMARILLO,C,0,https://cdn.shopify.com/s/files/1/0088/1937/6188/files/3499320014298.jpg,https://www.dermaexpress.com.mx/products/benzacare-microbioma-equalizer-locion-hidratante-de-uso-diario-50ml,Dermaexpress
3282770155181,Avene Xeracalm Nutrition Leche hidratante 400 ml,Avene,Cuerpo,Cuerpo,519,539.76,649,839,989,1199,679,20.51,16.83,ROJO,C,0,https://cdn.shopify.com/s/files/1/0088/1937/6188/files/3282770155181AVXERACALMNUTRLAIT400ML.jpg,https://www.dermaexpress.com.mx/products/xeracalm-nutrition-leche-400ml,Dermaexpress
3282770155174,Avene XeraCalm Nutrition leche hidratante 200 ml,Avene,Cuerpo,Cuerpo,375,390,469,599,709,869,489,20.25,16.84,ROJO,B,1,https://cdn.shopify.com/s/files/1/0088/1937/6188/files/3282770155174AVXERACALMNUTRLAIT200ML.jpg,https://www.dermaexpress.com.mx/products/xeracalm-nutrition-leche-200ml,Dermaexpress
3282770155105,Avene Xeracalm Nutrition Gel limpiador 500 ml,Avene,Cuerpo,Cuerpo,580,603.2,726,929,1099,1349,759,20.53,16.91,ROJO,B,1,https://cdn.shopify.com/s/files/1/0088/1937/6188/files/3282770155105AVXERACALMNUTGEL500ML.png,https://www.dermaexpress.com.mx/products/xeracalm-nutrition-gel-500ml,Dermaexpress
3282770153217,Avene Hyaluron Activ B3 Contorno de ojos antiedad 15 ml,Avene,Rostro,Rostro,879,914.16,1099,1409,1669,2039,1149,20.44,16.82,ROJO,C,0,https://cdn.shopify.com/s/files/1/0088/1937/6188/files/3282770153217_2.jpg,https://www.dermaexpress.com.mx/products/hyaluron-yeux-15ml,Dermaexpress
3282770153200,Avene Hyaluron Activ B3 Crema de noche multi-intensiva 40 ml,Avene,Rostro,Rostro,1039,1080.56,1299,1669,1969,2409,1359,20.49,16.82,ROJO,B,1,https://cdn.shopify.com/s/files/1/0088/1937/6188/files/3282770153200_2.jpg,https://www.dermaexpress.com.mx/products/hyaluron-active-b3-crema-de-noche-multi-intensiva-40ml,Dermaexpress
3282770153101,Avene Hyaluron Activ B3 Sérum antiarrugas 30 ml,Avene,Rostro,Rostro,1063,1105.52,1329,1709,2019,2459,1389,20.41,16.82,ROJO,B,1,https://cdn.shopify.com/s/files/1/0088/1937/6188/files/3282770153101_2.jpg,https://www.dermaexpress.com.mx/products/hyaluron-activ-b3-serum-30ml,Dermaexpress
7501124183462,Panalab Removere Crema regeneradora 30 gr,Panalab,Cuerpo,Cuerpo,1378,1433.12,0,2209,2609,3189,2609,45.07,0,SIN_REF,B,1,https://cdn.shopify.com/s/files/1/0088/1937/6188/files/7501124183462.1.jpg,https://www.dermaexpress.com.mx/products/removere-gel-crema-regenerador-30gr,Dermaexpress
8904091189120,Glenmark Lasderma Active Crema despigmentante 20 gr,Glenmark,Cuerpo,Cuerpo,992,1031.68,0,1589,1879,2299,1879,45.09,0,SIN_REF,B,1,https://cdn.shopify.com/s/files/1/0088/1937/6188/files/LasdermaActiveCremaCRT20gMX.jpg,https://www.dermaexpress.com.mx/products/lasderma-active-crema-despigmentante-20-gr,Dermaexpress
7502002461085,Farmapiel Dermatopic Crema humectante 250 gr,Farmapiel,Cuerpo,Cuerpo,290,301.6,0,469,549,679,549,45.06,0,SIN_REF,B,1,https://cdn.shopify.com/s/files/1/0088/1937/6188/products/7502002461085.jpg,https://www.dermaexpress.com.mx/products/dermatopic-crema-humectante-250gr-7502002461085,Dermaexpress
3337875784054,CeraVe Limpiador control de imperfecciones 236 ml,Cerave,Rostro,Rostro,359,373.36,479,579,679,829,469,20.39,22.05,AMARILLO,A,1,https://cdn.shopify.com/s/files/1/0088/1937/6188/files/Diseno_sin_titulo_5.png,https://www.dermaexpress.com.mx/products/cerave-limpiador-control-imperfecciones-236ml,Dermaexpress
8904091150496,Glenmark Tabitral Crema 0.05% 30 gr,Glenmark,Cuerpo,Cuerpo,722,750.88,0,1159,1369,1669,1369,45.15,0,SIN_REF,B,1,https://cdn.shopify.com/s/files/1/0088/1937/6188/files/Tabitral0.05_CRT30gMX.jpg,https://www.dermaexpress.com.mx/products/tabitral-crema-0-05-tubo-30-gr,Dermaexpress
816378021352,D.S Spectral Brow Sérum revitalizante para cejas 2.4 ml,D.S.,Rostro,Rostro,1167,1213.68,1459,1869,2209,2699,1519,20.1,16.81,ROJO,B,1,https://cdn.shopify.com/s/files/1/0088/1937/6188/files/816378021352-2.png,https://www.dermaexpress.com.mx/products/spectral-brow-4-ml,Dermaexpress
7506200700021,Glenmark Uretiv 10% Crema 150 ml,Glenmark,Cuerpo,Cuerpo,381,396.24,0,609,729,889,729,45.65,0,SIN_REF,B,1,https://cdn.shopify.com/s/files/1/0088/1937/6188/files/UretivCRT150mLMX.jpg,https://www.dermaexpress.com.mx/products/uretiv-10-crema-tubo-de-150-ml,Dermaexpress
3401352000637,Noreva Sensidiane crema calmante ligera 40ml.,NOREVA,Rostro,Rostro,470,488.8,0,759,889,1089,889,45.02,0,SIN_REF,B,1,https://cdn.shopify.com/s/files/1/0088/1937/6188/products/38_SENSIDIANE_Crema_Pieles_Normales._Textura_ligera.jpg,https://www.dermaexpress.com.mx/products/sensidiaen-crema-ligera-p-normal-40ml,Dermaexpress
3760095252926,ACM Sedacalm Shampoo calmante para cuero cabelludo sensible 200 ml,ACM,Capilar,Cabello,500,520,0,799,949,1159,949,45.21,0,SIN_REF,C,0,https://cdn.shopify.com/s/files/1/0088/1937/6188/products/SedacalmShampoo.jpg,https://www.dermaexpress.com.mx/products/sedacalm-shampoo-calmante-200ml,Dermaexpress
3760095252933,ACM Sedacalm Crema calmante para piel adulta 120 ml,ACM,Cuerpo,Cuerpo,500,520,0,799,949,1159,949,45.21,0,SIN_REF,B,1,https://cdn.shopify.com/s/files/1/0088/1937/6188/products/SedacalmCrema.jpg,https://www.dermaexpress.com.mx/products/sedacalm-crema-calmante-120ml,Dermaexpress
7640137610104,Genové Quasix Gel antienrojecimiento para piel seca y mixta 30 gr,Genove,Rostro,Rostro,450,468,600,719,859,1039,589,20.54,22,AMARILLO,B,1,https://cdn.shopify.com/s/files/1/0088/1937/6188/products/Adaptaciones-41.jpg,https://www.dermaexpress.com.mx/products/quasix-gel-30gr,Dermaexpress
7502002460712,Farmapiel Perfect Main Cells Ojos +45 Gel contorno de ojos antiedad 15 gr,Farmapiel,Rostro,Rostro,990,1029.6,0,1589,1879,2289,1879,45.2,0,SIN_REF,B,1,https://cdn.shopify.com/s/files/1/0088/1937/6188/products/7502002460712_1.jpg,https://www.dermaexpress.com.mx/products/pmc©-cells-ojos-45-gel-15gr-7502002460712,Dermaexpress
7502002460705,Farmapiel Perfect Main Cells Cream FPS50+ Ideal para pieles maduras 50 gr,Farmapiel,Rostro,Rostro,1290,1341.6,0,2069,2439,2989,2439,44.99,0,SIN_REF,B,1,https://cdn.shopify.com/s/files/1/0088/1937/6188/products/7502002460705.jpg,https://www.dermaexpress.com.mx/products/pmc©-intelligent-cells-cream-45-50gr-7502002460705,Dermaexpress
7501258208901,Advaita Leneda Gel 3% 30 g,Advaita,Rostro,Rostro,1033,1074.32,0,1659,1959,2389,1959,45.16,0,SIN_REF,B,1,https://cdn.shopify.com/s/files/1/0088/1937/6188/products/CLeneda0_330gGel.jpg,https://www.dermaexpress.com.mx/products/leneda-gel-30gr-3,Dermaexpress
7501258208697,Advaita Leneda Gel 1% 30 gr,Advaita,Rostro,Rostro,730,759.2,0,1169,1389,1689,1389,45.34,0,SIN_REF,B,1,https://cdn.shopify.com/s/files/1/0088/1937/6188/products/CLeneda0_130gGel.jpg,https://www.dermaexpress.com.mx/products/leneda-gel-30gr-7501258208697,Dermaexpress
3337871320362,Vichy Homme desodorante Antitranspirante regulación intensa 50 ml,Vichy,Cuerpo,Cuerpo,449,466.96,599,719,849,1039,589,20.72,22.04,AMARILLO,A,1,https://cdn.shopify.com/s/files/1/0088/1937/6188/files/74d726c7-17cb-46ba-9d53-0b2f849a78fd.jpg,https://www.dermaexpress.com.mx/products/homme-desodorante-50ml-3337871320362,Dermaexpress
8470002024434,Cantabria Labs Heliocare 360° Sport Transparent Stick Protector solar FPS50+ 25 gr,Cantabria Labs,Protección Solar,Solares,501,521.04,590,809,949,1159,659,20.93,11.69,ROJO,B,1,https://cdn.shopify.com/s/files/1/0088/1937/6188/products/FT-H360SportStick1600px72dpis-1.jpg,https://www.dermaexpress.com.mx/products/heliocare-360-sport-transparent-stick-25-g,Dermaexpress
7705849004143,Italmex Glicolic Shampoo para piel Suaviza y limpia 240 ml,Italmex,Cuerpo,Cuerpo,828,861.12,1035,1329,1569,1919,1079,20.19,16.8,ROJO,B,1,https://cdn.shopify.com/s/files/1/0088/1937/6188/products/7705849004143.jpg,https://www.dermaexpress.com.mx/products/glicolic-shampoo-240ml-7705849004143,Dermaexpress
8423372830204,Genové Genosun Oral Suplemento alimenticio 30 tabs,Genove,Protección Solar,Solares,900,936,1200,1439,1709,2079,1169,19.93,22,AMARILLO,C,0,https://cdn.shopify.com/s/files/1/0088/1937/6188/products/8423372830204.jpg,https://www.dermaexpress.com.mx/products/genosun-oral-tabletas-c-30-8423372830204,Dermaexpress
4005800178375,Eucerin pH5 Syndet Gel de baño para piel sensible 400 ml,Eucerin,Cuerpo,Cuerpo,280,291.2,401,449,529,649,389,25.14,27.38,AMARILLO,A,1,https://cdn.shopify.com/s/files/1/0088/1937/6188/files/4005800178375_2.jpg,https://www.dermaexpress.com.mx/products/eucerin-syndet-gel-ducha-400ml-eucerin-synder,Dermaexpress
4005800630958,Eucerin pH5 Jabón de higiene íntima para piel sensible 250 ml,Eucerin,Cuerpo,Cuerpo,241,250.64,345,389,459,559,339,26.06,27.35,AMARILLO,A,1,https://cdn.shopify.com/s/files/1/0088/1937/6188/files/4005800630958_2.jpg,https://www.dermaexpress.com.mx/products/eucerin-higiene-intima-de-250ml-4005800630958,Dermaexpress
3433422406599,La Roche-Posay Toleriane Dermolimpiador Limpiador facial desmaquillante para piel sensible o con alergia 200 ml,La Roche Posay,Rostro,Rostro,584,607.36,779,939,1109,1349,759,19.98,22.03,AMARILLO,C,0,https://cdn.shopify.com/s/files/1/0088/1937/6188/files/747334f7-44ab-4daf-b983-4e11dbb4ff08.jpg,https://www.dermaexpress.com.mx/products/toleriane-dermo-limpiador-200ml,Dermaexpress
7703281002475,Italmex Umbrella Perfect Skin SPF50+ Tono oscuro Para todo tipo de piel 50 gr,Italmex,Protección Solar,Solares,651,677.04,814,1049,1239,1509,849,20.25,16.83,ROJO,B,1,https://cdn.shopify.com/s/files/1/0088/1937/6188/files/7703281002475_8.jpg,https://www.dermaexpress.com.mx/products/umbrella-perfect-skin-tono-oscuro-50gr,Dermaexpress
8470001866608,Cantabria Labs Heliocare 360° Invisible Spray Protector solar FPS50+ 200 ml,Cantabria Labs,Protección Solar,Solares,650,676,765,1039,1229,1509,849,20.38,11.63,ROJO,B,1,https://cdn.shopify.com/s/files/1/0088/1937/6188/products/Heliocare360_InvisibleSpray_Bottle.jpg,https://www.dermaexpress.com.mx/products/heliocare-360-invisible-spray-spf-50,Dermaexpress
8423372021138,Genové Genovan Extrem Family Protector solar corporal 400 ml,Genove,Protección Solar,Solares,795,826.8,1060,1279,1509,1839,1039,20.42,22,AMARILLO,B,1,https://cdn.shopify.com/s/files/1/0088/1937/6188/products/8423372021138.jpg,https://www.dermaexpress.com.mx/products/genovan-extrem-family-400ml-8423372021138,Dermaexpress
7503015500211,Euderma Eudermin Jabón líquido emoliente 240 ml,Euderma,Cuerpo,Cuerpo,392,407.68,0,629,749,909,749,45.57,0,SIN_REF,B,1,https://cdn.shopify.com/s/files/1/0088/1937/6188/products/Eudermin_de_frente.jpg,https://www.dermaexpress.com.mx/products/eudermin-jabon-240ml,Dermaexpress
7503015500099,Euderma Glicoexfol Crema exfoliante al 20% 60 gr,Euderma,Rostro,Rostro,503,523.12,0,809,959,1169,959,45.45,0,SIN_REF,B,1,https://cdn.shopify.com/s/files/1/0088/1937/6188/products/Adaptaciones-45_2c2ee568-6e27-4946-bc28-96d1652d611b.jpg,https://www.dermaexpress.com.mx/products/glicoexfol-20-crema-60gr,Dermaexpress
7503015500075,Euderma Glicoexfol Exfoliante en gránulos 120 gr,Euderma,Rostro,Rostro,328,341.12,0,529,629,759,629,45.77,0,SIN_REF,B,1,https://cdn.shopify.com/s/files/1/0088/1937/6188/products/7503015500075.jpg,https://www.dermaexpress.com.mx/products/glicoexfol-granulos-120gr-7503015500075,Dermaexpress
4005900994776,Eucerin Sun Hydro Fluid FPS50+ Protector Solar Facial Ligero 50 ml,Eucerin,Protección Solar,Solares,467,485.68,668,749,889,1079,649,25.16,27.29,AMARILLO,A,1,https://cdn.shopify.com/s/files/1/0088/1937/6188/files/4005900994776_2.jpg,https://www.dermaexpress.com.mx/products/eucerin-sun-hydro-protec-ultra-fluid-50ml,Dermaexpress
7503015500198,Euderma Euarbutin Crema despigmentante 30 gr,Euderma,Rostro,Rostro,604,628.16,0,969,1149,1399,1149,45.33,0,SIN_REF,B,1,https://cdn.shopify.com/s/files/1/0088/1937/6188/products/7503015500198.jpg,https://www.dermaexpress.com.mx/products/euarbutin-crema-30gr-7503015500198,Dermaexpress
7501054540731,Eucerin pH5 Crema corporal intensiva para piel seca y sensible 450 ml,Eucerin,Cuerpo,Cuerpo,381,396.24,545,609,729,889,529,25.1,27.3,AMARILLO,A,1,https://cdn.shopify.com/s/files/1/0088/1937/6188/files/7501054540731_2.jpg,https://www.dermaexpress.com.mx/products/eucerin-ph5-crema-intensiva-de-450ml-7501054540731,Dermaexpress
3282770108453,Ducray Hidrosis Control Roll-on antitranspirante 40 ml,Ducray,Cuerpo,Cuerpo,415,431.6,519,669,789,959,539,19.93,16.84,ROJO,B,1,https://cdn.shopify.com/s/files/1/0088/1937/6188/products/3282770108453_Hidrosis-Roll-On-2_copia.jpg,https://www.dermaexpress.com.mx/products/antitranspirante-hidrosis-control-roll-on-40-ml,Dermaexpress
3760095250441,ACM Depiwhite Avanzado Crema intensiva anti-manchas 40 ml,ACM,Rostro,Rostro,675,702,0,1079,1279,1559,1279,45.11,0,SIN_REF,B,1,https://cdn.shopify.com/s/files/1/0088/1937/6188/products/DEPIWHITE-ADV-CREMA-40-ML.jpg,https://www.dermaexpress.com.mx/products/depiwhite-crema-despigmentante-40ml-3760095250441,Dermaexpress
3337871322694,Vichy Capital soleil fps50+ Protector solar facial y corporal 300 ml,Vichy,Protección Solar,Solares,749,778.96,999,1199,1419,1739,979,20.43,22.03,AMARILLO,A,1,https://cdn.shopify.com/s/files/1/0088/1937/6188/files/f60b0db5-3e5c-4fa3-a073-eda6d09c7561.jpg,https://www.dermaexpress.com.mx/products/capital-soleil-50-family-300ml-3337871322694,Dermaexpress
3701129803462,Bioderma Photoderm Nude Touch Protector solar facial FPS50+ con color tono dorado 40 ml,Bioderma,Protección Solar,Solares,583,606.32,729,939,1109,1349,759,20.12,16.83,ROJO,B,1,https://cdn.shopify.com/s/files/1/0088/1937/6188/files/3701129803462_2.jpg,https://www.dermaexpress.com.mx/products/bioderma-photoderm-nude-touch-fps50-40ml-color-dorado,Dermaexpress
3401528546341,Bioderma Atoderm SOS Spray anti-comezón 200 ml,Bioderma,Cuerpo,Cuerpo,664,690.56,830,1069,1259,1539,869,20.53,16.8,ROJO,B,1,https://cdn.shopify.com/s/files/1/0088/1937/6188/products/3401528546341.jpg,https://www.dermaexpress.com.mx/products/bioderma-atoderm-sos-spray-200ml,Dermaexpress
8429420171749,Isdin Bexident Aftas Gel 8 ml,Isdin,Rostro,Rostro,214.2,222.77,306,349,409,499,299,25.49,27.2,AMARILLO,C,0,https://cdn.shopify.com/s/files/1/0088/1937/6188/products/8429420171749.jpg,https://www.dermaexpress.com.mx/products/bexident-aftas-gel-8ml,Dermaexpress
3282770073126,Avene desmaquillante bifásico para ojos 125 ml,Avene,Rostro,Rostro,423,439.92,529,679,799,979,549,19.87,16.84,ROJO,C,0,https://cdn.shopify.com/s/files/1/0088/1937/6188/products/3282770073126_grande_c85cdcdc-1a6f-4d7a-a992-93ea2141a5ba.jpg,https://www.dermaexpress.com.mx/products/desmaquillante-bifasico-ojos-125ml-3282770073126,Dermaexpress
3401321207487,Noreva Aquareva crema hidratante ligera de día 40ml.,NOREVA,Rostro,Rostro,650,676,0,1039,1229,1509,1229,45,0,SIN_REF,B,1,https://cdn.shopify.com/s/files/1/0088/1937/6188/products/9_AQUAREVA_Crema_Hidratante_Facial_de_Dia_textura_ligera.jpg,https://www.dermaexpress.com.mx/products/aquareva-crema-de-dia-40ml,Dermaexpress
3337875696838,La Roche-Posay Protector Solar Anthelios Spray Invisible FPS 50+ Corporal en spray 200 ml,La Roche Posay,Protección Solar,Solares,645,670.8,860,1039,1219,1499,839,20.05,22,AMARILLO,C,0,https://cdn.shopify.com/s/files/1/0088/1937/6188/products/3337875696838_A.jpg,https://www.dermaexpress.com.mx/products/anthelios-spray-invisible-fps-50-de-200ml,Dermaexpress
3571940001299,Noreva Actipur Crema para Piel Grasa Color Dorado 30 ml,NOREVA,Rostro,Rostro,680,707.2,0,1089,1289,1579,1289,45.14,0,SIN_REF,B,1,https://cdn.shopify.com/s/files/1/0088/1937/6188/products/3_ACTIPUR_Crema_BB_Color_Dorado_Anti-imperfecciones_Matificante_caja_copia.jpg,https://www.dermaexpress.com.mx/products/actipur-crema-30ml-color-dorado-3571940001299,Dermaexpress
3337875807043,La Roche-Posay Toleriane Rosaliac Concentrate Crema hidratante anti-rojeces 40 ml,La Roche Posay,Rostro,Rostro,524,544.96,699,839,999,1219,689,20.91,22.04,AMARILLO,A,1,https://cdn.shopify.com/s/files/1/0088/1937/6188/files/c3a63a2e-8167-4d5b-8868-024540b77207.jpg,https://www.dermaexpress.com.mx/products/la-roche-posay-toleriane-rosaliac-para-piel-seca-sensible-40ml,Dermaexpress
3337875837149,Vichy Capital soleil uv-clear Protector solar anti-imperfecciones fps50 40 ml,Vichy,Protección Solar,Solares,561,583.44,749,899,1069,1299,729,19.97,22.1,AMARILLO,A,1,https://cdn.shopify.com/s/files/1/0088/1937/6188/files/3337875837149_12.jpg,https://www.dermaexpress.com.mx/products/vichy-protector-solar-anti-imperfecciones-uv-clear-fps-50,Dermaexpress
4005808583348,Eucerin Dermatoclean Gel limpiador facial para piel normal a mixta 200 ml,Eucerin,Rostro,Rostro,363,377.52,519,589,689,839,509,25.83,27.26,AMARILLO,A,1,https://cdn.shopify.com/s/files/1/0088/1937/6188/files/4005808583348_1.jpg,https://www.dermaexpress.com.mx/products/eucerin-dermatoclean-gel-limpiador-facial-200ml-4005808583348,Dermaexpress
4005900998385,Eucerin Anti-Pigment Crema Facial Anti-ojeras 15 ml,Eucerin,Rostro,Rostro,720,748.8,1029,1159,1369,1669,999,25.05,27.23,AMARILLO,A,1,https://cdn.shopify.com/s/files/1/0088/1937/6188/files/4005900998385_1.jpg,https://www.dermaexpress.com.mx/products/eucerin-anti-pigment-anti-ojeras-15ml,Dermaexpress
7703281002451,Italmex Umbrella Urban SPF50 Fotoprotector antioxidante y antipolución 50 gr,Italmex,Protección Solar,Solares,627,652.08,784,1009,1189,1449,819,20.38,16.83,ROJO,C,0,https://cdn.shopify.com/s/files/1/0088/1937/6188/files/7703281002451_7.jpg,https://www.dermaexpress.com.mx/products/umbrella-urban,Dermaexpress
4005900996169,Eucerin Sun Kids Protector solar para niños FPS50+ 200 ml,Eucerin,Protección Solar,Solares,489,508.56,699,789,929,1139,679,25.1,27.24,AMARILLO,A,1,https://cdn.shopify.com/s/files/1/0088/1937/6188/files/59331aee-614e-44f6-8379-9370b2907ab1.jpg,https://www.dermaexpress.com.mx/products/eucerin-sun-kids-toque-seco-200ml,Dermaexpress
8470001654557,Isdin Fotoprotector Compacto Color bronce FPS50+ 10 gr,Isdin,Protección Solar,Solares,515.9,536.54,737,829,979,1199,719,25.38,27.2,AMARILLO,C,0,https://cdn.shopify.com/s/files/1/0088/1937/6188/products/847000165455_1.jpg,https://www.dermaexpress.com.mx/products/isdin-50-compacto-10gr-color-bronce-8470001654557,Dermaexpress
8470001875815,Isdin Germisdin Gel de ducha Hidratante 500 ml,Isdin,Cuerpo,Cuerpo,324.8,337.79,464,519,619,759,459,26.41,27.2,AMARILLO,A,1,https://cdn.shopify.com/s/files/1/0088/1937/6188/products/8470001875815.jpg,https://www.dermaexpress.com.mx/products/germisdin-aloe-vera-gel-de-ducha-500-ml,Dermaexpress
3401397588794,Isispharma Sensylia 24hr Crema hidratante para pieles sensibles y deshidratadas 40 ml,Isispharma,Rostro,Rostro,520,540.8,650,839,989,1209,679,20.35,16.8,ROJO,B,1,https://cdn.shopify.com/s/files/1/0088/1937/6188/files/Diseno_sin_titulo_29.png,https://www.dermaexpress.com.mx/products/sensylia-24h-crema-hidratante-40ml,Dermaexpress
3282770073355,Ducray Dexyan Crema reparadora para piel atópica 100 ml,Ducray,Cuerpo,Cuerpo,439,456.56,549,709,839,1019,579,21.15,16.84,ROJO,B,1,https://cdn.shopify.com/s/files/1/0088/1937/6188/products/3282770073355_1.jpg,https://www.dermaexpress.com.mx/products/dexyane-med-crema-100ml-3282770073355,Dermaexpress
3337875762250,Vichy Capital soleil eco-solar fps50+ Protector solar corporal hidratante 200 ml,Vichy,Protección Solar,Solares,599,622.96,799,959,1139,1389,779,20.03,22.03,AMARILLO,A,1,https://cdn.shopify.com/s/files/1/0088/1937/6188/files/1312312.jpg,https://www.dermaexpress.com.mx/products/capital-soleil-corporal-eco-milk-200ml,Dermaexpress
3337875725897,La Roche-Posay Agua Micelar Bifásica Ultra Desmaquillante para piel sensible 400 ml,La Roche Posay,Rostro,Rostro,674,700.96,899,1079,1279,1559,879,20.25,22.03,AMARILLO,A,1,https://cdn.shopify.com/s/files/1/0088/1937/6188/files/7087796a-6937-4fb7-b5f9-78a8ec03dda3.jpg,https://www.dermaexpress.com.mx/products/agua-micelar-bifasica-ultra-400ml,Dermaexpress
3282776071157,Avene Protector solar FPS50+ color dorado 10 gr,Avene,Protección Solar,Solares,623,647.92,779,999,1179,1439,809,19.91,16.83,ROJO,B,1,https://cdn.shopify.com/s/files/1/0088/1937/6188/products/3282776367045_Avene_maquillaje_corrrector_arena_FPS_50_10GR.jpg,https://www.dermaexpress.com.mx/products/bloqueador-compacto-fps50-10gr-color-dorado-3282776071157,Dermaexpress
7502224220040,Cell Pharma Kitocream Crema cicatrizante 30 gr,Cell Pharma,Cuerpo,Cuerpo,1189,1236.56,0,1909,2249,2749,2249,45.02,0,SIN_REF,C,0,https://cdn.shopify.com/s/files/1/0088/1937/6188/products/7502002461528.jpg,https://www.dermaexpress.com.mx/products/kitocream-30gr,Dermaexpress
3401353725164,Isispharma Keloplast Cracks Crema reparadora de grietas en talones pies y manos 40 ml,Isispharma,Rostro,Rostro,391,406.64,489,629,739,909,509,20.11,16.84,ROJO,C,0,https://cdn.shopify.com/s/files/1/0088/1937/6188/products/GeneskinCracks.jpg,https://www.dermaexpress.com.mx/products/keloplast-cracks-crema-reparadora-40ml,Dermaexpress
7501273500585,Remexa-oleoderm baby Jabón 120 gr,Remexa,Cuerpo,Cuerpo,259,269.36,0,419,489,599,489,44.92,0,SIN_REF,B,1,https://cdn.shopify.com/s/files/1/0088/1937/6188/products/7501273500585.jpg,https://www.dermaexpress.com.mx/products/oleoderm-baby-jabon-120gr-7501273500585,Dermaexpress
7501273500530,Remexa Aqua Soap Barra 120gr,Remexa,Cuerpo,Cuerpo,529,550.16,0,849,1009,1229,1009,45.47,0,SIN_REF,C,0,https://cdn.shopify.com/s/files/1/0088/1937/6188/products/7501273500530.jpg,https://www.dermaexpress.com.mx/products/aqua-soap-barra-120gr-7501273500530,Dermaexpress
7501273500080,Remexa Dermobras crema 65 gr,Remexa,Rostro,Rostro,589,612.56,0,949,1119,1369,1119,45.26,0,SIN_REF,C,0,https://cdn.shopify.com/s/files/1/0088/1937/6188/products/Adaptaciones-33.jpg,https://www.dermaexpress.com.mx/products/dermobras-crema-65gr-7501273500080,Dermaexpress
5701943013809,Italmex Perspirex Loción manos y pies 100 ml,Italmex,Cuerpo,Cuerpo,872,906.88,1090,1399,1649,2019,1139,20.38,16.8,ROJO,B,1,https://cdn.shopify.com/s/files/1/0088/1937/6188/products/Adaptaciones-05.jpg,https://www.dermaexpress.com.mx/products/perspirex-locion-100ml-5701943013809,Dermaexpress
8429420135185,Isdin Fotoprotector Mineral Brush FPS50 4 gr,Isdin,Protección Solar,Solares,704.2,732.37,1006,1129,1339,1629,979,25.19,27.2,AMARILLO,A,1,https://cdn.shopify.com/s/files/1/0088/1937/6188/products/8429420135185.jpg,https://www.dermaexpress.com.mx/products/isdinceutics-mineral-brush-4g,Dermaexpress
7502224225021,Cell Pharma Accua aseptic spray 240ml.,Cell Pharma,Cuerpo,Cuerpo,315,327.6,0,509,599,729,599,45.31,0,SIN_REF,B,1,https://cdn.shopify.com/s/files/1/0088/1937/6188/products/Accua.jpg,https://www.dermaexpress.com.mx/products/accua-aseptic-spray-240ml,Dermaexpress
3760095250410,ACM Novophane Shampoo anti-caída 200 ml,ACM,Capilar,Cabello,490,509.6,0,789,929,1139,929,45.15,0,SIN_REF,B,1,https://cdn.shopify.com/s/files/1/0088/1937/6188/products/NOVOPHANE-ENERGIZANTE-CHAMPU-200-ML.jpg,https://www.dermaexpress.com.mx/products/novophane-shampoo-200ml-3760095250410,Dermaexpress
3571940001602,Noreva Actipur Crema para Piel Grasa Color Claro 30 ml,NOREVA,Rostro,Rostro,680,707.2,0,1089,1289,1579,1289,45.14,0,SIN_REF,B,1,https://cdn.shopify.com/s/files/1/0088/1937/6188/products/2_ACTIPUR_Crema_BB_Color_Claro_Anti-imperfecciones_Matificante_caja_copia.jpg,https://www.dermaexpress.com.mx/products/actipur-crema-30ml-color-claro-3571940001602,Dermaexpress
7501273500394,Remexa-prespir Líquido antitranspirante y desodorante 40 ml,Remexa,Cuerpo,Cuerpo,569,591.76,0,919,1079,1319,1079,45.16,0,SIN_REF,B,1,https://cdn.shopify.com/s/files/1/0088/1937/6188/products/Adaptaciones-53.jpg,https://www.dermaexpress.com.mx/products/prespir-liquido-40ml-7501273500394,Dermaexpress
705105259505,DS Nia Acondicionador capilar 205 ml,D.S.,Capilar,Cabello,514,534.56,643,829,979,1189,669,20.1,16.86,ROJO,B,1,https://cdn.shopify.com/s/files/1/0088/1937/6188/files/705105259505.png,https://www.dermaexpress.com.mx/products/nia-acondicionador-205ml,Dermaexpress
689076327190,DS Oligo DX Gel anticelulítico 150 ml,D.S.,Cuerpo,Cuerpo,691,718.64,864,1109,1309,1599,899,20.06,16.82,ROJO,C,0,https://cdn.shopify.com/s/files/1/0088/1937/6188/files/689076327190.png,https://www.dermaexpress.com.mx/products/oligo-dx-gel-150ml-689076327190,Dermaexpress
3433422404366,La Roche-Posay Effaclar Crema limpiadora para piel grasa 125 ml,La Roche Posay,Rostro,Rostro,674,700.96,899,1079,1279,1559,879,20.25,22.03,AMARILLO,A,1,https://cdn.shopify.com/s/files/1/0088/1937/6188/files/4976d526-ef3b-49ee-9d90-b4492d8eee50.jpg,https://www.dermaexpress.com.mx/products/effaclar-crema-espumosa-125ml-3433422404366,Dermaexpress
3760269770348,Isispharma Suavigel Gel crema calmante para pieles irritadas 30 ml,Isispharma,Rostro,Rostro,376,391.04,470,609,719,869,489,20.03,16.8,ROJO,B,1,https://cdn.shopify.com/s/files/1/0088/1937/6188/files/3760269770348.jpg,https://www.dermaexpress.com.mx/products/suavigel-gel-crema-calmante-30ml,Dermaexpress
3701129804995,Bioderma Sensibio Defensive Serum suero hidratante antiedad 30 ml,Bioderma,Rostro,ROSTRO,748,777.92,935,1199,1419,1729,979,20.54,16.8,ROJO,B,1,https://cdn.shopify.com/s/files/1/0088/1937/6188/files/3701129804995_1.avif,https://www.dermaexpress.com.mx/products/sensibio-defensive-serum-30ml,Dermaexpress
3337875847353,La Roche-Posay Protector Solar Anthelios Eco-Consciente FPS 50+ Corporal biodegradable para piel sensible 75 ml,La Roche Posay,Protección Solar,Solares,411,427.44,549,659,779,949,539,20.7,22.14,AMARILLO,A,1,https://cdn.shopify.com/s/files/1/0088/1937/6188/files/3337875847353_1.jpg,https://www.dermaexpress.com.mx/products/anthelios-eco-consciente-locion-corporal-hidratante-fps50-75ml,Dermaexpress
3282770205633,Avene Cicalfate spray antiirritaciones 100 ml,Avene,Cuerpo,Cuerpo,327,340.08,409,529,619,759,429,20.73,16.85,ROJO,B,1,https://cdn.shopify.com/s/files/1/0088/1937/6188/files/3282770205633_1.jpg,https://www.dermaexpress.com.mx/products/a-av-cicalfate-spray-100ml-fep,Dermaexpress
8429420187962,Isdin Pediatrics Fotoprotector Mineral Baby FPS50 50 ml,Isdin,Protección Solar,Solares,569.8,592.59,814,919,1079,1319,789,24.89,27.2,AMARILLO,A,1,https://cdn.shopify.com/s/files/1/0088/1937/6188/files/Diseno_sin_titulo_8db6081b-cb33-4964-bd4f-cd193d8360fc.png,https://www.dermaexpress.com.mx/products/fotoprotector-isdin-50-mineral-baby-ped-50ml,Dermaexpress
3401399694127,Bioderma Hydrabio H2O Agua micelar desmaquillante 250 ml,Bioderma,Rostro,Rostro,439,456.56,549,709,839,1019,579,21.15,16.84,ROJO,B,1,https://cdn.shopify.com/s/files/1/0088/1937/6188/files/H2O_Edicio_un-Especial_Hydrabio_250ml.jpg,https://www.dermaexpress.com.mx/products/bioderma-hydrabio-h2o-250-ml,Dermaexpress
8429420184558,Isdin Woman Crema Reafirmante 200 ml,Isdin,Cuerpo,Cuerpo,401.8,417.87,574,649,759,929,559,25.25,27.2,AMARILLO,A,1,https://cdn.shopify.com/s/files/1/0088/1937/6188/files/8429420184558_2.jpg,https://www.dermaexpress.com.mx/products/isdin-woman-crema-reafirmante-200ml,Dermaexpress
7705849004020,Italmex Glicolic Loción hidratante para pieles con acné 60 ml,Italmex,Rostro,Rostro,828,861.12,1035,1329,1569,1919,1079,20.19,16.8,ROJO,B,1,https://cdn.shopify.com/s/files/1/0088/1937/6188/products/7705849004020.jpg,https://www.dermaexpress.com.mx/products/glicolic-locion-60ml-7705849004020,Dermaexpress
3760269770560,Isispharma Glyco-A Espuma limpiadora Limpia la piel y elimina impurezas 100 ml,Isispharma,Rostro,Rostro,572,594.88,716,919,1089,1329,749,20.58,16.92,ROJO,C,0,https://cdn.shopify.com/s/files/1/0088/1937/6188/products/DERMAfoamer.jpg,https://www.dermaexpress.com.mx/products/clyco-a-espuma-lipimpiadora-100ml,Dermaexpress
3031500000280,Isispharma Glyco-A Peeling suave Ilumina y purifica la piel 30 ml,Isispharma,Rostro,Rostro,628,653.12,786,1009,1189,1459,819,20.25,16.91,ROJO,B,1,https://cdn.shopify.com/s/files/1/0088/1937/6188/files/01.Hero_Soft.jpg,https://www.dermaexpress.com.mx/products/glyco-a-peeling-suave-30ml,Dermaexpress
8429420109445,Isdin Woman Crema hidratante vulvar 30 gr,Isdin,Cuerpo,Cuerpo,224.7,233.69,321,359,429,519,319,26.74,27.2,AMARILLO,A,1,https://cdn.shopify.com/s/files/1/0088/1937/6188/products/8429420109445_1.jpg,https://www.dermaexpress.com.mx/products/velastisa-intim-crema-hidratante-v-v-30gr-8429420109445,Dermaexpress
8429420096967,Isdin Niogermox 8% Solución antimicótica en laca 6.6 ml,Isdin,Cuerpo,Cuerpo,884.1,919.46,1263,1419,1679,2049,1229,25.19,27.2,AMARILLO,A,1,https://cdn.shopify.com/s/files/1/0088/1937/6188/products/8429420096967_59d931bc-8b0e-4f17-8bef-7f99abac3440.jpg,https://www.dermaexpress.com.mx/products/niogermox-8-solucion-6-6-ml,Dermaexpress
8423372800450,Genové Fluidbase Rederm Colágeno en sobres 20 x 25 ml,Genove,Cuerpo,Cuerpo,817,849.68,1090,1309,1549,1889,1069,20.52,22.05,AMARILLO,B,1,https://cdn.shopify.com/s/files/1/0088/1937/6188/products/whatsappimage2021-06-15at12.09.49_1.jpg,https://www.dermaexpress.com.mx/products/fluidabse-rederm-sobres-20x25ml,Dermaexpress
8423372025051,Genové Pilopeptan Woman Gel reparador de uñas 10 ml,Genove,Cuerpo,Cuerpo,393,408.72,525,629,749,909,519,21.25,22.15,AMARILLO,C,0,https://cdn.shopify.com/s/files/1/0088/1937/6188/products/Adaptaciones_Mesadetrabajo1.jpg,https://www.dermaexpress.com.mx/products/nail-repair-gel-10ml-8423372025051,Dermaexpress
8423372020056,Genové Neutrodermol Gel limpiador e hidratante 750 ml,Genove,Cuerpo,Cuerpo,547,568.88,730,879,1039,1269,719,20.88,22.07,AMARILLO,B,1,https://cdn.shopify.com/s/files/1/0088/1937/6188/products/Adaptaciones-20.jpg,https://www.dermaexpress.com.mx/products/neutrodermol-750ml-8423372020056,Dermaexpress
5701943012482,Italmex Perspirex Comfort Roll-on Antitranspirante para pieles delicadas 20 ml,Italmex,Cuerpo,Cuerpo,568,590.72,710,909,1079,1319,739,20.06,16.8,ROJO,B,1,https://cdn.shopify.com/s/files/1/0088/1937/6188/products/5701943012482.jpg,https://www.dermaexpress.com.mx/products/perspirex-comfort-roll-on-20ml-5701943012482,Dermaexpress
3760269770522,Isispharma Uveblock FPS50+ Toque seco tono medio para pieles mixtas a grasas 40 ml,Isispharma,Protección Solar,Solares,528,549.12,660,849,999,1229,689,20.3,16.8,ROJO,B,1,https://cdn.shopify.com/s/files/1/0088/1937/6188/files/Diseno_sin_titulo_18.png,https://www.dermaexpress.com.mx/products/uveblock-fps-50-toque-seco-medio-42ml,Dermaexpress
3401360049659,Isispharma Ruboril Expert Intense Cuidado antienrojecimiento para piel sensible 15 ml,Isispharma,Rostro,Rostro,584,607.36,730,939,1109,1349,759,19.98,16.8,ROJO,B,1,https://cdn.shopify.com/s/files/1/0088/1937/6188/products/RuborilExpertIntense.jpg,https://www.dermaexpress.com.mx/products/ruboril-expert-intense-localizado-15ml,Dermaexpress
3282770390179,Avene loción micelar 400 ml,Avene,Rostro,Rostro,583,606.32,729,939,1109,1349,759,20.12,16.83,ROJO,B,1,https://cdn.shopify.com/s/files/1/0088/1937/6188/files/3282770390179_blanca.jpg,https://www.dermaexpress.com.mx/products/avene-locion-micelar-400ml,Dermaexpress
3401572288297,Bioderma Sébium H2O Agua micelar desmaquillante para piel mixta a grasa 250 ml 250 ml,Bioderma,Rostro,Rostro,439,456.56,549,709,839,1019,579,21.15,16.84,ROJO,B,1,https://cdn.shopify.com/s/files/1/0088/1937/6188/files/3401572288297_f5db8f67-b934-4a97-842a-3e4f522d1461.jpg,https://www.dermaexpress.com.mx/products/bioderma-sebium-h20-3401395376935,Dermaexpress
8429420222984,Isdin Isdinceutics Hyaluronic Moisture Hidratante para piel sensible 50 gr,Isdin,Rostro,Rostro,749.7,779.69,1071,1199,1419,1739,1039,24.96,27.2,AMARILLO,A,1,https://cdn.shopify.com/s/files/1/0088/1937/6188/files/8429420222984.jpg,https://www.dermaexpress.com.mx/products/isdin-isdinceutics-hyaluronic-moisture-piel-sensitive-50-g,Dermaexpress
8423372040337,Genové Fluidbase Exfoliante facial 50 ml,Genove,Rostro,Rostro,299,310.96,399,479,569,699,389,20.06,22.07,AMARILLO,B,1,https://cdn.shopify.com/s/files/1/0088/1937/6188/products/8423372040337.jpg,https://www.dermaexpress.com.mx/products/fluidbase-exfoliante-facial-50ml-8423372040337,Dermaexpress
8423372040009,Genové Fluidbase Rederm Gel Forte 15% AHA 30 ml,Genove,Rostro,Rostro,495,514.8,660,799,939,1149,649,20.68,22,AMARILLO,B,1,https://cdn.shopify.com/s/files/1/0088/1937/6188/products/Adaptaciones-24.jpg,https://www.dermaexpress.com.mx/products/fluidbase-gel-forte-30ml-8423372040009,Dermaexpress
8423372025082,Genové Pilopeptan Seb 30 cápsulas,Genove,Capilar,Cabello,1020,1060.8,1360,1639,1929,2359,1329,20.18,22,AMARILLO,B,1,https://cdn.shopify.com/s/files/1/0088/1937/6188/products/8423372025082-PILOPEPTANSEBC30CAPSULAS.jpg,https://www.dermaexpress.com.mx/products/pilopeptan-seb-30-capsulas,Dermaexpress
7703281002352,Italmex Umbrella SPF50+ Fotoprotector compacto tono miel 11 gr,Italmex,Protección Solar,Solares,651,677.04,814,1049,1239,1509,849,20.25,16.83,ROJO,B,1,https://cdn.shopify.com/s/files/1/0088/1937/6188/products/7703281002352_b7675170-f1e6-4dd5-b6b4-a9c45bbc3a0c.png,https://www.dermaexpress.com.mx/products/umbrella-spf50-compacto-miel-11gr-7703281002352,Dermaexpress
7501273500523,Remexa Bansol protector solar pt 100 gr,Remexa,Protección Solar,Solares,1179,1226.16,0,1889,2229,2729,2229,44.99,0,SIN_REF,B,1,https://cdn.shopify.com/s/files/1/0088/1937/6188/products/Adaptaciones-35.jpg,https://www.dermaexpress.com.mx/products/bansol-pt-100gr-7501273500523,Dermaexpress
7501273500301,Remexa Kamiloderm jabón 100 gr,Remexa,Cuerpo,Cuerpo,339,352.56,0,549,649,789,649,45.68,0,SIN_REF,B,1,https://cdn.shopify.com/s/files/1/0088/1937/6188/products/7501273500301.jpg,https://www.dermaexpress.com.mx/products/kamiloderm-jabon-100gr-7501273500301,Dermaexpress
4005900951526,Eucerin pH5 Light Gel Crema para piel seca y sensible 200 ml,Eucerin,Cuerpo,Cuerpo,222,230.88,318,359,419,519,309,25.28,27.4,AMARILLO,A,1,https://cdn.shopify.com/s/files/1/0088/1937/6188/files/4005900951526_2.jpg,https://www.dermaexpress.com.mx/products/eucerin-ph5-crema-tubo-200ml,Dermaexpress
3760269770140,Isispharma Sensylia Gel desmaquillante para piel sensible y deshidratada 250 ml,Isispharma,Rostro,Rostro,368,382.72,460,589,699,859,479,20.1,16.8,ROJO,B,1,https://cdn.shopify.com/s/files/1/0088/1937/6188/products/SensyliaGelDesmaquillante250ml.jpg,https://www.dermaexpress.com.mx/products/sensylia-gel-desmaquillante-250ml,Dermaexpress
3701129805060,Bioderma Nodé DS+ Shampoo anticaspa 125 ml,Bioderma,Capilar,Cabello,528,549.12,660,849,999,1229,689,20.3,16.8,ROJO,B,1,https://cdn.shopify.com/s/files/1/0088/1937/6188/files/3701129805060_1.jpg,https://www.dermaexpress.com.mx/products/node-ds-125ml-node-ds-shampoo-para-la-caspa-125ml,Dermaexpress
816378022106,DS Pure Vitamin C Booster Sérum antiedad 30 ml,D.S.,Rostro,Rostro,1452,1510.08,1815,2329,2749,3359,1889,20.06,16.8,ROJO,C,0,https://cdn.shopify.com/s/files/1/0088/1937/6188/files/816378022106.png,https://www.dermaexpress.com.mx/products/pure-vitamin-c-booster-suero-30-ml,Dermaexpress
816378020485,D.S Dandrene Acondicionador anti-caspa 205ml.,D.S.,Capilar,Cabello,534,555.36,668,859,1009,1239,699,20.55,16.86,ROJO,C,0,https://cdn.shopify.com/s/files/1/0088/1937/6188/files/816378020485.png,https://www.dermaexpress.com.mx/products/dandrene-acondicionador-205ml,Dermaexpress
732013301446,Neostrata Clarify Gel para Brotes Cutáneos 15 g,Neostrata,Rostro,Rostro,615,639.6,0,989,1169,1429,1169,45.29,0,SIN_REF,A,1,https://cdn.shopify.com/s/files/1/0088/1937/6188/products/732013301446.png,https://www.dermaexpress.com.mx/products/neostrata-spot-gel-15gr-732013088026,Dermaexpress
7502002462297,Farmapiel Sérum facial Ácido Hialurónico hidratante antiedad 30 ml,Farmapiel,Rostro,Rostro,590,613.6,0,949,1119,1369,1119,45.17,0,SIN_REF,B,1,https://cdn.shopify.com/s/files/1/0088/1937/6188/products/Hialuroinico_1200x1200Dermaexpress.jpg,https://www.dermaexpress.com.mx/products/suero-acido-hialuronico-30gr-vr,Dermaexpress
7503015500105,Euderma Glicoexfol Loción limpiadora 60 ml,Euderma,Rostro,Rostro,276,287.04,0,449,529,639,529,45.74,0,SIN_REF,B,1,https://cdn.shopify.com/s/files/1/0088/1937/6188/products/Adaptaciones-48.jpg,https://www.dermaexpress.com.mx/products/glicoexfol-locion-60ml-7503015500105,Dermaexpress
8430340038432,"Armstrong pilexil shampoo anticaspa , caspa seca 300ml.",Armstrong,Capilar,Capilares,818,850.72,0,1309,1549,1899,1549,45.08,0,SIN_REF,B,1,https://cdn.shopify.com/s/files/1/0088/1937/6188/files/03_PS_SHAMPOO_CASPA_SECA_PILEXIL_2023.jpg,https://www.dermaexpress.com.mx/products/pilexil-shampoo-anticaspa-caspa-seca-300-ml,Dermaexpress
8423372820328,Genové Fluidbase Genomask 6 x 8 ml,Genove,Rostro,Rostro,585,608.4,780,939,1109,1359,769,20.88,22,AMARILLO,B,1,https://cdn.shopify.com/s/files/1/0088/1937/6188/products/8423372820328.jpg,https://www.dermaexpress.com.mx/products/fluidbase-genomask-6x8ml-8423372820328,Dermaexpress
3282770153002,Aderma Biology AC Gel espumoso para piel grasa 400 ml,Aderma,Rostro,Rostro,559,581.36,699,899,1059,1299,729,20.25,16.83,ROJO,B,1,https://cdn.shopify.com/s/files/1/0088/1937/6188/files/3282770153002.jpg,https://www.dermaexpress.com.mx/products/biology-ac-gel-espumoso-purificante-400-ml,Dermaexpress
3282770072655,Avene Protector solar FPS50+ Crema antiedad 50 ml,Avene,Protección Solar,Solares,647,672.88,809,1039,1229,1499,849,20.74,16.83,ROJO,C,0,https://cdn.shopify.com/s/files/1/0088/1937/6188/products/3282770072655_Avene_Bloqueador_solar_anti-edad_FPS_50_50ML.jpg,https://www.dermaexpress.com.mx/products/bloqueador-fps50-crema-antiedad-50ml-3282770072655,Dermaexpress
3499320001878,Galderma Loceryl Crema para combatir hongos en las uñas 20 gr,Galderma,Cuerpo,Cuerpo,423,439.92,0,679,799,979,799,44.94,0,SIN_REF,B,1,https://cdn.shopify.com/s/files/1/0088/1937/6188/products/3499320001878.jpg,https://www.dermaexpress.com.mx/products/loceryl-crema-20gr-3499320001878,Dermaexpress
3337875821636,Vichy Liftactiv retinol specialist Sérum arrugas profundas 30 ml,Vichy,Rostro,Rostro,974,1012.96,1299,1559,1849,2259,1269,20.18,22.02,AMARILLO,A,1,https://cdn.shopify.com/s/files/1/0088/1937/6188/files/3337875821636_11.jpg,https://www.dermaexpress.com.mx/products/liftactiv-retinol-specialist-serum-arrugas-profundas-30ml,Dermaexpress
3337871316624,Vichy Dermablend líquido #45 gold Base de alta cobertura 30 ml,Vichy,Rostro,Rostro,824,856.96,1099,1319,1559,1909,1079,20.58,22.02,AMARILLO,A,1,https://cdn.shopify.com/s/files/1/0088/1937/6188/products/3337871316624_1.jpg,https://www.dermaexpress.com.mx/products/dermablend-liquido-30ml-45-gold-3337871316624,Dermaexpress
3282770388664,Darrow Actine Barra limpiadora para piel grasa 70 gr,Darrow,Rostro,Rostro,135,140.4,169,219,259,319,179,21.56,16.92,ROJO,B,1,https://cdn.shopify.com/s/files/1/0088/1937/6188/files/3282770388664_1.jpg,https://www.dermaexpress.com.mx/products/darrow-active-barra-de-limpieza-para-piel-grasa-70g,Dermaexpress
3282770153507,Darrow Actine Gel limpiador para piel grasa 400 gr,Darrow,Rostro,Rostro,423,439.92,529,679,799,979,549,19.87,16.84,ROJO,B,1,https://cdn.shopify.com/s/files/1/0088/1937/6188/files/3282770153507_1.jpg,https://www.dermaexpress.com.mx/products/derrow-active-gel-limpiador-para-piel-grasa-400g,Dermaexpress
3282770143935,Darrow Doctar Shampoo anticaspa 120 ml,Darrow,Capilar,Cabello,303,315.12,379,489,579,709,399,21.02,16.85,ROJO,B,1,https://cdn.shopify.com/s/files/1/0088/1937/6188/files/3282770143935_1.jpg,https://www.dermaexpress.com.mx/products/darrow-doctar-shampoo-capilar-120ml,Dermaexpress
3337875795265,Vichy Capital Soleil UV-Age Daily FPS50 Protector Solar Facial Anti-Envejecimiento con Color Tono Light 40 ml,Vichy,Protección Solar,Solares,561,583.44,749,899,1069,1299,729,19.97,22.1,AMARILLO,A,1,https://cdn.shopify.com/s/files/1/0088/1937/6188/files/1310ff9e-cdfb-42f3-9e02-a5e5831f3fb1.jpg,https://www.dermaexpress.com.mx/products/cs-face-uvage-tintlight-spf50-40ml,Dermaexpress
3337871322571,Vichy Homme hydramag Rostro + ojos Hidratante anti-fatiga 50 ml,Vichy,Rostro,Rostro,696,723.84,929,1119,1319,1609,909,20.37,22.08,AMARILLO,C,0,https://cdn.shopify.com/s/files/1/0088/1937/6188/products/3337871322571.jpg,https://www.dermaexpress.com.mx/products/homme-hydramag-rostro-ojos-50ml-3337871322571,Dermaexpress
3337871308612,"Vichy Agua termal mineralizante Estabiliza, refuerza y renueva la piel 150 ml",Vichy,Cuerpo,Cuerpo,374,388.96,499,599,709,869,489,20.46,22.05,AMARILLO,A,1,https://cdn.shopify.com/s/files/1/0088/1937/6188/files/cbcce2b5-9120-4a74-9723-c3109856358a.jpg,https://www.dermaexpress.com.mx/products/agua-termal-vichy-3337871308612,Dermaexpress
732013301613,Neostrata Enlighten Suero Facial Iluminador 30 ml,Neostrata,Rostro,Rostro,1400,1456,0,2239,2649,3239,2649,45.04,0,SIN_REF,C,0,https://cdn.shopify.com/s/files/1/0088/1937/6188/products/10.jpg,https://www.dermaexpress.com.mx/products/enlighten-illuminating-suero-30ml-732013300326,Dermaexpress
7508006184159,Panalab Proavenal Crema de manos 70 gr,Panalab,Cuerpo,Cuerpo,198,205.92,0,319,379,459,379,45.67,0,SIN_REF,B,1,https://cdn.shopify.com/s/files/1/0088/1937/6188/products/PANALAB-adaptaciones-21.jpg,https://www.dermaexpress.com.mx/products/proavenal-crema-de-manos-70gr,Dermaexpress
8423372000515,Genové Desodorante Efecto antitranspirante ideal para pieles sensibles 50 ml,Genove,Cuerpo,Cuerpo,236,245.44,315,379,449,549,309,20.57,22.08,AMARILLO,B,1,https://cdn.shopify.com/s/files/1/0088/1937/6188/products/Adaptaciones-47.jpg,https://www.dermaexpress.com.mx/products/desodorante-genove-50ml-8423372000515,Dermaexpress
7503015500068,Euderma Glicogel Gel auxiliar para tratamiento del acné 60 gr,Euderma,Rostro,Rostro,329,342.16,0,529,629,769,629,45.6,0,SIN_REF,B,1,https://cdn.shopify.com/s/files/1/0088/1937/6188/products/Adaptaciones-49.jpg,https://www.dermaexpress.com.mx/products/glicogel-60gr-7503015500068,Dermaexpress
3760095250168,ACM Novophane Suplemento 60 cápsulas,ACM,Capilar,Cabello,1080,1123.2,0,1729,2049,2499,2049,45.18,0,SIN_REF,B,1,https://cdn.shopify.com/s/files/1/0088/1937/6188/files/3760095250168_4d60cf60-f00a-41cb-a2cf-f1c319e1a102.jpg,https://www.dermaexpress.com.mx/products/novophane-c-60-capsulas-3760095250168,Dermaexpress
3337875660617,Vichy Normaderm phytosolution Corrige imperfecciones y regenera la piel 50 ml,Vichy,Rostro,Rostro,711,739.44,949,1139,1349,1649,929,20.4,22.08,AMARILLO,A,1,https://cdn.shopify.com/s/files/1/0088/1937/6188/files/a4d094af-d48d-426e-868c-864c3aa76e3f.jpg,https://www.dermaexpress.com.mx/products/normaderm-phytosolution-50ml,Dermaexpress
5707725100156,Uppharma Nourkrin radiance Tratamiento para canas c/30 tabletas,Uppharma,Capilar,Cabello,1335,1388.4,1571,2139,2529,3089,1739,20.16,11.62,ROJO,B,1,https://cdn.shopify.com/s/files/1/0088/1937/6188/files/Nourkrin_Man_2_2a4bfbdc-e8d7-48d8-a4cd-32cf17e3260a.jpg,https://www.dermaexpress.com.mx/products/nourkrin-radiance-c-30-tabletas,Dermaexpress
3760269770867,Isispharma Glyco-A Peeling medio 12% Matifica unifica difumina y exfolia la piel 30 ml,Isispharma,Rostro,Rostro,696,723.84,870,1119,1319,1609,909,20.37,16.8,ROJO,B,1,https://cdn.shopify.com/s/files/1/0088/1937/6188/files/Diseno_sin_titulo_8_eb88f063-8980-4258-80b6-b34193dde170.png,https://www.dermaexpress.com.mx/products/glyco-a-peeling-medio-12-30ml,Dermaexpress
7508006184616,Panalab Vitanoin blemish suero despigmentante 30ml.,Panalab,Rostro,Rostro,1326,1379.04,0,2129,2509,3069,2509,45.04,0,SIN_REF,C,0,https://cdn.shopify.com/s/files/1/0088/1937/6188/files/7508006184616.1.jpg,https://www.dermaexpress.com.mx/products/vitanoin-blemish-suero-despigmentante-30ml,Dermaexpress
3701129805367,Bioderma Sébium Kerato+ Gel-crema anti-imperfecciones 30 ml,Bioderma,Rostro,Rostro,580,603.2,725,929,1099,1349,759,20.53,16.8,ROJO,B,1,https://cdn.shopify.com/s/files/1/0088/1937/6188/files/3701129805367.jpg,https://www.dermaexpress.com.mx/products/sebium-kerato-30ml,Dermaexpress
7503015500082,Euderma Glicoexfol Crema anti-envejecimiento al 10% 60 gr,Euderma,Rostro,Rostro,297,308.88,0,479,569,689,569,45.72,0,SIN_REF,B,1,https://cdn.shopify.com/s/files/1/0088/1937/6188/products/Adaptaciones-50.jpg,https://www.dermaexpress.com.mx/products/glicoexfol-crema-60gr-7503015500082,Dermaexpress
4005900650412,Eucerin Hyaluron-Filler + Elasticity Crema contorno de ojos antiarrugas 15 ml,Eucerin,Rostro,Rostro,741,770.64,1059,1189,1409,1719,1029,25.11,27.23,AMARILLO,A,1,https://cdn.shopify.com/s/files/1/0088/1937/6188/files/4005900650412_1.jpg,https://www.dermaexpress.com.mx/products/hyaluron-filler-elasticity-contorno-de-ojos-fps-15,Dermaexpress
4005800066061,Eucerin Sun Protector solar corporal textura extra ligera FPS50+ 150 ml,Eucerin,Protección Solar,Solares,514,534.56,735,829,979,1189,719,25.65,27.27,AMARILLO,C,0,https://cdn.shopify.com/s/files/1/0088/1937/6188/products/4005800066061_1.jpg,https://www.dermaexpress.com.mx/products/eucerin-sun-locion-muy-ligera-fps-50-150ml-4005800066061,Dermaexpress
8423372800153,Genové Pilopeptan Woman Suero reparador 30 ml,Genove,Capilar,Cabello,408,424.32,545,659,779,949,539,21.28,22.14,AMARILLO,B,1,https://cdn.shopify.com/s/files/1/0088/1937/6188/products/Adaptaciones-19.jpg,https://www.dermaexpress.com.mx/products/pilopeptan-woman-suero-30ml-8423372800153,Dermaexpress
8423372034909,Genové Fluidbase Hidratante facial piel grasa 50 ml,Genove,Rostro,Rostro,599,622.96,799,959,1139,1389,779,20.03,22.03,AMARILLO,B,1,https://cdn.shopify.com/s/files/1/0088/1937/6188/products/8423372034909.jpg,https://www.dermaexpress.com.mx/products/fluidbase-oil-free-moisturizer-50ml-8423372034909,Dermaexpress
7508006184050,Panalab Sk-invita Bálsamo labial FPS30 5 gr,Panalab,Rostro,Rostro,150,156,0,239,289,349,289,46.02,0,SIN_REF,B,1,https://cdn.shopify.com/s/files/1/0088/1937/6188/files/7508006184050.4.jpg,https://www.dermaexpress.com.mx/products/sk-invita-balsamo-labial-fps30-5gr,Dermaexpress
4005800239656,Eucerin pH5 Loción corporal hidratante para piel seca y sensible 100 ml,Eucerin,Cuerpo,Cuerpo,205,213.2,294,329,389,479,289,26.23,27.48,AMARILLO,C,0,https://cdn.shopify.com/s/files/1/0088/1937/6188/files/4005800239656_2.jpg,https://www.dermaexpress.com.mx/products/eucerin-crema-liquida-100ml,Dermaexpress
732013301415,Neostrata Repair Crema Contorno de Ojos 15 g,Neostrata,Rostro,Rostro,865,899.6,0,1389,1639,1999,1639,45.11,0,SIN_REF,C,0,https://cdn.shopify.com/s/files/1/0088/1937/6188/products/14.jpg,https://www.dermaexpress.com.mx/products/neostrata-contorno-de-ojos-15gr-732013084042,Dermaexpress
8436574363166,Cantabria Labs Folcare Minoxidil 5% Solución anticaída 60 ml,Cantabria Labs,Capilar,Cabello,556,578.24,655,889,1059,1289,729,20.68,11.72,ROJO,B,1,https://cdn.shopify.com/s/files/1/0088/1937/6188/files/FolcareMinoxidil-WEB-3.jpg,https://www.dermaexpress.com.mx/products/folcare-minoxidil-solucion-5-fco-60-ml,Dermaexpress
8436574362336,Cantabria Labs Biretix Hydramat Fluido hidratante matificante 50 ml,Cantabria Labs,Rostro,Rostro,527,548.08,620,849,999,1219,689,20.45,11.6,ROJO,B,1,https://cdn.shopify.com/s/files/1/0088/1937/6188/files/8436574362336.jpg,https://www.dermaexpress.com.mx/products/biretix-hydramat-50-ml,Dermaexpress
8470003245920,Isdin Acniben Gel crema facial Control de brillo y granos 40 ml,Isdin,Rostro,Rostro,537.6,559.1,768,869,1019,1249,749,25.35,27.2,AMARILLO,A,1,https://cdn.shopify.com/s/files/1/0088/1937/6188/products/8470003245920.jpg,https://www.dermaexpress.com.mx/products/acniben-gel-crema-facial-40ml,Dermaexpress
7501273500288,Remexa Hidroquin loción 28 ml,Remexa,Rostro,Rostro,759,789.36,0,1219,1439,1759,1439,45.15,0,SIN_REF,B,1,https://cdn.shopify.com/s/files/1/0088/1937/6188/products/Adaptaciones-17.jpg,https://www.dermaexpress.com.mx/products/hidroquin-locion-28ml-7501273500288,Dermaexpress
3401399521799,Isispharma Urelia Urea 50% Hidratante para piel con descamación 40 ml,Isispharma,Cuerpo,Cuerpo,480,499.2,600,769,909,1109,629,20.64,16.8,ROJO,B,1,https://cdn.shopify.com/s/files/1/0088/1937/6188/files/Diseno_sin_titulo_24.png,https://www.dermaexpress.com.mx/products/urelia-urea-50-40ml,Dermaexpress
3401360120013,Isispharma Ruboril Expert S Crema calmante anti rojeces 40 ml,Isispharma,Rostro,Rostro,540,561.6,675,869,1029,1249,709,20.79,16.8,ROJO,B,1,https://cdn.shopify.com/s/files/1/0088/1937/6188/files/Diseno_sin_titulo_11_1319ebe7-08b7-4145-bc20-8e7bc566e3c2.png,https://www.dermaexpress.com.mx/products/ruboril-expert-s-piel-seca-40ml,Dermaexpress
3337871332327,Vichy Dermablend coverflow 3d #45 gold Alta cobertura y duración 30 ml,Vichy,Rostro,Rostro,824,856.96,1099,1319,1559,1909,1079,20.58,22.02,AMARILLO,A,1,https://cdn.shopify.com/s/files/1/0088/1937/6188/products/3337871332327_1.jpg,https://www.dermaexpress.com.mx/products/dermablend-coverflow-3d-30ml-color-gold-3337871332327,Dermaexpress
3760095250199,ACM Novophane K Shampoo anticaspa 125 ml,ACM,Capilar,Cabello,290,301.6,0,469,549,679,549,45.06,0,SIN_REF,B,1,https://cdn.shopify.com/s/files/1/0088/1937/6188/products/NOVOPHANE-K-CHAMPU-125-ML.jpg,https://www.dermaexpress.com.mx/products/novophane-k-shampoo-125ml-3760095250199,Dermaexpress
3701129807439,Bioderma Photoderm Nude Touch Mineral FPS50+ Protector solar facial con color tono Bronce 40 ml,Bioderma,Protección Solar,Solares,583,606.32,729,939,1109,1349,759,20.12,16.83,ROJO,C,0,https://cdn.shopify.com/s/files/1/0088/1937/6188/files/3701129807439_2.jpg,https://www.dermaexpress.com.mx/products/photoderm-nude-touch-mineral-fps-50-bronce-40-ml,Dermaexpress
3701129807415,Bioderma Photoderm Cover Touch Mineral Protector solar facial FPS50+ con color tono muy claro 40 g,Bioderma,Rostro,Rostro,591,614.64,739,949,1119,1369,769,20.07,16.83,ROJO,B,1,https://cdn.shopify.com/s/files/1/0088/1937/6188/files/3701129807415_2.jpg,https://www.dermaexpress.com.mx/products/photoderm-cover-touch-mineral-fps50-muy-claro-40g,Dermaexpress
3701129807316,Bioderma Photoderm Pediatrics Spray protector solar para niños FPS50+ 200 ml,Bioderma,Protección Solar,Solares,711,739.44,889,1139,1349,1649,929,20.4,16.82,ROJO,B,1,https://cdn.shopify.com/s/files/1/0088/1937/6188/files/3701129807316.jpg,https://www.dermaexpress.com.mx/products/photoderm-pediatrics-spray-protector-solar-para-ninos-fps50-200ml,Dermaexpress
3701129804193,Bioderma Atoderm Crema reparadora para manos y uñas 50 ml,Bioderma,Cuerpo,Cuerpo,132,137.28,165,219,249,309,179,23.31,16.8,ROJO,B,1,https://cdn.shopify.com/s/files/1/0088/1937/6188/products/3401399372575_97df690a-b1f0-4b5f-afd8-120706f3ea67.jpg,https://www.dermaexpress.com.mx/products/copy-of-bioderma-atoderm-crema-manos-y-unas-50ml,Dermaexpress
3499320001328,Galderma Benzac AC Gel 5% tratamiento anti acné 60 gr,Galderma,Rostro,Rostro,282,293.28,403,459,539,659,399,26.5,27.23,AMARILLO,B,1,https://cdn.shopify.com/s/files/1/0088/1937/6188/products/3499320001328.jpg,https://www.dermaexpress.com.mx/products/benzac-ac-gel-5-60gr,Dermaexpress
7640137610708,Genové Tranacix Crema despigmentante 30 gr,Genove,Cuerpo,Cuerpo,772,802.88,1030,1239,1459,1789,1009,20.43,22.05,AMARILLO,B,1,https://cdn.shopify.com/s/files/1/0088/1937/6188/products/1000x1000Catalogo-61.jpg,https://www.dermaexpress.com.mx/products/tranacix-crema-30g,Dermaexpress
816378021383,DS Spectral BRD Estimulante para barba 30 ml,D.S.,Capilar,Cabello,549,570.96,687,879,1039,1269,719,20.59,16.89,ROJO,B,1,https://cdn.shopify.com/s/files/1/0088/1937/6188/files/816378021383.png,https://www.dermaexpress.com.mx/products/spectral-brd-30-ml,Dermaexpress
8429420222472,Isdin Nutradeica Shampoo Anticaspa grasa 200 ml,Isdin,Capilar,Cabello,392,407.68,560,629,749,909,549,25.74,27.2,AMARILLO,A,1,https://cdn.shopify.com/s/files/1/0088/1937/6188/products/8429420222472.jpg,https://www.dermaexpress.com.mx/products/nutradeica-shampoo-anti-caspa-grasa-200-ml,Dermaexpress
3760269770010,Isispharma Neotone Gel exfoliante despigmentante 150 ml,Isispharma,Rostro,Rostro,432,449.28,540,699,819,999,569,21.04,16.8,ROJO,B,1,https://cdn.shopify.com/s/files/1/0088/1937/6188/files/Diseno_sin_titulo_14.png,https://www.dermaexpress.com.mx/products/neotone-gel-exfoliante-150ml,Dermaexpress
8470001806475,Isdin Acniben Body Spray Renovador para piel grasa 150 ml,Isdin,Rostro,Rostro,702.1,730.18,1003,1129,1329,1629,979,25.42,27.2,AMARILLO,A,1,https://cdn.shopify.com/s/files/1/0088/1937/6188/products/8470001806475.jpg,https://www.dermaexpress.com.mx/products/acniben-body-spray-150ml,Dermaexpress
8429420218758,Isdin Isdinceutics Essential Cleansing Aceite limpiador 200 ml,Isdin,Rostro,Rostro,601.3,625.35,859,969,1139,1389,839,25.46,27.2,AMARILLO,A,1,https://cdn.shopify.com/s/files/1/0088/1937/6188/files/3337875940139_3.avif,https://www.dermaexpress.com.mx/products/isdinceutics-essential-cleansiung-200ml,Dermaexpress
8429420188020,Isdin Pediatrics Fotoprotector Spray Wet Skin FPS50 250 ml,Isdin,Protección Solar,Solares,584.5,607.88,835,939,1109,1359,809,24.86,27.2,AMARILLO,A,1,https://cdn.shopify.com/s/files/1/0088/1937/6188/products/8429420188020.jpg,https://www.dermaexpress.com.mx/products/fotoprotector-isdin-50-transp-spray-wet-skin-ped-250ml,Dermaexpress
4005900838841,Eucerin Anti-Pigment Crema de manos anti-hiperpigmentación FPS30 75 ml,Eucerin,Cuerpo,Cuerpo,388,403.52,555,629,739,899,539,25.14,27.29,AMARILLO,A,1,https://cdn.shopify.com/s/files/1/0088/1937/6188/files/4005900838841_2_a761b5b8-56aa-4f27-bf99-5446ef02bb03.jpg,https://www.dermaexpress.com.mx/products/eucerin-anti-pigment-crema-para-manos-fps30-75-ml,Dermaexpress
8470001509833,Isdin Acniben Toallitas Anti-imperfecciones 30 pz,Isdin,Rostro,Rostro,312.9,325.42,447,509,599,729,439,25.87,27.2,AMARILLO,C,0,https://cdn.shopify.com/s/files/1/0088/1937/6188/products/8470001509833_3.jpg,https://www.dermaexpress.com.mx/products/acniben-c-30-toallitas,Dermaexpress
7508006183459,Panalab Sk-invita Pantalla solar mineral regenerador FPS30 50 ml,Panalab,Protección Solar,Solares,482,501.28,0,779,919,1119,919,45.45,0,SIN_REF,C,0,https://cdn.shopify.com/s/files/1/0088/1937/6188/files/75080061834594.jpg,https://www.dermaexpress.com.mx/products/sk-invita-pantalla-solar-mineral-fps30-50ml,Dermaexpress
8470001855107,Isdin Acniben On the Spot Corrector de granos 15 ml,Isdin,Rostro,Rostro,295.4,307.22,422,479,559,689,409,24.89,27.2,AMARILLO,A,1,https://cdn.shopify.com/s/files/1/0088/1937/6188/products/8470001855107_4.jpg,https://www.dermaexpress.com.mx/products/acniben-on-the-spot-corrector-de-granos-15ml,Dermaexpress
7501054550037,Eucerin Aquaphor Spray corporal reparador para piel seca 150 ml,Eucerin,Cuerpo,Cuerpo,433,450.32,619,699,819,1009,609,26.06,27.25,AMARILLO,A,1,https://cdn.shopify.com/s/files/1/0088/1937/6188/files/7501054550037_1.jpg,https://www.dermaexpress.com.mx/products/eucerin-aquaphor-spray-corporal-reparador-150ml,Dermaexpress
4005900942777,Eucerin Hyaluron Filler Hydra Night Gel 50 ml,Eucerin,Rostro,Rostro,587,610.48,839,939,1109,1359,819,25.46,27.24,AMARILLO,A,1,https://cdn.shopify.com/s/files/1/0088/1937/6188/files/4005900942777_2.jpg,https://www.dermaexpress.com.mx/products/hyaluron-filler-3x-effect-ultra-50ml,Dermaexpress
3760269770294,Isispharma Uveblock FPS50+ Spray corporal 200 ml,Isispharma,Protección Solar,Solares,600,624,750,959,1139,1389,779,19.9,16.8,ROJO,C,0,https://cdn.shopify.com/s/files/1/0088/1937/6188/files/Diseno_sin_titulo_21.png,https://www.dermaexpress.com.mx/products/uveblock-fps-50-spray-200ml,Dermaexpress
3282776397103,Ducray Keracnyl Crema matificante para piel grasa 30 ml,Ducray,Rostro,Rostro,456,474.24,570,729,869,1059,599,20.83,16.8,ROJO,C,0,https://cdn.shopify.com/s/files/1/0088/1937/6188/products/3282776397103.jpg,https://www.dermaexpress.com.mx/products/keracnyl-matificante-30ml-3282776397103,Dermaexpress
718122899173,DS Vexum SL Crema restauradora 50 ml,D.S.,Cuerpo,Cuerpo,584,607.36,730,939,1109,1349,759,19.98,16.8,ROJO,B,1,https://cdn.shopify.com/s/files/1/0088/1937/6188/files/718122899173.png,https://www.dermaexpress.com.mx/products/vexum-sl-crema-50ml,Dermaexpress
7897930778351,Cetaphil Crema hidratante para piel seca 170 gr,Cetaphil,Cuerpo,Cuerpo,234,243.36,312,379,449,549,309,21.24,22,AMARILLO,A,1,https://cdn.shopify.com/s/files/1/0088/1937/6188/files/7897930778351_1.avif,https://www.dermaexpress.com.mx/products/cetaphil-crema-hidratante-170g,Dermaexpress
8436574362459,Cantabria Labs Endocare Renewal Retinol Intensive Sérum antiedad 30 ml,Cantabria Labs,Rostro,Rostro,1219,1267.76,1435,1959,2309,2819,1589,20.22,11.65,ROJO,B,1,https://cdn.shopify.com/s/files/1/0088/1937/6188/products/EndocareRenewal_IntensiveRetinol_Serum_Bottle.jpg,https://www.dermaexpress.com.mx/products/endocare-renewal-retinol-intensive-serum-30ml,Dermaexpress
3337875791984,Vichy Normaderm probio bha Sérum anti-imperfecciones 30 ml,Vichy,Rostro,Rostro,711,739.44,949,1139,1349,1649,929,20.4,22.08,AMARILLO,A,1,https://cdn.shopify.com/s/files/1/0088/1937/6188/files/3337875791984_10.jpg,https://www.dermaexpress.com.mx/products/normaderm-probio-bha-suero-30-ml,Dermaexpress
3031500311607,Isispharma Uveblock FPS50+ Fluido invisible para pieles sensibles 40 ml,Isispharma,Protección Solar,Solares,512,532.48,640,819,969,1189,669,20.41,16.8,ROJO,B,1,https://cdn.shopify.com/s/files/1/0088/1937/6188/files/Diseno_sin_titulo_22.png,https://www.dermaexpress.com.mx/products/uveblock-fps-50-fluido-invisible-40ml,Dermaexpress
3760269770126,Isispharma Sensylia 24hr Fluido hidratante para piel seca 40 ml,Isispharma,Rostro,Rostro,520,540.8,650,839,989,1209,679,20.35,16.8,ROJO,B,1,https://cdn.shopify.com/s/files/1/0088/1937/6188/files/Diseno_sin_titulo_28.png,https://www.dermaexpress.com.mx/products/sensylia-24h-fluido-hidratante-40ml,Dermaexpress
7503015500044,Euderma 20 Plus Crema reparadora intensiva 120 gr,Euderma,Cuerpo,Cuerpo,358,372.32,0,579,679,829,679,45.17,0,SIN_REF,B,1,https://cdn.shopify.com/s/files/1/0088/1937/6188/products/Adaptaciones-31.jpg,https://www.dermaexpress.com.mx/products/euderma-20-suave-plus-120ml-7503015500044,Dermaexpress
3499320015615,Cetaphil Crema limpiadora espumosa hidratante 473 ml,Cetaphil,Rostro,Rostro,449,466.96,599,719,849,1039,589,20.72,22.04,AMARILLO,A,1,https://cdn.shopify.com/s/files/1/0088/1937/6188/files/3499320015615_1.avif,https://www.dermaexpress.com.mx/products/cetaphil-crema-limpiadora-espumosa-hidratante-473ml,Dermaexpress
3282770152456,Avene Agua micelar desmaquillante 100 ml,Avene,Rostro,Rostro,191,198.64,239,309,369,449,249,20.22,16.89,ROJO,C,0,https://cdn.shopify.com/s/files/1/0088/1937/6188/files/3282770152456_blanca.jpg,https://www.dermaexpress.com.mx/products/avene-agua-micelar-desmaquillante-100ml,Dermaexpress
4005900559524,Eucerin Anti-Pigment Spot Corrector anti-hiperpigmentación 5 ml,Eucerin,Rostro,Rostro,405,421.2,579,649,769,939,569,25.98,27.25,AMARILLO,A,1,https://cdn.shopify.com/s/files/1/0088/1937/6188/files/4005900559524_1.jpg,https://www.dermaexpress.com.mx/products/eucerin-anti-pigment-spot-corrector-5-ml,Dermaexpress
8423372026010,Genové Pilopeptan Shampoo anticaída 250 ml,Genove,Capilar,Cabello,536,557.44,715,859,1019,1239,699,20.25,22.04,AMARILLO,C,0,https://cdn.shopify.com/s/files/1/0088/1937/6188/products/8423372026010.jpg,https://www.dermaexpress.com.mx/products/pilopeptan-shampoo-250ml-8423372026010,Dermaexpress
4005900839626,Eucerin Sun Oil Control Protector solar FPS50+ tono claro para piel grasa 50 ml,Eucerin,Protección Solar,Solares,503,523.12,720,809,959,1169,699,25.16,27.34,AMARILLO,A,1,https://cdn.shopify.com/s/files/1/0088/1937/6188/files/4005900839626_2.jpg,https://www.dermaexpress.com.mx/products/eucerin-spf-50-oil-control-tono-claro-50ml,Dermaexpress
705105299372,DS Revita COR Acondicionador anticaída 205 ml,D.S.,Capilar,Cabello,549,570.96,687,879,1039,1269,719,20.59,16.89,ROJO,B,1,https://cdn.shopify.com/s/files/1/0088/1937/6188/files/689076362153_61355004-9106-4e76-882b-bb26f3cabca9.png,https://www.dermaexpress.com.mx/products/revita-cor-acondicionador-190ml-705105299372,Dermaexpress
3282770388916,Aderma Biology AC Global Crema hidratante anti-imperfecciones 40 ml,Aderma,Rostro,Rostro,575,598,719,919,1089,1329,749,20.16,16.83,ROJO,B,1,https://cdn.shopify.com/s/files/1/0088/1937/6188/files/3282770388916_1.jpg,https://www.dermaexpress.com.mx/products/biology-ac-global-40-ml,Dermaexpress
732013301606,Neostrata Enlighten Fluido Facial Despigmentante 30 ml,Neostrata,Rostro,Rostro,1300,1352,0,2079,2459,3009,2459,45.02,0,SIN_REF,A,1,https://cdn.shopify.com/s/files/1/0088/1937/6188/products/732013301606.png,https://www.dermaexpress.com.mx/products/enlighten-pigment-controller-fluido-30ml-732013300401,Dermaexpress
3401352000408,Noreva Sensidiane AR Crema Anti-Rojeces 30 ml,NOREVA,Rostro,Rostro,660,686.4,0,1059,1249,1529,1249,45.04,0,SIN_REF,C,0,https://cdn.shopify.com/s/files/1/0088/1937/6188/products/3401352000408.jpg,https://www.dermaexpress.com.mx/products/sensidiane-ar-crema-30ml,Dermaexpress
3337875663076,Vichy Normaderm phytosolution Gel limpiador pieles grasas con tendencia acneica 200 ml,Vichy,Rostro,Rostro,449,466.96,599,719,849,1039,589,20.72,22.04,AMARILLO,C,0,https://cdn.shopify.com/s/files/1/0088/1937/6188/files/3337875663076_11.jpg,https://www.dermaexpress.com.mx/products/normaderm-phytosolution-gel-limpiador-pieles-grasas-con-tendencia-acneica-200ml,Dermaexpress
7501273500516,Remexa-lipoderm c Crema 50 gr,Remexa,Rostro,Rostro,889,924.56,0,1429,1689,2059,1689,45.26,0,SIN_REF,B,1,https://cdn.shopify.com/s/files/1/0088/1937/6188/products/2257588.jpg,https://www.dermaexpress.com.mx/products/lipoderm-c-crema-50gr-7501273500516,Dermaexpress
3592619321609,Ducray Dexeryl Crema hidratante para piel seca 500 gr,Ducray,Cuerpo,Cuerpo,359,373.36,449,579,679,829,469,20.39,16.85,ROJO,B,1,https://cdn.shopify.com/s/files/1/0088/1937/6188/files/3592619321609_1_2.jpg,https://www.dermaexpress.com.mx/products/dexeryl-crema-3282776432026,Dermaexpress
8430340038418,Armstrong Pilexil Shampoo anticaspa caspa grasa 300 ml,Armstrong,Capilar,Capilares,816,848.64,0,1309,1549,1889,1549,45.21,0,SIN_REF,B,1,https://cdn.shopify.com/s/files/1/0088/1937/6188/files/03_PS_SHAMPOO_CASPA_GRASA_PILEXIL_2023.jpg,https://www.dermaexpress.com.mx/products/pilexil-shampoo-anticaspa-caspa-grasa-300-ml,Dermaexpress
7508006183329,Panalab Aminoter Reparage suero capilar 50 ml,Panalab,Capilar,Cabello,930,967.2,0,1489,1759,2149,1759,45.01,0,SIN_REF,B,1,https://cdn.shopify.com/s/files/1/0088/1937/6188/files/AminoterRepage_7508006183329_06.jpg,https://www.dermaexpress.com.mx/products/aminoter-reparage-50ml,Dermaexpress
7502003560442,Galderma Adaferin 3% Gel tratamiento anti acné 45 gr,Galderma,Rostro,Rostro,1019,1059.76,0,1639,1929,2359,1929,45.06,0,SIN_REF,B,1,https://cdn.shopify.com/s/files/1/0088/1937/6188/products/PS_Adaferin_03_45g.jpg,https://www.dermaexpress.com.mx/products/adaferin-3-gel-45gr,Dermaexpress
7501089804525,Armstrong LETI AT4 Leche corporal 250 ml,Armstrong,Cuerpo,Cuerpo,901,937.04,0,1449,1709,2089,1709,45.17,0,SIN_REF,B,1,https://cdn.shopify.com/s/files/1/0088/1937/6188/files/01_LETI_LECHE_CORPORAL_2023.jpg,https://www.dermaexpress.com.mx/products/leti-at4-leche-corporal-c-250-ml,Dermaexpress
7501089804518,"Armstrong LETI AT4, gel de baño corporal 250ml.",Armstrong,Cuerpo,Cuerpo,602,626.08,0,969,1139,1399,1139,45.03,0,SIN_REF,B,1,https://cdn.shopify.com/s/files/1/0088/1937/6188/files/01_LETI_GEL_DE_BANO_2023.jpg,https://www.dermaexpress.com.mx/products/leti-at4-gel-de-bano-corporal-250-ml,Dermaexpress
7612076457430,Cetaphil Sun Kids Protector solar FPS50+ para niños 150 ml,Cetaphil,Protección Solar,Solares,608,632.32,760,979,1149,1409,799,20.86,16.8,ROJO,B,1,https://cdn.shopify.com/s/files/1/0088/1937/6188/files/7612076457430_1.avif,https://www.dermaexpress.com.mx/products/cetaphil-sun-kids-fps50-locion-150-ml-7612076457430,Dermaexpress
3760269770508,Isispharma Uveblock FPS50+ Toque seco para pieles mixtas a grasas 40 ml,Isispharma,Protección Solar,Solares,528,549.12,660,849,999,1229,689,20.3,16.8,ROJO,B,1,https://cdn.shopify.com/s/files/1/0088/1937/6188/files/Diseno_sin_titulo_20.png,https://www.dermaexpress.com.mx/products/uveblock-fps-50-toque-seco-40ml,Dermaexpress
3282770152463,Avene loción micelar desmaquillante 200 ml,Avene,Rostro,Rostro,399,414.96,499,639,759,929,519,20.05,16.84,ROJO,B,1,https://cdn.shopify.com/s/files/1/0088/1937/6188/files/3282770152463_blanca.jpg,https://www.dermaexpress.com.mx/products/avene-locion-micelar-desmaquillante-200ml,Dermaexpress
3760269770997,Isispharma Neotone Radiance FPS50+ Tono claro Anti manchas 30 ml,Isispharma,Cuerpo,Cuerpo,696,723.84,870,1119,1319,1609,909,20.37,16.8,ROJO,C,0,https://cdn.shopify.com/s/files/1/0088/1937/6188/files/Diseno_sin_titulo_5_def16daf-22b4-466c-8a6c-8aba7792e64c.png,https://www.dermaexpress.com.mx/products/neotone-radiance-fps-50-tono-claro-30-ml,Dermaexpress
3760269770980,Isispharma Neotone Radiance FPS50+ Tono medio Anti manchas 30 ml,Isispharma,Cuerpo,Cuerpo,696,723.84,870,1119,1319,1609,909,20.37,16.8,ROJO,B,1,https://cdn.shopify.com/s/files/1/0088/1937/6188/files/Diseno_sin_titulo_6_b68d436a-d668-4e44-888f-0e80b01326ce.png,https://www.dermaexpress.com.mx/products/neotone-radiance-fps-50-tono-medio-30-ml,Dermaexpress
3401360049666,Isispharma Ruboril Leche desmaquillante para pieles sensibles 250 ml,Isispharma,Cuerpo,Cuerpo,388,403.52,486,629,739,899,509,20.72,16.97,ROJO,C,0,https://cdn.shopify.com/s/files/1/0088/1937/6188/files/3401360049666.jpg,https://www.dermaexpress.com.mx/products/ruboril-leche-dermaquillante-250ml,Dermaexpress
7502002460965,Farmapiel Sodimel Suplemento antioxidante antiedad 30 cáps,Farmapiel,Cuerpo,Cuerpo,979,1018.16,0,1569,1859,2269,1859,45.23,0,SIN_REF,B,1,https://cdn.shopify.com/s/files/1/0088/1937/6188/products/7502002460965_1.jpg,https://www.dermaexpress.com.mx/products/sodimel-capsulas-60,Dermaexpress
3337875632676,La Roche-Posay Toleriane Mascara Waterproof Máscara de pestañas a prueba de alergias 6 g,La Roche Posay,Rostro,Rostro,591,614.64,789,949,1119,1369,769,20.07,22.1,AMARILLO,C,0,https://cdn.shopify.com/s/files/1/0088/1937/6188/files/823da9cb-0079-4f7b-a052-00aa1aedfaea.jpg,https://www.dermaexpress.com.mx/products/toleriane-mascara-pestana-waterproof-noir,Dermaexpress
7501273500493,Remexa Dermoscalp shampoo 100 ml,Remexa,Capilar,Cabello,569,591.76,0,919,1079,1319,1079,45.16,0,SIN_REF,B,1,https://cdn.shopify.com/s/files/1/0088/1937/6188/products/7501273500493.jpg,https://www.dermaexpress.com.mx/products/dermoscalp-shampoo-100ml-7501273500493,Dermaexpress
7501273500271,Remexa Benzaderm jabón 100 gr,Remexa,Rostro,Rostro,249,258.96,0,399,479,579,479,45.94,0,SIN_REF,B,1,https://cdn.shopify.com/s/files/1/0088/1937/6188/files/REMEXA_9f8b54ea-814e-4836-a672-c66a628d4ac4.jpg,https://www.dermaexpress.com.mx/products/benzaderm-jabon-100gr-7501273500271,Dermaexpress
3433422401907,La Roche-Posay Respectissime Desmaquillante de ojos 125 ml,La Roche Posay,Rostro,Rostro,524,544.96,699,839,999,1219,689,20.91,22.04,AMARILLO,A,1,https://cdn.shopify.com/s/files/1/0088/1937/6188/files/c7882a46-1307-4fcc-af1e-3b8e320dacaa.jpg,https://www.dermaexpress.com.mx/products/respectissime-desmaquillante-125ml-3433422401907,Dermaexpress
816378022175,D.S Advanced Blemish defense suero anti-edad 30ml.,D.S.,Rostro,Rostro,961,999.44,1202,1539,1819,2229,1249,19.98,16.85,ROJO,C,0,https://cdn.shopify.com/s/files/1/0088/1937/6188/files/816378022175.png,https://www.dermaexpress.com.mx/products/advanced-blemish-defense-suero-30ml,Dermaexpress
816378022168,DS Advanced Dark Spot Corrector Sérum antimanchas 30 ml,D.S.,Rostro,Rostro,961,999.44,1202,1539,1819,2229,1249,19.98,16.85,ROJO,B,1,https://cdn.shopify.com/s/files/1/0088/1937/6188/files/816378022168.png,https://www.dermaexpress.com.mx/products/advanced-dark-spot-corrector-30ml,Dermaexpress
7503015500297,Euderma E&L Loción capilar anticaída 125 ml,Euderma,Capilar,Cabello,762,792.48,0,1219,1449,1769,1449,45.31,0,SIN_REF,C,0,https://cdn.shopify.com/s/files/1/0088/1937/6188/products/7503015500297.jpg,https://www.dermaexpress.com.mx/products/euderma-locion-capilar-125ml-7503015500297,Dermaexpress
732013301620,Neostrata Enlighten Gel Despigmentante 20 g,Neostrata,Rostro,Rostro,600,624,0,959,1139,1389,1139,45.22,0,SIN_REF,A,1,https://cdn.shopify.com/s/files/1/0088/1937/6188/files/neostrata-skin-lighten-e1630600937141.jpg,https://www.dermaexpress.com.mx/products/enlighten-gel-despigmentate-20gr-732013300739,Dermaexpress
732013301323,Neostrata Resurface Crema Facial Ultrasuavizante 40 gr,Neostrata,Rostro,Rostro,770,800.8,0,1239,1459,1779,1459,45.11,0,SIN_REF,C,0,https://cdn.shopify.com/s/files/1/0088/1937/6188/products/Adaptaciones-10.jpg,https://www.dermaexpress.com.mx/products/noes-crema-10-ultrasuavisante-40gr-732013080044,Dermaexpress
8429420222779,Isdin Isdinceutics Hyaluronic Moisture Hidratante piel normal a seca 50 gr,Isdin,Rostro,Rostro,749.7,779.69,1071,1199,1419,1739,1039,24.96,27.2,AMARILLO,A,1,https://cdn.shopify.com/s/files/1/0088/1937/6188/files/8429420222779.jpg,https://www.dermaexpress.com.mx/products/isdin-isdinceutics-hyaluronic-moisture-piel-normal-a-seca-50-g,Dermaexpress
3760269770492,Isispharma Neotone Prevent FPS50+ Claro Protector despigmentante con color 30 ml,Isispharma,Protección Solar,Solares,692,719.68,866,1109,1309,1599,899,19.95,16.9,ROJO,B,1,https://cdn.shopify.com/s/files/1/0088/1937/6188/products/NeotonePrevent50.jpg,https://www.dermaexpress.com.mx/products/neotone-prevent-crema-fps-50-claro-30ml,Dermaexpress
3401360049918,Isispharma Xerolan Spray reparador calmante Rehidrata la piel y alivia el ardor 150 ml,Isispharma,Cuerpo,Cuerpo,560,582.4,700,899,1059,1299,729,20.11,16.8,ROJO,B,1,https://cdn.shopify.com/s/files/1/0088/1937/6188/products/XerolanSpray.jpg,https://www.dermaexpress.com.mx/products/xerolan-spray-reparador-calmante-150ml,Dermaexpress
8429420172401,Isdin Isdinceutics Age Reverse Night Crema antiedad 50 ml,Isdin,Rostro,Rostro,1323,1375.92,1890,2119,2509,3059,1839,25.18,27.2,AMARILLO,A,1,https://cdn.shopify.com/s/files/1/0088/1937/6188/products/8429420172401.jpg,https://www.dermaexpress.com.mx/products/isdinceutics-a-g-e-reverse-night,Dermaexpress
732013302160,Neostrata Enlighten Gel Despigmentante para Manchas 40 gr,Neostrata,Rostro,Rostro,987,1026.48,0,1579,1869,2289,1869,45.08,0,SIN_REF,A,1,https://cdn.shopify.com/s/files/1/0088/1937/6188/products/732013302160.png,https://www.dermaexpress.com.mx/products/elighten-gel-despigmentante-40gr,Dermaexpress
8429420138346,Isdin Isdinceutics Flavo-C Melatonina Sérum reparador de noche 10 x 2 ml,Isdin,Rostro,Rostro,700,728,1000,1119,1329,1619,969,24.87,27.2,AMARILLO,C,0,https://cdn.shopify.com/s/files/1/0088/1937/6188/products/8429420145177_755eb5b7-c6d1-4dde-87dc-611ac11778eb.jpg,https://www.dermaexpress.com.mx/products/copia-de-isdinceutics-flavo-c-melatonina-noche-amp-10x2ml,Dermaexpress
7502224228787,Cell Pharma Kitoscell Gel cicatrizante 90 gr,Cell Pharma,Cuerpo,Cuerpo,2886,3001.44,0,4619,5459,6669,5459,45.02,0,SIN_REF,B,1,https://cdn.shopify.com/s/files/1/0088/1937/6188/products/7502224228787.jpg,https://www.dermaexpress.com.mx/products/kitoscell-gel-90-gr,Dermaexpress
8423372041006,Genové Fluidbase Gel hidratante con ácido glicólico 8% 30 ml,Genove,Rostro,Rostro,487,506.48,650,779,929,1129,639,20.74,22.08,AMARILLO,B,1,https://cdn.shopify.com/s/files/1/0088/1937/6188/products/Adaptaciones-26.jpg,https://www.dermaexpress.com.mx/products/fluidbase-8-gel-30ml-8423372041006,Dermaexpress
3282770388701,Aderma Exomega Aceite dermolimpiador para piel seca 500 ml,Aderma,Rostro,Cuerpo y rostro,423,439.92,529,679,799,979,549,19.87,16.84,ROJO,B,1,https://cdn.shopify.com/s/files/1/0088/1937/6188/files/Diseno_sin_titulo_890a3d12-8b88-44cc-b055-cc3d5fcb0378.png,https://www.dermaexpress.com.mx/products/exomega-aceite-500ml-eco-refil,Dermaexpress
732013301453,Neostrata Clarify Tónico Exfoliante para Piel Grasa o con Acné 100 ml,Neostrata,Rostro,Rostro,815,847.6,0,1309,1549,1889,1549,45.28,0,SIN_REF,A,1,https://cdn.shopify.com/s/files/1/0088/1937/6188/products/732013301453.png,https://www.dermaexpress.com.mx/products/neostrata-solucion-para-acne-100ml-732013080051,Dermaexpress
7502224227131,Cell Pharma Zaxcell Gel cicatrizante 30 gr,Cell Pharma,Cuerpo,Cuerpo,1153,1199.12,0,1849,2189,2669,2189,45.22,0,SIN_REF,B,1,https://cdn.shopify.com/s/files/1/0088/1937/6188/products/7502224227117.jpg,https://www.dermaexpress.com.mx/products/zaxcell-gel-30-gr,Dermaexpress
3282770209648,Aderma A-Cutalgan Spray reparador y calmante 100 ml,Aderma,Cuerpo,Cuerpo,383,398.32,479,619,729,889,499,20.18,16.84,ROJO,B,1,https://cdn.shopify.com/s/files/1/0088/1937/6188/products/3282770209648.jpg,https://www.dermaexpress.com.mx/products/a-cutalgan-spray-100ml,Dermaexpress
3282770074239,Aderma Exomega Gel limpiador para bebé 200 ml,Aderma,Cuerpo,Cuerpo,343,356.72,429,549,649,799,449,20.55,16.85,ROJO,B,1,https://cdn.shopify.com/s/files/1/0088/1937/6188/products/3282770074239.jpg,https://www.dermaexpress.com.mx/products/exomega-gel-bebe-200-ml,Dermaexpress
3282770388855,Aderma Biology AC Hydra Crema hidratante para piel mixta a grasa 40 ml,Aderma,Rostro,Rostro,527,548.08,659,849,999,1219,689,20.45,16.83,ROJO,B,1,https://cdn.shopify.com/s/files/1/0088/1937/6188/files/3282770388855_1.jpg,https://www.dermaexpress.com.mx/products/biology-ac-hydra-40ml,Dermaexpress
7703281001461,Italmex Umbrella FPS50+ Crema fotoprotectora para piel normal a seca 60 gr,Italmex,Protección Solar,Solares,627,652.08,784,1009,1189,1449,819,20.38,16.83,ROJO,C,0,https://cdn.shopify.com/s/files/1/0088/1937/6188/files/7703281001461_2.jpg,https://www.dermaexpress.com.mx/products/umbrella-crema-60gr-7703281001461,Dermaexpress
3337875597371,CeraVe Crema hidratante facial y corporal 50 ml,Cerave,Cuerpo,Cuerpo,126,131.04,169,209,239,299,169,22.46,22.46,AMARILLO,A,1,https://cdn.shopify.com/s/files/1/0088/1937/6188/files/926fd11d-2bdb-454e-9e72-7d7550f411e8.jpg,https://www.dermaexpress.com.mx/products/cerave-crema-hidratante-50ml,Dermaexpress
8429420050921,Isdin Niogermox 8% Solución antimicótica en laca 3.3 ml,Isdin,Cuerpo,Cuerpo,583.8,607.15,834,939,1109,1349,809,24.95,27.2,AMARILLO,A,1,https://cdn.shopify.com/s/files/1/0088/1937/6188/products/8429420050921.jpg,https://www.dermaexpress.com.mx/products/niogermox-8-solucion-8429420050921,Dermaexpress
8470001509840,Isdin Nutratopic Pro-AMP Gel de baño Emoliente para piel atópica 750 ml,Isdin,Cuerpo,Cuerpo,487.9,507.42,697,789,929,1129,679,25.27,27.2,AMARILLO,A,1,https://cdn.shopify.com/s/files/1/0088/1937/6188/products/8470001509840_23752b8f-f467-46ca-9456-950059532a6a.jpg,https://www.dermaexpress.com.mx/products/nutratopic-pro-amp-bano-750ml-8470001509840,Dermaexpress
8423372840210,Genové Pilopeptan Woman Mascarilla regeneradora 200 ml,Genove,Capilar,Cabello,765,795.6,1020,1229,1449,1769,999,20.36,22,AMARILLO,B,1,https://cdn.shopify.com/s/files/1/0088/1937/6188/products/8423372840210.jpg,https://www.dermaexpress.com.mx/products/pilopeptan-woman-mascarilla-200ml-8423372840210,Dermaexpress
8429420165472,Isdin Isdinceutics Instant Flash Efecto lifting inmediato 5 amp x 2 ml,Isdin,Rostro,Rostro,317.1,329.78,453,509,599,739,439,24.88,27.2,AMARILLO,A,1,https://cdn.shopify.com/s/files/1/0088/1937/6188/files/2_8f1aa026-ad56-4e7b-b6e9-629f65a30ec3.png,https://www.dermaexpress.com.mx/products/isdinceutics-instand-flash-c-5-ampolletas,Dermaexpress
8436574362442,Cantabria Labs Endocare Renewal Retinol Sérum antiedad 30 ml,Cantabria Labs,Rostro,Rostro,1100,1144,1295,1759,2079,2549,1429,19.94,11.66,ROJO,B,1,https://cdn.shopify.com/s/files/1/0088/1937/6188/products/EndocareRenewal_Retinol_Serum_Bottle.jpg,https://www.dermaexpress.com.mx/products/endocara-renewal-retinol-serum-30ml,Dermaexpress
7703281001454,Italmex Umbrella FPS50+ Fotoprotector en gel para piel grasa 60 gr,Italmex,Protección Solar,Solares,651,677.04,814,1049,1239,1509,849,20.25,16.83,ROJO,B,1,https://cdn.shopify.com/s/files/1/0088/1937/6188/files/7703281001454_2.jpg,https://www.dermaexpress.com.mx/products/umbrella-gel-60gr-7703281001454,Dermaexpress
4005900656063,Eucerin Hyaluron Filler Booster Hidratante 30 ml,Eucerin,Rostro,Rostro,587,610.48,839,939,1109,1359,819,25.46,27.24,AMARILLO,A,1,https://cdn.shopify.com/s/files/1/0088/1937/6188/files/4005900656063_2_f7c97c01-be27-4664-a3e8-2e8fc7e539fd.jpg,https://www.dermaexpress.com.mx/products/eucerin-hyaluron-filler-hydrating-booster,Dermaexpress
4005800268731,Eucerin Aquaphor Bálsamo reparador de labios SOS 10 ml,Eucerin,Rostro,Rostro,182,189.28,260,299,349,429,259,26.92,27.2,AMARILLO,A,1,https://cdn.shopify.com/s/files/1/0088/1937/6188/files/4005800268731_1.jpg,https://www.dermaexpress.com.mx/products/eucerin-aquaphor-reparador-de-labios-s-o-s-10-ml,Dermaexpress
8470001625069,Isdin Germisdin Intim Calm Higiene íntima 250 ml,Isdin,Cuerpo,Cuerpo,177.1,184.18,253,289,339,409,249,26.03,27.2,AMARILLO,A,1,https://cdn.shopify.com/s/files/1/0088/1937/6188/products/8470001625069_1.jpg,https://www.dermaexpress.com.mx/products/germisdin-intim-calm,Dermaexpress
4005800266409,Eucerin Sun Gel-Crema corporal Oil Control FPS50+ 200 ml,Eucerin,Protección Solar,Solares,576,599.04,824,929,1089,1339,799,25.03,27.3,AMARILLO,A,1,https://cdn.shopify.com/s/files/1/0088/1937/6188/files/10cb6643-e7c6-44c3-a2f6-500c8844088e.jpg,https://www.dermaexpress.com.mx/products/eucerin-sun-oil-control-toque-seco,Dermaexpress
4005900436993,Eucerin Dermopure Exfoliante para piel grasa y con tendencia acneica 100 ml,Eucerin,Rostro,Rostro,532,553.28,761,859,1009,1229,739,25.13,27.3,AMARILLO,C,0,https://cdn.shopify.com/s/files/1/0088/1937/6188/files/4005900436993_2.jpg,https://www.dermaexpress.com.mx/products/eucerin-dermopure-exfoliante-100ml-4005900436993,Dermaexpress
3401575243675,Isispharma Neotone Radiance FPS50+ Anti manchas 30 ml,Isispharma,Protección Solar,Solares,696,723.84,870,1119,1319,1609,909,20.37,16.8,ROJO,C,0,https://cdn.shopify.com/s/files/1/0088/1937/6188/files/Diseno_sin_titulo_13.png,https://www.dermaexpress.com.mx/products/neotone-radiance-fps-50-30ml,Dermaexpress
4005900324023,Eucerin Elasticity+Filler Crema facial de noche antiarrugas 50 ml,Eucerin,Rostro,Rostro,853,887.12,1219,1369,1619,1979,1189,25.39,27.23,AMARILLO,A,1,https://cdn.shopify.com/s/files/1/0088/1937/6188/files/Diseno_sin_titulo_5_f0f7b83a-d5e3-42aa-b620-cdd1b2c92b2c.png,https://www.dermaexpress.com.mx/products/hyaluron-filler-elasticity-night-cream-50ml,Dermaexpress
4005900903273,Eucerin Anti-Pigment Skin Perfecting Sérum de día y noche anti-hiperpigmentación 30 ml,Eucerin,Rostro,Rostro,826,859.04,1180,1329,1569,1909,1149,25.24,27.2,AMARILLO,A,1,https://cdn.shopify.com/s/files/1/0088/1937/6188/files/4005900903273_1.jpg,https://www.dermaexpress.com.mx/products/eucerin-anti-pigment-only-skin-ultra-ligth-serum-30ml,Dermaexpress
3760269770546,Isispharma Glyco-A Peeling intenso Crema de noche con 25% de ácido glicólico 30 ml,Isispharma,Rostro,Rostro,720,748.8,900,1159,1369,1669,939,20.26,16.8,ROJO,B,1,https://cdn.shopify.com/s/files/1/0088/1937/6188/products/DERMAINTENSEPEELING.jpg,https://www.dermaexpress.com.mx/products/glyco-a-peeling-intenso-30ml,Dermaexpress
3760269770553,Isispharma Glyco-A Body Peeling corporal 200 ml,Isispharma,Cuerpo,Cuerpo,799,830.96,999,1279,1519,1849,1039,20.02,16.82,ROJO,C,0,https://cdn.shopify.com/s/files/1/0088/1937/6188/files/Diseno_sin_titulo_7_470cb769-03d7-4d85-bdf4-3731e5dd2e2f.png,https://www.dermaexpress.com.mx/products/glyco-a-body-peeling-corporal-200ml,Dermaexpress
3401399521621,Isispharma Urelia 10% Crema hidratante exfoliante para piel escamosa 150 ml,Isispharma,Cuerpo,Cuerpo,428,445.12,535,689,809,989,559,20.37,16.8,ROJO,B,1,https://cdn.shopify.com/s/files/1/0088/1937/6188/products/Urelia10.jpg,https://www.dermaexpress.com.mx/products/urelia-urea-10-150ml,Dermaexpress
3282770154085,Aderma Biology Espuma limpiadora para piel normal a seca 150 ml,Aderma,Rostro,Rostro,431,448.24,539,689,819,999,569,21.22,16.84,ROJO,B,1,https://cdn.shopify.com/s/files/1/0088/1937/6188/files/3282770154085.jpg,https://www.dermaexpress.com.mx/products/biology-espuma-limpiadora-150-ml,Dermaexpress
3282770153255,Ducray Neoptide Expert Sérum anticaída 50 ml,Ducray,Capilar,Cabello,975,1014,1219,1559,1849,2259,1269,20.09,16.82,ROJO,B,1,https://cdn.shopify.com/s/files/1/0088/1937/6188/files/3282770153255_2.jpg,https://www.dermaexpress.com.mx/products/neoptide-expert-250ml-serum-anticaida-y-propicia-el-crecimiento-del-cabello,Dermaexpress
3282770152999,Aderma Biology AC Gel espumoso para piel grasa 200 ml,Aderma,Rostro,Rostro,447,464.88,559,719,849,1039,589,21.07,16.84,ROJO,B,1,https://cdn.shopify.com/s/files/1/0088/1937/6188/files/3282770152999.jpg,https://www.dermaexpress.com.mx/products/biology-ac-gel-espumoso-purificante-200-ml,Dermaexpress
3282770146691,Aderma Biology Anti-rojeces Crema calmante para piel con rosácea 40 ml,Aderma,Rostro,Rostro,511,531.44,639,819,969,1189,669,20.56,16.83,ROJO,B,1,https://cdn.shopify.com/s/files/1/0088/1937/6188/files/3282770146691_1.jpg,https://www.dermaexpress.com.mx/products/biology-anti-rojeces-crema-calmante,Dermaexpress
3282770146677,Aderma Biology Crema hidratante 40 ml,Aderma,Rostro,Rostro,439,456.56,549,709,839,1019,579,21.15,16.84,ROJO,B,1,https://cdn.shopify.com/s/files/1/0088/1937/6188/files/3282770146677_1.jpg,https://www.dermaexpress.com.mx/products/biology-crema-dermatologica-hidratante,Dermaexpress
3499320015530,Cetaphil Gel limpiador facial para piel grasa 473 ml,Cetaphil,Rostro,Rostro,424,440.96,606,679,809,979,589,25.13,27.23,AMARILLO,A,1,https://cdn.shopify.com/s/files/1/0088/1937/6188/files/3499320015530_1__1.avif,https://www.dermaexpress.com.mx/products/cetaphil-limpiador-facial-diario-para-piel-grasa-473-ml,Dermaexpress
7501089804389,Armstrong LETI AT4 Crema corporal hidratante 200 ml,Armstrong,Cuerpo,Cuerpo,906,942.24,0,1449,1719,2099,1719,45.19,0,SIN_REF,B,1,https://cdn.shopify.com/s/files/1/0088/1937/6188/files/03_LETI_CREMA_CORPORAL_2023.jpg,https://www.dermaexpress.com.mx/products/leti-at4-crema-corporal-hidratante-200-ml,Dermaexpress
7501089804471,Armstrong Pilexil  Suplemento en cápsulas c/100.,Armstrong,Capilar,Capilares,1675,1742,0,2679,3169,3879,3169,45.03,0,SIN_REF,B,1,https://cdn.shopify.com/s/files/1/0088/1937/6188/files/01_PS_CAPSULAS_ANTICAIDA_PILEXIL_2023.jpg,https://www.dermaexpress.com.mx/products/pilexil-capsulas-caja-c-100,Dermaexpress
7501089804532,Armstrong LETI AT4 Shampoo para piel atópica 250 ml,Armstrong,Capilar,Capilares,746,775.84,0,1199,1419,1729,1419,45.32,0,SIN_REF,B,1,https://cdn.shopify.com/s/files/1/0088/1937/6188/files/01_LETI_SHAMPOO_2023.jpg,https://www.dermaexpress.com.mx/products/leti-at4-shampoo-fco-250-ml,Dermaexpress
8470001520357,Armstrong Pilexil loción capilar anticaída 120 ml,Armstrong,Capilar,Capilares,1424,1480.96,0,2279,2699,3299,2699,45.13,0,SIN_REF,B,1,https://cdn.shopify.com/s/files/1/0088/1937/6188/files/03_PS_SPRAY_ANTICAIDA_PILEXIL_2023.jpg,https://www.dermaexpress.com.mx/products/pilexil-locion-capilar-120-ml,Dermaexpress
8470001657909,Armstrong Pilexil Forte Kit 15 + 5 ampolletas anticaída 5 ml,Armstrong,Capilar,Capilares,1724,1792.96,0,2759,3259,3989,3259,44.98,0,SIN_REF,B,1,https://cdn.shopify.com/s/files/1/0088/1937/6188/files/01_PS_AMPOLLETAS_ANTICAIDA_PILEXIL_2023.jpg,https://www.dermaexpress.com.mx/products/pilexil-forte-ampolletas,Dermaexpress
8470002063754,Armstrong Pilexil Shampoo anticaída 300 ml,Armstrong,Capilar,Capilares,819,851.76,0,1319,1549,1899,1549,45.01,0,SIN_REF,B,1,https://cdn.shopify.com/s/files/1/0088/1937/6188/files/02_PS_SHAMPOO_ANTICAIDA_PILEXIL_2023.jpg,https://www.dermaexpress.com.mx/products/pilexil-shampoo-anticaida-300-ml,Dermaexpress
7503015500228,Euderma Protecsol E fotoprotector pediátrico 100ml.,Euderma,Protección Solar,Solares,596,619.84,0,959,1129,1379,1129,45.1,0,SIN_REF,C,0,https://cdn.shopify.com/s/files/1/0088/1937/6188/products/7503015500228.jpg,https://www.dermaexpress.com.mx/products/protecsol-e-peques-100ml-7503015500228,Dermaexpress
3760095252803,ACM Rosakalm Crema antirrojeces para rostro 40 ml,ACM,Rostro,Rostro,475,494,0,759,899,1099,899,45.05,0,SIN_REF,B,1,https://cdn.shopify.com/s/files/1/0088/1937/6188/products/RosakalmCrema.jpg,https://www.dermaexpress.com.mx/products/rosakalm-crema-antirojeces-rostro-40ml,Dermaexpress
3571940000421,Noreva Psoriane Shampoo Anti-Escamas 125 ml,NOREVA,Capilar,Cabello,630,655.2,0,1009,1199,1459,1199,45.35,0,SIN_REF,B,1,https://cdn.shopify.com/s/files/1/0088/1937/6188/products/30_PSORIANE_Shampoo_intensivo_calmante_anti-escamas_copia.jpg,https://www.dermaexpress.com.mx/products/psoriane-shampoo-125ml,Dermaexpress
4005900728807,Eucerin Elasticity+Filler Crema facial de día antiarrugas FPS30 50 ml,Eucerin,Rostro,Rostro,853,887.12,1219,1369,1619,1979,1189,25.39,27.23,AMARILLO,A,1,https://cdn.shopify.com/s/files/1/0088/1937/6188/files/4005900728807_1.jpg,https://www.dermaexpress.com.mx/products/hyaluron-filler-elasticity-crema-de-dia-fps-30,Dermaexpress
3337871323332,Vichy Liftactiv derm origen Ojos Tratamiento anti-edad 15 ml,Vichy,Rostro,Rostro,824,856.96,1099,1319,1559,1909,1079,20.58,22.02,AMARILLO,A,1,https://cdn.shopify.com/s/files/1/0088/1937/6188/files/3337871323332_10.jpg,https://www.dermaexpress.com.mx/products/liftactiv-derm-origen-ojos-15ml-3337871323332,Dermaexpress
8423372800399,Genové Detox Agua micelar con bomba inversa 300 ml,Genove,Rostro,Rostro,352,366.08,470,569,669,819,459,20.24,22.11,AMARILLO,B,1,https://cdn.shopify.com/s/files/1/0088/1937/6188/products/8423372800399-GENOVEDETOXAGUAMICELAR300ML.jpg,https://www.dermaexpress.com.mx/products/detox-agua-micelar-c-bomba-inversa-300-ml,Dermaexpress
8470003854764,Isdin Germisdin Gel de baño Sin jabón 250 ml,Isdin,Cuerpo,Cuerpo,203,211.12,290,329,389,469,289,26.95,27.2,AMARILLO,A,1,https://cdn.shopify.com/s/files/1/0088/1937/6188/products/8470003854764.jpg,https://www.dermaexpress.com.mx/products/germisdin-gel-bano-sin-jabon-250ml,Dermaexpress
3337875597296,CeraVe Crema renovadora de pies 88 ml,Cerave,Cuerpo,Cuerpo,366,380.64,489,589,699,849,479,20.53,22.16,AMARILLO,A,1,https://cdn.shopify.com/s/files/1/0088/1937/6188/files/75ab02da-60ed-485b-b0d2-959e0f0eb9f6.jpg,https://www.dermaexpress.com.mx/products/cerave-crema-pies-88ml-3337875597296,Dermaexpress
8429420227606,Isdin Acniben Gel matificante Limpiador para piel grasa con tendencia acnéica 200 ml,Isdin,Rostro,Rostro,361.2,375.65,516,579,689,839,509,26.2,27.2,AMARILLO,A,1,https://cdn.shopify.com/s/files/1/0088/1937/6188/products/8429420227606.jpg,https://www.dermaexpress.com.mx/products/acniben-gel-matificante-200ml,Dermaexpress
7705849004013,Italmex Glicolic Crema restauradora de pieles resecas 60 gr,Italmex,Rostro,Rostro,828,861.12,1035,1329,1569,1919,1079,20.19,16.8,ROJO,B,1,https://cdn.shopify.com/s/files/1/0088/1937/6188/products/7705849004013.jpg,https://www.dermaexpress.com.mx/products/glicolic-crema-60gr-7705849004013,Dermaexpress
3499320001946,Galderma Adaferin Crema para pieles con acné 30 gr,Galderma,Rostro,Rostro,843,876.72,0,1349,1599,1949,1599,45.17,0,SIN_REF,C,0,https://cdn.shopify.com/s/files/1/0088/1937/6188/products/PS_Adaferin_crema_01_30g.jpg,https://www.dermaexpress.com.mx/products/adaferin-crema-30gr-3499320001946,Dermaexpress
3282776367410,Avene Protector Solar FPS50+ crema corporal 100 ml,Avene,Protección Solar,Solares,559,581.36,699,899,1059,1299,729,20.25,16.83,ROJO,C,0,https://cdn.shopify.com/s/files/1/0088/1937/6188/products/3282776367410_1.jpg,https://www.dermaexpress.com.mx/products/bloqueador-fps50-crema-corporal-100ml-3282776367410,Dermaexpress
3401399540141,Noreva Exfoliac Roll-on Anti-Imperfecciones 5 ml,NOREVA,Rostro,Rostro,350,364,0,559,669,809,669,45.59,0,SIN_REF,B,1,https://cdn.shopify.com/s/files/1/0088/1937/6188/products/3401399540141.jpg,https://www.dermaexpress.com.mx/products/exfoliac-roll-on-anti-imperfecciones-5ml,Dermaexpress
7508006182544,"Panalab Aminoter Shampoo, protección y reparación capilar 300ml.",Panalab,Capilar,Cabello,1030,1071.2,0,1649,1949,2389,1949,45.04,0,SIN_REF,C,0,https://cdn.shopify.com/s/files/1/0088/1937/6188/files/AminoterShampoo300_7508006182544_05.jpg,https://www.dermaexpress.com.mx/products/aminoter-shampoo-300ml,Dermaexpress
7501258200011,Advaita Dalidome Polvo en sobres 12 x 2 g,Advaita,Cuerpo,Cuerpo,400,416,0,639,759,929,759,45.19,0,SIN_REF,B,1,https://cdn.shopify.com/s/files/1/0088/1937/6188/files/7501258200011.png,https://www.dermaexpress.com.mx/products/dalidome-polvo-12-sobres-de-2gr-7501258200011,Dermaexpress
8429420222946,Isdin Isdinceutics Hyaluronic Moisture Refill Piel normal a seca 50 gr,Isdin,Rostro,Rostro,580.3,603.51,829,929,1099,1349,809,25.4,27.2,AMARILLO,A,1,https://cdn.shopify.com/s/files/1/0088/1937/6188/files/cba43c4b-5254-4192-9cfe-23c0233f776d.jpg,https://www.dermaexpress.com.mx/products/isdin-isdinceutics-hyaluronic-moisture-piel-normal-a-seca-refill-50-g,Dermaexpress
8429420223028,Isdin Isdinceutics Hyaluronic Moisture Refill Hidratante para piel sensible 50 gr,Isdin,Rostro,Rostro,580.3,603.51,829,929,1099,1349,809,25.4,27.2,AMARILLO,A,1,https://cdn.shopify.com/s/files/1/0088/1937/6188/files/be544d7e-52e8-4050-9f6c-7eb2bb4bdf0c.jpg,https://www.dermaexpress.com.mx/products/isdin-isdinceutics-hyaluronic-moisture-piel-sensitive-refill-50-g,Dermaexpress
3282770152555,Avene Leche desmaquillante para piel sensible 200 ml,Avene,Rostro,Rostro,439,456.56,549,709,839,1019,579,21.15,16.84,ROJO,B,1,https://cdn.shopify.com/s/files/1/0088/1937/6188/files/3282770152555_1.jpg,https://www.dermaexpress.com.mx/products/av-lait-desmaquillante-200ml,Dermaexpress
3282770074628,Aderma Exomega Control Crema calmante para piel seca 400 ml,Aderma,Cuerpo,Cuerpo,599,622.96,749,959,1139,1389,779,20.03,16.83,ROJO,B,1,https://cdn.shopify.com/s/files/1/0088/1937/6188/products/3282770074628-M-EXO-BALSAMO-CONTROL-400_44d468b8-9378-4366-8618-e0f0b835ade4.png,https://www.dermaexpress.com.mx/products/copy-of-exomega-control-balsamo,Dermaexpress
7703281001447,Italmex Umbrella Plus Fotoprotector en spray para todo tipo de piel 120 gr,Italmex,Protección Solar,Solares,724,752.96,905,1159,1369,1679,949,20.66,16.8,ROJO,B,1,https://cdn.shopify.com/s/files/1/0088/1937/6188/files/7703281001447_8.jpg,https://www.dermaexpress.com.mx/products/umbrella-plus-120gr-7703281001447,Dermaexpress
3337872411083,La Roche-Posay Effaclar Gel Espumoso Purificante Limpiador facial para piel grasa y sensible 200 ml,La Roche Posay,Rostro,Rostro,474,492.96,632,759,899,1099,619,20.36,22,AMARILLO,C,0,https://cdn.shopify.com/s/files/1/0088/1937/6188/files/79bf6cec-52b2-4131-972e-d877adf323f6.jpg,https://www.dermaexpress.com.mx/products/effaclar-gel-3337872411083,Dermaexpress
5701943010853,Italmex Perspirex Strong Roll-on Antitranspirante 20 ml,Italmex,Cuerpo,Cuerpo,593,616.72,742,949,1129,1379,779,20.83,16.88,ROJO,B,1,https://cdn.shopify.com/s/files/1/0088/1937/6188/products/Adaptaciones-03.jpg,https://www.dermaexpress.com.mx/products/perspirex-strong-roll-on-20ml-5701943010853,Dermaexpress
3282779522656,Aderma Xera-Mega Crema hidratante para piel frágil 400 ml,Aderma,Cuerpo,Cuerpo,471,489.84,589,759,899,1089,619,20.87,16.84,ROJO,C,0,https://cdn.shopify.com/s/files/1/0088/1937/6188/products/3282779522656_1.jpg,https://www.dermaexpress.com.mx/products/xera-mega-crema-400ml-3282779522656,Dermaexpress
7503015500181,Euderma Nutrapiel Crema emoliente para piel sensible y atópica 120 gr,Euderma,Cuerpo,Cuerpo,662,688.48,0,1059,1259,1529,1259,45.32,0,SIN_REF,B,1,https://cdn.shopify.com/s/files/1/0088/1937/6188/products/7503015500181.jpg,https://www.dermaexpress.com.mx/products/nutrapiel-crema-120gr-7503015500181,Dermaexpress
7503015500020,Euderma Cliniderm Crema dermolimpiadora desmaquillante 240 ml,Euderma,Rostro,Rostro,309,321.36,0,499,589,719,589,45.44,0,SIN_REF,B,1,https://cdn.shopify.com/s/files/1/0088/1937/6188/products/7503015500020.jpg,https://www.dermaexpress.com.mx/products/clinderm-240ml-7503015500020,Dermaexpress
732013301378,Neostrata Restore Crema  Facial Lactibionica 40gr.,Neostrata,Rostro,Rostro,929,966.16,0,1489,1759,2149,1759,45.07,0,SIN_REF,C,0,https://cdn.shopify.com/s/files/1/0088/1937/6188/products/732013301378.png,https://www.dermaexpress.com.mx/products/neostrata-crema-lactibionica-40gr-732013084080,Dermaexpress
7501258210270,Advaita Astopil Espuma 5% tratamiento para alopecia 15 gr,Advaita,Capilar,Cabello,296,307.84,0,479,559,689,559,44.93,0,SIN_REF,B,1,https://cdn.shopify.com/s/files/1/0088/1937/6188/products/PSASTOPIL15G1.jpg,https://www.dermaexpress.com.mx/products/astopil-5-1-espuma-15gr,Dermaexpress
3337875796583,Vichy Liftactiv supreme vit c Sérum antioxidante para una piel más luminosa 20 ml,Vichy,Rostro,Rostro,936,973.44,1249,1499,1769,2169,1219,20.14,22.06,AMARILLO,A,1,https://cdn.shopify.com/s/files/1/0088/1937/6188/files/3337875796583_12.jpg,https://www.dermaexpress.com.mx/products/liftactiv-supreme-vic-c-skin-cor-b20ml-1,Dermaexpress
3337871322502,Vichy Liftactiv derm origen Noche Tratamiento anti-edad 50 ml,Vichy,Rostro,Rostro,1049,1090.96,1399,1679,1989,2429,1369,20.31,22.02,AMARILLO,A,1,https://cdn.shopify.com/s/files/1/0088/1937/6188/files/image_1024.png,https://www.dermaexpress.com.mx/products/liftactiv-derm-origen-noche-50ml-3337871322502,Dermaexpress
3337875572378,Vichy Dermablend líquido #30 beige Base de alta cobertura 30 ml,Vichy,Rostro,Rostro,809,841.36,1079,1299,1529,1869,1059,20.55,22.02,AMARILLO,C,0,https://cdn.shopify.com/s/files/1/0088/1937/6188/products/3337875572378_1.jpg,https://www.dermaexpress.com.mx/products/dermablend-base-de-maquillaje-fluida-t30-30ml,Dermaexpress
8423372040023,Genové Fluidbase Rederm Loción AHA 10% 250 ml,Genove,Cuerpo,Cuerpo,660,686.4,880,1059,1249,1529,859,20.09,22,AMARILLO,B,1,https://cdn.shopify.com/s/files/1/0088/1937/6188/products/Adaptaciones-23.jpg,https://www.dermaexpress.com.mx/products/fluidbase-10-locion-250ml-8423372040023,Dermaexpress
3337875419802,Vichy Ideal soleil fps50+ Anti-dark Cuidado protector anti-manchas 50 ml,Vichy,Protección Solar,Solares,599,622.96,799,959,1139,1389,779,20.03,22.03,AMARILLO,A,1,https://cdn.shopify.com/s/files/1/0088/1937/6188/files/a736504d-9856-448b-8867-ea810b695932.jpg,https://www.dermaexpress.com.mx/products/capital-soleil-fps50-anti-dark-50ml-3337875419802,Dermaexpress
8470002089471,Cantabria Labs Iraltone Loción anticaída 100 ml,Cantabria Labs,Capilar,Cabello,845,878.8,995,1359,1599,1959,1099,20.04,11.68,ROJO,B,1,https://cdn.shopify.com/s/files/1/0088/1937/6188/files/1_2cfb409a-9d34-4fcf-b579-74c567edc3f1.jpg,https://www.dermaexpress.com.mx/products/iraltone-locion-anticaida-100ml,Dermaexpress
8429420236769,Isdin Acniben Mascarilla facial Purificante ideal para piel grasa 75 ml,Isdin,Rostro,Rostro,371,385.84,530,599,709,859,519,25.66,27.2,AMARILLO,A,1,https://cdn.shopify.com/s/files/1/0088/1937/6188/files/8429420236769.jpg,https://www.dermaexpress.com.mx/products/isdin-acniben-mascarilla-facial-purificante-75ml,Dermaexpress
3337875840620,CeraVe Loción hidratante facial con FPS30 para piel seca 52 ml,Cerave,Rostro,Rostro,411,427.44,549,659,779,949,539,20.7,22.14,AMARILLO,A,1,https://cdn.shopify.com/s/files/1/0088/1937/6188/files/Diseno_sin_titulo_8.png,https://www.dermaexpress.com.mx/products/locion-hidratante-de-rostro-fps30-piel-seca-52ml,Dermaexpress
3282770200591,Avene DermAbsolu Suero reparador antiedad 30 ml,Avene,Rostro,Rostro,1079,1122.16,1349,1729,2049,2499,1409,20.36,16.82,ROJO,B,1,https://cdn.shopify.com/s/files/1/0088/1937/6188/products/18-DERMABSOLU-Serum-flacon-30ml.jpg,https://www.dermaexpress.com.mx/products/dermabsolu-suero-40ml,Dermaexpress
30106659,La Roche-Posay Cicaplast Balsamo Labios Hidratante y reparador de labios 7.5 ml,La Roche Posay,Rostro,Rostro,299,310.96,399,479,569,699,389,20.06,22.07,AMARILLO,A,1,https://cdn.shopify.com/s/files/1/0088/1937/6188/files/5ee5d29c-037f-462f-8a7c-3080800d4fc6.jpg,https://www.dermaexpress.com.mx/products/cicaplast-labios-7-5ml-30106659,Dermaexpress
3282770200553,Avene Dermabsolu Contorno de ojos antiedad 15 ml,Avene,Rostro,Rostro,1015,1055.6,1269,1629,1919,2349,1319,19.97,16.82,ROJO,C,0,https://cdn.shopify.com/s/files/1/0088/1937/6188/products/18-Tube-Soin-regard-DermAbsolu-15ml-face.jpg,https://www.dermaexpress.com.mx/products/dermabsolu-ojos-15ml,Dermaexpress
7508006182605,Panalab Proavenal Omegatopic Crema Emoliente 250gr.,Panalab,Cuerpo,Cuerpo,644,669.76,0,1039,1219,1489,1219,45.06,0,SIN_REF,B,1,https://cdn.shopify.com/s/files/1/0088/1937/6188/files/7508006182605.6.jpg,https://www.dermaexpress.com.mx/products/proavenal-omegatopic-250gr,Dermaexpress
3337875847292,La Roche-Posay Anthelios UVMune 400 Oil Control Fluido FPS50+ Protector solar para piel mixta y grasa con tendencia al brillo 50 ml,La Roche Posay,Protección Solar,Solares,599,622.96,799,959,1139,1389,779,20.03,22.03,AMARILLO,A,1,https://cdn.shopify.com/s/files/1/0088/1937/6188/files/6ad051f2-64d2-4a4e-8beb-39c06a27123a.jpg,https://www.dermaexpress.com.mx/products/anthelios-uv-mune-400-oil-control-fluido-fps-50,Dermaexpress
3337875847087,"La Roche-Posay Protector Solar Anthelios UVMune 400 Oil Control Fluido con color FPS 50+ para piel mixta, grasa y con tendencia al brillo 50 ml",La Roche Posay,Protección Solar,Solares,599,622.96,799,959,1139,1389,779,20.03,22.03,AMARILLO,A,1,https://cdn.shopify.com/s/files/1/0088/1937/6188/files/044a32f6-be1e-44f0-82da-ada69b3f7331.jpg,https://www.dermaexpress.com.mx/products/anthelios-uv-mune-400-oil-control-fluido-fps-50-con-color,Dermaexpress
3337875806923,La Roche-Posay Hyalu B5 Sérum Revitalizante de Ojos Anti-arrugas e hidratante para el contorno de ojos 15 ml,La Roche Posay,Rostro,Rostro,876,911.04,1169,1409,1659,2029,1139,20.01,22.07,AMARILLO,A,1,https://cdn.shopify.com/s/files/1/0088/1937/6188/files/6_47f222af-936f-4459-b3b3-3d1a6eef8756.png,https://www.dermaexpress.com.mx/products/la-roche-posay-hyalu-b5-serum-de-ojos-15ml,Dermaexpress
3337875797719,La Roche-Posay Crema Hidratante Anthelios UVMune 400 FPS 50+ Para piel sensible 50 ml,La Roche Posay,Protección Solar,Solares,599,622.96,799,959,1139,1389,779,20.03,22.03,AMARILLO,A,1,https://cdn.shopify.com/s/files/1/0088/1937/6188/files/3337875797719_1.jpg,https://www.dermaexpress.com.mx/products/anthelios-uv-mune-400-crema-invisible-fps50,Dermaexpress
3337875797689,La Roche-Posay Crema Hidratante con color Anthelios UVMune 400 FPS 50+ Protector solar facial para piel sensible 50 ml,La Roche Posay,Protección Solar,Solares,599,622.96,799,959,1139,1389,779,20.03,22.03,AMARILLO,A,1,https://cdn.shopify.com/s/files/1/0088/1937/6188/files/3337875797689_1.jpg,https://www.dermaexpress.com.mx/products/anthelios-uv-mune-400-crema-con-color-fps50,Dermaexpress
3337875774031,Vichy Neovadiol Post-menopausia Crema de día nutritiva antiflacidez 50 ml,Vichy,Rostro,Rostro,1124,1168.96,1499,1799,2129,2599,1469,20.42,22.02,AMARILLO,A,1,https://cdn.shopify.com/s/files/1/0088/1937/6188/files/3337875774031_11.jpg,https://www.dermaexpress.com.mx/products/crema-antiedad-de-dia-post-menopausia-vichy-neovadiol-50ml,Dermaexpress
3337875773980,Vichy Neovadiol meno 5 bi-sérum Suero anti-arrugas manchas y flacidez 30 ml,Vichy,Rostro,Rostro,1124,1168.96,1499,1799,2129,2599,1469,20.42,22.02,AMARILLO,A,1,https://cdn.shopify.com/s/files/1/0088/1937/6188/files/3337875773980_12.jpg,https://www.dermaexpress.com.mx/products/bi-serum-meno-5-reafirmante-y-nutritivo-vichy-neovadiol-30ml,Dermaexpress
7501258212687,Advaita Dermalive Crema 30gr,Advaita,Cuerpo,Cuerpo,552,574.08,0,889,1049,1279,1049,45.27,0,SIN_REF,B,1,https://cdn.shopify.com/s/files/1/0088/1937/6188/products/DERMA_IND_F_1200_72.jpg,https://www.dermaexpress.com.mx/products/dermalive-crema-30gr-7501258212687,Dermaexpress
3499320002868,Galderma Clobexpro Loción para piel con dermatitis 59 ml,Galderma,Cuerpo,Cuerpo,1130,1175.2,0,1809,2139,2619,2139,45.06,0,SIN_REF,B,1,https://cdn.shopify.com/s/files/1/0088/1937/6188/products/ClobexPROLOC1200x1200.jpg,https://www.dermaexpress.com.mx/products/clobexpro-locion-59ml-3499320002868,Dermaexpress
689076724531,DS Spectral RS Loción estimulante capilar 60 ml,D.S.,Capilar,Cabello,696,723.84,871,1119,1319,1609,909,20.37,16.9,ROJO,B,1,https://cdn.shopify.com/s/files/1/0088/1937/6188/files/689076724531-2_856a986e-ed9b-4964-a704-bfa7983ee226.png,https://www.dermaexpress.com.mx/products/spectral-rs-locion-60ml-689076724531,Dermaexpress
3337872413025,La Roche-Posay Effaclar Mat Hidratante facial matificante para piel grasa 40 ml,La Roche Posay,Rostro,Rostro,711,739.44,949,1139,1349,1649,929,20.4,22.08,AMARILLO,A,1,https://cdn.shopify.com/s/files/1/0088/1937/6188/files/f3340773-f0c4-42fc-9b9f-5424aa9facda.jpg,https://www.dermaexpress.com.mx/products/effaclar-mat-40ml-3337872413025,Dermaexpress
3282770152371,Avene Espuma limpiadora 150 ml,Avene,Rostro,Rostro,439,456.56,549,709,839,1019,579,21.15,16.84,ROJO,B,1,https://cdn.shopify.com/s/files/1/0088/1937/6188/files/3282770152371_1.jpg,https://www.dermaexpress.com.mx/products/a-av-mousse-nottoyante-150ml,Dermaexpress
3282770149111,Avene Protector Solar FPS50+ fluido con color 50 ml,Avene,Protección Solar,Solares,559,581.36,699,899,1059,1299,729,20.25,16.83,ROJO,C,0,https://cdn.shopify.com/s/files/1/0088/1937/6188/files/3282770149111_1.jpg,https://www.dermaexpress.com.mx/products/avene-fluido-con-color-50-protector-solar,Dermaexpress
3282770149074,Avene Protector solar FPS50+ Fluido sin color 50 ml,Avene,Protección Solar,Solares,559,581.36,699,899,1059,1299,729,20.25,16.83,ROJO,B,1,https://cdn.shopify.com/s/files/1/0088/1937/6188/files/3282770149074_1.jpg,https://www.dermaexpress.com.mx/products/avene-fluido-50-protector-solar,Dermaexpress
4005800021930,Eucerin Hyaluron Filler Día FPS 15 50 ml,Eucerin,Rostro,Rostro,843,876.72,1205,1349,1599,1949,1169,25,27.24,AMARILLO,A,1,https://cdn.shopify.com/s/files/1/0088/1937/6188/files/4005800021930_1_8019e5cf-100d-4548-a422-7019ccd4645d.jpg,https://www.dermaexpress.com.mx/products/eucerin-hyaluron-filler-crema-dia-fps15-50ml-4005800021930,Dermaexpress
4005800634864,Eucerin Hyaluron-Filler Crema facial antiarrugas de noche 50 ml,Eucerin,Rostro,Rostro,843,876.72,1205,1349,1599,1949,1169,25,27.24,AMARILLO,A,1,https://cdn.shopify.com/s/files/1/0088/1937/6188/files/4005800634864_2.jpg,https://www.dermaexpress.com.mx/products/eucerin-hyaluron-noche-50ml-4005800634864,Dermaexpress
7501273500370,Remexa-liniderm Crema 120 gr,Remexa,Cuerpo,Cuerpo,319,331.76,0,519,609,739,609,45.52,0,SIN_REF,B,1,https://cdn.shopify.com/s/files/1/0088/1937/6188/products/7501273500370.jpg,https://www.dermaexpress.com.mx/products/liniderm-crema-120gr-7501273500370,Dermaexpress
3401528520037,Bioderma Atoderm Aceite de ducha para piel seca e irritada 100 ml,Bioderma,Cuerpo,Cuerpo,200,208,250,319,379,469,259,19.69,16.8,ROJO,C,0,https://cdn.shopify.com/s/files/1/0088/1937/6188/files/3401528520037.jpg,https://www.dermaexpress.com.mx/products/bioderma-atoderm-aceite-de-ducha-dermo-limpiador-100ml,Dermaexpress
3401528519895,Bioderma Atoderm Aceite de ducha para piel seca e irritada 200 ml,Bioderma,Cuerpo,Cuerpo,311,323.44,389,499,589,719,409,20.92,16.85,ROJO,C,0,https://cdn.shopify.com/s/files/1/0088/1937/6188/files/3401528519895.jpg,https://www.dermaexpress.com.mx/products/bioderma-atoderm-aceite-de-ducha-dermo-limpiador-200ml,Dermaexpress
3282770139167,Darrow Nutriforce Barra limpiadora para piel seca 70 gr,Darrow,Cuerpo,Cuerpo,87,90.48,109,139,169,209,119,23.97,16.99,ROJO,C,0,https://cdn.shopify.com/s/files/1/0088/1937/6188/files/3282770139167_1.jpg,https://www.dermaexpress.com.mx/products/darrow-nutriforce-barra-para-todo-tipo-de-pieles-70g,Dermaexpress
3282770388480,Darrow Nutriforce Crema hidratante corporal para piel atópica 100 gr,Darrow,Cuerpo,Cuerpo,183,190.32,229,299,349,429,239,20.37,16.89,ROJO,B,1,https://cdn.shopify.com/s/files/1/0088/1937/6188/files/3282770388480_1.jpg,https://www.dermaexpress.com.mx/products/darrow-nutriforce-crema-hidratante-corporal-med-100g,Dermaexpress
3282770388497,Darrow Nutriforce Crema hidratante corporal para piel atópica 390 gr,Darrow,Cuerpo,Cuerpo,463,481.52,579,749,879,1079,609,20.93,16.84,ROJO,B,1,https://cdn.shopify.com/s/files/1/0088/1937/6188/files/3282770388497_1.jpg,https://www.dermaexpress.com.mx/products/darrow-nutriforce-crema-hidratante-corporal-med-390g,Dermaexpress
3282770153484,Darrow Actine Gel limpiador para piel grasa 240 gr,Darrow,Rostro,Rostro,351,365.04,439,569,669,819,459,20.47,16.85,ROJO,B,1,https://cdn.shopify.com/s/files/1/0088/1937/6188/files/3282770153484_1.jpg,https://www.dermaexpress.com.mx/products/darrow-active-gel-limpiador-para-piel-grasa-240g,Dermaexpress
8470002094857,Cantabria Labs Endocare Hyaluboost Age Barrier Sérum antiedad 30 ml,Cantabria Labs,Rostro,Rostro,879,914.16,1035,1409,1669,2039,1149,20.44,11.68,ROJO,B,1,https://cdn.shopify.com/s/files/1/0088/1937/6188/files/Endocare_Hyaluboost_AgeBarrier_Bottle.jpg,https://www.dermaexpress.com.mx/products/endocare-hyaluboost-age-barrier-suerum-40ml,Dermaexpress
7502224228619,Cell Pharma Kitoscell Q Gel cicatrizante 10gr.,Cell Pharma,Cuerpo,cuerpo,434,451.36,0,699,829,1009,829,45.55,0,SIN_REF,B,1,https://cdn.shopify.com/s/files/1/0088/1937/6188/products/7502224228619.jpg,https://www.dermaexpress.com.mx/products/kitoscell-q-gel-10gr,Dermaexpress
3337875774017,Vichy Neovadiol Post-menopausia 50 ml,Vichy,Rostro,Rostro,1124,1168.96,1499,1799,2129,2599,1469,20.42,22.02,AMARILLO,C,0,https://cdn.shopify.com/s/files/1/0088/1937/6188/files/161899_1.avif,https://www.dermaexpress.com.mx/products/neovadiol-post-menopausia-50ml,Dermaexpress
7502002461061,Farmapiel Sodimel Suero facial antioxidante 30 gr,Farmapiel,Rostro,Rostro,882,917.28,0,1419,1669,2039,1669,45.04,0,SIN_REF,B,1,https://cdn.shopify.com/s/files/1/0088/1937/6188/products/7502002461061_1.jpg,https://www.dermaexpress.com.mx/products/sodimel-suero-facial-30gr-7502002461061,Dermaexpress
3337875816809,La Roche-Posay Cicaplast Baume B5+ Bálsamo calmante y reparador para piel irritada 40 ml,La Roche Posay,Cuerpo,Cuerpo,321,333.84,429,519,609,749,419,20.32,22.18,AMARILLO,A,1,https://cdn.shopify.com/s/files/1/0088/1937/6188/files/19a861a3-9d63-4d58-9ee3-1a886aa2919f.jpg,https://www.dermaexpress.com.mx/products/copia-de-cicaplast-baume-b5-40ml,Dermaexpress
3282779293440,Ducray Kertyol PSO Shampoo para la psoriasis 200 ml,Ducray,Capilar,Cabello,479,498.16,599,769,909,1109,629,20.8,16.83,ROJO,B,1,https://cdn.shopify.com/s/files/1/0088/1937/6188/products/3282779293440_1.jpg,https://www.dermaexpress.com.mx/products/kertyol-pso-shampoo-200ml,Dermaexpress
3282770049527,Ducray Melascreen Sérum global anti-fotoenvejecimiento 30 ml,Ducray,Rostro,Rostro,967,1005.68,1209,1549,1829,2239,1259,20.12,16.82,ROJO,B,1,https://cdn.shopify.com/s/files/1/0088/1937/6188/products/3282770049527-D-MELASCREEN-SUERO-GLOBAL.png,https://www.dermaexpress.com.mx/products/melascreen-suero-global-30ml-3282770049527,Dermaexpress
3282779363211,Avene Cold Cream crema regeneradora para manos 50 ml,Avene,Cuerpo,Cuerpo,188,195.52,236,309,359,439,249,21.48,17.15,ROJO,C,0,https://cdn.shopify.com/s/files/1/0088/1937/6188/products/3282779363211_1.jpg,https://www.dermaexpress.com.mx/products/crema-cold-cream-para-manos-50ml-3282779363211,Dermaexpress
3337875782357,CeraVe Gel control de imperfecciones 40 ml,Cerave,Rostro,Rostro,396,411.84,529,639,749,919,519,20.65,22.15,AMARILLO,A,1,https://cdn.shopify.com/s/files/1/0088/1937/6188/files/Diseno_sin_titulo_4.png,https://www.dermaexpress.com.mx/products/cerave-gel-control-anti-imperfecciones-40ml,Dermaexpress
7508006182537,Panalab Aminoter Shampoo protección y reparación capilar 150 ml,Panalab,Capilar,Cabello,595,618.8,0,959,1129,1379,1129,45.19,0,SIN_REF,C,0,https://cdn.shopify.com/s/files/1/0088/1937/6188/products/1200x1200Catalogo-41.jpg,https://www.dermaexpress.com.mx/products/aminoter-shampoo-150ml,Dermaexpress
3701129801352,Bioderma ABCDerm Cold Cream Crema hidratante para bebé 200 ml,Bioderma,Cuerpo,Cuerpo,367,381.68,459,589,699,849,479,20.32,16.85,ROJO,B,1,https://cdn.shopify.com/s/files/1/0088/1937/6188/products/3701129801352.jpg,https://www.dermaexpress.com.mx/products/bioderma-abcderm-cold-cream-200ml-3401396935889,Dermaexpress
8429420161245,Isdin Fotoprotector Hydro Oil SPF30 Bifásico que protege y broncea 200 ml,Isdin,Protección Solar,Solares,532.7,554.01,761,859,1009,1239,739,25.03,27.2,AMARILLO,C,0,https://cdn.shopify.com/s/files/1/0088/1937/6188/products/8429420161245.jpg,https://www.dermaexpress.com.mx/products/fotoprotector-hydro-oil-fps-30-200ml,Dermaexpress
8470001864826,Isdin Isdinceutics Flavo-C Día + Noche Ampolletas 20 x 2 ml,Isdin,Rostro,Rostro,1103.2,1147.33,1576,1769,2089,2549,1529,24.96,27.2,AMARILLO,C,0,https://cdn.shopify.com/s/files/1/0088/1937/6188/products/8470001864826.jpg,https://www.dermaexpress.com.mx/products/isdinceutics-flavo-c-dia-noche-amp-20x2ml-8429420145245,Dermaexpress
736211778758,D.S Radia Shampoo fotoprotector para piel cabelluda sensible 180ml.,D.S.,Capilar,Cabello,514,534.56,643,829,979,1189,669,20.1,16.86,ROJO,C,0,https://cdn.shopify.com/s/files/1/0088/1937/6188/files/736211778758-2.png,https://www.dermaexpress.com.mx/products/radia-shampo-180ml-736211778758,Dermaexpress
8429420113923,Isdin Woman Hidratante vaginal 12 monodosis,Isdin,Cuerpo,Cuerpo,466.9,485.58,667,749,889,1079,649,25.18,27.2,AMARILLO,A,1,https://cdn.shopify.com/s/files/1/0088/1937/6188/products/HIDRATANTE_VAGINAL.jpg,https://www.dermaexpress.com.mx/products/velastisa-intim-hidratante-vg-c-12-de-6ml-8429420113923,Dermaexpress
3337875674928,Vichy Purete thermal Agua micelar mineral Para piel sensible 400 ml,Vichy,Rostro,Rostro,476,495.04,635,769,909,1109,619,20.03,22.04,AMARILLO,A,1,https://cdn.shopify.com/s/files/1/0088/1937/6188/files/3337875674928-1.jpg,https://www.dermaexpress.com.mx/products/purete-thermal-agua-micelar-mineral-400ml,Dermaexpress
816378020119,D.S Nia Fix Loción restauradora de cabello 150ml.,D.S.,Capilar,Cabello,641,666.64,802,1029,1219,1489,839,20.54,16.88,ROJO,C,0,https://cdn.shopify.com/s/files/1/0088/1937/6188/files/816378020119-2.png,https://www.dermaexpress.com.mx/products/nia-fix-locion-150ml-816378020119,Dermaexpress
732013301330,Neostrata Resurface Loción Ultrasuavizante 200 ml,Neostrata,Cuerpo,Cuerpo,860,894.4,0,1379,1629,1989,1629,45.1,0,SIN_REF,A,1,https://cdn.shopify.com/s/files/1/0088/1937/6188/products/732013301330.png,https://www.dermaexpress.com.mx/products/neostrata-locion-10-ultrasuavizante-200ml-732013080112,Dermaexpress
7503015500037,Euderma 10 Suave Crema hidratante líquida para piel seca 120 gr,Euderma,Cuerpo,Cuerpo,329,342.16,0,529,629,769,629,45.6,0,SIN_REF,B,1,https://cdn.shopify.com/s/files/1/0088/1937/6188/products/7503015500037.jpg,https://www.dermaexpress.com.mx/products/euderma-10-suave-120ml-7503015500037,Dermaexpress
705105259604,D.S Nia Shampoo restaurador 180ml.,D.S.,Capilar,Cabello,514,534.56,643,829,979,1189,669,20.1,16.86,ROJO,C,0,https://cdn.shopify.com/s/files/1/0088/1937/6188/files/705105259604-2.png,https://www.dermaexpress.com.mx/products/nia-shampoo-180ml-705105259604,Dermaexpress
3282770030068,Avene aceite corporal protector solar FPS30 200 ml,Avene,Protección Solar,Solares,572,594.88,715,919,1089,1329,749,20.58,16.8,ROJO,C,0,https://cdn.shopify.com/s/files/1/0088/1937/6188/products/3282770030068_1.jpg,https://www.dermaexpress.com.mx/products/aceite-fps30-solar-200ml-3282770030068,Dermaexpress
3433422404397,La Roche-Posay Agua Termal Calma y reduce la irritación 150 ml,La Roche Posay,Cuerpo,Cuerpo,396,411.84,529,639,749,919,519,20.65,22.15,AMARILLO,A,1,https://cdn.shopify.com/s/files/1/0088/1937/6188/files/dc4d0b17-b133-4280-9afa-796ab64ec486.jpg,https://www.dermaexpress.com.mx/products/agua-termal-la-roche-posay-3433422404397,Dermaexpress
4005900169563,Eucerin Sun Protector solar corporal en spray para piel sensible FPS50+ 50 ml,Eucerin,Protección Solar,Solares,576,599.04,824,929,1089,1339,799,25.03,27.3,AMARILLO,A,1,https://cdn.shopify.com/s/files/1/0088/1937/6188/files/b9a74d5f-5222-49a5-80f4-4e4c09e5070f.jpg,https://www.dermaexpress.com.mx/products/eucerin-sun-spray-toque-seco-fps50-200ml-4005900169563,Dermaexpress
3401360191112,Isispharma Teen Derm Aqua Solución micelar purificante Desmaquillante para piel mixta a grasa 250 ml,Isispharma,Rostro,Rostro,374,388.96,468,599,709,869,489,20.46,16.89,ROJO,B,1,https://cdn.shopify.com/s/files/1/0088/1937/6188/products/TeenDermAqua250ml.jpg,https://www.dermaexpress.com.mx/products/teen-derm-aqua-solucion-micelar-250ml,Dermaexpress
3282770074635,Aderma Exomega Lait Leche hidratante para piel seca con tendencia atópica 400 ml,Aderma,Cuerpo,Cuerpo,599,622.96,749,959,1139,1389,779,20.03,16.83,ROJO,B,1,https://cdn.shopify.com/s/files/1/0088/1937/6188/products/3282770074635-M-EXOMEGA-LOCION-400ML.png,https://www.dermaexpress.com.mx/products/exomega-lait-400ml-3282770074635,Dermaexpress
3282770149678,Aderma Exomega Control Crema calmante 200 ml,Aderma,Cuerpo,Cuerpo,487,506.48,609,779,929,1129,639,20.74,16.83,ROJO,B,1,https://cdn.shopify.com/s/files/1/0088/1937/6188/files/3282770149678_1.jpg,https://www.dermaexpress.com.mx/products/exomega-control-crema-200ml,Dermaexpress
3701129801000,Bioderma Atoderm Labios Bálsamo hidratante 15 ml,Bioderma,Rostro,Rostro,199,206.96,249,319,379,459,259,20.09,16.88,ROJO,B,1,https://cdn.shopify.com/s/files/1/0088/1937/6188/products/3701129801000.jpg,https://www.dermaexpress.com.mx/products/bioderma-atoderm-balsamo-labios-15ml,Dermaexpress
7703281003946,Italmex Salilex Barra limpiadora libre de jabón 120 gr,Italmex,Rostro,Rostro,370,384.8,463,599,699,859,489,21.31,16.89,ROJO,B,1,https://cdn.shopify.com/s/files/1/0088/1937/6188/products/7703281003946.jpg,https://www.dermaexpress.com.mx/products/salilex-barra-120gr-7703281003946,Dermaexpress
7502002461580,Farmapiel Dermatopic Crema humectante 500 gr,Farmapiel,Cuerpo,Cuerpo,480,499.2,0,769,909,1109,909,45.08,0,SIN_REF,B,1,https://cdn.shopify.com/s/files/1/0088/1937/6188/products/7502002461580.jpg,https://www.dermaexpress.com.mx/products/dermatopic-crema-500gr-7502002461580,Dermaexpress
7501273500134,Remexa-oleoderm Crema 225 ml,Remexa,Cuerpo,Cuerpo,469,487.76,0,759,889,1089,889,45.13,0,SIN_REF,B,1,https://cdn.shopify.com/s/files/1/0088/1937/6188/products/7501273500134.jpg,https://www.dermaexpress.com.mx/products/oleoderm-crema-225ml-7501273500134,Dermaexpress
7502224228916,Cell Pharma Kitoscell Gel cicatrizante 10 gr,Cell Pharma,Cuerpo,Cuerpo,430,447.2,0,689,819,999,819,45.4,0,SIN_REF,C,0,https://cdn.shopify.com/s/files/1/0088/1937/6188/products/7502224228916.jpg,https://www.dermaexpress.com.mx/products/kitoscell-gel-10-gr,Dermaexpress
7502002461849,Farmapiel Pirovate Clobetasol Crema 0.05% airless 30 gr,Farmapiel,Rostro,Rostro,529,550.16,0,849,1009,1229,1009,45.47,0,SIN_REF,C,0,https://cdn.shopify.com/s/files/1/0088/1937/6188/products/PIROVATE.jpg,https://www.dermaexpress.com.mx/products/pirovate-clobetasol-crema-0-05-airless-30gr,Dermaexpress
8904091182084,Glenmark Arnaltem Ungüento 0.1% 10 gr,Glenmark,Cuerpo,Cuerpo,660,686.4,0,1059,1249,1529,1249,45.04,0,SIN_REF,B,1,https://cdn.shopify.com/s/files/1/0088/1937/6188/products/8904091182084_7a7d8a95-8904-43ce-9dad-e249bdf66871.jpg,https://www.dermaexpress.com.mx/products/arnaltem-unguento-0-1-10gr,Dermaexpress
3401360147775,Isispharma Ruboril Expert FPS50+ Anti-rojeces crema protectora con color 40 ml,Isispharma,Rostro,Rostro,560,582.4,700,899,1059,1299,729,20.11,16.8,ROJO,B,1,https://cdn.shopify.com/s/files/1/0088/1937/6188/files/Diseno_sin_titulo_32.png,https://www.dermaexpress.com.mx/products/ruboril-expert-fps-50-anti-rojeces-40ml,Dermaexpress
7502002462174,Farmapiel Optigel Pen Gel contorno ocular 15 gr,Farmapiel,Rostro,Rostro,729,758.16,0,1169,1379,1689,1379,45.02,0,SIN_REF,B,1,https://cdn.shopify.com/s/files/1/0088/1937/6188/products/OPTIGELPENCONTORNO_1.jpg,https://www.dermaexpress.com.mx/products/optigel-pen-gel-contorno-ocular-15g-vr,Dermaexpress
8429420184527,Isdin Woman Crema antiestrías 250 ml,Isdin,Cuerpo,Cuerpo,443.1,460.82,633,709,839,1029,619,25.55,27.2,AMARILLO,A,1,https://cdn.shopify.com/s/files/1/0088/1937/6188/products/8429420089037_3804e6fd-fa47-4b05-bb99-f9741d87f99e.webp,https://www.dermaexpress.com.mx/products/copy-of-woman-isdin-crema-antiestrias-250ml,Dermaexpress
7501054530480,Eucerin pH5 Loción corporal hidratante para piel seca y sensible 400 ml,Eucerin,Cuerpo,Cuerpo,346,359.84,495,559,659,799,489,26.41,27.31,AMARILLO,A,1,https://cdn.shopify.com/s/files/1/0088/1937/6188/files/7501054530480_2_9169f6c4-06b4-48cb-b9b8-c900f8d3362f.jpg,https://www.dermaexpress.com.mx/products/eucerin-ph5-locion-400-ml,Dermaexpress
3337875597333,CeraVe Gel limpiador hidratante facial y corporal 473 ml,Cerave,Cuerpo,Cuerpo,479,498.16,639,769,909,1109,629,20.8,22.04,AMARILLO,A,1,https://cdn.shopify.com/s/files/1/0088/1937/6188/files/Diseno_sin_titulo_1.png,https://www.dermaexpress.com.mx/products/cerave-limpiadora-hidratante-473-ml,Dermaexpress
3282779405553,Avene XeraCalm A.D crema calmante 200 ml,Avene,Cuerpo,Cuerpo,527,548.08,659,849,999,1219,689,20.45,16.83,ROJO,C,0,https://cdn.shopify.com/s/files/1/0088/1937/6188/products/18-XERACALM-AD-CREME-319151-BOUCHON-200ml-APLAT_876aec6d-9ed9-444d-b73c-61acacea0582.jpg,https://www.dermaexpress.com.mx/products/xeracalm-ad-crema-200ml,Dermaexpress
3337871321963,"Vichy Agua termal mineralizante Estabiliza, refuerza y renueva la piel 300 ml",Vichy,Cuerpo,Cuerpo,449,466.96,599,719,849,1039,589,20.72,22.04,AMARILLO,A,1,https://cdn.shopify.com/s/files/1/0088/1937/6188/files/415e21f4-4fc0-44ff-bc55-a42213bd4222.jpg,https://www.dermaexpress.com.mx/products/agua-termal-vichy-300-ml,Dermaexpress
3499320001335,Galderma Benzac AC Gel 10% tratamiento anti acné 60 gr,Galderma,Rostro,Rostro,310,322.4,443,499,589,719,429,24.85,27.22,AMARILLO,B,1,https://cdn.shopify.com/s/files/1/0088/1937/6188/products/3499320001335.jpg,https://www.dermaexpress.com.mx/products/benzac-ac-gel-60gr-10,Dermaexpress
3760095250205,ACM Depiwhite Gel contorno de ojos 15 ml,ACM,Rostro,Rostro,635,660.4,0,1019,1209,1469,1209,45.38,0,SIN_REF,B,1,https://cdn.shopify.com/s/files/1/0088/1937/6188/products/DEPIWHITE-GEL-CONTORNO-OJO-15-ML.jpg,https://www.dermaexpress.com.mx/products/depiwhite-gel-contorno-ojos-15ml-3760095250205,Dermaexpress
3282770149562,Avene Cleanance Solar FPS50+ con color 50 ml,Avene,Protección Solar,Solares,559,581.36,699,899,1059,1299,729,20.25,16.83,ROJO,B,1,https://cdn.shopify.com/s/files/1/0088/1937/6188/products/3282770149562.jpg,https://www.dermaexpress.com.mx/products/cleanance-solar-spf50-c-color-50ml,Dermaexpress
3337875832724,Vichy Liftactiv b3 Crema antimanchas spf50 50 ml,Vichy,Rostro,Rostro,1049,1090.96,1399,1679,1989,2429,1369,20.31,22.02,AMARILLO,A,1,https://cdn.shopify.com/s/files/1/0088/1937/6188/files/3337875832724_10.jpg,https://www.dermaexpress.com.mx/products/liftactiv-crema-b3-antimanchas-oscuras-spf50-50ml,Dermaexpress
3401360120006,Isispharma Ruboril Expert M Hidratante piel normal-mixta 40 ml,Isispharma,Rostro,Rostro,540,561.6,675,869,1029,1249,709,20.79,16.8,ROJO,B,1,https://cdn.shopify.com/s/files/1/0088/1937/6188/files/Diseno_sin_titulo_33.png,https://www.dermaexpress.com.mx/products/ruboril-expert-m-piel-normal-mixta-40ml,Dermaexpress
7503015500174,Euderma Hidrapiel E crema con protección solar FPS30 60ml.,Euderma,Rostro,Rostro,379,394.16,0,609,719,879,719,45.18,0,SIN_REF,B,1,https://cdn.shopify.com/s/files/1/0088/1937/6188/products/Adaptaciones-28.jpg,https://www.dermaexpress.com.mx/products/hidrapiel-e-crema-60ml-7503015500174,Dermaexpress
8423372800375,Genové Genocutan Mousse limpiador facial 150 ml,Genove,Rostro,Rostro,360,374.4,480,579,689,839,469,20.17,22,AMARILLO,C,0,https://cdn.shopify.com/s/files/1/0088/1937/6188/products/8423372800375.jpg,https://www.dermaexpress.com.mx/products/genocutan-mousse-limpiador-facial-150ml,Dermaexpress
7502002460125,"Farmapiel Cicafarm Quemaduras, crema regeneradora 100gr.",Farmapiel,Cuerpo,Cuerpo,990,1029.6,0,1589,1879,2289,1879,45.2,0,SIN_REF,B,1,https://cdn.shopify.com/s/files/1/0088/1937/6188/products/7502002460125.jpg,https://www.dermaexpress.com.mx/products/cicafarm-quemaduras-100gr-7502002460125,Dermaexpress
3337875797467,La Roche-Posay Protector Solar Anthelios Oil Correct FPS 50+ Para piel grasa 50 ml,La Roche Posay,Protección Solar,Solares,599,622.96,799,959,1139,1389,779,20.03,22.03,AMARILLO,A,1,https://cdn.shopify.com/s/files/1/0088/1937/6188/files/038422cf-ec67-4a0e-ba57-67c79b9d6949.jpg,https://www.dermaexpress.com.mx/products/anthelios-fps50-oil-correct-50ml,Dermaexpress
4005900516961,Eucerin Hyaluron Filler Día FPS 30 50 ml,Eucerin,Rostro,Rostro,843,876.72,1205,1349,1599,1949,1169,25,27.24,AMARILLO,A,1,https://cdn.shopify.com/s/files/1/0088/1937/6188/files/4005900516961_2_5e09307f-8a86-47c3-aa96-930c83fd2f8b.jpg,https://www.dermaexpress.com.mx/products/eucerin-fps30-hyaluron-filler-50ml,Dermaexpress
8470001870483,Cantabria Labs Heliocare 360° AK Emulsión Protector solar FPS50+ 50 ml,Cantabria Labs,Protección Solar,Solares,748,777.92,880,1199,1419,1729,979,20.54,11.6,ROJO,B,1,https://cdn.shopify.com/s/files/1/0088/1937/6188/products/WhatsAppImage2021-04-12at11.43.54.jpg,https://www.dermaexpress.com.mx/products/heliocare-360-md-ak-fluido-50ml,Dermaexpress
3282770149494,Avene Protector solar en crema FPS50+ sin color acabado invisible para piel sensible 50 ml,Avene,Protección Solar,Solares,559,581.36,699,899,1059,1299,729,20.25,16.83,ROJO,B,1,https://cdn.shopify.com/s/files/1/0088/1937/6188/products/3282770149494_1.jpg,https://www.dermaexpress.com.mx/products/crema-sin-color-50-50ml,Dermaexpress
7508006183657,Panalab Proavenal shampoo limpiador capilar 150ml.,Panalab,Capilar,Cabello,381,396.24,0,609,729,889,729,45.65,0,SIN_REF,C,0,https://cdn.shopify.com/s/files/1/0088/1937/6188/files/7508006183657.6.jpg,https://www.dermaexpress.com.mx/products/proavenal-shampoo-150ml,Dermaexpress
7508006183954,Panalab Sk-invita Pantalla solar mineral regenerador con color FPS30 50 ml,Panalab,Protección Solar,Solares,528,549.12,0,849,999,1229,999,45.03,0,SIN_REF,C,0,https://cdn.shopify.com/s/files/1/0088/1937/6188/files/7508006183954.5.jpg,https://www.dermaexpress.com.mx/products/sk-invita-pantalla-solar-mineral-fps30-c-color-50ml,Dermaexpress
3282779073684,Ducray Anaphase Acondicionador anticaída 200 ml,Ducray,Capilar,Cabello,439,456.56,549,709,839,1019,579,21.15,16.84,ROJO,C,0,https://cdn.shopify.com/s/files/1/0088/1937/6188/products/3282779073684-D-ANAPHASE-ENJUAGUE-200ML.png,https://www.dermaexpress.com.mx/products/anaphase-acondicionador-200ml-3282779073684,Dermaexpress
8423372800436,Genové Pilopeptan Woman 60 comprimidos,Genove,Cuerpo,Cuerpo,1635,1700.4,2180,2619,3099,3779,2129,20.13,22,AMARILLO,C,0,https://cdn.shopify.com/s/files/1/0088/1937/6188/products/1000x1000Catalogo-59.jpg,https://www.dermaexpress.com.mx/products/pilopeptan-woman-c-60-comprimidos,Dermaexpress
816378022113,DS Advanced Antioxidant Sérum antiedad 30 ml,D.S.,Rostro,Rostro,991,1030.64,1239,1589,1879,2299,1289,20.04,16.82,ROJO,B,1,https://cdn.shopify.com/s/files/1/0088/1937/6188/files/816378022113-4.png,https://www.dermaexpress.com.mx/products/advanced-antioxidant-serum-30ml,Dermaexpress
3282770149524,Avene Protector solar en crema FPS50+ con color para piel sensible 50 ml,Avene,Protección Solar,Solares,559,581.36,699,899,1059,1299,729,20.25,16.83,ROJO,B,1,https://cdn.shopify.com/s/files/1/0088/1937/6188/products/3282770149524_1.jpg,https://www.dermaexpress.com.mx/products/crema-con-color-50-50ml,Dermaexpress
8411660802231,Genové Fluidbase H Gel despigmentante 20 ml,Genove,Rostro,Rostro,570,592.8,760,919,1079,1319,749,20.85,22,AMARILLO,C,0,https://cdn.shopify.com/s/files/1/0088/1937/6188/products/Fluidbase-Gel-Despigmentante-H-20-Ml-8411660802231-637637688413002427-1.jpg,https://www.dermaexpress.com.mx/products/fluidbase-h-gel-despigmentante-20ml,Dermaexpress
3282770204667,Avene Cicalfate crema protectora reparadora 40 ml,Avene,Cuerpo,Cuerpo,327,340.08,409,529,619,759,429,20.73,16.85,ROJO,B,1,https://cdn.shopify.com/s/files/1/0088/1937/6188/products/3282776088209_67be96c9-5e42-4a65-a71d-48349b5b6c2c.jpg,https://www.dermaexpress.com.mx/products/cicalfate-crema-3282776088209,Dermaexpress
8423372800429,Genové Pilopeptan Woman Sérum potenciador de pestañas y cejas 6 ml,Genove,Rostro,Rostro,1124,1168.96,1499,1799,2129,2599,1469,20.42,22.02,AMARILLO,B,1,https://cdn.shopify.com/s/files/1/0088/1937/6188/products/8423372800429.jpg,https://www.dermaexpress.com.mx/products/pilopeptan-woman-suero-cejas-y-pestanas-6ml,Dermaexpress
3701129802663,Bioderma Atoderm Intensive Gel-crema hidratante para piel seca e irritada 200 ml,Bioderma,Cuerpo,Cuerpo,492,511.68,615,789,939,1139,639,19.92,16.8,ROJO,B,1,https://cdn.shopify.com/s/files/1/0088/1937/6188/products/3701129802663_1.jpg,https://www.dermaexpress.com.mx/products/bioderma-atoderm-intensive-gel-crema-200ml,Dermaexpress
8423372040382,Genové Fluidbase K Crema antiojeras 20 ml,Genove,Rostro,Rostro,630,655.2,840,1009,1199,1459,819,20,22,AMARILLO,B,1,https://cdn.shopify.com/s/files/1/0088/1937/6188/products/8423372040382.jpg,https://www.dermaexpress.com.mx/products/fluidbase-k-20ml-8423372040382,Dermaexpress
3760095250106,ACM Depiwhite Mascarilla aclarante 40 ml,ACM,Rostro,Rostro,650,676,0,1039,1229,1509,1229,45,0,SIN_REF,B,1,https://cdn.shopify.com/s/files/1/0088/1937/6188/products/DEPIWHITE-MASCARILLA-40-ML.jpg,https://www.dermaexpress.com.mx/products/depiwhite-mascarilla-40ml-3760095250106,Dermaexpress
3760269770119,Isispharma Geneskin White Suero aclarante Difumina las manchas oscuras 28 ml,Isispharma,Rostro,Rostro,1542,1603.68,1928,2469,2919,3569,2009,20.18,16.82,ROJO,C,0,https://cdn.shopify.com/s/files/1/0088/1937/6188/products/GeneskinWhite.jpg,https://www.dermaexpress.com.mx/products/geneskin-white-suero-aclarante-28ml,Dermaexpress
8429420215078,Isdin Isdinceutics Flavo-C Forte Antioxidante 5.3 ml,Isdin,Rostro,Rostro,492.1,511.78,703,789,939,1139,689,25.72,27.2,AMARILLO,C,0,https://cdn.shopify.com/s/files/1/0088/1937/6188/products/8429420215078.jpg,https://www.dermaexpress.com.mx/products/isdinceutics-flavo-c-forte-5-3ml,Dermaexpress
3337875607254,Vichy Liftactiv collagen specialist Corrige signos visibles de la pérdida de colágeno 50 ml,Vichy,Rostro,Rostro,1049,1090.96,1399,1679,1989,2429,1369,20.31,22.02,AMARILLO,A,1,https://cdn.shopify.com/s/files/1/0088/1937/6188/files/3337875607254_12.jpg,https://www.dermaexpress.com.mx/products/vichy-homme-gel-de-rasage-200m,Dermaexpress
3401573697197,"Bioderma Nodé Shampoo Fluido sin Detergente, para cuero cabelludo 400ml. 400 ml",Bioderma,Capilar,Cabello,548,569.92,685,879,1039,1269,719,20.73,16.8,ROJO,C,0,https://cdn.shopify.com/s/files/1/0088/1937/6188/products/3401573697197_f775b5da-a854-425e-8c13-ef433422e8a5.jpg,https://www.dermaexpress.com.mx/products/bioderma-node-fluido-shampoo-3401345060150,Dermaexpress
3337871316617,Vichy Dermablend líquido #35 sand Base de alta cobertura 30 ml,Vichy,Rostro,Rostro,824,856.96,1099,1319,1559,1909,1079,20.58,22.02,AMARILLO,A,1,https://cdn.shopify.com/s/files/1/0088/1937/6188/products/3337871316617_1.jpg,https://www.dermaexpress.com.mx/products/dermablend-liquido-30ml-35-sand-3337871316617,Dermaexpress
3401399521850,Isispharma Urelia Gel Limpiador exfoliante para piel escamosa 200 ml,Isispharma,Cuerpo,Cuerpo,416,432.64,520,669,789,969,549,21.19,16.8,ROJO,B,1,https://cdn.shopify.com/s/files/1/0088/1937/6188/products/UreliaGel.jpg,https://www.dermaexpress.com.mx/products/urelia-gel-exfoliante-200ml,Dermaexpress
5701943011201,Italmex Perspirex Roll-on Antitranspirante 25 ml,Italmex,Cuerpo,Cuerpo,568,590.72,710,909,1079,1319,739,20.06,16.8,ROJO,B,1,https://cdn.shopify.com/s/files/1/0088/1937/6188/products/Adaptaciones-04.jpg,https://www.dermaexpress.com.mx/products/perspirex-roll-on-25ml-5701943011201,Dermaexpress
3282770956788,Avene Cleanance Hydra Crema renovadora y restauradora para piel con tendencia acneica 40 ml,Avene,Rostro,Rostro,599,622.96,749,959,1139,1389,779,20.03,16.83,ROJO,B,1,https://cdn.shopify.com/s/files/1/0088/1937/6188/products/3282770956788_1.jpg,https://www.dermaexpress.com.mx/products/cleanance-hydra-40ml-3282770956788,Dermaexpress
7501390919956,Italmex Myfungar Crema antimicótica 20 gr,Italmex,Cuerpo,Cuerpo,460,478.4,575,739,869,1069,599,20.13,16.8,ROJO,B,1,https://cdn.shopify.com/s/files/1/0088/1937/6188/products/Adaptaciones-43.jpg,https://www.dermaexpress.com.mx/products/myfungar-crema-20gr-7501390919956,Dermaexpress
3337871316594,Vichy Dermablend líquido #15 opal Base de alta cobertura 30 ml,Vichy,Rostro,Rostro,824,856.96,1099,1319,1559,1909,1079,20.58,22.02,AMARILLO,A,1,https://cdn.shopify.com/s/files/1/0088/1937/6188/products/3337871316594_1.jpg,https://www.dermaexpress.com.mx/products/dermablend-liquido-30ml-15-opal-3337871316594,Dermaexpress
8429420114609,Isdin Isdinceutics Melatonik Suero reparador de noche 30 ml,Isdin,Rostro,Rostro,1742.3,1811.99,2489,2789,3299,4029,2419,25.09,27.2,AMARILLO,A,1,https://cdn.shopify.com/s/files/1/0088/1937/6188/products/8429420114609-2.jpg,https://www.dermaexpress.com.mx/products/isdinceutics-melatonik-serum-30ml,Dermaexpress
7501390914074,Italmex Derpil para la caída de el cabello c/32 caps.,Italmex,Capilar,Cabello,921,957.84,1152,1479,1749,2129,1199,20.11,16.85,ROJO,B,1,https://cdn.shopify.com/s/files/1/0088/1937/6188/products/Adaptaciones-51.jpg,https://www.dermaexpress.com.mx/products/derpil-c-32-capsulas-7501390914074,Dermaexpress
3760269770515,Isispharma Uveblock FPS50+ Toque seco tono claro para pieles mixtas a grasas 40 ml,Isispharma,Protección Solar,Solares,528,549.12,660,849,999,1229,689,20.3,16.8,ROJO,B,1,https://cdn.shopify.com/s/files/1/0088/1937/6188/files/Diseno_sin_titulo_19.png,https://www.dermaexpress.com.mx/products/uveblock-fps-50-toque-seco-claro-41ml,Dermaexpress
7897473206632,Glenmark Acni Pop Barra dermolimpiadora 90 gr,Glenmark,Rostro,Rostro,274,284.96,0,439,519,639,519,45.09,0,SIN_REF,C,0,https://cdn.shopify.com/s/files/1/0088/1937/6188/products/7897473206632.jpg,https://www.dermaexpress.com.mx/products/acni-pop-barra-ermolimpiadora-90gr-7897473206632,Dermaexpress
7501390913794,Italmex Dersupril Crema para piel con dermatitis 15 gr,Italmex,Cuerpo,Cuerpo,403,419.12,504,649,769,939,529,20.77,16.84,ROJO,B,1,https://cdn.shopify.com/s/files/1/0088/1937/6188/products/7501390913794.jpg,https://www.dermaexpress.com.mx/products/dersupril-crema-15gr-7501390913794,Dermaexpress
3282770149814,Aderma Exomega Control Bálsamo para pieles secas 200 ml,Aderma,Cuerpo,cuerpo,487,506.48,609,779,929,1129,639,20.74,16.83,ROJO,B,1,https://cdn.shopify.com/s/files/1/0088/1937/6188/files/Diseno_sin_titulo_1_4325f6f1-15c3-4f39-bcec-68083c284e29.png,https://www.dermaexpress.com.mx/products/exomega-control-balsamo-200ml,Dermaexpress
8904091150434,Glenmark Bonnetril Crema 30 gr,Glenmark,Cuerpo,Cuerpo,391,406.64,0,629,739,909,739,44.97,0,SIN_REF,B,1,https://cdn.shopify.com/s/files/1/0088/1937/6188/products/8904091150434.jpg,https://www.dermaexpress.com.mx/products/bonnetril-crema-30gr-8904091150434,Dermaexpress
3282779285216,Aderma Exomega Gel dermolimpiador para piel seca 500 ml,Aderma,Cuerpo,Cuerpo,511,531.44,639,819,969,1189,669,20.56,16.83,ROJO,B,1,https://cdn.shopify.com/s/files/1/0088/1937/6188/products/3282779285216_1.jpg,https://www.dermaexpress.com.mx/products/exomega-gel-dermolimiador-500ml-3282779285216,Dermaexpress
3701129803738,Bioderma Photoderm Spot-Age FPS50+ Protector solar facial antiedad 40 ml,Bioderma,Protección Solar,Solares,639,664.56,799,1029,1209,1479,839,20.79,16.83,ROJO,C,0,https://cdn.shopify.com/s/files/1/0088/1937/6188/files/3701129803738_692e2b10-0a3f-4ed9-a8b2-b231191a6b74.jpg,https://www.dermaexpress.com.mx/products/bioderma-photoderm-fps50-spot-age-40ml-1,Dermaexpress
3282776367045,Avene Protector solar FPS50+ Color arena 10 gr,Avene,Protección Solar,Solares,623,647.92,779,999,1179,1439,809,19.91,16.83,ROJO,B,1,https://cdn.shopify.com/s/files/1/0088/1937/6188/files/Disenosintitulo-2025-08-01T110040.667.png,https://www.dermaexpress.com.mx/products/bloqueador-compacto-fps50-10gr-color-arena-3282776367045,Dermaexpress
7703333007700,Italmex Betagranulos Crema limpiadora para pieles grasas 60 gr,Italmex,Rostro,Rostro,466,484.64,583,749,889,1079,609,20.42,16.87,ROJO,B,1,https://cdn.shopify.com/s/files/1/0088/1937/6188/products/7703333007700.jpg,https://www.dermaexpress.com.mx/products/betagranulos-60gr-7703333007700,Dermaexpress
7703332003352,Italmex Lactibon Loción limpiadora 120 ml,Italmex,Cuerpo,Cuerpo,375,390,469,599,709,869,489,20.25,16.84,ROJO,B,1,https://cdn.shopify.com/s/files/1/0088/1937/6188/products/7703332003352.jpg,https://www.dermaexpress.com.mx/products/lactibon-locion-120ml-7703332003352,Dermaexpress
3701129803431,Bioderma Photoderm Cover Touch FPS50+ con color tono dorado 40 ml,Bioderma,Protección Solar,Solares,591,614.64,739,949,1119,1369,769,20.07,16.83,ROJO,B,1,https://cdn.shopify.com/s/files/1/0088/1937/6188/files/3701129803431_2.jpg,https://www.dermaexpress.com.mx/products/copia-de-bioderma-photoderm-cover-touch-spf-50-tono-dorado-40-ml-1,Dermaexpress
7703281001010,Italmex Betapirox Shampoo antiseborreico 120 ml,Italmex,Capilar,Cabello,533,554.32,667,859,1009,1239,699,20.7,16.89,ROJO,C,0,https://cdn.shopify.com/s/files/1/0088/1937/6188/products/7703281001010.jpg,https://www.dermaexpress.com.mx/products/betapirox-shampoo-120ml-7703281001010,Dermaexpress
7703332003550,Italmex Pirimed Shampoo anti-caspa 120 ml,Italmex,Capilar,Cabello,533,554.32,667,859,1009,1239,699,20.7,16.89,ROJO,C,0,https://cdn.shopify.com/s/files/1/0088/1937/6188/products/7703332003550.jpg,https://www.dermaexpress.com.mx/products/pirimed-shampoo-120ml-7703332003550,Dermaexpress
3337875537315,La Roche-Posay Lipikar Syndet AP+ Gel de ducha para piel seca y atópica 400 ml,La Roche Posay,Cuerpo,Cuerpo,674,700.96,899,1079,1279,1559,879,20.25,22.03,AMARILLO,C,0,https://cdn.shopify.com/s/files/1/0088/1937/6188/files/b8559cb4-daf3-41ea-909a-276c0690eede.jpg,https://www.dermaexpress.com.mx/products/lipikar-syndet-ap-400ml,Dermaexpress
3337872412516,La Roche-Posay Effaclar Agua Micelar Ultra Desmaquillante para piel grasa 400 ml,La Roche Posay,Rostro,Rostro,599,622.96,799,959,1139,1389,779,20.03,22.03,AMARILLO,A,1,https://cdn.shopify.com/s/files/1/0088/1937/6188/files/21060ada-37d9-4a4c-a5ef-ace3a991721c.jpg,https://www.dermaexpress.com.mx/products/effaclar-solucion-micelar-400ml,Dermaexpress
3433422404403,La Roche-Posay Agua Termal Calma y reduce la irritación 300 ml,La Roche Posay,Cuerpo,Cuerpo,524,544.96,699,839,999,1219,689,20.91,22.04,AMARILLO,C,0,https://cdn.shopify.com/s/files/1/0088/1937/6188/files/22.jpg,https://www.dermaexpress.com.mx/products/copia-de-agua-termal-la-roche-posay,Dermaexpress
3282770204681,Avene Cicalfate Crema protectora reparadora 100 ml,Avene,Cuerpo,Cuerpo,487,506.48,609,779,929,1129,639,20.74,16.83,ROJO,B,1,https://cdn.shopify.com/s/files/1/0088/1937/6188/products/3282776385421_83da060e-c692-4f73-b67b-7fb3258d2bee.jpg,https://www.dermaexpress.com.mx/products/copy-of-cicalfate-crema-reparadora-pieles-sensibles,Dermaexpress
8429420164406,Isdin Isdinceutics Hyaluronic Booster Sérum Hidratante y calmante intensivo 5 amp x 2 ml,Isdin,Rostro,Rostro,317.1,329.78,453,509,599,739,439,24.88,27.2,AMARILLO,C,0,https://cdn.shopify.com/s/files/1/0088/1937/6188/products/HyaluricBooster_1.jpg,https://www.dermaexpress.com.mx/products/isdinceutics-hyaluronic-booster-5amp,Dermaexpress
3337872414145,La Roche-Posay Cicaplast Manos Crema hidratante y reparadora de manos 50 ml,La Roche Posay,Cuerpo,Cuerpo,449,466.96,599,719,849,1039,589,20.72,22.04,AMARILLO,A,1,https://cdn.shopify.com/s/files/1/0088/1937/6188/files/fc2d5d64-a427-47e3-93c1-c999a41442d5.jpg,https://www.dermaexpress.com.mx/products/cicaplast-manos-50ml-3337872414145,Dermaexpress
7503015500112,Euderma E&L Mascarilla astringente y limpiadora 90 gr,Euderma,Rostro,Rostro,318,330.72,0,509,609,739,609,45.69,0,SIN_REF,B,1,https://cdn.shopify.com/s/files/1/0088/1937/6188/products/Adaptaciones-46.jpg,https://www.dermaexpress.com.mx/products/mask-lam-90gr-7503015500112,Dermaexpress
8470002006454,Isdin Nutratopic Pro-AMP Crema hidratante 200 ml,Isdin,Cuerpo,Cuerpo,490,509.6,700,789,929,1139,679,24.95,27.2,AMARILLO,A,1,https://cdn.shopify.com/s/files/1/0088/1937/6188/products/8470002006454_2.jpg,https://www.dermaexpress.com.mx/products/nutratopic-pro-amp-crema-200ml-8470002006454,Dermaexpress
8429420144835,Isdin Woman Lubricante vaginal 30 ml,Isdin,Cuerpo,Cuerpo,185.5,192.92,265,299,359,429,259,25.51,27.2,AMARILLO,A,1,https://cdn.shopify.com/s/files/1/0088/1937/6188/products/8429420144835.jpg,https://www.dermaexpress.com.mx/products/woman-isdin-gel-lubricante-30ml,Dermaexpress
8470001812353,Isdin Isdinceutics Age Reverse Day Crema antiedad 50 ml,Isdin,Rostro,Rostro,1323,1375.92,1890,2119,2509,3059,1839,25.18,27.2,AMARILLO,A,1,https://cdn.shopify.com/s/files/1/0088/1937/6188/products/8470001812353_4.jpg,https://www.dermaexpress.com.mx/products/isdinceutics-a-g-e-reverse-day,Dermaexpress
3433422407299,La Roche-Posay Kerium Anti-caspa Grasa Shampoo para cuero cabelludo sensible con caspa 200 ml,La Roche Posay,Capilar,Cabello,547,568.88,730,879,1039,1269,719,20.88,22.07,AMARILLO,C,0,https://cdn.shopify.com/s/files/1/0088/1937/6188/files/34.jpg,https://www.dermaexpress.com.mx/products/kerium-caspa-grasa-200ml-3433422407299,Dermaexpress
8429420108493,Isdin gel antipiojos y liendres 100ml.,Isdin,Capilar,Cabello,308.7,321.05,441,499,589,719,429,25.16,27.2,AMARILLO,C,0,https://cdn.shopify.com/s/files/1/0088/1937/6188/products/8429420108493.jpg,https://www.dermaexpress.com.mx/products/isdin-gel-anti-piojos-100ml,Dermaexpress
3760269770065,Isispharma Geneskin Baume Gel Bálsamo facial anti-edad 50 ml,Isispharma,Rostro,Rostro,1200,1248,1500,1919,2269,2779,1559,19.95,16.8,ROJO,B,1,https://cdn.shopify.com/s/files/1/0088/1937/6188/products/GeneskinLiftBalsamo.jpg,https://www.dermaexpress.com.mx/products/geneskin-lift-balsamo-50ml,Dermaexpress
3760269770096,Isispharma Geneskin c premium vitamina c 20% antioxidante 10ml.,Isispharma,Rostro,Rostro,1593,1656.72,1992,2549,3019,3689,2079,20.31,16.83,ROJO,C,0,https://cdn.shopify.com/s/files/1/0088/1937/6188/files/Diseno_sin_titulo_34.png,https://www.dermaexpress.com.mx/products/geneskin-c-premium-vitamina-c-20-10ml,Dermaexpress
7502003560459,Galderma Clobexpro Shampoo para cuero cabelludo con psoriasis 125 ml,Galderma,Capilar,Cabello,940,977.6,0,1509,1779,2179,1779,45.05,0,SIN_REF,B,1,https://cdn.shopify.com/s/files/1/0088/1937/6188/files/Imagen_de_WhatsApp_2024-12-12_a_las_11.59.54_8db73bcb.jpg,https://www.dermaexpress.com.mx/products/clobexpro-shampoo-118ml-7502003560459,Dermaexpress
3701129803523,Bioderma Photoderm Crema FPS50+ Protector solar facial tono Neutro 40 ml,Bioderma,Protección Solar,Solares,559,581.36,699,899,1059,1299,729,20.25,16.83,ROJO,B,1,https://cdn.shopify.com/s/files/1/0088/1937/6188/products/3701129803523.jpg,https://www.dermaexpress.com.mx/products/copy-of-bioderma-photoderm-max-fps50-crema-40ml,Dermaexpress
7508006183312,Panalab Aminoter Mascarilla capilar 140 gr,Panalab,Cuerpo,Cuerpo,957,995.28,0,1539,1809,2219,1809,44.98,0,SIN_REF,B,1,https://cdn.shopify.com/s/files/1/0088/1937/6188/files/AminoterMask_7508006183312_01.jpg,https://www.dermaexpress.com.mx/products/aminoter-mask-140gr,Dermaexpress
3282776083198,Ducray Keracnyl loción anti-imperfecciones 200ml.,Ducray,Rostro,Rostro,463,481.52,579,749,879,1079,609,20.93,16.84,ROJO,C,0,https://cdn.shopify.com/s/files/1/0088/1937/6188/products/3282776083198-D-KERACNYL-LOC-PURIF-200M_12d6a81f-759b-4763-9d9e-bc7b78f03ba3.png,https://www.dermaexpress.com.mx/products/keracnyl-locion-200ml-3282776083198,Dermaexpress
3499320011617,Cetaphil Optimal Hydration Crema hidratante facial de noche para piel deshidratada 48 gr,Cetaphil,Rostro,Rostro,568,590.72,669,909,1079,1319,739,20.06,11.7,ROJO,B,1,https://cdn.shopify.com/s/files/1/0088/1937/6188/files/Diseno_sin_titulo_2_52a7bfb1-0e74-41e9-8fbb-8e6597fd6ae2.png,https://www.dermaexpress.com.mx/products/cetaphil-optimal-hydration-crema-de-noche-48-gr,Dermaexpress
3337875762908,Vichy Mineral 89 Probiotic fractions Concentrado regenerador y reparador 30 ml,Vichy,Rostro,Rostro,824,856.96,1099,1319,1559,1909,1079,20.58,22.02,AMARILLO,A,1,https://cdn.shopify.com/s/files/1/0088/1937/6188/files/3337875762908_11.jpg,https://www.dermaexpress.com.mx/products/mineral-89-probiotic-fractions-30ms,Dermaexpress
3337875773447,CeraVe Limpiador en aceite espumoso facial y corporal 473 ml,Cerave,Cuerpo,Cuerpo,479,498.16,639,769,909,1109,629,20.8,22.04,AMARILLO,A,1,https://cdn.shopify.com/s/files/1/0088/1937/6188/files/71cc7508-3aba-4fe2-bf4a-937296c5c6cd.jpg,https://www.dermaexpress.com.mx/products/cerave-hydrating-oil-cleanser-473ml,Dermaexpress
3337875585231,Vichy Ideal soleil Protector solar fps50 Anti-edad 50 ml,Vichy,Protección Solar,Solares,599,622.96,799,959,1139,1389,779,20.03,22.03,AMARILLO,C,0,https://cdn.shopify.com/s/files/1/0088/1937/6188/files/4ca0bdc5-20d7-4803-9925-483d69a53e51.jpg,https://www.dermaexpress.com.mx/products/ideal-soleil-protector-solar-fps-50-anti-edad-50ml,Dermaexpress
7503019846032,Uppharma Zeloglin Crema para dermatitis inflamatoria 30 ml,Uppharma,Rostro,Rostro,787,818.48,927,1259,1489,1819,1029,20.46,11.71,ROJO,B,1,https://cdn.shopify.com/s/files/1/0088/1937/6188/products/7503019846032.jpg,https://www.dermaexpress.com.mx/products/zeloglin-crema-30ml,Dermaexpress
3701129800096,Bioderma Pigmentbio Sensitive Areas despigmentante corporal para áreas sensibles 75 ml,Bioderma,Cuerpo,Cuerpo,612,636.48,765,979,1159,1419,799,20.34,16.8,ROJO,B,1,https://cdn.shopify.com/s/files/1/0088/1937/6188/files/Disenosintitulo_71_1.png,https://www.dermaexpress.com.mx/products/bioderma-pigmentbio-sensitive-areas-75-ml,Dermaexpress
3337872414152,La Roche-Posay Pigmentclar Ojos Contorno de ojos iluminador anti-ojeras 15 ml,La Roche Posay,Rostro,Rostro,824,856.96,1099,1319,1559,1909,1079,20.58,22.02,AMARILLO,C,0,https://cdn.shopify.com/s/files/1/0088/1937/6188/products/3337872414152_8.jpg,https://www.dermaexpress.com.mx/products/pigmentclar-ojos-15ml-3337872414152,Dermaexpress
3701129803424,Bioderma Photoderm Cover Touch FPS50+ con color tono claro 40 ml,Bioderma,Protección Solar,Solares,591,614.64,739,949,1119,1369,769,20.07,16.83,ROJO,B,1,https://cdn.shopify.com/s/files/1/0088/1937/6188/files/3701129803424_2.jpg,https://www.dermaexpress.com.mx/products/copia-de-bioderma-photoderm-cover-touch-spf-50-tono-claro-40-ml,Dermaexpress
8436574360844,Cantabria Labs Endocare Hydractive Agua micelar 400 ml,Cantabria Labs,Rostro,Rostro,514,534.56,605,829,979,1189,669,20.1,11.64,ROJO,B,1,https://cdn.shopify.com/s/files/1/0088/1937/6188/products/AguaMicelarEndocareHidractive400ml-1.jpg,https://www.dermaexpress.com.mx/products/endocare-agua-micelar-400-ml,Dermaexpress
881314134144,DS Integra Tabletas suplemento alimenticio anticaída 30 pzas,D.S.,Capilar,Cabello,534,555.36,668,859,1009,1239,699,20.55,16.86,ROJO,B,1,https://cdn.shopify.com/s/files/1/0088/1937/6188/files/881314134144-2.png,https://www.dermaexpress.com.mx/products/integra-tabletas-c-30-881314134144,Dermaexpress
718122801534,DS Dandrene Shampoo exfoliante anticaspa 205 ml,D.S.,Capilar,Cabello,534,555.36,668,859,1009,1239,699,20.55,16.86,ROJO,B,1,https://cdn.shopify.com/s/files/1/0088/1937/6188/files/881314134144-2_bd9a3b83-933f-41f1-ab17-846681edf2a2.png,https://www.dermaexpress.com.mx/products/dandrene-shampoo-180ml-718122801534,Dermaexpress
7508006182490,Panalab Cuteral Tabletas suplemento alimenticio auxiliar en el tratamiento del acné c/30,Panalab,Cuerpo,Cuerpo,656,682.24,0,1049,1249,1519,1249,45.38,0,SIN_REF,B,1,https://cdn.shopify.com/s/files/1/0088/1937/6188/files/CUTERAL_7508006182490_01.jpg,https://www.dermaexpress.com.mx/products/cuteral-c-30-tabletas,Dermaexpress
7508006183435,Panalab Cuteral wash gel limpiador 240 ml,Panalab,Rostro,Rostro,547,568.88,0,879,1039,1269,1039,45.25,0,SIN_REF,B,1,https://cdn.shopify.com/s/files/1/0088/1937/6188/files/7508006183435.jpg,https://www.dermaexpress.com.mx/products/cutural-wash-240ml,Dermaexpress
7508006182506,Panalab Aminoter max Shampoo anticaída 300 ml,Panalab,Capilar,Cabello,1155,1201.2,0,1849,2189,2669,2189,45.13,0,SIN_REF,B,1,https://cdn.shopify.com/s/files/1/0088/1937/6188/files/7508006182506.5.jpg,https://www.dermaexpress.com.mx/products/aminoter-max-shampoo-300ml,Dermaexpress
7508006182582,Panalab Proavenal Omegatopic Leche Emoliente 500ml.,Panalab,Cuerpo,Cuerpo,732,761.28,0,1179,1389,1699,1389,45.19,0,SIN_REF,B,1,https://cdn.shopify.com/s/files/1/0088/1937/6188/files/7508006182582.1.jpg,https://www.dermaexpress.com.mx/products/proavenal-omegatopic-leche-500ml,Dermaexpress
7508006184623,Panalab Lactokey Auxiliar gastrointestinal 30 sobres de 2 g,Panalab,Otros,,1583,1646.32,0,2539,2999,3659,2999,45.1,0,SIN_REF,B,1,https://cdn.shopify.com/s/files/1/0088/1937/6188/files/7508006184623.1.jpg,https://www.dermaexpress.com.mx/products/lactokey-30-sobres-de-2-gr,Dermaexpress
8904091182091,Glenmark Arnaltem Ungüento 0.03% 10 gr,Glenmark,Cuerpo,Cuerpo,560,582.4,0,899,1059,1299,1059,45,0,SIN_REF,B,1,https://cdn.shopify.com/s/files/1/0088/1937/6188/products/8904091182091.jpg,https://www.dermaexpress.com.mx/products/arnaltem-unguento-10gr-0-03-8904091182091,Dermaexpress
3401353725393,Isispharma Keloplast Scars SPF50+ Crema reparadora para piel irritada y dañada 40 ml,Isispharma,Rostro,Rostro,436,453.44,545,699,829,1009,569,20.31,16.8,ROJO,C,0,https://cdn.shopify.com/s/files/1/0088/1937/6188/products/GeneskinScarsFPS50.jpg,https://www.dermaexpress.com.mx/products/keloplast-scars-spf-50-cicatrices-40ml,Dermaexpress
7703281004325,Italmex Lactibon Barra limpiadora para pieles con acné 120 gr,Italmex,Cuerpo,Cuerpo,375,390,469,599,709,869,489,20.25,16.84,ROJO,B,1,https://cdn.shopify.com/s/files/1/0088/1937/6188/products/7703281004325.jpg,https://www.dermaexpress.com.mx/products/lactibon-barra-120gr-7703281004325,Dermaexpress
8470003935876,Cantabria Labs Heliocare Ultra Gel Protector solar FPS50+ 50 ml,Cantabria Labs,Protección Solar,Solares,467,485.68,550,749,889,1079,609,20.25,11.69,ROJO,C,0,https://cdn.shopify.com/s/files/1/0088/1937/6188/products/Heliocare_UltraGel_FPS50__Box_Tube.jpg,https://www.dermaexpress.com.mx/products/heliocare-ultra-50-90-gel-50ml-8470003935876,Dermaexpress
3499320014793,Galderma Aklief Crema 0.005% 30 gr,Galderma,Rostro,Rostro,1010,1050.4,0,1619,1909,2339,1909,44.98,0,SIN_REF,B,1,https://cdn.shopify.com/s/files/1/0088/1937/6188/products/3499320014793_1.jpg,https://www.dermaexpress.com.mx/products/aklief-crema-005-30gr,Dermaexpress
3337875757515,La Roche-Posay Toleriane Dermallergo Ojos Contorno de ojos hidratante para piel sensible o con alergia 20 ml,La Roche Posay,Rostro,Rostro,749,778.96,999,1199,1419,1739,979,20.43,22.03,AMARILLO,A,1,https://cdn.shopify.com/s/files/1/0088/1937/6188/files/a15df4a5-fa64-4b3c-ae0d-4cf0e21a37f8.jpg,https://www.dermaexpress.com.mx/products/toleriane-dermallergo-ojos-20ml,Dermaexpress
3701129804452,Bioderma Sensibio Defensive crema hidratante facial 40 ml,Bioderma,Rostro,Rostro,584,607.36,730,939,1109,1349,759,19.98,16.8,ROJO,B,1,https://cdn.shopify.com/s/files/1/0088/1937/6188/files/3701129804452_1.avif,https://www.dermaexpress.com.mx/products/sensibio-defensive-40ml,Dermaexpress
3701129803639,Bioderma Photoderm Leche Ultra FPS50+ Protector solar corporal 200 ml,Bioderma,Protección Solar,Solares,711,739.44,889,1139,1349,1649,929,20.4,16.82,ROJO,B,1,https://cdn.shopify.com/s/files/1/0088/1937/6188/products/3701129803639.jpg,https://www.dermaexpress.com.mx/products/photoderm-lait-ultra-spf-50-200ml,Dermaexpress
3701129800546,Bioderma Pigmentbio Foaming Cream Crema limpiadora despigmentante 200 ml,Bioderma,Rostro,Rostro,607,631.28,759,979,1149,1409,789,19.99,16.83,ROJO,B,1,https://cdn.shopify.com/s/files/1/0088/1937/6188/products/3701129800546.jpg,https://www.dermaexpress.com.mx/products/bioderma-pigmentbio-foaming-cream-200-ml-1,Dermaexpress
3282770148763,Avene Cicalfate+ Emulsión reparadora calma hidrata y repara la piel debilitada tras procedimientos dermatológicos o tatuajes 40 ml,Avene,Cuerpo,Cuerpo,327,340.08,409,529,619,759,429,20.73,16.85,ROJO,B,1,https://cdn.shopify.com/s/files/1/0088/1937/6188/files/u5wa3z31qn5sj6xpgcxj1jeqfxhitc8msdhumpy.png,https://www.dermaexpress.com.mx/products/cicalfate-post-emulsion-40ml,Dermaexpress
7501054548829,Eucerin pH5 Advanced Repair Crema corporal para piel seca 450 ml,Eucerin,Cuerpo,Cuerpo,426,443.04,609,689,809,989,599,26.04,27.25,AMARILLO,A,1,https://cdn.shopify.com/s/files/1/0088/1937/6188/files/7501054548829_2.jpg,https://www.dermaexpress.com.mx/products/eucerin-locion-corporal-ph5-advanced-repair-450-ml,Dermaexpress
3282770073577,Aderma Exomega Control Crema anti-comezón para piel atópica 400 ml,Aderma,Cuerpo,Cuerpo,599,622.96,749,959,1139,1389,779,20.03,16.83,ROJO,B,1,https://cdn.shopify.com/s/files/1/0088/1937/6188/products/3282770073577_1.jpg,https://www.dermaexpress.com.mx/products/copy-of-exomega-control-crema,Dermaexpress
3337871332303,Vichy Dermablend coverflow 3d #25 nude Alta cobertura y duración 30 ml,Vichy,Rostro,Rostro,824,856.96,1099,1319,1559,1909,1079,20.58,22.02,AMARILLO,A,1,https://cdn.shopify.com/s/files/1/0088/1937/6188/products/3337871332303_1.jpg,https://www.dermaexpress.com.mx/products/dermablend-coverflow-3d-30ml-color-nude-3337871332303,Dermaexpress
3337871320300,Vichy Roll on Regulador 48h Antitranspirante 50 ml,Vichy,Cuerpo,Cuerpo,449,466.96,599,719,849,1039,589,20.72,22.04,AMARILLO,A,1,https://cdn.shopify.com/s/files/1/0088/1937/6188/files/dfcc71ca-ceaf-4861-bf9c-ddaa89e318f8.jpg,https://www.dermaexpress.com.mx/products/roll-on-regulador-48h-50ml-3337871320300,Dermaexpress
7506334400071,Uppharma Nourkrin man Suplemento alimenticio anticaída c/60 tabletas,Uppharma,Capilar,Cabello,1415,1471.6,1665,2269,2679,3279,1839,19.98,11.62,ROJO,B,1,https://cdn.shopify.com/s/files/1/0088/1937/6188/files/thumbnail_NourkrinMan_1.jpg,https://www.dermaexpress.com.mx/products/nourkrin-man-c-60-tabletas,Dermaexpress
3337875563031,Vichy Dermablend covermatte #25 nude Polvo compacto de alta cobertura 9.5 gr,Vichy,Rostro,Rostro,824,856.96,1099,1319,1559,1909,1079,20.58,22.02,AMARILLO,C,0,https://cdn.shopify.com/s/files/1/0088/1937/6188/products/3337875563031_1e09d23f-3fcc-4409-8d4d-44aa1e8298d8.jpg,https://www.dermaexpress.com.mx/products/db-covermatte-9-5gr-color-nude-3337875563031,Dermaexpress
3337871328795,Vichy Liftactiv supreme Crema antiarrugas y reafirmante 50 ml,Vichy,Rostro,Rostro,1049,1090.96,1399,1679,1989,2429,1369,20.31,22.02,AMARILLO,A,1,https://cdn.shopify.com/s/files/1/0088/1937/6188/files/vichy-002428vy_01.png,https://www.dermaexpress.com.mx/products/liftactiv-supreme-crema-50ml-3337871328795,Dermaexpress
3337875734905,Vichy Liftactiv specialist b3 Sérum Corrige manchas y unifica el tono de la piel 30 ml,Vichy,Rostro,Rostro,974,1012.96,1299,1559,1849,2259,1269,20.18,22.02,AMARILLO,A,1,https://cdn.shopify.com/s/files/1/0088/1937/6188/files/3337875734905_012.jpg,https://www.dermaexpress.com.mx/products/liftactive-specialist-b3-serum-30ml,Dermaexpress
3701129803714,Bioderma Photoderm M FPS50+ Protector solar facial contra el melasma tono Dorado 40 ml,Bioderma,Protección Solar,Solares,639,664.56,799,1029,1209,1479,839,20.79,16.83,ROJO,B,1,https://cdn.shopify.com/s/files/1/0088/1937/6188/products/3701129803714.jpg,https://www.dermaexpress.com.mx/products/photoderm-m-v2-dorado-fps50-40ml,Dermaexpress
7503015500280,Euderma E&L gel facial antiedad 50ml.,Euderma,Rostro,Rostro,864,898.56,0,1389,1639,1999,1639,45.18,0,SIN_REF,C,0,https://cdn.shopify.com/s/files/1/0088/1937/6188/products/Adaptaciones-27.jpg,https://www.dermaexpress.com.mx/products/euderma-gel-facial-antiedad-50ml-7503015500280,Dermaexpress
3499320011389,Cetaphil Optimal Hydration Sérum refrescante para contorno de ojos 15 ml,Cetaphil,Rostro,Rostro,453,471.12,533,729,859,1049,589,20.01,11.61,ROJO,B,1,https://cdn.shopify.com/s/files/1/0088/1937/6188/files/3499320011389_1.avif,https://www.dermaexpress.com.mx/products/cetaphil-optimal-hydration-serum-contorno-de-ojos-15-ml,Dermaexpress
7508006182650,Panalab Skinvita Cápsulas antioxidantes c/30,Panalab,Cuerpo,Cuerpo,1306,1358.24,0,2089,2469,3019,2469,44.99,0,SIN_REF,B,1,https://cdn.shopify.com/s/files/1/0088/1937/6188/files/SKINVITA_7508006182650_01.jpg,https://www.dermaexpress.com.mx/products/skinvita-c-30-capsulas,Dermaexpress
7508006184609,Panalab Sk-invita yeux gel contorno de ojos 15ml.,Panalab,Rostro,Rostro,1523,1583.92,0,2439,2879,3519,2879,44.98,0,SIN_REF,B,1,https://cdn.shopify.com/s/files/1/0088/1937/6188/files/75080061846094.jpg,https://www.dermaexpress.com.mx/products/sk-invita-yeux-controno-de-ojos-15ml,Dermaexpress
7508006184500,Panalab Lera-co Suplemento alimenticio 30 caps,Panalab,Cuerpo,Cuerpo,1505,1565.2,0,2409,2849,3479,2849,45.06,0,SIN_REF,B,1,https://cdn.shopify.com/s/files/1/0088/1937/6188/files/LERACO_7508006184500_05.jpg,https://www.dermaexpress.com.mx/products/lera-co-30-caps,Dermaexpress
7508006182667,Panalab Aminoter Cápsulas c/30,Panalab,Capilar,Cabello,1318,1370.72,0,2109,2499,3049,2499,45.15,0,SIN_REF,B,1,https://cdn.shopify.com/s/files/1/0088/1937/6188/files/75080061822667.1.jpg,https://www.dermaexpress.com.mx/products/aminoter-c-30-capsulas,Dermaexpress
7508006183305,Panalab Aminoter D Cápsulas c/30,Panalab,Capilar,Cabello,1548,1609.92,0,2479,2929,3579,2929,45.04,0,SIN_REF,B,1,https://cdn.shopify.com/s/files/1/0088/1937/6188/files/AMINOTERD_7508006183305_02.jpg,https://www.dermaexpress.com.mx/products/aminoter-d-30-capsulas,Dermaexpress
7508006183046,Panalab Aminoter max Shampoo anticaída 150 ml,Panalab,Capilar,Cabello,599,622.96,0,959,1139,1389,1139,45.31,0,SIN_REF,B,1,https://cdn.shopify.com/s/files/1/0088/1937/6188/files/AminoterShampooMAX150_7508006183046_06.jpg,https://www.dermaexpress.com.mx/products/aminoter-max-shampoo-150ml,Dermaexpress
7508006183664,Panalab Proavenal Syndet Gel ducha 300ml.,Panalab,Cuerpo,Cuerpo,532,553.28,0,859,1009,1229,1009,45.17,0,SIN_REF,B,1,https://cdn.shopify.com/s/files/1/0088/1937/6188/files/7508006183664.6.jpg,https://www.dermaexpress.com.mx/products/proavenal-syndet-gel-ducha-300ml,Dermaexpress
3282770075540,Ducray Ictyane Barra limpiadora para piel seca y frágil 100 gr,Ducray,Cuerpo,Cuerpo,143,148.72,179,229,279,339,189,21.31,16.92,ROJO,C,0,https://cdn.shopify.com/s/files/1/0088/1937/6188/products/3282770075540_1.jpg,https://www.dermaexpress.com.mx/products/ictyane-barra-100gr-3282770075540,Dermaexpress
7502002460767,Farmapiel Meladermic Advanced Suero facial despigmentante C/56 2 ml,Farmapiel,Cuerpo,Cuerpo,1038,1079.52,0,1669,1969,2399,1969,45.17,0,SIN_REF,C,0,https://cdn.shopify.com/s/files/1/0088/1937/6188/products/7502002460767.jpg,https://www.dermaexpress.com.mx/products/meladermic-advanced-suero-c-56-2ml-7502002460767,Dermaexpress
3760269770089,Isispharma Geneskin Lift Serum Reduce las arrugas y reafirma la piel 28 ml,Isispharma,Rostro,Rostro,1440,1497.6,1800,2309,2729,3329,1879,20.3,16.8,ROJO,C,0,https://cdn.shopify.com/s/files/1/0088/1937/6188/products/GeneskinLift.jpg,https://www.dermaexpress.com.mx/products/geneskin-lift-suero-28ml,Dermaexpress
3701129800072,Bioderma Pigmentbio Daily Care FPS50+ Crema de día despigmentante 40 ml,Bioderma,Rostro,Rostro,879,914.16,1099,1409,1669,2039,1149,20.44,16.82,ROJO,B,1,https://cdn.shopify.com/s/files/1/0088/1937/6188/products/370112980007.jpg,https://www.dermaexpress.com.mx/products/bioderma-pigmentbio-daily-care-fps50-40-ml,Dermaexpress
3701129802670,Bioderma Atoderm Intensive Gel-crema hidratante facial y corporal 500 ml,Bioderma,Rostro,Rostro,708,736.32,885,1139,1339,1639,929,20.74,16.8,ROJO,C,0,https://cdn.shopify.com/s/files/1/0088/1937/6188/products/701129802670_e00e703f-e86e-468e-8a63-280dd4b11fe6.jpg,https://www.dermaexpress.com.mx/products/copia-de-bioderma-atoderm-intensive-gel-crema-500ml,Dermaexpress
8423372040078,Genové Fluidbase Rederm Retinol + Vitamina C 30 ml,Genove,Rostro,Rostro,735,764.4,980,1179,1389,1699,959,20.29,22,AMARILLO,B,1,https://cdn.shopify.com/s/files/1/0088/1937/6188/products/8423372040078.jpg,https://www.dermaexpress.com.mx/products/fluidbase-retinol-30ml-8423372040078,Dermaexpress
3499320002523,Galderma Loceryl Laca 5% tratamiento para hongos en las uñas 2.5 ml,Galderma,Cuerpo,Cuerpo,1106,1150.24,0,1769,2099,2559,2099,45.2,0,SIN_REF,B,1,https://cdn.shopify.com/s/files/1/0088/1937/6188/files/ImageneslanzamientosDerx_0bda52ef-82cb-4f42-b37b-f566a26ed9c2.avif,https://www.dermaexpress.com.mx/products/loceryl-laca-5-2-5ml-3499320002523,Dermaexpress
3701129804421,Bioderma Photoderm M FPS50+ Protector solar facial contra el melasma tono Brown 40 ml,Bioderma,Protección Solar,Solares,639,664.56,799,1029,1209,1479,839,20.79,16.83,ROJO,C,0,https://cdn.shopify.com/s/files/1/0088/1937/6188/products/3701129804421.jpg,https://www.dermaexpress.com.mx/products/bioderma-photoderm-m-fps50-marron-40ml,Dermaexpress
7502002460682,"Farmapiel Perfect Main Cells Cream 30/45, hidratante anti-edad 50gr.",Farmapiel,Rostro,Rostro,1290,1341.6,0,2069,2439,2989,2439,44.99,0,SIN_REF,B,1,https://cdn.shopify.com/s/files/1/0088/1937/6188/products/7502002460682.jpg,https://www.dermaexpress.com.mx/products/pmc-biocellular-cream-30-45-50gr-7502002460682,Dermaexpress
3701129804414,Bioderma Photoderm M FPS50+ Protector solar facial contra el melasma tono Claro 40 ml,Bioderma,Protección Solar,Solares,639,664.56,799,1029,1209,1479,839,20.79,16.83,ROJO,B,1,https://cdn.shopify.com/s/files/1/0088/1937/6188/products/3701129804414.jpg,https://www.dermaexpress.com.mx/products/bioderma-photoderm-m-spf50-claro-40ml,Dermaexpress
736211029546,DS Polaris NR02 Shampoo contra la alopecia 210 ml,D.S.,Capilar,Cabello,716,744.64,896,1149,1359,1659,939,20.7,16.89,ROJO,B,1,https://cdn.shopify.com/s/files/1/0088/1937/6188/files/descarga_1800x1800_23beb694-a237-4f1a-ad40-17d9a84a37c9.avif,https://www.dermaexpress.com.mx/products/polaris-nr02-shampoo-210ml-736211029546,Dermaexpress
3499320011686,Cetaphil Optimal Hydration Sérum facial ligero para piel deshidratada 30 ml,Cetaphil,Rostro,Rostro,625,650,736,999,1189,1449,819,20.63,11.68,ROJO,B,1,https://cdn.shopify.com/s/files/1/0088/1937/6188/products/3499320011686.jpg,https://www.dermaexpress.com.mx/products/cetaphil-optimal-hydration-serum-facial-30-ml,Dermaexpress
3282770905076,Avene Crema nutritiva revitalizante 50 ml,Avene,Rostro,Rostro,799,830.96,999,1279,1519,1849,1039,20.02,16.82,ROJO,B,1,https://cdn.shopify.com/s/files/1/0088/1937/6188/products/crema-nutritiva1.jpg,https://www.dermaexpress.com.mx/products/crema-compensadoran-50ml-3282770905076,Dermaexpress
8429420204348,Isdin Psorisdin Shampoo Antidescamación 200 ml,Isdin,Capilar,Cabello,444.5,462.28,635,719,849,1029,619,25.32,27.2,AMARILLO,A,1,https://cdn.shopify.com/s/files/1/0088/1937/6188/products/Psorisdin-Shampoo-200-Ml-8429420204348-637474248974284621-1_1.jpg,https://www.dermaexpress.com.mx/products/psorisdin-shampoo-200-ml,Dermaexpress
3701129800089,Bioderma Pigmentbio Night Renewer Crema regeneradora nocturna despigmentante 50 ml,Bioderma,Rostro,Rostro,879,914.16,1099,1409,1669,2039,1149,20.44,16.82,ROJO,C,0,https://cdn.shopify.com/s/files/1/0088/1937/6188/products/3701129800089.jpg,https://www.dermaexpress.com.mx/products/bioderma-pigmentbio-night-renewer-50-ml,Dermaexpress
4005800084508,Eucerin Aquaphor Pomada reparadora tubo 50 ml,Eucerin,Cuerpo,Cuerpo,259,269.36,370,419,489,599,359,24.97,27.2,AMARILLO,A,1,https://cdn.shopify.com/s/files/1/0088/1937/6188/files/4005800084508_1_7c386ac7-7f0c-4768-9765-be54b01910fb.jpg,https://www.dermaexpress.com.mx/products/eucerin-aquaphor-unguento-reparador-50ml-4005800084508,Dermaexpress
8470001873583,Cantabria Labs Heliocare 360° Oil-Free Bronze Protector solar para piel grasa 50 ml,Cantabria Labs,Protección Solar,Solares,616,640.64,725,989,1169,1429,809,20.81,11.64,ROJO,B,1,https://cdn.shopify.com/s/files/1/0088/1937/6188/products/Heliocare360_ColorGelOilFree_BronzeFPS50__Box_Bottle_713e6c30-028a-43b6-bf47-4a75a2fa71ea.jpg,https://www.dermaexpress.com.mx/products/heliocare-360-oil-free-bronze-50ml-8470001873583,Dermaexpress
3701129800102,Bioderma Pigmentbio H2O Agua micelar despigmentante 250 ml,Bioderma,Rostro,Rostro,439,456.56,549,709,839,1019,579,21.15,16.84,ROJO,B,1,https://cdn.shopify.com/s/files/1/0088/1937/6188/files/H2O_Edicio_un-Especial_Pigmentbio_250ml.jpg,https://www.dermaexpress.com.mx/products/bioderma-pigmentbio-h2o-250-ml,Dermaexpress
3337875656764,La Roche-Posay Lipikar Cleansing Oil AP+ Aceite de ducha anti-comezón e irritación 400 ml,La Roche Posay,Cuerpo,Cuerpo,486,505.44,649,779,919,1129,639,20.9,22.12,AMARILLO,A,1,https://cdn.shopify.com/s/files/1/0088/1937/6188/files/b5bf371d-2cc6-4f59-8c49-fd75d1e8876c.jpg,https://www.dermaexpress.com.mx/products/lipikar-huile-ap-400ml,Dermaexpress
3031500311423,Isispharma Teen Derm Gel Exfoliante para pieles mixtas a grasas 150 ml,Isispharma,Rostro,Rostro,424,440.96,530,679,809,979,559,21.12,16.8,ROJO,B,1,https://cdn.shopify.com/s/files/1/0088/1937/6188/files/Diseno_sin_titulo_27.png,https://www.dermaexpress.com.mx/products/teen-derm-gel-exfoliante-150ml,Dermaexpress
3337875773430,CeraVe Gel limpiador en aceite espumoso facial y corporal 236 ml,Cerave,Cuerpo,Cuerpo,359,373.36,479,579,679,829,469,20.39,22.05,AMARILLO,A,1,https://cdn.shopify.com/s/files/1/0088/1937/6188/files/6d310fc0-ace7-4a64-83b3-bec6e2b7d8ec.jpg,https://www.dermaexpress.com.mx/products/cerave-hydrating-oil-cleanser-236ml,Dermaexpress
8423372840173,Genové Pilopeptan Woman Shampoo anticaída 250 ml,Genove,Capilar,Cabello,600,624,800,959,1139,1389,779,19.9,22,AMARILLO,B,1,https://cdn.shopify.com/s/files/1/0088/1937/6188/products/Adaptaciones-02.jpg,https://www.dermaexpress.com.mx/products/pilopeptan-woman-shampoo-250ml-8423372840173,Dermaexpress
3499320001526,Galderma Adaferin Gel para pieles con acné 30 gr,Galderma,Rostro,Rostro,843,876.72,0,1349,1599,1949,1599,45.17,0,SIN_REF,B,1,https://cdn.shopify.com/s/files/1/0088/1937/6188/products/PS_Adaferin_gel_01_30g.jpg,https://www.dermaexpress.com.mx/products/adaferin-gel-30gr-3499320001526,Dermaexpress
3401320283277,Isispharma Vitiskin Hidrogel repigmentante 50 ml,Isispharma,Rostro,Rostro,952,990.08,1190,1529,1809,2209,1239,20.09,16.8,ROJO,B,1,https://cdn.shopify.com/s/files/1/0088/1937/6188/files/Diseno_sin_titulo_17.png,https://www.dermaexpress.com.mx/products/vitiskin-hidrogel-repigmentante-50ml,Dermaexpress
3466320012838,Cetaphil Crema hidratante para piel sensible 453 gr,Cetaphil,Cuerpo,Cuerpo,420,436.8,560,679,799,979,549,20.44,22,AMARILLO,A,1,https://cdn.shopify.com/s/files/1/0088/1937/6188/files/3466320012838_1.avif,https://www.dermaexpress.com.mx/products/copia-de-cetaphil-crema-humectante-453ml,Dermaexpress
3499320012508,Cetaphil PRO AR Crema hidratante facial de noche para piel con enrojecimiento 50 ml,Cetaphil,Rostro,Rostro,620,644.8,0,999,1179,1439,1179,45.31,0,SIN_REF,A,1,https://cdn.shopify.com/s/files/1/0088/1937/6188/files/Disenosintitulo_11_1.png,https://www.dermaexpress.com.mx/products/ceta-pro-ar-calm-control-crema-hidratante-50-gr,Dermaexpress
4005900140906,Eucerin Oil Control Protector Solar para piel grasa y sensible FPS50+ 50 ml,Eucerin,Protección Solar,Solares,503,523.12,720,809,959,1169,699,25.16,27.34,AMARILLO,A,1,https://cdn.shopify.com/s/files/1/0088/1937/6188/files/4005900140906_2.jpg,https://www.dermaexpress.com.mx/products/eucerin-fps-50-oil-control-50ml-4005900140906,Dermaexpress
8470001699664,Isdin Fotoprotector Gel crema Dry Touch FPS50+ 50 ml,Isdin,Protección Solar,Solares,440.3,457.91,629,709,839,1019,619,26.02,27.2,AMARILLO,A,1,https://cdn.shopify.com/s/files/1/0088/1937/6188/files/Diseno_sin_titulo_8_54a267d4-6525-4543-9e0f-d1bfc1402767.png,https://www.dermaexpress.com.mx/products/isdin-dry-touch-50-gel-crema-50ml-8470001699664,Dermaexpress
8429979252180,Sesderma Sesgen-32 liposomal serum antiedad 30ml.,Sesderma,Rostro,Rostro,1236,1285.44,1545,1979,2339,2859,1609,20.11,16.8,ROJO,B,1,https://cdn.shopify.com/s/files/1/0088/1937/6188/products/044_8429979252180_SESGEN-32_SERUM_ACTIVADOR_CELULAR_30ML_-_3.jpg,https://www.dermaexpress.com.mx/products/s-sesgen-32-liposomal-serum-30ml-8429979252180,Dermaexpress
3337875824033,Vichy Neovadiol Tratamiento multicorrector para ojos y labios 15 ml,Vichy,Rostro,Rostro,839,872.56,1119,1349,1589,1939,1099,20.6,22.02,AMARILLO,A,1,https://cdn.shopify.com/s/files/1/0088/1937/6188/files/3337875824033_11.jpg,https://www.dermaexpress.com.mx/products/cuidado-de-ojos-y-labios,Dermaexpress
7703281002482,Italmex Umbrella SPF50+ Intelligent Fluido fotoreparador 50 gr,Italmex,Protección Solar,Solares,790,821.6,988,1269,1499,1829,1029,20.16,16.84,ROJO,B,1,https://cdn.shopify.com/s/files/1/0088/1937/6188/files/7703281002482_8.jpg,https://www.dermaexpress.com.mx/products/umbrella-spf-50-intelligent-fluido-50gr,Dermaexpress
3760269770270,Isispharma Uveblock FPS50+ Mineral invisible Protector solar para piel intolerante 40 ml,Isispharma,Protección Solar,Solares,489,508.56,612,789,929,1139,639,20.41,16.9,ROJO,C,0,https://cdn.shopify.com/s/files/1/0088/1937/6188/products/UveblockFPS50_Mineral.jpg,https://www.dermaexpress.com.mx/products/uveblock-fps-50-mineral-invisible-40ml,Dermaexpress
8470003310338,Cantabria Labs Endocare Gel-crema reparadora antiedad 30 ml,Cantabria Labs,Rostro,Rostro,794,825.76,935,1279,1509,1839,1039,20.52,11.68,ROJO,C,0,https://cdn.shopify.com/s/files/1/0088/1937/6188/products/Endocare_Essential_Gelcream_Jar_Box.jpg,https://www.dermaexpress.com.mx/products/endocare-crema-30ml-8470003310338,Dermaexpress
3499320012805,Cetaphil Loción humectante facial y corporal 473 ml,Cetaphil,Cuerpo,Cuerpo,414,430.56,552,669,789,959,539,20.12,22,AMARILLO,A,1,https://cdn.shopify.com/s/files/1/0088/1937/6188/files/LocionHumectante473ml_1.avif,https://www.dermaexpress.com.mx/products/cetaphil-locion-humectante-473-ml,Dermaexpress
3031500311614,Isispharma Uveblock FPS50+ Fluido con color para pieles sensibles 40 ml,Isispharma,Protección Solar,Solares,512,532.48,640,819,969,1189,669,20.41,16.8,ROJO,C,0,https://cdn.shopify.com/s/files/1/0088/1937/6188/files/Diseno_sin_titulo_23.png,https://www.dermaexpress.com.mx/products/uveblock-fps-50-fluido-con-color-40ml,Dermaexpress
3401395376935,Bioderma Sébium H2O Agua micelar desmaquillante para piel mixta a grasa 100 ml,Bioderma,Rostro,Rostro,196,203.84,245,319,379,459,259,21.3,16.8,ROJO,B,1,https://cdn.shopify.com/s/files/1/0088/1937/6188/files/3401395376935_00f6f485-985f-42a2-ab35-c505c8869079.jpg,https://www.dermaexpress.com.mx/products/bioderma-sebium-h2o-100ml,Dermaexpress
8429420164994,Isdin Woman Gel de limpieza íntima 200 ml,Isdin,Cuerpo,Cuerpo,233.8,243.15,334,379,449,549,329,26.09,27.2,AMARILLO,A,1,https://cdn.shopify.com/s/files/1/0088/1937/6188/products/HIGIENE.jpg,https://www.dermaexpress.com.mx/products/velastisa-intim-higiene-intima-200ml-8429420091634,Dermaexpress
3701129800119,Bioderma Pigmentbio C-Concentrate Sérum concentrado de vitamina C 15 ml,Bioderma,Rostro,Rostro,736,765.44,920,1179,1399,1709,959,20.18,16.8,ROJO,B,1,https://cdn.shopify.com/s/files/1/0088/1937/6188/files/3701129800119.jpg,https://www.dermaexpress.com.mx/products/copia-de-bioderma-pigmentbio-c-concentrate-15-ml,Dermaexpress
8470001585066,Isdin Fotoprotector Fusion Fluid FPS50+ Con color para piel sensible 50 ml,Isdin,Protección Solar,Solares,517.3,537.99,739,829,979,1199,719,25.18,27.2,AMARILLO,A,1,https://cdn.shopify.com/s/files/1/0088/1937/6188/products/8470001585066_2.jpg,https://www.dermaexpress.com.mx/products/isdin-extrem-50-fluido-con-color-50ml-8470001585066,Dermaexpress
732013301811,Neostrata Correct Suero Facial Reafirmante 30 ml,Neostrata,Rostro,Rostro,1250,1300,0,1999,2369,2889,2369,45.12,0,SIN_REF,C,0,https://cdn.shopify.com/s/files/1/0088/1937/6188/products/732013301811.png,https://www.dermaexpress.com.mx/products/skin-active-suero-reafirmante-30ml-732013300319,Dermaexpress
3401397240470,Bioderma Sensibio DS+ crema para pieles con dermatitis seborreica 40 ml,Bioderma,Rostro,Rostro,620,644.8,775,999,1179,1439,809,20.3,16.8,ROJO,B,1,https://cdn.shopify.com/s/files/1/0088/1937/6188/files/3401397240470_1.avif,https://www.dermaexpress.com.mx/products/bioderma-sensibio-ds-40ml-3401397240470,Dermaexpress
7502002461283,Farmapiel Meladermic Total FPS50+ Suero facial despigmentante 30 gr,Farmapiel,Rostro,Rostro,939,976.56,0,1509,1779,2179,1779,45.11,0,SIN_REF,B,1,https://cdn.shopify.com/s/files/1/0088/1937/6188/products/7502002461283_94bc0f39-b741-4bcb-9d35-7bd2acce43f8.jpg,https://www.dermaexpress.com.mx/products/meladermic-total-fps-50-30mgr-7502002461283,Dermaexpress
7502002460033,Farmapiel Meladermic Crema de día despigmentante piel normal 25 gr,Farmapiel,Rostro,Rostro,620,644.8,0,999,1179,1439,1179,45.31,0,SIN_REF,B,1,https://cdn.shopify.com/s/files/1/0088/1937/6188/products/7502002460033.jpg,https://www.dermaexpress.com.mx/products/meladermic-dia-25gr-7502002460033,Dermaexpress
3499320012850,Cetaphil Loción limpiadora para piel sensible 473 ml,Cetaphil,Rostro,Rostro,401,417.04,574,649,759,929,559,25.4,27.34,AMARILLO,A,1,https://cdn.shopify.com/s/files/1/0088/1937/6188/files/3499320012850_1.avif,https://www.dermaexpress.com.mx/products/copia-de-cetaphil-locion-limpiadora-473ml,Dermaexpress
3337875797597,La Roche-Posay Protector Solar Anthelios UVMune FPS50+ Fluido invisible para piel sensible y mixta 50 ml,La Roche Posay,Protección Solar,Solares,599,622.96,799,959,1139,1389,779,20.03,22.03,AMARILLO,C,0,https://cdn.shopify.com/s/files/1/0088/1937/6188/files/f765b2ec-3b2c-4e85-b69c-789b1610766c.jpg,https://www.dermaexpress.com.mx/products/anthelios-uv-fps50-mune-fluido-invisible-50ml,Dermaexpress
8470001631718,Isdin Fotoprotector Gel crema Dry Touch con color FPS50+ 50 ml,Isdin,Protección Solar,Solares,440.3,457.91,629,709,839,1019,619,26.02,27.2,AMARILLO,C,0,https://cdn.shopify.com/s/files/1/0088/1937/6188/files/Disenosintitulo_76.png,https://www.dermaexpress.com.mx/products/isdin-dry-touch-50-c-color-50ml-8470001631718,Dermaexpress
3760269770072,Isispharma Geneskin Lift Crema alisadora anti edad 50 ml,Isispharma,Rostro,Rostro,1440,1497.6,1800,2309,2729,3329,1879,20.3,16.8,ROJO,B,1,https://cdn.shopify.com/s/files/1/0088/1937/6188/products/GeneskinLiftCrema.jpg,https://www.dermaexpress.com.mx/products/geneskin-lift-crema-50ml,Dermaexpress
3571940001619,Noreva Actipur Gel de Limpieza para Piel Grasa 150 ml,NOREVA,Rostro,Rostro,535,556.4,0,859,1019,1239,1019,45.4,0,SIN_REF,B,1,https://cdn.shopify.com/s/files/1/0088/1937/6188/products/4_ACTIPUR_Gel_Dermolimpiador_De_Limpieza_Facial.jpg,https://www.dermaexpress.com.mx/products/actipur-gel-de-limpieza-150ml-3571940001619,Dermaexpress
3760269770300,Isispharma Uveblock FPS50+ Spray para niños Protector solar para niños 200 ml,Isispharma,Protección Solar,Solares,632,657.28,790,1019,1199,1469,829,20.71,16.8,ROJO,C,0,https://cdn.shopify.com/s/files/1/0088/1937/6188/products/UveblockFPS50_SprayKids.jpg,https://www.dermaexpress.com.mx/products/uveblock-fps-50-spray-para-ninos-200ml,Dermaexpress
5702191027037,Leo Pharma Icaden Crema Vaginal 40gr,Leo Pharma,Cuerpo,Cuerpo,866,900.64,0,1389,1639,2009,1639,45.05,0,SIN_REF,C,0,https://cdn.shopify.com/s/files/1/0088/1937/6188/products/Adaptaciones-16.jpg,https://www.dermaexpress.com.mx/products/icaden-crema-vaginal-40gr,Dermaexpress
3760269770324,Isispharma Teen Derm Aqua Desmaquillante para piel mixta a grasa 400 ml,Isispharma,Rostro,Rostro,468,486.72,586,749,889,1089,609,20.08,16.94,ROJO,B,1,https://cdn.shopify.com/s/files/1/0088/1937/6188/products/TeenDermAqua400ml.jpg,https://www.dermaexpress.com.mx/products/teen-derm-aqua-solucion-micelar-400ml,Dermaexpress
732013250188,Neostrata Skin Active Crema Facial de Día FPS30 50 ml,Neostrata,Rostro,Rostro,1740,1809.6,0,2789,3299,4029,3299,45.15,0,SIN_REF,A,1,https://cdn.shopify.com/s/files/1/0088/1937/6188/products/04.jpg,https://www.dermaexpress.com.mx/products/skin-active-spf30-matrix-support-50gr-732013300425,Dermaexpress
3760269770393,Isispharma Neotone Eyes Contorno de ojos acción 4 en 1 15 ml,Isispharma,Rostro,Rostro,688,715.52,860,1109,1309,1599,899,20.41,16.8,ROJO,B,1,https://cdn.shopify.com/s/files/1/0088/1937/6188/files/Diseno_sin_titulo_15.png,https://www.dermaexpress.com.mx/products/neotone-contorno-de-ojos-15ml,Dermaexpress
3282770141467,Ducray Keracnyl Glycolic+ Crema antiimperfecciones 30 ml,Ducray,Rostro,Rostro,615,639.6,769,989,1169,1429,799,19.95,16.83,ROJO,B,1,https://cdn.shopify.com/s/files/1/0088/1937/6188/products/3282770141467.jpg,https://www.dermaexpress.com.mx/products/keracnyl-glycolic-crema-30ml,Dermaexpress
3282770145175,Ducray Keracnyl UV FPS50+ Fluido antiimperfecciones 50 ml,Ducray,Rostro,Rostro,543,564.72,679,869,1029,1259,709,20.35,16.83,ROJO,B,1,https://cdn.shopify.com/s/files/1/0088/1937/6188/products/3282770145175.jpg,https://www.dermaexpress.com.mx/products/keracnyl-uv,Dermaexpress
8423372010019,Genové Crema neutra genove crema protectora 50ml.,Genove,Cuerpo,Cuerpo,270,280.8,360,439,519,629,359,21.78,22,AMARILLO,B,1,https://cdn.shopify.com/s/files/1/0088/1937/6188/products/Adaptaciones-22.jpg,https://www.dermaexpress.com.mx/products/crema-neutra-genove-50ml-8423372010019,Dermaexpress
3337875684101,CeraVe SA Crema alisadora antirugosidades corporal 340 ml,Cerave,Cuerpo,Cuerpo,486,505.44,649,779,919,1129,639,20.9,22.12,AMARILLO,A,1,https://cdn.shopify.com/s/files/1/0088/1937/6188/files/Diseno_sin_titulo_2.png,https://www.dermaexpress.com.mx/products/cerave-crema-alisadora-340ml,Dermaexpress
8429420156982,Isdin Lambdacaps Suplemento alimenticio 30 caps,Isdin,Capilar,Cabello,730.1,759.3,1043,1169,1389,1689,1019,25.49,27.2,AMARILLO,A,1,https://cdn.shopify.com/s/files/1/0088/1937/6188/products/8429420156982_1bee010c-a5e4-4a1e-8203-88947bb6be70.jpg,https://www.dermaexpress.com.mx/products/lambdacaps-capsulas-c-30,Dermaexpress
8470001691880,Isdin Ureadin Fusion Suero lift antiarrugas 30 gr,Isdin,Rostro,Rostro,578.2,601.33,826,929,1099,1339,809,25.67,27.2,AMARILLO,A,1,https://cdn.shopify.com/s/files/1/0088/1937/6188/files/8470001691880-ISDIN-UREADIN-FUSION-SERUM-LIFT-ANTIARRUGAS-30-ML.jpg,https://www.dermaexpress.com.mx/products/ureadin-fusion-suero-30gr-8470001691880,Dermaexpress
7502002460095,Farmapiel Cicafarm K Crema cicatrizante 30 gr,Farmapiel,Cuerpo,Cuerpo,849,882.96,0,1359,1609,1969,1609,45.12,0,SIN_REF,B,1,https://cdn.shopify.com/s/files/1/0088/1937/6188/products/7502002460095.jpg,https://www.dermaexpress.com.mx/products/cicafarm-k-30gr-7502002460095,Dermaexpress
3760269770539,"Isispharma glyco-A Post Peeling, Crema calmante reparadora para piel irritada y sensibilizada 40ml.",Isispharma,Rostro,Rostro,404,420.16,505,649,769,939,529,20.57,16.8,ROJO,C,0,https://cdn.shopify.com/s/files/1/0088/1937/6188/products/DERMAPOSTPEELING.jpg,https://www.dermaexpress.com.mx/products/glyco-a-post-peeling-40ml,Dermaexpress
3337875774086,Vichy Neovadiol Pre-menopausia Crema de noche 50 ml,Vichy,Rostro,Rostro,1124,1168.96,1499,1799,2129,2599,1469,20.42,22.02,AMARILLO,C,0,https://cdn.shopify.com/s/files/1/0088/1937/6188/files/3337875774086_10.jpg,https://www.dermaexpress.com.mx/products/neovadiol-pre-menopausia-crema-de-noche-50ml,Dermaexpress
3760269770942,Isispharma Teen Derm AZ Seboregulador y anti imperfecciones 30 ml,Isispharma,Rostro,Rostro,744,773.76,930,1199,1409,1719,969,20.15,16.8,ROJO,B,1,https://cdn.shopify.com/s/files/1/0088/1937/6188/files/Diseno_sin_titulo_10_b0056d7e-6842-4ea7-8978-53a395eb4140.png,https://www.dermaexpress.com.mx/products/teen-derm-az-30ml,Dermaexpress
7501273500202,Remexa Oleoderm Jabon 100gr,Remexa,Cuerpo,Cuerpo,339,352.56,0,549,649,789,649,45.68,0,SIN_REF,B,1,https://cdn.shopify.com/s/files/1/0088/1937/6188/products/Adaptaciones-06.jpg,https://www.dermaexpress.com.mx/products/oleoderm-jabon-100gr-7501273500202,Dermaexpress
3760269770386,Isispharma Neotone Body Despigmentante corporal 100 ml,Isispharma,Cuerpo,Cuerpo,696,723.84,870,1119,1319,1609,909,20.37,16.8,ROJO,C,0,https://cdn.shopify.com/s/files/1/0088/1937/6188/files/Diseno_sin_titulo_16.png,https://www.dermaexpress.com.mx/products/neotone-despigmentante-corporal-100ml,Dermaexpress
7502002460071,Farmapiel Meladermic Energy Crema facial despigmentante 50 gr,Farmapiel,Rostro,Rostro,1400,1456,0,2239,2649,3239,2649,45.04,0,SIN_REF,C,0,https://cdn.shopify.com/s/files/1/0088/1937/6188/products/7502002460071_1.jpg,https://www.dermaexpress.com.mx/products/meladermic-energy-50gr-7502002460071,Dermaexpress
3282770202854,Avene Cleanance Comedomed Concentrado anti-imperfecciones 30 ml,Avene,Rostro,Rostro,743,772.72,929,1189,1409,1719,969,20.26,16.82,ROJO,B,1,https://cdn.shopify.com/s/files/1/0088/1937/6188/products/3282770202854CLEANANCECOMEDOMEDFTE.jpg,https://www.dermaexpress.com.mx/products/cleanance-comedomed-30ml,Dermaexpress
3401348840421,Bioderma Sébium Hydra crema hidratante para procesos resecantes 40 ml,Bioderma,Rostro,Rostro,612,636.48,765,979,1159,1419,799,20.34,16.8,ROJO,B,1,https://cdn.shopify.com/s/files/1/0088/1937/6188/files/3401348840421_5f38e4fe-dfe8-4561-a289-66f183dc47b9.jpg,https://www.dermaexpress.com.mx/products/bioderma-sebium-hydra-40ml-3401348840421,Dermaexpress
7502002461818,Farmapiel Lasmaskin 4% Crema despigmentante 30 gr,Farmapiel,Rostro,Rostro,527,548.08,0,849,999,1219,999,45.14,0,SIN_REF,B,1,https://cdn.shopify.com/s/files/1/0088/1937/6188/products/LASMASKIN4_1.jpg,https://www.dermaexpress.com.mx/products/lasmaskin-4-crema-30gr,Dermaexpress
7502002461597,Farmapiel Coramantine Crema para piel alérgica 30 gr,Farmapiel,Rostro,Rostro,287,298.48,0,459,549,669,549,45.63,0,SIN_REF,B,1,https://cdn.shopify.com/s/files/1/0088/1937/6188/products/CORAMANTINE_1.jpg,https://www.dermaexpress.com.mx/products/coramantine-crema-30gr,Dermaexpress
3337875774123,Vichy Neovadiol Crema de día pre-menopausia Efecto lifting piel normal a mixta 50 ml,Vichy,Rostro,Rostro,1124,1168.96,1499,1799,2129,2599,1469,20.42,22.02,AMARILLO,A,1,https://cdn.shopify.com/s/files/1/0088/1937/6188/files/3337875774123_11.jpg,https://www.dermaexpress.com.mx/products/neovadiol-crema-de-dia-pre-menopausia-50ml,Dermaexpress
3337875777797,La Roche-Posay Effaclar H ISO-BIOME Reduce imperfecciones y marcas 40 ml,La Roche Posay,Rostro,Rostro,599,622.96,799,959,1139,1389,779,20.03,22.03,AMARILLO,A,1,https://cdn.shopify.com/s/files/1/0088/1937/6188/files/2af64555-fb51-4823-bc94-fd250651c741.jpg,https://www.dermaexpress.com.mx/products/effaclar-h-iso-biome-40ml,Dermaexpress
8470001977786,Cantabria Labs Heliocare 360° Age Active Fluido Protector solar FPS50+ antiedad 50 ml,Cantabria Labs,Protección Solar,Solares,650,676,765,1039,1229,1509,849,20.38,11.63,ROJO,B,1,https://cdn.shopify.com/s/files/1/0088/1937/6188/products/8470001977786.jpg,https://www.dermaexpress.com.mx/products/heliocare-360-age-active-fps50-fluid-50ml,Dermaexpress
3499320004541,Cetaphil Crema hidratante facial diaria con FPS50+ 50 ml,Cetaphil,Rostro,Rostro,412,428.48,516,659,779,959,539,20.5,16.96,ROJO,B,1,https://cdn.shopify.com/s/files/1/0088/1937/6188/files/3499320004541_1.avif,https://www.dermaexpress.com.mx/products/cetaphil-fps50-hidratante-facial-50ml-3499320004541,Dermaexpress
3337875722827,La Roche-Posay Sérum Effaclar Ultra Concentrado Anti-marcas e imperfecciones para piel grasa con tendencia al acné 30 ml,La Roche Posay,Rostro,Rostro,824,856.96,1099,1319,1559,1909,1079,20.58,22.02,AMARILLO,A,1,https://cdn.shopify.com/s/files/1/0088/1937/6188/files/3_45eb2eb7-fabc-4fc2-ab34-1b8427454f67.png,https://www.dermaexpress.com.mx/products/effaclar-serum-concentrado-30-ml,Dermaexpress
3282770395938,Avene Intense Protect Fluido solar FPS50+ de espectro ultra amplio 150 ml,Avene,Protección Solar,Solares,607,631.28,759,979,1149,1409,789,19.99,16.83,ROJO,B,1,https://cdn.shopify.com/s/files/1/0088/1937/6188/files/descarga_1800x1800_c55f3143-7a04-4c12-a517-3ca854a4f07c.avif,https://www.dermaexpress.com.mx/products/intense-pro-50-150-ml,Dermaexpress
3282770146790,Avene Xeracalm Aceite limpiador para piel seca con tendencia a eccema atópico 400 ml,Avene,Cuerpo,Cuerpo,479,498.16,599,769,909,1109,629,20.8,16.83,ROJO,C,0,https://cdn.shopify.com/s/files/1/0088/1937/6188/products/3282770146790.jpg,https://www.dermaexpress.com.mx/products/xeracalm-aceite-lavante-400ml,Dermaexpress
3282776456428,Avene Protector solar FPS50+ Spray para niños 200 ml,Avene,Protección Solar,Solares,639,664.56,799,1029,1209,1479,839,20.79,16.83,ROJO,C,0,https://cdn.shopify.com/s/files/1/0088/1937/6188/products/3282776456428_1.jpg,https://www.dermaexpress.com.mx/products/bloqueador-fps50-spray-ninos-200ml-3282776456428,Dermaexpress
3337871323622,Vichy Ideal soleil fps50 Toque seco 50 ml,Vichy,Protección Solar,Solares,599,622.96,799,959,1139,1389,779,20.03,22.03,AMARILLO,C,0,https://cdn.shopify.com/s/files/1/0088/1937/6188/files/bc61a107-c635-4135-b6e9-d66e299df408.jpg,https://www.dermaexpress.com.mx/products/capital-soleil-fps-50-toque-seco-50ml-3337871323622,Dermaexpress
3760269770133,Isispharma Sensylia Aqua Solución micelar Desmaquilla limpia e hidrata la piel sensible 250 ml,Isispharma,Rostro,Rostro,432,449.28,540,699,819,999,569,21.04,16.8,ROJO,B,1,https://cdn.shopify.com/s/files/1/0088/1937/6188/products/SensyliaAqua250ml.jpg,https://www.dermaexpress.com.mx/products/sensylia-aqua-solucion-micelar-250ml,Dermaexpress
3760269770225,Isispharma Ruboril Metroruboril AZ 15% Menos rojeces 30 ml,Isispharma,Rostro,Rostro,764,794.56,956,1229,1449,1769,999,20.46,16.89,ROJO,B,1,https://cdn.shopify.com/s/files/1/0088/1937/6188/files/Diseno_sin_titulo_31.png,https://www.dermaexpress.com.mx/products/ruboril-metroruboril-az-15-30ml,Dermaexpress
3337875797641,La Roche-Posay Protector Solar Anthelios UVMune 400 FPS 50+ Fluido Invisible con color para piel sensible y mixta 50 ml,La Roche Posay,Protección Solar,Solares,599,622.96,799,959,1139,1389,779,20.03,22.03,AMARILLO,A,1,https://cdn.shopify.com/s/files/1/0088/1937/6188/files/0ea09031-95b6-4211-bc0e-dd96800f905b.jpg,https://www.dermaexpress.com.mx/products/anthelios-uv-fps50-mune-fluido-color-50ml,Dermaexpress
8423372025006,Genové Pilopeptan Intensive Plan de choque 15 sobres,Genove,Capilar,Cabello,817,849.68,1090,1309,1549,1889,1069,20.52,22.05,AMARILLO,C,0,https://cdn.shopify.com/s/files/1/0088/1937/6188/products/8423372025006-PILOPEPTAN15SOBRESWEB.jpg,https://www.dermaexpress.com.mx/products/pilopeptan-intensive-15-sobres,Dermaexpress
3282770075724,Avene Fluido mineral con color protector solar FPS50+ para piel intolerante 40 ml,Avene,Protección Solar,Solares,559,581.36,699,899,1059,1299,729,20.25,16.83,ROJO,B,1,https://cdn.shopify.com/s/files/1/0088/1937/6188/products/3282770075724_Avene_Bloqueador_solar_fluido_mineral_c_c_FPS50_40_ML.jpg,https://www.dermaexpress.com.mx/products/bloqueador-fps50-fluido-tt-mineral-40ml-3282770075724,Dermaexpress
7897930776616,Cetaphil Sun Oil Control Gel protector solar con color FPS50+ para piel grasa 50 ml,Cetaphil,Protección Solar,Solares,424,440.96,530,679,809,979,559,21.12,16.8,ROJO,B,1,https://cdn.shopify.com/s/files/1/0088/1937/6188/files/7897930776616_1.avif,https://www.dermaexpress.com.mx/products/cetaphil-sun-oil-control-fps50-color-50ml-7897930776616,Dermaexpress
732013301385,Neostrata Restore Suero Facial Lactobiónico 30 ml,Neostrata,Rostro,Rostro,1190,1237.6,0,1909,2259,2759,2259,45.21,0,SIN_REF,A,1,https://cdn.shopify.com/s/files/1/0088/1937/6188/products/Adaptaciones-11.jpg,https://www.dermaexpress.com.mx/products/neostrata-suero-facial-lactibionico-30ml-732013300562,Dermaexpress
7501258210010,Advaita Astopil Espuma 5% tratamiento para alopecia 60 gr,Advaita,Capilar,Cabello,677,704.08,0,1089,1289,1569,1289,45.38,0,SIN_REF,B,1,https://cdn.shopify.com/s/files/1/0088/1937/6188/products/PSASTOPIL60G1.jpg,https://www.dermaexpress.com.mx/products/astopil-5-0-espuma-60gr,Dermaexpress
8429420285651,Isdin Fusion Water FPS50+ Color Bronze Fotoprotector facial 50 ml,Isdin,Protección Solar,Solares,569.1,591.86,813,919,1079,1319,789,24.99,27.2,AMARILLO,A,1,https://cdn.shopify.com/s/files/1/0088/1937/6188/files/3337875940139_1_1.avif,https://www.dermaexpress.com.mx/products/isdin-fps50-fusion-water-bronze-50ml,Dermaexpress
4005800241901,Eucerin Pigment Control Protector Solar Anti-manchas FPS50+ 50 ml,Eucerin,Protección Solar,Solares,525,546,751,839,999,1219,729,25.1,27.3,AMARILLO,A,1,https://cdn.shopify.com/s/files/1/0088/1937/6188/files/4005800241901_2.jpg,https://www.dermaexpress.com.mx/products/eucerin-sun-pigment-control-50ml,Dermaexpress
3499320012812,Cetaphil Gel limpiador facial para piel grasa 237 ml,Cetaphil,Rostro,Rostro,313,325.52,448,509,599,729,439,25.85,27.34,AMARILLO,A,1,https://cdn.shopify.com/s/files/1/0088/1937/6188/files/3499320012812_1.avif,https://www.dermaexpress.com.mx/products/copy-of-cetaphil-gel-para-piel-grasa-237ml,Dermaexpress
3499320012829,Cetaphil Crema hidratante para piel sensible 250 gr,Cetaphil,Cuerpo,Cuerpo,297,308.88,396,479,569,689,389,20.6,22,AMARILLO,A,1,https://cdn.shopify.com/s/files/1/0088/1937/6188/files/3499320012829.avif,https://www.dermaexpress.com.mx/products/copy-of-cetaphil-crema-humectante-250gr,Dermaexpress
8423372040351,Genové Fluidbase max suero anti edad 30ml.,Genove,Rostro,Rostro,1087,1130.48,1450,1739,2059,2519,1419,20.33,22.04,AMARILLO,C,0,https://cdn.shopify.com/s/files/1/0088/1937/6188/products/8423372040351.jpg,https://www.dermaexpress.com.mx/products/fluidbase-max-30ml-8423372040351,Dermaexpress
3401397163618,Bioderma ABCDerm Gel Moussant Limpiador para bebé 1 L,Bioderma,Cuerpo,Cuerpo,535,556.4,669,859,1019,1239,699,20.4,16.83,ROJO,B,1,https://cdn.shopify.com/s/files/1/0088/1937/6188/products/3401397163618_4f5d4ef9-c977-4fa6-b443-0ce089508406.jpg,https://www.dermaexpress.com.mx/products/bioderma-abcderm-moussant-1lt-3401397163618,Dermaexpress
3401574131423,Bioderma Sébium Gel Gommant Exfoliante para piel mixta a grasa 100 ml,Bioderma,Rostro,Rostro,479,498.16,599,769,909,1109,629,20.8,16.83,ROJO,C,0,https://cdn.shopify.com/s/files/1/0088/1937/6188/files/3401574131423_81d09cfb-9ea5-4f4f-978f-5dc4019101a3.jpg,https://www.dermaexpress.com.mx/products/bioderma-sebium-exfoliante-100ml-3401574131423,Dermaexpress
3337875693820,La Roche-Posay Sérum Toleriane Ultra Dermallergo Facial hidratante para piel sensible o con alergias 20 ml,La Roche Posay,Rostro,Rostro,667,693.68,890,1069,1269,1549,869,20.17,22.06,AMARILLO,C,0,https://cdn.shopify.com/s/files/1/0088/1937/6188/files/7fbb906b-faf5-49fe-86c9-7588358652f7.jpg,https://www.dermaexpress.com.mx/products/toleriane-dermallergo-serum-20ml,Dermaexpress
7501054550211,Eucerin Hyaluron-Filler Pore Minimizer Skin Refiner Sérum facial antiarrugas 30 ml,Eucerin,Rostro,Rostro,725,754,1037,1159,1379,1679,1009,25.27,27.29,AMARILLO,C,0,https://cdn.shopify.com/s/files/1/0088/1937/6188/files/7501054550211_2.jpg,https://www.dermaexpress.com.mx/products/hyaluron-filler-pore-minimizer-serum-facial-30-ml,Dermaexpress
4005900265227,Eucerin Sun Fluido facial anti-edad FPS50+ 50 ml,Eucerin,Protección Solar,Solares,545,566.8,779,879,1039,1259,759,25.32,27.24,AMARILLO,A,1,https://cdn.shopify.com/s/files/1/0088/1937/6188/files/4005900265227_2.jpg,https://www.dermaexpress.com.mx/products/eucerin-sun-fluid-anti-edad-fps-50-50ml-4005900265227,Dermaexpress
3337875561761,Vichy Dermablend covermatte #15 opal Polvo compacto de alta cobertura 9.5 gr,Vichy,Rostro,Rostro,749,778.96,999,1199,1419,1739,979,20.43,22.03,AMARILLO,C,0,https://cdn.shopify.com/s/files/1/0088/1937/6188/products/3337875561761_04fe30b4-438d-46b8-a624-d350da78d056.jpg,https://www.dermaexpress.com.mx/products/db-covermatte-9-5gr-color-opal-3337875561761,Dermaexpress
3499320011655,Cetaphil Optimal Hydration Crema hidratante facial de día para piel deshidratada 48 gr,Cetaphil,Rostro,Rostro,568,590.72,669,909,1079,1319,739,20.06,11.7,ROJO,B,1,https://cdn.shopify.com/s/files/1/0088/1937/6188/files/3499320011655_1__1.avif,https://www.dermaexpress.com.mx/products/cetaphil-optimal-hydration-locion-hidratante-facial-de-dia-48-gr,Dermaexpress
7502002460040,Farmapiel Meladermic Crema de noche despigmentante piel normal 25 gr,Farmapiel,Rostro,Rostro,590,613.6,0,949,1119,1369,1119,45.17,0,SIN_REF,C,0,https://cdn.shopify.com/s/files/1/0088/1937/6188/products/7502002460040.jpg,https://www.dermaexpress.com.mx/products/meladermic-noche-25gr-7502002460040,Dermaexpress
4005900839633,Eucerin Sun Oil Control Protector solar FPS50+ tono medio para piel grasa 50 ml,Eucerin,Protección Solar,Solares,503,523.12,720,809,959,1169,699,25.16,27.34,AMARILLO,A,1,https://cdn.shopify.com/s/files/1/0088/1937/6188/products/4005900839633_1.jpg,https://www.dermaexpress.com.mx/products/eucerin-spf50-oil-control-tono-medio-50ml,Dermaexpress
3282770104783,Aderma Cytelium Spray calmante para piel irritada 100 ml,Aderma,Cuerpo,Cuerpo,399,414.96,499,639,759,929,519,20.05,16.84,ROJO,B,1,https://cdn.shopify.com/s/files/1/0088/1937/6188/products/3282770104783-CYTELIUM-SPRAY-100ML-FRN.png,https://www.dermaexpress.com.mx/products/cytelium-100ml,Dermaexpress
8429420200678,Isdin Isdinceutics Hyaluronic Concentrate Suero ultrahidratante 30 ml,Isdin,Rostro,Rostro,833,866.32,1190,1339,1579,1929,1159,25.25,27.2,AMARILLO,A,1,https://cdn.shopify.com/s/files/1/0088/1937/6188/products/8429420200678.jpg,https://www.dermaexpress.com.mx/products/isdinceutics-hyaluronic-concentrate-30ml,Dermaexpress
3760269770362,Isispharma Neotone Suero despigmentante 30 ml,Isispharma,Rostro,Rostro,792,823.68,990,1269,1499,1839,1029,19.95,16.8,ROJO,B,1,https://cdn.shopify.com/s/files/1/0088/1937/6188/files/Diseno_sin_titulo_12.png,https://www.dermaexpress.com.mx/products/neotone-suero-despigmentante-30ml,Dermaexpress
8470001997302,Cantabria Labs Endocare Radiance Contorno de ojos antiedad 15 ml,Cantabria Labs,Rostro,Rostro,1015,1055.6,1195,1629,1919,2349,1319,19.97,11.67,ROJO,B,1,https://cdn.shopify.com/s/files/1/0088/1937/6188/products/Endocare_Radiance_EyeCountourAnti-darkCircles_Bottle.jpg,https://www.dermaexpress.com.mx/products/endocare-radiance-contorno-de-ojos-15-ml,Dermaexpress
8470001822758,Cantabria Labs Radiocare Ultra Crema regeneradora 150 ml,Cantabria Labs,Cuerpo,Cuerpo,701,729.04,825,1129,1329,1629,919,20.67,11.63,ROJO,B,1,https://cdn.shopify.com/s/files/1/0088/1937/6188/products/RadiocareUltra_Box_Bottle.jpg,https://www.dermaexpress.com.mx/products/radiocare-ultra-crema-150ml-8470001822758,Dermaexpress
3499320012485,Cetaphil PRO AR Espuma limpiadora facial para piel con enrojecimiento 236 ml,Cetaphil,Rostro,Rostro,552,574.08,0,889,1049,1279,1049,45.27,0,SIN_REF,A,1,https://cdn.shopify.com/s/files/1/0088/1937/6188/files/3499320012485_1_59151d43-d1cb-461c-aa1c-f916be780d9f.avif,https://www.dermaexpress.com.mx/products/ceta-pro-ar-calm-control-espuma-de-limpieza-236-ml,Dermaexpress
7640203242864,Cetaphil Gel de baño corporal 500 ml,Cetaphil,Cuerpo,Cuerpo,417,433.68,556,669,789,969,549,21.01,22,AMARILLO,A,1,https://cdn.shopify.com/s/files/1/0088/1937/6188/files/7640203242864_1.avif,https://www.dermaexpress.com.mx/products/cetaphil-gel-de-bano-corporal-500-ml,Dermaexpress
3337875757669,La Roche-Posay Toleriane Dermallergo Fluido Hidratante para piel mixta a grasa 40 ml,La Roche Posay,Rostro,Rostro,749,778.96,999,1199,1419,1739,979,20.43,22.03,AMARILLO,A,1,https://cdn.shopify.com/s/files/1/0088/1937/6188/files/521c7a4c-deca-474a-a00d-d7d8c8811442.jpg,https://www.dermaexpress.com.mx/products/copia-de-toleriane-dermallergo-crema-40ml,Dermaexpress
8429420139336,Isdin Fotoprotector Loción Spray Pediátrico FPS50+ 200 ml,Isdin,Protección Solar,Solares,592.2,615.89,846,949,1119,1369,829,25.71,27.2,AMARILLO,C,0,https://cdn.shopify.com/s/files/1/0088/1937/6188/products/lotionspray_pediatrics_50ml_thumbnails_1.jpg,https://www.dermaexpress.com.mx/products/copia-de-fotoprotector-isdin-50-locion-spray-pediatrico-200ml,Dermaexpress
3282779352369,Ducray Shampoo dermoprotector extra suave 200 ml,Ducray,Capilar,Cabello,215,223.6,269,349,409,499,279,19.86,16.88,ROJO,B,1,https://cdn.shopify.com/s/files/1/0088/1937/6188/products/3282779352369_1.jpg,https://www.dermaexpress.com.mx/products/extra-suave-shampoo-200ml-3282779352369,Dermaexpress
3337871325787,Vichy Ideal soleil fps50 Toque seco con color 50 ml,Vichy,Protección Solar,Solares,599,622.96,799,959,1139,1389,779,20.03,22.03,AMARILLO,A,1,https://cdn.shopify.com/s/files/1/0088/1937/6188/products/3337871325787.MAIN.jpg,https://www.dermaexpress.com.mx/products/ideal-soleil-fps-50-toque-seco-con-color-50ml,Dermaexpress
7501273500554,Remexa - Oleoderm Baby Crema 120ml,Remexa,Cuerpo,Cuerpo,549,570.96,0,879,1039,1269,1039,45.05,0,SIN_REF,B,1,https://cdn.shopify.com/s/files/1/0088/1937/6188/products/7501273500554.jpg,https://www.dermaexpress.com.mx/products/oleoderm-baby-crema-120ml-7501273500554,Dermaexpress
609207621133,DS Polaris NR11 Loción regeneradora capilar 60 ml,D.S.,Capilar,Cabello,835,868.4,1044,1339,1579,1929,1089,20.26,16.82,ROJO,B,1,https://cdn.shopify.com/s/files/1/0088/1937/6188/files/609207621133.png,https://www.dermaexpress.com.mx/products/polaris-nr11-locion-60ml-609207621133,Dermaexpress
8470002044272,Cantabria Labs Heliocare 360° Water Gel Beige Protector solar FPS50+ 50 ml,Cantabria Labs,Protección Solar,Solares,616,640.64,725,989,1169,1429,809,20.81,11.64,ROJO,B,1,https://cdn.shopify.com/s/files/1/0088/1937/6188/products/Heliocare_WaterGel_ColorBeige_Bottle.jpg,https://www.dermaexpress.com.mx/products/heliocare-360-color-water-gel-50-beige-50ml,Dermaexpress
3701129802069,Bioderma Atoderm Intensive Baume Bálsamo calmante para piel muy seca 200 ml,Bioderma,Cuerpo,Cuerpo,492,511.68,615,789,939,1139,639,19.92,16.8,ROJO,B,1,https://cdn.shopify.com/s/files/1/0088/1937/6188/products/3401381463359_ecb65945-373b-4a8a-9949-5dd018c160bc.jpg,https://www.dermaexpress.com.mx/products/copia-de-bioderma-atoderm-intensive-baume-200ml,Dermaexpress
8470001702852,Cantabria Labs Heliocare 360° Airgel Protector solar corporal 200 ml,Cantabria Labs,Protección Solar,Solares,650,676,765,1039,1229,1509,849,20.38,11.63,ROJO,B,1,https://cdn.shopify.com/s/files/1/0088/1937/6188/products/Heliocare360_Airgel_200ml_FPS50_Bottle.jpg,https://www.dermaexpress.com.mx/products/heliocare-360-airgel-corporal-200ml-8470001702852,Dermaexpress
1500,"Tarjeta de Regalo 1500 $1,500.00",Derma Express MX,Otros,Tarjetas de regalo,1500,1560,0,2399,2839,3469,2839,45.05,0,SIN_REF,B,1,https://cdn.shopify.com/s/files/1/0088/1937/6188/files/5_5944f60c-1b7d-47df-852f-03e277048f6b.png,https://www.dermaexpress.com.mx/products/tarjeta-de-r-1500,Dermaexpress
1000,"Tarjeta de Regalo 1000 $1,000.00",Derma Express MX,Otros,Tarjetas de regalo,1000,1040,0,1599,1899,2319,1899,45.23,0,SIN_REF,B,1,https://cdn.shopify.com/s/files/1/0088/1937/6188/files/4_094bcdd6-be46-46d2-9fc0-696e4f196884.png,https://www.dermaexpress.com.mx/products/tarjeta-de-r-1000,Dermaexpress
850,Tarjeta de Regalo 850 $850.00,Derma Express MX,Otros,Tarjetas de regalo,850,884,0,1359,1609,1969,1609,45.06,0,SIN_REF,B,1,https://cdn.shopify.com/s/files/1/0088/1937/6188/files/3_539f5f66-1948-4642-b0a3-25cafffa4412.png,https://www.dermaexpress.com.mx/products/tarjeta-de-r-850,Dermaexpress
700,Tarjeta de Regalo 700 $700.00,Derma Express MX,Otros,Tarjetas de regalo,700,728,0,1119,1329,1619,1329,45.22,0,SIN_REF,B,1,https://cdn.shopify.com/s/files/1/0088/1937/6188/files/2_4951da7f-f7cc-4147-b0c8-e527fb2ce0d4.png,https://www.dermaexpress.com.mx/products/tarjeta-de-r-700,Dermaexpress
500,Tarjeta de Regalo 500 $500.00,Derma Express MX,Otros,Tarjetas de regalo,500,520,0,799,949,1159,949,45.21,0,SIN_REF,B,1,https://cdn.shopify.com/s/files/1/0088/1937/6188/files/1_5f288852-5a6e-4aaf-ae93-0520fbf5c488.png,https://www.dermaexpress.com.mx/products/tarjeta-de-r-500,Dermaexpress
3337872413728,La Roche-Posay Pure Vitamin C UV FPS 25 Crema facial hidratante anti-arrugas con FPS 25 40 ml,La Roche Posay,Rostro,Rostro,1042,1083.68,1390,1669,1979,2409,1359,20.26,22.04,AMARILLO,C,0,https://cdn.shopify.com/s/files/1/0088/1937/6188/products/la-roche-posay-redermic-hyalu-c-uv-40-ml.jpg,https://www.dermaexpress.com.mx/products/redermic-hyalu-c-uv-40ml-3337872413728,Dermaexpress
3760269770454,Isispharma Ruboril Aqua Micelar Desmaquillante para piel sensible con enrojecimiento 400 ml,Isispharma,Rostro,Rostro,468,486.72,586,749,889,1089,609,20.08,16.94,ROJO,C,0,https://cdn.shopify.com/s/files/1/0088/1937/6188/products/Aquaruboril400ml.jpg,https://www.dermaexpress.com.mx/products/ruboril-aqua-solucion-micelar-400ml,Dermaexpress
3760269770409,Isispharma Neotone Prevent FPS50+ Medio Protector despigmentante con color 30 ml,Isispharma,Protección Solar,Solares,692,719.68,866,1109,1309,1599,899,19.95,16.9,ROJO,C,0,https://cdn.shopify.com/s/files/1/0088/1937/6188/products/NeotonePrevent50_2564ab07-73ac-479a-85a1-24b115455b1d.jpg,https://www.dermaexpress.com.mx/products/neotone-prevent-crema-fps-50-medio-30ml,Dermaexpress
3760269770041,"Isispharma neotone Aqua Solución Micelar, Desmaquillante para piel sensible y pigmentada, 250ml.",Isispharma,Rostro,Rostro,432,449.28,540,699,819,999,569,21.04,16.8,ROJO,B,1,https://cdn.shopify.com/s/files/1/0088/1937/6188/products/NeotoneAqua250ml.jpg,https://www.dermaexpress.com.mx/products/neotone-aqua-solucion-micelar-250ml,Dermaexpress
3760269770317,Isispharma Neotone Aqua Solución micelar Desmaquillante para piel sensible y pigmentada 400 ml,Isispharma,Rostro,Rostro,520,540.8,650,839,989,1209,679,20.35,16.8,ROJO,B,1,https://cdn.shopify.com/s/files/1/0088/1937/6188/products/NeotoneAqua400ml.jpg,https://www.dermaexpress.com.mx/products/neotone-aqua-solucion-micelar-400ml,Dermaexpress
3760269770287,Isispharma Uveblock FPS50+ Mineral con color Protector solar para piel intolerante 40 ml,Isispharma,Protección Solar,Solares,489,508.56,612,789,929,1139,639,20.41,16.9,ROJO,C,0,https://cdn.shopify.com/s/files/1/0088/1937/6188/products/UveblockFPS50_Mineralconcolor.jpg,https://www.dermaexpress.com.mx/products/uveblock-fps-50-mineral-con-color-40ml,Dermaexpress
8429420128644,Isdin Agua Micelar 4 en 1 Desmaquilla limpia tonifica e hidrata 400 ml,Isdin,Rostro,Rostro,400.4,416.42,572,649,759,929,559,25.51,27.2,AMARILLO,A,1,https://cdn.shopify.com/s/files/1/0088/1937/6188/products/8429420128644.jpg,https://www.dermaexpress.com.mx/products/isdin-agua-micelar-4-en-1,Dermaexpress
3337875578486,La Roche-Posay Toleriane Sensitive Crema Hidratante para piel sensible 40 ml,La Roche Posay,Cuerpo,Cuerpo,561,583.44,749,899,1069,1299,729,19.97,22.1,AMARILLO,A,1,https://cdn.shopify.com/s/files/1/0088/1937/6188/files/9960d35d-2a68-40f2-962c-0955bd2914c8.jpg,https://www.dermaexpress.com.mx/products/toleriane-sensitive-40ml,Dermaexpress
3401360147751,Isispharma Ruboril Aqua Micelar Desmaquillante para piel sensible con enrojecimiento 250 ml,Isispharma,Rostro,Rostro,374,388.96,468,599,709,869,489,20.46,16.89,ROJO,C,0,https://cdn.shopify.com/s/files/1/0088/1937/6188/products/Aquaruboril250ml.jpg,https://www.dermaexpress.com.mx/products/ruboril-aqua-solucion-micelar-250ml,Dermaexpress
732013302092,Neostrata Resurface Crema Ultrasuavizante Plus 40 g,Neostrata,Rostro,Rostro,1000,1040,0,1599,1899,2319,1899,45.23,0,SIN_REF,A,1,https://cdn.shopify.com/s/files/1/0088/1937/6188/products/732013302092.png,https://www.dermaexpress.com.mx/products/neostrata-crema-facial-plus-40gr,Dermaexpress
3337875743563,CeraVe Gel limpiador hidratante facial y corporal 236 ml,Cerave,Rostro,Rostro,411,427.44,549,659,779,949,539,20.7,22.14,AMARILLO,A,1,https://cdn.shopify.com/s/files/1/0088/1937/6188/files/91b1eb2d-a03a-4e82-afaf-9025c5658fcb.jpg,https://www.dermaexpress.com.mx/products/cerave-limpiadora-crema-espumosa-hidratante-256ml,Dermaexpress
3337875598996,CeraVe Crema hidratante facial y corporal 170 ml 170gr,Cerave,Cuerpo,Cuerpo,236,245.44,315,379,449,549,309,20.57,22.08,AMARILLO,A,1,https://cdn.shopify.com/s/files/1/0088/1937/6188/files/51e5f7e1-a0aa-40b0-8fba-a646d97d6dbf.jpg,https://www.dermaexpress.com.mx/products/cerave-crema-hidratante-454gr-3337875597388,Dermaexpress
3701129803400,Bioderma Sébium Gel Moussant Actif Limpiador activo anti-acné 200 ml,Bioderma,Rostro,Rostro,479,498.16,599,769,909,1109,629,20.8,16.83,ROJO,B,1,https://cdn.shopify.com/s/files/1/0088/1937/6188/files/3701129803400.jpg,https://www.dermaexpress.com.mx/products/bioderma-sebium-gel-moussant-actif-200ml,Dermaexpress
3337875597272,CeraVe Crema reparadora para contorno de ojos 14 ml,Cerave,Rostro,Rostro,411,427.44,549,659,779,949,539,20.7,22.14,AMARILLO,A,1,https://cdn.shopify.com/s/files/1/0088/1937/6188/files/Diseno_sin_titulo_4bdee763-c3f1-4f65-bb9c-d8430ac70b83.png,https://www.dermaexpress.com.mx/products/cerave-ojos-14ml-3337875597272,Dermaexpress
732013301552,Neostrata Resurface Loción Plus 200 ml,Neostrata,Cuerpo,Cuerpo,1200,1248,0,1919,2269,2779,2269,45,0,SIN_REF,A,1,https://cdn.shopify.com/s/files/1/0088/1937/6188/products/732013301552.png,https://www.dermaexpress.com.mx/products/neostrata-locion-plus-200ml,Dermaexpress
3337875719209,Vichy Liftactiv supreme ha epidermic filler Suero de ácido hialurónico rostro y ojos 30 ml,Vichy,Rostro,Rostro,899,934.96,1199,1439,1699,2079,1169,20.02,22.02,AMARILLO,A,1,https://cdn.shopify.com/s/files/1/0088/1937/6188/files/3337875719209_12.jpg,https://www.dermaexpress.com.mx/products/liftactiv-supreme-ha-epidermic-filler-30-ml,Dermaexpress
8470001847607,Cantabria Labs Heliocare 360° Mineral Tolerance Fluido solar para piel sensible 50 ml,Cantabria Labs,Protección Solar,Solares,535,556.4,630,859,1019,1239,699,20.4,11.68,ROJO,B,1,https://cdn.shopify.com/s/files/1/0088/1937/6188/products/Heliocare360_MineralToleranceFluid_FPS50_Box_Bottle.jpg,https://www.dermaexpress.com.mx/products/heliocare-360-mineral-tolerance-fluido-50ml-8470001847607,Dermaexpress
7501054530398,Eucerin pH5 Aceite de ducha para piel seca y sensible 200 ml,Eucerin,Cuerpo,Cuerpo,300,312,429,479,569,699,419,25.54,27.27,AMARILLO,A,1,https://cdn.shopify.com/s/files/1/0088/1937/6188/files/7501054530398_2.jpg,https://www.dermaexpress.com.mx/products/eucerin-ph5-aceite-de-ducha-200ml-7501054530398,Dermaexpress
8470001724137,Cantabria Labs Heliocare 360° Gel Oil-Free Protector solar para piel grasa 50 ml,Cantabria Labs,Protección Solar,Solares,616,640.64,725,989,1169,1429,809,20.81,11.64,ROJO,B,1,https://cdn.shopify.com/s/files/1/0088/1937/6188/products/Heliocare360_GelOilFree_FPS50_Box_Tube.jpg,https://www.dermaexpress.com.mx/products/heliocare-360-gel-oil-free-dry-touch-50ml-8470001724137,Dermaexpress
3337875762298,Vichy Capital soleil uv-age fps50 Protector solar anti-fotoenvejecimiento 40 ml,Vichy,Protección Solar,Solares,561,583.44,749,899,1069,1299,729,19.97,22.1,AMARILLO,C,0,https://cdn.shopify.com/s/files/1/0088/1937/6188/files/3337875762298_11.jpg,https://www.dermaexpress.com.mx/products/capital-soleil-uv-age-fps-50-40ml,Dermaexpress
3337875563048,Vichy Dermablend covermatte #35 sand Polvo compacto de alta cobertura 9.5 gr,Vichy,Rostro,Rostro,824,856.96,1099,1319,1559,1909,1079,20.58,22.02,AMARILLO,A,1,https://cdn.shopify.com/s/files/1/0088/1937/6188/products/3337875563048_99e20dc5-d27d-451b-9999-15a73833a396.jpg,https://www.dermaexpress.com.mx/products/db-covermatte-9-5gr-color-sand-3337875563048,Dermaexpress
3499320004473,Cetaphil PRO AC Dermacontrol Hidratante facial con FPS30 para piel grasa 118 ml,Cetaphil,Rostro,Rostro,816,848.64,0,1309,1549,1889,1549,45.21,0,SIN_REF,A,1,https://cdn.shopify.com/s/files/1/0088/1937/6188/files/3499320004473_1.avif,https://www.dermaexpress.com.mx/products/cetaphil-dermacontrol-hidrante-118ml-3499320004473,Dermaexpress
3401399277092,Bioderma Sébium Gel Moussant gel limpiador anti-imperfecciones 500 ml,Bioderma,Rostro,Rostro,631,656.24,789,1009,1199,1459,829,20.84,16.83,ROJO,B,1,https://cdn.shopify.com/s/files/1/0088/1937/6188/files/3401399277092_bf933d42-8ac6-4eea-b549-09b064ce54c4.jpg,https://www.dermaexpress.com.mx/products/bioderma-sebium-moussant-500ml,Dermaexpress
7502002460422,Farmapiel Optigel Contorno de ojos con té verde 15 gr,Farmapiel,Rostro,Rostro,969,1007.76,0,1559,1839,2239,1839,45.2,0,SIN_REF,B,1,https://cdn.shopify.com/s/files/1/0088/1937/6188/products/7502002460422.jpg,https://www.dermaexpress.com.mx/products/optigel-te-verde-15gr-7502002460422,Dermaexpress
3282770139204,Avene Cleanance Gel limpiador matificante para piel sensible con tendencia acneica 200 ml,Avene,Rostro,Rostro,494,513.76,659,799,939,1149,649,20.84,22.04,AMARILLO,A,1,https://cdn.shopify.com/s/files/1/0088/1937/6188/files/3282770139204_1.jpg,https://www.dermaexpress.com.mx/products/cleanance-gel-200-ml-tubo,Dermaexpress
8429420203082,Isdin Isdinceutics Vital Eyes Crema reparadora antiarrugas 15 gr,Isdin,Rostro,Rostro,786.1,817.54,1123,1259,1489,1819,1089,24.93,27.2,AMARILLO,A,1,https://cdn.shopify.com/s/files/1/0088/1937/6188/products/8429420203082.jpg,https://www.dermaexpress.com.mx/products/isdinceutics-vital-eyes-15gr,Dermaexpress
8429420152120,Isdin Ureadin Crema de manos reparadora 50 ml,Isdin,Cuerpo,Cuerpo,126,131.04,180,209,239,299,179,26.79,27.2,AMARILLO,A,1,https://cdn.shopify.com/s/files/1/0088/1937/6188/products/8429420152120.jpg,https://www.dermaexpress.com.mx/products/ureadin-manos-crema-50ml-8470002610736,Dermaexpress
3337872411991,La Roche-Posay Effaclar Gel espumoso purificante Limpiador facial para piel grasa y sensible 400 ml,La Roche Posay,Rostro,Rostro,599,622.96,799,959,1139,1389,779,20.03,22.03,AMARILLO,A,1,https://cdn.shopify.com/s/files/1/0088/1937/6188/files/f19cfa1b-0b3f-4829-8333-4b9febe5b17d.jpg,https://www.dermaexpress.com.mx/products/effaclar-gel-400ml,Dermaexpress
8429420200814,Isdin Fotoprotector Isdin UV Mineral Brush SPF50+ 2 gr,Isdin,Protección Solar,Solares,508.9,529.26,727,819,969,1179,709,25.35,27.2,AMARILLO,A,1,https://cdn.shopify.com/s/files/1/0088/1937/6188/products/WhatsAppImage2021-11-02at15.52.03.jpg,https://www.dermaexpress.com.mx/products/copia-de-fotoprotector-isdin-50-sunbrush-mineral-4gr,Dermaexpress
8470001769183,Isdin Isdinceutics K-Ox Eyes Contorno de ojos 15 ml,Isdin,Rostro,Rostro,852.6,886.7,1218,1369,1619,1979,1189,25.42,27.2,AMARILLO,A,1,https://cdn.shopify.com/s/files/1/0088/1937/6188/files/3337875940139_1ee5b545-3291-49ee-ae7a-ffd3e1139ab7.avif,https://www.dermaexpress.com.mx/products/isdinceutics-k-ox-eyes-15-ml,Dermaexpress
7501054530107,Eucerin pH5 Loción corporal hidratante para piel seca y sensible 250 ml,Eucerin,Cuerpo,Cuerpo,307,319.28,439,499,589,709,429,25.58,27.27,AMARILLO,A,1,https://cdn.shopify.com/s/files/1/0088/1937/6188/files/7501054530107_2.jpg,https://www.dermaexpress.com.mx/products/eucerin-ph5-locion-7501054530107,Dermaexpress
3337875597395,CeraVe Loción hidratante para piel seca 473 ml 473ml,Cerave,Cuerpo,Cuerpo,411,427.44,549,659,779,949,539,20.7,22.14,AMARILLO,A,1,https://cdn.shopify.com/s/files/1/0088/1937/6188/files/18603280-15e9-4354-972f-b8179c2b78cb.jpg,https://www.dermaexpress.com.mx/products/cerave-locion-hidratante-3337875597210,Dermaexpress
3499320001359,Galderma Nutracort Locion para pieles con dermatitis 120ml.,Galderma,Cuerpo,Cuerpo,982,1021.28,0,1579,1859,2269,1859,45.06,0,SIN_REF,B,1,https://cdn.shopify.com/s/files/1/0088/1937/6188/products/PS_Nutracort_locion_120ml.jpg,https://www.dermaexpress.com.mx/products/nutracort-locion-120ml-3499320001359,Dermaexpress
4005900559517,Eucerin Anti-Pigment Crema facial de noche anti-hiperpigmentación 50 ml,Eucerin,Rostro,Rostro,783,814.32,1119,1259,1489,1809,1089,25.22,27.23,AMARILLO,A,1,https://cdn.shopify.com/s/files/1/0088/1937/6188/files/4005900559517_1.jpg,https://www.dermaexpress.com.mx/products/eucerin-anti-pigment-crema-facial-de-noche-50ml,Dermaexpress
3337875597197,CeraVe Gel limpiador facial espumoso 236 ml 236 ml,Cerave,Rostro,Rostro,359,373.36,479,579,679,829,469,20.39,22.05,AMARILLO,A,1,https://cdn.shopify.com/s/files/1/0088/1937/6188/files/7f3d0f49-b757-41fc-8fc5-df75a47ba9ef.jpg,https://www.dermaexpress.com.mx/products/copia-de-cerave-gel-espumoso,Dermaexpress
3337875597388,CeraVe Crema hidratante facial y corporal 453 ml,Cerave,Cuerpo,Cuerpo,411,427.44,549,659,779,949,539,20.7,22.14,AMARILLO,A,1,https://cdn.shopify.com/s/files/1/0088/1937/6188/files/e6ba6380-c2ed-4771-a636-1804e0b9cf94.jpg,https://www.dermaexpress.com.mx/products/copia-de-cerave-crema-hidratante-453gr,Dermaexpress
8470001939456,Cantabria Labs Iraltone Shampoo fortificante 200 ml,Cantabria Labs,Capilar,Cabello,476,495.04,560,769,909,1109,619,20.03,11.6,ROJO,B,1,https://cdn.shopify.com/s/files/1/0088/1937/6188/products/Iraltone_FortifyingShampoo_Bottle_Box_46447372-f64f-4748-9feb-60bc191ace13.jpg,https://www.dermaexpress.com.mx/products/copia-de-iraltone-shampoo-anti-caida-200ml,Dermaexpress
7502002460064,Farmapiel Meladermic Manos y cuerpo Crema despigmentante 150 gr,Farmapiel,Cuerpo,Cuerpo,1190,1237.6,0,1909,2259,2759,2259,45.21,0,SIN_REF,B,1,https://cdn.shopify.com/s/files/1/0088/1937/6188/products/7502002460064_1.jpg,https://www.dermaexpress.com.mx/products/meladermic-manos-y-cuerpo-150gr-7502002460064,Dermaexpress
3337875708289,La Roche-Posay Effaclar Gel microexfoliante Limpiador para piel grasa 400 ml,La Roche Posay,Rostro,Rostro,659,685.36,879,1059,1249,1529,859,20.21,22.03,AMARILLO,A,1,https://cdn.shopify.com/s/files/1/0088/1937/6188/files/ec0b5043-25f9-4603-901c-f7f8f5876a9b.jpg,https://www.dermaexpress.com.mx/products/copia-de-effaclar-gel-microexfoliante-limpiador-piel-grasa-400ml,Dermaexpress
732013250195,Neostrata Enlighten Crema Limpiadora Exfoliante 100 ml,Neostrata,Rostro,Rostro,900,936,0,1439,1709,2079,1709,45.23,0,SIN_REF,A,1,https://cdn.shopify.com/s/files/1/0088/1937/6188/files/DEDEDEDEDE.webp,https://www.dermaexpress.com.mx/products/enlighten-gel-limpiador-100ml-732013300395,Dermaexpress
3337871332297,Vichy Dermablend coverflow 3d #15 opal Alta cobertura y duración 30 ml,Vichy,Rostro,Rostro,824,856.96,1099,1319,1559,1909,1079,20.58,22.02,AMARILLO,A,1,https://cdn.shopify.com/s/files/1/0088/1937/6188/products/3337871332297_1.jpg,https://www.dermaexpress.com.mx/products/dermablend-coverflow-3d-30ml-color-opal-3337871332297,Dermaexpress
8470001615688,Cantabria Labs Endocare Tensage Ampollas antiedad regeneradoras c/10 de 2 ml,Cantabria Labs,Rostro,Rostro,1275,1326,1500,2039,2419,2949,1659,20.07,11.6,ROJO,C,0,https://cdn.shopify.com/s/files/1/0088/1937/6188/products/Endocare_Tensage_Ampoules_10x2_Ampoule_Box.jpg,https://www.dermaexpress.com.mx/products/endocare-tensage-ampolletas-c-10-de-2ml-8470001615688,Dermaexpress
8470001873590,Cantabria Labs Heliocare 360° Oil-Free Beige Protector solar para piel grasa 50 ml,Cantabria Labs,Protección Solar,Solares,616,640.64,725,989,1169,1429,809,20.81,11.64,ROJO,B,1,https://cdn.shopify.com/s/files/1/0088/1937/6188/products/Heliocare360_ColorGelOilFree_BeigeFPS50__Box_Bottle.jpg,https://www.dermaexpress.com.mx/products/heliocare-360-oil-free-beige-50ml-8470001873590,Dermaexpress
7506334400088,Uppharma Nourkrin woman Suplemento alimenticio anticaída c/60 tabletas,Uppharma,Capilar,Cabello,1415,1471.6,1665,2269,2679,3279,1839,19.98,11.62,ROJO,B,1,https://cdn.shopify.com/s/files/1/0088/1937/6188/files/thumbnail_Nourkrin_Man_3_dd388a87-2859-4f2d-b2b5-ce190641953a.jpg,https://www.dermaexpress.com.mx/products/noukrin-woman-c-60-tabletas,Dermaexpress
7502002461801,Farmapiel Lasmaskin 2% Crema despigmentante 30 gr,Farmapiel,Cuerpo,Cuerpo,455,473.2,0,729,869,1059,869,45.55,0,SIN_REF,B,1,https://cdn.shopify.com/s/files/1/0088/1937/6188/products/7502002461801.jpg,https://www.dermaexpress.com.mx/products/lasmaskin-2-crema-30gr,Dermaexpress
8470001977793,Cantabria Labs Heliocare 360° Pigment Solution Fluido solar despigmentante FPS50+ 50 ml,Cantabria Labs,Protección Solar,Solares,650,676,765,1039,1229,1509,849,20.38,11.63,ROJO,B,1,https://cdn.shopify.com/s/files/1/0088/1937/6188/products/Heliocare-360-Pigment-Solution-50-50Ml-8470001977793-637812238585372882-1.jpg,https://www.dermaexpress.com.mx/products/heliocare-360º-pigment-solution-fluid-50ml,Dermaexpress
8470001894342,Cantabria Labs Neoretin DC Ultra Emulsión despigmentante 30 ml,Cantabria Labs,Rostro,Rostro,960,998.4,1130,1539,1819,2219,1249,20.06,11.65,ROJO,B,1,https://cdn.shopify.com/s/files/1/0088/1937/6188/products/8470001894342.jpg,https://www.dermaexpress.com.mx/products/neoretin-dc-ultra-emulsion-30ml,Dermaexpress
3337871332310,Vichy Dermablend coverflow 3d #35 sand Alta cobertura y duración 30 ml,Vichy,Rostro,Rostro,786,817.44,1049,1259,1489,1819,1029,20.56,22.07,AMARILLO,C,0,https://cdn.shopify.com/s/files/1/0088/1937/6188/products/3337871332310_1.jpg,https://www.dermaexpress.com.mx/products/dermablend-coverflow-3d-30ml-color-sand-3337871332310,Dermaexpress
4005900559500,Eucerin Anti-Pigment Crema facial de día anti-hiperpigmentación FPS30 50 ml,Eucerin,Rostro,Rostro,783,814.32,1119,1259,1489,1809,1089,25.22,27.23,AMARILLO,A,1,https://cdn.shopify.com/s/files/1/0088/1937/6188/files/4005900559500_1.jpg,https://www.dermaexpress.com.mx/products/eucerin-anti-pigment-crema-facial-de-dia-fps-30-50ml,Dermaexpress
3499320005326,Cetaphil Toallitas de limpieza facial 25 pzas,Cetaphil,Rostro,Rostro,211,219.44,282,339,399,489,279,21.35,22.18,AMARILLO,A,1,https://cdn.shopify.com/s/files/1/0088/1937/6188/files/3499320005326_1.avif,https://www.dermaexpress.com.mx/products/cetaphil-toallitas-c-25-3499320005326,Dermaexpress
8470003429757,Isdin Deo Germisdin Desodorante roll-on Sudoración excesiva 40 ml,Isdin,Cuerpo,Cuerpo,403.9,420.06,577,649,769,939,559,24.86,27.2,AMARILLO,A,1,https://cdn.shopify.com/s/files/1/0088/1937/6188/products/8470003429757_2.jpg,https://www.dermaexpress.com.mx/products/germisdin-rx-roll-on-40ml-8470003429757,Dermaexpress
8429420192263,Isdin Fotoprotector Loción hidratante bifásica FPS50+ 200 ml,Isdin,Protección Solar,Solares,532.7,554.01,761,859,1009,1239,739,25.03,27.2,AMARILLO,A,1,https://cdn.shopify.com/s/files/1/0088/1937/6188/products/8429420192263.jpg,https://www.dermaexpress.com.mx/products/isdin-fps50-hydro-locion-200ml-8470001838919,Dermaexpress
8429420175341,Isdin Glicoisdin Soft 8% Crema facial antiedad 50 ml,Isdin,Rostro,Rostro,541.1,562.74,773,869,1029,1259,749,24.87,27.2,AMARILLO,A,1,https://cdn.shopify.com/s/files/1/0088/1937/6188/products/8429420175341_2.jpg,https://www.dermaexpress.com.mx/products/glicoisdin-crema-50ml-8,Dermaexpress
3282770139181,Aderma Exomega Spray calma la comezón y reduce las rojeces 200 ml,Aderma,Cuerpo,Cuerpo,511,531.44,639,819,969,1189,669,20.56,16.83,ROJO,B,1,https://cdn.shopify.com/s/files/1/0088/1937/6188/products/3282770139181.jpg,https://www.dermaexpress.com.mx/products/exomega-spray-200ml,Dermaexpress
3337875586269,La Roche-Posay Cicaplast Gel B5 Tratamiento hidratante para cicatrices 40 ml,La Roche Posay,Cuerpo,Cuerpo,524,544.96,699,839,999,1219,689,20.91,22.04,AMARILLO,A,1,https://cdn.shopify.com/s/files/1/0088/1937/6188/files/7a1fac95-e056-4a54-aa81-d05121153746.jpg,https://www.dermaexpress.com.mx/products/cicaplast-gel-b5-40ml,Dermaexpress
3337875684095,CeraVe Crema alisadora antirugosidades corporal 177 ml,Cerave,Cuerpo,Cuerpo,366,380.64,489,589,699,849,479,20.53,22.16,AMARILLO,A,1,https://cdn.shopify.com/s/files/1/0088/1937/6188/files/e0753655-c577-4e5e-b714-da0309052847.jpg,https://www.dermaexpress.com.mx/products/cerave-crema-alisadora-anti-rugosidades-smoothing-177ml,Dermaexpress
3701129802076,Bioderma Atoderm Intensive Baume Bálsamo hidratante facial y corporal 500 ml,Bioderma,Cuerpo,Cuerpo,708,736.32,885,1139,1339,1639,929,20.74,16.8,ROJO,B,1,https://cdn.shopify.com/s/files/1/0088/1937/6188/products/3401565359201.jpg,https://www.dermaexpress.com.mx/products/bioderma-atoderm-intensive-baume-500ml,Dermaexpress
7319470066786,Eucerin Anti-Pigment Dual Sérum Facial 30 ml,Eucerin,Rostro,Rostro,979,1018.16,1399,1569,1859,2269,1359,25.08,27.22,AMARILLO,A,1,https://cdn.shopify.com/s/files/1/0088/1937/6188/files/7319470066786_1.jpg,https://www.dermaexpress.com.mx/products/eucerin-anti-pigment-suero-dual-facial-30-ml,Dermaexpress
8470001541871,Isdin Ureadin Ultra 20 Crema anti-rugosidades 100 ml,Isdin,Cuerpo,Cuerpo,331.8,345.07,474,539,629,769,459,24.82,27.2,AMARILLO,A,1,https://cdn.shopify.com/s/files/1/0088/1937/6188/products/8470001541871-2.jpg,https://www.dermaexpress.com.mx/products/ureadin-rx-20-crema-100ml-8470001541871,Dermaexpress
3701129800843,Bioderma Sensibio Gel Moussant Gel micelar limpiador 500 ml,Bioderma,Rostro,Rostro,631,656.24,789,1009,1199,1459,829,20.84,16.83,ROJO,B,1,https://cdn.shopify.com/s/files/1/0088/1937/6188/files/3701129800843_1.avif,https://www.dermaexpress.com.mx/products/bioderma-sensibio-gel-moussant-500ml,Dermaexpress
8429420285668,Isdin Fotoprotector Fusion Water Pediátrico FPS50+ 50 ml,Isdin,Protección Solar,Solares,569.1,591.86,813,919,1079,1319,789,24.99,27.2,AMARILLO,A,1,https://cdn.shopify.com/s/files/1/0088/1937/6188/files/3337875940139.avif,https://www.dermaexpress.com.mx/products/fotoprotector-isdin-50-fusion-water-pediatrics-50ml,Dermaexpress
8470001532411,Isdin Ureadin Ultra 40 Gel-Oil Exfoliante intenso 30 ml,Isdin,Cuerpo,Cuerpo,331.8,345.07,474,539,629,769,459,24.82,27.2,AMARILLO,A,1,https://cdn.shopify.com/s/files/1/0088/1937/6188/products/8470001532411_a37234c1-bedf-4248-982a-793d42770283.jpg,https://www.dermaexpress.com.mx/products/ureadin-rx-40-gel-oil-30ml-8470001532411,Dermaexpress
8470001527349,Isdin Ureadin Podos Gel Oil Hidratante para pies secos 75 ml,Isdin,Cuerpo,Cuerpo,290.5,302.12,415,469,549,679,409,26.13,27.2,AMARILLO,A,1,https://cdn.shopify.com/s/files/1/0088/1937/6188/products/8470001527349-2.jpg,https://www.dermaexpress.com.mx/products/ureadin-podos-gel-oil-75ml-8470001527349,Dermaexpress
3760095250267,ACM Depiwhite Leche corporal aclarante 200 ml,ACM,Cuerpo,Cuerpo,640,665.6,0,1029,1219,1479,1219,45.4,0,SIN_REF,B,1,https://cdn.shopify.com/s/files/1/0088/1937/6188/products/depiwhiteleche.jpg,https://www.dermaexpress.com.mx/products/depiwhite-leche-corporal-200-ml,Dermaexpress
8436574361599,Cantabria Labs Biretix Cleanser Gel limpiador purificante 200 ml,Cantabria Labs,Rostro,Rostro,433,450.32,510,699,819,1009,569,20.86,11.7,ROJO,B,1,https://cdn.shopify.com/s/files/1/0088/1937/6188/products/Biretix_Cleanser_200ml_93087c2e-e3db-42d2-b45f-a28833e90013.jpg,https://www.dermaexpress.com.mx/products/copia-de-biretix-cleanser-200ml,Dermaexpress
3337875695176,Vichy Capital soleil Matificante 3 en 1 fps50+ Protección solar para piel mixta a grasa 50 ml,Vichy,Protección Solar,Solares,599,622.96,799,959,1139,1389,779,20.03,22.03,AMARILLO,A,1,https://cdn.shopify.com/s/files/1/0088/1937/6188/files/11_f7b78406-93ba-4af0-9cfd-37f5f9d267d8.jpg,https://www.dermaexpress.com.mx/products/capital-soleil-matificante-3-en-1-fps-50,Dermaexpress
3337875764353,La Roche-Posay Anthelios Age Correct FPS 50+ Protector solar con color para piel madura y con signos de edad 50 ml,La Roche Posay,Protección Solar,Solares,749,778.96,999,1199,1419,1739,979,20.43,22.03,AMARILLO,A,1,https://cdn.shopify.com/s/files/1/0088/1937/6188/products/3337875764353_1.jpg,https://www.dermaexpress.com.mx/products/anthelios-age-correct-fps-50-50-ml-con-color,Dermaexpress
4005800057670,Eucerin Hyaluron Filler Contorno De Ojos 15 ml,Eucerin,Rostro,Rostro,664,690.56,949,1069,1259,1539,929,25.67,27.23,AMARILLO,A,1,https://cdn.shopify.com/s/files/1/0088/1937/6188/files/4005800057670_2_4acaeb81-6b38-4cb2-b4ac-a9564c80d3d1.jpg,https://www.dermaexpress.com.mx/products/eucerin-hyaluron-filler-ojos-fps15-15ml-4005800057670,Dermaexpress
3337875761031,La Roche-Posay Protector Solar Anthelios Age Correct FPS 50+ para piel madura y con signos de edad 50 ml,La Roche Posay,Protección Solar,Solares,749,778.96,999,1199,1419,1739,979,20.43,22.03,AMARILLO,A,1,https://cdn.shopify.com/s/files/1/0088/1937/6188/files/1133835b-2113-4ec9-8375-89ea6124d7a0.jpg,https://www.dermaexpress.com.mx/products/anthelios-age-correct-fps-50-50-ml,Dermaexpress
8429420175310,Isdin Glicoisdin 15% Gel antiedad 50 ml,Isdin,Rostro,Rostro,541.1,562.74,773,869,1029,1259,749,24.87,27.2,AMARILLO,A,1,https://cdn.shopify.com/s/files/1/0088/1937/6188/products/8429420175310_2_3f501980-5866-4c93-8807-c866c4bd7992.jpg,https://www.dermaexpress.com.mx/products/glicoisdin-gel-50ml-15,Dermaexpress
3337871324001,Vichy Roll on Stress resist Anti-transpirante y desodorante 50 ml,Vichy,Cuerpo,Cuerpo,449,466.96,599,719,849,1039,589,20.72,22.04,AMARILLO,C,0,https://cdn.shopify.com/s/files/1/0088/1937/6188/files/8db145fb-2111-48e6-95a0-d94ea79a315e.jpg,https://www.dermaexpress.com.mx/products/desodorante-stress-resist-roll-on-50ml-3337871324001,Dermaexpress
7503015500013,Euderma BN-SN Protector solar 100 gr,Euderma,Protección Solar,Solares,573,595.92,0,919,1089,1329,1089,45.28,0,SIN_REF,B,1,https://cdn.shopify.com/s/files/1/0088/1937/6188/products/Adaptaciones-30.jpg,https://www.dermaexpress.com.mx/products/bn-sn-120gr-7503015500013,Dermaexpress
4005800269776,Eucerin Hyaluron-Filler + Elasticity 3D Sérum antiarrugas 30 ml,Eucerin,Rostro,Rostro,979,1018.16,1399,1569,1859,2269,1359,25.08,27.22,AMARILLO,A,1,https://cdn.shopify.com/s/files/1/0088/1937/6188/files/4005800269776_1.jpg,https://www.dermaexpress.com.mx/products/hyaluron-filler-elasticity-serum-3d,Dermaexpress
3512369001019,Neoselen Suplemento alimenticio anti-envejecimiento celular c/30 cápsulas,Derma Express MX,Cuerpo,Cuerpo,770,800.8,0,1239,1459,1779,1459,45.11,0,SIN_REF,B,1,https://cdn.shopify.com/s/files/1/0088/1937/6188/products/3512369001019.jpg,https://www.dermaexpress.com.mx/products/neoselen-capsulas-c-30-3512369001019,Dermaexpress
7501273500509,Remexa Suavene Crema 100 gr,Remexa,Cuerpo,Cuerpo,659,685.36,0,1059,1249,1529,1249,45.13,0,SIN_REF,C,0,https://cdn.shopify.com/s/files/1/0088/1937/6188/products/7501273500509.jpg,https://www.dermaexpress.com.mx/products/suavene-crema-100gr-7501273500509,Dermaexpress
8470001908285,Cantabria Labs Biretix Tri-Active Gel facial para piel grasa 50 ml,Cantabria Labs,Rostro,Rostro,612,636.48,720,979,1159,1419,799,20.34,11.6,ROJO,B,1,https://cdn.shopify.com/s/files/1/0088/1937/6188/products/BiretixTri-Active-2.jpg,https://www.dermaexpress.com.mx/products/biretix-tri-acrive-gel-50-ml,Dermaexpress
8470001674234,Isdin Fotoprotector Spray Wet Skin FPS50+ 250 ml,Isdin,Protección Solar,Solares,547.4,569.3,782,879,1039,1269,759,24.99,27.2,AMARILLO,C,0,https://cdn.shopify.com/s/files/1/0088/1937/6188/products/es_transparentspray_wetskin_50spf_thumbnails_01.jpg,https://www.dermaexpress.com.mx/products/isdin-50-wet-skin-spray-250ml-8470001674234,Dermaexpress
3499320001342,Galderma Nutracort Crema para pieles con dermatitis 60 gr,Galderma,Cuerpo,Cuerpo,629,654.16,0,1009,1189,1459,1189,44.98,0,SIN_REF,B,1,https://cdn.shopify.com/s/files/1/0088/1937/6188/products/PS_Nutracort_crema_60g.jpg,https://www.dermaexpress.com.mx/products/nutracort-crema-60gr-3499320001342,Dermaexpress
8436574361605,Cantabria Labs Endocare Tensage Sérum alta potencia 30 ml,Cantabria Labs,Rostro,Rostro,1083,1126.32,1275,1739,2049,2509,1409,20.06,11.66,ROJO,B,1,https://cdn.shopify.com/s/files/1/0088/1937/6188/products/WhatsAppImage2021-04-13at13.26.09.jpg,https://www.dermaexpress.com.mx/products/endocare-tensage-suero-alta-potencia-30ml,Dermaexpress
3337871324599,Vichy Roll on Anti-manchas Anti-transpirante y desodorante 50 ml,Vichy,Cuerpo,Cuerpo,449,466.96,599,719,849,1039,589,20.72,22.04,AMARILLO,C,0,https://cdn.shopify.com/s/files/1/0088/1937/6188/files/5f438557-828c-4cf6-9a4c-cab8bbde78e3.jpg,https://www.dermaexpress.com.mx/products/desodorante-anti-traces-50ml-3337871324599,Dermaexpress
3337875597357,CeraVe Gel limpiador facial espumoso 473 ml,Cerave,Rostro,Rostro,479,498.16,639,769,909,1109,629,20.8,22.04,AMARILLO,A,1,https://cdn.shopify.com/s/files/1/0088/1937/6188/files/0d047c76-5e80-4cbd-afd5-4ecc357e28f3.jpg,https://www.dermaexpress.com.mx/products/cerave-gel-espumoso-3337875597197,Dermaexpress
3401528521157,Bioderma Hydrabio H2O Agua micelar desmaquillante 100 ml,Bioderma,Rostro,Rostro,196,203.84,245,319,379,459,259,21.3,16.8,ROJO,B,1,https://cdn.shopify.com/s/files/1/0088/1937/6188/products/3401528521157.jpg,https://www.dermaexpress.com.mx/products/bioderma-hydrabio-h2o-100-ml,Dermaexpress
8429420083585,Isdin Lambdapil Loción anticaída en spray 125 ml,Isdin,Capilar,Cabello,739.9,769.5,1057,1189,1399,1709,1029,25.22,27.2,AMARILLO,C,0,https://cdn.shopify.com/s/files/1/0088/1937/6188/products/LambdapilSpray.jpg,https://www.dermaexpress.com.mx/products/lambdapil-spray-125ml-8429420083585,Dermaexpress
4005800631702,Eucerin pH5 Protector labial para piel seca y sensible FPS20 4.8 gr,Eucerin,Rostro,Rostro,107,111.28,153,179,209,249,149,25.32,27.27,AMARILLO,A,1,https://cdn.shopify.com/s/files/1/0088/1937/6188/files/4005800631702_2.jpg,https://www.dermaexpress.com.mx/products/eucerin-protector-labial-4-8gr-4005800631702,Dermaexpress
7640203240242,Cetaphil Exfoliante diario ultrasuave 178 ml,Cetaphil,Rostro,Rostro,268,278.72,358,429,509,619,349,20.14,22.15,AMARILLO,A,1,https://cdn.shopify.com/s/files/1/0088/1937/6188/files/7640203240242_1.avif,https://www.dermaexpress.com.mx/products/cetaphil-exfolainte-suave178ml,Dermaexpress
3337875597180,CeraVe Gel limpiador hidratante facial y corporal 236 ml,Cerave,Cuerpo,Cuerpo,359,373.36,479,579,679,829,469,20.39,22.05,AMARILLO,A,1,https://cdn.shopify.com/s/files/1/0088/1937/6188/files/c4cd8cb7-6de5-43cf-9182-4ea2cfb496f5.jpg,https://www.dermaexpress.com.mx/products/cerave-limpiadora-hidratante-3337875597180,Dermaexpress
3337875545891,La Roche Posay Anthelios UV Mune 400 Oil Control Gel-Crema con color FPS50+ para piel mixta 50 ml,La Roche Posay,Protección Solar,Solares,561,583.44,749,899,1069,1299,729,19.97,22.1,AMARILLO,A,1,https://cdn.shopify.com/s/files/1/0088/1937/6188/files/19777bce-57b5-4e4c-8932-caee8c685d79.jpg,https://www.dermaexpress.com.mx/products/anthelios-50-crema-xl-t-seco-color-50ml-3337875545891,Dermaexpress
3337875660549,La Roche-Posay Redermic Retinol Concentrado Crema facial hidratante anti-arrugas y manchas 30 ml,La Roche Posay,Rostro,Rostro,1049,1090.96,1399,1679,1989,2429,1369,20.31,22.02,AMARILLO,A,1,https://cdn.shopify.com/s/files/1/0088/1937/6188/files/56849de2-b238-4b3b-8289-542c881ebc82.jpg,https://www.dermaexpress.com.mx/products/redermic-retinol-30ml,Dermaexpress
3401345935571,Bioderma Sensibio H2O agua micelar desmaquillante piel sensible 500 ml,Bioderma,Rostro,Rostro,607,631.28,759,979,1149,1409,789,19.99,16.83,ROJO,C,0,https://cdn.shopify.com/s/files/1/0088/1937/6188/files/3401345935571_1.avif,https://www.dermaexpress.com.mx/products/bioderma-sensibio-h20-500ml,Dermaexpress
4005900436986,Eucerin Dermopure Gel limpiador para piel grasa y con tendencia acneica 200 ml,Eucerin,Rostro,Rostro,370,384.8,529,599,699,859,519,25.86,27.26,AMARILLO,A,1,https://cdn.shopify.com/s/files/1/0088/1937/6188/files/4005900436986_2.jpg,https://www.dermaexpress.com.mx/products/eucerin-dermopure-gel-limpiador-4005900436986,Dermaexpress
3337875663083,Vichy Normaderm phytosolution Gel limpiador para piel grasa con tendencia acneica 400 ml,Vichy,Rostro,Rostro,599,622.96,799,959,1139,1389,779,20.03,22.03,AMARILLO,C,0,https://cdn.shopify.com/s/files/1/0088/1937/6188/files/3337875663083_12.jpg,https://www.dermaexpress.com.mx/products/normaderm-phytosolution-gel,Dermaexpress
7503015500136,Euderma Pirizinc Shampoo anticaspa 120 ml,Euderma,Capilar,Cabello,382,397.28,0,619,729,889,729,45.5,0,SIN_REF,B,1,https://cdn.shopify.com/s/files/1/0088/1937/6188/products/Adaptaciones-52.jpg,https://www.dermaexpress.com.mx/products/pirizinc-120ml-7503015500136,Dermaexpress
7502275470500,Galderma Effezel 0.3% Gel anti imperfecciones 30 gr,Galderma,Rostro,Rostro,1308,1360.32,0,2099,2479,3029,2479,45.13,0,SIN_REF,B,1,https://cdn.shopify.com/s/files/1/0088/1937/6188/products/PS_Effezel_03.jpg,https://www.dermaexpress.com.mx/products/effezel-0-3-gel-30gr-7502275470500,Dermaexpress
3282770114171,Avene XeraCalm A.D bálsamo relipidizante para piel muy seca 400 ml,Avene,Cuerpo,Cuerpo,621,645.84,777,999,1179,1439,809,20.17,16.88,ROJO,C,0,https://cdn.shopify.com/s/files/1/0088/1937/6188/products/18-Flacon-pompe-BAUME-319324-XERACALM-400ml-FA-SPE-BOUCHON-BLANC.jpg,https://www.dermaexpress.com.mx/products/xeracalm-a-d-balsamo-400ml,Dermaexpress
3282771057385,Aderma barra limpiadora para todo tipo de piel 100gr.,Aderma,Cuerpo,Cuerpo,168,174.72,210,269,319,389,219,20.22,16.8,ROJO,C,0,https://cdn.shopify.com/s/files/1/0088/1937/6188/products/3282771057385_2.jpg,https://www.dermaexpress.com.mx/products/dermopan-barra-100ml-3282771057385,Dermaexpress
3337875694469,La Roche-Posay Sérum Retinol B3 Concentrado anti-arrugas para piel sensible 30 ml,La Roche Posay,Rostro,Rostro,1049,1090.96,1399,1679,1989,2429,1369,20.31,22.02,AMARILLO,A,1,https://cdn.shopify.com/s/files/1/0088/1937/6188/files/4_738083d7-3a94-4e61-abe2-137a17900bf7.png,https://www.dermaexpress.com.mx/products/retinol-b3-serum-anti-arrugas-30-ml,Dermaexpress
3401578653709,Bioderma Sébium Gel Moussant Limpiador anti-imperfecciones 200 ml 200 ml,Bioderma,Rostro,Rostro,455,473.2,569,729,869,1059,599,21,16.84,ROJO,C,0,https://cdn.shopify.com/s/files/1/0088/1937/6188/files/3401578653709_7ed3c1db-1553-4fc6-8bc9-b7bf6c1335c2.jpg,https://www.dermaexpress.com.mx/products/bioderma-sebium-moussant-3401353791220,Dermaexpress
3337875597210,CeraVe Loción hidratante para piel seca 236 ml,Cerave,Cuerpo,Cuerpo,261,271.44,349,419,499,609,339,19.93,22.22,AMARILLO,A,1,https://cdn.shopify.com/s/files/1/0088/1937/6188/files/1f42bd5b-2244-477e-8c2c-2e865f789cfa.jpg,https://www.dermaexpress.com.mx/products/cerave-locion-hidratante-236-ml,Dermaexpress
689076362153,DS Revita Shampoo anticaída 205 ml,D.S.,Capilar,Cabello,549,570.96,687,879,1039,1269,719,20.59,16.89,ROJO,B,1,https://cdn.shopify.com/s/files/1/0088/1937/6188/files/689076362153-2.png,https://www.dermaexpress.com.mx/products/revita-shampoo-180ml-689076362153,Dermaexpress
3701129800850,Bioderma Sensibio Gel Moussant gel micelar limpiador 100 ml,Bioderma,Rostro,Rostro,239,248.56,299,389,459,559,319,22.08,16.87,ROJO,B,1,https://cdn.shopify.com/s/files/1/0088/1937/6188/files/3701129800850_1.avif,https://www.dermaexpress.com.mx/products/bioderma-sensibio-gel-moussant-100ml,Dermaexpress
3337871320324,Vichy Roll on Piel sensible 48h Anti-transpirante y desodorante 50 ml,Vichy,Cuerpo,Cuerpo,449,466.96,599,719,849,1039,589,20.72,22.04,AMARILLO,A,1,https://cdn.shopify.com/s/files/1/0088/1937/6188/files/e557de69-38bb-4bb3-804f-2277eb578149.jpg,https://www.dermaexpress.com.mx/products/roll-on-piel-sensible-48h-50ml-3337871320324,Dermaexpress
3499320002394,Galderma Benzac AC Gel 2.5% Tratamiento para pieles con acné 60 gr,Galderma,Rostro,Rostro,266,276.64,380,429,509,619,369,25.03,27.2,AMARILLO,B,1,https://cdn.shopify.com/s/files/1/0088/1937/6188/products/3499320002394.jpg,https://www.dermaexpress.com.mx/products/benzac-ac-gel-60gr-3499320001335,Dermaexpress
3337875597449,CeraVe Loción hidratante facial 52 ml,Cerave,Rostro,Rostro,411,427.44,549,659,779,949,539,20.7,22.14,AMARILLO,A,1,https://cdn.shopify.com/s/files/1/0088/1937/6188/files/e32cc72a-b34c-4c28-ba43-174b5d4e0778.jpg,https://www.dermaexpress.com.mx/products/cerave-hidratante-facial-52ml,Dermaexpress
8423372025044,Genové Pilopeptan 60 cápsulas,Genove,Capilar,Cabello,1020,1060.8,1360,1639,1929,2359,1329,20.18,22,AMARILLO,B,1,https://cdn.shopify.com/s/files/1/0088/1937/6188/products/8423372025044.jpg,https://www.dermaexpress.com.mx/products/pilopeptan-capsulas-c-60-8423372025044,Dermaexpress
3337871316600,Vichy Dermablend líquido #25 nude Base de alta cobertura 30 ml,Vichy,Rostro,Rostro,824,856.96,1099,1319,1559,1909,1079,20.58,22.02,AMARILLO,A,1,https://cdn.shopify.com/s/files/1/0088/1937/6188/products/3337871316600_2.jpg,https://www.dermaexpress.com.mx/products/dermablend-base-de-maquillaje-fluida-t25-30ml,Dermaexpress
3337875613491,La Roche-Posay Effaclar K+ Tratamiento para piel grasa con imperfecciones 40 ml,La Roche Posay,Rostro,Rostro,651,677.04,869,1049,1239,1509,849,20.25,22.09,AMARILLO,C,0,https://cdn.shopify.com/s/files/1/0088/1937/6188/files/7a1fac95-e056-4a54-aa81-d05121153746_23440435-19e7-432d-bf80-220a74b0624b.jpg,https://www.dermaexpress.com.mx/products/effaclar-k-crema-40ml,Dermaexpress
7503015500143,Euderma Protecsol E Protector solar para todo tipo de piel 100 gr,Euderma,Protección Solar,Solares,659,685.36,0,1059,1249,1529,1249,45.13,0,SIN_REF,B,1,https://cdn.shopify.com/s/files/1/0088/1937/6188/products/Adaptaciones-54.jpg,https://www.dermaexpress.com.mx/products/protecsol-e-120gr-7503015500143,Dermaexpress
3499320004237,Galderma Effezel 0.1% Gel anti imperfecciones 30 gr,Galderma,Rostro,Rostro,1167,1213.68,0,1869,2209,2699,2209,45.06,0,SIN_REF,B,1,https://cdn.shopify.com/s/files/1/0088/1937/6188/products/PS_Effezel_01_30g.jpg,https://www.dermaexpress.com.mx/products/effezel-gel-30gr-3499320004237,Dermaexpress
8470001648198,Isdin Lambdapil Shampoo Anticaída 200 ml,Isdin,Capilar,Cabello,367.5,382.2,525,589,699,849,509,24.91,27.2,AMARILLO,A,1,https://cdn.shopify.com/s/files/1/0088/1937/6188/products/LamdapilShampoo.jpg,https://www.dermaexpress.com.mx/products/lambdapil-shampoo-200ml-8470001648198,Dermaexpress
3337875543248,Vichy Mineral 89 Sérum concentrado fortificante e hidratante 50 ml,Vichy,Rostro,Rostro,711,739.44,949,1139,1349,1649,929,20.4,22.08,AMARILLO,A,1,https://cdn.shopify.com/s/files/1/0088/1937/6188/files/3337875543248_12.jpg,https://www.dermaexpress.com.mx/products/vichy-89-mineral-50ml-3337875543248,Dermaexpress
3401353791220,Bioderma Sébium Gel Moussant Limpiador anti-imperfecciones 100 ml,Bioderma,Rostro,Rostro,239,248.56,299,389,459,559,319,22.08,16.87,ROJO,B,1,https://cdn.shopify.com/s/files/1/0088/1937/6188/files/3401353791220_3846a8ea-c14d-42aa-a5ce-b905e4c9a0f6.jpg,https://www.dermaexpress.com.mx/products/bioderma-sebium-moussant-100ml,Dermaexpress
8429420201361,Isdin Fotoprotector Fusion Water Urban SPF30+ Fluido 50 ml,Isdin,Protección Solar,Solares,569.1,591.86,813,919,1079,1319,789,24.99,27.2,AMARILLO,A,1,https://cdn.shopify.com/s/files/1/0088/1937/6188/files/Diseno_sin_titulo_1_dcd6a6c1-e65a-4a16-92c3-02ed3593d29f.png,https://www.dermaexpress.com.mx/products/fotoprotector-isdin-30-fluido-water-urban-50ml,Dermaexpress
8429420160750,Isdin Foto Ultra 100 Active Unify Color  FPS50+ Sin color 50 ml,Isdin,Protección Solar,Solares,578.2,601.33,826,929,1099,1339,809,25.67,27.2,AMARILLO,A,1,https://cdn.shopify.com/s/files/1/0088/1937/6188/products/8429420160750_2_6337b765-4fbd-459a-9302-aa83dea45588.jpg,https://www.dermaexpress.com.mx/products/foto-ultra-100-isdin-50-active-unify-50ml-sin-color,Dermaexpress
8470003468237,Cantabria Labs Endocare Tensage Crema antiarrugas efecto tensor inmediato 30 ml,Cantabria Labs,Rostro,Rostro,1066,1108.64,1255,1709,2019,2469,1389,20.18,11.66,ROJO,B,1,https://cdn.shopify.com/s/files/1/0088/1937/6188/files/cantabria_labs_Tensage_Cream_50ml.jpg,https://www.dermaexpress.com.mx/products/endocare-tensage-crema-30ml-8470003468237,Dermaexpress
8470001564832,Cantabria Labs Endocare Tensage Contorno de ojos iluminador 15 ml,Cantabria Labs,Rostro,Rostro,1015,1055.6,1195,1629,1919,2349,1319,19.97,11.67,ROJO,B,1,https://cdn.shopify.com/s/files/1/0088/1937/6188/products/Endocare_Tensage_EyeContour_Bottle_Box.jpg,https://www.dermaexpress.com.mx/products/endocare-tensage-ojos-15ml-8470001564832,Dermaexpress
8470001945761,Cantabria Labs Biretix Tri-Active Spray corporal antiacné 100 ml,Cantabria Labs,Cuerpo,Cuerpo,799,830.96,940,1279,1519,1849,1039,20.02,11.6,ROJO,B,1,https://cdn.shopify.com/s/files/1/0088/1937/6188/products/BiretixTri-ActiveSpray-1.jpg,https://www.dermaexpress.com.mx/products/biretix-spray-corporal-50ml-8032715360546,Dermaexpress
3337871325671,Vichy Roll-on 48h ideal finish Anti-transpirante 50 ml,Vichy,Cuerpo,Cuerpo,411,427.44,549,659,779,949,539,20.7,22.14,AMARILLO,C,0,https://cdn.shopify.com/s/files/1/0088/1937/6188/files/eb074973-32df-4c91-aa0f-aff9bf67404e.jpg,https://www.dermaexpress.com.mx/products/desodorante-roll-on-48h-ideal-finish-50ml-3337871325671,Dermaexpress
8470001930156,Cantabria Labs Heliocare 360° Water Gel Protector solar ultraligero e hidratante FPS50+ 50 ml,Cantabria Labs,Protección Solar,Solares,616,640.64,725,989,1169,1429,809,20.81,11.64,ROJO,B,1,https://cdn.shopify.com/s/files/1/0088/1937/6188/products/Heliocare-360-Water-Gel-Fps-50-50Ml-8470001930156-637832236758404706-1.jpg,https://www.dermaexpress.com.mx/products/heliocare-360-water-gel-spf-50,Dermaexpress
8429420166547,Isdin Nutratopic Pro-AMP Loción emoliente Hidrata y calma la piel atópica 400 ml,Isdin,Cuerpo,Cuerpo,492.8,512.51,704,789,939,1139,689,25.62,27.2,AMARILLO,A,1,https://cdn.shopify.com/s/files/1/0088/1937/6188/products/NUTRATOPICLOCION400ml.jpg,https://www.dermaexpress.com.mx/products/nutratopic-pro-amp-locion-400ml-8470001503572,Dermaexpress
8436574360523,Cantabria Labs Iraltone DS Shampoo anticaspa 200 ml,Cantabria Labs,Capilar,Cabello,480,499.2,565,769,909,1109,629,20.64,11.65,ROJO,B,1,https://cdn.shopify.com/s/files/1/0088/1937/6188/files/Diseno_sin_titulo_73a044dc-7eb8-4a09-ad26-18764232fabb.png,https://www.dermaexpress.com.mx/products/iraltone-ds-anti-caspa-200ml,Dermaexpress
8437015550923,Cantabria Labs Iraltone AGA Cápsulas anticaída complemento alimenticio 60 cps,Cantabria Labs,Capilar,Cabello,943,980.72,1110,1509,1789,2179,1229,20.2,11.65,ROJO,B,1,https://cdn.shopify.com/s/files/1/0088/1937/6188/products/IRALTONEAGA_Capsules.jpg,https://www.dermaexpress.com.mx/products/iraltone-aga-c-60-capsulas-8437015550923,Dermaexpress
8470001729057,Cantabria Labs Biretix Micropeel Exfoliante suave 50 ml,Cantabria Labs,Rostro,Rostro,357,371.28,420,579,679,829,469,20.84,11.6,ROJO,C,0,https://cdn.shopify.com/s/files/1/0088/1937/6188/products/Biretix_Micropeel_Tube_Box.jpg,https://www.dermaexpress.com.mx/products/biretix-micropeel-exfoliante-50ml-8470001729057,Dermaexpress
8470001915528,Isdin Si-Nails Fortalecedor de uñas 2.5 ml,Isdin,Cuerpo,Cuerpo,419.3,436.07,599,679,799,969,589,25.96,27.2,AMARILLO,A,1,https://cdn.shopify.com/s/files/1/0088/1937/6188/products/8470001915528_1.jpg,https://www.dermaexpress.com.mx/products/si-nails-2-5ml,Dermaexpress
3337875613668,La Roche-Posay Hyalu B5 Ojos Contorno de ojos anti-arrugas 15 ml,La Roche Posay,Rostro,Rostro,899,934.96,1199,1439,1699,2079,1169,20.02,22.02,AMARILLO,C,0,https://cdn.shopify.com/s/files/1/0088/1937/6188/files/83927aa4-abe2-4048-a555-0d519e2e17ea.jpg,https://www.dermaexpress.com.mx/products/hyalu-b5-ojos-15ml,Dermaexpress
8429420160668,Isdin Foto Ultra 100 Active Unify Color SPF50+ Fusion Fluid 50 ml,Isdin,Protección Solar,Solares,578.2,601.33,826,929,1099,1339,809,25.67,27.2,AMARILLO,A,1,https://cdn.shopify.com/s/files/1/0088/1937/6188/products/842942016066_3.jpg,https://www.dermaexpress.com.mx/products/isdin-ultra-100-active-unify-color-50ml-8470001674227,Dermaexpress
3282776432026,Dexeryl Crema restauradora para piel seca 250 gr,Ducray,Cuerpo,Cuerpo,247,256.88,309,399,469,579,329,21.92,16.87,ROJO,B,1,https://cdn.shopify.com/s/files/1/0088/1937/6188/products/3282776432026_1.jpg,https://www.dermaexpress.com.mx/products/dexeryl-crema-250gr,Dermaexpress
8429420161214,Isdin Fotoprotector FPS50+ Gel crema Alta protección solar familiar 250 ml,Isdin,Protección Solar,Solares,569.1,591.86,813,919,1079,1319,789,24.99,27.2,AMARILLO,A,1,https://cdn.shopify.com/s/files/1/0088/1937/6188/files/Disenosintitulo_92.png,https://www.dermaexpress.com.mx/products/isdin-50-gel-crema-200ml-8470003331180,Dermaexpress
7502002460897,Farmapiel Sodimel Suplemento antioxidante antiedad 60 cáps 60 caps,Farmapiel,Cuerpo,Cuerpo,1605,1669.2,0,2569,3039,3709,3039,45.07,0,SIN_REF,B,1,https://cdn.shopify.com/s/files/1/0088/1937/6188/products/7502002460897_91c80603-840c-4fa5-92e6-bbbc5cae22e6.jpg,https://www.dermaexpress.com.mx/products/sodimel-capsulas-7502002460897,Dermaexpress
3499320009775,Cetaphil Espuma limpiadora facial suave 236 ml,Cetaphil,Rostro,Rostro,376,391.04,502,609,719,869,489,20.03,22.1,AMARILLO,A,1,https://cdn.shopify.com/s/files/1/0088/1937/6188/files/3499320009775_1.avif,https://www.dermaexpress.com.mx/products/cetaphil-locion-limpiadora,Dermaexpress
3337875546409,La Roche-Posay Anthelios Toque Seco Gel-crema FPS50+ Protector solar anti-brillo para piel mixta y grasa 50 ml,La Roche Posay,Protección Solar,Solares,561,583.44,749,899,1069,1299,729,19.97,22.1,AMARILLO,A,1,https://cdn.shopify.com/s/files/1/0088/1937/6188/files/53f4601e-eb62-4e51-8898-c8a606275671.jpg,https://www.dermaexpress.com.mx/products/anthelios-50-gel-crema-t-seco-50ml-3337875546409,Dermaexpress
3337875596763,"Vichy Mineral 89 Ojos Hidrata, suaviza y reduce ojeras 15 ml",Vichy,Rostro,Rostro,599,622.96,799,959,1139,1389,779,20.03,22.03,AMARILLO,A,1,https://cdn.shopify.com/s/files/1/0088/1937/6188/files/3337875596763_12.jpg,https://www.dermaexpress.com.mx/products/vichy-89-mineral-ojos-15ml,Dermaexpress
8470001821478,Cantabria Labs Heliocare Cápsulas fotoprotección c/60,Cantabria Labs,Protección Solar,Solares,748,777.92,880,1199,1419,1729,979,20.54,11.6,ROJO,B,1,https://cdn.shopify.com/s/files/1/0088/1937/6188/products/Heliocare_OralCapsule_Box_Jar.jpg,https://www.dermaexpress.com.mx/products/heliocare-capsulas-c-60-8470001821478,Dermaexpress
8470001776211,Cantabria Labs Heliocare 360° Cápsulas antiedad c/30,Cantabria Labs,Protección Solar,Solares,714,742.56,840,1149,1359,1659,929,20.07,11.6,ROJO,B,1,https://cdn.shopify.com/s/files/1/0088/1937/6188/products/Heliocare360_OralCapsules_Box_Jar.jpg,https://www.dermaexpress.com.mx/products/heliocare-360-c-30-capsulas-8470001776211,Dermaexpress
3337872418785,La Roche-Posay Lipikar Gel Lavant Limpiador para piel seca y sensible 400 ml,La Roche Posay,Cuerpo,Cuerpo,524,544.96,699,839,999,1219,689,20.91,22.04,AMARILLO,A,1,https://cdn.shopify.com/s/files/1/0088/1937/6188/files/a92a3602-3975-43a3-bcb6-f1d71e870d9a.jpg,https://www.dermaexpress.com.mx/products/lipikar-lavant-400ml,Dermaexpress
3337875549493,La Roche-Posay Effaclar Duo+ FPS 30 Corrector anti-marcas e imperfecciones con protector solar 40 ml,La Roche Posay,Rostro,Rostro,749,778.96,999,1199,1419,1739,979,20.43,22.03,AMARILLO,A,1,https://cdn.shopify.com/s/files/1/0088/1937/6188/files/a3afb543-5197-41b2-9b36-383ca9f94db5.jpg,https://www.dermaexpress.com.mx/products/effaclar-duo-fps30-40ml,Dermaexpress
8470001813800,Cantabria Labs Heliocare Spray corporal FPS50+ 200 ml,Cantabria Labs,Protección Solar,Solares,467,485.68,550,749,889,1079,609,20.25,11.69,ROJO,C,0,https://cdn.shopify.com/s/files/1/0088/1937/6188/products/Heliocare-AD-Spray200ml-1_19c725cf-9c68-4e8c-bc75-ede75594ddaf.jpg,https://www.dermaexpress.com.mx/products/heliocare-fps50-spray-200ml-8470001813800,Dermaexpress
3401395461082,Bioderma Sébium Pain Barra limpiadora para piel mixta a grasa 100 gr,Bioderma,Rostro,Rostro,183,190.32,229,299,349,429,239,20.37,16.89,ROJO,B,1,https://cdn.shopify.com/s/files/1/0088/1937/6188/files/3401395461082_3f7365c2-478e-4e87-8a3d-b581da6a21ff.jpg,https://www.dermaexpress.com.mx/products/bioderma-sebium-barra-100gr-3401395461082,Dermaexpress
8470002129856,Isdin Ureadin Ultra 30 Crema exfoliante 50 ml,Isdin,Cuerpo,Cuerpo,308,320.32,440,499,589,719,429,25.33,27.2,AMARILLO,A,1,https://cdn.shopify.com/s/files/1/0088/1937/6188/products/8470002129856_f374a8e2-98c8-4aa7-85ca-829d61ac15b2.jpg,https://www.dermaexpress.com.mx/products/ureadin-rx-30-crema-50ml-8470002129856,Dermaexpress
8470001532435,Isdin Ureadin Ultra 10 Loción hidratante para piel muy seca 200 ml,Isdin,Cuerpo,Cuerpo,331.8,345.07,474,539,629,769,459,24.82,27.2,AMARILLO,A,1,https://cdn.shopify.com/s/files/1/0088/1937/6188/products/8470001532435-2.jpg,https://www.dermaexpress.com.mx/products/ureadin-rx-10-locion-200ml-8470001532435,Dermaexpress
3401353806399,Bioderma Sébium Gel Moussant Gel limpiador para piel mixta a grasa 200 ml,Bioderma,Rostro,Rostro,423,439.92,529,679,799,979,549,19.87,16.84,ROJO,C,0,https://cdn.shopify.com/s/files/1/0088/1937/6188/files/3401353806399_456fd7bd-77a7-4cf8-b564-12b04f67784f.jpg,https://www.dermaexpress.com.mx/products/bioderma-sebium-gel-tubo-200ml-3401353806399,Dermaexpress
3337872414039,La Roche-Posay Redermic R Ojos Contorno de ojos con retinol anti-arrugas 15 ml,La Roche Posay,Rostro,Rostro,1049,1090.96,1399,1679,1989,2429,1369,20.31,22.02,AMARILLO,A,1,https://cdn.shopify.com/s/files/1/0088/1937/6188/files/8beada44-196a-4504-91be-29bd1d5336e6.jpg,https://www.dermaexpress.com.mx/products/redermic-r-ojos-15ml-3337872414039,Dermaexpress
3337872413735,La Roche-Posay Pure Vitamin C Ojos Contorno de ojos anti-arrugas 15 ml,La Roche Posay,Rostro,Rostro,1049,1090.96,1399,1679,1989,2429,1369,20.31,22.02,AMARILLO,C,0,https://cdn.shopify.com/s/files/1/0088/1937/6188/files/64e8ad13-38bd-4798-a1a2-f6d4feb93cb7.jpg,https://www.dermaexpress.com.mx/products/redermic-hyalu-c-ojos-15ml-3337872413735,Dermaexpress
3499320005203,Galderma Presteme 1% Crema para pieles con rosácea 30 gr,Galderma,Cuerpo,Cuerpo,1110,1154.4,0,1779,2099,2569,2099,45,0,SIN_REF,B,1,https://cdn.shopify.com/s/files/1/0088/1937/6188/products/PS_Presteme_30g.jpg,https://www.dermaexpress.com.mx/products/presteme-1-crema-30gr-3499320005203,Dermaexpress
8423372800061,Genové Pilopeptan Woman 30 comprimidos,Genove,Capilar,Cabello,1020,1060.8,1360,1639,1929,2359,1329,20.18,22,AMARILLO,B,1,https://cdn.shopify.com/s/files/1/0088/1937/6188/products/Adaptaciones-18.jpg,https://www.dermaexpress.com.mx/products/pilopeptan-woman-comprimidos-c-30-8423372800061,Dermaexpress
8470001547927,Isdin Nutratopic Pro-AMP Crema facial para piel atópica 50 ml,Isdin,Rostro,Rostro,466.9,485.58,667,749,889,1079,649,25.18,27.2,AMARILLO,A,1,https://cdn.shopify.com/s/files/1/0088/1937/6188/products/8470001547927_2.jpg,https://www.dermaexpress.com.mx/products/nutratopic-pro-amp-crema-50ml-8470001547927,Dermaexpress
8470001653505,Cantabria Labs Neoretin Sérum despigmentante 30 ml,Cantabria Labs,Rostro,Rostro,845,878.8,995,1359,1599,1959,1099,20.04,11.68,ROJO,B,1,https://cdn.shopify.com/s/files/1/0088/1937/6188/products/Neoretin_DiscromControl_Serum_Tube_Box.jpg,https://www.dermaexpress.com.mx/products/neoretin-suero-30ml-8470001653505,Dermaexpress
8470001653499,Cantabria Labs Neoretin Emulsión renovadora FPS50+ 40 ml,Cantabria Labs,Rostro,Rostro,782,813.28,920,1259,1479,1809,1019,20.19,11.6,ROJO,C,0,https://cdn.shopify.com/s/files/1/0088/1937/6188/products/Neoretin_DiscromControl_GelCream_Tube_Box.jpg,https://www.dermaexpress.com.mx/products/neoretin-fps50-emulsion-40ml-8470001653499,Dermaexpress
3337875537308,La Roche-Posay Lipikar Syndet AP+ Gel de ducha para piel seca o atópica 200 ml,La Roche Posay,Cuerpo,Cuerpo,509,529.36,679,819,969,1179,669,20.87,22.04,AMARILLO,C,0,https://cdn.shopify.com/s/files/1/0088/1937/6188/files/3337875537308_c312bf7c-cd10-433e-a6df-a52a5d0d6f00.jpg,https://www.dermaexpress.com.mx/products/lipikar-syndet-ap-3337875537308,Dermaexpress
3433422404533,La Roche-Posay Lipikar Surgras Barra limpiadora para piel seca 150 gr,La Roche Posay,Cuerpo,Cuerpo,224,232.96,299,359,429,519,299,22.09,22.09,AMARILLO,A,1,https://cdn.shopify.com/s/files/1/0088/1937/6188/files/78411023-6e1e-478b-9c6e-db155e030fd3.jpg,https://www.dermaexpress.com.mx/products/lipikar-surgras-150gr-3433422404533,Dermaexpress
8429420125117,Isdin Fotoprotector Gel crema Pediátrico SPF50+ 250 ml,Isdin,Protección Solar,Solares,569.1,591.86,813,919,1079,1319,789,24.99,27.2,AMARILLO,A,1,https://cdn.shopify.com/s/files/1/0088/1937/6188/products/8429420125117_0b4ee846-a3ae-44fa-963b-a714a7bb336d.jpg,https://www.dermaexpress.com.mx/products/isdin-fps50-pediatrico-gel-crema-250ml-8429420125117,Dermaexpress
8429420144002,ISDIN Fotoultra Age Repair Fusion Water SPF50 Protector Solar Antiedad 50 ml,Isdin,Protección Solar,Solares,609.7,634.09,871,979,1159,1409,849,25.31,27.2,AMARILLO,A,1,https://cdn.shopify.com/s/files/1/0088/1937/6188/files/8429420144002_a1804104-b7fa-4e83-8207-637a33a7c9fa.jpg,https://www.dermaexpress.com.mx/products/isdin-fps50-ultra-age-repair-water-50ml-8429420144002,Dermaexpress
8470001525369,Isdin Fotoprotector Fusion Fluid FPS50+ Para piel sensible 50 ml,Isdin,Protección Solar,Solares,517.3,537.99,739,829,979,1199,719,25.18,27.2,AMARILLO,C,0,https://cdn.shopify.com/s/files/1/0088/1937/6188/products/8470001525369_2.jpg,https://www.dermaexpress.com.mx/products/isdin-extrem-50-fluido-50ml-8470001525369,Dermaexpress
8470001612335,Cantabria Labs Iraltone Forte Cápsulas anticaída 60 cps,Cantabria Labs,Capilar,Cabello,943,980.72,1110,1509,1789,2179,1229,20.2,11.65,ROJO,B,1,https://cdn.shopify.com/s/files/1/0088/1937/6188/products/IRALTONEFORTE_Capsules.jpg,https://www.dermaexpress.com.mx/products/iraltone-forte-capsulas-8470001332653,Dermaexpress
8429420175303,Isdin Isdinceutics Glicoisdin 10% Gel antiedad 50 ml 10%,Isdin,Rostro,Rostro,541.1,562.74,773,869,1029,1259,749,24.87,27.2,AMARILLO,A,1,https://cdn.shopify.com/s/files/1/0088/1937/6188/products/8429420175303_2.jpg,https://www.dermaexpress.com.mx/products/glicoisdin-gel-facial-anti-edad-50ml-8470002426375,Dermaexpress
8470003854849,Isdin Germisdin Gel de baño corporal 500 ml,Isdin,Cuerpo,Cuerpo,324.8,337.79,464,519,619,759,459,26.41,27.2,AMARILLO,A,1,https://cdn.shopify.com/s/files/1/0088/1937/6188/products/GermisdinPielNormal.jpg,https://www.dermaexpress.com.mx/products/germisdin-higiene-corporal-500ml-8470003854849,Dermaexpress
8429420160804,Isdin Foto Ultra 100 Spot Prevent Fluido FPS50+ Previene manchas solares 50 ml,Isdin,Protección Solar,Solares,578.2,601.33,826,929,1099,1339,809,25.67,27.2,AMARILLO,A,1,https://cdn.shopify.com/s/files/1/0088/1937/6188/files/8429420160804.webp,https://www.dermaexpress.com.mx/products/foto-ultra-100-isdin-spot-prevent-50ml-8429420160804,Dermaexpress
8429420062313,Isdin Eryfotona AK-NMSC Fluido Tratamiento para daño actínico 50 ml,Isdin,Protección Solar,Solares,654.5,680.68,935,1049,1239,1519,909,25.12,27.2,AMARILLO,A,1,https://cdn.shopify.com/s/files/1/0088/1937/6188/products/8429420062313_4b12dc3f-e958-4d34-a075-ae0c2945c87e.jpg,https://www.dermaexpress.com.mx/products/eryfotona-ak-nmsc-fluido-50ml-8429420062313,Dermaexpress
8470003987509,Cantabria Labs Endocare Contorno de ojos y labios regenerador 15 ml,Cantabria Labs,Rostro,Rostro,705,733.2,830,1129,1339,1629,919,20.22,11.66,ROJO,C,0,https://cdn.shopify.com/s/files/1/0088/1937/6188/products/Endocare_Essential_Lip_Eye_Contour_Tube_Box.jpg,https://www.dermaexpress.com.mx/products/endocare-p-ojos-y-labios-15ml-8470003987509,Dermaexpress
3282771057392,Aderma Dermalibour Crema reparadora 50 ml,Aderma,Cuerpo,Cuerpo,303,315.12,379,489,579,709,399,21.02,16.85,ROJO,C,0,https://cdn.shopify.com/s/files/1/0088/1937/6188/products/3282771057392_1.jpg,https://www.dermaexpress.com.mx/products/dermalibour-crema-50ml-3282771057392,Dermaexpress
3499320008341,Cetaphil Barra limpiadora profunda para piel sensible 127 gr,Cetaphil,Cuerpo,Cuerpo,216,224.64,0,349,409,499,409,45.08,0,SIN_REF,A,1,https://cdn.shopify.com/s/files/1/0088/1937/6188/files/3499320008341_1__1.avif,https://www.dermaexpress.com.mx/products/cetaphil-limpieza-profunda-127gr-3499320008341,Dermaexpress
3499320004497,Cetaphil PRO AC Dermacontrol Espuma limpiadora facial para piel grasa 236 ml,Cetaphil,Rostro,Rostro,552,574.08,0,889,1049,1279,1049,45.27,0,SIN_REF,A,1,https://cdn.shopify.com/s/files/1/0088/1937/6188/files/3499320004497_1.avif,https://www.dermaexpress.com.mx/products/cetaphil-dermacontrol-espuma-236ml-3499320004497,Dermaexpress
3499320008198,Cetaphil Barra dermolimpiadora para piel sensible 127 gr,Cetaphil,Cuerpo,Cuerpo,216,224.64,0,349,409,499,409,45.08,0,SIN_REF,A,1,https://cdn.shopify.com/s/files/1/0088/1937/6188/files/3499320008198_1.avif,https://www.dermaexpress.com.mx/products/cetaphil-barra-127gr-3499320008198,Dermaexpress
7502003560527,Cetaphil Barra antibacterial dermolimpiadora para piel sensible 127 gr,Cetaphil,Cuerpo,Cuerpo,216,224.64,0,349,409,499,409,45.08,0,SIN_REF,A,1,https://cdn.shopify.com/s/files/1/0088/1937/6188/files/1_a319de1d-07dc-42cb-8d76-e885509dfe51.jpg,https://www.dermaexpress.com.mx/products/cetaphil-antibacterial-127gr-7502003560527,Dermaexpress
7502002461290,Farmapiel Bpollen Gel 2.5% antiimperfecciones 60 gr,Farmapiel,Rostro,Rostro,280,291.2,0,449,529,649,529,44.95,0,SIN_REF,B,1,https://cdn.shopify.com/s/files/1/0088/1937/6188/products/7502002461290_6104342f-1a3e-4c5e-a791-0e7beca2bd55.jpg,https://www.dermaexpress.com.mx/products/bpollen-gel-60gr-7502002461290,Dermaexpress
8470001743749,Cantabria Labs Biretix Duo Gel renovador para piel con acné 30 ml,Cantabria Labs,Rostro,Rostro,488,507.52,575,789,929,1129,639,20.58,11.74,ROJO,C,0,https://cdn.shopify.com/s/files/1/0088/1937/6188/products/Biretix_Duo_Tube_Box.jpg,https://www.dermaexpress.com.mx/products/biretix-duo-gel-30ml-8470001743749,Dermaexpress
8436574360455,Cantabria Labs Biretix Barra limpiadora para piel grasa con acné 80 gr,Cantabria Labs,Rostro,Rostro,165,171.6,195,269,319,389,219,21.64,12,ROJO,B,1,https://cdn.shopify.com/s/files/1/0088/1937/6188/files/Diseno_sin_titulo_3_8318252c-4415-4cd9-a047-e0ab72c53a8d.png,https://www.dermaexpress.com.mx/products/biretix-barra-80gr-8436574360455,Dermaexpress
7503015500006,Euderma Alquisalic Shampoo para cabello graso 240 ml,Euderma,Capilar,Cabello,382,397.28,0,619,729,889,729,45.5,0,SIN_REF,B,1,https://cdn.shopify.com/s/files/1/0088/1937/6188/products/7503015500006.jpg,https://www.dermaexpress.com.mx/products/alquisalic-shampoo-240ml-7503015500006,Dermaexpress