sku,nombre,marca,categoria_n1,categoria_n2,categoria_n3,categoria_ruta,ranking_mas_vendidos,precio_publico_promexsa,precio_transferencia_promexsa,precio_techo_mercado,costo_mayoreo,margen_bruto_objetivo_pct,markup_sobre_costo_pct,precio_venta_sugerido,disponibilidad,peso_kg,url_producto,url_imagen,descripcion
DIS-TUD-500,Tubo de succión 1/4 (6 mm x 3.5 m) AMSINO,AMSINO,Equipo Quirúrgico,Aspiración,Tubos y Cánulas para Aspiración,Equipo Quirúrgico > Aspiración > Tubos y Cánulas para Aspiración,1,63.13,61.87,61.24,,38.0,61.3,,disponible,0.16,https://www.promexsa.com.mx/productos/tubo-de-succion-1-4-amsino/,https://acdn-us.mitiendanube.com/stores/001/946/809/products/222-c7f5c2b99112ac49e317103089448322-480-0.webp,Tubo de succión 1/4 AMSINO
DIS-EQP-650,Equipo Para Venoclisis Normogotero sin aguja DL,DENTILAB,Equipo Quirúrgico,Venoclisis,Equipos para Venoclisis,Equipo Quirúrgico > Venoclisis > Equipos para Venoclisis,2,12.1,11.86,11.74,,38.0,61.3,,disponible,1,https://www.promexsa.com.mx/productos/equipo-para-venoclisis-normogotero-sin-aguja-dl/,https://acdn-us.mitiendanube.com/stores/001/946/809/products/fotos-tiendanube-45-b0211413a0b3cb342917595176036845-480-0.webp,
793888543904,Vaso recolector estéril 100 ml 1 pz PLASTICWORLD,PLASTICWORLD,Sin Categoría,,,Sin Categoría,3,4.7,4.61,4.56,,33.0,49.3,,disponible,,https://www.promexsa.com.mx/productos/vaso-recolector-esteril-100-ml-1-pz-plasticworld-3h70c/,https://acdn-us.mitiendanube.com/stores/001/946/809/products/e4ec1214-bf94-4025-bf54-380091d645a9-acd0fec60969ae954f17738202540780-480-0.webp,
DIS-SON-460,Sonda nelaton roja 40 cm 14 fr SENSIMEDICAL,SENSI MEDICAL,Áreas y Especialidades,Urología,Sondas Urologicas,Áreas y Especialidades > Urología > Sondas Urologicas,4,25.29,24.78,24.53,,40.0,66.7,,disponible,0.02,https://www.promexsa.com.mx/productos/sonda-nelaton-roja-40-cm-14-fr-sensi-medical/,https://acdn-us.mitiendanube.com/stores/001/946/809/products/1311-f577708144d5df082316875603366568-480-0.webp,
DIS-CEC-296,Cepillo citológico estéril DL,DL,Áreas y Especialidades,Ginecología,Toma de Muestra Cervical,Áreas y Especialidades > Ginecología > Toma de Muestra Cervical,5,7.17,7.03,6.95,,40.0,66.7,,disponible,0.01,https://www.promexsa.com.mx/productos/cepillo-citologico-esteril-dl/,https://acdn-us.mitiendanube.com/stores/001/946/809/products/cepillo-citologicco-dl1-16b91a9c50e4f5e13916875031554542-480-0.webp,
DIS-MAP-363,Mascarilla para óxigeno adulto SENSIMEDICAL,SENSI MEDICAL,Áreas y Especialidades,Inhaloterapia,,Áreas y Especialidades > Inhaloterapia,6,35.92,35.2,34.84,,40.0,66.7,,disponible,1,https://www.promexsa.com.mx/productos/mascarilla-para-oxigeno-adulto-sensi-medical/,https://acdn-us.mitiendanube.com/stores/001/946/809/products/14824191-30a7-47bf-b954-fbb83b223956sv2014-02-14srbsigh5sefs8h6urkpw0fuvpggtmfdjpl0jgiixh4cm9df9o3dst2022-10-13t193a533a09zse2122-10-13t203a033a09zspr-2532ee3270b556677616872138714828-480-0.webp,Mascarilla para oxigeno adulto SENSI MEDICAL
DIS-JED-330,Jeringa de 10 ml verde 21 g x 32 mm 100 pz AMBIDERM,AMBIDERM,Material de Curación,Jeringas,Jeringas Desechables,Material de Curación > Jeringas > Jeringas Desechables,7,205.26,201.15,199.1,,30.0,42.9,,disponible,1.06,https://www.promexsa.com.mx/productos/jeringa-de-10ml-verde-21g-x-32mm-100-pz-ambiderm/,https://acdn-us.mitiendanube.com/stores/001/946/809/products/baberos-demeva-34-cf3533db23a4b52cfd17047772626381-480-0.webp,
DIS-EPV-750,Extensión Para venoclisis 80 cm X 2.8 mm DL,DL,Equipo Quirúrgico,Venoclisis,Catéteres Intravenosos,Equipo Quirúrgico > Venoclisis > Catéteres Intravenosos,8,17.68,17.33,17.15,,38.0,61.3,,disponible,1,https://www.promexsa.com.mx/productos/extension-para-venoclisis-80cm-x-2-8-mm-dl/,https://acdn-us.mitiendanube.com/stores/001/946/809/products/1-cd90a9a9e88cd9f9e917488971351647-480-0.webp,
DIS-SON-461,Sonda nelaton roja 40 cm 16 fr SENSIMEDICAL,SENSI MEDICAL,Áreas y Especialidades,Urología,Sondas Urologicas,Áreas y Especialidades > Urología > Sondas Urologicas,9,25.28,24.77,24.52,,40.0,66.7,,disponible,0.02,https://www.promexsa.com.mx/productos/sonda-nelaton-roja-40-cm-16-fr-sensi-medical/,https://acdn-us.mitiendanube.com/stores/001/946/809/products/1361-7aea74fc52255eb31d16875603552833-480-0.webp,
DIS-GAE-600,Gasa estéril 10 x 10 cm refill 100 pz QUIRMEX,QUIRMEX,Material de Curación,Algodón y Gasas,Gasas y Esponjas de Gasas,Material de Curación > Algodón y Gasas > Gasas y Esponjas de Gasas,10,131.69,129.06,127.74,,30.0,42.9,,disponible,0.32,https://www.promexsa.com.mx/productos/gasa-esteril-10-x-10-cm-refill-100-pz-quirmex/,https://acdn-us.mitiendanube.com/stores/001/946/809/products/gasa-quirmex-refill-5f902e914a62d98e7c17078022858221-480-0.webp,
DIS-SOF-433,Sonda foley 2 vías de látex con globo de 5 ml 16 fr SENSIMEDICAL,SENSI MEDICAL,Áreas y Especialidades,Urología,Sondas Urologicas,Áreas y Especialidades > Urología > Sondas Urologicas,11,33.85,33.17,32.83,,40.0,66.7,,disponible,1,https://www.promexsa.com.mx/productos/sonda-foley-2-vias-5-ml-16-fr-sensi-medical/,https://acdn-us.mitiendanube.com/stores/001/946/809/products/3251-50283d3cf63c93cdef16875842640731-480-0.webp,Sonda foley 2 vías 5 ml 16 fr SENSI MEDICAL
DIS-ALE-17,Alcohol etílico de 96 1 l DIBAR,DIBAR,Accesorios y Suministros Médicos,Sueros E Hidratantes,Antisépticos y Germicidas,Accesorios y Suministros Médicos > Sueros E Hidratantes > Antisépticos y Germicidas,12,63.28,62.01,61.38,,28.0,38.9,,disponible,0.88,https://www.promexsa.com.mx/productos/alcohol-etilico-de-96-1-l-dibar/,https://acdn-us.mitiendanube.com/stores/001/946/809/products/19ea6b67-a85b-4485-9a71-3dad6de3ce84-feb5b1be5f74616bd317236212933333-480-0.webp,
DIS-SON-468,Sonda nelaton roja 40 cm 8 fr SENSIMEDICAL,SENSI MEDICAL,Áreas y Especialidades,Urología,Sondas Urologicas,Áreas y Especialidades > Urología > Sondas Urologicas,13,25.29,24.78,24.53,,40.0,66.7,,disponible,0.02,https://www.promexsa.com.mx/productos/sonda-nelaton-roja-40-cm-8-fr-sensi-medical/,https://acdn-us.mitiendanube.com/stores/001/946/809/products/1341-95ecd6b38888ad822416875603477848-480-0.webp,
DIS-ESV-571,Espejo vaginal estéril ch FEELING,DL,Áreas y Especialidades,Ginecología,Espejos Vaginales,Áreas y Especialidades > Ginecología > Espejos Vaginales,14,20.11,19.71,19.51,,40.0,66.7,,disponible,5,https://www.promexsa.com.mx/productos/espejo-vaginal-esteril-ch-feeling-xtznt/,https://acdn-us.mitiendanube.com/stores/001/946/809/products/61d19600-f40a-4db6-bf8b-fa2c0f32d9d3-560154fc622f7a448a17648910353412-480-0.webp,Espejo vaginal estéril chico FEELING con autorretención y asidero ergonómico para procedimientos ginecológicos seguros. ¡Compra ahora!
DIS-ALD-15,Alcohol desnaturalizado de 71.5 1 l DIBAR,DIBAR,Accesorios y Suministros Médicos,Sueros E Hidratantes,Antisépticos y Germicidas,Accesorios y Suministros Médicos > Sueros E Hidratantes > Antisépticos y Germicidas,15,54.63,53.54,52.99,,28.0,38.9,,disponible,1.06,https://www.promexsa.com.mx/productos/alcohol-desnaturalizado-de-70-1-l-dibar/,https://acdn-us.mitiendanube.com/stores/001/946/809/products/2e599e6c-47e4-4edf-b3d8-11563a812da1sv2014-02-14srbsig2zr2fwspugqym2bjwopsh4mleqorastka89k52bhspdgkg3dst2023-02-08t133a563a16zse2123-02-08t143a063a16zspr-1c6cb3c1592b19aa6116871934131947-480-0.webp,Alcohol desnaturalizado de 70 1 l DIBAR
DIS-ALE-19,Alcohol etílico de 96 250 ml DIBAR,DIBAR,Accesorios y Suministros Médicos,Sueros E Hidratantes,Antisépticos y Germicidas,Accesorios y Suministros Médicos > Sueros E Hidratantes > Antisépticos y Germicidas,16,19.24,18.86,18.66,,28.0,38.9,,disponible,0.22,https://www.promexsa.com.mx/productos/alcohol-etilico-de-96-250-ml-dibar/,https://acdn-us.mitiendanube.com/stores/001/946/809/products/d508f801-7bde-4d40-b2c2-6c4f38f93300-bb9c6c6b98e3cf8c0217236213261062-480-0.webp,
DIS-SOF-422,Sonda foley 2 vías de látex con globo de 30 ml 16 fr SENSIMEDICAL,SENSI MEDICAL,Áreas y Especialidades,Urología,Sondas Urologicas,Áreas y Especialidades > Urología > Sondas Urologicas,17,36.27,35.54,35.18,,40.0,66.7,,disponible,0.02,https://www.promexsa.com.mx/productos/sonda-foley-2-vias-30-ml-16-fr-sensi-medical/,https://acdn-us.mitiendanube.com/stores/001/946/809/products/sonda-foley-2-vias-latex-07bb92873099c9dc2517066844902960-480-0.webp,Sonda foley 2 vías 30 ml 16 fr SENSI MEDICAL
DIS-AGH-8,Aguja hipodérmica desechable 18 g x 32 mm rosa 100 pz SENSIMEDICAL,SENSI MEDICAL,Material de Curación,Jeringas,Agujas Hipodermicas Desechables,Material de Curación > Jeringas > Agujas Hipodermicas Desechables,18,78.22,76.66,75.87,,30.0,42.9,,disponible,0.12,https://www.promexsa.com.mx/productos/aguja-hipodermica-desechable-18g-x-32mm-rosa-100-pz-sensi-medical/,https://acdn-us.mitiendanube.com/stores/001/946/809/products/448-e1515649e9a21cdf4f17320871464558-480-0.webp,
DIS-COD-85,Conector sims delgado de plastico no estéril TECMED,TECMED,Sin Categoría,,,Sin Categoría,19,5.89,5.77,5.71,,33.0,49.3,,disponible,0.01,https://www.promexsa.com.mx/productos/conector-delgado-tipo-sims-tecmed/,https://acdn-us.mitiendanube.com/stores/001/946/809/products/2d5ed1d7-ac77-485a-b165-3f04c058fe9asv2014-02-14srbsigdnvepimk73dsnmvj2bzkxhxgypbxxtrxk2fgqymb1n4xm3dst2022-05-17t133a263a06zse2122-05-17t133a363a06zspr-64c8126abfbec44c5316872015337792-480-0.webp,Conector delgado tipo sims TECMED
DIS-SOP-471,Sonda para alimentación infantil 8 fr 38.5 cm TECMED,TECMED,Áreas y Especialidades,Gastroenterología,Alimentación Gástrica,Áreas y Especialidades > Gastroenterología > Alimentación Gástrica,20,7.41,7.26,7.19,,40.0,66.7,,disponible,1,https://www.promexsa.com.mx/productos/sonda-para-alimentacion-inf-08-fr-38-5-tecmed/,https://acdn-us.mitiendanube.com/stores/001/946/809/products/sonda-alimentacion51-b09bf4fbb148624db216875840548512-480-0.webp,Sonda para alimentación inf 08 fr 38.5 TECMED
DIS-SOP-476,Sonda para aspiración de secreciones 12 fr SENSIMEDICAL,SENSI MEDICAL,Áreas y Especialidades,Gastroenterología,Alimentación Gástrica,Áreas y Especialidades > Gastroenterología > Alimentación Gástrica,21,11.18,10.96,10.84,,40.0,66.7,,disponible,0.02,https://www.promexsa.com.mx/productos/sonda-para-aspiracion-de-secreciones-12-fr-sensi-medical/,https://acdn-us.mitiendanube.com/stores/001/946/809/products/aspi1-9b643a7e84b1e5961c16875836575264-480-0.webp,
DIS-SON-459,Sonda nelaton roja 40 cm 12 fr SENSIMEDICAL,SENSI MEDICAL,Áreas y Especialidades,Urología,Sondas Urologicas,Áreas y Especialidades > Urología > Sondas Urologicas,22,25.28,24.77,24.52,,40.0,66.7,,disponible,0.02,https://www.promexsa.com.mx/productos/sonda-nelaton-roja-40-cm-12-fr-sensi-medical/,https://acdn-us.mitiendanube.com/stores/001/946/809/products/1371-64f283be217b18d3ca16875603584428-480-0.webp,
DIS-SON-458,Sonda nelaton roja 40 cm 10 fr SENSIMEDICAL,SENSI MEDICAL,Áreas y Especialidades,Urología,Sondas Urologicas,Áreas y Especialidades > Urología > Sondas Urologicas,23,25.29,24.78,24.53,,40.0,66.7,,disponible,0.05,https://www.promexsa.com.mx/productos/sonda-nelaton-roja-40-cm-10-fr-sensi-medical/,https://acdn-us.mitiendanube.com/stores/001/946/809/products/1401-c9ce93c0170fec4f4916875607378141-480-0.webp,
DIS-COS-746,Conector sims grueso de plastico no estéril TECMED,TECMED,Áreas y Especialidades,Inhaloterapia,Conectores para Oxígeno,Áreas y Especialidades > Inhaloterapia > Conectores para Oxígeno,24,5.89,5.77,5.71,,40.0,66.7,,disponible,0.01,https://www.promexsa.com.mx/productos/conector-sims-grueso-de-plastico-no-esteril-1-pz-tecmed/,https://acdn-us.mitiendanube.com/stores/001/946/809/products/e7d0d740-aede-48ee-a380-253ef987f362-4c73746afbf6bf0f8417151523579332-480-0.webp,Conector Sims grueso de plastico no esteril 1 pz TECMED
DIS-SOP-475,Sonda para aspiración de secreciones 10 fr SENSIMEDICAL,SENSI MEDICAL,Áreas y Especialidades,Gastroenterología,Alimentación Gástrica,Áreas y Especialidades > Gastroenterología > Alimentación Gástrica,25,11.18,10.96,10.84,,40.0,66.7,,disponible,0.02,https://www.promexsa.com.mx/productos/sonda-para-aspiracion-de-secreciones-10-fr-sensi-medical/,https://acdn-us.mitiendanube.com/stores/001/946/809/products/aspi11-45683a1c1d703299b116875836612395-480-0.webp,
DIS-SOF-435,Sonda foley 2 vías de látex con globo de 5 ml 20 fr SENSIMEDICAL,SENSI MEDICAL,Áreas y Especialidades,Urología,Sondas Urologicas,Áreas y Especialidades > Urología > Sondas Urologicas,26,33.79,33.11,32.78,,40.0,66.7,,disponible,0.02,https://www.promexsa.com.mx/productos/sonda-foley-2-vias-5-ml-20-fr-sensi-medical/,https://acdn-us.mitiendanube.com/stores/001/946/809/products/3201-a0533bac7cb53b814616875627154621-480-0.webp,Sonda foley 2 vías 5 ml 20 fr SENSI MEDICAL
DIS-SOP-472,Sonda para alimentación infantil 8 fr 90 cm TECMED,TECMED,Áreas y Especialidades,Gastroenterología,Alimentación Gástrica,Áreas y Especialidades > Gastroenterología > Alimentación Gástrica,27,10.02,9.82,9.72,,40.0,66.7,,disponible,0.01,https://www.promexsa.com.mx/productos/sonda-para-alimentacion-inf-08-fr-90-tecmed/,https://acdn-us.mitiendanube.com/stores/001/946/809/products/sonda-alimentacion31-c89f440a9b65116d6816875840483100-480-0.webp,Sonda para alimentación inf 08 fr 90 TECMED
DIS-JED-337,Jeringa de 3ml verde 21 g x 32 mm 100 pz AMBIDERM,AMBIDERM,Material de Curación,Jeringas,Jeringas Desechables,Material de Curación > Jeringas > Jeringas Desechables,28,169.39,166,164.31,,30.0,42.9,,disponible,0.52,https://www.promexsa.com.mx/productos/jeringa-de-3ml-verde-21g-x-32mm-100-pz-ambiderm/,https://acdn-us.mitiendanube.com/stores/001/946/809/products/d1a04b5b-f59b-417f-99e9-884ccf742ddcsv2014-02-14srbsigwjtniow8akwjm4f202epxfc4jybnlq3d8cfwwbi7uvo3dst2022-10-06t013a003a27zse2122-10-06t013a103a27zspr-18592603d3b271f42916872123002716-480-0.webp,
DIS-COP-90,Contenedor punzocortante 1.0 l IXION,IXION,Accesorios y Suministros Médicos,Recipientes,Contenedores Desechables,Accesorios y Suministros Médicos > Recipientes > Contenedores Desechables,29,49.86,48.86,48.36,,28.0,38.9,,disponible,0.06,https://www.promexsa.com.mx/productos/contenedor-punzocortante-1-0-l-ixion/,https://acdn-us.mitiendanube.com/stores/001/946/809/products/ffbb0ca8-88fd-4647-9b21-a818ea184ce9sv2014-02-14srbsigbjok3n8kpnlzodh1cgs5crlmwohez6m6uievknwrpgi3dst2022-09-24t183a083a37zse2122-09-24t183a183a37zspr-d76a16d893d800676016872016352763-480-0.webp,
DIS-SOF-427,Sonda foley 2 vías de látex con globo de 30 ml 26 fr SENSIMEDICAL,SENSI MEDICAL,Áreas y Especialidades,Urología,Sondas Urologicas,Áreas y Especialidades > Urología > Sondas Urologicas,30,36.27,35.54,35.18,,40.0,66.7,,disponible,0.02,https://www.promexsa.com.mx/productos/sonda-foley-2-vias-30-ml-26-fr-sensi-medical/,https://acdn-us.mitiendanube.com/stores/001/946/809/products/sonda-foley-2-vias-latex-217a84182e8a89d96a17066844832934-480-0.webp,Sonda foley 2 vías 30 ml 26 fr SENSI MEDICAL
PTM-BAP-015,Bata para paciente desechable azul 10 pz DEMEVA ECONOMY,DEMEVA,Ropa Desechable,Medica,Batas Paciente,Ropa Desechable > Medica > Batas Paciente > Adulto,31,106.99,104.85,103.78,,35.0,53.8,,disponible,1,https://www.promexsa.com.mx/productos/bata-para-paciente-azul-10-pz-demeva-economy-1k04y/,https://acdn-us.mitiendanube.com/stores/001/946/809/products/347-cfffa44b59d5df9b8a17720934496014-480-0.webp,"Compra bata desechable para paciente azul 23g en tela tricapa SMS antifluidos. Amplia, cómoda y resistente. Paquete con 10 piezas ideal para hospitales y consultorios."
DIS-CAD-66,Cánula de Guedel Sensimedical No. 4 90 mm Amarilla / Cánula Orofaríngea,SENSI MEDICAL,Áreas y Especialidades,Rescate y Primeros Auxilios,,Áreas y Especialidades > Rescate y Primeros Auxilios,32,19.16,18.78,18.59,,40.0,66.7,,disponible,0.02,https://www.promexsa.com.mx/productos/canula-guedel-sensimedical-no-4-90-mm-amarilla/,https://acdn-us.mitiendanube.com/stores/001/946/809/products/canula-de-gudel-amarilla-sensimedical-5d1f23c43dfd9be3d417840965447276-480-0.webp,Cánula Orofaríngea Sensimedical No. 4 de 90 mm en color amarillo. Mantén la vía aérea abierta con diseño anatómico y materiales resistentes. Compra ya.
DIS-LLD-569,Llave de tres vías con extensión 80 cm DL,DL,Equipo Quirúrgico,Accesorios Quirúrgicos,,Equipo Quirúrgico > Accesorios Quirúrgicos,33,15.82,15.5,15.35,,38.0,61.3,,disponible,0.02,https://www.promexsa.com.mx/productos/llave-de-3-vias-con-conector-80-cm-dl/,https://acdn-us.mitiendanube.com/stores/001/946/809/products/buenos-481-3e260808a1aa7f9d4516879633707193-480-0.webp,Llave de 3 vías con conector 80 cm DL
DIS-AB5-2,Abatelenguas de Madera Ambiderm 15 cm Bolsa con 500 Piezas,AMBIDERM,Material de Curación,Aplicadores y Abatelenguas,Abatelenguas,Material de Curación > Aplicadores y Abatelenguas > Abatelenguas,34,178.41,174.84,173.06,,30.0,42.9,,disponible,1.18,https://www.promexsa.com.mx/productos/abatelenguas-madera-ambiderm-500-piezas/,https://acdn-us.mitiendanube.com/stores/001/946/809/products/abatelenguas-madera-ambiderm-500-piezas-475219c301072e78c917873842089583-480-0.webp,"Abatelenguas Ambiderm de madera de abedul de 15 cm. Bolsa con 500 piezas, desechables, atóxicos, no estériles y con registro sanitario."
DIS-SOP-481,Sonda para aspiración de secreciones 8 fr SENSIMEDICAL,SENSI MEDICAL,Áreas y Especialidades,Gastroenterología,Alimentación Gástrica,Áreas y Especialidades > Gastroenterología > Alimentación Gástrica,35,11.18,10.96,10.84,,40.0,66.7,,disponible,0.02,https://www.promexsa.com.mx/productos/sonda-para-aspiracion-de-secreciones-8-fr-sensi-medical/,https://acdn-us.mitiendanube.com/stores/001/946/809/products/aspi51-710828b83b272d68ac16875836723600-480-0.webp,
DIS-JED-342,Jeringa de 5 ml verde 21 g x 32 mm 100 pz AMBIDERM,AMBIDERM,Material de Curación,Jeringas,Jeringas Desechables,Material de Curación > Jeringas > Jeringas Desechables,36,169.39,166,164.31,,30.0,42.9,,disponible,0.64,https://www.promexsa.com.mx/productos/jeringa-de-5ml-verde-21g-x-32mm-100-pz-ambiderm/,https://acdn-us.mitiendanube.com/stores/001/946/809/products/jeringa-5ml-verde-amoboderm1-91f8f5d10ec35e9e4016877590424591-480-0.webp,
DIS-MAP-368,Mascarilla para oxigeno adulto BMH,BMH,Áreas y Especialidades,Inhaloterapia,Conectores para Oxígeno,Áreas y Especialidades > Inhaloterapia > Conectores para Oxígeno,37,,,,,40.0,66.7,,disponible,0.05,https://www.promexsa.com.mx/productos/mascarilla-para-oxigeno-adulto-bmh-qf6sp/,https://acdn-us.mitiendanube.com/stores/001/946/809/products/60f37005-55fa-4129-934e-017a69cfb73f-47cdf43f0db2eafd8d17659947117539-480-0.webp,Mascarilla para oxígeno flexible para adultos con banda ajustable y orificios para exhalación. Ideal para uso médico. ¡Adquiérela ahora!
PTM-BAP-029,Bata para paciente desechable rosa 10 pz DEMEVA CLASSIC,DEMEVA,Ropa Desechable,Medica,Batas Paciente,Ropa Desechable > Medica > Batas Paciente > Adulto,38,153.19,150.13,148.59,,35.0,53.8,,disponible,1,https://www.promexsa.com.mx/productos/bata-para-paciente-rosa-10-pz-demeva-classic-13414/,https://acdn-us.mitiendanube.com/stores/001/946/809/products/358-2df61b0591daaa697c17720936795182-480-0.webp,"Bata para paciente rosa 30g tricapa SMS antifluidos. Cómoda, amplia y resistente. Ideal para clínicas y hospitales."
DIS-AGH-659,Aguja hipodérmica desechable 27 g x 13 mm gris 100 pz SENSIMEDICAL,SENSI MEDICAL,Material de Curación,Jeringas,Agujas Hipodermicas Desechables,Material de Curación > Jeringas > Agujas Hipodermicas Desechables,39,78.22,76.66,75.87,,30.0,42.9,,disponible,0.1,https://www.promexsa.com.mx/productos/aguja-hipodermica-desechable-27g-x-13mm-gris-100-pz-sensi-medical/,https://acdn-us.mitiendanube.com/stores/001/946/809/products/agua-de-arroz-250ml-jaloma-9-45e88b82283c9c43b817320879085394-480-0.webp,
DIS-CAD-65,Cánula de Guedel Sensimedical No. 3 80 mm Verde / Cánula Orofaríngea,SENSI MEDICAL,Áreas y Especialidades,Rescate y Primeros Auxilios,,Áreas y Especialidades > Rescate y Primeros Auxilios,40,19.16,18.78,18.59,,40.0,66.7,,disponible,0.02,https://www.promexsa.com.mx/productos/canula-guedel-sensimedical-no-3-80-mm-verde/,https://acdn-us.mitiendanube.com/stores/001/946/809/products/581-c52c6c1c8429b523e416874975496008-480-0.webp,"Cánula orofaríngea Sensimedical No. 3 de 80 mm, color verde para mantener vía aérea permeable. Uso médico profesional. Compra ahora en PROMEXSA."
DIS-SOP-478,Sonda para aspiración de secreciones 16 fr SENSIMEDICAL,SENSI MEDICAL,Áreas y Especialidades,Gastroenterología,Alimentación Gástrica,Áreas y Especialidades > Gastroenterología > Alimentación Gástrica,41,11.18,10.96,10.84,,40.0,66.7,,disponible,0.02,https://www.promexsa.com.mx/productos/sonda-para-aspiracion-de-secreciones-16-fr-sensi-medical/,https://acdn-us.mitiendanube.com/stores/001/946/809/products/aspi61-5d157777bbf13c3de216875836731536-480-0.webp,
DIS-GAE-167,Gasa estéril 10 x 10 cm 100 pz QUIRMEX,QUIRMEX,Material de Curación,Algodón y Gasas,Gasas y Esponjas de Gasas,Material de Curación > Algodón y Gasas > Gasas y Esponjas de Gasas,42,140.86,138.04,136.63,,30.0,42.9,,disponible,0.32,https://www.promexsa.com.mx/productos/gasa-esteril-10-x-10-cm-100-pz-quirmex/,https://acdn-us.mitiendanube.com/stores/001/946/809/products/9131-cdabb0ea9968ec3d2716877440779909-480-0.webp,
DIS-CUT-125,Cubrebocas Azul Adulto Ambiderm 3 Pliegos Caja con 50 Piezas,AMBIDERM,Accesorios y Suministros Médicos,Prendas Desechables,Cubrebocas,Accesorios y Suministros Médicos > Prendas Desechables > Cubrebocas,43,85.11,83.41,82.56,,28.0,38.9,,disponible,0.12,https://www.promexsa.com.mx/productos/cubrebocas-azul-adulto-ambiderm-50-piezas/,https://acdn-us.mitiendanube.com/stores/001/946/809/products/7131-4ad22811961bf6247416875854614382-480-0.webp,"Cubrebocas azul Ambiderm adulto de 3 pliegos, BFE ≥98%, filtro antibacterial y resistente a líquidos. Caja con 50 piezas para uso profesional."
DIS-TUE-513,Tubo endotraqueal tipo Murphy sin globo 10 fr 2.5 mm SENSIMEDICAL,SENSI MEDICAL,Áreas y Especialidades,Anestesiología,Sondas para Anestesia,Áreas y Especialidades > Anestesiología > Sondas para Anestesia,44,33.8,33.12,32.79,,40.0,66.7,,disponible,0.01,https://www.promexsa.com.mx/productos/tubo-endotraqueal-sin-globo-10-fr-2-5-mm-sensi-medical/,https://acdn-us.mitiendanube.com/stores/001/946/809/products/buenos-3331-daee6373fc504c824c16877668847640-480-0.webp,Tubo endotraqueal sin globo 10 fr 2.5 mm SENSI MEDICAL
DIS-ALT-832,Algodón torunda 500 g QUIRMEX,QUIRMEX,Material de Curación,Algodón y Gasas,Algodón,Material de Curación > Algodón y Gasas > Algodón,45,113.21,110.95,109.81,,30.0,42.9,,disponible,0.5,https://www.promexsa.com.mx/productos/algodon-torunda-500-g-quirmex/,https://acdn-us.mitiendanube.com/stores/001/946/809/products/60a2f48a-0a6a-4714-87ca-ba85a0583cdd-8f196eb00d973aff4417162651835990-480-0.webp,
DIS-CUT-133,Cubrebocas Negro Adulto Ambiderm 3 Pliegos Caja con 50 Piezas,AMBIDERM,Accesorios y Suministros Médicos,Prendas Desechables,Cubrebocas,Accesorios y Suministros Médicos > Prendas Desechables > Cubrebocas,46,92.68,90.83,89.9,,28.0,38.9,,disponible,0.12,https://www.promexsa.com.mx/productos/cubrebocas-negro-adulto-ambiderm-50-piezas/,https://acdn-us.mitiendanube.com/stores/001/946/809/products/cubrebocas-negro-adulto-ambiderm-50-piezas-194755ca346fa4518617873859538098-480-0.webp,"Cubrebocas negro Ambiderm para adulto, 3 pliegos y BFE ≥95%. Caja con 50 piezas, ajuste nasal, elástico y resistente a líquidos."
DIS-JEP-331,Jeringa de 1 ml gris 27 g x 13 mm 100 pz AMBIDERM,AMBIDERM,Material de Curación,Jeringas,Jeringas Desechables,Material de Curación > Jeringas > Jeringas Desechables,47,169.39,166,164.31,,30.0,42.9,,disponible,0.44,https://www.promexsa.com.mx/productos/jeringa-de-1ml-27g-x-13mm-100-pz-ambiderm/,https://acdn-us.mitiendanube.com/stores/001/946/809/products/410b1895-a2c7-4809-9a06-d6a0bdadc6ccsv2014-02-14srbsigggfpn8kdf8kbwcufl3ummavj5gpk3edz74lgnwyi7xm3dst2022-10-06t003a483a26zse2122-10-06t003a583a26zspr-02fd78a4654476df9016872120613008-480-0.webp,Jeringa de 1ml 27g x 13Mm 100 pz AMBIDERM
DIS-ESV-570,Espejo vaginal estéril m FEELING,FEELING,Áreas y Especialidades,Ginecología,Espejos Vaginales,Áreas y Especialidades > Ginecología > Espejos Vaginales,48,20.11,19.71,19.51,,40.0,66.7,,disponible,0.04,https://www.promexsa.com.mx/productos/espejo-vaginal-esteril-mediano-feeling/,https://acdn-us.mitiendanube.com/stores/001/946/809/products/espejo-vaginal1-75c7d4033b53f21d4416875907084142-480-0.webp,Espejo vaginal estéril mediano FEELING
DIS-MAP-362,Mascarilla para óxigeno adulto con reservorio SENSIMEDICAL,SENSI MEDICAL,Áreas y Especialidades,Inhaloterapia,,Áreas y Especialidades > Inhaloterapia,49,47.96,47,46.52,,40.0,66.7,,disponible,0.08,https://www.promexsa.com.mx/productos/mascarilla-para-oxigeno-adulto-con-reservorio-sensi-medical/,https://acdn-us.mitiendanube.com/stores/001/946/809/products/buenos-561-d37db553214f7bda9416880184106760-480-0.webp,Mascarilla para oxigeno adulto con reservorio SENSI MEDICAL
DIS-SOF-419,Sonda foley pedíatrica 2 vías de látex con globo de 3 ml 8 fr SENSIMEDICAL,SENSI MEDICAL,Áreas y Especialidades,Urología,Sondas Urologicas,Áreas y Especialidades > Urología > Sondas Urologicas,50,77.39,75.84,75.07,,40.0,66.7,,disponible,0.1,https://www.promexsa.com.mx/productos/sonda-foley-2-vias-3-ml-8-fr-sensi-medical/,https://acdn-us.mitiendanube.com/stores/001/946/809/products/sonda-foley-2-vias-latex-4d892935549fbb9a4c17066849576380-480-0.webp,Sonda foley 2 vías 3 ml 8 fr SENSI MEDICAL
DIS-SOF-705,Sonda foley de silicón 2 vías con globo de 5ml 18 fr SENSIMEDICAL,DENTILAB,Áreas y Especialidades,Urología,Sondas Urologicas,Áreas y Especialidades > Urología > Sondas Urologicas,51,171.58,168.15,166.43,,40.0,66.7,,disponible,1,https://www.promexsa.com.mx/productos/sonda-foley-de-silicon-2-vias-con-globo-de-5ml-18-fr-sensi-medical/,https://acdn-us.mitiendanube.com/stores/001/946/809/products/b69d31e4-2152-40cd-a63d-7bc6f737943b-e725188fd893e95c0a17066834227456-480-0.webp,
DIS-APD-567,Aplicador de madera con algodón 1000 pz AMBIDERM,AMBIDERM,Material de Curación,Aplicadores y Abatelenguas,Aplicadores de Madera,Material de Curación > Aplicadores y Abatelenguas > Aplicadores de Madera,52,138.12,135.36,133.98,,30.0,42.9,,disponible,0.5,https://www.promexsa.com.mx/productos/aplicador-de-madera-con-algodon-100-pz-ambiderm/,https://acdn-us.mitiendanube.com/stores/001/946/809/products/b5d02de5-d51d-4b93-9176-757f0cddf756sv2014-02-14srbsiggov2frxn8ham8g2lde37f9brwgka65b2fckok4p7ewvt43dst2023-07-11t043a503a26zse2123-07-11t053a003a26zspr-189cdc542a8319bad616890519986328-480-0.webp,Aplicador de madera con algodon 1000 pz AMBIDERM
DIS-SON-462,Sonda nelaton roja 40 cm 18 fr SENSIMEDICAL,SENSI MEDICAL,Áreas y Especialidades,Urología,Sondas Urologicas,Áreas y Especialidades > Urología > Sondas Urologicas,53,25.29,24.78,24.53,,40.0,66.7,,disponible,0.02,https://www.promexsa.com.mx/productos/sonda-nelaton-roja-40-cm-18-fr-sensi-medical/,https://acdn-us.mitiendanube.com/stores/001/946/809/products/1411-b4e6190c8e318ddea416875607322503-480-0.webp,
DIS-SOF-438,Sonda foley owen 3 vías de látex con globo de 30 ml 16 fr SENSIMEDICAL,SENSI MEDICAL,Áreas y Especialidades,Urología,Sondas Urologicas,Áreas y Especialidades > Urología > Sondas Urologicas,54,70.79,69.37,68.67,,40.0,66.7,,disponible,1,https://www.promexsa.com.mx/productos/sonda-foley-3-vias-30-ml-16-fr-sensi-medical/,https://acdn-us.mitiendanube.com/stores/001/946/809/products/sonda-foley-3-vias-596b4a4789e0ca004817066840173694-480-0.webp,Sonda foley 3 vías 30 ml 16 fr SENSI MEDICAL
DIS-SOF-434,Sonda foley 2 vías de látex con globo de 5 ml 18 fr SENSIMEDICAL,SENSI MEDICAL,Áreas y Especialidades,Urología,Sondas Urologicas,Áreas y Especialidades > Urología > Sondas Urologicas,55,33.79,33.11,32.78,,40.0,66.7,,disponible,0.02,https://www.promexsa.com.mx/productos/sonda-foley-2-vias-5-ml-18-fr-sensi-medical/,https://acdn-us.mitiendanube.com/stores/001/946/809/products/3321-79e3d29914e84f3e1416875842869208-480-0.webp,Sonda foley 2 vías 5 ml 18 fr SENSI MEDICAL
DIS-ALE-1346,Alcohol etílico de 96 125 ml DIBAR,DIBAR,Accesorios y Suministros Médicos,Sueros E Hidratantes,Antisépticos y Germicidas,Accesorios y Suministros Médicos > Sueros E Hidratantes > Antisépticos y Germicidas,56,10.78,10.56,10.46,,28.0,38.9,,disponible,0.12,https://www.promexsa.com.mx/productos/alcohol-etilico-de-96-125-ml-dibar/,https://acdn-us.mitiendanube.com/stores/001/946/809/products/20-98a2a0dd2b4a0edfb117478475181366-480-0.webp,"Descubre el Alcohol Etílico 96° Dibar de 125 ml, ideal para desinfección y uso en laboratorios. ¡Compra ahora y asegura tu limpieza efectiva!"
DIS-GUA-226,"Guantes de Nitrilo Negro DemaCare para Exploración / S, M, L y XL / 100 Piezas",DERMA CARE,Accesorios y Suministros Médicos,Guantes,Guantes de Nitrilo,Accesorios y Suministros Médicos > Guantes > Guantes de Nitrilo > Guantes de Nitrilo Negro,57,146.95,144.01,142.54,,28.0,38.9,,disponible,0.36,https://www.promexsa.com.mx/productos/guante-nitrilo-negro-dermacare-67-700-100-piezas/,https://acdn-us.mitiendanube.com/stores/001/946/809/products/guante-de-nitrilo-negro-dermacare-71eadb9eb39914d7eb17860006383170-480-0.webp,"Compra Guantes de Nitrilo Negro DermaCare 67-700. Caja con 100 piezas, 4 mil, libres de polvo, ideales para automotriz, limpieza, industria y alimentos. Envío a todo México"
DIS-HOP-306,Hoja para bisturí acero al carbón 15c 100 pz AMBIDERM,AMBIDERM,Equipo Quirúrgico,Instrumental Quirúrgico,Bisturís,Equipo Quirúrgico > Instrumental Quirúrgico > Bisturís,58,235.95,231.23,228.87,,38.0,61.3,,disponible,1,https://www.promexsa.com.mx/productos/hoja-para-bisturi-acero-al-carbon-15c-100-pz-ambiderm/,https://acdn-us.mitiendanube.com/stores/001/946/809/products/15c-b925e92533bd1f37cc17046940506350-480-0.webp,
DIS-GUD-193,Guantes de látex azul AMBIDERM PLUS / Talla M 100 piezas,AMBIDERM,Accesorios y Suministros Médicos,Guantes,Guantes de Látex,Accesorios y Suministros Médicos > Guantes > Guantes de Látex,59,128.82,126.24,124.96,,28.0,38.9,,disponible,0.58,https://www.promexsa.com.mx/productos/guante-de-latex-plus-azul-m-100-pz-ambiderm/,https://acdn-us.mitiendanube.com/stores/001/946/809/products/151-abc6ad0df066275f2416878896308992-480-0.webp,Este modelo de guantes de látex Ambiderm Plus está diseñado para consultorios y hospitales que requieren higiene y disponibilidad constante en sus procesos.
DIS-SOP-469,Sonda para alimentación prematuro 5 Fr 38.5 cm VISA,MERKAMED,Áreas y Especialidades,Gastroenterología,Alimentación Gástrica,Áreas y Especialidades > Gastroenterología > Alimentación Gástrica,60,11.06,10.84,10.73,,40.0,66.7,,disponible,1,https://www.promexsa.com.mx/productos/sonda-para-alimentacion-5-fr-tecmed/,https://acdn-us.mitiendanube.com/stores/001/946/809/products/sonda-alimentacion11-a740aa6d23cb744ca816875840417636-480-0.webp,Sonda para alimentación 5 fr TECMED
DIS-BAQ-293,Bata quirúrgica estéril azul con refuerzo y toalla unitalla PROVEMEDIC,PROVEMEDIC,Sin Categoría,,,Sin Categoría,61,51.78,50.74,50.23,,33.0,49.3,,disponible,0.14,https://www.promexsa.com.mx/productos/bata-quirurgica-esteril-azul-con-refuerzo-y-toalla-unitalla-provemedic/,https://acdn-us.mitiendanube.com/stores/001/946/809/products/buenos-301-85a85392afd0edada516877657287940-480-0.webp,
DIS-ALPL23,Algodón plisado 300 g DIBAR,DIBAR,Material de Curación,Algodón y Gasas,Algodón,Material de Curación > Algodón y Gasas > Algodón,62,63.51,62.24,61.6,,30.0,42.9,,disponible,0.5,https://www.promexsa.com.mx/productos/algodon-plisado-300-g-dibar/,https://acdn-us.mitiendanube.com/stores/001/946/809/products/67338eb8-dedc-43ee-affa-44499cc366ebsv2014-02-14srbsig0qb6iezxqbbcrlikyuq6mqozubviyygrzp2bqgmgzkqe3dst2022-12-12t233a243a59zse2122-12-12t233a343a59zspr-460f4a0ee25621ddbb16871936542692-480-0.webp,
DIS-SOF-1122,Sonda foley pedíatrica 2 vías de látex con globo de 5 ml 8 fr SENSIMEDICAL,SENSIMEDICAL,Áreas y Especialidades,Urología,Sondas Urologicas,Áreas y Especialidades > Urología > Sondas Urologicas,63,77.38,75.83,75.06,,40.0,66.7,,disponible,1,https://www.promexsa.com.mx/productos/sonda-foley-pediatrica-2-vias-de-latex-con-globo-de-5-ml-8-fr-sensimedical/,https://acdn-us.mitiendanube.com/stores/001/946/809/products/fotos-tiendanube-65-f776cb807eff6744ee17595338245795-480-0.webp,"Sonda Foley pediátrica 2 vías de látex con globo de 5 ml, ideal para drenaje urinario seguro y prolongado. Compra ahora y asegura calidad médica."
DIS-ALE-20,Alcohol etílico de 96 500 ml DIBAR,DIBAR,Accesorios y Suministros Médicos,Sueros E Hidratantes,Antisépticos y Germicidas,Accesorios y Suministros Médicos > Sueros E Hidratantes > Antisépticos y Germicidas,64,33,32.34,32.01,,28.0,38.9,,disponible,0.44,https://www.promexsa.com.mx/productos/alcohol-etilico-de-96-500-ml-dibar/,https://acdn-us.mitiendanube.com/stores/001/946/809/products/8aea2acf-e83b-4d42-aa26-555ae4944aba-0bd235ecd614a13b7f17236213161385-480-0.webp,
DIS-SOF-429,Sonda foley 2 vías de látex con globo de 30 ml 30 fr SENSIMEDICAL,SENSI MEDICAL,Áreas y Especialidades,Urología,Sondas Urologicas,Áreas y Especialidades > Urología > Sondas Urologicas,65,36.27,35.54,35.18,,40.0,66.7,,disponible,0.02,https://www.promexsa.com.mx/productos/sonda-foley-2-vias-30-ml-30-fr-sensi-medical/,https://acdn-us.mitiendanube.com/stores/001/946/809/products/sonda-foley-2-vias-latex-21d8959d84a4292b6a17066845230654-480-0.webp,Sonda foley 2 vías 30 ml 30 fr SENSI MEDICAL
DIS-GUE-258,Guantes de látex estériles para exploración bajo en polvo AMBIDERM / Talla S 100 piezas,AMBIDERM,Accesorios y Suministros Médicos,Guantes,Guantes para Exploración Estéril,Accesorios y Suministros Médicos > Guantes > Guantes para Exploración Estéril,66,193.22,189.36,187.42,,28.0,38.9,,disponible,0.72,https://www.promexsa.com.mx/productos/guante-esteril-bajo-en-polvo-ch-100-pz-ambiderm/,https://acdn-us.mitiendanube.com/stores/001/946/809/products/371-153da974deb9f2fa6116878947790936-480-0.webp,Los guantes de látex estériles para exploración Ambiderm talla S ofrecen protección en revisiones clínicas y procedimientos de cuidado. Solicita precio por volumen y envío a todo México.
DIS-GAD-596,Gasa dental no estéril 5 x 5cm 4 capas 200 pz AMBIDERM,AMBIDERM,Material de Curación,Algodón y Gasas,Gasas y Esponjas de Gasas,Material de Curación > Algodón y Gasas > Gasas y Esponjas de Gasas,67,28.23,27.67,27.38,,30.0,42.9,,disponible,1,https://www.promexsa.com.mx/productos/gasa-dental-no-esteril-5-x-5cm-8-capas-200-pz-ambiderm/,https://acdn-us.mitiendanube.com/stores/001/946/809/products/d136670a-e1c1-41fe-89da-a78f15021b91-3e73c9fe3f0b3ec41317046834010752-480-0.webp,Gasa dental no estéril 5 x 5cm 8 capas 200 pz AMBIDERM
PTM-GOP-157,Gorro Plisado Desechable Negro DEMEVA / Cofia Quirúrgica Desechable de Polipropileno / Paquete con 100 Piezas,DEMEVA,Accesorios y Suministros Médicos,Prendas Desechables,Gorros,Accesorios y Suministros Médicos > Prendas Desechables > Gorros,68,70.53,69.12,68.41,,28.0,38.9,,disponible,0.32,https://www.promexsa.com.mx/productos/gorro-desechable-plisado-negro-100-pz-demeva-classic/,https://acdn-us.mitiendanube.com/stores/001/946/809/products/cofia_gorro_plisado_negro_demeva_100_pz-6a1f60a8453d46e44817839253956236-480-0.webp,"Gorro plisado desechable negro DEMEVA en polipropileno, paquete con 100 piezas. Cómodo, ligero y seguro para uso hospitalario y sanitario. ¡Compra ahora!"
DIS-SOF-704,Sonda foley de silicón 2 vías con globo de 5ml 20fr SENSIMEDICAL,SENSI MEDICAL,Áreas y Especialidades,Urología,Sondas Urologicas,Áreas y Especialidades > Urología > Sondas Urologicas,69,171.58,168.15,166.43,,40.0,66.7,,disponible,0.02,https://www.promexsa.com.mx/productos/sonda-foley-de-silicon-2-vias-con-globo-de-5ml-20fr-sensi-medical/,https://acdn-us.mitiendanube.com/stores/001/946/809/products/57e6900b-054f-4ace-b104-ffb12ffe4a2a-31161f7f2223f9068617066834473489-480-0.webp,
DIS-SOP-477,Sonda para aspiración de secreciones 14 fr SENSIMEDICAL,SENSI MEDICAL,Áreas y Especialidades,Gastroenterología,Alimentación Gástrica,Áreas y Especialidades > Gastroenterología > Alimentación Gástrica,70,11.18,10.96,10.84,,40.0,66.7,,disponible,0.02,https://www.promexsa.com.mx/productos/sonda-para-aspiracion-de-secreciones-14-fr-sensi-medical/,https://acdn-us.mitiendanube.com/stores/001/946/809/products/aspi71-8c9a1c81593742900d16875836813711-480-0.webp,
DIS-JAL-1110,Jalea lubricante en tubo 135 g LUBRI-6,ALTAMIRANO,Áreas y Especialidades,Anestesiología,Agujas y Equipos para Anestesia,Áreas y Especialidades > Anestesiología > Agujas y Equipos para Anestesia,71,51.2,50.18,49.66,,40.0,66.7,,disponible,1,https://www.promexsa.com.mx/productos/jalea-lubricante-en-tubo-135-g-lubri-6/,https://acdn-us.mitiendanube.com/stores/001/946/809/products/fotos-tiendanube-62d12fb1735e01534a17592447929575-480-0.webp,"Jalea lubricante LUBRI-6 en tubo de 135 g, aséptica y transparente para facilitar procedimientos médicos. Compra ahora y asegura una lubricación eficaz y segura."
DIS-SOP-473,Sonda para alimentación prematuro 5 fr 38.5 cm TECMED,TECMED,Áreas y Especialidades,Gastroenterología,Alimentación Gástrica,Áreas y Especialidades > Gastroenterología > Alimentación Gástrica,72,7.41,7.26,7.19,,40.0,66.7,,disponible,0.01,https://www.promexsa.com.mx/productos/sonda-para-alimentacion-pre-5fr-long-38-5-tecmed/,https://acdn-us.mitiendanube.com/stores/001/946/809/products/sonda-alimentacion21-9c6ec31ff37d11baf616875840430533-480-0.webp,Sonda para alimentación pre 5fr long 38.5 TECMED
DIS-ELC-148,Electrodo cardíaco redondo t-715 50 pz AMBIDERM,AMBIDERM,Equipo y Mobiliario,Electrocardiógrafos,Accesorios para Ecg,Equipo y Mobiliario > Electrocardiógrafos > Accesorios para Ecg,73,134.64,131.95,130.6,,20.0,25.0,,disponible,1,https://www.promexsa.com.mx/productos/electrodo-cardiaco-redondo-t-715-50-pz-ambiderm/,https://acdn-us.mitiendanube.com/stores/001/946/809/products/321-7c98661af4906d02ad16877431015753-480-0.webp,
DIS-SOF-428,Sonda foley 2 vías de látex con globo de 30 ml 28 fr SENSIMEDICAL,SENSI MEDICAL,Áreas y Especialidades,Urología,Sondas Urologicas,Áreas y Especialidades > Urología > Sondas Urologicas,74,36.27,35.54,35.18,,40.0,66.7,,disponible,0.02,https://www.promexsa.com.mx/productos/sonda-foley-2-vias-30-ml-28-fr-sensi-medical/,https://acdn-us.mitiendanube.com/stores/001/946/809/products/sonda-foley-2-vias-latex-2e0fafb327ed96ebb917066845302571-480-0.webp,Sonda foley 2 vías 30 ml 28 fr SENSI MEDICAL
DIS-GAE-927,Gasa estéril 10 x 10 cm 100 pz AMBIDERM,AMBIDERM,Material de Curación,Algodón y Gasas,Gasas y Esponjas de Gasas,Material de Curación > Algodón y Gasas > Gasas y Esponjas de Gasas,75,190.78,186.96,185.06,,30.0,42.9,,disponible,1,https://www.promexsa.com.mx/productos/gasa-esteril-10-x-10-cm-100-pz-ambiderm/,https://acdn-us.mitiendanube.com/stores/001/946/809/products/580a16be-e195-4735-bbd9-517a0f44cd1a-940f2ea6842caac75917319961854928-480-0.webp,
DIS-BAA-31,Banditas adhesivas redondas 100 pz SKINPROT,SKINPROT,Material de Curación,Apósitos,Banditas Adhesivas,Material de Curación > Apósitos > Banditas Adhesivas,76,66.34,65.01,64.35,,30.0,42.9,,disponible,1,https://www.promexsa.com.mx/productos/banditas-adhesivas-redondas-100-pz-skinprot/,https://acdn-us.mitiendanube.com/stores/001/946/809/products/baberos-demeva-6-597ed5671f74ceee3317045985676873-480-0.webp,
DIS-VEE-533,Venda elástica 15 cm 6 pz VENDAMAX,VENDAMAX,Material de Curación,Vendas,Vendas para Curación,Material de Curación > Vendas > Vendas para Curación,77,108.57,106.4,105.31,,30.0,42.9,,disponible,1,https://www.promexsa.com.mx/productos/venda-elastica-15-cm-6-pz-vendamax/,https://acdn-us.mitiendanube.com/stores/001/946/809/products/fotos-tiendanube-46-c63164a8e66a9220f117595177642312-480-0.webp,
DIS-AGH-12,Aguja hipodérmica desechable 22 g x 32 mm negra 100 pz SENSIMEDICAL,SENSI MEDICAL,Material de Curación,Jeringas,Agujas Hipodermicas Desechables,Material de Curación > Jeringas > Agujas Hipodermicas Desechables,78,78.22,76.66,75.87,,30.0,42.9,,disponible,0.12,https://www.promexsa.com.mx/productos/aguja-hipodermica-desechable-22g-x-32mm-negra-100-pz-sensi-medical/,https://acdn-us.mitiendanube.com/stores/001/946/809/products/453-ff34a6622e3479cfd417320877384635-480-0.webp,
DIS-CAN-70,Cánula nasal para óxigeno adulto 2 mm x 1.80 m SENSIMEDICAL,SENSI MEDICAL,Áreas y Especialidades,Inhaloterapia,,Áreas y Especialidades > Inhaloterapia,79,21.2,20.78,20.56,,40.0,66.7,,disponible,1,https://www.promexsa.com.mx/productos/canula-nasal-adulto-2mm-x-1-80-m-sensi-medical/,https://acdn-us.mitiendanube.com/stores/001/946/809/products/canula-nazal11-5355d518f1395d577116874977983993-480-0.webp,Cánula nasal adulto 2mm x 1.80 m SENSI MEDICAL
DIS-BOR-41,Bolsa recolectora de orina sistema cerrado 2000 ml 10 pz SENSIMEDICAL,SENSI MEDICAL,Áreas y Especialidades,Urología,Evacuación y Recolección de Orina,Áreas y Especialidades > Urología > Evacuación y Recolección de Orina,80,563.65,552.38,546.74,,40.0,66.7,,disponible,0.98,https://www.promexsa.com.mx/productos/bolsa-recolectora-de-orina-plus-10-pz-sensi-medical/,https://acdn-us.mitiendanube.com/stores/001/946/809/products/471-b959bdbd9145d5d6ec17320931547566-480-0.webp,Bolsa recolectora de orina PLUS 10 pz SENSI MEDICAL
DIS-GAN-603,Gasa no estéril 7.5 cm x 5 cm 12 capas 200 pz QUIRMEX,QUIRMEX,Material de Curación,Algodón y Gasas,Gasas y Esponjas de Gasas,Material de Curación > Algodón y Gasas > Gasas y Esponjas de Gasas,81,96.63,94.7,93.73,,30.0,42.9,,disponible,0.18,https://www.promexsa.com.mx/productos/gasa-no-esteril-7-5-cm-x-5-cm-12-capas-200-pz-quirmex/,https://acdn-us.mitiendanube.com/stores/001/946/809/products/562ee1bb-8435-4a8c-b8ef-b322f8117416-9a63d8c5fd6cea9b9917081600625865-480-0.webp,
DIS-JED-335,Jeringa de 3ml azul 23 g x 25 mm 100 pz AMBIDERM,AMBIDERM,Material de Curación,Jeringas,Jeringas Desechables,Material de Curación > Jeringas > Jeringas Desechables,82,169.39,166,164.31,,30.0,42.9,,disponible,1,https://www.promexsa.com.mx/productos/jeringa-de-3ml-azul-23g-x-32mm-100-pz-ambiderm/,https://acdn-us.mitiendanube.com/stores/001/946/809/products/buenos-151-ca594ad9ad5d17965616877603888922-480-0.webp,Jeringa de 3Ml azul 23g x 32mm 100 pz AMBIDERM
DIS-ALD-16,Alcohol desnaturalizado de 71.5 500 ml DIBAR,DIBAR,Accesorios y Suministros Médicos,Sueros E Hidratantes,Antisépticos y Germicidas,Accesorios y Suministros Médicos > Sueros E Hidratantes > Antisépticos y Germicidas,83,29.36,28.77,28.48,,28.0,38.9,,disponible,0.5,https://www.promexsa.com.mx/productos/alcohol-desnaturalizado-de-70-500-ml-dibar/,https://acdn-us.mitiendanube.com/stores/001/946/809/products/baberos-demeva-66-0f21f9ee92371eeafd17082160620019-480-0.webp,Alcohol desnaturalizado de 70 500 ml DIBAR
DIS-TUE-514,Tubo endotraqueal tipo Murphy sin globo 12 fr 3.0 mm SENSIMEDICAL,SENSI MEDICAL,Áreas y Especialidades,Anestesiología,Sondas para Anestesia,Áreas y Especialidades > Anestesiología > Sondas para Anestesia,84,33.8,33.12,32.79,,40.0,66.7,,disponible,0.01,https://www.promexsa.com.mx/productos/tubo-endotraqueal-sin-globo-12-fr-3-0-mm-sensi-medical/,https://acdn-us.mitiendanube.com/stores/001/946/809/products/buenos-3321-4c2133db11b23b87ff16877668781559-480-0.webp,Tubo endotraqueal sin globo 12 fr 3.0 mm SENSI MEDICAL
DIS-SOF-439,Sonda foley owen 3 vías de látex con globo de 30 ml 18 fr SENSIMEDICAL,SENSI MEDICAL,Áreas y Especialidades,Urología,Sondas Urologicas,Áreas y Especialidades > Urología > Sondas Urologicas,85,70.79,69.37,68.67,,40.0,66.7,,disponible,0.02,https://www.promexsa.com.mx/productos/sonda-foley-3-vias-30-ml-18-fr-sensi-medical/,https://acdn-us.mitiendanube.com/stores/001/946/809/products/8778045a-d8c0-4ada-9a49-8bc32429af44sv2014-02-14srbsig46n2fk2fjj5kdhxnyt2b2bvewnajkcq3dazxilg4aetudmo3dst2023-03-10t233a153a51zse2123-03-10t233a253a51zspr-79785ba49b033714b416872207700570-480-0.webp,Sonda foley 3 vías 30 ml 18 fr SENSI MEDICAL
DIS-MAP-364,Mascarilla para óxigeno con nebulizador adulto SENSIMEDICAL,SENSI MEDICAL,Áreas y Especialidades,Inhaloterapia,,Áreas y Especialidades > Inhaloterapia,86,50.55,49.54,49.03,,40.0,66.7,,disponible,0.01,https://www.promexsa.com.mx/productos/mascarilla-para-oxigeno-con-nebulizador-adulto-sensi-medical/,https://acdn-us.mitiendanube.com/stores/001/946/809/products/5c04b17a-33e1-4e84-8c44-00ef0d733286sv2014-02-14srbsigaytjmcd9xpjgukmna7ulfaol01o4mqcci8ltvw1wzta3dst2022-10-13t193a563a01zse2122-10-13t203a063a01zspr-733b2edbda1ca62e6016872138990850-480-0.webp,Mascarilla para oxigeno con nebulizador adulto SENSI MEDICAL
DIS-BOD-34,Bolsa de colostomía adulto 10 pz VISA,VISA,Áreas y Especialidades,Colostomía y Urostomía,,Áreas y Especialidades > Colostomía y Urostomía,87,94.01,92.13,91.19,,40.0,66.7,,disponible,0.06,https://www.promexsa.com.mx/productos/bolsa-de-colostomia-adulto-10-pz-visa/,https://acdn-us.mitiendanube.com/stores/001/946/809/products/fotos-tiendanube-39-100741973e307d7ec017595136841810-480-0.webp,
DIS-GUD-190,Guantes de látex kid gloves AMBIDERM / Talla S 100 piezas,AMBIDERM,Accesorios y Suministros Médicos,Guantes,Guantes de Látex,Accesorios y Suministros Médicos > Guantes > Guantes de Látex,88,128.82,126.24,124.96,,28.0,38.9,,disponible,0.58,https://www.promexsa.com.mx/productos/guante-de-latex-kid-gloves-ch-100-pz-ambiderm/,https://acdn-us.mitiendanube.com/stores/001/946/809/products/buenos-421-0537a46d082e07cad016879066823727-480-0.webp,Los guantes de látex en presentación de 100 piezas son ideales para clínicas que buscan eficiencia y control en el manejo de pacientes.
DIS-SON-464,Sonda nelaton roja 40 cm 22 fr SENSIMEDICAL,SENSI MEDICAL,Áreas y Especialidades,Urología,Sondas Urologicas,Áreas y Especialidades > Urología > Sondas Urologicas,89,25.29,24.78,24.53,,40.0,66.7,,disponible,0.02,https://www.promexsa.com.mx/productos/sonda-nelaton-roja-40-cm-22-fr-sensi-medical/,https://acdn-us.mitiendanube.com/stores/001/946/809/products/1321-ca1f6e7c57b5e28e2816875603417523-480-0.webp,
DIS-NIA-212,"Guantes de Nitrilo Azul Derma Care para Exploración / S, M y L / 100 Piezas",DERMA CARE,Accesorios y Suministros Médicos,Guantes,Guantes de Nitrilo,Accesorios y Suministros Médicos > Guantes > Guantes de Nitrilo > Guante de Nitrilo Azul,90,145.17,142.27,140.81,,28.0,38.9,,disponible,1,https://www.promexsa.com.mx/productos/guante-nitrilo-desechable-azul-dermacare-100-piezas/,https://acdn-us.mitiendanube.com/stores/001/946/809/products/guante-de-nitrilo-azul-derma-care-espomega-7fd915cfe53f148e8317858278968793-480-0.webp,"Guante de nitrilo azul DermaCare libre de polvo. Caja con 100 piezas, resistente a sustancias químicas, apto para alimentos y uso industrial. Compra ahora a MSI envío a todo México"
DIS-HID-602,Hisopo de algodón 200 pz QUIRMEX,QUIRMEX,Material de Curación,Aplicadores y Abatelenguas,Aplicadores de Madera,Material de Curación > Aplicadores y Abatelenguas > Aplicadores de Madera,91,17.53,17.18,17,,30.0,42.9,,disponible,0.1,https://www.promexsa.com.mx/productos/hisopo-de-algodon-200-pz-quirmex/,https://acdn-us.mitiendanube.com/stores/001/946/809/products/8d2e3e36-88c7-4a59-8b60-2a4c9bd80ea3-6f19f4d4b47ca35c1017056480201974-480-0.webp,
DIS-VEE-531,Venda elástica 10 cm 12 pz VENDAMAX,VENDAMAX,Material de Curación,Vendas,Vendas para Curación,Material de Curación > Vendas > Vendas para Curación,92,140.68,137.87,136.46,,30.0,42.9,,disponible,1,https://www.promexsa.com.mx/productos/venda-elastica-10-cm-12-pz-vendamax/,https://acdn-us.mitiendanube.com/stores/001/946/809/products/da255095-99a1-4eb7-b067-7a55ff20f073sv2014-02-14srbsigw38mqck0tjjskxefeyyoli2blwdipjmfz4chanjbewx43dst2022-05-18t213a053a07zse2122-05-18t213a153a07zspr-9dd7653c77c3061b3316872254942940-480-0.webp,
DIS-SOF-430,Sonda foley 2 vías de látex con globo de 5 ml 10 fr SENSIMEDICAL,SENSI MEDICAL,Áreas y Especialidades,Urología,Sondas Urologicas,Áreas y Especialidades > Urología > Sondas Urologicas,93,77.39,75.84,75.07,,40.0,66.7,,disponible,0.02,https://www.promexsa.com.mx/productos/sonda-foley-2-vias-5-ml-10-fr-sensi-medical/,https://acdn-us.mitiendanube.com/stores/001/946/809/products/3281-ad8d2574d966bf8f0e16875842717601-480-0.webp,Sonda foley 2 vías 5 ml 10 fr SENSI MEDICAL
DIS-CAD-67,Cánula de Guedel Sensimedical No. 5 100 mm Roja / Cánula Orofaríngea,SENSI MEDICAL,Áreas y Especialidades,Rescate y Primeros Auxilios,,Áreas y Especialidades > Rescate y Primeros Auxilios,94,21.64,21.21,20.99,,40.0,66.7,,disponible,0.02,https://www.promexsa.com.mx/productos/canula-de-guedel-no-5-100-mm-roja-sensi-medical/,https://acdn-us.mitiendanube.com/stores/001/946/809/products/7111-51494bf3d88cb00bab16874975570009-480-0.webp,Cánula orofaríngea Sensimedical No. 5 de 100 mm en rojo para mantener la vía aérea permeable. Ideal para emergencias y uso hospitalario. ¡Compra ahora!
DIS-TUP-524,Tubo penrose 1/4 HOLY,HOLY,Equipo Quirúrgico,Drenajes,,Equipo Quirúrgico > Drenajes,95,38.77,37.99,37.61,,38.0,61.3,,disponible,0.01,https://www.promexsa.com.mx/productos/tubo-penrose-1-4-holy/,https://acdn-us.mitiendanube.com/stores/001/946/809/products/82-3f975bd636444b835917592628583208-480-0.webp,
DIS-CIT-79,Cinta testigo para autoclave de vapor 18 mm x 50 m TUK,TUK,Equipo Quirúrgico,Complementos Quirúrgicos,Accesorios para Esterilizar,Equipo Quirúrgico > Complementos Quirúrgicos > Accesorios para Esterilizar,96,86.06,84.34,83.48,,38.0,61.3,,disponible,1,https://www.promexsa.com.mx/productos/cinta-testigo-p-esterilizar-en-vapor-tuk/,https://acdn-us.mitiendanube.com/stores/001/946/809/products/190-c5bca771e4d8fb9e9d17635320740101-480-0.webp,Cinta testigo p/esterilizar en vapor TUK
DIS-CUT-1096,Cubrebocas tres pliegos azul 50 pz DL,,Sin Categoría,,,Sin Categoría,97,52.15,51.11,50.59,,33.0,49.3,,disponible,0.05,https://www.promexsa.com.mx/productos/cubrebocas-tres-pliegos-azul-50-pz-dl-hgcff/,https://acdn-us.mitiendanube.com/stores/001/946/809/products/4b65c794-1e25-4179-9a7b-98268e5bd18c-83b5e6ec823f4b27f017659960269919-480-0.webp,
DIS-SOF-440,Sonda foley owen 3 vías de látex con globo de 30 ml 20 fr SENSIMEDICAL,SENSI MEDICAL,Áreas y Especialidades,Urología,Sondas Urologicas,Áreas y Especialidades > Urología > Sondas Urologicas,98,70.79,69.37,68.67,,40.0,66.7,,disponible,0.02,https://www.promexsa.com.mx/productos/sonda-foley-3-vias-30-ml-20-fr-sensi-medical/,https://acdn-us.mitiendanube.com/stores/001/946/809/products/fotos-tiendanube-47-1268714065a73bbdcf17595178299619-480-0.webp,Sonda foley 3 vías 30 ml 20 fr SENSI MEDICAL
DIS-ELC-146,Electrodo cardíaco pediátrico t-718 50 pz AMBIDERM,AMBIDERM,Equipo y Mobiliario,Electrocardiógrafos,Accesorios para Ecg,Equipo y Mobiliario > Electrocardiógrafos > Accesorios para Ecg,99,134.64,131.95,130.6,,20.0,25.0,,disponible,1,https://www.promexsa.com.mx/productos/electrodo-cardiaco-pediatrico-t-718-50-pz-ambiderm/,https://acdn-us.mitiendanube.com/stores/001/946/809/products/221-596c1d12371676b3af16877432833251-480-0.webp,
PDC-ALF-851,Algodón facial bolsa 100 pz JALOMA,JALOMA,Cuidado Personal,Artículos Cosméticos,Pads y Algodón,Cuidado Personal > Artículos Cosméticos > Pads y Algodón,100,29.57,28.98,28.68,,45.0,81.8,,disponible,0.1,https://www.promexsa.com.mx/productos/algodon-facial-bolsa-c-100-pzas-jaloma/,https://acdn-us.mitiendanube.com/stores/001/946/809/products/a18f1980-f1c3-42a8-9c27-3c67e4d45008-93c37701370248358417283786598860-480-0.webp,Algodon Facial bolsa c/100 pzas JALOMA
DRU-VID-550,Violeta de genciana 1 l DROTASA,DROTASA,Accesorios y Suministros Médicos,Sueros E Hidratantes,Antisépticos y Germicidas,Accesorios y Suministros Médicos > Sueros E Hidratantes > Antisépticos y Germicidas,101,79.82,78.22,77.43,,28.0,38.9,,disponible,1.08,https://www.promexsa.com.mx/productos/violeta-de-genciana-1-l-drotasa/,https://acdn-us.mitiendanube.com/stores/001/946/809/products/buenos-871-741597ebe2ff6007ee16881045774926-480-0.webp,
DIS-GUE-260,Guantes de látex estériles para exploración bajo en polvo AMBIDERM / Talla M 100 piezas,AMBIDERM,Accesorios y Suministros Médicos,Guantes,Guantes para Exploración Estéril,Accesorios y Suministros Médicos > Guantes > Guantes para Exploración Estéril,102,193.22,189.36,187.42,,28.0,38.9,,disponible,0.76,https://www.promexsa.com.mx/productos/guante-esteril-bajo-en-polvo-m-100-pz-ambiderm/,https://acdn-us.mitiendanube.com/stores/001/946/809/products/2101-d1a9b219c93206be6316878947625320-480-0.webp,"Material de látex para revisión profesional con empaque de 100 piezas, recomendado para consultorios y hospitales. Opción práctica para surtir inventario médico sin interrupciones."
DIS-SOF-443,Sonda foley owen 3 vías de látex con globo de 30 ml 26 fr SENSIMEDICAL,SENSI MEDICAL,Áreas y Especialidades,Urología,Sondas Urologicas,Áreas y Especialidades > Urología > Sondas Urologicas,103,70.79,69.37,68.67,,40.0,66.7,,disponible,0.04,https://www.promexsa.com.mx/productos/sonda-foley-3-vias-30-ml-26-fr-sensi-medical/,https://acdn-us.mitiendanube.com/stores/001/946/809/products/sonda-foley-3-vias-9633c1e78b54232eed17066840511863-480-0.webp,Sonda foley 3 vías 30 ml 26 fr SENSI MEDICAL
DIS-VEE-545,Venda elástica 5 cm 12 pz VENDAMAX,VENDAMAX,Material de Curación,Vendas,Vendas para Curación,Material de Curación > Vendas > Vendas para Curación,104,91.75,89.91,89,,30.0,42.9,,disponible,1,https://www.promexsa.com.mx/productos/venda-elastica-5-cm-12-pz-vendamax/,https://acdn-us.mitiendanube.com/stores/001/946/809/products/9afd154e-b753-4e58-8751-fe55fb8fb01fsv2014-02-14srbsigbkphssjq9uiygk3vm7gb2926rrec5cztj02qnarpwxg3dst2022-05-18t173a133a49zse2122-05-18t173a233a49zspr-9dd7653c77c3061b3316872256738157-480-0.webp,
DIS-SOF-437,Sonda foley 2 vías de látex con globo de 5 ml 24 fr SENSIMEDICAL,SENSI MEDICAL,Áreas y Especialidades,Urología,Sondas Urologicas,Áreas y Especialidades > Urología > Sondas Urologicas,105,33.79,33.11,32.78,,40.0,66.7,,disponible,0.02,https://www.promexsa.com.mx/productos/sonda-foley-2-vias-5-ml-24-fr-sensi-medical/,https://acdn-us.mitiendanube.com/stores/001/946/809/products/3191-6598f0b632d4d788b116875627080002-480-0.webp,Sonda foley 2 vías 5 ml 24 fr SENSI MEDICAL
DIS-SOF-431,Sonda foley 2 vías de látex con globo de 5 ml 12 fr SENSIMEDICAL,SENSI MEDICAL,Áreas y Especialidades,Urología,Sondas Urologicas,Áreas y Especialidades > Urología > Sondas Urologicas,106,33.85,33.17,32.83,,40.0,66.7,,disponible,0.02,https://www.promexsa.com.mx/productos/sonda-foley-2-vias-5-ml-12-fr-sensi-medical/,https://acdn-us.mitiendanube.com/stores/001/946/809/products/3161-a0184a0b34fc365bd116875626697986-480-0.webp,Sonda foley 2 vías 5 ml 12 fr SENSI MEDICAL
DIS-GUD-201,Guantes de látex negro AMBIDERM PLUS / Talla L 100 piezas,AMBIDERM,Accesorios y Suministros Médicos,Guantes,Guantes de Látex,Accesorios y Suministros Médicos > Guantes > Guantes de Látex,107,128.82,126.24,124.96,,28.0,38.9,,disponible,0.58,https://www.promexsa.com.mx/productos/guante-de-latex-plus-negro-g-100-pz-ambiderm/,https://acdn-us.mitiendanube.com/stores/001/946/809/products/241-cb21f9dd115f2dbd6f16878900740556-480-0.webp,"Los guantes de látex negro son adecuados para actividades clínicas y técnicas, ofreciendo una alternativa funcional para abastecimiento profesional."
DIS-CUT-134,Cubrebocas tres pliegos rosa 50 pz AMBIDERM,AMBIDERM,Accesorios y Suministros Médicos,Prendas Desechables,Cubrebocas,Accesorios y Suministros Médicos > Prendas Desechables > Cubrebocas,108,85.11,83.41,82.56,,28.0,38.9,,disponible,0.12,https://www.promexsa.com.mx/productos/cubrebocas-tres-pliegos-rosa-50-pz-ambiderm/,https://acdn-us.mitiendanube.com/stores/001/946/809/products/2521-b0530851eae774b2a116875854367652-480-0.webp,
DIS-ABD-628,Abatelenguas de Madera Ambiderm 15 cm Caja con 100 Piezas,AMBIDERM,Material de Curación,Aplicadores y Abatelenguas,Abatelenguas,Material de Curación > Aplicadores y Abatelenguas > Abatelenguas,109,51.79,50.75,50.24,,30.0,42.9,,disponible,0.26,https://www.promexsa.com.mx/productos/abatelenguas-madera-ambiderm-100-piezas/,https://acdn-us.mitiendanube.com/stores/001/946/809/products/abatelenguas-madera-ambiderm-100-piezas-a8df1ec3ed92fef11717873845003452-480-0.webp,"Abatelenguas Ambiderm de madera de abedul de 15 cm. Caja con 100 piezas, desechables, atóxicos, no estériles y con registro sanitario."
DIS-TUE-508,Tubo endotraqueal tipo Murphy con globo 32 fr 8.0 mm SENSIMEDICAL,SENSI MEDICAL,Áreas y Especialidades,Anestesiología,Sondas para Anestesia,Áreas y Especialidades > Anestesiología > Sondas para Anestesia,110,45.07,44.17,43.72,,40.0,66.7,,disponible,0.02,https://www.promexsa.com.mx/productos/tubo-endotraqueal-con-globo-32-fr-8-0-mm-sensi-medical/,https://acdn-us.mitiendanube.com/stores/001/946/809/products/tubo-con-globo91-67bb979b54e63a43c516877666128990-480-0.webp,Tubo endotraqueal con globo 32 fr 8.0 mm SENSI MEDICAL
DIS-PUC-412,Punzocat catéter iv 24g ptfe amarillo 100 pz AMBIDERM,AMBIDERM,Equipo Quirúrgico,Venoclisis,Catéteres Intravenosos,Equipo Quirúrgico > Venoclisis > Catéteres Intravenosos,111,652.76,639.7,633.18,,38.0,61.3,,disponible,0.46,https://www.promexsa.com.mx/productos/punzocat-cateter-iv-24g-ptfe-amarillo-100-pz-ambiderm/,https://acdn-us.mitiendanube.com/stores/001/946/809/products/3111-12f5d2b495b833ce1e16875000366410-480-0.webp,
DIS-GUD-831,"Guantes de Nitrilo Negro Ambiderm para Exploración / XS, S, M y L / 100 Piezas",AMBIDERM,Accesorios y Suministros Médicos,Guantes,Guantes de Nitrilo,Accesorios y Suministros Médicos > Guantes > Guantes de Nitrilo > Guantes de Nitrilo Negro,112,163.75,160.47,158.84,,28.0,38.9,,disponible,0.4,https://www.promexsa.com.mx/productos/guantes-nitrilo-negro-ambiderm/,https://acdn-us.mitiendanube.com/stores/001/946/809/products/guante-de-nitrilo-ambiderm-xs-100-piezas-f5b6efc68254f5521917843589574785-480-0.webp,"Compra Guantes de Nitrilo Negro Ambiderm libres de polvo para exploración médica. Alta resistencia, excelente agarre y protección contra químicos. Disponibles en tallas XS, S, M y L."
DIS-GAE-171,Gasa estéril 7.5 x 5 cm 100 pz QUIRMEX,QUIRMEX,Material de Curación,Algodón y Gasas,Gasas y Esponjas de Gasas,Material de Curación > Algodón y Gasas > Gasas y Esponjas de Gasas,113,92.91,91.05,90.12,,30.0,42.9,,disponible,0.18,https://www.promexsa.com.mx/productos/gasa-esteril-7-5-x-5-cm-100-pz-quirmex/,https://acdn-us.mitiendanube.com/stores/001/946/809/products/621-e2f1192a73d238e65716877440484503-480-0.webp,
DIS-ALT-26,Algodón torunda 75 g DIBAR,DIBAR,Material de Curación,Algodón y Gasas,Algodón,Material de Curación > Algodón y Gasas > Algodón,114,30.53,29.92,29.61,,30.0,42.9,,disponible,0.1,https://www.promexsa.com.mx/productos/algodon-torunda-75-g-dibar/,https://acdn-us.mitiendanube.com/stores/001/946/809/products/algodon-torunda-75g1-0414e44958d6c4c34216871962039680-480-0.webp,
DIS-CUT-1097,Cubrebocas tres pliegos blanco 50 pz AMBIDERM,AMBIDERM,Accesorios y Suministros Médicos,Prendas Desechables,Cubrebocas,Accesorios y Suministros Médicos > Prendas Desechables > Cubrebocas,115,85.11,83.41,82.56,,28.0,38.9,,disponible,1,https://www.promexsa.com.mx/productos/cubrebocas-tres-pliegos-blanco-50-pz-ambiderm/,https://acdn-us.mitiendanube.com/stores/001/946/809/products/c8440299-ec68-4407-99cd-f1b4e282266d-df4e0e96ec97011d7f17491080596210-480-0.webp,"Protege tu salud con los cubrebocas AMBIDERM de 3 pliegos. Alta filtración BFE 99%, desechables y resistentes a líquidos. ¡Compra ahora!"
DIS-GAE-928,Gasa estéril 7.5 x 5 cm 100 pz AMBIDERM,AMBIDERM,Material de Curación,Algodón y Gasas,Gasas y Esponjas de Gasas,Material de Curación > Algodón y Gasas > Gasas y Esponjas de Gasas,116,109.25,107.06,105.97,,30.0,42.9,,disponible,0.18,https://www.promexsa.com.mx/productos/gasa-esteril-7-5-x-5-cm-100-pz-ambiderm/,https://acdn-us.mitiendanube.com/stores/001/946/809/products/7694b104-0574-4e30-839c-397f09020ff5-cad77cc969529a8ee017319968111938-480-0.webp,"Gasas estériles AMBIDERM 7.5 x 5 cm. Alta absorción, empaque individual. Caja de 100 piezas para curaciones y procedimientos médicos. Compra segura."
DIS-TUE-505,Tubo endotraqueal tipo Murphy con globo 26 fr 6.5 mm SENSIMEDICAL,SENSI MEDICAL,Áreas y Especialidades,Anestesiología,Sondas para Anestesia,Áreas y Especialidades > Anestesiología > Sondas para Anestesia,117,45.07,44.17,43.72,,40.0,66.7,,disponible,0.02,https://www.promexsa.com.mx/productos/tubo-endotraqueal-con-globo-26-fr-6-5-mm-sensi-medical/,https://acdn-us.mitiendanube.com/stores/001/946/809/products/tubo-con-globo51-31b294483f616119df16877665961894-480-0.webp,Tubo endotraqueal con globo 26 fr 6.5 mm SENSI MEDICAL
DIS-MAP-366,Mascarilla para óxigeno pediátrico con reservorio SENSIMEDICAL,SENSI MEDICAL,Áreas y Especialidades,Inhaloterapia,,Áreas y Especialidades > Inhaloterapia,118,46.03,45.11,44.65,,40.0,66.7,,disponible,0.08,https://www.promexsa.com.mx/productos/mascarilla-para-oxigeno-pediatrico-con-reservorio-sensi-medical/,https://acdn-us.mitiendanube.com/stores/001/946/809/products/e529058e-d8c5-4641-913b-576a049f8fd1sv2014-02-14srbsigey7eqa7y9ejjuicazujgjgjfulxb2j2bpssvia3mvhew3dst2022-10-13t203a073a33zse2122-10-13t203a173a33zspr-7248cd4e5994b41cfb16872139550830-480-0.webp,Mascarilla para oxigeno pediátrico con reservorio SENSI MEDICAL
DIS-COP-91,Contenedor punzocortante 1.8 l IXION,IXION,Accesorios y Suministros Médicos,Recipientes,Contenedores Desechables,Accesorios y Suministros Médicos > Recipientes > Contenedores Desechables,119,63.81,62.53,61.9,,28.0,38.9,,disponible,0.1,https://www.promexsa.com.mx/productos/contenedor-punzocortante-1-8-l-ixion/,https://acdn-us.mitiendanube.com/stores/001/946/809/products/contenedor-1-8-ixion1-c79deefb3a14890ee816875879624082-480-0.webp,
PDC-ALP-87,Almohadillas para cuidado facial 100% algodón 100 pz DIBAR,DIBAR,Cuidado Personal,Artículos Cosméticos,Pads y Algodón,Cuidado Personal > Artículos Cosméticos > Pads y Algodón,120,41.22,40.4,39.98,,45.0,81.8,,disponible,0.1,https://www.promexsa.com.mx/productos/almohadillas-para-cuidado-facial-100-algodon-100-pz-dibar/,https://acdn-us.mitiendanube.com/stores/001/946/809/products/almohadilla-100-pz1-fc555b218e916fbc0f16880178964718-480-0.webp,
DIS-SOF-418,Sonda foley pedíatrica 2 vías de látex con globo de 3 ml 10 fr SENSIMEDICAL,SENSI MEDICAL,Áreas y Especialidades,Urología,Sondas Urologicas,Áreas y Especialidades > Urología > Sondas Urologicas,121,77.39,75.84,75.07,,40.0,66.7,,disponible,0.02,https://www.promexsa.com.mx/productos/sonda-foley-2-vias-3-ml-10-fr-sensi-medical/,https://acdn-us.mitiendanube.com/stores/001/946/809/products/sonda-foley-2-vias-latex-f7bc83aee82d77e5b917066849698873-480-0.webp,Sonda foley 2 vías 3 ml 10 fr SENSI MEDICAL
DIS-SOF-423,Sonda foley 2 vías de látex con globo de 30 ml 18 fr SENSIMEDICAL,SENSI MEDICAL,Áreas y Especialidades,Urología,Sondas Urologicas,Áreas y Especialidades > Urología > Sondas Urologicas,122,36.27,35.54,35.18,,40.0,66.7,,disponible,0.02,https://www.promexsa.com.mx/productos/sonda-foley-2-vias-30-ml-18-fr-sensi-medical/,https://acdn-us.mitiendanube.com/stores/001/946/809/products/sonda-foley-2-vias-latex-05f930767d1c63219517066844983176-480-0.webp,Sonda foley 2 vías 30 ml 18 fr SENSI MEDICAL
DIS-HOP-301,Hoja para bisturí acero al carbón #20 100 pz AMBIDERM,AMBIDERM,Equipo Quirúrgico,Instrumental Quirúrgico,Bisturís,Equipo Quirúrgico > Instrumental Quirúrgico > Bisturís,123,235.95,231.23,228.87,,38.0,61.3,,disponible,1,https://www.promexsa.com.mx/productos/hoja-para-bisturi-acero-al-carbon-20-100-pz-ambiderm/,https://acdn-us.mitiendanube.com/stores/001/946/809/products/20-cf1d2986c43811c33117046931709614-480-0.webp,
DIS-CUT-595,Cubrebocas tres pliegos infantil blanco 50 pz AMBIDERM,AMBIDERM,Accesorios y Suministros Médicos,Prendas Desechables,Cubrebocas,Accesorios y Suministros Médicos > Prendas Desechables > Cubrebocas,124,85.11,83.41,82.56,,28.0,38.9,,disponible,0.13,https://www.promexsa.com.mx/productos/cubrebocas-tres-pliegos-infantil-blanco-50-pz-ambiderm/,https://acdn-us.mitiendanube.com/stores/001/946/809/products/bcc03b77-db3b-4b1e-b796-8c120a5f1207-bb392e3fc0c7914a5517046767328792-480-0.webp,
DIS-SOF-432,Sonda foley 2 vías de látex con globo de 5 ml 14 fr SENSIMEDICAL,SENSI MEDICAL,Áreas y Especialidades,Urología,Sondas Urologicas,Áreas y Especialidades > Urología > Sondas Urologicas,125,33.85,33.17,32.83,,40.0,66.7,,disponible,0.02,https://www.promexsa.com.mx/productos/sonda-foley-2-vias-5-ml-14-fr-sensi-medical/,https://acdn-us.mitiendanube.com/stores/001/946/809/products/3221-84b5d614a2b58bda2416875627410979-480-0.webp,Sonda foley 2 vías 5 ml 14 fr SENSI MEDICAL
DIS-JED-574,Jeringa de 20 ml sin aguja 50 pz DL,DENTILAB,Material de Curación,Jeringas,Jeringas Desechables,Material de Curación > Jeringas > Jeringas Desechables,126,223.49,219.02,216.79,,30.0,42.9,,disponible,0.72,https://www.promexsa.com.mx/productos/jeringa-de-20-ml-sin-aguja-50-pz-dl/,https://acdn-us.mitiendanube.com/stores/001/946/809/products/captura-de-pantalla-2025-06-20-133136-48b6dd903277f7ceb917504479285201-480-0.webp,
DIS-GUC-187,Guantes de látex AMBIDERM COMFORT / Talla M 100 piezas,AMBIDERM,Accesorios y Suministros Médicos,Guantes,Guantes de Látex,Accesorios y Suministros Médicos > Guantes > Guantes de Látex,127,128.82,126.24,124.96,,28.0,38.9,,disponible,0.54,https://www.promexsa.com.mx/productos/guante-confort-m-100-pz-ambiderm/,https://acdn-us.mitiendanube.com/stores/001/946/809/products/291-01c122d8301bd2f64716878904146665-480-0.webp,"Producto desechable de látex para abastecimiento profesional, ideal para negocios con consumo frecuente de insumos médicos. Opción práctica para surtir inventario médico sin interrupciones."
DIS-GAE-168,Gasa estéril 10 x 10 cm 100 pz DIBAR,DIBAR,Material de Curación,Algodón y Gasas,Gasas y Esponjas de Gasas,Material de Curación > Algodón y Gasas > Gasas y Esponjas de Gasas,128,158.77,155.59,154.01,,30.0,42.9,,disponible,0.44,https://www.promexsa.com.mx/productos/gasa-esteril-10-x-10-cm-8-capas-100-pz-dibar/,https://acdn-us.mitiendanube.com/stores/001/946/809/products/131-e2683a0889cf387cd016877440307362-480-0.webp,Gasa estéril 10 x 10 cm 8 capas 100 pz DIBAR
DIS-SOP-719,Sonda para alimentación adulto 10 fr 38.5 cm TECMED,TECMED,Áreas y Especialidades,Gastroenterología,Alimentación Gástrica,Áreas y Especialidades > Gastroenterología > Alimentación Gástrica,129,13.18,12.92,12.78,,40.0,66.7,,disponible,1,https://www.promexsa.com.mx/productos/sonda-para-alimentacion-infantil-10-fr-38-5-cm-tecmed/,https://acdn-us.mitiendanube.com/stores/001/946/809/products/e21629d4-cb33-4b6f-80ae-2c0cbd8162d9-9ce58507e49f68295117151532465472-480-0.webp,Sonda para alimentación infantil 10 fr 38.5 cm TECMED
DIS-TUE-507,Tubo endotraqueal tipo Murphy con globo 30 fr 7.5 mm SENSIMEDICAL,SENSI MEDICAL,Áreas y Especialidades,Anestesiología,Sondas para Anestesia,Áreas y Especialidades > Anestesiología > Sondas para Anestesia,130,45.07,44.17,43.72,,40.0,66.7,,disponible,0.02,https://www.promexsa.com.mx/productos/tubo-endotraqueal-con-globo-30-fr-7-5-mm-sensi-medical/,https://acdn-us.mitiendanube.com/stores/001/946/809/products/tubo-con-globo41-ff8a722049279dc9aa16877665953724-480-0.webp,Tubo endotraqueal con globo 30 fr 7.5 mm SENSI MEDICAL
DIS-GAE-841,Gasa estéril 10 x 10 cm 100 pz JALOMA,JALOMA,Material de Curación,Algodón y Gasas,Gasas y Esponjas de Gasas,Material de Curación > Algodón y Gasas > Gasas y Esponjas de Gasas,131,156.18,153.06,151.49,,30.0,42.9,,disponible,0.34,https://www.promexsa.com.mx/productos/gasa-esteril-10-x-10-cm-100-pz-jaloma/,https://acdn-us.mitiendanube.com/stores/001/946/809/products/8a30b652-b417-4aea-8aab-a586e14566f6-13fd614393be36d95917285449505305-480-0.webp,
DIS-TUP-523,Tubo penrose 1/2 HOLY,HOLY,Equipo Quirúrgico,Drenajes,,Equipo Quirúrgico > Drenajes,132,38.77,37.99,37.61,,38.0,61.3,,disponible,0.02,https://www.promexsa.com.mx/productos/tubo-penrose-1-2-holy/,https://acdn-us.mitiendanube.com/stores/001/946/809/products/82-6899e16ae24fb82b5817592630448175-480-0.webp,
DIS-MAP-686,Mango para bisturí #3 2-1 económico HERGOM,HERGOM,Equipo Quirúrgico,Instrumental Quirúrgico,,Equipo Quirúrgico > Instrumental Quirúrgico,133,31.86,31.22,30.9,,38.0,61.3,,disponible,0.02,https://www.promexsa.com.mx/productos/mango-para-bisturi-3-economico-hergom/,https://acdn-us.mitiendanube.com/stores/001/946/809/products/mango21-97d27587d0baf4533116877424356514-480-0.webp,Mango para bisturí #3 económico HERGOM
DIS-JED-329,Jeringa de 10 ml negra 22 g x 32 mm 100 pz AMBIDERM,AMBIDERM,Material de Curación,Jeringas,Jeringas Desechables,Material de Curación > Jeringas > Jeringas Desechables,134,205.26,201.15,199.1,,30.0,42.9,,disponible,0.98,https://www.promexsa.com.mx/productos/jeringa-de-10ml-negra-22g-x-32mm-100-pz-ambiderm/,https://acdn-us.mitiendanube.com/stores/001/946/809/products/buenos-161-6634b54410baa3cc2916877605084947-480-0.webp,
DIS-SOF-441,Sonda foley owen 3 vías de látex con globo de 30 ml 22 fr SENSIMEDICAL,SENSI MEDICAL,Áreas y Especialidades,Urología,Sondas Urologicas,Áreas y Especialidades > Urología > Sondas Urologicas,135,70.79,69.37,68.67,,40.0,66.7,,disponible,0.02,https://www.promexsa.com.mx/productos/sonda-foley-3-vias-30-ml-22-fr-sensi-medical/,https://acdn-us.mitiendanube.com/stores/001/946/809/products/sonda-foley-3-vias-acf8cf8e9f36b3593617066840268294-480-0.webp,Sonda foley 3 vías 30 ml 22 fr SENSI MEDICAL
PDC-PAP-395,Pañal predoblado de plástico 10 pz SANTA JULIA,SANTA JULIA,Cuidado Personal,Incontinencia,Pañales para Adulto,Cuidado Personal > Incontinencia > Pañales para Adulto,136,91.75,89.91,89,,45.0,81.8,,disponible,1,https://www.promexsa.com.mx/productos/panal-predoblado-de-plastico-10-pz-santa-julia/,https://acdn-us.mitiendanube.com/stores/001/946/809/products/a658d858-1843-43b6-9935-ab2419dde519sv2014-02-14srbsigvpd6ei5y32fskvwzzmnhj8gd8fnly7r2gwdgle09wdfu3dst2022-10-20t023a353a24zse2122-10-20t023a453a24zspr-b84152e232615edeab16872160336769-480-0.webp,
DIS-COQ-82,Compresa quirúrgica 70 x 45 estéril 5 pz DIBAR,DIBAR,Equipo Quirúrgico,Venoclisis,Hemostáticos,Equipo Quirúrgico > Venoclisis > Hemostáticos,137,148.32,145.35,143.87,,38.0,61.3,,disponible,0.18,https://www.promexsa.com.mx/productos/compresa-quirurgica-70-x-45-esteril-5-pz-dibar/,https://acdn-us.mitiendanube.com/stores/001/946/809/products/2561-32cf0df39ef50ffb4516875877190149-480-0.webp,
MQL-ROP-077,Rollo para mesa de exploración rosa 0.50 m x 25 m DEMEVA CLASSIC,DEMEVA,Cuidado Personal,Protección para Cama,Sábanas,Cuidado Personal > Protección para Cama > Sábanas,138,105.56,103.45,102.39,,45.0,81.8,,disponible,0.5,https://www.promexsa.com.mx/productos/rollo-para-mesa-de-exploracion-rosa-0-50-m-x-25-m-demeva-classic-dzzuo/,https://acdn-us.mitiendanube.com/stores/001/946/809/products/e73ce25f-5f82-4631-acf9-ad9d8009af62-7519c6e7b61bc1ca0317726969815228-480-0.webp,"Rollo para mesa de exploración desechable marca DEMEVA fabricado en tela SMS de polipropileno de 3 capas antirepelente. Ideal para consultorios médicos, clínicas, hospitales, estética y centros de diagnóstico. Disponible en diferentes colores, gramajes y presentaciones."
DIS-TUE-502,Tubo endotraqueal tipo Murphy con globo 20 fr 5.0 mm SENSIMEDICAL,SENSI MEDICAL,Áreas y Especialidades,Anestesiología,Sondas para Anestesia,Áreas y Especialidades > Anestesiología > Sondas para Anestesia,139,45.07,44.17,43.72,,40.0,66.7,,disponible,0.02,https://www.promexsa.com.mx/productos/tubo-endotraqueal-con-globo-20-fr-5-0-mm-sensi-medical/,https://acdn-us.mitiendanube.com/stores/001/946/809/products/tubo-con-globo111-9932ec2c856a06681316877666375978-480-0.webp,Tubo endotraqueal con globo 20 fr 5.0 mm SENSI MEDICAL
DIS-GUD-595,"Guantes de Nitrilo Negro MC GLOVES para Exploración / S, M y L / 100 Piezas",MC GLOVES,Accesorios y Suministros Médicos,Guantes,Guantes de Nitrilo,Accesorios y Suministros Médicos > Guantes > Guantes de Nitrilo > Guantes de Nitrilo Negro,140,114.27,111.98,110.84,,28.0,38.9,,disponible,0.48,https://www.promexsa.com.mx/productos/guantes-nitrilo-negro-mc-gloves-100-piezas/,https://acdn-us.mitiendanube.com/stores/001/946/809/products/guante-de-nitrilo-negro-mc-gloves-b63a687516f0ed76a917860004436824-480-0.webp,"Compra guantes de nitrilo negro MC GLOVES sin polvo. Recomendados para limpieza profesional e industria, talla S / chica; atención a negocios. Envío a todo México"
DIS-GUD-202,Guantes de látex negro AMBIDERM PLUS / Talla M 100 piezas,AMBIDERM,Accesorios y Suministros Médicos,Guantes,Guantes de Látex,Accesorios y Suministros Médicos > Guantes > Guantes de Látex,141,128.82,126.24,124.96,,28.0,38.9,,disponible,0.58,https://www.promexsa.com.mx/productos/guante-de-latex-plus-negro-m-100-pz-ambiderm/,https://acdn-us.mitiendanube.com/stores/001/946/809/products/171-d537612d181c1e8b6f16878900680232-480-0.webp,"Una solución en guantes desechables de látex pensada para entornos médicos donde se necesita seguridad, ajuste cómodo y uso prolongado."
DIS-GAN-1119,Gasa no estéril 10x10 12 capas 200 pz QUIRMEX,QUIRMEX,Material de Curación,Algodón y Gasas,Gasas y Esponjas de Gasas,Material de Curación > Algodón y Gasas > Gasas y Esponjas de Gasas,142,200.05,196.05,194.05,,30.0,42.9,,disponible,1,https://www.promexsa.com.mx/productos/gasa-no-esteril-10x10-12-capas-200-pz-quirmex/,https://acdn-us.mitiendanube.com/stores/001/946/809/products/fotos-tiendanube-2-3a04455492e33ea1cb17592450187889-480-0.webp,"Gasa no estéril Quirmex 10x10 cm, 12 capas, ideal para curaciones y limpieza. Paquete con 200 pz. ¡Compra calidad y protege zonas lesionadas hoy!"
DIS-TUE-518,Tubo endotraqueal tipo Murphy sin globo 20 fr 5.0 mm SENSIMEDICAL,SENSI MEDICAL,Áreas y Especialidades,Anestesiología,Sondas para Anestesia,Áreas y Especialidades > Anestesiología > Sondas para Anestesia,143,33.8,33.12,32.79,,40.0,66.7,,disponible,0.02,https://www.promexsa.com.mx/productos/tubo-endotraqueal-sin-globo-20-fr-5-0-mm-sensi-medical/,https://acdn-us.mitiendanube.com/stores/001/946/809/products/buenos-3311-4f090fe14b71ebb78616877668744856-480-0.webp,Tubo endotraqueal sin globo 20 fr 5.0 mm SENSI MEDICAL
DIS-TUE-512,Tubo endotraqueal tipo Murphy con globo 40 fr 10 mm SENSIMEDICAL,SENSI MEDICAL,Áreas y Especialidades,Anestesiología,Sondas para Anestesia,Áreas y Especialidades > Anestesiología > Sondas para Anestesia,144,45.07,44.17,43.72,,40.0,66.7,,disponible,0.02,https://www.promexsa.com.mx/productos/tubo-endotraqueal-con-globo-40-fr-10-mm-sensi-medical/,https://acdn-us.mitiendanube.com/stores/001/946/809/products/tubo-con-globo101-9a1d5b998d50ec407416877666208278-480-0.webp,Tubo endotraqueal con globo 40 fr 10 mm SENSI MEDICAL
DIS-JAQ-320,Jabón quirúrgico 1 l ANTIBENZIL,ANTIBENZIL,Accesorios y Suministros Médicos,Sueros E Hidratantes,Antisépticos y Germicidas,Accesorios y Suministros Médicos > Sueros E Hidratantes > Antisépticos y Germicidas,145,69.08,67.7,67.01,,28.0,38.9,,disponible,1.06,https://www.promexsa.com.mx/productos/jabon-quirurgico-1-l-antibenzil/,https://acdn-us.mitiendanube.com/stores/001/946/809/products/afe4d818-c363-4ed7-96d5-373345983ee0sv2014-02-14srbsigraxyzcrivjga97jk0hjcxd55oadvu4if2jmc7w3z4ic3dst2023-04-27t133a473a28zse2123-04-27t133a573a28zspr-95891ec359f42f16e416872116718530-480-0.webp,
DIS-SOL-714,Sonda gastrointestinal levin con línea radiopaca 16 fr VISA,VISA,Áreas y Especialidades,Gastroenterología,Alimentación Gástrica,Áreas y Especialidades > Gastroenterología > Alimentación Gástrica,146,19.03,18.65,18.46,,40.0,66.7,,disponible,1,https://www.promexsa.com.mx/productos/sonda-levin-con-linea-radiopaca-16-fr-visa/,https://acdn-us.mitiendanube.com/stores/001/946/809/products/42088ee9-2ec4-452a-819b-7c692801c23f-e69ccfde714df9458117162759201938-480-0.webp,Sonda levin con linea radiopaca 16 fr VISA
DIS-VEE-540,Venda elástica 30 cm 6 pz VENDAMAX,VENDAMAX,Material de Curación,Vendas,Vendas para Curación,Material de Curación > Vendas > Vendas para Curación,147,178.91,175.33,173.54,,30.0,42.9,,disponible,1,https://www.promexsa.com.mx/productos/venda-elastica-30-cm-6-pz-vendamax/,https://acdn-us.mitiendanube.com/stores/001/946/809/products/8642bc5d-25e8-492d-9dcd-766195ce18b7sv2014-02-14srbsigpnvzlaqgx0uej3jwjnaglk6umbgalzxmhr3mim2fd2fg43dst2022-08-12t033a183a55zse2122-08-12t033a283a55zspr-a23d6f67b4b9d3241c16872256054979-480-0.webp,
DIS-TUE-521,Tubo endotraqueal tipo Murphy sin globo 8 fr 2.0 mm SENSIMEDICAL,SENSI MEDICAL,Áreas y Especialidades,Anestesiología,Sondas para Anestesia,Áreas y Especialidades > Anestesiología > Sondas para Anestesia,148,33.8,33.12,32.79,,40.0,66.7,,disponible,0.01,https://www.promexsa.com.mx/productos/tubo-endotraqueal-sin-globo-8-fr-2-0-mm-sensi-medical/,https://acdn-us.mitiendanube.com/stores/001/946/809/products/buenos-3381-f91fe0aa05ffdedc4416877669112351-480-0.webp,Tubo endotraqueal sin globo 8 fr 2.0 mm SENSI MEDICAL
DIS-GUD-200,Guantes de látex negro AMBIDERM PLUS / Talla S 100 piezas,AMBIDERM,Accesorios y Suministros Médicos,Guantes,Guantes de Látex,Accesorios y Suministros Médicos > Guantes > Guantes de Látex,149,128.82,126.24,124.96,,28.0,38.9,,disponible,0.58,https://www.promexsa.com.mx/productos/guante-de-latex-plus-negro-ch-100-pz-ambiderm/,https://acdn-us.mitiendanube.com/stores/001/946/809/products/31-e77e6a1cc87ddf490916878900692455-480-0.webp,"Los guantes de látex negro Ambiderm Plus brindan protección confiable en procedimientos médicos y exploración clínica, siendo una opción práctica para uso continuo."
DIS-COP-95,Contenedor punzocortante 4.0 l IXION,IXION,Accesorios y Suministros Médicos,Recipientes,Contenedores Desechables,Accesorios y Suministros Médicos > Recipientes > Contenedores Desechables,150,86.39,84.66,83.8,,28.0,38.9,,disponible,0.16,https://www.promexsa.com.mx/productos/contenedor-punzocortante-4-0-l-ixion/,https://acdn-us.mitiendanube.com/stores/001/946/809/products/d73cc05a-5bbc-45d4-88fe-2a417ee6e9afsv2014-02-14srbsigsyoaw42fzv2bgnjfcuqnrtks8srjjp7fu2fiwyotslepz03dst2023-02-15t163a533a55zse2123-02-15t173a033a55zspr-b0904aa5840525e36816872017716973-480-0.webp,
DIS-CAD-68,Cánula de Guedel Sensimedical No. 6 110 mm Naranja / Cánula Orofaríngea,SENSI MEDICAL,Áreas y Especialidades,Rescate y Primeros Auxilios,,Áreas y Especialidades > Rescate y Primeros Auxilios,151,21.64,21.21,20.99,,40.0,66.7,,disponible,0.02,https://www.promexsa.com.mx/productos/canula-guedel-sensimedical-no-6-110-mm-naranja/,https://acdn-us.mitiendanube.com/stores/001/946/809/products/canula-de-guedel-desechable-naranja-sensimedical-d9628f01370032cd8c17840960780104-480-0.webp,"Cánula orofaríngea Sensimedical No. 6, 110 mm, color naranja para mantener vía aérea abierta en urgencias y anestesia. Compra ahora en PROMEXSA."
DIS-BUP-123,Bulto para cirugía menor LIEMEDIC (060.231.0575),PROVEMEDIC,Sin Categoría,,,Sin Categoría,152,173.01,169.55,167.82,,33.0,49.3,,disponible,0.48,https://www.promexsa.com.mx/productos/bulto-para-cirugia-menor-institucional-provemedic/,https://acdn-us.mitiendanube.com/stores/001/946/809/products/menor-provimedic1-c5a63608536f91e79916874158450523-480-0.webp,Bulto para cirugía menor institucional PROVEMEDIC
DIS-KRS-417,Solución desinfectante 500 ml KRIT,ALTAMIRANO,Accesorios y Suministros Médicos,Sueros E Hidratantes,Antisépticos y Germicidas,Accesorios y Suministros Médicos > Sueros E Hidratantes > Antisépticos y Germicidas,153,61.68,60.45,59.83,,28.0,38.9,,disponible,0.5,https://www.promexsa.com.mx/productos/solucion-desinfectante-500-ml-krit/,https://acdn-us.mitiendanube.com/stores/001/946/809/products/acafc7e2-cecc-4ffb-afd1-7d0ca0e665d7-1314ef3015168b472017159287363709-480-0.webp,
DIS-TUE-506,Tubo endotraqueal tipo Murphy con globo 28 fr 7.0 mm SENSIMEDICAL,SENSI MEDICAL,Áreas y Especialidades,Anestesiología,Sondas para Anestesia,Áreas y Especialidades > Anestesiología > Sondas para Anestesia,154,45.07,44.17,43.72,,40.0,66.7,,disponible,0.02,https://www.promexsa.com.mx/productos/tubo-endotraqueal-con-globo-28-fr-7-0-mm-sensi-medical/,https://acdn-us.mitiendanube.com/stores/001/946/809/products/tubo-con-globo21-bc8296f3b4ea2fa55716877665918544-480-0.webp,Tubo endotraqueal con globo 28 fr 7.0 mm SENSI MEDICAL
DIS-GUP-270,Guantes quirúrgicos estériles para cirugía AMBIDERM / Talla 6 1/2 50 pares,AMBIDERM,Accesorios y Suministros Médicos,Guantes,Guantes para Cirugía,Accesorios y Suministros Médicos > Guantes > Guantes para Cirugía,155,337.33,330.58,327.21,,28.0,38.9,,disponible,1,https://www.promexsa.com.mx/productos/guante-para-cirugia-esteril-6-1-2-50-pr-ambiderm/,https://acdn-us.mitiendanube.com/stores/001/946/809/products/45-a79d025390b9b11cbb17046906786010-480-0.webp,"Presentación de 50 pares para cirugía con enfoque en precisión, barrera estéril y comodidad durante intervenciones médicas. Ideal para compras recurrentes de clínicas y distribuidores."
DIS-GUE-259,Guantes de látex estériles para exploración bajo en polvo AMBIDERM / Talla L 100 piezas,AMBIDERM,Accesorios y Suministros Médicos,Guantes,Guantes para Exploración Estéril,Accesorios y Suministros Médicos > Guantes > Guantes para Exploración Estéril,156,193.22,189.36,187.42,,28.0,38.9,,disponible,0.72,https://www.promexsa.com.mx/productos/guante-esteril-bajo-en-polvo-g-100-pz-ambiderm/,https://acdn-us.mitiendanube.com/stores/001/946/809/products/1121-47e7d517a40f3fa99016878947671509-480-0.webp,"Solución de protección estéril para exploración médica, adecuada para compras por mayoreo y suministro constante. Cotiza para mayoreo y mantén stock operativo en tu negocio."
DIS-CUT-576,Cubrebocas tres pliegos verde 50 pz AMBIDERM,AMBIDERM,Accesorios y Suministros Médicos,Prendas Desechables,Cubrebocas,Accesorios y Suministros Médicos > Prendas Desechables > Cubrebocas,157,85.11,83.41,82.56,,28.0,38.9,,disponible,0.15,https://www.promexsa.com.mx/productos/cubrebocas-tres-pliegos-verde-50-pz-ambiderm/,https://acdn-us.mitiendanube.com/stores/001/946/809/products/e9653d91-9578-485e-bf46-dd783e334ebe-9cde4f21392ca68eb517046791743431-480-0.webp,
DIS-TOA,Toallas alcoholadas 100 pz DL,DENTILAB,Accesorios y Suministros Médicos,Sueros E Hidratantes,Antisépticos y Germicidas,Accesorios y Suministros Médicos > Sueros E Hidratantes > Antisépticos y Germicidas,158,91.26,89.43,88.52,,28.0,38.9,,disponible,0.01,https://www.promexsa.com.mx/productos/toallas-alcoholadas-100-pz-dl/,https://acdn-us.mitiendanube.com/stores/001/946/809/products/75ec8ad9-2dc8-4f97-85ff-ba0fbf765c80sv2014-02-14srbsigkheraxw3gqhx5ofmeh04e2bhee75oo0dnty5kgoot4am3dst2023-07-28t213a593a53zse2123-07-28t223a093a53zspr-773a489218ce6543d416905822308034-480-0.webp,
DIS-PUC-411,Punzocat catéter iv 22g ptfe azul 100 pz AMBIDERM,AMBIDERM,Equipo Quirúrgico,Venoclisis,Catéteres Intravenosos,Equipo Quirúrgico > Venoclisis > Catéteres Intravenosos,159,652.76,639.7,633.18,,38.0,61.3,,disponible,0.44,https://www.promexsa.com.mx/productos/punzocat-cateter-iv-22g-ptfe-azul-100-pz-ambiderm/,https://acdn-us.mitiendanube.com/stores/001/946/809/products/591-6f4d1f18fe501085fe16875000416570-480-0.webp,
DIS-ALP-1349,Algodón plisado 50 g ELIE,ELIE,Material de Curación,Algodón y Gasas,Algodón,Material de Curación > Algodón y Gasas > Algodón,160,14.43,14.14,14,,30.0,42.9,,disponible,0.05,https://www.promexsa.com.mx/productos/algodon-plisado-50-g-elie-ef621/,https://acdn-us.mitiendanube.com/stores/001/946/809/products/183ba7ea-22b8-4252-b93b-e7980e2515a4-4dc77f6877350f4d7717652724838932-480-0.webp,"Algodón plisado ELIE 50 g, absorbente y suave, ideal para cuidado médico y limpieza de heridas. Compra calidad y seguridad hoy mismo."
DIS-SON-467,Sonda nelaton roja 40 cm 30 fr SENSIMEDICAL,SENSI MEDICAL,Áreas y Especialidades,Urología,Sondas Urologicas,Áreas y Especialidades > Urología > Sondas Urologicas,161,29.67,29.08,28.78,,40.0,66.7,,disponible,0.02,https://www.promexsa.com.mx/productos/sonda-nelaton-roja-40-cm-30-fr-sensi-medical/,https://acdn-us.mitiendanube.com/stores/001/946/809/products/1391-c6704e93f41d51f7ef16875603663834-480-0.webp,
DIS-SON-463,Sonda nelaton roja 40 cm 20 fr SENSIMEDICAL,SENSI MEDICAL,Áreas y Especialidades,Urología,Sondas Urologicas,Áreas y Especialidades > Urología > Sondas Urologicas,162,25.29,24.78,24.53,,40.0,66.7,,disponible,0.02,https://www.promexsa.com.mx/productos/sonda-nelaton-roja-40-cm-20-fr-sensi-medical/,https://acdn-us.mitiendanube.com/stores/001/946/809/products/1331-d8f6ab4b1db91135aa16875603429056-480-0.webp,
DIS-GUD-957,"Guantes de Nitrilo Blanco Ambiderm para Exploración / XS, S, M y L / 100 Piezas",AMBIDERM,Accesorios y Suministros Médicos,Guantes,Guantes de Nitrilo,Accesorios y Suministros Médicos > Guantes > Guantes de Nitrilo > Guantes de Nitrilo Blanco,163,163.75,160.47,158.84,,28.0,38.9,,disponible,1,https://www.promexsa.com.mx/productos/guantes-nitrilo-blanco-ambiderm/,https://acdn-us.mitiendanube.com/stores/001/946/809/products/guante-de-nitrilo-xs-100-piezas-ambiderm-b27fb9525447662da517845914660483-480-0.webp,"Compra Guantes de Nitrilo Blanco Ambiderm libres de polvo. Ideales para laboratorios, industria alimentaria, farmacéutica y exploración médica. Disponibles en XS, S, M y L."
DIS-COP-93,Contenedor punzocortante 3.0 l IXION,IXION,Accesorios y Suministros Médicos,Recipientes,Contenedores Desechables,Accesorios y Suministros Médicos > Recipientes > Contenedores Desechables,164,74.58,73.09,72.34,,28.0,38.9,,disponible,0.12,https://www.promexsa.com.mx/productos/contenedor-punzocortante-3-0-l-ixion/,https://acdn-us.mitiendanube.com/stores/001/946/809/products/fotos-tiendanube-51-7a501cbb9f0e72bc7917595191623608-480-0.webp,
DIS-JED-1375,Jeringa de 1ml negra 22 g x 32 mm 100 pz SENSIMEDICAL,SENSIMEDICAL,Material de Curación,Jeringas,Jeringas Desechables,Material de Curación > Jeringas > Jeringas Desechables,165,255.42,250.31,247.76,,30.0,42.9,,disponible,1,https://www.promexsa.com.mx/productos/jeringa-de-1ml-negra-22g-x-32-mm-100-pz-sensimedical/,https://acdn-us.mitiendanube.com/stores/001/946/809/products/fotos-tiendanube-10-b18f51f8a7c012806c17592676954743-480-0.webp,
DIS-SOF-424,Sonda foley 2 vías de látex con globo de 30 ml 20 fr SENSIMEDICAL,SENSI MEDICAL,Áreas y Especialidades,Urología,Sondas Urologicas,Áreas y Especialidades > Urología > Sondas Urologicas,166,36.27,35.54,35.18,,40.0,66.7,,disponible,0.02,https://www.promexsa.com.mx/productos/sonda-foley-2-vias-30-ml-20-fr-sensi-medical/,https://acdn-us.mitiendanube.com/stores/001/946/809/products/sonda-foley-2-vias-latex-6275db2562c709cc3217066845057011-480-0.webp,Sonda foley 2 vías 30 ml 20 fr SENSI MEDICAL
DIS-JAL-325,Jalea lubricante en tubo 135 g LUBRICAINA,LUBRICAINA,Áreas y Especialidades,Urología,Sondas Urologicas,Áreas y Especialidades > Urología > Sondas Urologicas,167,62.4,61.15,60.53,,40.0,66.7,,disponible,1,https://www.promexsa.com.mx/productos/jalea-lubricante-135-g-lubricaina/,https://acdn-us.mitiendanube.com/stores/001/946/809/products/909d2887-d367-4eb9-ba0a-3c6c5741f13bsv2014-02-14srbsig2bsgdljdyt4l1ershftvcoi8j4yzmeufqysmckjyndpw3dst2022-10-06t003a253a28zse2122-10-06t003a353a28zspr-a7623ceb0867e5737a16872118476914-480-0.webp,Jalea lubricante 135 g LUBRICAINA
DIS-GUD-203,Guantes de látex rosa AMBIDERM PLUS / Talla S 100 piezas,AMBIDERM,Accesorios y Suministros Médicos,Guantes,Guantes de Látex,Accesorios y Suministros Médicos > Guantes > Guantes de Látex,168,128.82,126.24,124.96,,28.0,38.9,,disponible,0.58,https://www.promexsa.com.mx/productos/guante-de-latex-plus-rosa-ch-100-pz-ambiderm/,https://acdn-us.mitiendanube.com/stores/001/946/809/products/541-12cef7be745709fadc16878894299342-480-0.webp,Los guantes de látex en presentación de 100 piezas son ideales para clínicas que buscan eficiencia y control en el manejo de pacientes.
DIS-BUP-88,Bulto para cirugía mayor PROVEMEDIC (060.231.0591),PROVEMEDIC,Sin Categoría,,,Sin Categoría,169,329.57,322.98,319.68,,33.0,49.3,,disponible,0.9,https://www.promexsa.com.mx/productos/bulto-para-cirugia-mayor-institucional-provemedic/,https://acdn-us.mitiendanube.com/stores/001/946/809/products/mayor-provimedic1-78823cb3936eda0a8d16874156780083-480-0.webp,Bulto para cirugía mayor institucional PROVEMEDIC
DIS-AZD-29,Azul de metileno 1 l DROTASA,DROTASA,Cuidado Personal,,,Cuidado Personal,170,148.11,145.15,143.67,,45.0,81.8,,disponible,1.06,https://www.promexsa.com.mx/productos/azul-de-metileno-1-l-drotasa/,https://acdn-us.mitiendanube.com/stores/001/946/809/products/027efec2-4dc2-4507-b953-b08a4189d24dsv2014-02-14srbsig0zb7o02fniw603bg1mwll7lsd2b2bmv5ltyhjetdv1oidm3dst2022-12-16t213a473a31zse2122-12-16t213a573a31zspr-5b9b706f66d1a9557216871940381593-480-0.webp,
DIS-AGH-14,Aguja hipodérmica desechable 25 g x 16 mm naranja100 pz SENSIMEDICAL,SENSI MEDICAL,Material de Curación,Jeringas,Agujas Hipodermicas Desechables,Material de Curación > Jeringas > Agujas Hipodermicas Desechables,171,78.22,76.66,75.87,,30.0,42.9,,disponible,0.1,https://www.promexsa.com.mx/productos/aguja-hipodermica-desechable-25g-x-16mm-anaranjada-100-pz-sensi-medical/,https://acdn-us.mitiendanube.com/stores/001/946/809/products/450-6d170f168e42581fb117320877839484-480-0.webp,Aguja hipodérmica desechable 25g x 16mm anaranjada 100 pz SENSI MEDICAL
DIS-SOP-761,Sonda para aspiración de secreciones 16 fr TECMED,TECMED,Áreas y Especialidades,Gastroenterología,Alimentación Gástrica,Áreas y Especialidades > Gastroenterología > Alimentación Gástrica,172,10.31,10.1,10,,40.0,66.7,,disponible,1,https://www.promexsa.com.mx/productos/sonda-para-aspiracion-de-secreciones-16-fr-tecmed/,https://acdn-us.mitiendanube.com/stores/001/946/809/products/05f82f7f-0099-4455-8a81-1523dac6a025-c77c35d3dcfd7ce18817162792075003-480-0.webp,
DIS-SOP-720,Sonda para alimentación adulto 14 fr 120 cm TECMED,TECMED,Áreas y Especialidades,Gastroenterología,Alimentación Gástrica,Áreas y Especialidades > Gastroenterología > Alimentación Gástrica,173,22.9,22.44,22.21,,40.0,66.7,,disponible,0.02,https://www.promexsa.com.mx/productos/sonda-para-alimentacion-infantil-14-fr-120-cm-tecmed/,https://acdn-us.mitiendanube.com/stores/001/946/809/products/afde1217-b520-4b2a-845b-23ffdbee531e-f7d8aad62b2474cbc017151532568666-480-0.webp,Sonda para alimentación infantil 14 fr 120 cm TECMED
DIS-TUE-516,Tubo endotraqueal tipo Murphy sin globo 16 fr 4.0 mm SENSIMEDICAL,SENSI MEDICAL,Áreas y Especialidades,Anestesiología,Sondas para Anestesia,Áreas y Especialidades > Anestesiología > Sondas para Anestesia,174,33.8,33.12,32.79,,40.0,66.7,,disponible,0.01,https://www.promexsa.com.mx/productos/tubo-endotraqueal-sin-globo-16-fr-4-0-mm-sensi-medical/,https://acdn-us.mitiendanube.com/stores/001/946/809/products/buenos-3361-b4b8931746c0fb85be16877668998959-480-0.webp,Tubo endotraqueal sin globo 16 fr 4.0 mm SENSI MEDICAL
DIS-SOP-470,Sonda para alimentación infantil 8 Fr 90 cm VISA,MERKAMED,Áreas y Especialidades,Gastroenterología,Alimentación Gástrica,Áreas y Especialidades > Gastroenterología > Alimentación Gástrica,175,11.06,10.84,10.73,,40.0,66.7,,disponible,0.01,https://www.promexsa.com.mx/productos/sonda-para-alimentacion-8-fr-tecmed/,https://acdn-us.mitiendanube.com/stores/001/946/809/products/sonda-alimentacion2-c61241cef4db8dc43c16875840388245-480-0.webp,Sonda para alimentación 8 fr TECMED
DIS-SOG-731,Sonda gastrointestinal levin 20 fr VISA,VISA,Áreas y Especialidades,Gastroenterología,Alimentación Gástrica,Áreas y Especialidades > Gastroenterología > Alimentación Gástrica,176,17.04,16.7,16.53,,40.0,66.7,,disponible,0.04,https://www.promexsa.com.mx/productos/sonda-gastrointestinal-levin-20-fr-visa/,https://acdn-us.mitiendanube.com/stores/001/946/809/products/1481-d830b68a78f1ee8e5f16875833381758-480-0.webp,
PDC-LES-33,Lente seguridad tricolor claro AL026CL/3C DERMA CARE,DERMA CARE,Equipo de Protección Personal,,,Equipo de Protección Personal,177,23.91,23.43,23.19,,32.0,47.1,,disponible,1,https://www.promexsa.com.mx/productos/lente-seguridad-tricolor-claro-al026cl-3c-derma-care/,https://acdn-us.mitiendanube.com/stores/001/946/809/products/830e2ff1-8585-40ec-b789-f7011b94a71csv2014-02-14srbsigiqwfyqbbslvmrcfwc0feitgrsbc6ad2rzmc2fhizwufm3dst2022-11-23t233a553a05zse2122-11-24t003a053a05zspr-46467c9de41b28f20e16872131393164-480-0.webp,
DIS-JED-572,Jeringa de 5 ml verde 21 g x32 mm 100 pz DL,DENTILAB,Material de Curación,Jeringas,Jeringas Desechables,Material de Curación > Jeringas > Jeringas Desechables,178,270.06,264.66,261.96,,30.0,42.9,,disponible,0.75,https://www.promexsa.com.mx/productos/jeringa-de-5-ml-verde-con-aguja-21x32mm-100-pz-dl/,https://acdn-us.mitiendanube.com/stores/001/946/809/products/3351-39553ba83b89a375b516877584612379-480-0.webp,Jeringa de 5 ml verde con aguja 21x32mm 100 pz DL
DIS-JED-571,Jeringa de 3 ml verde 21 g x32 mm 100 pz DL,DENTILAB,Material de Curación,Jeringas,Jeringas Desechables,Material de Curación > Jeringas > Jeringas Desechables,179,223.49,219.02,216.79,,30.0,42.9,,disponible,0.58,https://www.promexsa.com.mx/productos/jeringa-de-3-ml-verde-con-aguja-21x32mm-100-pz-dl/,https://acdn-us.mitiendanube.com/stores/001/946/809/products/fotos-tiendanube-27-9d492a93f0dce16ae217594473942506-480-0.webp,Jeringa de 3 ml verde con aguja 21x32mm 100 pz DL
DIS-HOP-310,Hoja para bisturí acero inoxidable #15 100 pz AMBIDERM,AMBIDERM,Equipo Quirúrgico,Instrumental Quirúrgico,Bisturís,Equipo Quirúrgico > Instrumental Quirúrgico > Bisturís,180,299.25,293.26,290.27,,38.0,61.3,,disponible,0.1,https://www.promexsa.com.mx/productos/hoja-para-bisturi-acero-inoxidable-15-100-pz-ambiderm/,https://acdn-us.mitiendanube.com/stores/001/946/809/products/15-c2f728105f451b3c9417046950649879-480-0.webp,
MQL-ROP-067,Rollo para mesa de exploración azul 0.50 m x 100 m DEMEVA ECONOMY,DEMEVA,Cuidado Personal,Protección para Cama,Sábanas,Cuidado Personal > Protección para Cama > Sábanas,181,232.61,227.96,225.63,,45.0,81.8,,disponible,0.5,https://www.promexsa.com.mx/productos/rollo-para-mesa-de-exploracion-azul-0-50-m-x-100-m-demeva-economy-vklu7/,https://acdn-us.mitiendanube.com/stores/001/946/809/products/e3f0f230-9227-4f62-8ef0-b77889c68261-05410f62333d4fef4c17726968781947-480-0.webp,"Rollo para mesa de exploración desechable marca DEMEVA fabricado en tela SMS de polipropileno de 3 capas antirepelente. Ideal para consultorios médicos, clínicas, hospitales, estética y centros de diagnóstico. Disponible en diferentes colores, gramajes y presentaciones."
DIS-MAP-365,Mascarilla para óxigeno con nebulizador pediátrica SENSIMEDICAL,SENSI MEDICAL,Áreas y Especialidades,Inhaloterapia,,Áreas y Especialidades > Inhaloterapia,182,49.47,48.48,47.99,,40.0,66.7,,disponible,0.08,https://www.promexsa.com.mx/productos/mascarilla-para-oxigeno-con-nebulizador-pediatrica-sensi-medical/,https://acdn-us.mitiendanube.com/stores/001/946/809/products/1a69e6bc-4f46-45e6-8ec2-40441edcd3f0sv2014-02-14srbsigvbwox8fie7asaxqzdadzfi2fbplsy3hebz2f49nimz8w03dst2022-10-13t193a583a33zse2122-10-13t203a083a33zspr-733b2edbda1ca62e6016872139270295-480-0.webp,Mascarilla para oxigeno con nebulizador pediátrica SENSI MEDICAL
DIS-GUD-195,Guantes de látex blanco AMBIDERM PLUS / Talla L 100 piezas,AMBIDERM,Accesorios y Suministros Médicos,Guantes,Guantes de Látex,Accesorios y Suministros Médicos > Guantes > Guantes de Látex,183,128.82,126.24,124.96,,28.0,38.9,,disponible,0.58,https://www.promexsa.com.mx/productos/guante-de-latex-plus-blanco-g-100-pz-ambiderm/,https://acdn-us.mitiendanube.com/stores/001/946/809/products/101-e83c8c3d7482cc6f6a16878891047989-480-0.webp,"Los guantes de látex blanco son adecuados para actividades clínicas y técnicas, ofreciendo una alternativa funcional para abastecimiento profesional."
DIS-CAN-71,Cánula nasal para óxigeno pediátrica 2 mm x 1.80 m SENSIMEDICAL,SENSI MEDICAL,Áreas y Especialidades,Inhaloterapia,,Áreas y Especialidades > Inhaloterapia,184,21.2,20.78,20.56,,40.0,66.7,,disponible,0.04,https://www.promexsa.com.mx/productos/canula-nasal-pediatrica-2-mm-x-1-80-m-sensi-medical/,https://acdn-us.mitiendanube.com/stores/001/946/809/products/canula-nazal21-32c9539a4719fec16116874978030764-480-0.webp,Cánula nasal pediátrica 2 mm x 1.80 m SENSI MEDICAL
DIS-VAR-527,Vaso recolector estéril 100 ml 1 pz DIBAR,DIBAR,Sin Categoría,,,Sin Categoría,185,6.99,6.85,6.78,,33.0,49.3,,disponible,1,https://www.promexsa.com.mx/productos/vaso-recolector-esteril-100-ml-1-pz-dibar/,https://acdn-us.mitiendanube.com/stores/001/946/809/products/86c79ce1-da51-474b-8578-4b419cdfc803sv2014-02-14srbsigs7sbwijnoehr8achshosshsqu7am2sc7yhb3dqjlf2bc3dst2022-07-03t063a423a40zse2122-07-03t063a523a40zspr-5e96d1d91a35dbecd816872253727577-480-0.webp,
DIS-TUE-504,Tubo endotraqueal tipo Murphy con globo 24 fr 6.0 mm SENSIMEDICAL,SENSI MEDICAL,Áreas y Especialidades,Anestesiología,Sondas para Anestesia,Áreas y Especialidades > Anestesiología > Sondas para Anestesia,186,45.07,44.17,43.72,,40.0,66.7,,disponible,0.02,https://www.promexsa.com.mx/productos/tubo-endotraqueal-con-globo-24-fr-6-0-mm-sensi-medical/,https://acdn-us.mitiendanube.com/stores/001/946/809/products/tubo-con-globo81-f2ff2834bbaba3ac5216877666061534-480-0.webp,Tubo endotraqueal con globo 24 fr 6.0 mm SENSI MEDICAL
DIS-GUD-778,"Guantes de Nitrilo Lila UniSeal para Examen / XCH, CH, M y G / Caja con 100 Guantes",UNISEAL,Accesorios y Suministros Médicos,,,Accesorios y Suministros Médicos,187,147.45,144.5,143.03,,28.0,38.9,,disponible,0.36,https://www.promexsa.com.mx/productos/guantes-nitrilo-lila-uniseal/,https://acdn-us.mitiendanube.com/stores/001/946/809/products/guante-de-nitrilo-lila-uniseal-100-piezas-7054954945c52864b717846136181471-480-0.webp,"Compra Guantes de Nitrilo Lila UniSeal libres de polvo. Ideales para odontología, medicina estética, spa, dermatología y laboratorios. Caja con 100 guantes."
DIS-AGH-11,Aguja hipodérmica desechable 21 g x 32 mm verde 100 pz SENSIMEDICAL,SENSI MEDICAL,Material de Curación,Jeringas,Agujas Hipodermicas Desechables,Material de Curación > Jeringas > Agujas Hipodermicas Desechables,188,94.01,92.13,91.19,,30.0,42.9,,disponible,0.12,https://www.promexsa.com.mx/productos/aguja-hipodermica-desechable-21g-x-32mm-verde-100-pz-sensi-medical/,https://acdn-us.mitiendanube.com/stores/001/946/809/products/451-0418cfc7915acb9ab917320877317500-480-0.webp,
DIS-SOA-849,Solución Antiséptica 60 ml JALOMA,JALOMA,Accesorios y Suministros Médicos,Sueros E Hidratantes,Antisépticos y Germicidas,Accesorios y Suministros Médicos > Sueros E Hidratantes > Antisépticos y Germicidas,189,72.93,71.47,70.74,,28.0,38.9,,disponible,0.06,https://www.promexsa.com.mx/productos/solucion-antiseptica-60-ml-jaloma/,https://acdn-us.mitiendanube.com/stores/001/946/809/products/48a3adfd-647e-407c-9518-9473dbb67090-6491312cd21e7802c317285458776131-480-0.webp,
DIS-ALT-839,Algodón Torunda 500 g JALOMA,JALOMA,Material de Curación,Algodón y Gasas,Algodón,Material de Curación > Algodón y Gasas > Algodón,190,117.96,115.6,114.42,,30.0,42.9,,disponible,0.5,https://www.promexsa.com.mx/productos/algodon-torunda-500-g-jaloma/,https://acdn-us.mitiendanube.com/stores/001/946/809/products/139-82a2674cbfb506c79817488973225525-480-0.webp,
DIS-TUE-509,Tubo endotraqueal tipo Murphy con globo 34 fr 8.5 mm SENSIMEDICAL,SENSI MEDICAL,Áreas y Especialidades,Anestesiología,Sondas para Anestesia,Áreas y Especialidades > Anestesiología > Sondas para Anestesia,191,45.07,44.17,43.72,,40.0,66.7,,disponible,0.02,https://www.promexsa.com.mx/productos/tubo-endotraqueal-con-globo-34-fr-8-5-mm-sensi-medical/,https://acdn-us.mitiendanube.com/stores/001/946/809/products/tubo-con-globo31-ccc8a445575d3a8b3b16877665929065-480-0.webp,Tubo endotraqueal con globo 34 fr 8.5 mm SENSI MEDICAL
DIS-SOF-436,Sonda foley 2 vías de látex con globo de 5 ml 22 fr SENSIMEDICAL,SENSI MEDICAL,Áreas y Especialidades,Urología,Sondas Urologicas,Áreas y Especialidades > Urología > Sondas Urologicas,192,33.79,33.11,32.78,,40.0,66.7,,disponible,0.02,https://www.promexsa.com.mx/productos/sonda-foley-2-vias-5-ml-22-fr-sensi-medical/,https://acdn-us.mitiendanube.com/stores/001/946/809/products/3151-478f3c04d06d7d62ac16875626588603-480-0.webp,Sonda foley 2 vías 5 ml 22 fr SENSI MEDICAL
PDC-PAA-381,Pañal para adulto premium xxl 10 pz SANTA JULIA,SANTA JULIA,Cuidado Personal,Incontinencia,Pañales para Adulto,Cuidado Personal > Incontinencia > Pañales para Adulto,193,91.75,89.91,89,,45.0,81.8,,disponible,1,https://www.promexsa.com.mx/productos/panal-adulto-premium-talla-xxl-10-pz-santa-julia/,https://acdn-us.mitiendanube.com/stores/001/946/809/products/ea21c91f-fc13-455b-8eeb-4c9852e46a06sv2014-02-14srbsigruyc2b7uyfyjev6nvdvf0plktcg52fmzebqarbgk3wdcs3dst2022-10-13t213a363a26zse2122-10-13t213a463a26zspr-970222753b8929eee316872154042942-480-0.webp,Pañal adulto premium talla xxl 10 pz SANTA JULIA
PDC-PAA-380,Pañal para adulto premium xl 10 pz SANTA JULIA,SANTA JULIA,Cuidado Personal,Incontinencia,Pañales para Adulto,Cuidado Personal > Incontinencia > Pañales para Adulto,194,91.75,89.91,89,,45.0,81.8,,disponible,1,https://www.promexsa.com.mx/productos/panal-adulto-premium-talla-xl-10-pz-santa-julia/,https://acdn-us.mitiendanube.com/stores/001/946/809/products/df18cf80-9c09-48ab-989b-c0695893cb6bsv2014-02-14srbsigsynv958zfo1agxda06lihcqdfyn10qhvr3fkcipo6b83dst2022-10-13t213a303a58zse2122-10-13t213a403a58zspr-7ec3955482d6adf0f416872153761095-480-0.webp,Pañal adulto premium talla xl 10 pz SANTA JULIA
PTM-SÁP-694,Sábana para cajón azul 1.10 m x 2.10 m x 0.10 m 10 pz AMBIDERM,AMBIDERM,Cuidado Personal,Protección para Cama,Sábanas,Cuidado Personal > Protección para Cama > Sábanas,195,212.57,208.32,206.19,,45.0,81.8,,disponible,1,https://www.promexsa.com.mx/productos/sabana-para-cajon-azul-1-10-m-x-2-10-m-x-0-10-m-10-pz-ambiderm-5pzj7/,https://acdn-us.mitiendanube.com/stores/001/946/809/products/7e6e3af4-2124-4689-9da9-317fc35d2482-0ecc6918a57305589217604667987332-480-0.webp,"Sábana para cajón azul 1.10x2.10 m de tela SMS, elástica y resistente. Ideal para clínicas y hospitales. ¡Compra ahora y asegura higiene máxima!"
DIS-AGH-1125,Aguja hipodérmica desechable naranja 25 g x 25 mm 100 pz NIPRO,NIPRO,Material de Curación,Jeringas,Agujas Hipodermicas Desechables,Material de Curación > Jeringas > Agujas Hipodermicas Desechables,196,94.01,92.13,91.19,,30.0,42.9,,disponible,0.1,https://www.promexsa.com.mx/productos/aguja-hipodermica-desechable-naranja-25g-x-25mm-100-pz-nipro/,https://acdn-us.mitiendanube.com/stores/001/946/809/products/e16ac899-b819-4d9d-86fa-895bfa86f9c2-ed95a63f7124ebc37817320821064928-480-0.webp,"Agujas hipodérmicas desechables NIPRO, caja de 100 piezas. Punta biselada, estériles y seguras. Ideales para uso médico y hospitalario."
DIS-SOF-706,Sonda foley de silicón 2 vías con globo de 5ml 14 fr SENSIMEDICAL,DENTILAB,Áreas y Especialidades,Urología,Sondas Urologicas,Áreas y Especialidades > Urología > Sondas Urologicas,197,171.58,168.15,166.43,,40.0,66.7,,disponible,0.02,https://www.promexsa.com.mx/productos/sonda-foley-de-silicon-2-vias-con-globo-de-5ml-14-fr-sensi-medical/,https://acdn-us.mitiendanube.com/stores/001/946/809/products/a421586c-da57-4ef6-bc81-bc11dcde1b4c-1c524fb45ee1a4bfc217066833871794-480-0.webp,
DIS-TUE-510,Tubo endotraqueal tipo Murphy con globo 36 fr 9.0 mm SENSIMEDICAL,SENSI MEDICAL,Áreas y Especialidades,Anestesiología,Sondas para Anestesia,Áreas y Especialidades > Anestesiología > Sondas para Anestesia,198,45.07,44.17,43.72,,40.0,66.7,,disponible,0.02,https://www.promexsa.com.mx/productos/tubo-endotraqueal-con-globo-36-fr-9-0-mm-sensi-medical/,https://acdn-us.mitiendanube.com/stores/001/946/809/products/tubo-con-globo11-7730ff36cca0c4527116877665868497-480-0.webp,Tubo endotraqueal con globo 36 fr 9.0 mm SENSI MEDICAL
DIS-HOP-316,Hoja para bisturí acero inoxidable #24 100 pz AMBIDERM,AMBIDERM,Equipo Quirúrgico,Instrumental Quirúrgico,Bisturís,Equipo Quirúrgico > Instrumental Quirúrgico > Bisturís,199,299.25,293.26,290.27,,38.0,61.3,,disponible,0.18,https://www.promexsa.com.mx/productos/hoja-para-bisturi-acero-inoxidable-24-100-pz-ambiderm/,https://acdn-us.mitiendanube.com/stores/001/946/809/products/24-2a6236aa2e0a277d3417046952767130-480-0.webp,
DIS-GUD-236,"Guantes de Nitrilo Rosa Ambiderm para Exploración / XS, S y M / 100 Piezas",AMBIDERM,Accesorios y Suministros Médicos,Guantes,Guantes de Nitrilo,Accesorios y Suministros Médicos > Guantes > Guantes de Nitrilo > Guantes de Nitrilo Rosa,200,163.75,160.47,158.84,,28.0,38.9,,disponible,1,https://www.promexsa.com.mx/productos/guante-de-nitrilo-rosa-100-pz-ambiderm/,https://acdn-us.mitiendanube.com/stores/001/946/809/products/guante_de_nitrilo_rosa_ambiderm_m-ddd23a8fe30a17c76417836525930251-480-0.webp,"Ambiderm rosa: guantes de nitrilo sin polvo con protección segura. Útiles en clínicas, estética y spa, talla S, M, XS atención a negocios. Envíos a todo México ¡Compra a MS!"
DIS-GUD-194,Guantes de látex blanco AMBIDERM PLUS / Talla S 100 piezas,AMBIDERM,Accesorios y Suministros Médicos,Guantes,Guantes de Látex,Accesorios y Suministros Médicos > Guantes > Guantes de Látex,201,128.82,126.24,124.96,,28.0,38.9,,disponible,0.58,https://www.promexsa.com.mx/productos/guante-de-latex-plus-blanco-ch-100-pz-ambiderm/,https://acdn-us.mitiendanube.com/stores/001/946/809/products/231-240a7d78a88d5ea43016878891304294-480-0.webp,"Los guantes de látex blanco Ambiderm Plus brindan protección confiable en procedimientos médicos y exploración clínica, siendo una opción práctica para uso continuo."
DIS-GAE-557,Gasa en rollo 91cm x 91 m DIBAR,DIBAR,Material de Curación,Algodón y Gasas,Gasas y Esponjas de Gasas,Material de Curación > Algodón y Gasas > Gasas y Esponjas de Gasas,202,641.2,628.38,621.96,,30.0,42.9,,disponible,1.6,https://www.promexsa.com.mx/productos/gasa-en-rollo-91cm-x-91-m-dibar/,https://acdn-us.mitiendanube.com/stores/001/946/809/products/521-188b56b25fdbae09be16877440520421-480-0.webp,
DIS-CAN-72,Cánula yankauer desechable con punta recta CARDINALHEALT,CARDINALHEALT,Equipo Quirúrgico,Instrumental Quirúrgico,Cánulas,Equipo Quirúrgico > Instrumental Quirúrgico > Cánulas,203,,,,,38.0,61.3,,disponible,0.02,https://www.promexsa.com.mx/productos/canula-yankauer-desechable-con-extension-hudson/,https://acdn-us.mitiendanube.com/stores/001/946/809/products/cnaula-yankaguer1-5de510b50d888d33fd16874980736885-480-0.webp,Cánula yankauer desechable con extensión HUDSON
7503048717808,Bota sin plantilla termosellada azul 25 pr DEMEVA ECONOMY,DEMEVA,Equipo de Protección Personal,Botas,,Equipo de Protección Personal > Botas,204,78.93,77.35,76.56,,32.0,47.1,,disponible,1,https://www.promexsa.com.mx/productos/bota-sin-plantilla-termosellada-azul-25-pr-demeva-economy-2bsv6/,https://acdn-us.mitiendanube.com/stores/001/946/809/products/bota_quirurgica_azul-fec0ca99345301177217815983616342-480-0.webp,
DIS-SOP-718,Sonda para alimentación adulto 10 fr 125 cm TECMED,TECMED,Áreas y Especialidades,Gastroenterología,Alimentación Gástrica,Áreas y Especialidades > Gastroenterología > Alimentación Gástrica,205,13.18,12.92,12.78,,40.0,66.7,,disponible,0.02,https://www.promexsa.com.mx/productos/sonda-para-alimentacion-infantil-10-fr-125-cm-tecmed/,https://acdn-us.mitiendanube.com/stores/001/946/809/products/ae8bdeef-f546-468a-bd0f-34a813b97612-6249ae55d5b2b9960417151532366914-480-0.webp,Sonda para alimentación infantil 10 fr 125 cm TECMED
DIS-GUP-578,Guantes de látex estériles para exploración bajo en polvo UNISEAL / Talla M 100 piezas,UNISEAL,Accesorios y Suministros Médicos,Guantes,Guantes para Exploración Estéril,Accesorios y Suministros Médicos > Guantes > Guantes para Exploración Estéril,206,194.88,190.98,189.03,,28.0,38.9,,disponible,0.66,https://www.promexsa.com.mx/productos/guante-para-exploracion-esteril-bajo-en-polvo-m-100-pz-uniseal/,https://acdn-us.mitiendanube.com/stores/001/946/809/products/6509cc49-fb88-498e-a14f-17010ad519f7-48e0b1b011e9100d8017063515893004-480-0.webp,"Material de látex para revisión profesional con empaque de 100 piezas, recomendado para consultorios y hospitales. Opción práctica para surtir inventario médico sin interrupciones."
DIS-VEE-536,Venda elástica 20 cm 6 pz VENDAMAX,VENDAMAX,Material de Curación,Vendas,Vendas para Curación,Material de Curación > Vendas > Vendas para Curación,207,129.97,127.37,126.07,,30.0,42.9,,disponible,1,https://www.promexsa.com.mx/productos/venda-elastica-20-cm-6-pz-vendamax/,https://acdn-us.mitiendanube.com/stores/001/946/809/products/fotos-tiendanube-50-7f59d06c3ef3411c5417595198646435-480-0.webp,
DIS-TEA-488,Tela adhesiva 2.5 cm x 5 m no 4 con 9 pz DIBAR,DIBAR,Material de Curación,,,Material de Curación,208,281.81,276.17,273.36,,30.0,42.9,,disponible,0.34,https://www.promexsa.com.mx/productos/tela-adhesiva-2-5-cm-x-5-m-no-4-con-9-pz-dibar/,https://acdn-us.mitiendanube.com/stores/001/946/809/products/baberos-demeva-2-c421052ce3e9437cbf17045956983172-480-0.webp,
DIS-SOP-474,Sonda para alimentación prematuro 5 fr 90 cm VISA,TECMED,Áreas y Especialidades,Gastroenterología,Alimentación Gástrica,Áreas y Especialidades > Gastroenterología > Alimentación Gástrica,209,11.06,10.84,10.73,,40.0,66.7,,disponible,0.01,https://www.promexsa.com.mx/productos/sonda-para-alimentacion-pre-5fr-long-90-tecmed/,https://acdn-us.mitiendanube.com/stores/001/946/809/products/sonda-alimentacion41-22185de855c55ccf0416875840507252-480-0.webp,Sonda para alimentación pre 5fr long 90 TECMED
DIS-SOF-426,Sonda foley 2 vías de látex con globo de 30 ml 24 fr SENSIMEDICAL,SENSI MEDICAL,Áreas y Especialidades,Urología,Sondas Urologicas,Áreas y Especialidades > Urología > Sondas Urologicas,210,36.27,35.54,35.18,,40.0,66.7,,disponible,0.02,https://www.promexsa.com.mx/productos/sonda-foley-2-vias-30-ml-24-fr-sensi-medical/,https://acdn-us.mitiendanube.com/stores/001/946/809/products/sonda-foley-2-vias-latex-ab8f3ef38df07d210d17066845453170-480-0.webp,Sonda foley 2 vías 30 ml 24 fr SENSI MEDICAL
DIS-MAP-687,Mango para bisturí #4 2-4 económico HERGOM,HERGOM,Equipo Quirúrgico,Instrumental Quirúrgico,,Equipo Quirúrgico > Instrumental Quirúrgico,211,31.86,31.22,30.9,,38.0,61.3,,disponible,1,https://www.promexsa.com.mx/productos/mango-para-bisturi-4-economico-hergom/,https://acdn-us.mitiendanube.com/stores/001/946/809/products/mango31-2dc9afe8836453858c16877424332235-480-0.webp,Mango para bisturí #4 económico HERGOM
DIS-LIT-698,Lister tijeras de botón 14 cm 7-59 económico HERGOM,HERGOM,Equipo Quirúrgico,Instrumental Quirúrgico,,Equipo Quirúrgico > Instrumental Quirúrgico,212,89.2,87.42,86.52,,38.0,61.3,,disponible,0.06,https://www.promexsa.com.mx/productos/lister-tijeras-de-boton-14-cm-economico-hergom/,https://acdn-us.mitiendanube.com/stores/001/946/809/products/tijeras-boton-141-1953c0359c2a333fd216874122629304-480-0.webp,Lister tijeras de botón 14 cm económico HERGOM
DIS-JED-343,Jeringa de 60 ml sin aguja 50 pz SENSIMEDICAL,SENSI MEDICAL,Material de Curación,Jeringas,Jeringas Desechables,Material de Curación > Jeringas > Jeringas Desechables,213,681.13,667.51,660.7,,30.0,42.9,,disponible,1,https://www.promexsa.com.mx/productos/jeringa-de-60-ml-sin-aguja-50-pz-sensi-medical/,https://acdn-us.mitiendanube.com/stores/001/946/809/products/73a828c4-e323-4421-9515-0df7a7726367sv2014-02-14srbsiggessjpfgehe6urtoles4espyaodltqc4e2bsvygfl9ua3dst2022-10-06t013a173a14zse2122-10-06t013a273a14zspr-216593979b5514e09d16872124975286-480-0.webp,
DIS-JAS-324,Jabón solución concentrado rojo nf 3.75 l ANTIBENZIL,ANTIBENZIL,Accesorios y Suministros Médicos,Sueros E Hidratantes,Antisépticos y Germicidas,Accesorios y Suministros Médicos > Sueros E Hidratantes > Antisépticos y Germicidas,214,101.63,99.6,98.58,,28.0,38.9,,disponible,4.04,https://www.promexsa.com.mx/productos/jabon-solucion-concentrado-rojo-nf-3-75-l-antibenzil/,https://acdn-us.mitiendanube.com/stores/001/946/809/products/156fd953-e8a1-43b0-aa30-b91ee814821dsv2014-02-14srbsighhn7ia4qhe8whsp2bm2dmuldr7rgghwyp2bnpfxzpd8hw3dst2023-04-27t133a493a33zse2123-04-27t133a593a33zspr-7bb69436f01307639016872118201637-480-0.webp,
DIS-HOP-681,Hoja para bisturí acero carbón #20 100 pz HERGOM,HERGOM,Equipo Quirúrgico,Instrumental Quirúrgico,Bisturís,Equipo Quirúrgico > Instrumental Quirúrgico > Bisturís,215,210.21,206.01,203.9,,38.0,61.3,,disponible,0.12,https://www.promexsa.com.mx/productos/hoja-para-bisturi-acero-carbon-20-100-pz-hergom/,https://acdn-us.mitiendanube.com/stores/001/946/809/products/201-4dc277a9e54bb0fbc216877407544313-480-0.webp,
DIS-GUD-196,Guantes de látex blanco AMBIDERM PLUS / Talla M 100 piezas,AMBIDERM,Accesorios y Suministros Médicos,Guantes,Guantes de Látex,Accesorios y Suministros Médicos > Guantes > Guantes de Látex,216,128.82,126.24,124.96,,28.0,38.9,,disponible,0.58,https://www.promexsa.com.mx/productos/guante-de-latex-plus-blanco-m-100-pz-ambiderm/,https://acdn-us.mitiendanube.com/stores/001/946/809/products/1111-48ddc2574543fed57116878889910311-480-0.webp,"Una solución en guantes desechables de látex pensada para entornos médicos donde se necesita seguridad, ajuste cómodo y uso prolongado."
DIS-ELC-144,Electrodo cardíaco ovalado t-716 50 pz AMBIDERM,AMBIDERM,Equipo y Mobiliario,Electrocardiógrafos,Accesorios para Ecg,Equipo y Mobiliario > Electrocardiógrafos > Accesorios para Ecg,217,134.64,131.95,130.6,,20.0,25.0,,disponible,1,https://www.promexsa.com.mx/productos/electrodo-cardiaco-ovalado-t-716-50-pz-ambiderm/,https://acdn-us.mitiendanube.com/stores/001/946/809/products/121-1e82d4c4f5fdbbf5ac16877430834107-480-0.webp,
DIS-BOP-710,Bolsa para urocultivo inf. Niño (060.125.0228) 10 pz VISA,VISA,Áreas y Especialidades,Colostomía y Urostomía,,Áreas y Especialidades > Colostomía y Urostomía,218,70.42,69.01,68.31,,40.0,66.7,,disponible,1,https://www.promexsa.com.mx/productos/bolsa-de-colostomia-nino-10-pz-visa/,https://acdn-us.mitiendanube.com/stores/001/946/809/products/fotos-tiendanube-48-dd8f7c411cedaa8c1d17595182948215-480-0.webp,Bolsa de colostomía niño 10 pz VISA
DIS-SOP-136,Sonda para alimentación prematuro 5 Fr 90 cm TECMED,TECMED,Áreas y Especialidades,Gastroenterología,Alimentación Gástrica,Áreas y Especialidades > Gastroenterología > Alimentación Gástrica,219,16.07,15.75,15.59,,40.0,66.7,,disponible,,https://www.promexsa.com.mx/productos/sonda-para-alimentacion-prematuro-5-fr-90-cm-tecmed-1ogtv/,https://acdn-us.mitiendanube.com/stores/001/946/809/products/f532c517-c833-411e-8a8f-b8174eb406fc-f1de88754e892fe95317739920656088-480-0.webp,
PTM-BAT-070,Bata Quirúrgica Desechable Azul DEMEVA / 10 Piezas,DEMEVA,Ropa Desechable,Medica,Batas Quirurgicas,Ropa Desechable > Medica > Batas Quirurgicas,220,274.3,268.81,266.07,,35.0,53.8,,disponible,1,https://www.promexsa.com.mx/productos/bata-quirurgica-desechable-azul-demeva-10-piezas/,https://acdn-us.mitiendanube.com/stores/001/946/809/products/bata-quirurgica-desechable-sin-refuerzo-azul-demeva-14b74d85f6dcc0805d17854786672965-480-0.webp,"Compra Bata Quirúrgica Desechable Azul DEMEVA con Registro Sanitario. Disponible en Classic, Flex, Confort y Economy. Paquete con 10 piezas."
DIS-SOF-933,Sonda foley de silicón 2 vías con globo de 5ml 16 fr SENSIMEDICAL,,Áreas y Especialidades,Urología,Sondas Urologicas,Áreas y Especialidades > Urología > Sondas Urologicas,221,171.58,168.15,166.43,,40.0,66.7,,disponible,0.02,https://www.promexsa.com.mx/productos/sonda-foley-de-silicon-2-vias-con-globo-de-5ml-16-fr-sensimedical/,https://acdn-us.mitiendanube.com/stores/001/946/809/products/47ef458f-b010-4420-bf33-12f6f7494db9-686185d060df06467e17491575580200-480-0.webp,
DIS-MAP-1398,Mascarilla para traqueostomía adulto SENSIMEDICAL,Sensimedical,Áreas y Especialidades,Inhaloterapia,,Áreas y Especialidades > Inhaloterapia,222,46.89,45.95,45.48,,40.0,66.7,,disponible,0.15,https://www.promexsa.com.mx/productos/mascarilla-para-traqueostomia-adulto-sensimedical/,https://acdn-us.mitiendanube.com/stores/001/946/809/products/mascarilla_para_traqueostomia_adulto_sensimedical-4adb871a45a76c80a417886008335445-480-0.webp,"Compra Mascarilla para Traqueostomía Adulto Sensimedical. PVC grado médico, conector 360°, libre de látex y Registro Sanitario. Envíos a México."
DIS-SOF-1155,Sonday Foley de silicón 2 vías con globo de 5 ml 18 FR NIPRO,NIPRO,Áreas y Especialidades,Urología,Sondas Urologicas,Áreas y Especialidades > Urología > Sondas Urologicas,223,146.83,143.89,142.43,,40.0,66.7,,disponible,0.1,https://www.promexsa.com.mx/productos/sonday-foley-de-silicon-2-vias-con-globo-de-5-ml-18-fr-nipro/,https://acdn-us.mitiendanube.com/stores/001/946/809/products/84895d34-c15e-4678-86a6-5494bad72edb-e13fa46d42dda40a6c17321328722634-480-0.webp,"La Sonda Foley de Silicón 2 Vías con Globo de 5 ml NIPRO está diseñada para un drenaje urinario eficiente y seguro en entornos hospitalarios o terapias a largo plazo. Fabricada en silicón médico 100% hipoalergénico, reduce el riesgo de reacciones adversas y permite una mayor duración en comparación con otros m"
DIS-AGH-1126,Aguja hipodérmica desechable rosa 18 g x 25 mm 100 pz NIPRO,NIPRO,Material de Curación,Jeringas,Agujas Hipodermicas Desechables,Material de Curación > Jeringas > Agujas Hipodermicas Desechables,224,97.56,95.61,94.63,,30.0,42.9,,disponible,0.1,https://www.promexsa.com.mx/productos/aguja-hipodermica-desechable-rosa-18g-x-25mm-100-pz-nipro/,https://acdn-us.mitiendanube.com/stores/001/946/809/products/18077d7c-170e-484f-b583-3abba0b8944b-1148f6a07d27f565ed17320803996597-480-0.webp,"Agujas hipodérmicas desechables NIPRO, caja de 100 piezas. Punta biselada, estériles y seguras. Ideales para uso médico y hospitalario."
DIS-GAN-925,Gasa no estéril 10 cm x 10 cm 12 capas 200 pz AMBIDERM,AMBIDERM,Material de Curación,Algodón y Gasas,Gasas y Esponjas de Gasas,Material de Curación > Algodón y Gasas > Gasas y Esponjas de Gasas,225,229.62,225.03,222.73,,30.0,42.9,,disponible,1,https://www.promexsa.com.mx/productos/gasa-no-esteril-10-cm-x-10-cm-12-capas-200-pz-ambiderm/,https://acdn-us.mitiendanube.com/stores/001/946/809/products/88d6f384-aebb-42a6-b5cf-c5a10dfd3303-2dce5af32a5d3cd71b17319997102581-480-0.webp,"La Gasa No Estéril AMBIDERM 10 cm x 10 cm, 12 capas es ideal para curaciones, limpieza y cuidado médico o personal. Fabricada con algodón de alta calidad, esta gasa multilámina ofrece una excelente absorción y suavidad, asegurando comodidad durante su uso. Es no estéril y desechable, perfecta para procedimientos"
DIS-SOP-764,Sonda para aspiración de secreciones 8 fr TECMED,TECMED,Áreas y Especialidades,Gastroenterología,Alimentación Gástrica,Áreas y Especialidades > Gastroenterología > Alimentación Gástrica,226,9.44,9.25,9.16,,40.0,66.7,,disponible,1,https://www.promexsa.com.mx/productos/sonda-para-aspiracion-de-secreciones-8-fr-tecmed/,https://acdn-us.mitiendanube.com/stores/001/946/809/products/8453b005-0248-479b-8361-934c9a28bcac-3ea574aa4f10645b1417162792314891-480-0.webp,
DIS-SOG-727,Sonda gastrointestinal levin 10 fr VISA,VISA,Áreas y Especialidades,Gastroenterología,Alimentación Gástrica,Áreas y Especialidades > Gastroenterología > Alimentación Gástrica,227,11.96,11.72,11.6,,40.0,66.7,,disponible,0.02,https://www.promexsa.com.mx/productos/sonda-gastrointestinal-levin-10-fr-visa/,https://acdn-us.mitiendanube.com/stores/001/946/809/products/1461-26a0b0468a34d8b9f716875833302077-480-0.webp,
DIS-GUP-285,Guantes quirúrgicos estériles para cirugía AMBIDERM / Talla 8 50 pares,AMBIDERM,Accesorios y Suministros Médicos,Guantes,Guantes para Cirugía,Accesorios y Suministros Médicos > Guantes > Guantes para Cirugía,228,337.33,330.58,327.21,,28.0,38.9,,disponible,1,https://www.promexsa.com.mx/productos/guante-para-cirugia-esteril-8-50-pr-ambiderm/,https://acdn-us.mitiendanube.com/stores/001/946/809/products/49-675b256aba56f5248517046906964943-480-0.webp,Equipo estéril de uso quirúrgico para profesionales que buscan protección y tacto durante procedimientos especializados. Opción práctica para surtir inventario médico sin interrupciones.
PDC-GUD-25,Guantes de nitrilo verde sin polvo DERMA CARE / Talla 8 bolsa 1 par,DERMA CARE,Accesorios y Suministros Médicos,,,Accesorios y Suministros Médicos,229,38.77,37.99,37.61,,28.0,38.9,,disponible,0.08,https://www.promexsa.com.mx/productos/guante-de-nitrilo-verde-8-derma-care/,https://acdn-us.mitiendanube.com/stores/001/946/809/products/buenos-3931-79c571dd39bd379e9216878993964378-480-0.webp,"Encuentra Derma Care en guantes de nitrilo verde sin polvo. Para laboratorios y análisis, con sensibilidad táctil y envío rápido en México."
DIS-COP-92,Contenedor punzocortante 13 l IXION,IXION,Accesorios y Suministros Médicos,Recipientes,Contenedores Desechables,Accesorios y Suministros Médicos > Recipientes > Contenedores Desechables,230,174.17,170.69,168.94,,28.0,38.9,,disponible,0.46,https://www.promexsa.com.mx/productos/contenedor-punzocortante-13-l-ixion/,https://acdn-us.mitiendanube.com/stores/001/946/809/products/bce85fcf-103d-413b-90a5-c38f1cb040cesv2014-02-14srbsigauedeys3zotz94nypcfjgdr4lhsevehc61xzs0xzzd83dst2023-03-06t183a413a50zse2123-03-06t183a513a50zspr-a0b0318ade60970fbc16872016905515-480-0.webp,
DIS-AGH-10,Aguja hipodérmica desechable 20 g x 38 mm amarilla 100 pz SENSIMEDICAL,SENSI MEDICAL,Material de Curación,Jeringas,Agujas Hipodermicas Desechables,Material de Curación > Jeringas > Agujas Hipodermicas Desechables,231,78.22,76.66,75.87,,30.0,42.9,,disponible,0.12,https://www.promexsa.com.mx/productos/aguja-hipodermica-desechable-20g-x-38mm-amarilla-100-pz-sensi-medical/,https://acdn-us.mitiendanube.com/stores/001/946/809/products/fotos-tiendanube-9-ca1e86517cd4d3d21617592674470890-480-0.webp,
MQL-ROP-071,Rollo para mesa de exploración blanco 0.80 m x 100 m DEMEVA CLASSIC,DEMEVA,Cuidado Personal,Protección para Cama,Sábanas,Cuidado Personal > Protección para Cama > Sábanas,232,674.38,660.89,654.15,,45.0,81.8,,disponible,0.5,https://www.promexsa.com.mx/productos/rollo-para-mesa-de-exploracion-blanco-0-80-m-x-100-m-demeva-classic-t4w0l/,https://acdn-us.mitiendanube.com/stores/001/946/809/products/18cc61bb-3117-412f-b225-994d847b0a52-70e2738dbcbe70088017726969342622-480-0.webp,"Rollo para mesa de exploración desechable marca DEMEVA fabricado en tela SMS de polipropileno de 3 capas antirepelente. Ideal para consultorios médicos, clínicas, hospitales, estética y centros de diagnóstico. Disponible en diferentes colores, gramajes y presentaciones."
DIS-GUD-1202,Guantes de látex AMBIDERM EXTRA / Talla S 100 piezas,AMBIDERM,Accesorios y Suministros Médicos,Guantes,Guantes de Látex,Accesorios y Suministros Médicos > Guantes > Guantes de Látex,233,128.82,126.24,124.96,,28.0,38.9,,disponible,0.58,https://www.promexsa.com.mx/productos/guante-de-latex-ch-100-pz-ambiderm-extra-fnqdn/,https://acdn-us.mitiendanube.com/stores/001/946/809/products/4d09bd32-48f4-4ac8-8ca3-d1bcc45a3bbd-12145dc105e3c9c8ec17603986699371-480-0.webp,"Los guantes de látex Ambiderm Extra brindan protección confiable en procedimientos médicos y exploración clínica, siendo una opción práctica para uso continuo."
DIS-SOP-763,Sonda para aspiracion de secreciones 5 fr TECMED,TECMED,Equipo Quirúrgico,Aspiración,Tubos y Cánulas para Aspiración,Equipo Quirúrgico > Aspiración > Tubos y Cánulas para Aspiración,234,9.44,9.25,9.16,,38.0,61.3,,disponible,10,https://www.promexsa.com.mx/productos/sonda-para-aspiracion-de-secreciones-5-fr-tecmed/,https://acdn-us.mitiendanube.com/stores/001/946/809/products/fotos-tiendanube-49-7066cfdf689cc8a8d117595186228794-480-0.webp,
DIS-JEP-1370,Jeringa para insulina 0.5 ml 31Gx 6 mm 100 pz SENSIMEDICAL,SENSIMEDICAL,Material de Curación,Jeringas,Jeringas Desechables,Material de Curación > Jeringas > Jeringas Desechables,235,321.05,314.63,311.42,,30.0,42.9,,disponible,10,https://www.promexsa.com.mx/productos/jeringa-para-insulina-0-5-ml-con-aguja-31gx-6-mm-100-pz-sensimedical/,https://acdn-us.mitiendanube.com/stores/001/946/809/products/ebd7cd21-f919-4cfa-ac47-a79131912885-4cc3ce82154aa1db0017491491860594-480-0.webp,
DIS-SOL-711,Sonda gastrointestinal levin con línea radiopaca 10 fr TECMED,VISA,Áreas y Especialidades,Gastroenterología,Alimentación Gástrica,Áreas y Especialidades > Gastroenterología > Alimentación Gástrica,236,17.17,16.83,16.65,,40.0,66.7,,disponible,1,https://www.promexsa.com.mx/productos/sonda-levin-con-linea-radiopaca-10-fr-visa/,https://acdn-us.mitiendanube.com/stores/001/946/809/products/f42596c5-72d1-451a-8f2c-4dcdaf61cf72-61450d90b32417bea617162758793170-480-0.webp,Sonda levin con linea radiopaca 10 fr VISA
DIS-TUE-519,Tubo endotraqueal tipo Murphy sin globo 22 fr 5.5 mm SENSIMEDICAL,SENSI MEDICAL,Áreas y Especialidades,Anestesiología,Sondas para Anestesia,Áreas y Especialidades > Anestesiología > Sondas para Anestesia,237,36.06,35.34,34.98,,40.0,66.7,,disponible,0.02,https://www.promexsa.com.mx/productos/tubo-endotraqueal-sin-globo-22-fr-5-5-mm-sensi-medical/,https://acdn-us.mitiendanube.com/stores/001/946/809/products/buenos-3351-1105e21c29ef047e0916877668941352-480-0.webp,Tubo endotraqueal sin globo 22 fr 5.5 mm SENSI MEDICAL
DIS-TUE-517,Tubo endotraqueal tipo Murphy sin globo 18 fr 4.5 mm SENSIMEDICAL,SENSI MEDICAL,Áreas y Especialidades,Anestesiología,Sondas para Anestesia,Áreas y Especialidades > Anestesiología > Sondas para Anestesia,238,33.8,33.12,32.79,,40.0,66.7,,disponible,0.01,https://www.promexsa.com.mx/productos/tubo-endotraqueal-sin-globo-18-fr-4-5-mm-sensi-medical/,https://acdn-us.mitiendanube.com/stores/001/946/809/products/buenos-332-10a8418d36d8a9630316877668715866-480-0.webp,Tubo endotraqueal sin globo 18 fr 4.5 mm SENSI MEDICAL
DIS-SOF-442,Sonda foley owen 3 vías de látex con globo de 30 ml 24 fr SENSIMEDICAL,SENSI MEDICAL,Áreas y Especialidades,Urología,Sondas Urologicas,Áreas y Especialidades > Urología > Sondas Urologicas,239,70.79,69.37,68.67,,40.0,66.7,,disponible,0.02,https://www.promexsa.com.mx/productos/sonda-foley-3-vias-30-ml-24-fr-sensi-medical/,https://acdn-us.mitiendanube.com/stores/001/946/809/products/sonda-foley-3-vias-531f0f05f072a110bc17066840432538-480-0.webp,Sonda foley 3 vías 30 ml 24 fr SENSI MEDICAL
DIS-JED-327,Jeringa de 10 ml amarilla 20 g x 32 mm 100 pz AMBIDERM,AMBIDERM,Material de Curación,Jeringas,Jeringas Desechables,Material de Curación > Jeringas > Jeringas Desechables,240,205.26,201.15,199.1,,30.0,42.9,,disponible,1.04,https://www.promexsa.com.mx/productos/jeringa-de-10ml-amarilla-20g-x-32mm-100-pz-ambiderm/,https://acdn-us.mitiendanube.com/stores/001/946/809/products/jeringa-amarilla-amb1-2ad793a143b95502dc16877591311956-480-0.webp,
DIS-JED-573,Jeringa de 10 ml verde 21 g x 32 mm 100 pz DL,DENTILAB,Material de Curación,Jeringas,Jeringas Desechables,Material de Curación > Jeringas > Jeringas Desechables,241,335.24,328.54,325.18,,30.0,42.9,,disponible,1.02,https://www.promexsa.com.mx/productos/jeringa-de-10-ml-verde-con-aguja-21x32mm-100-pz-dl/,https://acdn-us.mitiendanube.com/stores/001/946/809/products/2581-6369a6918703567d0a16877584677602-480-0.webp,Jeringa de 10 ml verde con aguja 21x32mm 100 pz DL
DIS-JAQ-321,Jabón quirúrgico 3.85 l ANTIBENZIL,ANTIBENZIL,Accesorios y Suministros Médicos,Sueros E Hidratantes,Antisépticos y Germicidas,Accesorios y Suministros Médicos > Sueros E Hidratantes > Antisépticos y Germicidas,242,166.35,163.02,161.36,,28.0,38.9,,disponible,4.04,https://www.promexsa.com.mx/productos/jabon-quirurgico-3-85-l-antibenzil/,https://acdn-us.mitiendanube.com/stores/001/946/809/products/5c42c34a-75f1-4208-a14b-25da99821e54sv2014-02-14srbsigacndbqkchisr1e2enxp0mhdyoiqjwiktuz57uppqbb83dst2023-04-27t133a473a54zse2123-04-27t133a573a54zspr-9f99a22f493261297916872116987713-480-0.webp,
DIS-HOP-300,Hoja para bisturí acero al carbón #15 100 pz AMBIDERM,AMBIDERM,Equipo Quirúrgico,Instrumental Quirúrgico,Bisturís,Equipo Quirúrgico > Instrumental Quirúrgico > Bisturís,243,235.95,231.23,228.87,,38.0,61.3,,disponible,0.1,https://www.promexsa.com.mx/productos/hoja-para-bisturi-acero-al-carbon-15-100-pz-ambiderm/,https://acdn-us.mitiendanube.com/stores/001/946/809/products/15-2b7c8e2b87547702f217046933752729-480-0.webp,
DIS-GUP-276,Guantes quirúrgicos estériles para cirugía AMBIDERM / Talla 7 1/2 50 pares,AMBIDERM,Accesorios y Suministros Médicos,Guantes,Guantes para Cirugía,Accesorios y Suministros Médicos > Guantes > Guantes para Cirugía,244,337.33,330.58,327.21,,28.0,38.9,,disponible,1,https://www.promexsa.com.mx/productos/guante-para-cirugia-esteril-7-1-2-50-pr-ambiderm/,https://acdn-us.mitiendanube.com/stores/001/946/809/products/baberos-demeva-32-a77972010d55093b9817046906580453-480-0.webp,Equipo estéril de uso quirúrgico para profesionales que buscan protección y tacto durante procedimientos especializados. Opción práctica para surtir inventario médico sin interrupciones.
7503004010363,Equipo para alimentación enteral adulto 500 ml TECMED,TECMED,Sin Categoría,,,Sin Categoría,245,54.01,52.93,52.39,,33.0,49.3,,disponible,,https://www.promexsa.com.mx/productos/equipo-para-alimentacion-enteral-adulto-500-ml-tecmed-nrygk/,https://acdn-us.mitiendanube.com/stores/001/946/809/products/fe4ec2da-5c6c-4b42-b170-763f2935dd69-a843726cb657827ba917739915319690-480-0.webp,
DIS-TEA-778,Tela adhesiva quirurgica acetato 25 mm X 10 m 12 pz MEDICEL TUK,MEDICEL TUK,Material de Curación,Apósitos,Apósitos de Fijacion,Material de Curación > Apósitos > Apósitos de Fijacion,246,433.15,424.49,420.16,,30.0,42.9,,disponible,0.3,https://www.promexsa.com.mx/productos/tela-adhesiva-quirurgica-acetato-25-mm-x-10-m-12-pz-medicel-tuk-hhaj4/,https://acdn-us.mitiendanube.com/stores/001/946/809/products/b98e8118-972b-40ab-9a28-9513fef149b8-e61faaac209db019ad17635317282464-480-0.webp,Tela adhesiva quirúrgica de acetato con alta adherencia y resistencia para fijación segura de apósitos. Ideal para piel sensible. Compra ahora.
DIS-ALP-833,Algodón plisado 300 g QUIRMEX,QUIRMEX,Material de Curación,Algodón y Gasas,Algodón,Material de Curación > Algodón y Gasas > Algodón,247,67.97,66.61,65.93,,30.0,42.9,,disponible,0.5,https://www.promexsa.com.mx/productos/algodon-plisado-300-g-quirmex/,https://acdn-us.mitiendanube.com/stores/001/946/809/products/bbec0e19-454c-4fd4-af1b-86b168ee17c9-d157a22ecac8e5e74a17162654185659-480-0.webp,
DIS-EQP-776,Equipo para bloqueo epidural 1 jg SET ESPICAT PLUS,ESPICAT PLUS,Áreas y Especialidades,Anestesiología,Agujas y Equipos para Anestesia,Áreas y Especialidades > Anestesiología > Agujas y Equipos para Anestesia,248,416.83,408.49,404.33,,40.0,66.7,,disponible,0.26,https://www.promexsa.com.mx/productos/equipo-para-bloqueo-epidural-1-jg-set-espicat-plus/,https://acdn-us.mitiendanube.com/stores/001/946/809/products/a9898362-383c-4ada-850c-51f536dcc6e5-54c23e9293f996654117092197236703-480-0.webp,
DIS-SON-466,Sonda nelaton roja 40 cm 26 fr SENSIMEDICAL,SENSI MEDICAL,Áreas y Especialidades,Urología,Sondas Urologicas,Áreas y Especialidades > Urología > Sondas Urologicas,249,29.67,29.08,28.78,,40.0,66.7,,disponible,0.02,https://www.promexsa.com.mx/productos/sonda-nelaton-roja-40-cm-26-fr-sensi-medical/,https://acdn-us.mitiendanube.com/stores/001/946/809/products/1381-1a79ccbdc7229dceef16875603625579-480-0.webp,
DIS-SOF-425,Sonda foley 2 vías de látex con globo de 30 ml 22 fr SENSIMEDICAL,SENSI MEDICAL,Áreas y Especialidades,Urología,Sondas Urologicas,Áreas y Especialidades > Urología > Sondas Urologicas,250,36.27,35.54,35.18,,40.0,66.7,,disponible,0.02,https://www.promexsa.com.mx/productos/sonda-foley-2-vias-30-ml-22-fr-sensi-medical/,https://acdn-us.mitiendanube.com/stores/001/946/809/products/sonda-foley-2-vias-latex-87ddd8b70e94d8523d17066844739482-480-0.webp,Sonda foley 2 vías 30 ml 22 fr SENSI MEDICAL
DIS-SOF-420,Sonda foley 2 vías de látex con globo de 30 ml 12 fr SENSIMEDICAL,SENSI MEDICAL,Áreas y Especialidades,Urología,Sondas Urologicas,Áreas y Especialidades > Urología > Sondas Urologicas,251,36.27,35.54,35.18,,40.0,66.7,,disponible,0.02,https://www.promexsa.com.mx/productos/sonda-foley-2-vias-30-ml-12-fr-sensi-medical/,https://acdn-us.mitiendanube.com/stores/001/946/809/products/sonda-foley-2-vias-latex-d1ff391040c468ac2817066845125479-480-0.webp,Sonda foley 2 vías 30 ml 12 fr SENSI MEDICAL
DIS-PUC-410,Punzocat catéter iv 20g ptfe rosa 100 pz AMBIDERM,AMBIDERM,Equipo Quirúrgico,Venoclisis,Catéteres Intravenosos,Equipo Quirúrgico > Venoclisis > Catéteres Intravenosos,252,652.76,639.7,633.18,,38.0,61.3,,disponible,0.46,https://www.promexsa.com.mx/productos/punzocat-cateter-iv-20g-ptfe-rosa-100-pz-ambiderm/,https://acdn-us.mitiendanube.com/stores/001/946/809/products/7121-d244283da95191a88516875000426057-480-0.webp,
PDC-PAP-385,Pañal para adulto m 10 pz SANTA JULIA,SANTA JULIA,Cuidado Personal,Incontinencia,Pañales para Adulto,Cuidado Personal > Incontinencia > Pañales para Adulto,253,84.1,82.42,81.58,,45.0,81.8,,disponible,0.74,https://www.promexsa.com.mx/productos/panal-para-adulto-m-10-pz-santa-julia/,https://acdn-us.mitiendanube.com/stores/001/946/809/products/f591ca5c-7a2b-4c47-b049-23de2b9bf8f4sv2014-02-14srbsigjzwcvhldwdyziuneiexnj9s4hcosxl8ff6xwx2fykrx03dst2022-10-18t153a453a52zse2122-10-18t153a553a52zspr-f2dd57a88a085a790c16872155087931-480-0.webp,
DIS-HOP-304,Hoja para bisturí acero al carbón #23 100 pz AMBIDERM,AMBIDERM,Equipo Quirúrgico,Instrumental Quirúrgico,Bisturís,Equipo Quirúrgico > Instrumental Quirúrgico > Bisturís,254,235.95,231.23,228.87,,38.0,61.3,,disponible,1,https://www.promexsa.com.mx/productos/hoja-para-bisturi-acero-al-carbon-23-100-pz-ambiderm/,https://acdn-us.mitiendanube.com/stores/001/946/809/products/23-55315b0c9e9ad9279117046929454603-480-0.webp,
DIS-GUD-659,"Guantes de Nitrilo Azul Royal Ambiderm para Exploración / XS, S, M y L / 100 Piezas",AMBIDERM,Accesorios y Suministros Médicos,Guantes,Guantes de Nitrilo,Accesorios y Suministros Médicos > Guantes > Guantes de Nitrilo > Guante de Nitrilo Azul,255,163.75,160.47,158.84,,28.0,38.9,,disponible,0.36,https://www.promexsa.com.mx/productos/guante-de-nitrilo-azul-royal-100-pz-ambiderm/,https://acdn-us.mitiendanube.com/stores/001/946/809/products/guante-de-nitrilo-azul-royal-s-ambiderm-100-piezas-06ea6a8e61087a42c617843634868926-480-0.webp,"Compra Guantes de Nitrilo Azul Royal Ambiderm libres de polvo para exploración médica. Ideales para hospitales, laboratorios y odontología. Disponibles en tallas XS, S, M y L. atención a negocios."
DIS-GUD-191,Guantes de látex azul AMBIDERM PLUS / Talla S 100 piezas,AMBIDERM,Accesorios y Suministros Médicos,Guantes,Guantes de Látex,Accesorios y Suministros Médicos > Guantes > Guantes de Látex,256,128.82,126.24,124.96,,28.0,38.9,,disponible,0.58,https://www.promexsa.com.mx/productos/guante-de-latex-plus-azul-ch-100-pz-ambiderm/,https://acdn-us.mitiendanube.com/stores/001/946/809/products/141-830f2b51ef5fa1be3e16878895010408-480-0.webp,"Una solución en guantes desechables de látex pensada para entornos médicos donde se necesita seguridad, ajuste cómodo y uso prolongado."
DIS-GUD-188,Guantes de látex colorfull AMBIDERM / Talla M 100 piezas,AMBIDERM,Accesorios y Suministros Médicos,Guantes,Guantes de Látex,Accesorios y Suministros Médicos > Guantes > Guantes de Látex,257,128.82,126.24,124.96,,28.0,38.9,,disponible,0.58,https://www.promexsa.com.mx/productos/guante-de-latex-colorfull-m-100-pz-ambiderm/,https://acdn-us.mitiendanube.com/stores/001/946/809/products/buenos-411-fbe2d32f77ff5bf6d316879062429225-480-0.webp,"Los guantes de látex colorfull son adecuados para actividades clínicas y técnicas, ofreciendo una alternativa funcional para abastecimiento profesional."
DIS-COP-96,Contenedor punzocortante 8.5 l IXION,IXION,Accesorios y Suministros Médicos,Recipientes,Contenedores Desechables,Accesorios y Suministros Médicos > Recipientes > Contenedores Desechables,258,136.95,134.21,132.84,,28.0,38.9,,disponible,0.3,https://www.promexsa.com.mx/productos/contenedor-punzocortante-8-5-l-ixion/,https://acdn-us.mitiendanube.com/stores/001/946/809/products/5f328ead-dd16-4e2b-93a2-a5bd73766cfdsv2014-02-14srbsig14db644ilukdsycek82fn0skvr2blecyghptvxxhs7d183dst2022-12-10t153a293a25zse2122-12-10t153a393a25zspr-b101aee3a6558772a616872017970676-480-0.webp,
DIS-COQ-83,Compresa quirúrgica 70 x 45 no estéril 6 pz DIBAR,DIBAR,Equipo Quirúrgico,Venoclisis,Hemostáticos,Equipo Quirúrgico > Venoclisis > Hemostáticos,259,136.46,133.73,132.37,,38.0,61.3,,disponible,0.26,https://www.promexsa.com.mx/productos/compresa-quirurgica-70-x-45-no-esteril-6-pz-dibar/,https://acdn-us.mitiendanube.com/stores/001/946/809/products/1531-e7e55bcfae6c2ff5c116875877258648-480-0.webp,
DIS-BOR-44,Bolsa rpbi roja 50 cm x 60 xm 100 pz IXION,IXION,Sin Categoría,,,Sin Categoría,260,484.06,474.38,469.54,,33.0,49.3,,disponible,2.58,https://www.promexsa.com.mx/productos/bolsa-rpbi-roja-50-cm-x-60-xm-100-pz-ixion/,https://acdn-us.mitiendanube.com/stores/001/946/809/products/2371-02fa39da02f6e28b0a16874964127828-480-0.webp,
PDC-AGD-3,Agua de rosas 1 l DROTASA,DROTASA,Cuidado Personal,Artículos Cosméticos,,Cuidado Personal > Artículos Cosméticos,261,31.93,31.29,30.97,,45.0,81.8,,disponible,1.06,https://www.promexsa.com.mx/productos/agua-de-rosas-1-l-drotasa/,https://acdn-us.mitiendanube.com/stores/001/946/809/products/54152d72-7aac-4160-838a-d5511aa26df4sv2014-02-14srbsighfi2jnyajblhb7yk7dvyf1phhcrhhhwic3v0atis7ny3dst2023-05-05t213a013a54zse2123-05-05t213a113a54zspr-ab67b7bb3560f3c98916871929296242-480-0.webp,
DIS-AGH-1123,Aguja hipodérmica desechable azul 23 g x 38 mm 100 pz NIPRO,NIPRO,Material de Curación,Jeringas,Agujas Hipodermicas Desechables,Material de Curación > Jeringas > Agujas Hipodermicas Desechables,262,94.01,92.13,91.19,,30.0,42.9,,disponible,0.1,https://www.promexsa.com.mx/productos/aguja-hipodermica-desechable-azul-23g-x-38mm-100-pz-nipro/,https://acdn-us.mitiendanube.com/stores/001/946/809/products/f4df36ae-48f4-4977-b6cc-82248c961665-ef1dc0bebfe6766ab617320821866082-480-0.webp,"Agujas hipodérmicas desechables NIPRO, caja de 100 piezas. Punta biselada, estériles y seguras. Ideales para uso médico y hospitalario."
DIS-AGH-1133,Aguja hipodérmica desechable azul 23 g x 25 mm 100 pz NIPRO,NIPRO,Material de Curación,Jeringas,Agujas Hipodermicas Desechables,Material de Curación > Jeringas > Agujas Hipodermicas Desechables,263,94.01,92.13,91.19,,30.0,42.9,,disponible,0.1,https://www.promexsa.com.mx/productos/aguja-hipodermica-23g-25-mm-azul-nipro/,https://acdn-us.mitiendanube.com/stores/001/946/809/products/aguja-hipodermica-desechable-nipro-23g-25-ml-100-piezas-280d792aca5d9e53e317895881903596-480-0.webp,"Compra Aguja Hipodérmica NIPRO 23G x 25 mm azul, estéril, Luer Lock, tribiselada y libre de pirógenos. Caja con 100 piezas."
DIS-AGH-1115,Aguja hipodérmica desechable 21 g x 38 mm verde 100 pz SENSIMEDICAL,SENSI MEDICAL,Material de Curación,Jeringas,Agujas Hipodermicas Desechables,Material de Curación > Jeringas > Agujas Hipodermicas Desechables,264,78.22,76.66,75.87,,30.0,42.9,,disponible,0.12,https://www.promexsa.com.mx/productos/aguja-hipodermica-desechable-21g-x-38-mm-verde-100-pz-sensi-medical/,https://acdn-us.mitiendanube.com/stores/001/946/809/products/108-0bcc4593690a1f3e6217486395622034-480-0.webp,"Caja con 100 agujas 21G x 38 mm, color verde, estériles y desechables. Ideales para inyecciones intramusculares. Compatibles con jeringas estándar. Producto médico de alta calidad."
DIS-DEE-845,Desinfectante Espuma 120 ml. JALOMADINE,JALOMADINE,Accesorios y Suministros Médicos,Sueros E Hidratantes,Antisépticos y Germicidas,Accesorios y Suministros Médicos > Sueros E Hidratantes > Antisépticos y Germicidas,265,44.79,43.89,43.45,,28.0,38.9,,disponible,1,https://www.promexsa.com.mx/productos/desinfectante-espuma-120-ml-jalomadine/,https://acdn-us.mitiendanube.com/stores/001/946/809/products/12463519-b64b-4759-a6ff-a73253af5dc9-e413370272f977671e17285444336680-480-0.webp,
DIS-GUP-600,Guantes quirúrgicos estériles para cirugía élite AMBIDERM / Talla 6 1/2 50 pares,AMBIDERM,Accesorios y Suministros Médicos,Guantes,Guantes para Cirugía,Accesorios y Suministros Médicos > Guantes > Guantes para Cirugía,266,337.33,330.58,327.21,,28.0,38.9,,disponible,1.46,https://www.promexsa.com.mx/productos/guante-para-cirugia-esteril-elite-6-1-2-50-pr-ambiderm/,https://acdn-us.mitiendanube.com/stores/001/946/809/products/cd5875cc-7c48-4f65-9c4d-6d6d010a5c4f-7fec69d839dd7cf1cd17046918630125-480-0.webp,"Solución para quirófano con empaque de 50 pares, adecuada para clínicas y hospitales con alta demanda de material estéril. Cotiza para mayoreo y mantén stock operativo en tu negocio."
DIS-TUE-511,Tubo endotraqueal tipo Murphy con globo 38 fr 9.5 mm SENSIMEDICAL,SENSI MEDICAL,Áreas y Especialidades,Anestesiología,Sondas para Anestesia,Áreas y Especialidades > Anestesiología > Sondas para Anestesia,267,45.07,44.17,43.72,,40.0,66.7,,disponible,0.02,https://www.promexsa.com.mx/productos/tubo-endotraqueal-con-globo-38-fr-9-5-mm-sensi-medical/,https://acdn-us.mitiendanube.com/stores/001/946/809/products/tubo-con-globo71-2d924f624f519428ce16877666048126-480-0.webp,Tubo endotraqueal con globo 38 fr 9.5 mm SENSI MEDICAL
DIS-SOP-479,Sonda para aspiración de secreciones 18 fr SENSIMEDICAL,SENSI MEDICAL,Áreas y Especialidades,Gastroenterología,Alimentación Gástrica,Áreas y Especialidades > Gastroenterología > Alimentación Gástrica,268,11.18,10.96,10.84,,40.0,66.7,,disponible,0.02,https://www.promexsa.com.mx/productos/sonda-para-aspiracion-de-secreciones-18-fr-sensi-medical/,https://acdn-us.mitiendanube.com/stores/001/946/809/products/aspi21-1a4ee7427115a9abcc16875836646312-480-0.webp,
DIS-SOG-729,Sonda gastrointestinal levin 14 fr VISA,VISA,Áreas y Especialidades,Gastroenterología,Alimentación Gástrica,Áreas y Especialidades > Gastroenterología > Alimentación Gástrica,269,13.41,13.14,13.01,,40.0,66.7,,disponible,0.02,https://www.promexsa.com.mx/productos/sonda-gastrointestinal-levin-14-fr-visa/,https://acdn-us.mitiendanube.com/stores/001/946/809/products/1431-d5f3f20c436dc8dbd016875833014918-480-0.webp,
DIS-SOF-421,Sonda foley 2 vías de látex con globo de 30 ml 14 fr SENSIMEDICAL,SENSI MEDICAL,Áreas y Especialidades,Urología,Sondas Urologicas,Áreas y Especialidades > Urología > Sondas Urologicas,270,36.27,35.54,35.18,,40.0,66.7,,disponible,0.02,https://www.promexsa.com.mx/productos/sonda-foley-2-vias-30-ml-14-fr-sensi-medical/,https://acdn-us.mitiendanube.com/stores/001/946/809/products/sonda-foley-2-vias-latex-dad93c8271c450f30a17066845375950-480-0.webp,Sonda foley 2 vías 30 ml 14 fr SENSI MEDICAL
DIS-JAQ-319,Jabón quirúrgico 0.500 l ANTIBENZIL,ANTIBENZIL,Accesorios y Suministros Médicos,Sueros E Hidratantes,Antisépticos y Germicidas,Accesorios y Suministros Médicos > Sueros E Hidratantes > Antisépticos y Germicidas,271,38.65,37.88,37.49,,28.0,38.9,,disponible,0.56,https://www.promexsa.com.mx/productos/jabon-quirurgico-0-500-l-antibenzil/,https://acdn-us.mitiendanube.com/stores/001/946/809/products/eda674a0-845f-4e66-b015-68877ec9866esv2014-02-14srbsigin5coos13xdptcksvmor5wlxe3u5c75tieufymrtxxy3dst2023-04-27t133a463a49zse2123-04-27t133a563a49zspr-101e3253f9a91437b816872116451752-480-0.webp,
DIS-CUT-127,Cubrebocas tres pliegos colorfull 50 pz AMBIDERM,AMBIDERM,Accesorios y Suministros Médicos,Prendas Desechables,Cubrebocas,Accesorios y Suministros Médicos > Prendas Desechables > Cubrebocas,272,85.11,83.41,82.56,,28.0,38.9,,disponible,0.12,https://www.promexsa.com.mx/productos/cubrebocas-tres-pliegos-colorfull-50-pz-ambiderm/,https://acdn-us.mitiendanube.com/stores/001/946/809/products/491-9b7e98af65c9cbaf9e16875854652060-480-0.webp,
DIS-AGH-1368,Aguja hipodérmica desechable 23 g x 25 mm azul 100 pz SENSIMEDICAL,SENSI MEDICAL,Material de Curación,Jeringas,Agujas Hipodermicas Desechables,Material de Curación > Jeringas > Agujas Hipodermicas Desechables,273,78.22,76.66,75.87,,30.0,42.9,,disponible,0.1,https://www.promexsa.com.mx/productos/aguja-hipodermica-desechable-23g-x-25mm-azul-100-pz-sensi-medical/,https://acdn-us.mitiendanube.com/stores/001/946/809/products/452-2135248b39d39f54af17320877711978-480-0.webp,
DIS-AGH-9,Aguja hipodérmica desechable 20 g x 32 mm amarilla 100 pz SENSIMEDICAL,SENSI MEDICAL,Material de Curación,Jeringas,Agujas Hipodermicas Desechables,Material de Curación > Jeringas > Agujas Hipodermicas Desechables,274,78.22,76.66,75.87,,30.0,42.9,,disponible,0.12,https://www.promexsa.com.mx/productos/aguja-hipodermica-desechable-20g-x-32mm-azul-rey-100-pz-sensi-medical/,https://acdn-us.mitiendanube.com/stores/001/946/809/products/fotos-tiendanube-7-811591ce81ed50939b17592673597651-480-0.webp,Aguja hipodérmica desechable 20g x 32mm azul rey 100 pz SENSI MEDICAL
7503048717532,Bata quirúrgica desechable estéril azul con refuerzo y toalla 1 jg DEMEVA CLASSIC,DEMEVA,Ropa Desechable,Medica,Batas Quirurgicas,Ropa Desechable > Medica > Batas Quirurgicas,275,43,42.14,41.71,,35.0,53.8,,disponible,0.15,https://www.promexsa.com.mx/productos/bata-quirurgica-desechable-esteril-azul-con-refuerzo-y-toalla-1-jg-demeva-classic-gomb2/,https://acdn-us.mitiendanube.com/stores/001/946/809/products/313-c658b4b2816e385adf17773640958843-480-0.webp,"Bata quirúrgica DEMEVA estéril azul en tela SMS, ligera y cómoda con refuerzo. Protege contra fluidos. ¡Compra ahora!"
7503048746693,Babero dental de papel 35 cm x 45 cm rosa 50 pz DEMEVA,DEMEVA,Material Dental,,,Material Dental,276,66.19,64.87,64.2,,38.0,61.3,,disponible,1,https://www.promexsa.com.mx/productos/babero-dental-de-papel-35-cm-x-45-cm-rosa-50-pz-demeva-1lvc3/,https://acdn-us.mitiendanube.com/stores/001/946/809/products/420-2ab978cab80a67406217738147079039-480-0.webp,
PTM-BAP-016,Bata para paciente desechable azul 10 pz DEMEVA FLEX,DEMEVA,Ropa Desechable,Medica,Batas Paciente,Ropa Desechable > Medica > Batas Paciente > Adulto,277,130.02,127.42,126.12,,35.0,53.8,,disponible,1,https://www.promexsa.com.mx/productos/bata-para-paciente-azul-10-pz-demeva-flex-1sdpi/,https://acdn-us.mitiendanube.com/stores/001/946/809/products/347-85f64895af18617f2417720934165194-480-0.webp,"Bata hospitalaria azul 30g tricapa SMS. Antifluidos, resistente y cómoda. Ideal para hospitales y clínicas. Venta en paquete con 10 piezas."
DIS-SOF-934,Sonda foley de silicón 2 vías con globo de 5ml 24 fr SENSIMEDICAL,,Áreas y Especialidades,Urología,Sondas Urologicas,Áreas y Especialidades > Urología > Sondas Urologicas,278,171.58,168.15,166.43,,40.0,66.7,,disponible,10,https://www.promexsa.com.mx/productos/sonda-foley-de-silicon-2-vias-con-globo-de-5ml-24-fr-sensimedical/,https://acdn-us.mitiendanube.com/stores/001/946/809/products/2d55117e-e1b6-4142-aba2-e8d976aa13f9-a77896c271d89a91e217491576088788-480-0.webp,
DIS-SOF-1158,Sonday Foley de silicón 2 vías con globo de 5 ml 24 FR NIPRO,NIPRO,Áreas y Especialidades,Urología,Sondas Urologicas,Áreas y Especialidades > Urología > Sondas Urologicas,279,146.83,143.89,142.43,,40.0,66.7,,disponible,1,https://www.promexsa.com.mx/productos/sonday-foley-de-silicon-2-vias-con-globo-de-5-ml-24-fr-nipro/,https://acdn-us.mitiendanube.com/stores/001/946/809/products/19a9179a-057e-4bca-a4fd-921960c332f0-725bfcc670103274c517321329093517-480-0.webp,"La Sonda Foley de Silicón 2 Vías con Globo de 5 ml NIPRO está diseñada para un drenaje urinario eficiente y seguro en entornos hospitalarios o terapias a largo plazo. Fabricada en silicón médico 100% hipoalergénico, reduce el riesgo de reacciones adversas y permite una mayor duración en comparación con otros m"
DIS-SOF-1151,Sonday Foley de silicón 2 vías con globo de 3 ml 8 FR NIPRO,NIPRO,Áreas y Especialidades,Urología,Sondas Urologicas,Áreas y Especialidades > Urología > Sondas Urologicas,280,170.4,166.99,165.29,,40.0,66.7,,disponible,1,https://www.promexsa.com.mx/productos/sonday-foley-de-silicon-2-vias-con-globo-de-3-ml-8-fr-nipro/,https://acdn-us.mitiendanube.com/stores/001/946/809/products/476-7e0be63b587244882017321353643395-480-0.webp,"La Sonda Foley de Silicón 2 Vías con Globo de 3 ml está diseñada para un drenaje urinario seguro y eficiente, especialmente en pacientes pediátricos o adultos con requerimientos específicos. Fabricada con silicón 100% médico hipoalergénico, ofrece mayor duración y comodidad en comparación con otros materiale"
DIS-AGH-1138,Aguja hipodérmica desechable verde 21 g x 32 mm 100 pz NIPRO,NIPRO,Material de Curación,Jeringas,Agujas Hipodermicas Desechables,Material de Curación > Jeringas > Agujas Hipodermicas Desechables,281,94.01,92.13,91.19,,30.0,42.9,,disponible,0.1,https://www.promexsa.com.mx/productos/aguja-hipodermica-desechable-verde-21g-x-32mm-100-pz-nipro/,https://acdn-us.mitiendanube.com/stores/001/946/809/products/821ca8f8-c1a1-43a2-a7c7-e01e6be6b501-36da8ff6ed059da05c17320601407982-480-0.webp,"Agujas hipodérmicas desechables NIPRO, caja de 100 piezas. Punta biselada, estériles y seguras. Ideales para uso médico y hospitalario."
DIS-BOC-863,Botiquín Conveniencia Plus JALOMA,JALOMA,Material de Curación,Botiquines,,Material de Curación > Botiquines,282,76.16,74.64,73.88,,30.0,42.9,,disponible,0.36,https://www.promexsa.com.mx/productos/botiquin-conveniencia-plus-jaloma/,https://acdn-us.mitiendanube.com/stores/001/946/809/products/24-d2bdb0735883358f0d17592461747917-480-0.webp,
DIS-SOP-759,Sonda para aspiración de secreciones 12 fr TECMED,TECMED,Áreas y Especialidades,Gastroenterología,Alimentación Gástrica,Áreas y Especialidades > Gastroenterología > Alimentación Gástrica,283,10.31,10.1,10,,40.0,66.7,,disponible,1,https://www.promexsa.com.mx/productos/sonda-para-aspiracion-de-secreciones-12-fr-tecmed/,https://acdn-us.mitiendanube.com/stores/001/946/809/products/6cefe9ca-028f-4ed9-b019-bb07fc1c6cf6-dde0356b4b1f4bc47d17162791423589-480-0.webp,
DIS-SOP-758,Sonda para aspiración de secreciones 10 fr TECMED,TECMED,Áreas y Especialidades,Gastroenterología,Alimentación Gástrica,Áreas y Especialidades > Gastroenterología > Alimentación Gástrica,284,10.15,9.95,9.85,,40.0,66.7,,disponible,1,https://www.promexsa.com.mx/productos/sonda-para-aspiracion-de-secreciones-10-fr-tecmed/,https://acdn-us.mitiendanube.com/stores/001/946/809/products/e5709199-9321-4e9b-9c7e-fbf7a6de8313-1d2da52b5ba9609b5417162791230851-480-0.webp,
DIS-GUP-630,Guantes de látex estériles para exploración bajo en polvo UNISEAL / Talla S 100 piezas,UNISEAL,Accesorios y Suministros Médicos,Guantes,Guantes para Exploración Estéril,Accesorios y Suministros Médicos > Guantes > Guantes para Exploración Estéril,285,194.88,190.98,189.03,,28.0,38.9,,disponible,0.6,https://www.promexsa.com.mx/productos/guante-para-exploracion-esteril-bajo-en-polvo-ch-100-pz-uniseal/,https://acdn-us.mitiendanube.com/stores/001/946/809/products/2c46e5b3-d013-4ba4-abe5-9751a6d574c1-f5034c6ed4295ff58717063514864005-480-0.webp,Los guantes de látex estériles para exploración Uniseal talla S ofrecen protección en revisiones clínicas y procedimientos de cuidado. Solicita precio por volumen y envío a todo México.
DIS-GAE-601,Gasa estéril 10 x 10 cm 100 pz QUIRMEX PLUS,QUIRMEX,Material de Curación,Algodón y Gasas,Gasas y Esponjas de Gasas,Material de Curación > Algodón y Gasas > Gasas y Esponjas de Gasas,286,180.08,176.48,174.68,,30.0,42.9,,disponible,1,https://www.promexsa.com.mx/productos/gasa-esteril-10-x-10-cm-100-pz-quirmex-plus/,https://acdn-us.mitiendanube.com/stores/001/946/809/products/83fb973f-4c0f-4973-a5d2-7daec5737fc6-be9982d30e3b6d89bb17056471235522-480-0.webp,
DIS-TUP-525,Tubo penrose 3/4 HOLY,HOLY,Equipo Quirúrgico,Drenajes,,Equipo Quirúrgico > Drenajes,287,40.35,39.54,39.14,,38.0,61.3,,disponible,0.02,https://www.promexsa.com.mx/productos/tubo-penrose-3-4-holy/,https://acdn-us.mitiendanube.com/stores/001/946/809/products/82-61d33788cb3c00449417592630997443-480-0.webp,
DIS-LLD-356,Llave de tres vías con extensión 80 cm MERCKAMED,MERCKAMED,Equipo Quirúrgico,Accesorios Quirúrgicos,,Equipo Quirúrgico > Accesorios Quirúrgicos,288,19.33,18.94,18.75,,38.0,61.3,,disponible,1,https://www.promexsa.com.mx/productos/llave-de-tres-vias-con-extension-80-cm-merckamed/,https://acdn-us.mitiendanube.com/stores/001/946/809/products/51efa1d2-1df3-4b49-b3de-3ef54e9c14a4sv2014-02-14srbsigibd5b2buenvf9o8hn8xdloukeym9axgajyhkwodfpu143dst2023-03-09t213a463a41zse2123-03-09t213a563a41zspr-d98e176d4c15e6edb916872133478741-480-0.webp,
DIS-LAP-349,Lápiz para electrocauterio OBS,GAMACUT,Equipo Quirúrgico,Instrumental Quirúrgico,,Equipo Quirúrgico > Instrumental Quirúrgico,289,74.75,73.25,72.51,,38.0,61.3,,disponible,0.08,https://www.promexsa.com.mx/productos/lapiz-para-electrocauterio-gamacut/,https://acdn-us.mitiendanube.com/stores/001/946/809/products/e7bc6618-1aa1-4911-b10d-98d2db5b55f7sv2014-02-14srbsig357wlllh5oo0pnrmt9m92fmjmfv8hsfe9smll48mgnho3dst2023-01-26t183a253a12zse2123-01-26t183a353a12zspr-2c71afa6534ba8a11716872130597613-480-0.webp,Lápiz para electrocauterio GAMACUT
DIS-GUD-208,Guantes de látex verde AMBIDERM PLUS / Talla M 100 piezas,AMBIDERM,Accesorios y Suministros Médicos,Guantes,Guantes de Látex,Accesorios y Suministros Médicos > Guantes > Guantes de Látex,290,128.82,126.24,124.96,,28.0,38.9,,disponible,0.58,https://www.promexsa.com.mx/productos/guante-de-latex-plus-verde-m-100-pz-ambiderm/,https://acdn-us.mitiendanube.com/stores/001/946/809/products/2111-69634675b480130a4916878894833055-480-0.webp,"Una solución en guantes desechables de látex pensada para entornos médicos donde se necesita seguridad, ajuste cómodo y uso prolongado."
DIS-GUD-199,Guantes de látex naranja AMBIDERM PLUS / Talla M 100 piezas,AMBIDERM,Accesorios y Suministros Médicos,Guantes,Guantes de Látex,Accesorios y Suministros Médicos > Guantes > Guantes de Látex,291,128.82,126.24,124.96,,28.0,38.9,,disponible,0.58,https://www.promexsa.com.mx/productos/guante-de-latex-plus-naranja-m-100-pz-ambiderm/,https://acdn-us.mitiendanube.com/stores/001/946/809/products/25101-626d4511b249e35c7816878894585174-480-0.webp,Este modelo de guantes de látex Ambiderm Plus está diseñado para consultorios y hospitales que requieren higiene y disponibilidad constante en sus procesos.
DIS-TRD-77,Cinta quirúrgica transpore 2.5 cm 12 pz 3M,3M,Material de Curación,,,Material de Curación,292,303.35,297.28,294.25,,30.0,42.9,,disponible,0.42,https://www.promexsa.com.mx/productos/cinta-quirurgica-transpore-2-5-cm-12-pz-3m/,https://acdn-us.mitiendanube.com/stores/001/946/809/products/tanspore-2-51-cf09163c3f3c7617f916875872411651-480-0.webp,
PTM-GOP-156,Gorro Plisado Desechable Blanco DEMEVA / Cofia Quirúrgica Desechable de Polipropileno / Paquete con 100 Piezas,DEMEVA,Accesorios y Suministros Médicos,Prendas Desechables,Gorros,Accesorios y Suministros Médicos > Prendas Desechables > Gorros,293,70.53,69.12,68.41,,28.0,38.9,,disponible,0.32,https://www.promexsa.com.mx/productos/gorro-desechable-plisado-blanco-100-pz-demeva-classic/,https://acdn-us.mitiendanube.com/stores/001/946/809/products/cofia_gorro_plisado_blanco_demeva-6c674813ff4be78b7117839254380989-480-0.webp,Compra gorros plisados desechables DEMEVA en polipropileno blanco. Paquete con 100 cofias cómodas y seguras para uso hospitalario y clínico. ¡Compra ahora!
PTM-BAP-026,Bata para paciente desechable pediátrica hasta 12 años 10 pz DEMEVA CLASSIC,DEMEVA,Ropa Desechable,Medica,Batas Paciente,Ropa Desechable > Medica > Batas Paciente > Pediatricas,294,102.71,100.66,99.63,,35.0,53.8,,disponible,1,https://www.promexsa.com.mx/productos/bata-para-paciente-desechable-pediatrica-hasta-12-anos-10-pz-demeva-classic/,https://acdn-us.mitiendanube.com/stores/001/946/809/products/342-07c45db79dd95d209a17773617276721-480-0.webp,"Bata desechable DEMEVA pediátrica ligera y cómoda para pacientes hasta 12 años. Ideal para hospitales y clínicas, uso único. ¡Compra ahora!"
DIS-CAN-73,Cánula yankauer desechable con punta recta ARGYLE,ARGYLE,Equipo Quirúrgico,Aspiración,Tubos y Cánulas para Aspiración,Equipo Quirúrgico > Aspiración > Tubos y Cánulas para Aspiración,295,49.01,48.03,47.54,,38.0,61.3,,disponible,0.02,https://www.promexsa.com.mx/productos/canula-yankauer-desechable-con-punta-recta-argyle-8qqbl/,https://acdn-us.mitiendanube.com/stores/001/946/809/products/88e13f8a-f67f-4949-b583-0aad2362d8c8-ae02f2d1d2c4f6684c17635097640885-480-0.webp,"Descubre la cánula Yankauer desechable ARGYLE, ideal para aspirar fluidos en cirugías. Su punta recta y control de succión garantizan eficacia. ¡Compra ahora!"
DIS-SOF-1157,Sonday Foley de silicón 2 vías con globo de 5 ml 22 FR NIPRO,NIPRO,Áreas y Especialidades,Urología,Sondas Urologicas,Áreas y Especialidades > Urología > Sondas Urologicas,296,146.83,143.89,142.43,,40.0,66.7,,disponible,1,https://www.promexsa.com.mx/productos/sonday-foley-de-silicon-2-vias-con-globo-de-5-ml-22-fr-nipro/,https://acdn-us.mitiendanube.com/stores/001/946/809/products/eaf23258-1f81-43f5-9f07-e042cded8105-742b9d6041322cba0217321328975139-480-0.webp,"La Sonda Foley de Silicón 2 Vías con Globo de 5 ml NIPRO está diseñada para un drenaje urinario eficiente y seguro en entornos hospitalarios o terapias a largo plazo. Fabricada en silicón médico 100% hipoalergénico, reduce el riesgo de reacciones adversas y permite una mayor duración en comparación con otros m"
DIS-SOP-762,Sonda para aspiración de secreciones 18 fr TECMED,TECMED,Áreas y Especialidades,Gastroenterología,Alimentación Gástrica,Áreas y Especialidades > Gastroenterología > Alimentación Gástrica,297,10.15,9.95,9.85,,40.0,66.7,,disponible,1,https://www.promexsa.com.mx/productos/sonda-para-aspiracion-de-secreciones-18-fr-tecmed/,https://acdn-us.mitiendanube.com/stores/001/946/809/products/fb6bfa6a-8e44-49eb-8802-d49af3df3211-c2ef94ce67a9aa042d17162792195918-480-0.webp,
DIS-SOP-760,Sonda para aspiración de secreciones 14 fr TECMED,TECMED,Áreas y Especialidades,Gastroenterología,Alimentación Gástrica,Áreas y Especialidades > Gastroenterología > Alimentación Gástrica,298,10.31,10.1,10,,40.0,66.7,,disponible,1,https://www.promexsa.com.mx/productos/sonda-para-aspiracion-de-secreciones-14-fr-tecmed/,https://acdn-us.mitiendanube.com/stores/001/946/809/products/2f167546-0db4-49dc-adc0-573439bd1bd4-cb19d1df4ee6be9d8c17162791963842-480-0.webp,
DIS-GUP-629,Guantes de látex estériles para exploración bajo en polvo UNISEAL / Talla L 100 piezas,UNISEAL,Accesorios y Suministros Médicos,Guantes,Guantes para Exploración Estéril,Accesorios y Suministros Médicos > Guantes > Guantes para Exploración Estéril,299,194.88,190.98,189.03,,28.0,38.9,,disponible,0.76,https://www.promexsa.com.mx/productos/guante-para-exploracion-esteril-bajo-en-polvo-g-100-pz-uniseal/,https://acdn-us.mitiendanube.com/stores/001/946/809/products/c16f0663-6b16-43db-9f10-bfdcad722779-13d7ee715d4951a0aa17063515624083-480-0.webp,"Solución de protección estéril para exploración médica, adecuada para compras por mayoreo y suministro constante. Cotiza para mayoreo y mantén stock operativo en tu negocio."
DIS-JED-340,Jeringa de 5 ml amarilla 20 g x 38 mm 100 pz AMBIDERM,AMBIDERM,Material de Curación,Jeringas,Jeringas Desechables,Material de Curación > Jeringas > Jeringas Desechables,300,169.39,166,164.31,,30.0,42.9,,disponible,1,https://www.promexsa.com.mx/productos/jeringa-de-5ml-amarilla-20g-x-38mm-100-pz-ambiderm/,https://acdn-us.mitiendanube.com/stores/001/946/809/products/buenos-141-58629d3fabecc90ab316877602066536-480-0.webp,
DIS-JED-332,Jeringa de 20 mL sin Aguja 50 pz Nipro,NIPRO,Material de Curación,Jeringas,Jeringas sin Aguja,Material de Curación > Jeringas > Jeringas sin Aguja,301,372.49,365.04,361.32,,30.0,42.9,,disponible,1,https://www.promexsa.com.mx/productos/jeringa-de-20-ml-sin-aguja-50-pz-nipro/,https://acdn-us.mitiendanube.com/stores/001/946/809/products/jeringa-nipro-20-ml-sin-aguja-6109b3c8134267074117895420571696-480-0.webp,"Compra Jeringa Nipro 20 mL sin aguja, estéril, desechable y Luer Lock. Caja con 50 piezas. Registro Sanitario 1602C2013 SSA. Envíos a México."
DIS-JAS-323,Jabón solución concentrado rojo nf 1 l ANTIBENZIL,ANTIBENZIL,Accesorios y Suministros Médicos,Sueros E Hidratantes,Antisépticos y Germicidas,Accesorios y Suministros Médicos > Sueros E Hidratantes > Antisépticos y Germicidas,302,42.17,41.33,40.9,,28.0,38.9,,disponible,1.06,https://www.promexsa.com.mx/productos/jabon-solucion-concentrado-rojo-nf-1-l-antibenzil/,https://acdn-us.mitiendanube.com/stores/001/946/809/products/a6fffddb-6df7-433d-9a28-b892933e1cc4sv2014-02-14srbsig8zzekcbwmxnpxullnaf8nwzq6jsgrrmpctqhmbywvuy3dst2023-04-27t133a483a44zse2123-04-27t133a583a44zspr-9bf9ecacd8736e069d16872117944639-480-0.webp,
DIS-HOP-312,Hoja para bisturí acero inoxidable #20 100 pz AMBIDERM,AMBIDERM,Equipo Quirúrgico,Instrumental Quirúrgico,Bisturís,Equipo Quirúrgico > Instrumental Quirúrgico > Bisturís,303,299.25,293.26,290.27,,38.0,61.3,,disponible,1,https://www.promexsa.com.mx/productos/hoja-para-bisturi-acero-inoxidable-20-100-pz-ambiderm/,https://acdn-us.mitiendanube.com/stores/001/946/809/products/20-07309affd52ee6a0c117046952402027-480-0.webp,
DIS-GUD-209,Guantes de látex violeta AMBIDERM PLUS / Talla S 100 piezas,AMBIDERM,Accesorios y Suministros Médicos,Guantes,Guantes de Látex,Accesorios y Suministros Médicos > Guantes > Guantes de Látex,304,128.82,126.24,124.96,,28.0,38.9,,disponible,0.58,https://www.promexsa.com.mx/productos/guante-de-latex-plus-violeta-ch-100-pz-ambiderm/,https://acdn-us.mitiendanube.com/stores/001/946/809/products/1211-73e6aaf60445a12a8616878890177511-480-0.webp,Los guantes de látex en presentación de 100 piezas son ideales para clínicas que buscan eficiencia y control en el manejo de pacientes.
DIS-GAN-173,Gasa no estéril 10 cm x 10 cm 8 capas 200 pz DIBAR,DIBAR,Material de Curación,Algodón y Gasas,Gasas y Esponjas de Gasas,Material de Curación > Algodón y Gasas > Gasas y Esponjas de Gasas,305,206.1,201.98,199.92,,30.0,42.9,,disponible,1,https://www.promexsa.com.mx/productos/gasa-no-esteril-10x10-8-capas-200-pz-dibar/,https://acdn-us.mitiendanube.com/stores/001/946/809/products/331-8c120c73da0112227216877440429788-480-0.webp,Gasa no estéril 10x10 8 capas 200 pz DIBAR
PDC-CAP-58,Calzón para adulto g 10 pz SANTA JULIA,SANTA JULIA,Cuidado Personal,Incontinencia,Pañales para Adulto,Cuidado Personal > Incontinencia > Pañales para Adulto,306,90.22,88.42,87.51,,45.0,81.8,,disponible,0.96,https://www.promexsa.com.mx/productos/calzon-para-adulto-g-10-pz-santa-julia/,https://acdn-us.mitiendanube.com/stores/001/946/809/products/bbcf7db9-f8bc-4d06-93a2-95fa53341dbbsv2014-02-14srbsigvhxoh3fnpgvyvi5rtdpvpbbxct0w1q6t8qvnh792bxrw3dst2022-09-24t193a173a44zse2122-09-24t193a273a44zspr-bbc63349092f863f8e16871986148942-480-0.webp,
DIS-JEP-1113,Jeringa para insulina de 0.5 ml 31 x 8 100 pz DL,,Material de Curación,Jeringas,Jeringas Desechables,Material de Curación > Jeringas > Jeringas Desechables,307,327.79,321.23,317.96,,30.0,42.9,,disponible,,https://www.promexsa.com.mx/productos/jeringa-para-insulina-de-0-5-ml-31-x-8-100-pz-dl-attww/,https://acdn-us.mitiendanube.com/stores/001/946/809/products/fa93e045-23bb-4b16-b31e-36304b4742c4-bac9203bbee3f6c92217659968622832-480-0.webp,
DIS-JEP-1372,Jeringa para insulina 1 ml 27 g x 13 mm 100 pz SENSIMEDICAL,SENSIMEDICAL,Material de Curación,Jeringas,Jeringas Desechables,Material de Curación > Jeringas > Jeringas Desechables,308,246.55,241.62,239.15,,30.0,42.9,,disponible,10,https://www.promexsa.com.mx/productos/jeringa-para-insulina-1-ml-con-aguja-27g-x-13-mm-100-pz-sensimedical/,https://acdn-us.mitiendanube.com/stores/001/946/809/products/fotos-tiendanube-34-d211523eebfb11a75117594477479051-480-0.webp,
DIS-JEP-1369,Jeringa para insulina 0.3 ml 31Gx 6 mm 100 pz SENSIMEDICAL,SENSIMEDICAL,Material de Curación,Jeringas,Jeringas Desechables,Material de Curación > Jeringas > Jeringas Desechables,309,321.05,314.63,311.42,,30.0,42.9,,disponible,1,https://www.promexsa.com.mx/productos/jeringa-para-insulina-0-3-ml-con-aguja-31gx-6-mm-100-pz-sensimedical/,https://acdn-us.mitiendanube.com/stores/001/946/809/products/fotos-tiendanube-54-a3945aa800d9e4db9617595193513120-480-0.webp,
DIS-AGH-1136,Aguja hipodérmica desechable amarillo 20 g x 32 mm 100 pz NIPRO,NIPRO,Material de Curación,Jeringas,Agujas Hipodermicas Desechables,Material de Curación > Jeringas > Agujas Hipodermicas Desechables,310,94.01,92.13,91.19,,30.0,42.9,,disponible,0.1,https://www.promexsa.com.mx/productos/aguja-hipodermica-desechable-amarillo-20g-x-32mm-100-pz-nipro/,https://acdn-us.mitiendanube.com/stores/001/946/809/products/e2ce22f6-f68e-419c-a208-a689552a34f7-005ddaea25574ced5a17316616935196-480-0.webp,
DIS-AGH-1109,Resucitador manual pedíatrico AMBUP HANDY,HANDY,Áreas y Especialidades,Rescate y Primero Auxilios,Equipo de Reanimacion2,Áreas y Especialidades > Rescate y Primero Auxilios > Equipo de Reanimacion2,311,571.24,559.82,554.1,,40.0,66.7,,disponible,1,https://www.promexsa.com.mx/productos/resusitador-manual-pediatrico-ambui-handy/,https://acdn-us.mitiendanube.com/stores/001/946/809/products/ab7c0a25-e1b4-405d-8e44-61fec09d6a20-8501da3538c4d846e017314513498676-480-0.webp,
DIS-GUD-836,Guantes de vinilo light libre de polvo AMBIDERM / Talla M 100 piezas,AMBIDERM,Accesorios y Suministros Médicos,Guantes,Guantes de Vinyl,Accesorios y Suministros Médicos > Guantes > Guantes de Vinyl,312,88.81,87.03,86.15,,28.0,38.9,,disponible,1,https://www.promexsa.com.mx/productos/guante-de-vinyl-light-libre-de-polvo-m-100-pz-ambiderm/,https://acdn-us.mitiendanube.com/stores/001/946/809/products/4eda86cc-a79a-4f3c-8661-6e670c6a5084-b15cba8eeb8541fa3617236262265605-480-0.webp,"Los guantes de vinilo libres de polvo Ambiderm son una opción cómoda para exploración, limpieza y uso clínico frecuente. Solicita precio por volumen y envío a todo México."
DIS-SOL-716,Sonda gastrointestinal levin con línea radiopaca 8 fr VISA,VISA,Áreas y Especialidades,Gastroenterología,Alimentación Gástrica,Áreas y Especialidades > Gastroenterología > Alimentación Gástrica,313,18.13,17.77,17.59,,40.0,66.7,,disponible,1,https://www.promexsa.com.mx/productos/sonda-levin-con-linea-radiopaca-8-fr-visa/,https://acdn-us.mitiendanube.com/stores/001/946/809/products/39035a69-ad7c-4bb4-a912-8e6ed3e3e94a-d53aac129fe294d8f017162759467647-480-0.webp,Sonda levin con linea radiopaca 8 fr VISA
DIS-SOL-712,Sonda gastrointestinal levin con línea radiopaca 12 fr VISA,VISA,Áreas y Especialidades,Gastroenterología,Alimentación Gástrica,Áreas y Especialidades > Gastroenterología > Alimentación Gástrica,314,18.13,17.77,17.59,,40.0,66.7,,disponible,1,https://www.promexsa.com.mx/productos/sonda-levin-con-linea-radiopaca-12-fr-visa/,https://acdn-us.mitiendanube.com/stores/001/946/809/products/0d412836-d9ff-4b69-86ea-59d11f42869b-2d76a6323a2085373617162758963172-480-0.webp,Sonda levin con linea radiopaca 12 fr VISA
DIS-GUD-815,Guantes de Nitrilo Metálico Lila UniSealGlow® / Premium / Caja con 100 Guantes,UNISEAL,Accesorios y Suministros Médicos,,,Accesorios y Suministros Médicos,315,165.52,162.21,160.55,,28.0,38.9,,disponible,1,https://www.promexsa.com.mx/productos/guantes-nitrilo-metalico-lila-unisealglow/,https://acdn-us.mitiendanube.com/stores/001/946/809/products/guante-de-nitrilo-lila-metalico-uniseal-100-piezas-2bd404f55987721c8017846147102700-480-0.webp,"Compra Guantes de Nitrilo Metálico Lila UniSealGlow®. Línea premium con acabado metálico, libres de polvo, alta resistencia y excelente sensibilidad al tacto. Caja con 100 guantes."
DIS-GUD-781,Guantes de nitrilo cobalto sin polvo UNISEAL / Talla S caja 100 piezas,UNISEAL,Accesorios y Suministros Médicos,,,Accesorios y Suministros Médicos,316,147.45,144.5,143.03,,28.0,38.9,,disponible,1,https://www.promexsa.com.mx/productos/guante-de-nitrilo-cobalto-ch-100pz-uniseal/,https://acdn-us.mitiendanube.com/stores/001/946/809/products/6393a703-0fc2-4637-92c6-af92a4121e49-d7e065e04bc79dfb3f17097876892339-480-0.webp,"Elige guantes de nitrilo Uniseal cobalto sin polvo para clínicas y consultorios. Talla S / chica, protección diaria y atención a negocios."
DIS-PUC-408,Punzocat catéter iv 16g ptfe gris 100 pz AMBIDERM,AMBIDERM,Equipo Quirúrgico,Venoclisis,Catéteres Intravenosos,Equipo Quirúrgico > Venoclisis > Catéteres Intravenosos,317,652.76,639.7,633.18,,38.0,61.3,,disponible,0.5,https://www.promexsa.com.mx/productos/punzocat-cateter-iv-16g-ptfe-gris-100-pz-ambiderm/,https://acdn-us.mitiendanube.com/stores/001/946/809/products/11101-7c8dbaa60bf72a665516875000479069-480-0.webp,
DIS-GUP-274,Guantes quirúrgicos estériles para cirugía SUR G / Talla 6 50 pares,SUR-G,Accesorios y Suministros Médicos,Guantes,Guantes para Cirugía,Accesorios y Suministros Médicos > Guantes > Guantes para Cirugía,318,338.66,331.89,328.5,,28.0,38.9,,disponible,1.26,https://www.promexsa.com.mx/productos/guante-para-cirugia-esteril-6-50-pr-sur-g/,https://acdn-us.mitiendanube.com/stores/001/946/809/products/2c237118-153c-4b2c-b9c5-034943b086b0sv2014-02-14srbsigfc3vadeslb6frx2xazb8sslrftwp3azu1qbe6erjux43dst2022-10-05t213a023a55zse2122-10-05t213a123a55zspr-45c5aa0683a42dd87e16872092869700-480-0.webp,"Solución para quirófano con empaque de 50 pares, adecuada para clínicas y hospitales con alta demanda de material estéril. Cotiza para mayoreo y mantén stock operativo en tu negocio."
DIS-GUD-238,Guantes de nitrilo verde sin polvo DERMA CARE / Talla 9 bolsa 1 par,DERMA CARE,Accesorios y Suministros Médicos,,,Accesorios y Suministros Médicos,319,38.77,37.99,37.61,,28.0,38.9,,disponible,0.08,https://www.promexsa.com.mx/productos/guante-de-nitrilo-verde-9-derma-care/,https://acdn-us.mitiendanube.com/stores/001/946/809/products/buenos-391-66270ddb5165ed892f16878988855080-480-0.webp,"Guantes de nitrilo verde Derma Care sin polvo, talla 9. Pensados para manejo de alimentos con buen ajuste; disponibilidad para mayoreo."
DIS-CUT-131,Cubrebocas tres pliegos infantil rosa 50 pz AMBIDERM,AMBIDERM,Accesorios y Suministros Médicos,Prendas Desechables,Cubrebocas,Accesorios y Suministros Médicos > Prendas Desechables > Cubrebocas,320,85.11,83.41,82.56,,28.0,38.9,,disponible,0.12,https://www.promexsa.com.mx/productos/cubrebocas-tres-pliegos-infantil-rosa-50-pz-ambiderm/,https://acdn-us.mitiendanube.com/stores/001/946/809/products/13101-9ddb84a76b0a17516d16875856267291-480-0.webp,
PDC-AGO-3,Agua oxigenada 1 l ALCOMEX,ALCOMEX,Material de Curación,,,Material de Curación,321,58.53,57.36,56.77,,30.0,42.9,,disponible,1.06,https://www.promexsa.com.mx/productos/agua-oxigenada-1l-alcomex/,https://acdn-us.mitiendanube.com/stores/001/946/809/products/12b9389b-17c7-421e-b33f-c40840df63ccsv2014-02-14srbsigmzlgmbpdvhchjnnhkxv2fxqfo82fchonjrs6mlyr82bjpc3dst2023-06-16t043a503a30zse2123-06-16t053a003a30zspr-69d46c81943f6b4e8d16871930102386-480-0.webp,
DIS-GAN-842,Gasa no estéril 10 cm x 10 cm 8 capas 200 pz JALOMA,JALOMA,Material de Curación,Algodón y Gasas,Gasas y Esponjas de Gasas,Material de Curación > Algodón y Gasas > Gasas y Esponjas de Gasas,322,203.76,199.68,197.65,,30.0,42.9,,disponible,1,https://www.promexsa.com.mx/productos/gasa-no-esteril-10x10-8-capas-200-pz-jaloma/,https://acdn-us.mitiendanube.com/stores/001/946/809/products/667a1fc4-613e-4bb4-80d2-bde0b50c7447-3acfc0c2564b81d7a617285451663989-480-0.webp,Gasa no estéril 10x10 8 capas 200 pz JALOMA
DIS-AGO-844,Agua Oxigenada 448 ml JALOMA,JALOMA,Material de Curación,,,Material de Curación,323,27.32,26.77,26.5,,30.0,42.9,,disponible,0.52,https://www.promexsa.com.mx/productos/agua-oxigenada-448-ml-jaloma/,https://acdn-us.mitiendanube.com/stores/001/946/809/products/129-44aff4bb9ddeda01cd17488860090780-480-0.webp,
DIS-CAR-768,Canula rigida de 180 cm (tipo Yankahuer) MERKAMED,MERKAMED,Equipo Quirúrgico,Instrumental Quirúrgico,Cánulas,Equipo Quirúrgico > Instrumental Quirúrgico > Cánulas,324,58.53,57.36,56.77,,38.0,61.3,,disponible,0.04,https://www.promexsa.com.mx/productos/canula-rigida-de-180-cm-tipo-yankauer-merkamed/,https://acdn-us.mitiendanube.com/stores/001/946/809/products/d2a1d027-c5da-4574-bd60-31baf7b1118f-963f63a083448d6e9617236227275765-480-0.webp,
PDC-AC1-597,Acetona 1 L DROTASA,DROTASA,Cuidado Personal,Artículos Cosméticos,Herramientas para Manicure,Cuidado Personal > Artículos Cosméticos > Herramientas para Manicure,325,185.36,181.65,179.8,,45.0,81.8,,disponible,1.06,https://www.promexsa.com.mx/productos/acetona-1-l-drotasa/,https://acdn-us.mitiendanube.com/stores/001/946/809/products/2460486f-4410-49f1-bd0a-def05a781792-5aec8bd3081c9e27b417066860220471-480-0.webp,
DIS-GUP-599,Guantes quirúrgicos estériles para cirugía élite AMBIDERM / Talla 7 1/2 50 pares,AMBIDERM,Accesorios y Suministros Médicos,Guantes,Guantes para Cirugía,Accesorios y Suministros Médicos > Guantes > Guantes para Cirugía,326,337.33,330.58,327.21,,28.0,38.9,,disponible,1.66,https://www.promexsa.com.mx/productos/guante-para-cirugia-esteril-elite-7-1-2-50-pr-ambiderm/,https://acdn-us.mitiendanube.com/stores/001/946/809/products/a096a454-8d02-4633-a466-6b6dfb9a086d-6646057856d47944fd17046918792063-480-0.webp,Equipo estéril de uso quirúrgico para profesionales que buscan protección y tacto durante procedimientos especializados. Opción práctica para surtir inventario médico sin interrupciones.
DIS-VEE-548,Venda elástica 7.5 cm 12 pz VENDAMAX,VENDAMAX,Material de Curación,Vendas,Vendas para Curación,Material de Curación > Vendas > Vendas para Curación,327,105.51,103.4,102.34,,30.0,42.9,,disponible,0.34,https://www.promexsa.com.mx/productos/venda-elastica-7-5-cm-12-pz-vendamax/,https://acdn-us.mitiendanube.com/stores/001/946/809/products/buenos-821-2ca235387467e68b9316880222612904-480-0.webp,
DIS-MAP-360,Mascarilla para Nebulizador Adulto Sensimedical,SENSI MEDICAL,Áreas y Especialidades,Inhaloterapia,,Áreas y Especialidades > Inhaloterapia,328,53.78,52.7,52.17,,40.0,66.7,,disponible,0.04,https://www.promexsa.com.mx/productos/mascarilla-para-aerosoles-adulto-sensi-medical/,https://acdn-us.mitiendanube.com/stores/001/946/809/products/mascarilla_para_nebulizador_adulto_sensimedical-61d0e1041ae0d2047917885997271575-480-0.webp,"Compra Mascarilla para Nebulizador Adulto Sensimedical. PVC, conector universal 22 mm y Registro Sanitario. Envíos a todo México."
DIS-JEP-333,Jeringa de 20 ml sin aguja 50 pz SENSIMEDICAL,SENSI MEDICAL,Material de Curación,Jeringas,Jeringas Desechables,Material de Curación > Jeringas > Jeringas Desechables,329,306.86,300.72,297.65,,30.0,42.9,,disponible,0.76,https://www.promexsa.com.mx/productos/jeringa-de-20-ml-sin-aguja-50-pz-sensi-medical/,https://acdn-us.mitiendanube.com/stores/001/946/809/products/fotos-tiendanube-41-a81e69b1eb3712dcfb17595151981417-480-0.webp,
DIS-GUC-185,Guantes de látex AMBIDERM COMFORT / Talla S 100 piezas,AMBIDERM,Accesorios y Suministros Médicos,Guantes,Guantes de Látex,Accesorios y Suministros Médicos > Guantes > Guantes de Látex,330,128.82,126.24,124.96,,28.0,38.9,,disponible,1,https://www.promexsa.com.mx/productos/guante-confort-ch-100-pz-ambiderm/,https://acdn-us.mitiendanube.com/stores/001/946/809/products/1101-e2bebb7b1a982c8f9616878904079686-480-0.webp,"Los guantes de látex Ambiderm Comfort talla S ofrecen ajuste cómodo y sensibilidad para uso médico, revisión y atención general. Solicita precio por volumen y envío a todo México."
DIS-GAE-172,Gasa estéril 7.5 x 5 cm 100 pz DIBAR,DIBAR,Material de Curación,Algodón y Gasas,Gasas y Esponjas de Gasas,Material de Curación > Algodón y Gasas > Gasas y Esponjas de Gasas,331,105.34,103.23,102.18,,30.0,42.9,,disponible,0.3,https://www.promexsa.com.mx/productos/gasa-esteril-7-5-x-5-cm-12-capas-100-pz-dibar/,https://acdn-us.mitiendanube.com/stores/001/946/809/products/251-ef048573e37423156016877440223691-480-0.webp,Gasa estéril 7.5 x 5 cm 12 capas 100 pz DIBAR
DIS-GAC-166,Gasa con trama 10 x 10 cm VII 20 cm x 12 cm 200 pz QUIRMEX,QUIRMEX,Material de Curación,Algodón y Gasas,Gasas y Esponjas de Gasas,Material de Curación > Algodón y Gasas > Gasas y Esponjas de Gasas,332,218.17,213.81,211.62,,30.0,42.9,,disponible,0.54,https://www.promexsa.com.mx/productos/gasa-con-trama-10-x-10-200-pz-quirmex/,https://acdn-us.mitiendanube.com/stores/001/946/809/products/721-e031a291e3051890c616877440714943-480-0.webp,Gasa con trama 10 x 10 200 pz QUIRMEX
DIS-CEQ-74,Cepillo quirúrgico con jabón SCRUB 30 pz ALTAMIRANO,ALTAMIRANO,Equipo Quirúrgico,Complementos Quirúrgicos,Accesorios Quirúrgicos,Equipo Quirúrgico > Complementos Quirúrgicos > Accesorios Quirúrgicos,333,833.35,816.68,808.35,,38.0,61.3,,disponible,1.26,https://www.promexsa.com.mx/productos/cepillo-quirurgico-con-jabon-scrub-30-pz-altamirano/,https://acdn-us.mitiendanube.com/stores/001/946/809/products/1301-a6483a9a2007691e4916875028257316-480-0.webp,
DIS-BOP-179,Bolsa para esterilizar de 5 1/4 x 11 (13.5 x28 cm ) 200 pz GRUPREYSA,GRUPREYSA,Equipo Quirúrgico,Complementos Quirúrgicos,Accesorios para Esterilizar,Equipo Quirúrgico > Complementos Quirúrgicos > Accesorios para Esterilizar,334,302.76,296.7,293.68,,38.0,61.3,,disponible,0.92,https://www.promexsa.com.mx/productos/bolsa-para-esterilizar-de-5-1-4-x-11-13-5-x28-cm-200-pz-esteribol/,https://acdn-us.mitiendanube.com/stores/001/946/809/products/6101-caab95ab31cb50b96e16874094197492-480-0.webp,Bolsa para esterilizar de 5 1/4 x 11 (13.5 x28 cm ) 200 pz ESTERIBOL
PTM-BAP-319,Bata para paciente desechable pediátrica hasta 6 años 10 pz DEMEVA CLASSIC,DEMEVA,Ropa Desechable,Medica,Batas Paciente,Ropa Desechable > Medica > Batas Paciente > Pediatricas,335,80.06,78.46,77.66,,35.0,53.8,,disponible,0.15,https://www.promexsa.com.mx/productos/bata-para-paciente-desechable-pediatrica-hasta-6-anos-azul-10-pz-demeva-classic-u40li/,https://acdn-us.mitiendanube.com/stores/001/946/809/products/bata_pediatrica_demeva_azul_hasta_6_anos-bcbd533d9b2d8c30fe17839205333259-480-0.webp,"Bata pediátrica desechable DEMEVA, tela SMS resistente y cómoda para niños hasta 6 años. Paquete de 10 piezas. Ideal para hospitales y clínicas."
7502320870644,Bata para mastografía desechable rosa 10 pz DEMEVA CLASSIC,DEMEVA,Ropa Desechable,Medica,Batas Paciente,Ropa Desechable > Medica > Batas Paciente > Adulto,336,78.58,77.01,76.22,,35.0,53.8,,disponible,,https://www.promexsa.com.mx/productos/bata-para-mastografia-desechable-rosa-10-pz-demeva-classic-w343x/,https://acdn-us.mitiendanube.com/stores/001/946/809/products/442-75caa6140980aa12f217773607821602-480-0.webp,
7503048717044,Babero dental de papel 35 cm x 45 cm negro 50 pz DEMEVA,DEMEVA,Material Dental,,,Material Dental,337,66.19,64.87,64.2,,38.0,61.3,,disponible,1,https://www.promexsa.com.mx/productos/babero-dental-de-papel-35-cm-x-45-cm-negro-50-pz-demeva-1wko2/,https://acdn-us.mitiendanube.com/stores/001/946/809/products/424-fbcc81be588bb28d2a17738147972783-480-0.webp,
PTM-BAT-090,Bata quirúrgica desechable rosa sin refuerzo 10 pz DEMEVA CLASSIC,DEMEVA,Ropa Desechable,Medica,Batas Quirurgicas,Ropa Desechable > Medica > Batas Quirurgicas,338,267.43,262.08,259.41,,35.0,53.8,,disponible,1,https://www.promexsa.com.mx/productos/bata-tipo-quirurgica-rosa-sin-refuerzo-10-pz-demeva-classic-1lzq4/,https://acdn-us.mitiendanube.com/stores/001/946/809/products/368-b8c65776eb529b7aab17722513274949-480-0.webp,Bata quirúrgica rosa 30g tricapa SMS antifluidos con puño cardigan. Ideal para clínicas estéticas y consultorios especializados. Paquete con 10 piezas.
DIS-SOF-930,Sonda foley de silicón 2 vías con globo de 5ml 12 fr SENSIMEDICAL,,Áreas y Especialidades,Urología,Sondas Urologicas,Áreas y Especialidades > Urología > Sondas Urologicas,339,171.58,168.15,166.43,,40.0,66.7,,disponible,10,https://www.promexsa.com.mx/productos/sonda-foley-de-silicon-2-vias-con-globo-de-5ml-12-fr-sensimedical/,https://acdn-us.mitiendanube.com/stores/001/946/809/products/df813ed0-b898-4bef-b600-5129635ab1b4-aab3409538ff4a072217491574857558-480-0.webp,
DIS-GAE-840,Gasa estéril 7.5 x 5 cm 100 pz JALOMA,JALOMA,Material de Curación,Algodón y Gasas,Gasas y Esponjas de Gasas,Material de Curación > Algodón y Gasas > Gasas y Esponjas de Gasas,340,140.07,137.27,135.87,,30.0,42.9,,disponible,0.16,https://www.promexsa.com.mx/productos/gasa-esteril-7-5-x-5-cm-100-pz-jaloma/,https://acdn-us.mitiendanube.com/stores/001/946/809/products/6afe19d5-e8ee-4510-a89a-aae000725a1a-6d158b9b9d8fb6cbf817285450532881-480-0.webp,
DIS-ALP-838,Algodón plisado 300 g JALOMA,JALOMA,Material de Curación,Algodón y Gasas,Algodón,Material de Curación > Algodón y Gasas > Algodón,341,78.05,76.49,75.71,,30.0,42.9,,disponible,0.32,https://www.promexsa.com.mx/productos/algodon-plisado-300-g-jaloma/,https://acdn-us.mitiendanube.com/stores/001/946/809/products/41a4fb72-e9d5-4c57-9945-556b82b6cfa1-1e2c21ba8c52f5924517283788939474-480-0.webp,Algodon Plisado 300 g JALOMA
DIS-KRS-416,Solución desinfectante 4 l KRIT,KRIT,Accesorios y Suministros Médicos,Sueros E Hidratantes,Antisépticos y Germicidas,Accesorios y Suministros Médicos > Sueros E Hidratantes > Antisépticos y Germicidas,342,395.32,387.41,383.46,,28.0,38.9,,disponible,4.28,https://www.promexsa.com.mx/productos/solucion-desinfectante-4-l-krit/,https://acdn-us.mitiendanube.com/stores/001/946/809/products/a776f23e-67ae-4e8a-9852-7437e952f807-f0966f6b3148ddd94f17159286563297-480-0.webp,
DIS-ORA-824,Orinal adulto,NACIONAL,Sin Categoría,,,Sin Categoría,343,23.5,23.03,22.79,,33.0,49.3,,disponible,1,https://www.promexsa.com.mx/productos/orinal-adulto/,https://acdn-us.mitiendanube.com/stores/001/946/809/products/fotos-tiendanube-64-8c3c7fc2bc68b6713217595216298492-480-0.webp,
DIS-GUD-819,Guantes de Nitrilo Metálico Rosa UniSealGlow® / Premium / Caja con 100 Guantes,UNISEAL,Accesorios y Suministros Médicos,Guantes,Guantes de Nitrilo,Accesorios y Suministros Médicos > Guantes > Guantes de Nitrilo > Guantes de Nitrilo Rosa,344,165.52,162.21,160.55,,28.0,38.9,,disponible,1,https://www.promexsa.com.mx/productos/guantes-nitrilo-metalico-rosa-unisealglow/,https://acdn-us.mitiendanube.com/stores/001/946/809/products/guante-de-nitrilo-rosa-metalico-uniseal-100-piezas-35a97099fb267c3f0c17846195221942-480-0.webp,"Compra Guantes de Nitrilo Metálico Rosa UniSealGlow®. Línea premium libre de polvo con acabado metálico, AQL 1.5 y alta sensibilidad al tacto. Caja con 100 guantes."
DIS-SOF-703,Sonda foley de silicón 2 vías con globo de 5ml 22fr SENSIMEDICAL,SENSI MEDICAL,Áreas y Especialidades,Urología,Sondas Urologicas,Áreas y Especialidades > Urología > Sondas Urologicas,345,171.58,168.15,166.43,,40.0,66.7,,disponible,0.02,https://www.promexsa.com.mx/productos/sonda-foley-de-silicon-2-vias-con-globo-de-5ml-22fr-sensi-medical/,https://acdn-us.mitiendanube.com/stores/001/946/809/products/38869378-39c5-4efc-b060-d14e8e6fab87-37ffb5d8ac7631aab517066834711024-480-0.webp,
DIS-SOD-633,Solución estérilizante glutaraldehino 1 l GAFIDEX,GAFIDEX,Accesorios y Suministros Médicos,Sueros E Hidratantes,Antisépticos y Germicidas,Accesorios y Suministros Médicos > Sueros E Hidratantes > Antisépticos y Germicidas,346,84.57,82.88,82.03,,28.0,38.9,,disponible,1.06,https://www.promexsa.com.mx/productos/solucion-esterilizante-glutaraldehino-1-l-gafidex/,https://acdn-us.mitiendanube.com/stores/001/946/809/products/5b310ef8-4ddf-4cb3-90bf-9ea592717f70-5c6fc10e77f664c93b17064213849299-480-0.webp,
DIS-PUC-409,Punzocat catéter iv 18g ptfe verde 100 pz AMBIDERM,AMBIDERM,Equipo Quirúrgico,Venoclisis,Catéteres Intravenosos,Equipo Quirúrgico > Venoclisis > Catéteres Intravenosos,347,652.76,639.7,633.18,,38.0,61.3,,disponible,0.48,https://www.promexsa.com.mx/productos/punzocat-cateter-iv-18g-ptfe-verde-100-pz-ambiderm/,https://acdn-us.mitiendanube.com/stores/001/946/809/products/1281-d0c12d677841e5606b16875000344426-480-0.webp,
PDC-PAA-378,Pañal para adulto premium m 10 pz SANTA JULIA,SANTA JULIA,Cuidado Personal,Incontinencia,Pañales para Adulto,Cuidado Personal > Incontinencia > Pañales para Adulto,348,91.75,89.91,89,,45.0,81.8,,disponible,1,https://www.promexsa.com.mx/productos/panal-adulto-premium-m-10-pz-santa-julia/,https://acdn-us.mitiendanube.com/stores/001/946/809/products/11f93c5e-a08f-4e12-816b-bef0713cf88esv2014-02-14srbsigqr0rj9ywpb9b2bvzqns2fw7tdzvn7ihkt02ei2fmpxlzus3dst2022-11-02t193a203a23zse2122-11-02t193a303a23zspr-0da37ab23acda5e1d716872153200865-480-0.webp,Pañal adulto premium m 10 pz SANTA JULIA
DIS-LLD-357,Llave de tres vías sin extensión 50 pz SENSIMEDICAL,SENSI MEDICAL,Equipo Quirúrgico,Accesorios Quirúrgicos,,Equipo Quirúrgico > Accesorios Quirúrgicos,349,841.88,825.04,816.62,,38.0,61.3,,disponible,1,https://www.promexsa.com.mx/productos/llave-de-tres-vias-sin-extension-con-50-pz-sensi-medical/,https://acdn-us.mitiendanube.com/stores/001/946/809/products/buenos-491-029bd364f044b7017c16879675568634-480-0.webp,Llave de tres vías sin extensión con 50 pz SENSI MEDICAL
DIS-JEP-348,Jeringa pera de hule n3 DIBAR,DIBAR,Equipo Quirúrgico,Irrigacion,Sistemas para Irrigacion,Equipo Quirúrgico > Irrigacion > Sistemas para Irrigacion,350,35.6,34.89,34.53,,38.0,61.3,,disponible,0.04,https://www.promexsa.com.mx/productos/jeringa-pera-de-hule-n3-dibar/,https://acdn-us.mitiendanube.com/stores/001/946/809/products/09b4cd52-1652-4881-b24c-87bf956bea93sv2014-02-14srbsigb6axgb0jl3fdiuwavwj5g2bosx0emcjgehlhxhjlgv2fw3dst2022-10-06t013a233a14zse2122-10-06t013a333a14zspr-da37e7db4b3edcf9b516872126323217-480-0.webp,
DIS-JED-341,Jeringa de 5 ml negra 22 g x 32 mm 100 pz AMBIDERM,AMBIDERM,Material de Curación,Jeringas,Jeringas Desechables,Material de Curación > Jeringas > Jeringas Desechables,351,169.39,166,164.31,,30.0,42.9,,disponible,1,https://www.promexsa.com.mx/productos/jeringa-de-5ml-negra-22g-x-32mm-100-pz-ambiderm/,https://acdn-us.mitiendanube.com/stores/001/946/809/products/buenos-171-e5a8a939283aeb27c716877605898851-480-0.webp,
DIS-JED-328,Jeringa de 10 ml amarilla 20 g x 38 mm 100 pz AMBIDERM,AMBIDERM,Material de Curación,Jeringas,Jeringas Desechables,Material de Curación > Jeringas > Jeringas Desechables,352,205.26,201.15,199.1,,30.0,42.9,,disponible,1,https://www.promexsa.com.mx/productos/jeringa-de-10ml-amarilla-20g-x-38mm-100-pz-ambiderm/,https://acdn-us.mitiendanube.com/stores/001/946/809/products/baberos-demeva-33-68e65a32d20eb3d03f17047769349450-480-0.webp,
DIS-HOP-303,Hoja para bisturí acero al carbón #22 100 pz AMBIDERM,AMBIDERM,Equipo Quirúrgico,Instrumental Quirúrgico,Bisturís,Equipo Quirúrgico > Instrumental Quirúrgico > Bisturís,353,235.95,231.23,228.87,,38.0,61.3,,disponible,1,https://www.promexsa.com.mx/productos/hoja-para-bisturi-acero-al-carbon-22-100-pz-ambiderm/,https://acdn-us.mitiendanube.com/stores/001/946/809/products/22-ea69413ecd1e89779d17046932480038-480-0.webp,
DIS-HAM-691,Halstead mosquito pinza recta 12 cm 5-12 economico HERGOM,HERGOM,Equipo Quirúrgico,Instrumental Quirúrgico,,Equipo Quirúrgico > Instrumental Quirúrgico,354,62.12,60.88,60.26,,38.0,61.3,,disponible,0.02,https://www.promexsa.com.mx/productos/halstead-mosquito-pinza-recta-12-cm-economico-hergom/,https://acdn-us.mitiendanube.com/stores/001/946/809/products/halstead-mosquito-pinza-recta-12-cm-economico-hergom1-872e91ada040073fec16876425574713-480-0.webp,Halstead mosquito pinza recta 12 cm economico HERGOM
DIS-GUP-279,Guantes quirúrgicos estériles para cirugía AMBIDERM / Talla 7 50 pares,AMBIDERM,Accesorios y Suministros Médicos,Guantes,Guantes para Cirugía,Accesorios y Suministros Médicos > Guantes > Guantes para Cirugía,355,337.33,330.58,327.21,,28.0,38.9,,disponible,1,https://www.promexsa.com.mx/productos/guante-para-cirugia-esteril-7-50-pr-ambiderm/,https://acdn-us.mitiendanube.com/stores/001/946/809/products/48-59c910208e9643f03117046906873855-480-0.webp,"Presentación de 50 pares para cirugía con enfoque en precisión, barrera estéril y comodidad durante intervenciones médicas. Ideal para compras recurrentes de clínicas y distribuidores."
DIS-GUD-652,Guantes de vinilo libre de polvo MC GLOVES / Talla M 100 piezas,MC GLOVES,Accesorios y Suministros Médicos,Guantes,Guantes de Vinyl,Accesorios y Suministros Médicos > Guantes > Guantes de Vinyl,356,64.58,63.29,62.64,,28.0,38.9,,disponible,1,https://www.promexsa.com.mx/productos/guante-de-vinyl-libre-de-polvo-m-100-pz-mc-gloves/,https://acdn-us.mitiendanube.com/stores/001/946/809/products/buenos-36181-4a52ea5133be21dad016879281042045-480-0.webp,Presentación de 100 piezas para consultorios que necesitan guantes desechables sin polvo con fácil colocación. Ideal para compras recurrentes de clínicas y distribuidores.
DIS-GUD-240,Guantes de polietileno AMBIDERM / Talla S 100 piezas,AMBIDERM,Cuidado Personal,Artículos Cosméticos,,Cuidado Personal > Artículos Cosméticos,357,26.53,26,25.73,,45.0,81.8,,disponible,0.12,https://www.promexsa.com.mx/productos/guante-de-polietileno-ch-100-pz-ambiderm/,https://acdn-us.mitiendanube.com/stores/001/946/809/products/buenos-352-641e46affa0f01a8b616878906310028-480-0.webp,Guantes desechables de polietileno para abastecimiento continuo cuando se requiere producto práctico y de bajo costo. Disponible para abastecimiento profesional y reposición rápida.
DIS-GEA-175,Gel antibacterial 1 l DIBAR,DIBAR,Cuidado Personal,Limpieza Corporal,Antibacteriales,Cuidado Personal > Limpieza Corporal > Antibacteriales,358,89.24,87.46,86.56,,45.0,81.8,,disponible,0.94,https://www.promexsa.com.mx/productos/gel-antibacterial-1-l-dibar/,https://acdn-us.mitiendanube.com/stores/001/946/809/products/341-44b05bf66a1ee87a4716877455870880-480-0.webp,
DIS-CUT-129,Cubrebocas tres pliegos infantil azul 50 pz AMBIDERM,AMBIDERM,Accesorios y Suministros Médicos,Prendas Desechables,Cubrebocas,Accesorios y Suministros Médicos > Prendas Desechables > Cubrebocas,359,85.11,83.41,82.56,,28.0,38.9,,disponible,0.12,https://www.promexsa.com.mx/productos/cubrebocas-tres-pliegos-infantil-azul-50-pz-ambiderm/,https://acdn-us.mitiendanube.com/stores/001/946/809/products/1091-9bae2b002c68ac52f716875854955051-480-0.webp,
DIS-CAP-581,Catéter para venoclísis 22g 50 pz DL,DL,Equipo Quirúrgico,Venoclisis,Catéteres Intravenosos,Equipo Quirúrgico > Venoclisis > Catéteres Intravenosos,360,409.74,401.55,397.45,,38.0,61.3,,disponible,0.24,https://www.promexsa.com.mx/productos/cateter-para-venoclisis-22g-50-pz-dl/,https://acdn-us.mitiendanube.com/stores/001/946/809/products/6131-87522f5800cb3f329a16875000510769-480-0.webp,
MQL-ROP-070,Rollo para mesa de exploración blanco 0.50 m x 25 m DEMEVA CLASSIC,DEMEVA,Cuidado Personal,Protección para Cama,Sábanas,Cuidado Personal > Protección para Cama > Sábanas,361,120.22,117.82,116.61,,45.0,81.8,,disponible,0.5,https://www.promexsa.com.mx/productos/rollo-para-mesa-de-exploracion-blanco-0-50-m-x-25-m-demeva-classic-66tte/,https://acdn-us.mitiendanube.com/stores/001/946/809/products/409-21d6f037fa06d89f3117726981471304-480-0.webp,"Rollo para mesa de exploración desechable marca DEMEVA fabricado en tela SMS de polipropileno de 3 capas antirepelente. Ideal para consultorios médicos, clínicas, hospitales, estética y centros de diagnóstico. Disponible en diferentes colores, gramajes y presentaciones."
PTM-BAT-076,Bata quirúrgica desechable blanca sin refuerzo 10 pz DEMEVA CLASSIC,DEMEVA,Ropa Desechable,Medica,Batas Quirurgicas,Ropa Desechable > Medica > Batas Quirurgicas,362,298.36,292.39,289.41,,35.0,53.8,,disponible,1,https://www.promexsa.com.mx/productos/bata-tipo-quirurgica-blanca-sin-refuerzo-10-pz-demeva-classic-1s7uf/,https://acdn-us.mitiendanube.com/stores/001/946/809/products/370-78650c28cf0fbefbb717722512784973-480-0.webp,Bata quirúrgica blanca 35g tricapa SMS antifluidos con puño cardigan. Protección superior y presentación profesional. Paquete con 10 piezas.
PTM-BAP-030,Bata para paciente desechable verde 10 pz DEMEVA CLASSIC,DEMEVA,Ropa Desechable,Medica,Batas Paciente,Ropa Desechable > Medica > Batas Paciente > Adulto,363,165.35,162.04,160.39,,35.0,53.8,,disponible,1,https://www.promexsa.com.mx/productos/bata-para-paciente-verde-10-pz-demeva-classic-1sdpf/,https://acdn-us.mitiendanube.com/stores/001/946/809/products/360-b854da06805ab0e6b517720937766794-480-0.webp,"Bata hospitalaria verde 32g en tela tricapa SMS antifluidos. Resistente, cómoda y amplia. Ideal para clínicas y hospitales."
DIS-JED-1379,Jeringa de 5 ml sin aguja 100 pz SENSIMEDICAL,SENSIMEDICAL,Material de Curación,Jeringas,Jeringas Desechables,Material de Curación > Jeringas > Jeringas Desechables,364,260.74,255.53,252.92,,30.0,42.9,,disponible,10,https://www.promexsa.com.mx/productos/jeringa-de-5-ml-sin-aguja-100-pz-sensimedical/,https://acdn-us.mitiendanube.com/stores/001/946/809/products/fotos-tiendanube-31-a2b099daf8373b4cdc17594475964759-480-0.webp,
DIS-SOF-1156,Sonday Foley de silicón 2 vías con globo de 5 ml 20 FR NIPRO,NIPRO,Áreas y Especialidades,Urología,Sondas Urologicas,Áreas y Especialidades > Urología > Sondas Urologicas,365,146.83,143.89,142.43,,40.0,66.7,,disponible,1,https://www.promexsa.com.mx/productos/sonday-foley-de-silicon-2-vias-con-globo-de-5-ml-20-fr-nipro/,https://acdn-us.mitiendanube.com/stores/001/946/809/products/f473b846-1ff9-442b-81ee-a13195ec0285-693fdc3973761d735217321328867408-480-0.webp,"La Sonda Foley de Silicón 2 Vías con Globo de 5 ml NIPRO está diseñada para un drenaje urinario eficiente y seguro en entornos hospitalarios o terapias a largo plazo. Fabricada en silicón médico 100% hipoalergénico, reduce el riesgo de reacciones adversas y permite una mayor duración en comparación con otros m"
DIS-AGH-1012,Bolsa para esterilizar de 2 1/4 X 10 (7 X 26 cm) 200 pz GRUPREYSA,GRUPREYSA,Equipo Quirúrgico,Complementos Quirúrgicos,Accesorios para Esterilizar,Equipo Quirúrgico > Complementos Quirúrgicos > Accesorios para Esterilizar,366,84.1,82.42,81.58,,38.0,61.3,,disponible,1.2,https://www.promexsa.com.mx/productos/bolsa-para-esterilizar-de-2-1-4-x-10-7-x-26-cm-200-pz-grupreysa/,https://acdn-us.mitiendanube.com/stores/001/946/809/products/29d8bdde-eccc-42f9-b1f3-bb4e91cd6d88-2c813a0877c3643a6717320920571463-480-0.webp,"La Bolsa para Esterilizar GRUPREYSA es una solución confiable y eficiente para la esterilización de instrumental médico y quirúrgico. Diseñada para soportar altas temperaturas y compatible con métodos de autoclave, vapor o gas óxido de etileno (ETO), garantiza una esterilización segura y libre de contaminantes."
DIS-AGH-1142,Aguja hipodérmica desechable negro 22 g x 32 mm 100 pz NIPRO,NIPRO,Material de Curación,Jeringas,Agujas Hipodermicas Desechables,Material de Curación > Jeringas > Agujas Hipodermicas Desechables,367,94.01,92.13,91.19,,30.0,42.9,,disponible,0.1,https://www.promexsa.com.mx/productos/aguja-hipodermica-desechable-negro-22g-x-32mm-100-pz-nipro/,https://acdn-us.mitiendanube.com/stores/001/946/809/products/6120609b-025e-4796-bf72-dfcce922208b-a8cd02c011ea3562ba17320819485905-480-0.webp,"Agujas hipodérmicas desechables NIPRO, caja de 100 piezas. Punta biselada, estériles y seguras. Ideales para uso médico y hospitalario."
DIS-AGH-1124,Aguja hipodérmica desechable naranja 25 g x 16 mm 100 pz NIPRO,NIPRO,Material de Curación,Jeringas,Agujas Hipodermicas Desechables,Material de Curación > Jeringas > Agujas Hipodermicas Desechables,368,94.01,92.13,91.19,,30.0,42.9,,disponible,0.1,https://www.promexsa.com.mx/productos/aguja-hipodermica-desechable-naranja-25g-x-16mm-100-pz-nipro/,https://acdn-us.mitiendanube.com/stores/001/946/809/products/445-0119732044bf472d0e17320861604310-480-0.webp,"Agujas hipodérmicas desechables NIPRO, caja de 100 piezas. Punta biselada, estériles y seguras. Ideales para uso médico y hospitalario."
DIS-AGH-1130,Aguja hipodérmica desechable gris 27 g x 13 mm 100 pz NIPRO,NIPRO,Material de Curación,Jeringas,Agujas Hipodermicas Desechables,Material de Curación > Jeringas > Agujas Hipodermicas Desechables,369,94.01,92.13,91.19,,30.0,42.9,,disponible,0.1,https://www.promexsa.com.mx/productos/aguja-hipodermica-desechable-gris-27g-x-13mm-100-pz-nipro/,https://acdn-us.mitiendanube.com/stores/001/946/809/products/446-c08ca684d0a219697017320861736349-480-0.webp,
DIS-AGH-1106,Colchón de presión alterna con sistema de burbujas CC01 HANDY,HANDY,Equipo y Mobiliario,Mobiliario,Colchones,Equipo y Mobiliario > Mobiliario > Colchones,370,657.18,644.04,637.46,,20.0,25.0,,disponible,1,https://www.promexsa.com.mx/productos/colchon-de-presion-alterna-con-sistema-de-burbujas-cc01-handy/,https://acdn-us.mitiendanube.com/stores/001/946/809/products/9783ca7b-ba46-4999-8182-99be8ca5076f-39fc5bebe370a5e7d117313982070009-480-0.webp,
DIS-SOL-713,Sonda gastrointestinal levin con línea radiopaca 14 fr VISA,VISA,Áreas y Especialidades,Gastroenterología,Alimentación Gástrica,Áreas y Especialidades > Gastroenterología > Alimentación Gástrica,371,18.13,17.77,17.59,,40.0,66.7,,disponible,1,https://www.promexsa.com.mx/productos/sonda-levin-con-linea-radiopaca-14-fr-visa/,https://acdn-us.mitiendanube.com/stores/001/946/809/products/04e1ca96-40d4-49a1-a743-66242e271fd7-56dc94257634faa3e817162759088209-480-0.webp,Sonda levin con linea radiopaca 14 fr VISA
DIS-RAD-581,Rastrillo desechable dientes de bordes romos hoja de un filo DL,DENTILAB,Equipo Quirúrgico,Complementos Quirúrgicos,Accesorios Quirúrgicos,Equipo Quirúrgico > Complementos Quirúrgicos > Accesorios Quirúrgicos,372,6.05,5.93,5.87,,38.0,61.3,,disponible,1,https://www.promexsa.com.mx/productos/rastrillo-desechable-dientes-de-bordes-romos-hoja-de-un-filo-dl/,https://acdn-us.mitiendanube.com/stores/001/946/809/products/fotos-tiendanube-56-e0274c8032e94c807e17595198056611-480-0.webp,
DIS-MIP-565,Micropore piel 5 cm 6 pz 3M,3M,Material de Curación,,,Material de Curación,373,333.01,326.35,323.02,,30.0,42.9,,disponible,1,https://www.promexsa.com.mx/productos/micropore-piel-5-cm-6-pz-3m/,https://acdn-us.mitiendanube.com/stores/001/946/809/products/dade21a9-5265-4af9-9c53-ef983fd05bb6-7e48b245d9f5cd40fb17159272101335-480-0.webp,
DIS-JER-576,Jeringa de insulina 1 ml 30 g x 13 mm 100 pz DL,DENTILAB,Material de Curación,Jeringas,Jeringas Desechables,Material de Curación > Jeringas > Jeringas Desechables,374,305.44,299.33,296.28,,30.0,42.9,,disponible,1,https://www.promexsa.com.mx/productos/jeringa-de-insulina-1-ml-con-aguja-30-g-x-13-mm-100-pz-dl/,https://acdn-us.mitiendanube.com/stores/001/946/809/products/4a9703f3-87c9-4aa6-8be9-2ce5db07df1e-70bb1c9a8ff88237ba17159248844841-480-0.webp,Jeringa de insulina 1 ml con aguja 30 g x 13 mm 100 pz DL
DIS-SON-465,Sonda nelaton roja 40 cm 24 fr SENSIMEDICAL,SENSI MEDICAL,Áreas y Especialidades,Urología,Sondas Urologicas,Áreas y Especialidades > Urología > Sondas Urologicas,375,29.67,29.08,28.78,,40.0,66.7,,disponible,0.02,https://www.promexsa.com.mx/productos/sonda-nelaton-roja-40-cm-24-fr-sensi-medical/,https://acdn-us.mitiendanube.com/stores/001/946/809/products/1351-4307d74a1f340590fd16875603493964-480-0.webp,
DIS-SOG-448,Sonda gastrointestinal levin 18 fr VISA,VISA,Áreas y Especialidades,Gastroenterología,Alimentación Gástrica,Áreas y Especialidades > Gastroenterología > Alimentación Gástrica,376,15.05,14.75,14.6,,40.0,66.7,,disponible,0.02,https://www.promexsa.com.mx/productos/sonda-gastrointestinal-levin-18-fr-visa/,https://acdn-us.mitiendanube.com/stores/001/946/809/products/1441-9834c3dada2299244a16875833085623-480-0.webp,
PDC-LES-32,Lente seguridad tri-claro anti empaño AL026CL/3C-F DERMA CARE,DERMA CARE,Equipo de Protección Personal,,,Equipo de Protección Personal,377,34.11,33.43,33.09,,32.0,47.1,,disponible,0.04,https://www.promexsa.com.mx/productos/lente-seguridad-tri-claro-anti-empano-al026cl-3c-f-derma-care/,https://acdn-us.mitiendanube.com/stores/001/946/809/products/c71e4aa9-26be-42e4-af1e-ccf5136724a9sv2014-02-14srbsiguzzffqf2bq8pmulx73etz2fbvafmujdiogeosmok8u1ve3dst2022-11-23t233a513a35zse2122-11-24t003a013a35zspr-7e669fbfcbdbaafb5d16872131129390-480-0.webp,
DIS-INI-318,Inspirómetro incentivado nacional,NACIONAL,Áreas y Especialidades,Inhaloterapia,,Áreas y Especialidades > Inhaloterapia,378,221.01,216.59,214.38,,40.0,66.7,,disponible,0.14,https://www.promexsa.com.mx/productos/inspirometro-incentivado-nacional/,https://acdn-us.mitiendanube.com/stores/001/946/809/products/70c3b9ea-efed-46ef-a079-4fe49656e9a9sv2014-02-14srbsigkvdnpkx3elzn4tphdfb6xhsr42f4slmlvhbqstyo6k3c3dst2022-10-06t003a053a14zse2122-10-06t003a153a14zspr-9a6ef9f0b9caa306fe16872116171488-480-0.webp,
DIS-HOP-307,Hoja para bisturí acero inoxidable #10 100 pz AMBIDERM,AMBIDERM,Equipo Quirúrgico,Instrumental Quirúrgico,Bisturís,Equipo Quirúrgico > Instrumental Quirúrgico > Bisturís,379,299.25,293.26,290.27,,38.0,61.3,,disponible,0.12,https://www.promexsa.com.mx/productos/hoja-para-bisturi-acero-inoxidable-10-100-pz-ambiderm/,https://acdn-us.mitiendanube.com/stores/001/946/809/products/10-c55b1c6d0a700a99ee17046950275027-480-0.webp,
DIS-HOP-305,Hoja para bisturí acero al carbón #24 100 pz AMBIDERM,AMBIDERM,Equipo Quirúrgico,Instrumental Quirúrgico,Bisturís,Equipo Quirúrgico > Instrumental Quirúrgico > Bisturís,380,235.95,231.23,228.87,,38.0,61.3,,disponible,0.18,https://www.promexsa.com.mx/productos/hoja-para-bisturi-acero-al-carbon-24-100-pz-ambiderm/,https://acdn-us.mitiendanube.com/stores/001/946/809/products/24-697b5077fec2d8689217046938872457-480-0.webp,
DIS-HOP-302,Hoja para bisturí acero al carbón #21 100 pz AMBIDERM,AMBIDERM,Equipo Quirúrgico,Instrumental Quirúrgico,Bisturís,Equipo Quirúrgico > Instrumental Quirúrgico > Bisturís,381,235.95,231.23,228.87,,38.0,61.3,,disponible,1,https://www.promexsa.com.mx/productos/hoja-para-bisturi-acero-al-carbon-21-100-pz-ambiderm/,https://acdn-us.mitiendanube.com/stores/001/946/809/products/21-bd1721fd274c9bd16717046930314272-480-0.webp,
DIS-HOP-297,Hoja para bisturí acero al carbón #10 100 pz AMBIDERM,AMBIDERM,Equipo Quirúrgico,Instrumental Quirúrgico,Bisturís,Equipo Quirúrgico > Instrumental Quirúrgico > Bisturís,382,235.95,231.23,228.87,,38.0,61.3,,disponible,0.12,https://www.promexsa.com.mx/productos/hoja-para-bisturi-acero-al-carbon-10-100-pz-ambiderm/,https://acdn-us.mitiendanube.com/stores/001/946/809/products/10-bcc9d6628e93f3122317046935719287-480-0.webp,
DIS-HAM-690,Halstead mosquito pinza curva 12 cm 5-11 económico HERGOM,HERGOM,Equipo Quirúrgico,Instrumental Quirúrgico,,Equipo Quirúrgico > Instrumental Quirúrgico,383,62.12,60.88,60.26,,38.0,61.3,,disponible,1,https://www.promexsa.com.mx/productos/halstead-mosquito-pinza-curva-12-cm-economico-hergom/,https://acdn-us.mitiendanube.com/stores/001/946/809/products/halstead-mosquito-pinza-recta-12-cm-economico-hergom1-158301751973471e8c16880175301619-480-0.webp,Halstead mosquito pinza curva 12 cm económico HERGOM
DIS-GUP-273,Guantes quirúrgicos estériles para cirugía élite AMBIDERM / Talla 6 50 pares,AMBIDERM,Accesorios y Suministros Médicos,Guantes,Guantes para Cirugía,Accesorios y Suministros Médicos > Guantes > Guantes para Cirugía,384,337.33,330.58,327.21,,28.0,38.9,,disponible,1.5,https://www.promexsa.com.mx/productos/guante-para-cirugia-esteril-elite-6-50-pr-ambiderm/,https://acdn-us.mitiendanube.com/stores/001/946/809/products/55-bbe110b53ab4a8e44117046916069680-480-0.webp,"Presentación de 50 pares para cirugía con enfoque en precisión, barrera estéril y comodidad durante intervenciones médicas. Ideal para compras recurrentes de clínicas y distribuidores."
DIS-GEP-556,Gel para ultrasonido en tubo 250 ml ULTRASONIC,ULTRASONIC,Equipo y Mobiliario,Ultrasonidos,,Equipo y Mobiliario > Ultrasonidos,385,76.28,74.75,73.99,,20.0,25.0,,disponible,1,https://www.promexsa.com.mx/productos/gel-para-ultrasonido-250-ml-ultrasonic/,https://acdn-us.mitiendanube.com/stores/001/946/809/products/531-985c6e828710ca1e0f16877455963526-480-0.webp,Gel para ultrasonido 250 ml ULTRASONIC
DIS-EQD-157,Equipo para transfusión de sangre HEMOTEK,HEMOTEK,Equipo Quirúrgico,Venoclisis,Equipos para Venoclisis,Equipo Quirúrgico > Venoclisis > Equipos para Venoclisis,386,53.14,52.08,51.55,,38.0,61.3,,disponible,1,https://www.promexsa.com.mx/productos/equipo-para-transfusion-de-sangre-hemotek/,https://acdn-us.mitiendanube.com/stores/001/946/809/products/hemotek1-7fe5745d530a3d95a216875897868973-480-0.webp,
DIS-COP-94,Contenedor punzocortante 30 l IXION,IXION,Accesorios y Suministros Médicos,Recipientes,Contenedores Desechables,Accesorios y Suministros Médicos > Recipientes > Contenedores Desechables,387,449.7,440.71,436.21,,28.0,38.9,,disponible,1.06,https://www.promexsa.com.mx/productos/contenedor-punzocortante-30-l-ixion/,https://acdn-us.mitiendanube.com/stores/001/946/809/products/fotos-tiendanube-43-347317c6c8186ed11017595172511988-480-0.webp,
DIS-TRD-78,Cinta quirúrgica transpore 5 cm 6 pz 3M,3M,Material de Curación,,,Material de Curación,388,303.35,297.28,294.25,,30.0,42.9,,disponible,0.42,https://www.promexsa.com.mx/productos/cinta-quirurgica-transpore-5-cm-6-pz-3m/,https://acdn-us.mitiendanube.com/stores/001/946/809/products/5cm-transpore1-10536a0fa9a4ab4e4616875870923922-480-0.webp,
DIS-CAP-580,Catéter para venoclísis 20g 50 pz DL,DL,Equipo Quirúrgico,Venoclisis,Catéteres Intravenosos,Equipo Quirúrgico > Venoclisis > Catéteres Intravenosos,389,409.74,401.55,397.45,,38.0,61.3,,disponible,0.24,https://www.promexsa.com.mx/productos/cateter-para-venoclisis-20g-50-pz-dl/,https://acdn-us.mitiendanube.com/stores/001/946/809/products/831-cb6e935c1ecabc8b6616875000624342-480-0.webp,
DIS-CAN-69,Cánula nasal para óxigeno adulto 2 mm x 1.80 m MERKAMED,MERCKAMED,Áreas y Especialidades,Inhaloterapia,,Áreas y Especialidades > Inhaloterapia,390,14.1,13.82,13.68,,40.0,66.7,,disponible,1,https://www.promexsa.com.mx/productos/canula-nasal-adulto-2-mm-x1-80-m-10-pz-merckamed/,https://acdn-us.mitiendanube.com/stores/001/946/809/products/canula-nazal2-dfb2c5970238fc5cff16874977976646-480-0.webp,Cánula nasal adulto 2 mm x1.80 m 10 pz MERCKAMED
DIS-CAD-63,Cánula de Guedel Sensimedical No. 1 60 mm Negra / Cánula Orofaríngea,SENSI MEDICAL,Áreas y Especialidades,Rescate y Primeros Auxilios,,Áreas y Especialidades > Rescate y Primeros Auxilios,391,19.16,18.78,18.59,,40.0,66.7,,disponible,0.01,https://www.promexsa.com.mx/productos/canula-guedel-sensimedical-no-1-60-mm-negra/,https://acdn-us.mitiendanube.com/stores/001/946/809/products/canula-de-gudel-negra-sensimedical-11f0c1bb7c72a7703c17840979989089-480-0.webp,Cánula orofaríngea Sensimedical No.1 de 60 mm en negro para mantener vía aérea permeable. Uso profesional en urgencias y anestesia. Compra ahora.
PDC-AGD-4,Agua de rosas 5 l DROTASA,DROTASA,Cuidado Personal,Artículos Cosméticos,,Cuidado Personal > Artículos Cosméticos,392,145.45,142.54,141.09,,45.0,81.8,,disponible,5,https://www.promexsa.com.mx/productos/agua-de-rosas-5-l-drotasa/,https://acdn-us.mitiendanube.com/stores/001/946/809/products/fotos-tiendanube-40-c282852638a01ea60017595137902653-480-0.webp,
PTM-BOD-433,Bota quirúrgica desechable sin plantilla azul 25 pr DEMEVA CONFORT,DEMEVA,Accesorios y Suministros Médicos,Prendas Desechables,Botas y Zapatos,Accesorios y Suministros Médicos > Prendas Desechables > Botas y Zapatos,393,83.94,82.26,81.42,,28.0,38.9,,disponible,0.5,https://www.promexsa.com.mx/productos/bota-desechable-sin-plantilla-termosellada-azul-25-pr-demeva-comfort/,https://acdn-us.mitiendanube.com/stores/001/946/809/products/bota_quirurgica_azul-721bb2187a8498f13117815982898926-480-0.webp,"Bota quirúrgica desechable azul de 25 g/m² sin plantilla, resistente y cómoda. Ideal para hospitales y laboratorios. ¡Compra ahora y protege tu entorno!"
7503048717020,Babero dental de papel 35 cm x 45 cm lila 50 pz DEMEVA,DEMEVA,Material Dental,,,Material Dental,394,66.19,64.87,64.2,,38.0,61.3,,disponible,0.34,https://www.promexsa.com.mx/productos/babero-dental-de-papel-35-cm-x-45-cm-lila-50-pz-demeva-10fdg/,https://acdn-us.mitiendanube.com/stores/001/946/809/products/421-640091dd4c302886eb17738147505365-480-0.webp,
PTM-BAP-018,Bata para paciente desechable blanca 10 pz DEMEVA ECONOMY,DEMEVA,Ropa Desechable,Medica,Batas Paciente,Ropa Desechable > Medica > Batas Paciente > Adulto,395,117.28,114.93,113.76,,35.0,53.8,,disponible,1,https://www.promexsa.com.mx/productos/bata-para-paciente-blanca-10-pz-demeva-economy-vxeln/,https://acdn-us.mitiendanube.com/stores/001/946/809/products/351-9ebfee6e7d7ab594cf17720935397472-480-0.webp,"Bata blanca para paciente 23g en tela tricapa SMS antifluidos. Cómoda, ligera y funcional. Ideal para hospitales y consultorios."
DIS-GUD-1203,Guantes de látex AMBIDERM EXTRA / Talla M 100 piezas,AMBIDERM,Accesorios y Suministros Médicos,Guantes,Guantes de Látex,Accesorios y Suministros Médicos > Guantes > Guantes de Látex,396,128.82,126.24,124.96,,28.0,38.9,,disponible,0.58,https://www.promexsa.com.mx/productos/guante-de-latex-m-100-pz-ambiderm-extra-fwxbr/,https://acdn-us.mitiendanube.com/stores/001/946/809/products/d70d0a92-d010-48b2-aba6-20cf76147782-44f44ae6b3c37bba7417603987913491-480-0.webp,"Una solución en guantes desechables de látex pensada para entornos médicos donde se necesita seguridad, ajuste cómodo y uso prolongado."
DIS-JED-1175,Jeringa de 10 ml amarilla 20 g x 32 mm 100 pz NIPRO,NIPRO,Material de Curación,Jeringas,Agujas Hipodermicas Desechables,Material de Curación > Jeringas > Agujas Hipodermicas Desechables,397,365.4,358.09,354.44,,30.0,42.9,,disponible,1,https://www.promexsa.com.mx/productos/jeringa-de-10-ml-amarillo-con-aguja-20x32-mm-caja-100-nipro/,https://acdn-us.mitiendanube.com/stores/001/946/809/products/jeringa-10-ml-amarillo-100-pz-20-x-32-add5c0eb708c6c7ee517895861866569-480-0.webp,"Compra Jeringa NIPRO 10 mL con aguja amarilla 20G x 32 mm, estéril, desechable y libre de pirógenos. Caja con 100 piezas."
DIS-AGH-1127,Aguja hipodérmica desechable rosa 18 g x 32 mm 100 pz NIPRO,NIPRO,Material de Curación,Jeringas,Agujas Hipodermicas Desechables,Material de Curación > Jeringas > Agujas Hipodermicas Desechables,398,94.01,92.13,91.19,,30.0,42.9,,disponible,0.1,https://www.promexsa.com.mx/productos/aguja-hipodermica-desechable-rosa-18g-x-32mm-100-pz-nipro/,https://acdn-us.mitiendanube.com/stores/001/946/809/products/93390c4d-c9fc-4ed1-a7b2-3b77547e5122-8e3e20a8fd8a82eee517320803890377-480-0.webp,"Agujas hipodérmicas desechables NIPRO, caja de 100 piezas. Punta biselada, estériles y seguras. Ideales para uso médico y hospitalario."
DIS-GAN-926,Gasa no estéril 7.5 cm x 5 cm 12 capas 200 pz AMBIDERM,AMBIDERM,Material de Curación,Algodón y Gasas,Gasas y Esponjas de Gasas,Material de Curación > Algodón y Gasas > Gasas y Esponjas de Gasas,399,118.52,116.15,114.96,,30.0,42.9,,disponible,1,https://www.promexsa.com.mx/productos/gasa-no-esteril-7-5-cm-x-5-cm-12-capas-200-pz-ambiderm/,https://acdn-us.mitiendanube.com/stores/001/946/809/products/75b5e145-d6a6-4ad5-a8fe-87b23ae0a06a-2023843271e09f0f7c17319997783142-480-0.webp,"Distribuidor AMBIDERM, proveedor AMBIDERM"
DIS-AGH-1078,Lanceta calibre 28 g aguja fina 100 pz LT HERGOM,HERGOM,Equipo y Mobiliario,Equipo de Diagnostico y Monitoreo,Lancetas y Disparadores,Equipo y Mobiliario > Equipo de Diagnostico y Monitoreo > Lancetas y Disparadores,400,50.55,49.54,49.03,,20.0,25.0,,disponible,1,https://www.promexsa.com.mx/productos/lanceta-calibre-28-g-aguja-fina-100-pz-lt-hergom/,https://acdn-us.mitiendanube.com/stores/001/946/809/products/f0e75df2-267e-49e0-9049-4e47e4de4131-da1678a31371d2f3ae17314770760845-480-0.webp,
DIS-MEA-839,Medias antiembólicas Larga al muslo g PREVARIS,PREVARIS,Sin Categoría,,,Sin Categoría,401,168.86,165.48,163.79,,33.0,49.3,,disponible,0.08,https://www.promexsa.com.mx/productos/medias-antiembolicas-larga-al-muslo-g-1-par-prevaris/,https://acdn-us.mitiendanube.com/stores/001/946/809/products/4a4d089a-e886-433b-b456-3b1e5bdc9b43-61d510e94b8812c35517301918347595-480-0.webp,"Medias grado médico talla G, largo muslo. Compresión efectiva para prevención de coágulos. Marca PREVARIS, 1 par."
DIS-BOC-861,Botiquín Caja plastica JALOMA,JALOMA,Material de Curación,Botiquines,,Material de Curación > Botiquines,402,220.86,216.44,214.23,,30.0,42.9,,disponible,0.5,https://www.promexsa.com.mx/productos/botiquin-caja-plastica-jaloma/,https://acdn-us.mitiendanube.com/stores/001/946/809/products/27-6037e45caedf8ff83617592480529189-480-0.webp,Botiquin Caja plastica JALOMA
DIS-CÁN-743,Cánula nasal para óxigeno adulto 2 mm x 1.80 m TECMED,TECMED,Áreas y Especialidades,Inhaloterapia,,Áreas y Especialidades > Inhaloterapia,403,22.4,21.95,21.73,,40.0,66.7,,disponible,0.04,https://www.promexsa.com.mx/productos/canula-nasal-pediatrica-2-mm-x-10-m-tecmed/,https://acdn-us.mitiendanube.com/stores/001/946/809/products/c2c1a175-4ee5-440c-8e95-28b5b539dc6b-b36fda845dacc6748f17147199012276-480-0.webp,Cánula nasal pediátrica 2 mm x 10 m TECMED
DIS-CÁN-742,Cánula nasal para óxigeno neonatal TECMED,TECMED,Áreas y Especialidades,Inhaloterapia,,Áreas y Especialidades > Inhaloterapia,404,26.32,25.79,25.53,,40.0,66.7,,disponible,1,https://www.promexsa.com.mx/productos/canula-nasal-neonatal-tecmed/,https://acdn-us.mitiendanube.com/stores/001/946/809/products/505a4065-e349-418b-b0ed-6c0238a9c62b-f0775eaf4f308bc18817147197451153-480-0.webp,Cánula nasal neonatal TECMED
DIS-GUD-788,"Guantes de Nitrilo Blanco UniSeal para Examen / XS, S, M y L / Caja con 100 Guantes",UNISEAL,Accesorios y Suministros Médicos,,,Accesorios y Suministros Médicos,405,147.45,144.5,143.03,,28.0,38.9,,disponible,0.35,https://www.promexsa.com.mx/productos/guantes-nitrilo-blanco-uniseal/,https://acdn-us.mitiendanube.com/stores/001/946/809/products/guante-de-nitrilo-blanco-uniseal-8b8ebce293ba55e33717846166791898-480-0.webp,"Compra Guantes de Nitrilo Blanco UniSeal libres de polvo. Alta resistencia, excelente sensibilidad al tacto y ajuste anatómico. Ideales para hospitales, odontología y consultorios médicos."
DIS-GUD-784,"Guantes de Nitrilo Azul Océano UniSeal para Exploración / XS, S, M y L / 100 Piezas",UNISEAL,Accesorios y Suministros Médicos,Guantes,Guantes de Nitrilo,Accesorios y Suministros Médicos > Guantes > Guantes de Nitrilo > Guante de Nitrilo Azul,406,147.45,144.5,143.03,,28.0,38.9,,disponible,0.37,https://www.promexsa.com.mx/productos/guantes-nitrilo-azul-uniseal-100-piezas/,https://acdn-us.mitiendanube.com/stores/001/946/809/products/guante-de-nitrilo-azul-cielo-uniseal-c5fc4a88cf9dac4a7c17858189789707-480-0.webp,"Compra Guantes de Nitrilo Azul UniSeal. Caja con 100 piezas, libres de polvo, alta sensibilidad táctil, ASTM D6319 y disponibles en varias tallas."
DIS-GUP-598,Guantes quirúrgicos estériles para cirugía élite AMBIDERM / Talla 7 50 pares,AMBIDERM,Accesorios y Suministros Médicos,Guantes,Guantes para Cirugía,Accesorios y Suministros Médicos > Guantes > Guantes para Cirugía,407,337.33,330.58,327.21,,28.0,38.9,,disponible,1.55,https://www.promexsa.com.mx/productos/guante-para-cirugia-esteril-elite-7-50-pr-ambiderm/,https://acdn-us.mitiendanube.com/stores/001/946/809/products/2248d638-7a72-4692-a450-3cb7b270d881-fa9b27cbc740dbb96c17046918933398-480-0.webp,"Guantes para cirugía Ambiderm en talla 7, pensados para hospitales que requieren control, desempeño y suministro confiable. Disponible para abastecimiento profesional y reposición rápida."
DIS-PID-692,Pinza disección adson acero inoxidable 12 cm 4-6 economica HERGOM,HERGOM,Equipo Quirúrgico,Instrumental Quirúrgico,,Equipo Quirúrgico > Instrumental Quirúrgico,408,39.82,39.02,38.63,,38.0,61.3,,disponible,1,https://www.promexsa.com.mx/productos/pinza-dissecion-adson-acero-inoxidable-12-cm-economica-hergom/,https://acdn-us.mitiendanube.com/stores/001/946/809/products/a31a95f0-8cdb-4072-8d2c-24a782a50679sv2014-02-14srbsigjkm3jke2iuxux1l5zgybchmxvytgo2fk992buzskzct4c3dst2023-07-28t213a133a27zse2123-07-28t213a233a27zspr-9b39e5bbbb2046858c16905794408006-480-0.webp,Pinza disseción adson acero inoxidable 12 cm economica HERGOM
DIS-TUE-503,Tubo endotraqueal tipo Murphy con globo 22 fr 5.5 mm SENSIMEDICAL,SENSI MEDICAL,Áreas y Especialidades,Anestesiología,Sondas para Anestesia,Áreas y Especialidades > Anestesiología > Sondas para Anestesia,409,45.07,44.17,43.72,,40.0,66.7,,disponible,0.02,https://www.promexsa.com.mx/productos/tubo-endotraqueal-con-globo-22-fr-5-5-mm-sensi-medical/,https://acdn-us.mitiendanube.com/stores/001/946/809/products/tubo-con-globo61-45d1b3d49c762c8c9516877666026678-480-0.webp,Tubo endotraqueal con globo 22 fr 5.5 mm SENSI MEDICAL
DIS-TE1-484,Tegaderm 10 x 12 cm 50 pz TEGADERM FILM 1626W,TEGADERM PAD,Material de Curación,Apósitos,Apósitos de Fijacion,Material de Curación > Apósitos > Apósitos de Fijacion,410,723.7,709.23,701.99,,30.0,42.9,,disponible,0.32,https://www.promexsa.com.mx/productos/tegaderm-10-x-12-cm-50-pz-tegaderm-pad/,https://acdn-us.mitiendanube.com/stores/001/946/809/products/9a212882-71ac-47d5-8f09-f52304bb7c3asv2014-02-14srbsigkmc82bngo2f6vda7hsxyw3w7jhkg82fqw5cyoufhvkdlks3dst2022-05-21t143a193a37zse2122-05-21t143a293a37zspr-5ddc2baa4bb25d9d7d16872227161662-480-0.webp,Tegaderm 10 x 12 cm 50 pz TEGADERM PAD
DIS-LLD-355,Llave de tres vías con extensión 80 cm con 25 pz SENSIMEDICAL,SENSI MEDICAL,Equipo Quirúrgico,Accesorios Quirúrgicos,,Equipo Quirúrgico > Accesorios Quirúrgicos,411,585.2,573.5,567.64,,38.0,61.3,,disponible,0.4,https://www.promexsa.com.mx/productos/llave-de-tres-vias-con-extension-80-cm-con-25-pz-sensi-medical/,https://acdn-us.mitiendanube.com/stores/001/946/809/products/buenos-4811-4b4d6f1e563870150b16879676563810-480-0.webp,
DIS-HOP-309,Hoja para bisturí acero inoxidable #12 100 pz AMBIDERM,AMBIDERM,Equipo Quirúrgico,Instrumental Quirúrgico,Bisturís,Equipo Quirúrgico > Instrumental Quirúrgico > Bisturís,412,299.25,293.26,290.27,,38.0,61.3,,disponible,0.12,https://www.promexsa.com.mx/productos/hoja-para-bisturi-acero-inoxidable-12-100-pz-ambiderm/,https://acdn-us.mitiendanube.com/stores/001/946/809/products/12-13e91c44942cd902e617046951693898-480-0.webp,
DIS-HOP-298,Hoja para bisturí acero al carbón #11 100 pz AMBIDERM,AMBIDERM,Equipo Quirúrgico,Instrumental Quirúrgico,Bisturís,Equipo Quirúrgico > Instrumental Quirúrgico > Bisturís,413,235.95,231.23,228.87,,38.0,61.3,,disponible,1,https://www.promexsa.com.mx/productos/hoja-para-bisturi-acero-al-carbon-11-100-pz-ambiderm/,https://acdn-us.mitiendanube.com/stores/001/946/809/products/11-8071f4ce974ecc60a017046935094587-480-0.webp,
DIS-GUP-286,Guantes quirúrgicos estériles para cirugía SUR G / Talla 8 50 pares,SUR-G,Accesorios y Suministros Médicos,Guantes,Guantes para Cirugía,Accesorios y Suministros Médicos > Guantes > Guantes para Cirugía,414,345.28,338.37,334.92,,28.0,38.9,,disponible,1.54,https://www.promexsa.com.mx/productos/guante-para-cirugia-esteril-8-50-pr-sur-g/,https://acdn-us.mitiendanube.com/stores/001/946/809/products/5fff080c-b237-4a62-843d-b142aed36332sv2014-02-14srbsig6h2af4byosgk965tnfggfi4moxxpjrkgnoc0uurpic03dst2022-10-05t213a083a38zse2122-10-05t213a183a38zspr-45c5aa0683a42dd87e16872095635493-480-0.webp,"Guantes para cirugía Sur G en talla 8, pensados para hospitales que requieren control, desempeño y suministro confiable. Disponible para abastecimiento profesional y reposición rápida."
PDC-GUD-24,Guantes de nitrilo verde sin polvo DERMA CARE / Talla 7 bolsa 1 par,DERMA CARE,Accesorios y Suministros Médicos,,,Accesorios y Suministros Médicos,415,38.77,37.99,37.61,,28.0,38.9,,disponible,0.08,https://www.promexsa.com.mx/productos/guante-de-nitrilo-verde-7-derma-care/,https://acdn-us.mitiendanube.com/stores/001/946/809/products/buenos-3921-71c16859bec497ec1916878988902154-480-0.webp,"Guantes Derma Care de nitrilo verde sin polvo: opción para manejo de alimentos. Talla 7, higiene práctica y mayoreo disponible."
DIS-GUD-214,Guante de Nitrilo Estéril UniSeal Caja con 50 Pares,UNISEAL,Accesorios y Suministros Médicos,Guantes,Guantes de Nitrilo,Accesorios y Suministros Médicos > Guantes > Guantes de Nitrilo,416,203.57,199.5,197.46,,28.0,38.9,,disponible,1,https://www.promexsa.com.mx/productos/guante-nitrilo-esteril-uniseal-50-pares/,https://acdn-us.mitiendanube.com/stores/001/946/809/products/guante_de_nitrilo_uniseal_esteril-0af7fbd59cfeaa8fd817885925487822-480-0.webp,"Compra Guantes de Nitrilo Estériles UniSeal, caja con 50 pares. Libres de látex y polvo, AQL 1.5, ajuste anatómico y ASTM D6319-10."
DIS-GUD-612,"Guantes de Nitrilo Azul MC GLOVES para Exploración / S, M y L / 100 Piezas",MC GLOVES,Accesorios y Suministros Médicos,,,Accesorios y Suministros Médicos,417,105.99,103.87,102.81,,28.0,38.9,,disponible,0.5,https://www.promexsa.com.mx/productos/guante-de-nitrilo-azul-ch-100-pz-mc-gloves/,https://acdn-us.mitiendanube.com/stores/001/946/809/products/guante-de-nitrilo-azul-mc-gloves-ed6e95badd5cbf223a17858306161299-480-0.webp,"Protección con guantes de nitrilo azul MC GLOVES sin polvo. Recomendados para cocinas, alimentos y servicio, talla S / chica; atención a negocios."
DIS-GUD-192,Guantes de látex azul AMBIDERM PLUS / Talla L 100 piezas,AMBIDERM,Accesorios y Suministros Médicos,Guantes,Guantes de Látex,Accesorios y Suministros Médicos > Guantes > Guantes de Látex,418,128.82,126.24,124.96,,28.0,38.9,,disponible,0.58,https://www.promexsa.com.mx/productos/guante-de-latex-plus-azul-g-100-pz-ambiderm/,https://acdn-us.mitiendanube.com/stores/001/946/809/products/91-4fbfc9fd1a645982c016878897068174-480-0.webp,Los guantes de látex en presentación de 100 piezas son ideales para clínicas que buscan eficiencia y control en el manejo de pacientes.
DIS-GAN-174,Gasa no estéril 10 cm x 10 cm con trama 200 pz DIBAR,DIBAR,Material de Curación,Algodón y Gasas,Gasas y Esponjas de Gasas,Material de Curación > Algodón y Gasas > Gasas y Esponjas de Gasas,419,232.05,227.41,225.09,,30.0,42.9,,disponible,1,https://www.promexsa.com.mx/productos/gasa-no-esteril-10x10-con-trama-200-pz-dibar/,https://acdn-us.mitiendanube.com/stores/001/946/809/products/4101-99f65c2f3389cb752f16877440415994-480-0.webp,Gasa no estéril 10x10 con trama 200 pz DIBAR
DIS-EQP-159,Equipo para venoclisis microgotero 25pz SENSIMEDICAL,SENSI MEDICAL,Equipo Quirúrgico,Venoclisis,Catéteres Intravenosos,Equipo Quirúrgico > Venoclisis > Catéteres Intravenosos,420,420.45,412.04,407.84,,38.0,61.3,,disponible,0.7,https://www.promexsa.com.mx/productos/equipo-para-venoclisis-microgotero-25pz-sensi-medical/,https://acdn-us.mitiendanube.com/stores/001/946/809/products/9c6f6489-e184-4f41-9d22-971f87a30dc9sv2014-02-14srbsigj6wleycyiltz4pxck2btyqzess2f8o17bszdcnwlv8ile3dst2023-04-28t153a513a16zse2123-04-28t163a013a16zspr-5e3a96702a6b51d78516872042691312-480-0.webp,
DIS-ELG-143,Electro gel 4 kg ALTAMIRANO,ALTAMIRANO,Equipo y Mobiliario,Ultrasonidos,,Equipo y Mobiliario > Ultrasonidos,421,474.75,465.25,460.51,,20.0,25.0,,disponible,4.2,https://www.promexsa.com.mx/productos/electro-gel-4-kg-altamirano/,https://acdn-us.mitiendanube.com/stores/001/946/809/products/buenos-781-677c09cf6555c6ff0916880218107574-480-0.webp,
DIS-MIC-75,Cinta microporosa quirúrgica piel colectiva 2.5 cm x 10.0 m con 12 pz DIBAR,DIBAR,Material de Curación,Cinta para Heridas,Cintas y Telas Adhesivas,Material de Curación > Cinta para Heridas > Cintas y Telas Adhesivas > Cintas Adhesivas,422,249.18,244.2,241.7,,30.0,42.9,,disponible,0.28,https://www.promexsa.com.mx/productos/cinta-microporosa-quirurgica-piel-colectiva-2-5-cm-x-10-0-m-con-12-pz-dibar/,https://acdn-us.mitiendanube.com/stores/001/946/809/products/855f9bc5-64f3-41ba-a21d-710401ae8a45sv2014-02-14srbsig9t7dvs78uv64gyc370puqpwpkpr2fdmchhrwoydrodmm3dst2023-01-24t183a083a33zse2123-01-24t183a183a33zspr-7cce7531a3fc6de97216872009708762-480-0.webp,
DIS-CAP-579,Catéter para venoclísis 18g 50 pz DL,DL,Equipo Quirúrgico,Venoclisis,Catéteres Intravenosos,Equipo Quirúrgico > Venoclisis > Catéteres Intravenosos,423,409.74,401.55,397.45,,38.0,61.3,,disponible,0.24,https://www.promexsa.com.mx/productos/cateter-para-venoclisis-18g-50-pz-dl/,https://acdn-us.mitiendanube.com/stores/001/946/809/products/verde-cateetr1-c062041e9b72ec640916875000928933-480-0.webp,
DIS-CAD-62,Cánula de Guedel Sensimedical No. 00 40 mm Rosa / Cánula Orofaríngea,SENSI MEDICAL,Áreas y Especialidades,Rescate y Primeros Auxilios,,Áreas y Especialidades > Rescate y Primeros Auxilios,424,19.16,18.78,18.59,,40.0,66.7,,disponible,0.01,https://www.promexsa.com.mx/productos/canula-guedel-sensimedical-no-00-40-mm-rosa/,https://acdn-us.mitiendanube.com/stores/001/946/809/products/canula-de-guedel-desechable-rosa-sensimedical-019924e64ed7423ea317840983718631-480-0.webp,"Cánula orofaríngea Sensimedical No. 00 40 mm rosa para mantener vía aérea permeable. Diseño anatómico y resistente, ideal para emergencias y anestesia. Compra ya."
MQL-ROP-068,Rollo para mesa de exploración azul 0.50 m x 25 m DEMEVA CLASSIC,DEMEVA,Cuidado Personal,Protección para Cama,Sábanas,Cuidado Personal > Protección para Cama > Sábanas,425,103.11,101.05,100.02,,45.0,81.8,,disponible,0.5,https://www.promexsa.com.mx/productos/rollo-para-mesa-de-exploracion-azul-0-50-m-x-25-m-demeva-classic-16l9n/,https://acdn-us.mitiendanube.com/stores/001/946/809/products/402-f3c21102c4d65bcdc917726981854430-480-0.webp,"Rollo para mesa de exploración desechable marca DEMEVA fabricado en tela SMS de polipropileno de 3 capas antirepelente. Ideal para consultorios médicos, clínicas, hospitales, estética y centros de diagnóstico. Disponible en diferentes colores, gramajes y presentaciones."
PTM-BAT-086,Bata quirúrgica desechable negra sin refuerzo 10 pz DEMEVA CLASSIC,DEMEVA,Ropa Desechable,Medica,Batas Quirurgicas,Ropa Desechable > Medica > Batas Quirurgicas,426,298.36,292.39,289.41,,35.0,53.8,,disponible,1,https://www.promexsa.com.mx/productos/bata-tipo-quirurgica-negra-sin-refuerzo-10-pz-demeva-classic-1oj2z/,https://acdn-us.mitiendanube.com/stores/001/946/809/products/373-8d79665fcefcf7533917722513028747-480-0.webp,Bata quirúrgica negra 35g tricapa SMS antifluidos con puño cardigan. Alta resistencia y presentación premium. Paquete con 10 piezas.
PTM-BAP-014,Bata para paciente desechable azul 10 pz DEMEVA CLASSIC,DEMEVA,Ropa Desechable,Medica,Batas Paciente,Ropa Desechable > Medica > Batas Paciente > Adulto,427,145.31,142.4,140.95,,35.0,53.8,,disponible,1,https://www.promexsa.com.mx/productos/bata-para-paciente-azul-10-pz-demeva-classic-1o8ok/,https://acdn-us.mitiendanube.com/stores/001/946/809/products/347-b63aeb95db44cfeef517720934740102-480-0.webp,Bata desechable azul 35g tricapa SMS antifluidos. Mayor resistencia y cobertura. Ideal para hospitales y procedimientos especializados. Paquete con 10 piezas
DIS-AGH-1368,Aguja hipodérmica desechable 20 g x 25 mm amarilla 100 pz SENSIMEDICAL,,Material de Curación,Jeringas,Agujas Hipodermicas Desechables,Material de Curación > Jeringas > Agujas Hipodermicas Desechables,428,78.22,76.66,75.87,,30.0,42.9,,disponible,0.15,https://www.promexsa.com.mx/productos/aguja-hipodermica-desechable-20-g-x-25-mm-amarilla-100-pz-sensimedical-40o9i/,https://acdn-us.mitiendanube.com/stores/001/946/809/products/fotos-tiendanube-2026-02-12t140911-507-fb5100d6b886ff951b17709273051278-480-0.webp,
DIS-JED-1088,Jeringa de 3 ml sin aguja 100 pz DL,,Material de Curación,Jeringas,Jeringas Desechables,Material de Curación > Jeringas > Jeringas Desechables,429,167.62,164.27,162.59,,30.0,42.9,,disponible,,https://www.promexsa.com.mx/productos/jeringa-de-3-ml-sin-aguja-100-pz-dl-mq35b/,https://acdn-us.mitiendanube.com/stores/001/946/809/products/cb0dc90e-7d09-45d3-8d3a-528eea28e44b-061b3630f6747fd62417659965195487-480-0.webp,
DIS-GUP-601,Guantes quirúrgicos estériles para cirugía AMBIDERM / Talla 6 50 pares,AMBIDERM,Accesorios y Suministros Médicos,Guantes,Guantes para Cirugía,Accesorios y Suministros Médicos > Guantes > Guantes para Cirugía,430,337.33,330.58,327.21,,28.0,38.9,,disponible,1.6,https://www.promexsa.com.mx/productos/guante-para-cirugia-esteril-6-50-pr-ambiderm-1y0xp/,https://acdn-us.mitiendanube.com/stores/001/946/809/products/a45703c3-2a25-4d40-85cc-535074575284-14706f546c2a3f2e2117604620157292-480-0.webp,Los guantes quirúrgicos estériles Ambiderm talla 6 ofrecen sensibilidad y ajuste seguro para procedimientos en quirófano. Solicita precio por volumen y envío a todo México.
PDC-TAP-43,Talco para bebé rosa 150 g BABY,Avant,Cuidado Personal,Artículos Cosméticos,Hidratacion y Protección para la Piel,Cuidado Personal > Artículos Cosméticos > Hidratacion y Protección para la Piel,431,28.72,28.15,27.86,,45.0,81.8,,disponible,0.15,https://www.promexsa.com.mx/productos/talco-para-bebe-rosa-150-g-baby-4wh3t/,https://acdn-us.mitiendanube.com/stores/001/946/809/products/7-b0263e87ea7a42001617592445771745-480-0.webp,"Cuida la piel del bebé con talco rosa BABY 150g, suave y fresco. Previene rozaduras y mantiene la piel seca. ¡Compra ahora y protege a tu bebé!"
PDC-TAP-42,Talco para bebé azul 150 g BABY,Avant,Cuidado Personal,Artículos Cosméticos,Hidratacion y Protección para la Piel,Cuidado Personal > Artículos Cosméticos > Hidratacion y Protección para la Piel,432,28.72,28.15,27.86,,45.0,81.8,,disponible,0.15,https://www.promexsa.com.mx/productos/talco-para-bebe-azul-150-g-baby-nl1nu/,https://acdn-us.mitiendanube.com/stores/001/946/809/products/10-055d861ae452647a0717592446052551-480-0.webp,"Talco para bebé azul BABY cuida y protege la piel delicada, manteniéndola fresca y seca. Ideal para uso diario. ¡Compra ahora y garantiza confort!"
DIS-JED-1375,Jeringa de 3 ml verde 21 g x 32 mm 100 pz SENSIMEDICAL,SENSIMEDICAL,Material de Curación,Jeringas,Jeringas Desechables,Material de Curación > Jeringas > Jeringas Desechables,433,258.97,253.79,251.2,,30.0,42.9,,disponible,10,https://www.promexsa.com.mx/productos/jeringa-de-3-ml-con-aguja-21g-x-32-mm-verde-100-pz-sensimedical/,https://acdn-us.mitiendanube.com/stores/001/946/809/products/fotos-tiendanube-17-7803617c08de2b6cc917592712625036-480-0.webp,
DIS-JEP-945,Jeringa para tuberculina de 1 ml 25 g x 16 mm SENSIMEDICAL,SENSI MEDICAL,Material de Curación,Jeringas,Jeringas Desechables,Material de Curación > Jeringas > Jeringas Desechables,434,493.11,483.25,478.32,,30.0,42.9,,disponible,1,https://www.promexsa.com.mx/productos/jeringa-para-tuberculina-de-1-ml-25g-x-16-mm-sensimedical/,https://acdn-us.mitiendanube.com/stores/001/946/809/products/a5a8dcd5-dea4-485f-aefd-8c5e9f1a7e69-4bf9080cf85667fa8217346692836749-480-0.webp,"Descubre la jeringa para tuberculina de 1 ml 25G SENSIMEDICAL, estéril y segura. Ideal para dosificación precisa. ¡Compra ahora!"
DIS-AGH-1141,Aguja hipodérmica desechable verde 21 g x 25 mm 100 pz NIPRO,NIPRO,Material de Curación,Jeringas,Agujas Hipodermicas Desechables,Material de Curación > Jeringas > Agujas Hipodermicas Desechables,435,94.01,92.13,91.19,,30.0,42.9,,disponible,0.1,https://www.promexsa.com.mx/productos/aguja-hipodermica-desechable-verde-21g-x-25mm-100-pz-nipro/,https://acdn-us.mitiendanube.com/stores/001/946/809/products/441-942e637fc45fd5603a17320861002413-480-0.webp,"Agujas hipodérmicas desechables NIPRO, caja de 100 piezas. Punta biselada, estériles y seguras. Ideales para uso médico y hospitalario."
DIS-AGH-1135,Aguja hipodérmica desechable amarillo 20 g x 25 mm 100 pz NIPRO,NIPRO,Material de Curación,Jeringas,Agujas Hipodermicas Desechables,Material de Curación > Jeringas > Agujas Hipodermicas Desechables,436,94.01,92.13,91.19,,30.0,42.9,,disponible,0.1,https://www.promexsa.com.mx/productos/aguja-hipodermica-desechable-amarillo-20g-x-25mm-100-pz-nipro/,https://acdn-us.mitiendanube.com/stores/001/946/809/products/442-f66cc8cb981baf7b8917320862092941-480-0.webp,
DIS-AGH-1107,Resucitador manual adulto AMBUA HANDY,HANDY,Áreas y Especialidades,Rescate y Primero Auxilios,Equipo de Reanimacion2,Áreas y Especialidades > Rescate y Primero Auxilios > Equipo de Reanimacion2,437,571.24,559.82,554.1,,40.0,66.7,,disponible,1,https://www.promexsa.com.mx/productos/resusitador-manual-adulto-ambua-handy/,https://acdn-us.mitiendanube.com/stores/001/946/809/products/bd1811f4-e28a-4311-afdb-fa37ae960c71-8b3dd70b6d788d1e5b17314511275626-480-0.webp,
DIS-MEA-838,Medias antiembólicas Larga al muslo ch PREVARIS,PREVARIS,Sin Categoría,,,Sin Categoría,438,168.86,165.48,163.79,,33.0,49.3,,disponible,0.08,https://www.promexsa.com.mx/productos/medias-antiembolicas-larga-al-muslo-ch-1-par-prevaris/,https://acdn-us.mitiendanube.com/stores/001/946/809/products/0424c4a4-ccbb-456d-b11a-278fc4db16ea-d921168e8e97fa4ed517301917918789-480-0.webp,"Medias grado médico talla Ch, largo muslo. Compresión efectiva para prevención de coágulos. Marca PREVARIS, 1 par."
DIS-BOC-862,Botiquín Conveniencia JALOMA,JALOMA,Material de Curación,Botiquines,,Material de Curación > Botiquines,439,32.83,32.17,31.85,,30.0,42.9,,disponible,2,https://www.promexsa.com.mx/productos/botiquin-conveniencia-jaloma/,https://acdn-us.mitiendanube.com/stores/001/946/809/products/18-cee766335c1f2f685b17592459314917-480-0.webp,Botiquin Conveniencia JALOMA
DIS-GUD-807,"Guantes de Nitrilo Rosa UniSeal para Examen / XS, S, M y L / Caja con 100 Guantes",UNISEAL,Accesorios y Suministros Médicos,Guantes,Guantes de Nitrilo,Accesorios y Suministros Médicos > Guantes > Guantes de Nitrilo > Guantes de Nitrilo Rosa,440,147.45,144.5,143.03,,28.0,38.9,,disponible,1,https://www.promexsa.com.mx/productos/guantes-nitrilo-rosa-uniseal/,https://acdn-us.mitiendanube.com/stores/001/946/809/products/guante-de-nitrilo-rosa-uniseal-100-piezas-2bef9cf81684bd029e17846181707908-480-0.webp,"Compra Guantes de Nitrilo Rosa UniSeal libres de polvo. Ideales para medicina estética, dermatología, odontología, spa médico y consultorios. Caja con 100 guantes."
DIS-BOR-657,Bolsa rpbi roja 30 cm x 40 xm 100 pz IXION,IXION,Sin Categoría,,,Sin Categoría,441,213.05,208.79,206.66,,33.0,49.3,,disponible,1.04,https://www.promexsa.com.mx/productos/bolsa-rpbi-roja-30-cm-x-40-xm-100-pz-ixion/,https://acdn-us.mitiendanube.com/stores/001/946/809/products/f5ef4a15-5a18-4b90-9633-df594f67f4b9-9b3602c27fb28ec15017081585060575-480-0.webp,
DIS-BOR-656,Bolsa rpbi roja 20 cm x 30 xm 100 pz IXION,IXION,Sin Categoría,,,Sin Categoría,442,150.1,147.1,145.6,,33.0,49.3,,disponible,0.48,https://www.promexsa.com.mx/productos/bolsa-rpbi-roja-20-cm-x-30-xm-100-pz-ixion/,https://acdn-us.mitiendanube.com/stores/001/946/809/products/1e974f80-de0e-4c23-91a9-190f419a728b-199241b133ef395f0217081584929196-480-0.webp,
DIS-GUP-597,Guantes quirúrgicos estériles para cirugía élite AMBIDERM / Talla 8 50 pares,AMBIDERM,Accesorios y Suministros Médicos,Guantes,Guantes para Cirugía,Accesorios y Suministros Médicos > Guantes > Guantes para Cirugía,443,337.33,330.58,327.21,,28.0,38.9,,disponible,1.75,https://www.promexsa.com.mx/productos/guante-para-cirugia-esteril-elite-8-50-pr-ambiderm/,https://acdn-us.mitiendanube.com/stores/001/946/809/products/6373c7e0-45c0-41d6-a886-28a379b29b8e-78e33736977208b6b417046919076178-480-0.webp,"Presentación de 50 pares para cirugía con enfoque en precisión, barrera estéril y comodidad durante intervenciones médicas. Ideal para compras recurrentes de clínicas y distribuidores."
DIS-KID-707,Kit Baumanómetro con estetoscopio campana doble negro B1-4D HERGOM,HERGOM,Equipo y Mobiliario,Equipo de Diagnostico y Monitoreo,Baumanometros,Equipo y Mobiliario > Equipo de Diagnostico y Monitoreo > Baumanometros,444,311.74,305.51,302.39,,20.0,25.0,,disponible,0.44,https://www.promexsa.com.mx/productos/kit-baumanometro-con-estetoscopio-campana-doble-negro-b1-4d-hergom/,https://acdn-us.mitiendanube.com/stores/001/946/809/products/4b4e1048-0bd1-4943-b411-ffd95ebc6b85sv2014-02-14srbsigwjk2f2bo2bs3rifglguqzr2bcjxsbyk8qpqpg2bq4bby0bao3dst2023-08-03t053a413a32zse2123-08-03t053a513a32zspr-97cc026b3fe07cb79916910420189890-480-0.webp,
DIS-TEC-491,Termómetro clínico digital punta rígida SENSIMEDICAL,SENSI MEDICAL,Equipo y Mobiliario,Equipo de Diagnostico y Monitoreo,,Equipo y Mobiliario > Equipo de Diagnostico y Monitoreo,445,99.28,97.29,96.3,,20.0,25.0,,disponible,0.04,https://www.promexsa.com.mx/productos/termometro-clinico-digital-punta-rigida-sensi-medical/,https://acdn-us.mitiendanube.com/stores/001/946/809/products/termometro_clinico_digital_sensimedical_punta_rigida-a129ddb4dfd4a7a83517886055998116-480-0.webp,"Compra Termómetro Clínico Digital Punta Rígida Sensimedical. Medición oral, axilar o rectal, alarma de fiebre, pantalla LCD y Registro Sanitario."
DIS-TEA-592,Tela Adhesiva Quirurgica Seda 5 cm X 10 m 6 pz PROTEC,PROTEC,Material de Curación,,,Material de Curación,446,449.63,440.64,436.14,,30.0,42.9,,disponible,0.26,https://www.promexsa.com.mx/productos/tela-adhesiva-5cm-con-6-rollos-protec/,https://acdn-us.mitiendanube.com/stores/001/946/809/products/baberos-demeva-3-193042b6c5cdb1501117045966560955-480-0.webp,
DIS-NED-689,Nebulizador de pistón vertical con mascarillas 403B HERGOM,HERGOM,Áreas y Especialidades,Inhaloterapia,Nebulizadores,Áreas y Especialidades > Inhaloterapia > Nebulizadores,447,601.57,589.54,583.52,,40.0,66.7,,disponible,1.78,https://www.promexsa.com.mx/productos/nebulizador-de-piston-vertical-con-mascarillas-hergom/,https://acdn-us.mitiendanube.com/stores/001/946/809/products/nebulizador-de-piston-vertical-con-mascarillas-hergom1-79a354de72b21c5f7916876424541527-480-0.webp,Nebulizador de pistón vertical con mascarillas HERGOM
DIS-KEP-692,Kelly pinza recta 14 cm 5-6 económico HERGOM,HERGOM,Equipo Quirúrgico,Instrumental Quirúrgico,,Equipo Quirúrgico > Instrumental Quirúrgico,448,93.98,92.1,91.16,,38.0,61.3,,disponible,1,https://www.promexsa.com.mx/productos/kelly-pinza-recta-14-cm-economico-hergom/,https://acdn-us.mitiendanube.com/stores/001/946/809/products/kelly-pinza-recta-14-cm-economico-hergom1-37f22123b02a09d52a16876422704442-480-0.webp,Kelly pinza recta 14 cm económico HERGOM
DIS-HOP-675,Hoja para bisturí acero inoxidable #23 100 pz HERGOM,HERGOM,Equipo Quirúrgico,Instrumental Quirúrgico,Bisturís,Equipo Quirúrgico > Instrumental Quirúrgico > Bisturís,449,278.04,272.48,269.7,,38.0,61.3,,disponible,0.14,https://www.promexsa.com.mx/productos/hoja-para-bisturi-acero-inoxidable-23-100-pz-hergom/,https://acdn-us.mitiendanube.com/stores/001/946/809/products/71-cb8eda1a4ef0eb9c3e16877399347265-480-0.webp,
DIS-HOP-308,Hoja para bisturí acero inoxidable #11 100 pz AMBIDERM,AMBIDERM,Equipo Quirúrgico,Instrumental Quirúrgico,Bisturís,Equipo Quirúrgico > Instrumental Quirúrgico > Bisturís,450,299.25,293.26,290.27,,38.0,61.3,,disponible,0.1,https://www.promexsa.com.mx/productos/hoja-para-bisturi-acero-inoxidable-11-100-pz-ambiderm/,https://acdn-us.mitiendanube.com/stores/001/946/809/products/11-4314de6fc7f0e30f2e17046951407699-480-0.webp,
DIS-HOP-299,Hoja para bisturí acero al carbón #12 100 pz AMBIDERM,AMBIDERM,Equipo Quirúrgico,Instrumental Quirúrgico,Bisturís,Equipo Quirúrgico > Instrumental Quirúrgico > Bisturís,451,235.95,231.23,228.87,,38.0,61.3,,disponible,1,https://www.promexsa.com.mx/productos/hoja-para-bisturi-acero-al-carbon-12-100-pz-ambiderm/,https://acdn-us.mitiendanube.com/stores/001/946/809/products/12-653e5343587a0414b217046941266801-480-0.webp,
DIS-GUQ-656,Guata quirúrgica en venda 10 cm x 5m 24 pz PROTEC,PROTEC,Material de Curación,Vendas,Vendas para Fijacion o Inmovilizacion,Material de Curación > Vendas > Vendas para Fijacion o Inmovilizacion,452,331.69,325.06,321.74,,30.0,42.9,,disponible,0.5,https://www.promexsa.com.mx/productos/guata-quirurgica-en-venda-10-cm-x-5m-24-pz-protec/,https://acdn-us.mitiendanube.com/stores/001/946/809/products/buenos-941-39078a5832e7f74ba416881079158036-480-0.webp,
DIS-GUD-604,Guantes de vinilo azul libre de polvo MC GLOVES / Talla M 100 piezas,MC GLOVES,Accesorios y Suministros Médicos,Guantes,Guantes de Vinyl,Accesorios y Suministros Médicos > Guantes > Guantes de Vinyl,453,69.55,68.16,67.46,,28.0,38.9,,disponible,0.49,https://www.promexsa.com.mx/productos/guante-de-vinyl-azul-m-100-pz-mc-gloves/,https://acdn-us.mitiendanube.com/stores/001/946/809/products/buenos-3651-94930fd33ae4c5c21916879059382691-480-0.webp,"Guantes de vinilo Mc Gloves talla M, recomendados para tareas de bajo riesgo y atención diaria en clínicas. Disponible para abastecimiento profesional y reposición rápida."
DIS-GUD-205,Guantes de látex rosa AMBIDERM PLUS / Talla M 100 piezas,AMBIDERM,Accesorios y Suministros Médicos,Guantes,Guantes de Látex,Accesorios y Suministros Médicos > Guantes > Guantes de Látex,454,128.82,126.24,124.96,,28.0,38.9,,disponible,0.58,https://www.promexsa.com.mx/productos/guante-de-latex-plus-rosa-m-100-pz-ambiderm/,https://acdn-us.mitiendanube.com/stores/001/946/809/products/2311-d0b8add82f34e9225016878892622122-480-0.webp,Este modelo de guantes de látex Ambiderm Plus está diseñado para consultorios y hospitales que requieren higiene y disponibilidad constante en sus procesos.
DIS-GEE-137,Desinfectante germicida espuma 3.5 l GERMISIN,GERMISIN,Accesorios y Suministros Médicos,Sueros E Hidratantes,Antisépticos y Germicidas,Accesorios y Suministros Médicos > Sueros E Hidratantes > Antisépticos y Germicidas,455,671.19,657.77,651.05,,28.0,38.9,,disponible,3.74,https://www.promexsa.com.mx/productos/desinfectante-germicida-espuma-3-5-l-germisin/,https://acdn-us.mitiendanube.com/stores/001/946/809/products/germisin-espuma1-6b1ed4e7de02e115d316875889261504-480-0.webp,
DIS-CUT-164,Cubrebocas tres pliegos infantil verde 50 pz AMBIDERM,AMBIDERM,Accesorios y Suministros Médicos,Prendas Desechables,Cubrebocas,Accesorios y Suministros Médicos > Prendas Desechables > Cubrebocas,456,85.11,83.41,82.56,,28.0,38.9,,disponible,0.13,https://www.promexsa.com.mx/productos/cubrebocas-tres-pliegos-infantil-verde-50-pz-ambiderm/,https://acdn-us.mitiendanube.com/stores/001/946/809/products/841-dffc89fa033682691b16875854714663-480-0.webp,
DIS-CIQ-551,Cinta quirúrgica transpore 1.25 cm 24 pz 3M,3M,Material de Curación,,,Material de Curación,457,303.35,297.28,294.25,,30.0,42.9,,disponible,0.42,https://www.promexsa.com.mx/productos/cinta-quirurgica-transpore-1-25-cm-24-pz-3m/,https://acdn-us.mitiendanube.com/stores/001/946/809/products/3m-1-251-db11576da7b585929d16875870059410-480-0.webp,Cinta quirúrgica transopore 1.25 cm 24 pz 3M
DIS-CAD-64,Cánula de Guedel Sensimedical No. 2 70 mm Blanca / Cánula Orofaríngea,SENSI MEDICAL,Áreas y Especialidades,Rescate y Primeros Auxilios,,Áreas y Especialidades > Rescate y Primeros Auxilios,458,19.16,18.78,18.59,,40.0,66.7,,disponible,0.01,https://www.promexsa.com.mx/productos/canula-guedel-sensimedical-no-2-70-mm-blanca/,https://acdn-us.mitiendanube.com/stores/001/946/809/products/canula-de-gudel-blanca-sensimedical-41ffaac945d402703a17840975309607-480-0.webp,Cánula de Guedel Sensimedical No. 2 de 70 mm en blanco para mantener vía aérea permeable. Ideal para urgencias y anestesia. Compra ahora.
DIS-ALT-25,Algodón torunda 500 g DIBAR,DIBAR,Material de Curación,Algodón y Gasas,Algodón,Material de Curación > Algodón y Gasas > Algodón,459,119.08,116.7,115.51,,30.0,42.9,,disponible,0.5,https://www.promexsa.com.mx/productos/algodon-torunda-500-g-dibar/,https://acdn-us.mitiendanube.com/stores/001/946/809/products/algodon-torunda-500-g-dibar1-5737b587b6ef61c8ae16871959855872-480-0.webp,
7503048746709,Babero dental de papel 35 cm x 45 cm verde 50 pz DEMEVA,DEMEVA,Material Dental,,,Material Dental,460,66.19,64.87,64.2,,38.0,61.3,,disponible,0.5,https://www.promexsa.com.mx/productos/babero-dental-de-papel-35-cm-x-45-cm-verde-50-pz-demeva-gs6zl/,https://acdn-us.mitiendanube.com/stores/001/946/809/products/423-223732ff6b20703b1817738147806789-480-0.webp,"Babero dental DEMEVA de tres capas para máxima protección. Medidas 35x45 cm, color verde. Ideal para procedimientos dentales. Compra ya tu paquete de 50 piezas."
7503048717037,Babero dental de papel 35 cm x 45 cm multicolor 50 pz DEMEVA,DEMEVA,Material Dental,,,Material Dental,461,66.19,64.87,64.2,,38.0,61.3,,disponible,0.33,https://www.promexsa.com.mx/productos/babero-dental-de-papel-35-cm-x-45-cm-multicolor-50-pz-demeva-1u47j/,https://acdn-us.mitiendanube.com/stores/001/946/809/products/857e05fe-c2be-4b1c-81e5-d3179351c470-e953caacdd841d090417738129257379-480-0.webp,
MQL-ROP-079,Rollo para mesa de exploración verde 0.50 m x 25 m DEMEVA CLASSIC,DEMEVA,Cuidado Personal,Protección para Cama,Sábanas,Cuidado Personal > Protección para Cama > Sábanas,462,111.42,109.19,108.08,,45.0,81.8,,disponible,0.5,https://www.promexsa.com.mx/productos/rollo-para-mesa-de-exploracion-verde-0-50-m-x-25-m-demeva-classic-qp9gb/,https://acdn-us.mitiendanube.com/stores/001/946/809/products/bc3811a9-60ec-4f6e-ba3e-4a0efd566007-fc0be4e22d5b4e23ad17726970183728-480-0.webp,"Rollo para mesa de exploración desechable marca DEMEVA fabricado en tela SMS de polipropileno de 3 capas antirepelente. Ideal para consultorios médicos, clínicas, hospitales, estética y centros de diagnóstico. Disponible en diferentes colores, gramajes y presentaciones."
DIS-JED-1089,Jeringa de 5 ml sin aguja 100 pz DL,,Material de Curación,Jeringas,Jeringas Desechables,Material de Curación > Jeringas > Jeringas Desechables,463,214.18,209.9,207.75,,30.0,42.9,,disponible,,https://www.promexsa.com.mx/productos/jeringa-de-5-ml-sin-aguja-100-pz-dl-k48bq/,https://acdn-us.mitiendanube.com/stores/001/946/809/products/c2d68cd7-f901-423b-a1a9-d17174e69bd5-a71308f2a8cb38fe4017659968174539-480-0.webp,
DIS-JED-1111,Jeringa de 10 ml sin aguja 100 pz DL,,Material de Curación,Jeringas,Jeringas Desechables,Material de Curación > Jeringas > Jeringas Desechables,464,279.37,273.78,270.99,,30.0,42.9,,disponible,,https://www.promexsa.com.mx/productos/jeringa-de-10-ml-sin-aguja-100-pz-dl-dvc5s/,https://acdn-us.mitiendanube.com/stores/001/946/809/products/5e439ec0-aad2-4f58-a13f-da1ac1c140b4-9a5236e1ea06a2d8c517659963837012-480-0.webp,
DIS-GUD-1090,Guantes de látex blanco DL / Talla M 100 piezas,,Accesorios y Suministros Médicos,Guantes,Guantes de Látex,Accesorios y Suministros Médicos > Guantes > Guantes de Látex,465,124.2,121.72,120.47,,28.0,38.9,,disponible,0.58,https://www.promexsa.com.mx/productos/guante-de-latex-blanco-m-100-pz-dl-ce59a/,https://acdn-us.mitiendanube.com/stores/001/946/809/products/9801ab16-e898-4a95-a17e-d1babbb0e8bc-dfedd14e3d6adec7aa17659961392343-480-0.webp,"Los guantes de látex blanco Dl brindan protección confiable en procedimientos médicos y exploración clínica, siendo una opción práctica para uso continuo."
P/D,Cubrezapato azul con antiderrapante 100 pz AMBIDERM,AMBIDERM,Equipo Quirúrgico,Accesorios Quirúrgicos,,Equipo Quirúrgico > Accesorios Quirúrgicos,466,129.66,127.07,125.77,,38.0,61.3,,disponible,0.8,https://www.promexsa.com.mx/productos/cubrezapato-azul-con-antiderrapante-100-pz-ambiderm-txgf9/,https://acdn-us.mitiendanube.com/stores/001/946/809/products/2c0a5747-f0ea-47d2-add8-fe9755b9a92f-53ef66dea975e0846f17648748236900-480-0.webp,"Cubrezapato azul de polipropileno 100% atóxico con antiderrapante, ideal para uso médico y quirúrgico. Compra ahora y protege tus zapatos."
DIS-CIM-782,Cinta microporosa hipoalargénica 75 mm x 10 m 4 pz MICROCEL TUK,MICROCEL TUK,Material de Curación,Apósitos,Apósitos de Fijacion,Material de Curación > Apósitos > Apósitos de Fijacion,467,182.79,179.13,177.31,,30.0,42.9,,disponible,0.05,https://www.promexsa.com.mx/productos/cinta-microporosa-hipoalargenica-75-mm-x-10-m-4-pz-microcel-tuk-ucm86/,https://acdn-us.mitiendanube.com/stores/001/946/809/products/c1344b38-fdf6-4321-b16c-3b22a4b34006-aff0b9c47cf5d0f60f17635316891767-480-0.webp,"Cinta microporosa hipoalergénica MICROCEL TUK 75mm x 10m, ideal para piel sensible y fijación segura de apósitos. Compra ahora y protege tu piel."
DIS-JED-1176,Jeringa de 10 ml amarilla 20 g x 38 mm 100 pz NIPRO,NIPRO,Material de Curación,Jeringas,Agujas Hipodermicas Desechables,Material de Curación > Jeringas > Agujas Hipodermicas Desechables,468,365.4,358.09,354.44,,30.0,42.9,,disponible,5,https://www.promexsa.com.mx/productos/jeringa-10-ml-20g-38-mm-nipro/,https://acdn-us.mitiendanube.com/stores/001/946/809/products/jeringa-10-ml-amarillo-100-pz-20-x-32-ffd427d193dd5a191817895873053122-480-0.webp,"Compra Jeringa NIPRO 10 mL con aguja amarilla 20G x 38 mm, estéril, desechable y libre de pirógenos. Caja con 100 piezas.."
DIS-JE5-326,Jeringa de 50 ml sin aguja 30 pz NIPRO,NIPRO,Material de Curación,Jeringas,Jeringas Desechables,Material de Curación > Jeringas > Jeringas Desechables > Luer Lock,469,418.17,409.81,405.62,,30.0,42.9,,disponible,1,https://www.promexsa.com.mx/productos/jeringa-50-ml-sin-aguja-30-pz-nipro/,https://acdn-us.mitiendanube.com/stores/001/946/809/products/jeringa-sin-aguja-nipro-50-ml-752863b404d983900a17895459078626-480-0.webp,"Compra Jeringa NIPRO 50 mL sin aguja Luer Lock, estéril, desechable y libre de pirógenos. Caja con 30 piezas. Envíos a todo México."
DIS-JED-1380,Jeringas de 5 ml amarilla 20 g x 38 mm 100 pz SENSIMEDICAL,,Material de Curación,Jeringas,Jeringas Desechables,Material de Curación > Jeringas > Jeringas Desechables,470,308.64,302.47,299.38,,30.0,42.9,,disponible,10,https://www.promexsa.com.mx/productos/jeringas-de-5-ml-con-aguja-20g-x-38-mm-amarilla-100-pz-sensimedical/,https://acdn-us.mitiendanube.com/stores/001/946/809/products/fotos-tiendanube-19-18c60794a0ffe6473717592713847113-480-0.webp,
DIS-SOF-932,Sonda foley de silicón 2 vías con globo de 5ml 10 fr SENSIMEDICAL,,Áreas y Especialidades,Urología,Sondas Urologicas,Áreas y Especialidades > Urología > Sondas Urologicas,471,171.58,168.15,166.43,,40.0,66.7,,disponible,10,https://www.promexsa.com.mx/productos/sonda-foley-de-silicon-2-vias-con-globo-de-5ml-10-fr-sensimedical/,https://acdn-us.mitiendanube.com/stores/001/946/809/products/fotos-tiendanube-66-a37d5a86bb5507378917595341762979-480-0.webp,
DIS-JEP-1370,Jeringa para insulina 0.5 ml 31Gx 8 mm 100 pz SENSIMEDICAL,SENSIMEDICAL,Material de Curación,Jeringas,Jeringas Desechables,Material de Curación > Jeringas > Jeringas Desechables,472,321.05,314.63,311.42,,30.0,42.9,,disponible,1,https://www.promexsa.com.mx/productos/jeringa-para-insulina-0-5-ml-con-aguja-31gx-8-mm-100-pz-sensimedical/,https://acdn-us.mitiendanube.com/stores/001/946/809/products/fotos-tiendanube-55-5e36b0859c946cf0f217595195569405-480-0.webp,
DIS-JED-1375,Jeringa de 3 ml sin aguja 100 pz SENSIMEDICAL,SENSIMEDICAL,Material de Curación,Jeringas,Jeringas Desechables,Material de Curación > Jeringas > Jeringas Desechables,473,230.59,225.98,223.67,,30.0,42.9,,disponible,10,https://www.promexsa.com.mx/productos/jeringa-de-3-ml-sin-aguja-100-pz-sensimedical/,https://acdn-us.mitiendanube.com/stores/001/946/809/products/fotos-tiendanube-26-1cb778be5ac4a1546217594471159673-480-0.webp,
DIS-JED-1383,Jeringa de 10 ml sin aguja 100 pz SENSIMEDICAL,SENSIMEDICAL,Material de Curación,Jeringas,Jeringas Desechables,Material de Curación > Jeringas > Jeringas Desechables,474,409.74,401.55,397.45,,30.0,42.9,,disponible,1,https://www.promexsa.com.mx/productos/jeringa-de-10-ml-sin-aguja-marca-100-pz-sensimedical/,https://acdn-us.mitiendanube.com/stores/001/946/809/products/cc08b2fe-9703-49c9-a527-9162d71214e3-241dcad952bb6db6e417491098836497-480-0.webp,
DIS-AGH-1131,Aguja hipodérmica desechable naranja 30 g x 13 mm 100 pz NIPRO,NIPRO,Material de Curación,Jeringas,Agujas Hipodermicas Desechables,Material de Curación > Jeringas > Agujas Hipodermicas Desechables,475,127.71,125.16,123.88,,30.0,42.9,,disponible,0.1,https://www.promexsa.com.mx/productos/aguja-hipodermica-desechable-naranja-30g-x-13mm-100-pz-nipro/,https://acdn-us.mitiendanube.com/stores/001/946/809/products/68ee0586-71e4-4908-8c51-aa9ec2ef3332-2ffe10ded465c32b1717320821298987-480-0.webp,"Agujas hipodérmicas desechables NIPRO, caja de 100 piezas. Punta biselada, estériles y seguras. Ideales para uso médico y hospitalario."
DIS-RAD-929,Rastrillo desechable dientes de bordes romos hoja de un filo 50 pz AMBIDERM,AMBIDERM,Equipo Quirúrgico,Complementos Quirúrgicos,Accesorios Quirúrgicos,Equipo Quirúrgico > Complementos Quirúrgicos > Accesorios Quirúrgicos,476,205.26,201.15,199.1,,38.0,61.3,,disponible,1,https://www.promexsa.com.mx/productos/rastrillo-desechable-dientes-de-bordes-romos-hoja-de-un-filo-50-pz-ambiderm/,https://acdn-us.mitiendanube.com/stores/001/946/809/products/titulo-2-b621965183b5e2147617345770745480-480-0.webp,
DIS-AGH-1080,Audífono amplificador auxiliar 5000 hz 40x40x12 mm HA20 BEURER,BEURER,Cuidado Personal,Auditivos,,Cuidado Personal > Auditivos,477,632.66,620.01,613.68,,45.0,81.8,,disponible,1,https://www.promexsa.com.mx/productos/audifono-amplificador-auxiliar-5000-hz-40x40x12-mm-ha20-beurer/,https://acdn-us.mitiendanube.com/stores/001/946/809/products/5468af0e-ff5c-4546-803b-2962f801e6ae-25c772904333ab766217313952179770-480-0.webp,
DIS-MEA-840,Medias antiembólicas Larga al muslo m PREVARIS,PREVARIS,Sin Categoría,,,Sin Categoría,478,168.86,165.48,163.79,,33.0,49.3,,disponible,0.08,https://www.promexsa.com.mx/productos/medias-antiembolicas-larga-al-muslo-m-1-par-prevaris/,https://acdn-us.mitiendanube.com/stores/001/946/809/products/03a3f102-f492-4228-86b3-0721a08b3770-98af2928df2b4df99b17301918526068-480-0.webp,"Medias grado médico talla M, largo muslo. Compresión efectiva para prevención de coágulos. Marca PREVARIS, 1 par"
DIS-SOA-850,Solución Antiseptica 5 L JALOMA,JALOMA,Accesorios y Suministros Médicos,Sueros E Hidratantes,Antisépticos y Germicidas,Accesorios y Suministros Médicos > Sueros E Hidratantes > Antisépticos y Germicidas,479,899.99,881.99,872.99,,28.0,38.9,,disponible,1,https://www.promexsa.com.mx/productos/solucion-antiseptica-5-l-jaloma/,https://acdn-us.mitiendanube.com/stores/001/946/809/products/ad87cf01-4211-4ed7-9513-215fb0d3b0fe-77151d84d6deb1ed3617285456952941-480-0.webp,
DIS-GUD-837,Guantes de vinilo light libre de polvo AMBIDERM / Talla L 100 piezas,AMBIDERM,Accesorios y Suministros Médicos,Guantes,Guantes de Vinyl,Accesorios y Suministros Médicos > Guantes > Guantes de Vinyl,480,88.81,87.03,86.15,,28.0,38.9,,disponible,0.64,https://www.promexsa.com.mx/productos/guante-de-vinyl-light-libre-de-polvo-g-100-pz-ambiderm/,https://acdn-us.mitiendanube.com/stores/001/946/809/products/26283f3d-68af-4852-9b12-7e188af208d6-50b63b93cf848e475917236262097084-480-0.webp,Presentación de 100 piezas para consultorios que necesitan guantes desechables sin polvo con fácil colocación. Ideal para compras recurrentes de clínicas y distribuidores.
DIS-SOL-715,Sonda gastrointestinal levin con línea radiopaca 18 fr VISA,VISA,Áreas y Especialidades,Gastroenterología,Alimentación Gástrica,Áreas y Especialidades > Gastroenterología > Alimentación Gástrica,481,19.03,18.65,18.46,,40.0,66.7,,disponible,1,https://www.promexsa.com.mx/productos/sonda-levin-con-linea-radiopaca-18-fr-visa/,https://acdn-us.mitiendanube.com/stores/001/946/809/products/bc646d6d-e795-4560-aaa1-d06c8027c70e-c569784e1e5dddb69a17162759353084-480-0.webp,Sonda levin con linea radiopaca 18 fr VISA
DIS-EQP-747,Equipo para venoclisis normogotero 25pz MEDICRIT,MEDIKRIT,Equipo Quirúrgico,Venoclisis,Catéteres Intravenosos,Equipo Quirúrgico > Venoclisis > Catéteres Intravenosos,482,415.56,407.25,403.09,,38.0,61.3,,disponible,0.66,https://www.promexsa.com.mx/productos/equipo-para-venoclisis-normogotero-25pz-medikrit/,https://acdn-us.mitiendanube.com/stores/001/946/809/products/fa507953-ab77-4600-9beb-107fb4141957-9db580922d8a7e341d17159216503534-480-0.webp,Equipo para venoclisis normogotero 25pz MEDIKRIT
DIS-BOP-725,Bolsa para ileostomía o colostomía adulto t. botella 4 placas protectoras 30cm x 15 cm SENSIMEDICAL,SENSI MEDICAL,Áreas y Especialidades,Colostomía y Urostomía,,Áreas y Especialidades > Colostomía y Urostomía,483,464.78,455.48,450.84,,40.0,66.7,,disponible,0.18,https://www.promexsa.com.mx/productos/bolsa-para-ileostomia-o-colostomia-adulto-t-botella-4-placas-protectoras-30cm-x-15-cm-sensi-medical/,https://acdn-us.mitiendanube.com/stores/001/946/809/products/368a0462-23a4-48a4-b848-d31a6130afb6-a7c7dc08209d3609d017159196069492-480-0.webp,
DIS-EQD-767,Equipo de drenaje 3 camaras adulto 1800 ml TECMED,TECMED,Equipo Quirúrgico,Drenajes,,Equipo Quirúrgico > Drenajes,484,939.32,920.53,911.14,,38.0,61.3,,disponible,1,https://www.promexsa.com.mx/productos/equipo-de-drenaje-3-camaras-adulto-1800-ml-tecmed/,https://acdn-us.mitiendanube.com/stores/001/946/809/products/0ff9c209-1407-49e5-9914-3a3f883816a2-bdc43da17240701c2617151525820031-480-0.webp,
DIS-GUD-800,Guantes de nitrilo verde sin polvo UNISEAL / Talla L caja 100 piezas,UNISEAL,Accesorios y Suministros Médicos,,,Accesorios y Suministros Médicos,485,147.45,144.5,143.03,,28.0,38.9,,disponible,0.43,https://www.promexsa.com.mx/productos/guante-de-nitrilo-verde-g-100pz-uniseal/,https://acdn-us.mitiendanube.com/stores/001/946/809/products/5a114bed-8c27-4b54-a0c6-f43edd4fab32-56877279527f8d2d3b17097905135623-480-0.webp,Guantes de nitrilo Uniseal verde sin polvo para manejo de alimentos. Ofrecen calidad profesional y envío rápido en México.
DIS-GUD-802,Guantes de nitrilo verde sin polvo UNISEAL / Talla S caja 100 piezas,UNISEAL,Accesorios y Suministros Médicos,,,Accesorios y Suministros Médicos,486,147.45,144.5,143.03,,28.0,38.9,,disponible,1,https://www.promexsa.com.mx/productos/guante-de-nitrilo-verde-ch-100pz-uniseal/,https://acdn-us.mitiendanube.com/stores/001/946/809/products/9bdf845a-6041-42c7-8fdd-d418f837c104-56ed76c32622cdf05617097904995912-480-0.webp,"Protección con guantes de nitrilo verde Uniseal sin polvo. Recomendados para laboratorios y análisis, talla S / chica; mayoreo disponible."
DIS-GUD-780,Guantes de nitrilo cobalto sin polvo UNISEAL / Talla M caja 100 piezas,UNISEAL,Accesorios y Suministros Médicos,,,Accesorios y Suministros Médicos,487,147.45,144.5,143.03,,28.0,38.9,,disponible,1,https://www.promexsa.com.mx/productos/guante-de-nitrilo-cobalto-m-100pz-uniseal/,https://acdn-us.mitiendanube.com/stores/001/946/809/products/5103609e-93cd-4f44-b982-db5c082822d2-d1bb8dd90be5fa1b8517097877293841-480-0.webp,"Protección con guantes de nitrilo cobalto Uniseal sin polvo. Recomendados para cocinas, alimentos y servicio, talla M / mediana; mayoreo disponible."
DIS-GUD-254,Guantes de vinilo negro libre de polvo FLEX / Talla S 100 piezas,FLEX,Accesorios y Suministros Médicos,Guantes,Guantes de Vinyl,Accesorios y Suministros Médicos > Guantes > Guantes de Vinyl,488,119.23,116.85,115.65,,28.0,38.9,,disponible,0.58,https://www.promexsa.com.mx/productos/guante-de-vinyl-libre-de-polvo-negro-ch-100-pz-flex/,https://acdn-us.mitiendanube.com/stores/001/946/809/products/00d7e0ca-354c-4d2e-ab91-a18b88ed4c07-13ab0d69e06e0b2b0a17082140081350-480-0.webp,"Guantes de vinilo Flex talla S, recomendados para tareas de bajo riesgo y atención diaria en clínicas. Disponible para abastecimiento profesional y reposición rápida."
DIS-BOR-658,Bolsa rpbi roja 46 cm x 50 xm 100 pz IXION,IXION,Sin Categoría,,,Sin Categoría,489,380.1,372.5,368.7,,33.0,49.3,,disponible,1,https://www.promexsa.com.mx/productos/bolsa-rpbi-roja-46-cm-x-50-xm-100-pz-ixion/,https://acdn-us.mitiendanube.com/stores/001/946/809/products/6aedfa7c-adba-4c96-8e75-94be50389841-ed0c0c1bce71cd4c3c17081585194467-480-0.webp,
DIS-BOP-573,"Bolsa para esterilizar de 3.5 x 10&quot; 200 pz UNISEAL",UNISEAL,Equipo Quirúrgico,Complementos Quirúrgicos,Accesorios para Esterilizar,Equipo Quirúrgico > Complementos Quirúrgicos > Accesorios para Esterilizar,490,150.77,147.75,146.25,,38.0,61.3,,disponible,1.2,https://www.promexsa.com.mx/productos/bolsa-para-esterilizar-de-3-5-x-10-200-pz-uniseal/,https://acdn-us.mitiendanube.com/stores/001/946/809/products/baberos-demeva-2024-03-12t194053-634-5edebaa5f1fd20f14d17102967798970-480-0.webp,
DIS-GAN-599,Gasa no estéril 7.5 cm x 5 cm 12 capas 200 pz DIBAR,DIBAR,Material de Curación,Algodón y Gasas,Gasas y Esponjas de Gasas,Material de Curación > Algodón y Gasas > Gasas y Esponjas de Gasas,491,132.82,130.16,128.84,,30.0,42.9,,disponible,1,https://www.promexsa.com.mx/productos/gasa-no-esteril-7-5-cm-x-5-cm-12-capas-200-pz-dibar/,https://acdn-us.mitiendanube.com/stores/001/946/809/products/06e74318-448f-4650-92c3-2dc7bf5eef2b-2b9eb0fb794bf816a717059939811055-480-0.webp,
DIS-KID-706,Kit Baumanómetro con estetoscopio campana doble azul marino B1-1D HERGOM,HERGOM,Equipo y Mobiliario,Equipo de Diagnostico y Monitoreo,Baumanometros,Equipo y Mobiliario > Equipo de Diagnostico y Monitoreo > Baumanometros,492,311.74,305.51,302.39,,20.0,25.0,,disponible,1,https://www.promexsa.com.mx/productos/kit-baumanometro-con-estetoscopio-campana-doble-azul-marino-b1-1d-hergom/,https://acdn-us.mitiendanube.com/stores/001/946/809/products/d7b942ee-6a7e-415c-b790-a4c95b8c899bsv2014-02-14srbsige2pakgdu2v2fnhw4ohxesciakmavsnie5s8mest1tcxk3dst2023-08-03t053a413a23zse2123-08-03t053a513a23zspr-01314c55095533bfa516910419668097-480-0.webp,
DIS-VEE-538,Venda elástica 25 cm 6 pz VENDAMAX,VENDAMAX,Material de Curación,Vendas,Vendas para Curación,Material de Curación > Vendas > Vendas para Curación,493,169.73,166.34,164.64,,30.0,42.9,,disponible,0.76,https://www.promexsa.com.mx/productos/venda-elastica-25-cm-6-pz-vendamax/,https://acdn-us.mitiendanube.com/stores/001/946/809/products/fotos-tiendanube-50-048ed203a283b8433117595190756618-480-0.webp,
DIS-TID-492,Tintura de benjuí 1 l DROTASA,DROTASA,Accesorios y Suministros Médicos,Sueros E Hidratantes,Antisépticos y Germicidas,Accesorios y Suministros Médicos > Sueros E Hidratantes > Antisépticos y Germicidas,494,243.01,238.15,235.72,,28.0,38.9,,disponible,0.9,https://www.promexsa.com.mx/productos/tintura-de-benjui-1l-drotasa/,https://acdn-us.mitiendanube.com/stores/001/946/809/products/d490e7a4-dc8a-45fc-a4dc-03113290bc41sv2014-02-14srbsigj5dhafgeuqu7qj2ecduvhhaiyej0znppdi7hhqbtkvk3dst2022-09-09t233a193a52zse2122-09-09t233a293a52zspr-9fd17050527e6a104d16872234947210-480-0.webp,
DIS-TEA-487,Tela adhesiva 2.5 cm x 1 m no 2 con 24 pz DIBAR,DIBAR,Material de Curación,,,Material de Curación,495,234.35,229.66,227.32,,30.0,42.9,,disponible,0.32,https://www.promexsa.com.mx/productos/tela-adhesiva-2-5-cm-x-1-m-no-2-con-24-pz-dibar/,https://acdn-us.mitiendanube.com/stores/001/946/809/products/baberos-demeva-f80b5726e4e415c7ae17045935136648-480-0.webp,
DIS-TEA-485,Tela adhesiva 1.25 cm x 1 m no 1 con 24 pz DIBAR,DIBAR,Material de Curación,,,Material de Curación,496,194.3,190.41,188.47,,30.0,42.9,,disponible,0.18,https://www.promexsa.com.mx/productos/tela-adhesiva-1-25-cm-x-1-m-no-1-con-24-pz-dibar/,https://acdn-us.mitiendanube.com/stores/001/946/809/products/baberos-demeva-1-b546f00a5c988686fa17045944151485-480-0.webp,
DIS-REM-413,Respirador de media cara mm-6200 3M,3M,Equipo de Protección Personal,,,Equipo de Protección Personal,497,404.88,396.78,392.73,,32.0,47.1,,disponible,0.22,https://www.promexsa.com.mx/productos/respirador-de-media-cara-mm-6200-3m/,https://acdn-us.mitiendanube.com/stores/001/946/809/products/buenos-661-68e9515e5e33957dad16880198089056-480-0.webp,
DIS-OTC-700,Otoscopio con lampara y accesorios económico checkatek KT-GF08P HERGOM,HERGOM,Equipo y Mobiliario,Equipo de Diagnostico y Monitoreo,,Equipo y Mobiliario > Equipo de Diagnostico y Monitoreo,498,205.65,201.54,199.48,,20.0,25.0,,disponible,1,https://www.promexsa.com.mx/productos/otoscopio-con-lampara-y-accesorios-economico-checkatek-hergom/,https://acdn-us.mitiendanube.com/stores/001/946/809/products/otoscopio-con-lampara-y-accesorios-economico-checkatek-hergom1-aebee1b7050a8c0d2316876426647254-480-0.webp,Otoscopio con lampara y accesorios económico checkatek HERGOM
DIS-JED-339,Jeringa de 5 ml amarilla 20 g x 32 mm 100 pz AMBIDERM,AMBIDERM,Material de Curación,Jeringas,Jeringas Desechables,Material de Curación > Jeringas > Jeringas Desechables,499,161.32,158.09,156.48,,30.0,42.9,,disponible,1,https://www.promexsa.com.mx/productos/jeringa-de-5ml-amarilla-20g-x-32mm-100-pz-ambiderm/,https://acdn-us.mitiendanube.com/stores/001/946/809/products/5dfd2a73-b98b-4eea-b0e7-9fa0482252e0sv2014-02-14srbsigyiwrbfmkq6jfejhwrraarnqes6wbsl4g1t827tyzwyu3dst2022-10-06t013a073a22zse2122-10-06t013a173a22zspr-33fa98a3e1b10b4a4116872124011650-480-0.webp,
DIS-JED-336,Jeringa de 3 ml negra 22 g x 32 mm 100 pz SENSIMEDICAL,SENSI MEDICAL,Material de Curación,Jeringas,Jeringas Desechables,Material de Curación > Jeringas > Jeringas Desechables,500,258.97,253.79,251.2,,30.0,42.9,,disponible,1,https://www.promexsa.com.mx/productos/jeringa-de-3ml-negra-22g-x-32mm-100-pz-ambiderm/,https://acdn-us.mitiendanube.com/stores/001/946/809/products/baberos-demeva-37-75c97bbbc7050a357e17047785325369-480-0.webp,Jeringa de 3Ml negra 22g x 32mm 100 pz AMBIDERM
DIS-HOP-668,Hoja para bisturí acero inoxidable #10 100 pz HERGOM,HERGOM,Equipo Quirúrgico,Instrumental Quirúrgico,Bisturís,Equipo Quirúrgico > Instrumental Quirúrgico > Bisturís,501,278.04,272.48,269.7,,38.0,61.3,,disponible,0.12,https://www.promexsa.com.mx/productos/hoja-para-bisturi-acero-inoxidable-10-100-pz-hergom/,https://acdn-us.mitiendanube.com/stores/001/946/809/products/11-67feb3c367a7f4c44f16877394789542-480-0.webp,
DIS-HOP-682,Hoja para bisturí acero carbón #21 100 pz HERGOM,HERGOM,Equipo Quirúrgico,Instrumental Quirúrgico,Bisturís,Equipo Quirúrgico > Instrumental Quirúrgico > Bisturís,502,210.21,206.01,203.9,,38.0,61.3,,disponible,0.14,https://www.promexsa.com.mx/productos/hoja-para-bisturi-acero-carbon-21-100-pz-hergom/,https://acdn-us.mitiendanube.com/stores/001/946/809/products/511-e9e8ac5975bd7cc1ac16877409404279-480-0.webp,
DIS-HOP-680,Hoja para bisturí acero carbón #15 100 pz HERGOM,HERGOM,Equipo Quirúrgico,Instrumental Quirúrgico,Bisturís,Equipo Quirúrgico > Instrumental Quirúrgico > Bisturís,503,210.21,206.01,203.9,,38.0,61.3,,disponible,1,https://www.promexsa.com.mx/productos/hoja-para-bisturi-acero-carbon-15-100-pz-hergom/,https://acdn-us.mitiendanube.com/stores/001/946/809/products/471-ae37a9a6ff9080545416877409823691-480-0.webp,
DIS-GUO-266,Guante de Látex Ortopédico UNISEAL Estéril para Cirugía,UNISEAL,Accesorios y Suministros Médicos,Guantes,Guantes para Cirugía,Accesorios y Suministros Médicos > Guantes > Guantes para Cirugía,504,825.36,808.85,800.6,,28.0,38.9,,disponible,1.26,https://www.promexsa.com.mx/productos/guante-ortopedico-uniseal-esteril-cirugia/,https://acdn-us.mitiendanube.com/stores/001/946/809/products/guante_ortopedico_desechable_uniseal_quirurgico-f6e9b48a0abf62663a17885887660286-480-0.webp,"Guante Ortopédico UniSeal estéril para cirugía, microtexturizado y de 304 mm. Látex de alto espesor, ASTM D3577-09 y empaque individual por par."
DIS-GUD-603,Guantes de vinilo azul libre de polvo MC GLOVES / Talla S 100 piezas,MC GLOVES,Accesorios y Suministros Médicos,Guantes,Guantes de Vinyl,Accesorios y Suministros Médicos > Guantes > Guantes de Vinyl,505,69.55,68.16,67.46,,28.0,38.9,,disponible,1,https://www.promexsa.com.mx/productos/guante-de-vinyl-azul-ch-100-pz-mc-gloves/,https://acdn-us.mitiendanube.com/stores/001/946/809/products/buenos-36101-4934d28cfdf2711c0a16879060404061-480-0.webp,"Producto desechable de vinilo para compras por volumen, ideal cuando se busca economía, comodidad y rotación constante. Cotiza para mayoreo y mantén stock operativo en tu negocio."
DIS-GUD-241,Guantes de polietileno AMBIDERM / Talla L 100 piezas,AMBIDERM,Cuidado Personal,Artículos Cosméticos,,Cuidado Personal > Artículos Cosméticos,506,26.53,26,25.73,,45.0,81.8,,disponible,0.14,https://www.promexsa.com.mx/productos/guante-de-polietileno-g-100-pz-ambiderm/,https://acdn-us.mitiendanube.com/stores/001/946/809/products/buenos-3521-39658d681ec3e705b616878906389909-480-0.webp,"Presentación de 100 piezas ideal para tareas rápidas de higiene, manipulación y operación diaria en negocios del sector salud. Ideal para compras recurrentes de clínicas y distribuidores."
DIS-GUD-606,Guantes de nitrilo violeta sin polvo MC GLOVES / Talla S caja 100 piezas,MC GLOVES,Accesorios y Suministros Médicos,,,Accesorios y Suministros Médicos,507,,,,,28.0,38.9,,disponible,1,https://www.promexsa.com.mx/productos/guante-de-nitrilo-violeta-ch-100-pz-mc-gloves/,https://acdn-us.mitiendanube.com/stores/001/946/809/products/buenos-3631-3f6b2cf8414512072616879058974922-480-0.webp,"Adquiere guantes de nitrilo MC GLOVES violeta sin polvo, talla S / chica. Ideales para spa, estética y tatuaje; mayoreo disponible."
DIS-GUD-237,Guantes de nitrilo verde sin polvo DERMA CARE / Talla 10 bolsa 1 par,DERMA CARE,Accesorios y Suministros Médicos,,,Accesorios y Suministros Médicos,508,38.77,37.99,37.61,,28.0,38.9,,disponible,0.08,https://www.promexsa.com.mx/productos/guante-de-nitrilo-verde-10-derma-care/,https://acdn-us.mitiendanube.com/stores/001/946/809/products/buenos-3911-2d27e8a23c7b3c4da016878988994775-480-0.webp,"Compra guantes de nitrilo Derma Care verde sin polvo, talla 10. Ideales para laboratorios y análisis; stock para compras por volumen."
DIS-GUD-211,Guantes de látex violeta AMBIDERM PLUS / Talla M 100 piezas,AMBIDERM,Accesorios y Suministros Médicos,Guantes,Guantes de Látex,Accesorios y Suministros Médicos > Guantes > Guantes de Látex,509,128.82,126.24,124.96,,28.0,38.9,,disponible,0.58,https://www.promexsa.com.mx/productos/guante-de-latex-plus-violeta-m-100-pz-ambiderm/,https://acdn-us.mitiendanube.com/stores/001/946/809/products/1231-be6c1c6bf4b0c1d78b16878896742832-480-0.webp,Este modelo de guantes de látex Ambiderm Plus está diseñado para consultorios y hospitales que requieren higiene y disponibilidad constante en sus procesos.
DIS-GUD-197,Guantes de látex naranja AMBIDERM PLUS / Talla S 100 piezas,AMBIDERM,Accesorios y Suministros Médicos,Guantes,Guantes de Látex,Accesorios y Suministros Médicos > Guantes > Guantes de Látex,510,128.82,126.24,124.96,,28.0,38.9,,disponible,0.58,https://www.promexsa.com.mx/productos/guante-de-latex-plus-naranja-ch-100-pz-ambiderm/,https://acdn-us.mitiendanube.com/stores/001/946/809/products/2211-aaf2380f17ad5cd41016878895753537-480-0.webp,Los guantes de látex en presentación de 100 piezas son ideales para clínicas que buscan eficiencia y control en el manejo de pacientes.
DIS-GUC-186,Guantes de látex AMBIDERM COMFORT / Talla L 100 piezas,AMBIDERM,Accesorios y Suministros Médicos,Guantes,Guantes de Látex,Accesorios y Suministros Médicos > Guantes > Guantes de Látex,511,128.82,126.24,124.96,,28.0,38.9,,disponible,1,https://www.promexsa.com.mx/productos/guante-confort-g-100-pz-ambiderm/,https://acdn-us.mitiendanube.com/stores/001/946/809/products/361-34e3a5b0ad0ac5350b16878904181395-480-0.webp,"Solución práctica para exploración y protección, con presentación adecuada para venta por mayoreo y reposición rápida. Cotiza para mayoreo y mantén stock operativo en tu negocio."
DIS-GEA-176,Gel antibacterial 250 ml DIBAR,DIBAR,Cuidado Personal,Limpieza Corporal,Antibacteriales,Cuidado Personal > Limpieza Corporal > Antibacteriales,512,24.84,24.34,24.09,,45.0,81.8,,disponible,0.26,https://www.promexsa.com.mx/productos/gel-antibacterial-250-ml-dibar/,https://acdn-us.mitiendanube.com/stores/001/946/809/products/271-4d8810738c5514f73316877455915998-480-0.webp,
DIS-BOP-567,Condones 144 pz OASIS,OASIS,Cuidado Personal,,,Cuidado Personal,513,428.36,419.79,415.51,,45.0,81.8,,disponible,0.54,https://www.promexsa.com.mx/productos/funda-condon-144-pz-oasis/,https://acdn-us.mitiendanube.com/stores/001/946/809/products/95337da6-3bec-4549-b391-79ed78e2746esv2014-02-14srbsignuppgtflwhoehlelxrj1put5ox2pa1frduxe38jswrw3dst2023-04-05t213a043a36zse2123-04-05t213a143a36zspr-1a92ef621d0a40335d16872046801466-480-0.webp,Funda condón 144 pz OASIS
DIS-FOP-694,Forester pinza porta esponjas recta 24 cm 5-46 economico HERGOM,HERGOM,Equipo Quirúrgico,Instrumental Quirúrgico,,Equipo Quirúrgico > Instrumental Quirúrgico,514,193.35,189.48,187.55,,38.0,61.3,,disponible,1,https://www.promexsa.com.mx/productos/forester-pinza-porta-esponjas-recta-24-cm-economico-hergom/,https://acdn-us.mitiendanube.com/stores/001/946/809/products/buenos-61-bc69a0975da2d870b816876448824933-480-0.webp,Forester pinza porta esponjas recta 24 cm economico HERGOM
DIS-CIU-80,Circuito universal de anestesia 1.52 m HUDSON,HUDSON,Áreas y Especialidades,Anestesiología,Circuitos para Anestesia,Áreas y Especialidades > Anestesiología > Circuitos para Anestesia,515,279.08,273.5,270.71,,40.0,66.7,,disponible,1,https://www.promexsa.com.mx/productos/circuito-universal-de-anestesia-1-52-m-hudson/,https://acdn-us.mitiendanube.com/stores/001/946/809/products/circuito-universal-hudson1-b80dc5a76523e5d03c16875875426978-480-0.webp,
DIS-CIQ-552,Cinta quirúrgica transpore 7.5 cm 4 pz 3M,3M,Material de Curación,,,Material de Curación,516,303.35,297.28,294.25,,30.0,42.9,,disponible,0.42,https://www.promexsa.com.mx/productos/cinta-quirurgica-transpore-7-5-cm-4-pz-3m/,https://acdn-us.mitiendanube.com/stores/001/946/809/products/transpore-7-51-99151cfe55a0da9de916875873013684-480-0.webp,Cinta quirúrgica transopore 7.5 cm 4 pz 3M
DIS-MIC-76,Cinta microporosa quirúrgica piel colectiva1.25cm x 10.0 m con 24 pz DIBAR,DIBAR,Material de Curación,,,Material de Curación,517,310,303.8,300.7,,30.0,42.9,,disponible,0.26,https://www.promexsa.com.mx/productos/cinta-microporosa-quirurgica-piel-colectiva1-25cm-x-10-0-m-con-24-pz-dibar/,https://acdn-us.mitiendanube.com/stores/001/946/809/products/e04256fd-d72b-4787-a86e-05128d75e4ffsv2014-02-14srbsigataojwue2fhfipxoaevqnsf56ra88lrw1mqx8g8jq2fv83dst2022-10-04t193a363a53zse2122-10-04t193a463a53zspr-3130c19a8e02d7bfe716872009978856-480-0.webp,
DIS-CAP-578,Catéter para venoclísis 16g 50 pz DL,DL,Equipo Quirúrgico,Venoclisis,Catéteres Intravenosos,Equipo Quirúrgico > Venoclisis > Catéteres Intravenosos,518,465.61,456.3,451.64,,38.0,61.3,,disponible,0.24,https://www.promexsa.com.mx/productos/cateter-para-venoclisis-16g-50-pz-dl/,https://acdn-us.mitiendanube.com/stores/001/946/809/products/1291-c3c7dadf0e387bdb0316875000593572-480-0.webp,
DIS-CAP-577,Catéter para venoclísis 14g 50 pz DL,DL,Equipo Quirúrgico,Venoclisis,Catéteres Intravenosos,Equipo Quirúrgico > Venoclisis > Catéteres Intravenosos,519,465.61,456.3,451.64,,38.0,61.3,,disponible,0.24,https://www.promexsa.com.mx/productos/cateter-para-venoclisis-14g-50-pz-dl/,https://acdn-us.mitiendanube.com/stores/001/946/809/products/1081-32c9fe13e58513970116875000644011-480-0.webp,
PDC-CAP-608,Calzón para adulto ch-j 10 pz SANTA JULIA,SANTA JULIA,Cuidado Personal,Incontinencia,Pañales para Adulto,Cuidado Personal > Incontinencia > Pañales para Adulto,520,90.22,88.42,87.51,,45.0,81.8,,disponible,0.96,https://www.promexsa.com.mx/productos/calzon-para-adulto-m-10-pz-santa-julia/,https://acdn-us.mitiendanube.com/stores/001/946/809/products/df80c95a-a06f-439d-b0ab-b76d516bed9dsv2014-02-14srbsig2bbdx08ns99zfcftk7doxk9uiongjo0nu2lqmwrsmuxw3dst2022-09-24t193a133a59zse2122-09-24t193a233a59zspr-b8151d787540eeb59e16871986623237-480-0.webp,Calzón para adulto m 10 pz SANTA JULIA
DIS-BOP-709,Bolsa para urocultivo inf. Niña (060.125.0244) 10 pz VISA,VISA,Áreas y Especialidades,Colostomía y Urostomía,,Áreas y Especialidades > Colostomía y Urostomía,521,70.42,69.01,68.31,,40.0,66.7,,disponible,1,https://www.promexsa.com.mx/productos/bolsa-para-urocultivo-inf-nina-10-pz-visa/,https://acdn-us.mitiendanube.com/stores/001/946/809/products/0243a875-ea2b-4456-abb9-39fc32473f1dsv2014-02-14srbsigw2b0xi3uohxolzjvqbrbdmrvhf97zrr0oode9yfngvpy3dst2022-12-13t003a093a40zse2122-12-13t003a193a40zspr-a3b13fa9319137a95816871965974417-480-0.webp,Bolsa para urocultivo inf. Niña 10 pz VISA
DIS-APP-28,Apósito para fijación de catéter con marco de aplicación 6 cm x 7 cm I.V. 50 pz SKINPROT,SKINPROT,Material de Curación,Apósitos,Apósitos de Fijacion,Material de Curación > Apósitos > Apósitos de Fijacion,522,405.78,397.66,393.61,,30.0,42.9,,disponible,1,https://www.promexsa.com.mx/productos/aposito-para-fijacion-de-cateter-i-v-50-pz-skinprot/,https://acdn-us.mitiendanube.com/stores/001/946/809/products/skinprot-aposito-i-v-643d8a826cb63587f417066855884333-480-0.webp,Apósito para fijación de catéter I.V. 50 pz SKINPROT
PTM-GOP-155,Gorro Plisado Desechable Azul DEMEVA / Cofia Quirúrgica Desechable de Polipropileno / Paquete con 100 Piezas,DEMEVA,Accesorios y Suministros Médicos,Prendas Desechables,Gorros,Accesorios y Suministros Médicos > Prendas Desechables > Gorros,523,70.53,69.12,68.41,,28.0,38.9,,disponible,0.32,https://www.promexsa.com.mx/productos/gorro-desechable-plisado-azul-100-pz-demeva-classic/,https://acdn-us.mitiendanube.com/stores/001/946/809/products/gorro_cofia_plisado_azul_100_pz-c0b6855e9817cbe42917839254543025-480-0.webp,"Gorra desechable azul DEMEVA de polipropileno plisado, ligera y transpirable. Paquete con 100 piezas para higiene en salud, industria y estética. ¡Compra ya!"
7502320870620,Bata para mastografía desechable azul 10 pz DEMEVA ECONOMY,DEMEVA,Ropa Desechable,Medica,Batas Paciente,Ropa Desechable > Medica > Batas Paciente > Adulto,524,72.07,70.63,69.91,,35.0,53.8,,disponible,,https://www.promexsa.com.mx/productos/bata-para-mastografia-desechable-azul-10-pz-demeva-economy-ynyf8/,https://acdn-us.mitiendanube.com/stores/001/946/809/products/437-6a3a7f043e38b95d1a17773605828068-480-0.webp,
DIS-SOG-726,Sonda gastrointestinal levin 8 fr VISA,VISA,Áreas y Especialidades,Gastroenterología,Alimentación Gástrica,Áreas y Especialidades > Gastroenterología > Alimentación Gástrica,525,11.06,10.84,10.73,,40.0,66.7,,disponible,1,https://www.promexsa.com.mx/productos/sonda-gastrointestinal-levin-8-fr-visa-1hmtn/,https://acdn-us.mitiendanube.com/stores/001/946/809/products/6d97bef5-5ad7-457f-9ddd-2c6cdd8d0d3a-eab1a0b51b813b7ee417739921158726-480-0.webp,
7503048746662,Babero dental de papel 35 cm x 45 cm azul oscuro 50 pz DEMEVA,DEMEVA,Material Dental,,,Material Dental,526,66.19,64.87,64.2,,38.0,61.3,,disponible,1,https://www.promexsa.com.mx/productos/babero-dental-de-papel-35-cm-x-45-cm-azul-oscuro-50-pz-demeva-1kjw2/,https://acdn-us.mitiendanube.com/stores/001/946/809/products/601a44f0-179e-42f5-a281-b43d671015f3-80b37ab10317e1f5e017738129006064-480-0.webp,
MQL-ROP-080,Rollo para mesa de exploración verde 0.80 m x 100 m DEMEVA CLASSIC,DEMEVA,Cuidado Personal,Protección para Cama,Sábanas,Cuidado Personal > Protección para Cama > Sábanas,527,618.09,605.73,599.55,,45.0,81.8,,disponible,0.5,https://www.promexsa.com.mx/productos/rollo-para-mesa-de-exploracion-verde-0-80-m-x-100-m-demeva-classic-jn0jo/,https://acdn-us.mitiendanube.com/stores/001/946/809/products/ceb21860-a644-4dc8-aaf8-f986bb10cdef-ba7ececc346f0e162117726970342466-480-0.webp,"Rollo para mesa de exploración desechable marca DEMEVA fabricado en tela SMS de polipropileno de 3 capas antirepelente. Ideal para consultorios médicos, clínicas, hospitales, estética y centros de diagnóstico. Disponible en diferentes colores, gramajes y presentaciones."
MQL-ROP-078,Rollo para mesa de exploración rosa 0.80 m x 100 m DEMEVA CLASSIC,DEMEVA,Cuidado Personal,Protección para Cama,Sábanas,Cuidado Personal > Protección para Cama > Sábanas,528,580.56,568.95,563.14,,45.0,81.8,,disponible,0.5,https://www.promexsa.com.mx/productos/rollo-para-mesa-de-exploracion-rosa-0-80-m-x-100-m-demeva-classic-1gmqc/,https://acdn-us.mitiendanube.com/stores/001/946/809/products/4295a0a7-2d88-4892-932b-82fc80aa3fb0-58c3535cdcf8b74ca617726970042457-480-0.webp,"Rollo para mesa de exploración desechable marca DEMEVA fabricado en tela SMS de polipropileno de 3 capas antirepelente. Ideal para consultorios médicos, clínicas, hospitales, estética y centros de diagnóstico. Disponible en diferentes colores, gramajes y presentaciones."
MQL-ROP-069,Rollo para mesa de exploración azul 0.80 m x 100 m DEMEVA CLASSIC,DEMEVA,Cuidado Personal,Protección para Cama,Sábanas,Cuidado Personal > Protección para Cama > Sábanas,529,564.92,553.62,547.97,,45.0,81.8,,disponible,0.5,https://www.promexsa.com.mx/productos/rollo-para-mesa-de-exploracion-azul-0-80-m-x-100-m-demeva-classic-9k60o/,https://acdn-us.mitiendanube.com/stores/001/946/809/products/a40c7ad6-130b-4838-92e6-4c2b26d49eb9-b4f15e49a0527d9e9517726969063114-480-0.webp,"Rollo para mesa de exploración desechable marca DEMEVA fabricado en tela SMS de polipropileno de 3 capas antirepelente. Ideal para consultorios médicos, clínicas, hospitales, estética y centros de diagnóstico. Disponible en diferentes colores, gramajes y presentaciones."
PTM-BAT-092,Bata quirúrgica desechable verde sin refuerzo 10 pz DEMEVA CLASSIC,DEMEVA,Ropa Desechable,Medica,Batas Quirurgicas,Ropa Desechable > Medica > Batas Quirurgicas,530,283.61,277.94,275.1,,35.0,53.8,,disponible,1,https://www.promexsa.com.mx/productos/bata-tipo-quirurgica-verde-sin-refuerzo-10-pz-demeva-classic-1l0wx/,https://acdn-us.mitiendanube.com/stores/001/946/809/products/377-364c2bd5309b53cd0b17722513470496-480-0.webp,Bata quirúrgica verde 32g tricapa SMS antifluidos con puño cardigan. Ideal para quirófano y hospitales. Paquete con 10 piezas.
PTM-BAT-088,Bata quirúrgica desechable roja sin refuerzo 10 pz DEMEVA CLASSIC,DEMEVA,Ropa Desechable,Medica,Batas Quirurgicas,Ropa Desechable > Medica > Batas Quirurgicas,531,,,,,35.0,53.8,,disponible,1,https://www.promexsa.com.mx/productos/bata-tipo-quirurgica-roja-sin-refuerzo-10-pz-demeva-classic-1suip/,https://acdn-us.mitiendanube.com/stores/001/946/809/products/379-e7448b162e23488fc217722513129171-480-0.webp,Bata quirúrgica roja 30g tricapa SMS antifluidos con puño cardigan. Resistente y cómoda para uso hospitalario. Presentación con 10 piezas.
PTM-BAT-077,Bata quirúrgica desechable blanca sin refuerzo 10 pz DEMEVA ECONOMY,DEMEVA,Ropa Desechable,Medica,Batas Quirurgicas,Ropa Desechable > Medica > Batas Quirurgicas,532,234.45,229.76,227.42,,35.0,53.8,,disponible,1,https://www.promexsa.com.mx/productos/bata-tipo-quirurgica-blanca-sin-refuerzo-10-pz-demeva-economy-1vlfe/,https://acdn-us.mitiendanube.com/stores/001/946/809/products/370-bfc4e798ce2992084517722512826990-480-0.webp,Bata quirúrgica blanca 23g en tela tricapa SMS antifluidos con puño cardigan. Ligera y cómoda para uso clínico. Paquete con 10 piezas.
DIS-RAD-930,Rastrillo desechable dientes de bordes romos hoja de dos filos 100 pz AMBIDERM,AMBIDERM,Equipo Quirúrgico,Complementos Quirúrgicos,Accesorios Quirúrgicos,Equipo Quirúrgico > Complementos Quirúrgicos > Accesorios Quirúrgicos,533,692.51,678.66,671.73,,38.0,61.3,,disponible,0.4,https://www.promexsa.com.mx/productos/rastrillo-desechable-dientes-de-bordes-romos-hoja-de-dos-filos-100-pz-ambiderm-ndypd/,https://acdn-us.mitiendanube.com/stores/001/946/809/products/c070c2be-c840-4965-9530-53877fb3363f-1f4af793dec79776a217648751755170-480-0.webp,"Rastrillo desechable AMBIDERM con dientes romos y hoja doble, ideal para cirugías precisas. Compra ahora y mejora tu práctica médica."
DIS-TEA-783,Tela adhesiva quirurgica acetato 12.5 mm x 10 mm 12 pz MEDICEL TUK,MEDICEL TUK,Material de Curación,Apósitos,Apósitos de Fijacion,Material de Curación > Apósitos > Apósitos de Fijacion,534,433.15,424.49,420.16,,30.0,42.9,,disponible,0.1,https://www.promexsa.com.mx/productos/tela-adhesiva-quirurgica-acetato-12-5-mm-x-10-mm-12-pz-medicel-tuk-dg3iw/,https://acdn-us.mitiendanube.com/stores/001/946/809/products/b9efb630-a42c-468e-8cb6-a78eb73dccef-ac33930ef70f71a32117635317212840-480-0.webp,"Cinta quirúrgica de acetato MEDICEL TUK con adhesión fuerte y suave para piel, ideal para curaciones y procedimientos médicos."
DIS-GUD-1204,Guantes de látex AMBIDERM EXTRA / Talla L 100 piezas,AMBIDERM,Accesorios y Suministros Médicos,Guantes,Guantes de Látex,Accesorios y Suministros Médicos > Guantes > Guantes de Látex,535,128.82,126.24,124.96,,28.0,38.9,,disponible,0.58,https://www.promexsa.com.mx/productos/guante-de-latex-g-100-pz-ambiderm-extra-hvtn0/,https://acdn-us.mitiendanube.com/stores/001/946/809/products/502f7b02-bdee-45d3-85a3-b04e527543b3-9cf0e8c3592974ffce17603987342709-480-0.webp,"Los guantes de látex son adecuados para actividades clínicas y técnicas, ofreciendo una alternativa funcional para abastecimiento profesional."
DIS-JED-1390,Jeringas de 20 ml 20 g x 38 mm 50 pz SENSIMEDICAL,SENSIMEDICAL,Material de Curación,Jeringas,Jeringas Desechables,Material de Curación > Jeringas > Jeringas Desechables,536,328.15,321.59,318.31,,30.0,42.9,,disponible,1,https://www.promexsa.com.mx/productos/jeringas-de-20-ml-con-aguja-21g-x-32-mm-100-pz-sensimedical/,https://acdn-us.mitiendanube.com/stores/001/946/809/products/fotos-tiendanube-33-464c1dda79c0d478b017594476876789-480-0.webp,
DIS-HOP-688,Hoja para bisturí acero inoxidable #20 100 pz SENSIMEDICAL,SENSIMEDICAL,Equipo Quirúrgico,Instrumental Quirúrgico,Bisturís,Equipo Quirúrgico > Instrumental Quirúrgico > Bisturís,537,321.97,315.53,312.31,,38.0,61.3,,disponible,1,https://www.promexsa.com.mx/productos/hoja-para-bisturi-acero-inoxidable-20-100-pz-sensimedical/,https://acdn-us.mitiendanube.com/stores/001/946/809/products/fotos-tiendanube-14-b8e45a50140306feb717592683216296-480-0.webp,"Hoja para bisturí SENSIMEDICAL de acero inoxidable, estéril y desechable. Ideal para procedimientos quirúrgicos. ¡Compra ahora y asegura cortes precisos!"
DIS-HOP-687,Hoja para bisturí acero inoxidable #15 100 pz SENSIMEDICAL,SENSIMEDICAL,Equipo Quirúrgico,Instrumental Quirúrgico,Bisturís,Equipo Quirúrgico > Instrumental Quirúrgico > Bisturís,538,321.97,315.53,312.31,,38.0,61.3,,disponible,10,https://www.promexsa.com.mx/productos/hoja-para-bisturi-acero-inoxidable-15-100-pz-sensimedical/,https://acdn-us.mitiendanube.com/stores/001/946/809/products/fotos-tiendanube-15-8566559f0a7b66fe4d17592683714964-480-0.webp,"Adquiere las hojas para bisturí SENSIMEDICAL, estériles y desechables, ideales para cortes precisos en procedimientos quirúrgicos. ¡Ordena ahora!"
DIS-VEE-941,Venda enyesada 5 cm x 2.75 m 12 pz SENSIMEDICAL,SENSIMEDICAL,Material de Curación,Vendas,Vendas para Fijacion o Inmovilizacion,Material de Curación > Vendas > Vendas para Fijacion o Inmovilizacion,539,632.44,619.79,613.47,,30.0,42.9,,disponible,10,https://www.promexsa.com.mx/productos/venda-enyesada-5-cm-x-2-75-m-12-pz-sensimedical/,https://acdn-us.mitiendanube.com/stores/001/946/809/products/ce14441d-2517-4132-8642-f5d3f0e91dc2-325ce53b6f1bc10c6a17491632137338-480-0.webp,"Venda enyesada SENSIMEDICAL 5 cm x 2.75 m, ideal para inmovilización rápida de extremidades. Caja con 12 piezas. ¡Compra ahora y asegura calidad profesional!"
DIS-JED-1384,Jeringas de 10 ml amarilla 20 g x 32 mm 100 pz SENSIMEDICAL,SENSIMEDICAL,Material de Curación,Jeringas,Jeringas Desechables,Material de Curación > Jeringas > Jeringas Desechables,540,328.15,321.59,318.31,,30.0,42.9,,disponible,1,https://www.promexsa.com.mx/productos/jeringas-de-20-ml-con-aguja-20g-x-32-mm-100-pz-sensimedical/,https://acdn-us.mitiendanube.com/stores/001/946/809/products/fotos-tiendanube-32-2b4530e7036e3900f617594476555335-480-0.webp,
DIS-JED-1384,Jeringas de 10 ml amarilla 20 g x 32 mm 100 pz SENSIMEDICAL,SENSIMEDICAL,Material de Curación,Jeringas,Jeringas Desechables,Material de Curación > Jeringas > Jeringas Desechables,541,445.22,436.32,431.86,,30.0,42.9,,disponible,10,https://www.promexsa.com.mx/productos/jeringas-de-10-ml-con-aguja-20g-x-32-mm-amarilla-100-pz-sensimedical/,https://acdn-us.mitiendanube.com/stores/001/946/809/products/fotos-tiendanube-30-e36ec4a38b9fa8210517594475505992-480-0.webp,
DIS-JEP-1374,Jeringa para insulina 1 ml 30 g x 13 mm 100 pz SENSIMEDICAL,SENSIMEDICAL,Material de Curación,Jeringas,Jeringas Desechables,Material de Curación > Jeringas > Jeringas Desechables,542,315.73,309.42,306.26,,30.0,42.9,,disponible,5,https://www.promexsa.com.mx/productos/jeringa-para-insulina-1-ml-con-aguja-30g-x-13-mm-100-pz-sensimedical/,https://acdn-us.mitiendanube.com/stores/001/946/809/products/fotos-tiendanube-36-3955b028b380cf9a5c17594478248429-480-0.webp,
DIS-TOM-916,Tobimedia mediana compresión g juvenil 1 par PREVARIS,PREVARIS,Sin Categoría,,,Sin Categoría,543,100.26,98.25,97.25,,33.0,49.3,,disponible,0.06,https://www.promexsa.com.mx/productos/tobimedia-mediana-compresion-g-juvenil-1-par-prevaris/,https://acdn-us.mitiendanube.com/stores/001/946/809/products/907bcf18-cb0b-43cb-b3be-e50341a437ac-676ea441e5b6f0e00617328571272433-480-0.webp,"La Tobimedia Mediana Compresión PREVARIS está diseñada para mejorar la circulación sanguínea y aliviar molestias asociadas con varices. Fabricada con 22% Lycra y 78% Nylon, ofrece una compresión graduada de 40 mm Hg, brindando soporte y confort durante todo el día. Ideal para prevenir la formación de venas vari"
DIS-PAM-872,Pantimedia mediana compresión g humo PREVARIS,PREVARIS,Sin Categoría,,,Sin Categoría,544,134.19,131.51,130.16,,33.0,49.3,,disponible,0.08,https://www.promexsa.com.mx/productos/pantimedia-mediana-compresion-g-humo-1-par-prevaris/,https://acdn-us.mitiendanube.com/stores/001/946/809/products/48-f15137b2e3e6f9941e17479484578048-480-0.webp,"La Pantimedia Mediana Compresión PREVARIS está diseñada para mujeres que buscan mejorar la circulación sanguínea y aliviar molestias como varices, hinchazón y piernas cansadas. Con una compresión graduada de 20-30 mm Hg, ayuda a prevenir la formación de venas varicosas y brinda soporte durante largas horas de p"
DIS-MEA-920,Medias antiembólicas muslo corto m PREVARIS,PREVARIS,Sin Categoría,,,Sin Categoría,545,168.86,165.48,163.79,,33.0,49.3,,disponible,0.08,https://www.promexsa.com.mx/productos/medias-antiembolicas-muslo-corto-m-1-par-prevaris/,https://acdn-us.mitiendanube.com/stores/001/946/809/products/2f78ab02-5ae7-402c-8a8c-1d47c17a11d6-cfb7a31098cef05b0817321677374186-480-0.webp,"Las Medias Antiembólicas Muslo Corto PREVARIS están diseñadas para prevenir la formación de coágulos sanguíneos y mejorar la circulación venosa en pacientes postquirúrgicos o con movilidad reducida. Estas medias ofrecen una compresión graduada de 18-23 mm Hg, garantizando una presión uniforme que favorece el"
DIS-SOF-1154,Sonday Foley de silicón 2 vías con globo de 5 ml 16 FR NIPRO,NIPRO,Áreas y Especialidades,Urología,Sondas Urologicas,Áreas y Especialidades > Urología > Sondas Urologicas,546,146.83,143.89,142.43,,40.0,66.7,,disponible,1,https://www.promexsa.com.mx/productos/sonday-foley-de-silicon-2-vias-con-globo-de-5-ml-16-fr-nipro/,https://acdn-us.mitiendanube.com/stores/001/946/809/products/477-53a0aab933202dd5a917321353413163-480-0.webp,"La Sonda Foley de Silicón 2 Vías con Globo de 5 ml NIPRO está diseñada para un drenaje urinario eficiente y seguro en entornos hospitalarios o terapias a largo plazo. Fabricada en silicón médico 100% hipoalergénico, reduce el riesgo de reacciones adversas y permite una mayor duración en comparación con otros m"
DIS-AGH-1139,Aguja hipodérmica desechable verde 21 g x 38 mm 100 pz NIPRO,NIPRO,Material de Curación,Jeringas,Agujas Hipodermicas Desechables,Material de Curación > Jeringas > Agujas Hipodermicas Desechables,547,94.01,92.13,91.19,,30.0,42.9,,disponible,0.1,https://www.promexsa.com.mx/productos/aguja-hipodermica-desechable-verde-21g-x-38mm-100-pz-nipro/,https://acdn-us.mitiendanube.com/stores/001/946/809/products/441-52b1756bbe655d949f17320861309901-480-0.webp,"Agujas hipodérmicas desechables NIPRO, caja de 100 piezas. Punta biselada, estériles y seguras. Ideales para uso médico y hospitalario."
DIS-AGH-1083,Baumanometro de muñeca BC30 BEURER,BEURER,Equipo y Mobiliario,Equipo de Diagnostico y Monitoreo,Baumanometros,Equipo y Mobiliario > Equipo de Diagnostico y Monitoreo > Baumanometros,548,709.75,695.55,688.46,,20.0,25.0,,disponible,1,https://www.promexsa.com.mx/productos/baumanometro-de-muneca-bc30-beurer/,https://acdn-us.mitiendanube.com/stores/001/946/809/products/80-b8acf1a09a0e7cdf7517483647499426-480-0.webp,
ORT-AGH-1100,Silla de ruedas todo terreno S450 HANDY,HANDY,Cuidado Personal,Auxiliares de Movilidad,Sillas de Rueda,Cuidado Personal > Auxiliares de Movilidad > Sillas de Rueda,549,3705.48,3631.37,3594.32,,18.0,22.0,,disponible,1,https://www.promexsa.com.mx/productos/silla-de-ruedas-todo-terreno-s450-handy/,https://acdn-us.mitiendanube.com/stores/001/946/809/products/60a04f64-b4e4-4fd0-a955-f0d889d7449c-46f0c23253b510e9d017314691615182-480-0.webp,
ORT-AGH-1102,Silla de ruedas suprema plegable con Elevación de Piernas S400 HANDY,HANDY,Cuidado Personal,Auxiliares de Movilidad,Sillas de Rueda,Cuidado Personal > Auxiliares de Movilidad > Sillas de Rueda,550,4010.48,3930.27,3890.17,,18.0,22.0,,disponible,1,https://www.promexsa.com.mx/productos/silla-de-ruedas-suprema-s400-handy/,https://acdn-us.mitiendanube.com/stores/001/946/809/products/bb22bee4-fb80-4417-809c-f6a789c851c4-0d89bcd20096c63a9a17314088211906-480-0.webp,Silla de Ruedas Handy para Adulto con Eleva Piernas y Reposapiés Desmontables
DIS-AGH-1081,Audífono amplificador auxiliar 6000 hz 40x40x12 mm HA50 BEURER,BEURER,Cuidado Personal,Auditivos,,Cuidado Personal > Auditivos,551,1027.78,1007.22,996.95,,45.0,81.8,,disponible,1,https://www.promexsa.com.mx/productos/audifono-amplificador-auxiliar-6000-hz-40x40x12-mm-ha50-beurer/,https://acdn-us.mitiendanube.com/stores/001/946/809/products/b546303c-951d-4ea9-9019-f8715482d003-7d5a30d53845b92aa717313956078171-480-0.webp,
DIS-PLP-823,Placa para electrocauterio adulto OBS,OBS,Equipo Quirúrgico,Electrocirugia,,Equipo Quirúrgico > Electrocirugia,552,97.97,96.01,95.03,,38.0,61.3,,disponible,1,https://www.promexsa.com.mx/productos/placa-para-electrocauterio-adulto-obs/,https://acdn-us.mitiendanube.com/stores/001/946/809/products/ed68c5d9-1d42-4ad4-b52b-fb823ee49040-94ea0258483353ccde17236276450404-480-0.webp,
DIS-ALE-18,Alcohol etílico de 96 20 l DIBAR,DIBAR,Accesorios y Suministros Médicos,Sueros E Hidratantes,Antisépticos y Germicidas,Accesorios y Suministros Médicos > Sueros E Hidratantes > Antisépticos y Germicidas,553,1272.62,1247.17,1234.44,,28.0,38.9,,disponible,18.28,https://www.promexsa.com.mx/productos/alcohol-etilico-de-96-20-l-dibar/,https://acdn-us.mitiendanube.com/stores/001/946/809/products/alcohol-20-litros-dibar-65bfa8a3aae850445317738123032178-480-0.webp,
DIS-BAD-766,Banco de llaves de cinco vías TECMED,TECMED,Equipo Quirúrgico,Accesorios Quirúrgicos,,Equipo Quirúrgico > Accesorios Quirúrgicos,554,404.56,396.47,392.42,,38.0,61.3,,disponible,0.04,https://www.promexsa.com.mx/productos/banco-de-llaves-de-5-vias-tecmed/,https://acdn-us.mitiendanube.com/stores/001/946/809/products/844b8f12-3b19-4577-9b20-e9f6513ed82e-02610ed3b6786d7db517147194131336-480-0.webp,Banco de llaves de 5 vías TECMED
DIS-GUD-791,"Guantes de Nitrilo Negro UniSeal para Exploración / XS, S, M y L / 100 Piezas",UNISEAL,Accesorios y Suministros Médicos,Guantes,Guantes de Nitrilo,Accesorios y Suministros Médicos > Guantes > Guantes de Nitrilo > Guantes de Nitrilo Negro,555,147.45,144.5,143.03,,28.0,38.9,,disponible,1,https://www.promexsa.com.mx/productos/guantes-nitrilo-negro-uniseal-100-piezas/,https://acdn-us.mitiendanube.com/stores/001/946/809/products/guante-de-nitrilo-negro-uniseal-0078e639f860ca7bf017859984429335-480-0.webp,"Compra guantes de nitrilo negro UniSeal, caja con 100 piezas. Libres de polvo, texturizados, alta sensibilidad táctil y disponibles en tallas XCH, CH, M y G."
DIS-GUD-805,Guantes de nitrilo metálico dorado sin polvo UNISEAL / Talla L caja 100 piezas,UNISEAL,Accesorios y Suministros Médicos,,,Accesorios y Suministros Médicos,556,165.52,162.21,160.55,,28.0,38.9,,disponible,1,https://www.promexsa.com.mx/productos/guante-de-nitrilo-metalico-dorado-g-100pz-uniseal/,https://acdn-us.mitiendanube.com/stores/001/946/809/products/27d5080c-8aae-4614-9a8a-f83768a6dbea-cf7fea1321e50321e817097877986472-480-0.webp,"Guantes de nitrilo metálico dorado Uniseal sin polvo, talla L / grande. Pensados para estética y spa con barrera confiable; entrega a clínicas y empresas."
DIS-GUD-803,Guantes de nitrilo metálico dorado sin polvo UNISEAL / Talla S caja 100 piezas,UNISEAL,Accesorios y Suministros Médicos,,,Accesorios y Suministros Médicos,557,165.52,162.21,160.55,,28.0,38.9,,disponible,1,https://www.promexsa.com.mx/productos/guante-de-nitrilo-metalico-dorado-ch-100pz-uniseal/,https://acdn-us.mitiendanube.com/stores/001/946/809/products/d8a89160-a3f5-4480-848a-2335694bcaa4-4b3327c01679b62e2017097877829071-480-0.webp,"Pide Uniseal en guantes de nitrilo metálico dorado sin polvo. Para spa, estética y tatuaje, con uso práctico y opción para distribuidores."
DIS-GUD-257,Guantes de vinilo negro libre de polvo FLEX / Talla XS 100 piezas,FLEX,Accesorios y Suministros Médicos,Guantes,Guantes de Vinyl,Accesorios y Suministros Médicos > Guantes > Guantes de Vinyl,558,119.23,116.85,115.65,,28.0,38.9,,disponible,0.57,https://www.promexsa.com.mx/productos/guante-de-vinyl-libre-de-polvo-negro-xch-100-pz-flex/,https://acdn-us.mitiendanube.com/stores/001/946/809/products/1ff2c3aa-19ac-4f9a-92a9-e87830751355-ea84fc4a7482a1423a17082140768470-480-0.webp,"Producto desechable de vinilo para compras por volumen, ideal cuando se busca economía, comodidad y rotación constante. Cotiza para mayoreo y mantén stock operativo en tu negocio."
DIS-GUA-246,Guantes de vinilo azul libre de polvo FLEX / Talla S 100 piezas,FLEX,Accesorios y Suministros Médicos,Guantes,Guantes de Vinyl,Accesorios y Suministros Médicos > Guantes > Guantes de Vinyl,559,119.23,116.85,115.65,,28.0,38.9,,disponible,0.56,https://www.promexsa.com.mx/productos/guante-de-vinyl-libre-de-polvo-azul-ch-100-pz-flex/,https://acdn-us.mitiendanube.com/stores/001/946/809/products/8276226b-b890-499f-967d-a351f119a050-2b9429b2c8099bd42d17082139337948-480-0.webp,"Guantes de vinilo Flex talla S, recomendados para tareas de bajo riesgo y atención diaria en clínicas. Disponible para abastecimiento profesional y reposición rápida."
DIS-BOR-651,Bolsa rpbi roja 60 cm x 90 xm 100 pz IXION,IXION,Sin Categoría,,,Sin Categoría,560,849.81,832.81,824.32,,33.0,49.3,,disponible,5.02,https://www.promexsa.com.mx/productos/bolsa-rpbi-roja-60-cm-x-90-xm-100-pz-ixion/,https://acdn-us.mitiendanube.com/stores/001/946/809/products/36bb0ddb-9b5a-47f7-a5b1-f206faec989d-74df0ab83a1c1d8ebf17081585401960-480-0.webp,
DIS-SOD-632,Solución estérilizante glutaraldehino 4 l GAFIDEX,GAFIDEX,Accesorios y Suministros Médicos,Sueros E Hidratantes,Antisépticos y Germicidas,Accesorios y Suministros Médicos > Sueros E Hidratantes > Antisépticos y Germicidas,561,237.39,232.64,230.27,,28.0,38.9,,disponible,4.2,https://www.promexsa.com.mx/productos/solucion-esterilizante-glutaraldehino-4-l-gafidex/,https://acdn-us.mitiendanube.com/stores/001/946/809/products/f9d4ff0b-ef66-4a80-932a-6b6b14f8baeb-46deb590263d63368417064214031301-480-0.webp,
DIS-VEE-532,Venda elástica 15 cm 12 pz QUIRMEX,QUIRMEX,Material de Curación,Vendas,Vendas para Curación,Material de Curación > Vendas > Vendas para Curación,562,186.12,182.4,180.54,,30.0,42.9,,disponible,1,https://www.promexsa.com.mx/productos/venda-elastica-15-cm-12-pz-quirmex/,https://acdn-us.mitiendanube.com/stores/001/946/809/products/161bb74b-673c-4a1d-b9d5-134a99d6aed1-06d9d0f687a68152a717063338288111-480-0.webp,
DIS-ROD-598,Rollo de Tela Adhesiva en Tubo 7.5 cm x 10 m 4 pz DIBAR,DIBAR,Material de Curación,,,Material de Curación,563,410.86,402.64,398.53,,30.0,42.9,,disponible,1,https://www.promexsa.com.mx/productos/rollo-de-tela-adhesiva-en-tubo-7-5-cm-x-10-m-4-pz-dibar/,https://acdn-us.mitiendanube.com/stores/001/946/809/products/86d0a485-fa46-4c05-a7c1-0c352aa354bb-ce65149b67148693d917055606986131-480-0.webp,
DIS-KID-708,Kit Baumanómetro con estetoscopio campana doble rojo B1-5D HERGOM,HERGOM,Equipo y Mobiliario,Equipo de Diagnostico y Monitoreo,Baumanometros,Equipo y Mobiliario > Equipo de Diagnostico y Monitoreo > Baumanometros,564,311.74,305.51,302.39,,20.0,25.0,,disponible,1,https://www.promexsa.com.mx/productos/kit-baumanometro-con-estetoscopio-campana-doble-rojo-b1-5d-hergom/,https://acdn-us.mitiendanube.com/stores/001/946/809/products/181fa5cd-f487-49ac-835a-ca6acd7f5ca8sv2014-02-14srbsigtcoquztwe4qwukyplmajbn5o6yxn4q53y2vxckajpyi3dst2023-08-03t053a413a43zse2123-08-03t053a513a43zspr-c9a1ca9f392c70d3c516910420007002-480-0.webp,
DIS-KID-705,Kit Baumanómetro con estetoscopio campana doble gris B1-3D HERGOM,HERGOM,Equipo y Mobiliario,Equipo de Diagnostico y Monitoreo,Baumanometros,Equipo y Mobiliario > Equipo de Diagnostico y Monitoreo > Baumanometros,565,311.74,305.51,302.39,,20.0,25.0,,disponible,0.44,https://www.promexsa.com.mx/productos/kit-doble-baumanometro-gris-b1-3d-hergom/,https://acdn-us.mitiendanube.com/stores/001/946/809/products/56e1d65c-6d25-452f-b2e5-7dad7d086cabsv2014-02-14srbsighm2feplikzth6vr3vjh30hdlrjvrziiamh4bkojruzi43dst2023-08-02t213a303a18zse2123-08-02t213a403a18zspr-b160c354725dd2b78216910417659148-480-0.webp,
DIS-TAM-702,Taylor martillo de reflejos rosa 1-138R HERGOM,HERGOM,Equipo Quirúrgico,Instrumental Quirúrgico,Martillos,Equipo Quirúrgico > Instrumental Quirúrgico > Martillos,566,73.99,72.51,71.77,,38.0,61.3,,disponible,1,https://www.promexsa.com.mx/productos/taylor-martillo-de-reflejos-rosa-hergom/,https://acdn-us.mitiendanube.com/stores/001/946/809/products/c41cb4db-4e7b-48e0-b4ef-9f93538f8a7asv2014-02-14srbsig6g5r84jzntydfwap0ez6tmwfuyndbbk76gpvfacdyg43dst2023-07-28t213a373a43zse2123-07-28t213a473a43zspr-1800bfa0852628819916905808980900-480-0.webp,Taylor martillo de reflejos rosa HERGOM
DIS-TAM-699,Taylor martillo de reflejos azul 1-138A HERGOM,HERGOM,Equipo Quirúrgico,Instrumental Quirúrgico,Martillos,Equipo Quirúrgico > Instrumental Quirúrgico > Martillos,567,73.99,72.51,71.77,,38.0,61.3,,disponible,1,https://www.promexsa.com.mx/productos/taylor-martillo-de-reflejos-azul-hergom/,https://acdn-us.mitiendanube.com/stores/001/946/809/products/f3c07f0c-cbe1-4bba-a9e9-8b7ff69d5754sv2014-02-14srbsigaf2sdau7itarjpakjuqogpckdo4m0rdboyndszi2b2fwk3dst2023-07-28t213a193a19zse2123-07-28t213a293a19zspr-e32abe99475ccfe7eb16905797893926-480-0.webp,Taylor martillo de reflejos azul HERGOM
DIS-TUE-1395,Tubo endotraqueal tipo Murphy sin globo 24 fr 6.0 mm SENSI MEDICAL,SENSI MEDICAL,Áreas y Especialidades,Anestesiología,Sondas para Anestesia,Áreas y Especialidades > Anestesiología > Sondas para Anestesia,568,36.06,35.34,34.98,,40.0,66.7,,disponible,0.02,https://www.promexsa.com.mx/productos/tubo-endotraqueal-sin-globo-24-fr-6-0-mm-sensi-medical/,https://acdn-us.mitiendanube.com/stores/001/946/809/products/buenos-3371-a647f3f5aa277a45aa16877669055797-480-0.webp,Tubo endotraqueal sin globo 24 fr 6.0 mm SENSI MEDICAL
DIS-TUE-515,Tubo endotraqueal tipo Murphy sin globo 14 fr 3.5 mm SENSIMEDICAL,SENSI MEDICAL,Áreas y Especialidades,Anestesiología,Sondas para Anestesia,Áreas y Especialidades > Anestesiología > Sondas para Anestesia,569,33.8,33.12,32.79,,40.0,66.7,,disponible,0.01,https://www.promexsa.com.mx/productos/tubo-endotraqueal-sin-globo-14-fr-3-5-mm-sensi-medical/,https://acdn-us.mitiendanube.com/stores/001/946/809/products/buenos-3341-2830f1f8a0129fd0bc16877668883270-480-0.webp,Tubo endotraqueal sin globo 14 fr 3.5 mm SENSI MEDICAL
DIS-TIR-653,Tiras reactivas code free para medidor de glucemia TR44 BEURER,HERGOM,Equipo y Mobiliario,Equipo de Diagnostico y Monitoreo,,Equipo y Mobiliario > Equipo de Diagnostico y Monitoreo,570,451.79,442.75,438.24,,20.0,25.0,,disponible,1,https://www.promexsa.com.mx/productos/tiras-reactivas-code-free-para-medidor-de-glucemia-beurer-hergom/,https://acdn-us.mitiendanube.com/stores/001/946/809/products/tiras-reactivas-code-free-para-medidor-de-glucemia-beurer-hergom1-9d372a1b375beb944b16876448331188-480-0.webp,Tiras reactivas code free para medidor de glucemia beurer HERGOM
DIS-TEC-490,Termómetro clínico digital punta flexible SENSIMEDICAL,SENSI MEDICAL,Equipo y Mobiliario,Equipo de Diagnostico y Monitoreo,,Equipo y Mobiliario > Equipo de Diagnostico y Monitoreo,571,112.94,110.68,109.55,,20.0,25.0,,disponible,0.02,https://www.promexsa.com.mx/productos/termometro-clinico-digital-punta-flexible-sensi-medical/,https://acdn-us.mitiendanube.com/stores/001/946/809/products/buenos-881-83d0b26c734d0eabb416881053254891-480-0.webp,"Compra Termómetro Clínico Digital Punta Flexible Sensimedical. Mide oral, axilar o rectal, alarma de fiebre, pantalla LCD y Registro Sanitario."
DIS-TEA-486,Tela adhesiva 1.25 cm x 5 m no 3 con 12 pz DIBAR,DIBAR,Material de Curación,,,Material de Curación,572,213.59,209.32,207.18,,30.0,42.9,,disponible,0.24,https://www.promexsa.com.mx/productos/tela-adhesiva-1-25-cm-x-5-m-no-3-con-12-pz-dibar/,https://acdn-us.mitiendanube.com/stores/001/946/809/products/baberos-demeva-1-0e36402d11761e4e0317045954883197-480-0.webp,
DIS-REP-414,Respirador desechable mm-9010+N95 50 pz 3M,3M,Equipo de Protección Personal,,,Equipo de Protección Personal,573,719.23,704.85,697.65,,32.0,47.1,,disponible,0.52,https://www.promexsa.com.mx/productos/respirador-desechable-mm-9010n95-50-pz-3m/,https://acdn-us.mitiendanube.com/stores/001/946/809/products/buenos-651-1b10db650f7dd9798e16880197517277-480-0.webp,
DIS-PUC-407,Punzocat catéter iv 14g ptfe naranja100 pz AMBIDERM,AMBIDERM,Equipo Quirúrgico,Venoclisis,Catéteres Intravenosos,Equipo Quirúrgico > Venoclisis > Catéteres Intravenosos,574,652.76,639.7,633.18,,38.0,61.3,,disponible,0.5,https://www.promexsa.com.mx/productos/punzocat-cateter-iv-14g-ptfe-anaranjado-100-pz-ambiderm/,https://acdn-us.mitiendanube.com/stores/001/946/809/products/9101-3c50d62aea3b75c24116875000453287-480-0.webp,Punzocat catéter iv 14g ptfe anaranjado 100 pz AMBIDERM
DIS-MEA-370,Media antiembólica larga al muslo m PROTEC,PROTEC,Sin Categoría,,,Sin Categoría,575,241.3,236.47,234.06,,33.0,49.3,,disponible,0.08,https://www.promexsa.com.mx/productos/media-antiembolica-larga-al-muslo-m-1-par-protec/,https://acdn-us.mitiendanube.com/stores/001/946/809/products/9123c893-f047-4311-9056-9059dcb71f04sv2014-02-14srbsigijse7rthaoalf2b0teocunetmjxvdqtgh2blyx6ycs883dst2022-08-31t003a393a39zse2122-08-31t003a493a39zspr-0421908d20ba91c58c16872142020455-480-0.webp,Media antiembólica larga al muslo m 1 par PROTEC
DIS-MEA-368,Media antiembólica larga al muslo ch PROTEC,PROTEC,Sin Categoría,,,Sin Categoría,576,200.44,196.43,194.43,,33.0,49.3,,disponible,0.08,https://www.promexsa.com.mx/productos/media-antiembolica-larga-al-muslo-ch-1-par-protec/,https://acdn-us.mitiendanube.com/stores/001/946/809/products/aa03bd94-9068-4c3d-b12f-45237f5d7085sv2014-02-14srbsigzyfz7twz9al7bys8jgdaryu2flga2lynlj5rlgdrueum3dst2022-10-13t203a353a50zse2122-10-13t203a453a50zspr-fcaa59a570eba6be5316872141488429-480-0.webp,Media antiembólica larga al muslo ch 1 par PROTEC
DIS-MAP-361,Mascarilla para Nebulizador Pediátrica Sensimedical,SENSI MEDICAL,Áreas y Especialidades,Inhaloterapia,,Áreas y Especialidades > Inhaloterapia,577,52.38,51.33,50.81,,40.0,66.7,,disponible,0.02,https://www.promexsa.com.mx/productos/mascarilla-para-aerosoles-pediatrica-sensi-medical/,https://acdn-us.mitiendanube.com/stores/001/946/809/products/ba83cdfd-feb6-4fe3-b09b-ab123adc893bsv2014-02-14srbsigh6cvjm1jobbfhcprddhaho0ol7pb2bpevuwm1bdhbclc3dst2023-03-09t223a233a42zse2123-03-09t223a333a42zspr-a1478e79af55c292e316872138160939-480-0.webp,"Compra Mascarilla para Nebulizador Pediátrica Sensimedical. PVC, conector universal 22 mm y Registro Sanitario. Envíos a todo México."
DIS-MAK-359,Mascarilla kn95 1 pz,MAGIC LILY,Sin Categoría,,,Sin Categoría,578,5.5,5.39,5.33,,33.0,49.3,,disponible,1,https://www.promexsa.com.mx/productos/mascarilla-kn95-50-pz-magic-lily/,https://acdn-us.mitiendanube.com/stores/001/946/809/products/51a8d067-b99a-43a8-9134-5b70926dfef6sv2014-02-14srbsigyseig1wdh1m8ixkir8aiwcuybiyzufa9kxhm8ilsje03dst2022-10-13t193a423a11zse2122-10-13t193a523a11zspr-69e64c6e3e524721ee16872137608496-480-0.webp,Mascarilla kn95 50 pz MAGIC LILY
DIS-JEP-338,Jeringa de 5 ml negra 22 g x 32 mm 100 pz SENSIMEDICAL,SENSI MEDICAL,Material de Curación,Jeringas,Jeringas Desechables,Material de Curación > Jeringas > Jeringas Desechables,579,308.64,302.47,299.38,,30.0,42.9,,disponible,1,https://www.promexsa.com.mx/productos/jeringa-de-5-ml-negra-22g-x-32mm-100pz-sensi-medical/,https://acdn-us.mitiendanube.com/stores/001/946/809/products/buenos-81-e9c8c4012d68bc7bbc16877595753704-480-0.webp,
DIS-HOP-315,Hoja para bisturí acero inoxidable #23 100 pz AMBIDERM,AMBIDERM,Equipo Quirúrgico,Instrumental Quirúrgico,Bisturís,Equipo Quirúrgico > Instrumental Quirúrgico > Bisturís,580,299.25,293.26,290.27,,38.0,61.3,,disponible,0.14,https://www.promexsa.com.mx/productos/hoja-para-bisturi-acero-inoxidable-23-100-pz-ambiderm/,https://acdn-us.mitiendanube.com/stores/001/946/809/products/23-e6d696d13efadbd0a217046949522153-480-0.webp,
DIS-HOP-673,Hoja para bisturí acero inoxidable #21 100 pz HERGOM,HERGOM,Equipo Quirúrgico,Instrumental Quirúrgico,Bisturís,Equipo Quirúrgico > Instrumental Quirúrgico > Bisturís,581,278.04,272.48,269.7,,38.0,61.3,,disponible,0.14,https://www.promexsa.com.mx/productos/hoja-para-bisturi-acero-inoxidable-21-100-pz-hergom/,https://acdn-us.mitiendanube.com/stores/001/946/809/products/10101-d50cec362f8c6f252116877401486823-480-0.webp,
DIS-HOP-313,Hoja para bisturí acero inoxidable #21 100 pz AMBIDERM,AMBIDERM,Equipo Quirúrgico,Instrumental Quirúrgico,Bisturís,Equipo Quirúrgico > Instrumental Quirúrgico > Bisturís,582,299.25,293.26,290.27,,38.0,61.3,,disponible,1,https://www.promexsa.com.mx/productos/hoja-para-bisturi-acero-inoxidable-21-100-pz-ambiderm/,https://acdn-us.mitiendanube.com/stores/001/946/809/products/21-2711c2d866db050feb17046950985467-480-0.webp,
DIS-HOP-672,Hoja para bisturí acero inoxidable #20 100 pz HERGOM,HERGOM,Equipo Quirúrgico,Instrumental Quirúrgico,Bisturís,Equipo Quirúrgico > Instrumental Quirúrgico > Bisturís,583,278.04,272.48,269.7,,38.0,61.3,,disponible,1,https://www.promexsa.com.mx/productos/hoja-para-bisturi-acero-inoxidable-20-100-pz-hergom/,https://acdn-us.mitiendanube.com/stores/001/946/809/products/51-7bdf054a3ebbcf075116877401735690-480-0.webp,
DIS-HOP-669,Hoja para bisturí acero inoxidable #11 100 pz HERGOM,HERGOM,Equipo Quirúrgico,Instrumental Quirúrgico,Bisturís,Equipo Quirúrgico > Instrumental Quirúrgico > Bisturís,584,278.04,272.48,269.7,,38.0,61.3,,disponible,1,https://www.promexsa.com.mx/productos/hoja-para-bisturi-acero-inoxidable-11-100-pz-hergom/,https://acdn-us.mitiendanube.com/stores/001/946/809/products/921-37bff4c85166601a4a16877400596212-480-0.webp,
DIS-GUQ-655,Guata quirúrgica en venda 5 cm x 5m 24 pz PROTEC,PROTEC,Material de Curación,Vendas,Vendas para Fijacion o Inmovilizacion,Material de Curación > Vendas > Vendas para Fijacion o Inmovilizacion,585,141.23,138.41,136.99,,30.0,42.9,,disponible,0.26,https://www.promexsa.com.mx/productos/guata-quirurgica-en-venda-5-cm-x-5m-24-pz-protec/,https://acdn-us.mitiendanube.com/stores/001/946/809/products/buenos-951-23bfebc4261ed53e5c16881079699163-480-0.webp,
DIS-GUP-280,Guantes quirúrgicos estériles para cirugía SUR G / Talla 7 50 pares,SUR-G,Accesorios y Suministros Médicos,Guantes,Guantes para Cirugía,Accesorios y Suministros Médicos > Guantes > Guantes para Cirugía,586,338.66,331.89,328.5,,28.0,38.9,,disponible,1.28,https://www.promexsa.com.mx/productos/guante-para-cirugia-esteril-7-50-pr-sur-g/,https://acdn-us.mitiendanube.com/stores/001/946/809/products/9f55806a-c8b0-4871-8642-615aa32f788fsv2014-02-14srbsigpexbzfpwz12fan2fstgceki2btz0vazm93xez2brfddxb8m3dst2022-10-05t213a073a06zse2122-10-05t213a173a06zspr-45c5aa0683a42dd87e16872094385403-480-0.webp,Los guantes quirúrgicos estériles Sur G talla 7 ofrecen sensibilidad y ajuste seguro para procedimientos en quirófano. Solicita precio por volumen y envío a todo México.
DIS-GUP-277,Guantes quirúrgicos estériles para cirugía SUR G / Talla 7 1/2 50 pares,SUR-G,Accesorios y Suministros Médicos,Guantes,Guantes para Cirugía,Accesorios y Suministros Médicos > Guantes > Guantes para Cirugía,587,338.66,331.89,328.5,,28.0,38.9,,disponible,1.46,https://www.promexsa.com.mx/productos/guante-para-cirugia-esteril-7-1-2-50-pr-sur-g/,https://acdn-us.mitiendanube.com/stores/001/946/809/products/e81ae0fa-6e64-413d-b3f7-23316ec544a3sv2014-02-14srbsiglnu2lic41b3cne1xjnzl0lfqbjqwwiewhho0u1n1ox03dst2022-10-05t213a053a54zse2122-10-05t213a153a54zspr-45c5aa0683a42dd87e16872093627763-480-0.webp,"Guantes para cirugía Sur G en talla 7 1/2, pensados para hospitales que requieren control, desempeño y suministro confiable. Disponible para abastecimiento profesional y reposición rápida."
DIS-GUP-271,Guantes quirúrgicos estériles para cirugía SUR G / Talla 6 1/2 50 pares,SUR-G,Accesorios y Suministros Médicos,Guantes,Guantes para Cirugía,Accesorios y Suministros Médicos > Guantes > Guantes para Cirugía,588,338.66,331.89,328.5,,28.0,38.9,,disponible,1.34,https://www.promexsa.com.mx/productos/guante-para-cirugia-esteril-6-1-2-50-pr-sur-g/,https://acdn-us.mitiendanube.com/stores/001/946/809/products/20477656-45d7-4d78-ad24-a4b068b8eaafsv2014-02-14srbsigooz2bimk4jbxmab42fythkqco2f77hmalts3qaxl4ndufe3dst2022-10-05t023a253a35zse2122-10-05t023a353a35zspr-45c5aa0683a42dd87e16872092383920-480-0.webp,Los guantes quirúrgicos estériles Sur G talla 6 1/2 ofrecen sensibilidad y ajuste seguro para procedimientos en quirófano. Solicita precio por volumen y envío a todo México.
DIS-GUD-252,Guantes de vinilo libre de polvo AMBIDERM / Talla M 100 piezas,AMBIDERM,Accesorios y Suministros Médicos,Guantes,Guantes de Vinyl,Accesorios y Suministros Médicos > Guantes > Guantes de Vinyl,589,97.19,95.25,94.27,,28.0,38.9,,disponible,0.58,https://www.promexsa.com.mx/productos/guante-de-vinyl-libre-de-polvo-m-100-pz-ambiderm/,https://acdn-us.mitiendanube.com/stores/001/946/809/products/21-270c9e8d6f2006f2c316879097664131-480-0.webp,"Guantes de vinilo Ambiderm talla M, recomendados para tareas de bajo riesgo y atención diaria en clínicas. Disponible para abastecimiento profesional y reposición rápida."
DIS-GUD-600,Guantes de vinilo libre de polvo MC GLOVES / Talla L 100 piezas,MC GLOVES,Accesorios y Suministros Médicos,Guantes,Guantes de Vinyl,Accesorios y Suministros Médicos > Guantes > Guantes de Vinyl,590,64.58,63.29,62.64,,28.0,38.9,,disponible,0.52,https://www.promexsa.com.mx/productos/guante-de-vinyl-libre-de-polvo-g-100-pz-mc-gloves/,https://acdn-us.mitiendanube.com/stores/001/946/809/products/buenos-36191-9f81ffcf95fec5315716879281015597-480-0.webp,"Alternativa práctica para abastecer áreas médicas, laboratorios o procesos de higiene con producto libre de polvo. Opción práctica para surtir inventario médico sin interrupciones."
DIS-GUD-250,Guantes de vinilo libre de polvo AMBIDERM / Talla L 100 piezas,AMBIDERM,Accesorios y Suministros Médicos,Guantes,Guantes de Vinyl,Accesorios y Suministros Médicos > Guantes > Guantes de Vinyl,591,97.19,95.25,94.27,,28.0,38.9,,disponible,0.65,https://www.promexsa.com.mx/productos/guante-de-vinyl-libre-de-polvo-g-100-pz-ambiderm/,https://acdn-us.mitiendanube.com/stores/001/946/809/products/1181-4e7fae3be166aa0b2816880174675723-480-0.webp,"Producto desechable de vinilo para compras por volumen, ideal cuando se busca economía, comodidad y rotación constante. Cotiza para mayoreo y mantén stock operativo en tu negocio."
DIS-GUD-249,Guantes de vinilo libre de polvo AMBIDERM / Talla S 100 piezas,AMBIDERM,Accesorios y Suministros Médicos,Guantes,Guantes de Vinyl,Accesorios y Suministros Médicos > Guantes > Guantes de Vinyl,592,97.19,95.25,94.27,,28.0,38.9,,disponible,1,https://www.promexsa.com.mx/productos/guante-de-vinyl-libre-de-polvo-ch-100-pz-ambiderm/,https://acdn-us.mitiendanube.com/stores/001/946/809/products/381-3fcd162ef8478bbc3516879071776734-480-0.webp,Presentación de 100 piezas para consultorios que necesitan guantes desechables sin polvo con fácil colocación. Ideal para compras recurrentes de clínicas y distribuidores.
DIS-GUD-605,Guantes de vinilo azul libre de polvo MC GLOVES / Talla L 100 piezas,MC GLOVES,Accesorios y Suministros Médicos,Guantes,Guantes de Vinyl,Accesorios y Suministros Médicos > Guantes > Guantes de Vinyl,593,69.55,68.16,67.46,,28.0,38.9,,disponible,1,https://www.promexsa.com.mx/productos/guante-de-vinyl-azul-g-100-pz-mc-gloves/,https://acdn-us.mitiendanube.com/stores/001/946/809/products/buenos-36161-980ff0573b1d12080c16879279781519-480-0.webp,"Alternativa práctica para abastecer áreas médicas, laboratorios o procesos de higiene con producto libre de polvo. Opción práctica para surtir inventario médico sin interrupciones."
DIS-GUD-1213,"Guantes de Nitrilo Violeta Ambiderm para Exploración / XS, S, M y L / 100 Piezas",AMBIDERM,Accesorios y Suministros Médicos,Guantes,Guantes de Nitrilo,Accesorios y Suministros Médicos > Guantes > Guantes de Nitrilo > Guantes de Nitrilo Colores,594,163.75,160.47,158.84,,28.0,38.9,,disponible,1,https://www.promexsa.com.mx/productos/guantes-nitrilo-violeta-ambiderm/,https://acdn-us.mitiendanube.com/stores/001/946/809/products/guante-de-nitrilo-violeta-ambiderm-xs-100-piezas-5c6cfe91cef59ad33117846094473695-480-0.webp,"Compra Guantes de Nitrilo Violeta Ambiderm libres de polvo. Ideales para hospitales, laboratorios, investigación clínica y exploración médica. Tallas XS, S, M y L."
DRU-FO3-9,Formol 37.7% 4 l DROTASA,DROTASA,Accesorios y Suministros Médicos,Sueros E Hidratantes,Desinfectantes y Sanitizantes,Accesorios y Suministros Médicos > Sueros E Hidratantes > Desinfectantes y Sanitizantes,595,302.43,296.38,293.36,,28.0,38.9,,disponible,4.04,https://www.promexsa.com.mx/productos/formol-37-7-4-l-drotasa/,https://acdn-us.mitiendanube.com/stores/001/946/809/products/fotos-tiendanube-2026-01-30t105929-462-2c2f4ef27d4a1c0cec17697931938562-480-0.webp,
PDC-FAE-22,Faja elástica m DERMA CARE,DERMA CARE,Equipo de Protección Personal,,,Equipo de Protección Personal,596,144.92,142.02,140.57,,32.0,47.1,,disponible,1,https://www.promexsa.com.mx/productos/faja-elastica-m-derma-care/,https://acdn-us.mitiendanube.com/stores/001/946/809/products/9d5b6cdc-371e-42b4-adb4-bdc57ac8d9c5sv2014-02-14srbsiga9qdesifl5g335rixr6ipxf2b12fowkygqo9v3wovsrca3dst2022-11-23t183a493a48zse2122-11-23t183a593a48zspr-f36296959a4d0fc1c216872045809027-480-0.webp,
PDC-FAE-21,Faja elástica g DERMA CARE,DERMA CARE,Equipo de Protección Personal,,,Equipo de Protección Personal,597,144.92,142.02,140.57,,32.0,47.1,,disponible,1,https://www.promexsa.com.mx/productos/faja-elastica-g-derma-care/,https://acdn-us.mitiendanube.com/stores/001/946/809/products/8c923ed8-af79-48f1-abb9-feee19139d0bsv2014-02-14srbsigdqr2b02rb9w01h4lrfdcpcyj2b3zhtjrslepnwjuuryty3dst2022-11-23t183a343a56zse2122-11-23t183a443a56zspr-f36296959a4d0fc1c216872045527424-480-0.webp,
DIS-EQP-162,Equipo para venoclisis normogotero sin aguja 25 pz SENSIMEDICAL,SENSI MEDICAL,Equipo Quirúrgico,Venoclisis,Catéteres Intravenosos,Equipo Quirúrgico > Venoclisis > Catéteres Intravenosos,598,415.56,407.25,403.09,,38.0,61.3,,disponible,0.7,https://www.promexsa.com.mx/productos/equipo-para-venoclisis-normogotero-sin-aguja-25-pz-sensi-medical/,https://acdn-us.mitiendanube.com/stores/001/946/809/products/4484d812-cca9-4c2d-bfae-e069034043edsv2014-02-14srbsiglv6nxivvcp1pubt4g9dcg8rnrcujvijdkoagyt13fw03dst2022-06-16t203a053a14zse2122-06-16t203a153a14zspr-5dbf5a1e0b1f964ba316872043422217-480-0.webp,
DIS-BOP-593,Equipo para alimentación enteral infantil 500 ml TECMED,TECMED,Áreas y Especialidades,Gastroenterología,Alimentación Gástrica,Áreas y Especialidades > Gastroenterología > Alimentación Gástrica,599,54.01,52.93,52.39,,40.0,66.7,,disponible,1,https://www.promexsa.com.mx/productos/equipo-para-alimentacion-enteral-infantil-500-ml-tecmed/,https://acdn-us.mitiendanube.com/stores/001/946/809/products/buenos-751-7348ff689a121d690616880211408700-480-0.webp,
DIS-CEQ-73,Cepillo quirúrgico con GERMISIN espuma 30 pz ALTAMIRANO,ALTAMIRANO,Equipo Quirúrgico,Complementos Quirúrgicos,Accesorios Quirúrgicos,Equipo Quirúrgico > Complementos Quirúrgicos > Accesorios Quirúrgicos,600,833.35,816.68,808.35,,38.0,61.3,,disponible,1.16,https://www.promexsa.com.mx/productos/cepillo-quirurgico-con-germisin-espuma-30-pz-altamirano/,https://acdn-us.mitiendanube.com/stores/001/946/809/products/21-d68f138e1493afd8f216875028712009-480-0.webp,
DIS-CAP-582,Catéter para venoclísis 24g 50 pz DL,DL,Equipo Quirúrgico,Venoclisis,Catéteres Intravenosos,Equipo Quirúrgico > Venoclisis > Catéteres Intravenosos,601,409.74,401.55,397.45,,38.0,61.3,,disponible,0.24,https://www.promexsa.com.mx/productos/cateter-para-venoclisis-24g-50-pz-dl/,https://acdn-us.mitiendanube.com/stores/001/946/809/products/451-b8e947b2b6cbf5d72716875000579328-480-0.webp,
DIS-CAD-61,Cánula de Guedel Sensimedical No. 0 50 mm Azul / Cánula Orofaríngea,SENSI MEDICAL,Áreas y Especialidades,Rescate y Primeros Auxilios,,Áreas y Especialidades > Rescate y Primeros Auxilios,602,19.16,18.78,18.59,,40.0,66.7,,disponible,0.01,https://www.promexsa.com.mx/productos/canula-guedel-sensimedical-no-0-50-mm-azul/,https://acdn-us.mitiendanube.com/stores/001/946/809/products/canula-de-gudel-azul-sensimedical-a340fd998952ef23e417840964217703-480-0.webp,Cánula de Guedel Sensimedical No.0 50 mm azul para mantener vía aérea abierta. Ideal para urgencias y uso hospitalario. Compra ahora.
DIS-MAP-367,Mascarilla para óxigeno pediátrica SENSIMEDICAL,SENSI MEDICAL,Áreas y Especialidades,Inhaloterapia,,Áreas y Especialidades > Inhaloterapia,603,35.92,35.2,34.84,,40.0,66.7,,disponible,1,https://www.promexsa.com.mx/productos/mascarilla-para-oxigeno-pediatrica-sensimedical-150kb/,https://acdn-us.mitiendanube.com/stores/001/946/809/products/14824191-30a7-47bf-b954-fbb83b223956sv2014-02-14srbsigh5sefs8h6urkpw0fuvpggtmfdjpl0jgiixh4cm9df9o3dst2022-10-13t193a533a09zse2122-10-13t203a033a09zspr-b17f6dfa2e38c8cf5c17886000546126-480-0.,
,Guante de Nitrilo Estéril Ambiderm Azul Libre de Polvo,Ambiderm,Accesorios y Suministros Médicos,Guantes,Guantes de Nitrilo,Accesorios y Suministros Médicos > Guantes > Guantes de Nitrilo > Guante de Nitrilo Azul,604,206.94,202.8,200.73,,28.0,38.9,,disponible,0.5,https://www.promexsa.com.mx/productos/guantes-nitrilo-esteriles-ambiderm-100-piezas/,https://acdn-us.mitiendanube.com/stores/001/946/809/products/guante_de_nitrilo_esteril_talla_m_desechable_ambiderm-855131b484c2dcd44617885916558241-480-0.webp,"Compra Guantes de Nitrilo Estériles Ambiderm 100 piezas. Azul, sin látex, libre de polvo, AQL 1.5 y texturizado. Envíos a todo México."
DIS-GUP-1315,Guante de Látex Ortopédico Ambiderm Estéril para Cirugía,Ambiderm,Accesorios y Suministros Médicos,Guantes,Guantes de Látex,Accesorios y Suministros Médicos > Guantes > Guantes de Látex,605,730,715.4,708.1,,28.0,38.9,,disponible,0.3,https://www.promexsa.com.mx/productos/guante-latex-ortopedico-ambiderm-esteril-cirugia/,https://acdn-us.mitiendanube.com/stores/001/946/809/products/guante_ortopedico_ambiderm_esteril-2acc968d965689567817885871885369-480-0.webp,"Guante Ortopédico Ambiderm de látex estéril para cirugía. Anatómico, microtexturizado, libre de polvo, 280 mm de largo y AQL 0.65."
,"Guantes de Nitrilo Azul Cobalto UniSeal para Exploración / XS, S, M y L / 100 Piezas",UniSeal,Accesorios y Suministros Médicos,Guantes,Guantes de Nitrilo,Accesorios y Suministros Médicos > Guantes > Guantes de Nitrilo > Guantes de Nitrilo Colores,606,147.45,144.5,143.03,,28.0,38.9,,disponible,0.2,https://www.promexsa.com.mx/productos/guantes-nitrilo-cobalto-uniseal-100-piezas/,https://acdn-us.mitiendanube.com/stores/001/946/809/products/guante-de-nitrilo-azul-cobalto-uniseal-talla-grande-8c8325cc19eda62d0117858185326513-480-0.webp,"Compra Guantes de Nitrilo UniSeal Color Cobalto. Libres de polvo, ambidiestros, alta sensibilidad táctil, ASTM D6319 y caja con 100 piezas."
4211125748609,Báscula Diagnóstica Beurer BF1000 Super Precision con 8 Electrodos Bluetooth,BEURER,Equipo y Mobiliario Hospitalario,Equipo de Diagnostico y Monitoreo,Bascula,Equipo y Mobiliario Hospitalario > Equipo de Diagnostico y Monitoreo > Bascula,607,8799,8623.02,8535.03,,18.0,22.0,,disponible,3,https://www.promexsa.com.mx/productos/bascula-diagnostica-beurer-bf1000-super-precision/,https://acdn-us.mitiendanube.com/stores/001/946/809/products/bascula-de-bioimpedancia-bluetooth-de-super-precision-bf1000-d58b29f240845c03dd17854751325965-480-0.webp,"Analiza peso, grasa corporal, masa muscular, agua corporal, IMC y grasa visceral con la Báscula Beurer BF1000 de 8 electrodos y Bluetooth. Compralo ahora, envíos a todo México"
PTM-BOD-439,Bota quirúrgica desechable sin plantilla verde 25 pr DEMEVA CLASSIC,DEMEVA,Accesorios y Suministros Médicos,Prendas Desechables,Botas y Zapatos,Accesorios y Suministros Médicos > Prendas Desechables > Botas y Zapatos,608,121.01,118.59,117.38,,28.0,38.9,,disponible,0.3,https://www.promexsa.com.mx/productos/bota-desechable-sin-plantilla-termosellada-verde-25-pr-demeva-classic/,https://acdn-us.mitiendanube.com/stores/001/946/809/products/bota_quirurgica_verde-84b3739073a102b2ae17815979822104-480-0.webp,"Bota desechable verde 32 g termosellada sin plantilla, ideal para ambientes médicos. Compra 25 pares y protege tu espacio con calidad y comodidad. Compra en México"
PTM-BOD-442,Bota quirúrgica desechable sin plantilla rosa 25 pr DEMEVA CLASSIC,DEMEVA,Accesorios y Suministros Médicos,Prendas Desechables,Botas y Zapatos,Accesorios y Suministros Médicos > Prendas Desechables > Botas y Zapatos,609,110.42,108.21,107.11,,28.0,38.9,,disponible,0.5,https://www.promexsa.com.mx/productos/bota-desechable-sin-plantilla-termosellada-rosa-25-pr-demeva-classic/,https://acdn-us.mitiendanube.com/stores/001/946/809/products/bota_quirurgica_rosa-29aa6e1ad1f89e37b117815980632257-480-0.webp,"Bota quirúrgica desechable rosa sin plantilla, resistente y cómoda. Ideal para hospitales y laboratorios. Compra 25 pares y protege tu espacio. Compra ahora a MS"
PTM-BOD-438,Bota quirúrgica desechable sin plantilla negra 25 pr DEMEVA CLASSIC,DEMEVA,Accesorios y Suministros Médicos,Prendas Desechables,Botas y Zapatos,Accesorios y Suministros Médicos > Prendas Desechables > Botas y Zapatos,610,130.67,128.06,126.75,,28.0,38.9,,disponible,0.4,https://www.promexsa.com.mx/productos/bota-desechable-sin-plantilla-termosellada-negro-25-pr-demeva-classic/,https://acdn-us.mitiendanube.com/stores/001/946/809/products/bota_quirurgica_negra-457346fa81c01769da17815981105689-480-0.webp,"Protege y mantén higiene con botas quirúrgicas desechables negras DEMEVA CLASSIC, material resistente y cómodo en paquetes de 25 pares. Compra a MS, envios a todo México"
PTM-BOD-435,Bota quirúrgica desechable sin plantilla blanca 25 pr DEMEVA FLEX,DEMEVA,Accesorios y Suministros Médicos,Prendas Desechables,Botas y Zapatos,Accesorios y Suministros Médicos > Prendas Desechables > Botas y Zapatos,611,114.58,112.29,111.14,,28.0,38.9,,disponible,0.3,https://www.promexsa.com.mx/productos/bota-desechable-sin-plantilla-termosellada-blanco-25-pr-demeva-flex/,https://acdn-us.mitiendanube.com/stores/001/946/809/products/bota_quirurgica_blanca-fff91766906ba7c56c17815982032430-480-0.webp,"Bota quirúrgica desechable blanca 25 g sin plantilla, resistente y cómoda para ambientes médicos y hospitalarios. Compra 25 pares DEMEVA FLEX ahora. Envío a todo México"
PTM-BOD-434,Bota quirúrgica desechable sin plantilla blanco 25 pr DEMEVA ECONOMY,DEMEVA,Accesorios y Suministros Médicos,Prendas Desechables,Botas y Zapatos,Accesorios y Suministros Médicos > Prendas Desechables > Botas y Zapatos,612,88.83,87.05,86.17,,28.0,38.9,,disponible,0.8,https://www.promexsa.com.mx/productos/bota-desechable-sin-plantilla-termosellada-blanco-25-pr-demeva-economy/,https://acdn-us.mitiendanube.com/stores/001/946/809/products/bota_quirurgica_blanca-dd288cb2a96620ba5817815982239823-480-0.webp,"Bota quirúrgica blanca desechable sin plantilla, resistente y ligera. Paquete de 25 pares para máxima protección y comodidad en entornos médicos. Compra a MS envíos en México"
PTM-BOD-437,Bota quirúrgica desechable sin plantilla blanco 25 pr DEMEVA CONFORT,DEMEVA,Accesorios y Suministros Médicos,Prendas Desechables,Botas y Zapatos,Accesorios y Suministros Médicos > Prendas Desechables > Botas y Zapatos,613,98.49,96.52,95.54,,28.0,38.9,,disponible,0.8,https://www.promexsa.com.mx/productos/bota-desechable-sin-plantilla-termosellada-blanco-25-pr-demeva-comfort/,https://acdn-us.mitiendanube.com/stores/001/946/809/products/bota_quirurgica_blanca-ab7253400baab4fe3017815982277542-480-0.webp,"Bota quirúrgica desechable blanca sin plantilla, ligera y resistente. Ideal para hospitales y laboratorios. Compra 25 pares DEMEVA CONFORT ahora a MS. Envío a todo méxico"
PTM-BOD-436,Bota quirúrgica desechable sin plantilla blanco 25 pr DEMEVA CLASSIC,DEMEVA,Accesorios y Suministros Médicos,Prendas Desechables,Botas y Zapatos,Accesorios y Suministros Médicos > Prendas Desechables > Botas y Zapatos,614,130.67,128.06,126.75,,28.0,38.9,,disponible,0.5,https://www.promexsa.com.mx/productos/bota-desechable-sin-plantilla-termosellada-blanco-25-pr-demeva-classic/,https://acdn-us.mitiendanube.com/stores/001/946/809/products/bota_quirurgica_blanca-c486da9cc4e0ab3c1717815982329337-480-0.webp,"Bota quirúrgica desechable blanca sin plantilla, resistente y cómoda. Paquete con 25 pares para máxima protección en hospitales y laboratorios. ¡Compra ahora a MS!"
PTM-BOD-432,Bota quirúrgica desechable sin plantilla azul 25 pr DEMEVA FLEX,DEMEVA,Accesorios y Suministros Médicos,Prendas Desechables,Botas y Zapatos,Accesorios y Suministros Médicos > Prendas Desechables > Botas y Zapatos,615,101.08,99.06,98.05,,28.0,38.9,,disponible,0.6,https://www.promexsa.com.mx/productos/bota-desechable-sin-plantilla-termosellada-azul-25-pr-demeva-flex/,https://acdn-us.mitiendanube.com/stores/001/946/809/products/bota_quirurgica_azul-e6416ab6c41231990217815982813426-480-0.webp,"Bota quirúrgica desechable azul sin plantilla, resistente y cómoda. Ideal para hospitales y laboratorios. Compra a MS 25 pares y protege tu entorno. Envíos a todo México"
MQL-BOD-159,Bota quirúrgica desechable sin plantilla azul 25 pr DEMEVA CLASSIC,DEMEVA,Accesorios y Suministros Médicos,Prendas Desechables,Botas y Zapatos,Accesorios y Suministros Médicos > Prendas Desechables > Botas y Zapatos,616,114.92,112.62,111.47,,28.0,38.9,,disponible,0.5,https://www.promexsa.com.mx/productos/bota-desechable-sin-plantilla-termosellada-azul-25-pr-demeva-classic/,https://acdn-us.mitiendanube.com/stores/001/946/809/products/bota_quirurgica_azul-704f407ee802a7affc17815982970249-480-0.webp,"Bota quirúrgica desechable azul sin plantilla, ligera y resistente. Paquete con 25 pares para máxima protección y comodidad en hospitales y laboratorios. ¡Compra ahora!"
7500399003390,Silla de Ruedas Infantil Plegable con Soporte Anti-Volcaduras infantil S700 HANDY,HANDY,Cuidado Personal,Auxiliares de Movilidad,Sillas de Rueda,Cuidado Personal > Auxiliares de Movilidad > Sillas de Rueda,617,5764.41,5649.12,5591.48,,18.0,22.0,,disponible,8.5,https://www.promexsa.com.mx/productos/silla-de-ruedas-paralisis-cerebral-infantil-s700-handy-spks0/,https://acdn-us.mitiendanube.com/stores/001/946/809/products/silla-de-ruedas-anticaidas-infantil-handy-2e0666885643259b2d17812512223875-480-0.webp,"Compra silla de ruedas PCI para niños Handy. Con soporte postural, sistema antivuelco, respaldo reclinable y máxima seguridad. Envío a México."
7500399003406,Silla de ruedas S800 plegable para adulto con parálisis cerebral / cinturón cruzado de seguridad S800 HANDY,HANDY,Cuidado Personal,Auxiliares de Movilidad,Sillas de Rueda,Cuidado Personal > Auxiliares de Movilidad > Sillas de Rueda,618,5764.41,5649.12,5591.48,,18.0,22.0,,disponible,15.5,https://www.promexsa.com.mx/productos/silla-de-ruedas-paralisis-cerebral-adulto-s800-handy-wkd58/,https://acdn-us.mitiendanube.com/stores/001/946/809/products/silla-para-ruedas-handy-s800-07b9f58ce39e680c3e17812526573862-480-0.webp,"Compra la silla de ruedas Handy S800 para parálisis cerebral en adultos. Soporte postural, reclinable, antivuelco y máxima seguridad para su movilidad"
PTM-GOP-159,Gorro Plisado Desechable Rosa DEMEVA / Cofia Quirúrgica Desechable de Polipropileno / Paquete con 100 Piezas,DEMEVA,Accesorios y Suministros Médicos,Prendas Desechables,Gorros,Accesorios y Suministros Médicos > Prendas Desechables > Gorros,619,70.53,69.12,68.41,,28.0,38.9,,disponible,0.32,https://www.promexsa.com.mx/productos/gorro-desechable-plisado-rosa-100-pz-demeva-classic/,https://acdn-us.mitiendanube.com/stores/001/946/809/products/gorro_plisado_rosa_demeva-d69c01e8da138ba7d217839253576351-480-0.webp,Gorro plisado rosa DEMEVA de tela SMS 10g. Repelente a líquidos y antiestático. Ideal para clínicas y hospitales. Compra segura con entrega garantizada en México.
PTM-GOP-160,Gorro Plisado Desechable Verde DEMEVA / Cofia Quirúrgica Desechable de Polipropileno / Paquete con 100 Piezas,DEMEVA,Accesorios y Suministros Médicos,Prendas Desechables,Gorros,Accesorios y Suministros Médicos > Prendas Desechables > Gorros,620,70.53,69.12,68.41,,28.0,38.9,,disponible,0.32,https://www.promexsa.com.mx/productos/gorro-desechable-plisado-verde-100-pz-demeva-classic/,https://acdn-us.mitiendanube.com/stores/001/946/809/products/gorro_plisado_verde_demea_100_pz-acd4d822ead3c8e8a017839253731051-480-0.webp,"Compra gorro plisado desechable verde DEMEVA en paquete de 100. Ligero, cómodo y ajustable para higiene médica y alimentaria. ¡Ordena ahora!"
PTM-GOP-158,Gorro Plisado Desechable Rojo DEMEVA / Cofia Quirúrgica Desechable de Polipropileno / Paquete con 100 Piezas,DEMEVA,Accesorios y Suministros Médicos,Prendas Desechables,Gorros,Accesorios y Suministros Médicos > Prendas Desechables > Gorros,621,70.53,69.12,68.41,,28.0,38.9,,disponible,0.32,https://www.promexsa.com.mx/productos/gorro-desechable-plisado-rojo-100-pz-demeva-classic/,https://acdn-us.mitiendanube.com/stores/001/946/809/products/gorro_plisado_rojo_demeva_100_pz-453239b1a3b995ee8c17839254081470-480-0.webp,"Compra gorro plisado desechable rojo DEMEVA de polipropileno, ligero y cómodo. Paquete con 100 piezas para hospitales y clínicas. ¡Protege tu higiene hoy!"
PTM-GOP-372,Gorro Plisado Desechable Amarillo DEMEVA / Cofia Quirúrgica Desechable de Polipropileno / Paquete con 100 Piezas,DEMEVA,Accesorios y Suministros Médicos,Prendas Desechables,Gorros,Accesorios y Suministros Médicos > Prendas Desechables > Gorros,622,70.53,69.12,68.41,,28.0,38.9,,disponible,0.32,https://www.promexsa.com.mx/productos/gorro-desechable-plisado-amarillo-100-pz-demeva-classic/,https://acdn-us.mitiendanube.com/stores/001/946/809/products/gorro_cofia_amarilla_desechable_demeva-c261a563bdedc1d46d17839254828462-480-0.webp,"Gorro plisado desechable amarillo DEMEVA de polipropileno, cómodo y ligero. Paquete con 100 piezas para uso hospitalario y clínico. ¡Compra ahora!"
DIS-AGH-1017,Gasa Dental No Estéril 5 x 5 cm 8 Capas / 200 Piezas GRUPREYSA,GRUPREYSA,Material Dental,,,Material Dental,623,31.48,30.85,30.54,,38.0,61.3,,disponible,0.2,https://www.promexsa.com.mx/productos/gasa-dental-no-esteril-5-x-5cm-200-pz-grupreysa/,https://acdn-us.mitiendanube.com/stores/001/946/809/products/gasa-dental-5-cm-x-5-cm-200-pz-grupreysa-6a6ac3172bc42395f417840860467879-480-0.webp,"Gasa dental no estéril GRUPREYSA 5x5 cm, 8 capas, para absorción y limpieza. Paquete de 200 piezas desechables. Compra ahora y asegura higiene en tus procedimientos."
DIS-CÁD-842,Cánula de Guedel BHM No. 4 90 mm Amarilla / Orofaríngea Desechable,BMH,Áreas y Especialidades,Rescate y Primeros Auxilios,,Áreas y Especialidades > Rescate y Primeros Auxilios,624,15.3,14.99,14.84,,40.0,66.7,,disponible,13,https://www.promexsa.com.mx/productos/canula-guedel-bhm-no-4-90-mm-amarilla/,https://acdn-us.mitiendanube.com/stores/001/946/809/products/canula-de-guedel-desechable-90-mm-amarilla-bmh-d9d2c152b622b6348617840904315916-480-0.webp,"Cánula de Guedel amarilla de 90 mm para mantener vía aérea abierta durante anestesia. Rígida y curveada, ideal para administración de gases. Compra en PROMEXSA"
,Cánula de Guedel BHM No. 3 80 mm Verde / Orofaríngea Desechable,BMH,Áreas y Especialidades,Rescate y Primeros Auxilios,,Áreas y Especialidades > Rescate y Primeros Auxilios,625,,,,,40.0,66.7,,disponible,0.01,https://www.promexsa.com.mx/productos/canula-guedel-bhm-no-3-80-mm-verde/,https://acdn-us.mitiendanube.com/stores/001/946/809/products/canula-de-guedel-desechable-80-mm-verde-bmh-ea52611905c415cf8617840908765169-480-0.webp,"Compra cánula de Guedel BHM No. 3 de 80 mm color verde, para mantener vía aérea abierta en emergencias y atención hospitalaria. Uso profesional, ¡compra a MS!"
,Cánula de Guedel BHM No. 2 70 mm Blanca / Orofaríngea Desechable,BMH,Áreas y Especialidades,Rescate y Primeros Auxilios,,Áreas y Especialidades > Rescate y Primeros Auxilios,626,,,,,40.0,66.7,,disponible,0.02,https://www.promexsa.com.mx/productos/canula-guedel-bhm-no-2-70-mm-blanca/,https://acdn-us.mitiendanube.com/stores/001/946/809/products/canula-de-guedel-desechable-70-mm-blanca-bmh-125806dd7044ca68e317840898522915-480-0.webp,Cánula orofaríngea BHM No. 2 de 70 mm blanca para mantener vía aérea abierta. Ideal para emergencias y uso hospitalario. Compra ahora en PROMEXSA.
,Cánula de Guedel BHM No. 1 60 mm Negra / Orofaríngea Desechable,BMH,Áreas y Especialidades,Rescate y Primeros Auxilios,,Áreas y Especialidades > Rescate y Primeros Auxilios,627,15.3,14.99,14.84,,40.0,66.7,,disponible,0.005,https://www.promexsa.com.mx/productos/canula-guedel-bhm-no-1-60-mm-negra/,https://acdn-us.mitiendanube.com/stores/001/946/809/products/canula-de-guedel-desechable-60-mm-negra-bmh-b4e31d6dbb5c5d1dd417840888455074-480-0.webp,Cánula de Guedel BHM No. 1 negra de 60 mm para mantener vía aérea abierta. Ideal para urgencias y atención hospitalaria. Compra ahora en PROMEXSA.
,Cánula de Guedel BHM No. 0 50 mm Azul / Orofaríngea Desechable,BMH,Áreas y Especialidades,Rescate y Primeros Auxilios,,Áreas y Especialidades > Rescate y Primeros Auxilios,628,15.3,14.99,14.84,,40.0,66.7,,disponible,0.05,https://www.promexsa.com.mx/productos/canula-guedel-bhm-no-0-50-mm-azul/,https://acdn-us.mitiendanube.com/stores/001/946/809/products/canula-de-guedel-desechable-50-mm-azul-bmh-58928e240dd9b6550417840906751284-480-0.webp,"Cánula de Guedel 50 mm azul rey, curva rígida para mantener vía aérea abierta y facilitar anestesia. Compra calidad BMH ahora mismo."
MQL-BRP-023,Brazalete para Identificación Infantil 100 Piezas DEMEVA,DEMEVA,Ropa Desechable,,,Ropa Desechable,629,61.16,59.94,59.33,,35.0,53.8,,disponible,1,https://www.promexsa.com.mx/productos/brazalete-identificacion-infantil-demeva/,https://acdn-us.mitiendanube.com/stores/001/946/809/products/brazalete-para-identificacion-infantil-hospitalaria-demeva-100-piezas-rosa-ed1823af99f9e3f40717843446092343-480-0.webp,"Compra brazaletes de identificación infantil DEMEVA elaborados en PVC. Paquete con 100 piezas, ajustables y disponibles en rosa o azul para uso hospitalario."
PTM-BRP-435,Brazalete para Identificación Adulto Blanco 100 Piezas DEMEVA,DEMEVA,Ropa Desechable,,,Ropa Desechable,630,61.16,59.94,59.33,,35.0,53.8,,disponible,1,https://www.promexsa.com.mx/productos/brazalete-identificacion-adulto-blanco-100-piezas-demeva/,https://acdn-us.mitiendanube.com/stores/001/946/809/products/brazalete-para-identificacion-adulto-hospitalaria-demeva-100-piezas-blanco-635e3ace1e1f55161f17843422835933-480-0.webp,"Brazalete identificador blanco para adultos, paquete con 100 piezas. Resistente, cómodo y ajustable para uso médico seguro. ¡Compra ahora!"
PTM-BOM-674,Botiquín Metálico Mini 20 × 20 × 8 cm DEMEVA para Consultorio y Pequeños Espacios,DEMEVA,Material de Curación,Botiquines,,Material de Curación > Botiquines,631,270.19,264.79,262.08,,30.0,42.9,,disponible,1,https://www.promexsa.com.mx/productos/botiquin-metalico-mini-20x20x8-consultorio/,https://acdn-us.mitiendanube.com/stores/001/946/809/products/botiquin-metalico-blanco-mini-demeva-ae7db8b2b1b5c4094c17843460443049-480-0.webp,"Botiquín metálico mini DEMEVA de 20×20×8 cm. Ideal para consultorios médicos, odontológicos, estéticas y pequeños negocios. Compacto y resistente. ¡Organiza tu equipo médico hoy!"
PTM-BOM-673,Botiquín Metálico Mediano de Pared 40 × 30 × 10 cm DEMEVA,DEMEVA,Material de Curación,Botiquines,,Material de Curación > Botiquines,632,560.2,549,543.39,,30.0,42.9,,disponible,1,https://www.promexsa.com.mx/productos/botiquin-metalico-mediano-40x30x10-demeva/,https://acdn-us.mitiendanube.com/stores/001/946/809/products/botiquin-metalico-blanco-grande-demeva-ee19ecdda8ec9cefc917843461013161-480-0.webp,"Compra botiquín metálico mediano DEMEVA de 40 × 30 × 10 cm. Ideal para organizar insumos de primeros auxilios en oficinas, talleres y comercios. Compra ahora y protege tu espacio."
PTM-BOM-672,Botiquín Metálico Chico de Pared 30 × 25 × 8 cm DEMEVA,DEMEVA,Material de Curación,Botiquines,,Material de Curación > Botiquines,633,378.27,370.7,366.92,,30.0,42.9,,disponible,1,https://www.promexsa.com.mx/productos/botiquin-metalico-chico-30x25x8-demeva/,https://acdn-us.mitiendanube.com/stores/001/946/809/products/botiquin-metalico-blanco-mini-demeva-751bc1a43a9579740117843461313509-480-0.webp,"Compra botiquín metálico chico DEMEVA de 30 × 25 × 8 cm. Ideal para organizar primeros auxilios en consultorios, oficinas, negocios y hogar."
PTM-BOI-671,Botiquín Industrial de Pared 50 × 40 × 12 cm DEMEVA,DEMEVA,Material de Curación,Botiquines,,Material de Curación > Botiquines,634,1087.98,1066.22,1055.34,,30.0,42.9,,disponible,3.5,https://www.promexsa.com.mx/productos/botiquin-industrial-50x40x12-demeva/,https://acdn-us.mitiendanube.com/stores/001/946/809/products/botiquin-metalico-industrial-demeva-615488a5c66d9f111817843461556015-480-0.webp,"Compra botiquín industrial DEMEVA de 50 × 40 × 12 cm. Ideal para fábricas, empresas, almacenes, talleres y centros de trabajo. Fabricado en acero con instalación en pared. Ideal para seguridad laboral. ¡Compra ya!"
7503048717709,Bota Quirúrgica Desechable con Plantilla DEMEVA SMS Azul 35 g / 25 Pares,DEMEVA,Equipo de Protección Personal,Botas,,Equipo de Protección Personal > Botas,635,155.48,152.37,150.82,,32.0,47.1,,disponible,0.8,https://www.promexsa.com.mx/productos/bota-quirurgica-desechable-con-plantilla-sms-35-grs-azul/,https://acdn-us.mitiendanube.com/stores/001/946/809/products/bota-quirurgica-con-plantilla-desechable-demeva-25-pares-abab4fa75c18e7335f17840986638595-480-0.webp,"Compra Botas Quirúrgicas Desechables DEMEVA con plantilla, tela SMS 35 g, color azul. Paquete con 25 pares. Envíos a todo México."
DIS-BOP-37,Bolsa para Urocultivo Infantil Niño MERKAMED 10 Piezas,MERKAMED,Especialidades Médicas,Urología,Evacuación y Recolección de Orina,Especialidades Médicas > Urología > Evacuación y Recolección de Orina,636,86.91,85.17,84.3,,38.0,61.3,,disponible,0.05,https://www.promexsa.com.mx/productos/bolsa-urocultivo-infantil-nino-merkamed-10-piezas/,https://acdn-us.mitiendanube.com/stores/001/946/809/products/bolsa-urocultivo-infantil-nino-merkamed-10-piezas-621b8b45ef0959e10117843578676554-480-0.webp,Compra Bolsa para Urocultivo Infantil Niño MERKAMED con 10 piezas. Diseñada para recolectar muestras de orina en bebés y pacientes pediátricos.
DIS-BOP-36,Bolsa para Urocultivo Infantil Niña MERKAMED 10 Piezas Estéril,MERKAMED,Especialidades Médicas,Urología,Evacuación y Recolección de Orina,Especialidades Médicas > Urología > Evacuación y Recolección de Orina,637,86.91,85.17,84.3,,38.0,61.3,,disponible,0.03,https://www.promexsa.com.mx/productos/bolsa-para-urocultivo-inf-nina-10-pz-merkamed/,https://acdn-us.mitiendanube.com/stores/001/946/809/products/bolsa-urocultivo-infantil-nina-merkamed-10-piezas-8e69e55a8fb551ffeb17843578336982-480-0.webp,"Compra Bolsa para Urocultivo Infantil Niña MERKAMED de 10 piezas. Diseñada para la recolección de muestras de orina en pacientes pediátricos femeninos. Ideal para hospitales, clínicas y laboratorios."
DIS-BOD-35,Bolsa de colostomía infantil 10 pz VISA,VISA,Especialidades Médicas,Colostomía y Urostomía,,Especialidades Médicas > Colostomía y Urostomía,638,94.01,92.13,91.19,,38.0,61.3,,disponible,0.05,https://www.promexsa.com.mx/productos/bolsa-de-colostomia-infantil-10-pz-visa-1hts4/,https://acdn-us.mitiendanube.com/stores/001/946/809/products/4c5f9ae6-6c37-4641-ba5b-430d19d57106-2cc0c230b9c4d7aeae17773557831254-480-0.webp,Bolsa para colostomía infantil VISA con adhesivo fuerte y sellado hermético. Cómoda y segura para uso hospitalario o en casa. ¡Compra ahora!
PTM-BAP-324,Bata para paciente desechable pediátrica hasta 6 años azul 10 pz DEMEVA FLEX,DEMEVA,Ropa Desechable,Medica,Batas Paciente,Ropa Desechable > Medica > Batas Paciente > Pediatricas,639,74.35,72.86,72.12,,35.0,53.8,,disponible,0.3,https://www.promexsa.com.mx/productos/bata-para-paciente-desechable-pediatrica-hasta-6-anos-azul-10-pz-demeva-flex/,https://acdn-us.mitiendanube.com/stores/001/946/809/products/bata_pediatrica_demeva_azul_hasta_6_anos-20fc63c1658dc7681317839222284719-480-0.webp,"Bata desechable pediátrica azul DEMEVA FLEX, ideal para pacientes hasta 6 años. Cómoda y segura. ¡Compra ahora!"
7503048717679,Bata quirúrgica desechable con refuerzo verde 10 pz DEMEVA CLASSIC,DEMEVA,Ropa Desechable,Medica,Batas Quirurgicas,Ropa Desechable > Medica > Batas Quirurgicas,640,348.83,341.85,338.37,,35.0,53.8,,disponible,0.4,https://www.promexsa.com.mx/productos/bata-quirurgica-desechable-con-refuerzo-verde-10-pz-demeva-classic-lnvhz/,https://acdn-us.mitiendanube.com/stores/001/946/809/products/339-ebe39f0507fe8794d817773642974913-480-0.webp,"Bata quirúrgica desechable DEMEVA en tela SMS, ligera y resistente a fluidos. Paquete de 10 piezas. ¡Compra ahora y protégete con comodidad!"
7502320872839,Bata quirúrgica desechable con refuerzo rosa 10 pz DEMEVA CLASSIC,DEMEVA,Ropa Desechable,Medica,Batas Quirurgicas,Ropa Desechable > Medica > Batas Quirurgicas,641,293.92,288.04,285.1,,35.0,53.8,,disponible,0.9,https://www.promexsa.com.mx/productos/bata-quirurgica-desechable-con-refuerzo-rosa-10-pz-demeva-classic-s72xx/,https://acdn-us.mitiendanube.com/stores/001/946/809/products/321-9e7027ad88d5bc9cab17773640059595-480-0.webp,Bata quirúrgica desechable rosa con refuerzo para mayor protección. Paquete de 10 piezas. Ideal para uso médico. Compra ahora.
7502320872853,Bata quirúrgica desechable con refuerzo negra 10 pz DEMEVA CLASSIC,DEMEVA,Ropa Desechable,Medica,Batas Quirurgicas,Ropa Desechable > Medica > Batas Quirurgicas,642,319.65,313.26,310.06,,35.0,53.8,,disponible,0.8,https://www.promexsa.com.mx/productos/bata-quirurgica-desechable-con-refuerzo-negra-10-pz-demeva-classic-knwj5/,https://acdn-us.mitiendanube.com/stores/001/946/809/products/333-65e0cb3af7089e8e6217773643999159-480-0.webp,Bata quirúrgica desechable negra con refuerzo para máxima protección. Ideal para uso hospitalario. ¡Compra ahora y garantiza seguridad!
7502320873713,Bata quirúrgica desechable con refuerzo blanca 10 pz DEMEVA FLEX,DEMEVA,Ropa Desechable,Medica,Batas Quirurgicas,Ropa Desechable > Medica > Batas Quirurgicas,643,299.2,293.22,290.22,,35.0,53.8,,disponible,0.6,https://www.promexsa.com.mx/productos/bata-quirurgica-desechable-con-refuerzo-blanca-10-pz-demeva-flex-1tw8i/,https://acdn-us.mitiendanube.com/stores/001/946/809/products/324-fff3f7ecc036864d8317773639128885-480-0.webp,Bata quirúrgica desechable blanca con refuerzo para mayor protección. Paquete de 10 piezas. Ideal para uso médico. ¡Compra ahora!
7502320873706,Bata quirúrgica desechable con refuerzo blanca 10 pz DEMEVA ECONOMY,DEMEVA,Ropa Desechable,Medica,Batas Quirurgicas,Ropa Desechable > Medica > Batas Quirurgicas,644,266.47,261.14,258.48,,35.0,53.8,,disponible,0.4,https://www.promexsa.com.mx/productos/bata-quirurgica-desechable-con-refuerzo-blanca-10-pz-demeva-economy-uoju8/,https://acdn-us.mitiendanube.com/stores/001/946/809/products/324-c6c6e205a26e25088f17773638915911-480-0.webp,"Bata quirúrgica desechable blanca con refuerzo, ideal para protección en quirófano. Paquete de 10 piezas. ¡Compra ahora y protégete eficazmente!"
7502320873720,Bata quirúrgica desechable con refuerzo blanca 10 pz DEMEVA COMFORT,DEMEVA,Ropa Desechable,Medica,Batas Quirurgicas,Ropa Desechable > Medica > Batas Quirurgicas,645,278.74,273.17,270.38,,35.0,53.8,,disponible,0.4,https://www.promexsa.com.mx/productos/bata-quirurgica-desechable-con-refuerzo-blanca-10-pz-demeva-comfort-8y1f9/,https://acdn-us.mitiendanube.com/stores/001/946/809/products/324-96f267f223ed253fdc17773638676461-480-0.webp,"Bata quirúrgica desechable blanca con refuerzo, ideal para protección médica. Paquete de 10 piezas. ¡Compra ahora y mantente seguro!"
7502320872860,Bata quirúrgica desechable con refuerzo blanca 10 pz DEMEVA CLASSIC,DEMEVA,Ropa Desechable,Medica,Batas Quirurgicas,Ropa Desechable > Medica > Batas Quirurgicas,646,319.65,313.26,310.06,,35.0,53.8,,disponible,0.5,https://www.promexsa.com.mx/productos/bata-quirurgica-desechable-con-refuerzo-blanca-10-pz-demeva-classic-qhgkf/,https://acdn-us.mitiendanube.com/stores/001/946/809/products/324-efe5aafa360756059a17773638289373-480-0.webp,Bata quirúrgica desechable blanca con refuerzo para máxima protección. Paquete de 10 piezas. Ideal para uso médico y hospitalario. ¡Compra ahora!
7502320872907,Bata quirúrgica desechable con refuerzo azul 10 pz DEMEVA ECONOMY,DEMEVA,Ropa Desechable,Medica,Batas Quirurgicas,Ropa Desechable > Medica > Batas Quirurgicas,647,253.89,248.81,246.27,,35.0,53.8,,disponible,0.5,https://www.promexsa.com.mx/productos/bata-quirurgica-desechable-con-refuerzo-azul-10-pz-demeva-economy-l75k4/,https://acdn-us.mitiendanube.com/stores/001/946/809/products/313-df94241e752065f98117773637859806-480-0.webp,Bata quirúrgica desechable azul con refuerzo para máxima protección. Paquete de 10 piezas. Compra ahora y garantiza seguridad en tus procedimientos.
7503048717471,Bata Quirúrgica Desechable con Refuerzo Azul DEMEVA 10 Piezas,DEMEVA,Ropa Desechable,Medica,Batas Quirurgicas,Ropa Desechable > Medica > Batas Quirurgicas,648,318.3,311.93,308.75,,35.0,53.8,,disponible,0.3,https://www.promexsa.com.mx/productos/bata-quirurgica-desechable-con-refuerzo-azul-demeva-10-piezas/,https://acdn-us.mitiendanube.com/stores/001/946/809/products/313-4f390e191d0e42535517773643325698-480-0.webp,"Compra Bata Quirúrgica Desechable con Refuerzo DEMEVA. Tela SMS 100% polipropileno, puños cardigan, registro sanitario y 4 calidades disponibles."
7502320872891,Bata quirúrgica desechable con refuerzo azul 10 pz DEMEVA FLEX,DEMEVA,Ropa Desechable,Medica,Batas Quirurgicas,Ropa Desechable > Medica > Batas Quirurgicas,649,282.04,276.4,273.58,,35.0,53.8,,disponible,0.3,https://www.promexsa.com.mx/productos/bata-quirurgica-desechable-con-refuerzo-azul-10-pz-demeva-flex-tv67h/,https://acdn-us.mitiendanube.com/stores/001/946/809/products/313-de75388e2295eefd0817773637381467-480-0.webp,Bata quirúrgica desechable azul con refuerzo para mayor protección. Perfecta para uso médico. Compra ahora 10 piezas DEMEVA FLEX.
PTM-BAP-320,Bata para paciente desechable pediátrica hasta 6 años azul 10 pz DEMEVA ECONOMY,DEMEVA,Ropa Desechable,Medica,Batas Paciente,Ropa Desechable > Medica > Batas Paciente > Pediatricas,650,69.3,67.91,67.22,,35.0,53.8,,disponible,0.1,https://www.promexsa.com.mx/productos/bata-para-paciente-desechable-pediatrica-hasta-6-anos-azul-10-pz-demeva-economy/,https://acdn-us.mitiendanube.com/stores/001/946/809/products/bata_pediatrica_demeva_azul_hasta_6_anos-a9cd93d8b51a15084917839222495864-480-0.webp,Bata desechable pediátrica azul para niños hasta 6 años. Material SMS cómodo y resistente. Paquete de 10 piezas. ¡Protege a tus pacientes infantiles ahora!
PTM-BAP-385,Bata para paciente desechable pediátrica hasta 6 años azul 10 pz DEMEVA CONFORT,DEMEVA,Ropa Desechable,Medica,Batas Paciente,Ropa Desechable > Medica > Batas Paciente > Pediatricas,651,73.28,71.81,71.08,,35.0,53.8,,disponible,0.15,https://www.promexsa.com.mx/productos/bata-para-paciente-desechable-pediatrica-hasta-6-anos-azul-10-pz-demeva-confort/,https://acdn-us.mitiendanube.com/stores/001/946/809/products/bata_pediatrica_demeva_azul_hasta_6_anos-2fd4230e892df23f5c17839222642081-480-0.webp,"Bata desechable pediátrica azul para niños hasta 6 años. SMS 30 g/m², cómoda y resistente. Ideal para hospitales y clínicas. ¡Compra ahora!"
7502320873690,Bata quirúrgica desechable con refuerzo azul 10 pz DEMEVA COMFORT,DEMEVA,Ropa Desechable,Medica,Batas Quirurgicas,Ropa Desechable > Medica > Batas Quirurgicas,652,264.44,259.15,256.51,,35.0,53.8,,disponible,,https://www.promexsa.com.mx/productos/bata-quirurgica-desechable-con-refuerzo-azul-10-pz-demeva-comfort-1f3vd/,https://acdn-us.mitiendanube.com/stores/001/946/809/products/313-c03f22715424bcb47e17773640428774-480-0.webp,
PTM-BAP-323,Bata para paciente desechable pediátrica hasta 12 años azul 10 pz DEMEVA FLEX,DEMEVA,Ropa Desechable,Medica,Batas Paciente,Ropa Desechable > Medica > Batas Paciente > Pediatricas,653,84.52,82.83,81.98,,35.0,53.8,,disponible,0.15,https://www.promexsa.com.mx/productos/bata-para-paciente-desechable-pediatrica-hasta-12-anos-azul-10-pz-demeva-flex/,https://acdn-us.mitiendanube.com/stores/001/946/809/products/342-e5a8ec19dfae9307de17773618299935-480-0.webp,"Bata pediátrica desechable azul para pacientes hasta 12 años, tela SMS resistente y cómoda. Paquete de 10 piezas ideal para hospitales y clínicas. Envío a todo México"
PTM-BAP-023,Bata para paciente desechable pediátrica hasta 12 años azul 10 pz DEMEVA ECONOMY,DEMEVA,Ropa Desechable,Medica,Batas Paciente,Ropa Desechable > Medica > Batas Paciente > Pediatricas,654,83.54,81.87,81.03,,35.0,53.8,,disponible,3,https://www.promexsa.com.mx/productos/bata-para-paciente-desechable-pediatrica-hasta-12-anos-azul-10-pz-demeva-economy/,https://acdn-us.mitiendanube.com/stores/001/946/809/products/342-5f020176b45c96f53617773617995062-480-0.webp,"Bata para paciente pediátrica desechable azul hasta 12 años, cómoda, resistente y segura. Paquete con 10 piezas, ideal para clínicas y hospitales."
PTM-BAP-384,Bata para paciente desechable pediátrica hasta 12 años azul 10 pz DEMEVA COMFORT,DEMEVA,Ropa Desechable,Medica,Batas Paciente,Ropa Desechable > Medica > Batas Paciente > Pediatricas,655,77.18,75.64,74.86,,35.0,53.8,,disponible,0.2,https://www.promexsa.com.mx/productos/bata-para-paciente-desechable-pediatrica-hasta-12-anos-azul-10-pz-demeva-comfort/,https://acdn-us.mitiendanube.com/stores/001/946/809/products/342-7eb77d976d2e75ace417773617573881-480-0.webp,"Bata desechable pediátrica azul para hasta 12 años, cómoda y resistente. Ideal para atención médica segura. Compra ahora 10 pz DEMEVA Comfort."
7502320873348,Bata para paciente desechable blanca 10 pz DEMEVA FLEX,DEMEVA,Ropa Desechable,Medica,Batas Paciente,Ropa Desechable > Medica > Batas Paciente > Adulto,656,138.63,135.86,134.47,,35.0,53.8,,disponible,,https://www.promexsa.com.mx/productos/bata-para-paciente-desechable-blanca-10-pz-demeva-flex-1bhd9/,https://acdn-us.mitiendanube.com/stores/001/946/809/products/351-17462b414f4f1650ad17773612176626-480-0.webp,
7502320873683,Bata para paciente desechable blanca 10 pz DEMEVA COMFORT,DEMEVA,Ropa Desechable,Medica,Batas Paciente,Ropa Desechable > Medica > Batas Paciente > Adulto,657,122.53,120.08,118.85,,35.0,53.8,,disponible,,https://www.promexsa.com.mx/productos/bata-para-paciente-desechable-blanca-10-pz-demeva-comfort-bqdjj/,https://acdn-us.mitiendanube.com/stores/001/946/809/products/351-774a29f000f5456e8c17773612073584-480-0.webp,
7502320873676,Bata para paciente desechable azul 10 pz DEMEVA COMFORT,DEMEVA,Ropa Desechable,Medica,Batas Paciente,Ropa Desechable > Medica > Batas Paciente > Adulto,658,111.28,109.05,107.94,,35.0,53.8,,disponible,,https://www.promexsa.com.mx/productos/bata-para-paciente-desechable-azul-10-pz-demeva-comfort-a8ed3/,https://acdn-us.mitiendanube.com/stores/001/946/809/products/347-816cf3c213f4ceab6517773613990322-480-0.webp,
7502320873058,Bata para mastografía desechable azul 10 pz DEMEVA FLEX,DEMEVA,Ropa Desechable,Medica,Batas Paciente,Ropa Desechable > Medica > Batas Paciente > Adulto,659,73.89,72.41,71.67,,35.0,53.8,,disponible,,https://www.promexsa.com.mx/productos/bata-para-mastografia-desechable-azul-10-pz-demeva-flex-1krnw/,https://acdn-us.mitiendanube.com/stores/001/946/809/products/437-54a68007f5da25cb3c17773606203588-480-0.webp,
7502320873850,Bata para mastografía desechable azul 10 pz DEMEVA COMFORT,DEMEVA,Ropa Desechable,Medica,Batas Paciente,Ropa Desechable > Medica > Batas Paciente > Adulto,660,66.95,65.61,64.94,,35.0,53.8,,disponible,,https://www.promexsa.com.mx/productos/bata-para-mastografia-desechable-azul-10-pz-demeva-comfort-iwnl2/,https://acdn-us.mitiendanube.com/stores/001/946/809/products/437-db14c4fd0b70b579b717773606032192-480-0.webp,
7502320870637,Bata para mastografía desechable azul 10 pz DEMEVA CLASSIC,DEMEVA,Ropa Desechable,Medica,Batas Paciente,Ropa Desechable > Medica > Batas Paciente > Adulto,661,92.79,90.93,90.01,,35.0,53.8,,disponible,,https://www.promexsa.com.mx/productos/bata-para-mastografia-desechable-azul-10-pz-demeva-classic-l362z/,https://acdn-us.mitiendanube.com/stores/001/946/809/products/437-2073e82ad80e7ce9d117773605567172-480-0.webp,
,Solución Quirúrgica 3M(TM) DuraPrep 26 ml,DURALPREP,Sin Categoría,,,Sin Categoría,662,341.82,334.98,331.57,,33.0,49.3,,disponible,,https://www.promexsa.com.mx/productos/solucion-quirurgica-3m-duraprep-26-ml-k38io/,https://acdn-us.mitiendanube.com/stores/001/946/809/products/9e9d8832-f194-4c6f-8147-f56b4e1364f4-d0792d73222d1fcc8117739922320520-480-0.webp,
DIS-JED-138,Jeringas de 10 ml verde 21 g x 32 mm 100 pz SENSIMEDICAL,SENSIMEDICAL,Material de Curación,Jeringas,Jeringas Desechables,Material de Curación > Jeringas > Jeringas Desechables,663,445.22,436.32,431.86,,30.0,42.9,,disponible,,https://www.promexsa.com.mx/productos/jeringas-de-10-ml-verde-21-g-x-32-mm-100-pz-sensimedical-xojds/,https://acdn-us.mitiendanube.com/stores/001/946/809/products/52aa3c10-a014-40ad-8ccc-74f73bc09621-37fda3402715a081ce17738205080524-480-0.webp,
7501128153232,Tubo penrose 1/2 DLP,DLP,Equipo Quirúrgico,Drenajes,,Equipo Quirúrgico > Drenajes,664,27.94,27.38,27.1,,38.0,61.3,,disponible,,https://www.promexsa.com.mx/productos/tubo-penrose-1-2-dlp-1m48c/,https://acdn-us.mitiendanube.com/stores/001/946/809/products/99b38665-7bca-4e66-a132-6e840c502318-cc967d80b1db64acf817738198033079-480-0.webp,
7503048746631,Babero dental de papel 35 cm x 45 cm rojo 50 pz DEMEVA,DEMEVA,Material Dental,,,Material Dental,665,66.19,64.87,64.2,,38.0,61.3,,disponible,1,https://www.promexsa.com.mx/productos/babero-dental-de-papel-35-cm-x-45-cm-rojo-50-pz-demeva-h23bm/,https://acdn-us.mitiendanube.com/stores/001/946/809/products/fotos-tiendanube-1-02bc222781fcf3b44917738158087189-480-0.webp,
7503048746686,Babero dental de papel 35 cm x 45 cm naranja 50 pz DEMEVA,DEMEVA,Material Dental,,,Material Dental,666,66.19,64.87,64.2,,38.0,61.3,,disponible,0.34,https://www.promexsa.com.mx/productos/babero-dental-de-papel-35-cm-x-45-cm-naranja-50-pz-demeva-1t5se/,https://acdn-us.mitiendanube.com/stores/001/946/809/products/426-ff151877ee73dfb81017738154094738-480-0.webp,
7503048746679,Babero dental de papel 35 cm x 45 cm blanco 50 pz DEMEVA,DEMEVA,Material Dental,,,Material Dental,667,66.19,64.87,64.2,,38.0,61.3,,disponible,1,https://www.promexsa.com.mx/productos/babero-dental-de-papel-35-cm-x-45-cm-blanco-50-pz-demeva-1bzoi/,https://acdn-us.mitiendanube.com/stores/001/946/809/products/425-d545fa6fafda0ae0bd17738148109431-480-0.webp,
7503048746655,Babero dental de papel 35 cm x 45 cm azul 50 pz DEMEVA,DEMEVA,Material Dental,,,Material Dental,668,66.19,64.87,64.2,,38.0,61.3,,disponible,1,https://www.promexsa.com.mx/productos/babero-dental-de-papel-35-cm-x-45-cm-azul-50-pz-demeva-cdc64/,https://acdn-us.mitiendanube.com/stores/001/946/809/products/422-15e274c62de9494aa117738147687773-480-0.webp,
7503048746648,Babero dental de papel 35 cm x 45 cm amarillo 50 pz DEMEVA,DEMEVA,Material Dental,,,Material Dental,669,66.19,64.87,64.2,,38.0,61.3,,disponible,1,https://www.promexsa.com.mx/productos/babero-dental-de-papel-35-cm-x-45-cm-amarillo-50-pz-demeva-1is3n/,https://acdn-us.mitiendanube.com/stores/001/946/809/products/fotos-tiendanube-e53b2f7a450f87487417738156268452-480-0.webp,
MQL-ROP-076,Rollo para mesa de exploración negro 0.80 m x 100 m DEMEVA CLASSIC,DEMEVA,Cuidado Personal,Protección para Cama,Sábanas,Cuidado Personal > Protección para Cama > Sábanas,670,674.38,660.89,654.15,,45.0,81.8,,disponible,0.5,https://www.promexsa.com.mx/productos/rollo-para-mesa-de-exploracion-negro-0-80-m-x-100-m-demeva-classic-1hpsj/,https://acdn-us.mitiendanube.com/stores/001/946/809/products/23cb4d2a-3f52-4117-865b-50dbddd1cbce-76bb8569ecd012f80417726969646953-480-0.webp,"Rollo para mesa de exploración desechable marca DEMEVA fabricado en tela SMS de polipropileno de 3 capas antirepelente. Ideal para consultorios médicos, clínicas, hospitales, estética y centros de diagnóstico. Disponible en diferentes colores, gramajes y presentaciones."
MQL-ROP-075,Rollo para mesa de exploración negro 0.50 m x 25 m DEMEVA CLASSIC,DEMEVA,Cuidado Personal,Protección para Cama,Sábanas,Cuidado Personal > Protección para Cama > Sábanas,671,120.22,117.82,116.61,,45.0,81.8,,disponible,0.5,https://www.promexsa.com.mx/productos/rollo-para-mesa-de-exploracion-negro-0-50-m-x-25-m-demeva-classic-hsvc6/,https://acdn-us.mitiendanube.com/stores/001/946/809/products/b2271348-6b16-4b61-a44f-bf0525f56d5a-bb78ed96f7cd51fb3e17726969494595-480-0.webp,"Rollo para mesa de exploración desechable marca DEMEVA fabricado en tela SMS de polipropileno de 3 capas antirepelente. Ideal para consultorios médicos, clínicas, hospitales, estética y centros de diagnóstico. Disponible en diferentes colores, gramajes y presentaciones."
PTM-BAT-078,Bata quirúrgica desechable colores sin refuerzo 10 pz DEMEVA CLASSIC,DEMEVA,Ropa Desechable,Medica,Batas Quirurgicas,Ropa Desechable > Medica > Batas Quirurgicas,672,298.36,292.39,289.41,,35.0,53.8,,disponible,1,https://www.promexsa.com.mx/productos/bata-tipo-quirurgica-colores-sin-refuerzo-10-pz-demeva-classic-1qq7d/,https://acdn-us.mitiendanube.com/stores/001/946/809/products/bata-quirurgica-colores-tn-promexsa-7fc3082398044397b717722560454433-480-0.webp,"Bata quirúrgica desechable en surtido de colores, tricapa SMS antifluidos con puño cardigan. Ideal para segmentación hospitalaria. Paquete con 10 piezas."
PTM-BAP-020,Bata para paciente desechable violeta 10 pz DEMEVA CLASSIC,DEMEVA,Ropa Desechable,Medica,Batas Paciente,Ropa Desechable > Medica > Batas Paciente > Adulto,673,160.25,157.04,155.44,,35.0,53.8,,disponible,1,https://www.promexsa.com.mx/productos/bata-para-paciente-violeta-10-pz-demeva-classic-1nbqn/,https://acdn-us.mitiendanube.com/stores/001/946/809/products/356-94bc988c53eb20fba017720937111797-480-0.webp,"Bata desechable lila 35g tricapa SMS antifluidos. Resistente, cómoda y profesional. Ideal para hospitales y clínicas."
PTM-BAP-028,Bata para paciente desechable roja 10 pz DEMEVA CLASSIC,DEMEVA,Ropa Desechable,Medica,Batas Paciente,Ropa Desechable > Medica > Batas Paciente > Adulto,674,,,,,35.0,53.8,,disponible,1,https://www.promexsa.com.mx/productos/bata-para-paciente-roja-10-pz-demeva-classic-1b90a/,https://acdn-us.mitiendanube.com/stores/001/946/809/products/362-38121f71e67f48cf4417720936280157-480-0.webp,Bata hospitalaria roja 30g tricapa SMS antifluidos. Resistente y cómoda. Paquete con 10 piezas ideal para clínicas.
PTM-BAP-021,Bata para paciente desechable negra 10 pz DEMEVA CLASSIC,DEMEVA,Ropa Desechable,Medica,Batas Paciente,Ropa Desechable > Medica > Batas Paciente > Adulto,675,160.78,157.56,155.96,,35.0,53.8,,disponible,1,https://www.promexsa.com.mx/productos/bata-para-paciente-negra-10-pz-demeva-classic-x0qte/,https://acdn-us.mitiendanube.com/stores/001/946/809/products/354-620963291340acc1da17720935782064-480-0.webp,Bata negra para paciente 35g tricapa SMS antifluidos. Alta resistencia y presentación premium. Paquete con 10 piezas.
PTM-BAP-019,Bata para paciente desechable colores 10 pz DEMEVA CLASSIC,DEMEVA,Ropa Desechable,Medica,Batas Paciente,Ropa Desechable > Medica > Batas Paciente > Adulto,676,160.78,157.56,155.96,,35.0,53.8,,disponible,1,https://www.promexsa.com.mx/productos/bata-para-paciente-colores-10-pz-demeva-classic-h4yfs/,https://acdn-us.mitiendanube.com/stores/001/946/809/products/fotos-tiendanube-2-94be9ffcc8af32783d17722561439730-480-0.webp,"Bata desechable para paciente en surtido de colores. Tela tricapa SMS antifluidos, amplia y cómoda. Paquete con 10 piezas ideal para clínicas y hospitales."
PTM-BAP-017,Bata para paciente desechable blanca 10 pz DEMEVA CLASSIC,DEMEVA,Ropa Desechable,Medica,Batas Paciente,Ropa Desechable > Medica > Batas Paciente > Adulto,677,160.78,157.56,155.96,,35.0,53.8,,disponible,1,https://www.promexsa.com.mx/productos/bata-para-paciente-blanca-10-pz-demeva-classic-1w9gy/,https://acdn-us.mitiendanube.com/stores/001/946/809/products/351-7d99d3a19444182d4317720934238213-480-0.webp,Bata desechable blanca 35g tricapa SMS antifluidos. Protección reforzada y comodidad. Ideal para hospitales y clínicas.
DIS-CIU-81,Circuito universal de anestesia con mascarilla 1.52 m HUDSON,HUDSON,Sin Categoría,,,Sin Categoría,678,352.73,345.68,342.15,,33.0,49.3,,disponible,0.2,https://www.promexsa.com.mx/productos/circuito-universal-de-anestesia-con-mascarilla-1-52-m-hudson-2a3az/,https://acdn-us.mitiendanube.com/stores/001/946/809/products/e0eeb3a3-e41a-4aca-9f19-399df176e57b-4fb4b7698f1f0cdcc017697956686283-480-0.webp,Circuito universal de anestesia de 1.52 m con mascarilla ergonómica para ventilación segura y eficiente. Ideal para procedimientos quirúrgicos. Compra ahora.
DIS-SOF-447,Sonda foley 2 vías de látex con globo de 5 ml 14 fr DL,,Áreas y Especialidades,Urología,Sondas Urologicas,Áreas y Especialidades > Urología > Sondas Urologicas,679,35.96,35.24,34.88,,40.0,66.7,,disponible,,https://www.promexsa.com.mx/productos/sonda-foley-2-vias-de-latex-con-globo-de-5-ml-14-fr-dl-8u19n/,https://acdn-us.mitiendanube.com/stores/001/946/809/products/4bc92142-c683-4c68-b298-64b2caad8e63-ee1fba5fc54eae58f017659970403668-480-0.webp,
DIS-SOF-445,Sonda foley 2 vías de látex con globo de 30 ml 16 DL,,Áreas y Especialidades,Urología,Sondas Urologicas,Áreas y Especialidades > Urología > Sondas Urologicas,680,35.97,35.25,34.89,,40.0,66.7,,disponible,,https://www.promexsa.com.mx/productos/sonda-foley-2-vias-de-latex-con-globo-de-30-ml-16-dl-u97iv/,https://acdn-us.mitiendanube.com/stores/001/946/809/products/fotos-tiendanube-2026-01-09t101839-478-4dba10741c77deeacc17679755314688-480-0.webp,
DIS-LAP-1080,Lanceta Para recolección de sangre calibre 32g aguja de punta fina (DB911B) DL,,Sin Categoría,,,Sin Categoría,681,115.47,113.16,112.01,,33.0,49.3,,disponible,,https://www.promexsa.com.mx/productos/lanceta-para-recoleccion-de-sangre-calibre-32g-aguja-de-punta-fina-db911b-dl-p9w7a/,https://acdn-us.mitiendanube.com/stores/001/946/809/products/fotos-tiendanube-2025-12-17t124216-700-84b0cbbc352aea082e17659969800585-480-0.webp,
DIS-JEP-1112,Jeringa para insulina de 0.3ml 31 x 6 100 pz DL,,Material de Curación,Jeringas,Jeringas Desechables,Material de Curación > Jeringas > Jeringas Desechables,682,353.87,346.79,343.25,,30.0,42.9,,disponible,,https://www.promexsa.com.mx/productos/jeringa-para-insulina-de-0-3ml-31-x-6-100-pz-dl-zkrpg/,https://acdn-us.mitiendanube.com/stores/001/946/809/products/38612564-a3bb-4929-b53b-08a998e62730-533333be453701f89817659968435176-480-0.webp,
DIS-GUD-1093,"Guantes de Nitrilo Azul DL para Exploración / S, M y L / 100 Piezas",DL,Accesorios y Suministros Médicos,Guantes,Guantes de Nitrilo,Accesorios y Suministros Médicos > Guantes > Guantes de Nitrilo > Guante de Nitrilo Azul,683,107.64,105.49,104.41,,28.0,38.9,,disponible,0.3,https://www.promexsa.com.mx/productos/guantes-nitrilo-dl-100-piezas/,https://acdn-us.mitiendanube.com/stores/001/946/809/products/guante-de-nitrilo-azul-caja-con-100-piezas-marca-dl-25604971eb93695b6c17858237024343-480-0.webp,"Compra Guantes de Nitrilo DL para exploración médica. Libres de látex, texturizados, no estériles, caja con 100 piezas y fabricados conforme a FEUM y ASTM D6319. Envío a todo México"
DIS-CUT-1096,Guantes de látex blanco DL / Talla L 100 piezas,,Accesorios y Suministros Médicos,Guantes,Guantes de Látex,Accesorios y Suministros Médicos > Guantes > Guantes de Látex,684,124.2,121.72,120.47,,28.0,38.9,,disponible,0.58,https://www.promexsa.com.mx/productos/guante-de-latex-blanco-g-100-pz-dl-w37av/,https://acdn-us.mitiendanube.com/stores/001/946/809/products/c36846a1-75c9-43d0-b645-8bd240d83db4-f3cafc8a3b7bf66f0b17659961118920-480-0.webp,Este modelo de guantes de látex Dl está diseñado para consultorios y hospitales que requieren higiene y disponibilidad constante en sus procesos.
DIS-GUD-1091,Guantes de látex blanco DL / Talla S 100 piezas,,Accesorios y Suministros Médicos,Guantes,Guantes de Látex,Accesorios y Suministros Médicos > Guantes > Guantes de Látex,685,124.2,121.72,120.47,,28.0,38.9,,disponible,0.58,https://www.promexsa.com.mx/productos/guante-de-latex-blanco-ch-100-pz-dl-c6lfv/,https://acdn-us.mitiendanube.com/stores/001/946/809/products/ae81505b-899d-404a-b33a-14c3c5224055-a6631c2b31de5eae0a17659960784635-480-0.webp,Los guantes de látex en presentación de 100 piezas son ideales para clínicas que buscan eficiencia y control en el manejo de pacientes.
DIS-EPV-751,Extensión Para venoclisis 150 cm X 1.60 mm DL,,Sin Categoría,,,Sin Categoría,686,46.56,45.63,45.16,,33.0,49.3,,disponible,,https://www.promexsa.com.mx/productos/extension-para-venoclisis-150-cm-x-1-60-mm-dl-wdcsy/,https://acdn-us.mitiendanube.com/stores/001/946/809/products/8bbe1660-f44a-4afb-bf71-c8565bb5bd71-9d512595d63996c04e17659960519630-480-0.webp,
DIS-JED-1386,Jeringas de 10 ml amarilla 20 g x 38 mm 100 pz SENSIMEDICAL,,Material de Curación,Jeringas,Jeringas Desechables,Material de Curación > Jeringas > Jeringas Desechables,687,445.22,436.32,431.86,,30.0,42.9,,disponible,,https://www.promexsa.com.mx/productos/jeringas-de-10-ml-amarilla-20-g-x-38-mm-100-pz-sensimedical-m5t5g/,https://acdn-us.mitiendanube.com/stores/001/946/809/products/9e2d077e-7274-4887-a847-f1697c48d5de-03ff68f353257b2cfc17654742117405-480-0.webp,
DIS-JED-1392,Jeringa de 10 ml amarilla 20 g x 32 mm 100 pz SENSIMEDICAL,,Material de Curación,Jeringas,Jeringas Desechables,Material de Curación > Jeringas > Jeringas Desechables,688,445.22,436.32,431.86,,30.0,42.9,,disponible,,https://www.promexsa.com.mx/productos/jeringa-de-10-ml-amarilla-20-g-x-32-mm-100-pz-sensimedical-rowf0/,https://acdn-us.mitiendanube.com/stores/001/946/809/products/749355af-1db0-4747-81f4-3047616e8cd2-5964f88b56a5ce465417654740398501-480-0.webp,
DIS-AGH-1108,Resucitador manual infantil AMBUI HANDY,,Sin Categoría,,,Sin Categoría,689,571.24,559.82,554.1,,33.0,49.3,,disponible,,https://www.promexsa.com.mx/productos/resucitador-manual-infantil-ambui-handy-fjkpl/,https://acdn-us.mitiendanube.com/stores/001/946/809/products/432608e9-ec41-4cf9-ae20-949098796968-5b1199fa223b7c585517654729310374-480-0.webp,
DIS-AGH-1079,Medidor de glucemia de facil lectura GL44 BEURER,,Sin Categoría,,,Sin Categoría,690,633.76,621.08,614.75,,33.0,49.3,,disponible,,https://www.promexsa.com.mx/productos/medidor-de-glucemia-de-facil-lectura-gl44-beurer-6z8h5/,https://acdn-us.mitiendanube.com/stores/001/946/809/products/31468566-a6bc-4ffb-bb84-cd7042d0b97c-aada5ef1f9991a1c4d17654727352107-480-0.webp,
PDC-AGH-1085,Masajeador y electroestimulador muscular 4 canales EM80 BEURER,,Sin Categoría,,,Sin Categoría,691,3135.19,3072.49,3041.13,,18.0,22.0,,disponible,,https://www.promexsa.com.mx/productos/masajeador-y-electroestimulador-muscular-4-canales-em80-beurer-jz5yw/,https://acdn-us.mitiendanube.com/stores/001/946/809/products/7648d9ee-56d5-4c1a-b164-c068ce992ed6-305fafadde59ab2c0917654726361217-480-0.webp,
PDC-AGH-1199,Masajeador de Pies shiatsu Triple Función FM90 BEURER,,Sin Categoría,,,Sin Categoría,692,2635.74,2583.03,2556.67,,33.0,49.3,,disponible,,https://www.promexsa.com.mx/productos/masajeador-de-pies-shiatsu-triple-funcion-fm90-beurer-xy9j5/,https://acdn-us.mitiendanube.com/stores/001/946/809/products/77e64008-ec45-4216-9e35-bf9da9a59a4b-92a82a1c02cad80d3517654725384638-480-0.webp,
PDC-AGH-1091,Entrenador de postura PC100 BEURER,,Sin Categoría,,,Sin Categoría,693,2037.26,1996.51,1976.14,,33.0,49.3,,disponible,,https://www.promexsa.com.mx/productos/entrenador-de-postura-pc100-beurer-xwf0y/,https://acdn-us.mitiendanube.com/stores/001/946/809/products/10a7cbef-cef2-4754-88f2-4845d07b8e52-266fba3817c45cf3e017654722360924-480-0.webp,
DIS-AGH-1090,Cepillo ionico desenredante HT10 BEURER,BEURER,Sin Categoría,,,Sin Categoría,694,533.07,522.41,517.08,,33.0,49.3,,disponible,0.2,https://www.promexsa.com.mx/productos/cepillo-ionico-desenredante-ht10-beurer-gh7hh/,https://acdn-us.mitiendanube.com/stores/001/946/809/products/a4433eb4-e8a0-4b16-8908-24b92bf28c98-2609ac2c770e79309417654721465312-480-0.webp,"Cepillo iónico HT10 Beurer reduce frizz y desenreda fácil. Compacto, portátil y a pilas, ideal para todo tipo de cabello. ¡Consíguelo ya!"
DIS-LIT-699,Tijera Metzenbaum Recta 14 cm Punta Roma 7-28 HERGOM,,Sin Categoría,,,Sin Categoría,695,77.35,75.8,75.03,,33.0,49.3,,disponible,,https://www.promexsa.com.mx/productos/tijera-metzenbaum-recta-14-cm-punta-roma-7-28-hergom-rgu0i/,https://acdn-us.mitiendanube.com/stores/001/946/809/products/2391fa73-9b98-46c3-9bf4-e278b8f31ee5-268c029286b8da568a17654720438933-480-0.webp,
DIS-AGH-1059,Tapa para aspirador de liposucción YX-150 HERGOM,HERGOM,Sin Categoría,,,Sin Categoría,696,483.5,473.83,469,,33.0,49.3,,disponible,0.3,https://www.promexsa.com.mx/productos/tapa-para-aspirador-de-liposuccion-yx-150-hergom-1ndbu/,https://acdn-us.mitiendanube.com/stores/001/946/809/products/343705dc-9b8d-4f57-a20d-739e2cf88750-c7d7142c970dcb222617654718796306-480-0.webp,Tapa para aspirador de liposucción YX-150 HERGOM que asegura sellado hermético y resistencia. Compatible con YX980D. Compra calidad y seguridad clínica.
DIS-AGH-1054,Tapa de frasco portatil 7e-a 7A-201 HERGOM,HERGOM,Equipo Quirúrgico,Aspiración,Aspiradores,Equipo Quirúrgico > Aspiración > Aspiradores,697,208.11,203.95,201.87,,38.0,61.3,,disponible,0.3,https://www.promexsa.com.mx/productos/tapa-de-frasco-portatil-7e-a-7a-201-hergom-urk7g/,https://acdn-us.mitiendanube.com/stores/001/946/809/products/f737d6d8-4390-4d1e-8795-d95c6b3b9c1b-70ab507dadfcb063a617654716866524-480-0.webp,
DIS-AGH-1053,Set de mangueras para aspirador portatil 7e-a 7A-153 HERGOM,HERGOM,Sin Categoría,,,Sin Categoría,698,315.33,309.02,305.87,,33.0,49.3,,disponible,0.3,https://www.promexsa.com.mx/productos/set-de-mangueras-para-aspirador-portatil-7e-a-7a-153-hergom-seuf5/,https://acdn-us.mitiendanube.com/stores/001/946/809/products/7f0929b7-0c52-456d-ae26-6d003facb505-a0268e60589cb5e21317654105513008-480-0.webp,"Set de mangueras de silicón médico HERGOM 7A-153, flexible y resistente para aspirador portátil 7E-A. Compra calidad y seguridad para uso médico."
DIS-AGH-1058,Set de mangueras para aspirador de liposucción YX-155 HERGOM,HERGOM,Equipo Quirúrgico,Aspiración,Aspiradores,Equipo Quirúrgico > Aspiración > Aspiradores,699,1450.48,1421.47,1406.97,,38.0,61.3,,disponible,0.5,https://www.promexsa.com.mx/productos/set-de-mangueras-para-aspirador-de-liposuccion-yx-155-hergom-xkis8/,https://acdn-us.mitiendanube.com/stores/001/946/809/products/4c4f0278-9940-4d09-9200-b31891546545-2f8b8c757abdbe39fd17654101973959-480-0.webp,"Mangueras de repuesto para aspirador HERGOM YX-155, duraderas y seguras para procedimientos de liposucción. ¡Compra ahora!"
DIS-AGH-1048,Frasco para maquina de succión de 2 l HERGOM,HERGOM,Sin Categoría,,,Sin Categoría,700,603.26,591.19,585.16,,33.0,49.3,,disponible,1,https://www.promexsa.com.mx/productos/frasco-para-maquina-de-succion-de-2-l-hergom-8fx7p/,https://acdn-us.mitiendanube.com/stores/001/946/809/products/97530d90-9f70-4342-acfb-d13104b79054-c8792aaf849caa277617654073735643-480-0.webp,"Frasco de 2 litros para máquina de succión HERGOM, durable y fácil de limpiar. Ideal para hospitales y clínicas. ¡Compra ahora!"
DIS-BAM-1084,Baumanometro de muñeca Bc28 BEURER,BEURER,Equipo y Mobiliario,Equipo de Diagnostico y Monitoreo,Baumanometros,Equipo y Mobiliario > Equipo de Diagnostico y Monitoreo > Baumanometros,701,655.16,642.06,635.51,,20.0,25.0,,disponible,0.2,https://www.promexsa.com.mx/productos/baumanometro-de-muneca-bc28-beurer-h5xso/,https://acdn-us.mitiendanube.com/stores/001/946/809/products/c05414f6-3239-41ad-86cb-bc437297caef-f5badf55c425f1a0d917652729720854-480-0.webp,"Controla tu presión arterial con el baumanómetro digital Beurer BC28, cómodo, fácil de usar y con alarma de arritmia. ¡Compra ahora y cuida tu salud!"
DIS-MIC-77,Cinta microporosa quirúrgica piel c/ind 2.5 cm x 10.0 m con 12 pz DIBAR,DIBAR,Material de Curación,,,Material de Curación,702,269.95,264.55,261.85,,30.0,42.9,,disponible,0.39,https://www.promexsa.com.mx/productos/cinta-microporosa-quirurgica-piel-c-ind-2-5-cm-x-10-0-m-con-12-pz-dibar-jlk7m/,https://acdn-us.mitiendanube.com/stores/001/946/809/products/d553a152-ef51-467c-bba0-479a0c2474ca-2db7de9f91750b335917648752899772-480-0.webp,
DIS-TEA-784,Tela adhesiva quirurgica acetato 75 mm x 10 m 4 pz MEDICEL TUK,MEDICEL TUK,Material de Curación,Apósitos,,Material de Curación > Apósitos,703,433.15,424.49,420.16,,30.0,42.9,,disponible,0.1,https://www.promexsa.com.mx/productos/tela-adhesiva-quirurgica-acetato-75-mm-x-10-m-4-pz-medicel-tuk-pdw70/,https://acdn-us.mitiendanube.com/stores/001/946/809/products/6c08b812-8600-4009-b0a1-892b88dd1a68-6bc14505be35b83bf917635317412587-480-0.webp,"Tela adhesiva quirúrgica acetato 75 mm x 10 m, resistente y segura para fijación de apósitos y curaciones. Paquete de 4 piezas MEDICEL TUK."
DIS-TEA-785,Tela adhesiva quirurgica acetato 50 mm x 10 m 6 pz MEDICEL TUK,MEDICEL TUK,Material de Curación,Apósitos,Apósitos de Fijacion,Material de Curación > Apósitos > Apósitos de Fijacion,704,433.15,424.49,420.16,,30.0,42.9,,disponible,0.1,https://www.promexsa.com.mx/productos/tela-adhesiva-quirurgica-acetato-50-mm-x-10-m-6-pz-medicel-tuk-ljm29/,https://acdn-us.mitiendanube.com/stores/001/946/809/products/213be1a8-c3d5-4408-b245-b9ecd794d9f3-8864238b30152bb1d417635317347381-480-0.webp,"Tela adhesiva quirúrgica acetato 50 mm x 10 m, alta adherencia y durabilidad para fijación segura en curaciones. Compra ahora MEDICEL TUK."
DIS-TAA-1220,Tapete adhesivo 4 pz con 30 hojas AMBIDERM,AMBIDERM,Sin Categoría,,,Sin Categoría,705,1057,1035.86,1025.29,,33.0,49.3,,disponible,1,https://www.promexsa.com.mx/productos/tapete-adhesivo-4-pz-con-30-hojas-ambiderm-2rhik/,https://acdn-us.mitiendanube.com/stores/001/946/809/products/3ab9eb27-1ef0-4b97-b669-a7733073b1c9-0c9a35c7eac989786617604669751453-480-0.webp,"Tapete adhesivo AMBIDERM con 4 piezas y 30 hojas, ideal para hospitales y laboratorios. Reduce contaminación y facilita limpieza. ¡Compra ahora!"
DIS-ROP-2001,Rollo para mesa de exploración blanco 0.53 m x 0.38 m Ápex AMBIDERM,AMBIDERM,Cuidado Personal,Protección para Cama,Sábanas,Cuidado Personal > Protección para Cama > Sábanas,706,61.9,60.66,60.04,,45.0,81.8,,disponible,2,https://www.promexsa.com.mx/productos/rollo-para-mesa-de-exploracion-blanco-0-53-m-x-0-38-m-apex-ambiderm-yoifz/,https://acdn-us.mitiendanube.com/stores/001/946/809/products/a49693f1-ebe6-4107-82c6-aee5b6c27054-c4fa6366c3804653e417604664242144-480-0.webp,"Rollo para mesa de exploración Ápex AMBIDERM, papel resistente y suave para higiene médica. Ideal para clínicas y hospitales. ¡Compra ahora y protege a tus pacientes!"
DIS-RPA-2000,Rollo para mesa de exploración blanco 0.53 m x 0.38 m Pre-cortado AMBIDERM,AMBIDERM,Cuidado Personal,Protección para Cama,Sábanas,Cuidado Personal > Protección para Cama > Sábanas,707,93.4,91.53,90.6,,45.0,81.8,,disponible,2,https://www.promexsa.com.mx/productos/rollo-para-mesa-de-exploracion-blanco-0-53-m-x-0-38-m-pre-cortado-ambiderm-be5in/,https://acdn-us.mitiendanube.com/stores/001/946/809/products/a4069dea-ac09-48b6-8c3f-e50fe930eaed-a3fd7b24e6dfe8800917604663246629-480-0.webp,"Rollo pre-cortado para mesa de exploración, resistente y suave. Ideal para clínicas y consultorios. ¡Mantén higiene y comodidad en cada consulta!"
DIS-ROD-1197,Rollo de Algodón Dental AMBIDERM 3.8 x 1 cm Bolsa con 1000 Piezas,AMBIDERM,Material de Curación,Algodón y Gasas,Algodón,Material de Curación > Algodón y Gasas > Algodón,708,135.54,132.83,131.47,,30.0,42.9,,disponible,1,https://www.promexsa.com.mx/productos/rollos-algodon-dental-ambiderm-1000-piezas/,https://acdn-us.mitiendanube.com/stores/001/946/809/products/ea2a4b8a-2472-4108-a992-18d626e534c3-7f38bbfac0fdf24b6817604653262941-480-0.webp,"Rollos de algodón dental Ambiderm 100% algodón natural, 3.8 x 1 cm. Bolsa con 1000 piezas, absorbentes, sin almidón y no estériles."
DIS-RAD-1219,Rastrillo desechable ergonómico hoja de un filo 50 pz AMBIDERM,AMBIDERM,Equipo Quirúrgico,Complementos Quirúrgicos,Accesorios Quirúrgicos,Equipo Quirúrgico > Complementos Quirúrgicos > Accesorios Quirúrgicos,709,176.49,172.96,171.2,,38.0,61.3,,disponible,1,https://www.promexsa.com.mx/productos/rastrillo-desechable-ergonomico-hoja-de-un-filo-50-pz-ambiderm-abbdd/,https://acdn-us.mitiendanube.com/stores/001/946/809/products/diseno-sin-titulo-39-6b7bd5eccdbe3b356217604626357677-480-0.webp,Rastrillo quirúrgico desechable AMBIDERM con hoja de un filo y mango antiderrapante. Seguro y eficaz para rasurado preoperatorio. ¡Compra ahora!
DIS-GUM-1216,Guantes de látex mentolados AMBIDERM MAXTER / Talla xch 100 piezas,AMBIDERM,Accesorios y Suministros Médicos,Guantes,Guantes de Látex,Accesorios y Suministros Médicos > Guantes > Guantes de Látex,710,168.27,164.9,163.22,,28.0,38.9,,disponible,0.5,https://www.promexsa.com.mx/productos/guante-mentolado-xch-100-pz-ambiderm-maxter-3varv/,https://acdn-us.mitiendanube.com/stores/001/946/809/products/254-9c97034dcea736062217636830849653-480-0.webp,Presentación de 100 piezas pensada para usuarios que buscan ajuste de látex con sensación fresca durante el uso continuo. Ideal para compras recurrentes de clínicas y distribuidores.
DIS-GUM-1218,Guantes de látex mentolados AMBIDERM MAXTER / Talla g 100 piezas,AMBIDERM,Accesorios y Suministros Médicos,Guantes,Guantes de Látex,Accesorios y Suministros Médicos > Guantes > Guantes de Látex,711,168.27,164.9,163.22,,28.0,38.9,,disponible,0.5,https://www.promexsa.com.mx/productos/guante-mentolado-g-100-pz-ambiderm-maxter-limvg/,https://acdn-us.mitiendanube.com/stores/001/946/809/products/252-ec4fea6f7103a336e617636831022829-480-0.webp,"Guantes mentolados Ambiderm Maxter para consultorios y clínicas que requieren protección, tacto y diferenciación en su catálogo. Disponible para abastecimiento profesional y reposición rápida."
DIS-GUM-1217,Guantes de látex mentolados AMBIDERM MAXTER / Talla ch 100 piezas,AMBIDERM,Accesorios y Suministros Médicos,Guantes,Guantes de Látex,Accesorios y Suministros Médicos > Guantes > Guantes de Látex,712,168.27,164.9,163.22,,28.0,38.9,,disponible,0.5,https://www.promexsa.com.mx/productos/guante-mentolado-ch-100-pz-ambiderm-maxter-vih1w/,https://acdn-us.mitiendanube.com/stores/001/946/809/products/253-a3bcb9c94f5baad85c17636830618831-480-0.webp,"Opción de látex con acabado mentolado para atención médica, procesos de revisión y abastecimiento profesional. Opción práctica para surtir inventario médico sin interrupciones."
DIS-GUD-834,Guantes de vinilo light libre de polvo AMBIDERM / Talla XS 100 piezas,AMBIDERM,Accesorios y Suministros Médicos,Guantes,Guantes de Vinyl,Accesorios y Suministros Médicos > Guantes > Guantes de Vinyl,713,88.81,87.03,86.15,,28.0,38.9,,disponible,0.5,https://www.promexsa.com.mx/productos/guante-de-vinyl-light-libre-de-polvo-xch-100-pz-ambiderm-shd2b/,https://acdn-us.mitiendanube.com/stores/001/946/809/products/a9baf505-597d-4ea8-aa4b-1d1948d33780-09c8f56f70b720444a17604613950091-480-0.webp,"Producto desechable de vinilo para compras por volumen, ideal cuando se busca economía, comodidad y rotación constante. Cotiza para mayoreo y mantén stock operativo en tu negocio."
DIS-GUD-1212,"Guantes de Nitrilo Azul Océano Ambiderm para Exploración / XS, S, M y L / 100 Piezas",AMBIDERM,Accesorios y Suministros Médicos,Guantes,Guantes de Nitrilo,Accesorios y Suministros Médicos > Guantes > Guantes de Nitrilo > Guante de Nitrilo Azul,714,163.75,160.47,158.84,,28.0,38.9,,disponible,0.5,https://www.promexsa.com.mx/productos/guantes-nitrilo-azul-oceano-ambiderm/,https://acdn-us.mitiendanube.com/stores/001/946/809/products/guante-de-nitrilo-azul-cielo-ambiderm-100-pz-xs-4b805a53b8b49fa44c17843691712424-480-0.webp,"Compra Guantes de Nitrilo Azul Océano Ambiderm libres de polvo para exploración médica. Ideales para hospitales, laboratorios y manejo de alimentos. Tallas XS, S, M y L."
DIS-GUD-1205,"Guantes de Nitrilo Azul Cobalto Ambiderm para Exploración / XS, S, M y L / 100 Piezas",AMBIDERM,Accesorios y Suministros Médicos,Guantes,Guantes de Nitrilo,Accesorios y Suministros Médicos > Guantes > Guantes de Nitrilo > Guante de Nitrilo Azul,715,163.75,160.47,158.84,,28.0,38.9,,disponible,0.5,https://www.promexsa.com.mx/productos/guantes-nitrilo-azul-cobalto-ambiderm/,https://acdn-us.mitiendanube.com/stores/001/946/809/products/guante-de-nitrilo-azul-cobalto-xs-ambiderm-100-piezas-4e7713d0a8d2a4cd9517845895601934-480-0.webp,"Compra Guantes de Nitrilo Azul Cobalto Ambiderm libres de polvo. Ideales para laboratorios, hospitales, odontología e industria. Tallas XS, S, M y L."
DIS-GUD-1195,Guantes de látex violeta AMBIDERM PLUS / Talla XS 100 piezas,AMBIDERM,Accesorios y Suministros Médicos,Guantes,Guantes de Látex,Accesorios y Suministros Médicos > Guantes > Guantes de Látex,716,128.82,126.24,124.96,,28.0,38.9,,disponible,0.58,https://www.promexsa.com.mx/productos/guante-de-latex-violeta-xch-100-pz-ambiderm-plus-ajbp6/,https://acdn-us.mitiendanube.com/stores/001/946/809/products/c36c26e9-4334-4de5-8a92-adbf2e876491-32d581e1cec13f17b917603967869795-480-0.webp,Este modelo de guantes de látex Ambiderm Plus está diseñado para consultorios y hospitales que requieren higiene y disponibilidad constante en sus procesos.
DIS-GUD-1196,Guantes de látex violeta AMBIDERM PLUS / Talla L 100 piezas,AMBIDERM,Accesorios y Suministros Médicos,Guantes,Guantes de Látex,Accesorios y Suministros Médicos > Guantes > Guantes de Látex,717,128.82,126.24,124.96,,28.0,38.9,,disponible,0.58,https://www.promexsa.com.mx/productos/guante-de-latex-violeta-g-100-pz-ambiderm-plus-e4ner/,https://acdn-us.mitiendanube.com/stores/001/946/809/products/4f9881db-82dc-4469-832e-bc693b7f9aa8-daef1134d816dca4ca17603966720498-480-0.webp,Los guantes de látex en presentación de 100 piezas son ideales para clínicas que buscan eficiencia y control en el manejo de pacientes.
DIS-GUD-1201,Guantes de látex naranja AMBIDERM PLUS / Talla L 100 piezas,AMBIDERM,Accesorios y Suministros Médicos,Guantes,Guantes de Látex,Accesorios y Suministros Médicos > Guantes > Guantes de Látex,718,128.82,126.24,124.96,,28.0,38.9,,disponible,0.58,https://www.promexsa.com.mx/productos/guante-de-latex-naranja-g-100-pz-ambiderm-plus-okyoc/,https://acdn-us.mitiendanube.com/stores/001/946/809/products/6661521a-99a7-4fac-822d-b6a9c04b5659-9b0a3c216cd605d13217603963268928-480-0.webp,"Una solución en guantes desechables de látex pensada para entornos médicos donde se necesita seguridad, ajuste cómodo y uso prolongado."
DIS-GUD-1199,Guantes de látex amarillo AMBIDERM PLUS / Talla M 100 piezas,AMBIDERM,Accesorios y Suministros Médicos,Guantes,Guantes de Látex,Accesorios y Suministros Médicos > Guantes > Guantes de Látex,719,128.82,126.24,124.96,,28.0,38.9,,disponible,0.58,https://www.promexsa.com.mx/productos/guante-de-latex-amarillo-m-100-pz-ambiderm-plus-k996h/,https://acdn-us.mitiendanube.com/stores/001/946/809/products/06574cf2-efb2-41b6-b4d9-1b4e55723b21-e976bca5a8769758a717603961382858-480-0.webp,"Los guantes de látex amarillo son adecuados para actividades clínicas y técnicas, ofreciendo una alternativa funcional para abastecimiento profesional."
DIS-GUD-1200,Guantes de látex amarillo AMBIDERM PLUS / Talla L 100 piezas,AMBIDERM,Accesorios y Suministros Médicos,Guantes,Guantes de Látex,Accesorios y Suministros Médicos > Guantes > Guantes de Látex,720,128.82,126.24,124.96,,28.0,38.9,,disponible,0.58,https://www.promexsa.com.mx/productos/guante-de-latex-amarillo-g-100-pz-ambiderm-plus-fbda1/,https://acdn-us.mitiendanube.com/stores/001/946/809/products/2bf6caf1-e51e-4e54-9379-995b1217d145-6770a39480650624dc17603960695055-480-0.webp,"Los guantes de látex amarillo Ambiderm Plus brindan protección confiable en procedimientos médicos y exploración clínica, siendo una opción práctica para uso continuo."
DIS-GUD-1198,Guantes de látex amarillo AMBIDERM PLUS / Talla S 100 piezas,AMBIDERM,Accesorios y Suministros Médicos,Guantes,Guantes de Látex,Accesorios y Suministros Médicos > Guantes > Guantes de Látex,721,128.82,126.24,124.96,,28.0,38.9,,disponible,0.58,https://www.promexsa.com.mx/productos/guante-de-latex-amarillo-ch-100-pz-ambiderm-plus-m1rk2/,https://acdn-us.mitiendanube.com/stores/001/946/809/products/b177edca-7ba0-4adf-a22e-ce1aada858f3-d5353ef6a90d8c756a17603956575183-480-0.webp,Este modelo de guantes de látex Ambiderm Plus está diseñado para consultorios y hospitales que requieren higiene y disponibilidad constante en sus procesos.
DIS-GUD-1194,Guantes de látex blanco PRODERMA / Talla XS 100 piezas,PRODERMA,Accesorios y Suministros Médicos,Guantes,Guantes de Látex,Accesorios y Suministros Médicos > Guantes > Guantes de Látex,722,129.82,127.22,125.93,,28.0,38.9,,disponible,0.58,https://www.promexsa.com.mx/productos/guante-de-latex-blanco-xch-100-pz-proderma-tlvuj/,https://acdn-us.mitiendanube.com/stores/001/946/809/products/6e70e4af-ffcd-499d-8730-b59a2915102f-9e9aa257f8f51a9fe617600579062154-480-0.webp,Los guantes de látex en presentación de 100 piezas son ideales para clínicas que buscan eficiencia y control en el manejo de pacientes.
DIS-GUD-1098,Guantes de látex blanco PRODERMA / Talla M 100 piezas,PRODERMA,Accesorios y Suministros Médicos,Guantes,Guantes de Látex,Accesorios y Suministros Médicos > Guantes > Guantes de Látex,723,129.82,127.22,125.93,,28.0,38.9,,disponible,0.58,https://www.promexsa.com.mx/productos/guante-de-latex-blanco-m-100-pz-proderma-o2ima/,https://acdn-us.mitiendanube.com/stores/001/946/809/products/928f22b2-e4d9-4606-a325-f403383be828-0212c84e13640f3ca217600578969862-480-0.webp,"Una solución en guantes desechables de látex pensada para entornos médicos donde se necesita seguridad, ajuste cómodo y uso prolongado."
DIS-GUD-1099,Guantes de látex blanco PRODERMA / Talla G 100 piezas,PRODERMA,Accesorios y Suministros Médicos,Guantes,Guantes de Látex,Accesorios y Suministros Médicos > Guantes > Guantes de Látex,724,129.82,127.22,125.93,,28.0,38.9,,disponible,0.58,https://www.promexsa.com.mx/productos/guante-de-latex-blanco-g-100-pz-proderma-hgx6p/,https://acdn-us.mitiendanube.com/stores/001/946/809/products/f8bbb94b-0e91-45b5-b4f0-c194d05cc640-143274ed6af36a9f8b17600578856625-480-0.webp,"Los guantes de látex blanco son adecuados para actividades clínicas y técnicas, ofreciendo una alternativa funcional para abastecimiento profesional."
DIS-GUD-1097,Guantes de látex blanco PRODERMA / Talla S 100 piezas,PRODERMA,Accesorios y Suministros Médicos,Guantes,Guantes de Látex,Accesorios y Suministros Médicos > Guantes > Guantes de Látex,725,129.82,127.22,125.93,,28.0,38.9,,disponible,0.58,https://www.promexsa.com.mx/productos/guante-de-latex-blanco-ch-100-pz-proderma-7oh5x/,https://acdn-us.mitiendanube.com/stores/001/946/809/products/0805069f-8663-41b7-878a-d2b99174d04f-d2f8508a8ea8ab176417600578693667-480-0.webp,"Los guantes de látex blanco Proderma brindan protección confiable en procedimientos médicos y exploración clínica, siendo una opción práctica para uso continuo."
PDC-TAP-41,Talco para pies 300 g O DOLEX ORIGINAL,,Cuidado Personal,Cuidado de los Pies,,Cuidado Personal > Cuidado de los Pies,726,46.28,45.35,44.89,,45.0,81.8,,disponible,0.15,https://www.promexsa.com.mx/productos/talco-para-pies-300-g-o-dolex-original-8vyic/,https://acdn-us.mitiendanube.com/stores/001/946/809/products/1-9e4dc3c8483d1e810917592441214194-480-0.webp,
PDC-TAP-40,Talco para pies 300 g O DOLEX NATURALS,,Cuidado Personal,Cuidado de los Pies,,Cuidado Personal > Cuidado de los Pies,727,46.28,45.35,44.89,,45.0,81.8,,disponible,0.15,https://www.promexsa.com.mx/productos/talco-para-pies-300-g-o-dolex-naturals-4j735/,https://acdn-us.mitiendanube.com/stores/001/946/809/products/3-3b52446aacb0bde5db17592441623517-480-0.webp,
PDC-TAP-39,Talco para pies 300 g O DOLEX FRESH,,Cuidado Personal,Cuidado de los Pies,,Cuidado Personal > Cuidado de los Pies,728,46.28,45.35,44.89,,45.0,81.8,,disponible,0.15,https://www.promexsa.com.mx/productos/talco-para-pies-300-g-o-dolex-fresh-bz36q/,https://acdn-us.mitiendanube.com/stores/001/946/809/products/5-2531cdaac103835c7617592441914422-480-0.webp,
PDC-TAP-37,Talco para pies 150 g O DOLEX FRESH,,Cuidado Personal,Cuidado de los Pies,,Cuidado Personal > Cuidado de los Pies,729,27.83,27.27,27,,45.0,81.8,,disponible,0.15,https://www.promexsa.com.mx/productos/talco-para-pies-150-g-o-dolex-fresh-t6b0f/,https://acdn-us.mitiendanube.com/stores/001/946/809/products/6-359b039032329561ce17592442118897-480-0.webp,"Mantén tus pies secos y frescos todo el día con Talco para pies O Dolex Fresh 150g. Controla sudor, neutraliza olores y brinda frescura. ¡Compra ya!"
PDC-TAP-38,Talco para pies 150 g O DOLEX AMARILLO,Avant,Cuidado Personal,Cuidado de los Pies,,Cuidado Personal > Cuidado de los Pies,730,27.83,27.27,27,,45.0,81.8,,disponible,0.15,https://www.promexsa.com.mx/productos/talco-para-pies-150-g-o-dolex-amarillo-r04b8/,https://acdn-us.mitiendanube.com/stores/001/946/809/products/2-53128d6c972940206817592442280761-480-0.webp,"Mantén tus pies secos y frescos con Talco O DOLEX Amarillo 150 g. Controla sudor, neutraliza olores y ofrece frescura prolongada. ¡Compra ya!"
DIS-VEE-942,Venda enyesada 20 cm x 2.75 m 12 pz SENSIMEDICAL,SENSIMEDICAL,Material de Curación,Vendas,Vendas para Curación,Material de Curación > Vendas > Vendas para Curación,731,1045.46,1024.55,1014.1,,30.0,42.9,,disponible,10,https://www.promexsa.com.mx/productos/venda-enyesada-20-cm-x-2-75-m-12-pz-sensimedical/,https://acdn-us.mitiendanube.com/stores/001/946/809/products/d238fa1c-3aa0-4991-a738-a834c1d3431c-47ea3de616489dc0ad17514067766502-480-0.webp,"Venda enyesada SENSIMEDICAL, ideal para inmovilización de lesiones. Rápido fraguado y fácil aplicación. ¡Compra ahora y cuida tus lesiones!"
DIS-VEE-943,Venda enyesada 10 cm x 2.75 m 12 pz SENSIMEDICAL,,Material de Curación,Vendas,Vendas para Fijacion o Inmovilizacion,Material de Curación > Vendas > Vendas para Fijacion o Inmovilizacion,732,632.44,619.79,613.47,,30.0,42.9,,disponible,1,https://www.promexsa.com.mx/productos/venda-enyesada-10-cm-x-2-75-m-12-pz-sensimedical/,https://acdn-us.mitiendanube.com/stores/001/946/809/products/a4f883e1-aaa5-4be1-9c5e-e293ed0517f2-dc9f356984895911c017514064048664-480-0.webp,
DIS-VEE-944,Venda enyesada 15 cm x 2.75 m 12 pz SENSIMEDICAL,SENSIMEDICAL,Material de Curación,Vendas,Vendas para Fijacion o Inmovilizacion,Material de Curación > Vendas > Vendas para Fijacion o Inmovilizacion,733,806.67,790.54,782.47,,30.0,42.9,,disponible,10,https://www.promexsa.com.mx/productos/venda-enyesada-15-cm-x-2-75-m-12-pz-sensimedical/,https://acdn-us.mitiendanube.com/stores/001/946/809/products/4fc15d5b-f160-422a-945f-eeb145d3a05f-94a6297582c50d19f917514027178662-480-0.webp,Venda enyesada SENSIMEDICAL ideal para inmovilización de fracturas. Rápido fraguado y fácil aplicación. ¡Adquiérela ahora y cuida tus lesiones!
DIS-HOP-686,Hoja para bisturí acero inoxidable #10 100 pz SENSIMEDICAL,SENSIMEDICAL,Equipo Quirúrgico,Instrumental Quirúrgico,Bisturís,Equipo Quirúrgico > Instrumental Quirúrgico > Bisturís,734,321.97,315.53,312.31,,38.0,61.3,,disponible,10,https://www.promexsa.com.mx/productos/hoja-para-bisturi-acero-inoxidable-10-100-pz-sensimedical/,https://acdn-us.mitiendanube.com/stores/001/946/809/products/fotos-tiendanube-13-cc8999951c98de27c917592682497739-480-0.webp,"Hoja para bisturí SENSIMEDICAL, estéril y desechable. Cortes precisos y seguros en procedimientos quirúrgicos. ¡Compra ahora y garantiza la calidad!"
DIS-LLD-949,Llave de cuatro vías sin extensión 50 pz SENSIMEDICAL,SENSIMEDICAL,Equipo Quirúrgico,Venoclisis,Equipos para Venoclisis,Equipo Quirúrgico > Venoclisis > Equipos para Venoclisis,735,841.88,825.04,816.62,,38.0,61.3,,disponible,1,https://www.promexsa.com.mx/productos/llave-de-cuatro-vias-sin-extension-50-pz-sensimedical/,https://acdn-us.mitiendanube.com/stores/001/946/809/products/fotos-tiendanube-21-9ec620abbd1e93e09c17592715162059-480-0.webp,"Llave de 4 vías SENSIMEDICAL sin tubo, plástica y estéril para administración IV precisa. Compra ahora y asegura un control eficiente en infusiones médicas."
DIS-TUE-940,Tubo endotraqueal tipo Murphy sin globo 26 fr 6.5 mm SENSIMEDICAL,SENSIMEDICAL,Áreas y Especialidades,Anestesiología,Sondas para Anestesia,Áreas y Especialidades > Anestesiología > Sondas para Anestesia,736,36.06,35.34,34.98,,40.0,66.7,,disponible,1,https://www.promexsa.com.mx/productos/tubo-endotraqueal-tipo-murphy-sin-globo-26-fr-6-5-mm-sensimedical/,https://acdn-us.mitiendanube.com/stores/001/946/809/products/e66a860b-a627-4dfa-b6ca-caf8482c17dc-8c4a5829554f58fbd417491628456571-480-0.webp,"Tubo endotraqueal estéril tipo Murphy 26 Fr, ideal para anestesia general. Asegura una vía aérea segura y es desechable. ¡Adquiere el tuyo ahora!"
DIS-TUE-939,Tubo endotraqueal reforzado tipo Murphy con globo 38 fr 9.5 mm SENSIMEDICAL,SENSIMEDICAL,Áreas y Especialidades,Anestesiología,Sondas para Anestesia,Áreas y Especialidades > Anestesiología > Sondas para Anestesia,737,180.29,176.68,174.88,,40.0,66.7,,disponible,10,https://www.promexsa.com.mx/productos/tubo-endotraqueal-reforzado-tipo-murphy-con-globo-38-fr-9-5-mm-sensimedical/,https://acdn-us.mitiendanube.com/stores/001/946/809/products/6b462eda-87df-434f-8e79-54f0108ee00a-c349df24a94121210c17491628037240-480-0.webp,"Tubo endotraqueal Sensimedical 38 Fr con globo, diseño anatómico y material médico. Asegura vía aérea en anestesia. ¡Compra ahora para seguridad!"
DIS-TUE-938,Tubo endotraqueal reforzado tipo Murphy con globo 36 fr 9.0 mm SENSIMEDICAL,SENSIMEDICAL,Áreas y Especialidades,Anestesiología,Sondas para Anestesia,Áreas y Especialidades > Anestesiología > Sondas para Anestesia,738,180.29,176.68,174.88,,40.0,66.7,,disponible,10,https://www.promexsa.com.mx/productos/tubo-endotraqueal-reforzado-tipo-murphy-con-globo-36-fr-9-0-mm-sensimedical/,https://acdn-us.mitiendanube.com/stores/001/946/809/products/c0a1184c-d1c8-413b-96ec-48426622f2fc-fbd0b1f4904e03f9ea17491626812451-480-0.webp,"Asegura la vía aérea con el tubo endotraqueal SENSIMEDICAL, estéril y desechable. Ideal para anestesia general y ventilación mecánica. ¡Ordénalo ya!"
DIS-TUE-937,Tubo endotraqueal reforzado tipo Murphy con globo 34 fr 8.5 mm SENSIMEDICAL,SENSIMEDICAL,Áreas y Especialidades,Anestesiología,Sondas para Anestesia,Áreas y Especialidades > Anestesiología > Sondas para Anestesia,739,180.29,176.68,174.88,,40.0,66.7,,disponible,0.1,https://www.promexsa.com.mx/productos/tubo-endotraqueal-reforzado-tipo-murphy-con-globo-34-fr-8-5-mm-sensimedical/,https://acdn-us.mitiendanube.com/stores/001/946/809/products/captura-de-pantalla-2025-06-17-124708-8501a278433a24740117501860582232-480-0.webp,"Tubo endotraqueal Sensimedical 34 Fr con globo, estéril y radiopaco. Ideal para anestesia y ventilación segura. ¡Compra ahora para mejor cuidado!"
DIS-TUE-936,Tubo endotraqueal reforzado tipo Murphy con globo 32 fr 8.0 mm SENSIMEDICAL,SENSIMEDICAL,Áreas y Especialidades,Anestesiología,Sondas para Anestesia,Áreas y Especialidades > Anestesiología > Sondas para Anestesia,740,450.71,441.7,437.19,,40.0,66.7,,disponible,0.1,https://www.promexsa.com.mx/productos/tubo-endotraqueal-reforzado-tipo-murphy-con-globo-32-fr-8-0-mm-sensimedical/,https://acdn-us.mitiendanube.com/stores/001/946/809/products/ccec921f-6c52-4725-a37f-be1cc6f925c4-282a5a7e0dec8094d117491625408333-480-0.webp,"Asegura la vía aérea con el Tubo Endotraqueal SENSIMEDICAL, estéril y deseable, ideal para anestesia general. ¡Compra ahora y garantiza seguridad!"
DIS-TUE-935,Tubo endotraqueal reforzado tipo Murphy con globo 30 fr 7.5 mm SENSIMEDICAL,SENSIMEDICAL,Áreas y Especialidades,Anestesiología,Sondas para Anestesia,Áreas y Especialidades > Anestesiología > Sondas para Anestesia,741,180.29,176.68,174.88,,40.0,66.7,,disponible,0.1,https://www.promexsa.com.mx/productos/tubo-endotraqueal-reforzado-tipo-murphy-con-globo-30-fr-7-5-mm-sensimedical/,https://acdn-us.mitiendanube.com/stores/001/946/809/products/3c5b865a-6ec8-48c6-b7d8-58ae85f03ba7-9320bbddfc39ee5dd017491618891212-480-0.webp,"Tubo endotraqueal Sensimedical reforzado, estéril y radiopaco, ideal para anestesia y ventilación. Compatible y libre de látex. ¡Compra ahora!"
DIS-SOF-931,Sonda foley de silicón 2 vías con globo de 5ml 8 fr SENSIMEDICAL,,Áreas y Especialidades,Urología,Sondas Urologicas,Áreas y Especialidades > Urología > Sondas Urologicas,742,171.58,168.15,166.43,,40.0,66.7,,disponible,1,https://www.promexsa.com.mx/productos/sonda-foley-de-silicon-2-vias-con-globo-de-5ml-8-fr-sensimedical/,https://acdn-us.mitiendanube.com/stores/001/946/809/products/69e2c019-0671-4990-abd4-a38dac8c9da8-cfb8a6a36f76efd48b17491589095564-480-0.webp,
DIS-MAP-1399,Mascarilla para traqueostomía pediátrica SENSIMEDICAL,Sensimedical,Áreas y Especialidades,Inhaloterapia,,Áreas y Especialidades > Inhaloterapia,743,44.85,43.95,43.5,,40.0,66.7,,disponible,10,https://www.promexsa.com.mx/productos/mascarilla-para-traqueostomia-pediatrica-sensimedical/,https://acdn-us.mitiendanube.com/stores/001/946/809/products/mascarilla_para_traqueostomia_pediatrica_sensimedical-0ff2d1b4cff41d357d17886016843907-480-0.webp,"Compra Mascarilla para Traqueostomía Pediátrica Sensimedical. PVC grado médico, conector giratorio 360°, libre de látex y Registro Sanitario."
DIS-JED-1381,Jeringas de 5 ml verde 21 g x 32 mm 100 pz SENSIMEDICAL,Sensimedical,Material de Curación,Jeringas,Jeringas Desechables,Material de Curación > Jeringas > Jeringas Desechables,744,308.64,302.47,299.38,,30.0,42.9,,disponible,1,https://www.promexsa.com.mx/productos/jeringas-de-5-ml-con-aguja-21g-x-32-mm-verde-100-pz-sensimedical/,https://acdn-us.mitiendanube.com/stores/001/946/809/products/fotos-tiendanube-37-e1134f2d332f3c42c417594478739895-480-0.webp,Jeringas Sensimedical 5 ml para administración segura con conexión Luer-Lock. Precisión y esterilidad garantizadas. Compra ahora.
DIS-JED-1385,Jeringas de 10 ml amarilla 20 g x 36 mm 100 pz SENSIMEDICAL,SENSIMEDICAL,Material de Curación,Jeringas,Jeringas Desechables,Material de Curación > Jeringas > Jeringas Desechables,745,445.22,436.32,431.86,,30.0,42.9,,disponible,10,https://www.promexsa.com.mx/productos/jeringas-de-10-ml-con-aguja-20g-x-36-mm-100-pz-sensimedical/,https://acdn-us.mitiendanube.com/stores/001/946/809/products/fotos-tiendanube-29-82916e1ca2a432788117594475109943-480-0.webp,
DIS-JEP-1373,Jeringa para insulina 1 ml 29 g x 13 mm 100 pz SENSIMEDICAL,SENSIMEDICAL,Material de Curación,Jeringas,Jeringas Desechables,Material de Curación > Jeringas > Jeringas Desechables,746,310.41,304.2,301.1,,30.0,42.9,,disponible,10,https://www.promexsa.com.mx/productos/jeringa-para-insulina-1-ml-con-aguja-29g-x-13-mm-100-pz-sensimedical/,https://acdn-us.mitiendanube.com/stores/001/946/809/products/fotos-tiendanube-35-6c1667aa12fee6c02017594477858910-480-0.webp,
DIS-JED-1375,Jeringa de 3 ml amarilla 20 g x 32 mm 100 pz SENSIMEDICAL,SENSIMEDICAL,Material de Curación,Jeringas,Jeringas Desechables,Material de Curación > Jeringas > Jeringas Desechables,747,258.97,253.79,251.2,,30.0,42.9,,disponible,10,https://www.promexsa.com.mx/productos/jeringa-de-3-ml-con-aguja-20g-x-32-mm-amarilla-100-pz-sensimedical/,https://acdn-us.mitiendanube.com/stores/001/946/809/products/fotos-tiendanube-25-934839260c1e4e3dc217594470647074-480-0.webp,
DIS-EQP-1393,Equipo para aplicación de volúmen medido de 150 ml (bureta) SENSIMEDICAL,SENSIMEDICAL,Equipo Quirúrgico,Venoclisis,Equipos para Venoclisis,Equipo Quirúrgico > Venoclisis > Equipos para Venoclisis,748,59.1,57.92,57.33,,38.0,61.3,,disponible,10,https://www.promexsa.com.mx/productos/equipo-para-aplicacion-de-volumen-medido-de-150-ml-bureta-sensimedical-snq29/,https://acdn-us.mitiendanube.com/stores/001/946/809/products/74c45252-ee73-4857-a816-39be063aa0f3-a84e88131cfbbd6dda17491094961226-480-0.webp,
DIS-EQP-1393,Equipo para aplicación de volúmen medido de 100 ml (bureta) SENSIMEDICAL,,Equipo Quirúrgico,Venoclisis,Equipos para Venoclisis,Equipo Quirúrgico > Venoclisis > Equipos para Venoclisis,749,53.89,52.81,52.27,,38.0,61.3,,disponible,1,https://www.promexsa.com.mx/productos/equipo-para-aplicacion-de-volumen-medido-de-100-ml-bureta-sensimedical/,https://acdn-us.mitiendanube.com/stores/001/946/809/products/d91a7fad-4059-4bcc-87be-ae02a2ca5643-348176f3606a3a162217491092818413-480-0.webp,
DIS-CUT-1100,Cubrebocas tres pliegos infantil negro 50 pz AMBIDERM,AMBIDERM,Accesorios y Suministros Médicos,Prendas Desechables,Cubrebocas,Accesorios y Suministros Médicos > Prendas Desechables > Cubrebocas,750,85.11,83.41,82.56,,28.0,38.9,,disponible,1,https://www.promexsa.com.mx/productos/cubrebocas-tres-pliegos-infantil-negro-50-pz-ambiderm/,https://acdn-us.mitiendanube.com/stores/001/946/809/products/26ddf518-60a3-4d22-b389-9923be44442f-cb5dcb2fe8e3d2deb517491084065861-480-0.webp,
DIS-VAH-1347,Vaso humidificador para concentrador y tanque de oxígeno HANDY,HANDY,Equipo Quirúrgico,Aspiración,Frascos para Aspirador,Equipo Quirúrgico > Aspiración > Frascos para Aspirador,751,60.06,58.86,58.26,,38.0,61.3,,disponible,0.7,https://www.promexsa.com.mx/productos/vaso-humidificador-para-concentrador-y-tanque-de-oxigeno-handy/,https://acdn-us.mitiendanube.com/stores/001/946/809/products/1e46d2ee-e10b-4b16-baf4-a4b35a5c32dc-74060e0351ced184d417349833441136-480-0.webp,Mejora la terapia respiratoria con el vaso humidificador HANDY. Compatible con concentradores y tanques de oxígeno. ¡Compra ahora y cuida tu salud!
DIS-AGH-1049,Frasco para aspirador quirurgico de 7A-151 HERGOM,HERGOM,Equipo Quirúrgico,Aspiración,Frascos para Aspirador,Equipo Quirúrgico > Aspiración > Frascos para Aspirador,752,231.24,226.62,224.3,,38.0,61.3,,disponible,0.7,https://www.promexsa.com.mx/productos/frasco-para-aspirador-quirurgico-de-7a-151-hergom/,https://acdn-us.mitiendanube.com/stores/001/946/809/products/32d9593d-96d7-4c1f-937f-a4146d0a1eb1-7ec4460ce3b274d29c17346703625549-480-0.webp,"Frasco de vidrio para aspirador quirúrgico HERGOM, capacidad de 2500 ml. Ideal para flemas y secreciones. ¡Compra ahora y mejora tu equipo médico!"
DIS-LLD-948,Llave de cuatro vías con extensión 80 cm 25 pz SENSIMEDICAL,SENSI MEDICAL,Equipo Quirúrgico,Accesorios Quirúrgicos,,Equipo Quirúrgico > Accesorios Quirúrgicos,753,585.2,573.5,567.64,,38.0,61.3,,disponible,0.5,https://www.promexsa.com.mx/productos/llave-de-cuatro-vias-con-extension-de-80-cm-25-pz-sensimedical/,https://acdn-us.mitiendanube.com/stores/001/946/809/products/17473f2f-225a-4371-87d9-87928722253d-5161c8b5ea62da863f17346698464021-480-0.webp,Optimiza la canalización intravenosa con nuestra llave de 4 vías Sensimedical. Ideal para procedimientos hospitalarios. ¡Compra ahora y mejora la atención médica!
DIS-JEP-946,Jeringa para tuberculina de 1 ml 27 g x 13 mm SENSIMEDICAL,SENSI MEDICAL,Material de Curación,Jeringas,Jeringas Desechables,Material de Curación > Jeringas > Jeringas Desechables,754,493.11,483.25,478.32,,30.0,42.9,,disponible,1,https://www.promexsa.com.mx/productos/jeringa-para-tuberculina-de-1-ml-27g-x-13-mm-sensimedical/,https://acdn-us.mitiendanube.com/stores/001/946/809/products/bef7534d-df03-459b-8efe-5daa69763454-c4752cc1da7f283d1e17346695562980-480-0.webp,"Con una capacidad de 1 ml y aguja 27G, la jeringa Sensimedical es ideal para aplicaciones precisas y seguras. ¡Compra ahora y asegura calidad!"
DIS-TOM-908,Tobimedia mediana compresión m negra 1 par PREVARIS,PREVARIS,Sin Categoría,,,Sin Categoría,755,100.26,98.25,97.25,,33.0,49.3,,disponible,0.04,https://www.promexsa.com.mx/productos/tobimedia-mediana-compresion-m-negra-1-par-prevaris/,https://acdn-us.mitiendanube.com/stores/001/946/809/products/23-f79ea3493a9114f62d17478558774980-480-0.webp,Mejora tu circulación con las tobimedias de compresión Prevaris. Diseñadas para confort y soporte terapéutico. ¡Ordénalas ahora y siente la diferencia!
DIS-TOM-909,Tobimedia mediana compresión m natural 1 par PREVARIS,PREVARIS,Sin Categoría,,,Sin Categoría,756,100.26,98.25,97.25,,33.0,49.3,,disponible,0.04,https://www.promexsa.com.mx/productos/tobimedia-mediana-compresion-m-natural-1-par-prevaris/,https://acdn-us.mitiendanube.com/stores/001/946/809/products/25-66a259dfe48ada3d0117478573750422-480-0.webp,Mejora tu circulación con las tobimedias Prevaris de mediana compresión. Ideal para terapias postoperatorias. ¡Adquiere las tuyas ahora!
DIS-TOM-911,Tobimedia mediana compresión m juvenil 1 par PREVARIS,PREVARIS,Sin Categoría,,,Sin Categoría,757,100.26,98.25,97.25,,33.0,49.3,,disponible,0.04,https://www.promexsa.com.mx/productos/tobimedia-mediana-compresion-m-juvenil-1-par-prevaris/,https://acdn-us.mitiendanube.com/stores/001/946/809/products/62-ea8465ed51144bef6217328575796596-480-0.webp,"La Tobimedia Mediana Compresión PREVARIS está diseñada para mejorar la circulación sanguínea y aliviar molestias asociadas con varices. Fabricada con 22% Lycra y 78% Nylon, ofrece una compresión graduada de 40 mm Hg, brindando soporte y confort durante todo el día. Ideal para prevenir la formación de venas vari"
DIS-TOM-910,Tobimedia mediana compresión m humo 1 par PREVARIS,PREVARIS,Sin Categoría,,,Sin Categoría,758,100.26,98.25,97.25,,33.0,49.3,,disponible,0.04,https://www.promexsa.com.mx/productos/tobimedia-mediana-compresion-m-humo-1-par-prevaris/,https://acdn-us.mitiendanube.com/stores/001/946/809/products/e46bbcc5-4e57-4056-923f-cdb79a582061-3b7cbabd39e9ca44dd17328571736519-480-0.webp,"La Tobimedia Mediana Compresión PREVARIS está diseñada para mejorar la circulación sanguínea y aliviar molestias asociadas con varices. Fabricada con 22% Lycra y 78% Nylon, ofrece una compresión graduada de 40 mm Hg, brindando soporte y confort durante todo el día. Ideal para prevenir la formación de venas vari"
DIS-TOM-907,Tobimedia mediana compresión m blanca 1 par PREVARIS,PREVARIS,Sin Categoría,,,Sin Categoría,759,100.26,98.25,97.25,,33.0,49.3,,disponible,0.04,https://www.promexsa.com.mx/productos/tobimedia-mediana-compresion-m-blanca-1-par-prevaris/,https://acdn-us.mitiendanube.com/stores/001/946/809/products/62-b8139324b9e18858cf17328576668955-480-0.webp,"Mejora la circulación y previene várices con Tobimedia blanca Prevaris. Compresión graduada, sin costuras y diseño anatómico. ¡Compra ahora!"
DIS-TOM-913,Tobimedia mediana compresión g negra 1 par PREVARIS,PREVARIS,Sin Categoría,,,Sin Categoría,760,100.26,98.25,97.25,,33.0,49.3,,disponible,0.06,https://www.promexsa.com.mx/productos/tobimedia-mediana-compresion-g-negra-1-par-prevaris/,https://acdn-us.mitiendanube.com/stores/001/946/809/products/b211e64b-00b3-4753-8ff6-cc320079f5d9-96445c9f8b9450774c17328571501986-480-0.webp,"La Tobimedia Mediana Compresión PREVARIS está diseñada para mejorar la circulación sanguínea y aliviar molestias asociadas con varices. Fabricada con 22% Lycra y 78% Nylon, ofrece una compresión graduada de 40 mm Hg, brindando soporte y confort durante todo el día. Ideal para prevenir la formación de venas vari"
DIS-TOM-914,Tobimedia mediana compresión g natural 1 par PREVARIS,PREVARIS,Sin Categoría,,,Sin Categoría,761,100.26,98.25,97.25,,33.0,49.3,,disponible,0.06,https://www.promexsa.com.mx/productos/tobimedia-mediana-compresion-g-natural-1-par-prevaris/,https://acdn-us.mitiendanube.com/stores/001/946/809/products/62-b1ac1c29e33242d63517328577654014-480-0.webp,Mejora tu circulación con las tobimedias de compresión Prevaris. Diseñadas para aliviar enfermedades vasculares. ¡Ordénalas ahora!
DIS-TOM-915,Tobimedia mediana compresión g humo 1 par PREVARIS,PREVARIS,Sin Categoría,,,Sin Categoría,762,100.26,98.25,97.25,,33.0,49.3,,disponible,0.06,https://www.promexsa.com.mx/productos/tobimedia-mediana-compresion-g-humo-1-par-prevaris/,https://acdn-us.mitiendanube.com/stores/001/946/809/products/28-f7f631c3ccb1289aac17478623309152-480-0.webp,"Mejora tu circulación con las tobimedias de compresión Prevaris. Diseño anatómico y sin costuras, ideales para terapias vasculares. ¡Ordénalas ahora!"
DIS-TOM-912,Tobimedia mediana compresión g blanca 1 par PREVARIS,PREVARIS,Sin Categoría,,,Sin Categoría,763,100.26,98.25,97.25,,33.0,49.3,,disponible,0.06,https://www.promexsa.com.mx/productos/tobimedia-mediana-compresion-g-blanca-1-par-prevaris/,https://acdn-us.mitiendanube.com/stores/001/946/809/products/66dd3e86-b167-405d-8178-df7b6a7d04dd-55d26dd011f70cfa0717328571028291-480-0.webp,Mejora tu circulación con las tobimedias de compresión mediana Prevaris. Previene várices y ofrece confort. ¡Compra ahora y siente la diferencia!
DIS-TOM-903,Tobimedia mediana compresión ch negra 1 par PREVARIS,PREVARIS,Sin Categoría,,,Sin Categoría,764,100.26,98.25,97.25,,33.0,49.3,,disponible,0.04,https://www.promexsa.com.mx/productos/tobimedia-mediana-compresion-ch-negra-1-par-prevaris/,https://acdn-us.mitiendanube.com/stores/001/946/809/products/806f084a-9292-4f37-9d41-d335beb2ce2e-1f0b500a3a25e2e73e17328570923077-480-0.webp,Mejora tu circulación con las Tobimedias de Compresión Prevaris. Diseñadas para prevenir várices y brindar comodidad. ¡Compra ahora y siente la diferencia!
DIS-TOM-904,Tobimedia mediana compresión ch natural 1 par PREVARIS,PREVARIS,Sin Categoría,,,Sin Categoría,765,100.26,98.25,97.25,,33.0,49.3,,disponible,0.04,https://www.promexsa.com.mx/productos/tobimedia-mediana-compresion-ch-natural-1-par-prevaris/,https://acdn-us.mitiendanube.com/stores/001/946/809/products/c36e8574-3182-4c17-815a-6ba5d794ddec-3635945f182b609b7b17328570818772-480-0.webp,"Calcetas Prevaris mediana compresión natural, mejoran circulación y previenen várices. Cómodas y sin costura. ¡Compra ahora y cuida tus piernas!"
DIS-TOM-906,Tobimedia mediana compresión ch juvenil 1 par PREVARIS,PREVARIS,Sin Categoría,,,Sin Categoría,766,100.26,98.25,97.25,,33.0,49.3,,disponible,0.04,https://www.promexsa.com.mx/productos/tobimedia-mediana-compresion-ch-juvenil-1-par-prevaris/,https://acdn-us.mitiendanube.com/stores/001/946/809/products/25-873f25277492ea68b117478630012108-480-0.webp,"Calcetas Prevaris con compresión graduada para mejorar circulación y prevenir várices. Cómodas, sin costura y anatómicas. ¡Compra ya y cuida tus piernas!"
DIS-TOM-905,Tobimedia mediana compresión ch humo 1 par PREVARIS,PREVARIS,Sin Categoría,,,Sin Categoría,767,100.26,98.25,97.25,,33.0,49.3,,disponible,0.04,https://www.promexsa.com.mx/productos/tobimedia-mediana-compresion-ch-humo-1-parprevaris/,https://acdn-us.mitiendanube.com/stores/001/946/809/products/28-a81ab13f72d50951ea17478630842051-480-0.webp,"La Tobimedia Mediana Compresión PREVARIS está diseñada para mejorar la circulación sanguínea y aliviar molestias asociadas con varices. Fabricada con 22% Lycra y 78% Nylon, ofrece una compresión graduada de 40 mm Hg, brindando soporte y confort durante todo el día. Ideal para prevenir la formación de venas vari"
DIS-TOM-902,Tobimedia mediana compresión ch blanca 1 par PREVARIS,PREVARIS,Sin Categoría,,,Sin Categoría,768,100.26,98.25,97.25,,33.0,49.3,,disponible,0.04,https://www.promexsa.com.mx/productos/tobimedia-mediana-compresion-ch-blanca-1-par-prevaris/,https://acdn-us.mitiendanube.com/stores/001/946/809/products/cae68cb2-68a4-40ac-b333-69bdd05d004e-a797ecef2adae4566817328570431728-480-0.webp,"La Tobimedia Mediana Compresión PREVARIS está diseñada para mejorar la circulación sanguínea y aliviar molestias asociadas con varices. Fabricada con 22% Lycra y 78% Nylon, ofrece una compresión graduada de 40 mm Hg, brindando soporte y confort durante todo el día. Ideal para prevenir la formación de venas vari"
DIS-ASD-1192,Aspirador de secreciones manual 7b-1 HERGOM,HERGOM,Equipo Quirúrgico,Aspiración,Aspiradores,Equipo Quirúrgico > Aspiración > Aspiradores,769,915,896.7,887.55,,38.0,61.3,,disponible,1,https://www.promexsa.com.mx/productos/aspirador-de-secreciones-manual-7b-1-hergom/,https://acdn-us.mitiendanube.com/stores/001/946/809/products/e591ccb5-118d-48ba-8178-b2e63bc3cbb7-b3e313d571cbfcc77517322515453559-480-0.webp,"El Aspirador de Secreciones Manual 7B-1 de HERGOM es un dispositivo portátil, ligero y compacto, diseñado para la succión eficiente de flemas y secreciones sin necesidad de corriente eléctrica. Sus dimensiones de 17x5x18 cm y peso de 192 g lo hacen práctico y fácil de usar en situaciones de emergencia o en lugare"
DIS-AUA-1193,Audífono amplificador discreto 5300 hz HA60 BEURER,BEURER,Cuidado Personal,Auditivos,,Cuidado Personal > Auditivos,770,86.01,84.29,83.43,,45.0,81.8,,disponible,0.5,https://www.promexsa.com.mx/productos/audifono-amplificador-discreto-5300-hz-ha60-beurer/,https://acdn-us.mitiendanube.com/stores/001/946/809/products/3c0d446f-2fc4-40f7-adaa-0c4a45715c6d-506374baa9677d145017322515275895-480-0.webp,"El Audífono Amplificador Discreto BEURER HA60 es un dispositivo intraauricular diseñado para amplificar el volumen de todos los sonidos en espacios cerrados y al aire libre. Con un diseño mini apenas visible, ofrece un ajuste ergonómico directamente en el conducto auditivo. Cuenta con dos programas auditivos distin"
DIS-PAM-876,Pantimedia mediana compresión xg negra PREVARIS,PREVARIS,Sin Categoría,,,Sin Categoría,771,134.19,131.51,130.16,,33.0,49.3,,disponible,0.08,https://www.promexsa.com.mx/productos/pantimedia-mediana-compresion-xg-negra-1-par-prevaris/,https://acdn-us.mitiendanube.com/stores/001/946/809/products/33-2bea1ab528a72408f717328532422098-480-0.webp,"La Pantimedia Mediana Compresión PREVARIS está diseñada para mujeres que buscan mejorar la circulación sanguínea y aliviar molestias como varices, hinchazón y piernas cansadas. Con una compresión graduada de 20-30 mm Hg, ayuda a prevenir la formación de venas varicosas y brinda soporte durante largas horas de p"
DIS-PAM-879,Pantimedia mediana compresión xg natural PREVARIS,PREVARIS,Sin Categoría,,,Sin Categoría,772,134.19,131.51,130.16,,33.0,49.3,,disponible,0.08,https://www.promexsa.com.mx/productos/pantimedia-mediana-compresion-xg-natural-1-par-prevaris/,https://acdn-us.mitiendanube.com/stores/001/946/809/products/24-95fabf43956e976b9217328521841000-480-0.webp,"La Pantimedia Mediana Compresión PREVARIS está diseñada para mujeres que buscan mejorar la circulación sanguínea y aliviar molestias como varices, hinchazón y piernas cansadas. Con una compresión graduada de 20-30 mm Hg, ayuda a prevenir la formación de venas varicosas y brinda soporte durante largas horas de p"
DIS-PAM-878,Pantimedia mediana compresión xg juvenil PREVARIS,PREVARIS,Sin Categoría,,,Sin Categoría,773,134.19,131.51,130.16,,33.0,49.3,,disponible,0.08,https://www.promexsa.com.mx/productos/pantimedia-mediana-compresion-xg-juvenil-1-par-prevaris/,https://acdn-us.mitiendanube.com/stores/001/946/809/products/47-47b8a1f422dedad06117479466561490-480-0.webp,"La Pantimedia Mediana Compresión PREVARIS está diseñada para mujeres que buscan mejorar la circulación sanguínea y aliviar molestias como varices, hinchazón y piernas cansadas. Con una compresión graduada de 20-30 mm Hg, ayuda a prevenir la formación de venas varicosas y brinda soporte durante largas horas de p"
DIS-PAM-877,Pantimedia mediana compresión xg humo PREVARIS,PREVARIS,Sin Categoría,,,Sin Categoría,774,134.19,131.51,130.16,,33.0,49.3,,disponible,0.08,https://www.promexsa.com.mx/productos/pantimedia-mediana-compresion-xg-humo-1-par-prevaris/,https://acdn-us.mitiendanube.com/stores/001/946/809/products/47-ab3c5ea0847975c87117479469098324-480-0.webp,"La Pantimedia Mediana Compresión PREVARIS está diseñada para mujeres que buscan mejorar la circulación sanguínea y aliviar molestias como varices, hinchazón y piernas cansadas. Con una compresión graduada de 20-30 mm Hg, ayuda a prevenir la formación de venas varicosas y brinda soporte durante largas horas de p"
DIS-PAM-875,Pantimedia mediana compresión xg blanca PREVARIS,PREVARIS,Sin Categoría,,,Sin Categoría,775,134.19,131.51,130.16,,33.0,49.3,,disponible,0.08,https://www.promexsa.com.mx/productos/pantimedia-mediana-compresion-xg-blanca-1-par-prevaris/,https://acdn-us.mitiendanube.com/stores/001/946/809/products/41-3d20fd29f0669385e617328518279276-480-0.webp,"La Pantimedia Mediana Compresión PREVARIS está diseñada para mujeres que buscan mejorar la circulación sanguínea y aliviar molestias como varices, hinchazón y piernas cansadas. Con una compresión graduada de 20-30 mm Hg, ayuda a prevenir la formación de venas varicosas y brinda soporte durante largas horas de p"
DIS-PAM-866,Pantimedia mediana compresión m negra PREVARIS,PREVARIS,Sin Categoría,,,Sin Categoría,776,134.19,131.51,130.16,,33.0,49.3,,disponible,0.08,https://www.promexsa.com.mx/productos/pantimedia-mediana-compresion-m-negra-1-par-prevaris/,https://acdn-us.mitiendanube.com/stores/001/946/809/products/37-c60d8eae1b5f66b69217328532265933-480-0.webp,"La Pantimedia Mediana Compresión PREVARIS está diseñada para mujeres que buscan mejorar la circulación sanguínea y aliviar molestias como varices, hinchazón y piernas cansadas. Con una compresión graduada de 20-30 mm Hg, ayuda a prevenir la formación de venas varicosas y brinda soporte durante largas horas de p"
DIS-PAM-869,Pantimedia mediana compresión m natural PREVARIS,PREVARIS,Sin Categoría,,,Sin Categoría,777,134.19,131.51,130.16,,33.0,49.3,,disponible,0.08,https://www.promexsa.com.mx/productos/pantimedia-mediana-compresion-m-natural-1-par-prevaris/,https://acdn-us.mitiendanube.com/stores/001/946/809/products/29-a34b752629ff223a1317328524663582-480-0.webp,"La Pantimedia Mediana Compresión PREVARIS está diseñada para mujeres que buscan mejorar la circulación sanguínea y aliviar molestias como varices, hinchazón y piernas cansadas. Con una compresión graduada de 20-30 mm Hg, ayuda a prevenir la formación de venas varicosas y brinda soporte durante largas horas de p"
DIS-PAM-868,Pantimedia mediana compresión m juvenil PREVARIS,PREVARIS,Sin Categoría,,,Sin Categoría,778,134.19,131.51,130.16,,33.0,49.3,,disponible,0.08,https://www.promexsa.com.mx/productos/pantimedia-mediana-compresion-m-juvenil-1-par-prevaris/,https://acdn-us.mitiendanube.com/stores/001/946/809/products/47-b44de58a73fb390dee17479501837195-480-0.webp,"La Pantimedia Mediana Compresión PREVARIS está diseñada para mujeres que buscan mejorar la circulación sanguínea y aliviar molestias como varices, hinchazón y piernas cansadas. Con una compresión graduada de 20-30 mm Hg, ayuda a prevenir la formación de venas varicosas y brinda soporte durante largas horas de p"
DIS-PAM-867,Pantimedia mediana compresión m humo PREVARIS,PREVARIS,Sin Categoría,,,Sin Categoría,779,134.19,131.51,130.16,,33.0,49.3,,disponible,0.08,https://www.promexsa.com.mx/productos/pantimedia-mediana-compresion-m-humo-1-par-prevaris/,https://acdn-us.mitiendanube.com/stores/001/946/809/products/48-d08a35387cef9bd14a17479502272884-480-0.webp,"La Pantimedia Mediana Compresión PREVARIS está diseñada para mujeres que buscan mejorar la circulación sanguínea y aliviar molestias como varices, hinchazón y piernas cansadas. Con una compresión graduada de 20-30 mm Hg, ayuda a prevenir la formación de venas varicosas y brinda soporte durante largas horas de p"
DIS-PAM-865,Pantimedia mediana compresión m blanca PREVARIS,PREVARIS,Sin Categoría,,,Sin Categoría,780,134.19,131.51,130.16,,33.0,49.3,,disponible,0.08,https://www.promexsa.com.mx/productos/pantimedia-mediana-compresion-m-blanca-1-par-prevaris/,https://acdn-us.mitiendanube.com/stores/001/946/809/products/45-9c1a1f5f493212941317328517529913-480-0.webp,"La Pantimedia Mediana Compresión PREVARIS está diseñada para mujeres que buscan mejorar la circulación sanguínea y aliviar molestias como varices, hinchazón y piernas cansadas. Con una compresión graduada de 20-30 mm Hg, ayuda a prevenir la formación de venas varicosas y brinda soporte durante largas horas de p"
DIS-PAM-871,Pantimedia mediana compresión g negra PREVARIS,PREVARIS,Sin Categoría,,,Sin Categoría,781,134.19,131.51,130.16,,33.0,49.3,,disponible,0.08,https://www.promexsa.com.mx/productos/pantimedia-mediana-compresion-g-negra-1-par-prevaris/,https://acdn-us.mitiendanube.com/stores/001/946/809/products/35-4b04978fd23df3a00617328532148420-480-0.webp,"La Pantimedia Mediana Compresión PREVARIS está diseñada para mujeres que buscan mejorar la circulación sanguínea y aliviar molestias como varices, hinchazón y piernas cansadas. Con una compresión graduada de 20-30 mm Hg, ayuda a prevenir la formación de venas varicosas y brinda soporte durante largas horas de p"
DIS-PAM-874,Pantimedia mediana compresión g natural PREVARIS,PREVARIS,Sin Categoría,,,Sin Categoría,782,134.19,131.51,130.16,,33.0,49.3,,disponible,0.08,https://www.promexsa.com.mx/productos/pantimedia-mediana-compresion-g-natural-1-par-prevaris/,https://acdn-us.mitiendanube.com/stores/001/946/809/products/45-6633dce5227e81e37917479500310893-480-0.webp,"La Pantimedia Mediana Compresión PREVARIS está diseñada para mujeres que buscan mejorar la circulación sanguínea y aliviar molestias como varices, hinchazón y piernas cansadas. Con una compresión graduada de 20-30 mm Hg, ayuda a prevenir la formación de venas varicosas y brinda soporte durante largas horas de p"
DIS-PAM-873,Pantimedia mediana compresión g juvenil PREVARIS,PREVARIS,Sin Categoría,,,Sin Categoría,783,134.19,131.51,130.16,,33.0,49.3,,disponible,0.08,https://www.promexsa.com.mx/productos/pantimedia-mediana-compresion-g-juvenil-1-par-prevaris/,https://acdn-us.mitiendanube.com/stores/001/946/809/products/47-c722d4c8d6cc4134ed17479485830562-480-0.webp,"La Pantimedia Mediana Compresión PREVARIS está diseñada para mujeres que buscan mejorar la circulación sanguínea y aliviar molestias como varices, hinchazón y piernas cansadas. Con una compresión graduada de 20-30 mm Hg, ayuda a prevenir la formación de venas varicosas y brinda soporte durante largas horas de p"
DIS-PAM-870,Pantimedia mediana compresión g blanca PREVARIS,PREVARIS,Sin Categoría,,,Sin Categoría,784,134.19,131.51,130.16,,33.0,49.3,,disponible,0.08,https://www.promexsa.com.mx/productos/pantimedia-mediana-compresion-g-blanca-1-par-prevaris/,https://acdn-us.mitiendanube.com/stores/001/946/809/products/43-97836e234c18eb836217328513197779-480-0.webp,"La Pantimedia Mediana Compresión PREVARIS está diseñada para mujeres que buscan mejorar la circulación sanguínea y aliviar molestias como varices, hinchazón y piernas cansadas. Con una compresión graduada de 20-30 mm Hg, ayuda a prevenir la formación de venas varicosas y brinda soporte durante largas horas de p"
DIS-PAM-861,Pantimedia mediana compresión ch negra PREVARIS,PREVARIS,Sin Categoría,,,Sin Categoría,785,134.19,131.51,130.16,,33.0,49.3,,disponible,0.08,https://www.promexsa.com.mx/productos/pantimedia-mediana-compresion-ch-negra-1-par-prevaris/,https://acdn-us.mitiendanube.com/stores/001/946/809/products/39-55001520e61f8c3f7c17328532025842-480-0.webp,"La Pantimedia Mediana Compresión PREVARIS está diseñada para mujeres que buscan mejorar la circulación sanguínea y aliviar molestias como varices, hinchazón y piernas cansadas. Con una compresión graduada de 20-30 mm Hg, ayuda a prevenir la formación de venas varicosas y brinda soporte durante largas horas de p"
DIS-PAM-864,Pantimedia mediana compresión ch natural PREVARIS,PREVARIS,Sin Categoría,,,Sin Categoría,786,134.19,131.51,130.16,,33.0,49.3,,disponible,0.08,https://www.promexsa.com.mx/productos/pantimedia-mediana-compresion-ch-natural-1-par-prevaris/,https://acdn-us.mitiendanube.com/stores/001/946/809/products/45-31e1c45bfb7301244f17479480101133-480-0.webp,"La Pantimedia Mediana Compresión PREVARIS está diseñada para mujeres que buscan mejorar la circulación sanguínea y aliviar molestias como varices, hinchazón y piernas cansadas. Con una compresión graduada de 20-30 mm Hg, ayuda a prevenir la formación de venas varicosas y brinda soporte durante largas horas de p"
DIS-PAM-863,Pantimedia mediana compresión ch juvenil PREVARIS,PREVARIS,Sin Categoría,,,Sin Categoría,787,134.19,131.51,130.16,,33.0,49.3,,disponible,0.08,https://www.promexsa.com.mx/productos/pantimedia-mediana-compresion-ch-juvenil-1-par-prevaris/,https://acdn-us.mitiendanube.com/stores/001/946/809/products/47-6f439205cb04b4d96d17479478580359-480-0.webp,"La Pantimedia Mediana Compresión PREVARIS está diseñada para mujeres que buscan mejorar la circulación sanguínea y aliviar molestias como varices, hinchazón y piernas cansadas. Con una compresión graduada de 20-30 mm Hg, ayuda a prevenir la formación de venas varicosas y brinda soporte durante largas horas de p"
DIS-PAM-862,Pantimedia mediana compresión ch humo PREVARIS,PREVARIS,Sin Categoría,,,Sin Categoría,788,134.19,131.51,130.16,,33.0,49.3,,disponible,0.08,https://www.promexsa.com.mx/productos/pantimedia-mediana-compresion-ch-humo-1-par-prevaris/,https://acdn-us.mitiendanube.com/stores/001/946/809/products/48-c9f0162fa6e2f8194617479477635154-480-0.webp,"La Pantimedia Mediana Compresión PREVARIS está diseñada para mujeres que buscan mejorar la circulación sanguínea y aliviar molestias como varices, hinchazón y piernas cansadas. Con una compresión graduada de 20-30 mm Hg, ayuda a prevenir la formación de venas varicosas y brinda soporte durante largas horas de p"
DIS-PAM-860,Pantimedia mediana compresión ch blanca PREVARIS,PREVARIS,Sin Categoría,,,Sin Categoría,789,134.19,131.51,130.16,,33.0,49.3,,disponible,0.08,https://www.promexsa.com.mx/productos/pantimedia-mediana-compresion-ch-blanca-1-par-prevaris/,https://acdn-us.mitiendanube.com/stores/001/946/809/products/47-5761915917a50209f917328512545329-480-0.webp,"La Pantimedia Mediana Compresión PREVARIS está diseñada para mujeres que buscan mejorar la circulación sanguínea y aliviar molestias como varices, hinchazón y piernas cansadas. Con una compresión graduada de 20-30 mm Hg, ayuda a prevenir la formación de venas varicosas y brinda soporte durante largas horas de p"
DIS-PAA-890,Pantimedia alta compresión xg negro PREVARIS,PREVARIS,Sin Categoría,,,Sin Categoría,790,156.8,153.66,152.1,,33.0,49.3,,disponible,0.08,https://www.promexsa.com.mx/productos/pantimedia-alta-compresion-xg-negro-1-par-prevaris/,https://acdn-us.mitiendanube.com/stores/001/946/809/products/151e52db-4669-4184-955c-ca221371751b-61e2a585a9051bd6c217321698655276-480-0.webp,"La Pantimedia Alta Compresión PREVARIS ofrece una solución efectiva para el tratamiento de varices avanzadas, hinchazón severa y problemas de circulación. Diseñada con una compresión graduada de 30-40 mm Hg, ayuda a reducir la inflamación, mejorar la circulación y prevenir complicaciones venosas. Su diseño ana"
DIS-PAA-891,Pantimedia alta compresión xg natural PREVARIS,PREVARIS,Sin Categoría,,,Sin Categoría,791,156.8,153.66,152.1,,33.0,49.3,,disponible,0.08,https://www.promexsa.com.mx/productos/pantimedia-alta-compresion-xg-natural-1-par-prevaris/,https://acdn-us.mitiendanube.com/stores/001/946/809/products/8b572ed3-332c-404b-98cc-960dc1dca62e-15ada8246b9534e25317321698425013-480-0.webp,"La Pantimedia Alta Compresión PREVARIS ofrece una solución efectiva para el tratamiento de varices avanzadas, hinchazón severa y problemas de circulación. Diseñada con una compresión graduada de 30-40 mm Hg, ayuda a reducir la inflamación, mejorar la circulación y prevenir complicaciones venosas. Su diseño ana"
PLT-PAA-889,Pantimedia alta compresión xg blanco PREVARIS,PREVARIS,Sin Categoría,,,Sin Categoría,792,156.8,153.66,152.1,,33.0,49.3,,disponible,0.08,https://www.promexsa.com.mx/productos/pantimedia-alta-compresion-xg-blanco-1-par-prevaris/,https://acdn-us.mitiendanube.com/stores/001/946/809/products/f5bfb140-6ca1-405c-9b95-373d1906e40b-f276bf2c80233372bd17321698304043-480-0.webp,"La Pantimedia Alta Compresión PREVARIS ofrece una solución efectiva para el tratamiento de varices avanzadas, hinchazón severa y problemas de circulación. Diseñada con una compresión graduada de 30-40 mm Hg, ayuda a reducir la inflamación, mejorar la circulación y prevenir complicaciones venosas. Su diseño ana"
DIS-PAA-884,Pantimedia alta compresión m negro PREVARIS,PREVARIS,Sin Categoría,,,Sin Categoría,793,156.8,153.66,152.1,,33.0,49.3,,disponible,0.08,https://www.promexsa.com.mx/productos/pantimedia-alta-compresion-m-negro-1-par-prevaris/,https://acdn-us.mitiendanube.com/stores/001/946/809/products/20860965-424b-46df-84fe-dc9c5ec1aaea-4107f1f147db2652f417321698162615-480-0.webp,"La Pantimedia Alta Compresión PREVARIS ofrece una solución efectiva para el tratamiento de varices avanzadas, hinchazón severa y problemas de circulación. Diseñada con una compresión graduada de 30-40 mm Hg, ayuda a reducir la inflamación, mejorar la circulación y prevenir complicaciones venosas. Su diseño ana"
DIS-PAA-885,Pantimedia alta compresión m natural PREVARIS,PREVARIS,Sin Categoría,,,Sin Categoría,794,156.8,153.66,152.1,,33.0,49.3,,disponible,0.08,https://www.promexsa.com.mx/productos/pantimedia-alta-compresion-m-natural-1-par-prevaris/,https://acdn-us.mitiendanube.com/stores/001/946/809/products/94385f92-fb4c-461e-8f5c-1088e9244fa9-ec153c4dc21fb9632a17321698034922-480-0.webp,"La Pantimedia Alta Compresión PREVARIS ofrece una solución efectiva para el tratamiento de varices avanzadas, hinchazón severa y problemas de circulación. Diseñada con una compresión graduada de 30-40 mm Hg, ayuda a reducir la inflamación, mejorar la circulación y prevenir complicaciones venosas. Su diseño ana"
DIS-PAA-883,Pantimedia alta compresión m blanco PREVARIS,PREVARIS,Sin Categoría,,,Sin Categoría,795,156.8,153.66,152.1,,33.0,49.3,,disponible,0.08,https://www.promexsa.com.mx/productos/pantimedia-alta-compresion-m-blanco-1-par-prevaris/,https://acdn-us.mitiendanube.com/stores/001/946/809/products/c459823d-d062-4afc-807d-dcec30cd0d7c-34127717ed3e19147c17321697898884-480-0.webp,"La Pantimedia Alta Compresión PREVARIS ofrece una solución efectiva para el tratamiento de varices avanzadas, hinchazón severa y problemas de circulación. Diseñada con una compresión graduada de 30-40 mm Hg, ayuda a reducir la inflamación, mejorar la circulación y prevenir complicaciones venosas. Su diseño ana"
DIS-PAA-887,Pantimedia alta compresión g negro PREVARIS,PREVARIS,Sin Categoría,,,Sin Categoría,796,156.8,153.66,152.1,,33.0,49.3,,disponible,0.08,https://www.promexsa.com.mx/productos/pantimedia-alta-compresion-g-negro-1-par-prevaris/,https://acdn-us.mitiendanube.com/stores/001/946/809/products/edcd607d-3738-4bbf-ac7b-47bf097b8e3e-cac692c8dd107e7ce017321697777545-480-0.webp,"La Pantimedia Alta Compresión PREVARIS ofrece una solución efectiva para el tratamiento de varices avanzadas, hinchazón severa y problemas de circulación. Diseñada con una compresión graduada de 30-40 mm Hg, ayuda a reducir la inflamación, mejorar la circulación y prevenir complicaciones venosas. Su diseño ana"
DIS-PAA-888,Pantimedia alta compresión g natural PREVARIS,PREVARIS,Sin Categoría,,,Sin Categoría,797,156.8,153.66,152.1,,33.0,49.3,,disponible,0.08,https://www.promexsa.com.mx/productos/pantimedia-alta-compresion-g-natural-1-par-prevaris/,https://acdn-us.mitiendanube.com/stores/001/946/809/products/8a6775dc-3917-48dc-81c4-8893a7271ce9-758f57fb0e98983e5e17321697654793-480-0.webp,"La Pantimedia Alta Compresión PREVARIS ofrece una solución efectiva para el tratamiento de varices avanzadas, hinchazón severa y problemas de circulación. Diseñada con una compresión graduada de 30-40 mm Hg, ayuda a reducir la inflamación, mejorar la circulación y prevenir complicaciones venosas. Su diseño ana"
DIS-PAA-886,Pantimedia alta compresión g blanco PREVARIS,PREVARIS,Sin Categoría,,,Sin Categoría,798,156.8,153.66,152.1,,33.0,49.3,,disponible,0.08,https://www.promexsa.com.mx/productos/pantimedia-alta-compresion-g-blanco-1-par-prevaris/,https://acdn-us.mitiendanube.com/stores/001/946/809/products/88ed4eaa-1a63-4205-b243-a6eb5e10c215-28341246cbd9b71c5717321697499822-480-0.webp,"La Pantimedia Alta Compresión PREVARIS ofrece una solución efectiva para el tratamiento de varices avanzadas, hinchazón severa y problemas de circulación. Diseñada con una compresión graduada de 30-40 mm Hg, ayuda a reducir la inflamación, mejorar la circulación y prevenir complicaciones venosas. Su diseño ana"
DIS-PAA-881,Pantimedia alta compresión ch negro PREVARIS,PREVARIS,Sin Categoría,,,Sin Categoría,799,156.8,153.66,152.1,,33.0,49.3,,disponible,0.08,https://www.promexsa.com.mx/productos/pantimedia-alta-compresion-ch-negro-1-par-prevaris/,https://acdn-us.mitiendanube.com/stores/001/946/809/products/eb687d1d-5a6c-40f3-aa57-41349dc6ed2e-4390b2e50b577cb26917321697378870-480-0.webp,"La Pantimedia Alta Compresión PREVARIS ofrece una solución efectiva para el tratamiento de varices avanzadas, hinchazón severa y problemas de circulación. Diseñada con una compresión graduada de 30-40 mm Hg, ayuda a reducir la inflamación, mejorar la circulación y prevenir complicaciones venosas. Su diseño ana"
DIS-PAA-882,Pantimedia alta compresión ch natural PREVARIS,PREVARIS,Sin Categoría,,,Sin Categoría,800,156.8,153.66,152.1,,33.0,49.3,,disponible,0.08,https://www.promexsa.com.mx/productos/pantimedia-alta-compresion-ch-natural-1-par-prevaris/,https://acdn-us.mitiendanube.com/stores/001/946/809/products/faeb50b1-984f-4be5-b651-14e4cb46dedb-dac49318707eb19cac17321697269722-480-0.webp,"La Pantimedia Alta Compresión PREVARIS ofrece una solución efectiva para el tratamiento de varices avanzadas, hinchazón severa y problemas de circulación. Diseñada con una compresión graduada de 30-40 mm Hg, ayuda a reducir la inflamación, mejorar la circulación y prevenir complicaciones venosas. Su diseño ana"
DIS-PAA-880,Pantimedia alta compresión ch blanco PREVARIS,PREVARIS,Sin Categoría,,,Sin Categoría,801,156.8,153.66,152.1,,33.0,49.3,,disponible,0.08,https://www.promexsa.com.mx/productos/pantimedia-alta-compresion-ch-blanco-1-par-prevaris/,https://acdn-us.mitiendanube.com/stores/001/946/809/products/4c2cb841-3a5e-4eb9-89a5-5ba089a409d2-14d9a4c9f078cc3d0817321697154185-480-0.webp,"La Pantimedia Alta Compresión PREVARIS ofrece una solución efectiva para el tratamiento de varices avanzadas, hinchazón severa y problemas de circulación. Diseñada con una compresión graduada de 30-40 mm Hg, ayuda a reducir la inflamación, mejorar la circulación y prevenir complicaciones venosas. Su diseño ana"
DIS-MEA-918,Medias antiembólicas muslo corto xg PREVARIS,PREVARIS,Sin Categoría,,,Sin Categoría,802,168.86,165.48,163.79,,33.0,49.3,,disponible,0.08,https://www.promexsa.com.mx/productos/medias-antiembolicas-muslo-corto-xg-1-par-prevaris/,https://acdn-us.mitiendanube.com/stores/001/946/809/products/62b16676-5dbc-48d0-b179-71f74c82e906-aed8ece4bf3c3f20c517321677741507-480-0.webp,"Las Medias Antiembólicas Muslo Corto PREVARIS están diseñadas para prevenir la formación de coágulos sanguíneos y mejorar la circulación venosa en pacientes postquirúrgicos o con movilidad reducida. Estas medias ofrecen una compresión graduada de 18-23 mm Hg, garantizando una presión uniforme que favorece el"
DIS-MEA-921,Medias antiembólicas muslo corto g PREVARIS,PREVARIS,Sin Categoría,,,Sin Categoría,803,168.86,165.48,163.79,,33.0,49.3,,disponible,0.08,https://www.promexsa.com.mx/productos/medias-antiembolicas-muslo-corto-g-1-par-prevaris/,https://acdn-us.mitiendanube.com/stores/001/946/809/products/a6c8a6b4-32dd-4332-b78e-7b0e6bf80e60-8a6c30b81e0e90d77317321677198353-480-0.webp,"Las Medias Antiembólicas Muslo Corto PREVARIS están diseñadas para prevenir la formación de coágulos sanguíneos y mejorar la circulación venosa en pacientes postquirúrgicos o con movilidad reducida. Estas medias ofrecen una compresión graduada de 18-23 mm Hg, garantizando una presión uniforme que favorece el"
DIS-MEA-919,Medias antiembólicas muslo corto ch PREVARIS,PREVARIS,Sin Categoría,,,Sin Categoría,804,168.86,165.48,163.79,,33.0,49.3,,disponible,0.08,https://www.promexsa.com.mx/productos/medias-antiembolicas-muslo-corto-ch-1-par-prevaris/,https://acdn-us.mitiendanube.com/stores/001/946/809/products/488-3d3b01f1d660c8158317321678005075-480-0.webp,"Las Medias Antiembólicas Muslo Corto PREVARIS están diseñadas para prevenir la formación de coágulos sanguíneos y mejorar la circulación venosa en pacientes postquirúrgicos o con movilidad reducida. Estas medias ofrecen una compresión graduada de 18-23 mm Hg, garantizando una presión uniforme que favorece el"
DIS-MEA-923,Medias antiembólicas a la rodilla m PREVARIS,PREVARIS,Sin Categoría,,,Sin Categoría,805,119.11,116.73,115.54,,33.0,49.3,,disponible,0.08,https://www.promexsa.com.mx/productos/medias-antiembolicas-a-la-rodilla-m-1-par-prevaris/,https://acdn-us.mitiendanube.com/stores/001/946/809/products/dc67aa3c-5a85-4557-9739-616ff3d7ed00-7f5f8c30d2b91b3f4717321660043590-480-0.webp,"Las Medias Antiembólicas Muslo Corto PREVARIS están diseñadas para prevenir complicaciones como el síndrome postflebítico, que incluye dolor e hinchazón en las piernas, en pacientes postrados con poca movilidad debido a cirugía o hospitalización. Con una compresión graduada de 25 mm Hg/cm², estas medias mejor"
DIS-MEA-924,Medias antiembólicas a la rodilla g PREVARIS,PREVARIS,Sin Categoría,,,Sin Categoría,806,119.11,116.73,115.54,,33.0,49.3,,disponible,0.08,https://www.promexsa.com.mx/productos/medias-antiembolicas-a-la-rodilla-g-1-par-prevaris/,https://acdn-us.mitiendanube.com/stores/001/946/809/products/b9279a3d-7950-4f8a-8006-aec6762b4b9e-77024fd7353f77b4c317321659793219-480-0.webp,"Las Medias Antiembólicas Muslo Corto PREVARIS están diseñadas para prevenir complicaciones como el síndrome postflebítico, que incluye dolor e hinchazón en las piernas, en pacientes postrados con poca movilidad debido a cirugía o hospitalización. Con una compresión graduada de 25 mm Hg/cm², estas medias mejor"
DIS-MEA-922,Medias antiembólicas a la rodilla ch PREVARIS,PREVARIS,Sin Categoría,,,Sin Categoría,807,119.11,116.73,115.54,,33.0,49.3,,disponible,0.08,https://www.promexsa.com.mx/productos/medias-antiembolicas-a-la-rodilla-ch-1-par-prevaris/,https://acdn-us.mitiendanube.com/stores/001/946/809/products/304d1d4c-2238-45cc-a094-cab515f394d7-23f535e7778b4eb99f17321659644590-480-0.webp,"Las Medias Antiembólicas Muslo Corto PREVARIS están diseñadas para prevenir complicaciones como el síndrome postflebítico, que incluye dolor e hinchazón en las piernas, en pacientes postrados con poca movilidad debido a cirugía o hospitalización. Con una compresión graduada de 25 mm Hg/cm², estas medias mejor"
DIS-MEA-900,Media al muslo con encaje y silicón negra PREVARIS,PREVARIS,Sin Categoría,,,Sin Categoría,808,138.71,135.94,134.55,,33.0,49.3,,disponible,0.08,https://www.promexsa.com.mx/productos/media-al-muslo-con-encaje-y-silicon-negra-prevaris/,https://acdn-us.mitiendanube.com/stores/001/946/809/products/59-4841e7ec3627fa8fcb17480280085491-480-0.webp,"La Media al Muslo con Encaje y Silicón PREVARIS combina funcionalidad terapéutica y diseño estético. Con una compresión graduada de 20-30 mm Hg, estas medias mejoran la circulación sanguínea y ayudan a prevenir molestias como varices, hinchazón y piernas cansadas. Su banda de silicón asegura un ajuste antidesl"
DIS-MEA-901,Media al muslo con encaje y silicón blanca PREVARIS,PREVARIS,Sin Categoría,,,Sin Categoría,809,138.71,135.94,134.55,,33.0,49.3,,disponible,0.08,https://www.promexsa.com.mx/productos/media-al-muslo-con-encaje-y-silicon-blanca-prevaris/,https://acdn-us.mitiendanube.com/stores/001/946/809/products/60-a9043e0f50e6ac623a17480282957365-480-0.webp,"La Media al Muslo con Encaje y Silicón PREVARIS combina funcionalidad terapéutica y diseño estético. Con una compresión graduada de 20-30 mm Hg, estas medias mejoran la circulación sanguínea y ayudan a prevenir molestias como varices, hinchazón y piernas cansadas. Su banda de silicón asegura un ajuste antidesl"
DIS-SOF-1153,Sonday Foley de silicón 2 vías con globo de 5 ml 14 FR NIPRO,NIPRO,Áreas y Especialidades,Urología,Sondas Urologicas,Áreas y Especialidades > Urología > Sondas Urologicas,810,146.83,143.89,142.43,,40.0,66.7,,disponible,1,https://www.promexsa.com.mx/productos/sonday-foley-de-silicon-2-vias-con-globo-de-5-ml-14-fr-nipro/,https://acdn-us.mitiendanube.com/stores/001/946/809/products/477-df9f03f7a6fe3521e317321353490029-480-0.webp,"La Sonda Foley de Silicón 2 Vías con Globo de 5 ml NIPRO está diseñada para un drenaje urinario eficiente y seguro en entornos hospitalarios o terapias a largo plazo. Fabricada en silicón médico 100% hipoalergénico, reduce el riesgo de reacciones adversas y permite una mayor duración en comparación con otros m"
DIS-SOF-1152,Sonday Foley de silicón 2 vías con globo de 5 ml 12 FR NIPRO,NIPRO,Áreas y Especialidades,Urología,Sondas Urologicas,Áreas y Especialidades > Urología > Sondas Urologicas,811,146.83,143.89,142.43,,40.0,66.7,,disponible,1,https://www.promexsa.com.mx/productos/sonday-foley-de-silicon-2-vias-con-globo-de-5-ml-12-fr-nipro/,https://acdn-us.mitiendanube.com/stores/001/946/809/products/477-3bde1e113784d8b90c17321353577812-480-0.webp,"La Sonda Foley de Silicón 2 Vías con Globo de 5 ml NIPRO está diseñada para un drenaje urinario eficiente y seguro en entornos hospitalarios o terapias a largo plazo. Fabricada en silicón médico 100% hipoalergénico, reduce el riesgo de reacciones adversas y permite una mayor duración en comparación con otros m"
DIS-SOF-1150,Sonday Foley de silicón 2 vías con globo de 3 ml 10 FR NIPRO,NIPRO,Áreas y Especialidades,Urología,Sondas Urologicas,Áreas y Especialidades > Urología > Sondas Urologicas,812,170.4,166.99,165.29,,40.0,66.7,,disponible,1,https://www.promexsa.com.mx/productos/sonday-foley-de-silicon-2-vias-con-globo-de-3-ml-10-fr-nipro/,https://acdn-us.mitiendanube.com/stores/001/946/809/products/476-46279f55055866001b17321353709316-480-0.webp,"La Sonda Foley de Silicón 2 Vías con Globo de 3 ml está diseñada para un drenaje urinario seguro y eficiente, especialmente en pacientes pediátricos o adultos con requerimientos específicos. Fabricada con silicón 100% médico hipoalergénico, ofrece mayor duración y comodidad en comparación con otros materiale"
DIS-CAM-895,Calcetín mediana compresión ch - m negro 1 par PREVARIS,PREVARIS,Sin Categoría,,,Sin Categoría,813,118.35,115.98,114.8,,33.0,49.3,,disponible,0.08,https://www.promexsa.com.mx/productos/calcetin-mediana-compresion-ch-m-negro-1-par-prevaris/,https://acdn-us.mitiendanube.com/stores/001/946/809/products/472-5fcb13f1a57b147e7c17320955693911-480-0.webp,"El Calcetín de Mediana Compresión PREVARIS está diseñado para mejorar la circulación sanguínea y aliviar molestias como piernas cansadas, hinchazón y varices. Con una compresión graduada de 20-30 mm Hg, proporciona soporte efectivo para quienes pasan largas horas de pie o sentados. Fabricado con materiales tran"
DIS-CAM-893,Calcetín mediana compresión ch - m cafe 1 par PREVARIS,PREVARIS,Sin Categoría,,,Sin Categoría,814,118.35,115.98,114.8,,33.0,49.3,,disponible,0.08,https://www.promexsa.com.mx/productos/calcetin-mediana-compresion-ch-m-cafe-1-par-prevaris/,https://acdn-us.mitiendanube.com/stores/001/946/809/products/63-073e08cde5026c0dd817480330451254-480-0.webp,"El Calcetín de Mediana Compresión PREVARIS está diseñado para mejorar la circulación sanguínea y aliviar molestias como piernas cansadas, hinchazón y varices. Con una compresión graduada de 20-30 mm Hg, proporciona soporte efectivo para quienes pasan largas horas de pie o sentados. Fabricado con materiales tran"
DIS-CAM-894,Calcetín mediana compresión ch - m blanco 1 par PREVARIS,PREVARIS,Sin Categoría,,,Sin Categoría,815,118.35,115.98,114.8,,33.0,49.3,,disponible,0.08,https://www.promexsa.com.mx/productos/calcetin-mediana-compresion-ch-m-blanco-1-parprevaris/,https://acdn-us.mitiendanube.com/stores/001/946/809/products/64-2f14b44803a25f45b417480330827296-480-0.webp,"El Calcetín de Mediana Compresión PREVARIS está diseñado para mejorar la circulación sanguínea y aliviar molestias como piernas cansadas, hinchazón y varices. Con una compresión graduada de 20-30 mm Hg, proporciona soporte efectivo para quienes pasan largas horas de pie o sentados. Fabricado con materiales tran"
DIS-CAM-892,Calcetín mediana compresión ch - m azul marino 1 par PREVARIS,PREVARIS,Sin Categoría,,,Sin Categoría,816,118.35,115.98,114.8,,33.0,49.3,,disponible,0.08,https://www.promexsa.com.mx/productos/calcetin-mediana-compresion-ch-m-azul-marino-1-par-prevaris/,https://acdn-us.mitiendanube.com/stores/001/946/809/products/65-828e72da87c27b3d2217480331976394-480-0.webp,"El Calcetín de Mediana Compresión PREVARIS está diseñado para mejorar la circulación sanguínea y aliviar molestias como piernas cansadas, hinchazón y varices. Con una compresión graduada de 20-30 mm Hg, proporciona soporte efectivo para quienes pasan largas horas de pie o sentados. Fabricado con materiales tran"
DIS-CAM-899,Calcetín mediana compresión g - xg negro 1 par PREVARIS,PREVARIS,Sin Categoría,,,Sin Categoría,817,118.35,115.98,114.8,,33.0,49.3,,disponible,0.08,https://www.promexsa.com.mx/productos/calcetin-mediana-compresion-g-xg-negro-1-par-prevaris/,https://acdn-us.mitiendanube.com/stores/001/946/809/products/472-36cf119964b09c74c017320955580054-480-0.webp,"El Calcetín de Mediana Compresión PREVARIS está diseñado para mejorar la circulación sanguínea y aliviar molestias como piernas cansadas, hinchazón y varices. Con una compresión graduada de 20-30 mm Hg, proporciona soporte efectivo para quienes pasan largas horas de pie o sentados. Fabricado con materiales tran"
DIS-CAM-897,Calcetín mediana compresión g - xg cafe 1 par PREVARIS,PREVARIS,Sin Categoría,,,Sin Categoría,818,118.35,115.98,114.8,,33.0,49.3,,disponible,0.08,https://www.promexsa.com.mx/productos/calcetin-mediana-compresion-g-xg-cafe-1-par-prevaris/,https://acdn-us.mitiendanube.com/stores/001/946/809/products/63-43b1c89dd7eafaef6617480332845323-480-0.webp,"El Calcetín de Mediana Compresión PREVARIS está diseñado para mejorar la circulación sanguínea y aliviar molestias como piernas cansadas, hinchazón y varices. Con una compresión graduada de 20-30 mm Hg, proporciona soporte efectivo para quienes pasan largas horas de pie o sentados. Fabricado con materiales tran"
DIS-CAM-898,Calcetín mediana compresión g - xg blanco 1 par PREVARIS,PREVARIS,Sin Categoría,,,Sin Categoría,819,118.35,115.98,114.8,,33.0,49.3,,disponible,0.08,https://www.promexsa.com.mx/productos/calcetin-mediana-compresion-g-xg-blanco-1-par-prevaris/,https://acdn-us.mitiendanube.com/stores/001/946/809/products/64-5ee73ba3d58d3c286d17480333285957-480-0.webp,"El Calcetín de Mediana Compresión PREVARIS está diseñado para mejorar la circulación sanguínea y aliviar molestias como piernas cansadas, hinchazón y varices. Con una compresión graduada de 20-30 mm Hg, proporciona soporte efectivo para quienes pasan largas horas de pie o sentados. Fabricado con materiales tran"
DIS-CAM-896,Calcetín mediana compresión g - xg azul marino 1 par PREVARIS,PREVARIS,Sin Categoría,,,Sin Categoría,820,118.35,115.98,114.8,,33.0,49.3,,disponible,0.08,https://www.promexsa.com.mx/productos/calcetin-mediana-compresion-g-xg-azul-marino-1-par-prevaris/,https://acdn-us.mitiendanube.com/stores/001/946/809/products/65-3205f3dd3d40b2729d17480333695051-480-0.webp,"El Calcetín de Mediana Compresión PREVARIS está diseñado para mejorar la circulación sanguínea y aliviar molestias como piernas cansadas, hinchazón y varices. Con una compresión graduada de 20-30 mm Hg, proporciona soporte efectivo para quienes pasan largas horas de pie o sentados. Fabricado con materiales tran"
DIS-BOR-1149,Bolsa recolectora de orina sistema cerrado 2000 mL Nipro,NIPRO,Áreas y Especialidades,Urología,Evacuación y Recolección de Orina,Áreas y Especialidades > Urología > Evacuación y Recolección de Orina,821,108.2,106.04,104.95,,40.0,66.7,,disponible,0.98,https://www.promexsa.com.mx/productos/bolsa-recolectora-orina-sistema-cerrado-2000-ml-nipro/,https://acdn-us.mitiendanube.com/stores/001/946/809/products/bolsa-recolectora-de-orina-2000-ml-nipro-c51a5023d6a86e00cf17895441162676-480-0.webp,"Compra Bolsa Recolectora de Orina NIPRO 2000 mL, sistema cerrado, estéril, con válvula antirreflujo y drenaje. Presentación individual."
DIS-AGH-1015,Bolsa para esterilizar de 3 1/2 X 10 (9 X 26 cm) 200 pz GRUPREYSA,GRUPREYSA,Equipo Quirúrgico,Complementos Quirúrgicos,Accesorios para Esterilizar,Equipo Quirúrgico > Complementos Quirúrgicos > Accesorios para Esterilizar,822,201.84,197.8,195.78,,38.0,61.3,,disponible,1.2,https://www.promexsa.com.mx/productos/bolsa-para-esterilizar-de-3-1-2-x-10-9-x-26-cm-200-pz-grupreysa/,https://acdn-us.mitiendanube.com/stores/001/946/809/products/83812681-6e20-4afb-a8fe-a164acfc4855-83e8294e205ba9226817320921251977-480-0.webp,"La Bolsa para Esterilizar GRUPREYSA es una solución confiable y eficiente para la esterilización de instrumental médico y quirúrgico. Diseñada para soportar altas temperaturas y compatible con métodos de autoclave, vapor o gas óxido de etileno (ETO), garantiza una esterilización segura y libre de contaminantes."
DIS-AGH-1014,Bolsa para esterilizar de 2 3/4 X 5 1/8 (6 X 13 cm) 200 pz GRUPREYSA,GRUPREYSA,Equipo Quirúrgico,Complementos Quirúrgicos,Accesorios para Esterilizar,Equipo Quirúrgico > Complementos Quirúrgicos > Accesorios para Esterilizar,823,156.73,153.6,152.03,,38.0,61.3,,disponible,1.2,https://www.promexsa.com.mx/productos/bolsa-para-esterilizar-de-2-3-4-x-5-1-8-6-x-13-cm-200-pz-grupreysa/,https://acdn-us.mitiendanube.com/stores/001/946/809/products/e2cdb1b0-c7c7-4052-a038-2f6361b07e1b-05f45c192be8c1b7b917320921083419-480-0.webp,"La Bolsa para Esterilizar GRUPREYSA es una solución confiable y eficiente para la esterilización de instrumental médico y quirúrgico. Diseñada para soportar altas temperaturas y compatible con métodos de autoclave, vapor o gas óxido de etileno (ETO), garantiza una esterilización segura y libre de contaminantes."
DIS-AGH-1013,Bolsa para esterilizar de 2 1/4 X 4 (6 X 10 cm) 200 pz GRUPREYSA,GRUPREYSA,Equipo Quirúrgico,Complementos Quirúrgicos,Accesorios para Esterilizar,Equipo Quirúrgico > Complementos Quirúrgicos > Accesorios para Esterilizar,824,92.24,90.4,89.47,,38.0,61.3,,disponible,1.2,https://www.promexsa.com.mx/productos/bolsa-para-esterilizar-de-2-1-4-x-4-6-x-10-cm-200-pz-grupreysa/,https://acdn-us.mitiendanube.com/stores/001/946/809/products/13dcd1f5-5e5f-4e42-a80f-4ea16e5d41d9-7f8bb6ca1350b6c93917320920909612-480-0.webp,"La Bolsa para Esterilizar GRUPREYSA es una solución confiable y eficiente para la esterilización de instrumental médico y quirúrgico. Diseñada para soportar altas temperaturas y compatible con métodos de autoclave, vapor o gas óxido de etileno (ETO), garantiza una esterilización segura y libre de contaminantes."
DIS-AGH-1016,Bolsa para esterilizar de 12 X 15 (30 X 38 cm) 200 pz GRUPREYSA,GRUPREYSA,Equipo Quirúrgico,Complementos Quirúrgicos,Accesorios para Esterilizar,Equipo Quirúrgico > Complementos Quirúrgicos > Accesorios para Esterilizar,825,1177.41,1153.86,1142.09,,38.0,61.3,,disponible,1.2,https://www.promexsa.com.mx/productos/bolsa-para-esterilizar-de-12x15-30x38cm-200-pz-grupreysa/,https://acdn-us.mitiendanube.com/stores/001/946/809/products/48be1f00-e176-48ee-a231-c9d4df04b20c-2711e2d78efe2cb26917320889346355-480-0.webp,"La Bolsa para Esterilizar GRUPREYSA es una solución confiable y eficiente para la esterilización de instrumental médico y quirúrgico. Diseñada para soportar altas temperaturas y compatible con métodos de autoclave, vapor o gas óxido de etileno (ETO), garantiza una esterilización segura y libre de contaminantes."
DIS-AGH-1129,Aguja hipodérmica desechable naranja 25 g x 38 mm 100 pz NIPRO,NIPRO,Material de Curación,Jeringas,Agujas Hipodermicas Desechables,Material de Curación > Jeringas > Agujas Hipodermicas Desechables,826,94.01,92.13,91.19,,30.0,42.9,,disponible,0.1,https://www.promexsa.com.mx/productos/aguja-hipodermica-desechable-naranja-25g-x-38mm-100-pz-nipro/,https://acdn-us.mitiendanube.com/stores/001/946/809/products/d3fa4785-321e-482a-a30c-8024ec023060-dbae604a8ee72ac94e17320821185329-480-0.webp,"Agujas hipodérmicas desechables NIPRO, caja de 100 piezas. Punta biselada, estériles y seguras. Ideales para uso médico y hospitalario."
DIS-AGH-1140,Aguja hipodérmica desechable negro 22 g x 25 mm 100 pz NIPRO,NIPRO,Material de Curación,Jeringas,Agujas Hipodermicas Desechables,Material de Curación > Jeringas > Agujas Hipodermicas Desechables,827,94.01,92.13,91.19,,30.0,42.9,,disponible,0.1,https://www.promexsa.com.mx/productos/aguja-hipodermica-desechable-negro-22g-x-25mm-100-pz-nipro/,https://acdn-us.mitiendanube.com/stores/001/946/809/products/a7d58840-a673-4c7a-8730-e6aab09a74e1-32bad7d0b134a0a15017320819372180-480-0.webp,"Agujas hipodérmicas desechables NIPRO, caja de 100 piezas. Punta biselada, estériles y seguras. Ideales para uso médico y hospitalario."
DIS-AGH-1128,Aguja hipodérmica desechable rosa 18 g x 38 mm 100 pz NIPRO,NIPRO,Material de Curación,Jeringas,Agujas Hipodermicas Desechables,Material de Curación > Jeringas > Agujas Hipodermicas Desechables,828,91.26,89.43,88.52,,30.0,42.9,,disponible,0.1,https://www.promexsa.com.mx/productos/aguja-hipodermica-desechable-rosa-18g-x-38mm-100-pz-nipro/,https://acdn-us.mitiendanube.com/stores/001/946/809/products/f99c8997-22ac-4e8b-9782-095aa0820c6f-b96c627e4e826830cf17320802681539-480-0.webp,"Agujas hipodérmicas desechables NIPRO, caja de 100 piezas. Punta biselada, estériles y seguras. Ideales para uso médico y hospitalario."
DIS-AGH-1132,Aguja hipodérmica desechable negro 22 g x 38 mm 100 pz NIPRO,NIPRO,Material de Curación,Jeringas,Agujas Hipodermicas Desechables,Material de Curación > Jeringas > Agujas Hipodermicas Desechables,829,94.01,92.13,91.19,,30.0,42.9,,disponible,0.1,https://www.promexsa.com.mx/productos/aguja-hipodermica-desechable-negro-22g-x-38mm-100-pz-nipro/,https://acdn-us.mitiendanube.com/stores/001/946/809/products/444-bbd8295094358d064117320860852101-480-0.webp,"Agujas hipodérmicas desechables NIPRO, caja de 100 piezas. Punta biselada, estériles y seguras. Ideales para uso médico y hospitalario."
DIS-AGE-1145,"Aguja espinal tipo quincke 22 g x 3/2&quot; 20 pz NIPRO",NIPRO,Áreas y Especialidades,Anestesiología,Agujas y Equipos para Anestesia,Áreas y Especialidades > Anestesiología > Agujas y Equipos para Anestesia,830,904.62,886.53,877.48,,40.0,66.7,,disponible,0.5,https://www.promexsa.com.mx/productos/aguja-espinal-tipo-quinke-22g-x-3-2-20-pz-nipro/,https://acdn-us.mitiendanube.com/stores/001/946/809/products/73-748b133425f299b33817482934750639-480-0.webp,
DIS-AGE-1148,"Aguja espinal tipo quincke 26 g x 3/2&quot; 20 pz NIPRO",NIPRO,Áreas y Especialidades,Anestesiología,Agujas y Equipos para Anestesia,Áreas y Especialidades > Anestesiología > Agujas y Equipos para Anestesia,831,904.62,886.53,877.48,,40.0,66.7,,disponible,0.5,https://www.promexsa.com.mx/productos/aguja-espinal-tipo-quinke-26g-x-3-1-2-20-pz-nipro/,https://acdn-us.mitiendanube.com/stores/001/946/809/products/e21d6a23-b19a-4606-ac57-a97953960336-72c30e464fedd71c4b17320556368784-480-0.webp,
DIS-AGE-1147,"Aguja espinal tipo quincke 25 g x 3/2&quot; 20 pz NIPRO",NIPRO,Áreas y Especialidades,Anestesiología,Agujas y Equipos para Anestesia,Áreas y Especialidades > Anestesiología > Agujas y Equipos para Anestesia,832,904.62,886.53,877.48,,40.0,66.7,,disponible,0.5,https://www.promexsa.com.mx/productos/aguja-espinal-tipo-quinke-25g-x-3-1-2-20-pz-nipro/,https://acdn-us.mitiendanube.com/stores/001/946/809/products/bd1b3832-4cbe-4589-84a0-a9e9ef6596eb-11243bcc9269c0cd7a17320547631107-480-0.webp,
DIS-AGE-1144,"Aguja espinal tipo quincke 21 g x 3/2&quot; 20 pz NIPRO",NIPRO,Áreas y Especialidades,Anestesiología,Agujas y Equipos para Anestesia,Áreas y Especialidades > Anestesiología > Agujas y Equipos para Anestesia,833,904.62,886.53,877.48,,40.0,66.7,,disponible,0.5,https://www.promexsa.com.mx/productos/aguja-espinal-tipo-quinke-21g-x-3-1-2-20-pz-nipro/,https://acdn-us.mitiendanube.com/stores/001/946/809/products/429-fa50ad5ed8ff77790617320550486675-480-0.webp,
PDC-AGH-1088,Masajeador shiatsu 8 cabezales 3d MG151 BEURER,BEURER,Áreas y Especialidades,Tens y Masajeadores,,Áreas y Especialidades > Tens y Masajeadores,834,2409.66,2361.47,2337.37,,40.0,66.7,,disponible,1,https://www.promexsa.com.mx/productos/masajeador-shiatsu-8-cabezales-3d-mg151-beurer/,https://acdn-us.mitiendanube.com/stores/001/946/809/products/45ff106e-ab46-49fb-ba45-94de77db50b8-14ac5d45c3f12b240a17320079486452-480-0.webp,
PDC-AGH-1084,Masajeador y electroestimulador muscular EM49 BEURER,BEURER,Áreas y Especialidades,Tens y Masajeadores,,Áreas y Especialidades > Tens y Masajeadores,835,1734.53,1699.84,1682.49,,40.0,66.7,,disponible,1,https://www.promexsa.com.mx/productos/masajeador-y-electroestimulador-muscular-em49-beurer/,https://acdn-us.mitiendanube.com/stores/001/946/809/products/dca9bc5c-0374-47b6-9a2e-1ff356cc4b8f-de8191089a214bf25917320074711544-480-0.webp,
PDC-AGH-1086,Masajeador de Pies shiatsu FM60 BEURER,BEURER,Áreas y Especialidades,Tens y Masajeadores,,Áreas y Especialidades > Tens y Masajeadores,836,2635.73,2583.02,2556.66,,40.0,66.7,,disponible,1,https://www.promexsa.com.mx/productos/masajeador-de-pies-shiatsu-fm60-beurer/,https://acdn-us.mitiendanube.com/stores/001/946/809/products/76-c67fcabfbefd5840e517483623033020-480-0.webp,
DIS-AGH-1082,Baumanómetro digital de muñeca parlante BC21 BEURER,BEURER,Equipo y Mobiliario,Equipo de Diagnostico y Monitoreo,Baumanometros,Equipo y Mobiliario > Equipo de Diagnostico y Monitoreo > Baumanometros,837,828.68,812.11,803.82,,20.0,25.0,,disponible,1,https://www.promexsa.com.mx/productos/baumanometro-digital-de-muneca-parlante-bc21-beurer/,https://acdn-us.mitiendanube.com/stores/001/946/809/products/78-763d30a1625654356717483624840780-480-0.webp,
DIS-GUD-953,"Guantes de Nitrilo Verde Ambiderm para Exploración / XS, S, M y L / 100 Piezas",AMBIDERM,Accesorios y Suministros Médicos,Guantes,Guantes de Nitrilo,Accesorios y Suministros Médicos > Guantes > Guantes de Nitrilo > Guantes de Nitrilo Verde,838,163.75,160.47,158.84,,28.0,38.9,,disponible,1,https://www.promexsa.com.mx/productos/guantes-nitrilo-verde-ambiderm/,https://acdn-us.mitiendanube.com/stores/001/946/809/products/guante-de-nitrilo-verde-s-ambiderm-100-piezas-09ed750c3d25b6d3e717846080128951-480-0.webp,"Compra Guantes de Nitrilo Verde Ambiderm libres de polvo. Ideales para hospitales, clínicas, quirófanos y exploración médica. Disponibles en tallas XS, S, M y L."
DIS-AGH-1137,Aguja hipodérmica desechable amarillo 20 g x 38 mm 100 pz NIPRO,NIPRO,Material de Curación,Jeringas,Agujas Hipodermicas Desechables,Material de Curación > Jeringas > Agujas Hipodermicas Desechables,839,97.56,95.61,94.63,,30.0,42.9,,disponible,0.1,https://www.promexsa.com.mx/productos/aguja-hipodermica-desechable-amarillo-20g-x-38mm-100-pz-nipro/,https://acdn-us.mitiendanube.com/stores/001/946/809/products/442-3b5d498c8bc1e1fcd017320861904912-480-0.webp,
DIS-AGH-1134,Aguja hipodérmica desechable azul 23 g x 32 mm 100 pz NIPRO,NIPRO,Material de Curación,Jeringas,Agujas Hipodermicas Desechables,Material de Curación > Jeringas > Agujas Hipodermicas Desechables,840,94.01,92.13,91.19,,30.0,42.9,,disponible,0.1,https://www.promexsa.com.mx/productos/aguja-hipodermica-desechable-azul-23g-x-32mm-100-pz-nipro/,https://acdn-us.mitiendanube.com/stores/001/946/809/products/443-315f741a84ccb7655317320862227223-480-0.webp,
DIS-AGE-1146,"Aguja espinal tipo quincke 23 g x 3/2&quot; 20 pz NIPRO",NIPRO,Áreas y Especialidades,Anestesiología,Agujas y Equipos para Anestesia,Áreas y Especialidades > Anestesiología > Agujas y Equipos para Anestesia,841,904.62,886.53,877.48,,40.0,66.7,,disponible,0.5,https://www.promexsa.com.mx/productos/aguja-espinal-tipo-quinke-23g-x-3-1-2-20-pz-nipro/,https://acdn-us.mitiendanube.com/stores/001/946/809/products/a32373a3-2c83-4d15-82ba-d89ca4911a7b-0fc379f148521b7fce17316380100482-480-0.webp,
DIS-AGE-1143,"Aguja espinal tipo quincke 20 g x 3/2&quot; 20 pz NIPRO",NIPRO,Áreas y Especialidades,Anestesiología,Agujas y Equipos para Anestesia,Áreas y Especialidades > Anestesiología > Agujas y Equipos para Anestesia,842,904.62,886.53,877.48,,40.0,66.7,,disponible,0.5,https://www.promexsa.com.mx/productos/aguja-espinal-tipo-quinke-20g-x-3-1-2-20-pz-nipro/,https://acdn-us.mitiendanube.com/stores/001/946/809/products/0d8f5cf0-15f4-4eaa-96fb-53b1a4df6eeb-de304cf7030286fab017316375074313-480-0.webp,
DIS-AGH-1065,Unidad de electrocirugía de alta frecuencia veterinario 150 w VET2S DELTRONIX,DELTRONIX,Equipo y Mobiliario,Electrocirugia2,,Equipo y Mobiliario > Electrocirugia2,843,40694.61,39880.72,39473.77,,13.0,14.9,,disponible,1,https://www.promexsa.com.mx/productos/unidad-de-electrocirugia-de-alta-frecuencia-veterinario-150-w-vet2s-deltronix/,https://acdn-us.mitiendanube.com/stores/001/946/809/products/62145475-d8d5-4059-b37c-f4fa22bacee5-ffada0f8a3771e1ffa17314801880318-480-0.webp,
DIS-AGH-1066,Unidad de electrocirugía veterinaria 150 w VET 2SB DELTRONIX,DELTRONIX,Equipo y Mobiliario,Electrocirugia2,,Equipo y Mobiliario > Electrocirugia2,844,71966.83,70527.49,69807.83,,13.0,14.9,,disponible,12,https://www.promexsa.com.mx/productos/unidad-de-electrocirugia-veterinaria-150-w-vet-2sb-deltronix/,https://acdn-us.mitiendanube.com/stores/001/946/809/products/d908f9b6-c0da-438b-91e4-695ccef7612f-4aad4afd65aba9c34517314797185531-480-0.webp,
DIS-AGH-1064,Unidad de electrocirugía 200 w b1800++ DELTRONIX,DELTRONIX,Equipo y Mobiliario,Electrocirugia2,,Equipo y Mobiliario > Electrocirugia2,845,98800.69,96824.68,95836.67,,13.0,14.9,,disponible,1,https://www.promexsa.com.mx/productos/unidad-de-electrocirugia-200-w-b1800-deltronix/,https://acdn-us.mitiendanube.com/stores/001/946/809/products/329-dc215d8dcc2b12069817314790641017-480-0.webp,
DIS-AGH-1062,Unidad de electrocirugía 100 w b1600+ DELTRONIX,DELTRONIX,Equipo y Mobiliario,Electrocirugia2,,Equipo y Mobiliario > Electrocirugia2,846,70596.31,69184.38,68478.42,,13.0,14.9,,disponible,1,https://www.promexsa.com.mx/productos/unidad-de-electrocirugia-100-w-b1600-deltronix/,https://acdn-us.mitiendanube.com/stores/001/946/809/products/0aa6a433-47b3-4dd2-a68d-0846aa95b555-b9436633da9ac1669d17314782978815-480-0.webp,
DIS-AGH-1056,Aspirador para liposuccion 98 lts x min YX980D HERGOM,HERGOM,Equipo Quirúrgico,Aspiración,Aspiradores,Equipo Quirúrgico > Aspiración > Aspiradores,847,31530.03,30899.43,30584.13,,13.0,14.9,,disponible,1,https://www.promexsa.com.mx/productos/aspirador-para-liposuccion-98-lts-x-min-yx980d-hergom/,https://acdn-us.mitiendanube.com/stores/001/946/809/products/103-b60b4dd5e883945e6e17594469632950-480-0.webp,
DIS-AGH-1077,Pluma disparadora sin lanceta pdsl MERCY,MERCY,Equipo y Mobiliario,Equipo de Diagnostico y Monitoreo,Lancetas y Disparadores,Equipo y Mobiliario > Equipo de Diagnostico y Monitoreo > Lancetas y Disparadores,848,,,,,20.0,25.0,,disponible,1,https://www.promexsa.com.mx/productos/pluma-disparadora-sin-lanceta-pdsl-mercy/,https://acdn-us.mitiendanube.com/stores/001/946/809/products/33e80d64-fac9-46aa-8cbb-36b4d55f30ad-2afc07c40a9cab4d6417314773432821-480-0.webp,
DIS-AGH-1055,Frasco para aspirador portatil 7e-a 7A-200 HERGOM,HERGOM,Equipo Quirúrgico,Aspiración,Frascos para Aspirador,Equipo Quirúrgico > Aspiración > Frascos para Aspirador,849,567.58,556.23,550.55,,38.0,61.3,,disponible,1,https://www.promexsa.com.mx/productos/frasco-para-aspirador-portatil-7e-a-7a-200-hergom/,https://acdn-us.mitiendanube.com/stores/001/946/809/products/8f0c374d-a41b-4c43-9ed8-47890d398d53-af3830253278bafede17314740605444-480-0.webp,
DIS-AGH-1061,Frasco para aspirador de liposuccion (yx980d) YX-20 2000 ml HERGOM,HERGOM,Equipo Quirúrgico,Aspiración,Frascos para Aspirador,Equipo Quirúrgico > Aspiración > Frascos para Aspirador,850,1112.03,1089.79,1078.67,,38.0,61.3,,disponible,1,https://www.promexsa.com.mx/productos/frasco-para-aspirador-de-liposuccion-yx980d-yx-20-2000-ml-hergom/,https://acdn-us.mitiendanube.com/stores/001/946/809/products/3c5775ac-40b6-4c6a-8a74-5a273cb8f994-8714e2f23548d885fd17314718741460-480-0.webp,
DIS-AGH-1060,Frasco para aspirador de liposuccion (yx980d) YX-10 4000 ml HERGOM,HERGOM,Equipo Quirúrgico,Aspiración,Frascos para Aspirador,Equipo Quirúrgico > Aspiración > Frascos para Aspirador,851,2018.05,1977.69,1957.51,,38.0,61.3,,disponible,1,https://www.promexsa.com.mx/productos/frasco-para-aspirador-de-liposuccion-yx980d-yx-10-4000-ml-hergom/,https://acdn-us.mitiendanube.com/stores/001/946/809/products/fb703e6c-6485-40e8-99b4-87923531f816-2ee9e3b777b06ca35417314713078937-480-0.webp,
DIS-AGH-1057,Filtro para aspirador de liposuccion YX980D 7A-101 HERGOM,HERGOM,Equipo Quirúrgico,Aspiración,Filtros para Aspirador,Equipo Quirúrgico > Aspiración > Filtros para Aspirador,852,166.06,162.74,161.08,,38.0,61.3,,disponible,1,https://www.promexsa.com.mx/productos/filtro-para-aspirador-de-liposuccion-yx980d-7a-101-hergom/,https://acdn-us.mitiendanube.com/stores/001/946/809/products/9f5ae0b6-2eaf-452b-abc3-6028dde8c2d8-4a6b2fe675fcb7c86817314710596437-480-0.webp,"Filtro de repuesto para aspirador de liposucción HERGOM YX980D, modelo 7A-101. Alta eficiencia en filtrado de fluidos y partículas."
DIS-AGH-1052,Filtro para aspirador 7e-a 7A-100 HERGOM,HERGOM,Equipo Quirúrgico,Aspiración,Filtros para Aspirador,Equipo Quirúrgico > Aspiración > Filtros para Aspirador,853,166.06,162.74,161.08,,38.0,61.3,,disponible,1,https://www.promexsa.com.mx/productos/filtro-para-aspirador-7e-a-7a-100-hergom/,https://acdn-us.mitiendanube.com/stores/001/946/809/products/5352548d-27c7-4ea2-9a9b-0b5652827f5f-5e7641dbed6f5d72aa17314707573783-480-0.webp,Filtro para aspiradores quirúrgicos HERGOM 7E-A y 7A-100. Protege el motor y previene contaminación cruzada. Uso médico.
DIS-AGH-1047,Bolsa desechable para el aspirador 7a-23a HERGOM,HERGOM,Equipo Quirúrgico,Aspiración,Bolsas para Aspirador,Equipo Quirúrgico > Aspiración > Bolsas para Aspirador,854,106.46,104.33,103.27,,38.0,61.3,,disponible,1,https://www.promexsa.com.mx/productos/bolsa-desechable-para-el-aspirador-7a-23a-hergom/,https://acdn-us.mitiendanube.com/stores/001/946/809/products/585bb1cb-7cfd-485a-962b-995eb77603c8-3c9abf5cdbda08e21617314704519535-480-0.webp,"Compatible con el aspirador quirúrgico HERGOM 7A-23A. Facilita el manejo de fluidos. Desechable, higiénica y de instalación rápida."
ORT-AGH-1103,Silla de ruedas eléctrica S500 HANDY,HANDY,Cuidado Personal,Auxiliares de Movilidad,Sillas de Rueda,Cuidado Personal > Auxiliares de Movilidad > Sillas de Rueda,855,14474.81,14185.31,14040.57,,13.0,14.9,,disponible,1,https://www.promexsa.com.mx/productos/silla-de-ruedas-electrica-s500-handy/,https://acdn-us.mitiendanube.com/stores/001/946/809/products/7e972fdd-fe46-4001-8562-718974e8e818-f0069be4b6d93cc56317314536375838-480-0.webp,
ORT-AGH-1093,Muletas canadienses abiertas MLTC HANDY,HANDY,Cuidado Personal,Auxiliares de Movilidad,Muletas,Cuidado Personal > Auxiliares de Movilidad > Muletas,856,451.6,442.57,438.05,,45.0,81.8,,disponible,1,https://www.promexsa.com.mx/productos/muletas-canadienses-abiertas-mltc-handy/,https://acdn-us.mitiendanube.com/stores/001/946/809/products/a54dc8f0-7335-4c11-882d-7504d30456de-cc47a18ee8cc92bea017314516747766-480-0.webp,
DIS-AGH-1111,Concentrador de óxigeno portátil OLV-B1 HANDY,HANDY,Áreas y Especialidades,Inhaloterapia,Concentradores de Oxígeno,Áreas y Especialidades > Inhaloterapia > Concentradores de Oxígeno,857,12636.39,12383.66,12257.3,,13.0,14.9,,disponible,1,https://www.promexsa.com.mx/productos/concentrador-de-oxigeno-portatil-olv-b1-handy/,https://acdn-us.mitiendanube.com/stores/001/946/809/products/b477fd92-0bb2-450f-951a-9fe21e31ada1-1928d7bbb754f6bb2317314504169692-480-0.webp,
ORT-AGH-1101,Silla de ruedas básica S100B HANDY,HANDY,Cuidado Personal,Auxiliares de Movilidad,Sillas de Rueda,Cuidado Personal > Auxiliares de Movilidad > Sillas de Rueda,858,1912.56,1874.31,1855.18,,45.0,81.8,,disponible,1,https://www.promexsa.com.mx/productos/silla-de-ruedas-basica-s100b-handy/,https://acdn-us.mitiendanube.com/stores/001/946/809/products/c66ec2e0-4bb1-41a2-a41a-9f22a7940160-c4f5ff148c969abe0217314083184192-480-0.webp,
DIS-AGH-1105,Grua hidráulica para elevación de pacientes manual HGY106 HANDY,HANDY,Cuidado Personal,Auxiliares de Movilidad,Artículos para Movilizacion,Cuidado Personal > Auxiliares de Movilidad > Artículos para Movilizacion,859,16200.12,15876.12,15714.12,,13.0,14.9,,disponible,1,https://www.promexsa.com.mx/productos/grua-hidraulica-para-elevacion-de-pacientes-manual-hgy106-handy/,https://acdn-us.mitiendanube.com/stores/001/946/809/products/0cce2670-e8d8-47f5-8c64-e08288ab5aae-15c4c3ea7e95a10f3e17313998075869-480-0.webp,
DIS-AGH-1110,Concentrador de óxigeno OLV10F HANDY,HANDY,Áreas y Especialidades,Inhaloterapia,Concentradores de Oxígeno,Áreas y Especialidades > Inhaloterapia > Concentradores de Oxígeno,860,27802.09,27246.05,26968.03,,13.0,14.9,,disponible,1,https://www.promexsa.com.mx/productos/concentrador-de-oxigeno-olv-10-handy/,https://acdn-us.mitiendanube.com/stores/001/946/809/products/5d13c8ef-ee18-415d-b0e6-26a2422f210e-3dcc648475faa1635617313988499517-480-0.webp,
DIS-AGH-1104,Cama hospiatalaria eletrica 2 posiciones C3220-2 HANDY,HANDY,Equipo y Mobiliario,Mobiliario,Camas,Equipo y Mobiliario > Mobiliario > Camas,861,19587.06,19195.32,18999.45,,13.0,14.9,,disponible,1,https://www.promexsa.com.mx/productos/cama-hospitalaria-electrica-2-posiciones-c3220-2-handy/,https://acdn-us.mitiendanube.com/stores/001/946/809/products/b23f88f4-7d4d-4c20-aa80-d1b0a0ba4159-9f6dfccf0926cddd7517313978143729-480-0.webp,
PDC-AGH-1089,Báscula mecánica de superficie antideslizante MS50 BEURER,BEURER,Equipo y Mobiliario,Equipo de Diagnostico y Monitoreo,Bascula,Equipo y Mobiliario > Equipo de Diagnostico y Monitoreo > Bascula,862,1427.26,1398.71,1384.44,,20.0,25.0,,disponible,1,https://www.promexsa.com.mx/productos/bascula-mecanica-de-superficie-antideslizante-ms50-beurer/,https://acdn-us.mitiendanube.com/stores/001/946/809/products/68fdb0a8-cc87-48da-b01b-4c87bcccb790-c9e09f444206e2fbc117313974499760-480-0.webp,
DIS-AGH-1046,Aspirador eléctrico de succión 7a-23a HERGOM,HERGOM,Equipo Quirúrgico,Aspiración,Aspiradores,Equipo Quirúrgico > Aspiración > Aspiradores,863,10704.45,10490.36,10383.32,,13.0,14.9,,disponible,1,https://www.promexsa.com.mx/productos/aspirador-electrico-de-succion-7a-23a-hergom/,https://acdn-us.mitiendanube.com/stores/001/946/809/products/1976b8b1-84b6-4f07-a4be-c5592bcf8524-72efe2a8cd7fbb14b317313947300437-480-0.webp,
PDC-AGH-1087,Asiento relajante de masaje shiatsu para espalda MG206 BEURER,BEURER,Áreas y Especialidades,Tens y Masajeadores,,Áreas y Especialidades > Tens y Masajeadores,864,2789.24,2733.46,2705.56,,40.0,66.7,,disponible,1,https://www.promexsa.com.mx/productos/asiento-relajante-de-masaje-shiatsu-para-espalda-mg206-beurer/,https://acdn-us.mitiendanube.com/stores/001/946/809/products/2a9e87d0-26fe-46ad-aba5-7104b2b2af9b-cc50f557b8910cd80a17313940304248-480-0.webp,
ORT-AGH-1096,Andadera plegable híbrida con asientos negra AN08 HANDY,HANDY,Cuidado Personal,Auxiliares de Movilidad,Andaderas,Cuidado Personal > Auxiliares de Movilidad > Andaderas,865,3873.99,3796.51,3757.77,,18.0,22.0,,disponible,1,https://www.promexsa.com.mx/productos/andadera-plegable-hibrida-con-asientos-negra-an08-handy/,https://acdn-us.mitiendanube.com/stores/001/946/809/products/abeb10ab-e9d2-4b3d-82b3-c87f8072b5f2-673686d700ffd6b99e17313935798667-480-0.webp,
ORT-AGH-1097,Andadera plegable híbrida con asientos azul AN08A HANDY,HANDY,Cuidado Personal,Auxiliares de Movilidad,Andaderas,Cuidado Personal > Auxiliares de Movilidad > Andaderas,866,3873.99,3796.51,3757.77,,18.0,22.0,,disponible,1,https://www.promexsa.com.mx/productos/andadera-plegable-hibrida-con-asientos-azul-an08a-handy/,https://acdn-us.mitiendanube.com/stores/001/946/809/products/98e5a209-e685-4e50-97ad-180029faf524-b8ae26b6537116ca5617313935668378-480-0.webp,
ORT-AGH-1094,Andadera plegable con asiento gris AN01 HANDY,HANDY,Cuidado Personal,Auxiliares de Movilidad,Andaderas,Cuidado Personal > Auxiliares de Movilidad > Andaderas,867,3031.45,2970.82,2940.51,,18.0,22.0,,disponible,1,https://www.promexsa.com.mx/productos/andadera-plegable-con-asiento-gris-an01-handy/,https://acdn-us.mitiendanube.com/stores/001/946/809/products/f14c7cda-fe74-4f2e-b88a-e56cf3f278e3-47722f0e21a450cb9a17313927377321-480-0.webp,
ORT-AGH-1095,Andadera plegable con asiento azul AN01A HANDY,HANDY,Cuidado Personal,Auxiliares de Movilidad,Andaderas,Cuidado Personal > Auxiliares de Movilidad > Andaderas,868,3031.45,2970.82,2940.51,,18.0,22.0,,disponible,1,https://www.promexsa.com.mx/productos/andadera-plegable-con-asiento-azul-an01a-handy/,https://acdn-us.mitiendanube.com/stores/001/946/809/products/3b9d636b-1de0-4dbd-af79-bb0798f29316-0f580e42e74ab549d717313926718420-480-0.webp,
ORT-AGH-1098,Andadera paso a paso AN10G gris HANDY,HANDY,Cuidado Personal,Auxiliares de Movilidad,Andaderas,Cuidado Personal > Auxiliares de Movilidad > Andaderas,869,2884.85,2827.15,2798.3,,45.0,81.8,,disponible,1,https://www.promexsa.com.mx/productos/andadera-paso-a-paso-an10g-gris-handy/,https://acdn-us.mitiendanube.com/stores/001/946/809/products/28cb4079-58db-46a6-9ac8-e7d3e5c60d52-27ba0d00ae20fad87517313922208555-480-0.webp,
ORT-AGH-1099,Andadera paso a paso AN10A azul HANDY,HANDY,Cuidado Personal,Auxiliares de Movilidad,Andaderas,Cuidado Personal > Auxiliares de Movilidad > Andaderas,870,2778.69,2723.12,2695.33,,45.0,81.8,,disponible,1,https://www.promexsa.com.mx/productos/andadera-paso-a-paso-an10g-azul-handy/,https://acdn-us.mitiendanube.com/stores/001/946/809/products/008f9820-4310-47e9-9a45-2c7098243c20-bd1fbb77335927787e17313921634073-480-0.webp,
DIS-AGH-1112,Adaptador para humificador WSMTUBO HANDY,HANDY,Equipo Quirúrgico,Aspiración,Aspiradores,Equipo Quirúrgico > Aspiración > Aspiradores,871,87.14,85.4,84.53,,38.0,61.3,,disponible,1,https://www.promexsa.com.mx/productos/adaptador-para-humificador-wsmtubo-handy/,https://acdn-us.mitiendanube.com/stores/001/946/809/products/45d503af-4860-4142-b4fc-e01ea08ae6b8-92a6a311662023201d17313909616196-480-0.webp,Adaptador compatible con humificadores WSMTUBO Handy. Ideal para conexión segura de tubos a dispositivos de terapia respiratoria.
DIS-IOE-847,Iodopovidona Espuma 3.5 JALOMA,JALOMA,Accesorios y Suministros Médicos,Sueros E Hidratantes,Antisépticos y Germicidas,Accesorios y Suministros Médicos > Sueros E Hidratantes > Antisépticos y Germicidas,872,724.42,709.93,702.69,,28.0,38.9,,disponible,1,https://www.promexsa.com.mx/productos/iodopovidona-espuma-3-5-jaloma/,https://acdn-us.mitiendanube.com/stores/001/946/809/products/8386fd4e-0d22-462e-ba49-c0bde88bf545-af517d13cdb2d86ddd17285454946540-480-0.webp,
PDC-GEH-853,Gel hidratante con pepino + ácido hialurónico 120 ml JALOMA,JALOMA,Cuidado Personal,Artículos Cosméticos,,Cuidado Personal > Artículos Cosméticos,873,51.27,50.24,49.73,,45.0,81.8,,disponible,0.14,https://www.promexsa.com.mx/productos/gel-hidratante-con-pepino-acido-hialuronico-120ml-jaloma/,https://acdn-us.mitiendanube.com/stores/001/946/809/products/130ecd2f-a5ff-4045-b9ee-b6a60f355d5e-319feb705b0aab066517285453461489-480-0.webp,
PDC-DUP-857,Duo Pack Agua cosmética de rosas + Arroz 250 ml JALOMA,JALOMA,Cuidado Personal,Artículos Cosméticos,,Cuidado Personal > Artículos Cosméticos,874,78.36,76.79,76.01,,45.0,81.8,,disponible,0.56,https://www.promexsa.com.mx/productos/duo-pack-agua-cosmetica-de-rosas-arroz-250ml-jaloma/,https://acdn-us.mitiendanube.com/stores/001/946/809/products/e7cc28ba-a476-4986-bf7b-f424a86eab74-f7c56af6740601a00517285447811513-480-0.webp,
DIS-BOJ-860,Botiquín JALOMA,JALOMA,Material de Curación,Botiquines,,Material de Curación > Botiquines,875,165.81,162.49,160.84,,30.0,42.9,,disponible,0.54,https://www.promexsa.com.mx/productos/botiquin-jaloma/,https://acdn-us.mitiendanube.com/stores/001/946/809/products/21-6c0e2f6f78789ee88e17592458160204-480-0.webp,"Contiene insumos básicos para emergencias leves. Marca JALOMA, confiable en cuidado personal. Incluye vendajes, alcohol, algodón, entre otros."
PDC-BID-859,Bicarbonato de Sodio caja 200 gr. JALOMA,JALOMA,Cuidado Personal,Higiene Femenina,,Cuidado Personal > Higiene Femenina,876,19.77,19.37,19.18,,45.0,81.8,,disponible,0.2,https://www.promexsa.com.mx/productos/bicarbonato-de-sodio-caja-200-gr-jaloma/,https://acdn-us.mitiendanube.com/stores/001/946/809/products/537351c5-b223-48cb-afb8-a2ddd4211392-5837f23085349f5f3b17285419465274-480-0.webp,
PDC-BID-858,Bicarbonato de Sodio caja 100 gr. JALOMA,JALOMA,Cuidado Personal,Higiene Femenina,,Cuidado Personal > Higiene Femenina,877,147.51,144.56,143.08,,45.0,81.8,,disponible,0.1,https://www.promexsa.com.mx/productos/bicarbonato-de-sodio-caja-100-gr-jaloma/,https://acdn-us.mitiendanube.com/stores/001/946/809/products/17ae50f2-9b3a-4b60-9a10-1a9ab9da8e9a-193ea3d31f7385b5d517285418142177-480-0.webp,
PDC-ALF-852,Algodón facial tubo 30 pz JALOMA,JALOMA,Cuidado Personal,Artículos Cosméticos,Pads y Algodón,Cuidado Personal > Artículos Cosméticos > Pads y Algodón,878,14.12,13.84,13.7,,45.0,81.8,,disponible,0.1,https://www.promexsa.com.mx/productos/algodon-facial-tubo-c-30-piezas-jaloma/,https://acdn-us.mitiendanube.com/stores/001/946/809/products/4382b54b-2c21-4452-9354-c3381427b98a-b260690873d7b7f1cd17283787876269-480-0.webp,Algodón Facial Tubo c/30 piezas JALOMA
PDC-AGD-854,Agua de rosas 250 ml JALOMA,JALOMA,Cuidado Personal,Artículos Cosméticos,,Cuidado Personal > Artículos Cosméticos,879,42.58,41.73,41.3,,45.0,81.8,,disponible,0.28,https://www.promexsa.com.mx/productos/agua-de-rosas-250ml-jaloma/,https://acdn-us.mitiendanube.com/stores/001/946/809/products/b693e3c0-153f-416f-90fa-b775be4e345c-bb6f847f43d3e5b35817283782871409-480-0.webp,
PDC-AGD-855,Agua de lavanda 250 ml JALOMA,JALOMA,Cuidado Personal,Artículos Cosméticos,,Cuidado Personal > Artículos Cosméticos,880,42.58,41.73,41.3,,45.0,81.8,,disponible,1.06,https://www.promexsa.com.mx/productos/agua-de-lavanda-250ml-jaloma/,https://acdn-us.mitiendanube.com/stores/001/946/809/products/a40893df-b360-4deb-9874-4074100ef67a-c9c039b76ff90477a817283782024724-480-0.webp,
PDC-AGD-856,Agua de arroz 250 ml JALOMA,JALOMA,Cuidado Personal,Artículos Cosméticos,,Cuidado Personal > Artículos Cosméticos,881,42.58,41.73,41.3,,45.0,81.8,,disponible,0.28,https://www.promexsa.com.mx/productos/agua-de-arroz-250ml-jaloma/,https://acdn-us.mitiendanube.com/stores/001/946/809/products/e34fec86-1558-46e1-9895-32bb66bf9c72-212b4e318ec5250e7917283780870222-480-0.webp,
PDC-POD-595,Pomada de manzana 1 kg DROTASA,DROTASA,Cuidado Personal,Artículos Cosméticos,,Cuidado Personal > Artículos Cosméticos,882,297.99,292.03,289.05,,45.0,81.8,,disponible,1,https://www.promexsa.com.mx/productos/pomada-de-manzana-1-kg-drotasa/,https://acdn-us.mitiendanube.com/stores/001/946/809/products/afe22433-30cc-4e37-ba82-f399af3f6f2a-2e5afcb1158a81deca17236282261850-480-0.webp,
DRU-POD-596,Pomada de árnica 100 g DROTASA,DROTASA,Cuidado Personal,Artículos Cosméticos,,Cuidado Personal > Artículos Cosméticos,883,40.8,39.98,39.58,,45.0,81.8,,disponible,1,https://www.promexsa.com.mx/productos/pomada-de-arnica-100-g-drotasa/,https://acdn-us.mitiendanube.com/stores/001/946/809/products/7d52ebfa-0735-4ae3-803a-d7103b6e9056-bc24d3c8b74d97990c17236280217062-480-0.webp,
DIS-JED-563,Jeringa de 10 ml verde 21 g x 32 mm 100 pz BD,BD,Material de Curación,Jeringas,Jeringas Desechables,Material de Curación > Jeringas > Jeringas Desechables,884,931.23,912.61,903.29,,30.0,42.9,,disponible,1,https://www.promexsa.com.mx/productos/jeringa-10ml-21g-x32mm100-pz-bd/,https://acdn-us.mitiendanube.com/stores/001/946/809/products/8a8f26ef-ee4f-41b8-8347-bb60b65b23ce-7cb98d22747335807717236272521048-480-0.webp,Jeringa 10ml 21g x32mm100 pz BD
DIS-KIB-671,Kit baumanometro con estetoscopio Gris DUPLEX,DUPLEX,Equipo y Mobiliario,Equipo de Diagnostico y Monitoreo,Baumanometros,Equipo y Mobiliario > Equipo de Diagnostico y Monitoreo > Baumanometros,885,416.83,408.49,404.33,,20.0,25.0,,disponible,1,https://www.promexsa.com.mx/productos/kit-baumanometro-con-estetoscopio-gris-duplex/,https://acdn-us.mitiendanube.com/stores/001/946/809/products/166-c8d16840ad6cdb5ad417489849741748-480-0.webp,
PDC-GUN-29,Guantes nylon con nitrilo en palma t9 negro con 12 pr 51-811 DERMA CARE,DERMA CARE,Sin Categoría,,,Sin Categoría,886,290.13,284.33,281.43,,33.0,49.3,,disponible,0.52,https://www.promexsa.com.mx/productos/guante-nylon-con-nitrilo-en-palma-t9-negro-con-12-pr-derma-care/,https://acdn-us.mitiendanube.com/stores/001/946/809/products/de04621c-0fdb-410f-b8a8-258d0c57781a-e755087b9384dbff0317236270510688-480-0.webp,Guante nylon con nitrilo en palma t9 negro con 12 pr DERMA CARE
DIS-GUD-835,Guantes de vinilo light libre de polvo AMBIDERM / Talla S 100 piezas,AMBIDERM,Accesorios y Suministros Médicos,Guantes,Guantes de Vinyl,Accesorios y Suministros Médicos > Guantes > Guantes de Vinyl,887,88.81,87.03,86.15,,28.0,38.9,,disponible,0.5,https://www.promexsa.com.mx/productos/guante-de-vinyl-light-libre-de-polvo-ch-100-pz-ambiderm/,https://acdn-us.mitiendanube.com/stores/001/946/809/products/0d8d3e17-67db-4cf1-9224-c982e6646e8b-42facdfa248a471a8b17236261898241-480-0.webp,"Guantes de vinilo Ambiderm talla S, recomendados para tareas de bajo riesgo y atención diaria en clínicas. Disponible para abastecimiento profesional y reposición rápida."
DIS-GUD-823,Guantes de vinilo azul libre de polvo FLEX / Talla XS 100 piezas,FLEX,Accesorios y Suministros Médicos,Guantes,Guantes de Vinyl,Accesorios y Suministros Médicos > Guantes > Guantes de Vinyl,888,119.23,116.85,115.65,,28.0,38.9,,disponible,1,https://www.promexsa.com.mx/productos/guante-de-vinyl-libre-de-polvo-azul-xch-100-pz-flex/,https://acdn-us.mitiendanube.com/stores/001/946/809/products/41d809e0-ced5-427d-94cc-80305fe0c03e-7c67bd155adb9e613a17236259576540-480-0.webp,"Alternativa práctica para abastecer áreas médicas, laboratorios o procesos de higiene con producto libre de polvo. Opción práctica para surtir inventario médico sin interrupciones."
DIS-COS-745,Conector sims delgado de plástico no estérill MERKAMED,MERKAMED,Áreas y Especialidades,Inhaloterapia,Conectores para Oxígeno,Áreas y Especialidades > Inhaloterapia > Conectores para Oxígeno,889,6.92,6.78,6.71,,40.0,66.7,,disponible,0.01,https://www.promexsa.com.mx/productos/conector-sims-delgado-merkamed/,https://acdn-us.mitiendanube.com/stores/001/946/809/products/5d75555c-640e-489a-ab5d-5d84f6afbd16-3d9f0d72064d4a8e9917236252174293-480-0.webp,Conector Sims delgado MERKAMED
DIS-COG-87,Conector sims grueso de plástico no estéril MERKAMED,MERKAMED,Áreas y Especialidades,Inhaloterapia,Conectores para Oxígeno,Áreas y Especialidades > Inhaloterapia > Conectores para Oxígeno,890,6.92,6.78,6.71,,40.0,66.7,,disponible,0.01,https://www.promexsa.com.mx/productos/conector-sims-grueso-merka-med/,https://acdn-us.mitiendanube.com/stores/001/946/809/products/860a4c91-967b-40a2-9b7e-8077de4dc4a4-b7da8bd25ab03d795917236249259840-480-0.webp,Conector sims grueso MERKA MED
DIS-CÁN-741,Cánula nasal para óxigeno pediátrica 2 mm x 1.80 m MERKAMED,MERKAMED,Áreas y Especialidades,Inhaloterapia,,Áreas y Especialidades > Inhaloterapia,891,25.36,24.85,24.6,,40.0,66.7,,disponible,0.04,https://www.promexsa.com.mx/productos/canula-nasal-pediatrica-2-mm-x-1-80-m-merka-med/,https://acdn-us.mitiendanube.com/stores/001/946/809/products/26292160-bb60-4146-812b-b2cce8ec2e8f-679a1ff34b6841c28d17236225022047-480-0.webp,Cánula nasal pediátrica 2 mm x 1.80 m MERKA MED
ORT-BAS-696,Bastón silicón premium plata DY05933L MOBICARE,MOBICARE,Cuidado Personal,Auxiliares de Movilidad,Artículos para Movilizacion,Cuidado Personal > Auxiliares de Movilidad > Artículos para Movilizacion,892,626.14,613.62,607.36,,45.0,81.8,,disponible,1,https://www.promexsa.com.mx/productos/baston-silicon-premium-oro-mobicare/,https://acdn-us.mitiendanube.com/stores/001/946/809/products/cce7bbee-9220-4e56-9de1-a31b6840a0c0-b9d745755cac012a0517236218058631-480-0.webp,Bastón silicon premium oro MOBICARE
DIS-AGE-825,Aguja espinal withacre 25 X 3 1/2 BD,BD,Áreas y Especialidades,Anestesiología,Agujas y Equipos para Anestesia,Áreas y Especialidades > Anestesiología > Agujas y Equipos para Anestesia,893,341.1,334.28,330.87,,40.0,66.7,,disponible,0.5,https://www.promexsa.com.mx/productos/aguja-espinal-withacre-25-x-3-1-2-bd/,https://acdn-us.mitiendanube.com/stores/001/946/809/products/36659ac0-3016-4ba5-86ed-4ccba3d874a8-6f2418225dc60f1cd317236212486889-480-0.webp,
DIS-SON-456,Sonda nelaton de pvc 40 cm 20 fr VISA,VISA,Áreas y Especialidades,Urología,Sondas Urologicas,Áreas y Especialidades > Urología > Sondas Urologicas,894,15.05,14.75,14.6,,40.0,66.7,,disponible,1,https://www.promexsa.com.mx/productos/sonda-nelaton-de-pvc-40-cm-20-fr-visa/,https://acdn-us.mitiendanube.com/stores/001/946/809/products/2f4d77ca-7786-4c62-98c2-dd25df7c6cc1-7fb7b0761d915e444417162776721710-480-0.webp,
DIS-SON-455,Sonda nelaton de pvc 40 cm 18 fr VISA,VISA,Áreas y Especialidades,Urología,Sondas Urologicas,Áreas y Especialidades > Urología > Sondas Urologicas,895,12.87,12.61,12.48,,40.0,66.7,,disponible,1,https://www.promexsa.com.mx/productos/sonda-nelaton-de-pvc-40-cm-18-fr-visa/,https://acdn-us.mitiendanube.com/stores/001/946/809/products/2c65694d-3506-4341-962a-8193259f4ab0-c0ea38386514d918dc17162775527149-480-0.webp,
DIS-SON-454,Sonda nelaton de pvc 40 cm 16 fr VISA,VISA,Áreas y Especialidades,Urología,Sondas Urologicas,Áreas y Especialidades > Urología > Sondas Urologicas,896,12.51,12.26,12.13,,40.0,66.7,,disponible,1,https://www.promexsa.com.mx/productos/sonda-nelaton-de-pvc-40-cm-16-fr-visa/,https://acdn-us.mitiendanube.com/stores/001/946/809/products/30812175-a821-404e-8fb9-cb88d2d701b6-69e96de233d6110b0d17162775379790-480-0.webp,
DIS-SON-453,Sonda nelaton de pvc 40 cm 14 fr VISA,VISA,Áreas y Especialidades,Urología,Sondas Urologicas,Áreas y Especialidades > Urología > Sondas Urologicas,897,12.15,11.91,11.79,,40.0,66.7,,disponible,1,https://www.promexsa.com.mx/productos/sonda-nelaton-de-pvc-40-cm-14-fr-visa/,https://acdn-us.mitiendanube.com/stores/001/946/809/products/d36f1ec4-0307-44f4-b8d1-63da59a33e3e-c80e1eced450cdec8c17162775279840-480-0.webp,
DIS-SON-452,Sonda nelaton de pvc 40 cm 12 fr VISA,VISA,Áreas y Especialidades,Urología,Sondas Urologicas,Áreas y Especialidades > Urología > Sondas Urologicas,898,11.78,11.54,11.43,,40.0,66.7,,disponible,1,https://www.promexsa.com.mx/productos/sonda-nelaton-de-pvc-40-cm-12-fr-visa/,https://acdn-us.mitiendanube.com/stores/001/946/809/products/fdebb16c-b2c8-4eea-9125-7dafd550a706-c86a8244393f149f7317162775173211-480-0.webp,
DIS-SON-451,Sonda nelaton de pvc 40 cm 10 fr VISA,VISA,Áreas y Especialidades,Urología,Sondas Urologicas,Áreas y Especialidades > Urología > Sondas Urologicas,899,11.42,11.19,11.08,,40.0,66.7,,disponible,1,https://www.promexsa.com.mx/productos/sonda-nelaton-de-pvc-40-cm-10-fr-visa/,https://acdn-us.mitiendanube.com/stores/001/946/809/products/7f1ad7ce-d959-4465-be8c-48412d069ef5-cec199bbc1d9a7b23217162775077083-480-0.webp,
DIS-SON-457,Sonda nelaton de pvc 40 cm 8 fr VISA,VISA,Áreas y Especialidades,Urología,Sondas Urologicas,Áreas y Especialidades > Urología > Sondas Urologicas,900,11.06,10.84,10.73,,40.0,66.7,,disponible,1,https://www.promexsa.com.mx/productos/sonda-nelaton-de-pvc-40-cm-8-fr-visa/,https://acdn-us.mitiendanube.com/stores/001/946/809/products/b9eb8070-6ab5-4fa7-b949-f288c7de369e-2d0c147e48932e9ab917162774973767-480-0.webp,
DIS-SON-740,Sonda nelaton de pvc 40 cm 30 fr VISA,VISA,Áreas y Especialidades,Urología,Sondas Urologicas,Áreas y Especialidades > Urología > Sondas Urologicas,901,26.1,25.58,25.32,,40.0,66.7,,disponible,1,https://www.promexsa.com.mx/productos/sonda-nelaton-de-pvc-40-cm-30-fr-visa/,https://acdn-us.mitiendanube.com/stores/001/946/809/products/66a564eb-9bba-41f3-b962-a44d78eddbae-e8555dc15818f07df517162774876880-480-0.webp,
DIS-SON-739,Sonda nelaton de pvc 40 cm 28 fr VISA,VISA,Áreas y Especialidades,Urología,Sondas Urologicas,Áreas y Especialidades > Urología > Sondas Urologicas,902,23.93,23.45,23.21,,40.0,66.7,,disponible,1,https://www.promexsa.com.mx/productos/sonda-nelaton-de-pvc-40-cm-28-fr-visa/,https://acdn-us.mitiendanube.com/stores/001/946/809/products/f9570e5b-3a08-40a1-91c5-90de00e9f179-9e04dba78a2ca9c25217162774769196-480-0.webp,
DIS-SON-738,Sonda nelaton de pvc 40 cm 26 fr VISA,VISA,Áreas y Especialidades,Urología,Sondas Urologicas,Áreas y Especialidades > Urología > Sondas Urologicas,903,21.93,21.49,21.27,,40.0,66.7,,disponible,1,https://www.promexsa.com.mx/productos/sonda-nelaton-de-pvc-40-cm-26-fr-visa/,https://acdn-us.mitiendanube.com/stores/001/946/809/products/b8b6ee84-8bff-4bd8-b0b7-973f60494012-65b06b58e02836f3de17162774665394-480-0.webp,
DIS-SON-737,Sonda nelaton de pvc 40 cm 24 fr VISA,VISA,Áreas y Especialidades,Urología,Sondas Urologicas,Áreas y Especialidades > Urología > Sondas Urologicas,904,19.94,19.54,19.34,,40.0,66.7,,disponible,1,https://www.promexsa.com.mx/productos/sonda-nelaton-de-pvc-40-cm-24-fr-visa/,https://acdn-us.mitiendanube.com/stores/001/946/809/products/8663768c-c2d2-4c91-ae52-0fea6a8cf215-a96b1de5754c7c966817162774569104-480-0.webp,
DIS-SON-736,Sonda nelaton de pvc 40 cm 22 fr VISA,VISA,Áreas y Especialidades,Urología,Sondas Urologicas,Áreas y Especialidades > Urología > Sondas Urologicas,905,17.04,16.7,16.53,,40.0,66.7,,disponible,1,https://www.promexsa.com.mx/productos/sonda-nelaton-de-pvc-40-cm-22-fr-visa/,https://acdn-us.mitiendanube.com/stores/001/946/809/products/9165ee68-5726-4350-805b-e9255b392253-ea7a43390d1762c3ea17162774466925-480-0.webp,
ORT-SID-698,Silla de ducha aluminio con respaldo y descansa brazos SC-SC13 (A) MOBICARE,MOBICARE,Equipo y Mobiliario,Mobiliario,Sillas y Asientos,Equipo y Mobiliario > Mobiliario > Sillas y Asientos,906,1725.87,1691.35,1674.09,,20.0,25.0,,disponible,1,https://www.promexsa.com.mx/productos/silla-de-ducha-aluminio-con-respaldo-y-descansa-brazos-mobicare/,https://acdn-us.mitiendanube.com/stores/001/946/809/products/ee4393a1-f5e2-4fa6-89f1-1f4140013146-85b79841cec0d5c6de17159285912495-480-0.webp,Silla de ducha aluminio con respaldo y descansa brazos MOBICARE
DIS-PEE-693,Pedal ejercitador digital DY076106 MOBICARE,MOBICARE,Áreas y Especialidades,Rehabilitacion,,Áreas y Especialidades > Rehabilitacion,907,1190.2,1166.4,1154.49,,40.0,66.7,,disponible,1,https://www.promexsa.com.mx/productos/pedal-ejercitador-digital-mobicare/,https://acdn-us.mitiendanube.com/stores/001/946/809/products/63b188df-a889-41ef-aa0a-d83f8012a84c-812cef1a2323db063217159281018923-480-0.webp,Pedal ejercitador digital MOBICARE
DIS-OXD-669,Oximetro digital FS10E INHALACARE,INHALACARE,Equipo y Mobiliario,Equipo de Diagnostico y Monitoreo,Oximetros,Equipo y Mobiliario > Equipo de Diagnostico y Monitoreo > Oximetros,908,337.02,330.28,326.91,,20.0,25.0,,disponible,1,https://www.promexsa.com.mx/productos/oximetro-digital-inhalacare/,https://acdn-us.mitiendanube.com/stores/001/946/809/products/inhalacree-150218563755772e2817437145622769-480-0.webp,Oximetro digital INHALACARE
DIS-MAL-826,Mascarilla laringea #5 UNIQUE,UNIQUE,Áreas y Especialidades,Anestesiología,Mascarillas para Anestesia,Áreas y Especialidades > Anestesiología > Mascarillas para Anestesia,909,576.53,565,559.23,,40.0,66.7,,disponible,1,https://www.promexsa.com.mx/productos/mascarilla-laringea-5-unique/,https://acdn-us.mitiendanube.com/stores/001/946/809/products/cc89e472-39c5-432a-9213-aa052caba013-f14c29636a2b8830d717159265926782-480-0.webp,
DIS-KIB-675,Kit baumanometro con estetoscopio Verde DUPLEX,DUPLEX,Equipo y Mobiliario,Equipo de Diagnostico y Monitoreo,Baumanometros,Equipo y Mobiliario > Equipo de Diagnostico y Monitoreo > Baumanometros,910,416.83,408.49,404.33,,20.0,25.0,,disponible,1,https://www.promexsa.com.mx/productos/kit-baumanometro-con-estetoscopio-verde-duplex/,https://acdn-us.mitiendanube.com/stores/001/946/809/products/182-439a46b93fc4b6700717489869705747-480-0.webp,
DIS-KIB-674,Kit baumanometro con estetoscopio Rosa DUPLEX,DUPLEX,Equipo y Mobiliario,Equipo de Diagnostico y Monitoreo,Baumanometros,Equipo y Mobiliario > Equipo de Diagnostico y Monitoreo > Baumanometros,911,416.83,408.49,404.33,,20.0,25.0,,disponible,1,https://www.promexsa.com.mx/productos/kit-baumanometro-con-estetoscopio-rosa-duplex/,https://acdn-us.mitiendanube.com/stores/001/946/809/products/183-0f42218f497e264b1017489870057009-480-0.webp,
DIS-KIB-672,Kit baumanometro con estetoscopio Negro DUPLEX,DUPLEX,Equipo y Mobiliario,Equipo de Diagnostico y Monitoreo,Baumanometros,Equipo y Mobiliario > Equipo de Diagnostico y Monitoreo > Baumanometros,912,416.83,408.49,404.33,,20.0,25.0,,disponible,1,https://www.promexsa.com.mx/productos/kit-baumanometro-con-estetoscopio-negro-duplex/,https://acdn-us.mitiendanube.com/stores/001/946/809/products/aa5886dd-3997-4605-9eed-ff7bc4c9a70f-e60194e3c50808827f17159259855972-480-0.webp,
DIS-KIB-678,Kit baumanometro con estetoscopio Rojo DUPLEX,DUPLEX,Equipo y Mobiliario,Equipo de Diagnostico y Monitoreo,Baumanometros,Equipo y Mobiliario > Equipo de Diagnostico y Monitoreo > Baumanometros,913,416.83,408.49,404.33,,20.0,25.0,,disponible,1,https://www.promexsa.com.mx/productos/kit-baumanometro-con-estetoscopio-rojo-duplex/,https://acdn-us.mitiendanube.com/stores/001/946/809/products/184-884fe6fe7d5f2af03917489871227893-480-0.webp,
DIS-KIB-673,Kit baumanometro con estetoscopio Morado DUPLEX,DUPLEX,Equipo y Mobiliario,Equipo de Diagnostico y Monitoreo,Baumanometros,Equipo y Mobiliario > Equipo de Diagnostico y Monitoreo > Baumanometros,914,416.83,408.49,404.33,,20.0,25.0,,disponible,1,https://www.promexsa.com.mx/productos/kit-baumanometro-con-estetoscopio-morado-duplex/,https://acdn-us.mitiendanube.com/stores/001/946/809/products/185-01630b32aa856e6a0c17489871561203-480-0.webp,
DIS-KIB-676,Kit baumanometro con estetoscopio Azul turquesa DUPLEX,DUPLEX,Equipo y Mobiliario,Equipo de Diagnostico y Monitoreo,Baumanometros,Equipo y Mobiliario > Equipo de Diagnostico y Monitoreo > Baumanometros,915,416.83,408.49,404.33,,20.0,25.0,,disponible,1,https://www.promexsa.com.mx/productos/kit-baumanometro-con-estetoscopio-azul-turquesa-duplex/,https://acdn-us.mitiendanube.com/stores/001/946/809/products/186-fe7819888a3e54e3db17489871932754-480-0.webp,
DIS-KIB-677,Kit baumanometro con estetoscopio Azul Rey DUPLEX,DUPLEX,Equipo y Mobiliario,Equipo de Diagnostico y Monitoreo,Baumanometros,Equipo y Mobiliario > Equipo de Diagnostico y Monitoreo > Baumanometros,916,416.83,408.49,404.33,,20.0,25.0,,disponible,1,https://www.promexsa.com.mx/productos/kit-baumanometro-con-estetoscopio-azul-rey-duplex/,https://acdn-us.mitiendanube.com/stores/001/946/809/products/187-1741109f1f8711abe017489872329323-480-0.webp,
DIS-KIB-670,Kit baumanometro con estetoscopio Azul Marino DUPLEX,DUPLEX,Equipo y Mobiliario,Equipo de Diagnostico y Monitoreo,Baumanometros,Equipo y Mobiliario > Equipo de Diagnostico y Monitoreo > Baumanometros,917,416.83,408.49,404.33,,20.0,25.0,,disponible,1,https://www.promexsa.com.mx/productos/kit-baumanometro-con-estetoscopio-azul-marino-duplex/,https://acdn-us.mitiendanube.com/stores/001/946/809/products/188-eef24d36c906bf992317489872860696-480-0.webp,
DIS-GUQ-579,Guata quirúrgica en venda 15cm x 5m 24 pz PROTEC,PROTEC,Material de Curación,Vendas,Vendas para Fijacion o Inmovilizacion,Material de Curación > Vendas > Vendas para Fijacion o Inmovilizacion,918,373.96,366.48,362.74,,30.0,42.9,,disponible,0.76,https://www.promexsa.com.mx/productos/guata-quirurgica-en-venda-15cm-x-5m-24-pz-protec/,https://acdn-us.mitiendanube.com/stores/001/946/809/products/189-453cbda781f18259e717489873581226-480-0.webp,
PDC-GUT-38,Guantes terry blanco 1 pr 15-550-B DERMA CARE,CARE,Accesorios y Suministros Médicos,Guantes,,Accesorios y Suministros Médicos > Guantes,919,40.52,39.71,39.3,,28.0,38.9,,disponible,1,https://www.promexsa.com.mx/productos/guante-terry-blanco-1-pr-derma-care/,https://acdn-us.mitiendanube.com/stores/001/946/809/products/3cd94051-0c84-49b4-8749-19441808799f-bff27e511e2637995a17159242707132-480-0.webp,Guante terry blanco 1 pr DERMA CARE
PDC-GUN-41,Guantes nylon con nitrilo en palma t9 blanco con 12 pr 51-800N DERMA CARE,DERMA CARE,Accesorios y Suministros Médicos,Guantes,,Accesorios y Suministros Médicos > Guantes,920,641.87,629.03,622.61,,28.0,38.9,,disponible,1,https://www.promexsa.com.mx/productos/guante-nylon-con-nitrilo-en-palma-t9-blanco-con-12-pr-derma-care/,https://acdn-us.mitiendanube.com/stores/001/946/809/products/05cfb261-71db-4765-86dd-737e65a09818-0e5bd9058e482ead2c17159239761884-480-0.webp,Guante nylon con nitrilo en palma t9 blanco con 12 pr DERMA CARE
PDC-GUN-28,Guantes nylon con nitrilo en palma t8 negro con 12 pr 51-811 DERMA CARE,DERMA CARE,Accesorios y Suministros Médicos,Guantes,,Accesorios y Suministros Médicos > Guantes,921,290.13,284.33,281.43,,28.0,38.9,,disponible,0.48,https://www.promexsa.com.mx/productos/guante-nylon-con-nitrilo-en-palma-t8-negro-con-12-pr-derma-care/,https://acdn-us.mitiendanube.com/stores/001/946/809/products/605e35d9-9c3f-4c5d-9f75-5c96443cdc7a-8d841eb228d035f4eb17159235069831-480-0.webp,Guante nylon con nitrilo en palma t8 negro con 12 pr DERMA CARE
PDC-GUN-40,Guantes nylon con nitrilo en palma t8 blanco con 12 pr 51-800N DERMA CARE,DERMA CARE,Accesorios y Suministros Médicos,Guantes,,Accesorios y Suministros Médicos > Guantes,922,641.87,629.03,622.61,,28.0,38.9,,disponible,1,https://www.promexsa.com.mx/productos/guante-nylon-con-nitrilo-en-palma-t8-blanco-con-12-pr-derma-care/,https://acdn-us.mitiendanube.com/stores/001/946/809/products/596e1b03-badb-4290-8c46-38d02e505ffe-2c0106f13e2e8ef33b17159234708524-480-0.webp,Guante nylon con nitrilo en palma t8 blanco con 12 pr DERMA CARE
PDC-GUN-27,Guantes nylon con nitrilo en palma t7 negro con 12 pr 51-811 DERMA CARE,DERMA CARE,Accesorios y Suministros Médicos,Guantes,,Accesorios y Suministros Médicos > Guantes,923,290.13,284.33,281.43,,28.0,38.9,,disponible,0.42,https://www.promexsa.com.mx/productos/guante-nylon-con-nitrilo-en-palma-t7-negro-con-12-pr-derma-care/,https://acdn-us.mitiendanube.com/stores/001/946/809/products/c5dee7a3-5916-43d3-9f03-b436f0646bbc-466c5e025b65a52dac17159234251048-480-0.webp,Guante nylon con nitrilo en palma t7 negro con 12 pr DERMA CARE
PDC-GUN-39,Guantes nylon con nitrilo en palma t7 blanco con 12 pr 51-800N DERMA CARE,DERMA CARE,Accesorios y Suministros Médicos,Guantes,,Accesorios y Suministros Médicos > Guantes,924,641.87,629.03,622.61,,28.0,38.9,,disponible,1,https://www.promexsa.com.mx/productos/guante-nylon-con-nitrilo-en-palma-t7-blanco-con-12-pr-derma-care/,https://acdn-us.mitiendanube.com/stores/001/946/809/products/09c7e6d0-c1b0-4265-b311-d2d18276470e-bbea492f0b8f09b9a917159232336627-480-0.webp,Guante nylon con nitrilo en palma t7 blanco con 12 pr DERMA CARE
PDC-GUN-38,Guantes nylon con nitrilo en palma t6 blanco con 12 pr 51-800N DERMA CARE,DERMA CARE,Accesorios y Suministros Médicos,Guantes,,Accesorios y Suministros Médicos > Guantes,925,641.87,629.03,622.61,,28.0,38.9,,disponible,1,https://www.promexsa.com.mx/productos/guante-nylon-con-nitrilo-en-palma-t6-blanco-con-12-pr-derma-care/,https://acdn-us.mitiendanube.com/stores/001/946/809/products/015d1e70-072d-4fee-8efc-2b46068e6d41-258a7744e238bfb29e17159231058299-480-0.webp,Guante nylon con nitrilo en palma t6 blanco con 12 pr DERMA CARE
PDC-GUN-26,Guantes nylon con nitrilo en palma t6 negro con 12 pr 51-811 DERMA CARE,DERMA CARE,Accesorios y Suministros Médicos,Guantes,,Accesorios y Suministros Médicos > Guantes,926,290.13,284.33,281.43,,28.0,38.9,,disponible,0.42,https://www.promexsa.com.mx/productos/guante-nylon-con-nitrilo-en-palma-t6-negro-con-12-pr-derma-care/,https://acdn-us.mitiendanube.com/stores/001/946/809/products/3536e58f-6f4d-4e95-a517-165eb8e77106-b15562b490136eeb9117159229719688-480-0.webp,Guante nylon con nitrilo en palma t6 negro con 12 pr DERMA CARE
PDC-GUN-42,Guantes nylon con nitrilo en palma t10 blanco con 12 pr 51-800N DERMA CARE,DERMA CARE,Accesorios y Suministros Médicos,Guantes,,Accesorios y Suministros Médicos > Guantes,927,641.87,629.03,622.61,,28.0,38.9,,disponible,1,https://www.promexsa.com.mx/productos/guante-nylon-con-nitrilo-en-palma-t10-blanco-con-12-pr-derma-care/,https://acdn-us.mitiendanube.com/stores/001/946/809/products/eda2754a-b535-4b1e-8283-cca241374b95-eeb1558697b180d4c717159228184825-480-0.webp,Guante nylon con nitrilo en palma t10 blanco con 12 pr DERMA CARE
DIS-EQT-829,"Equipo para irrigación tur en &quot;Y&quot; de 2.1 M BAXTER",BAXTER,Equipo Quirúrgico,Irrigacion,Sistemas para Irrigacion,Equipo Quirúrgico > Irrigacion > Sistemas para Irrigacion,928,210.34,206.13,204.03,,38.0,61.3,,disponible,1,https://www.promexsa.com.mx/productos/equipo-para-irrigacion-tur-en-y-de-2-1-m-baxter/,https://acdn-us.mitiendanube.com/stores/001/946/809/products/e1ffe303-0120-4da8-ac80-9dd402db95d9-680da9ff6e8b508eb517159219123072-480-0.webp,
DIS-BOP-722,Bolsa para ileostomía o colostomía neonatal t. botella 21.5cm X 8.6 cm SENSIMEDICAL,SENSI MEDICAL,Áreas y Especialidades,Colostomía y Urostomía,,Áreas y Especialidades > Colostomía y Urostomía,929,43.87,42.99,42.55,,40.0,66.7,,disponible,1,https://www.promexsa.com.mx/productos/bolsa-para-ileostomia-o-colostomia-neonatal-t-botella-21-5cm-x-8-6-cm-sensi-medical/,https://acdn-us.mitiendanube.com/stores/001/946/809/products/cfcfa362-3f87-4206-a237-ef1a69c9ab38-963ecf39aa56b9b58317159201502599-480-0.webp,
DIS-BOP-723,Bolsa para ileostomía o colostomía infantil t. botella 23cm x 13 cm SENSIMEDICAL,SENSI MEDICAL,Áreas y Especialidades,Colostomía y Urostomía,,Áreas y Especialidades > Colostomía y Urostomía,930,56.55,55.42,54.85,,40.0,66.7,,disponible,1,https://www.promexsa.com.mx/productos/bolsa-para-ileostomia-o-colostomia-infantil-t-botella-23cm-x-13-cm-sensi-medical/,https://acdn-us.mitiendanube.com/stores/001/946/809/products/28191c23-63b6-4252-8807-35af46a64d27-4911092efbd80e645c17159197818495-480-0.webp,
ORT-BAT-695,Bastón tipo aleman ECL02NS MOBICARE,MOBICARE,Cuidado Personal,Auxiliares de Movilidad,Artículos para Movilizacion,Cuidado Personal > Auxiliares de Movilidad > Artículos para Movilizacion,931,196.89,192.95,190.98,,45.0,81.8,,disponible,1,https://www.promexsa.com.mx/productos/baston-tipo-aleman-mobicare/,https://acdn-us.mitiendanube.com/stores/001/946/809/products/87861473-28a2-4669-8fdb-110590fff6e9-eac2e66dec26e3dc1f17159186752766-480-0.webp,Bastón tipo aleman MOBICARE
ORT-BAP-692,Bastón para invidente ECL11 l MOBICARE,MOBICARE,Cuidado Personal,Auxiliares de Movilidad,Artículos para Movilizacion,Cuidado Personal > Auxiliares de Movilidad > Artículos para Movilizacion,932,276.71,271.18,268.41,,45.0,81.8,,disponible,1,https://www.promexsa.com.mx/productos/baston-para-invidente-mobicare/,https://acdn-us.mitiendanube.com/stores/001/946/809/products/2bff2481-d87f-4bb4-ab7b-d81de66e49c0-7b053152dd8a67227117159180366420-480-0.webp,Bastón para invidente MOBICARE
ORT-BAD-694,Bastón de aluminio 4 apoyos ECL091B MOBICARE,MOBICARE,Cuidado Personal,Auxiliares de Movilidad,Artículos para Movilizacion,Cuidado Personal > Auxiliares de Movilidad > Artículos para Movilizacion,933,446.99,438.05,433.58,,45.0,81.8,,disponible,1,https://www.promexsa.com.mx/productos/baston-de-aluminio-4-apoyos-mobicare/,https://acdn-us.mitiendanube.com/stores/001/946/809/products/466a3b50-9f1f-4519-9295-836d19142ed0-5d0ea2e5495cec86e517159178634906-480-0.webp,Bastón de aluminio 4 apoyos MOBICARE
DIS-BAP-699,Banco para baño blanco ECK03 MOBICARE,MOBICARE,Equipo y Mobiliario,Mobiliario,Sillas y Asientos,Equipo y Mobiliario > Mobiliario > Sillas y Asientos,934,1142.3,1119.45,1108.03,,20.0,25.0,,disponible,1,https://www.promexsa.com.mx/productos/banco-para-bano-blanco-mobicare/,https://acdn-us.mitiendanube.com/stores/001/946/809/products/c2384f42-c0b8-4ff7-a1de-db9266173e9f-cde3956322ac2bec5517159177222671-480-0.webp,Banco para baño blanco MOBICARE
ORT-AND-697,Andadera de 2 niveles DY04962L MOBICARE,MOBICARE,Cuidado Personal,Auxiliares de Movilidad,Artículos para Movilizacion,Cuidado Personal > Auxiliares de Movilidad > Artículos para Movilizacion,935,1291.3,1265.47,1252.56,,45.0,81.8,,disponible,1,https://www.promexsa.com.mx/productos/andadera-de-2-niveles-mobicare/,https://acdn-us.mitiendanube.com/stores/001/946/809/products/b50bd140-d560-4c61-b6c7-a1e541c861ee-59c8c3679557b88c6217159175928272-480-0.webp,Andadera de 2 niveles MOBICARE
ORT-ANO-700,Andadera ortopédica para rodilla scooter triciclo JL9190 MOBICARE,MOBICARE,Cuidado Personal,Auxiliares de Movilidad,Artículos para Movilizacion,Cuidado Personal > Auxiliares de Movilidad > Artículos para Movilizacion,936,3267.36,3202.01,3169.34,,18.0,22.0,,disponible,1,https://www.promexsa.com.mx/productos/andadera-ortopedica-para-rodilla-scooter-triciclo-mobicare/,https://acdn-us.mitiendanube.com/stores/001/946/809/products/2ab3ce45-b263-4b98-b5b8-669dce98bfd6-62f64cabc0f267f46317159174263133-480-0.webp,Andadera Ortopedica Para Rodilla Scooter Triciclo MOBICARE
DIS-SOL-717,Sonda gastrointestinal levin con línea radiopaca 20 fr TECMED,TECMED,Áreas y Especialidades,Gastroenterología,Alimentación Gástrica,Áreas y Especialidades > Gastroenterología > Alimentación Gástrica,937,31.49,30.86,30.55,,40.0,66.7,,disponible,1,https://www.promexsa.com.mx/productos/sonda-levin-con-linea-radiopaca-20-fr-tecmed/,https://acdn-us.mitiendanube.com/stores/001/946/809/products/f5befb8b-a605-465a-a9eb-240a274a0419-754cbdfa8affbc1f7317151527924344-480-0.webp,Sonda levin con linea radiopaca 20 fr TECMED
DIS-CÁN-744,Cánula nasal para óxigeno adulto 2 mm x 10 m TECMED,TECMED,Áreas y Especialidades,Inhaloterapia,,Áreas y Especialidades > Inhaloterapia,938,84.84,83.14,82.29,,40.0,66.7,,disponible,0.04,https://www.promexsa.com.mx/productos/canula-nasal-pediatrica-2-mm-x-15-m-tecmed/,https://acdn-us.mitiendanube.com/stores/001/946/809/products/ba89b7ec-749f-451e-a559-168315ec5f6b-97ff8eac1528ee908717147199194578-480-0.webp,Cánula nasal pediátrica 2 mm x 15 m TECMED
DIS-BAD-765,Banco de llaves de tres vías TECMED,TECMED,Equipo Quirúrgico,Accesorios Quirúrgicos,,Equipo Quirúrgico > Accesorios Quirúrgicos,939,317.08,310.74,307.57,,38.0,61.3,,disponible,0.06,https://www.promexsa.com.mx/productos/banco-de-llaves-de-3-vias-tecmed/,https://acdn-us.mitiendanube.com/stores/001/946/809/products/6ad1adcf-d0d6-41d9-8379-9b9ad3f84589-680ecc854b7745725917147192892641-480-0.webp,Banco de llaves de 3 vías TECMED
ORT-SED-691,Separador de dedo para juanete 2 en 1 HOMECARE,HOMECARE,Cuidado Personal,Cuidado de los Pies,Tratamiento para Pies,Cuidado Personal > Cuidado de los Pies > Tratamiento para Pies,940,79.82,78.22,77.43,,45.0,81.8,,disponible,1,https://www.promexsa.com.mx/productos/separador-de-dedo-para-juanete-2-en-1-homecare/,https://acdn-us.mitiendanube.com/stores/001/946/809/products/08086897-ef39-4e33-8457-3094c04ffd70-62a5a4fc1bb570fe4d17102338765794-480-0.webp,
ORT-PRD-690,Protector de juanete con licra HOMECARE,HOMECARE,Cuidado Personal,Cuidado de los Pies,Tratamiento para Pies,Cuidado Personal > Cuidado de los Pies > Tratamiento para Pies,941,,,,,45.0,81.8,,disponible,1,https://www.promexsa.com.mx/productos/protector-de-juanete-con-licra-homecare/,https://acdn-us.mitiendanube.com/stores/001/946/809/products/647977a3-a8ae-4c21-baa3-70ce292df9d1-bfe80b9ad08a7ffef317102337035229-480-0.webp,
DIS-BAA-684,Kit baumanometro aneroide japones 2000 Verde HOMECARE,HOMECARE,Equipo y Mobiliario,Equipo de Diagnostico y Monitoreo,Baumanometros,Equipo y Mobiliario > Equipo de Diagnostico y Monitoreo > Baumanometros,942,392,384.16,380.24,,20.0,25.0,,disponible,1,https://www.promexsa.com.mx/productos/kit-baumanometro-aneroide-japones-2000-verde-homecare/,https://acdn-us.mitiendanube.com/stores/001/946/809/products/8cd43db7-72a6-4feb-930b-a989ae590854-b90448412b9e4744f517102323865024-480-0.webp,
DIS-BAA-685,Kit baumanometro aneroide japones 2000 Rosa HOMECARE,HOMECARE,Equipo y Mobiliario,Equipo de Diagnostico y Monitoreo,Baumanometros,Equipo y Mobiliario > Equipo de Diagnostico y Monitoreo > Baumanometros,943,392,384.16,380.24,,20.0,25.0,,disponible,1,https://www.promexsa.com.mx/productos/kit-baumanometro-aneroide-japones-2000-rosa-homecare/,https://acdn-us.mitiendanube.com/stores/001/946/809/products/93cf2f32-d2bc-4087-88eb-ccc8a6779cfe-b9488d614a4cd8385317102323725828-480-0.webp,
DIS-BAA-687,Kit baumanometro aneroide japones 2000 Rojo HOMECARE,HOMECARE,Equipo y Mobiliario,Equipo de Diagnostico y Monitoreo,Baumanometros,Equipo y Mobiliario > Equipo de Diagnostico y Monitoreo > Baumanometros,944,392,384.16,380.24,,20.0,25.0,,disponible,1,https://www.promexsa.com.mx/productos/kit-baumanometro-aneroide-japones-2000-rojo-homecare/,https://acdn-us.mitiendanube.com/stores/001/946/809/products/c9b54847-56ff-429a-b77e-78c5e21f6b22-f08ea9df9cb549424d17102323615932-480-0.webp,
DIS-BAA-683,Kit baumanometro aneroide japones 2000 Negro HOMECARE,HOMECARE,Equipo y Mobiliario,Equipo de Diagnostico y Monitoreo,Baumanometros,Equipo y Mobiliario > Equipo de Diagnostico y Monitoreo > Baumanometros,945,392,384.16,380.24,,20.0,25.0,,disponible,1,https://www.promexsa.com.mx/productos/kit-baumanometro-aneroide-japones-2000-negro-homecare/,https://acdn-us.mitiendanube.com/stores/001/946/809/products/8939b2ac-dd8a-4e59-9fcf-6d29ba31799c-4da99057198e5fc9ef17102323492941-480-0.webp,
DIS-BAA-686,Kit baumanometro aneroide japones 2000 Morado HOMECARE,HOMECARE,Equipo y Mobiliario,Equipo de Diagnostico y Monitoreo,Baumanometros,Equipo y Mobiliario > Equipo de Diagnostico y Monitoreo > Baumanometros,946,392,384.16,380.24,,20.0,25.0,,disponible,1,https://www.promexsa.com.mx/productos/kit-baumanometro-aneroide-japones-2000-morado-homecare/,https://acdn-us.mitiendanube.com/stores/001/946/809/products/45e74046-00ba-4599-bcc1-8a8bce7e7030-4331561feb49c8dd2317102323357714-480-0.webp,
DIS-BAA-682,Kit baumanometro aneroide japones 2000 Gris HOMECARE,HOMECARE,Equipo y Mobiliario,Equipo de Diagnostico y Monitoreo,Baumanometros,Equipo y Mobiliario > Equipo de Diagnostico y Monitoreo > Baumanometros,947,392,384.16,380.24,,20.0,25.0,,disponible,1,https://www.promexsa.com.mx/productos/kit-baumanometro-aneroide-japones-2000-gris-homecare/,https://acdn-us.mitiendanube.com/stores/001/946/809/products/70e471bd-35f3-40ca-b9f1-27727b493844-4959d8cd90059f31e517102323220944-480-0.webp,
DIS-BAA-681,Kit baumanometro aneroide japones 2000 Azul turquesa HOMECARE,HOMECARE,Equipo y Mobiliario,Equipo de Diagnostico y Monitoreo,Baumanometros,Equipo y Mobiliario > Equipo de Diagnostico y Monitoreo > Baumanometros,948,392,384.16,380.24,,20.0,25.0,,disponible,1,https://www.promexsa.com.mx/productos/kit-baumanometro-aneroide-japones-2000-azul-turquesa-homecare/,https://acdn-us.mitiendanube.com/stores/001/946/809/products/00e189ad-a648-4be6-82ea-6d33df46c87f-88ec3b370d2c1404c017102323071535-480-0.webp,
DIS-BAA-680,Kit baumanometro aneroide japones 2000 Azul rey HOMECARE,HOMECARE,Equipo y Mobiliario,Equipo de Diagnostico y Monitoreo,Baumanometros,Equipo y Mobiliario > Equipo de Diagnostico y Monitoreo > Baumanometros,949,392,384.16,380.24,,20.0,25.0,,disponible,1,https://www.promexsa.com.mx/productos/kit-baumanometro-aneroide-japones-2000-azul-rey-homecare/,https://acdn-us.mitiendanube.com/stores/001/946/809/products/2332c6cb-4cd4-4d32-bc67-a2eeaf26bfb9-6f218a53278da9d33a17102322953788-480-0.webp,
DIS-BAA-679,Kit baumanometro aneroide japones 2000 Azul marino HOMECARE,HOMECARE,Equipo y Mobiliario,Equipo de Diagnostico y Monitoreo,Baumanometros,Equipo y Mobiliario > Equipo de Diagnostico y Monitoreo > Baumanometros,950,392,384.16,380.24,,20.0,25.0,,disponible,1,https://www.promexsa.com.mx/productos/kit-baumanometro-aneroide-japones-2000-azul-marino-homecare/,https://acdn-us.mitiendanube.com/stores/001/946/809/products/73eedee3-de78-42e9-ac65-12620f5214b8-e0e05b4c869abbc3f417102322825750-480-0.webp,
DIS-LÁP-707,Lámpara para diagnóstico halógena rosa LAMP-A HOMECARE,HOMECARE,Equipo y Mobiliario,Lamparas,Lamparas Portatiles,Equipo y Mobiliario > Lamparas > Lamparas Portatiles,951,88.69,86.92,86.03,,20.0,25.0,,disponible,1,https://www.promexsa.com.mx/productos/lampara-para-diagnostico-halogena-rosa-homecare/,https://acdn-us.mitiendanube.com/stores/001/946/809/products/5178b414-f3ce-4e53-9e33-4a7d64a7a816-512d51e4b5fa2762d417102290193239-480-0.webp,Lámpara para diagnóstico halógena rosa HOMECARE
DIS-LÁP-705,Lámpara para diagnóstico halógena plata LAMP-A HOMECARE,HOMECARE,Equipo y Mobiliario,Lamparas,Lamparas Portatiles,Equipo y Mobiliario > Lamparas > Lamparas Portatiles,952,88.69,86.92,86.03,,20.0,25.0,,disponible,1,https://www.promexsa.com.mx/productos/lampara-para-diagnostico-halogena-plata-homecare/,https://acdn-us.mitiendanube.com/stores/001/946/809/products/6084b8be-4bc0-4786-90bd-bbb4e9109b0a-0fb7baa3922d9075f717102290073930-480-0.webp,Lámpara para diagnóstico halógena plata HOMECARE
DIS-LÁP-704,Lámpara para diagnóstico halógena negra LAMP-A HOMECARE,HOMECARE,Equipo y Mobiliario,Lamparas,Lamparas Portatiles,Equipo y Mobiliario > Lamparas > Lamparas Portatiles,953,88.69,86.92,86.03,,20.0,25.0,,disponible,1,https://www.promexsa.com.mx/productos/lampara-para-diagnostico-halogena-negra-homecare/,https://acdn-us.mitiendanube.com/stores/001/946/809/products/e3d3e9a4-7212-4d5b-9014-120f27065027-c1dc8487c4f907cc6317102289931736-480-0.webp,Lámpara para diagnóstico halógena negra HOMECARE
DIS-LÁP-706,Lámpara para diagnóstico halógena azul LAMP-A HOMECARE,HOMECARE,Equipo y Mobiliario,Lamparas,Lamparas Portatiles,Equipo y Mobiliario > Lamparas > Lamparas Portatiles,954,88.69,86.92,86.03,,20.0,25.0,,disponible,1,https://www.promexsa.com.mx/productos/lampara-para-diagnostico-halogena-azul-homecare/,https://acdn-us.mitiendanube.com/stores/001/946/809/products/e0e63aae-41a4-4125-879e-f43e61340208-710299d870ca6efb4b17102289729069-480-0.webp,Lámpara para diagnóstico halógena azul HOMECARE
DIS-GUD-809,Guantes de nitrilo verde sin polvo UNISEAL / Talla XS caja 100 piezas,UNISEAL,Accesorios y Suministros Médicos,,,Accesorios y Suministros Médicos,955,147.45,144.5,143.03,,28.0,38.9,,disponible,1,https://www.promexsa.com.mx/productos/guante-de-nitrilo-verde-xch-100pz-uniseal/,https://acdn-us.mitiendanube.com/stores/001/946/809/products/9f453ecc-7191-469e-bdab-90b5a7daddbc-1e1d607f18fefb90d117097905410441-480-0.webp,"Guantes Uniseal de nitrilo verde sin polvo: opción para manejo de alimentos. Talla XS / extra chica, higiene práctica y venta profesional en México."
DIS-GUD-801,Guantes de nitrilo verde sin polvo UNISEAL / Talla M caja 100 piezas,UNISEAL,Accesorios y Suministros Médicos,,,Accesorios y Suministros Médicos,956,147.45,144.5,143.03,,28.0,38.9,,disponible,0.41,https://www.promexsa.com.mx/productos/guante-de-nitrilo-verde-m-100pz-uniseal/,https://acdn-us.mitiendanube.com/stores/001/946/809/products/fb7f7e52-ebb3-4a0b-ba19-7d3512829b2c-8ab584fb8a4dc17c0617097905279635-480-0.webp,"Pide guantes de nitrilo Uniseal verde sin polvo, talla M / mediana. Ideales para laboratorios y análisis; disponibilidad para mayoreo."
DIS-GUD-808,"Guantes de Nitrilo Naranja UniSeal para Examen / XCH, CH, M y G / Caja con 100 Guantes",UNISEAL,Accesorios y Suministros Médicos,,,Accesorios y Suministros Médicos,957,147.45,144.5,143.03,,28.0,38.9,,disponible,1,https://www.promexsa.com.mx/productos/guantes-nitrilo-naranja-uniseal/,https://acdn-us.mitiendanube.com/stores/001/946/809/products/guante-de-nitrilo-naranja-uniseal-9641972754b6a03fc617846118413827-480-0.webp,"Compra Guantes de Nitrilo Naranja UniSeal libres de polvo. Alta resistencia, excelente agarre y comodidad para industria, hospitales, laboratorios y talleres. Caja con 100 guantes."
DIS-GUD-811,Guantes de nitrilo metálico plateado sin polvo UNISEAL / Talla XS caja 100 piezas,UNISEAL,Accesorios y Suministros Médicos,,,Accesorios y Suministros Médicos,958,165.52,162.21,160.55,,28.0,38.9,,disponible,1,https://www.promexsa.com.mx/productos/guante-de-nitrilo-metalico-plateado-xch-100pz-uniseal/,https://acdn-us.mitiendanube.com/stores/001/946/809/products/22a0f635-4767-4bf1-9861-32c4a0cd67c9-93d8893ba21d5c485917097879551645-480-0.webp,"Uniseal metálico plateado: guantes nitrilo sin polvo con barrera confiable. Útiles en estética y spa, talla XS / extra chica, stock para compras por volumen."
DIS-GUD-813,Guantes de nitrilo metálico plateado sin polvo UNISEAL / Talla M caja 100 piezas,UNISEAL,Accesorios y Suministros Médicos,,,Accesorios y Suministros Médicos,959,165.52,162.21,160.55,,28.0,38.9,,disponible,1,https://www.promexsa.com.mx/productos/guante-de-nitrilo-metalico-plateado-m-100pz-uniseal/,https://acdn-us.mitiendanube.com/stores/001/946/809/products/7a07b53a-3dca-48f3-ab0b-c5e9ccad84cd-b8143dd78ea7cda3bd17097879415073-480-0.webp,"Elige guantes de nitrilo Uniseal metálico plateado sin polvo para spa, estética y tatuaje. Talla M / mediana, imagen profesional y atención a negocios."
DIS-GUD-814,Guantes de nitrilo metálico plateado sin polvo UNISEAL / Talla L caja 100 piezas,UNISEAL,Accesorios y Suministros Médicos,,,Accesorios y Suministros Médicos,960,165.52,162.21,160.55,,28.0,38.9,,disponible,1,https://www.promexsa.com.mx/productos/guante-de-nitrilo-metalico-plateado-g-100pz-uniseal/,https://acdn-us.mitiendanube.com/stores/001/946/809/products/81b712dc-9319-48a1-93b8-5d924dca2da4-0d8debf4b6ce7642e517097879245840-480-0.webp,"Guantes de nitrilo metálico plateado Uniseal sin polvo, talla L / grande. Pensados para estética y spa con calidad profesional; entrega a clínicas y empresas."
DIS-GUD-812,Guantes de nitrilo metálico plateado sin polvo UNISEAL / Talla S caja 100 piezas,UNISEAL,Accesorios y Suministros Médicos,,,Accesorios y Suministros Médicos,961,165.52,162.21,160.55,,28.0,38.9,,disponible,0.4,https://www.promexsa.com.mx/productos/guante-de-nitrilo-metalico-plateado-ch-100pz-uniseal/,https://acdn-us.mitiendanube.com/stores/001/946/809/products/e65fac41-d2f6-49e4-a8dc-9d9d4e8cd83a-8a4c9adedf8273b02917097879107123-480-0.webp,"Cotiza Uniseal en guantes de nitrilo metálico plateado sin polvo. Para spa, estética y tatuaje, con protección segura y opción para distribuidores."
DIS-GUD-810,Guantes de nitrilo metálico dorado sin polvo UNISEAL / Talla XS caja 100 piezas,UNISEAL,Accesorios y Suministros Médicos,,,Accesorios y Suministros Médicos,962,165.52,162.21,160.55,,28.0,38.9,,disponible,0.38,https://www.promexsa.com.mx/productos/guante-de-nitrilo-metalico-dorado-xch-100pz-uniseal/,https://acdn-us.mitiendanube.com/stores/001/946/809/products/bf773e15-d578-40b8-9451-acc3d5746aba-ad2c389ab1bae08dce17097878258142-480-0.webp,"Uniseal metálico dorado: guantes de nitrilo sin polvo con buen ajuste. Útiles en estética y spa, talla XS / extra chica, stock para compras por volumen."
DIS-GUD-804,Guantes de nitrilo metálico dorado sin polvo UNISEAL / Talla M caja 100 piezas,UNISEAL,Accesorios y Suministros Médicos,,,Accesorios y Suministros Médicos,963,165.52,162.21,160.55,,28.0,38.9,,disponible,1,https://www.promexsa.com.mx/productos/guante-de-nitrilo-metalico-dorado-m-100pz-uniseal/,https://acdn-us.mitiendanube.com/stores/001/946/809/products/b43f01cc-b415-40a4-ac9f-6eaa34ab56a8-eaee77be6effa52b9117097878131385-480-0.webp,"Elige guantes de nitrilo Uniseal metálico dorado sin polvo para spa, estética y tatuaje. Talla M / mediana, imagen profesional y atención a negocios."
DIS-GUD-782,Guantes de nitrilo cobalto sin polvo UNISEAL / Talla XS caja 100 piezas,UNISEAL,Accesorios y Suministros Médicos,,,Accesorios y Suministros Médicos,964,147.45,144.5,143.03,,28.0,38.9,,disponible,1,https://www.promexsa.com.mx/productos/guante-de-nitrilo-cobalto-xch-100pz-uniseal/,https://acdn-us.mitiendanube.com/stores/001/946/809/products/71613351-5690-4e97-843e-5b366d791dd9-e98a2b04c6227abef517097877438904-480-0.webp,Guantes de nitrilo Uniseal cobalto sin polvo para industria y limpieza. Ofrecen alta resistencia y envío rápido en México.
DIS-GUD-779,Guantes de nitrilo cobalto sin polvo UNISEAL / Talla L caja 100 piezas,UNISEAL,Accesorios y Suministros Médicos,,,Accesorios y Suministros Médicos,965,147.45,144.5,143.03,,28.0,38.9,,disponible,1,https://www.promexsa.com.mx/productos/guante-de-nitrilo-cobalto-g-100pz-uniseal/,https://acdn-us.mitiendanube.com/stores/001/946/809/products/59f93391-0e71-4875-84e3-a8bf910580db-61d98288e3fdc0d47317097877057446-480-0.webp,"Uniseal cobalto: guantes de nitrilo sin polvo con buen ajuste. Útiles en consultorio dental, talla L / grande, stock para compras por volumen."
DIS-JEP-775,Tela Adhesiva Quirurgica Seda 2.5 cm X 10 m 12 pz PROTEC,PROTEC,Material de Curación,,,Material de Curación,966,459.35,450.16,445.57,,30.0,42.9,,disponible,1,https://www.promexsa.com.mx/productos/tela-adhesiva-quirurgica-seda-2-5-cm-x-10-m-12-pz-protec/,https://acdn-us.mitiendanube.com/stores/001/946/809/products/2bb66dbb-3e8d-4a10-a9c8-cfe479142f8b-5aa467c1e4fccafe6917091916768584-480-0.webp,
DIS-TEA-772,Tela Adhesiva Quirurgica Seda 7.5 cm X 10 m 4 pz PROTEC,PROTEC,Material de Curación,,,Material de Curación,967,449.63,440.64,436.14,,30.0,42.9,,disponible,1,https://www.promexsa.com.mx/productos/tela-adhesiva-quirurgica-seda-7-5-cm-x-10-m-4-pz-protec/,https://acdn-us.mitiendanube.com/stores/001/946/809/products/c4afaf37-c124-4e08-90fc-c860af421844-cf043f490ec5ddc65817091913832661-480-0.webp,
DIS-BOR-771,Bolsa recolectora de orina sistema cerrado 2000 ml UREOSAC,UREOSAC,Áreas y Especialidades,Urología,Evacuación y Recolección de Orina,Áreas y Especialidades > Urología > Evacuación y Recolección de Orina,968,,,,,40.0,66.7,,disponible,0.98,https://www.promexsa.com.mx/productos/bolsa-recolectora-de-orina-2000-ml-ureosac/,https://acdn-us.mitiendanube.com/stores/001/946/809/products/1c427abf-1a57-492d-a89d-bd9a5db5fcd2-730f22836dae9d027717091882088790-480-0.webp,Bolsa recolectora de orina 2000 ml UREOSAC
DIS-GLG-708,Glucometro GMATE ON DL,DENTILAB,Equipo y Mobiliario,Glucometros,,Equipo y Mobiliario > Glucometros,969,465.61,456.3,451.64,,20.0,25.0,,disponible,0.12,https://www.promexsa.com.mx/productos/glucometro-gmate-on-dl/,https://acdn-us.mitiendanube.com/stores/001/946/809/products/8c32c24a-07d6-4de3-acc9-42ac67290693-cd518caffec7e568fc17085706769382-480-0.webp,
DIS-JAS-631,Jabón solución concentrado rojo nf 20 l ANTIBENZIL,ANTIBENZIL,Accesorios y Suministros Médicos,Sueros E Hidratantes,Antisépticos y Germicidas,Accesorios y Suministros Médicos > Sueros E Hidratantes > Antisépticos y Germicidas,970,463.57,454.3,449.66,,28.0,38.9,,disponible,21,https://www.promexsa.com.mx/productos/jabon-solucion-concentrado-rojo-nf-20-l-antibenzil/,https://acdn-us.mitiendanube.com/stores/001/946/809/products/1c28fb76-32e2-4af4-becb-507116b7f0d3-701ecfa1b511ba491517082158839983-480-0.webp,
DIS-GUD-256,Guantes de vinilo negro libre de polvo FLEX / Talla M 100 piezas,FLEX,Accesorios y Suministros Médicos,Guantes,Guantes de Vinyl,Accesorios y Suministros Médicos > Guantes > Guantes de Vinyl,971,119.23,116.85,115.65,,28.0,38.9,,disponible,1,https://www.promexsa.com.mx/productos/guante-de-vinyl-libre-de-polvo-negro-m-100-pz-flex/,https://acdn-us.mitiendanube.com/stores/001/946/809/products/838625c6-015c-4c02-a044-ea075f69b66e-965b28a48648c4d0ae17082140618373-480-0.webp,"Los guantes de vinilo negro libres de polvo Flex son una opción cómoda para exploración, limpieza y uso clínico frecuente. Solicita precio por volumen y envío a todo México."
DIS-GUD-255,Guantes de vinilo negro libre de polvo FLEX / Talla L 100 piezas,FLEX,Accesorios y Suministros Médicos,Guantes,Guantes de Vinyl,Accesorios y Suministros Médicos > Guantes > Guantes de Vinyl,972,119.23,116.85,115.65,,28.0,38.9,,disponible,1,https://www.promexsa.com.mx/productos/guante-de-vinyl-libre-de-polvo-negro-g-100-pz-flex/,https://acdn-us.mitiendanube.com/stores/001/946/809/products/407597f6-ce89-40b2-9cfa-90bf2f405f7f-64889480210249e04f17082140370979-480-0.webp,Presentación de 100 piezas para consultorios que necesitan guantes desechables sin polvo con fácil colocación. Ideal para compras recurrentes de clínicas y distribuidores.
DIS-GUA-253,Guantes de vinilo libre de polvo FLEX / Talla M 100 piezas,FLEX,Accesorios y Suministros Médicos,Guantes,Guantes de Vinyl,Accesorios y Suministros Médicos > Guantes > Guantes de Vinyl,973,90.75,88.94,88.03,,28.0,38.9,,disponible,1,https://www.promexsa.com.mx/productos/guante-de-vinyl-libre-de-polvo-m-100-pz-flex/,https://acdn-us.mitiendanube.com/stores/001/946/809/products/e810a5e9-16c6-41b5-bc13-9528c2443e1a-54b822f0d6deb5223317082139948737-480-0.webp,"Alternativa práctica para abastecer áreas médicas, laboratorios o procesos de higiene con producto libre de polvo. Opción práctica para surtir inventario médico sin interrupciones."
DIS-GUA-251,Guantes de vinilo libre de polvo FLEX / Talla L 100 piezas,FLEX,Accesorios y Suministros Médicos,Guantes,Guantes de Vinyl,Accesorios y Suministros Médicos > Guantes > Guantes de Vinyl,974,90.75,88.94,88.03,,28.0,38.9,,disponible,1,https://www.promexsa.com.mx/productos/guante-de-vinyl-libre-de-polvo-g-100-pz-flex/,https://acdn-us.mitiendanube.com/stores/001/946/809/products/0c620b95-c676-4b9e-a9fd-1991145d0d8f-009643d512d846202b17082139830366-480-0.webp,"Producto desechable de vinilo para compras por volumen, ideal cuando se busca economía, comodidad y rotación constante. Cotiza para mayoreo y mantén stock operativo en tu negocio."
DIS-GUA-248,Guantes de vinilo azul libre de polvo FLEX / Talla M 100 piezas,FLEX,Accesorios y Suministros Médicos,Guantes,Guantes de Vinyl,Accesorios y Suministros Médicos > Guantes > Guantes de Vinyl,975,119.23,116.85,115.65,,28.0,38.9,,disponible,0.6,https://www.promexsa.com.mx/productos/guante-de-vinyl-libre-de-polvo-azul-m-100-pz-flex/,https://acdn-us.mitiendanube.com/stores/001/946/809/products/60526ba2-a3b0-4cd5-9163-bf76e3394f27-3bd807af3fe603b11917082139677679-480-0.webp,"Los guantes de vinilo azul libres de polvo Flex son una opción cómoda para exploración, limpieza y uso clínico frecuente. Solicita precio por volumen y envío a todo México."
DIS-GUA-247,Guantes de vinilo azul libre de polvo FLEX / Talla L 100 piezas,FLEX,Accesorios y Suministros Médicos,Guantes,Guantes de Vinyl,Accesorios y Suministros Médicos > Guantes > Guantes de Vinyl,976,119.23,116.85,115.65,,28.0,38.9,,disponible,0.67,https://www.promexsa.com.mx/productos/guante-de-vinyl-libre-de-polvo-azul-g-100-pz-flex/,https://acdn-us.mitiendanube.com/stores/001/946/809/products/7081eb4d-a6b0-43e9-9956-92416a73feb1-19a44984434311f79e17082139529687-480-0.webp,Presentación de 100 piezas para consultorios que necesitan guantes desechables sin polvo con fácil colocación. Ideal para compras recurrentes de clínicas y distribuidores.
DIS-BOR-654,Bolsa rpbi roja 90 cm x 120 xm 100 pz IXION,IXION,Sin Categoría,,,Sin Categoría,977,1677.27,1643.72,1626.95,,33.0,49.3,,disponible,1,https://www.promexsa.com.mx/productos/bolsa-rpbi-roja-90-cm-x-120-xm-100-pz-ixion/,https://acdn-us.mitiendanube.com/stores/001/946/809/products/e43c476e-8064-481d-8241-240bdb060eea-7e65c638aa2b5ff27417081585794202-480-0.webp,
DIS-BOR-653,Bolsa rpbi roja 77 cm x 90 xm 100 pz IXION,IXION,Sin Categoría,,,Sin Categoría,978,1123.41,1100.94,1089.71,,33.0,49.3,,disponible,5.74,https://www.promexsa.com.mx/productos/bolsa-rpbi-roja-77-cm-x-90-xm-100-pz-ixion/,https://acdn-us.mitiendanube.com/stores/001/946/809/products/17dd5140-0cab-4c0e-beb6-3714a181ca67-f3279e772046bdabd017081585637777-480-0.webp,
DIS-BOR-652,Bolsa rpbi roja 70 cm x 90 xm 100 pz IXION,IXION,Sin Categoría,,,Sin Categoría,979,982.99,963.33,953.5,,33.0,49.3,,disponible,5.74,https://www.promexsa.com.mx/productos/bolsa-rpbi-roja-70-cm-x-90-xm-100-pz-ixion/,https://acdn-us.mitiendanube.com/stores/001/946/809/products/e1efc436-a4a5-4bc0-a954-4946612505b8-b8a594b05767c1af2017081585521144-480-0.webp,
DIS-BOR-655,Bolsa rpbi roja 110 cm x 120 xm 100 pz IXION,IXION,Sin Categoría,,,Sin Categoría,980,1985.38,1945.67,1925.82,,33.0,49.3,,disponible,1,https://www.promexsa.com.mx/productos/bolsa-rpbi-roja-110-cm-x-120-xm-100-pz-ixion/,https://acdn-us.mitiendanube.com/stores/001/946/809/products/9e0bedcf-5a36-4424-8db9-e682e33dd305-7037994786611d6f7917081584783253-480-0.webp,
DIS-BOR-663,Bolsa rpbi amarilla 90 cm x 120 xm 100 pz IXION,IXION,Sin Categoría,,,Sin Categoría,981,1677.27,1643.72,1626.95,,33.0,49.3,,disponible,1,https://www.promexsa.com.mx/productos/bolsa-rpbi-amarilla-90-cm-x-120-xm-100-pz-ixion/,https://acdn-us.mitiendanube.com/stores/001/946/809/products/f4ebe979-2147-4a9c-ba6e-ed8ab1a9709e-792e139e3ad6a5a8da17081584655203-480-0.webp,
DIS-BOR-662,Bolsa rpbi amarilla 77 cm x 90 xm 100 pz IXION,IXION,Sin Categoría,,,Sin Categoría,982,1123.41,1100.94,1089.71,,33.0,49.3,,disponible,5.94,https://www.promexsa.com.mx/productos/bolsa-rpbi-amarilla-77-cm-x-90-xm-100-pz-ixion/,https://acdn-us.mitiendanube.com/stores/001/946/809/products/8fa88a37-e555-4bde-a256-af07c6cf17cb-d21dcf6bddbe3af02317081584534627-480-0.webp,
DIS-BOR-661,Bolsa rpbi amarilla 70 cm x 90 xm 100 pz IXION,IXION,Sin Categoría,,,Sin Categoría,983,982.99,963.33,953.5,,33.0,49.3,,disponible,6.14,https://www.promexsa.com.mx/productos/bolsa-rpbi-amarilla-70-cm-x-90-xm-100-pz-ixion/,https://acdn-us.mitiendanube.com/stores/001/946/809/products/11c61464-74c6-4fb2-bc28-b65d2fed41b2-c812d3adec4d67d3f417081584376679-480-0.webp,
DIS-BOR-660,Bolsa rpbi amarilla 60 cm x 90 xm 100 pz IXION,IXION,Sin Categoría,,,Sin Categoría,984,849.81,832.81,824.32,,33.0,49.3,,disponible,4.92,https://www.promexsa.com.mx/productos/bolsa-rpbi-amarilla-60-cm-x-90-xm-100-pz-ixion/,https://acdn-us.mitiendanube.com/stores/001/946/809/products/ff04a930-0088-4fa9-980e-9b73a6bd6570-d4e40e85d47e95273517081584249002-480-0.webp,
DIS-BOR-668,Bolsa rpbi amarilla 46 cm x 50 xm 100 pz IXION,IXION,Sin Categoría,,,Sin Categoría,985,380.1,372.5,368.7,,33.0,49.3,,disponible,2.18,https://www.promexsa.com.mx/productos/bolsa-rpbi-amarilla-46-cm-x-50-xm-100-pz-ixion/,https://acdn-us.mitiendanube.com/stores/001/946/809/products/4d40ba18-1e0c-4663-aa65-44cc3db7cdef-4e4f32ceba08f151d017081583882690-480-0.webp,
DIS-BOR-666,Bolsa rpbi amarilla 30 cm x 40 xm 100 pz IXION,IXION,Sin Categoría,,,Sin Categoría,986,213.05,208.79,206.66,,33.0,49.3,,disponible,1,https://www.promexsa.com.mx/productos/bolsa-rpbi-amarilla-30-cm-x-40-xm-100-pz-ixion/,https://acdn-us.mitiendanube.com/stores/001/946/809/products/44753d95-c5e6-4d78-9030-b36958946688-1180d1f36d127c4d7c17081583758516-480-0.webp,
DIS-BOR-665,Bolsa rpbi amarilla 20 cm x 30 xm 100 pz IXION,IXION,Sin Categoría,,,Sin Categoría,987,150.1,147.1,145.6,,33.0,49.3,,disponible,0.56,https://www.promexsa.com.mx/productos/bolsa-rpbi-amarilla-20-cm-x-30-xm-100-pz-ixion/,https://acdn-us.mitiendanube.com/stores/001/946/809/products/96add78f-c8f1-4641-9132-21a4f74c369a-43aab555bbfdee0be217081583594403-480-0.webp,
DIS-BOR-664,Bolsa rpbi amarilla 110 cm x 120 xm 100 pz IXION,IXION,Sin Categoría,,,Sin Categoría,988,2084.17,2042.49,2021.64,,33.0,49.3,,disponible,1,https://www.promexsa.com.mx/productos/bolsa-rpbi-amarilla-110-cm-x-120-xm-100-pz-ixion/,https://acdn-us.mitiendanube.com/stores/001/946/809/products/e1bf0c26-ffa6-4d0f-93da-2dca58fca32a-6ed3f408b8dfd73d5417081583369647-480-0.webp,
PDC-TOF-672,Toallas femeninas sin bolsa1 kg SELECCIONADA,DEMEVA,Cuidado Personal,Higiene Femenina,Cuidado Intimo,Cuidado Personal > Higiene Femenina > Cuidado Intimo,989,76.46,74.93,74.17,,45.0,81.8,,disponible,1,https://www.promexsa.com.mx/productos/toallas-femeninas-sin-bolsa1-kg-seleccionada/,https://acdn-us.mitiendanube.com/stores/001/946/809/products/ba34d0e0-255b-47c9-b894-67f88405fa32-85c1c1095cca7f871917078095105544-480-0.webp,
PDC-APD-670,Apósito de pañal para adulto 1kg SELECCIONADO,DEMEVA,Cuidado Personal,Incontinencia,Pañales para Adulto,Cuidado Personal > Incontinencia > Pañales para Adulto,990,41.78,40.94,40.53,,45.0,81.8,,disponible,1,https://www.promexsa.com.mx/productos/aposito-de-panal-para-adulto-1kg-seleccionado/,https://acdn-us.mitiendanube.com/stores/001/946/809/products/5d889621-0b5d-476a-8e3a-8c96fdf2566e-46d65728e050b09d5017078058585413-480-0.webp,
DIS-BOP-649,Bolsa para esterilizar de 7 1/2 x 13 (19 x 33 cm ) 200 pz GRUPREYSA,GRUPREYSA,Equipo Quirúrgico,Complementos Quirúrgicos,Accesorios para Esterilizar,Equipo Quirúrgico > Complementos Quirúrgicos > Accesorios para Esterilizar,991,504.61,494.52,489.47,,38.0,61.3,,disponible,1.52,https://www.promexsa.com.mx/productos/bolsa-para-esterilizar-de-7-1-2-x-13-19-x-33-cm-200-pz-reysa/,https://acdn-us.mitiendanube.com/stores/001/946/809/products/baberos-demeva-2024-03-12t203334-030-2f4bca3b36364c647017102972709068-480-0.webp,
DIS-ASQ-648,Aspirador quirúrgico 20 lts x min 7A-23B HERGOM,HERGOM,Equipo Quirúrgico,Aspiración,Aspiradores,Equipo Quirúrgico > Aspiración > Aspiradores,992,14504.77,14214.67,14069.63,,13.0,14.9,,disponible,1,https://www.promexsa.com.mx/productos/aspirador-quirurgico-20-lts-x-min-7a-23b-hergom/,https://acdn-us.mitiendanube.com/stores/001/946/809/products/126-2b63485e5d2a20190f17066868735117-480-0.webp,
DIS-APP-647,Apósito para fijación de catéter 10cm x 12cm. 50 pz SKINPROT,SKINPROT,Material de Curación,Apósitos,Apósitos de Fijacion,Material de Curación > Apósitos > Apósitos de Fijacion,993,598.59,586.62,580.63,,30.0,42.9,,disponible,1,https://www.promexsa.com.mx/productos/aposito-para-fijacion-de-cateter-10cm-x-12cm-50-pz-skinprot/,https://acdn-us.mitiendanube.com/stores/001/946/809/products/d00ea12b-933f-4c9c-abf6-aae6080d9e2d-00b37e67795c32c95117066854665296-480-0.webp,
DIS-VEE-547,Venda elástica 7.5 cm 12 pz QUIRMEX,QUIRMEX,Material de Curación,Vendas,Vendas para Curación,Material de Curación > Vendas > Vendas para Curación,994,100.62,98.61,97.6,,30.0,42.9,,disponible,1,https://www.promexsa.com.mx/productos/venda-elastica-7-5-cm-12-pz-quirmex/,https://acdn-us.mitiendanube.com/stores/001/946/809/products/f3572ea3-0758-4d05-82a0-c036f0edb682-8191dccbb9745c9daf17063354778140-480-0.webp,
DIS-VEE-530,Venda elástica 10 cm 12 pz QUIRMEX,QUIRMEX,Material de Curación,Vendas,Vendas para Curación,Material de Curación > Vendas > Vendas para Curación,995,131.92,129.28,127.96,,30.0,42.9,,disponible,1,https://www.promexsa.com.mx/productos/venda-elastica-10-cm-12-pz-quirmex/,https://acdn-us.mitiendanube.com/stores/001/946/809/products/f67fbbc0-090e-4f5f-9f95-942693102cb9-07c4bf77c9d1bfdff417063352832507-480-0.webp,
DIS-VEE-544,Venda elástica 5 cm 12 pz QUIRMEX,QUIRMEX,Material de Curación,Vendas,Vendas para Curación,Material de Curación > Vendas > Vendas para Curación,996,76.75,75.22,74.45,,30.0,42.9,,disponible,1,https://www.promexsa.com.mx/productos/venda-elastica-5-cm-12-pz-quirmex/,https://acdn-us.mitiendanube.com/stores/001/946/809/products/5d5d11dd-6cc4-4a60-bbe1-e0c3cf53d405-60950971c2bddd845617063352498162-480-0.webp,
DIS-VEE-542,Venda elástica 30 cm QUIRMEX,QUIRMEX,Material de Curación,Vendas,Vendas para Curación,Material de Curación > Vendas > Vendas para Curación,997,29.82,29.22,28.93,,30.0,42.9,,disponible,1,https://www.promexsa.com.mx/productos/venda-elastica-30-cm-quirmex/,https://acdn-us.mitiendanube.com/stores/001/946/809/products/f2e45f8d-9756-48c1-aacc-aa231eb253a2-1011322c11953c370917063345175632-480-0.webp,
DIS-VEE-537,Venda elástica 25 cm 12 pz QUIRMEX,QUIRMEX,Material de Curación,Vendas,Vendas para Curación,Material de Curación > Vendas > Vendas para Curación,998,274.24,268.76,266.01,,30.0,42.9,,disponible,1,https://www.promexsa.com.mx/productos/venda-elastica-25-cm-12-pz-quirmex/,https://acdn-us.mitiendanube.com/stores/001/946/809/products/c313e357-58bd-43c5-9c89-d52391cfe6d5-ef893a22152a4a125217063341094324-480-0.webp,
DIS-VEE-535,Venda elástica 20 cm 12 pz QUIRMEX,QUIRMEX,Material de Curación,Vendas,Vendas para Curación,Material de Curación > Vendas > Vendas para Curación,999,246.55,241.62,239.15,,30.0,42.9,,disponible,1,https://www.promexsa.com.mx/productos/venda-elastica-20-cm-12-pz-quirmex/,https://acdn-us.mitiendanube.com/stores/001/946/809/products/a8be974c-6b46-49f1-9537-a4f718b2d8ed-6405e444d34fc8911317063339638581-480-0.webp,
DIS-TIL-599,Tira leche de cristal DIBAR,DIBAR,Cuidado Personal,Artículos para Maternidad,Lactancia,Cuidado Personal > Artículos para Maternidad > Lactancia,1000,43.01,42.15,41.72,,45.0,81.8,,disponible,1,https://www.promexsa.com.mx/productos/tira-leche-de-cristal-dibar/,https://acdn-us.mitiendanube.com/stores/001/946/809/products/572de958-08d0-4aed-8c1d-0db0807999e5-3b4a76277d4b400bc517055608537363-480-0.webp,
DIS-ROD-489,Rollo de Tela Adhesiva en Tubo 5 cm x 10 cm 6 pz DIBAR,DIBAR,Material de Curación,,,Material de Curación,1001,585.88,574.16,568.3,,30.0,42.9,,disponible,0.56,https://www.promexsa.com.mx/productos/rollo-de-tela-adhesiva-en-tubo-5-cm-x-10-cm-6-pz-dibar/,https://acdn-us.mitiendanube.com/stores/001/946/809/products/5d1aa1fe-198b-4c20-a1df-5d3007d6abe4-1484fb33c8cafadbff17055606375538-480-0.webp,
DIS-GUD-189,Guantes de látex desechable con polvo DERMA CARE / Talla L 100 piezas,DERMA CARE,Accesorios y Suministros Médicos,Guantes,Guantes de Látex,Accesorios y Suministros Médicos > Guantes > Guantes de Látex,1002,101.76,99.72,98.71,,28.0,38.9,,disponible,0.58,https://www.promexsa.com.mx/productos/guante-de-latex-desechable-con-polvo-g-derma-care/,https://acdn-us.mitiendanube.com/stores/001/946/809/products/07eff326-fc86-41df-9a12-45a3311d58fbsv2014-02-14srbsigjmhvnpdfqgldptvpshggbbc2br2bxlkh5gcd2fghhckrek3dst2023-09-16t003a563a53zse2123-09-16t013a063a53zspr-4eccc52f45f3f3bec716948273799035-480-0.webp,Este modelo de guantes de látex Derma Care está diseñado para consultorios y hospitales que requieren higiene y disponibilidad constante en sus procesos.
DIS-COE-566,Conector en Y MERKAMED,MERKAMED,Áreas y Especialidades,Inhaloterapia,Conectores para Oxígeno,Áreas y Especialidades > Inhaloterapia > Conectores para Oxígeno,1003,10.47,10.26,10.16,,40.0,66.7,,disponible,0.02,https://www.promexsa.com.mx/productos/conector-en-y-merkamed/,https://acdn-us.mitiendanube.com/stores/001/946/809/products/43165dc8-8dcd-4187-9311-194be5fcf00csv2014-02-14srbsigq5auqgpt09bhi9ogu4bcqfzmty8hvif3ytrjf2qsg8w3dst2023-09-15t013a123a33zse2123-09-15t013a223a33zspr-1d90f7a408e94334b216947412687736-480-0.webp,
DIS-BOR-564,Bolsa recolectora de orina sistema cerrado 2000 ml MERKAMED,MERKAMED,Áreas y Especialidades,Urología,Evacuación y Recolección de Orina,Áreas y Especialidades > Urología > Evacuación y Recolección de Orina,1004,35.21,34.51,34.15,,40.0,66.7,,disponible,0.98,https://www.promexsa.com.mx/productos/bolsa-recolectora-de-orina-2000-ml-merka-med/,https://acdn-us.mitiendanube.com/stores/001/946/809/products/b441a837-39f2-4a04-8303-bc10a6e4570dsv2014-02-14srbsigpejxflseap3aoelbd0ohrkktdrtb1u5aqxdxdj2b4oma3dst2023-09-13t233a163a40zse2123-09-13t233a263a40zspr-4855769fcbdac9191616946476965390-480-0.webp,Bolsa recolectora de orina 2000 ml MERKAMED
DIS-ESS-693,Estetoscopio simple azul adulto E1-1S HERGOM,HERGOM,Equipo y Mobiliario,Equipo de Diagnostico y Monitoreo,Estetoscopio,Equipo y Mobiliario > Equipo de Diagnostico y Monitoreo > Estetoscopio,1005,114.59,112.3,111.15,,20.0,25.0,,disponible,1,https://www.promexsa.com.mx/productos/estetoscopio-simple-azul-adulto-hergom/,https://acdn-us.mitiendanube.com/stores/001/946/809/products/c236c655-b58a-425b-983a-4bb7cad5b361sv2014-02-14srbsigtkkvptouur0tsjwtfjlb2fn82k3ith0kyu3yuiqmwymq3dst2023-07-28t183a183a17zse2123-07-28t183a283a17zspr-bbb752c8429ea54fa716910428542741-480-0.webp,Estetoscopio simple azul adulto HERGOM
DIS-KID-709,Kit Baumanómetro con estetoscopio campana doble rosa B1-6D HERGOM,HERGOM,Equipo y Mobiliario,Equipo de Diagnostico y Monitoreo,Baumanometros,Equipo y Mobiliario > Equipo de Diagnostico y Monitoreo > Baumanometros,1006,311.74,305.51,302.39,,20.0,25.0,,disponible,0.44,https://www.promexsa.com.mx/productos/kit-baumanometro-con-estetoscopio-campana-doble-rosa-b1-6d-hergom/,https://acdn-us.mitiendanube.com/stores/001/946/809/products/c6f5a7f8-9604-4a80-9dac-449d3814361fsv2014-02-14srbsigkug5lgewixnbvtuyctxvmn7gyizve2fijo6phsmens2i3dst2023-08-03t053a413a51zse2123-08-03t053a513a51zspr-480d7ea916a77878ca16910419834881-480-0.webp,
DIS-TAM-703,Taylor martillo de reflejos verde 1-138V HERGOM,HERGOM,Equipo Quirúrgico,Instrumental Quirúrgico,Martillos,Equipo Quirúrgico > Instrumental Quirúrgico > Martillos,1007,73.99,72.51,71.77,,38.0,61.3,,disponible,1,https://www.promexsa.com.mx/productos/taylor-martillo-de-reflejos-verde-hergom/,https://acdn-us.mitiendanube.com/stores/001/946/809/products/2edfb062-9369-4291-b544-331ee689d219sv2014-02-14srbsigsdxvqxkn8r0xmgq8cq6ognhrvbc3122bwomp6mfju5c43dst2023-07-28t213a393a58zse2123-07-28t213a493a58zspr-821e347d8df018f9ea16905810515031-480-0.webp,Taylor martillo de reflejos verde HERGOM
DIS-TAM-704,Taylor martillo de reflejos rojo 1-138RJ HERGOM,HERGOM,Equipo Quirúrgico,Instrumental Quirúrgico,Martillos,Equipo Quirúrgico > Instrumental Quirúrgico > Martillos,1008,73.99,72.51,71.77,,38.0,61.3,,disponible,1,https://www.promexsa.com.mx/productos/taylor-martillo-de-reflejos-rojo-hergom/,https://acdn-us.mitiendanube.com/stores/001/946/809/products/2012dbf2-8b7c-49ae-b062-18130cfad964sv2014-02-14srbsig3fkpx1chpvc3okh5agjq7iva2fxdqwhnnpulaqxamdps3dst2023-07-28t213a343a08zse2123-07-28t213a443a08zspr-ee6d567b266c63557016905806827220-480-0.webp,Taylor martillo de reflejos rojo HERGOM
DIS-TAM-701,Taylor martillo de reflejos negro 1-138N HERGOM,HERGOM,Equipo Quirúrgico,Instrumental Quirúrgico,Martillos,Equipo Quirúrgico > Instrumental Quirúrgico > Martillos,1009,73.99,72.51,71.77,,38.0,61.3,,disponible,1,https://www.promexsa.com.mx/productos/taylor-martillo-de-reflejos-negro-hergom/,https://acdn-us.mitiendanube.com/stores/001/946/809/products/62bb08ea-fd80-485c-8b4b-efcc6efbda78sv2014-02-14srbsigqvnpleix9rx4kf1amjcsxnoabxuqb6oevgfrrbwod9u3dst2023-07-28t213a313a51zse2123-07-28t213a413a51zspr-67dfea4ccebd7b369b16905805419863-480-0.webp,Taylor martillo de reflejos negro HERGOM
DIS-TAM-700,Taylor martillo de reflejos lila 1-138L HERGOM,HERGOM,Equipo Quirúrgico,Instrumental Quirúrgico,Martillos,Equipo Quirúrgico > Instrumental Quirúrgico > Martillos,1010,73.99,72.51,71.77,,38.0,61.3,,disponible,1,https://www.promexsa.com.mx/productos/taylor-martillo-de-reflejos-lila-hergom/,https://acdn-us.mitiendanube.com/stores/001/946/809/products/ff81e749-3f60-4e5d-acbc-368312d3edadsv2014-02-14srbsigtzm3alcouuqfp8uwadmlwumwf7plj3rdas2bgvrf5egu3dst2023-07-28t213a253a22zse2123-07-28t213a353a22zspr-6d4a3f506575936e5416905801591173-480-0.webp,Taylor martillo de reflejos lila HERGOM
DIS-ESS-697,Estetoscopio simple rosa adulto E1-6S HERGOM,HERGOM,Equipo y Mobiliario,Equipo de Diagnostico y Monitoreo,Estetoscopio,Equipo y Mobiliario > Equipo de Diagnostico y Monitoreo > Estetoscopio,1011,114.59,112.3,111.15,,20.0,25.0,,disponible,1,https://www.promexsa.com.mx/productos/estetoscopio-simple-rosa-adulto-hergom/,https://acdn-us.mitiendanube.com/stores/001/946/809/products/bebbb9c2-3ba6-43d9-843f-7fed7340d420sv2014-02-14srbsigwga3conzt2b2b6gpuslkiyij0limhycocki2ke3gxysqu3dst2023-07-28t183a433a50zse2123-07-28t183a533a50zspr-e90135decb7bccc23f16905704793312-480-0.webp,Estetoscopio simple rosa adulto HERGOM
DIS-ESS-696,Estetoscopio simple rojo adulto E1-5S HERGOM,HERGOM,Equipo y Mobiliario,Equipo de Diagnostico y Monitoreo,Estetoscopio,Equipo y Mobiliario > Equipo de Diagnostico y Monitoreo > Estetoscopio,1012,114.59,112.3,111.15,,20.0,25.0,,disponible,1,https://www.promexsa.com.mx/productos/estetoscopio-simple-rojo-adulto-hergom/,https://acdn-us.mitiendanube.com/stores/001/946/809/products/fd8b24af-4930-43a2-95de-6c46e1bf29d8sv2014-02-14srbsig2ikmbmabs3yr3e3u92ba015op6uc9imwjccqeyloerbq3dst2023-07-28t183a383a26zse2123-07-28t183a483a26zspr-4e860b3ee6ac4b4bb716905701365678-480-0.webp,Estetoscopio simple rojo adulto HERGOM
DIS-ESS-695,Estetoscopio simple negro adulto E1-4S HERGOM,HERGOM,Equipo y Mobiliario,Equipo de Diagnostico y Monitoreo,Estetoscopio,Equipo y Mobiliario > Equipo de Diagnostico y Monitoreo > Estetoscopio,1013,114.59,112.3,111.15,,20.0,25.0,,disponible,1,https://www.promexsa.com.mx/productos/estetoscopio-simple-negro-adulto-hergom/,https://acdn-us.mitiendanube.com/stores/001/946/809/products/96911ef0-3d77-4fe1-a9e5-04cd30c72b30sv2014-02-14srbsigljyjgvfmdxwvzs2bpelgy7xm93dteg2bip3cj590flysi3dst2023-07-28t183a353a37zse2123-07-28t183a453a37zspr-cbd08a5685d04f8f8a16905699629911-480-0.webp,Estetoscopio simple negro adulto HERGOM
DIS-ESS-694,Estetoscopio simple gris adulto E1-3S HERGOM,HERGOM,Equipo y Mobiliario,Equipo de Diagnostico y Monitoreo,Estetoscopio,Equipo y Mobiliario > Equipo de Diagnostico y Monitoreo > Estetoscopio,1014,114.59,112.3,111.15,,20.0,25.0,,disponible,0.1,https://www.promexsa.com.mx/productos/estetoscopio-simple-gris-adulto-hergom/,https://acdn-us.mitiendanube.com/stores/001/946/809/products/92e04069-791c-4632-bff2-ca02a955fe7csv2014-02-14srbsigecwzr0wiqgzy0mi44peek730sbe2fxdsqrvj9mgaitam3dst2023-07-28t183a313a20zse2123-07-28t183a413a20zspr-1387a50e1c34e1213f16905697084159-480-0.webp,Estetoscopio simple gris adulto HERGOM
DIS-ESS-698,Estetoscopio simple azul cielo adulto E1-7S HERGOM,HERGOM,Equipo y Mobiliario,Equipo de Diagnostico y Monitoreo,Estetoscopio,Equipo y Mobiliario > Equipo de Diagnostico y Monitoreo > Estetoscopio,1015,114.59,112.3,111.15,,20.0,25.0,,disponible,1,https://www.promexsa.com.mx/productos/estetoscopio-simple-azul-cielo-adulto-hergom/,https://acdn-us.mitiendanube.com/stores/001/946/809/products/663a72b8-bba7-4655-af51-d24f2aafc0edsv2014-02-14srbsigd0te8b8amrytdgwf9leym1caljkazd65lg7km2uvttc3dst2023-07-28t183a243a04zse2123-07-28t183a343a04zspr-b044135c0cd2e8a9c016905693989157-480-0.webp,Estetoscopio simple azul cielo adulto HERGOM
DIS-VAR-529,Vaso recolector no estéril 100 ml 1 pz DIBAR,DIBAR,Sin Categoría,,,Sin Categoría,1016,6.51,6.38,6.31,,33.0,49.3,,disponible,1,https://www.promexsa.com.mx/productos/vaso-recolector-no-esteril-100-ml-1-pz-dibar/,https://acdn-us.mitiendanube.com/stores/001/946/809/products/d9063298-c48b-4ede-a3e8-74329b977481sv2014-02-14srbsigxyjdhceoqdi2bimfphnhn2bdhvmpd9vmgwjrknspfvlfs3dst2022-07-03t063a433a26zse2122-07-03t063a533a26zspr-336bfe7405cf9a920f16872254218687-480-0.webp,
DIS-TUP-526,Tubo penrose 3/8 HOLY,HOLY,Equipo Quirúrgico,Drenajes,,Equipo Quirúrgico > Drenajes,1017,40.35,39.54,39.14,,38.0,61.3,,disponible,1,https://www.promexsa.com.mx/productos/tubo-penrose-3-8-holy/,https://acdn-us.mitiendanube.com/stores/001/946/809/products/82-6d885ef2452444924617592631328273-480-0.webp,
DIS-TUP-522,Tubo penrose 1 HOLY,HOLY,Equipo Quirúrgico,Drenajes,,Equipo Quirúrgico > Drenajes,1018,40.35,39.54,39.14,,38.0,61.3,,disponible,1,https://www.promexsa.com.mx/productos/tubo-penrose-1-holy/,https://acdn-us.mitiendanube.com/stores/001/946/809/products/82-caf0620e6ff1dde4f517592622308122-480-0.webp,
PDC-TOS-495,Toalla sanitaria por kilo REGULAR,DEMEVA,Cuidado Personal,,,Cuidado Personal,1019,36.01,35.29,34.93,,45.0,81.8,,disponible,1,https://www.promexsa.com.mx/productos/toalla-sanitaria-por-kilo-regular/,https://acdn-us.mitiendanube.com/stores/001/946/809/products/buenos-731-fc139aafeefc2bb76216880208232478-480-0.webp,
DIS-TEL-489,Tela adhesiva durapore 5cm con 6 rollos 3M,3M,Material de Curación,,,Material de Curación,1020,617.98,605.62,599.44,,30.0,42.9,,disponible,1,https://www.promexsa.com.mx/productos/tela-adhesiva-5cm-con-6-rollos-3m/,https://acdn-us.mitiendanube.com/stores/001/946/809/products/buenos-531-38ce84b03794b623ff16880170101776-480-0.webp,
PDC-TAA-43,Tapón auditivo reusable dp HA-026 100 pz DERMA CARE,DERMA CARE,Equipo de Protección Personal,,,Equipo de Protección Personal,1021,956.8,937.66,928.1,,32.0,47.1,,disponible,1,https://www.promexsa.com.mx/productos/tapon-auditivo-reusable-dp-100-pz-derma-care/,https://acdn-us.mitiendanube.com/stores/001/946/809/products/9de9fd08-cc1c-42f3-a78c-ffc6817cad6csv2014-02-14srbsigxkqpsdfw0dit4t2jge9frwotubl6cy2fl7hhvczriee03dst2023-03-16t223a483a01zse2123-03-16t223a583a01zspr-2be80fee5bb92b154516872226639104-480-0.webp,Tapón auditivo reusable dp 100 pz DERMA CARE
DIS-SOP-480,Sonda para aspiracion de secreciones 5 fr SENSIMEDICAL,SENSI MEDICAL,Áreas y Especialidades,Gastroenterología,Alimentación Gástrica,Áreas y Especialidades > Gastroenterología > Alimentación Gástrica,1022,11.18,10.96,10.84,,40.0,66.7,,disponible,1,https://www.promexsa.com.mx/productos/sonda-para-aspiracion-de-secreciones-5-fr-sensi-medical/,https://acdn-us.mitiendanube.com/stores/001/946/809/products/aspi31-08593bab090a8eea7d16875836663571-480-0.webp,
PDC-REH-36,Respirador hy-8812 10 pz DERMA CARE,DERMA CARE,Equipo de Protección Personal,,,Equipo de Protección Personal,1023,230.54,225.93,223.62,,32.0,47.1,,disponible,1,https://www.promexsa.com.mx/productos/respirador-hy-8812-10-pz-derma-care/,https://acdn-us.mitiendanube.com/stores/001/946/809/products/buenos-211-5061aa899bdd18a02f16877613175944-480-0.webp,
DIS-PRE-406,Prueba de embarazo ultrasensible 1pz DIBAR,DIBAR,Áreas y Especialidades,Ginecología,Pruebas de Embarazo,Áreas y Especialidades > Ginecología > Pruebas de Embarazo,1024,35.6,34.89,34.53,,40.0,66.7,,disponible,1,https://www.promexsa.com.mx/productos/prueba-de-embarazo-ultrasensible-1pz-dibar/,https://acdn-us.mitiendanube.com/stores/001/946/809/products/3b9f80ef-4f64-40d2-8d68-7e4cbf0d2380sv2014-02-14srbsigyxb49cdcggd2bk2wvyv5vs2bo2fue0jg82fd1nh9ddoe1ee3dst2022-09-19t233a193a59zse2122-09-19t233a293a59zspr-06bde3310c124a335016872168355032-480-0.webp,
DIS-POS-405,Porrón sanitizante 20L DIBAR,DIBAR,Accesorios y Suministros Médicos,Sueros E Hidratantes,Desinfectantes y Sanitizantes,Accesorios y Suministros Médicos > Sueros E Hidratantes > Desinfectantes y Sanitizantes,1025,1263.72,1238.45,1225.81,,28.0,38.9,,disponible,1,https://www.promexsa.com.mx/productos/porron-sanitizante-20l-dibar/,https://acdn-us.mitiendanube.com/stores/001/946/809/products/c1486786-dff8-46a2-aacd-e0450c532578sv2014-02-14srbsigzxf2eoetxzmzmg3z1anjxarqn9ngrerc2r3ucjg1iho3dst2022-09-21t223a173a44zse2122-09-21t223a273a44zspr-6ac4f38b87f717ae0e16872168082935-480-0.webp,
DIS-PAP-403,Paquete para cirugía universal mayor GHMEDIC,GH MEDIC,Sin Categoría,,,Sin Categoría,1026,254,248.92,246.38,,33.0,49.3,,disponible,0.68,https://www.promexsa.com.mx/productos/paquete-para-cirugia-universal-mayor-ghmedic/,https://acdn-us.mitiendanube.com/stores/001/946/809/products/79aec58b-a957-4216-aeef-132c5072d592sv2014-02-14srbsigpzesajy2bcyxltdyonir7ksexjb9yqgfhao9uizatq043dst2022-10-04t133a303a21zse2122-10-04t133a403a21zspr-6776cafcad765c0a1716872163361148-480-0.webp,
DIS-PAP-402,Paquete para cirugía menor GHMEDIC,GH MEDIC,Sin Categoría,,,Sin Categoría,1027,191.69,187.86,185.94,,33.0,49.3,,disponible,0.3,https://www.promexsa.com.mx/productos/paquete-para-cirugia-menor-ghmedic/,https://acdn-us.mitiendanube.com/stores/001/946/809/products/buenos-9211-e08588a69c0584182816881073033976-480-0.webp,
DIS-PAP-401,Paquete para cesárea y cirugía general GHMEDIC,GH MEDIC,Sin Categoría,,,Sin Categoría,1028,257.55,252.4,249.82,,33.0,49.3,,disponible,0.74,https://www.promexsa.com.mx/productos/paquete-para-cesarea-y-cirugia-general-ghmedic/,https://acdn-us.mitiendanube.com/stores/001/946/809/products/buenos-922-07c337df965af1dad816881072909097-480-0.webp,
DIS-PAC-637,Paquete cesárea y cirugía general (060.231.0583) PROVEMEDIC,PROVEMEDIC,Sin Categoría,,,Sin Categoría,1029,370.75,363.33,359.63,,33.0,49.3,,disponible,1,https://www.promexsa.com.mx/productos/paquete-cesarea-y-cirugia-general-060-231-0583-provemedic/,https://acdn-us.mitiendanube.com/stores/001/946/809/products/buenos-901-5a7fdbc90fe1523da816881067159592-480-0.webp,
PDC-PAA-379,Pañal para adulto premium g 10 pz SANTA JULIA,SANTA JULIA,Cuidado Personal,Incontinencia,Pañales para Adulto,Cuidado Personal > Incontinencia > Pañales para Adulto,1030,91.75,89.91,89,,45.0,81.8,,disponible,1,https://www.promexsa.com.mx/productos/panal-adulto-premium-talla-g-10-pz-santa-julia/,https://acdn-us.mitiendanube.com/stores/001/946/809/products/138c8bbd-c7e4-4d78-8e63-8714e1e11095sv2014-02-14srbsig5gn9bwruwcmqdtz2fix7zg5k3vnf2f42ukhdnjtcdzkgq3dst2022-10-13t213a263a52zse2122-10-13t213a363a52zspr-9ade7d543a3be3aca216872153481870-480-0.webp,Pañal adulto premium talla g 10 pz SANTA JULIA
PDC-OVT-47,Overol tipo tyvek blanco g DERMA CARE,DERMA CARE,Equipo de Protección Personal,,,Equipo de Protección Personal,1031,80.97,79.35,78.54,,32.0,47.1,,disponible,0.16,https://www.promexsa.com.mx/productos/overol-tipo-tyvek-blanco-g-derma-care/,https://acdn-us.mitiendanube.com/stores/001/946/809/products/97ab939d-ae55-46f5-a185-114bb86b1836sv2014-02-14srbsigdyzvbk60r5ubfy1b3jxx94rtkhefym3eoq1fkab7ite3dst2023-04-04t133a193a59zse2123-04-04t133a293a59zspr-96e265592fc79b0d8216872151259692-480-0.webp,
PDC-OVT-46,Overol tipo tyvek blanco xg DERMA CARE,DERMA CARE,Equipo de Protección Personal,,,Equipo de Protección Personal,1032,51.08,50.06,49.55,,32.0,47.1,,disponible,0.16,https://www.promexsa.com.mx/productos/overol-tipo-tyvek-blanco-xg-derma-care/,https://acdn-us.mitiendanube.com/stores/001/946/809/products/07d10cfd-926e-4518-a533-319d5d966fdbsv2014-02-14srbsigwhrt0fmgnx7ewxo7c2fann2wpqd5rtbaice7hwdzy3vu3dst2023-04-04t133a123a35zse2123-04-04t133a223a35zspr-96e265592fc79b0d8216872150996838-480-0.webp,
PDC-OVT-48,Overol tipo tyvek blanco m DERMA CARE,DERMA CARE,Equipo de Protección Personal,,,Equipo de Protección Personal,1033,51.08,50.06,49.55,,32.0,47.1,,disponible,0.14,https://www.promexsa.com.mx/productos/overol-tipo-tyvek-blanco-m-derma-care/,https://acdn-us.mitiendanube.com/stores/001/946/809/products/e445daf1-ecda-4b31-aee9-8609b51162bfsv2014-02-14srbsigirzwwz2fdcddqnajjmowuhkiy55lra5rfr2dvmxiyl3e3dst2023-04-04t133a193a15zse2123-04-04t133a293a15zspr-96e265592fc79b0d8216872150734691-480-0.webp,
DIS-NYD-375,Nylon 5-0 ce19 o pe19 con 12 pz ATRAMAT,ATRAMAT,Equipo Quirúrgico,Suturas,,Equipo Quirúrgico > Suturas,1034,892.06,874.22,865.3,,38.0,61.3,,disponible,1,https://www.promexsa.com.mx/productos/nylon-5-0-ce19-o-pe19-con-12-pz-atramat/,https://acdn-us.mitiendanube.com/stores/001/946/809/products/buenos-991-0ed8f509ae0953ffb416881082343520-480-0.webp,
DIS-NYD-374,Nylon 4-0 ce19 o pe19 con 12 pz ATRAMAT,ATRAMAT,Equipo Quirúrgico,Suturas,,Equipo Quirúrgico > Suturas,1035,892.06,874.22,865.3,,38.0,61.3,,disponible,1,https://www.promexsa.com.mx/productos/nylon-4-0-ce19-o-pe19-con-12-pz-atramat/,https://acdn-us.mitiendanube.com/stores/001/946/809/products/buenos-971-ab3f28328fcae1f97a16881081038954-480-0.webp,
DIS-NYD-373,Nylon 3-0 ce19 o pe19 con 12 pz ATRAMAT,ATRAMAT,Equipo Quirúrgico,Suturas,,Equipo Quirúrgico > Suturas,1036,892.06,874.22,865.3,,38.0,61.3,,disponible,1,https://www.promexsa.com.mx/productos/nylon-3-0-ce19-o-pe19-con-12-pz-atramat/,https://acdn-us.mitiendanube.com/stores/001/946/809/products/buenos-981-675e71818264aea17416881081587612-480-0.webp,
ORT-MUA-553,Muleta axilar m SUPER CONFORT,CONFORT,Cuidado Personal,Auxiliares de Movilidad,Muletas,Cuidado Personal > Auxiliares de Movilidad > Muletas,1037,423.93,415.45,411.21,,45.0,81.8,,disponible,1,https://www.promexsa.com.mx/productos/muleta-axilar-m-super-confort/,https://acdn-us.mitiendanube.com/stores/001/946/809/products/buenos-222-bd780fdba57ce0ef2716877614698734-480-0.webp,
ORT-MUA-554,Muleta axilar g SUPER CONFORT,CONFORT,Cuidado Personal,Auxiliares de Movilidad,Muletas,Cuidado Personal > Auxiliares de Movilidad > Muletas,1038,441.67,432.84,428.42,,45.0,81.8,,disponible,1,https://www.promexsa.com.mx/productos/muleta-axilar-g-super-confort/,https://acdn-us.mitiendanube.com/stores/001/946/809/products/buenos-2221-e6dbb1fed1033de6dd16877614774210-480-0.webp,
ORT-MUA-552,Muleta axilar ch SUPER CONFORT,CONFORT,Cuidado Personal,Auxiliares de Movilidad,Muletas,Cuidado Personal > Auxiliares de Movilidad > Muletas,1039,423.93,415.45,411.21,,45.0,81.8,,disponible,1,https://www.promexsa.com.mx/productos/muleta-axilar-ch-super-confort/,https://acdn-us.mitiendanube.com/stores/001/946/809/products/buenos-2211-61d17b23f29b813e9c16877614711137-480-0.webp,
DIS-MOD-372,Monocryl 3-0 con 36 pz ATRAMAT,ATRAMAT,Equipo Quirúrgico,Suturas,,Equipo Quirúrgico > Suturas,1040,8159.32,7996.13,7914.54,,18.0,22.0,,disponible,1,https://www.promexsa.com.mx/productos/monocryl-3-0-con-36-pz-atramat/,https://acdn-us.mitiendanube.com/stores/001/946/809/products/buenos-1001-03302f5b65cb3c559a16881084219771-480-0.webp,
DIS-MIP-371,Micropore piel 1.25 cm 24 pz 3M,3M,Material de Curación,,,Material de Curación,1041,333.01,326.35,323.02,,30.0,42.9,,disponible,1,https://www.promexsa.com.mx/productos/micropore-piel-1-25-cm-24-pz-3m/,https://acdn-us.mitiendanube.com/stores/001/946/809/products/4c934154-bacd-4750-9200-b46bacc84a3asv2014-02-14srbsig3ggwvwgjww1dqcjxg0njyto15qaekeunnwfec4all6a3dst2022-10-13t203a473a33zse2122-10-13t203a573a33zspr-4b956083641ca2289e16872142819104-480-0.webp,
DIS-MEA-369,Media antiembólica larga al muslo g PROTEC,PROTEC,Sin Categoría,,,Sin Categoría,1042,241.3,236.47,234.06,,33.0,49.3,,disponible,0.08,https://www.promexsa.com.mx/productos/media-antiembolica-larga-al-muslo-g-1-par-protec/,https://acdn-us.mitiendanube.com/stores/001/946/809/products/b409f34d-47a2-473f-a905-2274757dcc33sv2014-02-14srbsigcgzf9l2bwuddca6adi2fgjpcyhmzv0ckq84phefealtum3dst2022-08-31t003a403a10zse2122-08-31t003a503a10zspr-0421908d20ba91c58c16872141761482-480-0.webp,Media antiembólica larga al muslo g 1 par PROTEC
DIS-MAS-358,Mascarilla de adulto para anestesia HUDSON,HUDSON,Áreas y Especialidades,Anestesiología,Sondas para Anestesia,Áreas y Especialidades > Anestesiología > Sondas para Anestesia,1043,104.14,102.06,101.02,,40.0,66.7,,disponible,1,https://www.promexsa.com.mx/productos/mascarilla-de-adulto-para-anestesia-hudson/,https://acdn-us.mitiendanube.com/stores/001/946/809/products/3d57050e-25aa-4b80-bddf-c699cf4d6574sv2014-02-14srbsigf19oabe3wgj2bmj5gzgw9xm8vggvkzmtoo57a4f9zsn83dst2022-10-13t193a363a40zse2122-10-13t193a463a40zspr-6c391851e28f151d0616872137333757-480-0.webp,
DIS-MAP-696,Mango para bisturi #4 2-4-2 h.p HERGOM,HERGOM,Equipo Quirúrgico,Instrumental Quirúrgico,,Equipo Quirúrgico > Instrumental Quirúrgico,1044,84.41,82.72,81.88,,38.0,61.3,,disponible,1,https://www.promexsa.com.mx/productos/mango-para-bisturi-4-h-p-hergom/,https://acdn-us.mitiendanube.com/stores/001/946/809/products/mango11-b419d931a2f81b86bf16877424399120-480-0.webp,Mango para bisturi #4 h.p HERGOM
DIS-MAP-695,Mango para bisturi #3 2-1-2 h.p HERGOM,HERGOM,Equipo Quirúrgico,Instrumental Quirúrgico,,Equipo Quirúrgico > Instrumental Quirúrgico,1045,84.41,82.72,81.88,,38.0,61.3,,disponible,1,https://www.promexsa.com.mx/productos/mango-para-bisturi-3-h-p-hergom/,https://acdn-us.mitiendanube.com/stores/001/946/809/products/mango1-0bfaf4f7bfe567f8d716877424451690-480-0.webp,Mango para bisturi #3 h.p HERGOM
DIS-LLA-354,Llave de tres vías con extensión 80 cm TECMED,TECMED,Equipo Quirúrgico,Accesorios Quirúrgicos,,Equipo Quirúrgico > Accesorios Quirúrgicos,1046,21.94,21.5,21.28,,38.0,61.3,,disponible,1,https://www.promexsa.com.mx/productos/llave-de-tres-vias-con-extension-80-cm-25-pz-tecmed/,https://acdn-us.mitiendanube.com/stores/001/946/809/products/2e40f514-395a-40e5-b28e-c1ee960992dfsv2014-02-14srbsigtaih3hlmyapqeju7ftmcwnxi9whzonnpdcyzxkmiumk3dst2023-03-09t213a393a53zse2123-03-09t213a493a53zspr-d98e176d4c15e6edb916872132949786-480-0.webp,Llave de tres vías con extensión 80 cm 25 pz TECMED
DIS-LLD-353,Llave de tres vías sin extensión MERCKAMED,MERCKAMED,Equipo Quirúrgico,Accesorios Quirúrgicos,,Equipo Quirúrgico > Accesorios Quirúrgicos,1047,17.38,17.03,16.86,,38.0,61.3,,disponible,1,https://www.promexsa.com.mx/productos/llave-de-tres-sin-extension-merckamed/,https://acdn-us.mitiendanube.com/stores/001/946/809/products/0b1d611b-4ca6-4b27-98ca-4c3bd80f0403sv2014-02-14srbsigaz1bskkxvq10vtb2blma95zcrft63yqcjdt1wjfplifq3dst2022-10-06t013a493a49zse2122-10-06t013a593a49zspr-79e67e17ae9a4bcfeb16872132683149-480-0.webp,Llave de tres sin extensión MERCKAMED
PDC-LES-31,Lente seguridad claro steel AL012CL DERMA CARE,DERMA CARE,Equipo de Protección Personal,,,Equipo de Protección Personal,1048,21.43,21,20.79,,32.0,47.1,,disponible,1,https://www.promexsa.com.mx/productos/lente-seguridad-claro-steel-al012cl-derma-care/,https://acdn-us.mitiendanube.com/stores/001/946/809/products/1083c93f-e12a-448f-a99d-b0eaa11dcce8sv2014-02-14srbsigshwwpvjoqobgkbnzevyqjmqyirm2bsiacd2bdnjkyduce3dst2022-11-23t233a453a36zse2122-11-23t233a553a36zspr-064e054eab9f73143716872130867975-480-0.webp,
DIS-KEP-693,Kelly pinza recta 14 cm 5-6-5 h.p. HERGOM,HERGOM,Equipo Quirúrgico,Instrumental Quirúrgico,,Equipo Quirúrgico > Instrumental Quirúrgico,1049,146.53,143.6,142.13,,38.0,61.3,,disponible,0.04,https://www.promexsa.com.mx/productos/kelly-pinza-recta-14-cm-h-p-hergom/,https://acdn-us.mitiendanube.com/stores/001/946/809/products/kelly-pinza-recta-14-cm-h-p-hergom1-0d3012fd4ac9a49c5416876420131831-480-0.webp,Kelly pinza recta 14 cm h.p. HERGOM
DIS-JEP-347,Jeringa pera de hule n2 DIBAR,DIBAR,Equipo Quirúrgico,Irrigacion,Sistemas para Irrigacion,Equipo Quirúrgico > Irrigacion > Sistemas para Irrigacion,1050,35.6,34.89,34.53,,38.0,61.3,,disponible,0.04,https://www.promexsa.com.mx/productos/jeringa-pera-de-hule-n2-dibar/,https://acdn-us.mitiendanube.com/stores/001/946/809/products/0b25970f-239b-40a9-91e4-ded1a23864d9sv2014-02-14srbsigxfqewnpveptlottogmi2fftdikvsex8ytbtzib28dits3dst2022-10-06t013a223a46zse2122-10-06t013a323a46zspr-da37e7db4b3edcf9b516872126057739-480-0.webp,
DIS-JEP-346,Jeringa pera de hule n1 DIBAR,DIBAR,Equipo Quirúrgico,Irrigacion,Sistemas para Irrigacion,Equipo Quirúrgico > Irrigacion > Sistemas para Irrigacion,1051,34.11,33.43,33.09,,38.0,61.3,,disponible,0.04,https://www.promexsa.com.mx/productos/jeringa-pera-de-hule-n1-dibar/,https://acdn-us.mitiendanube.com/stores/001/946/809/products/69e33f91-5e78-4253-9b14-8b583b8874a6sv2014-02-14srbsiggoep8nywyz6ao6x5xisofxu4simnlm0pebask71pdmi3dst2022-10-06t013a223a17zse2122-10-06t013a323a17zspr-da37e7db4b3edcf9b516872125791779-480-0.webp,
DIS-JER-345,Jeringa para insulina 1 ml 29 g x 13 mm 100 pz NIPRO,NIPRO,Material de Curación,Jeringas,Jeringas de Insulina,Material de Curación > Jeringas > Jeringas de Insulina,1052,443.44,434.57,430.14,,30.0,42.9,,disponible,1,https://www.promexsa.com.mx/productos/jeringa-insulina-1-ml-29g-13-mm-nipro/,https://acdn-us.mitiendanube.com/stores/001/946/809/products/jeringa-insulina-1-ml-nipro-29-g-x-13-ml-30f76dde188a54aa1717895853163344-480-0.webp,"Compra Jeringa para Insulina NIPRO 1 mL U-100 con aguja 29G x 13 mm, estéril y libre de pirógenos. Caja con 100 piezas."
DIS-JED-344,Jeringa desechable asepto 60 ml AMSINO,AMSINO,Equipo Quirúrgico,Irrigacion,Sistemas para Irrigacion,Equipo Quirúrgico > Irrigacion > Sistemas para Irrigacion,1053,46.58,45.65,45.18,,38.0,61.3,,disponible,1,https://www.promexsa.com.mx/productos/jeringa-desechable-asepto-60-ml-amsino/,https://acdn-us.mitiendanube.com/stores/001/946/809/products/c9c06511-088f-434b-8b6f-d44b24a7cceesv2014-02-14srbsig7lwu3gxsmtuq3k2brwtf0a6ydbfxejivugngrqcxbcnk3dst2023-01-26t183a173a02zse2123-01-26t183a273a02zspr-1bb60ac22cb7554b9716872125249082-480-0.webp,
DIS-JED-646,Jeringa de 5 ml amarilla 20 g x 32 mm 100 pz SENSIMEDICAL,SENSI MEDICAL,Material de Curación,Jeringas,Jeringas Desechables,Material de Curación > Jeringas > Jeringas Desechables,1054,308.64,302.47,299.38,,30.0,42.9,,disponible,1,https://www.promexsa.com.mx/productos/jeringa-de-5-ml-amarilla-con-aguja-20x32mm-100-pz-sensi-medical/,https://acdn-us.mitiendanube.com/stores/001/946/809/products/buenos-181-0ca0fa469f775d069c16877606660346-480-0.webp,Jeringa de 5 ml amarilla con aguja 20x32mm 100 pz SENSI MEDICAL
DIS-JAS-322,Jabón solución concentrado amarillo nf 3.75 l ANTIBENZIL,ANTIBENZIL,Accesorios y Suministros Médicos,Sueros E Hidratantes,Antisépticos y Germicidas,Accesorios y Suministros Médicos > Sueros E Hidratantes > Antisépticos y Germicidas,1055,101.63,99.6,98.58,,28.0,38.9,,disponible,3.92,https://www.promexsa.com.mx/productos/jabon-solucion-concentrado-amarillo-nf-3-75-l-antibenzil/,https://acdn-us.mitiendanube.com/stores/001/946/809/products/3d89135e-34ae-4a5f-a7ca-b9e8d2bfffc5sv2014-02-14srbsigbu32f8mubpnima2fmtf0rk0wrhrdxw2jprgtlv7ynemiy3dst2023-04-27t133a483a20zse2123-04-27t133a583a20zspr-b2053a8f25ca975a7416872117676350-480-0.webp,
DIS-JAQ-857,Jabón quirúrgico con dosificador 1 lt TRICLOFEN,TRICLOFEN,Accesorios y Suministros Médicos,Sueros E Hidratantes,Antisépticos y Germicidas,Accesorios y Suministros Médicos > Sueros E Hidratantes > Antisépticos y Germicidas,1056,36.81,36.07,35.71,,28.0,38.9,,disponible,1.06,https://www.promexsa.com.mx/productos/jabon-quirurgico-dosificador-1-lt-triclofen/,https://acdn-us.mitiendanube.com/stores/001/946/809/products/buenos-861-2c960410fb127515c116880235277809-480-0.webp,Jabón quirúrgico dosificador 1 Lt TRICLOFEN
DIS-JAQ-554,Jabón quirúrgico 4 Lt TRICLOFEN,TRICLOFEN,Accesorios y Suministros Médicos,Sueros E Hidratantes,Antisépticos y Germicidas,Accesorios y Suministros Médicos > Sueros E Hidratantes > Antisépticos y Germicidas,1057,858.15,840.99,832.41,,28.0,38.9,,disponible,4.04,https://www.promexsa.com.mx/productos/jabon-quirurgico-4-lt-triclofen/,https://acdn-us.mitiendanube.com/stores/001/946/809/products/buenos-851-b05b332a2aa62f730d16880235243072-480-0.webp,
DIS-HYP-555,Hypafix 10m x 10cm white BSN,BSN,Material de Curación,Apósitos,Apósitos de Fijacion,Material de Curación > Apósitos > Apósitos de Fijacion,1058,620.82,608.4,602.2,,30.0,42.9,,disponible,1,https://www.promexsa.com.mx/productos/hypafix-10m-x-10cm-white-bsn/,https://acdn-us.mitiendanube.com/stores/001/946/809/products/buenos-201-e78956b464dc0ce3a616877612693635-480-0.webp,
DIS-HOP-676,Hoja para bisturí acero inoxidable #24 100 pz HERGOM,HERGOM,Equipo Quirúrgico,Instrumental Quirúrgico,Bisturís,Equipo Quirúrgico > Instrumental Quirúrgico > Bisturís,1059,278.04,272.48,269.7,,38.0,61.3,,disponible,1,https://www.promexsa.com.mx/productos/hoja-para-bisturi-acero-inoxidable-24-100-pz-hergom/,https://acdn-us.mitiendanube.com/stores/001/946/809/products/851-af78afeff1777ef62916877399665151-480-0.webp,
DIS-HOP-591,Hoja para bisturí acero inoxidable #24 100 pz DL,DL,Equipo Quirúrgico,Instrumental Quirúrgico,Bisturís,Equipo Quirúrgico > Instrumental Quirúrgico > Bisturís,1060,419.05,410.67,406.48,,38.0,61.3,,disponible,1,https://www.promexsa.com.mx/productos/hoja-para-bisturi-acero-inoxidable-24-100-pz-dl/,https://acdn-us.mitiendanube.com/stores/001/946/809/products/dlp-hoja71-6c836417285726fd2e16877420666567-480-0.webp,
DIS-HOP-590,Hoja para bisturí acero inoxidable #23 100 pz DL,DL,Equipo Quirúrgico,Instrumental Quirúrgico,Bisturís,Equipo Quirúrgico > Instrumental Quirúrgico > Bisturís,1061,419.05,410.67,406.48,,38.0,61.3,,disponible,1,https://www.promexsa.com.mx/productos/hoja-para-bisturi-acero-inoxidable-23-100-pz-dl/,https://acdn-us.mitiendanube.com/stores/001/946/809/products/dlp-hoja91-bcc27bf8f4e9b424e216877421221805-480-0.webp,
DIS-HOP-674,Hoja para bisturí acero inoxidable #22 100 pz HERGOM,HERGOM,Equipo Quirúrgico,Instrumental Quirúrgico,Bisturís,Equipo Quirúrgico > Instrumental Quirúrgico > Bisturís,1062,278.04,272.48,269.7,,38.0,61.3,,disponible,1,https://www.promexsa.com.mx/productos/hoja-para-bisturi-acero-inoxidable-22-100-pz-hergom/,https://acdn-us.mitiendanube.com/stores/001/946/809/products/61-83ed9e14d104bd557516877396593747-480-0.webp,
DIS-HOP-589,Hoja para bisturí acero inoxidable #22 100 pz DL,DL,Equipo Quirúrgico,Instrumental Quirúrgico,Bisturís,Equipo Quirúrgico > Instrumental Quirúrgico > Bisturís,1063,419.05,410.67,406.48,,38.0,61.3,,disponible,1,https://www.promexsa.com.mx/productos/hoja-para-bisturi-acero-inoxidable-22-100-pz-dl/,https://acdn-us.mitiendanube.com/stores/001/946/809/products/dlp-hoja121-3de29dcef0fc806ff816877421399551-480-0.webp,
DIS-HOP-314,Hoja para bisturí acero inoxidable #22 100 pz AMBIDERM,AMBIDERM,Equipo Quirúrgico,Instrumental Quirúrgico,Bisturís,Equipo Quirúrgico > Instrumental Quirúrgico > Bisturís,1064,299.25,293.26,290.27,,38.0,61.3,,disponible,1,https://www.promexsa.com.mx/productos/hoja-para-bisturi-acero-inoxidable-22-100-pz-ambiderm/,https://acdn-us.mitiendanube.com/stores/001/946/809/products/22-a24cabc9ac9d0ac9d217046949978959-480-0.webp,
DIS-HOP-588,Hoja para bisturí acero inoxidable #21 100 pz DL,DL,Equipo Quirúrgico,Instrumental Quirúrgico,Bisturís,Equipo Quirúrgico > Instrumental Quirúrgico > Bisturís,1065,419.05,410.67,406.48,,38.0,61.3,,disponible,1,https://www.promexsa.com.mx/productos/hoja-para-bisturi-acero-inoxidable-21-100-pz-dl/,https://acdn-us.mitiendanube.com/stores/001/946/809/products/dlp-hoja41-7adc102dbf47afe9a216877420320667-480-0.webp,
DIS-HOP-587,Hoja para bisturí acero inoxidable #20 100 pz DL,DL,Equipo Quirúrgico,Instrumental Quirúrgico,Bisturís,Equipo Quirúrgico > Instrumental Quirúrgico > Bisturís,1066,419.05,410.67,406.48,,38.0,61.3,,disponible,1,https://www.promexsa.com.mx/productos/hoja-para-bisturi-acero-inoxidable-20-100-pz-dl/,https://acdn-us.mitiendanube.com/stores/001/946/809/products/dlp-hoja101-8f7424820d170684de16877421265734-480-0.webp,
DIS-HOP-311,Hoja para bisturí acero inoxidable #15c 100 pz AMBIDERM,AMBIDERM,Equipo Quirúrgico,Instrumental Quirúrgico,Bisturís,Equipo Quirúrgico > Instrumental Quirúrgico > Bisturís,1067,299.25,293.26,290.27,,38.0,61.3,,disponible,1,https://www.promexsa.com.mx/productos/hoja-para-bisturi-acero-inoxidable-15c-100-pz-ambiderm/,https://acdn-us.mitiendanube.com/stores/001/946/809/products/15c-12f73649f37fb600eb17046952041720-480-0.webp,
DIS-HOP-671,Hoja para bisturí acero inoxidable #15 100 pz HERGOM,HERGOM,Equipo Quirúrgico,Instrumental Quirúrgico,Bisturís,Equipo Quirúrgico > Instrumental Quirúrgico > Bisturís,1068,278.04,272.48,269.7,,38.0,61.3,,disponible,0.1,https://www.promexsa.com.mx/productos/hoja-para-bisturi-acero-inoxidable-15-100-pz-hergom/,https://acdn-us.mitiendanube.com/stores/001/946/809/products/41-815814cda4caeccd3d16877396947934-480-0.webp,
DIS-HOP-586,Hoja para bisturí acero inoxidable #15 100 pz DL,DL,Equipo Quirúrgico,Instrumental Quirúrgico,Bisturís,Equipo Quirúrgico > Instrumental Quirúrgico > Bisturís,1069,419.05,410.67,406.48,,38.0,61.3,,disponible,0.1,https://www.promexsa.com.mx/productos/hoja-para-bisturi-acero-inoxidable-15-100-pz-dl/,https://acdn-us.mitiendanube.com/stores/001/946/809/products/dlp-hoja81-58f476eea098c5dc5916877421079599-480-0.webp,
DIS-HOP-585,Hoja para bisturí acero inoxidable #12 100 pz DL,DL,Equipo Quirúrgico,Instrumental Quirúrgico,Bisturís,Equipo Quirúrgico > Instrumental Quirúrgico > Bisturís,1070,419.05,410.67,406.48,,38.0,61.3,,disponible,1,https://www.promexsa.com.mx/productos/hoja-para-bisturi-acero-inoxidable-12-100-pz-dl/,https://acdn-us.mitiendanube.com/stores/001/946/809/products/dlp-hoja61-f6d94fe0d3d5068b5816877420554722-480-0.webp,
DIS-HOP-584,Hoja para bisturí acero inoxidable #11 100 pz DL,DL,Equipo Quirúrgico,Instrumental Quirúrgico,Bisturís,Equipo Quirúrgico > Instrumental Quirúrgico > Bisturís,1071,419.05,410.67,406.48,,38.0,61.3,,disponible,1,https://www.promexsa.com.mx/productos/hoja-para-bisturi-acero-inoxidable-11-100-pz-dl/,https://acdn-us.mitiendanube.com/stores/001/946/809/products/dlp-hoja51-3d30a66c3daaf6f19d16877420417306-480-0.webp,
DIS-HOP-583,Hoja para bisturí acero inoxidable #10 100 pz DL,DL,Equipo Quirúrgico,Instrumental Quirúrgico,Bisturís,Equipo Quirúrgico > Instrumental Quirúrgico > Bisturís,1072,419.05,410.67,406.48,,38.0,61.3,,disponible,1,https://www.promexsa.com.mx/productos/hoja-para-bisturi-acero-inoxidable-10-100-pz-dl/,https://acdn-us.mitiendanube.com/stores/001/946/809/products/dlp-hoja131-81dd2693ff51a0837016877421457333-480-0.webp,
DIS-HOP-685,Hoja para bisturí acero carbón #24 100 pz HERGOM,HERGOM,Equipo Quirúrgico,Instrumental Quirúrgico,Bisturís,Equipo Quirúrgico > Instrumental Quirúrgico > Bisturís,1073,210.21,206.01,203.9,,38.0,61.3,,disponible,1,https://www.promexsa.com.mx/productos/hoja-para-bisturi-acero-carbon-24-100-pz-hergom/,https://acdn-us.mitiendanube.com/stores/001/946/809/products/861-fc2f3c348dfdab842016877404267428-480-0.webp,
DIS-HOP-684,Hoja para bisturí acero carbón #23 100 pz HERGOM,HERGOM,Equipo Quirúrgico,Instrumental Quirúrgico,Bisturís,Equipo Quirúrgico > Instrumental Quirúrgico > Bisturís,1074,210.21,206.01,203.9,,38.0,61.3,,disponible,1,https://www.promexsa.com.mx/productos/hoja-para-bisturi-acero-carbon-23-100-pz-hergom/,https://acdn-us.mitiendanube.com/stores/001/946/809/products/711-3fd5e924c9c0cd50a216877408108768-480-0.webp,
DIS-HOP-683,Hoja para bisturí acero carbón #22 100 pz HERGOM,HERGOM,Equipo Quirúrgico,Instrumental Quirúrgico,Bisturís,Equipo Quirúrgico > Instrumental Quirúrgico > Bisturís,1075,210.21,206.01,203.9,,38.0,61.3,,disponible,1,https://www.promexsa.com.mx/productos/hoja-para-bisturi-acero-carbon-22-100-pz-hergom/,https://acdn-us.mitiendanube.com/stores/001/946/809/products/611-c2a9872ae1628ae2d516877409147115-480-0.webp,
DIS-HOP-679,Hoja para bisturí acero carbón #12 100 pz HERGOM,HERGOM,Equipo Quirúrgico,Instrumental Quirúrgico,Bisturís,Equipo Quirúrgico > Instrumental Quirúrgico > Bisturís,1076,210.21,206.01,203.9,,38.0,61.3,,disponible,1,https://www.promexsa.com.mx/productos/hoja-para-bisturi-acero-carbon-12-100-pz-hergom/,https://acdn-us.mitiendanube.com/stores/001/946/809/products/311-9e5e2deb60fe2c417516877407892259-480-0.webp,
DIS-HOP-678,Hoja para bisturí acero carbón #11 100 pz HERGOM,HERGOM,Equipo Quirúrgico,Instrumental Quirúrgico,Bisturís,Equipo Quirúrgico > Instrumental Quirúrgico > Bisturís,1077,210.21,206.01,203.9,,38.0,61.3,,disponible,1,https://www.promexsa.com.mx/productos/hoja-para-bisturi-acero-carbon-11-100-pz-hergom/,https://acdn-us.mitiendanube.com/stores/001/946/809/products/111-f6e57cbdb7be67d0c216877408966748-480-0.webp,
DIS-HOP-677,Hoja para bisturí acero carbón #10 100 pz HERGOM,HERGOM,Equipo Quirúrgico,Instrumental Quirúrgico,Bisturís,Equipo Quirúrgico > Instrumental Quirúrgico > Bisturís,1078,210.21,206.01,203.9,,38.0,61.3,,disponible,1,https://www.promexsa.com.mx/productos/hoja-para-bisturi-acero-carbon-10-100-pz-hergom/,https://acdn-us.mitiendanube.com/stores/001/946/809/products/11-c59edeea86018ca4c216877411368402-480-0.webp,
PDC-GUP-30,Guantes para soldador azul 1 pr 99-818 DERMA CARE,DERMA CARE,Accesorios y Suministros Médicos,Guantes,,Accesorios y Suministros Médicos > Guantes,1079,209.14,204.96,202.87,,28.0,38.9,,disponible,1,https://www.promexsa.com.mx/productos/guante-para-soldador-azul-1-pr-derma-care/,https://acdn-us.mitiendanube.com/stores/001/946/809/products/buenos-461-af9cebc6e4a8351c7316879274643839-480-0.webp,Guante para soldador azul 1 pr DERMA CARE
DIS-GUP-282,Guantes quirúrgicos estériles para cirugía élite AMBIDERM / Talla 8 1/2 50 pares,AMBIDERM,Accesorios y Suministros Médicos,Guantes,Guantes para Cirugía,Accesorios y Suministros Médicos > Guantes > Guantes para Cirugía,1080,337.33,330.58,327.21,,28.0,38.9,,disponible,1.84,https://www.promexsa.com.mx/productos/guante-para-cirugia-esteril-elite-8-1-2-50-pr-ambiderm/,https://acdn-us.mitiendanube.com/stores/001/946/809/products/56-5b0fe73f597623a98817046916996572-480-0.webp,Los guantes quirúrgicos estériles Ambiderm talla 8 1/2 ofrecen sensibilidad y ajuste seguro para procedimientos en quirófano. Solicita precio por volumen y envío a todo México.
DIS-GUP-283,Guantes quirúrgicos estériles para cirugía SUR G / Talla 8 1/2 50 pares,SUR-G,Accesorios y Suministros Médicos,Guantes,Guantes para Cirugía,Accesorios y Suministros Médicos > Guantes > Guantes para Cirugía,1081,338.66,331.89,328.5,,28.0,38.9,,disponible,1.72,https://www.promexsa.com.mx/productos/guante-para-cirugia-esteril-8-1-2-50-pr-sur-g/,https://acdn-us.mitiendanube.com/stores/001/946/809/products/f33afd72-2aef-42a5-91fe-6cee482cbc89sv2014-02-14srbsig2fia74m8nafcgqqvjn65qdiyspikxnt1zg7njzshdmvi3dst2022-10-05t213a083a05zse2122-10-05t213a183a05zspr-45c5aa0683a42dd87e16872094871443-480-0.webp,"Solución para quirófano con empaque de 50 pares, adecuada para clínicas y hospitales con alta demanda de material estéril. Cotiza para mayoreo y mantén stock operativo en tu negocio."
DIS-GUM-263,Guantes de látex mentolado AMBIDERM MAXTER / Talla M 100 piezas,AMBIDERM,Accesorios y Suministros Médicos,Guantes,Guantes de Látex,Accesorios y Suministros Médicos > Guantes > Guantes de Látex,1082,168.27,164.9,163.22,,28.0,38.9,,disponible,0.74,https://www.promexsa.com.mx/productos/guante-mentolado-maxter-m-100-pz-ambiderm/,https://acdn-us.mitiendanube.com/stores/001/946/809/products/251-5193ea3f9800d82bb317636828050601-480-0.webp,"Guantes mentolados Ambiderm Maxter para consultorios y clínicas que requieren protección, tacto y diferenciación en su catálogo. Disponible para abastecimiento profesional y reposición rápida."
DIS-GUD-651,Guantes de vinilo libre de polvo MC GLOVES / Talla S 100 piezas,MC GLOVES,Accesorios y Suministros Médicos,Guantes,Guantes de Vinyl,Accesorios y Suministros Médicos > Guantes > Guantes de Vinyl,1083,64.58,63.29,62.64,,28.0,38.9,,disponible,1,https://www.promexsa.com.mx/productos/guante-de-vinyl-libre-de-polvo-ch-100-pz-mc-gloves/,https://acdn-us.mitiendanube.com/stores/001/946/809/products/buenos-36201-36e06fb6ed18d22fca16879282604051-480-0.webp,"Los guantes de vinilo libres de polvo Mc Gloves son una opción cómoda para exploración, limpieza y uso clínico frecuente. Solicita precio por volumen y envío a todo México."
DIS-GUD-242,Guantes de polietileno AMBIDERM / Talla M 100 piezas,AMBIDERM,Cuidado Personal,Artículos Cosméticos,,Cuidado Personal > Artículos Cosméticos,1084,26.53,26,25.73,,45.0,81.8,,disponible,0.12,https://www.promexsa.com.mx/productos/guante-de-polietileno-m-100-pz-ambiderm/,https://acdn-us.mitiendanube.com/stores/001/946/809/products/buenos-3511-b05def748fb196d62016878906371086-480-0.webp,Los guantes de polietileno Ambiderm talla M son una alternativa económica para protección básica y uso de alta rotación. Solicita precio por volumen y envío a todo México.
DIS-GUD-607,Guantes de nitrilo violeta sin polvo MC GLOVES / Talla M caja 100 piezas,MC GLOVES,Accesorios y Suministros Médicos,,,Accesorios y Suministros Médicos,1085,,,,,28.0,38.9,,disponible,0.44,https://www.promexsa.com.mx/productos/guante-de-nitrilo-violeta-m-100-pz-mc-gloves/,https://acdn-us.mitiendanube.com/stores/001/946/809/products/buenos-3621-0f305c12d29f7d66e916879058857272-480-0.webp,"Compra MC GLOVES en guantes de nitrilo violeta sin polvo. Para spa, estética y tatuaje, con uso práctico y disponibilidad para mayoreo."
DIS-GUD-608,Guantes de nitrilo violeta sin polvo MC GLOVES / Talla L caja 100 piezas,MC GLOVES,Accesorios y Suministros Médicos,,,Accesorios y Suministros Médicos,1086,,,,,28.0,38.9,,disponible,0.44,https://www.promexsa.com.mx/productos/guante-de-nitrilo-violeta-g-100-pz-mc-gloves/,https://acdn-us.mitiendanube.com/stores/001/946/809/products/buenos-3691-3a629a6e704e208e2216879060153752-480-0.webp,"Guantes MC GLOVES de nitrilo violeta sin polvo: opción para estética y spa. Talla L / grande, imagen profesional y envío rápido en México."
DIS-GUD-610,Guantes de nitrilo verde sin polvo MC GLOVES / Talla M caja 100 piezas,MC GLOVES,Accesorios y Suministros Médicos,,,Accesorios y Suministros Médicos,1087,,,,,28.0,38.9,,disponible,0.45,https://www.promexsa.com.mx/productos/guante-de-nitrilo-verde-m-100-pz-mc-gloves/,https://acdn-us.mitiendanube.com/stores/001/946/809/products/buenos-36141-1df452e825b9a73b4416879279720522-480-0.webp,"Protección con guantes de nitrilo verde MC GLOVES sin polvo. Recomendados para laboratorios y análisis, talla M / mediana; atención a negocios."
DIS-GUD-611,Guantes de nitrilo verde sin polvo MC GLOVES / Talla L caja 100 piezas,MC GLOVES,Accesorios y Suministros Médicos,,,Accesorios y Suministros Médicos,1088,,,,,28.0,38.9,,disponible,1,https://www.promexsa.com.mx/productos/guante-de-nitrilo-verde-g-100-pz-mc-gloves/,https://acdn-us.mitiendanube.com/stores/001/946/809/products/buenos-3671-b7d2b3f93ca9ba2d2916879059788842-480-0.webp,"MC GLOVES verde: guantes de nitrilo sin polvo con alta resistencia. Útiles en manejo de alimentos, talla L / grande, entrega a clínicas y empresas."
DIS-GUD-609,Guantes de nitrilo verde sin polvo MC GLOVES / Talla S caja 100 piezas,MC GLOVES,Accesorios y Suministros Médicos,,,Accesorios y Suministros Médicos,1089,,,,,28.0,38.9,,disponible,1,https://www.promexsa.com.mx/productos/guante-de-nitrilo-verde-ch-100-pz-mc-gloves/,https://acdn-us.mitiendanube.com/stores/001/946/809/products/buenos-3611-3817e814fd915cd84916878985005818-480-0.webp,"Elige guantes de nitrilo MC GLOVES verde sin polvo para laboratorios y análisis. Talla S / chica, barrera confiable y opción para distribuidores."
PDC-GUD-23,Guantes de lona con palma de carnaza 1 pr DERMA CARE,DERMA CARE,Accesorios y Suministros Médicos,Guantes,,Accesorios y Suministros Médicos > Guantes,1090,54.4,53.31,52.77,,28.0,38.9,,disponible,0.12,https://www.promexsa.com.mx/productos/guante-de-lona-con-palma-de-carnaza-1-pr-derma-care/,https://acdn-us.mitiendanube.com/stores/001/946/809/products/99e6bca9-164f-425d-8bc1-afb42216c49esv2014-02-14srbsiggej2ft2gi0cguqrtxg26jax2biio0vm2fzjtjpcry7du9y3dst2022-11-23t183a593a29zse2122-11-23t193a093a29zspr-b4b2209884c4ca4d0016872067925025-480-0.webp,Guante de lona con palma de carnaza 1 pr DERMA CARE
DIS-GUD-602,Guantes de látex poco polvo blanco MC GLOVES / Talla M 100 piezas,MC GLOVES,Accesorios y Suministros Médicos,Guantes,Guantes de Látex,Accesorios y Suministros Médicos > Guantes > Guantes de Látex,1091,134.14,131.46,130.12,,28.0,38.9,,disponible,0.58,https://www.promexsa.com.mx/productos/guante-de-latex-poco-polvo-blanco-m-mc-gloves/,https://acdn-us.mitiendanube.com/stores/001/946/809/products/buenos-36131-4a6d3ddca32690d38516879279684864-480-0.webp,"Una solución en guantes desechables de látex pensada para entornos médicos donde se necesita seguridad, ajuste cómodo y uso prolongado."
DIS-GUD-594,Guantes de látex poco polvo blanco MC GLOVES / Talla G 100 piezas,MC GLOVES,Accesorios y Suministros Médicos,Guantes,Guantes de Látex,Accesorios y Suministros Médicos > Guantes > Guantes de Látex,1092,134.14,131.46,130.12,,28.0,38.9,,disponible,0.58,https://www.promexsa.com.mx/productos/guante-de-latex-poco-polvo-blanco-g-mc-gloves/,https://acdn-us.mitiendanube.com/stores/001/946/809/products/buenos-3661-bdbf97b5ef213203c716879059592869-480-0.webp,"Los guantes de látex blanco son adecuados para actividades clínicas y técnicas, ofreciendo una alternativa funcional para abastecimiento profesional."
DIS-GUD-601,Guantes de látex poco polvo blanco MC GLOVES / Talla S 100 piezas,MC GLOVES,Accesorios y Suministros Médicos,Guantes,Guantes de Látex,Accesorios y Suministros Médicos > Guantes > Guantes de Látex,1093,134.14,131.46,130.12,,28.0,38.9,,disponible,0.58,https://www.promexsa.com.mx/productos/guante-de-latex-poco-polvo-blanco-ch-mc-gloves/,https://acdn-us.mitiendanube.com/stores/001/946/809/products/buenos-36171-20f0ff4e33315daaf016879281092795-480-0.webp,"Los guantes de látex blanco Mc Gloves brindan protección confiable en procedimientos médicos y exploración clínica, siendo una opción práctica para uso continuo."
DIS-GUD-207,Guantes de látex verde AMBIDERM PLUS / Talla L 100 piezas,AMBIDERM,Accesorios y Suministros Médicos,Guantes,Guantes de Látex,Accesorios y Suministros Médicos > Guantes > Guantes de Látex,1094,128.82,126.24,124.96,,28.0,38.9,,disponible,0.58,https://www.promexsa.com.mx/productos/guante-de-latex-plus-verde-g-100-pz-ambiderm/,https://acdn-us.mitiendanube.com/stores/001/946/809/products/811-08460aa165a70ceaff16878896107261-480-0.webp,"Los guantes de látex verde son adecuados para actividades clínicas y técnicas, ofreciendo una alternativa funcional para abastecimiento profesional."
DIS-GUD-206,Guantes de látex verde AMBIDERM PLUS / Talla S 100 piezas,AMBIDERM,Accesorios y Suministros Médicos,Guantes,Guantes de Látex,Accesorios y Suministros Médicos > Guantes > Guantes de Látex,1095,128.82,126.24,124.96,,28.0,38.9,,disponible,0.58,https://www.promexsa.com.mx/productos/guante-de-latex-plus-verde-ch-100-pz-ambiderm/,https://acdn-us.mitiendanube.com/stores/001/946/809/products/1611-5b88188edc1aed51a216878892056370-480-0.webp,"Los guantes de látex verde Ambiderm Plus brindan protección confiable en procedimientos médicos y exploración clínica, siendo una opción práctica para uso continuo."
DIS-GEP-555,Gel para ultrasonido 3.8 Lt ULTRASONIC,ULTRASONIC,Equipo y Mobiliario,Ultrasonidos,,Equipo y Mobiliario > Ultrasonidos,1096,564.96,553.66,548.01,,20.0,25.0,,disponible,1,https://www.promexsa.com.mx/productos/gel-para-ultrasonido-3-8-lt-ultrasonic/,https://acdn-us.mitiendanube.com/stores/001/946/809/products/4111-0aee314d698f8d7e6f16877455951122-480-0.webp,
DIS-GEA-177,Gel antibacterial 500 ml DIBAR,DIBAR,Cuidado Personal,Limpieza Corporal,Antibacteriales,Cuidado Personal > Limpieza Corporal > Antibacteriales,1097,46.85,45.91,45.44,,45.0,81.8,,disponible,1,https://www.promexsa.com.mx/productos/gel-antibacterial-500-ml-dibar/,https://acdn-us.mitiendanube.com/stores/001/946/809/products/181-99c9e91480943ce11c16877455904239-480-0.webp,
DIS-FID-165,Filtro de alta eficiencia disp 1 par 7093-b 3M,3M,Equipo de Protección Personal,,,Equipo de Protección Personal,1098,290.77,284.95,282.05,,32.0,47.1,,disponible,1,https://www.promexsa.com.mx/productos/filtro-de-alta-eficiencia-disp-1-par-7093-b-3m/,https://acdn-us.mitiendanube.com/stores/001/946/809/products/buenos-811-9de968175356b0be9c16880220204190-480-0.webp,
PDC-FAE-20,Faja elástica ch DERMA CARE,DERMA CARE,Equipo de Protección Personal,,,Equipo de Protección Personal,1099,144.92,142.02,140.57,,32.0,47.1,,disponible,1,https://www.promexsa.com.mx/productos/faja-elastica-ch-derma-care/,https://acdn-us.mitiendanube.com/stores/001/946/809/products/67b266b5-3659-4af3-95a5-baeac4aa173bsv2014-02-14srbsigccsenun9h28xtnro32kkb26oys2cvmcgewbemdwoiy03dst2022-11-23t183a053a05zse2122-11-23t183a153a05zspr-f36296959a4d0fc1c216872045247160-480-0.webp,
DIS-EYD-561,Eyector de saliva transparente de 15 cm 100 pz AMBIDERM,AMBIDERM,Material Dental,,,Material Dental,1100,89.04,87.26,86.37,,38.0,61.3,,disponible,1,https://www.promexsa.com.mx/productos/eyector-de-saliva-transparente-de-15-cm-100-pz-ambiderm/,https://acdn-us.mitiendanube.com/stores/001/946/809/products/buenos-801-6bf1fd59264d62417b16880219395194-480-0.webp,
DIS-ESD-688,Estuche de disección 20 pz 13-13 economico HERGOM,HERGOM,Equipo Quirúrgico,Instrumental Quirúrgico,,Equipo Quirúrgico > Instrumental Quirúrgico,1101,576.48,564.95,559.19,,38.0,61.3,,disponible,1,https://www.promexsa.com.mx/productos/estuche-de-diseccion-20-pz-economico-hergom/,https://acdn-us.mitiendanube.com/stores/001/946/809/products/estuche-de-diseccion-20-pz-economico-hergom1-605540ef1e883d97e216875921890851-480-0.webp,Estuche de disección 20 pz economico HERGOM
DIS-ESD-699,Estuche de diseccion 16 pz h.p 13-13-1 HERGOM,HERGOM,Equipo Quirúrgico,Instrumental Quirúrgico,,Equipo Quirúrgico > Instrumental Quirúrgico,1102,940.36,921.55,912.15,,38.0,61.3,,disponible,0.5,https://www.promexsa.com.mx/productos/estuche-de-diseccion-16-pz-h-p-hergom/,https://acdn-us.mitiendanube.com/stores/001/946/809/products/estuche-de-diseccion-16-pz-h-p-hergom1-0a04646568e0d5e3a916875922459426-480-0.webp,Estuche de diseccion 16 pz h.p HERGOM
DIS-EQN-160,Equipo para venoclisis nb FLEBOTEK,FLEBOTEK,Equipo Quirúrgico,Venoclisis,Catéteres Intravenosos,Equipo Quirúrgico > Venoclisis > Catéteres Intravenosos,1103,73.91,72.43,71.69,,38.0,61.3,,disponible,1,https://www.promexsa.com.mx/productos/equipo-para-venoclisis-nb-flebotek/,https://acdn-us.mitiendanube.com/stores/001/946/809/products/dd095aaf-89c2-4c6b-9b1c-7ac62e7eed58sv2014-02-14srbsig6g0ffriztyrykdptqvboi2feztnwwyu4gslcrelte1wk3dst2022-05-17t173a063a01zse2122-05-17t173a163a01zspr-59ca1cfa0639a3b5b316872042949869-480-0.webp,
DIS-EQ0-158,Equipo para aplicación de volúmen medido de 100 ml (bureta) FLEBOTEK,FLEBOTEK,Equipo Quirúrgico,Venoclisis,Equipos para Venoclisis,Equipo Quirúrgico > Venoclisis > Equipos para Venoclisis,1104,75.19,73.69,72.93,,38.0,61.3,,disponible,0.02,https://www.promexsa.com.mx/productos/equipo-para-venoclisis-0-100-bureta-100-ml-flebotek/,https://acdn-us.mitiendanube.com/stores/001/946/809/products/1f2d723f-c12e-4def-8baa-6ab2f085b7f2sv2014-02-14srbsighdikhbvvmsuqbiyfrscgvygql7kg647hlcey0mz2bbda3dst2022-05-17t163a573a36zse2122-05-17t173a073a36zspr-1d32f6a6e27489fcc016872042214673-480-0.webp,Equipo para venoclisis 0-100 bureta.100 ml FLEBOTEK
DIS-DRD-156,Equipo para drenaje por aspiración 1/8 DRENOVAC,DRENOVAC,Equipo Quirúrgico,Drenajes,,Equipo Quirúrgico > Drenajes,1105,404.88,396.78,392.73,,38.0,61.3,,disponible,0.26,https://www.promexsa.com.mx/productos/equipo-para-drenaje-por-aspiracion-1-8-drenovac/,https://acdn-us.mitiendanube.com/stores/001/946/809/products/drenovac-1-81-ad204ea6751ffa11f016875908122718-480-0.webp,
DIS-DRD-155,Equipo para drenaje por aspiración 1/4 DRENOVAC,DRENOVAC,Equipo Quirúrgico,Drenajes,,Equipo Quirúrgico > Drenajes,1106,404.88,396.78,392.73,,38.0,61.3,,disponible,0.32,https://www.promexsa.com.mx/productos/equipo-para-drenaje-por-aspiracion-1-4-drenovac/,https://acdn-us.mitiendanube.com/stores/001/946/809/products/5a3c28ec-22a1-4490-a5a5-938cff728185sv2014-02-14srbsigekggkaahfsgeouwldppilzc7eqp0qvqmddwahtfzq0o3dst2022-05-17t163a293a29zse2122-05-17t163a393a29zspr-8ac42e569fbb9963d116872041455971-480-0.webp,
DIS-EQA-152,Equipo aplicador volumen medido 100 ml DL,DENTILAB,Equipo Quirúrgico,Venoclisis,Equipos para Venoclisis,Equipo Quirúrgico > Venoclisis > Equipos para Venoclisis,1107,44.24,43.36,42.91,,38.0,61.3,,disponible,1,https://www.promexsa.com.mx/productos/equipo-aplicador-volumen-medido-100ml-dl/,https://acdn-us.mitiendanube.com/stores/001/946/809/products/buenos-791-6d44dfe1aeb68e175a16880218770372-480-0.webp,
DIS-ISD-151,Enjuague bucal 500 ml ISOTROL,ISOTROL,Cuidado Personal,,,Cuidado Personal,1108,51.43,50.4,49.89,,45.0,81.8,,disponible,0.5,https://www.promexsa.com.mx/productos/enjuague-bucal-500-ml-isotrol/,https://acdn-us.mitiendanube.com/stores/001/946/809/products/23b7c201-2cdf-45d8-9264-4562178e2ffdsv2014-02-14srbsigc5kkcptnaulxuxe2fhiwwygx8ksqk0rmbmzjcdipyci3dst2023-04-27t133a433a56zse2123-04-27t133a533a56zspr-8a636f27709693e24016872040205175-480-0.webp,
DIS-ISD-150,Enjuague bucal 4 lts ISOTROL,ISOTROL,Cuidado Personal,,,Cuidado Personal,1109,191.07,187.25,185.34,,45.0,81.8,,disponible,4.04,https://www.promexsa.com.mx/productos/enjuague-bucal-4-lts-isotrol/,https://acdn-us.mitiendanube.com/stores/001/946/809/products/c417f528-2a60-43f2-b775-59cd13a58532sv2014-02-14srbsigezw5fxhfl2fnypxnlq387wxteyt4tsvemnhlhnizldka3dst2023-04-27t133a433a27zse2123-04-27t133a533a27zspr-20b1080270645bf3ab16872039931540-480-0.webp,
PDC-DEE-20,Detergente en polvo 10 kg TIDE,ARIEL,Sin Categoría,,,Sin Categoría,1110,336.4,329.67,326.31,,33.0,49.3,,disponible,1,https://www.promexsa.com.mx/productos/detergente-en-polvo-10-kg-ariel/,https://acdn-us.mitiendanube.com/stores/001/946/809/products/f465dafb-be66-4c30-822a-5146c00bc23csv2014-02-14srbsigikjv5exs1j2uxwuunbcaedw0z2xmrvnbdxzwc2b7yf7w3dst2022-10-04t203a483a59zse2122-10-04t203a583a59zspr-423ef23d537939b16816872036615666-480-0.webp,Detergente en polvo 10 kg ARIEL
DIS-GES-138,Desinfectante germicida solución 3.5 l GERMISIN,GERMISIN,Accesorios y Suministros Médicos,Sueros E Hidratantes,Antisépticos y Germicidas,Accesorios y Suministros Médicos > Sueros E Hidratantes > Antisépticos y Germicidas,1111,789.63,773.84,765.94,,28.0,38.9,,disponible,1,https://www.promexsa.com.mx/productos/desinfectante-germicida-solucion-3-5-l-germisin/,https://acdn-us.mitiendanube.com/stores/001/946/809/products/solucion1-21200bda25f22e061f16875889486402-480-0.webp,
DIS-CUT-135,Cubrebocas tres pliegos violeta 50pz AMBIDERM,AMBIDERM,Accesorios y Suministros Médicos,Prendas Desechables,Cubrebocas,Accesorios y Suministros Médicos > Prendas Desechables > Cubrebocas,1112,85.11,83.41,82.56,,28.0,38.9,,disponible,0.12,https://www.promexsa.com.mx/productos/cubrebocas-tres-pliegos-violeta-50pz-ambiderm/,https://acdn-us.mitiendanube.com/stores/001/946/809/products/3331-fea94df031363c89ed16875854544812-480-0.webp,
DIS-CUT-178,Cubrebocas tres pliegos infantil violeta 50 pz AMBIDERM,AMBIDERM,Accesorios y Suministros Médicos,Prendas Desechables,Cubrebocas,Accesorios y Suministros Médicos > Prendas Desechables > Cubrebocas,1113,85.11,83.41,82.56,,28.0,38.9,,disponible,0.14,https://www.promexsa.com.mx/productos/cubrebocas-tres-pliegos-infantil-violeta-50-pz-ambiderm/,https://acdn-us.mitiendanube.com/stores/001/946/809/products/9111-f01ad71deae82ef68616875854799824-480-0.webp,
DIS-CUT-132,Cubrebocas tres pliegos infantil rosa con pandas 50 pz AMBIDERM,AMBIDERM,Accesorios y Suministros Médicos,Prendas Desechables,Cubrebocas,Accesorios y Suministros Médicos > Prendas Desechables > Cubrebocas,1114,101.1,99.08,98.07,,28.0,38.9,,disponible,0.14,https://www.promexsa.com.mx/productos/cubrebocas-tres-pliegos-infantil-rosa-con-pandas-50-pz-ambiderm/,https://acdn-us.mitiendanube.com/stores/001/946/809/products/baberos-demeva-27-aa44ddfbb725092dba17046817182511-480-0.webp,
DIS-CUT-130,Cubrebocas tres pliegos infantil blanco delfines 50 pz AMBIDERM,AMBIDERM,Accesorios y Suministros Médicos,Prendas Desechables,Cubrebocas,Accesorios y Suministros Médicos > Prendas Desechables > Cubrebocas,1115,101.1,99.08,98.07,,28.0,38.9,,disponible,0.12,https://www.promexsa.com.mx/productos/cubrebocas-tres-pliegos-infantil-blanco-delfines-50-pz-ambiderm/,https://acdn-us.mitiendanube.com/stores/001/946/809/products/1511-b98e4fcd55ed128e2516875856015781-480-0.webp,
DIS-CUT-553,Cubrebocas tres pliegos infantil azul con pandas 50 pz AMBIDERM,AMBIDERM,Accesorios y Suministros Médicos,Prendas Desechables,Cubrebocas,Accesorios y Suministros Médicos > Prendas Desechables > Cubrebocas,1116,101.1,99.08,98.07,,28.0,38.9,,disponible,0.16,https://www.promexsa.com.mx/productos/cubrebocas-tres-pliegos-infantil-azul-con-pandas-50-pz-ambiderm/,https://acdn-us.mitiendanube.com/stores/001/946/809/products/11111-6fd48060f32fb16cb516875854984119-480-0.webp,
DIS-CUT-128,Cubrebocas tres pliegos colorfull infantil 50 pz AMBIDERM,AMBIDERM,Accesorios y Suministros Médicos,Prendas Desechables,Cubrebocas,Accesorios y Suministros Médicos > Prendas Desechables > Cubrebocas,1117,101.1,99.08,98.07,,28.0,38.9,,disponible,0.12,https://www.promexsa.com.mx/productos/cubrebocas-tres-pliegos-colorfull-infantil-50-pz-ambiderm/,https://acdn-us.mitiendanube.com/stores/001/946/809/products/baberos-demeva-23-5ab0a4c957a5ddd72317046804377502-480-0.webp,
DIS-CUT-124,Cubrebocas Naranja Adulto Ambiderm 3 Pliegos Caja con 50 Piezas,AMBIDERM,Accesorios y Suministros Médicos,Prendas Desechables,Cubrebocas,Accesorios y Suministros Médicos > Prendas Desechables > Cubrebocas,1118,85.11,83.41,82.56,,28.0,38.9,,disponible,0.12,https://www.promexsa.com.mx/productos/cubrebocas-naranja-adulto-ambiderm-50-piezas/,https://acdn-us.mitiendanube.com/stores/001/946/809/products/cubrebocas-naranja-adulto-ambiderm-50-piezas-7ebc3be6a4dd2f266517873869576999-480-0.webp,"Cubrebocas naranja Ambiderm para adulto, 3 pliegos y BFE ≥98%. Caja con 50 piezas, resistente a líquidos, con elástico y ajuste nasal."
DIS-COR-106,Contenedor residuos líquidos rojo 8.5 l IXION,IXION,Accesorios y Suministros Médicos,Recipientes,Contenedores Desechables,Accesorios y Suministros Médicos > Recipientes > Contenedores Desechables,1119,143.65,140.78,139.34,,28.0,38.9,,disponible,0.28,https://www.promexsa.com.mx/productos/contenedor-residuos-liquidos-rojo-8-5-l-ixion/,https://acdn-us.mitiendanube.com/stores/001/946/809/products/9fd147d4-8cb0-42f9-9a8d-c5974d3a40f9sv2014-02-14srbsiglkotulrpmjscmjdojbwruuqwosn04cfh6x5ob5f2byvw3dst2023-03-07t153a533a11zse2123-03-07t163a033a11zspr-b6931d7f1c06b036aa16872020683468-480-0.webp,
DIS-COR-105,Contenedor residuos líquidos rojo 4.0 l IXION,IXION,Accesorios y Suministros Médicos,Recipientes,Contenedores Desechables,Accesorios y Suministros Médicos > Recipientes > Contenedores Desechables,1120,94.39,92.5,91.56,,28.0,38.9,,disponible,0.18,https://www.promexsa.com.mx/productos/contenedor-residuos-liquidos-rojo-4-0-l-ixion/,https://acdn-us.mitiendanube.com/stores/001/946/809/products/4-0-rojo-liquidos1-efbfc4d20f73fd1f9316875885451156-480-0.webp,
DIS-COR-104,Contenedor residuos líquidos rojo 3.0 l IXION,IXION,Accesorios y Suministros Médicos,Recipientes,Contenedores Desechables,Accesorios y Suministros Médicos > Recipientes > Contenedores Desechables,1121,83.53,81.86,81.02,,28.0,38.9,,disponible,0.12,https://www.promexsa.com.mx/productos/contenedor-residuos-liquidos-rojo-3-0-l-ixion/,https://acdn-us.mitiendanube.com/stores/001/946/809/products/a32802b8-b8f2-4085-b572-c9836673fad1sv2014-02-14srbsigeqojm9cmndv05tlg1cydzzhzmvkqklv2bz2bvftok4nwy3dst2023-03-07t153a483a48zse2123-03-07t153a583a48zspr-b6931d7f1c06b036aa16872020135098-480-0.webp,
DIS-COR-103,Contenedor residuos líquidos rojo 13 l IXION,IXION,Accesorios y Suministros Médicos,Recipientes,Contenedores Desechables,Accesorios y Suministros Médicos > Recipientes > Contenedores Desechables,1122,192.87,189.01,187.08,,28.0,38.9,,disponible,0.46,https://www.promexsa.com.mx/productos/contenedor-residuos-liquidos-rojo-13-l-ixion/,https://acdn-us.mitiendanube.com/stores/001/946/809/products/5b7fd3e1-cf99-4516-b95c-5f83684baec1sv2014-02-14srbsigestpzhlgtnd9prgokbbx40ithmxtzdflfytjsxx3wqy3dst2023-03-07t153a453a09zse2123-03-07t153a553a09zspr-5bc35681337c74958c16872019861519-480-0.webp,
DIS-COR-102,Contenedor residuos líquidos rojo 1.8 l IXION,IXION,Accesorios y Suministros Médicos,Recipientes,Contenedores Desechables,Accesorios y Suministros Médicos > Recipientes > Contenedores Desechables,1123,69.83,68.43,67.74,,28.0,38.9,,disponible,0.1,https://www.promexsa.com.mx/productos/contenedor-residuos-liquidos-rojo-1-8-l-ixion/,https://acdn-us.mitiendanube.com/stores/001/946/809/products/buenos-191-708c3c29e77008d93616877608948375-480-0.webp,
DIS-COR-101,Contenedor residuos líquidos amarillo 8.5 l IXION,IXION,Accesorios y Suministros Médicos,Recipientes,Contenedores Desechables,Accesorios y Suministros Médicos > Recipientes > Contenedores Desechables,1124,143.65,140.78,139.34,,28.0,38.9,,disponible,0.28,https://www.promexsa.com.mx/productos/contenedor-residuos-liquidos-amarillo-8-5-l-ixion/,https://acdn-us.mitiendanube.com/stores/001/946/809/products/8841c40e-0f50-4428-aa8e-16c6d1fce56asv2014-02-14srbsig0w83h02byzhqh66kjb3pbfin6dkivjnmjdfylq4yx6o83dst2023-03-07t153a393a21zse2123-03-07t153a493a21zspr-701b9fbf0c42dc841416872019319677-480-0.webp,
DIS-COR-100,Contenedor residuos líquidos amarillo 4.0 l IXION,IXION,Accesorios y Suministros Médicos,Recipientes,Contenedores Desechables,Accesorios y Suministros Médicos > Recipientes > Contenedores Desechables,1125,94.39,92.5,91.56,,28.0,38.9,,disponible,0.18,https://www.promexsa.com.mx/productos/contenedor-residuos-liquidos-amarillo-4-0-l-ixion/,https://acdn-us.mitiendanube.com/stores/001/946/809/products/4-0-amarillo-78212fcdae67c0eaac16875895500019-480-0.webp,
DIS-COR-99,Contenedor residuos líquidos amarillo 3.0 l IXION,IXION,Accesorios y Suministros Médicos,Recipientes,Contenedores Desechables,Accesorios y Suministros Médicos > Recipientes > Contenedores Desechables,1126,83.53,81.86,81.02,,28.0,38.9,,disponible,0.12,https://www.promexsa.com.mx/productos/contenedor-residuos-liquidos-amarillo-3-0-l-ixion/,https://acdn-us.mitiendanube.com/stores/001/946/809/products/amarillo-contenedor1-27027bca8219a56a8516875880735534-480-0.webp,
DIS-COR-98,Contenedor residuos líquidos amarillo 13 l IXION,IXION,Accesorios y Suministros Médicos,Recipientes,Contenedores Desechables,Accesorios y Suministros Médicos > Recipientes > Contenedores Desechables,1127,192.87,189.01,187.08,,28.0,38.9,,disponible,0.46,https://www.promexsa.com.mx/productos/contenedor-residuos-liquidos-amarillo-13-l-ixion/,https://acdn-us.mitiendanube.com/stores/001/946/809/products/7931a981-39f9-46e8-a95e-e2c269babe83sv2014-02-14srbsigars5ralyashompkbtbkq0vfvraytx8jkpnts4x2fnzdu3dst2023-03-06t173a593a47zse2123-03-06t183a093a47zspr-234fce0dfbd395163216872018502109-480-0.webp,
DIS-COR-97,Contenedor residuos líquidos amarillo 1.8 l IXION,IXION,Accesorios y Suministros Médicos,Recipientes,Contenedores Desechables,Accesorios y Suministros Médicos > Recipientes > Contenedores Desechables,1128,69.83,68.43,67.74,,28.0,38.9,,disponible,0.1,https://www.promexsa.com.mx/productos/contenedor-residuos-liquidos-amarillo-1-8-l-ixion/,https://acdn-us.mitiendanube.com/stores/001/946/809/products/amarillo-1-81-7061701058d47914d216875906036826-480-0.webp,
DIS-CEQ-701,Cepillo quirúrgico con jabón 30 pz BD,BD,Equipo Quirúrgico,Complementos Quirúrgicos,Accesorios Quirúrgicos,Equipo Quirúrgico > Complementos Quirúrgicos > Accesorios Quirúrgicos,1129,1169.35,1145.96,1134.27,,38.0,61.3,,disponible,1.26,https://www.promexsa.com.mx/productos/cepillo-quirurgico-con-jabon-30-pz-bd/,https://acdn-us.mitiendanube.com/stores/001/946/809/products/3121-f7d5d38f849d7376eb16875028187185-480-0.webp,
DIS-CAS-48,Cal sodada con indicador 16 kg SODATEC,SODATEC,Áreas y Especialidades,Anestesiología,Circuitos para Anestesia,Áreas y Especialidades > Anestesiología > Circuitos para Anestesia,1130,2710.76,2656.54,2629.44,,40.0,66.7,,disponible,1,https://www.promexsa.com.mx/productos/cal-sodada-16-kg-sodali/,https://acdn-us.mitiendanube.com/stores/001/946/809/products/cal-sodada1-276aecbeff9deb34fb16875030482979-480-0.webp,Cal sodada 16 kg SODALI
DIS-BOR-42,Bolsa rpbi amarilla 50 cm x 60 cm 100 pz IXION,IXION,Sin Categoría,,,Sin Categoría,1131,484.06,474.38,469.54,,33.0,49.3,,disponible,1,https://www.promexsa.com.mx/productos/bolsa-rpbi-amarilla-50-cm-x-60-cm-100-pz-ixion/,https://acdn-us.mitiendanube.com/stores/001/946/809/products/1261-6762d94f0931f21d5716874963870176-480-0.webp,
DIS-BOR-40,Bolsa recolectora de orina no estéril niño 10 pz VISA,VISA,Áreas y Especialidades,Urología,Evacuación y Recolección de Orina,Áreas y Especialidades > Urología > Evacuación y Recolección de Orina,1132,60.84,59.62,59.01,,40.0,66.7,,disponible,1,https://www.promexsa.com.mx/productos/bolsa-recolectora-de-orina-nino-10-pz-visa/,https://acdn-us.mitiendanube.com/stores/001/946/809/products/bolsa-rec-nino-visa11-d4f8156182f548123216874125994127-480-0.webp,Bolsa recolectora de orina niño 10 pz VISA
DIS-BOR-39,Bolsa recolectora de orina no estéril niña 10 pz VISA,VISA,Áreas y Especialidades,Urología,Evacuación y Recolección de Orina,Áreas y Especialidades > Urología > Evacuación y Recolección de Orina,1133,60.84,59.62,59.01,,40.0,66.7,,disponible,1,https://www.promexsa.com.mx/productos/bolsa-recolectora-de-orina-nina-10-pz-visa/,https://acdn-us.mitiendanube.com/stores/001/946/809/products/bolsa-rec-nino-visa1-f5156517b158925bc216874125936535-480-0.webp,Bolsa recolectora de orina niña 10 pz VISA
DIS-BOR-38,Bolsa recolectora de orina sistema cerrado 2000 ml DIP MAC,DIP MAC,Áreas y Especialidades,Urología,Evacuación y Recolección de Orina,Áreas y Especialidades > Urología > Evacuación y Recolección de Orina,1134,,,,,40.0,66.7,,disponible,0.98,https://www.promexsa.com.mx/productos/bolsa-recolectora-de-orina-2000-ml-dip-mac/,https://acdn-us.mitiendanube.com/stores/001/946/809/products/bolsa-recole1-9bf399c89f0c5f82c416874124205259-480-0.webp,Bolsa recolectora de orina 2000 ml DIP MAC
DIS-BOP-575,Bolsa para esterilizar de 32x62x12 cm 250 pz ESTERIBOL,ESTERIBOL,Equipo Quirúrgico,Complementos Quirúrgicos,Accesorios para Esterilizar,Equipo Quirúrgico > Complementos Quirúrgicos > Accesorios para Esterilizar,1135,2328.07,2281.51,2258.23,,38.0,61.3,,disponible,1.2,https://www.promexsa.com.mx/productos/bolsa-para-esterilizar-de-32x62x12-cm-250-pz-esteribol/,https://acdn-us.mitiendanube.com/stores/001/946/809/products/esteribol1-87103ec537bd8868ea17067635421721-480-0.webp,
PDC-BAP-1,Barbiquejo para casco DERMA CARE,DERMA CARE,Equipo de Protección Personal,,,Equipo de Protección Personal,1136,30.51,29.9,29.59,,32.0,47.1,,disponible,0.18,https://www.promexsa.com.mx/productos/barbiquejo-para-casco-derma-care/,https://acdn-us.mitiendanube.com/stores/001/946/809/products/000f4328-c4a1-49d7-abda-ad9b33ed0816sv2014-02-14srbsig31h2fj7wxksvmq2bzeyvleaj2b5wrfdvbxtzaurowjerwy3dst2022-12-16t213a593a35zse2122-12-16t223a093a35zspr-22d29d8535057cdcb516871943321266-480-0.webp,
DIS-ASP-697,Aspirador portátil 18 lts x min 7E-A HERGOM,HERGOM,Equipo Quirúrgico,Aspiración,Aspiradores,Equipo Quirúrgico > Aspiración > Aspiradores,1137,2611.87,2559.63,2533.51,,38.0,61.3,,disponible,1,https://www.promexsa.com.mx/productos/aspirador-portatil-18-lts-x-min-hergom/,https://acdn-us.mitiendanube.com/stores/001/946/809/products/aspirador-hergom1-9b8cd871f9e6c20dc916880215395750-480-0.webp,Aspirador portátil 18 lts x min HERGOM
PDC-ALP-5,Almohadillas para cuidado facial 100% algodón 60 pz DIBAR,DIBAR,Cuidado Personal,Artículos Cosméticos,Pads y Algodón,Cuidado Personal > Artículos Cosméticos > Pads y Algodón,1138,33.59,32.92,32.58,,45.0,81.8,,disponible,0.1,https://www.promexsa.com.mx/productos/almohadillas-para-cuidado-facial-100-algodon-60-pz-dibar/,https://acdn-us.mitiendanube.com/stores/001/946/809/products/buenos-551-f69590bff4bdfde0d816880179888478-480-0.webp,
PDC-ALI-702,Alcohol isopropilico 1 l DROTASA,DROTASA,Accesorios y Suministros Médicos,Sueros E Hidratantes,Antisépticos y Germicidas,Accesorios y Suministros Médicos > Sueros E Hidratantes > Antisépticos y Germicidas,1139,215.51,211.2,209.04,,28.0,38.9,,disponible,1.06,https://www.promexsa.com.mx/productos/alcohol-isopropilico-1-l-drotasa/,https://acdn-us.mitiendanube.com/stores/001/946/809/products/alcohol-ispropilico1-1dd75c27fe49c8b90416872356969032-480-0.webp,
DIS-AGE-7,Aguja espinal 27 g x 119 mm 100 pz BD,BD,Áreas y Especialidades,Anestesiología,Agujas y Equipos para Anestesia,Áreas y Especialidades > Anestesiología > Agujas y Equipos para Anestesia,1140,344.47,337.58,334.14,,40.0,66.7,,disponible,0.5,https://www.promexsa.com.mx/productos/aguja-espinal-27-g-x-119-mm-100-pz-bd/,https://acdn-us.mitiendanube.com/stores/001/946/809/products/1bce8efd-a97e-4708-a807-82368e7e1166sv2014-02-14srbsigxu5n0ndtfxr0hyig4j9c2fzwuis7djofxb37zgxdwwf03dst2023-06-16t053a013a51zse2123-06-16t053a113a51zspr-cd901cb26404201d1b16871931966307-480-0.webp,
DIS-AGE-6,Aguja espinal 25 g x 4 11/16 mm 100 pz BD,BD,Áreas y Especialidades,Anestesiología,Agujas y Equipos para Anestesia,Áreas y Especialidades > Anestesiología > Agujas y Equipos para Anestesia,1141,347.36,340.41,336.94,,40.0,66.7,,disponible,0.5,https://www.promexsa.com.mx/productos/aguja-espinal-25-g-x-119-mm-100-pz-bd/,https://acdn-us.mitiendanube.com/stores/001/946/809/products/49e4e58e-843f-4cea-bae0-9cf22fdb9a39sv2014-02-14srbsigxes01rkag8kbaaq8ci8omlh3crwyibyt8xtpatjjujk3dst2022-12-16t203a323a40zse2122-12-16t203a423a40zspr-6358db513bd730496016871931722591-480-0.webp,Aguja espinal 25 g x 119 mm 100 pz BD
DIS-AGD-5,Aguja dental 30 g corta 100 pz AMBIDERM,AMBIDERM,Material de Curación,Jeringas,Agujas Hipodermicas Desechables,Material de Curación > Jeringas > Agujas Hipodermicas Desechables,1142,179.36,175.77,173.98,,30.0,42.9,,disponible,0.2,https://www.promexsa.com.mx/productos/aguja-dental-30g-corta-100-pz-ambiderm/,https://acdn-us.mitiendanube.com/stores/001/946/809/products/buenos11-f1dca1d0cdcbe6747b16871957474639-480-0.webp,
DIS-AGD-4,Aguja dental 27 g larga 100 pz AMBIDERM,AMBIDERM,Material de Curación,Jeringas,Agujas Hipodermicas Desechables,Material de Curación > Jeringas > Agujas Hipodermicas Desechables,1143,179.36,175.77,173.98,,30.0,42.9,,disponible,0.2,https://www.promexsa.com.mx/productos/aguja-dental-27g-larga-100-pz-ambiderm/,https://acdn-us.mitiendanube.com/stores/001/946/809/products/61-9e0250a33b41a80e9116948190640103-480-0.webp,
PDC-AGD-2,Agua de azhar 1 l DROTASA,DROTASA,Cuidado Personal,,,Cuidado Personal,1144,31.93,31.29,30.97,,45.0,81.8,,disponible,1.06,https://www.promexsa.com.mx/productos/agua-de-azhar-1-l-drotasa/,https://acdn-us.mitiendanube.com/stores/001/946/809/products/79164912-11df-4466-9dce-fad14f4a6b18sv2014-02-14srbsigvlrydgaobvvyosngkynttsp2frwdtpdf3tyt42f6e6u83dst2023-05-05t213a013a02zse2123-05-05t213a113a02zspr-bfaf8118cb443dc00916871929035935-480-0.webp,
PTM-BAT-084,Bata quirúrgica desechable violeta sin refuerzo 10 pz DEMEVA CLASSIC,DEMEVA,Ropa Desechable,Medica,Batas Quirurgicas,Ropa Desechable > Medica > Batas Quirurgicas,1145,352.54,345.49,341.96,,35.0,53.8,,agotado,1,https://www.promexsa.com.mx/productos/bata-tipo-quirurgica-violeta-sin-refuerzo-10-pz-demeva-classic-1n28s/,https://acdn-us.mitiendanube.com/stores/001/946/809/products/375-51f7b10c99bf29284317722513551450-480-0.webp,Bata quirúrgica lila 35g tricapa SMS antifluidos con puño cardigan. Resistente y profesional. Presentación con 10 piezas.
DIS-CIM-781,Cinta microporosa hipoalargénica 50 mm x 10 m 6 pz MICROCEL TUK,MICROCEL TUK,Material de Curación,Apósitos,Apósitos de Fijacion,Material de Curación > Apósitos > Apósitos de Fijacion,1146,182.79,179.13,177.31,,30.0,42.9,,agotado,0.1,https://www.promexsa.com.mx/productos/cinta-microporosa-hipoalargenica-50-mm-x-10-m-6-pz-microcel-tuk-pq4s7/,https://acdn-us.mitiendanube.com/stores/001/946/809/products/fb9bfbe3-31ce-497a-80e8-efe35cde3f05-016b1019924a30653517635316813486-480-0.webp,"Cinta microporosa hipoalergénica para piel sensible, ideal para curaciones seguras y cómodas. Compra ahora MICROCEL TUK y protege tu piel."
DIS-CIM-780,Cinta microporosa hipoalargénica 25 mm x 10 m 12 pz MICROCEL TUK,MICROCEL TUK,Material de Curación,Apósitos,Apósitos de Fijacion,Material de Curación > Apósitos > Apósitos de Fijacion,1147,182.79,179.13,177.31,,30.0,42.9,,agotado,0.1,https://www.promexsa.com.mx/productos/cinta-microporosa-hipoalargenica-25-mm-x-10-m-12-pz-microcel-tuk-jha51/,https://acdn-us.mitiendanube.com/stores/001/946/809/products/71e184e2-2995-43ff-b916-204495eff0c4-73a2c8800d1fb9dbfa17635316708320-480-0.webp,"Cinta microporosa hipoalergénica para piel sensible, transpirable y de fácil retiro. Ideal para fijar apósitos con comodidad y seguridad. ¡Compra ahora!"
DIS-CIM-779,Cinta microporosa hipoalargénica 12.5 mm X 10 m 24 pz MICROCEL TUK,MICROCEL TUK,Material de Curación,Apósitos,Apósitos de Fijacion,Material de Curación > Apósitos > Apósitos de Fijacion,1148,182.79,179.13,177.31,,30.0,42.9,,agotado,0.3,https://www.promexsa.com.mx/productos/cinta-microporosa-hipoalargenica-12-5-mm-x-10-m-24-pz-microcel-tuk-6vycs/,https://acdn-us.mitiendanube.com/stores/001/946/809/products/90dc3458-cd11-4d15-a202-e02b90a5f40a-4d1bd8bf9542fb529f17635316497513-480-0.webp,"Cinta microporosa hipoalergénica MICROCEL TUK, suave y transpirable para piel sensible. Fija gasas y apósitos con comodidad y seguridad. ¡Compra ya!"
PDC-POL-861,Pomada para Labios Vitrolero c/60 pzas - JALOMA,JALOMA,Cuidado Personal,Artículos Cosméticos,Hidratacion y Protección para la Piel,Cuidado Personal > Artículos Cosméticos > Hidratacion y Protección para la Piel,1149,283.88,278.2,275.36,,45.0,81.8,,agotado,1,https://www.promexsa.com.mx/productos/pomada-para-labios-vitrolero-c-60-pzas-jaloma-kn346/,https://acdn-us.mitiendanube.com/stores/001/946/809/products/2133c454-abab-4707-a32b-f0bf23115915-5fa237554660afb2bc17609896749369-480-0.webp,Pomada para labios JALOMA con sabores frutales que humecta y protege labios secos y agrietados. Cuida y suaviza tus labios. ¡Compra ahora!
PDC-CAP-55,Calzón para adulto dama m 14 pz TENA Ultimate,TENA,Cuidado Personal,Incontinencia,Pañales para Adulto,Cuidado Personal > Incontinencia > Pañales para Adulto,1150,128.44,125.87,124.59,,45.0,81.8,,agotado,0.96,https://www.promexsa.com.mx/productos/calzon-para-adulto-dama-m-14-pz-tena-ultimate/,https://acdn-us.mitiendanube.com/stores/001/946/809/products/1ce1b1de-723f-4f31-aaab-ee32ca60f791sv2014-02-14srbsiggsy2m3nbvfhqcmowbfgnqgolvfvrsdehgnsgg93qpx83dst2022-10-15t053a023a49zse2122-10-15t053a123a49zspr-3e53af3c5fa510f9f416871985349252-480-0.webp,
7502320872884,Bata quirúrgica desechable con refuerzo lila 10 pz DEMEVA CLASSIC,DEMEVA,Ropa Desechable,Medica,Batas Quirurgicas,Ropa Desechable > Medica > Batas Quirurgicas,1151,309.75,303.56,300.46,,35.0,53.8,,agotado,0.5,https://www.promexsa.com.mx/productos/bata-quirurgica-desechable-con-refuerzo-lila-10-pz-demeva-classic-v5xlj/,https://acdn-us.mitiendanube.com/stores/001/946/809/products/336-559110ce42e4ce0e2e17773639429576-480-0.webp,Bata quirúrgica desechable lila con refuerzo para máxima protección. Paquete de 10 piezas. Ideal para uso médico y hospitalario. ¡Compra ahora!
7502320873331,Bata para mastografía desechable lila 10 pz DEMEVA CLASSIC,DEMEVA,Ropa Desechable,Medica,Batas Paciente,Ropa Desechable > Medica > Batas Paciente > Adulto,1152,101.38,99.35,98.34,,35.0,53.8,,agotado,,https://www.promexsa.com.mx/productos/bata-para-mastografia-desechable-lila-10-pz-demeva-classic-dx1qi/,https://acdn-us.mitiendanube.com/stores/001/946/809/products/444-053670d03b7f6bba0417773607637152-480-0.webp,
DRU-CED-3026,Cepillo dental para adulto 2 pz TRAVEL PyP,PROMEXSA suministro de material médico insumo médico equipo médico material de Curación,Cuidado Personal,,,Cuidado Personal,1153,18.61,18.24,18.05,,45.0,81.8,,agotado,0.05,https://www.promexsa.com.mx/productos/cepillo-dental-para-adulto-2-pz-travel-pyp-2gd0g/,https://acdn-us.mitiendanube.com/stores/001/946/809/products/761a6e34-d78d-4404-9de6-aae5df971547-caf9ffe7cb0ae1594617606385173823-480-0.webp,Cepillo dental para adulto 2 pz TRAVEL PyP con cerdas suaves y diseño ergonómico. Ideal para higiene bucal diaria y viajes. ¡Cuida tu sonrisa hoy!
DIS-IOS-848,Iodopovidona Solución 3.5 JALOMA,,Accesorios y Suministros Médicos,Sueros E Hidratantes,Antisépticos y Germicidas,Accesorios y Suministros Médicos > Sueros E Hidratantes > Antisépticos y Germicidas,1154,814.97,798.67,790.52,,28.0,38.9,,agotado,5,https://www.promexsa.com.mx/productos/iodopovidona-solucion-3-5-jaloma-ap81p/,https://acdn-us.mitiendanube.com/stores/001/946/809/products/95cd2230-e724-4a96-9d40-e2cce82bf226-b290cbd73a1c0348d417606369589894-480-0.webp,
DIS-COD-1193,Condones dispensador 50 pz PRUDENCE UVA,,Cuidado Personal,,,Cuidado Personal,1155,,,,,45.0,81.8,,agotado,5,https://www.promexsa.com.mx/productos/condones-dispensador-50-pz-prudence-uva-1pupx/,https://acdn-us.mitiendanube.com/stores/001/946/809/products/666fd0ae-05d3-4e54-aea7-5692b625545d-9e1235aef6571c224617605683752859-480-0.webp,
DIS-COD-1192,Condones dispensador 50 pz PRUDENCE CHOCOLATE,,Cuidado Personal,,,Cuidado Personal,1156,,,,,45.0,81.8,,agotado,5,https://www.promexsa.com.mx/productos/condones-dispensador-50-pz-prudence-chocolate-fupl8/,https://acdn-us.mitiendanube.com/stores/001/946/809/products/106ebe0d-9cde-4a40-a0d1-21140cc530ce-22fa472831635b444317605682780635-480-0.webp,
DIS-CO-1189,Condones caja cartera 3 pz PRUDENCE ZERO,,Cuidado Personal,,,Cuidado Personal,1157,67.74,66.39,65.71,,45.0,81.8,,agotado,5,https://www.promexsa.com.mx/productos/condones-caja-cartera-3-pz-prudence-zero-w9ujt/,https://acdn-us.mitiendanube.com/stores/001/946/809/products/706b7162-fa98-445e-a4d5-c392d0b96569-89a7b08c7904036a4a17605681241567-480-0.webp,
DIS-CO-1190,Condones caja cartera 3 pz PRUDENCE SENSITIVE,,Cuidado Personal,,,Cuidado Personal,1158,63.84,62.56,61.92,,45.0,81.8,,agotado,5,https://www.promexsa.com.mx/productos/condones-caja-cartera-3-pz-prudence-sensitive-mqhd1/,https://acdn-us.mitiendanube.com/stores/001/946/809/products/a7bd494a-8425-4ee1-9929-2a80b7a60da8-de9986d9dad86e652517605678058846-480-0.webp,
DIS-CO-1191,Condones caja cartera 3 pz PRUDENCE COLA,,Cuidado Personal,,,Cuidado Personal,1159,48.05,47.09,46.61,,45.0,81.8,,agotado,5,https://www.promexsa.com.mx/productos/condones-caja-cartera-3-pz-prudence-cola-eitmj/,https://acdn-us.mitiendanube.com/stores/001/946/809/products/5332fc3b-9e7b-40ec-9d2d-c2b2e916d1ba-c0d90bc8f1f5d1a88117605674897118-480-0.webp,
DRU-AGP-3,Agua para irrigación 1000 ml 6 pz PISA,PISA,Equipo Quirúrgico,Irrigacion,Sistemas para Irrigacion,Equipo Quirúrgico > Irrigacion > Sistemas para Irrigacion,1160,408.73,400.56,396.47,,38.0,61.3,,agotado,1,https://www.promexsa.com.mx/productos/agua-para-irrigacion-1000-ml-6-pz-pisa/,https://acdn-us.mitiendanube.com/stores/001/946/809/products/a4ef1303-2acb-4e01-86bf-ae0ae8990e70-d04adc9a64a5fbfb8917491422306704-480-0.webp,
PLT-ROP-1099,Rollo para mesa de exploración blanco 0.53 m x 0.38 m Pre-cortado c/ 9 rollos AMBIDERM,,Cuidado Personal,Protección para Cama,Sábanas,Cuidado Personal > Protección para Cama > Sábanas,1161,840.59,823.78,815.37,,45.0,81.8,,agotado,1,https://www.promexsa.com.mx/productos/rollo-para-mesa-de-exploracion-blanco-0-53-m-x-0-38-m-pre-cortado-12-rollos-ambiderm/,https://acdn-us.mitiendanube.com/stores/001/946/809/products/0bc4c16f-ddc6-4208-9b3e-18840be99e05-b88e6ecb7a9cccc1e117491089751323-480-0.webp,
PLT-ROP-1098,Rollo para mesa de exploración blanco 0.53 m x 0.38 m Ápex c/12 rollos AMBIDERM,,Cuidado Personal,Protección para Cama,Sábanas,Cuidado Personal > Protección para Cama > Sábanas,1162,742.85,727.99,720.56,,45.0,81.8,,agotado,1,https://www.promexsa.com.mx/productos/rollo-para-mesa-de-exploracion-blanco-0-53-m-x-0-38-m-apex-12-rollos-ambiderm/,https://acdn-us.mitiendanube.com/stores/001/946/809/products/0bb2b0d3-42fa-4427-b807-0a0cc54fadda-edb00847b5a675f17f17491089635735-480-0.webp,
DIS-DES-846,Desinfectante Solución 120 ml. JALOMADINE,JALOMADINE,Accesorios y Suministros Médicos,Sueros E Hidratantes,Antisépticos y Germicidas,Accesorios y Suministros Médicos > Sueros E Hidratantes > Antisépticos y Germicidas,1163,49.22,48.24,47.74,,28.0,38.9,,agotado,0.3,https://www.promexsa.com.mx/productos/desinfectante-solucion-120-ml-jalomadine/,https://acdn-us.mitiendanube.com/stores/001/946/809/products/9616cf0d-0c8e-4526-83a0-438a4c4ae379-6be82d4be80bbe616d17346685883686-480-0.webp,Desinfectante JALOMADINE 120 ml con iodopovidona 10% para limpiar y desinfectar heridas y quemaduras. ¡Cuida tu piel y compra ahora!
PDC-PAP-392,Pañal para bebé seleccionado E6 1kg DRYPER,DRYPER,Cuidado Personal,Artículos para Maternidad,Pañales para Bebe,Cuidado Personal > Artículos para Maternidad > Pañales para Bebe,1164,107.04,104.9,103.83,,45.0,81.8,,agotado,1,https://www.promexsa.com.mx/productos/panal-para-bebe-seleccionado-e6-1kg-dryper/,https://acdn-us.mitiendanube.com/stores/001/946/809/products/b6d3e052-f970-42ae-acde-0507380a5920-02d8ed8b7510736b5c17062590455390-480-0.webp,
PDC-PAP-391,Pañal para bebé seleccionado E5 1kg DRYPER,DRYPER,Cuidado Personal,Artículos para Maternidad,Pañales para Bebe,Cuidado Personal > Artículos para Maternidad > Pañales para Bebe,1165,107.04,104.9,103.83,,45.0,81.8,,agotado,1,https://www.promexsa.com.mx/productos/panal-para-bebe-seleccionado-e5-1kg-dryper/,https://acdn-us.mitiendanube.com/stores/001/946/809/products/49f45eb8-19f2-4c05-9c54-4ad5f9795c42-d04da1f02220779c0617062589751154-480-0.webp,
PDC-PAP-163,Pañal para bebé seleccionado E4 1kg DRYPER,DRYPER,Cuidado Personal,Artículos para Maternidad,Pañales para Bebe,Cuidado Personal > Artículos para Maternidad > Pañales para Bebe,1166,107.04,104.9,103.83,,45.0,81.8,,agotado,1,https://www.promexsa.com.mx/productos/panal-para-bebe-seleccionado-e4-1kg-dryper/,https://acdn-us.mitiendanube.com/stores/001/946/809/products/53553065-14a1-4d63-a7b3-f41d53fe4b41-220bc09f7ddcd2c96317062589604259-480-0.webp,
PDC-PAP-142,Pañal para bebé seleccionado E3 1kg DRYPER,DRYPER,Cuidado Personal,Artículos para Maternidad,Pañales para Bebe,Cuidado Personal > Artículos para Maternidad > Pañales para Bebe,1167,107.04,104.9,103.83,,45.0,81.8,,agotado,1,https://www.promexsa.com.mx/productos/panal-para-bebe-seleccionado-e3-1kg-dryper/,https://acdn-us.mitiendanube.com/stores/001/946/809/products/79125fe6-bdc1-4714-bdc3-a664c3b9b76a-6be79c02220046ddd417062589316117-480-0.webp,
PDC-PAP-390,Pañal para bebé seleccionado E2 1kg DRYPER,DRYPER,Cuidado Personal,Artículos para Maternidad,Pañales para Bebe,Cuidado Personal > Artículos para Maternidad > Pañales para Bebe,1168,107.04,104.9,103.83,,45.0,81.8,,agotado,1,https://www.promexsa.com.mx/productos/panal-para-bebe-seleccionado-e2-1kg-dryper/,https://acdn-us.mitiendanube.com/stores/001/946/809/products/24e331a0-e743-42ef-a075-0bb3b53c6c4f-89d8cf48f0a74d8b8b17062589111737-480-0.webp,
PDC-PAP-600,Pañal para bebé seleccionado E1 1kg DRYPER,DRYPER,Cuidado Personal,Artículos para Maternidad,Pañales para Bebe,Cuidado Personal > Artículos para Maternidad > Pañales para Bebe,1169,107.04,104.9,103.83,,45.0,81.8,,agotado,1,https://www.promexsa.com.mx/productos/panal-para-bebe-seleccionado-e1-1kg-dryper/,https://acdn-us.mitiendanube.com/stores/001/946/809/products/737bb1aa-b2dc-4276-b244-3b245e0cdb9c-50902d0b2d621a7a5617062588919919-480-0.webp,
PDC-PAP-622,Pañal para adulto xxl 1kg SELECCIONADO,DEMEVA,Cuidado Personal,Incontinencia,Pañales para Adulto,Cuidado Personal > Incontinencia > Pañales para Adulto,1170,83.06,81.4,80.57,,45.0,81.8,,agotado,1,https://www.promexsa.com.mx/productos/panal-para-adulto-xxl-1kg-seleccionado/,https://acdn-us.mitiendanube.com/stores/001/946/809/products/917785e7-16d0-4328-91fa-2c2f521cb713-a6e37f40789ba2495817062570768452-480-0.webp,
PDC-PAP-620,Pañal para adulto g 1kg SELECCIONADO,DEMEVA,Cuidado Personal,Incontinencia,Pañales para Adulto,Cuidado Personal > Incontinencia > Pañales para Adulto,1171,83.06,81.4,80.57,,45.0,81.8,,agotado,1,https://www.promexsa.com.mx/productos/panal-para-adulto-g-1kg-seleccionado/,https://acdn-us.mitiendanube.com/stores/001/946/809/products/a3bd6b02-6796-47ab-bfeb-ff2a856f9142-c1dc9d27ad82306ae617062564796701-480-0.webp,
PDC-PAP-619,Pañal para adulto m 1kg SELECCIONADO,DEMEVA,Cuidado Personal,Incontinencia,Pañales para Adulto,Cuidado Personal > Incontinencia > Pañales para Adulto,1172,83.06,81.4,80.57,,45.0,81.8,,agotado,1,https://www.promexsa.com.mx/productos/panal-para-adulto-m-1kg-seleccionado/,https://acdn-us.mitiendanube.com/stores/001/946/809/products/37f579c7-cbf2-444e-a8d6-ce975e9befce-48545c999a06be395217062564493568-480-0.webp,
PDC-PAP-621,Pañal para adulto xl 1kg SELECCIONADO,DEMEVA,Cuidado Personal,Incontinencia,Pañales para Adulto,Cuidado Personal > Incontinencia > Pañales para Adulto,1173,83.06,81.4,80.57,,45.0,81.8,,agotado,1,https://www.promexsa.com.mx/productos/panal-para-adulto-xl-1kg-seleccionado/,https://acdn-us.mitiendanube.com/stores/001/946/809/products/0fe1b25b-3c69-4bdc-bf20-698b526fb6b8-70c0a4a36db008e32917062564289008-480-0.webp,
PDC-PAP-618,Pañal para adulto ch-j 1kg SELECCIONADO,DEMEVA,Cuidado Personal,Incontinencia,Pañales para Adulto,Cuidado Personal > Incontinencia > Pañales para Adulto,1174,83.06,81.4,80.57,,45.0,81.8,,agotado,1,https://www.promexsa.com.mx/productos/panal-para-adulto-ch-j-1kg-seleccionado/,https://acdn-us.mitiendanube.com/stores/001/946/809/products/baberos-demeva-5-f6698de095765c079717062565484182-480-0.webp,
PDC-CAP-615,Calzón para adulto xxl 1kg SELECCIONADO,DEMEVA,Cuidado Personal,Incontinencia,Pañales para Adulto,Cuidado Personal > Incontinencia > Pañales para Adulto,1175,102.94,100.88,99.85,,45.0,81.8,,agotado,1,https://www.promexsa.com.mx/productos/calzon-para-adulto-xxl-1kg-seleccionado/,https://acdn-us.mitiendanube.com/stores/001/946/809/products/6800b482-2750-47c9-8983-12bbbb12cd9d-af8256f1fd9d9c8a3817062551598008-480-0.webp,
PDC-CAP-614,Calzón para adulto xl 1kg SELECCIONADO,DEMEVA,Cuidado Personal,Incontinencia,Pañales para Adulto,Cuidado Personal > Incontinencia > Pañales para Adulto,1176,102.94,100.88,99.85,,45.0,81.8,,agotado,1,https://www.promexsa.com.mx/productos/calzon-para-adulto-xl-1kg-seleccionado/,https://acdn-us.mitiendanube.com/stores/001/946/809/products/5af4f1a6-8403-4289-9881-647dcd19b154-0ffe5666b99878005717062550879092-480-0.webp,
PDC-CAP-612,Calzón para adulto m 1kg SELECCIONADO,DEMEVA,Cuidado Personal,Incontinencia,Pañales para Adulto,Cuidado Personal > Incontinencia > Pañales para Adulto,1177,102.94,100.88,99.85,,45.0,81.8,,agotado,1,https://www.promexsa.com.mx/productos/calzon-para-adulto-m-1kg-seleccionado/,https://acdn-us.mitiendanube.com/stores/001/946/809/products/ed0e3075-2969-4aef-8625-1ce9292a7518-70d66ebc0cc92a842b17062549885868-480-0.webp,
PDC-CAP-613,Calzón para adulto g 1kg SELECCIONADO,DEMEVA,Cuidado Personal,Incontinencia,Pañales para Adulto,Cuidado Personal > Incontinencia > Pañales para Adulto,1178,102.94,100.88,99.85,,45.0,81.8,,agotado,1,https://www.promexsa.com.mx/productos/calzon-para-adulto-g-1kg-seleccionado/,https://acdn-us.mitiendanube.com/stores/001/946/809/products/4fdcab90-f6be-4dbd-bfab-40b2ac3963ea-050306524caea9173217062546535197-480-0.webp,
DIS-EQP-153,Equipo para bloqueo epidural 1 jg DURAL III,DURA III,Áreas y Especialidades,Anestesiología,Agujas y Equipos para Anestesia,Áreas y Especialidades > Anestesiología > Agujas y Equipos para Anestesia,1179,443.44,434.57,430.14,,40.0,66.7,,agotado,1,https://www.promexsa.com.mx/productos/equipo-para-bloqueo-epidural-1-jg-dura-iii/,https://acdn-us.mitiendanube.com/stores/001/946/809/products/261-f3f814ddd9ecafce7516877449529189-480-0.webp,Equipo para bloqueo epidural 1 jg DURA III