slug,fuente,url_origen,sku,ean,nombre
bp-dermaexpress-3337875902823,dermaexpress,https://cdn.shopify.com/s/files/1/0088/1937/6188/files/1_2_2.avif,FC-75902823,3337875902823,"Vichy Dercos Energy+ Shampoo Estimulante Anticaída Refill 400 ml"
bp-dermaexpress-3337871322243,dermaexpress,https://cdn.shopify.com/s/files/1/0088/1937/6188/files/1_1_5aa427f8-9b5e-4995-a3ad-85e3e9aecdda.avif,FC-71322243,3337871322243,"Vichy Dercos Estimulante Shampoo 400 ml"
bp-dermaexpress-3337875952804,dermaexpress,https://cdn.shopify.com/s/files/1/0088/1937/6188/files/1_6.avif,FC-75952804,3337875952804,"CeraVe Limpiador Tono Uniforme Vitamina C 236 ml"
bp-dermaexpress-3282771000787,dermaexpress,https://cdn.shopify.com/s/files/1/0088/1937/6188/files/1_3_5c11f172-4936-47a0-b99b-0aebfdf854ff.avif,FC-71000787,3282771000787,"Ducray Kelual DS Intensive Spray Calmante Anticaspa 100 ml"
bp-dermaexpress-3282770395990,dermaexpress,https://cdn.shopify.com/s/files/1/0088/1937/6188/files/3282770395990_1.avif,FC-70395990,3282770395990,"Avène DermAbsolu Crema de Noche Reafirmante 40 ml"
bp-dermaexpress-7502273211037,dermaexpress,https://cdn.shopify.com/s/files/1/0088/1937/6188/files/ORQ1037_SEASONS_HIDRATANTES_CREMA_HIDRATANTE_ALTA_REPARACION_ORQUIDEA_ACIDO_HIALURONICO_1.jpg,FC-73211037,7502273211037,"Seasons Crema Hidratante Antiedad Orquídea + Ácido Hialurónico 45 g"
bp-dermaexpress-8470002146549,dermaexpress,https://cdn.shopify.com/s/files/1/0088/1937/6188/files/1_2_1.avif,FC-02146549,8470002146549,"Cantabria Labs SKIN RESIST Velvet Cleanser Gel Limpiador y Desmaquillante para Piel Sensible 200 ml"
bp-dermaexpress-8470002143050,dermaexpress,https://cdn.shopify.com/s/files/1/0088/1937/6188/files/1_1_da74c9cb-a7e9-44fd-8a19-97849647df8b.avif,FC-02143050,8470002143050,"Cantabria Labs SKIN RESIST Sensage Sérum Antiedad para Piel Sensible 30 ml"
bp-dermaexpress-8470002143036,dermaexpress,https://cdn.shopify.com/s/files/1/0088/1937/6188/files/3_2_bd4cbdeb-c83b-45c8-ba06-a6875584b125.avif,FC-02143036,8470002143036,"Cantabria Labs SKIN RESIST Daily Fluid Fluido Hidratante para Piel Sensible 50 ml"
bp-dermaexpress-8436574365481,dermaexpress,https://cdn.shopify.com/s/files/1/0088/1937/6188/files/2._20Cantabria_20Labs_201-12-25_0178_1.jpg,FC-74365481,8436574365481,"BIRETIX ISOREPAIR BALM 10G"
bp-dermaexpress-3504105044855,dermaexpress,https://cdn.shopify.com/s/files/1/0088/1937/6188/files/3504105037185_1_1.jpg,FC-05044855,3504105044855,"Mustela Bálsamo Universal Multiusos 75 ml"
bp-dermaexpress-3504105044602,dermaexpress,https://cdn.shopify.com/s/files/1/0088/1937/6188/files/3504105035532_1_36405488-8822-4d6d-9821-db744803e1a9.jpg,FC-05044602,3504105044602,"Mustela Cold Cream Loción Corporal Nutritiva 200 ml"
bp-dermaexpress-3504105044640,dermaexpress,https://cdn.shopify.com/s/files/1/0088/1937/6188/files/3504105035648_1_1.jpg,FC-05044640,3504105044640,"Mustela Cold Cream Crema Emoliente Nutritiva 40 ml"
bp-dermaexpress-8429420309883,dermaexpress,https://cdn.shopify.com/s/files/1/0088/1937/6188/files/MX_4686_TH_ISDINCEUTICSFLAVO-CINTENSE50ML_MAIN_IMAGE_TEXTURE_0.jpg,FC-20309883,8429420309883,"Isdin Isdinceutics Flavo-C Intense 50 ml"
bp-dermaexpress-8429420271968,dermaexpress,https://cdn.shopify.com/s/files/1/0088/1937/6188/files/ImageneslanzamientosDerx_5_91fc4cf5-efe5-4b69-8a41-87bc793c0836.avif,FC-20271968,8429420271968,"Isdin Isdinceutics MelaClear Advanced REFILL 30 ml"
bp-dermaexpress-8429420309845,dermaexpress,https://cdn.shopify.com/s/files/1/0088/1937/6188/files/ImageneslanzamientosDerx_5_bec1b6d2-662d-46ad-8af4-5acdd40a83c5.avif,FC-20309845,8429420309845,"Isdin Post Solar Aftersun Lotion 100 ml"
bp-dermaexpress-8429420333772,dermaexpress,https://cdn.shopify.com/s/files/1/0088/1937/6188/files/Sintitulo-26deenerode2026_16.59.30-2026-08-04T112318.212.avif,FC-20333772,8429420333772,"Isdin Fotoprotector Fusion Gel by Alcaraz SPF 50 100 ml"
bp-dermaexpress-8429420329881,dermaexpress,https://cdn.shopify.com/s/files/1/0088/1937/6188/files/1_4_a5a96dfe-dc61-4a0e-ab65-891dd76a3634.avif,FC-20329881,8429420329881,"Isdin Fotoprotector Facial Mist SPF50 100 ml"
bp-dermaexpress-8429420312432,dermaexpress,https://cdn.shopify.com/s/files/1/0088/1937/6188/files/ImageneslanzamientosDerx_5_11d3db4a-ef3d-4306-b62a-ef088711dadf.avif,FC-20312432,8429420312432,"Isdin Fotoprotector Body Lotion Spray SPF50 250 ml"
bp-dermaexpress-8429420312388,dermaexpress,https://cdn.shopify.com/s/files/1/0088/1937/6188/files/1_4_021585fa-c00d-4849-92f7-fc974809758e.avif,FC-20312388,8429420312388,"Isdin Fotoprotector Body Lotion Spray Pediátrico SPF50 250 ml"
bp-dermaexpress-3661434008627,dermaexpress,https://cdn.shopify.com/s/files/1/0088/1937/6188/files/Shampoo.avif,FC-34008627,3661434008627,"Uriage Baby 1st Shampoo 200 ml"
bp-dermaexpress-3661434008672,dermaexpress,https://cdn.shopify.com/s/files/1/0088/1937/6188/files/cremahidrante.avif,FC-34008672,3661434008672,"Uriage Baby Crema Limpiadora 500 ml"
bp-dermaexpress-3661434008719,dermaexpress,https://cdn.shopify.com/s/files/1/0088/1937/6188/files/ImageneslanzamientosDerx_5.avif,FC-34008719,3661434008719,"Uriage Baby Agua Limpiadora 500 ml"
bp-dermaexpress-3661434008757,dermaexpress,https://cdn.shopify.com/s/files/1/0088/1937/6188/files/1_2_61b707c6-75ee-435c-97e1-2e76f5cb53bc.avif,FC-34008757,3661434008757,"Uriage Baby Toallitas Limpiadoras 70 Piezas"
bp-dermaexpress-3700281705065,dermaexpress,https://cdn.shopify.com/s/files/1/0088/1937/6188/files/186940_1.png,FC-81705065,3700281705065,"Topicrem AC CONTROL Sérum Intensivo Anti-Imperfecciones 34 ml"
bp-dermaexpress-3760269770652,dermaexpress,https://cdn.shopify.com/s/files/1/0088/1937/6188/files/Fsp800Wx800H_70010863_1ju4342di.png,FC-69770652,3760269770652,"Isispharma Uveblock FPS 50+ Lotion 100 ml"
bp-dermaexpress-8436589052505,dermaexpress,https://cdn.shopify.com/s/files/1/0088/1937/6188/files/204125.png,FC-89052505,8436589052505,"MartiDerm Sun Care SPF 50+ Active [D] Hydra Gel 50 ml"
bp-dermaexpress-810105153682,dermaexpress,https://cdn.shopify.com/s/files/1/0088/1937/6188/files/1_a5a7577a-ae3d-4021-b9a2-104045ada068.png,FC-05153682,810105153682,"Alastin Skincare C-Radical Defense Serum Antioxidante Facial 29.6ml"
bp-dermaexpress-3499320018227,dermaexpress,https://cdn.shopify.com/s/files/1/0088/1937/6188/files/1_1_b7577e14-c69b-44df-9047-1797f29fd540.avif,FC-20018227,3499320018227,"Alastin Skincare Restorative Skin Complex Tratamiento Antiedad Facial 29 ml"
bp-dermaexpress-3282770399479,dermaexpress,https://cdn.shopify.com/s/files/1/0088/1937/6188/files/3282770399479-1.jpg,FC-70399479,3282770399479,"Avène Cleanance Comedomed Peeling Gel Limpiador Exfoliante 400 ml"
bp-dermaexpress-3282770399226,dermaexpress,https://cdn.shopify.com/s/files/1/0088/1937/6188/files/3282770399226-1.avif,FC-70399226,3282770399226,"Avène Cleanance Comedomed Cuidado Intensivo Antiimperfecciones 30 ml"
bp-dermaexpress-3701129800201,dermaexpress,https://cdn.shopify.com/s/files/1/0088/1937/6188/files/3701129800201.png,FC-29800201,3701129800201,"Institut Esthederm Intensive Hyaluronic+ Sérum hidratación profunda 30 ml"
bp-dermaexpress-3661434032813,dermaexpress,https://cdn.shopify.com/s/files/1/0088/1937/6188/files/2_b03efcaa-3467-4358-89d3-d33ad31f4b75.png,FC-34032813,3661434032813,"Uriage AP Hair Serum Intensivo Anti-Caída 100 ml"
bp-dermaexpress-3661434032820,dermaexpress,https://cdn.shopify.com/s/files/1/0088/1937/6188/files/3_319a0176-39db-4df3-8569-d68689416e01.png,FC-34032820,3661434032820,"Uriage AP Hair Shampoo Fortificante 200 ml"
bp-dermaexpress-3461020002998,dermaexpress,https://cdn.shopify.com/s/files/1/0088/1937/6188/files/3461020002998.avif,FC-20002998,3461020002998,"Institut Esthederm Intensive Hyaluronic+ Mascarilla Hidratante Antiedad 50 ml"
bp-dermaexpress-3701129812105,dermaexpress,https://cdn.shopify.com/s/files/1/0088/1937/6188/files/3701129812105_HH.jpg,FC-29812105,3701129812105,"Bioderma Sensibio H2O Agua Micelar 500 ml"
bp-dermaexpress-8050519680172,dermaexpress,https://cdn.shopify.com/s/files/1/0088/1937/6188/files/ImageneslanzamientosDerx_2.avif,FC-19680172,8050519680172,"Korff Cure Make Up Fluid Foundation Lifting Effect Tono 01 30 ml"
bp-dermaexpress-8050519684729,dermaexpress,https://cdn.shopify.com/s/files/1/0088/1937/6188/files/ImageneslanzamientosDerx_1_1.avif,FC-19684729,8050519684729,"Korff Cure Make Up Neverending Ultra Matt Long Lasting Foundation SPF30 Tono 01 30 ml"
bp-dermaexpress-3461020003056,dermaexpress,https://cdn.shopify.com/s/files/1/0088/1937/6188/files/esthederm-intensive-hyaluronic-cream-refill-50ml_1.avif,FC-20003056,3461020003056,"Esthederm Intensive Hyaluronic Crema Hidratante REFILL 50 ml"
bp-dermaexpress-3282779449939,dermaexpress,https://cdn.shopify.com/s/files/1/0088/1937/6188/files/3282779449939_1.avif,FC-79449939,3282779449939,"Avène Kit Cleanance Aqua Gel 50 ml + Gel Limpiador 100 ml + Agua Termal 50 ml"
bp-dermaexpress-3282779449922,dermaexpress,https://cdn.shopify.com/s/files/1/0088/1937/6188/files/3282779449922_1.avif,FC-79449922,3282779449922,"Avène Kit Cleanance Serum 30 ml + Gel Limpiador 100 ml + Agua Termal 50 ml"
bp-dermaexpress-3282771000909,dermaexpress,https://cdn.shopify.com/s/files/1/0088/1937/6188/files/3282771000909_1.avif,FC-71000909,3282771000909,"Avène Protector Solar Facial Ultra Stick FPS50 20 g"
bp-dermaexpress-3282770398106,dermaexpress,https://cdn.shopify.com/s/files/1/0088/1937/6188/files/3282770398106_1.avif,FC-70398106,3282770398106,"Darrow Actine Vitamina C Serum 30 g"
bp-dermaexpress-7509552536713,dermaexpress,https://cdn.shopify.com/s/files/1/0088/1937/6188/files/Kit-Effaclar-Gel-Limpieza-Para-Piel-Mixta-A-Grasa-Con-Tendencia-Al-Acne-7509552536713-639185990174265109-1.avif,FC-52536713,7509552536713,"La Roche-Posay Kit Effaclar Gel Limpiador Purificante 400 ml + Effaclar Mat 40 ml"
bp-dermaexpress-7509552535396,dermaexpress,https://cdn.shopify.com/s/files/1/0088/1937/6188/files/7509552535396.avif,FC-52535396,7509552535396,"La Roche-Posay Kit Effaclar Duo+M Anti-Imperfecciones 40 ml + Effaclar Duo+M Patch 22 Parches + Cosmetiquera"
bp-dermaexpress-7509552535402,dermaexpress,https://cdn.shopify.com/s/files/1/0088/1937/6188/files/7509552535402.avif,FC-52535402,7509552535402,"La Roche-Posay Kit Effaclar Ultra Serum 30 ml + Anthelios UV Air SPF 50+ 40 ml + Effaclar Gel Microexfoliante 15 ml"
bp-dermaexpress-3760269770713,dermaexpress,https://cdn.shopify.com/s/files/1/0088/1937/6188/files/1_97222f76-b724-4579-96c4-282e7a1cfab9.png,FC-69770713,3760269770713,"Isispharma Uveblock FPS50+ Velvet 40 ml"
bp-dermaexpress-3499320018814,dermaexpress,https://cdn.shopify.com/s/files/1/0088/1937/6188/files/locion-1000x1000-1.jpg,FC-20018814,3499320018814,"Cetaphil Skin Activator Loción Hidratante y Reafirmante para Piel Sensible 473 ml"
bp-dermaexpress-7897930779488,dermaexpress,https://cdn.shopify.com/s/files/1/0088/1937/6188/files/BalsamoB000123456-150_B000123456_4.avif,FC-30779488,7897930779488,"Cetaphil Bálsamo Multireparador 50 g"
bp-dermaexpress-3499320018821,dermaexpress,https://cdn.shopify.com/s/files/1/0088/1937/6188/files/3499320018821.avif,FC-20018821,3499320018821,"Cetaphil Skin Crema Hidratante Reafirmante 340 g"
bp-dermaexpress-7502273214540,dermaexpress,https://cdn.shopify.com/s/files/1/0088/1937/6188/files/CajaKitAntiAcne.png,FC-73214540,7502273214540,"Season Love Your Skin Cabin Spa Ampolleta Acné 5 pzas (2ml c/u)"
bp-dermaexpress-7502273214533,dermaexpress,https://cdn.shopify.com/s/files/1/0088/1937/6188/files/CajaKitDespigmentante_d244b4d9-b23e-4e45-93b1-a4d9bed66e97.png,FC-73214533,7502273214533,"Season Love Your Skin Cabin Spa Ampolleta Despigmentante 5 pzas (2ml c/u)"
bp-dermaexpress-7502273214526,dermaexpress,https://cdn.shopify.com/s/files/1/0088/1937/6188/files/CajaKitHidratante.png,FC-73214526,7502273214526,"Season Love Your Skin cabin spa ampolleta hidratante ah 5 pzas (2ml c/u)"
bp-dermaexpress-7502273214519,dermaexpress,https://cdn.shopify.com/s/files/1/0088/1937/6188/files/CajaKitAntioxidante.png,FC-73214519,7502273214519,"Season Love Your Skin Cabin Spa Ampolleta antioxidante 5 pzas (2ml c/u)"
bp-dermaexpress-7502273214502,dermaexpress,https://cdn.shopify.com/s/files/1/0088/1937/6188/files/7502273214502.png,FC-73214502,7502273214502,"Season Love Your Skin Cabin Spa Ampolleta antiedad 5 pzas (2 ml c/u)"
bp-dermaexpress-7502273212430,dermaexpress,https://cdn.shopify.com/s/files/1/0088/1937/6188/files/7502273212430.png,FC-73212430,7502273212430,"Season Love Your Skin Cabin Spa Protector solar FPS50 manzana verde 250 g"
bp-dermaexpress-7502273212706,dermaexpress,https://cdn.shopify.com/s/files/1/0088/1937/6188/files/SPA2502.png,FC-73212706,7502273212706,"Season Love Your Skin Cabin Spa Gel Hidratante Vitamina C 250 g"
bp-dermaexpress-7502273214496,dermaexpress,https://cdn.shopify.com/s/files/1/0088/1937/6188/files/7502273214496_1.png,FC-73214496,7502273214496,"Season Love Your Skin Cabin Spa Mascarilla Hidroplástica Rosa de Castilla 380 g"
bp-dermaexpress-7502273212317,dermaexpress,https://cdn.shopify.com/s/files/1/0088/1937/6188/files/7502273212317.png,FC-73212317,7502273212317,"Season Love Your Skin Cabin Spa Mascarilla Hidroplástica Vitamina C 380 g"
bp-dermaexpress-7502273212782,dermaexpress,https://cdn.shopify.com/s/files/1/0088/1937/6188/files/SPA8250.png,FC-73212782,7502273212782,"Season Love Your Skin Cabin Spa Mascarilla efervescente aclarante 380 g"
bp-dermaexpress-7502273212324,dermaexpress,https://cdn.shopify.com/s/files/1/0088/1937/6188/files/SPA71500.png,FC-73212324,7502273212324,"Season Love Your Skin Cabin Spa Mascarilla Nutritiva té Verde 250 ml"
bp-dermaexpress-7502273212263,dermaexpress,https://cdn.shopify.com/s/files/1/0088/1937/6188/files/SPAS103A_478ba9ba-dd22-47da-888c-af4bef957f4c.png,FC-73212263,7502273212263,"Season Love Your Skin Cabin Spa Sérum Vitamina C + E 30 ml"
bp-dermaexpress-7502273213390,dermaexpress,https://cdn.shopify.com/s/files/1/0088/1937/6188/files/FotoTratamientoAntiAcne_OK.png,FC-73213390,7502273213390,"Season Love Your Skin Kit Control Acné"
bp-dermaexpress-7502273213987,dermaexpress,https://cdn.shopify.com/s/files/1/0088/1937/6188/files/cajafrente1.png,FC-73213987,7502273213987,"Season Love Your Skin Kit Control Grasa"
bp-dermaexpress-7502273213963,dermaexpress,https://cdn.shopify.com/s/files/1/0088/1937/6188/files/productossolos_3Pasos.png,FC-73213963,7502273213963,"Season Love Your Skin Kit Basic Care - 3 pasos"
bp-dermaexpress-7502273214113,dermaexpress,https://cdn.shopify.com/s/files/1/0088/1937/6188/files/Kit3Serums_niacinamida_frascos.png,FC-73214113,7502273214113,"Season Love Your Skin Kit 3 Sérums"
bp-dermaexpress-7502273214489,dermaexpress,https://cdn.shopify.com/s/files/1/0088/1937/6188/files/Up_upweb1_2000x2000px.webp,FC-73214489,7502273214489,"Season Love Your Skin Kit Up&Up"
bp-dermaexpress-7502273214458,dermaexpress,https://cdn.shopify.com/s/files/1/0088/1937/6188/files/envases_frente.png,FC-73214458,7502273214458,"Season Love Your Skin Kit Here We Glow"
bp-dermaexpress-7502273213994,dermaexpress,https://cdn.shopify.com/s/files/1/0088/1937/6188/files/mockupKitTratamientoRevitalizante.png,FC-73213994,7502273213994,"Season Love Your Skin Kit Revitalizante Para Pieles Secas"
bp-dermaexpress-7502273214762,dermaexpress,https://cdn.shopify.com/s/files/1/0088/1937/6188/files/7502273214762_1_b375f50f-f4a5-4bb9-8afa-707aefceaaeb.png,FC-73214762,7502273214762,"Season Love Your Skin Protector Solar FPS50 Multi Stick Tono Rosa 7.5 ml"
bp-dermaexpress-7502273214779,dermaexpress,https://cdn.shopify.com/s/files/1/0088/1937/6188/files/7502273214779.png,FC-73214779,7502273214779,"Season Love Your Skin Protector Solar FPS50 Multi Stick Tono Rojo 7.5 ml"
bp-dermaexpress-7502273214786,dermaexpress,https://cdn.shopify.com/s/files/1/0088/1937/6188/files/ProtectorSolarMultiStick_Durazno_FrenteCompleto.png,FC-73214786,7502273214786,"Season Love Your Skin Protector Solar FPS50 Multi Stick Tono Durazno 7.5 ml"
bp-dermaexpress-7502273214793,dermaexpress,https://cdn.shopify.com/s/files/1/0088/1937/6188/files/ProtectorSolarMultiStick_Bronzer_FrenteCompleto.png,FC-73214793,7502273214793,"Season Love Your Skin Protector Solar FPS50 Multi Stick Tono Bronzer 7.5 ml"
bp-dermaexpress-7502273214557,dermaexpress,https://cdn.shopify.com/s/files/1/0088/1937/6188/files/7502273214557.jpg,FC-73214557,7502273214557,"Season Love Your Skin Bloqueador Facial Aquagel 50 g"
bp-dermaexpress-7502273214724,dermaexpress,https://cdn.shopify.com/s/files/1/0088/1937/6188/files/7502273214724_1.png,FC-73214724,7502273214724,"Season Love Your Skin Protector solar FPS50 Matificante Manzana Verde 100 g"
bp-dermaexpress-7502273214588,dermaexpress,https://cdn.shopify.com/s/files/1/0088/1937/6188/files/protectorsolarstick_envasecerrado.png,FC-73214588,7502273214588,"Season Love Your Skin Protector Solar FPS50 Stick Manzana Verde 15 g"
bp-dermaexpress-7502273214564,dermaexpress,https://cdn.shopify.com/s/files/1/0088/1937/6188/files/7502273214564_1.png,FC-73214564,7502273214564,"Season Love Your Skin Protector solar FPS50 Matificante Niacinamida 45 g"
bp-dermaexpress-7502273213697,dermaexpress,https://cdn.shopify.com/s/files/1/0088/1937/6188/files/7502273213697.png,FC-73213697,7502273213697,"Season Love Your Skin Protector solar FPS50 Toque Seco Tono Medio 45 g"
bp-dermaexpress-7502273214069,dermaexpress,https://cdn.shopify.com/s/files/1/0088/1937/6188/files/7502273214069.png,FC-73214069,7502273214069,"Season Love Your Skin Protector solar FPS50 Toque Seco Tono Claro 45 g"
bp-dermaexpress-7502273210245,dermaexpress,https://cdn.shopify.com/s/files/1/0088/1937/6188/files/7502273210245.jpg,FC-73210245,7502273210245,"Season Love Your Skin Protector solar FPS50 Manzana Verde 100 g"
bp-dermaexpress-7502273210269,dermaexpress,https://cdn.shopify.com/s/files/1/0088/1937/6188/files/7502273210269.webp,FC-73210269,7502273210269,"Season Love Your Skin Protector solar FPS50 Resistente Al Agua 100 g"
bp-dermaexpress-7502273210009,dermaexpress,https://cdn.shopify.com/s/files/1/0088/1937/6188/files/7502273210009.webp,FC-73210009,7502273210009,"Season Love Your Skin Gel Contorno De Ojos AH + Pepino 18 g"
bp-dermaexpress-7502273210337,dermaexpress,https://cdn.shopify.com/s/files/1/0088/1937/6188/files/7502273210337.jpg,FC-73210337,7502273210337,"Season Love Your Skin Gel Hidratante Aloe Vera 60 g"
bp-dermaexpress-7502273210146,dermaexpress,https://cdn.shopify.com/s/files/1/0088/1937/6188/files/7502273210146_7b84510e-e9b1-441e-9953-6ee24649a3c6.png,FC-73210146,7502273210146,"Season Love Your Skin Gel Hidratante Vitamina C 100 g"
bp-dermaexpress-7502273213826,dermaexpress,https://cdn.shopify.com/s/files/1/0088/1937/6188/files/7502273213826_1.png,FC-73213826,7502273213826,"Season Love Your Skin Serum Niacinamida + B5 30 ml"
bp-dermaexpress-7502273213635,dermaexpress,https://cdn.shopify.com/s/files/1/0088/1937/6188/files/7502273213635_485e6b21-02dc-4f0d-84fa-4c3db3a23a83.png,FC-73213635,7502273213635,"Season Love Your Skin Serum Vitamina C 30 ml"
bp-dermaexpress-7502273213604,dermaexpress,https://cdn.shopify.com/s/files/1/0088/1937/6188/files/7502273213604.png,FC-73213604,7502273213604,"Season Love Your Skin Sérum Retinol + AH 30 ml"
bp-dermaexpress-7502273213277,dermaexpress,https://cdn.shopify.com/s/files/1/0088/1937/6188/files/7502273213277.png,FC-73213277,7502273213277,"Season Love Your Skin Serum Ácido Hialurónico 30 ml"
bp-dermaexpress-7502273211044,dermaexpress,https://cdn.shopify.com/s/files/1/0088/1937/6188/files/7502273211044.jpg,FC-73211044,7502273211044,"Season Love Your Skin Aceite vitamina C 30 ml"
bp-dermaexpress-7502273213413,dermaexpress,https://cdn.shopify.com/s/files/1/0088/1937/6188/files/7502273213413.png,FC-73213413,7502273213413,"Season Love Your Skin Tónico reparador agua de rosas 120 ml"
bp-dermaexpress-7502273214120,dermaexpress,https://cdn.shopify.com/s/files/1/0088/1937/6188/files/7502273214120.png,FC-73214120,7502273214120,"Season Love Your Skin Dermolimpiador Espuma Niacinamida + té verde 150 ml"
bp-dermaexpress-7502273211433,dermaexpress,https://cdn.shopify.com/s/files/1/0088/1937/6188/files/7502273211433_8765dc20-09d4-4b08-bca2-0553d602bb10.jpg,FC-73211433,7502273211433,"Season Love Your Skin Dermolimpiador Rosa Mosqueta + Argán 120 ml"
bp-dermaexpress-8904091185214,dermaexpress,https://cdn.shopify.com/s/files/1/0088/1937/6188/files/Metactive0.1_30gMXFRTRGB1080x1080px.avif,FC-91185214,8904091185214,"Glenmark Metactiv crema 0.1% 30 g"
bp-dermaexpress-7509552529401,dermaexpress,https://cdn.shopify.com/s/files/1/0088/1937/6188/files/1_2_d04fe430-4748-484f-979e-33529695ced7.avif,FC-52529401,7509552529401,"La Roche Posay Kit Mela B3 Serum 30ml + Anthelios UV Mune 400 50ml + Mela B3 Crema 3ml"
bp-dermaexpress-3661434035524,dermaexpress,https://cdn.shopify.com/s/files/1/0088/1937/6188/files/ImageneslanzamientosDerx_ddc08252-b7ce-423d-97a6-34974dc217e5.avif,FC-34035524,3661434035524,"Uriage Kit Age Absolu Sérum 30 ml + Crema de Día 15 ml + Mascarilla de Noche 15 ml"
bp-dermaexpress-3337875941396,dermaexpress,https://cdn.shopify.com/s/files/1/0088/1937/6188/files/1_1_b7a2ec18-5406-42e3-a642-e3cad84a7290.avif,FC-75941396,3337875941396,"La Roche Posay Mela B3 Body Tratamiento Corporal Antimanchas 200 ml"
bp-dermaexpress-3337875941433,dermaexpress,https://cdn.shopify.com/s/files/1/0088/1937/6188/files/2_b6268d8b-35f1-4773-847f-b8ebd7008144.png,FC-75941433,3337875941433,"La Roche-Posay Mela B3 Crema Contorno de Ojos 15 ml"
bp-dermaexpress-7509552998900,dermaexpress,https://cdn.shopify.com/s/files/1/0088/1937/6188/files/7509552998900.avif,FC-52998900,7509552998900,"Vichy Kit Capital Soleil Crema SPF 50+ 300 ml + Agua Termal 150 ml"
bp-dermaexpress-7509552998948,dermaexpress,https://cdn.shopify.com/s/files/1/0088/1937/6188/files/7509552998948.avif,FC-52998948,7509552998948,"Vichy Kit Minéral 89 50 ml + Capital Soleil UV-Age Daily SPF 50+ 40 ml"
bp-dermaexpress-7509552998962,dermaexpress,https://cdn.shopify.com/s/files/1/0088/1937/6188/files/7509552998962.avif,FC-52998962,7509552998962,"Vichy Kit Capital Soleil Agua de Protección Solar SPF50 200 ml + Capital Soleil UV-Age Daily SPF 50+ 40 ml + Identificador de Maleta"
bp-dermaexpress-7509552537697,dermaexpress,https://cdn.shopify.com/s/files/1/0088/1937/6188/files/7509552537697_01_72dpi.avif,FC-52537697,7509552537697,"La Roche-Posay Kit Anthelios Fluido Invisible SPF 50+ 40 ml + Anthelios Vitamin Sun Stick SPF 50+ 9 g"
bp-dermaexpress-7509552535419,dermaexpress,https://cdn.shopify.com/s/files/1/0088/1937/6188/files/7509552535419_01.avif,FC-52535419,7509552535419,"La Roche-Posay Kit Anthelios Oil Control Gel-Crema con Color SPF 50+ 50 ml + Hyalu B5 Serum Ojos 5 ml + Hyalu B5 Serum Anti-Rides 10 ml"
bp-dermaexpress-7509552535426,dermaexpress,https://cdn.shopify.com/s/files/1/0088/1937/6188/files/7509552535426_01.avif,FC-52535426,7509552535426,"La Roche-Posay Kit Anthelios Gel-Crema Oil Control SPF 50+ 50 ml + Hyalu B5 Serum 15 ml + Effaclar Creme Moussante 15 ml"
bp-dermaexpress-7509552535433,dermaexpress,https://cdn.shopify.com/s/files/1/0088/1937/6188/files/7509552535433_01.avif,FC-52535433,7509552535433,"La Roche-Posay Kit Anthelios Fluido Oil Control con Color SPF 50+ 50 ml + Pure Vitamin C10 Serum 10 ml + Hyalu B5 Serum 5 ml"
bp-dermaexpress-7509552535440,dermaexpress,https://cdn.shopify.com/s/files/1/0088/1937/6188/files/7509552535440_01.avif,FC-52535440,7509552535440,"La Roche-Posay Kit Anthelios UVMune Fluido Oil Control SPF 50+ 50 ml + Hyalu B5 Gel Matificante 40 ml + Effaclar Creme Moussante 15 ml"
bp-dermaexpress-7509552535457,dermaexpress,https://cdn.shopify.com/s/files/1/0088/1937/6188/files/7509552535457_01.avif,FC-52535457,7509552535457,"La Roche-Posay Kit Anthelios UV Air Fluido Invisible SPF 50+ 40 ml + Anthelios UV Air Fluido Invisible SPF 50+ 40 ml"
bp-dermaexpress-7509552535464,dermaexpress,https://cdn.shopify.com/s/files/1/0088/1937/6188/files/7509552535464_01.avif,FC-52535464,7509552535464,"La Roche Posay Kit Mela B3 Serum 30ml + Anthelios UV Mune 400 50ml + Mela B3 Crema 3ml (Copia)"
bp-dermaexpress-3282779450171,dermaexpress,https://cdn.shopify.com/s/files/1/0088/1937/6188/files/3282779450171.avif,FC-79450171,3282779450171,"Avene Kit-Ultra Fluid Fps50+ Textura Invisible 50ml + Protector Solar Corporal En Leche Fps50+ 100ml"
bp-dermaexpress-3282779445610,dermaexpress,https://cdn.shopify.com/s/files/1/0088/1937/6188/files/ImageneslanzamientosDerx.png,FC-79445610,3282779445610,"Avene Kit-Active One Fps50 40g + Actine Gel Limpiador Dermatologico 40g"
bp-dermaexpress-7502002463218,dermaexpress,https://cdn.shopify.com/s/files/1/0088/1937/6188/files/ImageneslanzamientosDerx_719dc69f-91a2-480a-bf6b-549bea4bc1a0.avif,FC-02463218,7502002463218,"Farmapiel Sodimel V 60 Caps"
bp-dermaexpress-7502002463270,dermaexpress,https://cdn.shopify.com/s/files/1/0088/1937/6188/files/2_1_ccbaad79-e33a-43e0-99f0-8a8a42309d25.avif,FC-02463270,7502002463270,"Farmapiel Unitone AXT 5% Suero Despigmentante 50 g"
bp-dermaexpress-8904091131976,dermaexpress,https://cdn.shopify.com/s/files/1/0088/1937/6188/files/ACNIPOPFWFRENTE1.avif,FC-91131976,8904091131976,"Glenmark Acnipop Face Wash 200 ml"
bp-dermaexpress-3337875908368,dermaexpress,https://cdn.shopify.com/s/files/1/0088/1937/6188/files/3337875908368-12.avif,FC-75908368,3337875908368,"Vichy Minéral 89 Booster Refill 50 ml"
bp-dermaexpress-3337875952903,dermaexpress,https://cdn.shopify.com/s/files/1/0088/1937/6188/files/3337875952903_1.avif,FC-75952903,3337875952903,"CeraVe Water Gel Hidratante 48 ml"
bp-dermaexpress-8429420285637,dermaexpress,https://cdn.shopify.com/s/files/1/0088/1937/6188/files/MX_3227_TH_FPFUSIONWATERCOLORMEDIUMSPF5050ML_MAIN_IMAGE_0.avif,FC-20285637,8429420285637,"Isdin Magic Color Medium Spf50 50ml"
bp-dermaexpress-7506307521222,dermaexpress,https://cdn.shopify.com/s/files/1/0088/1937/6188/files/7506307521222.avif,FC-07521222,7506307521222,"Bioderma Kit Photoderm Xdefense Neutro 40ml + Sensibio Gel Moussant 100ml"
bp-dermaexpress-3282779450188,dermaexpress,https://cdn.shopify.com/s/files/1/0088/1937/6188/files/3282779450188.avif,FC-79450188,3282779450188,"Avene Kit-Ultra Fluid Fps50 Tono Claro 50ml + Agua Micelar 100ml + Agua Termal 50ml"
bp-dermaexpress-3282779450164,dermaexpress,https://cdn.shopify.com/s/files/1/0088/1937/6188/files/3282779450164_2.jpg,FC-79450164,3282779450164,"Avene Kit-Ultra Fluid Fps50 Tono Medio 50ml + Agua Micelar 100ml + Agua Termal 50ml"
bp-dermaexpress-3282770144291,dermaexpress,https://cdn.shopify.com/s/files/1/0088/1937/6188/files/3282770144291.avif,FC-70144291,3282770144291,"Avène Dermalibour+ Crema Reparadora 50 ml"
bp-dermaexpress-8429420248977,dermaexpress,https://cdn.shopify.com/s/files/1/0088/1937/6188/files/MX_1349_TH_FPFUSIONWATERMAGICSPF5050ML_MAIN_IMAGE_0_1_8a97caf4-0d93-4d82-8969-2eb860038455.avif,FC-20248977,8429420248977,"Isdin Fusion Magic Water Spf50 50ml"
bp-dermaexpress-3282779450195,dermaexpress,https://cdn.shopify.com/s/files/1/0088/1937/6188/files/3282779450195.avif,FC-79450195,3282779450195,"Avene Kit-Intense Protect Spf50 150ml + Agua Termal 150ml"
bp-dermaexpress-3282770400199,dermaexpress,https://cdn.shopify.com/s/files/1/0088/1937/6188/files/3282770400199.webp,FC-70400199,3282770400199,"Ducray Melascreen Crema De Manos Fps50+ 50ml"
bp-dermaexpress-8436574365153,dermaexpress,https://cdn.shopify.com/s/files/1/0088/1937/6188/files/8436574365153-2.avif,FC-74365153,8436574365153,"Cantabria Labs Neoretin DC Concentrate Sérum 30 ml"
bp-dermaexpress-8470002076754,dermaexpress,https://cdn.shopify.com/s/files/1/0088/1937/6188/files/8470002076754-1.avif,FC-02076754,8470002076754,"Cantabria Labs Neoretin DC K Contorno de Ojos 15 ml"
bp-dermaexpress-3282770400687,dermaexpress,https://cdn.shopify.com/s/files/1/0088/1937/6188/files/3282770400687-1.avif,FC-70400687,3282770400687,"Avène DermAbsolu Crema de Día Reafirmante 50 ml"
bp-dermaexpress-3701129817957,dermaexpress,https://cdn.shopify.com/s/files/1/0088/1937/6188/files/3701129817957.avif,FC-29817957,3701129817957,"Bioderma Photoderm AR+ Fps50+ 40ml"
bp-dermaexpress-3282779442961,dermaexpress,https://cdn.shopify.com/s/files/1/0088/1937/6188/files/3282779442961.avif,FC-79442961,3282779442961,"Avene Kit Vitamin Activ Cg Serum 30 ML + Mini Vitamin Activ Cg Serum 10 ML + Sachet Fluido Solar Despigmentante Tono Medio 2 ML"
bp-dermaexpress-3337875940252,dermaexpress,https://cdn.shopify.com/s/files/1/0088/1937/6188/files/3337875940252_1.avif,FC-75940252,3337875940252,"Vichy Capital Soleil UV Aqua SPF 50+ 50 ml"
bp-dermaexpress-3337875940214,dermaexpress,https://cdn.shopify.com/s/files/1/0088/1937/6188/files/3337875940214_1.avif,FC-75940214,3337875940214,"Vichy Capital Soleil UV Aqua SPF 50+ Tono Claro 50 ml"
bp-dermaexpress-3337875940177,dermaexpress,https://cdn.shopify.com/s/files/1/0088/1937/6188/files/ImageneslanzamientosDerx.avif,FC-75940177,3337875940177,"Vichy Capital Soleil UV Aqua SPF 50+ Tono Medio 50 ml"
bp-dermaexpress-3701129811962,dermaexpress,https://cdn.shopify.com/s/files/1/0088/1937/6188/files/bioderma-sebium-pore-refiner-tube-30ml.avif,FC-29811962,3701129811962,"Bioderma Sebium Pore Refiner 30ml"
bp-dermaexpress-3701129814307,dermaexpress,https://cdn.shopify.com/s/files/1/0088/1937/6188/files/bioderma-hydrabio-light-moisturizing-water-cream-72h-40-ml.avif,FC-29814307,3701129814307,"Bioderma Hydrabio Light 40ml"
bp-dermaexpress-3701129811597,dermaexpress,https://cdn.shopify.com/s/files/1/0088/1937/6188/files/bioderma-atoderm-shower-oil-pump-bottle-200ml.avif,FC-29811597,3701129811597,"Bioderma Atoderm Aceite De Ducha 200ml"
bp-dermaexpress-3282779446273,dermaexpress,https://cdn.shopify.com/s/files/1/0088/1937/6188/files/3282779446273_1800x1800_74e19a98-0c28-4644-aff5-442a691b026e.avif,FC-79446273,3282779446273,"Avene Kit Hyaluron Activ B3 Sérum 30 Ml + Mini Hyaluron Activ B3 Sérum 10 ML + Sachet Fluido Solar Despigmentante Medio 2 ML"
bp-dermaexpress-3701129811573,dermaexpress,https://cdn.shopify.com/s/files/1/0088/1937/6188/files/3701129811573.avif,FC-29811573,3701129811573,"Bioderma Atoderm Gel De Ducha 500ml"
bp-dermaexpress-3282770394313,dermaexpress,https://cdn.shopify.com/s/files/1/0088/1937/6188/files/2_1ef27e07-109e-4d72-b4e0-f59b711007da.avif,FC-70394313,3282770394313,"Avene Hyaluron Active B3 Contorno De Ojos Regeneración Celular 15ml"
bp-dermaexpress-3282770399578,dermaexpress,https://cdn.shopify.com/s/files/1/0088/1937/6188/files/avene-xeracalm-ad-lipid-relief-cream-200-ml.avif,FC-70399578,3282770399578,"Avène XeraCalm A.D Crema Relipidizante 200 ml"
bp-dermaexpress-8470002146372,dermaexpress,https://cdn.shopify.com/s/files/1/0088/1937/6188/files/iraltone_2_en_1_serum_potenciador_de_pesta_as_y_cejas_10_ml._-_cantabria_labs.avif,FC-02146372,8470002146372,"Cantabria Labs Iraltone 2 en 1 Pestañas y Cejas Serum Booster 10 ml"
bp-dermaexpress-8436574364880,dermaexpress,https://cdn.shopify.com/s/files/1/0088/1937/6188/files/3337875940139.png,FC-74364880,8436574364880,"Cantabria Labs Iraltone Restore Conditioner 200 ml"
bp-dermaexpress-8436574364873,dermaexpress,https://cdn.shopify.com/s/files/1/0088/1937/6188/files/1_8aefe7ce-e80e-43d3-af43-c75e3b5d3340.avif,FC-74364873,8436574364873,"Cantabria Labs Iraltone Reset Shampoo 250 ml"
bp-dermaexpress-8436574364897,dermaexpress,https://cdn.shopify.com/s/files/1/0088/1937/6188/files/1_13d52090-7c3b-4bc9-ba13-6848220818c9.png,FC-74364897,8436574364897,"Cantabria Labs Iraltone Perfect 10 Leave-In 15 ml"
bp-dermaexpress-8436574364996,dermaexpress,https://cdn.shopify.com/s/files/1/0088/1937/6188/files/1_d8006e9d-5594-46e3-a5d1-cff11e4ad90f.png,FC-74364996,8436574364996,"Cantabria Labs Iraltone Sublime Hair Oil 50 ml"
bp-dermaexpress-3661434009983,dermaexpress,https://cdn.shopify.com/s/files/1/0088/1937/6188/files/shop-cm-02925-03-hyseac-anti-blemish-cleansing-gel---150ml--1.avif,FC-34009983,3661434009983,"Uriage Hyséac Cleansing Gel T 150 ml"
bp-dermaexpress-3661434027901,dermaexpress,https://cdn.shopify.com/s/files/1/0088/1937/6188/files/3661434027901-1.avif,FC-34027901,3661434027901,"Uriage Hyséac 3-Regul SPF50+ 50 ml"
bp-dermaexpress-3337875945707,dermaexpress,https://cdn.shopify.com/s/files/1/0088/1937/6188/files/3337875945707_1_GS1.avif,FC-75945707,3337875945707,"CeraVe Stick Solar Invisible SPF50 8g"
bp-dermaexpress-3760269770416,dermaexpress,https://cdn.shopify.com/s/files/1/0088/1937/6188/files/Cicapro-Cream-SPF50-3760269770416.avif,FC-69770416,3760269770416,"Isispharma Cicapro Crema Reparadora FPS 50+ 40ml"
bp-dermaexpress-7502275470753,dermaexpress,https://cdn.shopify.com/s/files/1/0088/1937/6188/files/Fsp800Wx800H_70010218_1_1jmbsfmd4_1800x1800_fb48c797-706d-486f-81d8-62d0654e7fd6.avif,FC-75470753,7502275470753,"Cetaphil Crema Hidratante 453g Edición Especial Tornasol"
bp-dermaexpress-3337875932349,dermaexpress,https://cdn.shopify.com/s/files/1/0088/1937/6188/files/3337875932349_01_150dpi.avif,FC-75932349,3337875932349,"La Roche-Posay Anthelios UV Air SPF50+ Sérum Invisible 50 ml"
bp-dermaexpress-8436574364866,dermaexpress,https://cdn.shopify.com/s/files/1/0088/1937/6188/files/Endocare-Radiance-C-Ferulic-Serum-Gel-8436574364866-639112524991524029-1_1800x1800_35e11eee-be15-4bcf-8c90-59f83ae64bd4.avif,FC-74364866,8436574364866,"Cantabria Labs Endocare Radiance C Ferulic Sérum Gel 30 ml"
bp-dermaexpress-8436574365313,dermaexpress,https://cdn.shopify.com/s/files/1/0088/1937/6188/files/214472_1800x1800_ce072c56-33cc-42a2-9424-98a9516451c6.avif,FC-74365313,8436574365313,"Cantabria Labs Endocare Radiance C 20% Sérum 30 ml"
bp-dermaexpress-3282771000572,dermaexpress,https://cdn.shopify.com/s/files/1/0088/1937/6188/files/u5wa3z31qn5sefs56swokuyzn3jpa7ygtfumwae_1800x1800_b1c8feeb-7568-477f-8fe5-10931641e015.avif,FC-71000572,3282771000572,"Avène Protector Solar Sérum FPS 50+ Efecto Iluminador 2 en 1 30 ml"
bp-dermaexpress-3282771000558,dermaexpress,https://cdn.shopify.com/s/files/1/0088/1937/6188/files/u5wa3z31qn5sefs56swokuyzn3tu5xid37nkity_1800x1800_7ac670fa-c327-4283-bd00-f34c1d6d3545.avif,FC-71000558,3282771000558,"Avène Protector Solar Sérum FPS 50+ Efecto Rellenador 2 en 1 30 ml"
bp-dermaexpress-3282771000534,dermaexpress,https://cdn.shopify.com/s/files/1/0088/1937/6188/files/u5wa3z31qn5sefs56swokuyzn54zopbpzaifika_1800x1800_0fe3f243-7d6a-4f14-aaaf-0f57d2ea38be.avif,FC-71000534,3282771000534,"Avène Protector Solar Sérum FPS 50+ Efecto Hidratante 2 en 1 30 ml"
bp-dermaexpress-7509552529357,dermaexpress,https://cdn.shopify.com/s/files/1/0088/1937/6188/files/7509552529357_1_720x_1a293b43-5265-47b2-bfec-04eb30ced244.avif,FC-52529357,7509552529357,"La Roche Posay Kit Hyalu B5 Gel Matificante 50ml. + Hyalu B5 Sérum 10ml. + Mela B3 10ml."
bp-dermaexpress-7509552529395,dermaexpress,https://cdn.shopify.com/s/files/1/0088/1937/6188/files/7509552529395_1_1800x1800_b7f6f7b3-88a1-4948-8bac-228d9ea3ce93.avif,FC-52529395,7509552529395,"La Roche Posay Kit Hyalu B5 Serum 30ml + Cicaplast Baume B5 40ml + Effaclar Gel Moussant 50ml"
bp-dermaexpress-3337875940412,dermaexpress,https://cdn.shopify.com/s/files/1/0088/1937/6188/files/3337875940412_01_150dpi.avif,FC-75940412,3337875940412,"La Roche Posay Anthelios Vitamin Sun Stick UV Air SPF 50+ 10 ml"
bp-dermaexpress-3337875932387,dermaexpress,https://cdn.shopify.com/s/files/1/0088/1937/6188/files/3337875932387_01_150dpi.avif,FC-75932387,3337875932387,"La Roche Posay Anthelios UV Air Sérum Protector Solar SPF 50+ Tono Oscuro 50 ml"
bp-dermaexpress-3337875932264,dermaexpress,https://cdn.shopify.com/s/files/1/0088/1937/6188/files/3337875932264_01_150dpi.avif,FC-75932264,3337875932264,"La Roche Posay Anthelios UV Air Sérum Protector Solar SPF 50+ Tono Medio 50 ml"
bp-dermaexpress-3337875932301,dermaexpress,https://cdn.shopify.com/s/files/1/0088/1937/6188/files/3337875932301_01_150dpi.avif,FC-75932301,3337875932301,"La Roche Posay Anthelios UV Air Sérum Protector Solar SPF 50+ Tono Claro 50 ml"
bp-dermaexpress-3701129811757,dermaexpress,https://cdn.shopify.com/s/files/1/0088/1937/6188/files/3701129811757_3.avif,FC-29811757,3701129811757,"Bioderma Hydrabio Sérum 40 ml"
bp-dermaexpress-4006000242729,dermaexpress,https://cdn.shopify.com/s/files/1/0088/1937/6188/files/4006000242729-8.avif,FC-00242729,4006000242729,"Eucerin Oil Control Serum Ultra Light SPF 50 Protector Solar Facial 30 ML"
bp-dermaexpress-8437014761429,dermaexpress,https://cdn.shopify.com/s/files/1/0088/1937/6188/files/8437014761429_main.avif,FC-14761429,8437014761429,"N&S Protector Capilar 100 ml"
bp-dermaexpress-8437014761634,dermaexpress,https://cdn.shopify.com/s/files/1/0088/1937/6188/files/8437014761634_main.avif,FC-14761634,8437014761634,"N&S Mascarilla Capilar Tucuma 250 ml"
bp-dermaexpress-8437014761238,dermaexpress,https://cdn.shopify.com/s/files/1/0088/1937/6188/files/8437014761238_main.avif,FC-14761238,8437014761238,"N&S Champú  Nº1 Fuerza & Volumen 100 ml"
bp-dermaexpress-8437014761481,dermaexpress,https://cdn.shopify.com/s/files/1/0088/1937/6188/files/8437014761481_main.avif,FC-14761481,8437014761481,"N&S Acondicionador Hidratante 100 ml"
bp-dermaexpress-8437014761207,dermaexpress,https://cdn.shopify.com/s/files/1/0088/1937/6188/files/8437014761207_main.avif,FC-14761207,8437014761207,"N&S Acondicionador Hidratante 250ml"
bp-dermaexpress-8437014761382,dermaexpress,https://cdn.shopify.com/s/files/1/0088/1937/6188/files/8437014761382_main.avif,FC-14761382,8437014761382,"N&S Champú Anti Caspa 250 ml"
bp-dermaexpress-8437014761412,dermaexpress,https://cdn.shopify.com/s/files/1/0088/1937/6188/files/8437014761412_main.avif,FC-14761412,8437014761412,"N&S Ampolleta Keratina-Hialurónico 10ml"
bp-dermaexpress-8437014761030,dermaexpress,https://cdn.shopify.com/s/files/1/0088/1937/6188/files/8437014761030_main.avif,FC-14761030,8437014761030,"N&S Ampolleta Anti-Caída Efectiva 10 ml"
bp-dermaexpress-8437014761009,dermaexpress,https://cdn.shopify.com/s/files/1/0088/1937/6188/files/8437014761009-main.avif,FC-14761009,8437014761009,"N&S Champú Nº1 Fuerza y Volumen 250 ml"
bp-dermaexpress-8437014761344,dermaexpress,https://cdn.shopify.com/s/files/1/0088/1937/6188/files/8437014761344_main.avif,FC-14761344,8437014761344,"N&S Ampolleta Regenerador 10 ml"
bp-dermaexpress-8437014761436,dermaexpress,https://cdn.shopify.com/s/files/1/0088/1937/6188/files/8437014761436_main.avif,FC-14761436,8437014761436,"N&S Champú Reparador Keratina 250 ml"
bp-dermaexpress-8437014761764,dermaexpress,https://cdn.shopify.com/s/files/1/0088/1937/6188/files/8437014761764_main.avif,FC-14761764,8437014761764,"N&S Champú Ultra Hidratante 250 ml"
bp-dermaexpress-8437014761160,dermaexpress,https://cdn.shopify.com/s/files/1/0088/1937/6188/files/8437014761160_main.avif,FC-14761160,8437014761160,"N&S Pack Keratina Hialurónico 4 Ampolletas 10ml"
bp-dermaexpress-8437014761542,dermaexpress,https://cdn.shopify.com/s/files/1/0088/1937/6188/files/8437014761542_main.avif,FC-14761542,8437014761542,"N&S Pack Anti-Caída 4 Ampollas 10 ml"
bp-dermaexpress-8437014761108,dermaexpress,https://cdn.shopify.com/s/files/1/0088/1937/6188/files/8437014761108_main.avif,FC-14761108,8437014761108,"N&S Amber Oil 30 ml"
bp-dermaexpress-8437014761573,dermaexpress,https://cdn.shopify.com/s/files/1/0088/1937/6188/files/8437014761573_Main.avif,FC-14761573,8437014761573,"N&S Make it longer Kit Champú Nº1 + Sérum Regenerador Capilar"
bp-dermaexpress-8437014761559,dermaexpress,https://cdn.shopify.com/s/files/1/0088/1937/6188/files/8437014761559_main.avif,FC-14761559,8437014761559,"N&S Pack Regenador 4 Ampollas 10ml"
bp-dermaexpress-3337875943932,dermaexpress,https://cdn.shopify.com/s/files/1/0088/1937/6188/files/1_1_cd294715-da7c-43c7-9c49-6dd74fe671a0.avif,FC-75943932,3337875943932,"Vichy Liftactiv Collagen Specialist Serum Ojos 15ml"
bp-dermaexpress-3337875944939,dermaexpress,https://cdn.shopify.com/s/files/1/0088/1937/6188/files/1_1_03278e1c-d270-424d-9d8d-a121454cda55.avif,FC-75944939,3337875944939,"Vichy Liftactiv Pigment Specialist B3 125ml"
bp-dermaexpress-3337875945851,dermaexpress,https://cdn.shopify.com/s/files/1/0088/1937/6188/files/1_256fcbdd-d9e5-4c9e-8e11-f070731a471b.avif,FC-75945851,3337875945851,"Vichy Liftactiv Collagen Specialist 50ML"
bp-dermaexpress-3337875940993,dermaexpress,https://cdn.shopify.com/s/files/1/0088/1937/6188/files/1_1_addf1307-b1a1-4fc5-9b4d-b430c27f95c2.avif,FC-75940993,3337875940993,"Vichy Capital Soleil UV Aqua Stick Protector Solar En Barra SPF50+ 9 G"
bp-dermaexpress-3337875940139,dermaexpress,https://cdn.shopify.com/s/files/1/0088/1937/6188/files/1_6c506df9-7870-4c3a-95d7-9373fd01ee23.avif,FC-75940139,3337875940139,"Vichy Capital Soleil UV Spray Protector Solar Corporal FPS 50+ 200 ML"
bp-dermaexpress-3337875945622,dermaexpress,https://cdn.shopify.com/s/files/1/0088/1937/6188/files/1_4.avif,FC-75945622,3337875945622,"CeraVe Protector Invisible Oil Control FPS50 50 ml"
bp-dermaexpress-3337875945660,dermaexpress,https://cdn.shopify.com/s/files/1/0088/1937/6188/files/1_3.avif,FC-75945660,3337875945660,"CeraVe Fluido Protector Invisible Hidratante FPS50 50 ml"
bp-dermaexpress-3337875945769,dermaexpress,https://cdn.shopify.com/s/files/1/0088/1937/6188/files/1_2_30c3d697-9456-4c66-9546-9c220e32c1bd.avif,FC-75945769,3337875945769,"CeraVe Loción Protectora Invisible Hidratante FPS 50 75 ml"
bp-dermaexpress-3337875945738,dermaexpress,https://cdn.shopify.com/s/files/1/0088/1937/6188/files/1_55dfc1a0-5924-4b75-a753-bae4e025b223.avif,FC-75945738,3337875945738,"CeraVe Loción Protectora Invisible Hidratante FPS 50 177 ml"
bp-dermaexpress-3701129812068,dermaexpress,https://cdn.shopify.com/s/files/1/0088/1937/6188/files/3701129812068_1.avif,FC-29812068,3701129812068,"Bioderma Sensibio H2O Agua micelar desmaquillante para piel sensible 250 ml"
bp-dermaexpress-732013303242,dermaexpress,https://cdn.shopify.com/s/files/1/0088/1937/6188/files/732013303242.avif,FC-13303242,732013303242,"Neostrata Clarify HydraGel Gel Hidratante Anti-Imperfecciones 50 ML"
bp-dermaexpress-3760269770485,dermaexpress,https://cdn.shopify.com/s/files/1/0088/1937/6188/files/Cicapro-Cream-40ml-3760269770485_1.avif,FC-69770485,3760269770485,"Isispharma Cicapro Crema Reparadora Intensiva 40ml"
bp-dermaexpress-3760269770263,dermaexpress,https://cdn.shopify.com/s/files/1/0088/1937/6188/files/Cicapro-Lips-3760269770263_1.avif,FC-69770263,3760269770263,"Isispharma Cicapro Lips Bálsamo Reparador 15ml"
bp-dermaexpress-3760269770355,dermaexpress,https://cdn.shopify.com/s/files/1/0088/1937/6188/files/Cicapro-Cracks-3760269770355_1.avif,FC-69770355,3760269770355,"Isispharma Cicapro Cracks Reparador Bálsamo Reparador 40ml"
bp-dermaexpress-3760269770577,dermaexpress,https://cdn.shopify.com/s/files/1/0088/1937/6188/files/Cicapro-Cream-100ml-3760269770577_1.avif,FC-69770577,3760269770577,"Isispharma Cicapro Crema 100 ml"
bp-dermaexpress-3499320018456,dermaexpress,https://cdn.shopify.com/s/files/1/0088/1937/6188/files/940x1215150dpis-01.avif,FC-20018456,3499320018456,"BENZACARE Power Patch Skin Restore caja x 23 parches"
bp-dermaexpress-7502275470791,dermaexpress,https://cdn.shopify.com/s/files/1/0088/1937/6188/files/7502275470791.1.avif,FC-75470791,7502275470791,"CETAPHIL HIDRATANTE FACIAL DIARIO FPS50 x2"
bp-dermaexpress-7506307520799,dermaexpress,https://cdn.shopify.com/s/files/1/0088/1937/6188/files/7506307520799.avif,FC-07520799,7506307520799,"Bioderma Kit Sensibio H2O 500 ml + Sensibio H2O 250 ml"
bp-dermaexpress-7506307520782,dermaexpress,https://cdn.shopify.com/s/files/1/0088/1937/6188/files/7506307520782.avif,FC-07520782,7506307520782,"Bioderma Kit Sensibio AR+ Crema 40 ml + Sensibio H2O 100 ml"
bp-dermaexpress-8429420331907,dermaexpress,https://cdn.shopify.com/s/files/1/0088/1937/6188/files/5702191029192_1_0e480ad2-0c4e-4eae-9f89-dee0b2514de7.avif,FC-20331907,8429420331907,"ISDIN Baby Naturals Pomada Protectora para Rozaduras 100ml"
bp-dermaexpress-7502275470760,dermaexpress,https://cdn.shopify.com/s/files/1/0088/1937/6188/files/7502275470760.2.avif,FC-75470760,7502275470760,"CETAPHIL Edición Especial Día de las Madres Crema Hidratante 453g + Lata Plateada"
bp-dermaexpress-3499320016391,dermaexpress,https://cdn.shopify.com/s/files/1/0088/1937/6188/files/1_1_bc06f568-9f86-4d8d-a537-5f2cdbc1c829.avif,FC-20016391,3499320016391,"ALASTIN A-Luminate 1.7oz A3"
bp-dermaexpress-3499320016353,dermaexpress,https://cdn.shopify.com/s/files/1/0088/1937/6188/files/1_1_6961422a-e2e9-4c10-b703-40dc0543b054.avif,FC-20016353,3499320016353,"Alastin Skincare Regenerating Skin Nectar Tratamiento Regenerador Post Procedimiento 29.6ml"
bp-dermaexpress-3499320016360,dermaexpress,https://cdn.shopify.com/s/files/1/0088/1937/6188/files/3499320000084.jpg,FC-20016360,3499320016360,"Alastin Skincare Inhance Post Injection Serum Tratamiento Post Procedimiento 10ml"
bp-dermaexpress-3499320016322,dermaexpress,https://cdn.shopify.com/s/files/1/0088/1937/6188/files/1_1_a8e4d89c-cbc8-4556-9b74-85941320fd42.avif,FC-20016322,3499320016322,"Alastin Skincare HA Immerse Suero Hidratante Facial 29ml"
bp-dermaexpress-3499320016346,dermaexpress,https://cdn.shopify.com/s/files/1/0088/1937/6188/files/3499320016346.jpg,FC-20016346,3499320016346,"Alastin Skincare Transform Body Tratamiento Reafirmante Corporal 170ml"
bp-dermaexpress-810105153484,dermaexpress,https://cdn.shopify.com/s/files/1/0088/1937/6188/files/HydraTintProMineralSunscreenSPF36_capoff_reflection.avif,FC-05153484,810105153484,"Alastin Skincare Hydratint Pro Mineral Protector Solar con Color SPF 36 91g"
bp-dermaexpress-851144006355,dermaexpress,https://cdn.shopify.com/s/files/1/0088/1937/6188/files/SilkSHIELDProMineralSunscreenSPF30_closed_reflection.avif,FC-44006355,851144006355,"Alastin Skincare SilkShield All Mineral Sunscreen Protector Solar Mineral SPF 30 53.8ml"
bp-dermaexpress-3499320016384,dermaexpress,https://cdn.shopify.com/s/files/1/0088/1937/6188/files/1_7afb5c2b-4775-4010-9c3b-d6a87d8eb9a2.png,FC-20016384,3499320016384,"Alastin Skincare Restorative Neck Complex Tratamiento Reafirmante para Cuello y Escote 50ml"
bp-dermaexpress-3499320016377,dermaexpress,https://cdn.shopify.com/s/files/1/0088/1937/6188/files/1_1_4ad879e1-fa41-4f01-8b16-fe5a0916992a.avif,FC-20016377,3499320016377,"Alastin Skincare Restorative Eye Complex Tratamiento Antiedad para Contorno de Ojos 18 ml"
bp-dermaexpress-851144006287,dermaexpress,https://cdn.shopify.com/s/files/1/0088/1937/6188/files/Alastin_Moisturiser_720x_1.avif,FC-44006287,851144006287,"Alastin Skincare Ultra Nourishing Moisturizer Crema Hidratante Facial 59 ml"
bp-dermaexpress-3282770399653,dermaexpress,https://cdn.shopify.com/s/files/1/0088/1937/6188/files/1_c81376f1-0de1-4c86-b78c-55f93f2804be.avif,FC-70399653,3282770399653,"Ducray Melascreen Contorno 365 Protector Solar Facial SPF50+ Con Color 30 ML"
bp-dermaexpress-3282770399646,dermaexpress,https://cdn.shopify.com/s/files/1/0088/1937/6188/files/3282770399646.avif,FC-70399646,3282770399646,"Ducray Melascreen Contorno 365 Protector Solar Facial SPF 50+ Sin Color 30 Ml"
bp-dermaexpress-3282770397048,dermaexpress,https://cdn.shopify.com/s/files/1/0088/1937/6188/files/3282770397048.avif,FC-70397048,3282770397048,"Avene Retrinal Contorno De Ojos Anti-Edad 15 Ml"
bp-dermaexpress-3282770141382,dermaexpress,https://cdn.shopify.com/s/files/1/0088/1937/6188/files/1_2_1e3fd56e-1489-4125-8594-2b06a6fc1caf.avif,FC-70141382,3282770141382,"Ducray Keracnyl Gel Limpiador Espumoso Anti-Imperfecciones 400 ML"
bp-dermaexpress-3571940004528,dermaexpress,https://cdn.shopify.com/s/files/1/0088/1937/6188/files/3337875916998_1_1_66fbd879-9c32-419b-b049-343289bea900.avif,FC-40004528,3571940004528,"Noreva Exfoliac Global X-Pro Tratamiento Anti-Imperfecciones 30 Ml"
bp-dermaexpress-3337875943963,dermaexpress,https://cdn.shopify.com/s/files/1/0088/1937/6188/files/3337875943963-1.avif,FC-75943963,3337875943963,"La Roche-Posay Effaclar Gel Purificante +M Refill Limpieza Anti-Imperfecciones 400 Ml"
bp-dermaexpress-3461020004770,dermaexpress,https://cdn.shopify.com/s/files/1/0088/1937/6188/files/3461020004770_b36e7342-44c8-4ce2-8bea-86c91e007d86.avif,FC-20004770,3461020004770,"Institut Esthederm Age Proteom™ Contorno de Ojos 15 ml"
bp-dermaexpress-7897930779228,dermaexpress,https://cdn.shopify.com/s/files/1/0088/1937/6188/files/7897930779228_1.avif,FC-30779228,7897930779228,"Cetaphil Limpiador Facial Control Imperfecciones 236 ML"
bp-dermaexpress-3661434037658,dermaexpress,https://cdn.shopify.com/s/files/1/0088/1937/6188/files/8.avif,FC-34037658,3661434037658,"Uriage Kit Depiderm Serum 30 Ml + Bariésun Stick Solar Invisible SPF 50+ 18 G"
bp-dermaexpress-3661434037641,dermaexpress,https://cdn.shopify.com/s/files/1/0088/1937/6188/files/5.avif,FC-34037641,3661434037641,"Uriage Kit Bariésun Fluido Matificante SPF 50+ 50 Ml + Hyseac Gel Limpiador Anti-Imperfecciones 50 Ml"
bp-dermaexpress-3661434037634,dermaexpress,https://cdn.shopify.com/s/files/1/0088/1937/6188/files/3337875916998_fbf30ff6-0474-49e7-88b4-e7d399587257.avif,FC-34037634,3661434037634,"Uriage Kit Bariésun Bruma Seca Protector Solar SPF 50+ 200 Ml + Eau Thermale 50 Ml"
bp-dermaexpress-3337875932080,dermaexpress,https://cdn.shopify.com/s/files/1/0088/1937/6188/files/3337875932080.jpg,FC-75932080,3337875932080,"Vichy Dercos Regen Serum Fortalecedor Capilar Anticaída 90 ml"
bp-dermaexpress-7509552972122,dermaexpress,https://cdn.shopify.com/s/files/1/0088/1937/6188/files/7509552972122.jpg,FC-52972122,7509552972122,"Vichy Kit Mineral 89 50 ml + Normaderm Probio-BHA (5 ml) + Dercos Anticaspa Rutina Fortalecedora y Purificante (30 ml)"
bp-dermaexpress-7509552966763,dermaexpress,https://cdn.shopify.com/s/files/1/0088/1937/6188/files/7509552966763_1.jpg,FC-52966763,7509552966763,"Vichy Kit Normaderm intensive purifying cleanser 400 ml + Dercos anti dandruff 50 ml + Capital soleil uv-clear spf50+ 3 ml"
bp-dermaexpress-3337875574358,dermaexpress,https://cdn.shopify.com/s/files/1/0088/1937/6188/files/74c79538-7836-412a-ba68-b144a78495bb.jpg,FC-75574358,3337875574358,"Vichy Dercos densi-solutions Shampoo densificador 250 ml"
bp-dermaexpress-3337875574372,dermaexpress,https://cdn.shopify.com/s/files/1/0088/1937/6188/files/19f6f902-552d-4e7c-8244-c0d8eddbe4f7.jpg,FC-75574372,3337875574372,"Vichy Dercos densi-solutions Loción tratamiento capilar 100 ml"
bp-dermaexpress-3337871311292,dermaexpress,https://cdn.shopify.com/s/files/1/0088/1937/6188/files/3337871311292_10.jpg,FC-71311292,3337871311292,"Vichy Dercos Estimulante Shampoo anti-caída 200 ml"
bp-dermaexpress-3337871330262,dermaexpress,https://cdn.shopify.com/s/files/1/0088/1937/6188/files/3337871330262_11.jpg,FC-71330262,3337871330262,"Vichy Dercos Shampoo anti-caspa seca 200 ml"
bp-dermaexpress-3337871330286,dermaexpress,https://cdn.shopify.com/s/files/1/0088/1937/6188/files/3337871330286_11.jpg,FC-71330286,3337871330286,"Vichy Dercos Shampoo anti-caspa grasa 200 ml"
bp-dermaexpress-3337875525930,dermaexpress,https://cdn.shopify.com/s/files/1/0088/1937/6188/files/27bbca79-ba4a-424d-b348-9b381e38890f.jpg,FC-75525930,3337875525930,"Vichy Dercos Aminexil Clinical 5 Hombre Anti-caída 12 ampolletas"
bp-dermaexpress-3337875525947,dermaexpress,https://cdn.shopify.com/s/files/1/0088/1937/6188/files/1_15d33906-5189-44de-91e6-4f1a075f6829.jpg,FC-75525947,3337875525947,"Vichy Dercos Aminexil Clinical 5 Mujer Anti-caída 12 ampolletas"
bp-dermaexpress-3282779443319,dermaexpress,https://cdn.shopify.com/s/files/1/0088/1937/6188/files/3282779443319_2.jpg,FC-79443319,3282779443319,"Avène Kit Ultra Fluid Oil Control Invisible FPS 50 50 Ml + Serum Hyaluron Active B3 10 Ml"
bp-dermaexpress-3282770399530,dermaexpress,https://cdn.shopify.com/s/files/1/0088/1937/6188/files/3337875916998_f859021a-bd6d-432c-ae54-a84fa0e07f4f.avif,FC-70399530,3282770399530,"AV-XERACALM AD BALSAMO RELIPIDIZANTE 200ml"
bp-dermaexpress-3282770399561,dermaexpress,https://cdn.shopify.com/s/files/1/0088/1937/6188/files/3337875916998.avif,FC-70399561,3282770399561,"AV-XERACALM AD CREMA RELIPIDIZANTE 400ml"
bp-dermaexpress-3337875930239,dermaexpress,https://cdn.shopify.com/s/files/1/0088/1937/6188/files/3337875916998_1_1.avif,FC-75930239,3337875930239,"La Roche-Posay Lipikar Baume AP+M Microbiome Bálsamo Hidratante 400 ML"
bp-dermaexpress-8800311121416,dermaexpress,https://cdn.shopify.com/s/files/1/0088/1937/6188/files/3337875916998.png,FC-11121416,8800311121416,"COSRX 5 PDRN B5 Vital Toner Con ADN De Salmón Hidratante 280 Ml"
bp-dermaexpress-7509552526264,dermaexpress,https://cdn.shopify.com/s/files/1/0088/1937/6188/files/7501258200011-2_f0d98144-2274-44c6-a0d2-e12788625128.png,FC-52526264,7509552526264,"La Roche-Posay Kit Anthelios UV Air 40 Ml + Agua Micelar 50 Ml + Hyalu B5 Serum 10 Ml"
bp-dermaexpress-7509552528237,dermaexpress,https://cdn.shopify.com/s/files/1/0088/1937/6188/files/7501258200011-2_bec6ffc8-2e6d-4b82-a2ca-29f343043135.png,FC-52528237,7509552528237,"La Roche-Posay Kit Anthelios UVMune 400 Oil Control Gel-Crema Con Color 50 Ml + B5 Serum 10 Ml + Agua Micelar 50 Ml"
bp-dermaexpress-7509552526271,dermaexpress,https://cdn.shopify.com/s/files/1/0088/1937/6188/files/9_78eb737d-fcaf-439e-8c75-11f1273c87c5.png,FC-52526271,7509552526271,"La Roche-Posay Kit Anthelios UVMune 400 Oil Control Gel-Crema 50 Ml + Effaclar Duo Serum 3 Ml + Agua Micelar 50 Ml"
bp-dermaexpress-7509552526288,dermaexpress,https://cdn.shopify.com/s/files/1/0088/1937/6188/files/7501258200011-2_21d9f768-126b-4034-9fb2-4be1905e8ace.png,FC-52526288,7509552526288,"La Roche-Posay Kit Anthelios UVMune 400 Oil Control Fluido Con Color 50 Ml + Agua Termal Prebiótica 50 Ml + Agua Micelar 50 Ml"
bp-dermaexpress-7509552526295,dermaexpress,https://cdn.shopify.com/s/files/1/0088/1937/6188/files/3337875899550.png,FC-52526295,7509552526295,"La Roche-Posay Kit Anthelios UVMune 400 Oil Control Fluido 50 Ml + Agua Micelar 50 Ml + Effaclar Duo Serum 3 Ml"
bp-dermaexpress-7509552526301,dermaexpress,https://cdn.shopify.com/s/files/1/0088/1937/6188/files/7_ff5a3808-eb67-4209-bc16-f21a54d41cc7.png,FC-52526301,7509552526301,"La Roche-Posay Kit Anthelios UVMune 400 Anti-Manchas 50 Ml + Agua Termal 50 Ml + Mela B3 Serum 10 Ml"
bp-dermaexpress-7506307520584,dermaexpress,https://cdn.shopify.com/s/files/1/0088/1937/6188/files/2_17a2d7bc-10b3-4afd-8c20-3e71675730cd.png,FC-07520584,7506307520584,"Bioderma Kit Sébium Hydra Crema Hidratante 40 Ml + Atoderm Bálsamo Labios 15 ML"
bp-dermaexpress-7506307520560,dermaexpress,https://cdn.shopify.com/s/files/1/0088/1937/6188/files/2_3acdadd6-2c3e-4d8d-978d-0076ecde8f8f.png,FC-07520560,7506307520560,"Bioderma Kit Sébium Gel Moussant 500 Ml + Sébium Gel Moussant 200 Ml"
bp-dermaexpress-7506307520690,dermaexpress,https://cdn.shopify.com/s/files/1/0088/1937/6188/files/2_e6f3518c-9fb1-4054-aa1a-2984e45d8282.png,FC-07520690,7506307520690,"Bioderma Kit Photoderm XDefense Neutro 40 Ml + Sensibio Gel Moussant 100 Ml"
bp-dermaexpress-7506307520607,dermaexpress,https://cdn.shopify.com/s/files/1/0088/1937/6188/files/2_5a79d0c9-65a2-43f7-bcfb-3595eb825d24.png,FC-07520607,7506307520607,"Bioderma Kit Atoderm Barra Limpiadora Suave 150 G Pack 3 Piezas"
bp-dermaexpress-7506307520621,dermaexpress,https://cdn.shopify.com/s/files/1/0088/1937/6188/files/7501258200011-2_3.png,FC-07520621,7506307520621,"Bioderma Kit Atoderm Intensive Baume 200 Ml + Atoderm Aceite De Ducha 100 Ml"
bp-dermaexpress-7506307520546,dermaexpress,https://cdn.shopify.com/s/files/1/0088/1937/6188/files/7501258200011-2_e736035f-55e3-4a43-80af-312bc5606bc9.png,FC-07520546,7506307520546,"Bioderma Hydrabio Serum Hidratante Facial 40 Ml Pack 2 Piezas"
bp-dermaexpress-3282779443302,dermaexpress,https://cdn.shopify.com/s/files/1/0088/1937/6188/files/3282779443302_2.jpg,FC-79443302,3282779443302,"Avène Kit Ultra Fluid Oil Control Con Color Tono Medio FPS 50+ 50 Ml + Hyaluron Active Serum 10 Ml"
bp-dermaexpress-3282779443326,dermaexpress,https://cdn.shopify.com/s/files/1/0088/1937/6188/files/3282779443326_2.jpg,FC-79443326,3282779443326,"Avène Kit Fluid Oil Control Con Color Tono Claro SPF 50+ 50 Ml + Vitamin Serum Active CG 10 Ml"
bp-dermaexpress-7502002461306,dermaexpress,https://cdn.shopify.com/s/files/1/0088/1937/6188/files/BPO5_4.jpg,FC-02461306,7502002461306,"Farmapiel Bpollen Gel 5% antiimperfecciones 60 gr"
bp-dermaexpress-3337875901420,dermaexpress,https://cdn.shopify.com/s/files/1/0088/1937/6188/files/3337875901420_0.jpg,FC-75901420,3337875901420,"Vichy Dercos Sérum 10 leave-on Control caspa 90 ml"
bp-dermaexpress-3701129812037,dermaexpress,https://cdn.shopify.com/s/files/1/0088/1937/6188/files/3701129812037_1.avif,FC-29812037,3701129812037,"Bioderma Sensibio Gel Moussant Gel Limpiador Facial Piel Sensible 200 Ml"
bp-dermaexpress-3461020003391,dermaexpress,https://cdn.shopify.com/s/files/1/0088/1937/6188/files/3337875916998_fd44a024-0cbd-4c40-a65c-251df4675a52.jpg,FC-20003391,3461020003391,"Institut Esthederm Intensive AHA Peel Suero Concentrado Exfoliante 30 ML"
bp-dermaexpress-3337875930116,dermaexpress,https://cdn.shopify.com/s/files/1/0088/1937/6188/files/3337875916998_c09749fc-914b-441c-8f46-924e2ca1e2f0.jpg,FC-75930116,3337875930116,"La Roche-Posay Lipikar Baume AP+M Microbiome Bálsamo Hidratante 75 ML"
bp-dermaexpress-8800311121423,dermaexpress,https://cdn.shopify.com/s/files/1/0088/1937/6188/files/3337875916998-d1_9a45178d-297b-46ab-a3c9-f0da2650116d.png,FC-11121423,8800311121423,"COSRX 5 PDRN Collagen Intense Suero Antiedad Con ADN De Salmón 100 Ml"
bp-dermaexpress-8800311120679,dermaexpress,https://cdn.shopify.com/s/files/1/0088/1937/6188/files/3337875916998-d1_fdfc584c-5f1c-4915-b4fe-176bb89d684d.png,FC-11120679,8800311120679,"COSRX PDRN Exosome Mascarilla Peel-Off Con ADN De Salmón 50 ML"
bp-dermaexpress-8800311120891,dermaexpress,https://cdn.shopify.com/s/files/1/0088/1937/6188/files/3337875916998-d1_fd93375d-b64b-42d2-a2db-e2fc5c224aa2.png,FC-11120891,8800311120891,"COSRX 5 PDRN Hyaluronic Mascarilla Hidrogel Con ADN De Salmón 3 Piezas"
bp-dermaexpress-3499320016735,dermaexpress,https://cdn.shopify.com/s/files/1/0088/1937/6188/files/3337875916998_334468cb-ecec-4b01-bd5a-9762db44033d.jpg,FC-20016735,3499320016735,"Cetaphil Healthy Renew Crema De Noche Anti-Edad 50 G"
bp-dermaexpress-3282770141351,dermaexpress,https://cdn.shopify.com/s/files/1/0088/1937/6188/files/3337875916998_ccc289a6-8d7a-4a77-8ef5-abf771b9baf3.png,FC-70141351,3282770141351,"Ducray Keracnyl Gel Limpiador Purificante 200 ML"
bp-dermaexpress-3337875930338,dermaexpress,https://cdn.shopify.com/s/files/1/0088/1937/6188/files/7501258200011-2_9d216afa-1d6c-491c-8c6d-309d746702c9.png,FC-75930338,3337875930338,"La Roche-Posay Lipikar Baume Light Bálsamo Hidratante Ligero 400 ML"
bp-dermaexpress-3337875930048,dermaexpress,https://cdn.shopify.com/s/files/1/0088/1937/6188/files/2_c1410738-3de6-47c0-8a51-51896a854d25.png,FC-75930048,3337875930048,"La Roche-Posay Lipikar Baume AP+M Bálsamo Hidratante Anti-Resequedad 200 ML"
bp-dermaexpress-3760269771390,dermaexpress,https://cdn.shopify.com/s/files/1/0088/1937/6188/files/7501258200011-2_14b126c4-70dd-4a5c-8939-1f5a6cdf0fab.png,FC-69771390,3760269771390,"Isispharma Teen Derm Gel Sensitive Limpiador Facial Para Piel Sensible 250 Ml"
bp-dermaexpress-3701129820674,dermaexpress,https://cdn.shopify.com/s/files/1/0088/1937/6188/files/7501258200011-2_e51eb6c2-874a-4670-96ae-1d835e129f72.png,FC-29820674,3701129820674,"Bioderma Photoderm Invisible Stick FPS50+ 15g"
bp-dermaexpress-7508006186061,dermaexpress,https://cdn.shopify.com/s/files/1/0088/1937/6188/files/2_b8f6addf-1bb9-48f2-86b6-b27904062497.png,FC-06186061,7508006186061,"Panalab Mineral Safe Stick FPS 50+ Kids Sin Color Protector Solar Mineral 10 G"
bp-dermaexpress-7508006186047,dermaexpress,https://cdn.shopify.com/s/files/1/0088/1937/6188/files/7501258200011-2_85370dbf-23f5-4abd-b3cb-c20fb8cbd241.png,FC-06186047,7508006186047,"Panalab Mineral Safe Stick FPS 50+ Con Color Medio Protector Solar Mineral 10 G"
bp-dermaexpress-7508006186023,dermaexpress,https://cdn.shopify.com/s/files/1/0088/1937/6188/files/2_73058049-787c-4c3f-a99f-2f8160b6055a.png,FC-06186023,7508006186023,"Panalab Mineral Safe Stick FPS 50+ Con Color Ligero Protector Solar Mineral 10 G"
bp-dermaexpress-7508006186009,dermaexpress,https://cdn.shopify.com/s/files/1/0088/1937/6188/files/7501258200011-2_cd959c6f-3798-42e3-ab75-f543f3c46361.png,FC-06186009,7508006186009,"Panalab Mineral Safe Stick FPS 50+ Sin Color Protector Solar Mineral 10 G"
bp-dermaexpress-3701129812433,dermaexpress,https://cdn.shopify.com/s/files/1/0088/1937/6188/files/3701129812433.jpg,FC-29812433,3701129812433,"Bioderma Sébium Kerato+ Body Tratamiento Antiimperfecciones Corporal 150 ml"
bp-dermaexpress-3337875921008,dermaexpress,https://cdn.shopify.com/s/files/1/0088/1937/6188/files/7501258200011-2_8e56325c-cc75-4b81-b1a2-a7be1991c89f.png,FC-75921008,3337875921008,"Vichy Dercos Collagen 17 Shampoo Reparador De Daño 200 Ml"
bp-dermaexpress-3337875920971,dermaexpress,https://cdn.shopify.com/s/files/1/0088/1937/6188/files/7501258200011-2_1cfac903-757f-458a-8c82-e4d6daae2813.png,FC-75920971,3337875920971,"Vichy Dercos Collagen 17 Acondicionador Reparador De Daño 200 Ml"
bp-dermaexpress-3337875920902,dermaexpress,https://cdn.shopify.com/s/files/1/0088/1937/6188/files/2_ac610b54-9ac9-4dce-8680-a1e149d5fa9d.png,FC-75920902,3337875920902,"Vichy Dercos Collagen 17 Filler Tratamiento Reparador De Daño 150 Ml"
bp-dermaexpress-3282770400755,dermaexpress,https://cdn.shopify.com/s/files/1/0088/1937/6188/files/2_71dd356b-8a18-48a5-8d0f-2862f3c2fcdc.png,FC-70400755,3282770400755,"Avène Vitamin Active Crema De Día Anti-Manchas Iluminadora 50 Ml"
bp-dermaexpress-3282770400700,dermaexpress,https://cdn.shopify.com/s/files/1/0088/1937/6188/files/7501258200011-2_9db60310-1615-4565-b07a-d31b09f8e19a.png,FC-70400700,3282770400700,"Avène Hyaluron Active B3 Crema Regeneración Celular Hidratante 50 Ml"
bp-dermaexpress-4006000183558,dermaexpress,https://cdn.shopify.com/s/files/1/0088/1937/6188/files/7501258200011-2_94cec3f9-f6ce-4f4d-8a0a-9be2d9a042ca.png,FC-00183558,4006000183558,"Eucerin DermoPure Gel Limpiador Concentrado Anti-Imperfecciones 150 ML"
bp-dermaexpress-3282770400410,dermaexpress,https://cdn.shopify.com/s/files/1/0088/1937/6188/files/3282770400410_1800x1800_c27f7ad3-2008-48af-af0d-deb394e78d7e.webp,FC-70400410,3282770400410,"Avène Ultra Fluid Oil Control Invisible Protector Solar Facial FPS 50 50 Ml"
bp-dermaexpress-3282770400427,dermaexpress,https://cdn.shopify.com/s/files/1/0088/1937/6188/files/3282770400427_01.jpg,FC-70400427,3282770400427,"Avène Ultra Fluid Oil Control Protector Solar Facial Con Color Tono Claro FPS50 50 ML"
bp-dermaexpress-3282770400441,dermaexpress,https://cdn.shopify.com/s/files/1/0088/1937/6188/files/3282770400441_01_80a12d05-1f96-45da-8c1b-b500f7e7012c.jpg,FC-70400441,3282770400441,"Avène Ultra Fluid Oil Control Protector Solar Facial Con Color Tono Medio FPS50 50 ML"
bp-dermaexpress-3661434027512,dermaexpress,https://cdn.shopify.com/s/files/1/0088/1937/6188/files/Diseno_sin_titulo_6_56108cc4-f11f-49d5-be75-3695638a6111.png,FC-34027512,3661434027512,"Uriage Bariésun Agua Fluido Ultra Matte Fotoprotector Facial SPF 50+ 50 Ml"
bp-dermaexpress-8436574365351,dermaexpress,https://cdn.shopify.com/s/files/1/0088/1937/6188/files/5_0311153e-4183-4edf-9a7b-b89aac0be042.png,FC-74365351,8436574365351,"Heliocare 360 Pigment Stick Bronze FPS 50 Fotoprotector Con Color 10 G"
bp-dermaexpress-8436574365344,dermaexpress,https://cdn.shopify.com/s/files/1/0088/1937/6188/files/2_67bb1c53-d46f-4057-9395-cb08b2df1876.png,FC-74365344,8436574365344,"Cantabria Labs Heliocare 360 Pigment Stick Beige FPS 50 Fotoprotector Con Color 10 g"
bp-dermaexpress-3282770141320,dermaexpress,https://cdn.shopify.com/s/files/1/0088/1937/6188/files/2_22c03a41-5e77-4cd6-980e-a06f62d017bb.png,FC-70141320,3282770141320,"Ducray Keracnyl PP+ Crema Anti-Imperfecciones 30 Ml"
bp-dermaexpress-7506307520324,dermaexpress,https://cdn.shopify.com/s/files/1/0088/1937/6188/files/7501258200011-2_0a1ee23a-0b28-4ef7-a5be-45de218b1e49.png,FC-07520324,7506307520324,"Institut Esthederm Kit Age Proteom 30 ML + Age Proteom 15 ML + Bruma Agua Celular 30 ML"
bp-dermaexpress-3282770390049,dermaexpress,https://cdn.shopify.com/s/files/1/0088/1937/6188/files/7501258200011-2_f6834667-f67b-44e1-b029-008d4450ce9e.png,FC-70390049,3282770390049,"Ducray Kelual Elution Shampoo Suave Calmante 200 ML"
bp-dermaexpress-4006000183619,dermaexpress,https://cdn.shopify.com/s/files/1/0088/1937/6188/files/7501258200011-2_3.jpg,FC-00183619,4006000183619,"Eucerin DermoPure Hydra Repair Crema Hidratante Reparadora 40 Ml"
bp-dermaexpress-4006000194189,dermaexpress,https://cdn.shopify.com/s/files/1/0088/1937/6188/files/7501258200011-2_834cb725-3d2c-48c7-ab2c-13ace85d4e47.jpg,FC-00194189,4006000194189,"Eucerin Hyaluron-Filler 3x Effect Serum Reafirmante Antiedad 30 ML"
bp-dermaexpress-3760269771581,dermaexpress,https://cdn.shopify.com/s/files/1/0088/1937/6188/files/7501258200011-2_17641a6a-f994-4b1d-9005-7c66d1a229de.jpg,FC-69771581,3760269771581,"Isispharma Ruboril Expert FPS 50+ Invisible Fotoprotector Facial Para Piel Con Rosácea 40 Ml"
bp-dermaexpress-3573994007920,dermaexpress,https://cdn.shopify.com/s/files/1/0088/1937/6188/files/7501258200011-2_2.jpg,FC-94007920,3573994007920,"Dexeryl Loción Hidratante Corporal Para Piel Seca 500 Ml"
bp-dermaexpress-3573994007937,dermaexpress,https://cdn.shopify.com/s/files/1/0088/1937/6188/files/7501258200011-2_1.jpg,FC-94007937,3573994007937,"Dexeryl Loción Hidratante Corporal Para Piel Seca 200 ML"
bp-dermaexpress-3337875899550,dermaexpress,https://cdn.shopify.com/s/files/1/0088/1937/6188/files/9_3a012a3b-fd36-4e53-8121-5d24931fc747.png,FC-75899550,3337875899550,"CeraVe Skin Renewing Serum Retinol Renovador Facial 30 Ml"
bp-dermaexpress-3337875903196,dermaexpress,https://cdn.shopify.com/s/files/1/0088/1937/6188/files/7501258200011_1ae82320-1c4f-46d8-83e0-5a5dea2b5ccc.png,FC-75903196,3337875903196,"CeraVe Skin Renewing Serum Vitamina C Antioxidante 30 Ml"
bp-dermaexpress-3337875903509,dermaexpress,https://cdn.shopify.com/s/files/1/0088/1937/6188/files/7501258200011_1988213b-885b-4787-8abb-e1684858cdee.png,FC-75903509,3337875903509,"CeraVe Skin Renewing Crema De Noche Con Péptidos 48 G"
bp-dermaexpress-3282770398489,dermaexpress,https://cdn.shopify.com/s/files/1/0088/1937/6188/files/7501258200011-2_1.png,FC-70398489,3282770398489,"Darrow DW Protector Solar Dermatológico Rápida Absorción Tono 1 FPS 50 40 G"
bp-dermaexpress-3282770400786,dermaexpress,https://cdn.shopify.com/s/files/1/0088/1937/6188/files/7501258200011-2_2.png,FC-70400786,3282770400786,"Ducray Kelual DS Intensive Shampoo Anticaspa Severa 100 Ml"
bp-dermaexpress-3282770398502,dermaexpress,https://cdn.shopify.com/s/files/1/0088/1937/6188/files/7501258200011-2.png,FC-70398502,3282770398502,"Darrow DW Protector Solar Dermatológico Rápida Absorción Tono 2 FPS 50 40 G"
bp-dermaexpress-3337875921336,dermaexpress,https://cdn.shopify.com/s/files/1/0088/1937/6188/files/7501258200011-2.jpg,FC-75921336,3337875921336,"La Roche-Posay Toleriane Dermallergo Sérum Facial Piel Sensible Con Neurosensina 30 ML"
bp-dermaexpress-7500462903954,dermaexpress,https://cdn.shopify.com/s/files/1/0088/1937/6188/files/Disenosintitulo_14_30b47731-5e31-40d2-9a07-cdfa06bb9ab6.png,FC-62903954,7500462903954,"Cantabria Labs Endocare Kit Tensage Crema Reafirmante 30 Ml + Endocare Tensage Contorno De Ojos 15 Ml"
bp-dermaexpress-8436574364033,dermaexpress,https://cdn.shopify.com/s/files/1/0088/1937/6188/files/1_867ec266-7fd9-427e-a576-4bfbd4984d76.png,FC-74364033,8436574364033,"Cantabria Labs Endocare Age Barrier Hyaluboost Contorno De Ojos Hidratante 15 Ml"
bp-dermaexpress-7500462903947,dermaexpress,https://cdn.shopify.com/s/files/1/0088/1937/6188/files/Disenosintitulo_13_7c0bba05-01d3-469a-a67a-1ac71791ec59.png,FC-62903947,7500462903947,"Cantabria Labs Endocare Kit Radiance C Ferulic Serum 30 Ml + Endocare Edafence Contorno De Ojos 15 Ml"
bp-dermaexpress-7508006192185,dermaexpress,https://cdn.shopify.com/s/files/1/0088/1937/6188/files/Disenosintitulo_12_74cee7e0-6ad6-44bb-9fef-73110df24bcc.png,FC-06192185,7508006192185,"Cantabria Labs Iraltone Kit Shampoo Fortificante 200 Ml + Iraltone Loción Anticaída 100 Ml"
bp-dermaexpress-7500462903961,dermaexpress,https://cdn.shopify.com/s/files/1/0088/1937/6188/files/1_79a085a2-71a7-4f60-8c46-86e53162504c.png,FC-62903961,7500462903961,"Heliocare Kit Sensation FPS 50+ 50 Ml + Heliocare 360 Matifying Brush SPF 50 3 G"
bp-dermaexpress-7509552999815,dermaexpress,https://cdn.shopify.com/s/files/1/0088/1937/6188/files/2_e3859ef4-8516-41f3-bdcd-fddc4c7782f4.png,FC-52999815,7509552999815,"La Roche-Posay Kit Effaclar Gel Limpiador 40 Ml + Effaclar Serum Concentrado 3 Ml + Anthelios UVMune 400 FPS 50+ Oil Control 3 Ml"
bp-dermaexpress-7509552999587,dermaexpress,https://cdn.shopify.com/s/files/1/0088/1937/6188/files/1_6dfcbd6d-d52c-4179-a1db-af8a4402d034.png,FC-52999587,7509552999587,"La Roche-Posay Kit Effaclar A.Z Gel Crema 40 Ml + Effaclar Gel Limpiador 50 Ml + Anthelios UVMune 400 FPS 50+ Oil Control 3 ML"
bp-dermaexpress-3661434035531,dermaexpress,https://cdn.shopify.com/s/files/1/0088/1937/6188/files/3661434035531-1.jpg,FC-34035531,3661434035531,"Uriage Kit Depiderm Serum Anti-Manchas 30 Ml + Bariésun Anti-Manchas SPF 50+ 40 Ml"
bp-dermaexpress-3661434008238,dermaexpress,https://cdn.shopify.com/s/files/1/0088/1937/6188/files/Disenosintitulo_10.png,FC-34008238,3661434008238,"Uriage Xémose Kit Bálsamo Hidratante 500 Ml + Xémose Aceite 200 Ml"
bp-dermaexpress-8436589053403,dermaexpress,https://cdn.shopify.com/s/files/1/0088/1937/6188/files/Disenosintitulo_9_7200c59b-c813-4e01-8d7e-b546159ccf01.png,FC-89053403,8436589053403,"MartiDerm DSP Mascarilla Intense Booster Iluminadora 30 Ml"
bp-dermaexpress-8436589053571,dermaexpress,https://cdn.shopify.com/s/files/1/0088/1937/6188/files/1_b9e9e0bc-356b-488f-8951-0c6143b4d1e1.png,FC-89053571,8436589053571,"MartiDerm DSP Exo Melan Serum Despigmentante Intensivo 30 ML"
bp-dermaexpress-8436589053410,dermaexpress,https://cdn.shopify.com/s/files/1/0088/1937/6188/files/Disenosintitulo_8_c180d378-96d2-49f2-98ca-313be8658c0f.png,FC-89053410,8436589053410,"MartiDerm DSP Áreas Corporales Específicas Tratamiento Despigmentante 75 ML"
bp-dermaexpress-816378023035,dermaexpress,https://cdn.shopify.com/s/files/1/0088/1937/6188/files/Disenosintitulo_7_dc5371af-5aa1-4662-8e1d-6ff8682f779a.png,FC-78023035,816378023035,"DS Labs Revita CBX Acondicionador Anticaída Capilar 205 Ml"
bp-dermaexpress-816378023028,dermaexpress,https://cdn.shopify.com/s/files/1/0088/1937/6188/files/Disenosintitulo_6_64e70b21-45c3-44f9-94e6-c717adba8e00.png,FC-78023028,816378023028,"DS Labs Revita CBX Shampoo Anticaída Capilar 205 ML"
bp-dermaexpress-816378023066,dermaexpress,https://cdn.shopify.com/s/files/1/0088/1937/6188/files/Diseno_sin_titulo_5_634867cd-9dbf-436f-94f4-e4e76ef2b67e.png,FC-78023066,816378023066,"DS Labs Revita Volumizing Acondicionador Voluminizador Capilar 205 Ml"
bp-dermaexpress-816378023059,dermaexpress,https://cdn.shopify.com/s/files/1/0088/1937/6188/files/Disenosintitulo_4_6c833771-9569-4065-94a8-4fdb83e37e74.png,FC-78023059,816378023059,"DS Revita Volumizing Shampoo Shampoo Voluminizador Capilar 205 ML"
bp-dermaexpress-3461020003537,dermaexpress,https://cdn.shopify.com/s/files/1/0088/1937/6188/files/Disenosintitulo_3_4eb19302-3018-4195-b690-1052cfdf0495.png,FC-20003537,3461020003537,"Institut Esthederm Excellage NT Serum Antiedad Nutri-Reparador 30 Ml"
bp-dermaexpress-3461020005371,dermaexpress,https://cdn.shopify.com/s/files/1/0088/1937/6188/files/3461020005371.webp,FC-20005371,3461020005371,"Institut Esthederm Lift & Repair Parches Reafirmantes Para El Contorno De Ojos 30 ML"
bp-dermaexpress-3461020003582,dermaexpress,https://cdn.shopify.com/s/files/1/0088/1937/6188/files/Disenosintitulo_1_a9aff3db-3710-4280-9812-33132a7603b3.png,FC-20003582,3461020003582,"Institut Esthederm Light & Repair Crema Facial Iluminadora Reparadora 50 ML"
bp-dermaexpress-3461020003544,dermaexpress,https://cdn.shopify.com/s/files/1/0088/1937/6188/files/Disenosintitulo_d08f1583-5b52-4bcd-afbc-130e2756fbdc.png,FC-20003544,3461020003544,"Institut Esthederm Excellage NT Crema Antiedad Nutri-Reparadora 50 ML"
bp-dermaexpress-8163780229770,dermaexpress,https://cdn.shopify.com/s/files/1/0088/1937/6188/files/8163780229770_1_1800x1800_7322d645-9937-498f-a029-5c3de8fdffba.avif,FC-80229770,8163780229770,"DS Revita HNS Suplemento Alimenticio Para Cabello Piel Y Uñas 30 Sobres"
bp-dermaexpress-7502002463058,dermaexpress,https://cdn.shopify.com/s/files/1/0088/1937/6188/files/Diseno_sin_titulo.jpg,FC-02463058,7502002463058,"Farmapiel Hibiteron Finasterida 1 Mg Tratamiento Oral Anticaída 28 Tabs"
bp-dermaexpress-8429420243385,dermaexpress,https://cdn.shopify.com/s/files/1/0088/1937/6188/files/8429420243385.jpg,FC-20243385,8429420243385,"Isdin Salicylic Renewal Serum Renovador Con Ácido Salicílico 30 ml"
bp-dermaexpress-3461020001809,dermaexpress,https://cdn.shopify.com/s/files/1/0088/1937/6188/files/ImageneslanzamientosDerx_2c2b18e6-7fb7-413f-8c80-d168b440db43.avif,FC-20001809,3461020001809,"Institut Esthederm Gel Hidratante Facial 50 ml"
bp-dermaexpress-3461020002424,dermaexpress,https://cdn.shopify.com/s/files/1/0088/1937/6188/files/3461020002424.jpg,FC-20002424,3461020002424,"Institut Esthederm Adaptasun Leche Corporal Hidraprotectora 200 ml"
bp-dermaexpress-5201279102753,dermaexpress,https://cdn.shopify.com/s/files/1/0088/1937/6188/files/5201279102753.jpg,FC-79102753,5201279102753,"Apivita Bee Tech Serum Has Money Repair Suero Facial Reparador 30 ml"
bp-dermaexpress-5201279102760,dermaexpress,https://cdn.shopify.com/s/files/1/0088/1937/6188/files/5201279102760.jpg,FC-79102760,5201279102760,"Apivita Bee Tech Serum C15 Propolis Correct Suero Facial Antioxidante 30 ml"
bp-dermaexpress-3661434023439,dermaexpress,https://cdn.shopify.com/s/files/1/0088/1937/6188/files/3661434023439.jpg,FC-34023439,3661434023439,"Uriage Age Absolu Contorno De Ojos Antiedad 15 Ml"
bp-dermaexpress-3661434007736,dermaexpress,https://cdn.shopify.com/s/files/1/0088/1937/6188/files/3661434007736.jpg,FC-34007736,3661434007736,"Uriage Kit Bariéderm Cica Labios Reparador 15 Ml + 15 ml"
bp-dermaexpress-816378023011,dermaexpress,https://cdn.shopify.com/s/files/1/0088/1937/6188/files/816378023011.jpg,FC-78023011,816378023011,"DS Spectral CBX Tratamiento Capilar Anticaída 60 ml"
bp-dermaexpress-732013303068,dermaexpress,https://cdn.shopify.com/s/files/1/0088/1937/6188/files/732013303068.jpg,FC-13303068,732013303068,"Neostrata Skin Active Firming Tratamiento Reafirmante Facial 30 Ml"
bp-dermaexpress-732013303051,dermaexpress,https://cdn.shopify.com/s/files/1/0088/1937/6188/files/732013303051.jpg,FC-13303051,732013303051,"Neostrata Skin Active Repair Tratamiento Intensivo Antiedad 15 ml"
bp-dermaexpress-8429420310001,dermaexpress,https://cdn.shopify.com/s/files/1/0088/1937/6188/files/8429420310001.png,FC-20310001,8429420310001,"Isdin Lambdapil Hair Loss Melatonin Loción Anticaída Capilar 100 ml"
bp-dermaexpress-8429420288171,dermaexpress,https://cdn.shopify.com/s/files/1/0088/1937/6188/files/8429420288171.jpg,FC-20288171,8429420288171,"Isdin Isdinceutics Retinal Eyes Contorno De Ojos Con Retinal 20 ml"
bp-dermaexpress-8429420308794,dermaexpress,https://cdn.shopify.com/s/files/1/0088/1937/6188/files/209056_1800x1800_f5afb1ca-770b-4ca7-a988-9cfde71e8be8.avif,FC-20308794,8429420308794,"Isdin Isdinceutics Essential Scrub Exfoliante Facial Suave 100 g"
bp-dermaexpress-8429420318137,dermaexpress,https://cdn.shopify.com/s/files/1/0088/1937/6188/files/8429420318137.jpg,FC-20318137,8429420318137,"Isdin Isdinceutics Essential Purifier Limpiador Facial Profundo 150 ml"
bp-dermaexpress-8429420307254,dermaexpress,https://cdn.shopify.com/s/files/1/0088/1937/6188/files/8429420307254.jpg,FC-20307254,8429420307254,"Isdin FP Fusion Water Magic Glow Fotoprotector Facial Iluminador SPF 50 50 ml"
bp-dermaexpress-8429420313644,dermaexpress,https://cdn.shopify.com/s/files/1/0088/1937/6188/files/8429420313644.jpg,FC-20313644,8429420313644,"Isdin FP Coverage 5 Bronze Fotoprotector Facial Con Color SPF 50+ 30 ml"
bp-dermaexpress-8429420313637,dermaexpress,https://cdn.shopify.com/s/files/1/0088/1937/6188/files/8429420313637.jpg,FC-20313637,8429420313637,"Isdin FP Coverage 4 Gold Fotoprotector Facial Con Color SPF 50+ 30 ml"
bp-dermaexpress-8429420313620,dermaexpress,https://cdn.shopify.com/s/files/1/0088/1937/6188/files/8429420313620.jpg,FC-20313620,8429420313620,"ISDIN FP Coverage Tono 3 Sand SPF50 Protector Solar con Color 30 ml"
bp-dermaexpress-8429420313606,dermaexpress,https://cdn.shopify.com/s/files/1/0088/1937/6188/files/8429420313606.jpg,FC-20313606,8429420313606,"ISDIN FP Coverage Tono 2 Beige SPF50 Protector Solar con Color 30 ml"
bp-dermaexpress-8429420313590,dermaexpress,https://cdn.shopify.com/s/files/1/0088/1937/6188/files/8429420313590-1.jpg,FC-20313590,8429420313590,"Isdin FP Coverage Tono 1 Pearl SPF50 Protector Solar con Color 30 ml"
bp-dermaexpress-3282779430883,dermaexpress,https://cdn.shopify.com/s/files/1/0088/1937/6188/files/3282779430883_f24d4960-9e75-4252-8572-5c82f48d4271.jpg,FC-79430883,3282779430883,"Avene Kit Cleanance Comedomed 30 ml + Cleanance Gel 100 ml + Ultra Fluid Oil Control SPF50+ 2 ml"
bp-dermaexpress-3499320018005,dermaexpress,https://cdn.shopify.com/s/files/1/0088/1937/6188/files/3499320018005.jpg,FC-20018005,3499320018005,"Cetaphil Suero Avanzado Reparador de Noche 30 ml"
bp-dermaexpress-3499320017992,dermaexpress,https://cdn.shopify.com/s/files/1/0088/1937/6188/files/01_CETAPHIL_SERUM_ADVANCEDDEFENSED_BOTTLE_750x750_7d36bfff-51ec-4683-a15c-a23e17c063f0.jpg,FC-20017992,3499320017992,"Cetaphil Advanced Defense Serum"
bp-dermaexpress-8436571631114,dermaexpress,https://cdn.shopify.com/s/files/1/0088/1937/6188/files/8436571631114.jpg,FC-71631114,8436571631114,"Babe Super fluid con color fotoprotector spf50 50ml."
bp-dermaexpress-8436571631268,dermaexpress,https://cdn.shopify.com/s/files/1/0088/1937/6188/files/8436571631268.jpg,FC-71631268,8436571631268,"Babe Desodorante roll-on 24hrs  para piel sensible 50ml."
bp-dermaexpress-8437000945727,dermaexpress,https://cdn.shopify.com/s/files/1/0088/1937/6188/files/8437000945727.jpg,FC-00945727,8437000945727,"Babe Crema emoliente pediátrica para piel seca 200ml."
bp-dermaexpress-8437000945758,dermaexpress,https://cdn.shopify.com/s/files/1/0088/1937/6188/files/8437000945758.jpg,FC-00945758,8437000945758,"Babe Shampoo costra láctea pediátrico 200ml."
bp-dermaexpress-8437011329028,dermaexpress,https://cdn.shopify.com/s/files/1/0088/1937/6188/files/8437011329028.jpg,FC-11329028,8437011329028,"Babe Urea 10% loción reparadora 500ml."
bp-dermaexpress-8437014389449,dermaexpress,https://cdn.shopify.com/s/files/1/0088/1937/6188/files/8437014389449.jpg,FC-14389449,8437014389449,"Babe Fotoprotector spf50 Super fluido invisible 50ml."
bp-dermaexpress-8437000945970,dermaexpress,https://cdn.shopify.com/s/files/1/0088/1937/6188/files/8437000945970.jpg,FC-00945970,8437000945970,"Babe jabón de aceite corporal 500ml."
bp-dermaexpress-3282770140453,dermaexpress,https://cdn.shopify.com/s/files/1/0088/1937/6188/files/3282770140453.jpg,FC-70140453,3282770140453,"Ducray Kelual DS Shampoo Anticaspa Severa y Dermatitis Seborreica 100 ml"
bp-dermaexpress-3461020003438,dermaexpress,https://cdn.shopify.com/s/files/1/0088/1937/6188/files/3461020003438.jpg,FC-20003438,3461020003438,"Institut Esthederm Retinol+ Crema Facial Renovadora Antiedad 50 ml"
bp-dermaexpress-7506307516051,dermaexpress,https://cdn.shopify.com/s/files/1/0088/1937/6188/files/7506307516051_1.jpg,FC-07516051,7506307516051,"Bioderma Kit Pigmentbio Sensitive Areas 75ml + Pigmentbio c-concentrate 15ml + Photoderm M 4ml."
bp-dermaexpress-7509552998818,dermaexpress,https://cdn.shopify.com/s/files/1/0088/1937/6188/files/7509552998818.jpg,FC-52998818,7509552998818,"Vichy Kit Liftactiv Specialist Serum 30 ml + Capital Soleil UV Age Daily Fluido Antiedad SPF50+ 80 ml"
bp-dermaexpress-7506307516440,dermaexpress,https://cdn.shopify.com/s/files/1/0088/1937/6188/files/7506307516440.jpg,FC-07516440,7506307516440,"Bioderma Kit Sébium Gel Moussant 100 ml + Photoderm Cover Touch Dorado SPF50+ 100 ml"
bp-dermaexpress-7508304691144,dermaexpress,https://cdn.shopify.com/s/files/1/0088/1937/6188/files/7508304691144.jpg,FC-04691144,7508304691144,"Cantabria Labs Kit Biretix cleanser botella de aluminio de gel limpiador purificante 400 ml + Refill 400ml."
bp-dermaexpress-3282779429436,dermaexpress,https://cdn.shopify.com/s/files/1/0088/1937/6188/files/3282779429436.jpg,FC-79429436,3282779429436,"Avene Kit Protector Solar Ultra Fluid Mat Perfect 50ml + Sérum Hyaluron Activ B3 10ml."
bp-dermaexpress-3337875924887,dermaexpress,https://cdn.shopify.com/s/files/1/0088/1937/6188/files/3337875924887.jpg,FC-75924887,3337875924887,"Effaclar Duo+M anti-imperfecciones 22 Parches"
bp-dermaexpress-3401396991830,dermaexpress,https://cdn.shopify.com/s/files/1/0088/1937/6188/files/3401396991830_775657dc-258b-4a15-888b-8198c4d1b1b4.jpg,FC-96991830,3401396991830,"Bioderma Sébium H2O Bomba inversa Agua micelar desmaquillante para piel mixta a grasa 500 ml"
bp-dermaexpress-3661434000539,dermaexpress,https://cdn.shopify.com/s/files/1/0088/1937/6188/files/3661434000539_1.jpg,FC-34000539,3661434000539,"Uriage Bruma facial de agua termal 50 ml"
bp-dermaexpress-7506307518826,dermaexpress,https://cdn.shopify.com/s/files/1/0088/1937/6188/files/7506307518826.jpg,FC-07518826,7506307518826,"Bioderma Kit Sensibio Gel Moussant 100ml + Sensibio Devensive Serum 30ml. Rutina calmante anti-arrugas"
bp-dermaexpress-7509552966558,dermaexpress,https://cdn.shopify.com/s/files/1/0088/1937/6188/files/7509552966558-2.jpg,FC-52966558,7509552966558,"Vichy Kit UV Age Daily SPF 50+ (40 ml) + Liftactiv B3 (5 ml) + Liftactiv Vitamina C (4 ml) Rutina Antiedad y Antimanchas"
bp-dermaexpress-7509552966565,dermaexpress,https://cdn.shopify.com/s/files/1/0088/1937/6188/files/7509552966565-3.jpg,FC-52966565,7509552966565,"Vichy Kit UV Age Daily SPF 50+(40 ml) + Collagen Specialist (15 ml) + Mineral 89 (5 ml) Rutina Antiedad y Reafirmante"
bp-dermaexpress-7509552966572,dermaexpress,https://cdn.shopify.com/s/files/1/0088/1937/6188/files/7509552966572.jpg,FC-52966572,7509552966572,"Vichy Kit Capital Soleil UV Clear SPF 50+ (40 ml) + Normaderm Probio-BHA Serum (5 ml)+ Capital Soleil UV Age Daily (3 ml)"
bp-dermaexpress-7509552966589,dermaexpress,https://cdn.shopify.com/s/files/1/0088/1937/6188/files/7509552966589-1_717904b8-3921-4baa-ace4-06dcd503a7a8.jpg,FC-52966589,7509552966589,"Vichy Kit Capital Soleil Lait SPF 50+ (300 ml) + Capital Soleil UV Age Daily (15 ml) + Mineral 89 (5 ml)"
bp-dermaexpress-8429420260979,dermaexpress,https://cdn.shopify.com/s/files/1/0088/1937/6188/files/8429420260979.jpg,FC-20260979,8429420260979,"Isdin Isdinceutics Retinal Intense Suero antiarrugas 50 ml"
bp-dermaexpress-8429420292901,dermaexpress,https://cdn.shopify.com/s/files/1/0088/1937/6188/files/8429420292901.jpg,FC-20292901,8429420292901,"Isdin Reparador Labial Stick Granate Hidratación y Color 4 g"
bp-dermaexpress-7508006183510,dermaexpress,https://cdn.shopify.com/s/files/1/0088/1937/6188/files/7508006183510.6.jpg,FC-06183510,7508006183510,"Panalab Proavenal Desodorante roll on 90 ml"
bp-dermaexpress-8050519684736,dermaexpress,https://cdn.shopify.com/s/files/1/0088/1937/6188/files/8050519684736_1.jpg,FC-19684736,8050519684736,"Korff Cure Make Up Base Ultra Matt Neverending Larga Duración SPF30 Tono 02"
bp-dermaexpress-8050519684132,dermaexpress,https://cdn.shopify.com/s/files/1/0088/1937/6188/files/8050519684132_1.jpg,FC-19684132,8050519684132,"Korff Skin Booster Corrector Iluminador Hidratante 8H Tono 02 6.5 ml"
bp-dermaexpress-8050519683388,dermaexpress,https://cdn.shopify.com/s/files/1/0088/1937/6188/files/8050519683388_1.jpg,FC-19683388,8050519683388,"Korff Hydra Energy C Crema Facial Hidratante Anti-Edad 50 ml"
bp-dermaexpress-8050519683289,dermaexpress,https://cdn.shopify.com/s/files/1/0088/1937/6188/files/8050519683289_1.jpg,FC-19683289,8050519683289,"Korff Cure Make Up Corrector Neverending Larga Duración Tono 02 2.8 ml"
bp-dermaexpress-8050519680189,dermaexpress,https://cdn.shopify.com/s/files/1/0088/1937/6188/files/8050519680189_1.jpg,FC-19680189,8050519680189,"Korff Cure Make Up Base Fluida Lifting Effect Tono 02 30 ml"
bp-dermaexpress-3337872419904,dermaexpress,https://cdn.shopify.com/s/files/1/0088/1937/6188/files/5b72d5be-57fd-4196-bdc7-e7ca7fa4b5d4.jpg,FC-72419904,3337872419904,"La Roche-Posay Protector Solar Anthelios Lait Bébé FPS50+ para piel sensible de bebés 50 ml."
bp-dermaexpress-3282770075526,dermaexpress,https://cdn.shopify.com/s/files/1/0088/1937/6188/files/3282770075526_1800x1800_bca969ab-16b1-48be-94d2-691e3c8a1a56.avif,FC-70075526,3282770075526,"Ducray Anaphase Shampoo para Caída Crónica 400 ml"
bp-dermaexpress-8437000945734,dermaexpress,https://cdn.shopify.com/s/files/1/0088/1937/6188/files/8437000945734.jpg,FC-00945734,8437000945734,"Babe Gel de baño pediátrico 500ml."
bp-dermaexpress-8809598452350,dermaexpress,https://cdn.shopify.com/s/files/1/0088/1937/6188/files/CL20AS01_1.jpg,FC-98452350,8809598452350,"COSRX Advanced Snail Mucin Power Cleanser Gel limpiador con mucina 150 ml"
bp-dermaexpress-8437011329400,dermaexpress,https://cdn.shopify.com/s/files/1/0088/1937/6188/files/8437011329400.jpg,FC-11329400,8437011329400,"Babe Pediatric fotoprotección loción spf50+ 100ml."
bp-dermaexpress-7503015500273,dermaexpress,https://cdn.shopify.com/s/files/1/0088/1937/6188/products/Adaptaciones-29.jpg,FC-15500273,7503015500273,"Euderma E&L Contorno de ojos antiedad 30ml."
bp-dermaexpress-816378020843,dermaexpress,https://cdn.shopify.com/s/files/1/0088/1937/6188/files/Sin_titulo_3a19e355-4196-4c0c-b06f-893bac41ebb9.webp,FC-78020843,816378020843,"DS Spectral DNC-S Serúm Capilar"
bp-dermaexpress-8429979467027,dermaexpress,https://cdn.shopify.com/s/files/1/0088/1937/6188/files/IMAGEN2_baf2c091-0d60-479f-9a2c-d44fe7157803.jpg,FC-79467027,8429979467027,"Sesderma S-sesnatura crema reafirmante senos y cuerpo 250ml."
bp-dermaexpress-8470002031746,dermaexpress,https://cdn.shopify.com/s/files/1/0088/1937/6188/files/8470002031746.jpg,FC-02031746,8470002031746,"Sesderma salises crema gel 50ml."
bp-dermaexpress-3571940001985,dermaexpress,https://cdn.shopify.com/s/files/1/0088/1937/6188/files/ba5bbe_f36fe5b2286342a5ae4bb684497e2e8c_mv2.jpg,FC-40001985,3571940001985,"Fedele Noreva actipur protector solar SPF50+ 30ml."
bp-dermaexpress-358892336500,dermaexpress,https://cdn.shopify.com/s/files/1/0088/1937/6188/files/Disenosintitulo-2025-12-09T142731.727.png,FC-92336500,358892336500,"Tizo 2 Protector solar facial mineral SPF40 sin color 50 gr"
bp-dermaexpress-8429420285644,dermaexpress,https://cdn.shopify.com/s/files/1/0088/1937/6188/files/8429420285644.jpg,FC-20285644,8429420285644,"ISDIN Fusion Water Color Light SPF50 50 ml"
bp-dermaexpress-8429420244191,dermaexpress,https://cdn.shopify.com/s/files/1/0088/1937/6188/files/8429420244191.jpg,FC-20244191,8429420244191,"ISDIN Fusion Water Magic Repair C/C SPF50 Protector Solar Reparador con Color 50 ml"
bp-dermaexpress-8429420309531,dermaexpress,https://cdn.shopify.com/s/files/1/0088/1937/6188/files/8429420309531.jpg,FC-20309531,8429420309531,"ISDIN Fusion Gel Sport SPF50 Protector Solar Deportivo 100 ml"
bp-dermaexpress-8429420187917,dermaexpress,https://cdn.shopify.com/s/files/1/0088/1937/6188/files/8429420187917_53ca7c7e-9b48-4043-94d2-30df7efbf024.jpg,FC-20187917,8429420187917,"ISDIN Protector Solar Transparent Spray Wet Skin SPF50 250 ml"
bp-dermaexpress-3504105035891,dermaexpress,https://cdn.shopify.com/s/files/1/0088/1937/6188/files/3504105035891_1.jpg,FC-05035891,3504105035891,"Mustela Hydrabebé Loción Corporal 300ml."
bp-dermaexpress-3504105035501,dermaexpress,https://cdn.shopify.com/s/files/1/0088/1937/6188/files/3504105035501_1.jpg,FC-05035501,3504105035501,"Mustela Hydrabebé Loción Corporal 500ml."
bp-dermaexpress-3661434004865,dermaexpress,https://cdn.shopify.com/s/files/1/0088/1937/6188/files/3661434004865.jpg,FC-34004865,3661434004865,"Uriage Xémose Crema Facial Piel Atópica y Muy Seca 40 ml"
bp-dermaexpress-3661434007910,dermaexpress,https://cdn.shopify.com/s/files/1/0088/1937/6188/files/3661434007910.jpg,FC-34007910,3661434007910,"Uriage Xémose Bruma SOS Anticomezón Piel Atópica 200 ml"
bp-dermaexpress-3661434002069,dermaexpress,https://cdn.shopify.com/s/files/1/0088/1937/6188/files/3661434002069.jpg,FC-34002069,3661434002069,"Uriage D.S. Hair Loción Reguladora Anticaspa y Antipicor 100 ml"
bp-dermaexpress-3661434000089,dermaexpress,https://cdn.shopify.com/s/files/1/0088/1937/6188/files/3661434000089.jpg,FC-34000089,3661434000089,"Uriage D.S. Gel Limpiador Regulador Anticaspa y Sebo 150 ml"
bp-dermaexpress-3661434003431,dermaexpress,https://cdn.shopify.com/s/files/1/0088/1937/6188/files/3661434003431_3cccadb2-4a39-4aae-8065-7ac343ac7fc6.jpg,FC-34003431,3661434003431,"Uriage Roséliane Fluido Dermolimpiador Antirojeces Piel Sensible 250 ml"
bp-dermaexpress-3661434009679,dermaexpress,https://cdn.shopify.com/s/files/1/0088/1937/6188/files/3661434009679.jpg,FC-34009679,3661434009679,"Uriage Pruriced Crema Calmante Antipicor Piel Sensible 100 ml"
bp-dermaexpress-3661434009686,dermaexpress,https://cdn.shopify.com/s/files/1/0088/1937/6188/files/3661434009686.jpg,FC-34009686,3661434009686,"Uriage Pruriced Crema Calmante Antipicor Piel Sensible 100 ml"
bp-dermaexpress-3661434000072,dermaexpress,https://cdn.shopify.com/s/files/1/0088/1937/6188/files/3661434000072_46704542-27ba-40f5-b09d-dfa4ed72223f.jpg,FC-34000072,3661434000072,"Uriage D.S. Emulsión Regulating Calmante Antirojeces 40 ml"
bp-dermaexpress-3661434008962,dermaexpress,https://cdn.shopify.com/s/files/1/0088/1937/6188/files/3661434008962.jpg,FC-34008962,3661434008962,"Uriage Bariéderm-Cica Gel Limpiador Reparador y Purificante 200 ml"
bp-dermaexpress-3282770397673,dermaexpress,https://cdn.shopify.com/s/files/1/0088/1937/6188/files/3282770397673_d7cb7a4f-d16a-4b8e-bbeb-652d3f1ca429.jpg,FC-70397673,3282770397673,"A-Derma Exomega Control Crema de Noche Piel Atópica y Muy Seca 400 ml"
bp-dermaexpress-3701129807408,dermaexpress,https://cdn.shopify.com/s/files/1/0088/1937/6188/files/3701129807408.jpg,FC-29807408,3701129807408,"Bioderma Photoderm Aquafluide SPF50+ con Color Dorado 40 ml"
bp-dermaexpress-3760201234532,dermaexpress,https://cdn.shopify.com/s/files/1/0088/1937/6188/files/3760201234532.jpg,FC-01234532,3760201234532,"Etat Pur Espuma Limpiadora Piel Sensible y Equilibrada 150 ml"
bp-dermaexpress-3701129812013,dermaexpress,https://cdn.shopify.com/s/files/1/0088/1937/6188/files/3701129812013.jpg,FC-29812013,3701129812013,"Bioderma Sébium H2O Agua Micelar Purificante Piel Grasa 500 ml"
bp-dermaexpress-3760095255170,dermaexpress,https://cdn.shopify.com/s/files/1/0088/1937/6188/files/3760095255170.jpg,FC-95255170,3760095255170,"ACM Depiwhite Crema Antimanchas Zonas Sensibles Despigmentante 50 ml"
bp-dermaexpress-3760095255156,dermaexpress,https://cdn.shopify.com/s/files/1/0088/1937/6188/files/3760095255156-1.jpg,FC-95255156,3760095255156,"ACM Depiwhite Suero Intensivo Antimanchas Despigmentante 30 ml"
bp-dermaexpress-3337875920728,dermaexpress,https://cdn.shopify.com/s/files/1/0088/1937/6188/files/3337875920728.jpg,FC-75920728,3337875920728,"La Roche-Posay Hyalu B5 Gel Matificante Antiarrugas e Hidratante 40 ml"
bp-dermaexpress-3337875922029,dermaexpress,https://cdn.shopify.com/s/files/1/0088/1937/6188/files/3337875922029-4.jpg,FC-75922029,3337875922029,"La Roche-Posay Hyalu B5 Suractivated Refill Crema Antiarrugas y Reafirmante 50 ml"
bp-dermaexpress-3337875920698,dermaexpress,https://cdn.shopify.com/s/files/1/0088/1937/6188/files/3337875920698.jpg,FC-75920698,3337875920698,"La Roche-Posay Hyalu B5 Suractivated Cream Antiarrugas y Reafirmante 50 ml"
bp-dermaexpress-3337875920582,dermaexpress,https://cdn.shopify.com/s/files/1/0088/1937/6188/files/3337875920582.jpg,FC-75920582,3337875920582,"La Roche Posay Hyalu B5 Suractivated Serum Antiarrugas y Reparador 30 ml"
bp-dermaexpress-3337875905626,dermaexpress,https://cdn.shopify.com/s/files/1/0088/1937/6188/files/3337875905626.jpg,FC-75905626,3337875905626,"CeraVe Crema Hidratante Refill con Ceramidas y Ácido Hialurónico 454 ml"
bp-dermaexpress-3337875927871,dermaexpress,https://cdn.shopify.com/s/files/1/0088/1937/6188/files/3337875927871.jpg,FC-75927871,3337875927871,"Cerave Parches Control Imperfecciones con Ácido Salicílico 22 Piezas"
bp-dermaexpress-3661434023453,dermaexpress,https://cdn.shopify.com/s/files/1/0088/1937/6188/files/13661434003394_1.jpg,FC-34023453,3661434023453,"Uriage Roseliane Crema calmante antirojeces 40 ml"
bp-dermaexpress-3661434004773,dermaexpress,https://cdn.shopify.com/s/files/1/0088/1937/6188/files/3661434004773.jpg,FC-34004773,3661434004773,"Uriage Kit Stick Labial Hidratante 4 g + Stick Labial Hidratante 4 g Protección y Nutrición"
bp-dermaexpress-816378022830,dermaexpress,https://cdn.shopify.com/s/files/1/0088/1937/6188/files/816378022830.png,FC-78022830,816378022830,"D.S. Dandrene Plus Shampoo Anticaspa Control Intensivo 100 ml"
bp-dermaexpress-7501390914982,dermaexpress,https://cdn.shopify.com/s/files/1/0088/1937/6188/files/7501390914982-1.jpg,FC-90914982,7501390914982,"Italmex Kit Umbrella Perfect Skin Tono Claro FPS50 50 g + Cosmetiquera"
bp-dermaexpress-7501390914968,dermaexpress,https://cdn.shopify.com/s/files/1/0088/1937/6188/files/7501390914968.jpg,FC-90914968,7501390914968,"Italmex Kit Umbrella Plus FPS50 120 g + Umbrella Travel Size FPS50 30 g Protección Solar Portátil"
bp-dermaexpress-7501390914975,dermaexpress,https://cdn.shopify.com/s/files/1/0088/1937/6188/files/7501390914975.jpg,FC-90914975,7501390914975,"Italmex Kit Umbrella Plus FPS50 120 g + Umbrella Kids FPS50 120 g Protección Solar Familiar"
bp-dermaexpress-3571940004634,dermaexpress,https://cdn.shopify.com/s/files/1/0088/1937/6188/files/3571940004634.jpg,FC-40004634,3571940004634,"Noreva Deoliane Gel de Ducha Limpieza Suave Piel Seca 200 ml"
bp-dermaexpress-3571940000667,dermaexpress,https://cdn.shopify.com/s/files/1/0088/1937/6188/files/3571940000667.jpg,FC-40000667,3571940000667,"Noreva Suero Hidratante 24 Horas Hidratación Profunda 30 ml"
bp-dermaexpress-3760095255132,dermaexpress,https://cdn.shopify.com/s/files/1/0088/1937/6188/files/3760095255132.jpg,FC-95255132,3760095255132,"ACM Novophane Shampoo Suave Uso Frecuente 500 ml"
bp-dermaexpress-3760095255125,dermaexpress,https://cdn.shopify.com/s/files/1/0088/1937/6188/files/3760095255125.jpg,FC-95255125,3760095255125,"ACM Novophane Shampoo Suave Uso Frecuente 200 ml"
bp-dermaexpress-4006000183572,dermaexpress,https://cdn.shopify.com/s/files/1/0088/1937/6188/files/4006000183572.jpg,FC-00183572,4006000183572,"Eucerin DermoPure Clinical Gel Limpiador Purifica y reduce el exceso de grasa 400ml"
bp-dermaexpress-4006000183602,dermaexpress,https://cdn.shopify.com/s/files/1/0088/1937/6188/files/4006000183602.jpg,FC-00183602,4006000183602,"Eucerin DermoPure Clinical Mat Fluid Hidratante matificante 40ml"
bp-dermaexpress-4006000181981,dermaexpress,https://cdn.shopify.com/s/files/1/0088/1937/6188/files/4006000181981.jpg,FC-00181981,4006000181981,"Eucerin Dermopure Clinical Triple Action Tratamiento Anti-Manchas 40 ml"
bp-dermaexpress-4006000184913,dermaexpress,https://cdn.shopify.com/s/files/1/0088/1937/6188/files/4006000184913.jpg,FC-00184913,4006000184913,"Eucerin Dermopure Clinical Peeling Renovador Anti-Imperfecciones 40 ml"
bp-dermaexpress-3337875923866,dermaexpress,https://cdn.shopify.com/s/files/1/0088/1937/6188/files/3337875923866.jpg,FC-75923866,3337875923866,"CeraVe Limpiador Control Imperfecciones con Ácido Salicílico y Niacinamida 473 ml"
bp-dermaexpress-677144201480,dermaexpress,https://cdn.shopify.com/s/files/1/0088/1937/6188/files/677144201480.jpg,FC-44201480,677144201480,"Envera Protector solar + despigmentante Medium FPS 50+ UVA/UVB 50 ml"
bp-dermaexpress-677144201473,dermaexpress,https://cdn.shopify.com/s/files/1/0088/1937/6188/files/677144201473-1.jpg,FC-44201473,677144201473,"Envera Protector solar + despigmentante Light FPS 50+ UVA/UVB 50 ml"
bp-dermaexpress-7508006185910,dermaexpress,https://cdn.shopify.com/s/files/1/0088/1937/6188/files/7508006185910.jpg,FC-06185910,7508006185910,"Panalab Mineral Safe Oil Control FPS50 Protector Solar Mineral Sin Color 50 ml"
bp-dermaexpress-7508006185934,dermaexpress,https://cdn.shopify.com/s/files/1/0088/1937/6188/files/7508006185934.jpg,FC-06185934,7508006185934,"Panalab Mineral Safe Oil Control FPS50 Protector Solar Mineral con Color Medio 50 ml"
bp-dermaexpress-7508006185927,dermaexpress,https://cdn.shopify.com/s/files/1/0088/1937/6188/files/7508006185927.jpg,FC-06185927,7508006185927,"Panalab Mineral Safe Oil Control FPS50 Protector Solar Mineral con Color Claro 50 ml"
bp-dermaexpress-7508006185941,dermaexpress,https://cdn.shopify.com/s/files/1/0088/1937/6188/files/7508006185941.jpg,FC-06185941,7508006185941,"Panalab Mineral Safe Fluido FPS50 Protector Solar Mineral Sin Color 50 ml"
bp-dermaexpress-7508006185989,dermaexpress,https://cdn.shopify.com/s/files/1/0088/1937/6188/files/7508006185989.jpg,FC-06185989,7508006185989,"Panalab Mineral Safe Fluido FPS50 Protector Solar Mineral con Color Medio 50 ml"
bp-dermaexpress-7508006185965,dermaexpress,https://cdn.shopify.com/s/files/1/0088/1937/6188/files/7508006185965-1.jpg,FC-06185965,7508006185965,"Panalab Mineral Safe Fluido FPS50 Protector Solar Mineral con Color Claro 50 ml"
bp-dermaexpress-7508006185644,dermaexpress,https://cdn.shopify.com/s/files/1/0088/1937/6188/files/7508006185644.jpg,FC-06185644,7508006185644,"Panalab Cuteral Crema Hidratante y Reparadora para Piel Sensible 40 ml"
bp-dermaexpress-7508006185903,dermaexpress,https://cdn.shopify.com/s/files/1/0088/1937/6188/files/7508006185903.jpg,FC-06185903,7508006185903,"Panalab Vitanoin Lifting Serum Facial Reafirmante y Antiedad 30 ml"
bp-dermaexpress-7508006185897,dermaexpress,https://cdn.shopify.com/s/files/1/0088/1937/6188/files/7508006185897.jpg,FC-06185897,7508006185897,"Panalab Vitanoin FEC® 15% Serum Facial Antioxidante y Antimanchas 30 ml"
bp-dermaexpress-7508006185842,dermaexpress,https://cdn.shopify.com/s/files/1/0088/1937/6188/files/7508006185842.jpg,FC-06185842,7508006185842,"Panalab Vitanoin C5% Serum Facial Antioxidante e Iluminador 30 ml"
bp-dermaexpress-3282770075533,dermaexpress,https://cdn.shopify.com/s/files/1/0088/1937/6188/files/3282770075533.png,FC-70075533,3282770075533,"Ducray Anaphase+ Shampoo Anticaída Fortificante 200 ml"
bp-dermaexpress-3282770398472,dermaexpress,https://cdn.shopify.com/s/files/1/0088/1937/6188/files/3282770398472.png,FC-70398472,3282770398472,"Avene XeraCalm A.D Barra Limpiadora Suave Relipidizante 100 g"
bp-dermaexpress-3282770143942,dermaexpress,https://cdn.shopify.com/s/files/1/0088/1937/6188/files/3282770143942.png,FC-70143942,3282770143942,"Darrow Doctar Shampoo Anticaspa con ácido salicílico 240 ml"
bp-dermaexpress-7897930779198,dermaexpress,https://cdn.shopify.com/s/files/1/0088/1937/6188/files/7897930779198_1.avif,FC-30779198,7897930779198,"Cetaphil Crema Alisadora Anti-Rugosidades con Urea 20% 236 ml"
bp-dermaexpress-7897930779204,dermaexpress,https://cdn.shopify.com/s/files/1/0088/1937/6188/files/7897930779204.jpg,FC-30779204,7897930779204,"Cetaphil Oil Control Hidratante Facial Matificante Antimanchas con FPS30 100 ml"
bp-dermaexpress-7897930779136,dermaexpress,https://cdn.shopify.com/s/files/1/0088/1937/6188/files/LocionHumectante236ml_1_2.avif,FC-30779136,7897930779136,"Cetaphil Loción Humectante Corporal e Hidratante para Piel Seca y Sensible 236 ml"
bp-dermaexpress-7897930779105,dermaexpress,https://cdn.shopify.com/s/files/1/0088/1937/6188/files/7897930779105-2.jpg,FC-30779105,7897930779105,"Galderma Cetaphil PRO AD Restoraderm Hidratante Corporal con Ceramidas para Piel Atópica 236 ml"
bp-dermaexpress-7897930779112,dermaexpress,https://cdn.shopify.com/s/files/1/0088/1937/6188/files/7897930779112.jpg,FC-30779112,7897930779112,"Galderma Cetaphil PRO AD Restoraderm Limpiador Corporal Hidratante para Piel Seca y Atópica 236 ml"
bp-dermaexpress-3282779433587,dermaexpress,https://cdn.shopify.com/s/files/1/0088/1937/6188/files/3282779433587.png,FC-79433587,3282779433587,"Avene Kit Cleanance Aqua-Gel 50 ml + Gel Limpiador 100 ml + Ultra Fluid Oil Control Mat Perfect FPS50 2 ml Rutina matificante para piel mixta a grasa"
bp-dermaexpress-7509552966633,dermaexpress,https://cdn.shopify.com/s/files/1/0088/1937/6188/files/7509552966633.jpg,FC-52966633,7509552966633,"Vichy Kit Liftactiv Vitamina C Serum 20 ml + Crema Retinol Noche 15 ml + Mini Serum Activador de Luminosidad Antiedad 4 ml"
bp-dermaexpress-7509552972085,dermaexpress,https://cdn.shopify.com/s/files/1/0088/1937/6188/files/7509552972085.jpg,FC-52972085,7509552972085,"Vichy Kit Mineral 89 Booster 50 ml + Crema de Noche 3 ml + Concentrado Hidratante y Fortalecedor 5 ml"
bp-dermaexpress-3760201234518,dermaexpress,https://cdn.shopify.com/s/files/1/0088/1937/6188/files/3760201234518.avif,FC-01234518,3760201234518,"Etat Pur Leche Limpiadora Suave 200 ml"
bp-dermaexpress-3760201234501,dermaexpress,https://cdn.shopify.com/s/files/1/0088/1937/6188/files/3760201234501.avif,FC-01234501,3760201234501,"Etat Pur Gel Limpiador Purificante con Ácido Salicílico Suave 200 ml"
bp-dermaexpress-3701129812075,dermaexpress,https://cdn.shopify.com/s/files/1/0088/1937/6188/files/3701129812075_1.avif,FC-29812075,3701129812075,"Bioderma Sensibio H2O Agua Micelar Desmaquillante para Piel Sensible 100 ml"
bp-dermaexpress-3700201234402,dermaexpress,https://cdn.shopify.com/s/files/1/0088/1937/6188/files/3700201234402.png,FC-01234402,3700201234402,"Etat Pur Crema Ligera Hidratante con Ácido Hialurónico 50 ml"
bp-dermaexpress-3760201234396,dermaexpress,https://cdn.shopify.com/s/files/1/0088/1937/6188/files/3760201234396.avif,FC-01234396,3760201234396,"Etat Pur Crema Hidratante con Ácido Hialurónico 50 ml"
bp-dermaexpress-3337871325657,dermaexpress,https://cdn.shopify.com/s/files/1/0088/1937/6188/files/3337871325657.jpg,FC-71325657,3337871325657,"Vichy Desodorante Anti-Transpirante 48H Protección Eficaz y Suavidad 50 ml"
bp-dermaexpress-3337875925358,dermaexpress,https://cdn.shopify.com/s/files/1/0088/1937/6188/files/3337875925358.jpg,FC-75925358,3337875925358,"CeraVe Limpiador Air Foam Reequilibrante con Aminoácidos y Ceramidas 148 ml"
bp-dermaexpress-7509552973822,dermaexpress,https://cdn.shopify.com/s/files/1/0088/1937/6188/files/7509552973822.jpg,FC-52973822,7509552973822,"La Roche-Posay Kit Pure Vitamin C12 Serum 30 ml + Agua Termal 50 ml + Hyalu B3 Serum 10 ml + Anthelios UV Mune FPS50+ 3 ml"
bp-dermaexpress-7509552973730,dermaexpress,https://cdn.shopify.com/s/files/1/0088/1937/6188/files/7509552973730.jpg,FC-52973730,7509552973730,"La Roche-Posay Kit Pure Vitamin C12 Oil Control Serum 30 ml + Agua Micelar 50 ml + Mini Serum 10 ml+ Anthelios UV Mune 50+ 3 ml"
bp-dermaexpress-3337875816779,dermaexpress,https://cdn.shopify.com/s/files/1/0088/1937/6188/files/3337875816779-2.jpg,FC-75816779,3337875816779,"La Roche-Posay Cicaplast Baume B5 Crema reparadora mini 15 ml"
bp-dermaexpress-3499320017848,dermaexpress,https://cdn.shopify.com/s/files/1/0088/1937/6188/files/3499320017848.jpg,FC-20017848,3499320017848,"Cetaphil Parches Anti-Imperfecciones Piel Limpia y Protegida 24 pz"
bp-dermaexpress-8436574361582,dermaexpress,https://cdn.shopify.com/s/files/1/0088/1937/6188/files/8436574361582.jpg,FC-74361582,8436574361582,"Cantabria Biretix Isorepair Crema Hidratante Reparadora Piel Sensible 50 ml"
bp-dermaexpress-3701129814390,dermaexpress,https://cdn.shopify.com/s/files/1/0088/1937/6188/files/3701129814390.png,FC-29814390,3701129814390,"Bioderma Hydrabio Gel Moussant Limpiador Hidratante para Piel Sensible 400 ml"
bp-dermaexpress-3461020003483,dermaexpress,https://cdn.shopify.com/s/files/1/0088/1937/6188/files/3461020003483.png,FC-20003483,3461020003483,"Institut Esthederm Pro-Collagen+ Sérum reafirmante facial 30 ml"
bp-dermaexpress-8470002160040,dermaexpress,https://cdn.shopify.com/s/files/1/0088/1937/6188/files/8470002160040.jpg,FC-02160040,8470002160040,"Cantabria Biretix Double Correction Serum Suero Antiimperfecciones y Renovador 30 ml"
bp-dermaexpress-8470002076747,dermaexpress,https://cdn.shopify.com/s/files/1/0088/1937/6188/files/8470002076747.jpg,FC-02076747,8470002076747,"Cantabria Heliocare 360 Pediatrics Stick FPS50+ Protector Solar Infantil en Barra 25 g"
bp-dermaexpress-7897930779020,dermaexpress,https://cdn.shopify.com/s/files/1/0088/1937/6188/files/7897930779020_1.avif,FC-30779020,7897930779020,"Cetaphil Loción Limpiadora para Piel Sensible Limpieza Suave 50 ml"
bp-dermaexpress-3461020003490,dermaexpress,https://cdn.shopify.com/s/files/1/0088/1937/6188/files/3461020003490-2.png,FC-20003490,3461020003490,"Institut Esthederm Intensive Pro-Collagen+ Crema reafirmante facial y cuello 50 ml"
bp-dermaexpress-7897930778993,dermaexpress,https://cdn.shopify.com/s/files/1/0088/1937/6188/files/7897930778993_1.avif,FC-30778993,7897930778993,"Cetaphil Crema Hidratante para Piel Seca y Sensible 50 g"
bp-dermaexpress-7501390916320,dermaexpress,https://cdn.shopify.com/s/files/1/0088/1937/6188/files/7501390916320.png,FC-90916320,7501390916320,"Polaris Research NR11 Foam Espuma Capilar Anticaída con Minoxidil 100 g"
bp-dermaexpress-3337875904292,dermaexpress,https://cdn.shopify.com/s/files/1/0088/1937/6188/files/3337875904292.jpg,FC-75904292,3337875904292,"Cerave Loción Hidratante Intensiva con Ceramidas y Ácido Hialurónico 236 ml"
bp-dermaexpress-8809598456242,dermaexpress,https://cdn.shopify.com/s/files/1/0088/1937/6188/files/8809598456242.jpg,FC-98456242,8809598456242,"COSRX Ultra-Light Invisible Sunscreen SPF50 Protector Solar Ligero y Transparente 50 ml"
bp-dermaexpress-8809598457324,dermaexpress,https://cdn.shopify.com/s/files/1/0088/1937/6188/files/8809598457324-2.jpg,FC-98457324,8809598457324,"COSRX Air-Light Clear Sunscreen Stick SPF50 Protector Solar en Barra Transparente 19 g"
bp-dermaexpress-8809598457058,dermaexpress,https://cdn.shopify.com/s/files/1/0088/1937/6188/files/8809598457058.jpg,FC-98457058,8809598457058,"COSRX Advanced Snail Mucin Glass Glow Hydrogel Mask Mascarilla Hidratante y Reparadora 3 pz"
bp-dermaexpress-8809598457232,dermaexpress,https://cdn.shopify.com/s/files/1/0088/1937/6188/files/8809598457232.jpg,FC-98457232,8809598457232,"COSRX The Peptide Collagen Lifting Glow Hydrogel Mask Mascarilla Reafirmante e Iluminadora 3 pz"
bp-dermaexpress-8809598457171,dermaexpress,https://cdn.shopify.com/s/files/1/0088/1937/6188/files/8809598457171.jpg,FC-98457171,8809598457171,"COSRX The Ceramide Skin Barrier Moisturizer Crema Hidratante Reparadora 80 ml"
bp-dermaexpress-8809598456983,dermaexpress,https://cdn.shopify.com/s/files/1/0088/1937/6188/files/8809598456983.jpg,FC-98456983,8809598456983,"COSRX The Peptide Collagen Hydrogel Eye Patch Parches Reafirmantes e Hidratantes 60 pz"
bp-dermaexpress-8809598455795,dermaexpress,https://cdn.shopify.com/s/files/1/0088/1937/6188/files/8809598455795-1.jpg,FC-98455795,8809598455795,"COSRX The Retinol 0.3 Cream Crema Antiedad con Retinol Puro 20 ml"
bp-dermaexpress-8809598454651,dermaexpress,https://cdn.shopify.com/s/files/1/0088/1937/6188/files/8809598454651-1.jpg,FC-98454651,8809598454651,"COSRX The Vitamin C23 Serum Suero Antioxidante y Despigmentante 20 ml"
bp-dermaexpress-3461023492130,dermaexpress,https://cdn.shopify.com/s/files/1/0088/1937/6188/files/Disenosintitulo_ebb4f234-741f-4b7b-97b6-d4e5a4aa2221.png,FC-23492130,3461023492130,"Institut Esthederm Photo Reverse Beige Medio Protector solar facial 50 ml"
bp-dermaexpress-8809416470306,dermaexpress,https://cdn.shopify.com/s/files/1/0088/1937/6188/files/8809416470306.jpg,FC-16470306,8809416470306,"COSRX One Step Original Clear Pad Discos Exfoliantes con BHA Natural 70 pz"
bp-dermaexpress-8809598454880,dermaexpress,https://cdn.shopify.com/s/files/1/0088/1937/6188/files/8809598454880.jpg,FC-98454880,8809598454880,"COSRX The Alpha Arbutin 2 Discoloration Serum Suero Antimanchas e Iluminador 50 ml"
bp-dermaexpress-358892129065,dermaexpress,https://cdn.shopify.com/s/files/1/0088/1937/6188/files/358892129065.jpg,FC-92129065,358892129065,"Tizo Photoceutical Gentle Amino Gel Cleanser Limpiador Facial Suave 180 ml"
bp-dermaexpress-358892100309,dermaexpress,https://cdn.shopify.com/s/files/1/0088/1937/6188/files/358892100309-2.jpg,FC-92100309,358892100309,"Tizo Photoceutical AM Rejuvenation Crema Antiedad con Niacinamida y Antioxidantes 29 ml"
bp-dermaexpress-3701129801987,dermaexpress,https://cdn.shopify.com/s/files/1/0088/1937/6188/files/3701129801987.png,FC-29801987,3701129801987,"Bioderma ABCDerm H2O Agua Micelar para bebés y piel sensible 1000 ml"
bp-dermaexpress-3461020003254,dermaexpress,https://cdn.shopify.com/s/files/1/0088/1937/6188/files/3461020003254.png,FC-20003254,3461020003254,"Institut Esthederm Protector solar Mineral No Sun SPF50+ 40 ml"
bp-dermaexpress-3461020003513,dermaexpress,https://cdn.shopify.com/s/files/1/0088/1937/6188/files/3461020003513.png,FC-20003513,3461020003513,"Institut Esthederm Intensive Retinol+ Sérum-Aceite Intensivo 15 ml"
bp-dermaexpress-3461020002929,dermaexpress,https://cdn.shopify.com/s/files/1/0088/1937/6188/files/3461020002929.png,FC-20002929,3461020002929,"Institut Esthederm Intensive Retinol Bálsamo contorno de ojos 15 ml"
bp-dermaexpress-7506307518598,dermaexpress,https://cdn.shopify.com/s/files/1/0088/1937/6188/files/7506307518598.png,FC-07518598,7506307518598,"Bioderma Kit Photoderm Dry Touch Protector Solar FPS50+ 40 ml + Sebium Gel Moussant 100 ml"
bp-dermaexpress-3461023492123,dermaexpress,https://cdn.shopify.com/s/files/1/0088/1937/6188/files/3461023492123.png,FC-23492123,3461023492123,"Institut Esthederm Photo Reverse Beige claro Protector solar facial 50 ml"
bp-dermaexpress-8429420256361,dermaexpress,https://cdn.shopify.com/s/files/1/0088/1937/6188/files/8429420256361.jpg,FC-20256361,8429420256361,"Isdin Bexident Encías Tratamiento Coadyuvante Spray Antiséptico y Reparador 40 ml"
bp-dermaexpress-8429420256354,dermaexpress,https://cdn.shopify.com/s/files/1/0088/1937/6188/files/8429420256354.jpg,FC-20256354,8429420256354,"Isdin Bexident Encías Tratamiento Coadyuvante Gel Tópico Gingival Antiséptico y Reparador 50 ml"
bp-dermaexpress-8429420256330,dermaexpress,https://cdn.shopify.com/s/files/1/0088/1937/6188/files/8429420256330.jpg,FC-20256330,8429420256330,"Isdin Bexident Encías Tratamiento Coadyuvante Gel Dentífrico Antiséptico y Reparador 75 ml"
bp-dermaexpress-8429420256309,dermaexpress,https://cdn.shopify.com/s/files/1/0088/1937/6188/files/8429420256309.jpg,FC-20256309,8429420256309,"Isdin Bexident Encías Intensivo Colutorio Cuidado Gingival Antiséptico 250 ml"
bp-dermaexpress-8429422031207,dermaexpress,https://cdn.shopify.com/s/files/1/0088/1937/6188/files/8429422031207.jpg,FC-22031207,8429422031207,"Isdin Bexident Dientes Sensibles Colutorio CPC + Cymenol Alivio y Protección 250 ml"
bp-dermaexpress-8429420230514,dermaexpress,https://cdn.shopify.com/s/files/1/0088/1937/6188/files/8429420230514.jpg,FC-20230514,8429420230514,"Isdin Bexident Dientes Sensibles Pasta Dentífrica CPC + Cymenol Alivio y Protección 75 ml"
bp-dermaexpress-8429420220607,dermaexpress,https://cdn.shopify.com/s/files/1/0088/1937/6188/files/8429420220607.jpg,FC-20220607,8429420220607,"Isdin Bexident Encías Uso Diario Pasta Dentífrica CPC + Dymenol Protección y Cuidado Gingival 75 ml"
bp-dermaexpress-8429420220591,dermaexpress,https://cdn.shopify.com/s/files/1/0088/1937/6188/files/8429420220591.jpg,FC-20220591,8429420220591,"Isdin Bexident Encías Uso Diario Colutorio CPC + Cymenol Protección y Cuidado Gingival 250 ml"
bp-dermaexpress-8429420084674,dermaexpress,https://cdn.shopify.com/s/files/1/0088/1937/6188/files/8429420084674.jpg,FC-20084674,8429420084674,"Isdin Bexident Post Tratamiento Gel Tópico Coadyuvante Reparador 25 ml"
bp-dermaexpress-8429420084520,dermaexpress,https://cdn.shopify.com/s/files/1/0088/1937/6188/files/8429420084520-1.jpg,FC-20084520,8429420084520,"Isdin Bexident Post Tratamiento Colutorio Cuidado Bucal 250 ml"
bp-dermaexpress-3337875912600,dermaexpress,https://cdn.shopify.com/s/files/1/0088/1937/6188/files/3337875912600-1.jpg,FC-75912600,3337875912600,"Vichy Liftactiv Collagen Specialist 16 Serum Reafirmante y Antiedad 30 ml"
bp-dermaexpress-7509552966701,dermaexpress,https://cdn.shopify.com/s/files/1/0088/1937/6188/files/7509552966701-1.jpg,FC-52966701,7509552966701,"Vichy Kit Liftactiv Retinol B3 Serum (30 ml) + Liftactiv Vitamin C Serum (4 ml) + Capital Soleil UV Age Daily SPF 50+ (15 ml)"
bp-dermaexpress-7509552966718,dermaexpress,https://cdn.shopify.com/s/files/1/0088/1937/6188/files/7509552966718-1.jpg,FC-52966718,7509552966718,"Vichy Kit Liftactiv Supreme Vit C Skin Corrector (20 ml) + Liftactiv Specialist B3 Serum (5 ml) + Capital Soleil UV Age Daily SPF 50+ (15 ml)"
bp-dermaexpress-7509552966725,dermaexpress,https://cdn.shopify.com/s/files/1/0088/1937/6188/files/7509552966725-1.jpg,FC-52966725,7509552966725,"Vichy Kit Liftactiv Specialist B3 Serum (30 ml) + Liftactiv Collagen Specialist Crema (15 ml) + Capital Soleil UV Age Daily SPF 50+ (15 ml)"
bp-dermaexpress-7509552966732,dermaexpress,https://cdn.shopify.com/s/files/1/0088/1937/6188/files/7509552966732-1.jpg,FC-52966732,7509552966732,"Vichy Kit Liftactiv HA Epidermic Filler (30 ml) + Liftactiv Collagen Specialist Crema (15 ml) + Capital Soleil UV Age Daily SPF 50+ (15 ml)"
bp-dermaexpress-3337875915885,dermaexpress,https://cdn.shopify.com/s/files/1/0088/1937/6188/files/3337875915885-1.jpg,FC-75915885,3337875915885,"Vichy Capital Soleil UV Age Daily Pigment SPF 50+ Protector Solar Antimanchas Tono Medio 40 ml"
bp-dermaexpress-7509552972757,dermaexpress,https://cdn.shopify.com/s/files/1/0088/1937/6188/files/7509552972757.png,FC-52972757,7509552972757,"La Roche Posay Kit Anthelios UV Mune 400 50+ 50 ml + Hyalu B5 Sérum 10 ml + Agua Termal 50 ml"
bp-dermaexpress-813419027380,dermaexpress,https://cdn.shopify.com/s/files/1/0088/1937/6188/files/Disenosintitulo_53_2.png,FC-19027380,813419027380,"Colorescience Face Shield Flex SPF50 Medium 55 ml"
bp-dermaexpress-7509552973655,dermaexpress,https://cdn.shopify.com/s/files/1/0088/1937/6188/files/7509552973655-1.jpg,FC-52973655,7509552973655,"La Roche-Posay Kit Retinol B3 Sérum + Agua Micelar + Hyalu B5 + Anthelios Age Correct Tratamiento Antiedad Completo"
bp-dermaexpress-3760201234426,dermaexpress,https://cdn.shopify.com/s/files/1/0088/1937/6188/files/3760201234426.avif,FC-01234426,3760201234426,"Etat Pur Gel Crema Hidratante Hidratación ligera 50ml"
bp-dermaexpress-3701129811627,dermaexpress,https://cdn.shopify.com/s/files/1/0088/1937/6188/files/3701129811627.jpg,FC-29811627,3701129811627,"Bioderma Atoderm Aceite De Ducha Limpieza e hidratación para piel seca 1000ml"
bp-dermaexpress-3461020003001,dermaexpress,https://cdn.shopify.com/s/files/1/0088/1937/6188/files/3461020003001.jpg,FC-20003001,3461020003001,"Institut Esthederm Intensive Hyaluronic Crema hidratación profunda 50 ml"
bp-dermaexpress-3760269771406,dermaexpress,https://cdn.shopify.com/s/files/1/0088/1937/6188/files/3760269771406.jpg,FC-69771406,3760269771406,"Isispharma Teen Derm Gel Sensitive Limpiador suave 400ml"
bp-dermaexpress-8429420268296,dermaexpress,https://cdn.shopify.com/s/files/1/0088/1937/6188/files/8429420268296.jpg,FC-20268296,8429420268296,"Isdin Protector Solar Labial SPF 30 Hidratante y Protector 4 g"
bp-dermaexpress-8429420268302,dermaexpress,https://cdn.shopify.com/s/files/1/0088/1937/6188/files/8429420268302.jpg,FC-20268302,8429420268302,"Isdin Protector Labial SPF 50 Hidratante y Protector 14 g"
bp-dermaexpress-8470001757104,dermaexpress,https://cdn.shopify.com/s/files/1/0088/1937/6188/files/8470001757104.jpg,FC-01757104,8470001757104,"Isdin Lambdapil Hair Loss Shampoo Anticaída 400 ml"
bp-dermaexpress-8429420249875,dermaexpress,https://cdn.shopify.com/s/files/1/0088/1937/6188/files/8429420249875.jpg,FC-20249875,8429420249875,"Isdin Acniben Exfoliante Limpieza Profunda 100 ml"
bp-dermaexpress-8429420288188,dermaexpress,https://cdn.shopify.com/s/files/1/0088/1937/6188/files/8429420288188.jpg,FC-20288188,8429420288188,"Isdin Isdinceutics Retinal Smooth Renovador Antiedad 50 ml"
bp-dermaexpress-8429420307988,dermaexpress,https://cdn.shopify.com/s/files/1/0088/1937/6188/files/8429420307988-1.jpg,FC-20307988,8429420307988,"Isdin FP Stick Pediatrics SPF 50 Protección Solar en Stick 20 g"
bp-dermaexpress-8429420305489,dermaexpress,https://cdn.shopify.com/s/files/1/0088/1937/6188/files/8429420305489.jpg,FC-20305489,8429420305489,"Isdin Ureadin Cream 10 Hidratación Intensa 300 ml"
bp-dermaexpress-8470003233941,dermaexpress,https://cdn.shopify.com/s/files/1/0088/1937/6188/files/8470003233941_6137b6d7-5e98-497d-88fb-0e2b8f742419.jpg,FC-03233941,8470003233941,"Isdin PS After Sun Spray Hidratante y Refrescante 200 ml"
bp-dermaexpress-8470003808996,dermaexpress,https://cdn.shopify.com/s/files/1/0088/1937/6188/files/8470003808996-3.jpg,FC-03808996,8470003808996,"Isdin PS After Sun Lotion Hidratación y Refrescante 200 ml"
bp-dermaexpress-8429420292871,dermaexpress,https://cdn.shopify.com/s/files/1/0088/1937/6188/files/8429420292871.jpg,FC-20292871,8429420292871,"Isdin Reparador Labial Stick Rosa Hidratación y Color 4 g"
bp-dermaexpress-8429420292888,dermaexpress,https://cdn.shopify.com/s/files/1/0088/1937/6188/files/8429420292888.jpg,FC-20292888,8429420292888,"Isdin Reparador Labial Stick Rojo Hidratación y Color 4 g"
bp-dermaexpress-8470001901200,dermaexpress,https://cdn.shopify.com/s/files/1/0088/1937/6188/files/8470001901200.jpg,FC-01901200,8470001901200,"Isdin Reparador Labial Stick Hidratación y Protección 4 g"
bp-dermaexpress-8429420285064,dermaexpress,https://cdn.shopify.com/s/files/1/0088/1937/6188/files/8429420285064.jpg,FC-20285064,8429420285064,"Isdin Eryfotona Night Reparador Nocturno del Daño Solar 50 Ml"
bp-dermaexpress-8429420303539,dermaexpress,https://cdn.shopify.com/s/files/1/0088/1937/6188/files/8429420303539.jpg,FC-20303539,8429420303539,"Isdin Acniben Micellar Cleanser 400ml"
bp-dermaexpress-8429420227590,dermaexpress,https://cdn.shopify.com/s/files/1/0088/1937/6188/files/8429420227590.jpg,FC-20227590,8429420227590,"Isdin Acniben Limpiador Matificante Piel Grasa Gel 400ml"
bp-dermaexpress-8429420307995,dermaexpress,https://cdn.shopify.com/s/files/1/0088/1937/6188/files/3760095254616.png,FC-20307995,8429420307995,"Isdin FP Stick Pediátrico Refill SPF50 20g"
bp-dermaexpress-8429420307261,dermaexpress,https://cdn.shopify.com/s/files/1/0088/1937/6188/files/8429420307261.jpg,FC-20307261,8429420307261,"Isdin Compact Medium SPF50 10 g"
bp-dermaexpress-8429420306936,dermaexpress,https://cdn.shopify.com/s/files/1/0088/1937/6188/files/8429420306936.jpg,FC-20306936,8429420306936,"ISDIN Compact Light SPF50 10 g"
bp-dermaexpress-8429420306943,dermaexpress,https://cdn.shopify.com/s/files/1/0088/1937/6188/files/8429420306943.jpg,FC-20306943,8429420306943,"ISDIN FP Compact Bronze SPF50 10 g"
bp-dermaexpress-8429420311411,dermaexpress,https://cdn.shopify.com/s/files/1/0088/1937/6188/files/8429420311411.jpg,FC-20311411,8429420311411,"Isdin Body Glow Fotoprotector Corporal con acabado luminoso SPF30 200 ml"
bp-dermaexpress-8436574365139,dermaexpress,https://cdn.shopify.com/s/files/1/0088/1937/6188/files/8436574365139-D1.png,FC-74365139,8436574365139,"Endocare Age Barrier Gel Cream 50ml"
bp-dermaexpress-8436574364484,dermaexpress,https://cdn.shopify.com/s/files/1/0088/1937/6188/files/medium-endocare_age-barrier-niacinal-serum-gel_packshot_box_front_2025.avif,FC-74364484,8436574364484,"Endocare Age Barrier Niacinal Serum Gel 30ml"
bp-dermaexpress-3573994007333,dermaexpress,https://cdn.shopify.com/s/files/1/0088/1937/6188/files/3573994007333-D1.jpg,FC-94007333,3573994007333,"Dexeryl Crema Emoliente 50g"
bp-dermaexpress-3661434008771,dermaexpress,https://cdn.shopify.com/s/files/1/0088/1937/6188/files/3661434008771.jpg,FC-34008771,3661434008771,"Uriage Crema Limpiadora 1000ml"
bp-dermaexpress-3661434009907,dermaexpress,https://cdn.shopify.com/s/files/1/0088/1937/6188/files/3661434009907.jpg,FC-34009907,3661434009907,"Uriage Kit Hyséac 3-Regul Piel Grasa 40ml + Hyséac Gel Limpiador 50ml"
bp-dermaexpress-3661434009662,dermaexpress,https://cdn.shopify.com/s/files/1/0088/1937/6188/files/3661434009662.jpg,FC-34009662,3661434009662,"Uriage Kit Agua Micelar Piel Sensible 500ml + Agua Micelar Piel Sensible 500ml"
bp-dermaexpress-8470002088320,dermaexpress,https://cdn.shopify.com/s/files/1/0088/1937/6188/files/Pilexilanticaida.jpg,FC-02088320,8470002088320,"PILEXIL Acondicionador Anticaída 200ml"
bp-dermaexpress-3499320016780,dermaexpress,https://cdn.shopify.com/s/files/1/0088/1937/6188/files/3499320016780.jpg,FC-20016780,3499320016780,"Cetaphil Healthy Radiance Gel de Limpieza Exfoliante Antimanchas 100ml"
bp-dermaexpress-3499320016766,dermaexpress,https://cdn.shopify.com/s/files/1/0088/1937/6188/files/3499320016766_1.avif,FC-20016766,3499320016766,"Cetaphil Healthy Radiance Perfecting Serum Antimanchas 30 ml"
bp-dermaexpress-3499320016759,dermaexpress,https://cdn.shopify.com/s/files/1/0088/1937/6188/files/3499320016759_1.avif,FC-20016759,3499320016759,"Cetaphil Healthy Radiance Crema Nocturna Antimanchas 50 g"
bp-dermaexpress-3499320017695,dermaexpress,https://cdn.shopify.com/s/files/1/0088/1937/6188/files/3499320017695_1.avif,FC-20017695,3499320017695,"Cetaphil Healthy Radiance Mascarilla Luminosa Instantánea 6pz"
bp-dermaexpress-3661434002960,dermaexpress,https://cdn.shopify.com/s/files/1/0088/1937/6188/files/3661434002960.jpg,FC-34002960,3661434002960,"Uriage Gel Limpiador Dermatológico 1000 ml"
bp-dermaexpress-5201279102395,dermaexpress,https://cdn.shopify.com/s/files/1/0088/1937/6188/files/5201279102395_07f79c59-55cf-460e-ae1c-4e286afd3dca.jpg,FC-79102395,5201279102395,"Apivita Hyalu Hydra Acondicionador hidratante para cabello seco o dañado 150 ml"
bp-dermaexpress-3282770399264,dermaexpress,https://cdn.shopify.com/s/files/1/0088/1937/6188/files/3282770399264_1.jpg,FC-70399264,3282770399264,"Ducray Keracnyl Sérum regulador antiimperfecciones 30 ml"
bp-dermaexpress-3282770398151,dermaexpress,https://cdn.shopify.com/s/files/1/0088/1937/6188/files/3282770398151_1.jpg,FC-70398151,3282770398151,"Ducray Anaphase Shampo para Anticaída y Crecimiento 400ml"
bp-dermaexpress-3282770397291,dermaexpress,https://cdn.shopify.com/s/files/1/0088/1937/6188/files/3282770397291_1.jpg,FC-70397291,3282770397291,"Ducray Sabal Shampoo Seborregulador para Cabello Graso 200 ml"
bp-dermaexpress-3282770396317,dermaexpress,https://cdn.shopify.com/s/files/1/0088/1937/6188/files/3282770396317_1.jpg,FC-70396317,3282770396317,"Avene Spray Protector Solar para Niños 200 ml"
bp-dermaexpress-3337875911184,dermaexpress,https://cdn.shopify.com/s/files/1/0088/1937/6188/files/Sintitulo_1080x1080px.jpg,FC-75911184,3337875911184,"Kerium DS Shampoo Anticaspa Intensivo 200 ml"
bp-dermaexpress-813419021708,dermaexpress,https://cdn.shopify.com/s/files/1/0088/1937/6188/files/Pressed_Mineral_Foundation_New_Teal__Light_Ivory.jpg,FC-19021708,813419021708,"Colorescience Natural Finish Pressed Foundation SPF 20 Light Ivory Pass The Butter 12 g"
bp-dermaexpress-813419021715,dermaexpress,https://cdn.shopify.com/s/files/1/0088/1937/6188/files/Pressed_Mineral_Foundation_New_Teal__Medium_Bisque.jpg,FC-19021715,813419021715,"Colorescience Natural Finish Pressed Foundation SPF 20 Medium Bisque (All Even) 12 g"
bp-dermaexpress-813419021722,dermaexpress,https://cdn.shopify.com/s/files/1/0088/1937/6188/files/Pressed_Mineral_Foundation_New_Teal_Medium_Sand.jpg,FC-19021722,813419021722,"Colorescience Natural Finish Pressed Foundation SPF 20 – Medium Sand 12 g"
bp-dermaexpress-813419021739,dermaexpress,https://cdn.shopify.com/s/files/1/0088/1937/6188/files/Pressed_Mineral_Foundation_New_Teal_Tan_Natural.jpg,FC-19021739,813419021739,"Colorescience Natural Finish Pressed Foundation SPF 20 – Tan Natural (Girl from Ipanema) 12 g"
bp-dermaexpress-813419023504,dermaexpress,https://cdn.shopify.com/s/files/1/0088/1937/6188/files/Pressed_Mineral_Foundation_New_Teal__Medium_Sunlight.jpg,FC-19023504,813419023504,"Colorescience Natural Finish Pressed Foundation SPF 20 – Medium Sunlight (California Girl) 12 g"
bp-dermaexpress-813419023535,dermaexpress,https://cdn.shopify.com/s/files/1/0088/1937/6188/files/Pressed_Mineral_Foundation_New_Teal__Light_beige.jpg,FC-19023535,813419023535,"Colorescience Natural Finish Pressed Foundation SPF 20 Light Beige (“All Dolled Up”) 12 g"
bp-dermaexpress-8809598455672,dermaexpress,https://cdn.shopify.com/s/files/1/0088/1937/6188/files/AP10OL20_1.jpg,FC-98455672,8809598455672,"COSRX Master Patch Original Fit Parches para acné 24 pzas"
bp-dermaexpress-3282770392371,dermaexpress,https://cdn.shopify.com/s/files/1/0088/1937/6188/files/3282770392371_1.jpg,FC-70392371,3282770392371,"Ducray ds crema calmante antiescamas 40ml."
bp-dermaexpress-8809598451490,dermaexpress,https://cdn.shopify.com/s/files/1/0088/1937/6188/files/SC10PF01_1.jpg,FC-98451490,8809598451490,"COSRX Pure Fit Cica Toner Tónico con CICA 150 ml"
bp-dermaexpress-8050519684149,dermaexpress,https://cdn.shopify.com/s/files/1/0088/1937/6188/files/8050519684149_2.jpg,FC-19684149,8050519684149,"KORFF Skin Booster Corrector Iluminador 6.5 ml"
bp-dermaexpress-8050519684750,dermaexpress,https://cdn.shopify.com/s/files/1/0088/1937/6188/files/8050519684750.jpg,FC-19684750,8050519684750,"KORFF Cure Make Up Base Ultra Mate SPF 30 Larga Duración 30 ml – Tono 04"
bp-dermaexpress-8050519684767,dermaexpress,https://cdn.shopify.com/s/files/1/0088/1937/6188/files/8050519684767_resized.jpg,FC-19684767,8050519684767,"KORFF Cure Make Up Base Ultra Mate SPF 30 Larga Duración 30 ml – Tono 05"
bp-dermaexpress-8050519683296,dermaexpress,https://cdn.shopify.com/s/files/1/0088/1937/6188/files/8050519683296.jpg,FC-19683296,8050519683296,"KORFF Corrector Líquido de Larga Duración 03 – 2.8 ml"
bp-dermaexpress-8050519682633,dermaexpress,https://cdn.shopify.com/s/files/1/0088/1937/6188/files/8050519682633.jpg,FC-19682633,8050519682633,"KORFF Cure Make Up Stick Blush 8 g – Tono 1"
bp-dermaexpress-8050519683586,dermaexpress,https://cdn.shopify.com/s/files/1/0088/1937/6188/files/8050519683586.jpg,FC-19683586,8050519683586,"KORFF Máscara Prodigious Todo En Uno 14 ml"
bp-dermaexpress-8050519680196,dermaexpress,https://cdn.shopify.com/s/files/1/0088/1937/6188/files/8050519680196.jpg,FC-19680196,8050519680196,"KORFF Base de Maquillaje Fluida con Efecto Lifting 30 ml – Tono 05"
bp-dermaexpress-8050519682510,dermaexpress,https://cdn.shopify.com/s/files/1/0088/1937/6188/files/8050519682510.jpg,FC-19682510,8050519682510,"KORFF Máscara Water‑Proof 9 ml."
bp-dermaexpress-8050519684583,dermaexpress,https://cdn.shopify.com/s/files/1/0088/1937/6188/files/8050519683586_a80301f9-eb2f-4719-b325-c433e15d04e0.jpg,FC-19684583,8050519684583,"KORFF Máscara Iconic Volume 9.1 ml"
bp-dermaexpress-8050519682862,dermaexpress,https://cdn.shopify.com/s/files/1/0088/1937/6188/files/8050519682862.jpg,FC-19682862,8050519682862,"KORFF Base de Maquillaje Fluida con Efecto Lifting 30 ml – Tono 04"
bp-dermaexpress-8050519682565,dermaexpress,https://cdn.shopify.com/s/files/1/0088/1937/6188/files/8050519682565.jpg,FC-19682565,8050519682565,"KORFF Base de Maquillaje Fluida con Efecto Lifting 30 ml – Tono 03"
bp-dermaexpress-8050519682640,dermaexpress,https://cdn.shopify.com/s/files/1/0088/1937/6188/files/8050519682640.jpg,FC-19682640,8050519682640,"KORFF Cure Make Up Stick Blush 8 g – Tono 2 Tono 2"
bp-dermaexpress-80505196826332,dermaexpress,https://cdn.shopify.com/s/files/1/0088/1937/6188/files/8050519682640.jpg,FC-96826332,80505196826332,"KORFF Cure Make Up Stick Blush 8 g – Tono 2 Tono 1"
bp-dermaexpress-8050519683920,dermaexpress,https://cdn.shopify.com/s/files/1/0088/1937/6188/files/8050519683920.jpg,FC-19683920,8050519683920,"KORFF Supreme Pro Antiarrugas y Reestructurante 50 ml"
bp-dermaexpress-8050519684156,dermaexpress,https://cdn.shopify.com/s/files/1/0088/1937/6188/files/8050519684156.jpg,FC-19684156,8050519684156,"KORFF Antiage GLY Exfoliante Líquido 100 ml"
bp-dermaexpress-8050519684187,dermaexpress,https://cdn.shopify.com/s/files/1/0088/1937/6188/files/8050519684187.jpg,FC-19684187,8050519684187,"KORFF 365 Sun Repair Fluido Facial Calmante y Reparador SPF 50+ 40 ml"
bp-dermaexpress-8050519683418,dermaexpress,https://cdn.shopify.com/s/files/1/0088/1937/6188/files/8050519683418.jpg,FC-19683418,8050519683418,"KORFF Desmaquillante Bifásico Essential 150 ml"
bp-dermaexpress-8050519683890,dermaexpress,https://cdn.shopify.com/s/files/1/0088/1937/6188/files/8050519683890.jpg,FC-19683890,8050519683890,"KORFF Serum Facial Despigmentante AA-PE 30 ml"
bp-dermaexpress-8050519680110,dermaexpress,https://cdn.shopify.com/s/files/1/0088/1937/6188/files/8050519680110.jpg,FC-19680110,8050519680110,"KORFF Sun Secret Fluido Facial Anti-Manchas SPF 50+ 50 ml"
bp-dermaexpress-8050519683517,dermaexpress,https://cdn.shopify.com/s/files/1/0088/1937/6188/files/8050519683517.jpg,FC-19683517,8050519683517,"KORFF Eye Zone Contorno de Ojos Bolsas y Ojeras 15 ml"
bp-dermaexpress-8050519683425,dermaexpress,https://cdn.shopify.com/s/files/1/0088/1937/6188/files/8050519683425.jpg,FC-19683425,8050519683425,"KORFF Essential Gel Limpiador Purificante 200 ml"
bp-dermaexpress-8050519683746,dermaexpress,https://cdn.shopify.com/s/files/1/0088/1937/6188/files/8050519683746.jpg,FC-19683746,8050519683746,"KORFF Gel Crema Facial Lifting 40-76 50 ml"
bp-dermaexpress-8050519680134,dermaexpress,https://cdn.shopify.com/s/files/1/0088/1937/6188/files/8050519680134.jpg,FC-19680134,8050519680134,"KORFF Sun Secret Anti-Age Protección Antimanchas Fluido Facial Efecto Mate SPF 50+."
bp-dermaexpress-8050519683883,dermaexpress,https://cdn.shopify.com/s/files/1/0088/1937/6188/files/8050519683883.jpg,FC-19683883,8050519683883,"KORFF Serum Facial Purificante NC-DG 30 ml."
bp-dermaexpress-8050519683876,dermaexpress,https://cdn.shopify.com/s/files/1/0088/1937/6188/files/8050519683876.jpg,FC-19683876,8050519683876,"KORFF Serum Facial Biorevitalizante Con Ácido Hialurónico 30 ml"
bp-dermaexpress-8050519684392,dermaexpress,https://cdn.shopify.com/s/files/1/0088/1937/6188/files/8050519684392.jpg,FC-19684392,8050519684392,"KORFF Intense Barrier Calmante y Reparadora 50 ml"
bp-dermaexpress-8050519684552,dermaexpress,https://cdn.shopify.com/s/files/1/0088/1937/6188/files/8050519684552.png,FC-19684552,8050519684552,"KORFF 365 Protection Antiage Matt Gel Crema SPF 50+ 40 ml"
bp-dermaexpress-8050519684200,dermaexpress,https://cdn.shopify.com/s/files/1/0088/1937/6188/files/8050519684200.jpg,FC-19684200,8050519684200,"KORFF 365 Protection Suero Facial Diario con Protección Solar SPF 50+ 30 ml"
bp-dermaexpress-8050519684170,dermaexpress,https://cdn.shopify.com/s/files/1/0088/1937/6188/files/8050519684170.jpg,FC-19684170,8050519684170,"KORFF Purifying SAL Exfoliante Líquido 100 ml"
bp-dermaexpress-8050519684613,dermaexpress,https://cdn.shopify.com/s/files/1/0088/1937/6188/files/8050519684613.png,FC-19684613,8050519684613,"KORFF Perfect Matt NC Matificante Antiedad e Imperfecciones 50 ml."
bp-dermaexpress-8050519683524,dermaexpress,https://cdn.shopify.com/s/files/1/0088/1937/6188/files/8050519683524_resized.jpg,FC-19683524,8050519683524,"KORFF Eyezone Lifting e Iluminador 15 ml"
bp-dermaexpress-8050519684996,dermaexpress,https://cdn.shopify.com/s/files/1/0088/1937/6188/files/8050519684996.jpg,FC-19684996,8050519684996,"KORFF Sérum Facial Colágeno Age Filler 30ml"
bp-dermaexpress-8050519683029,dermaexpress,https://cdn.shopify.com/s/files/1/0088/1937/6188/files/8050519683029.jpg,FC-19683029,8050519683029,"KORFF Collagen Age Filler Face Cream 50ml."
bp-dermaexpress-8050519683531,dermaexpress,https://cdn.shopify.com/s/files/1/0088/1937/6188/files/8050519683531_1.png,FC-19683531,8050519683531,"KORFF Eyezone Antiarrugas e Hidratante 15ml"
bp-dermaexpress-8050519686235,dermaexpress,https://cdn.shopify.com/s/files/1/0088/1937/6188/files/8050519686235.jpg,FC-19686235,8050519686235,"KORFF Collagen Age Filler Ampolletas"
bp-dermaexpress-3282770398021,dermaexpress,https://cdn.shopify.com/s/files/1/0088/1937/6188/files/3282770398021_1.jpg,FC-70398021,3282770398021,"Avene Cleanance Barra Limpiadora Purificante para piel grasa 100 gr"
bp-dermaexpress-3282770398700,dermaexpress,https://cdn.shopify.com/s/files/1/0088/1937/6188/files/3282770398700_1.jpg,FC-70398700,3282770398700,"Aderma Epitheliale Ultra Repair Crema Reparadora Antimarcas SPF50+ 40 gr"
bp-dermaexpress-3282770393712,dermaexpress,https://cdn.shopify.com/s/files/1/0088/1937/6188/files/3282770393712_1.jpg,FC-70393712,3282770393712,"Aderma Epitheliale Ultra Repair Bálsamo Hidratante 50 gr"
bp-dermaexpress-3282770397079,dermaexpress,https://cdn.shopify.com/s/files/1/0088/1937/6188/files/3282770397079_1.jpg,FC-70397079,3282770397079,"Avene Leche Protector Solar Niños SPF50+ 250 ml"
bp-dermaexpress-3282770155112,dermaexpress,https://cdn.shopify.com/s/files/1/0088/1937/6188/files/3282770155112_1.jpg,FC-70155112,3282770155112,"Ducray Creastim Loción Anticaída de Cabello 60 ml"
bp-dermaexpress-3701129812129,dermaexpress,https://cdn.shopify.com/s/files/1/0088/1937/6188/files/3701129812129_1.avif,FC-29812129,3701129812129,"Bioderma Sensibio H2O Agua micelar desmaquillante y calmante edición bomba inversa 500 ml"
bp-dermaexpress-3701129811399,dermaexpress,https://cdn.shopify.com/s/files/1/0088/1937/6188/files/3701129811399.jpg,FC-29811399,3701129811399,"Bioderma Cicabio Arnica+ crema calmante y reparadora 40 ml"
bp-dermaexpress-3701129807385,dermaexpress,https://cdn.shopify.com/s/files/1/0088/1937/6188/files/3701129807385.jpg,FC-29807385,3701129807385,"Bioderma Photoderm Aquafluide protector solar neutro SPF50+ 40 ml"
bp-dermaexpress-3701129807392,dermaexpress,https://cdn.shopify.com/s/files/1/0088/1937/6188/files/3701129807392.jpg,FC-29807392,3701129807392,"Bioderma Photoderm Aquafluide protector solar con color claro SPF50+ 40 ml"
bp-dermaexpress-3701129812044,dermaexpress,https://cdn.shopify.com/s/files/1/0088/1937/6188/files/3701129812044_1.avif,FC-29812044,3701129812044,"Bioderma Sensibio H2O Eye desmaquillante bifásico para ojos y labios 125 ml"
bp-dermaexpress-3701129807248,dermaexpress,https://cdn.shopify.com/s/files/1/0088/1937/6188/files/3701129807248.jpg,FC-29807248,3701129807248,"Bioderma Photoderm Spray protector solar SPF50+ 300 ml"
bp-dermaexpress-7501258215336,dermaexpress,https://cdn.shopify.com/s/files/1/0088/1937/6188/files/CICA_COMBO_15_2000x_1024x_e8ef54f3-d2e7-4883-a8e2-8c8aadb32e28.webp,FC-58215336,7501258215336,"Advaita Cicadona Crema corrección y restauración de cicatrices 15 gr"
bp-dermaexpress-7501258214834,dermaexpress,https://cdn.shopify.com/s/files/1/0088/1937/6188/files/Cicadona-Crema-Tubo-40Gr.jpg,FC-58214834,7501258214834,"Advaita Cicadona Crema corrección y restauración de cicatrices 40 gr"
bp-dermaexpress-5201279102425,dermaexpress,https://cdn.shopify.com/s/files/1/0088/1937/6188/files/5201279102425.jpg,FC-79102425,5201279102425,"Apivita Hyalu Hydra Mascarilla hidratante para cabello seco o dañado 200 ml"
bp-dermaexpress-5201279102388,dermaexpress,https://cdn.shopify.com/s/files/1/0088/1937/6188/files/5201279102388.jpg,FC-79102388,5201279102388,"Apivita Hyalu Hydra shampoo hidratante para cabello seco o dañado 250 ml"
bp-dermaexpress-7509552938777,dermaexpress,https://cdn.shopify.com/s/files/1/0088/1937/6188/files/7509552938777.avif,FC-52938777,7509552938777,"Vichy kit-normaderm probio-bha serum anti-imperfecciones 30ml+probiotic 5ml+capital soleil uv clear spf50+ 3ml"
bp-dermaexpress-3337875905633,dermaexpress,https://cdn.shopify.com/s/files/1/0088/1937/6188/files/Diseno_sin_titulo_11_c8ef08d6-b8f4-4612-bd2d-ade85b8bf75f.png,FC-75905633,3337875905633,"CeraVe Loción Hidratante Refill 473 ml"
bp-dermaexpress-3337875905596,dermaexpress,https://cdn.shopify.com/s/files/1/0088/1937/6188/files/Diseno_sin_titulo_11_1111.png,FC-75905596,3337875905596,"Cerave Gel Espumoso Refill (16 oz) Limpiador para piel normal a grasa 473 ml"
bp-dermaexpress-3337875918534,dermaexpress,https://cdn.shopify.com/s/files/1/0088/1937/6188/files/3337875918534_2.jpg,FC-75918534,3337875918534,"Vichy Liftactiv Pigment Specialist B3 Contorno de ojos antimanchas SPF50+ 15 ml"
bp-dermaexpress-3337875894333,dermaexpress,https://cdn.shopify.com/s/files/1/0088/1937/6188/files/3337875894333_1_8f7c6c17-1ca1-4e9f-afd5-55ef8f17d905.jpg,FC-75894333,3337875894333,"La Roche Posay Effaclar Dermatologic Foaming Bar 65 g"
bp-dermaexpress-3337875920742,dermaexpress,https://cdn.shopify.com/s/files/1/0088/1937/6188/files/3337875920742_01.jpg,FC-75920742,3337875920742,"La Roche-Posay Effaclar A.Z Gel-Crema Anti-imperfecciones 40 ml"
bp-dermaexpress-7509552973792,dermaexpress,https://cdn.shopify.com/s/files/1/0088/1937/6188/files/7509552973792_01.jpg,FC-52973792,7509552973792,"La Roche-Posay Kit Effaclar Duo+M 40 ml + Effaclar Gel Limpiador +M 50 ml + Anthelios UV Mune 400 FPS 50+ Oil Control Fluido 3 ml"
bp-dermaexpress-7509552973594,dermaexpress,https://cdn.shopify.com/s/files/1/0088/1937/6188/files/7509552973594_01.jpg,FC-52973594,7509552973594,"La Roche-Posay Kit Effaclar Ultra Concentrated Sérum 30 ml + Effaclar Gel Limpiador +M 50 ml + Hyalu B5 Sérum 10 ml + Anthelios UV Mune 400 FPS 50+ Oil Control Fluido 3 ml"
bp-dermaexpress-7897930778801,dermaexpress,https://cdn.shopify.com/s/files/1/0088/1937/6188/files/7897930778801_1.avif,FC-30778801,7897930778801,"Cetaphil Desmaquillante bifásico oil free 177 ml"
bp-dermaexpress-3282779433570,dermaexpress,https://cdn.shopify.com/s/files/1/0088/1937/6188/files/3282779433570_1.jpg,FC-79433570,3282779433570,"Avene Kit Cleanance Sérum 30ml + Cleanance Gel 100ml + UltraFluid 2ml  Rutina Piel Grasa"
bp-dermaexpress-3282779430845,dermaexpress,https://cdn.shopify.com/s/files/1/0088/1937/6188/files/3282779430845_1.jpg,FC-79430845,3282779430845,"Avene Kit Cleanance Gel 400ml + Cleanance Gel 100ml para Piel Grasa"
bp-dermaexpress-3282770396331,dermaexpress,https://cdn.shopify.com/s/files/1/0088/1937/6188/files/3282770396331_1.jpg,FC-70396331,3282770396331,"Avene Protector Solar Corporal FPS+50 en Spray 200ml"
bp-dermaexpress-810168640649,dermaexpress,https://cdn.shopify.com/s/files/1/0088/1937/6188/files/Glow-balms.jpg,FC-68640649,810168640649,"Colorescience Total Protection Color Balm SPF50 Color Glow 9 gr"
bp-dermaexpress-810168640730,dermaexpress,https://cdn.shopify.com/s/files/1/0088/1937/6188/files/savanna-balms.jpg,FC-68640730,810168640730,"Colorescience Total Protection Color Balm SPF50 Color Savanna 9 gr"
bp-dermaexpress-7506307519380,dermaexpress,https://cdn.shopify.com/s/files/1/0088/1937/6188/files/7506307519380.jpg,FC-07519380,7506307519380,"Bioderma Kit Photoderm Xdefense Neutro 40ml+Sensibio Gel Moussant 100ml."
bp-dermaexpress-3701129800553,dermaexpress,https://cdn.shopify.com/s/files/1/0088/1937/6188/files/bd-bdr-1105-0-bioderma-pigmentbio-foaming-cream-500ml-1594051433.jpg,FC-29800553,3701129800553,"Bioderma Pigmentbio Foaming Crema limpiadora despigmentante 500 ml"
bp-dermaexpress-7502003560237,dermaexpress,https://cdn.shopify.com/s/files/1/0088/1937/6188/files/7502003560237.jpg,FC-03560237,7502003560237,"Cetaphil Sérum de ceramidas 30 ml"
bp-dermaexpress-3701129811467,dermaexpress,https://cdn.shopify.com/s/files/1/0088/1937/6188/files/3701129811467_1.avif,FC-29811467,3701129811467,"Bioderma Sensibio Eye Crema hidratante para contorno de ojos 15 ml"
bp-dermaexpress-7506307519809,dermaexpress,https://cdn.shopify.com/s/files/1/0088/1937/6188/files/7506307519809.jpg,FC-07519809,7506307519809,"Bioderma Kit Sebium Gel Moussant 100ml.+ Sebium Gel Moussant 200ml."
bp-dermaexpress-3282779435185,dermaexpress,https://cdn.shopify.com/s/files/1/0088/1937/6188/files/3282779435185_1.jpg,FC-79435185,3282779435185,"Avene Kit Protector Solar Ultra Fluid Oil Control Ultra Mat FPS50 50ml + Cleanance Gel Limpiador 100ml"
bp-dermaexpress-3282779435178,dermaexpress,https://cdn.shopify.com/s/files/1/0088/1937/6188/files/3282779435178_1.jpg,FC-79435178,3282779435178,"Avene Kit Protector Solar Ultra Fluid Oil Control Mat Perfect FPS50 + Cleanance Gel Limpiador"
bp-dermaexpress-3760201234990,dermaexpress,https://cdn.shopify.com/s/files/1/0088/1937/6188/files/3760201234990.avif,FC-01234990,3760201234990,"Etat Pur Bakuchiol 0.5% 15ml."
bp-dermaexpress-810168640563,dermaexpress,https://cdn.shopify.com/s/files/1/0088/1937/6188/files/Disenosintitulo_53_2_2a0f06fa-8295-4bc4-a3a1-614e907651a2.png,FC-68640563,810168640563,"Colorescience Face Shield Flex SPF50 Light 55 ml"
bp-dermaexpress-3282770398168,dermaexpress,https://cdn.shopify.com/s/files/1/0088/1937/6188/files/3282770398168_1.png,FC-70398168,3282770398168,"Ducray Anaphase Shampoo anticaída ocasional para el cabello 200 ml"
bp-dermaexpress-3282770398199,dermaexpress,https://cdn.shopify.com/s/files/1/0088/1937/6188/files/3282770398199_1_b20a3677-6bdc-4dcb-a5a2-ecac404ab3a1.png,FC-70398199,3282770398199,"Ducray Anaphase Acondicionador fortificante anticaída 200 ml"
bp-dermaexpress-7502003560244,dermaexpress,https://cdn.shopify.com/s/files/1/0088/1937/6188/files/7502003560244.jpg,FC-03560244,7502003560244,"Cetaphil Sérum de vitamina C antimanchas 30 ml"
bp-dermaexpress-813419028134,dermaexpress,https://cdn.shopify.com/s/files/1/0088/1937/6188/files/blush_1.png,FC-19028134,813419028134,"Colorescience Total Protection Color Balm SPF50 Color Pink Sky 9 gr"
bp-dermaexpress-813419029131,dermaexpress,https://cdn.shopify.com/s/files/1/0088/1937/6188/files/caja-total-lash.jpg,FC-19029131,813419029131,"Colorescience Total Lash Máscara Black. Mascara de pestañas color negro 8 ml."
bp-dermaexpress-3499320017527,dermaexpress,https://cdn.shopify.com/s/files/1/0088/1937/6188/files/3499320017527_1.jpg,FC-20017527,3499320017527,"Cetaphil SA Loción hidratante renovadora antirugosidades rostro y cuerpo 473 ml"
bp-dermaexpress-3499320017176,dermaexpress,https://cdn.shopify.com/s/files/1/0088/1937/6188/files/3499320017176_1.jpg,FC-20017176,3499320017176,"Cetaphil Loción hidratante antirugosidad  236 ml"
bp-dermaexpress-3499320017183,dermaexpress,https://cdn.shopify.com/s/files/1/0088/1937/6188/files/3499320017183_1.jpg,FC-20017183,3499320017183,"Cetaphil SA Gel limpiador exfoliante suave renovador 236 ml"
bp-dermaexpress-3499320017534,dermaexpress,https://cdn.shopify.com/s/files/1/0088/1937/6188/files/3499320017534_3.avif,FC-20017534,3499320017534,"Cetaphil SA Gel limpiador exfoliante renovador rostro y cuerpo 473 ml"
bp-dermaexpress-850920002017,dermaexpress,https://cdn.shopify.com/s/files/1/0088/1937/6188/files/MEG21-AF.jpg,FC-20002017,850920002017,"Meg 21 - Advanced Treatment - Tratamiento Avanzado 50gr."
bp-dermaexpress-850920002000,dermaexpress,https://cdn.shopify.com/s/files/1/0088/1937/6188/files/MEG21-FT.jpg,FC-20002000,850920002000,"Meg 21 - Face Treatment - Tratamiento Facial 50gr."
bp-dermaexpress-850920002031,dermaexpress,https://cdn.shopify.com/s/files/1/0088/1937/6188/files/MEG21-ET.jpg,FC-20002031,850920002031,"Meg 21 - Eye Treatment - Tratamiento de ojos 15gr."
bp-dermaexpress-813419028141,dermaexpress,https://cdn.shopify.com/s/files/1/0088/1937/6188/files/violet-product.jpg,FC-19028141,813419028141,"Colorescience Total Protection Color Balm SPF50 Color Violet Haze 9 gr"
bp-dermaexpress-813419028158,dermaexpress,https://cdn.shopify.com/s/files/1/0088/1937/6188/files/golden-product.jpg,FC-19028158,813419028158,"Colorescience Total Protection Color Balm SPF50 Color Golden Hour 9 gr"
bp-dermaexpress-7502002462525,dermaexpress,https://cdn.shopify.com/s/files/1/0088/1937/6188/files/SkindrySensitive20ml.jpg,FC-02462525,7502002462525,"Farmapiel Skindry Sens 20ml"
bp-dermaexpress-358892134502,dermaexpress,https://cdn.shopify.com/s/files/1/0088/1937/6188/files/TMS-TONO-4-PRODUCTO.jpg,FC-92134502,358892134502,"Tizo Sérum facial hidratante con FPS y color tono medium deep 50 gr"
bp-dermaexpress-358892133505,dermaexpress,https://cdn.shopify.com/s/files/1/0088/1937/6188/files/TMS-TONO-3-PRODUCTO_53c3f08c-4022-4998-95a5-8cf9891bf39d.jpg,FC-92133505,358892133505,"Tizo Sérum facial hidratante con FPS y color tono medium 50 g"
bp-dermaexpress-358892135509,dermaexpress,https://cdn.shopify.com/s/files/1/0088/1937/6188/files/TMS-TONO-5-PRODUCTO.jpg,FC-92135509,358892135509,"Tizo Sérum Facial Hidratante con FPS y Color Tono Deep 50gr"
bp-dermaexpress-358892132508,dermaexpress,https://cdn.shopify.com/s/files/1/0088/1937/6188/files/TMS-TONO-2-PRODUCTO_1396fbd4-acfd-4ce8-837a-f85c0e0b5307.jpg,FC-92132508,358892132508,"Tizo Sérum facial hidratante con FPS y color tono light medium 50 gr"
bp-dermaexpress-358892131501,dermaexpress,https://cdn.shopify.com/s/files/1/0088/1937/6188/files/TMS-TONO-1-PRODUCTO.jpg,FC-92131501,358892131501,"Tizo Sérum facial hidratante con FPS y color tono light 50 gr"
bp-dermaexpress-813419027212,dermaexpress,https://cdn.shopify.com/s/files/1/0088/1937/6188/files/Disenosintitulo-2025-05-30T134607.459.png,FC-19027212,813419027212,"Colorescience Total Protection™ Sport Stick Twin Pack SPF 50. 2 piezas 18gr."
bp-dermaexpress-3760269771574,dermaexpress,https://cdn.shopify.com/s/files/1/0088/1937/6188/files/3760269771574.png,FC-69771574,3760269771574,"Isispharma Uveblock Sun Sérum 28 ml"
bp-dermaexpress-3282770396881,dermaexpress,https://cdn.shopify.com/s/files/1/0088/1937/6188/files/3282770396881_1.jpg,FC-70396881,3282770396881,"Avene Protector Solar Leche para adultos FPS50+ 250 ml"
bp-dermaexpress-7509552972726,dermaexpress,https://cdn.shopify.com/s/files/1/0088/1937/6188/files/7509552971491_1.webp,FC-52972726,7509552972726,"La Roche-Posay Kit Anthelios UVMune 400 Oil Control con Color 50 ml + Effaclar Gel Moussant 50 ml + Agua Termal 50 ml"
bp-dermaexpress-4006000014395,dermaexpress,https://cdn.shopify.com/s/files/1/0088/1937/6188/files/Diseno_sin_titulo_3_d7a8c696-0eed-4faa-a57d-a611144d306a.png,FC-00014395,4006000014395,"Eucerin Anti-Pigment Crema Corporal Exfoliante Anti-manchas 200 ml"
bp-dermaexpress-7509552972733,dermaexpress,https://cdn.shopify.com/s/files/1/0088/1937/6188/files/LAROCHEPOSAYKITFLUIDOOIL.webp,FC-52972733,7509552972733,"La Roche-Posay Kit Anthelios UVMUNE 400 Oil Control + Effaclar Gel Moussant + Effaclar Serum"
bp-dermaexpress-3337875916998,dermaexpress,https://cdn.shopify.com/s/files/1/0088/1937/6188/files/vichy-mineral89-melatonin-night-cream-website-pdp-mosaic-1_1_-_copia.webp,FC-75916998,3337875916998,"Vichy Minéral 89 Melatonina Crema reparadora de noche 50 ml"
bp-dermaexpress-3282770390513,dermaexpress,https://cdn.shopify.com/s/files/1/0088/1937/6188/files/3282770390513_8.jpg,FC-70390513,3282770390513,"Darrow Actine Aquaforce Gel hidratante 40 gr"
bp-dermaexpress-7640137419004,dermaexpress,https://cdn.shopify.com/s/files/1/0088/1937/6188/files/16466452067751119-removebg-preview.png,FC-37419004,7640137419004,"Vitilsi Gel regulador 40 gr"
bp-dermaexpress-7506307518628,dermaexpress,https://cdn.shopify.com/s/files/1/0088/1937/6188/files/7506307518628.jpg,FC-07518628,7506307518628,"Bipack Bioderma - Pigmentbio Sensitive Areas 75ml."
bp-dermaexpress-7506307518802,dermaexpress,https://cdn.shopify.com/s/files/1/0088/1937/6188/files/7506307518802.jpg,FC-07518802,7506307518802,"Tripack Bioderma - Atoderm Barra Dermolimpiadora"
bp-dermaexpress-3282770207774,dermaexpress,https://cdn.shopify.com/s/files/1/0088/1937/6188/files/Diseno_sin_titulo_1_cc4b8af3-ef03-4c89-90a2-150405b96082.png,FC-70207774,3282770207774,"Avene Cleanance Gel limpiador para piel sensible con tendencia acneica 400 ml"
bp-dermaexpress-3760269771314,dermaexpress,https://cdn.shopify.com/s/files/1/0088/1937/6188/products/TeenDerm_-pure.jpg,FC-69771314,3760269771314,"Isispharma Teen Derm Alpha Pure Tratamiento intenso anti-imperfecciones para piel grasa 30 ml"
bp-dermaexpress-3661434006968,dermaexpress,https://cdn.shopify.com/s/files/1/0088/1937/6188/files/3661434006968_1.jpg,FC-34006968,3661434006968,"Uriage Xemose bálsamo corporal piel seca y atópica 500 ml"
bp-dermaexpress-3661434009495,dermaexpress,https://cdn.shopify.com/s/files/1/0088/1937/6188/files/3661434009495_1.jpg,FC-34009495,3661434009495,"Uriage Bariésun Fluido solar spf50+ Ultra ligero 30 ml"
bp-dermaexpress-8436574364460,dermaexpress,https://cdn.shopify.com/s/files/1/0088/1937/6188/files/H360Acnimat_1.jpg,FC-74364460,8436574364460,"Cantabria Labs Heliocare 360° Acnimat Crema FPS50+ 50 ml"
bp-dermaexpress-8470002147102,dermaexpress,https://cdn.shopify.com/s/files/1/0088/1937/6188/files/H360Sensation-1.jpg,FC-02147102,8470002147102,"Cantabria Labs Heliocare 360° Sensation Protector solar FPS50+ 50 ml"
bp-dermaexpress-8470001592453,dermaexpress,https://cdn.shopify.com/s/files/1/0088/1937/6188/files/H360AdvancedGel-1.jpg,FC-01592453,8470001592453,"Cantabria Labs Heliocare 360° Advanced Gel Protector solar FPS50+ 250 ml"
bp-dermaexpress-3661434033353,dermaexpress,https://cdn.shopify.com/s/files/1/0088/1937/6188/files/3661434033353_KITBARIESUNULTRAFLUIDOSPF50_30ML_EAUTHERMALMASCARILLA50ML.jpg,FC-34033353,3661434033353,"Uriage Kit Bariésun Ultrafluido SPF50+ 30ml + Eau Thermal Mascarilla 50ml"
bp-dermaexpress-3661434033346,dermaexpress,https://cdn.shopify.com/s/files/1/0088/1937/6188/files/3661434033346_KITBARIESUNFLUIDOANTIMANCHASSPF50_40ML_AGEABSOLUCRDIA15ML.jpg,FC-34033346,3661434033346,"Uriage Kit Bariésun Fluido Antimanchas SPF50+ 40ml + Age Absolu CR día 15ml"
bp-dermaexpress-3661434033315,dermaexpress,https://cdn.shopify.com/s/files/1/0088/1937/6188/files/3661434033315_KIT_BARIESUN_FLUIDO_MAT_SPF50_50ML_HYSEAC_GEL_LIMPIADOR_50ML.jpg,FC-34033315,3661434033315,"Uriage Kit Bariésun Fluido Mat SPF50+ 50ml + Hyseac Gel Limpiador 50ml"
bp-dermaexpress-3661434023484,dermaexpress,https://cdn.shopify.com/s/files/1/0088/1937/6188/files/3661434008511_1.jpg,FC-34023484,3661434023484,"Uriage Roséliane CC cream spf50+ Antirojeces tono claro 40 ml"
bp-dermaexpress-3701129813614,dermaexpress,https://cdn.shopify.com/s/files/1/0088/1937/6188/files/3701129813614.jpg,FC-29813614,3701129813614,"Bioderma Photoderm Xdefense Protector solar facial tono Neutro 40 ml"
bp-dermaexpress-8429420181113,dermaexpress,https://cdn.shopify.com/s/files/1/0088/1937/6188/files/8429420181113.jpg,FC-20181113,8429420181113,"Isdin Babynaturals First Teeth Gel protector para encías del bebé 30 ml"
bp-dermaexpress-3282770391008,dermaexpress,https://cdn.shopify.com/s/files/1/0088/1937/6188/files/3282770391008.jpg,FC-70391008,3282770391008,"Aderma Dermalibour+ Crema barrera protectora 50 ml"
bp-dermaexpress-3701129813621,dermaexpress,https://cdn.shopify.com/s/files/1/0088/1937/6188/files/3701129813621.jpg,FC-29813621,3701129813621,"Bioderma Photoderm Xdefense Protector solar facial tono muy claro 40 ml"
bp-dermaexpress-3701129813638,dermaexpress,https://cdn.shopify.com/s/files/1/0088/1937/6188/files/3701129813638.jpg,FC-29813638,3701129813638,"Bioderma Photoderm Xdefense FPS50+ Protector solar facial tono Claro 40 ml"
bp-dermaexpress-3701129813645,dermaexpress,https://cdn.shopify.com/s/files/1/0088/1937/6188/files/3701129813645.jpg,FC-29813645,3701129813645,"Bioderma Photoderm Xdefense FPS50+ Protector solar facial tono Dorado 40 ml"
bp-dermaexpress-3701129813652,dermaexpress,https://cdn.shopify.com/s/files/1/0088/1937/6188/files/3701129813652.jpg,FC-29813652,3701129813652,"Bioderma Photoderm Xdefense Protector solar facial tono Bronce 40 ml"
bp-dermaexpress-3401399373527,dermaexpress,https://cdn.shopify.com/s/files/1/0088/1937/6188/products/3401399373527_1639f2d2-0c98-48b6-a510-c175b93e9997.jpg,FC-99373527,3401399373527,"Bioderma Atoderm Intensive Barra limpiadora antibacterial 150 gr"
bp-dermaexpress-3504108090743,dermaexpress,https://cdn.shopify.com/s/files/1/0088/1937/6188/files/3504108090743_1.jpg,FC-08090743,3504108090743,"Mustela Jabón en Barra para Piel Normal 100 gr"
bp-dermaexpress-3504105041458,dermaexpress,https://cdn.shopify.com/s/files/1/0088/1937/6188/files/3504105041458_1.jpg,FC-05041458,3504105041458,"Mustela Toallitas Húmedas Compostables 60 pz"
bp-dermaexpress-3504105037970,dermaexpress,https://cdn.shopify.com/s/files/1/0088/1937/6188/files/3504105037970_1.jpg,FC-05037970,3504105037970,"Mustela Bio Orgánico Crema Hidratante 150 ml"
bp-dermaexpress-3504105037956,dermaexpress,https://cdn.shopify.com/s/files/1/0088/1937/6188/files/3504105037956_1.jpg,FC-05037956,3504105037956,"Mustela Bio Orgánico Gel de Baño 400 ml"
bp-dermaexpress-3504105037185,dermaexpress,https://cdn.shopify.com/s/files/1/0088/1937/6188/files/3504105037185_1.jpg,FC-05037185,3504105037185,"Mustela Bálsamo Universal 75 ml"
bp-dermaexpress-3504105036768,dermaexpress,https://cdn.shopify.com/s/files/1/0088/1937/6188/files/3504105036768_1.jpg,FC-05036768,3504105036768,"Mustela Protector Solar Facial SPF50+ 40 ml"
bp-dermaexpress-3504105036751,dermaexpress,https://cdn.shopify.com/s/files/1/0088/1937/6188/files/3504105036751_1.jpg,FC-05036751,3504105036751,"Mustela Protector Solar en Spray 200ml."
bp-dermaexpress-3504105035815,dermaexpress,https://cdn.shopify.com/s/files/1/0088/1937/6188/files/3504105035815_1.jpg,FC-05035815,3504105035815,"Mustela Solución Limpiadora Sin Enjuague 300 ml"
bp-dermaexpress-3504105035532,dermaexpress,https://cdn.shopify.com/s/files/1/0088/1937/6188/files/3504105035532_1.jpg,FC-05035532,3504105035532,"Mustela Loción Corporal Cold Cream 200 ml"
bp-dermaexpress-3504105033828,dermaexpress,https://cdn.shopify.com/s/files/1/0088/1937/6188/files/3504105033828_1.jpg,FC-05033828,3504105033828,"Mustela Crema Prevención de Estrías 150 ml"
bp-dermaexpress-3504105033637,dermaexpress,https://cdn.shopify.com/s/files/1/0088/1937/6188/files/3504105033637_1.jpg,FC-05033637,3504105033637,"Mustela Stelatopia Gel Lavante 200 ml"
bp-dermaexpress-3504105025816,dermaexpress,https://cdn.shopify.com/s/files/1/0088/1937/6188/files/3504105025816_1.jpg,FC-05025816,3504105025816,"Mustela Crema para Rozaduras 50 ml"
bp-dermaexpress-3701129806616,dermaexpress,https://cdn.shopify.com/s/files/1/0088/1937/6188/files/3701129806616.jpg,FC-29806616,3701129806616,"Bioderma Photoderm Bruma invisible FPS50+ Protector solar corporal 150 ml"
bp-dermaexpress-8431166260106,dermaexpress,https://cdn.shopify.com/s/files/1/0088/1937/6188/files/0106_1_1200x1200_750488aa-1d80-4a96-9bae-9e4f18cdfd71.jpg,FC-66260106,8431166260106,"Leti SR Serum anti-rojeces 30ml."
bp-dermaexpress-8431166260021,dermaexpress,https://cdn.shopify.com/s/files/1/0088/1937/6188/files/0021_1_1200x1200_5e9a391d-ad08-4021-8f5f-cddddcd79a0c.jpg,FC-66260021,8431166260021,"Leti SR Crema anti-rojeces 40ml."
bp-dermaexpress-8431166260137,dermaexpress,https://cdn.shopify.com/s/files/1/0088/1937/6188/files/0137_1_1200x1200_c6135173-411e-4a03-968a-54144cb9cc02.jpg,FC-66260137,8431166260137,"Leti SR agua micelar 200ml."
bp-dermaexpress-8431166181852,dermaexpress,https://cdn.shopify.com/s/files/1/0088/1937/6188/files/1852_1-1200x1200.jpg,FC-66181852,8431166181852,"Leti AT4 Multiprotect Loción corporal 100 ml"
bp-dermaexpress-8431166181418,dermaexpress,https://cdn.shopify.com/s/files/1/0088/1937/6188/files/1418_1-1200x1200.jpg,FC-66181418,8431166181418,"Leti AT4 Multiprotect crema facial 50ml."
bp-dermaexpress-3661434007835,dermaexpress,https://cdn.shopify.com/s/files/1/0088/1937/6188/files/3661434007835_1.jpg,FC-34007835,3661434007835,"Uriage Eau thermale Gel facial hidratante ultraligero 40 ml"
bp-dermaexpress-7502002462518,dermaexpress,https://cdn.shopify.com/s/files/1/0088/1937/6188/files/4-empaque.jpg,FC-02462518,7502002462518,"Farmapiel Skindry Antiperspirante solución 20 ml"
bp-dermaexpress-7509552971569,dermaexpress,https://cdn.shopify.com/s/files/1/0088/1937/6188/files/7509552971569_1.jpg,FC-52971569,7509552971569,"La Roche-Posay Kit Pure Vitamin C12 Sérum 30 ml + Hyalu B5 Sérum 10 ml + Anthelios UV Mune 400 FPS 50+ 3 ml + Effaclar Gel Moussant Purifiant 7 ml"
bp-dermaexpress-5201279082833,dermaexpress,https://cdn.shopify.com/s/files/1/0088/1937/6188/files/10-10-08-181_1.webp,FC-79082833,5201279082833,"Apivita Shampoo anticaída para mujeres formato viaje 75 ml"
bp-dermaexpress-5201279099244,dermaexpress,https://cdn.shopify.com/s/files/1/0088/1937/6188/files/5201279099244_1.jpg,FC-79099244,5201279099244,"Apivita Just Bee Clear Limpiador purificante para piel grasa 200ml."
bp-dermaexpress-5201279097981,dermaexpress,https://cdn.shopify.com/s/files/1/0088/1937/6188/files/5201279097981_1.jpg,FC-79097981,5201279097981,"Apivita Just Bee Clear Crema matificante 40 ml"
bp-dermaexpress-5201279085650,dermaexpress,https://cdn.shopify.com/s/files/1/0088/1937/6188/files/5201279085650_1.jpg,FC-79085650,5201279085650,"Apivita formato Viaje Shampoo con ácido hialurónico 75ml."
bp-dermaexpress-5201279082826,dermaexpress,https://cdn.shopify.com/s/files/1/0088/1937/6188/files/10-10-08-180_1.webp,FC-79082826,5201279082826,"Apivita formato Viaje Shampoo Anticaída para Hombres 75ml."
bp-dermaexpress-5201279079352,dermaexpress,https://cdn.shopify.com/s/files/1/0088/1937/6188/files/5201279079352_1.jpg,FC-79079352,5201279079352,"Apivita Shampoo natural suave con manzanilla y miel 250 ml"
bp-dermaexpress-5201279072827,dermaexpress,https://cdn.shopify.com/s/files/1/0088/1937/6188/files/5201279072827_1.jpg,FC-79072827,5201279072827,"Apivita Espuma limpiadora facial formato viaje 75 ml"
bp-dermaexpress-3661434006159,dermaexpress,https://cdn.shopify.com/s/files/1/0088/1937/6188/files/3661434006159_1.jpg,FC-34006159,3661434006159,"Uriage Bariederm-cica Crema reparadora cobre-zinc 15 ml"
bp-dermaexpress-3661434003691,dermaexpress,https://cdn.shopify.com/s/files/1/0088/1937/6188/files/3661434003691_1.jpg,FC-34003691,3661434003691,"Uriage Desmaquillante de ojos waterproof bifásico 100 ml"
bp-dermaexpress-788115725093,dermaexpress,https://cdn.shopify.com/s/files/1/0088/1937/6188/files/01_d77e2c41-8be2-42c3-a68d-41aff40359cc.jpg,FC-15725093,788115725093,"Envera Rellenable Protector Solar con Color Medium FPS50+ UVA/UVB PA++++ 50 ml"
bp-dermaexpress-781159932205,dermaexpress,https://cdn.shopify.com/s/files/1/0088/1937/6188/files/01_771485cd-ec32-4cb9-968c-5e21b33de87f.jpg,FC-59932205,781159932205,"Envera Suero Facial Nutritivo 30 ml"
bp-dermaexpress-753153860419,dermaexpress,https://cdn.shopify.com/s/files/1/0088/1937/6188/files/01_5708c8bd-8404-4475-99ea-22f27fa77765.webp,FC-53860419,753153860419,"Envera Protector Solar FPS50+ UVA/UVB con color Medium 50 ml"
bp-dermaexpress-606110106436,dermaexpress,https://cdn.shopify.com/s/files/1/0088/1937/6188/files/01_7da4ce55-aba9-471f-87f1-5df1ceaf9073.jpg,FC-10106436,606110106436,"Envera Suero contorno de ojos 30 ml"
bp-dermaexpress-788115725024,dermaexpress,https://cdn.shopify.com/s/files/1/0088/1937/6188/files/1156ce63-a90e-4e70-8614-000b9529155e.jpg,FC-15725024,788115725024,"Envera Protector Solar en barra con color Peachy FPS50+ UVA/UVB PA++++ 50 ml"
bp-dermaexpress-606110106429,dermaexpress,https://cdn.shopify.com/s/files/1/0088/1937/6188/files/fe8ab2fc-1430-4915-9982-b5dea706feff.jpg,FC-10106429,606110106429,"Envera Crema de Noche 50 ml"
bp-dermaexpress-732013303013,dermaexpress,https://cdn.shopify.com/s/files/1/0088/1937/6188/files/732013303013.jpg,FC-13303013,732013303013,"Neostrata Skin Active Crema para Cuello y Escote 80 g"
bp-dermaexpress-7508006185538,dermaexpress,https://cdn.shopify.com/s/files/1/0088/1937/6188/files/581ae395-a0cb-4dcf-b2a1-3e23553cd879.jpg,FC-06185538,7508006185538,"Panalab Cuteral wash probiotic gel 240 ml"
bp-dermaexpress-3337871324759,dermaexpress,https://cdn.shopify.com/s/files/1/0088/1937/6188/files/20300902-dd9c-4985-a918-c1896d695f76.jpg,FC-71324759,3337871324759,"Vichy Dermablend compacto #45 gold Base de maquillaje en crema compacta 9.5 gr"
bp-dermaexpress-753153860372,dermaexpress,https://cdn.shopify.com/s/files/1/0088/1937/6188/files/19adccd8-6f98-4dd5-adf1-8ba0aa9150b2.jpg,FC-53860372,753153860372,"Envera Hydraboost Hidratante facial 50 ml"
bp-dermaexpress-3760269771505,dermaexpress,https://cdn.shopify.com/s/files/1/0088/1937/6188/files/3760269771505_1.jpg,FC-69771505,3760269771505,"Isispharma Sensylia Serum Urban Protect 30 ml"
bp-dermaexpress-3661434004421,dermaexpress,https://cdn.shopify.com/s/files/1/0088/1937/6188/files/3661434004421.jpg,FC-34004421,3661434004421,"Uriage Stick hidratante Bálsamo labial protector 4 g"
bp-dermaexpress-3337872420207,dermaexpress,https://cdn.shopify.com/s/files/1/0088/1937/6188/files/5890f106-601d-410b-94b9-c5be50e8e5de.jpg,FC-72420207,3337872420207,"La Roche-Posay Effaclar BB Blur Crema facial matificante con color 30 ml"
bp-dermaexpress-3282770104950,dermaexpress,https://cdn.shopify.com/s/files/1/0088/1937/6188/files/Diseno_sin_titulo_2_28352d33-1c64-4d6a-be87-fea3e344bf17.png,FC-70104950,3282770104950,"Ducray Anacaps Suplemento alimenticio c/30 cápsulas"
bp-dermaexpress-3504105043452,dermaexpress,https://cdn.shopify.com/s/files/1/0088/1937/6188/files/3504105043452_1.jpg,FC-05043452,3504105043452,"Mustela Shampoo en crema Desenredante y Nutritivo 200ml."
bp-dermaexpress-3282770397024,dermaexpress,https://cdn.shopify.com/s/files/1/0088/1937/6188/files/3282770397024_1.jpg,FC-70397024,3282770397024,"Avene Retrinal 0.1 Crema intensiva multicorrectora 30 ml"
bp-dermaexpress-3282770393583,dermaexpress,https://cdn.shopify.com/s/files/1/0088/1937/6188/files/3282770393583_1.jpg,FC-70393583,3282770393583,"Avene Retrinal Sérum antiarrugas 30 ml"
bp-dermaexpress-3661434023446,dermaexpress,https://cdn.shopify.com/s/files/1/0088/1937/6188/files/b18717e8-f3af-4f87-830b-abfdadd9d6fa.jpg,FC-34023446,3661434023446,"Uriage Roseliane Crema spf30 anti-rojeces calmante 40 ml"
bp-dermaexpress-3282779429443,dermaexpress,https://cdn.shopify.com/s/files/1/0088/1937/6188/files/3282779429443.jpg,FC-79429443,3282779429443,"Avene Kit Protector Solar Ultra Fluid Ultra Mat 50ml + Sérum Hyaluron Activ B3 10ml."
bp-dermaexpress-7509552966756,dermaexpress,https://cdn.shopify.com/s/files/1/0088/1937/6188/files/7509552966756_1.jpg,FC-52966756,7509552966756,"Vichy Kit Normaderm probio-bha Sérum 30 ml + Mineral 89 crème boost 15 ml + Capital soleil uv-clear spf50+ 3 ml"
bp-dermaexpress-7509552966749,dermaexpress,https://cdn.shopify.com/s/files/1/0088/1937/6188/files/7509552966749_1.jpg,FC-52966749,7509552966749,"Vichy Kit Normaderm Tratamiento anti-imperfecciones"
bp-dermaexpress-7509552938111,dermaexpress,https://cdn.shopify.com/s/files/1/0088/1937/6188/files/7509552938111_2.jpg,FC-52938111,7509552938111,"Vichy Kit Liftactiv retinol specialist Sérum arrugas profundas 30 ml + Liftactiv specialist Crema 15 ml + Capital soleil uv-age daily 15 ml"
bp-dermaexpress-8413400004370,dermaexpress,https://cdn.shopify.com/s/files/1/0088/1937/6188/files/5d4b38b4-82f7-488f-a7eb-824f175b948c.jpg,FC-00004370,8413400004370,"Lullage Fluido Solar Anti Manchas FPS 50+ 30 ml"
bp-dermaexpress-8413400005674,dermaexpress,https://cdn.shopify.com/s/files/1/0088/1937/6188/files/Disenosintitulo-2025-11-27T170613.335.png,FC-00005674,8413400005674,"Lullage CC Cream 30 ml"
bp-dermaexpress-8413400001799,dermaexpress,https://cdn.shopify.com/s/files/1/0088/1937/6188/files/1_26c18613-ce99-4550-867c-2332f8294f00.png,FC-00001799,8413400001799,"Lullage Gel Exfoliante Suave Antimanchas 75 ml"
bp-dermaexpress-850019136135,dermaexpress,https://cdn.shopify.com/s/files/1/0088/1937/6188/files/Disenosintitulo-2025-11-27T172320.593.png,FC-19136135,850019136135,"Lullage Dropper Bio10 Forte  Sérum despigmentante 30 ml"
bp-dermaexpress-850019136029,dermaexpress,https://cdn.shopify.com/s/files/1/0088/1937/6188/files/850019136029.jpg,FC-19136029,850019136029,"Lullage Moisturizing Eye Cream 15 ml"
bp-dermaexpress-3661434010026,dermaexpress,https://cdn.shopify.com/s/files/1/0088/1937/6188/files/3661434010026_1.jpg,FC-34010026,3661434010026,"Uriage Hyseac Gel sos Para brotes con ácido salicílico 15 ml"
bp-dermaexpress-850036932222,dermaexpress,https://cdn.shopify.com/s/files/1/0088/1937/6188/files/2_4987bfdf-86e5-4099-bc8c-efbfa9214ce9.png,FC-36932222,850036932222,"M.A.D. Fade Gel 6 Despigmentante sin hidroquinona 30 ml"
bp-dermaexpress-853676003086,dermaexpress,https://cdn.shopify.com/s/files/1/0088/1937/6188/files/7_75539161-67af-4ffb-9a5e-aad520f7f3bc.png,FC-76003086,853676003086,"M.A.D. Delicate Skin Cleansing Gel Limpiador para piel sensible 200 ml"
bp-dermaexpress-8429979479440,dermaexpress,https://cdn.shopify.com/s/files/1/0088/1937/6188/files/8429979479440_2.jpg,FC-79479440,8429979479440,"Sesderma S-retisil Sérum acción reafirmante y antiarrugas 30 ml"
bp-dermaexpress-8437011329066,dermaexpress,https://cdn.shopify.com/s/files/1/0088/1937/6188/files/8437011329066.jpg,FC-11329066,8437011329066,"Babe Gel de higiene íntima 250 ml"
bp-dermaexpress-8437000945710,dermaexpress,https://cdn.shopify.com/s/files/1/0088/1937/6188/files/8437000945710.jpg,FC-00945710,8437000945710,"Babe jabón de aceite pediátrico 200ml."
bp-dermaexpress-3282770391251,dermaexpress,https://cdn.shopify.com/s/files/1/0088/1937/6188/files/3282770391251_1.jpg,FC-70391251,3282770391251,"Ducray Keracnyl Repair Crema hidratante antiimperfecciones 50 ml"
bp-dermaexpress-8470001613233,dermaexpress,https://cdn.shopify.com/s/files/1/0088/1937/6188/files/IMAGEN2_98cae956-069c-4989-bab4-f887c89d528c.jpg,FC-01613233,8470001613233,"Sesderma S-salises gel hidratante 50ml."
bp-dermaexpress-8429420222465,dermaexpress,https://cdn.shopify.com/s/files/1/0088/1937/6188/products/8429420222465_1.jpg,FC-20222465,8429420222465,"Isdin Nutradeica Gel-crema facial Para dermatitis seborreica 50 ml"
bp-dermaexpress-732013301545,dermaexpress,https://cdn.shopify.com/s/files/1/0088/1937/6188/products/732013301545.png,FC-13301545,732013301545,"Neostrata PDS Crema Corporal para Piel Seca 100 ml"
bp-dermaexpress-732013301194,dermaexpress,https://cdn.shopify.com/s/files/1/0088/1937/6188/products/732013301194.png,FC-13301194,732013301194,"Neostrata Enlighten Contorno de Ojos Iluminador 15 gr"
bp-dermaexpress-3401341249344,dermaexpress,https://cdn.shopify.com/s/files/1/0088/1937/6188/products/Adaptaciones-07.jpg,FC-41249344,3401341249344,"Noreva Exfoliac Global Crema Tratamiento Anti-Imperfecciones 30 ml"
bp-dermaexpress-8423372801280,dermaexpress,https://cdn.shopify.com/s/files/1/0088/1937/6188/files/803055_Genosun-Reparador-Facial-Post-Solar_01-1024x1024_1.jpg,FC-72801280,8423372801280,"Genové Genosun Post solar reparador facial 50 ml"
bp-dermaexpress-3282779448802,dermaexpress,https://cdn.shopify.com/s/files/1/0088/1937/6188/products/3282779448802_1.jpg,FC-79448802,3282779448802,"Aderma Gel de ducha limpiador para piel sensible 200 ml"
bp-dermaexpress-3337875683739,dermaexpress,https://cdn.shopify.com/s/files/1/0088/1937/6188/files/3337875683739_2.jpg,FC-75683739,3337875683739,"La Roche-Posay Sérum Hyalu B5 Concentrado anti-arrugas y rellenador para piel sensible 50 ml"
bp-dermaexpress-3282770398625,dermaexpress,https://cdn.shopify.com/s/files/1/0088/1937/6188/files/3282770398625.jpg,FC-70398625,3282770398625,"Aderma Dermopan Barra limpiadora para piel sensible 100 gr"
bp-dermaexpress-3661434001031,dermaexpress,https://cdn.shopify.com/s/files/1/0088/1937/6188/files/1_ad50a059-183c-41ca-b65c-63a75ad659a8.png,FC-34001031,3661434001031,"Uriage Kit Agua termal 300 ml + agua termal 300 ml"
bp-dermaexpress-3661434009600,dermaexpress,https://cdn.shopify.com/s/files/1/0088/1937/6188/files/3661434009600_65206809-PROMOSPRENFSPF50200ML_CRLAV50ML.jpg,FC-34009600,3661434009600,"Uriage Kit-Fotoprotector Infantil Bariesun SPF50+ 200ml + Crema limpiadora 50ml."
bp-dermaexpress-3661434018954,dermaexpress,https://cdn.shopify.com/s/files/1/0088/1937/6188/files/3661434018954_1_651e0f1e-b238-44cc-a550-b1eee9314d0a.jpg,FC-34018954,3661434018954,"Uriage Bariesun Agua solar antioxidante spf50+ 200 ml"
bp-dermaexpress-3661434018947,dermaexpress,https://cdn.shopify.com/s/files/1/0088/1937/6188/files/3661434018947_PACKSHOT_6002a928-6c49-4949-8df2-de6a95df6326.jpg,FC-34018947,3661434018947,"Uriage Bariesun Aceite Solar Sublime SPF50+ 200ml."
bp-dermaexpress-3661434014123,dermaexpress,https://cdn.shopify.com/s/files/1/0088/1937/6188/files/3661434014123_1_e6ce3fa3-d3f0-439d-acfb-daf9100b12eb.jpg,FC-34014123,3661434014123,"Uriage Bariesun Stick invisible spf50+ Solar en barra 18 gr"
bp-dermaexpress-3661434014116,dermaexpress,https://cdn.shopify.com/s/files/1/0088/1937/6188/files/3661434014116_1_34ad1182-6da6-48df-9ad0-5af6d9b4c842.jpg,FC-34014116,3661434014116,"Uriage Bariesun Stick mineral spf50+ Solar en barra 18 gr"
bp-dermaexpress-3337875909235,dermaexpress,https://cdn.shopify.com/s/files/1/0088/1937/6188/files/lrp_skin_vitamin-c_purevitaminc12serum_30ml_3337875909235_packshot_front.webp,FC-75909235,3337875909235,"La Roche-Posay Sérum Pure Vitamin C12 Luminosidad y antioxidantes para piel sensible 30 ml"
bp-dermaexpress-3282770394948,dermaexpress,https://cdn.shopify.com/s/files/1/0088/1937/6188/files/3282770394948_1.jpg,FC-70394948,3282770394948,"Ducray Sensinol Shampoo antipicor 200 ml"
bp-dermaexpress-3701129812099,dermaexpress,https://cdn.shopify.com/s/files/1/0088/1937/6188/files/3701129812099_1.avif,FC-29812099,3701129812099,"Bioderma Sensibio AR crema para pieles con rosácea 40 ml"
bp-dermaexpress-3661434023422,dermaexpress,https://cdn.shopify.com/s/files/1/0088/1937/6188/files/3661434023422_1_10d50617-b783-4500-b402-92743321fc7d.jpg,FC-34023422,3661434023422,"Uriage Roseliane Sérum anti-rojeces alisador 30 ml"
bp-dermaexpress-3282770393842,dermaexpress,https://cdn.shopify.com/s/files/1/0088/1937/6188/files/3282770393842.jpg,FC-70393842,3282770393842,"Aderma Exomega Aceite dermolimpiador 200 ml"
bp-dermaexpress-3282770393989,dermaexpress,https://cdn.shopify.com/s/files/1/0088/1937/6188/files/3282770393989_1.png,FC-70393989,3282770393989,"Darrow Actine One Protector Solar FPS50+ 40 gr"
bp-dermaexpress-850019136340,dermaexpress,https://cdn.shopify.com/s/files/1/0088/1937/6188/files/1_80a0943f-2d40-4439-b572-2b9c004a51bf.png,FC-19136340,850019136340,"Lullage Splendor Sérum Iluminador Nocturno 30 ml"
bp-dermaexpress-3499320016742,dermaexpress,https://cdn.shopify.com/s/files/1/0088/1937/6188/files/3499320016742_1.avif,FC-20016742,3499320016742,"Cetaphil Healthy Renew Crema de día SPF30 50 gr"
bp-dermaexpress-3282779035576,dermaexpress,https://cdn.shopify.com/s/files/1/0088/1937/6188/products/17-ETA-Spray-315861-50ml_35bf91ca-77da-4490-a890-6767cfc80a1f.jpg,FC-79035576,3282779035576,"Avene Agua termal Spray calmante para piel sensible 50 ml"
bp-dermaexpress-3282770397666,dermaexpress,https://cdn.shopify.com/s/files/1/0088/1937/6188/files/3282770397666.jpg,FC-70397666,3282770397666,"Aderma Exomega Control Crema de noche anti comezón 200 ml"
bp-dermaexpress-3282770396423,dermaexpress,https://cdn.shopify.com/s/files/1/0088/1937/6188/files/3282770396423.jpg,FC-70396423,3282770396423,"Ducray Kelual Squanorm Shampoo caspa grasa 200 ml"
bp-dermaexpress-3282770396508,dermaexpress,https://cdn.shopify.com/s/files/1/0088/1937/6188/files/3282770396508.jpg,FC-70396508,3282770396508,"Ducray Kelual Squanorm Shampoo caspa seca 200 ml"
bp-dermaexpress-5707725401017,dermaexpress,https://cdn.shopify.com/s/files/1/0088/1937/6188/files/5707725401017.jpg,FC-25401017,5707725401017,"Uppharma Nourella Active skin support 60 caps"
bp-dermaexpress-5707725402014,dermaexpress,https://cdn.shopify.com/s/files/1/0088/1937/6188/files/5707725402014.jpg,FC-25402014,5707725402014,"Uppharma Nourella Crema hidratante 50 ml"
bp-dermaexpress-7613035393448,dermaexpress,https://cdn.shopify.com/s/files/1/0088/1937/6188/files/7613035393448_1.avif,FC-35393448,7613035393448,"Cetaphil Baby Loción hidratante piel delicada y sensible 300 ml"
bp-dermaexpress-7613035392885,dermaexpress,https://cdn.shopify.com/s/files/1/0088/1937/6188/files/7613035392885_1.avif,FC-35392885,7613035392885,"Cetaphil Baby Gel de Baño Líquido Sin Lágrimas Limpieza Suave 300 ml"
bp-dermaexpress-4005800346583,dermaexpress,https://cdn.shopify.com/s/files/1/0088/1937/6188/files/Diseno_sin_titulo_1_8bbdbc81-3ed9-48ef-93de-49b9e3e2bd30.png,FC-00346583,4005800346583,"Eucerin Anti-Pigment Gel limpiador facial 200 ml"
bp-dermaexpress-4006000122069,dermaexpress,https://cdn.shopify.com/s/files/1/0088/1937/6188/files/Diseno_sin_titulo_ad4fef6f-7eb6-4636-a431-9017f8189481.png,FC-00122069,4006000122069,"Eucerin pH5 Aceite-Gel de ducha para piel seca y sensible 400 ml"
bp-dermaexpress-4006000127040,dermaexpress,https://cdn.shopify.com/s/files/1/0088/1937/6188/files/4006000127040_2.jpg,FC-00127040,4006000127040,"Eucerin Sun Hydrofluid Bronze SPF50+ 50ml."
bp-dermaexpress-4006000127026,dermaexpress,https://cdn.shopify.com/s/files/1/0088/1937/6188/files/4006000127026_2.jpg,FC-00127026,4006000127026,"Eucerin Sun Hydrofluid Light Protector solar FPS50+ 50 ml"
bp-dermaexpress-4006000127033,dermaexpress,https://cdn.shopify.com/s/files/1/0088/1937/6188/files/4006000127033_2.jpg,FC-00127033,4006000127033,"Eucerin Sun Hydrofluid Medium Protector solar FPS50+ 50 ml"
bp-dermaexpress-3401399848254,dermaexpress,https://cdn.shopify.com/s/files/1/0088/1937/6188/files/3401399848254.jpg,FC-99848254,3401399848254,"Bioderma Hydrabio Bruma hidratante 300 ml"
bp-dermaexpress-3337875795456,dermaexpress,https://cdn.shopify.com/s/files/1/0088/1937/6188/files/Diseno_sin_titulo_6.png,FC-75795456,3337875795456,"CeraVe SA Gel limpiador antirugosidades 473 ml"
bp-dermaexpress-7509552938135,dermaexpress,https://cdn.shopify.com/s/files/1/0088/1937/6188/files/7509552938135_2.jpg,FC-52938135,7509552938135,"Vichy Kit Neovadiol meno 5 bi-sérum 30 ml + Neovadiol post-menopause crema 15 ml + Capital soleil uv-age daily 15 ml"
bp-dermaexpress-3282770395365,dermaexpress,https://cdn.shopify.com/s/files/1/0088/1937/6188/files/3282770395365_1.jpg,FC-70395365,3282770395365,"Avene Cleanance Comedomed Peeling antiimperfecciones 40 ml"
bp-dermaexpress-3337875892872,dermaexpress,https://cdn.shopify.com/s/files/1/0088/1937/6188/files/315ef8d8-7b59-4387-9b27-2e3ec0bb96a5.jpg,FC-75892872,3337875892872,"La Roche-Posay Sérum Pure Vitamin C12 Oil Control para piel mixta y grasa 30 ml"
bp-dermaexpress-3337875684118,dermaexpress,https://cdn.shopify.com/s/files/1/0088/1937/6188/files/Diseno_sin_titulo_3.png,FC-75684118,3337875684118,"CeraVe SA Gel limpiador antirugosidades 236 ml"
bp-dermaexpress-3282770391435,dermaexpress,https://cdn.shopify.com/s/files/1/0088/1937/6188/files/3282770391435_1.jpg,FC-70391435,3282770391435,"Darrow Actine Oil Control Gel limpiador para piel grasa 140 gr"
bp-dermaexpress-753153860402,dermaexpress,https://cdn.shopify.com/s/files/1/0088/1937/6188/files/01_44b51a06-d701-495d-8c97-1c44a5eb9795.jpg,FC-53860402,753153860402,"Envera Protector Solar FPS50+ UVA/UVB Primer sin color 50 ml"
bp-dermaexpress-764451717558,dermaexpress,https://cdn.shopify.com/s/files/1/0088/1937/6188/files/07bbb006-2985-4b6d-a24c-12c68b59bed4.jpg,FC-51717558,764451717558,"Envera Protector Solar - Oil control / Piel grasa FPS50+ UVA/UVB PA++++ Primer 50ml."
bp-dermaexpress-4006000014401,dermaexpress,https://cdn.shopify.com/s/files/1/0088/1937/6188/files/Diseno_sin_titulo_2_3595fcef-82b5-44a0-91d1-4c4208acb18d.png,FC-00014401,4006000014401,"Eucerin Anti-Pigment Sérum Corporal para Áreas Sensibles 75 ml"
bp-dermaexpress-4006000077000,dermaexpress,https://cdn.shopify.com/s/files/1/0088/1937/6188/files/4006000077000.png,FC-00077000,4006000077000,"Eucerin Hyaluron-Filler Epigenetic Sérum rejuvenecedor facial 30 ml"
bp-dermaexpress-7509552973624,dermaexpress,https://cdn.shopify.com/s/files/1/0088/1937/6188/files/7509552973624_1.jpg,FC-52973624,7509552973624,"La Roche-Posay Kit Effaclar Duo+ M 40 ml + Effaclar Gel Moussant 50 ml + Anthelios UVMune 400 3 ml"
bp-dermaexpress-7502224220002,dermaexpress,https://cdn.shopify.com/s/files/1/0088/1937/6188/files/7502224220002.jpg,FC-24220002,7502224220002,"Cell Pharma Triclean Mousse limpiador 120 ml"
bp-dermaexpress-8470002123885,dermaexpress,https://cdn.shopify.com/s/files/1/0088/1937/6188/files/8470002123885.jpg,FC-02123885,8470002123885,"Cantabria Labs Biretix Cleanser Refill Gel limpiador 400 ml"
bp-dermaexpress-3504105036775,dermaexpress,https://cdn.shopify.com/s/files/1/0088/1937/6188/files/3504105036775_1.jpg,FC-05036775,3504105036775,"Mustela Protector Solar en Crema SPF50+ 100 ml"
bp-dermaexpress-3504105037772,dermaexpress,https://cdn.shopify.com/s/files/1/0088/1937/6188/files/3504105037772_1.jpg,FC-05037772,3504105037772,"Mustela Protector Solar Stick SPF50+ 9 ml"
bp-dermaexpress-3504105036102,dermaexpress,https://cdn.shopify.com/s/files/1/0088/1937/6188/files/3504105036102_1.jpg,FC-05036102,3504105036102,"Mustela Jabón Nutriprotector Cold Cream 100 gr"
bp-dermaexpress-3504105035648,dermaexpress,https://cdn.shopify.com/s/files/1/0088/1937/6188/files/3504105035648_1.jpg,FC-05035648,3504105035648,"Mustela Crema Facial Cold Cream 40 ml"
bp-dermaexpress-3504105034382,dermaexpress,https://cdn.shopify.com/s/files/1/0088/1937/6188/files/3504105034382_1.jpg,FC-05034382,3504105034382,"Mustela Shampoo Recién Nacido 150 ml"
bp-dermaexpress-3504105036133,dermaexpress,https://cdn.shopify.com/s/files/1/0088/1937/6188/files/3504105036133_1.jpg,FC-05036133,3504105036133,"Mustela Shampoo Suave 500 ml"
bp-dermaexpress-3504105036126,dermaexpress,https://cdn.shopify.com/s/files/1/0088/1937/6188/files/3504105036126_1.jpg,FC-05036126,3504105036126,"Mustela Shampoo Suave 200 ml"
bp-dermaexpress-3504105032937,dermaexpress,https://cdn.shopify.com/s/files/1/0088/1937/6188/files/3504105032937_1.jpg,FC-05032937,3504105032937,"Mustela Cicastela Crema Reparadora 40 ml"
bp-dermaexpress-3504105039875,dermaexpress,https://cdn.shopify.com/s/files/1/0088/1937/6188/files/3504105039875_1.jpg,FC-05039875,3504105039875,"Mustela Stelatopia Crema Relipidizante Corporal 300 ml"
bp-dermaexpress-3504105039844,dermaexpress,https://cdn.shopify.com/s/files/1/0088/1937/6188/files/3504105039844_1.jpg,FC-05039844,3504105039844,"Mustela Stelatopia Crema Relipidizante Corporal 150 ml"
bp-dermaexpress-3504105042691,dermaexpress,https://cdn.shopify.com/s/files/1/0088/1937/6188/files/3504105042691_1.jpg,FC-05042691,3504105042691,"Mustela Loción corporal de maternidad 200 ml"
bp-dermaexpress-3504105034535,dermaexpress,https://cdn.shopify.com/s/files/1/0088/1937/6188/files/3504105034535_1.jpg,FC-05034535,3504105034535,"Mustela Aceite Prevención de Estrías 105 ml"
bp-dermaexpress-3504105025878,dermaexpress,https://cdn.shopify.com/s/files/1/0088/1937/6188/files/3504105025878_1.jpg,FC-05025878,3504105025878,"Mustela Crema para Rozaduras 100 ml"
bp-dermaexpress-8429979481986,dermaexpress,https://cdn.shopify.com/s/files/1/0088/1937/6188/files/8429979481986.jpg,FC-79481986,8429979481986,"Sesderma-repaskin Tacto seda c/c 50 ml"
bp-dermaexpress-5702191029949,dermaexpress,https://cdn.shopify.com/s/files/1/0088/1937/6188/files/5702191029949_1.jpg,FC-91029949,5702191029949,"Leo-Pharma Enstilar Espuma 60 g"
bp-dermaexpress-7501124185183,dermaexpress,https://cdn.shopify.com/s/files/1/0088/1937/6188/files/eb85d42f-c697-425d-a5c0-54894919e00b.jpg,FC-24185183,7501124185183,"Panalab Topifort Solución 120ml."
bp-dermaexpress-7501124185749,dermaexpress,https://cdn.shopify.com/s/files/1/0088/1937/6188/files/DuoPackCuteralTabs_1.png,FC-24185749,7501124185749,"Duo pack Panalab - Cuteral 30 tabletas c/u"
bp-dermaexpress-7501124185770,dermaexpress,https://cdn.shopify.com/s/files/1/0088/1937/6188/files/DuoPackRemovere_1_4e9a3054-b05c-46a5-9f82-1d438d5461d8.jpg,FC-24185770,7501124185770,"Duo Pack Panalab - Removere 30gr.+ Removere 10gr."
bp-dermaexpress-7501124185732,dermaexpress,https://cdn.shopify.com/s/files/1/0088/1937/6188/files/DuoPackLeracoCaps_1.png,FC-24185732,7501124185732,"Duo pack Panalab - Leraco 30 caps"
bp-dermaexpress-7501124185763,dermaexpress,https://cdn.shopify.com/s/files/1/0088/1937/6188/files/Duo_Pack_Sk-Invita_Caps_1.jpg,FC-24185763,7501124185763,"Duo pack Panalab - Sk-invita cápsulas 30 caps c/u"
bp-dermaexpress-7508006185620,dermaexpress,https://cdn.shopify.com/s/files/1/0088/1937/6188/files/b7fb647c-1c71-4e2d-8619-0b084ccc88e1.jpg,FC-06185620,7508006185620,"Panalab Vitanoin Sérum AR 30 ml"
bp-dermaexpress-7508006185613,dermaexpress,https://cdn.shopify.com/s/files/1/0088/1937/6188/files/2fd3dc0c-4016-427f-b89d-86c4f4aa5977.jpg,FC-06185613,7508006185613,"Panalab Vitanoin Sérum AK 30 ml"
bp-dermaexpress-7508006185637,dermaexpress,https://cdn.shopify.com/s/files/1/0088/1937/6188/files/d2d3c624-ca26-49b5-8c97-1a1626181d78.jpg,FC-06185637,7508006185637,"Panalab Vitanoin Sérum AG 30 ml"
bp-dermaexpress-3282770394870,dermaexpress,https://cdn.shopify.com/s/files/1/0088/1937/6188/files/3282770394870.jpg,FC-70394870,3282770394870,"Darrow Actine Concentrado renovador para piel grasa 30 ml"
bp-dermaexpress-7501124185091,dermaexpress,https://cdn.shopify.com/s/files/1/0088/1937/6188/files/dd05d191-9a68-4dd2-ae32-9eff0e06a4bb.jpg,FC-24185091,7501124185091,"Panalab Complidermol 5α plus 60 caps"
bp-dermaexpress-4006000136516,dermaexpress,https://cdn.shopify.com/s/files/1/0088/1937/6188/files/a222acf4-fa1d-4fd3-8770-0cb70882d21d.jpg,FC-00136516,4006000136516,"Eucerin Aquaphor Pomada reparadora 88 ml"
bp-dermaexpress-718122887019,dermaexpress,https://cdn.shopify.com/s/files/1/0088/1937/6188/files/718122887019-2.png,FC-22887019,718122887019,"DS Keramene Crema inhibidora del crecimiento de vello 200 ml"
bp-dermaexpress-8904091183517,dermaexpress,https://cdn.shopify.com/s/files/1/0088/1937/6188/products/8904091183517.jpg,FC-91183517,8904091183517,"Glenmark Bracitor 0.1% Gel auxiliar en tratamiento de acné 15 gr"
bp-dermaexpress-3282770388886,dermaexpress,https://cdn.shopify.com/s/files/1/0088/1937/6188/files/3282770388886_1.jpg,FC-70388886,3282770388886,"Aderma Biology AC Perfect Tratamiento anti-imperfecciones 40 ml"
bp-dermaexpress-7703333007601,dermaexpress,https://cdn.shopify.com/s/files/1/0088/1937/6188/products/7703333007601.jpg,FC-33007601,7703333007601,"Italmex Bonaven jabon limpiador para todo tipo de pieles 120gr."
bp-dermaexpress-732013301392,dermaexpress,https://cdn.shopify.com/s/files/1/0088/1937/6188/products/13.jpg,FC-13301392,732013301392,"Neostrata Restore Suero Facial Antirrojeces 29 gr"
bp-dermaexpress-745853456740,dermaexpress,https://cdn.shopify.com/s/files/1/0088/1937/6188/files/0745853456740_2.jpg,FC-53456740,745853456740,"Isispharma Kit-Uveblock SPF50+ Dry Touch 40 ml + Uveblock SPF50+ Spray 200 ml"
bp-dermaexpress-797698113333,dermaexpress,https://cdn.shopify.com/s/files/1/0088/1937/6188/files/797698113333_4105841a-3bdb-452b-b939-2eaa07b30c96.png,FC-98113333,797698113333,"DS Spectral Lash Estimulante para pestañas 2.4 ml"
bp-dermaexpress-850019136074,dermaexpress,https://cdn.shopify.com/s/files/1/0088/1937/6188/files/850019136074.png,FC-19136074,850019136074,"Lullage bio10 forte dark spot corrector fluid sensitive skin 30ml."
bp-dermaexpress-850019136081,dermaexpress,https://cdn.shopify.com/s/files/1/0088/1937/6188/files/850019136081.jpg,FC-19136081,850019136081,"Lullage bio10 forte dark spot corrector fluid all skin types 30ml."
bp-dermaexpress-3337875609418,dermaexpress,https://cdn.shopify.com/s/files/1/0088/1937/6188/files/3337875609418_1.jpg,FC-75609418,3337875609418,"Vichy Minéral 89 Concentrado fortificante 75 ml"
bp-dermaexpress-3401360200999,dermaexpress,https://cdn.shopify.com/s/files/1/0088/1937/6188/products/3401360200999.jpg,FC-60200999,3401360200999,"Noreva Xerodiane AP+ Bálsamo Hidratante para Piel Muy Seca 200 ml"
bp-dermaexpress-3401561270845,dermaexpress,https://cdn.shopify.com/s/files/1/0088/1937/6188/products/28_PSORIANE_Crema_calmante_hidratante_facial_y_corporal_copia.jpg,FC-61270845,3401561270845,"Noreva Psoriane Crema Hidratante para Piel con Psoriasis 200 ml"
bp-dermaexpress-3461020014229,dermaexpress,https://cdn.shopify.com/s/files/1/0088/1937/6188/files/3461020014229.jpg,FC-20014229,3461020014229,"Institut Esthederm Body Care Exfoliante corporal de ducha 200ml"
bp-dermaexpress-3461022001999,dermaexpress,https://cdn.shopify.com/s/files/1/0088/1937/6188/files/3461022001999.jpg,FC-22001999,3461022001999,"Institut Esthederm Fotoprotector facial en polvo 15gr"
bp-dermaexpress-3461028301000,dermaexpress,https://cdn.shopify.com/s/files/1/0088/1937/6188/files/3461028301000.avif,FC-28301000,3461028301000,"Etat Pur Activo Puro Vitamina C Sérum anti-manchas 15 ml"
bp-dermaexpress-3661434009204,dermaexpress,https://cdn.shopify.com/s/files/1/0088/1937/6188/files/3661434009204_1_1_1_55adb731-bf0b-41b4-9004-2a269f14ac29.png,FC-34009204,3661434009204,"Uriage Agua Micelar efecto calmante piel sensible 100ml."
bp-dermaexpress-3661434009976,dermaexpress,https://cdn.shopify.com/s/files/1/0088/1937/6188/files/3661434009976_1.png,FC-34009976,3661434009976,"Uriage Age absolu Sérum antiedad péptidos procolágeno 30 ml"
bp-dermaexpress-3661434010033,dermaexpress,https://cdn.shopify.com/s/files/1/0088/1937/6188/files/3661434001734_1.jpg,FC-34010033,3661434010033,"Uriage Hyseac Crema matificante para piel grasa 40 ml"
bp-dermaexpress-3701129807309,dermaexpress,https://cdn.shopify.com/s/files/1/0088/1937/6188/files/3701129807309.jpg,FC-29807309,3701129807309,"Bioderma Photoderm Pediatrics Mineral Protector solar para niños FPS50+ 50 gr"
bp-dermaexpress-3760095252551,dermaexpress,https://cdn.shopify.com/s/files/1/0088/1937/6188/files/3760095252551.jpg,FC-95252551,3760095252551,"ACM Molutrex Tratamiento para afecciones cutáneas 3 ml"
bp-dermaexpress-4046222740542,dermaexpress,https://cdn.shopify.com/s/files/1/0088/1937/6188/files/4046222740542.jpg,FC-22740542,4046222740542,"Italmex Pantogar 90 Cápsulas Tratamiento capilar"
bp-dermaexpress-7501258200028,dermaexpress,https://cdn.shopify.com/s/files/1/0088/1937/6188/files/PTAD0005Domeboro1.jpg,FC-58200028,7501258200028,"Advaita Domeboro Polvo 12 Sobres de 2gr"
bp-dermaexpress-7501258200080,dermaexpress,https://cdn.shopify.com/s/files/1/0088/1937/6188/products/SOYALOID_CAJA_3_4_D_1200_72.jpg,FC-58200080,7501258200080,"Advaita Soyaloid Polvo c/ 1 Sobre de 90 gr"
bp-dermaexpress-5201279073503,dermaexpress,https://cdn.shopify.com/s/files/1/0088/1937/6188/files/5201279073503_1.jpg,FC-79073503,5201279073503,"Apivita Loción tratamiento para la caída de cabello 150ml."
bp-dermaexpress-5201279080174,dermaexpress,https://cdn.shopify.com/s/files/1/0088/1937/6188/files/5201279080174_1.jpg,FC-79080174,5201279080174,"Apivita Bee Sun Safe Hydra Fresh Gel-Crema con Color SPF50 50ml."
bp-dermaexpress-7501390911011,dermaexpress,https://cdn.shopify.com/s/files/1/0088/1937/6188/products/Adaptaciones-44.jpg,FC-90911011,7501390911011,"Italmex Italdermol Crema regeneradora de pieles lesionadas 10 gr"
bp-dermaexpress-7501390913404,dermaexpress,https://cdn.shopify.com/s/files/1/0088/1937/6188/products/7501390913404.jpg,FC-90913404,7501390913404,"Italmex Dersupril 0.05% Emulsion para piel con dermatitis 120ml."
bp-dermaexpress-7502002460972,dermaexpress,https://cdn.shopify.com/s/files/1/0088/1937/6188/products/7502002460972.jpg,FC-02460972,7502002460972,"Farmapiel Alostet Shampoo anticaída capilar 200 ml"
bp-dermaexpress-8429420181052,dermaexpress,https://cdn.shopify.com/s/files/1/0088/1937/6188/files/8429420181052.jpg,FC-20181052,8429420181052,"Isdin Babynaturals Body Lotion Hidratante 200 ml"
bp-dermaexpress-8429979479433,dermaexpress,https://cdn.shopify.com/s/files/1/0088/1937/6188/files/8429979479433_2.jpg,FC-79479433,8429979479433,"Sesderma S-retisil Crema intensiva reafirmante y antiarrugas 50 ml"
bp-dermaexpress-8470001769190,dermaexpress,https://cdn.shopify.com/s/files/1/0088/1937/6188/files/8470001769190_638f2997-59ab-4c80-a85f-2e4070bcdb89.jpg,FC-01769190,8470001769190,"Isdin Isdinceutics Maquillaje líquido Skin Drop Color arena 15 ml"
bp-dermaexpress-8470001769206,dermaexpress,https://cdn.shopify.com/s/files/1/0088/1937/6188/files/8470001769206.jpg,FC-01769206,8470001769206,"Isdin Isdinceutics maquillaje liquido skin drop color bronce 15ml."
bp-dermaexpress-8470002117075,dermaexpress,https://cdn.shopify.com/s/files/1/0088/1937/6188/files/EndocareRenewalGlycoperfect_1.jpg,FC-02117075,8470002117075,"Cantabria Labs Endocare Renewal Glycoperfect Sérum intensivo 50 ml"
bp-dermaexpress-8470003913423,dermaexpress,https://cdn.shopify.com/s/files/1/0088/1937/6188/files/8470003913423.jpg,FC-03913423,8470003913423,"Isdin Ureadin Contorno de ojos 15 ml"
bp-dermaexpress-3401398303648,dermaexpress,https://cdn.shopify.com/s/files/1/0088/1937/6188/products/3401398303648_5c6e803c-2071-4cab-9c86-85937cc11075.jpg,FC-98303648,3401398303648,"Bioderma Cicabio Arnica+ Crema calmante para hematomas y golpes 40 ml"
bp-dermaexpress-3282770207699,dermaexpress,https://cdn.shopify.com/s/files/1/0088/1937/6188/files/3282770207699_1.png,FC-70207699,3282770207699,"Darrow Actine Colors Protector Solar FPS50+ para piel grasa tono Claro 40 gr"
bp-dermaexpress-8429420175327,dermaexpress,https://cdn.shopify.com/s/files/1/0088/1937/6188/products/8429420175327.jpg,FC-20175327,8429420175327,"Isdin Glicoisdin Gel Intense 25% Efecto peeling 50 ml"
bp-dermaexpress-3282770055108,dermaexpress,https://cdn.shopify.com/s/files/1/0088/1937/6188/products/3282770055108-D-MELASCREEN-CREMA-DE-NOC.png,FC-70055108,3282770055108,"Ducray Melascreen Crema de noche antimanchas 50 ml"
bp-dermaexpress-8429979432933,dermaexpress,https://cdn.shopify.com/s/files/1/0088/1937/6188/files/IMAGEN3_838755b9-b040-4925-9c90-b1eaec949e2d.jpg,FC-79432933,8429979432933,"Sesderma S-azelac ru spf50 Fluido luminoso 50 ml"
bp-dermaexpress-3282776420801,dermaexpress,https://cdn.shopify.com/s/files/1/0088/1937/6188/products/3282776420801_1.jpg,FC-76420801,3282776420801,"Avene Agua micelar desmaquillante 400ml."
bp-dermaexpress-3282776367311,dermaexpress,https://cdn.shopify.com/s/files/1/0088/1937/6188/products/3_282776_367311.jpg,FC-76367311,3282776367311,"Avene Protector solar FPS50+ crema con color 100ml."
bp-dermaexpress-8470001716125,dermaexpress,https://cdn.shopify.com/s/files/1/0088/1937/6188/products/847000171612_1.jpg,FC-01716125,8470001716125,"Isdin Fotoprotector Compacto Color arena FPS50+ 10 gr"
bp-dermaexpress-8163780225574,dermaexpress,https://cdn.shopify.com/s/files/1/0088/1937/6188/files/8163780225574_1.png,FC-80225574,8163780225574,"DS Revita SOD Suplemento alimenticio anticaída 30 tabletas"
bp-dermaexpress-3461022003047,dermaexpress,https://cdn.shopify.com/s/files/1/0088/1937/6188/files/3461022003047.jpg,FC-22003047,3461022003047,"Institut Esthederm Bruma de Agua Celular 100ml"
bp-dermaexpress-3461020013550,dermaexpress,https://cdn.shopify.com/s/files/1/0088/1937/6188/files/3_b4b83aed-0dff-4953-847e-e9284a36a0f1.png,FC-20013550,3461020013550,"Institut Esthederm Osmoclean Crema limpiadora 75ml"
bp-dermaexpress-3661434005459,dermaexpress,https://cdn.shopify.com/s/files/1/0088/1937/6188/files/3661434005459_1.jpg,FC-34005459,3661434005459,"Uriage Bálsamo reparador de labios secos y agrietados 15 ml"
bp-dermaexpress-4005800164361,dermaexpress,https://cdn.shopify.com/s/files/1/0088/1937/6188/files/4005800164361_2.jpg,FC-00164361,4005800164361,"Eucerin Urea Repair Loción corporal 10% 400 ml"
bp-dermaexpress-4006000075693,dermaexpress,https://cdn.shopify.com/s/files/1/0088/1937/6188/files/4006000075693.jpg,FC-00075693,4006000075693,"Eucerin Dermopure Oil Control Gel limpiador 400 ml"
bp-dermaexpress-3760201231210,dermaexpress,https://cdn.shopify.com/s/files/1/0088/1937/6188/files/3760201231210.avif,FC-01231210,3760201231210,"Etat Pur Activo Puro Gluconato de Zinc Sérum seborregulador 15 ml"
bp-dermaexpress-7703281002468,dermaexpress,https://cdn.shopify.com/s/files/1/0088/1937/6188/files/7703281002468_8.jpg,FC-81002468,7703281002468,"Italmex Umbrella Perfect Skin SPF50+ Tono claro Para todo tipo de piel 50 gr"
bp-dermaexpress-3661434000515,dermaexpress,https://cdn.shopify.com/s/files/1/0088/1937/6188/files/3661434000515_1.jpg,FC-34000515,3661434000515,"Uriage bruma facial de Agua Termal 150ml."
bp-dermaexpress-8429420281103,dermaexpress,https://cdn.shopify.com/s/files/1/0088/1937/6188/files/8429420281103.png,FC-20281103,8429420281103,"Isdin Hyaluronic Eyes Contorno de ojos 15 gr"
bp-dermaexpress-813419027854,dermaexpress,https://cdn.shopify.com/s/files/1/0088/1937/6188/files/Disenosintitulo_16_1.png,FC-19027854,813419027854,"Colorescience Total Protection No Show Sunscreen Mineral SPF50 50 ml"
bp-dermaexpress-358892101504,dermaexpress,https://cdn.shopify.com/s/files/1/0088/1937/6188/files/Tizo_Image_Reformattig_2000x2000_Lifestyle_PMRestore_e7e02586-6c90-491f-8e6f-a902682eac95.webp,FC-92101504,358892101504,"Tizo Protector solar photoceutical con ceramidas SPF40 50 ml"
bp-dermaexpress-7897930776609,dermaexpress,https://cdn.shopify.com/s/files/1/0088/1937/6188/files/7897930776609_1.avif,FC-30776609,7897930776609,"Cetaphil Sun Oil Control Gel protector solar FPS50+ para piel grasa 50 ml"
bp-dermaexpress-3337875849326,dermaexpress,https://cdn.shopify.com/s/files/1/0088/1937/6188/files/Diseno_sin_titulo_10.png,FC-75849326,3337875849326,"CeraVe Bálsamo reparador avanzado piel seca 50 ml"
bp-dermaexpress-3337875848473,dermaexpress,https://cdn.shopify.com/s/files/1/0088/1937/6188/files/Diseno_sin_titulo_9.png,FC-75848473,3337875848473,"CeraVe Bálsamo reparador avanzado piel seca 88 ml"
bp-dermaexpress-7501258214285,dermaexpress,https://cdn.shopify.com/s/files/1/0088/1937/6188/products/TRADERMA_COMBO_1200.jpg,FC-58214285,7501258214285,"Advaita Traderma Gel 0.1% 10 gr"
bp-dermaexpress-7501258203234,dermaexpress,https://cdn.shopify.com/s/files/1/0088/1937/6188/products/Traderma0_1CT30g.jpg,FC-58203234,7501258203234,"Advaita Traderma 0.1% 30 gr"
bp-dermaexpress-7501258203227,dermaexpress,https://cdn.shopify.com/s/files/1/0088/1937/6188/products/Traderma0_3CT30g.jpg,FC-58203227,7501258203227,"Advaita Traderma 0.03% 30 gr"
bp-dermaexpress-3661434000522,dermaexpress,https://cdn.shopify.com/s/files/1/0088/1937/6188/files/3661434000522_1.jpg,FC-34000522,3661434000522,"Uriage Bruma facial de agua termal 300 ml"
bp-dermaexpress-7703281002062,dermaexpress,https://cdn.shopify.com/s/files/1/0088/1937/6188/products/Cetopic-Vitamina-C-Crema-Topica-50-Gr-7703281002062-637298958430897918-1.jpg,FC-81002062,7703281002062,"Italmex Cetopic Crema antioxidante 50 gr"
bp-dermaexpress-7501273500165,dermaexpress,https://cdn.shopify.com/s/files/1/0088/1937/6188/products/Adaptaciones-15.jpg,FC-73500165,7501273500165,"Remexa Kamiloderm crema 100 gr"
bp-dermaexpress-850019136104,dermaexpress,https://cdn.shopify.com/s/files/1/0088/1937/6188/files/1_1166255c-d9aa-4916-9ee2-b0d09733bde6.png,FC-19136104,850019136104,"Lullage Repigment12 Crema Reguladora de Pigmentación 75 ml"
bp-dermaexpress-3661434006500,dermaexpress,https://cdn.shopify.com/s/files/1/0088/1937/6188/files/3661434006500_1_37f7157c-3d77-4bb7-82ef-eb49bafed699.jpg,FC-34006500,3661434006500,"Uriage Bariésun Bruma solar seca spf50+ hidratante 200 ml"
bp-dermaexpress-3661434009372,dermaexpress,https://cdn.shopify.com/s/files/1/0088/1937/6188/files/3661434009372_1.jpg,FC-34009372,3661434009372,"Uriage Agua micelar Antioxidante piel normal y seca 100 ml"
bp-dermaexpress-3661434005503,dermaexpress,https://cdn.shopify.com/s/files/1/0088/1937/6188/files/3661434005503.jpg,FC-34005503,3661434005503,"Uriage Eau thermale Mascarilla hidratante con ha 50 ml"
bp-dermaexpress-5201279088484,dermaexpress,https://cdn.shopify.com/s/files/1/0088/1937/6188/files/5201279088484_1.jpg,FC-79088484,5201279088484,"Apivita Bee Sun Safe Fluido invisible toque seco SPF50 50 ml"
bp-dermaexpress-5201279080402,dermaexpress,https://cdn.shopify.com/s/files/1/0088/1937/6188/files/51Q1mTsOtnL._AC_UL600_SR600_600.jpg,FC-79080402,5201279080402,"Apivita Shampoo anticaspa para cuero cabelludo graso 250 ml"
bp-dermaexpress-5201279077839,dermaexpress,https://cdn.shopify.com/s/files/1/0088/1937/6188/files/5201279077839_1.jpg,FC-79077839,5201279077839,"Apivita Shampoo anticaída tonificante para mujeres 250 ml"
bp-dermaexpress-5201279077822,dermaexpress,https://cdn.shopify.com/s/files/1/0088/1937/6188/files/5201279077822_1.jpg,FC-79077822,5201279077822,"Apivita Shampoo anticaída tonificante para hombres 250 ml"
bp-dermaexpress-5201279071738,dermaexpress,https://cdn.shopify.com/s/files/1/0088/1937/6188/files/5201279071738_1.jpg,FC-79071738,5201279071738,"Apivita Acondicionador para raíz grasa y puntas secas 150 ml"
bp-dermaexpress-3661434005268,dermaexpress,https://cdn.shopify.com/s/files/1/0088/1937/6188/files/3661434005268_1.jpg,FC-34005268,3661434005268,"Uriage Gyn-phy Gel refrescante de higiene íntima 200 ml"
bp-dermaexpress-3661434009754,dermaexpress,https://cdn.shopify.com/s/files/1/0088/1937/6188/files/3661434009754_1.jpg,FC-34009754,3661434009754,"Uriage Depiderm Sérum de vitamina c 20% y niacinamida 30 ml"
bp-dermaexpress-3337875563055,dermaexpress,https://cdn.shopify.com/s/files/1/0088/1937/6188/products/3337875563055_4f344f95-d566-4d77-8649-313463f72686.jpg,FC-75563055,3337875563055,"Vichy Dermablend covermatte #45 gold Polvo compacto de alta cobertura 9.5 gr"
bp-dermaexpress-8423372800467,dermaexpress,https://cdn.shopify.com/s/files/1/0088/1937/6188/files/Genove_1.avif,FC-72800467,8423372800467,"Genové Pilopeptan Woman 5 Alfa R 30 comprimidos"
bp-dermaexpress-3760269771192,dermaexpress,https://cdn.shopify.com/s/files/1/0088/1937/6188/products/NeotoneSensitive.jpg,FC-69771192,3760269771192,"Isispharma Neotone Sensitive Bálsamo intensivo despigmentante para piel sensible 30 ml"
bp-dermaexpress-8809598451896,dermaexpress,https://cdn.shopify.com/s/files/1/0088/1937/6188/files/SC10FF02_1.jpg,FC-98451896,8809598451896,"COSRX Full Fit Propolis Synergy Toner Tónico con propóleo 150 ml"
bp-dermaexpress-3337875873086,dermaexpress,https://cdn.shopify.com/s/files/1/0088/1937/6188/files/3337875873086_2.jpg,FC-75873086,3337875873086,"Vichy Liftactiv retinol Crema 50 ml"
bp-dermaexpress-3661434005435,dermaexpress,https://cdn.shopify.com/s/files/1/0088/1937/6188/files/3661434005435_1.jpg,FC-34005435,3661434005435,"Uriage Ungüento reparador de pies y talones agrietados 40 ml"
bp-dermaexpress-3661434009990,dermaexpress,https://cdn.shopify.com/s/files/1/0088/1937/6188/files/3661434009990_1.jpg,FC-34009990,3661434009990,"Uriage Hyseac Gel limpiador piel mixta a grasa 500 ml"
bp-dermaexpress-8423372000096,dermaexpress,https://cdn.shopify.com/s/files/1/0088/1937/6188/files/8423372000096.jpg,FC-72000096,8423372000096,"Genové Genosun Zero Protector solar spray FPS50+ 125 ml"
bp-dermaexpress-3661434004575,dermaexpress,https://cdn.shopify.com/s/files/1/0088/1937/6188/files/3661434004575_1.jpg,FC-34004575,3661434004575,"Uriage Desodorante power3 Anti-olor anti-transpirante 50 ml"
bp-dermaexpress-3661434009303,dermaexpress,https://cdn.shopify.com/s/files/1/0088/1937/6188/files/3661434009303_1.jpg,FC-34009303,3661434009303,"Uriage DS Shampoo Caspa moderada con piroctona olamina 200 ml"
bp-dermaexpress-3499320015752,dermaexpress,https://cdn.shopify.com/s/files/1/0088/1937/6188/files/3499320015752_1.avif,FC-20015752,3499320015752,"Cetaphil Healthy Renew Sérum de ojos antiarrugas 15 gr"
bp-dermaexpress-3661434011900,dermaexpress,https://cdn.shopify.com/s/files/1/0088/1937/6188/files/3661434011900_1.jpg,FC-34011900,3661434011900,"Uriage Cica-daily Crema reparadora concentrada refill 50 ml"
bp-dermaexpress-3661434009211,dermaexpress,https://cdn.shopify.com/s/files/1/0088/1937/6188/files/3661434009211_1.jpg,FC-34009211,3661434009211,"Uriage Age lift Contorno de ojos con retinol y ha 15 ml"
bp-dermaexpress-7702003006913,dermaexpress,https://cdn.shopify.com/s/files/1/0088/1937/6188/files/7702003006913_1_949ef720-7e5b-4d32-b40f-847818edf576.jpg,FC-03006913,7702003006913,"Eucerin Hyaluron Filler Instense Hydra Spray 150 ml"
bp-dermaexpress-3661434011924,dermaexpress,https://cdn.shopify.com/s/files/1/0088/1937/6188/files/3661434011924_1.jpg,FC-34011924,3661434011924,"Uriage Cica-daily Gel-crema reparador centella asiática 40 ml"
bp-dermaexpress-3661434010088,dermaexpress,https://cdn.shopify.com/s/files/1/0088/1937/6188/files/3661434010088_1.jpg,FC-34010088,3661434010088,"Uriage Hyseac 3-regul Crema con ácido salicílico y aha 40 ml"
bp-dermaexpress-5201279072834,dermaexpress,https://cdn.shopify.com/s/files/1/0088/1937/6188/files/5201279072834_1.jpg,FC-79072834,5201279072834,"Apivita Espuma limpiadora facial para rostro y ojos 200 ml"
bp-dermaexpress-3661434004858,dermaexpress,https://cdn.shopify.com/s/files/1/0088/1937/6188/files/3661434004858_1.jpg,FC-34004858,3661434004858,"Uriage Xemose Crema corporal piel seca y atópica 400 ml"
bp-dermaexpress-5201279072193,dermaexpress,https://cdn.shopify.com/s/files/1/0088/1937/6188/files/5201279072193_1.jpg,FC-79072193,5201279072193,"Apivita Mascarilla facial de arcilla verde limpieza profunda 2 x 8 ml"
bp-dermaexpress-5201279073350,dermaexpress,https://cdn.shopify.com/s/files/1/0088/1937/6188/files/5201279073350_1.jpg,FC-79073350,5201279073350,"Apivita Crema de Manos con Jazmin Textura Ligera 50ml."
bp-dermaexpress-8809598452053,dermaexpress,https://cdn.shopify.com/s/files/1/0088/1937/6188/files/COSRXAdvancedSnailRadianceDualEssenceesenciadualconniacinamida80ml..png,FC-98452053,8809598452053,"COSRX Advanced Snail Radiance Dual Essence Esencia dual con niacinamida 80 ml"
bp-dermaexpress-358892122301,dermaexpress,https://cdn.shopify.com/s/files/1/0088/1937/6188/files/Mineral_Stick_Tint.webp,FC-92122301,358892122301,"Tizo Protector solar mineral en stick con color SPF25 30 g"
bp-dermaexpress-5201279078874,dermaexpress,https://cdn.shopify.com/s/files/1/0088/1937/6188/files/5201279078874_1.jpg,FC-79078874,5201279078874,"Apivita Aqua Beelicious Crema hidratante matificante 40 ml"
bp-dermaexpress-5201279098391,dermaexpress,https://cdn.shopify.com/s/files/1/0088/1937/6188/files/5201279098391_1.jpg,FC-79098391,5201279098391,"Apivita Queen Bee Crema Regeneradora Antiedad Absoluto 50ml."
bp-dermaexpress-5201279097615,dermaexpress,https://cdn.shopify.com/s/files/1/0088/1937/6188/files/5201279097615_1.jpg,FC-79097615,5201279097615,"Apivita formato viaje Acondicionador suave uso diario 50ml."
bp-dermaexpress-5201279097561,dermaexpress,https://cdn.shopify.com/s/files/1/0088/1937/6188/files/5201279097561_1.jpg,FC-79097561,5201279097561,"Apivita formato viaje Acondicionador Hidratante 50ml."
bp-dermaexpress-5201279094225,dermaexpress,https://cdn.shopify.com/s/files/1/0088/1937/6188/files/5201279094225_1.jpg,FC-79094225,5201279094225,"Apivita Beevine Elixir Crema contorno de ojos y labios 15 ml"
bp-dermaexpress-5201279094218,dermaexpress,https://cdn.shopify.com/s/files/1/0088/1937/6188/files/5201279094218_1.jpg,FC-79094218,5201279094218,"Apivita Beevine Elixir Sérum Reafirmante Antiarrugas 30ml."
bp-dermaexpress-5201279094188,dermaexpress,https://cdn.shopify.com/s/files/1/0088/1937/6188/files/5201279094188_1.jpg,FC-79094188,5201279094188,"Apivita Beevine Elixir Crema Ligera Lift y Firmeza 50ml."
bp-dermaexpress-5201279080969,dermaexpress,https://cdn.shopify.com/s/files/1/0088/1937/6188/files/5201279080969_1.jpg,FC-79080969,5201279080969,"Apivita Queen Bee Contorno de ojos antiedad 15 ml"
bp-dermaexpress-5201279080952,dermaexpress,https://cdn.shopify.com/s/files/1/0088/1937/6188/files/5201279080952_1.jpg,FC-79080952,5201279080952,"Apivita Queen Bee Sérum regenerador antiedad 30 ml"
bp-dermaexpress-5201279080945,dermaexpress,https://cdn.shopify.com/s/files/1/0088/1937/6188/files/5201279080945_1.jpg,FC-79080945,5201279080945,"Apivita Queen Bee Crema de Noche Regeneradora Antiedad 50ml."
bp-dermaexpress-5201279080228,dermaexpress,https://cdn.shopify.com/s/files/1/0088/1937/6188/files/5201279080228_1.jpg,FC-79080228,5201279080228,"Apivita Bee Sun Safe Protector solar en spray ultraligero SPF50 200 ml"
bp-dermaexpress-5201279078881,dermaexpress,https://cdn.shopify.com/s/files/1/0088/1937/6188/files/5201279078881_1.jpg,FC-79078881,5201279078881,"Apivita Aqua Beelicious Crema Hidratante con Ceramidas 40ml."
bp-dermaexpress-5201279074289,dermaexpress,https://cdn.shopify.com/s/files/1/0088/1937/6188/files/5201279074289_1.jpg,FC-79074289,5201279074289,"Apivita Bee Radiant Sérum antiedad y anti-fatiga 30 ml"
bp-dermaexpress-5201279074210,dermaexpress,https://cdn.shopify.com/s/files/1/0088/1937/6188/files/5201279074210_1.jpg,FC-79074210,5201279074210,"Apivita Royal Honey Body Cream para piel seca 150 ml"
bp-dermaexpress-5201279073367,dermaexpress,https://cdn.shopify.com/s/files/1/0088/1937/6188/files/5201279073367_1.jpg,FC-79073367,5201279073367,"Apivita Crema para manos secas y agrietadas 50ml."
bp-dermaexpress-5201279073343,dermaexpress,https://cdn.shopify.com/s/files/1/0088/1937/6188/files/5201279073343_1.jpg,FC-79073343,5201279073343,"Apivita Crema de manos intensiva con ácido hialurónico 50 ml"
bp-dermaexpress-5201279073312,dermaexpress,https://cdn.shopify.com/s/files/1/0088/1937/6188/files/5201279073312_1.jpg,FC-79073312,5201279073312,"Apivita Tonic Mountain Tea Gel de ducha formato viaje 75 ml"
bp-dermaexpress-5201279073213,dermaexpress,https://cdn.shopify.com/s/files/1/0088/1937/6188/files/5201279073213_1.jpg,FC-79073213,5201279073213,"Apivita Tonic Mountain Tea Gel de ducha 250 ml"
bp-dermaexpress-5201279073152,dermaexpress,https://cdn.shopify.com/s/files/1/0088/1937/6188/files/5201279073152_1.jpg,FC-79073152,5201279073152,"Apivita Jabón en barra natural con propóleo para piel grasa 125 gr"
bp-dermaexpress-5201279071752,dermaexpress,https://cdn.shopify.com/s/files/1/0088/1937/6188/files/5201279071752_1.jpg,FC-79071752,5201279071752,"Apivita Formato Viaje Shampoo Uso Frecuente 75ml."
bp-dermaexpress-5201279088477,dermaexpress,https://cdn.shopify.com/s/files/1/0088/1937/6188/files/5201279088477_1.jpg,FC-79088477,5201279088477,"Apivita Bee Sun Safe Hydra Protector aceite capilar 100 ml"
bp-dermaexpress-5201279078904,dermaexpress,https://cdn.shopify.com/s/files/1/0088/1937/6188/files/apivita-aqua-beelicious-refreshing-hydrating-booster-30ml.jpg,FC-79078904,5201279078904,"Apivita Aqua Beelicious Sérum booster con ácido hialurónico 30 ml"
bp-dermaexpress-5201279078898,dermaexpress,https://cdn.shopify.com/s/files/1/0088/1937/6188/files/5201279078898_1.jpg,FC-79078898,5201279078898,"Apivita Aqua Beelicious Contorno de ojos gel hidratante 15 ml"
bp-dermaexpress-5201279072889,dermaexpress,https://cdn.shopify.com/s/files/1/0088/1937/6188/files/5201279072889_1.jpg,FC-79072889,5201279072889,"Apivita Gel Purificante rostro para pieles grasas 200ml."
bp-dermaexpress-3661434011917,dermaexpress,https://cdn.shopify.com/s/files/1/0088/1937/6188/files/3661434011917_1.jpg,FC-34011917,3661434011917,"Uriage Cica-daily Crema reparadora concentrada 50 ml"
bp-dermaexpress-7501089804433,dermaexpress,https://cdn.shopify.com/s/files/1/0088/1937/6188/files/03_LETI_INTENSIVE_2023.jpg,FC-89804433,7501089804433,"Armstrong LETI AT4 Crema regeneración intensiva 100 ml"
bp-dermaexpress-5201279094614,dermaexpress,https://cdn.shopify.com/s/files/1/0088/1937/6188/files/5201279094614.jpg,FC-79094614,5201279094614,"Apivita Keratin Repair Acondicionador nutritivo 150 ml"
bp-dermaexpress-5201279088316,dermaexpress,https://cdn.shopify.com/s/files/1/0088/1937/6188/files/5201279088316_1.jpg,FC-79088316,5201279088316,"Apivita Stick labial hidratante con cacao SPF20 4 gr"
bp-dermaexpress-5201279086558,dermaexpress,https://cdn.shopify.com/s/files/1/0088/1937/6188/files/5201279086558_1.jpg,FC-79086558,5201279086558,"Apivita Acondicionador para cabello fino y debilitado 150 ml"
bp-dermaexpress-5201279081805,dermaexpress,https://cdn.shopify.com/s/files/1/0088/1937/6188/files/5201279081805.jpg,FC-79081805,5201279081805,"Apivita Mascarilla facial hidratante con pepino 2 x 8 ml"
bp-dermaexpress-5201279080419,dermaexpress,https://cdn.shopify.com/s/files/1/0088/1937/6188/files/5201279080419_1.jpg,FC-79080419,5201279080419,"Apivita Shampoo anticaspa seca con apio y propóleo 250 ml"
bp-dermaexpress-5201279080167,dermaexpress,https://cdn.shopify.com/s/files/1/0088/1937/6188/files/5201279080167_1.jpg,FC-79080167,5201279080167,"Apivita Bee Sun Safe Hydra Fresh Gel-crema facial SPF50 50 ml"
bp-dermaexpress-5201279076849,dermaexpress,https://cdn.shopify.com/s/files/1/0088/1937/6188/files/5201279076849.jpg,FC-79076849,5201279076849,"Apivita Express Beauty Mascarilla facial reafirmante 2 x 8 ml"
bp-dermaexpress-5201279074241,dermaexpress,https://cdn.shopify.com/s/files/1/0088/1937/6188/files/5201279074241_1.jpg,FC-79074241,5201279074241,"Apivita Bee Radiant Gel-Crema antiedad y anti-fatiga 50 ml"
bp-dermaexpress-5201279073220,dermaexpress,https://cdn.shopify.com/s/files/1/0088/1937/6188/files/5201279073220_1.jpg,FC-79073220,5201279073220,"Apivita Royal Honey Gel de ducha 250 ml"
bp-dermaexpress-5201279072223,dermaexpress,https://cdn.shopify.com/s/files/1/0088/1937/6188/files/5201279072223_1.jpg,FC-79072223,5201279072223,"Apivita Mascarilla facial exfoliante suave con chabacano 2 x 8 ml"
bp-dermaexpress-5201279094607,dermaexpress,https://cdn.shopify.com/s/files/1/0088/1937/6188/files/5201279094607_1.jpg,FC-79094607,5201279094607,"Apivita Keratin Repair Shampoo nutritivo y reparador 250 ml"
bp-dermaexpress-5201279088354,dermaexpress,https://cdn.shopify.com/s/files/1/0088/1937/6188/files/5201279088354_1.jpg,FC-79088354,5201279088354,"Apivita Stick labial hidratante con miel 4 gr"
bp-dermaexpress-5201279088347,dermaexpress,https://cdn.shopify.com/s/files/1/0088/1937/6188/files/67d66657-4b6d-4a57-bc74-4a572810cd5d.jpg,FC-79088347,5201279088347,"Apivita Stick labial hidratante con granada tono rosado 4.4 gr"
bp-dermaexpress-5201279085216,dermaexpress,https://cdn.shopify.com/s/files/1/0088/1937/6188/files/5201279085216.jpg,FC-79085216,5201279085216,"Apivita Bee Radiant Contorno de ojos anti-fatiga 15 ml"
bp-dermaexpress-5201279081829,dermaexpress,https://cdn.shopify.com/s/files/1/0088/1937/6188/files/5201279081829_1.jpg,FC-79081829,5201279081829,"Apivita Mascarilla contorno de ojos antioxidante 2 x 2 ml"
bp-dermaexpress-5201279081782,dermaexpress,https://cdn.shopify.com/s/files/1/0088/1937/6188/files/5201279081782_1.jpg,FC-79081782,5201279081782,"Apivita Mascarilla facial iluminadora con naranja 2 x 8 ml"
bp-dermaexpress-5201279072933,dermaexpress,https://cdn.shopify.com/s/files/1/0088/1937/6188/files/5201279072933_1.jpg,FC-79072933,5201279072933,"Apivita Agua micelar limpiadora con rosa y miel 300 ml"
bp-dermaexpress-5201279071707,dermaexpress,https://cdn.shopify.com/s/files/1/0088/1937/6188/files/5201279071707_1.jpg,FC-79071707,5201279071707,"Apivita Shampoo para raíz grasa y puntas secas 250 ml"
bp-dermaexpress-3661434012020,dermaexpress,https://cdn.shopify.com/s/files/1/0088/1937/6188/files/3661434012020_1.jpg,FC-34012020,3661434012020,"Uriage Esencia tonificante glow up Con agua termal y ha 100 ml"
bp-dermaexpress-5201279100575,dermaexpress,https://cdn.shopify.com/s/files/1/0088/1937/6188/files/5201279100575_1.jpg,FC-79100575,5201279100575,"Apivita Bee Sun Safe Crema antiedad y antimanchas SPF50 50 ml"
bp-dermaexpress-5201279094621,dermaexpress,https://cdn.shopify.com/s/files/1/0088/1937/6188/files/5201279094621_1.jpg,FC-79094621,5201279094621,"Apivita Keratin Repair Mascarilla nutritiva 200 ml"
bp-dermaexpress-8809416470016,dermaexpress,https://cdn.shopify.com/s/files/1/0088/1937/6188/files/SC50AS01.jpg,FC-16470016,8809416470016,"COSRX Advanced Snail 92 All In One Cream Crema universal con mucina 100 ml"
bp-dermaexpress-8809598454781,dermaexpress,https://cdn.shopify.com/s/files/1/0088/1937/6188/files/SC50TR01.jpg,FC-98454781,8809598454781,"COSRX The Retinol Cream Crema facial con retinol 0.1% 20 ml"
bp-dermaexpress-8809598453876,dermaexpress,https://cdn.shopify.com/s/files/1/0088/1937/6188/files/SC50RH02_1.jpg,FC-98453876,8809598453876,"COSRX Refresh AHA/BHA Vitamin C Daily Cream Crema facial con AHA 50 ml"
bp-dermaexpress-813419026673,dermaexpress,https://cdn.shopify.com/s/files/1/0088/1937/6188/files/813419026673-2.png,FC-19026673,813419026673,"Colorescience Total Protection Color Balm SPF50 Color Berry 9 gr"
bp-dermaexpress-8809416470009,dermaexpress,https://cdn.shopify.com/s/files/1/0088/1937/6188/files/SC40AS01_1.jpg,FC-16470009,8809416470009,"COSRX Advanced Snail 96 Mucin Power Essence Esencia con mucina 100 ml"
bp-dermaexpress-8809598455658,dermaexpress,https://cdn.shopify.com/s/files/1/0088/1937/6188/files/SC40TR34_1.jpg,FC-98455658,8809598455658,"COSRX The 6 Peptide Skin Booster Sérum con aminoácidos 150 ml"
bp-dermaexpress-8809598454644,dermaexpress,https://cdn.shopify.com/s/files/1/0088/1937/6188/files/SC40TR02_1.jpg,FC-98454644,8809598454644,"COSRX The Retinol 0.5 Oil Aceite facial con retinol 0.5% 20 ml"
bp-dermaexpress-8809598454637,dermaexpress,https://cdn.shopify.com/s/files/1/0088/1937/6188/files/COSRXTheNiacinamide15Serumconniacinamidaparaacne20ml..png,FC-98454637,8809598454637,"COSRX The Niacinamide 15% Sérum con niacinamida para acné 20 ml"
bp-dermaexpress-8809598453371,dermaexpress,https://cdn.shopify.com/s/files/1/0088/1937/6188/files/AP99OL01_1.jpg,FC-98453371,8809598453371,"COSRX Master Patch Set Parches para acné 90 pzas"
bp-dermaexpress-764451717572,dermaexpress,https://cdn.shopify.com/s/files/1/0088/1937/6188/files/84ab3f73-1589-49fc-af80-4ea4d2dd5c7d.jpg,FC-51717572,764451717572,"Envera Protector Solar Oil Control para Piel Grasa FPS50+ UVA/UVB PA++++ tono Medium 50 ml"
bp-dermaexpress-764451717565,dermaexpress,https://cdn.shopify.com/s/files/1/0088/1937/6188/files/01_80816bd8-e3ca-482b-8762-9c3ece7c237c.jpg,FC-51717565,764451717565,"Envera Protector Solar - Oil Control / Piel grasa FPS50+ UVA/UVB PA++++ LIGHT 50ml."
bp-dermaexpress-3461020014526,dermaexpress,https://cdn.shopify.com/s/files/1/0088/1937/6188/files/3461020014526.jpg,FC-20014526,3461020014526,"Institut Esthederm Lift & Repair Suero reafirmante para el contorno de ojos 15ml"
bp-dermaexpress-3461020007962,dermaexpress,https://cdn.shopify.com/s/files/1/0088/1937/6188/files/3461020007962.jpg,FC-20007962,3461020007962,"Institut Esthederm Osmoclean Gel limpiador 150ml"
bp-dermaexpress-3461022003054,dermaexpress,https://cdn.shopify.com/s/files/1/0088/1937/6188/files/3461022003054.jpg,FC-22003054,3461022003054,"Institut Esthederm Agua Celular Bruma aerosol 200ml"
bp-dermaexpress-4006000077734,dermaexpress,https://cdn.shopify.com/s/files/1/0088/1937/6188/files/4006000077734_8d03ae4d-4e3d-4a90-ae3f-0127d27c68dc.jpg,FC-00077734,4006000077734,"Eucerin Dermopure Triple Effect Crema corporal anti-imperfecciones 200 ml"
bp-dermaexpress-3337875894104,dermaexpress,https://cdn.shopify.com/s/files/1/0088/1937/6188/files/3337875894104.jpg,FC-75894104,3337875894104,"Vichy Mineral 89 Aqua-gel matificante 50 ml"
bp-dermaexpress-8809598450622,dermaexpress,https://cdn.shopify.com/s/files/1/0088/1937/6188/files/COSRXHydriumGreenteaAquaSoothingGelCream.png,FC-98450622,8809598450622,"COSRX Hydrium Greentea Aqua Soothing Gel Cream Crema calmante con té verde 50 ml"
bp-dermaexpress-3661434009334,dermaexpress,https://cdn.shopify.com/s/files/1/0088/1937/6188/files/3661434009334.jpg,FC-34009334,3661434009334,"Uriage Agua micelar Efecto calmante piel sensible 500 ml"
bp-dermaexpress-7508006185545,dermaexpress,https://cdn.shopify.com/s/files/1/0088/1937/6188/files/7508006185545.jpg,FC-06185545,7508006185545,"Panalab Cuteral wash probiotic Espuma limpiadora 240 ml"
bp-dermaexpress-3337875909525,dermaexpress,https://cdn.shopify.com/s/files/1/0088/1937/6188/files/3337875909525.jpg,FC-75909525,3337875909525,"CeraVe Oil Control Gel-crema hidratante piel mixta a grasa 52 ml"
bp-dermaexpress-8809598450646,dermaexpress,https://cdn.shopify.com/s/files/1/0088/1937/6188/files/SC50HM01.jpg,FC-98450646,8809598450646,"COSRX Hydrium Moisture Enriched Cream Crema con ácido hialurónico 50 ml"
bp-dermaexpress-8809598451032,dermaexpress,https://cdn.shopify.com/s/files/1/0088/1937/6188/files/SC50FF01_3.jpg,FC-98451032,8809598451032,"COSRX Full Fit Propolis Light Cream Crema facial con propóleo 65 ml"
bp-dermaexpress-8809598454668,dermaexpress,https://cdn.shopify.com/s/files/1/0088/1937/6188/files/SC40TR04_1.jpg,FC-98454668,8809598454668,"COSRX The Hyaluronic Acid 3 Sérum con 3% ácido hialurónico 20 ml"
bp-dermaexpress-8809598453869,dermaexpress,https://cdn.shopify.com/s/files/1/0088/1937/6188/files/SC40RH01_1_9ad26b64-d341-4d6f-b365-1c25d6e0488c.jpg,FC-98453869,8809598453869,"COSRX Refresh AHA/BHA Vitamin C Booster Sérum con AHA 30 ml"
bp-dermaexpress-8809598451506,dermaexpress,https://cdn.shopify.com/s/files/1/0088/1937/6188/files/SC40PF01_1.jpg,FC-98451506,8809598451506,"COSRX Pure Fit Cica Sérum 30 ml"
bp-dermaexpress-8809598450653,dermaexpress,https://cdn.shopify.com/s/files/1/0088/1937/6188/files/SC40HM02_1.jpg,FC-98450653,8809598450653,"COSRX Hydrium Triple Hyaluronic Ampoule Sérum con ácido hialurónico 40 ml"
bp-dermaexpress-8809598451902,dermaexpress,https://cdn.shopify.com/s/files/1/0088/1937/6188/files/SC10RH02_1.jpg,FC-98451902,8809598451902,"COSRX Refresh AHA/BHA Vitamin C Daily Toner Tónico con AHA 150 ml"
bp-dermaexpress-8809598451070,dermaexpress,https://cdn.shopify.com/s/files/1/0088/1937/6188/files/EC10AS01_1.jpg,FC-98451070,8809598451070,"COSRX Advanced Snail Peptide contorno de ojos con mucina 25 ml"
bp-dermaexpress-8809598453388,dermaexpress,https://cdn.shopify.com/s/files/1/0088/1937/6188/files/SP99BM01.jpg,FC-98453388,8809598453388,"COSRX Balancium Ceramide Lip Butter Bálsamo labial con ceramidas 20 gr"
bp-dermaexpress-8809598453241,dermaexpress,https://cdn.shopify.com/s/files/1/0088/1937/6188/files/SP99FF01_1.jpg,FC-98453241,8809598453241,"COSRX Full Fit Propolis Sleeping Mask Mascarilla nocturna con propóleo 20 gr"
bp-dermaexpress-8809416470511,dermaexpress,https://cdn.shopify.com/s/files/1/0088/1937/6188/files/CL20LH09_1.jpg,FC-16470511,8809416470511,"COSRX Low pH Good Morning Gel Cleanser Gel limpiador facial 150 ml"
bp-dermaexpress-8809598455627,dermaexpress,https://cdn.shopify.com/s/files/1/0088/1937/6188/files/CL10LH02_1.jpg,FC-98455627,8809598455627,"COSRX Low pH Niacinamide Micellar Cleansing Water Agua micelar con niacinamida 400 ml"
bp-dermaexpress-3661434004735,dermaexpress,https://cdn.shopify.com/s/files/1/0088/1937/6188/files/3661434004735_1.jpg,FC-34004735,3661434004735,"Uriage Bariederm-cica Crema reparadora cobre-zinc 40 ml"
bp-dermaexpress-3661434000508,dermaexpress,https://cdn.shopify.com/s/files/1/0088/1937/6188/files/3661434000508_1.jpg,FC-34000508,3661434000508,"Uriage Bariederm Crema antirozaduras aislante reparador 75ml."
bp-dermaexpress-3661434005367,dermaexpress,https://cdn.shopify.com/s/files/1/0088/1937/6188/files/3661434005367_1.jpg,FC-34005367,3661434005367,"Uriage Bariderm-cica Spray reparador secante sos 100 ml"
bp-dermaexpress-3661434005008,dermaexpress,https://cdn.shopify.com/s/files/1/0088/1937/6188/files/3661434005008_1.jpg,FC-34005008,3661434005008,"Uriage Eau thermale Crema facial hidratante con ha 40 ml"
bp-dermaexpress-3661434008894,dermaexpress,https://cdn.shopify.com/s/files/1/0088/1937/6188/files/3661434008894_1.jpg,FC-34008894,3661434008894,"Uriage Bariesun spf50+ Crema con color tono claro 50 ml"
bp-dermaexpress-3661434008900,dermaexpress,https://cdn.shopify.com/s/files/1/0088/1937/6188/files/3661434008900_1.jpg,FC-34008900,3661434008900,"Uriage Bariesun spf50+ Crema con color tono dorado 50 ml"
bp-dermaexpress-3661434008399,dermaexpress,https://cdn.shopify.com/s/files/1/0088/1937/6188/files/3661434008399_1.jpg,FC-34008399,3661434008399,"Uriage Bariésun Protector solar spf50+ para niños 200 ml"
bp-dermaexpress-3661434005862,dermaexpress,https://cdn.shopify.com/s/files/1/0088/1937/6188/files/3661434005862.jpg,FC-34005862,3661434005862,"Uriage Gel de ducha sin jabón extra suave 500 ml"
bp-dermaexpress-3661434011979,dermaexpress,https://cdn.shopify.com/s/files/1/0088/1937/6188/files/3661434011979_1.jpg,FC-34011979,3661434011979,"Uriage Bariésun 100 Piel intolerante al sol spf50+ 50 ml"
bp-dermaexpress-3661434009396,dermaexpress,https://cdn.shopify.com/s/files/1/0088/1937/6188/files/3661434009396_1.jpg,FC-34009396,3661434009396,"Uriage Agua Micelar antioxidante piel normal y seca 500ml."
bp-dermaexpress-3661434004704,dermaexpress,https://cdn.shopify.com/s/files/1/0088/1937/6188/files/3661434004704_1.jpg,FC-34004704,3661434004704,"Uriage Eau thermale Loción corporal hidratante 500 ml"
bp-dermaexpress-3661434005923,dermaexpress,https://cdn.shopify.com/s/files/1/0088/1937/6188/files/3661434005923_1.jpg,FC-34005923,3661434005923,"Uriage Xemose Limpiador en aceite para piel seca y atópica 500 ml"
bp-dermaexpress-3661434005916,dermaexpress,https://cdn.shopify.com/s/files/1/0088/1937/6188/files/3661434005916_1.jpg,FC-34005916,3661434005916,"Uriage Xemose Gel limpiador para piel seca y atópica 500 ml"
bp-dermaexpress-3661434002564,dermaexpress,https://cdn.shopify.com/s/files/1/0088/1937/6188/files/3661434002564_1.jpg,FC-34002564,3661434002564,"Uriage Bariésun Aceite seco spf50+ con vitamina e 200 ml"
bp-dermaexpress-3661434005015,dermaexpress,https://cdn.shopify.com/s/files/1/0088/1937/6188/files/3661434005015_f21c5b40-3de3-4e7c-b10d-4494f9159e5f.jpg,FC-34005015,3661434005015,"Uriage Eau thermale Contorno de ojos con ácido hialurónico 15 ml"
bp-dermaexpress-3661434008917,dermaexpress,https://cdn.shopify.com/s/files/1/0088/1937/6188/files/3661434008917_1.jpg,FC-34008917,3661434008917,"Uriage Bariesun spf50+ Fluido anti manchas 40 ml"
bp-dermaexpress-3661434009341,dermaexpress,https://cdn.shopify.com/s/files/1/0088/1937/6188/files/3661434009341.jpg,FC-34009341,3661434009341,"Uriage Agua micelar Purificante piel grasa 100 ml"
bp-dermaexpress-3661434009365,dermaexpress,https://cdn.shopify.com/s/files/1/0088/1937/6188/files/3661434009365.jpg,FC-34009365,3661434009365,"Uriage Agua micelar Purificante piel grasa 500 ml"
bp-dermaexpress-3661434010057,dermaexpress,https://cdn.shopify.com/s/files/1/0088/1937/6188/files/3661434010057_1.jpg,FC-34010057,3661434010057,"Uriage Hyseac spf50+ Fluido piel mixta a grasa 50 ml"
bp-dermaexpress-3661434008788,dermaexpress,https://cdn.shopify.com/s/files/1/0088/1937/6188/files/3661434008788_1.jpg,FC-34008788,3661434008788,"Uriage Limpiador corporal hidratante diario 500ml."
bp-dermaexpress-3661434009525,dermaexpress,https://cdn.shopify.com/s/files/1/0088/1937/6188/files/3661434009525_1.jpg,FC-34009525,3661434009525,"Uriage Eau thermale Sérum booster con 1.5% ha 30 ml"
bp-dermaexpress-3661434006548,dermaexpress,https://cdn.shopify.com/s/files/1/0088/1937/6188/files/3661434006548_1.jpg,FC-34006548,3661434006548,"Uriage Bariderm-cica spf50+ Crema multiusos cobre-zinc 40 ml"
bp-dermaexpress-3661434005596,dermaexpress,https://cdn.shopify.com/s/files/1/0088/1937/6188/files/3661434005596_671ee230-75e6-420b-82e4-9a4ab0fcd86a.jpg,FC-34005596,3661434005596,"Uriage Bariesun Fluido matificante spf50+ para piel mixta 50 ml"
bp-dermaexpress-3661434004742,dermaexpress,https://cdn.shopify.com/s/files/1/0088/1937/6188/files/3661434004742_1.jpg,FC-34004742,3661434004742,"Uriage Bariederm-cica Crema reparadora cobre-zinc 100 ml"
bp-dermaexpress-3282770139228,dermaexpress,https://cdn.shopify.com/s/files/1/0088/1937/6188/files/208a8362-2254-4619-a8d7-e674bf06ed75.jpg,FC-70139228,3282770139228,"Avene Cleanance Intensive gel limpieza profunda 150 ml"
bp-dermaexpress-8429420246881,dermaexpress,https://cdn.shopify.com/s/files/1/0088/1937/6188/files/8429420246881.jpg,FC-20246881,8429420246881,"Isdin Foto Ultra Spot Prevent Color FPS50+ 50 ml"
bp-dermaexpress-8470003808576,dermaexpress,https://cdn.shopify.com/s/files/1/0088/1937/6188/files/8470003808576.jpg,FC-03808576,8470003808576,"Isdin Ureadin Crema hidratación intensa 50 ml"
bp-dermaexpress-3282779412483,dermaexpress,https://cdn.shopify.com/s/files/1/0088/1937/6188/files/1_67bb05d4-c4fe-4c8f-81de-0bbbfecdcd59.jpg,FC-79412483,3282779412483,"Avene Kit-Xeracalm AD crema 200ml + Aceite limpiador 100ml."
bp-dermaexpress-3282770207187,dermaexpress,https://cdn.shopify.com/s/files/1/0088/1937/6188/files/3282770207187_1.jpg,FC-70207187,3282770207187,"Avene Fluido solar despigmentante SPF50+ tono medio 40 ml"
bp-dermaexpress-3282770207217,dermaexpress,https://cdn.shopify.com/s/files/1/0088/1937/6188/files/3282770207217_1.jpg,FC-70207217,3282770207217,"Avene Fluido solar despigmentante SPF50+ tono claro 40 ml"
bp-dermaexpress-3282770146394,dermaexpress,https://cdn.shopify.com/s/files/1/0088/1937/6188/files/3282770146394_1.jpg,FC-70146394,3282770146394,"Avene Cleanance Aquagel hidratante matificante 50 ml"
bp-dermaexpress-8429420291317,dermaexpress,https://cdn.shopify.com/s/files/1/0088/1937/6188/files/8429420291317.jpg,FC-20291317,8429420291317,"Isdin Fusion Water Magic By Alcaraz FPS50 50 ml"
bp-dermaexpress-3499320015776,dermaexpress,https://cdn.shopify.com/s/files/1/0088/1937/6188/files/3337875916998_74fe46a2-fed0-4eb7-be8c-924cbdfaff5d.avif,FC-20015776,3499320015776,"Cetaphil Healthy Renew Gel limpiador hidratante triple acción 160 ml"
bp-dermaexpress-3661434011962,dermaexpress,https://cdn.shopify.com/s/files/1/0088/1937/6188/files/3661434011962_1.jpg,FC-34011962,3661434011962,"Uriage DS hair Shampoo suave equilibrante diario 500 ml"
bp-dermaexpress-3661434010101,dermaexpress,https://cdn.shopify.com/s/files/1/0088/1937/6188/files/3661434010101_1.jpg,FC-34010101,3661434010101,"Uriage Hyseac Sérum renovador 5.8% aha zinc para piel grasa 30 ml"
bp-dermaexpress-3661434009310,dermaexpress,https://cdn.shopify.com/s/files/1/0088/1937/6188/files/3661434009310_1_7ab958d6-85ab-469a-83ce-82ccef63ee49.jpg,FC-34009310,3661434009310,"Uriage DS Shampoo Anticaspa severa con ácido láctico 150 ml"
bp-dermaexpress-3661434009280,dermaexpress,https://cdn.shopify.com/s/files/1/0088/1937/6188/files/3661434009280_1.jpg,FC-34009280,3661434009280,"Uriage Age lift Tratamiento filler instantáneo retinol 30 ml"
bp-dermaexpress-3661434009273,dermaexpress,https://cdn.shopify.com/s/files/1/0088/1937/6188/files/3661434009273_1.jpg,FC-34009273,3661434009273,"Uriage Age lift Sérum intensivo antiedad con retinol 30 ml"
bp-dermaexpress-3661434009266,dermaexpress,https://cdn.shopify.com/s/files/1/0088/1937/6188/files/3661434009266_1.jpg,FC-34009266,3661434009266,"Uriage Age lift Sérum antiedad reafirmante con retinol 40 ml"
bp-dermaexpress-3661434009228,dermaexpress,https://cdn.shopify.com/s/files/1/0088/1937/6188/files/3661434009228_1.jpg,FC-34009228,3661434009228,"Uriage Age lift Crema de noche antiedad con retinol 40 ml"
bp-dermaexpress-3661434009198,dermaexpress,https://cdn.shopify.com/s/files/1/0088/1937/6188/files/3661434009198_1.jpg,FC-34009198,3661434009198,"Uriage Age absolu Mascarilla reafirmante con retinol 50 ml"
bp-dermaexpress-3661434002687,dermaexpress,https://cdn.shopify.com/s/files/1/0088/1937/6188/files/3661434002687_1.jpg,FC-34002687,3661434002687,"Uriage Desodorante extra suave para piel sensible 24h 50 ml"
bp-dermaexpress-3701129813201,dermaexpress,https://cdn.shopify.com/s/files/1/0088/1937/6188/files/3701129813201.jpg,FC-29813201,3701129813201,"Bioderma Photoderm Dry Touch FPS50+ Protector solar facial neutro para piel mixta o grasa 40 ml"
bp-dermaexpress-3701129813294,dermaexpress,https://cdn.shopify.com/s/files/1/0088/1937/6188/files/3701129813294.jpg,FC-29813294,3701129813294,"Bioderma Photoderm Dry Touch FPS50+ Protector solar facial muy claro para piel mixta o grasa 40 ml"
bp-dermaexpress-3701129813263,dermaexpress,https://cdn.shopify.com/s/files/1/0088/1937/6188/files/3701129813263.jpg,FC-29813263,3701129813263,"Bioderma Photoderm Dry Touch FPS50+ Protector solar facial tono Dorado para piel mixta o grasa 40 ml"
bp-dermaexpress-3701129813232,dermaexpress,https://cdn.shopify.com/s/files/1/0088/1937/6188/files/3701129813232.jpg,FC-29813232,3701129813232,"Bioderma Photoderm Dry Touch FPS50+ Protector solar facial claro para piel mixta o grasa 40 ml"
bp-dermaexpress-7501273500233,dermaexpress,https://cdn.shopify.com/s/files/1/0088/1937/6188/files/7501273500233_004de7cf-9bc2-42a6-8c7b-a9b9e79c7798.jpg,FC-73500233,7501273500233,"Remexa Oleoderm plus Auxiliar en malestares cutáneos 225 ml"
bp-dermaexpress-8436574363692,dermaexpress,https://cdn.shopify.com/s/files/1/0088/1937/6188/files/EndocareGlycoperfectCreamyCleanser_1.jpg,FC-74363692,8436574363692,"Cantabria Labs Endocare Renewal Glycoperfect Limpiador cremoso 150 ml"
bp-dermaexpress-732013302924,dermaexpress,https://cdn.shopify.com/s/files/1/0088/1937/6188/files/732013302924.jpg,FC-13302924,732013302924,"Neostrata Skin Active Retinol Complex Crema Facial Reafirmante 30 ml"
bp-dermaexpress-732013303037,dermaexpress,https://cdn.shopify.com/s/files/1/0088/1937/6188/files/732013303037.jpg,FC-13303037,732013303037,"Neostrata Skin Active Rebound Crema Facial 50 g"
bp-dermaexpress-3499320015769,dermaexpress,https://cdn.shopify.com/s/files/1/0088/1937/6188/files/3499320015769_1.avif,FC-20015769,3499320015769,"Cetaphil Healthy Renew Sérum facial antienvejecimiento 30 gr"
bp-dermaexpress-7502002462693,dermaexpress,https://cdn.shopify.com/s/files/1/0088/1937/6188/files/7502002462693_1.jpg,FC-02462693,7502002462693,"Farmapiel Yunneco Gel 3% para acné 30 gr"
bp-dermaexpress-7502002462686,dermaexpress,https://cdn.shopify.com/s/files/1/0088/1937/6188/files/7502002462686_1.jpg,FC-02462686,7502002462686,"Farmapiel Yunneco Gel 1% para acné 30 gr"
bp-dermaexpress-3337875735742,dermaexpress,https://cdn.shopify.com/s/files/1/0088/1937/6188/files/3337875735742.jpg,FC-75735742,3337875735742,"La Roche-Posay Cicaplast B5 Spray Reparador calmante 100 ml"
bp-dermaexpress-3337872420153,dermaexpress,https://cdn.shopify.com/s/files/1/0088/1937/6188/files/3337872420153.jpg,FC-72420153,3337872420153,"La Roche-Posay Protector Solar en Bruma Corporal Invisible Anthelios FPS 50+ Ultra ligera para piel sensible 200 ml"
bp-dermaexpress-853676003079,dermaexpress,https://cdn.shopify.com/s/files/1/0088/1937/6188/files/8_8efb6daa-c419-4a42-bd96-3be8d0b13690.png,FC-76003079,853676003079,"M.A.D. Salicylic Cleansing Gel Limpiador para piel con tendencia al acné 200 ml"
bp-dermaexpress-853676003208,dermaexpress,https://cdn.shopify.com/s/files/1/0088/1937/6188/files/5_2a03ca56-0ecc-4a4f-8850-8466a51cbe05.png,FC-76003208,853676003208,"M.A.D. Redness Rescue Gel humectante para piel sensible 30 gr"
bp-dermaexpress-853676003130,dermaexpress,https://cdn.shopify.com/s/files/1/0088/1937/6188/files/3_e6bcf5d0-2de5-419d-be3c-55a553381d1f.png,FC-76003130,853676003130,"M.A.D. Delicate Daily Moisturizer Crema de día calmante 50 ml*"
bp-dermaexpress-853676003185,dermaexpress,https://cdn.shopify.com/s/files/1/0088/1937/6188/files/6_adec8b09-57c3-4910-bd0b-471ddc2cfc8d.png,FC-76003185,853676003185,"M.A.D. Breakout Control Daily Moisturizer Humectante diario antiacné 50 ml"
bp-dermaexpress-853676003093,dermaexpress,https://cdn.shopify.com/s/files/1/0088/1937/6188/files/Sintitulo-1_73502512-3a0e-45dc-904d-1661595842df.png,FC-76003093,853676003093,"M.A.D. Blemish Repelling Gel 5% BPO Gel con peróxido de benzoilo 5% 60 gr"
bp-dermaexpress-853676003437,dermaexpress,https://cdn.shopify.com/s/files/1/0088/1937/6188/files/4_ea8e5d8d-bd92-414b-9022-ba17d64ef57f.png,FC-76003437,853676003437,"M.A.D. Acne Drying Lotion Sulfur 10% Tratamiento nocturno para espinillas 30 ml"
bp-dermaexpress-813419026796,dermaexpress,https://cdn.shopify.com/s/files/1/0088/1937/6188/files/ed05a4c8-f60b-4141-9129-25643ca1b967.jpg,FC-19026796,813419026796,"Colorescience Total Protection Face Shield SPF50 Glow 55 ml"
bp-dermaexpress-813419026697,dermaexpress,https://cdn.shopify.com/s/files/1/0088/1937/6188/files/blush.png,FC-19026697,813419026697,"Colorescience Total Protection Color Balm SPF50 Color Blush 9 gr"
bp-dermaexpress-813419026710,dermaexpress,https://cdn.shopify.com/s/files/1/0088/1937/6188/files/Colorbronze.png,FC-19026710,813419026710,"Colorescience Total Protection Color Balm SPF50 Color Bronze 9 gr"
bp-dermaexpress-813419023900,dermaexpress,https://cdn.shopify.com/s/files/1/0088/1937/6188/files/3_7380da46-179b-4f0a-8a1e-482e2ea6d874.png,FC-19023900,813419023900,"Colorescience Total Protection Brush-On Shield SPF50 Medium"
bp-dermaexpress-813419024044,dermaexpress,https://cdn.shopify.com/s/files/1/0088/1937/6188/files/Disenosintitulo_5_1.png,FC-19024044,813419024044,"Colorescience Total Eye 3-in-1 Renewal Therapy SPF35 Medium 7 ml"
bp-dermaexpress-813419027366,dermaexpress,https://cdn.shopify.com/s/files/1/0088/1937/6188/files/Disenosintitulo_46.png,FC-19027366,813419027366,"Colorescience Face Shield Flex SPF50 Fair 55 ml"
bp-dermaexpress-358892319015,dermaexpress,https://cdn.shopify.com/s/files/1/0088/1937/6188/files/Walmart_Ultra_Zinc_Tinted.webp,FC-92319015,358892319015,"Tizo Protector solar mineral con color SPF40 100 ml"
bp-dermaexpress-358892103300,dermaexpress,https://cdn.shopify.com/s/files/1/0088/1937/6188/files/PM_Restore.webp,FC-92103300,358892103300,"Tizo PM restore Tratamiento nocturno con retinol y ceramidas 29 ml"
bp-dermaexpress-358892123308,dermaexpress,https://cdn.shopify.com/s/files/1/0088/1937/6188/files/Mineral_Stick_Non-Tint.webp,FC-92123308,358892123308,"Tizo Protector solar en barra mineral sin color 30 g"
bp-dermaexpress-358892113156,dermaexpress,https://cdn.shopify.com/s/files/1/0088/1937/6188/files/TiZO_Eye_Renewal_SPF_20.webp,FC-92113156,358892113156,"Tizo Contorno de ojos eye renewal con protección solar mineral SPF20 15 g"
bp-dermaexpress-358892326501,dermaexpress,https://cdn.shopify.com/s/files/1/0088/1937/6188/files/TiZO3.webp,FC-92326501,358892326501,"Tizo 3 Protector solar facial mineral SPF40 con color 50 ml"
bp-dermaexpress-7501124182328,dermaexpress,https://cdn.shopify.com/s/files/1/0088/1937/6188/files/7501124182328.jpg,FC-24182328,7501124182328,"Panalab Proavenal H Crema 1% tratamiento tópico 50 g"
bp-dermaexpress-4005900906083,dermaexpress,https://cdn.shopify.com/s/files/1/0088/1937/6188/files/4005900906083.jpg,FC-00906083,4005900906083,"Eucerin Pigment Control Protector solar anti-manchas tono medio FPS50+ 50 ml"
bp-dermaexpress-4005900902566,dermaexpress,https://cdn.shopify.com/s/files/1/0088/1937/6188/files/4005900902566.jpg,FC-00902566,4005900902566,"Eucerin Pigment Control Protector solar anti-manchas tono claro FPS50+ 50 ml"
bp-dermaexpress-736211284860,dermaexpress,https://cdn.shopify.com/s/files/1/0088/1937/6188/files/736211284860.png,FC-11284860,736211284860,"DS Spectral DNC Loción capilar anticaída 60 ml"
bp-dermaexpress-3701129802168,dermaexpress,https://cdn.shopify.com/s/files/1/0088/1937/6188/files/3701129802168.jpg,FC-29802168,3701129802168,"Bioderma ABCDerm Change Intensif Crema reparadora para bebés y niños 75 gr"
bp-dermaexpress-3701129810019,dermaexpress,https://cdn.shopify.com/s/files/1/0088/1937/6188/files/3701129810019.jpg,FC-29810019,3701129810019,"Bioderma Cicabio Baume Lavant Bálsamo limpiador reparador 200 ml"
bp-dermaexpress-3701129801994,dermaexpress,https://cdn.shopify.com/s/files/1/0088/1937/6188/files/3701129801994.jpg,FC-29801994,3701129801994,"Bioderma ABCDerm H2O Agua micelar desmaquillante para bebé 100 ml"
bp-dermaexpress-8470002116511,dermaexpress,https://cdn.shopify.com/s/files/1/0088/1937/6188/files/BiretixCleanser400ml_3.jpg,FC-02116511,8470002116511,"Cantabria Labs Biretix Cleanser Gel limpiador purificante 400 ml"
bp-dermaexpress-3760095254272,dermaexpress,https://cdn.shopify.com/s/files/1/0088/1937/6188/files/3760095254272.jpg,FC-95254272,3760095254272,"ACM Depiwhite Mousse Dermolimpiador aclarante 200 ml"
bp-dermaexpress-3337875892308,dermaexpress,https://cdn.shopify.com/s/files/1/0088/1937/6188/files/121212.png,FC-75892308,3337875892308,"Vichy Capital soleil cell protect oil fps50+ Protege la piel del daño solar 200 ml"
bp-dermaexpress-3760095252872,dermaexpress,https://cdn.shopify.com/s/files/1/0088/1937/6188/files/3760095252872.jpg,FC-95252872,3760095252872,"ACM Rosakalm Agua micelar desmaquillante 250 ml"
bp-dermaexpress-3337875890069,dermaexpress,https://cdn.shopify.com/s/files/1/0088/1937/6188/files/1e9fd10b-6c80-48a3-b47f-d020a68ab155.jpg,FC-75890069,3337875890069,"La Roche-Posay Mela B3 Cleanser Dermolimpiador anti-manchas 200 ml"
bp-dermaexpress-3337875895781,dermaexpress,https://cdn.shopify.com/s/files/1/0088/1937/6188/files/Diseno_sin_titulo.png,FC-75895781,3337875895781,"Vichy Mineral 89 Crema uv spf50+ Hidratación y antioxidante 50 ml"
bp-dermaexpress-7501124185480,dermaexpress,https://cdn.shopify.com/s/files/1/0088/1937/6188/files/7501124185480_hh_4.png,FC-24185480,7501124185480,"Panalab Kit Aminoter D 30 caps + Aminoter D 30 caps"
bp-dermaexpress-3461020017091,dermaexpress,https://cdn.shopify.com/s/files/1/0088/1937/6188/files/Disenosintitulo_34_d72fd8c3-9637-4d0f-8f4e-472f9cc149db.png,FC-20017091,3461020017091,"Institut Esthederm Agua Celular Loción en esencia hidratante 125ml"
bp-dermaexpress-3461020012409,dermaexpress,https://cdn.shopify.com/s/files/1/0088/1937/6188/files/Disenosintitulo_26_219fce6d-4f4f-4a0f-9022-bb0538115f6f.png,FC-20012409,3461020012409,"Institut Esthederm Adaptasun Fotoprotector facial 50ml"
bp-dermaexpress-3461020014236,dermaexpress,https://cdn.shopify.com/s/files/1/0088/1937/6188/files/3461020014236.jpg,FC-20014236,3461020014236,"Institut Esthederm Morpho Fitness Suero reductor 100ml"
bp-dermaexpress-3461020014267,dermaexpress,https://cdn.shopify.com/s/files/1/0088/1937/6188/files/3461020014267.jpg,FC-20014267,3461020014267,"Institut Esthederm Body Care Leche hidratante y reafirmante 400ml"
bp-dermaexpress-3461020014243,dermaexpress,https://cdn.shopify.com/s/files/1/0088/1937/6188/files/3461020014243.jpg,FC-20014243,3461020014243,"Institut Esthederm Body Care Crema reductora y reafirmante 200ml"
bp-dermaexpress-3461020014274,dermaexpress,https://cdn.shopify.com/s/files/1/0088/1937/6188/files/3461020014274.jpg,FC-20014274,3461020014274,"Institut Esthederm Body Care Bálsamo reafirmante ultra hidratante 200ml"
bp-dermaexpress-3461020002103,dermaexpress,https://cdn.shopify.com/s/files/1/0088/1937/6188/files/Disenosintitulo_23_4f8d7dae-33e7-4f87-8190-60fce7226992.png,FC-20002103,3461020002103,"Institut Esthederm Adaptasun Agua solar fotoprotectora 150ml"
bp-dermaexpress-3461020008082,dermaexpress,https://cdn.shopify.com/s/files/1/0088/1937/6188/files/3701129800621_1.avif,FC-20008082,3461020008082,"Institut Esthederm Osmoclean Mascarilla exfoliante aclaradora 75ml"
bp-dermaexpress-8413400005988,dermaexpress,https://cdn.shopify.com/s/files/1/0088/1937/6188/files/a46b7cf8-9777-4a10-b415-5486ba0620be.jpg,FC-00005988,8413400005988,"Lullage bella dia crema 50ml."
bp-dermaexpress-850019136333,dermaexpress,https://cdn.shopify.com/s/files/1/0088/1937/6188/files/1_c9a6df53-0d3d-40f6-b2af-27c5e821cf9d.png,FC-19136333,850019136333,"Lullage Splendor Sérum Elasticidad y Firmeza 30 ml"
bp-dermaexpress-8413400005025,dermaexpress,https://cdn.shopify.com/s/files/1/0088/1937/6188/files/8413400005025.jpg,FC-00005025,8413400005025,"Lullage splendor 10 tratamiento noche 50ml."
bp-dermaexpress-8413400005018,dermaexpress,https://cdn.shopify.com/s/files/1/0088/1937/6188/files/1_92b39e37-c417-4cbe-9b7a-a11fd046cf39.png,FC-00005018,8413400005018,"Lullage Splendor 10 Tratamiento Día 50 ml"
bp-dermaexpress-850019136111,dermaexpress,https://cdn.shopify.com/s/files/1/0088/1937/6188/files/2_753c17f0-829d-4362-8f81-b38e7ac398fd.png,FC-19136111,850019136111,"Lullage Splendor Dropper Serum 30 ml"
bp-dermaexpress-8413400008583,dermaexpress,https://cdn.shopify.com/s/files/1/0088/1937/6188/files/8413400008583.jpg,FC-00008583,8413400008583,"Lullage bella dia crema 30ml."
bp-dermaexpress-8436574363654,dermaexpress,https://cdn.shopify.com/s/files/1/0088/1937/6188/files/IMAGE1.jpg,FC-74363654,8436574363654,"Cantabria Labs Neoretin DC Sensitive Areas Loción aclarante corporal 100 ml"
bp-dermaexpress-3760201231173,dermaexpress,https://cdn.shopify.com/s/files/1/0088/1937/6188/files/3760201231173.avif,FC-01231173,3760201231173,"Etat Pur Activo Puro Enoxolona Sérum para pieles sensibles 15 ml"
bp-dermaexpress-8429979456175,dermaexpress,https://cdn.shopify.com/s/files/1/0088/1937/6188/files/8429979456175_2_d94459b0-e1a7-41fd-b4a4-0ecfcfd80679.jpg,FC-79456175,8429979456175,"Sesderma S-repaskin Fluido ligero corporal spf50+ previene arrugas manchas y quemaduras solares 200 ml"
bp-dermaexpress-8429979479457,dermaexpress,https://cdn.shopify.com/s/files/1/0088/1937/6188/files/8429979479457_2.jpg,FC-79479457,8429979479457,"Sesderma S-retisil Contorno de ojos y labios efecto reafirmante 30 ml"
bp-dermaexpress-3282770392401,dermaexpress,https://cdn.shopify.com/s/files/1/0088/1937/6188/files/3282770392401_1.jpg,FC-70392401,3282770392401,"Ducray Kelual DS Gel limpiador antiescamas 200 ml"
bp-dermaexpress-3499320016575,dermaexpress,https://cdn.shopify.com/s/files/1/0088/1937/6188/files/WhatsAppImage2024-06-07at12.31.32PM-Photoroom.png,FC-20016575,3499320016575,"Galderma Benzacare Power Patch para imperfecciones 36 piezas"
bp-dermaexpress-3282770144413,dermaexpress,https://cdn.shopify.com/s/files/1/0088/1937/6188/files/3282770144413_1.jpg,FC-70144413,3282770144413,"Avene Cleanance Gel de limpieza profunda 400 ml"
bp-dermaexpress-3282779410007,dermaexpress,https://cdn.shopify.com/s/files/1/0088/1937/6188/files/3282779410007_1.jpg,FC-79410007,3282779410007,"Avene kit protector solar con color fps50 ultra fluido oil control mat perfect 50ml+ Agua termal 50ml."
bp-dermaexpress-3282779409995,dermaexpress,https://cdn.shopify.com/s/files/1/0088/1937/6188/files/3282779409995_1.jpg,FC-79409995,3282779409995,"Avene Kit Solar FPS50+ Ultra Fluid Oil Control Ultra Mat 50 ml + Agua termal 50 ml"
bp-dermaexpress-3282770393859,dermaexpress,https://cdn.shopify.com/s/files/1/0088/1937/6188/files/3282770393859_1.jpg,FC-70393859,3282770393859,"Aderma Exomega Control Dermolimpiador en aceite emoliente 500 ml"
bp-dermaexpress-731416396554,dermaexpress,https://cdn.shopify.com/s/files/1/0088/1937/6188/files/01_f4649fb3-1a98-4f1c-8bb9-580c72d6da90.jpg,FC-16396554,731416396554,"Envera Protector Solar Despigmentante FPS50+ UVA/UVB PA++++ 50 ml"
bp-dermaexpress-788115725086,dermaexpress,https://cdn.shopify.com/s/files/1/0088/1937/6188/files/01_19de606f-f602-4bd1-bbe0-fc120c552a6f.jpg,FC-15725086,788115725086,"Envera Rellenable de Protector Solar Light 50ml."
bp-dermaexpress-788115725109,dermaexpress,https://cdn.shopify.com/s/files/1/0088/1937/6188/files/01_64cd8f92-871b-4674-96a1-a00937be6704.jpg,FC-15725109,788115725109,"Envera Protector Solar FPS50+ UVA/UVB Primer sin color Rellenable 50 ml"
bp-dermaexpress-788115725031,dermaexpress,https://cdn.shopify.com/s/files/1/0088/1937/6188/files/Diseno_sin_titulo_1833ef66-2e9b-44ea-9c8e-b5704c63a23f.png,FC-15725031,788115725031,"Envera Protector Solar en barra stick transparente FPS50+ UVA/UVB PA++++ 15 gr"
bp-dermaexpress-781159932212,dermaexpress,https://cdn.shopify.com/s/files/1/0088/1937/6188/files/01_391124cc-f464-4a84-a89f-77b57d3ad6f0.jpg,FC-59932212,781159932212,"Envera Protector Solar FPS50+ UVA/UVB Tono Light 50 ml"
bp-dermaexpress-4006000045832,dermaexpress,https://cdn.shopify.com/s/files/1/0088/1937/6188/files/Eucerin-Anti-Rojes-Crema-Facial-50-Ml-4006000045832-638533835533602859-1_1.jpg,FC-00045832,4006000045832,"Eucerin Crema anti-enrojecimiento calmante 50 ml"
bp-dermaexpress-3282770390315,dermaexpress,https://cdn.shopify.com/s/files/1/0088/1937/6188/files/3282770390315_1.jpg,FC-70390315,3282770390315,"Avene Cleanance Loción micelar para piel grasa reduce sebo y brillo 400 ml"
bp-dermaexpress-7897930778641,dermaexpress,https://cdn.shopify.com/s/files/1/0088/1937/6188/files/3SERUMFACIALTRIPLEACCIONTUBO3000X3000.avif,FC-30778641,7897930778641,"Cetaphil Oil Control Sérum facial triple acción para piel grasa 30 ml"
bp-dermaexpress-7509552938791,dermaexpress,https://cdn.shopify.com/s/files/1/0088/1937/6188/files/7509552938791_01.jpg,FC-52938791,7509552938791,"Vichy Kit Capital soleil agua protector solar 200 ml + Capital soleil uv-age daily teinté 3 ml + Capital soleil uv-age daily 3 ml"
bp-dermaexpress-7509552934779,dermaexpress,https://cdn.shopify.com/s/files/1/0088/1937/6188/files/7509552934779_1.jpg,FC-52934779,7509552934779,"La Roche-Posay Kit Anthelios UV Mune 400 Fluido c/c Oil Control 50 ml + Effaclar Agua Micelar Ultra 50 ml + Effaclar Sérum Ultra Concentrado 3 ml"
bp-dermaexpress-3337875886024,dermaexpress,https://cdn.shopify.com/s/files/1/0088/1937/6188/files/3337875886024_1.jpg,FC-75886024,3337875886024,"La Roche-Posay Latte Doposole Anthelios Post-UV Exposure Para piel sensible 200 ml"
bp-dermaexpress-3337875888899,dermaexpress,https://cdn.shopify.com/s/files/1/0088/1937/6188/files/3337875888899_1.jpg,FC-75888899,3337875888899,"La Roche-Posay Anthelios UVMune 400 Dermo-Pediatrics Leche hidratante FPS 50+ Para piel sensible de niños 75 ml"
bp-dermaexpress-3337875888851,dermaexpress,https://cdn.shopify.com/s/files/1/0088/1937/6188/files/3337875888851_1.jpg,FC-75888851,3337875888851,"La Roche-Posay Anthelios UVMune 400 Dermo-Pediatrics Leche hidratante FPS 50+ Para piel sensible de niños 250 ml"
bp-dermaexpress-3337875886307,dermaexpress,https://cdn.shopify.com/s/files/1/0088/1937/6188/files/3337875886307_1.jpg,FC-75886307,3337875886307,"La Roche-Posay Anthelios UVMune 400 Dermo-Pediatrics Fluido Invisible FPS 50+ Para piel sensible de niños 50 ml"
bp-dermaexpress-3282779003131,dermaexpress,https://cdn.shopify.com/s/files/1/0088/1937/6188/files/3282779003131_1.jpg,FC-79003131,3282779003131,"Avene Agua termal spray calmante para piel sensible 300 ml"
bp-dermaexpress-3337875886055,dermaexpress,https://cdn.shopify.com/s/files/1/0088/1937/6188/files/3337875886055_1.jpg,FC-75886055,3337875886055,"La Roche-Posay Anthelios UVMune 400 Dermo-Pediatrics Spray Invisible FPS 50+ Para piel sensible y niños 200 ml"
bp-dermaexpress-3337875882736,dermaexpress,https://cdn.shopify.com/s/files/1/0088/1937/6188/files/3337875882736_1.jpg,FC-75882736,3337875882736,"La Roche-Posay Hyalu B5 Booster Hidratante con efecto lifting para piel sensible 15 ml"
bp-dermaexpress-3760269771338,dermaexpress,https://cdn.shopify.com/s/files/1/0088/1937/6188/files/Diseno_sin_titulo_2_2126f864-c373-44bf-9161-d53d9ad086f8.png,FC-69771338,3760269771338,"Isispharma Teen Derm Hydra Hidratante para pieles con acné 40 ml"
bp-dermaexpress-3282779003124,dermaexpress,https://cdn.shopify.com/s/files/1/0088/1937/6188/files/3282779003124_1.jpg,FC-79003124,3282779003124,"Avene Agua termal calma y refuerza la piel sensible 150 ml"
bp-dermaexpress-8429420251632,dermaexpress,https://cdn.shopify.com/s/files/1/0088/1937/6188/files/8429420251632_1.jpg,FC-20251632,8429420251632,"Isdin Ureadin Shower Gel Pieles secas 400 ml"
bp-dermaexpress-8429420251366,dermaexpress,https://cdn.shopify.com/s/files/1/0088/1937/6188/files/8429420251366_1.jpg,FC-20251366,8429420251366,"Isdin Ureadin Lotion 10 Hidratante para piel seca 400 ml"
bp-dermaexpress-8429420236219,dermaexpress,https://cdn.shopify.com/s/files/1/0088/1937/6188/files/8429420236219_1.jpg,FC-20236219,8429420236219,"Isdin Acniben Night Concentrate Anti imperfecciones 27 ml"
bp-dermaexpress-8429420282865,dermaexpress,https://cdn.shopify.com/s/files/1/0088/1937/6188/files/Fusion-Water-Magic-Glow-Spf-30-50Ml-8429420282865-638479169071419259-1.jpg,FC-20282865,8429420282865,"Isdin Fusion Water Magic Glow SPF30 Fotoprotector facial 50 ml"
bp-dermaexpress-8429420280885,dermaexpress,https://cdn.shopify.com/s/files/1/0088/1937/6188/files/Fotoprotector-Invisible-Stick-Spf-50-10G-8429420280885-638479169045743005-1.jpg,FC-20280885,8429420280885,"Isdin Fotoprotector Invisible Stick SPF50 Barra 10 gr"
bp-dermaexpress-8429420223349,dermaexpress,https://cdn.shopify.com/s/files/1/0088/1937/6188/files/Isdinceutics-Hm-Oily-50G-8429420223349-638441974018328637-1.jpg,FC-20223349,8429420223349,"Isdin Isdinceutics Hyaluronic Moisture Oily Hidratante para piel grasa 50 gr"
bp-dermaexpress-8429420223455,dermaexpress,https://cdn.shopify.com/s/files/1/0088/1937/6188/files/Isdinceutics-Hm-Oily-Refill-50G-8429420223455-638441974074477172-1.jpg,FC-20223455,8429420223455,"Isdin Isdinceutics Hyaluronic Moisture Oily Refill 50 gr"
bp-dermaexpress-5702191029437,dermaexpress,https://cdn.shopify.com/s/files/1/0088/1937/6188/files/Adaptaciones-36.jpg,FC-91029437,5702191029437,"Leo-Pharma Scheriderm Crema 15 g"
bp-dermaexpress-5702191029307,dermaexpress,https://cdn.shopify.com/s/files/1/0088/1937/6188/files/5702191008074_d10e4139-3538-436c-b90a-3bab772c3823.jpg,FC-91029307,5702191029307,"Leo Pharma Daivonex ungüento 30g"
bp-dermaexpress-3606000560833,dermaexpress,https://cdn.shopify.com/s/files/1/0088/1937/6188/files/3606000560833.png,FC-00560833,3606000560833,"CeraVe Sérum hidratante con ácido hialurónico 30 ml"
bp-dermaexpress-3760095254500,dermaexpress,https://cdn.shopify.com/s/files/1/0088/1937/6188/files/3760095254500.jpg,FC-95254500,3760095254500,"ACM Novophane Chronic Loción anti-caída 100 ml"
bp-dermaexpress-3337871323639,dermaexpress,https://cdn.shopify.com/s/files/1/0088/1937/6188/files/Cs-Lait-Enfant-Ip50-T300ml8-Langues-3337871323639-638406808260740662-1.jpg,FC-71323639,3337871323639,"Vichy Capital soleil 50+ Niños lait 300 ml"
bp-dermaexpress-8470002141452,dermaexpress,https://cdn.shopify.com/s/files/1/0088/1937/6188/files/H360CompactOilfreeBronze-2.jpg,FC-02141452,8470002141452,"Cantabria Labs Heliocare 360° Compacto color bronce FPS50+ 10 gr"
bp-dermaexpress-8470002141469,dermaexpress,https://cdn.shopify.com/s/files/1/0088/1937/6188/files/H360CompactOilfreeBeige2.jpg,FC-02141469,8470002141469,"Cantabria Labs Heliocare 360° Compacto protector solar beige FPS50+ 10 gr"
bp-dermaexpress-8470002100657,dermaexpress,https://cdn.shopify.com/s/files/1/0088/1937/6188/files/H360BodyGlow-Web-1.jpg,FC-02100657,8470002100657,"Cantabria Labs Heliocare 360° Body Glow Protector solar corporal FPS50+ 100 ml"
bp-dermaexpress-3760269771482,dermaexpress,https://cdn.shopify.com/s/files/1/0088/1937/6188/files/Diseno_sin_titulo_1aab01cd-3321-4e0a-bc06-1f883290db68.png,FC-69771482,3760269771482,"Isispharma Ruboril Cleansing Balm Bálsamo limpiador desmaquillante 100 ml"
bp-dermaexpress-8470002111363,dermaexpress,https://cdn.shopify.com/s/files/1/0088/1937/6188/files/Neoretin_DC_PigmentNeutralizer_Serum_Bottle_1.jpg,FC-02111363,8470002111363,"Cantabria Labs Neoretin DC Pigment Neutralizer Sérum despigmentante 30 ml"
bp-dermaexpress-3337875852333,dermaexpress,https://cdn.shopify.com/s/files/1/0088/1937/6188/files/3337875852333_1.jpg,FC-75852333,3337875852333,"La Roche-Posay Lipikar Lait Urea 10% Hidratante para pieles secas 200 ml"
bp-dermaexpress-3337875873048,dermaexpress,https://cdn.shopify.com/s/files/1/0088/1937/6188/files/3337875873048_1.jpg,FC-75873048,3337875873048,"Vichy Liftactiv collagen specialist Eye care 15 ml"
bp-dermaexpress-3337875890113,dermaexpress,https://cdn.shopify.com/s/files/1/0088/1937/6188/files/3337875890113_1.jpg,FC-75890113,3337875890113,"La Roche-Posay Mela B3 Crema FPS 30 Crema hidratante diaria protectora y correctora 40 ml"
bp-dermaexpress-3337875890021,dermaexpress,https://cdn.shopify.com/s/files/1/0088/1937/6188/files/1_3c8c43ec-a0c4-463c-af46-77858854c989.png,FC-75890021,3337875890021,"La Roche-Posay Sérum Mela B3 Anti-manchas y antienvejecimiento para piel sensible 30 ml"
bp-dermaexpress-3282770207675,dermaexpress,https://cdn.shopify.com/s/files/1/0088/1937/6188/files/3282770207675_1.jpg,FC-70207675,3282770207675,"Darrow Actine Colors Protector Solar FPS50+ para piel grasa tono Oscuro 40 gr"
bp-dermaexpress-3282770207651,dermaexpress,https://cdn.shopify.com/s/files/1/0088/1937/6188/files/3282770207651_1.png,FC-70207651,3282770207651,"Darrow Actine Colors Protector Solar FPS50+ para piel grasa tono Medio 40 gr"
bp-dermaexpress-3592610002156,dermaexpress,https://cdn.shopify.com/s/files/1/0088/1937/6188/files/3592610002156.jpg,FC-10002156,3592610002156,"Dexeryl dermolimpiador en aceite 500 ml"
bp-dermaexpress-3337875852302,dermaexpress,https://cdn.shopify.com/s/files/1/0088/1937/6188/files/3337875852302_1.jpg,FC-75852302,3337875852302,"La Roche-Posay Lipikar Lait Urea 10% Hidratante para pieles secas 400 ml"
bp-dermaexpress-7501124180980,dermaexpress,https://cdn.shopify.com/s/files/1/0088/1937/6188/files/7501124180980.jpg,FC-24180980,7501124180980,"Panalab Topifort Crema 30 gr"
bp-dermaexpress-7501124182106,dermaexpress,https://cdn.shopify.com/s/files/1/0088/1937/6188/files/1_428edc9f-ddda-4b1a-9ef2-ef9f975829c3.jpg,FC-24182106,7501124182106,"Panalab Execut 25mg. oral 25 tabletas"
bp-dermaexpress-7501124181949,dermaexpress,https://cdn.shopify.com/s/files/1/0088/1937/6188/files/7501124181949.jpg,FC-24181949,7501124181949,"Panalab Execut 10 mg 30 tabletas"
bp-dermaexpress-8163780225642,dermaexpress,https://cdn.shopify.com/s/files/1/0088/1937/6188/files/8163780225642.png,FC-80225642,8163780225642,"D.S Revita suplemento anti-caída c/60 gummies."
bp-dermaexpress-8163780224720,dermaexpress,https://cdn.shopify.com/s/files/1/0088/1937/6188/files/8163780224720.png,FC-80224720,8163780224720,"DS Revita Suplemento alimenticio anticaída 30 tabletas"
bp-dermaexpress-8163780226946,dermaexpress,https://cdn.shopify.com/s/files/1/0088/1937/6188/files/8163780226946-3.png,FC-80226946,8163780226946,"DS Revita Extra Strength Shampoo densidad capilar anticaída 205 ml"
bp-dermaexpress-3701129809280,dermaexpress,https://cdn.shopify.com/s/files/1/0088/1937/6188/files/a8e6e92b-c2c8-4e6a-9a7d-e03a25fccfb4.jpg,FC-29809280,3701129809280,"Bioderma Sébium Sérum anti-imperfecciones 30 ml"
bp-dermaexpress-3701129809334,dermaexpress,https://cdn.shopify.com/s/files/1/0088/1937/6188/files/3701129809334_1_8bdb62ba-64e5-447e-b38b-06808ea2f9b6.jpg,FC-29809334,3701129809334,"Bioderma Hydrabio Hyalu+ Sérum hidratante 30 ml"
bp-dermaexpress-3282770390469,dermaexpress,https://cdn.shopify.com/s/files/1/0088/1937/6188/files/3282770390469_1.jpg,FC-70390469,3282770390469,"Avene Cleanance Sérum exfoliante renovador 30 ml"
bp-dermaexpress-3282770393477,dermaexpress,https://cdn.shopify.com/s/files/1/0088/1937/6188/files/3282770393477_1.jpg,FC-70393477,3282770393477,"Avene Vitamin Activ Cg Sérum antiedad 30 ml"
bp-dermaexpress-8429420261389,dermaexpress,https://cdn.shopify.com/s/files/1/0088/1937/6188/files/3337875940139_fd419ee8-321d-412c-8cd8-530caa45c8e2.avif,FC-20261389,8429420261389,"Isdin Isdinceutics Melaclear Advanced Sérum Antimanchas 30 ml"
bp-dermaexpress-7509552932065,dermaexpress,https://cdn.shopify.com/s/files/1/0088/1937/6188/files/7509552932065_1.jpg,FC-52932065,7509552932065,"Vichy Rutina anti-imperfecciones Reductor de marcas"
bp-dermaexpress-3701129803455,dermaexpress,https://cdn.shopify.com/s/files/1/0088/1937/6188/files/3701129803455_2.jpg,FC-29803455,3701129803455,"Bioderma Photoderm Nude Touch FPS50+ tono muy claro protección solar facial 40 ml"
bp-dermaexpress-3499320014540,dermaexpress,https://cdn.shopify.com/s/files/1/0088/1937/6188/files/3499320014540_1.avif,FC-20014540,3499320014540,"Cetaphil Optimal Hydration Water Gel restaurador 48 gr"
bp-dermaexpress-3701129805343,dermaexpress,https://cdn.shopify.com/s/files/1/0088/1937/6188/files/3701129805343.jpg,FC-29805343,3701129805343,"Bioderma Atoderm Crema hidratante ultranutritiva 500 ml"
bp-dermaexpress-8436571631084,dermaexpress,https://cdn.shopify.com/s/files/1/0088/1937/6188/files/8436571631084.jpg,FC-71631084,8436571631084,"Babe wet skin Fotoproteccion pediatrica spf50 200ml."
bp-dermaexpress-8436571631572,dermaexpress,https://cdn.shopify.com/s/files/1/0088/1937/6188/files/8436571631572.jpg,FC-71631572,8436571631572,"Babe Fotoprotección facial super fluido matificante SPF50 50 ml"
bp-dermaexpress-8437011329943,dermaexpress,https://cdn.shopify.com/s/files/1/0088/1937/6188/files/8437011329943.jpg,FC-11329943,8437011329943,"Babe Spray Fotoprotector Wetskin transparente SPF50 200 ml"
bp-dermaexpress-8437000945697,dermaexpress,https://cdn.shopify.com/s/files/1/0088/1937/6188/files/8437000945697.jpg,FC-00945697,8437000945697,"Babe Shampoo extrasuave pediátrico para cuero cabelludo 200 ml"
bp-dermaexpress-8437014389456,dermaexpress,https://cdn.shopify.com/s/files/1/0088/1937/6188/files/8437014389456.jpg,FC-14389456,8437014389456,"Babe Bálsamo facial pediátrico 50ml."
bp-dermaexpress-8437011329912,dermaexpress,https://cdn.shopify.com/s/files/1/0088/1937/6188/files/8437011329912.jpg,FC-11329912,8437011329912,"Babe Jabón hidracalm corporal para piel piel sensible 500ml."
bp-dermaexpress-3760201231203,dermaexpress,https://cdn.shopify.com/s/files/1/0088/1937/6188/files/3760201231203.avif,FC-01231203,3760201231203,"Etat Pur Activo Puro Vitamina E 15ml."
bp-dermaexpress-3760201231272,dermaexpress,https://cdn.shopify.com/s/files/1/0088/1937/6188/files/3760201231272.avif,FC-01231272,3760201231272,"Etat Pur Activo Puro Própolis Sérum anti-imperfecciones 15 ml"
bp-dermaexpress-3760201231685,dermaexpress,https://cdn.shopify.com/s/files/1/0088/1937/6188/files/3760201231685.avif,FC-01231685,3760201231685,"Etat Pur Activo Puro Niacinamida Sérum anti-manchas 15 ml"
bp-dermaexpress-3760201231180,dermaexpress,https://cdn.shopify.com/s/files/1/0088/1937/6188/files/3760201231180.avif,FC-01231180,3760201231180,"Etat Pur Activo Puro Glabridina Sérum antimanchas oscuras 15 ml"
bp-dermaexpress-3760201231159,dermaexpress,https://cdn.shopify.com/s/files/1/0088/1937/6188/files/3760201231159.avif,FC-01231159,3760201231159,"Etat Pur Activo Puro Ácido Salicílico Sérum anti-imperfecciones 15 ml"
bp-dermaexpress-3760201231517,dermaexpress,https://cdn.shopify.com/s/files/1/0088/1937/6188/files/3760201231517.avif,FC-01231517,3760201231517,"Etat Pur Activo Puro Ácido Glicólico Sérum renovador 15 ml"
bp-dermaexpress-3760201231135,dermaexpress,https://cdn.shopify.com/s/files/1/0088/1937/6188/files/3760201231135.avif,FC-01231135,3760201231135,"Etat Pur Activo Puro Ácido Cítrico Sérum iluminador 15 ml"
bp-dermaexpress-8470001769145,dermaexpress,https://cdn.shopify.com/s/files/1/0088/1937/6188/files/thumbnail_web-ar_1449_th_flavoc30ml_main_0.avif,FC-01769145,8470001769145,"Isdin Isdinceutics Flavo-C Sérum Antioxidante 30 ml"
bp-dermaexpress-8429420181014,dermaexpress,https://cdn.shopify.com/s/files/1/0088/1937/6188/files/8429420181014.jpg,FC-20181014,8429420181014,"Isdin Babynaturals Gel Shampoo para piel y cabello del bebé 400 ml"
bp-dermaexpress-8429420181021,dermaexpress,https://cdn.shopify.com/s/files/1/0088/1937/6188/files/8429420181021.jpg,FC-20181021,8429420181021,"Isdin Babynaturals Body Lotion Hidratante 400 ml"
bp-dermaexpress-8429420181106,dermaexpress,https://cdn.shopify.com/s/files/1/0088/1937/6188/files/8429420181106.jpg,FC-20181106,8429420181106,"Isdin Babynaturals Crema facial Hidratante diaria 50 ml"
bp-dermaexpress-8429420181151,dermaexpress,https://cdn.shopify.com/s/files/1/0088/1937/6188/files/8429420181151.jpg,FC-20181151,8429420181151,"Isdin Babynaturals Perioral Bálsamo reparador 15 ml"
bp-dermaexpress-3337875863377,dermaexpress,https://cdn.shopify.com/s/files/1/0088/1937/6188/files/effaclar-m-product.webp,FC-75863377,3337875863377,"La Roche-Posay Effaclar Duo+ M Corrector Anti-marcas e imperfecciones 40 ml"
bp-dermaexpress-7509552932126,dermaexpress,https://cdn.shopify.com/s/files/1/0088/1937/6188/files/1_ba88fc5c-314a-49ed-8c8e-78bd1283bd0a.jpg,FC-52932126,7509552932126,"Vichy Capital soleil Protector solar anti-imperfecciones uv-clear fps50+ 40 ml + Normaderm probio-bha Sérum 5 ml + Normaderm phytosolution 7 ml"
bp-dermaexpress-732013301729,dermaexpress,https://cdn.shopify.com/s/files/1/0088/1937/6188/files/1_ee8fd867-7f63-43c9-8baa-6b8aa7eaf5ef.jpg,FC-13301729,732013301729,"Neostrata restore mascarilla 20g."
bp-dermaexpress-8423372000157,dermaexpress,https://cdn.shopify.com/s/files/1/0088/1937/6188/files/8423372000157.jpg,FC-72000157,8423372000157,"Genové Pilopeptan Woman Proteokel 64 ml"
bp-dermaexpress-3401329447809,dermaexpress,https://cdn.shopify.com/s/files/1/0088/1937/6188/files/3401329447809.jpg,FC-29447809,3401329447809,"Bioderma Hydrabio Gel-Crema hidratante facial 40 ml"
bp-dermaexpress-3760269771130,dermaexpress,https://cdn.shopify.com/s/files/1/0088/1937/6188/files/SecaliaATO_ShowerCream_200_75a333fa-43a8-4acb-bdc5-1f4f0f8a5ddb.jpg,FC-69771130,3760269771130,"Isispharma Secalia Ato Shower Crema limpiadora para piel atópica 200 ml"
bp-dermaexpress-3760269771093,dermaexpress,https://cdn.shopify.com/s/files/1/0088/1937/6188/files/SecaliaATO_Balm_200_1ef91340-e3b5-4013-9c72-3d9c2752b1e7.jpg,FC-69771093,3760269771093,"Isispharma Secalia Ato Balm Bálsamo calmante para piel atópica 200 ml"
bp-dermaexpress-3760269771086,dermaexpress,https://cdn.shopify.com/s/files/1/0088/1937/6188/files/Diseno_sin_titulo_35.png,FC-69771086,3760269771086,"Isispharma Secalia Ato Balm Bálsamo calmante para piel atópica 400 ml"
bp-dermaexpress-8436574363388,dermaexpress,https://cdn.shopify.com/s/files/1/0088/1937/6188/files/Heliocare_360_Mattifyng_Brush_06.jpg,FC-74363388,8436574363388,"Cantabria Labs Heliocare 360° Mattifying Brush Polvo protector solar FPS50+ 3 gr"
bp-dermaexpress-3701129803448,dermaexpress,https://cdn.shopify.com/s/files/1/0088/1937/6188/files/3701129803448_2.jpg,FC-29803448,3701129803448,"Bioderma Photoderm Nude Touch FPS50+ con color tono claro 40 ml"
bp-dermaexpress-3760269771116,dermaexpress,https://cdn.shopify.com/s/files/1/0088/1937/6188/files/Secalia_BodyLotion_200_082d578a-a2a6-4a7e-8911-ac1be2df8782.jpg,FC-69771116,3760269771116,"Isispharma Secalia Body Lotion Hidratante corporal para piel seca 200 ml"
bp-dermaexpress-3760269771109,dermaexpress,https://cdn.shopify.com/s/files/1/0088/1937/6188/files/Secalia_FaceCream_40_00194879-c0fd-4ce7-b393-a62cf60dc028.jpg,FC-69771109,3760269771109,"Isispharma Secalia Face Cream Nutritiva y reconfortante facial 40 ml"
bp-dermaexpress-3760269771123,dermaexpress,https://cdn.shopify.com/s/files/1/0088/1937/6188/files/01.Hero_3f6aa79f-68f1-4fe8-bc07-3c750d35d774.jpg,FC-69771123,3760269771123,"Isispharma Secalia Body Lotion Hidratante para pieles secas 400 ml"
bp-dermaexpress-3760269771147,dermaexpress,https://cdn.shopify.com/s/files/1/0088/1937/6188/files/Diseno_sin_titulo_1_cb112f89-a4e8-4867-ab90-34fd5f366998.png,FC-69771147,3760269771147,"Isispharma Secalia Ato Shower Crema limpiadora para piel atópica 400 ml"
bp-dermaexpress-7502002462136,dermaexpress,https://cdn.shopify.com/s/files/1/0088/1937/6188/files/AnacastelMnoxidil5.jpg,FC-02462136,7502002462136,"Farmapiel Anacastel 5% Minoxidil solución para crecimiento capilar 60 ml"
bp-dermaexpress-3282770389234,dermaexpress,https://cdn.shopify.com/s/files/1/0088/1937/6188/files/3282770389234_1.jpg,FC-70389234,3282770389234,"Ducray Melascreen Contorno de ojos 15 ml"
bp-dermaexpress-3282770389333,dermaexpress,https://cdn.shopify.com/s/files/1/0088/1937/6188/files/3282770389333_1.jpg,FC-70389333,3282770389333,"Aderma Biology Hyalu Sérum reparador 3 en 1 30 ml"
bp-dermaexpress-3592610002132,dermaexpress,https://cdn.shopify.com/s/files/1/0088/1937/6188/files/3592610002132.jpg,FC-10002132,3592610002132,"Dexeryl dermolimpiador en aceite 200 ml"
bp-dermaexpress-3499320001618,dermaexpress,https://cdn.shopify.com/s/files/1/0088/1937/6188/products/DesowenLoc1200x1200.jpg,FC-20001618,3499320001618,"Desowen Loción para pieles con dermatosis 60 ml"
bp-dermaexpress-816378022083,dermaexpress,https://cdn.shopify.com/s/files/1/0088/1937/6188/files/816378022083_9c00de27-18aa-4341-b09c-345f0429b2e6.png,FC-78022083,816378022083,"D.S Advanced Hyaluronic Booster 30ml."
bp-dermaexpress-3282770153477,dermaexpress,https://cdn.shopify.com/s/files/1/0088/1937/6188/files/3282770153477_1.jpg,FC-70153477,3282770153477,"Darrow Actine Gel limpiador para piel grasa 140 gr"
bp-dermaexpress-5702191029321,dermaexpress,https://cdn.shopify.com/s/files/1/0088/1937/6188/files/5702191008067_255e3fad-f6ac-416d-9608-feed25de0599.jpg,FC-91029321,5702191029321,"Leo-Pharma Daivobet Ungüento 30 g"
bp-dermaexpress-3031500311621,dermaexpress,https://cdn.shopify.com/s/files/1/0088/1937/6188/files/Diseno_sin_titulo_30.png,FC-00311621,3031500311621,"Isispharma Secalia AHA Leche emoliente para piel seca 200 ml"
bp-dermaexpress-3760201231142,dermaexpress,https://cdn.shopify.com/s/files/1/0088/1937/6188/files/3760201231142.avif,FC-01231142,3760201231142,"Etat Pur Activo Puro Ácido Hialurónico Sérum rellenador de arrugas 15 ml"
bp-dermaexpress-3760201231234,dermaexpress,https://cdn.shopify.com/s/files/1/0088/1937/6188/files/3760201231234.avif,FC-01231234,3760201231234,"Etat Pur Activo Puro Resveratrol Sérum antioxidante 15 ml"
bp-dermaexpress-3760201231227,dermaexpress,https://cdn.shopify.com/s/files/1/0088/1937/6188/files/3760201231227.avif,FC-01231227,3760201231227,"Etat Pur Activo Puro Péptido 4-Procolágeno Sérum reafirmante 15 ml"
bp-dermaexpress-8436574361032,dermaexpress,https://cdn.shopify.com/s/files/1/0088/1937/6188/files/Diseno_sin_titulo_1_96a9f22d-f838-4c75-bb60-7575c175389d.png,FC-74361032,8436574361032,"Cantabria Labs Endocare Radiance C Ferulic Edafence Sérum antioxidante 30 ml"
bp-dermaexpress-8429979414571,dermaexpress,https://cdn.shopify.com/s/files/1/0088/1937/6188/files/CLASSIC.jpg,FC-79414571,8429979414571,"Sesderma Sensyses cleanser sebum 200ml."
bp-dermaexpress-8470003925143,dermaexpress,https://cdn.shopify.com/s/files/1/0088/1937/6188/files/8470003925143_2.jpg,FC-03925143,8470003925143,"Sesderma S-btses serum hidratante antiarrugas 30ml."
bp-dermaexpress-3282770391466,dermaexpress,https://cdn.shopify.com/s/files/1/0088/1937/6188/files/3282770391466_1.jpg,FC-70391466,3282770391466,"Darrow Actine Oil Control Gel limpiador para piel grasa 400 gr"
bp-dermaexpress-3282770391442,dermaexpress,https://cdn.shopify.com/s/files/1/0088/1937/6188/files/3282770391442_1.jpg,FC-70391442,3282770391442,"Darrow Actine Oil Control Gel limpiador para piel grasa 240 gr"
bp-dermaexpress-3282770390070,dermaexpress,https://cdn.shopify.com/s/files/1/0088/1937/6188/files/3282770390070_1.jpg,FC-70390070,3282770390070,"Darrow Nutriforce Loción hidratante para piel seca 400 ml"
bp-dermaexpress-3282770390063,dermaexpress,https://cdn.shopify.com/s/files/1/0088/1937/6188/files/3282770390063_1.jpg,FC-70390063,3282770390063,"Darrow Nutriforce Loción hidratante para piel seca 200 ml"
bp-dermaexpress-3282770388596,dermaexpress,https://cdn.shopify.com/s/files/1/0088/1937/6188/files/3282770388596_1.jpg,FC-70388596,3282770388596,"Darrow Actine Oil Control Barra limpiadora para piel grasa 70 gr"
bp-dermaexpress-3461029800007,dermaexpress,https://cdn.shopify.com/s/files/1/0088/1937/6188/files/3461029800007.jpg,FC-29800007,3461029800007,"Institut Esthederm Age Proteom Suero reparador 30ml"
bp-dermaexpress-3282770389593,dermaexpress,https://cdn.shopify.com/s/files/1/0088/1937/6188/files/3282770389593.jpg,FC-70389593,3282770389593,"Ducray Melascreen Sérum iluminador antimanchas 40 ml"
bp-dermaexpress-3282770389272,dermaexpress,https://cdn.shopify.com/s/files/1/0088/1937/6188/files/3282770389272.jpg,FC-70389272,3282770389272,"Ducray Melascreen Fluido antimanchas FPS50+ 50 ml"
bp-dermaexpress-3282770389197,dermaexpress,https://cdn.shopify.com/s/files/1/0088/1937/6188/files/3282770389197.jpg,FC-70389197,3282770389197,"Ducray Melascreen Concentrado antimanchas 30 ml"
bp-dermaexpress-3701129805329,dermaexpress,https://cdn.shopify.com/s/files/1/0088/1937/6188/files/3701129805329.jpg,FC-29805329,3701129805329,"Bioderma Atoderm Crema hidratante ultranutritiva 200 ml"
bp-dermaexpress-3337875829007,dermaexpress,https://cdn.shopify.com/s/files/1/0088/1937/6188/files/Diseno_sin_titulo_7.png,FC-75829007,3337875829007,"CeraVe Sérum Retinol antimanchas e imperfecciones 30 ml"
bp-dermaexpress-8470002117181,dermaexpress,https://cdn.shopify.com/s/files/1/0088/1937/6188/files/EndocareRenewal_RetinolEyeContour_Tube.jpg,FC-02117181,8470002117181,"Cantabria Labs Endocare Renewal Contorno de ojos antiedad 15 ml"
bp-dermaexpress-8429420245341,dermaexpress,https://cdn.shopify.com/s/files/1/0088/1937/6188/files/ThumbnailWeb-ES_4186_TH_REDNESS_MAIN_0.jpg,FC-20245341,8429420245341,"Isdin Fotoultra Redness Protector solar para piel con rosácea FPS50 50 ml"
bp-dermaexpress-3337875831888,dermaexpress,https://cdn.shopify.com/s/files/1/0088/1937/6188/files/b9b41c3b-f6b3-46fd-8927-3e764331a517.jpg,FC-75831888,3337875831888,"Vichy Minéral 89 Crema hidratante 50 ml"
bp-dermaexpress-3499320014281,dermaexpress,https://cdn.shopify.com/s/files/1/0088/1937/6188/files/3499320014281_1.jpg,FC-20014281,3499320014281,"Galderma Benzacare pH Control Limpiador antibacterial 150 ml"
bp-dermaexpress-745853456757,dermaexpress,https://cdn.shopify.com/s/files/1/0088/1937/6188/files/0745853456757_1.jpg,FC-53456757,745853456757,"Isispharma Kit-Teen Gel 150 ml + Uveblock SPF50+ Dry Touch 40 ml"
bp-dermaexpress-745853542511,dermaexpress,https://cdn.shopify.com/s/files/1/0088/1937/6188/files/745853542511_1.jpg,FC-53542511,745853542511,"Isispharma Kit-Teen Derm Gel Sensitive 250 ml + Teen Derm AZ 30 ml"
bp-dermaexpress-3401399521270,dermaexpress,https://cdn.shopify.com/s/files/1/0088/1937/6188/files/Diseno_sin_titulo_4_bdb2f1e8-561d-401f-904b-8b7cdcbfb22f.png,FC-99521270,3401399521270,"Isispharma Ilcapil Kr Shampoo anti caspa 150 ml"
bp-dermaexpress-3499320014298,dermaexpress,https://cdn.shopify.com/s/files/1/0088/1937/6188/files/3499320014298.jpg,FC-20014298,3499320014298,"Galderma Benzacare Microbioma Equalizer Loción hidratante de uso diario 50 ml"
bp-dermaexpress-3282770155181,dermaexpress,https://cdn.shopify.com/s/files/1/0088/1937/6188/files/3282770155181AVXERACALMNUTRLAIT400ML.jpg,FC-70155181,3282770155181,"Avene Xeracalm Nutrition Leche hidratante 400 ml"
bp-dermaexpress-3282770155174,dermaexpress,https://cdn.shopify.com/s/files/1/0088/1937/6188/files/3282770155174AVXERACALMNUTRLAIT200ML.jpg,FC-70155174,3282770155174,"Avene XeraCalm Nutrition leche hidratante 200 ml"
bp-dermaexpress-3282770155105,dermaexpress,https://cdn.shopify.com/s/files/1/0088/1937/6188/files/3282770155105AVXERACALMNUTGEL500ML.png,FC-70155105,3282770155105,"Avene Xeracalm Nutrition Gel limpiador 500 ml"
bp-dermaexpress-3282770153217,dermaexpress,https://cdn.shopify.com/s/files/1/0088/1937/6188/files/3282770153217_2.jpg,FC-70153217,3282770153217,"Avene Hyaluron Activ B3 Contorno de ojos antiedad 15 ml"
bp-dermaexpress-3282770153200,dermaexpress,https://cdn.shopify.com/s/files/1/0088/1937/6188/files/3282770153200_2.jpg,FC-70153200,3282770153200,"Avene Hyaluron Activ B3 Crema de noche multi-intensiva 40 ml"
bp-dermaexpress-3282770153101,dermaexpress,https://cdn.shopify.com/s/files/1/0088/1937/6188/files/3282770153101_2.jpg,FC-70153101,3282770153101,"Avene Hyaluron Activ B3 Sérum antiarrugas 30 ml"
bp-dermaexpress-7501124183462,dermaexpress,https://cdn.shopify.com/s/files/1/0088/1937/6188/files/7501124183462.1.jpg,FC-24183462,7501124183462,"Panalab Removere Crema regeneradora 30 gr"
bp-dermaexpress-8904091189120,dermaexpress,https://cdn.shopify.com/s/files/1/0088/1937/6188/files/LasdermaActiveCremaCRT20gMX.jpg,FC-91189120,8904091189120,"Glenmark Lasderma Active Crema despigmentante 20 gr"
bp-dermaexpress-7502002461085,dermaexpress,https://cdn.shopify.com/s/files/1/0088/1937/6188/products/7502002461085.jpg,FC-02461085,7502002461085,"Farmapiel Dermatopic Crema humectante 250 gr"
bp-dermaexpress-3337875784054,dermaexpress,https://cdn.shopify.com/s/files/1/0088/1937/6188/files/Diseno_sin_titulo_5.png,FC-75784054,3337875784054,"CeraVe Limpiador control de imperfecciones 236 ml"
bp-dermaexpress-8904091150496,dermaexpress,https://cdn.shopify.com/s/files/1/0088/1937/6188/files/Tabitral0.05_CRT30gMX.jpg,FC-91150496,8904091150496,"Glenmark Tabitral Crema 0.05% 30 gr"
bp-dermaexpress-816378021352,dermaexpress,https://cdn.shopify.com/s/files/1/0088/1937/6188/files/816378021352-2.png,FC-78021352,816378021352,"D.S Spectral Brow Sérum revitalizante para cejas 2.4 ml"
bp-dermaexpress-7506200700021,dermaexpress,https://cdn.shopify.com/s/files/1/0088/1937/6188/files/UretivCRT150mLMX.jpg,FC-00700021,7506200700021,"Glenmark Uretiv 10% Crema 150 ml"
bp-dermaexpress-3401352000637,dermaexpress,https://cdn.shopify.com/s/files/1/0088/1937/6188/products/38_SENSIDIANE_Crema_Pieles_Normales._Textura_ligera.jpg,FC-52000637,3401352000637,"Noreva Sensidiane crema calmante ligera 40ml."
bp-dermaexpress-3760095252926,dermaexpress,https://cdn.shopify.com/s/files/1/0088/1937/6188/products/SedacalmShampoo.jpg,FC-95252926,3760095252926,"ACM Sedacalm Shampoo calmante para cuero cabelludo sensible 200 ml"
bp-dermaexpress-3760095252933,dermaexpress,https://cdn.shopify.com/s/files/1/0088/1937/6188/products/SedacalmCrema.jpg,FC-95252933,3760095252933,"ACM Sedacalm Crema calmante para piel adulta 120 ml"
bp-dermaexpress-7640137610104,dermaexpress,https://cdn.shopify.com/s/files/1/0088/1937/6188/products/Adaptaciones-41.jpg,FC-37610104,7640137610104,"Genové Quasix Gel antienrojecimiento para piel seca y mixta 30 gr"
bp-dermaexpress-7502002460712,dermaexpress,https://cdn.shopify.com/s/files/1/0088/1937/6188/products/7502002460712_1.jpg,FC-02460712,7502002460712,"Farmapiel Perfect Main Cells Ojos +45 Gel contorno de ojos antiedad 15 gr"
bp-dermaexpress-7502002460705,dermaexpress,https://cdn.shopify.com/s/files/1/0088/1937/6188/products/7502002460705.jpg,FC-02460705,7502002460705,"Farmapiel Perfect Main Cells Cream FPS50+ Ideal para pieles maduras 50 gr"
bp-dermaexpress-7501258208901,dermaexpress,https://cdn.shopify.com/s/files/1/0088/1937/6188/products/CLeneda0_330gGel.jpg,FC-58208901,7501258208901,"Advaita Leneda Gel 3% 30 g"
bp-dermaexpress-7501258208697,dermaexpress,https://cdn.shopify.com/s/files/1/0088/1937/6188/products/CLeneda0_130gGel.jpg,FC-58208697,7501258208697,"Advaita Leneda Gel 1% 30 gr"
bp-dermaexpress-3337871320362,dermaexpress,https://cdn.shopify.com/s/files/1/0088/1937/6188/files/74d726c7-17cb-46ba-9d53-0b2f849a78fd.jpg,FC-71320362,3337871320362,"Vichy Homme desodorante Antitranspirante regulación intensa 50 ml"
bp-dermaexpress-8470002024434,dermaexpress,https://cdn.shopify.com/s/files/1/0088/1937/6188/products/FT-H360SportStick1600px72dpis-1.jpg,FC-02024434,8470002024434,"Cantabria Labs Heliocare 360° Sport Transparent Stick Protector solar FPS50+ 25 gr"
bp-dermaexpress-7705849004143,dermaexpress,https://cdn.shopify.com/s/files/1/0088/1937/6188/products/7705849004143.jpg,FC-49004143,7705849004143,"Italmex Glicolic Shampoo para piel Suaviza y limpia 240 ml"
bp-dermaexpress-8423372830204,dermaexpress,https://cdn.shopify.com/s/files/1/0088/1937/6188/products/8423372830204.jpg,FC-72830204,8423372830204,"Genové Genosun Oral Suplemento alimenticio 30 tabs"
bp-dermaexpress-4005800178375,dermaexpress,https://cdn.shopify.com/s/files/1/0088/1937/6188/files/4005800178375_2.jpg,FC-00178375,4005800178375,"Eucerin pH5 Syndet Gel de baño para piel sensible 400 ml"
bp-dermaexpress-4005800630958,dermaexpress,https://cdn.shopify.com/s/files/1/0088/1937/6188/files/4005800630958_2.jpg,FC-00630958,4005800630958,"Eucerin pH5 Jabón de higiene íntima para piel sensible 250 ml"
bp-dermaexpress-3433422406599,dermaexpress,https://cdn.shopify.com/s/files/1/0088/1937/6188/files/747334f7-44ab-4daf-b983-4e11dbb4ff08.jpg,FC-22406599,3433422406599,"La Roche-Posay Toleriane Dermolimpiador Limpiador facial desmaquillante para piel sensible o con alergia 200 ml"
bp-dermaexpress-7703281002475,dermaexpress,https://cdn.shopify.com/s/files/1/0088/1937/6188/files/7703281002475_8.jpg,FC-81002475,7703281002475,"Italmex Umbrella Perfect Skin SPF50+ Tono oscuro Para todo tipo de piel 50 gr"
bp-dermaexpress-8470001866608,dermaexpress,https://cdn.shopify.com/s/files/1/0088/1937/6188/products/Heliocare360_InvisibleSpray_Bottle.jpg,FC-01866608,8470001866608,"Cantabria Labs Heliocare 360° Invisible Spray Protector solar FPS50+ 200 ml"
bp-dermaexpress-8423372021138,dermaexpress,https://cdn.shopify.com/s/files/1/0088/1937/6188/products/8423372021138.jpg,FC-72021138,8423372021138,"Genové Genovan Extrem Family Protector solar corporal 400 ml"
bp-dermaexpress-7503015500211,dermaexpress,https://cdn.shopify.com/s/files/1/0088/1937/6188/products/Eudermin_de_frente.jpg,FC-15500211,7503015500211,"Euderma Eudermin Jabón líquido emoliente 240 ml"
bp-dermaexpress-7503015500099,dermaexpress,https://cdn.shopify.com/s/files/1/0088/1937/6188/products/Adaptaciones-45_2c2ee568-6e27-4946-bc28-96d1652d611b.jpg,FC-15500099,7503015500099,"Euderma Glicoexfol Crema exfoliante al 20% 60 gr"
bp-dermaexpress-7503015500075,dermaexpress,https://cdn.shopify.com/s/files/1/0088/1937/6188/products/7503015500075.jpg,FC-15500075,7503015500075,"Euderma Glicoexfol Exfoliante en gránulos 120 gr"
bp-dermaexpress-4005900994776,dermaexpress,https://cdn.shopify.com/s/files/1/0088/1937/6188/files/4005900994776_2.jpg,FC-00994776,4005900994776,"Eucerin Sun Hydro Fluid FPS50+ Protector Solar Facial Ligero 50 ml"
bp-dermaexpress-7503015500198,dermaexpress,https://cdn.shopify.com/s/files/1/0088/1937/6188/products/7503015500198.jpg,FC-15500198,7503015500198,"Euderma Euarbutin Crema despigmentante 30 gr"
bp-dermaexpress-7501054540731,dermaexpress,https://cdn.shopify.com/s/files/1/0088/1937/6188/files/7501054540731_2.jpg,FC-54540731,7501054540731,"Eucerin pH5 Crema corporal intensiva para piel seca y sensible 450 ml"
bp-dermaexpress-3282770108453,dermaexpress,https://cdn.shopify.com/s/files/1/0088/1937/6188/products/3282770108453_Hidrosis-Roll-On-2_copia.jpg,FC-70108453,3282770108453,"Ducray Hidrosis Control Roll-on antitranspirante 40 ml"
bp-dermaexpress-3760095250441,dermaexpress,https://cdn.shopify.com/s/files/1/0088/1937/6188/products/DEPIWHITE-ADV-CREMA-40-ML.jpg,FC-95250441,3760095250441,"ACM Depiwhite Avanzado Crema intensiva anti-manchas 40 ml"
bp-dermaexpress-3337871322694,dermaexpress,https://cdn.shopify.com/s/files/1/0088/1937/6188/files/f60b0db5-3e5c-4fa3-a073-eda6d09c7561.jpg,FC-71322694,3337871322694,"Vichy Capital soleil fps50+ Protector solar facial y corporal 300 ml"
bp-dermaexpress-3701129803462,dermaexpress,https://cdn.shopify.com/s/files/1/0088/1937/6188/files/3701129803462_2.jpg,FC-29803462,3701129803462,"Bioderma Photoderm Nude Touch Protector solar facial FPS50+ con color tono dorado 40 ml"
bp-dermaexpress-3401528546341,dermaexpress,https://cdn.shopify.com/s/files/1/0088/1937/6188/products/3401528546341.jpg,FC-28546341,3401528546341,"Bioderma Atoderm SOS Spray anti-comezón 200 ml"
bp-dermaexpress-8429420171749,dermaexpress,https://cdn.shopify.com/s/files/1/0088/1937/6188/products/8429420171749.jpg,FC-20171749,8429420171749,"Isdin Bexident Aftas Gel 8 ml"
bp-dermaexpress-3282770073126,dermaexpress,https://cdn.shopify.com/s/files/1/0088/1937/6188/products/3282770073126_grande_c85cdcdc-1a6f-4d7a-a992-93ea2141a5ba.jpg,FC-70073126,3282770073126,"Avene desmaquillante bifásico para ojos 125 ml"
bp-dermaexpress-3401321207487,dermaexpress,https://cdn.shopify.com/s/files/1/0088/1937/6188/products/9_AQUAREVA_Crema_Hidratante_Facial_de_Dia_textura_ligera.jpg,FC-21207487,3401321207487,"Noreva Aquareva crema hidratante ligera de día 40ml."
bp-dermaexpress-3337875696838,dermaexpress,https://cdn.shopify.com/s/files/1/0088/1937/6188/products/3337875696838_A.jpg,FC-75696838,3337875696838,"La Roche-Posay Protector Solar Anthelios Spray Invisible FPS 50+ Corporal en spray 200 ml"
bp-dermaexpress-3571940001299,dermaexpress,https://cdn.shopify.com/s/files/1/0088/1937/6188/products/3_ACTIPUR_Crema_BB_Color_Dorado_Anti-imperfecciones_Matificante_caja_copia.jpg,FC-40001299,3571940001299,"Noreva Actipur Crema para Piel Grasa Color Dorado 30 ml"
bp-dermaexpress-3337875807043,dermaexpress,https://cdn.shopify.com/s/files/1/0088/1937/6188/files/c3a63a2e-8167-4d5b-8868-024540b77207.jpg,FC-75807043,3337875807043,"La Roche-Posay Toleriane Rosaliac Concentrate Crema hidratante anti-rojeces 40 ml"
bp-dermaexpress-3337875837149,dermaexpress,https://cdn.shopify.com/s/files/1/0088/1937/6188/files/3337875837149_12.jpg,FC-75837149,3337875837149,"Vichy Capital soleil uv-clear Protector solar anti-imperfecciones fps50 40 ml"
bp-dermaexpress-4005808583348,dermaexpress,https://cdn.shopify.com/s/files/1/0088/1937/6188/files/4005808583348_1.jpg,FC-08583348,4005808583348,"Eucerin Dermatoclean Gel limpiador facial para piel normal a mixta 200 ml"
bp-dermaexpress-4005900998385,dermaexpress,https://cdn.shopify.com/s/files/1/0088/1937/6188/files/4005900998385_1.jpg,FC-00998385,4005900998385,"Eucerin Anti-Pigment Crema Facial Anti-ojeras 15 ml"
bp-dermaexpress-7703281002451,dermaexpress,https://cdn.shopify.com/s/files/1/0088/1937/6188/files/7703281002451_7.jpg,FC-81002451,7703281002451,"Italmex Umbrella Urban SPF50 Fotoprotector antioxidante y antipolución 50 gr"
bp-dermaexpress-4005900996169,dermaexpress,https://cdn.shopify.com/s/files/1/0088/1937/6188/files/59331aee-614e-44f6-8379-9370b2907ab1.jpg,FC-00996169,4005900996169,"Eucerin Sun Kids Protector solar para niños FPS50+ 200 ml"
bp-dermaexpress-8470001654557,dermaexpress,https://cdn.shopify.com/s/files/1/0088/1937/6188/products/847000165455_1.jpg,FC-01654557,8470001654557,"Isdin Fotoprotector Compacto Color bronce FPS50+ 10 gr"
bp-dermaexpress-8470001875815,dermaexpress,https://cdn.shopify.com/s/files/1/0088/1937/6188/products/8470001875815.jpg,FC-01875815,8470001875815,"Isdin Germisdin Gel de ducha Hidratante 500 ml"
bp-dermaexpress-3401397588794,dermaexpress,https://cdn.shopify.com/s/files/1/0088/1937/6188/files/Diseno_sin_titulo_29.png,FC-97588794,3401397588794,"Isispharma Sensylia 24hr Crema hidratante para pieles sensibles y deshidratadas 40 ml"
bp-dermaexpress-3282770073355,dermaexpress,https://cdn.shopify.com/s/files/1/0088/1937/6188/products/3282770073355_1.jpg,FC-70073355,3282770073355,"Ducray Dexyan Crema reparadora para piel atópica 100 ml"
bp-dermaexpress-3337875762250,dermaexpress,https://cdn.shopify.com/s/files/1/0088/1937/6188/files/1312312.jpg,FC-75762250,3337875762250,"Vichy Capital soleil eco-solar fps50+ Protector solar corporal hidratante 200 ml"
bp-dermaexpress-3337875725897,dermaexpress,https://cdn.shopify.com/s/files/1/0088/1937/6188/files/7087796a-6937-4fb7-b5f9-78a8ec03dda3.jpg,FC-75725897,3337875725897,"La Roche-Posay Agua Micelar Bifásica Ultra Desmaquillante para piel sensible 400 ml"
bp-dermaexpress-3282776071157,dermaexpress,https://cdn.shopify.com/s/files/1/0088/1937/6188/products/3282776367045_Avene_maquillaje_corrrector_arena_FPS_50_10GR.jpg,FC-76071157,3282776071157,"Avene Protector solar FPS50+ color dorado 10 gr"
bp-dermaexpress-7502224220040,dermaexpress,https://cdn.shopify.com/s/files/1/0088/1937/6188/products/7502002461528.jpg,FC-24220040,7502224220040,"Cell Pharma Kitocream Crema cicatrizante 30 gr"
bp-dermaexpress-3401353725164,dermaexpress,https://cdn.shopify.com/s/files/1/0088/1937/6188/products/GeneskinCracks.jpg,FC-53725164,3401353725164,"Isispharma Keloplast Cracks Crema reparadora de grietas en talones pies y manos 40 ml"
bp-dermaexpress-7501273500585,dermaexpress,https://cdn.shopify.com/s/files/1/0088/1937/6188/products/7501273500585.jpg,FC-73500585,7501273500585,"Remexa-oleoderm baby Jabón 120 gr"
bp-dermaexpress-7501273500530,dermaexpress,https://cdn.shopify.com/s/files/1/0088/1937/6188/products/7501273500530.jpg,FC-73500530,7501273500530,"Remexa Aqua Soap Barra 120gr"
bp-dermaexpress-7501273500080,dermaexpress,https://cdn.shopify.com/s/files/1/0088/1937/6188/products/Adaptaciones-33.jpg,FC-73500080,7501273500080,"Remexa Dermobras crema 65 gr"
bp-dermaexpress-5701943013809,dermaexpress,https://cdn.shopify.com/s/files/1/0088/1937/6188/products/Adaptaciones-05.jpg,FC-43013809,5701943013809,"Italmex Perspirex Loción manos y pies 100 ml"
bp-dermaexpress-8429420135185,dermaexpress,https://cdn.shopify.com/s/files/1/0088/1937/6188/products/8429420135185.jpg,FC-20135185,8429420135185,"Isdin Fotoprotector Mineral Brush FPS50 4 gr"
bp-dermaexpress-7502224225021,dermaexpress,https://cdn.shopify.com/s/files/1/0088/1937/6188/products/Accua.jpg,FC-24225021,7502224225021,"Cell Pharma Accua aseptic spray 240ml."
bp-dermaexpress-3760095250410,dermaexpress,https://cdn.shopify.com/s/files/1/0088/1937/6188/products/NOVOPHANE-ENERGIZANTE-CHAMPU-200-ML.jpg,FC-95250410,3760095250410,"ACM Novophane Shampoo anti-caída 200 ml"
bp-dermaexpress-3571940001602,dermaexpress,https://cdn.shopify.com/s/files/1/0088/1937/6188/products/2_ACTIPUR_Crema_BB_Color_Claro_Anti-imperfecciones_Matificante_caja_copia.jpg,FC-40001602,3571940001602,"Noreva Actipur Crema para Piel Grasa Color Claro 30 ml"
bp-dermaexpress-7501273500394,dermaexpress,https://cdn.shopify.com/s/files/1/0088/1937/6188/products/Adaptaciones-53.jpg,FC-73500394,7501273500394,"Remexa-prespir Líquido antitranspirante y desodorante 40 ml"
bp-dermaexpress-705105259505,dermaexpress,https://cdn.shopify.com/s/files/1/0088/1937/6188/files/705105259505.png,FC-05259505,705105259505,"DS Nia Acondicionador capilar 205 ml"
bp-dermaexpress-689076327190,dermaexpress,https://cdn.shopify.com/s/files/1/0088/1937/6188/files/689076327190.png,FC-76327190,689076327190,"DS Oligo DX Gel anticelulítico 150 ml"
bp-dermaexpress-3433422404366,dermaexpress,https://cdn.shopify.com/s/files/1/0088/1937/6188/files/4976d526-ef3b-49ee-9d90-b4492d8eee50.jpg,FC-22404366,3433422404366,"La Roche-Posay Effaclar Crema limpiadora para piel grasa 125 ml"
bp-dermaexpress-3760269770348,dermaexpress,https://cdn.shopify.com/s/files/1/0088/1937/6188/files/3760269770348.jpg,FC-69770348,3760269770348,"Isispharma Suavigel Gel crema calmante para pieles irritadas 30 ml"
bp-dermaexpress-3701129804995,dermaexpress,https://cdn.shopify.com/s/files/1/0088/1937/6188/files/3701129804995_1.avif,FC-29804995,3701129804995,"Bioderma Sensibio Defensive Serum suero hidratante antiedad 30 ml"
bp-dermaexpress-3337875847353,dermaexpress,https://cdn.shopify.com/s/files/1/0088/1937/6188/files/3337875847353_1.jpg,FC-75847353,3337875847353,"La Roche-Posay Protector Solar Anthelios Eco-Consciente FPS 50+ Corporal biodegradable para piel sensible 75 ml"
bp-dermaexpress-3282770205633,dermaexpress,https://cdn.shopify.com/s/files/1/0088/1937/6188/files/3282770205633_1.jpg,FC-70205633,3282770205633,"Avene Cicalfate spray antiirritaciones 100 ml"
bp-dermaexpress-8429420187962,dermaexpress,https://cdn.shopify.com/s/files/1/0088/1937/6188/files/Diseno_sin_titulo_8db6081b-cb33-4964-bd4f-cd193d8360fc.png,FC-20187962,8429420187962,"Isdin Pediatrics Fotoprotector Mineral Baby FPS50 50 ml"
bp-dermaexpress-3401399694127,dermaexpress,https://cdn.shopify.com/s/files/1/0088/1937/6188/files/H2O_Edicio_un-Especial_Hydrabio_250ml.jpg,FC-99694127,3401399694127,"Bioderma Hydrabio H2O Agua micelar desmaquillante 250 ml"
bp-dermaexpress-8429420184558,dermaexpress,https://cdn.shopify.com/s/files/1/0088/1937/6188/files/8429420184558_2.jpg,FC-20184558,8429420184558,"Isdin Woman Crema Reafirmante 200 ml"
bp-dermaexpress-7705849004020,dermaexpress,https://cdn.shopify.com/s/files/1/0088/1937/6188/products/7705849004020.jpg,FC-49004020,7705849004020,"Italmex Glicolic Loción hidratante para pieles con acné 60 ml"
bp-dermaexpress-3760269770560,dermaexpress,https://cdn.shopify.com/s/files/1/0088/1937/6188/products/DERMAfoamer.jpg,FC-69770560,3760269770560,"Isispharma Glyco-A Espuma limpiadora Limpia la piel y elimina impurezas 100 ml"
bp-dermaexpress-3031500000280,dermaexpress,https://cdn.shopify.com/s/files/1/0088/1937/6188/files/01.Hero_Soft.jpg,FC-00000280,3031500000280,"Isispharma Glyco-A Peeling suave Ilumina y purifica la piel 30 ml"
bp-dermaexpress-8429420109445,dermaexpress,https://cdn.shopify.com/s/files/1/0088/1937/6188/products/8429420109445_1.jpg,FC-20109445,8429420109445,"Isdin Woman Crema hidratante vulvar 30 gr"
bp-dermaexpress-8429420096967,dermaexpress,https://cdn.shopify.com/s/files/1/0088/1937/6188/products/8429420096967_59d931bc-8b0e-4f17-8bef-7f99abac3440.jpg,FC-20096967,8429420096967,"Isdin Niogermox 8% Solución antimicótica en laca 6.6 ml"
bp-dermaexpress-8423372800450,dermaexpress,https://cdn.shopify.com/s/files/1/0088/1937/6188/products/whatsappimage2021-06-15at12.09.49_1.jpg,FC-72800450,8423372800450,"Genové Fluidbase Rederm Colágeno en sobres 20 x 25 ml"
bp-dermaexpress-8423372025051,dermaexpress,https://cdn.shopify.com/s/files/1/0088/1937/6188/products/Adaptaciones_Mesadetrabajo1.jpg,FC-72025051,8423372025051,"Genové Pilopeptan Woman Gel reparador de uñas 10 ml"
bp-dermaexpress-8423372020056,dermaexpress,https://cdn.shopify.com/s/files/1/0088/1937/6188/products/Adaptaciones-20.jpg,FC-72020056,8423372020056,"Genové Neutrodermol Gel limpiador e hidratante 750 ml"
bp-dermaexpress-5701943012482,dermaexpress,https://cdn.shopify.com/s/files/1/0088/1937/6188/products/5701943012482.jpg,FC-43012482,5701943012482,"Italmex Perspirex Comfort Roll-on Antitranspirante para pieles delicadas 20 ml"
bp-dermaexpress-3760269770522,dermaexpress,https://cdn.shopify.com/s/files/1/0088/1937/6188/files/Diseno_sin_titulo_18.png,FC-69770522,3760269770522,"Isispharma Uveblock FPS50+ Toque seco tono medio para pieles mixtas a grasas 40 ml"
bp-dermaexpress-3401360049659,dermaexpress,https://cdn.shopify.com/s/files/1/0088/1937/6188/products/RuborilExpertIntense.jpg,FC-60049659,3401360049659,"Isispharma Ruboril Expert Intense Cuidado antienrojecimiento para piel sensible 15 ml"
bp-dermaexpress-3282770390179,dermaexpress,https://cdn.shopify.com/s/files/1/0088/1937/6188/files/3282770390179_blanca.jpg,FC-70390179,3282770390179,"Avene loción micelar 400 ml"
bp-dermaexpress-3401572288297,dermaexpress,https://cdn.shopify.com/s/files/1/0088/1937/6188/files/3401572288297_f5db8f67-b934-4a97-842a-3e4f522d1461.jpg,FC-72288297,3401572288297,"Bioderma Sébium H2O Agua micelar desmaquillante para piel mixta a grasa 250 ml 250 ml"
bp-dermaexpress-8429420222984,dermaexpress,https://cdn.shopify.com/s/files/1/0088/1937/6188/files/8429420222984.jpg,FC-20222984,8429420222984,"Isdin Isdinceutics Hyaluronic Moisture Hidratante para piel sensible 50 gr"
bp-dermaexpress-8423372040337,dermaexpress,https://cdn.shopify.com/s/files/1/0088/1937/6188/products/8423372040337.jpg,FC-72040337,8423372040337,"Genové Fluidbase Exfoliante facial 50 ml"
bp-dermaexpress-8423372040009,dermaexpress,https://cdn.shopify.com/s/files/1/0088/1937/6188/products/Adaptaciones-24.jpg,FC-72040009,8423372040009,"Genové Fluidbase Rederm Gel Forte 15% AHA 30 ml"
bp-dermaexpress-8423372025082,dermaexpress,https://cdn.shopify.com/s/files/1/0088/1937/6188/products/8423372025082-PILOPEPTANSEBC30CAPSULAS.jpg,FC-72025082,8423372025082,"Genové Pilopeptan Seb 30 cápsulas"
bp-dermaexpress-7703281002352,dermaexpress,https://cdn.shopify.com/s/files/1/0088/1937/6188/products/7703281002352_b7675170-f1e6-4dd5-b6b4-a9c45bbc3a0c.png,FC-81002352,7703281002352,"Italmex Umbrella SPF50+ Fotoprotector compacto tono miel 11 gr"
bp-dermaexpress-7501273500523,dermaexpress,https://cdn.shopify.com/s/files/1/0088/1937/6188/products/Adaptaciones-35.jpg,FC-73500523,7501273500523,"Remexa Bansol protector solar pt 100 gr"
bp-dermaexpress-7501273500301,dermaexpress,https://cdn.shopify.com/s/files/1/0088/1937/6188/products/7501273500301.jpg,FC-73500301,7501273500301,"Remexa Kamiloderm jabón 100 gr"
bp-dermaexpress-4005900951526,dermaexpress,https://cdn.shopify.com/s/files/1/0088/1937/6188/files/4005900951526_2.jpg,FC-00951526,4005900951526,"Eucerin pH5 Light Gel Crema para piel seca y sensible 200 ml"
bp-dermaexpress-3760269770140,dermaexpress,https://cdn.shopify.com/s/files/1/0088/1937/6188/products/SensyliaGelDesmaquillante250ml.jpg,FC-69770140,3760269770140,"Isispharma Sensylia Gel desmaquillante para piel sensible y deshidratada 250 ml"
bp-dermaexpress-3701129805060,dermaexpress,https://cdn.shopify.com/s/files/1/0088/1937/6188/files/3701129805060_1.jpg,FC-29805060,3701129805060,"Bioderma Nodé DS+ Shampoo anticaspa 125 ml"
bp-dermaexpress-816378022106,dermaexpress,https://cdn.shopify.com/s/files/1/0088/1937/6188/files/816378022106.png,FC-78022106,816378022106,"DS Pure Vitamin C Booster Sérum antiedad 30 ml"
bp-dermaexpress-816378020485,dermaexpress,https://cdn.shopify.com/s/files/1/0088/1937/6188/files/816378020485.png,FC-78020485,816378020485,"D.S Dandrene Acondicionador anti-caspa 205ml."
bp-dermaexpress-732013301446,dermaexpress,https://cdn.shopify.com/s/files/1/0088/1937/6188/products/732013301446.png,FC-13301446,732013301446,"Neostrata Clarify Gel para Brotes Cutáneos 15 g"
bp-dermaexpress-7502002462297,dermaexpress,https://cdn.shopify.com/s/files/1/0088/1937/6188/products/Hialuroinico_1200x1200Dermaexpress.jpg,FC-02462297,7502002462297,"Farmapiel Sérum facial Ácido Hialurónico hidratante antiedad 30 ml"
bp-dermaexpress-7503015500105,dermaexpress,https://cdn.shopify.com/s/files/1/0088/1937/6188/products/Adaptaciones-48.jpg,FC-15500105,7503015500105,"Euderma Glicoexfol Loción limpiadora 60 ml"
bp-dermaexpress-8423372820328,dermaexpress,https://cdn.shopify.com/s/files/1/0088/1937/6188/products/8423372820328.jpg,FC-72820328,8423372820328,"Genové Fluidbase Genomask 6 x 8 ml"
bp-dermaexpress-3282770153002,dermaexpress,https://cdn.shopify.com/s/files/1/0088/1937/6188/files/3282770153002.jpg,FC-70153002,3282770153002,"Aderma Biology AC Gel espumoso para piel grasa 400 ml"
bp-dermaexpress-3282770072655,dermaexpress,https://cdn.shopify.com/s/files/1/0088/1937/6188/products/3282770072655_Avene_Bloqueador_solar_anti-edad_FPS_50_50ML.jpg,FC-70072655,3282770072655,"Avene Protector solar FPS50+ Crema antiedad 50 ml"
bp-dermaexpress-3499320001878,dermaexpress,https://cdn.shopify.com/s/files/1/0088/1937/6188/products/3499320001878.jpg,FC-20001878,3499320001878,"Galderma Loceryl Crema para combatir hongos en las uñas 20 gr"
bp-dermaexpress-3337875821636,dermaexpress,https://cdn.shopify.com/s/files/1/0088/1937/6188/files/3337875821636_11.jpg,FC-75821636,3337875821636,"Vichy Liftactiv retinol specialist Sérum arrugas profundas 30 ml"
bp-dermaexpress-3337871316624,dermaexpress,https://cdn.shopify.com/s/files/1/0088/1937/6188/products/3337871316624_1.jpg,FC-71316624,3337871316624,"Vichy Dermablend líquido #45 gold Base de alta cobertura 30 ml"
bp-dermaexpress-3282770388664,dermaexpress,https://cdn.shopify.com/s/files/1/0088/1937/6188/files/3282770388664_1.jpg,FC-70388664,3282770388664,"Darrow Actine Barra limpiadora para piel grasa 70 gr"
bp-dermaexpress-3282770153507,dermaexpress,https://cdn.shopify.com/s/files/1/0088/1937/6188/files/3282770153507_1.jpg,FC-70153507,3282770153507,"Darrow Actine Gel limpiador para piel grasa 400 gr"
bp-dermaexpress-3282770143935,dermaexpress,https://cdn.shopify.com/s/files/1/0088/1937/6188/files/3282770143935_1.jpg,FC-70143935,3282770143935,"Darrow Doctar Shampoo anticaspa 120 ml"
bp-dermaexpress-3337875795265,dermaexpress,https://cdn.shopify.com/s/files/1/0088/1937/6188/files/1310ff9e-cdfb-42f3-9e02-a5e5831f3fb1.jpg,FC-75795265,3337875795265,"Vichy Capital Soleil UV-Age Daily FPS50 Protector Solar Facial Anti-Envejecimiento con Color Tono Light 40 ml"
bp-dermaexpress-3337871322571,dermaexpress,https://cdn.shopify.com/s/files/1/0088/1937/6188/products/3337871322571.jpg,FC-71322571,3337871322571,"Vichy Homme hydramag Rostro + ojos Hidratante anti-fatiga 50 ml"
bp-dermaexpress-732013301613,dermaexpress,https://cdn.shopify.com/s/files/1/0088/1937/6188/products/10.jpg,FC-13301613,732013301613,"Neostrata Enlighten Suero Facial Iluminador 30 ml"
bp-dermaexpress-7508006184159,dermaexpress,https://cdn.shopify.com/s/files/1/0088/1937/6188/products/PANALAB-adaptaciones-21.jpg,FC-06184159,7508006184159,"Panalab Proavenal Crema de manos 70 gr"
bp-dermaexpress-8423372000515,dermaexpress,https://cdn.shopify.com/s/files/1/0088/1937/6188/products/Adaptaciones-47.jpg,FC-72000515,8423372000515,"Genové Desodorante Efecto antitranspirante ideal para pieles sensibles 50 ml"
bp-dermaexpress-7503015500068,dermaexpress,https://cdn.shopify.com/s/files/1/0088/1937/6188/products/Adaptaciones-49.jpg,FC-15500068,7503015500068,"Euderma Glicogel Gel auxiliar para tratamiento del acné 60 gr"
bp-dermaexpress-3760095250168,dermaexpress,https://cdn.shopify.com/s/files/1/0088/1937/6188/files/3760095250168_4d60cf60-f00a-41cb-a2cf-f1c319e1a102.jpg,FC-95250168,3760095250168,"ACM Novophane Suplemento 60 cápsulas"
bp-dermaexpress-3337875660617,dermaexpress,https://cdn.shopify.com/s/files/1/0088/1937/6188/files/a4d094af-d48d-426e-868c-864c3aa76e3f.jpg,FC-75660617,3337875660617,"Vichy Normaderm phytosolution Corrige imperfecciones y regenera la piel 50 ml"
bp-dermaexpress-5707725100156,dermaexpress,https://cdn.shopify.com/s/files/1/0088/1937/6188/files/Nourkrin_Man_2_2a4bfbdc-e8d7-48d8-a4cd-32cf17e3260a.jpg,FC-25100156,5707725100156,"Uppharma Nourkrin radiance Tratamiento para canas c/30 tabletas"
bp-dermaexpress-3760269770867,dermaexpress,https://cdn.shopify.com/s/files/1/0088/1937/6188/files/Diseno_sin_titulo_8_eb88f063-8980-4258-80b6-b34193dde170.png,FC-69770867,3760269770867,"Isispharma Glyco-A Peeling medio 12% Matifica unifica difumina y exfolia la piel 30 ml"
bp-dermaexpress-7508006184616,dermaexpress,https://cdn.shopify.com/s/files/1/0088/1937/6188/files/7508006184616.1.jpg,FC-06184616,7508006184616,"Panalab Vitanoin blemish suero despigmentante 30ml."
bp-dermaexpress-3701129805367,dermaexpress,https://cdn.shopify.com/s/files/1/0088/1937/6188/files/3701129805367.jpg,FC-29805367,3701129805367,"Bioderma Sébium Kerato+ Gel-crema anti-imperfecciones 30 ml"
bp-dermaexpress-7503015500082,dermaexpress,https://cdn.shopify.com/s/files/1/0088/1937/6188/products/Adaptaciones-50.jpg,FC-15500082,7503015500082,"Euderma Glicoexfol Crema anti-envejecimiento al 10% 60 gr"
bp-dermaexpress-4005900650412,dermaexpress,https://cdn.shopify.com/s/files/1/0088/1937/6188/files/4005900650412_1.jpg,FC-00650412,4005900650412,"Eucerin Hyaluron-Filler + Elasticity Crema contorno de ojos antiarrugas 15 ml"
bp-dermaexpress-4005800066061,dermaexpress,https://cdn.shopify.com/s/files/1/0088/1937/6188/products/4005800066061_1.jpg,FC-00066061,4005800066061,"Eucerin Sun Protector solar corporal textura extra ligera FPS50+ 150 ml"
bp-dermaexpress-8423372800153,dermaexpress,https://cdn.shopify.com/s/files/1/0088/1937/6188/products/Adaptaciones-19.jpg,FC-72800153,8423372800153,"Genové Pilopeptan Woman Suero reparador 30 ml"
bp-dermaexpress-8423372034909,dermaexpress,https://cdn.shopify.com/s/files/1/0088/1937/6188/products/8423372034909.jpg,FC-72034909,8423372034909,"Genové Fluidbase Hidratante facial piel grasa 50 ml"
bp-dermaexpress-7508006184050,dermaexpress,https://cdn.shopify.com/s/files/1/0088/1937/6188/files/7508006184050.4.jpg,FC-06184050,7508006184050,"Panalab Sk-invita Bálsamo labial FPS30 5 gr"
bp-dermaexpress-4005800239656,dermaexpress,https://cdn.shopify.com/s/files/1/0088/1937/6188/files/4005800239656_2.jpg,FC-00239656,4005800239656,"Eucerin pH5 Loción corporal hidratante para piel seca y sensible 100 ml"
bp-dermaexpress-732013301415,dermaexpress,https://cdn.shopify.com/s/files/1/0088/1937/6188/products/14.jpg,FC-13301415,732013301415,"Neostrata Repair Crema Contorno de Ojos 15 g"
bp-dermaexpress-8436574363166,dermaexpress,https://cdn.shopify.com/s/files/1/0088/1937/6188/files/FolcareMinoxidil-WEB-3.jpg,FC-74363166,8436574363166,"Cantabria Labs Folcare Minoxidil 5% Solución anticaída 60 ml"
bp-dermaexpress-8436574362336,dermaexpress,https://cdn.shopify.com/s/files/1/0088/1937/6188/files/8436574362336.jpg,FC-74362336,8436574362336,"Cantabria Labs Biretix Hydramat Fluido hidratante matificante 50 ml"
bp-dermaexpress-8470003245920,dermaexpress,https://cdn.shopify.com/s/files/1/0088/1937/6188/products/8470003245920.jpg,FC-03245920,8470003245920,"Isdin Acniben Gel crema facial Control de brillo y granos 40 ml"
bp-dermaexpress-7501273500288,dermaexpress,https://cdn.shopify.com/s/files/1/0088/1937/6188/products/Adaptaciones-17.jpg,FC-73500288,7501273500288,"Remexa Hidroquin loción 28 ml"
bp-dermaexpress-3401399521799,dermaexpress,https://cdn.shopify.com/s/files/1/0088/1937/6188/files/Diseno_sin_titulo_24.png,FC-99521799,3401399521799,"Isispharma Urelia Urea 50% Hidratante para piel con descamación 40 ml"
bp-dermaexpress-3401360120013,dermaexpress,https://cdn.shopify.com/s/files/1/0088/1937/6188/files/Diseno_sin_titulo_11_1319ebe7-08b7-4145-bc20-8e7bc566e3c2.png,FC-60120013,3401360120013,"Isispharma Ruboril Expert S Crema calmante anti rojeces 40 ml"
bp-dermaexpress-3337871332327,dermaexpress,https://cdn.shopify.com/s/files/1/0088/1937/6188/products/3337871332327_1.jpg,FC-71332327,3337871332327,"Vichy Dermablend coverflow 3d #45 gold Alta cobertura y duración 30 ml"
bp-dermaexpress-3760095250199,dermaexpress,https://cdn.shopify.com/s/files/1/0088/1937/6188/products/NOVOPHANE-K-CHAMPU-125-ML.jpg,FC-95250199,3760095250199,"ACM Novophane K Shampoo anticaspa 125 ml"
bp-dermaexpress-3701129807439,dermaexpress,https://cdn.shopify.com/s/files/1/0088/1937/6188/files/3701129807439_2.jpg,FC-29807439,3701129807439,"Bioderma Photoderm Nude Touch Mineral FPS50+ Protector solar facial con color tono Bronce 40 ml"
bp-dermaexpress-3701129807415,dermaexpress,https://cdn.shopify.com/s/files/1/0088/1937/6188/files/3701129807415_2.jpg,FC-29807415,3701129807415,"Bioderma Photoderm Cover Touch Mineral Protector solar facial FPS50+ con color tono muy claro 40 g"
bp-dermaexpress-3701129807316,dermaexpress,https://cdn.shopify.com/s/files/1/0088/1937/6188/files/3701129807316.jpg,FC-29807316,3701129807316,"Bioderma Photoderm Pediatrics Spray protector solar para niños FPS50+ 200 ml"
bp-dermaexpress-3701129804193,dermaexpress,https://cdn.shopify.com/s/files/1/0088/1937/6188/products/3401399372575_97df690a-b1f0-4b5f-afd8-120706f3ea67.jpg,FC-29804193,3701129804193,"Bioderma Atoderm Crema reparadora para manos y uñas 50 ml"
bp-dermaexpress-3499320001328,dermaexpress,https://cdn.shopify.com/s/files/1/0088/1937/6188/products/3499320001328.jpg,FC-20001328,3499320001328,"Galderma Benzac AC Gel 5% tratamiento anti acné 60 gr"
bp-dermaexpress-7640137610708,dermaexpress,https://cdn.shopify.com/s/files/1/0088/1937/6188/products/1000x1000Catalogo-61.jpg,FC-37610708,7640137610708,"Genové Tranacix Crema despigmentante 30 gr"
bp-dermaexpress-816378021383,dermaexpress,https://cdn.shopify.com/s/files/1/0088/1937/6188/files/816378021383.png,FC-78021383,816378021383,"DS Spectral BRD Estimulante para barba 30 ml"
bp-dermaexpress-8429420222472,dermaexpress,https://cdn.shopify.com/s/files/1/0088/1937/6188/products/8429420222472.jpg,FC-20222472,8429420222472,"Isdin Nutradeica Shampoo Anticaspa grasa 200 ml"
bp-dermaexpress-3760269770010,dermaexpress,https://cdn.shopify.com/s/files/1/0088/1937/6188/files/Diseno_sin_titulo_14.png,FC-69770010,3760269770010,"Isispharma Neotone Gel exfoliante despigmentante 150 ml"
bp-dermaexpress-8470001806475,dermaexpress,https://cdn.shopify.com/s/files/1/0088/1937/6188/products/8470001806475.jpg,FC-01806475,8470001806475,"Isdin Acniben Body Spray Renovador para piel grasa 150 ml"
bp-dermaexpress-8429420218758,dermaexpress,https://cdn.shopify.com/s/files/1/0088/1937/6188/files/3337875940139_3.avif,FC-20218758,8429420218758,"Isdin Isdinceutics Essential Cleansing Aceite limpiador 200 ml"
bp-dermaexpress-8429420188020,dermaexpress,https://cdn.shopify.com/s/files/1/0088/1937/6188/products/8429420188020.jpg,FC-20188020,8429420188020,"Isdin Pediatrics Fotoprotector Spray Wet Skin FPS50 250 ml"
bp-dermaexpress-4005900838841,dermaexpress,https://cdn.shopify.com/s/files/1/0088/1937/6188/files/4005900838841_2_a761b5b8-56aa-4f27-bf99-5446ef02bb03.jpg,FC-00838841,4005900838841,"Eucerin Anti-Pigment Crema de manos anti-hiperpigmentación FPS30 75 ml"
bp-dermaexpress-8470001509833,dermaexpress,https://cdn.shopify.com/s/files/1/0088/1937/6188/products/8470001509833_3.jpg,FC-01509833,8470001509833,"Isdin Acniben Toallitas Anti-imperfecciones 30 pz"
bp-dermaexpress-7508006183459,dermaexpress,https://cdn.shopify.com/s/files/1/0088/1937/6188/files/75080061834594.jpg,FC-06183459,7508006183459,"Panalab Sk-invita Pantalla solar mineral regenerador FPS30 50 ml"
bp-dermaexpress-8470001855107,dermaexpress,https://cdn.shopify.com/s/files/1/0088/1937/6188/products/8470001855107_4.jpg,FC-01855107,8470001855107,"Isdin Acniben On the Spot Corrector de granos 15 ml"
bp-dermaexpress-7501054550037,dermaexpress,https://cdn.shopify.com/s/files/1/0088/1937/6188/files/7501054550037_1.jpg,FC-54550037,7501054550037,"Eucerin Aquaphor Spray corporal reparador para piel seca 150 ml"
bp-dermaexpress-4005900942777,dermaexpress,https://cdn.shopify.com/s/files/1/0088/1937/6188/files/4005900942777_2.jpg,FC-00942777,4005900942777,"Eucerin Hyaluron Filler Hydra Night Gel 50 ml"
bp-dermaexpress-3760269770294,dermaexpress,https://cdn.shopify.com/s/files/1/0088/1937/6188/files/Diseno_sin_titulo_21.png,FC-69770294,3760269770294,"Isispharma Uveblock FPS50+ Spray corporal 200 ml"
bp-dermaexpress-3282776397103,dermaexpress,https://cdn.shopify.com/s/files/1/0088/1937/6188/products/3282776397103.jpg,FC-76397103,3282776397103,"Ducray Keracnyl Crema matificante para piel grasa 30 ml"
bp-dermaexpress-718122899173,dermaexpress,https://cdn.shopify.com/s/files/1/0088/1937/6188/files/718122899173.png,FC-22899173,718122899173,"DS Vexum SL Crema restauradora 50 ml"
bp-dermaexpress-7897930778351,dermaexpress,https://cdn.shopify.com/s/files/1/0088/1937/6188/files/7897930778351_1.avif,FC-30778351,7897930778351,"Cetaphil Crema hidratante para piel seca 170 gr"
bp-dermaexpress-8436574362459,dermaexpress,https://cdn.shopify.com/s/files/1/0088/1937/6188/products/EndocareRenewal_IntensiveRetinol_Serum_Bottle.jpg,FC-74362459,8436574362459,"Cantabria Labs Endocare Renewal Retinol Intensive Sérum antiedad 30 ml"
bp-dermaexpress-3337875791984,dermaexpress,https://cdn.shopify.com/s/files/1/0088/1937/6188/files/3337875791984_10.jpg,FC-75791984,3337875791984,"Vichy Normaderm probio bha Sérum anti-imperfecciones 30 ml"
bp-dermaexpress-3031500311607,dermaexpress,https://cdn.shopify.com/s/files/1/0088/1937/6188/files/Diseno_sin_titulo_22.png,FC-00311607,3031500311607,"Isispharma Uveblock FPS50+ Fluido invisible para pieles sensibles 40 ml"
bp-dermaexpress-3760269770126,dermaexpress,https://cdn.shopify.com/s/files/1/0088/1937/6188/files/Diseno_sin_titulo_28.png,FC-69770126,3760269770126,"Isispharma Sensylia 24hr Fluido hidratante para piel seca 40 ml"
bp-dermaexpress-7503015500044,dermaexpress,https://cdn.shopify.com/s/files/1/0088/1937/6188/products/Adaptaciones-31.jpg,FC-15500044,7503015500044,"Euderma 20 Plus Crema reparadora intensiva 120 gr"
bp-dermaexpress-3499320015615,dermaexpress,https://cdn.shopify.com/s/files/1/0088/1937/6188/files/3499320015615_1.avif,FC-20015615,3499320015615,"Cetaphil Crema limpiadora espumosa hidratante 473 ml"
bp-dermaexpress-3282770152456,dermaexpress,https://cdn.shopify.com/s/files/1/0088/1937/6188/files/3282770152456_blanca.jpg,FC-70152456,3282770152456,"Avene Agua micelar desmaquillante 100 ml"
bp-dermaexpress-4005900559524,dermaexpress,https://cdn.shopify.com/s/files/1/0088/1937/6188/files/4005900559524_1.jpg,FC-00559524,4005900559524,"Eucerin Anti-Pigment Spot Corrector anti-hiperpigmentación 5 ml"
bp-dermaexpress-8423372026010,dermaexpress,https://cdn.shopify.com/s/files/1/0088/1937/6188/products/8423372026010.jpg,FC-72026010,8423372026010,"Genové Pilopeptan Shampoo anticaída 250 ml"
bp-dermaexpress-4005900839626,dermaexpress,https://cdn.shopify.com/s/files/1/0088/1937/6188/files/4005900839626_2.jpg,FC-00839626,4005900839626,"Eucerin Sun Oil Control Protector solar FPS50+ tono claro para piel grasa 50 ml"
bp-dermaexpress-705105299372,dermaexpress,https://cdn.shopify.com/s/files/1/0088/1937/6188/files/689076362153_61355004-9106-4e76-882b-bb26f3cabca9.png,FC-05299372,705105299372,"DS Revita COR Acondicionador anticaída 205 ml"
bp-dermaexpress-3282770388916,dermaexpress,https://cdn.shopify.com/s/files/1/0088/1937/6188/files/3282770388916_1.jpg,FC-70388916,3282770388916,"Aderma Biology AC Global Crema hidratante anti-imperfecciones 40 ml"
bp-dermaexpress-732013301606,dermaexpress,https://cdn.shopify.com/s/files/1/0088/1937/6188/products/732013301606.png,FC-13301606,732013301606,"Neostrata Enlighten Fluido Facial Despigmentante 30 ml"
bp-dermaexpress-3401352000408,dermaexpress,https://cdn.shopify.com/s/files/1/0088/1937/6188/products/3401352000408.jpg,FC-52000408,3401352000408,"Noreva Sensidiane AR Crema Anti-Rojeces 30 ml"
bp-dermaexpress-3337875663076,dermaexpress,https://cdn.shopify.com/s/files/1/0088/1937/6188/files/3337875663076_11.jpg,FC-75663076,3337875663076,"Vichy Normaderm phytosolution Gel limpiador pieles grasas con tendencia acneica 200 ml"
bp-dermaexpress-7501273500516,dermaexpress,https://cdn.shopify.com/s/files/1/0088/1937/6188/products/2257588.jpg,FC-73500516,7501273500516,"Remexa-lipoderm c Crema 50 gr"
bp-dermaexpress-3592619321609,dermaexpress,https://cdn.shopify.com/s/files/1/0088/1937/6188/files/3592619321609_1_2.jpg,FC-19321609,3592619321609,"Ducray Dexeryl Crema hidratante para piel seca 500 gr"
bp-dermaexpress-8430340038418,dermaexpress,https://cdn.shopify.com/s/files/1/0088/1937/6188/files/03_PS_SHAMPOO_CASPA_GRASA_PILEXIL_2023.jpg,FC-40038418,8430340038418,"Armstrong Pilexil Shampoo anticaspa caspa grasa 300 ml"
bp-dermaexpress-7508006183329,dermaexpress,https://cdn.shopify.com/s/files/1/0088/1937/6188/files/AminoterRepage_7508006183329_06.jpg,FC-06183329,7508006183329,"Panalab Aminoter Reparage suero capilar 50 ml"
bp-dermaexpress-7502003560442,dermaexpress,https://cdn.shopify.com/s/files/1/0088/1937/6188/products/PS_Adaferin_03_45g.jpg,FC-03560442,7502003560442,"Galderma Adaferin 3% Gel tratamiento anti acné 45 gr"
bp-dermaexpress-7501089804525,dermaexpress,https://cdn.shopify.com/s/files/1/0088/1937/6188/files/01_LETI_LECHE_CORPORAL_2023.jpg,FC-89804525,7501089804525,"Armstrong LETI AT4 Leche corporal 250 ml"
bp-dermaexpress-7612076457430,dermaexpress,https://cdn.shopify.com/s/files/1/0088/1937/6188/files/7612076457430_1.avif,FC-76457430,7612076457430,"Cetaphil Sun Kids Protector solar FPS50+ para niños 150 ml"
bp-dermaexpress-3760269770508,dermaexpress,https://cdn.shopify.com/s/files/1/0088/1937/6188/files/Diseno_sin_titulo_20.png,FC-69770508,3760269770508,"Isispharma Uveblock FPS50+ Toque seco para pieles mixtas a grasas 40 ml"
bp-dermaexpress-3282770152463,dermaexpress,https://cdn.shopify.com/s/files/1/0088/1937/6188/files/3282770152463_blanca.jpg,FC-70152463,3282770152463,"Avene loción micelar desmaquillante 200 ml"
bp-dermaexpress-3760269770997,dermaexpress,https://cdn.shopify.com/s/files/1/0088/1937/6188/files/Diseno_sin_titulo_5_def16daf-22b4-466c-8a6c-8aba7792e64c.png,FC-69770997,3760269770997,"Isispharma Neotone Radiance FPS50+ Tono claro Anti manchas 30 ml"
bp-dermaexpress-3760269770980,dermaexpress,https://cdn.shopify.com/s/files/1/0088/1937/6188/files/Diseno_sin_titulo_6_b68d436a-d668-4e44-888f-0e80b01326ce.png,FC-69770980,3760269770980,"Isispharma Neotone Radiance FPS50+ Tono medio Anti manchas 30 ml"
bp-dermaexpress-3401360049666,dermaexpress,https://cdn.shopify.com/s/files/1/0088/1937/6188/files/3401360049666.jpg,FC-60049666,3401360049666,"Isispharma Ruboril Leche desmaquillante para pieles sensibles 250 ml"
bp-dermaexpress-7502002460965,dermaexpress,https://cdn.shopify.com/s/files/1/0088/1937/6188/products/7502002460965_1.jpg,FC-02460965,7502002460965,"Farmapiel Sodimel Suplemento antioxidante antiedad 30 cáps"
bp-dermaexpress-3337875632676,dermaexpress,https://cdn.shopify.com/s/files/1/0088/1937/6188/files/823da9cb-0079-4f7b-a052-00aa1aedfaea.jpg,FC-75632676,3337875632676,"La Roche-Posay Toleriane Mascara Waterproof Máscara de pestañas a prueba de alergias 6 g"
bp-dermaexpress-7501273500493,dermaexpress,https://cdn.shopify.com/s/files/1/0088/1937/6188/products/7501273500493.jpg,FC-73500493,7501273500493,"Remexa Dermoscalp shampoo 100 ml"
bp-dermaexpress-7501273500271,dermaexpress,https://cdn.shopify.com/s/files/1/0088/1937/6188/files/REMEXA_9f8b54ea-814e-4836-a672-c66a628d4ac4.jpg,FC-73500271,7501273500271,"Remexa Benzaderm jabón 100 gr"
bp-dermaexpress-3433422401907,dermaexpress,https://cdn.shopify.com/s/files/1/0088/1937/6188/files/c7882a46-1307-4fcc-af1e-3b8e320dacaa.jpg,FC-22401907,3433422401907,"La Roche-Posay Respectissime Desmaquillante de ojos 125 ml"
bp-dermaexpress-816378022175,dermaexpress,https://cdn.shopify.com/s/files/1/0088/1937/6188/files/816378022175.png,FC-78022175,816378022175,"D.S Advanced Blemish defense suero anti-edad 30ml."
bp-dermaexpress-816378022168,dermaexpress,https://cdn.shopify.com/s/files/1/0088/1937/6188/files/816378022168.png,FC-78022168,816378022168,"DS Advanced Dark Spot Corrector Sérum antimanchas 30 ml"
bp-dermaexpress-7503015500297,dermaexpress,https://cdn.shopify.com/s/files/1/0088/1937/6188/products/7503015500297.jpg,FC-15500297,7503015500297,"Euderma E&L Loción capilar anticaída 125 ml"
bp-dermaexpress-732013301620,dermaexpress,https://cdn.shopify.com/s/files/1/0088/1937/6188/files/neostrata-skin-lighten-e1630600937141.jpg,FC-13301620,732013301620,"Neostrata Enlighten Gel Despigmentante 20 g"
bp-dermaexpress-732013301323,dermaexpress,https://cdn.shopify.com/s/files/1/0088/1937/6188/products/Adaptaciones-10.jpg,FC-13301323,732013301323,"Neostrata Resurface Crema Facial Ultrasuavizante 40 gr"
bp-dermaexpress-8429420222779,dermaexpress,https://cdn.shopify.com/s/files/1/0088/1937/6188/files/8429420222779.jpg,FC-20222779,8429420222779,"Isdin Isdinceutics Hyaluronic Moisture Hidratante piel normal a seca 50 gr"
bp-dermaexpress-3760269770492,dermaexpress,https://cdn.shopify.com/s/files/1/0088/1937/6188/products/NeotonePrevent50.jpg,FC-69770492,3760269770492,"Isispharma Neotone Prevent FPS50+ Claro Protector despigmentante con color 30 ml"
bp-dermaexpress-3401360049918,dermaexpress,https://cdn.shopify.com/s/files/1/0088/1937/6188/products/XerolanSpray.jpg,FC-60049918,3401360049918,"Isispharma Xerolan Spray reparador calmante Rehidrata la piel y alivia el ardor 150 ml"
bp-dermaexpress-8429420172401,dermaexpress,https://cdn.shopify.com/s/files/1/0088/1937/6188/products/8429420172401.jpg,FC-20172401,8429420172401,"Isdin Isdinceutics Age Reverse Night Crema antiedad 50 ml"
bp-dermaexpress-732013302160,dermaexpress,https://cdn.shopify.com/s/files/1/0088/1937/6188/products/732013302160.png,FC-13302160,732013302160,"Neostrata Enlighten Gel Despigmentante para Manchas 40 gr"
bp-dermaexpress-8429420138346,dermaexpress,https://cdn.shopify.com/s/files/1/0088/1937/6188/products/8429420145177_755eb5b7-c6d1-4dde-87dc-611ac11778eb.jpg,FC-20138346,8429420138346,"Isdin Isdinceutics Flavo-C Melatonina Sérum reparador de noche 10 x 2 ml"
bp-dermaexpress-7502224228787,dermaexpress,https://cdn.shopify.com/s/files/1/0088/1937/6188/products/7502224228787.jpg,FC-24228787,7502224228787,"Cell Pharma Kitoscell Gel cicatrizante 90 gr"
bp-dermaexpress-8423372041006,dermaexpress,https://cdn.shopify.com/s/files/1/0088/1937/6188/products/Adaptaciones-26.jpg,FC-72041006,8423372041006,"Genové Fluidbase Gel hidratante con ácido glicólico 8% 30 ml"
bp-dermaexpress-3282770388701,dermaexpress,https://cdn.shopify.com/s/files/1/0088/1937/6188/files/Diseno_sin_titulo_890a3d12-8b88-44cc-b055-cc3d5fcb0378.png,FC-70388701,3282770388701,"Aderma Exomega Aceite dermolimpiador para piel seca 500 ml"
bp-dermaexpress-732013301453,dermaexpress,https://cdn.shopify.com/s/files/1/0088/1937/6188/products/732013301453.png,FC-13301453,732013301453,"Neostrata Clarify Tónico Exfoliante para Piel Grasa o con Acné 100 ml"
bp-dermaexpress-7502224227131,dermaexpress,https://cdn.shopify.com/s/files/1/0088/1937/6188/products/7502224227117.jpg,FC-24227131,7502224227131,"Cell Pharma Zaxcell Gel cicatrizante 30 gr"
bp-dermaexpress-3282770209648,dermaexpress,https://cdn.shopify.com/s/files/1/0088/1937/6188/products/3282770209648.jpg,FC-70209648,3282770209648,"Aderma A-Cutalgan Spray reparador y calmante 100 ml"
bp-dermaexpress-3282770074239,dermaexpress,https://cdn.shopify.com/s/files/1/0088/1937/6188/products/3282770074239.jpg,FC-70074239,3282770074239,"Aderma Exomega Gel limpiador para bebé 200 ml"
bp-dermaexpress-3282770388855,dermaexpress,https://cdn.shopify.com/s/files/1/0088/1937/6188/files/3282770388855_1.jpg,FC-70388855,3282770388855,"Aderma Biology AC Hydra Crema hidratante para piel mixta a grasa 40 ml"
bp-dermaexpress-7703281001461,dermaexpress,https://cdn.shopify.com/s/files/1/0088/1937/6188/files/7703281001461_2.jpg,FC-81001461,7703281001461,"Italmex Umbrella FPS50+ Crema fotoprotectora para piel normal a seca 60 gr"
bp-dermaexpress-3337875597371,dermaexpress,https://cdn.shopify.com/s/files/1/0088/1937/6188/files/926fd11d-2bdb-454e-9e72-7d7550f411e8.jpg,FC-75597371,3337875597371,"CeraVe Crema hidratante facial y corporal 50 ml"
bp-dermaexpress-8429420050921,dermaexpress,https://cdn.shopify.com/s/files/1/0088/1937/6188/products/8429420050921.jpg,FC-20050921,8429420050921,"Isdin Niogermox 8% Solución antimicótica en laca 3.3 ml"
bp-dermaexpress-8470001509840,dermaexpress,https://cdn.shopify.com/s/files/1/0088/1937/6188/products/8470001509840_23752b8f-f467-46ca-9456-950059532a6a.jpg,FC-01509840,8470001509840,"Isdin Nutratopic Pro-AMP Gel de baño Emoliente para piel atópica 750 ml"
bp-dermaexpress-8423372840210,dermaexpress,https://cdn.shopify.com/s/files/1/0088/1937/6188/products/8423372840210.jpg,FC-72840210,8423372840210,"Genové Pilopeptan Woman Mascarilla regeneradora 200 ml"
bp-dermaexpress-8429420165472,dermaexpress,https://cdn.shopify.com/s/files/1/0088/1937/6188/files/2_8f1aa026-ad56-4e7b-b6e9-629f65a30ec3.png,FC-20165472,8429420165472,"Isdin Isdinceutics Instant Flash Efecto lifting inmediato 5 amp x 2 ml"
bp-dermaexpress-8436574362442,dermaexpress,https://cdn.shopify.com/s/files/1/0088/1937/6188/products/EndocareRenewal_Retinol_Serum_Bottle.jpg,FC-74362442,8436574362442,"Cantabria Labs Endocare Renewal Retinol Sérum antiedad 30 ml"
bp-dermaexpress-7703281001454,dermaexpress,https://cdn.shopify.com/s/files/1/0088/1937/6188/files/7703281001454_2.jpg,FC-81001454,7703281001454,"Italmex Umbrella FPS50+ Fotoprotector en gel para piel grasa 60 gr"
bp-dermaexpress-4005900656063,dermaexpress,https://cdn.shopify.com/s/files/1/0088/1937/6188/files/4005900656063_2_f7c97c01-be27-4664-a3e8-2e8fc7e539fd.jpg,FC-00656063,4005900656063,"Eucerin Hyaluron Filler Booster Hidratante 30 ml"
bp-dermaexpress-4005800268731,dermaexpress,https://cdn.shopify.com/s/files/1/0088/1937/6188/files/4005800268731_1.jpg,FC-00268731,4005800268731,"Eucerin Aquaphor Bálsamo reparador de labios SOS 10 ml"
bp-dermaexpress-8470001625069,dermaexpress,https://cdn.shopify.com/s/files/1/0088/1937/6188/products/8470001625069_1.jpg,FC-01625069,8470001625069,"Isdin Germisdin Intim Calm Higiene íntima 250 ml"
bp-dermaexpress-4005800266409,dermaexpress,https://cdn.shopify.com/s/files/1/0088/1937/6188/files/10cb6643-e7c6-44c3-a2f6-500c8844088e.jpg,FC-00266409,4005800266409,"Eucerin Sun Gel-Crema corporal Oil Control FPS50+ 200 ml"
bp-dermaexpress-4005900436993,dermaexpress,https://cdn.shopify.com/s/files/1/0088/1937/6188/files/4005900436993_2.jpg,FC-00436993,4005900436993,"Eucerin Dermopure Exfoliante para piel grasa y con tendencia acneica 100 ml"
bp-dermaexpress-3401575243675,dermaexpress,https://cdn.shopify.com/s/files/1/0088/1937/6188/files/Diseno_sin_titulo_13.png,FC-75243675,3401575243675,"Isispharma Neotone Radiance FPS50+ Anti manchas 30 ml"
bp-dermaexpress-4005900324023,dermaexpress,https://cdn.shopify.com/s/files/1/0088/1937/6188/files/Diseno_sin_titulo_5_f0f7b83a-d5e3-42aa-b620-cdd1b2c92b2c.png,FC-00324023,4005900324023,"Eucerin Elasticity+Filler Crema facial de noche antiarrugas 50 ml"
bp-dermaexpress-4005900903273,dermaexpress,https://cdn.shopify.com/s/files/1/0088/1937/6188/files/4005900903273_1.jpg,FC-00903273,4005900903273,"Eucerin Anti-Pigment Skin Perfecting Sérum de día y noche anti-hiperpigmentación 30 ml"
bp-dermaexpress-3760269770546,dermaexpress,https://cdn.shopify.com/s/files/1/0088/1937/6188/products/DERMAINTENSEPEELING.jpg,FC-69770546,3760269770546,"Isispharma Glyco-A Peeling intenso Crema de noche con 25% de ácido glicólico 30 ml"
bp-dermaexpress-3760269770553,dermaexpress,https://cdn.shopify.com/s/files/1/0088/1937/6188/files/Diseno_sin_titulo_7_470cb769-03d7-4d85-bdf4-3731e5dd2e2f.png,FC-69770553,3760269770553,"Isispharma Glyco-A Body Peeling corporal 200 ml"
bp-dermaexpress-3401399521621,dermaexpress,https://cdn.shopify.com/s/files/1/0088/1937/6188/products/Urelia10.jpg,FC-99521621,3401399521621,"Isispharma Urelia 10% Crema hidratante exfoliante para piel escamosa 150 ml"
bp-dermaexpress-3282770154085,dermaexpress,https://cdn.shopify.com/s/files/1/0088/1937/6188/files/3282770154085.jpg,FC-70154085,3282770154085,"Aderma Biology Espuma limpiadora para piel normal a seca 150 ml"
bp-dermaexpress-3282770153255,dermaexpress,https://cdn.shopify.com/s/files/1/0088/1937/6188/files/3282770153255_2.jpg,FC-70153255,3282770153255,"Ducray Neoptide Expert Sérum anticaída 50 ml"
bp-dermaexpress-3282770152999,dermaexpress,https://cdn.shopify.com/s/files/1/0088/1937/6188/files/3282770152999.jpg,FC-70152999,3282770152999,"Aderma Biology AC Gel espumoso para piel grasa 200 ml"
bp-dermaexpress-3282770146691,dermaexpress,https://cdn.shopify.com/s/files/1/0088/1937/6188/files/3282770146691_1.jpg,FC-70146691,3282770146691,"Aderma Biology Anti-rojeces Crema calmante para piel con rosácea 40 ml"
bp-dermaexpress-3282770146677,dermaexpress,https://cdn.shopify.com/s/files/1/0088/1937/6188/files/3282770146677_1.jpg,FC-70146677,3282770146677,"Aderma Biology Crema hidratante 40 ml"
bp-dermaexpress-3499320015530,dermaexpress,https://cdn.shopify.com/s/files/1/0088/1937/6188/files/3499320015530_1__1.avif,FC-20015530,3499320015530,"Cetaphil Gel limpiador facial para piel grasa 473 ml"
bp-dermaexpress-7501089804389,dermaexpress,https://cdn.shopify.com/s/files/1/0088/1937/6188/files/03_LETI_CREMA_CORPORAL_2023.jpg,FC-89804389,7501089804389,"Armstrong LETI AT4 Crema corporal hidratante 200 ml"
bp-dermaexpress-7501089804471,dermaexpress,https://cdn.shopify.com/s/files/1/0088/1937/6188/files/01_PS_CAPSULAS_ANTICAIDA_PILEXIL_2023.jpg,FC-89804471,7501089804471,"Armstrong Pilexil  Suplemento en cápsulas c/100."
bp-dermaexpress-7501089804532,dermaexpress,https://cdn.shopify.com/s/files/1/0088/1937/6188/files/01_LETI_SHAMPOO_2023.jpg,FC-89804532,7501089804532,"Armstrong LETI AT4 Shampoo para piel atópica 250 ml"
bp-dermaexpress-8470001520357,dermaexpress,https://cdn.shopify.com/s/files/1/0088/1937/6188/files/03_PS_SPRAY_ANTICAIDA_PILEXIL_2023.jpg,FC-01520357,8470001520357,"Armstrong Pilexil loción capilar anticaída 120 ml"
bp-dermaexpress-8470001657909,dermaexpress,https://cdn.shopify.com/s/files/1/0088/1937/6188/files/01_PS_AMPOLLETAS_ANTICAIDA_PILEXIL_2023.jpg,FC-01657909,8470001657909,"Armstrong Pilexil Forte Kit 15 + 5 ampolletas anticaída 5 ml"
bp-dermaexpress-8470002063754,dermaexpress,https://cdn.shopify.com/s/files/1/0088/1937/6188/files/02_PS_SHAMPOO_ANTICAIDA_PILEXIL_2023.jpg,FC-02063754,8470002063754,"Armstrong Pilexil Shampoo anticaída 300 ml"
bp-dermaexpress-7503015500228,dermaexpress,https://cdn.shopify.com/s/files/1/0088/1937/6188/products/7503015500228.jpg,FC-15500228,7503015500228,"Euderma Protecsol E fotoprotector pediátrico 100ml."
bp-dermaexpress-3760095252803,dermaexpress,https://cdn.shopify.com/s/files/1/0088/1937/6188/products/RosakalmCrema.jpg,FC-95252803,3760095252803,"ACM Rosakalm Crema antirrojeces para rostro 40 ml"
bp-dermaexpress-3571940000421,dermaexpress,https://cdn.shopify.com/s/files/1/0088/1937/6188/products/30_PSORIANE_Shampoo_intensivo_calmante_anti-escamas_copia.jpg,FC-40000421,3571940000421,"Noreva Psoriane Shampoo Anti-Escamas 125 ml"
bp-dermaexpress-4005900728807,dermaexpress,https://cdn.shopify.com/s/files/1/0088/1937/6188/files/4005900728807_1.jpg,FC-00728807,4005900728807,"Eucerin Elasticity+Filler Crema facial de día antiarrugas FPS30 50 ml"
bp-dermaexpress-3337871323332,dermaexpress,https://cdn.shopify.com/s/files/1/0088/1937/6188/files/3337871323332_10.jpg,FC-71323332,3337871323332,"Vichy Liftactiv derm origen Ojos Tratamiento anti-edad 15 ml"
bp-dermaexpress-8423372800399,dermaexpress,https://cdn.shopify.com/s/files/1/0088/1937/6188/products/8423372800399-GENOVEDETOXAGUAMICELAR300ML.jpg,FC-72800399,8423372800399,"Genové Detox Agua micelar con bomba inversa 300 ml"
bp-dermaexpress-8470003854764,dermaexpress,https://cdn.shopify.com/s/files/1/0088/1937/6188/products/8470003854764.jpg,FC-03854764,8470003854764,"Isdin Germisdin Gel de baño Sin jabón 250 ml"
bp-dermaexpress-3337875597296,dermaexpress,https://cdn.shopify.com/s/files/1/0088/1937/6188/files/75ab02da-60ed-485b-b0d2-959e0f0eb9f6.jpg,FC-75597296,3337875597296,"CeraVe Crema renovadora de pies 88 ml"
bp-dermaexpress-8429420227606,dermaexpress,https://cdn.shopify.com/s/files/1/0088/1937/6188/products/8429420227606.jpg,FC-20227606,8429420227606,"Isdin Acniben Gel matificante Limpiador para piel grasa con tendencia acnéica 200 ml"
bp-dermaexpress-7705849004013,dermaexpress,https://cdn.shopify.com/s/files/1/0088/1937/6188/products/7705849004013.jpg,FC-49004013,7705849004013,"Italmex Glicolic Crema restauradora de pieles resecas 60 gr"
bp-dermaexpress-3499320001946,dermaexpress,https://cdn.shopify.com/s/files/1/0088/1937/6188/products/PS_Adaferin_crema_01_30g.jpg,FC-20001946,3499320001946,"Galderma Adaferin Crema para pieles con acné 30 gr"
bp-dermaexpress-3282776367410,dermaexpress,https://cdn.shopify.com/s/files/1/0088/1937/6188/products/3282776367410_1.jpg,FC-76367410,3282776367410,"Avene Protector Solar FPS50+ crema corporal 100 ml"
bp-dermaexpress-3401399540141,dermaexpress,https://cdn.shopify.com/s/files/1/0088/1937/6188/products/3401399540141.jpg,FC-99540141,3401399540141,"Noreva Exfoliac Roll-on Anti-Imperfecciones 5 ml"
bp-dermaexpress-7501258200011,dermaexpress,https://cdn.shopify.com/s/files/1/0088/1937/6188/files/7501258200011.png,FC-58200011,7501258200011,"Advaita Dalidome Polvo en sobres 12 x 2 g"
bp-dermaexpress-8429420222946,dermaexpress,https://cdn.shopify.com/s/files/1/0088/1937/6188/files/cba43c4b-5254-4192-9cfe-23c0233f776d.jpg,FC-20222946,8429420222946,"Isdin Isdinceutics Hyaluronic Moisture Refill Piel normal a seca 50 gr"
bp-dermaexpress-8429420223028,dermaexpress,https://cdn.shopify.com/s/files/1/0088/1937/6188/files/be544d7e-52e8-4050-9f6c-7eb2bb4bdf0c.jpg,FC-20223028,8429420223028,"Isdin Isdinceutics Hyaluronic Moisture Refill Hidratante para piel sensible 50 gr"
bp-dermaexpress-3282770152555,dermaexpress,https://cdn.shopify.com/s/files/1/0088/1937/6188/files/3282770152555_1.jpg,FC-70152555,3282770152555,"Avene Leche desmaquillante para piel sensible 200 ml"
bp-dermaexpress-3282770074628,dermaexpress,https://cdn.shopify.com/s/files/1/0088/1937/6188/products/3282770074628-M-EXO-BALSAMO-CONTROL-400_44d468b8-9378-4366-8618-e0f0b835ade4.png,FC-70074628,3282770074628,"Aderma Exomega Control Crema calmante para piel seca 400 ml"
bp-dermaexpress-7703281001447,dermaexpress,https://cdn.shopify.com/s/files/1/0088/1937/6188/files/7703281001447_8.jpg,FC-81001447,7703281001447,"Italmex Umbrella Plus Fotoprotector en spray para todo tipo de piel 120 gr"
bp-dermaexpress-3337872411083,dermaexpress,https://cdn.shopify.com/s/files/1/0088/1937/6188/files/79bf6cec-52b2-4131-972e-d877adf323f6.jpg,FC-72411083,3337872411083,"La Roche-Posay Effaclar Gel Espumoso Purificante Limpiador facial para piel grasa y sensible 200 ml"
bp-dermaexpress-5701943010853,dermaexpress,https://cdn.shopify.com/s/files/1/0088/1937/6188/products/Adaptaciones-03.jpg,FC-43010853,5701943010853,"Italmex Perspirex Strong Roll-on Antitranspirante 20 ml"
bp-dermaexpress-3282779522656,dermaexpress,https://cdn.shopify.com/s/files/1/0088/1937/6188/products/3282779522656_1.jpg,FC-79522656,3282779522656,"Aderma Xera-Mega Crema hidratante para piel frágil 400 ml"
bp-dermaexpress-7503015500181,dermaexpress,https://cdn.shopify.com/s/files/1/0088/1937/6188/products/7503015500181.jpg,FC-15500181,7503015500181,"Euderma Nutrapiel Crema emoliente para piel sensible y atópica 120 gr"
bp-dermaexpress-7503015500020,dermaexpress,https://cdn.shopify.com/s/files/1/0088/1937/6188/products/7503015500020.jpg,FC-15500020,7503015500020,"Euderma Cliniderm Crema dermolimpiadora desmaquillante 240 ml"
bp-dermaexpress-732013301378,dermaexpress,https://cdn.shopify.com/s/files/1/0088/1937/6188/products/732013301378.png,FC-13301378,732013301378,"Neostrata Restore Crema  Facial Lactibionica 40gr."
bp-dermaexpress-7501258210270,dermaexpress,https://cdn.shopify.com/s/files/1/0088/1937/6188/products/PSASTOPIL15G1.jpg,FC-58210270,7501258210270,"Advaita Astopil Espuma 5% tratamiento para alopecia 15 gr"
bp-dermaexpress-3337875796583,dermaexpress,https://cdn.shopify.com/s/files/1/0088/1937/6188/files/3337875796583_12.jpg,FC-75796583,3337875796583,"Vichy Liftactiv supreme vit c Sérum antioxidante para una piel más luminosa 20 ml"
bp-dermaexpress-3337871322502,dermaexpress,https://cdn.shopify.com/s/files/1/0088/1937/6188/files/image_1024.png,FC-71322502,3337871322502,"Vichy Liftactiv derm origen Noche Tratamiento anti-edad 50 ml"
bp-dermaexpress-3337875572378,dermaexpress,https://cdn.shopify.com/s/files/1/0088/1937/6188/products/3337875572378_1.jpg,FC-75572378,3337875572378,"Vichy Dermablend líquido #30 beige Base de alta cobertura 30 ml"
bp-dermaexpress-8423372040023,dermaexpress,https://cdn.shopify.com/s/files/1/0088/1937/6188/products/Adaptaciones-23.jpg,FC-72040023,8423372040023,"Genové Fluidbase Rederm Loción AHA 10% 250 ml"
bp-dermaexpress-3337875419802,dermaexpress,https://cdn.shopify.com/s/files/1/0088/1937/6188/files/a736504d-9856-448b-8867-ea810b695932.jpg,FC-75419802,3337875419802,"Vichy Ideal soleil fps50+ Anti-dark Cuidado protector anti-manchas 50 ml"
bp-dermaexpress-8470002089471,dermaexpress,https://cdn.shopify.com/s/files/1/0088/1937/6188/files/1_2cfb409a-9d34-4fcf-b579-74c567edc3f1.jpg,FC-02089471,8470002089471,"Cantabria Labs Iraltone Loción anticaída 100 ml"
bp-dermaexpress-8429420236769,dermaexpress,https://cdn.shopify.com/s/files/1/0088/1937/6188/files/8429420236769.jpg,FC-20236769,8429420236769,"Isdin Acniben Mascarilla facial Purificante ideal para piel grasa 75 ml"
bp-dermaexpress-3337875840620,dermaexpress,https://cdn.shopify.com/s/files/1/0088/1937/6188/files/Diseno_sin_titulo_8.png,FC-75840620,3337875840620,"CeraVe Loción hidratante facial con FPS30 para piel seca 52 ml"
bp-dermaexpress-3282770200591,dermaexpress,https://cdn.shopify.com/s/files/1/0088/1937/6188/products/18-DERMABSOLU-Serum-flacon-30ml.jpg,FC-70200591,3282770200591,"Avene DermAbsolu Suero reparador antiedad 30 ml"
bp-dermaexpress-30106659,dermaexpress,https://cdn.shopify.com/s/files/1/0088/1937/6188/files/5ee5d29c-037f-462f-8a7c-3080800d4fc6.jpg,FC-30106659,30106659,"La Roche-Posay Cicaplast Balsamo Labios Hidratante y reparador de labios 7.5 ml"
bp-dermaexpress-3282770200553,dermaexpress,https://cdn.shopify.com/s/files/1/0088/1937/6188/products/18-Tube-Soin-regard-DermAbsolu-15ml-face.jpg,FC-70200553,3282770200553,"Avene Dermabsolu Contorno de ojos antiedad 15 ml"
bp-dermaexpress-7508006182605,dermaexpress,https://cdn.shopify.com/s/files/1/0088/1937/6188/files/7508006182605.6.jpg,FC-06182605,7508006182605,"Panalab Proavenal Omegatopic Crema Emoliente 250gr."
bp-dermaexpress-3337875847292,dermaexpress,https://cdn.shopify.com/s/files/1/0088/1937/6188/files/6ad051f2-64d2-4a4e-8beb-39c06a27123a.jpg,FC-75847292,3337875847292,"La Roche-Posay Anthelios UVMune 400 Oil Control Fluido FPS50+ Protector solar para piel mixta y grasa con tendencia al brillo 50 ml"
bp-dermaexpress-3337875806923,dermaexpress,https://cdn.shopify.com/s/files/1/0088/1937/6188/files/6_47f222af-936f-4459-b3b3-3d1a6eef8756.png,FC-75806923,3337875806923,"La Roche-Posay Hyalu B5 Sérum Revitalizante de Ojos Anti-arrugas e hidratante para el contorno de ojos 15 ml"
bp-dermaexpress-3337875797719,dermaexpress,https://cdn.shopify.com/s/files/1/0088/1937/6188/files/3337875797719_1.jpg,FC-75797719,3337875797719,"La Roche-Posay Crema Hidratante Anthelios UVMune 400 FPS 50+ Para piel sensible 50 ml"
bp-dermaexpress-3337875797689,dermaexpress,https://cdn.shopify.com/s/files/1/0088/1937/6188/files/3337875797689_1.jpg,FC-75797689,3337875797689,"La Roche-Posay Crema Hidratante con color Anthelios UVMune 400 FPS 50+ Protector solar facial para piel sensible 50 ml"
bp-dermaexpress-3337875774031,dermaexpress,https://cdn.shopify.com/s/files/1/0088/1937/6188/files/3337875774031_11.jpg,FC-75774031,3337875774031,"Vichy Neovadiol Post-menopausia Crema de día nutritiva antiflacidez 50 ml"
bp-dermaexpress-3337875773980,dermaexpress,https://cdn.shopify.com/s/files/1/0088/1937/6188/files/3337875773980_12.jpg,FC-75773980,3337875773980,"Vichy Neovadiol meno 5 bi-sérum Suero anti-arrugas manchas y flacidez 30 ml"
bp-dermaexpress-7501258212687,dermaexpress,https://cdn.shopify.com/s/files/1/0088/1937/6188/products/DERMA_IND_F_1200_72.jpg,FC-58212687,7501258212687,"Advaita Dermalive Crema 30gr"
bp-dermaexpress-3499320002868,dermaexpress,https://cdn.shopify.com/s/files/1/0088/1937/6188/products/ClobexPROLOC1200x1200.jpg,FC-20002868,3499320002868,"Galderma Clobexpro Loción para piel con dermatitis 59 ml"
bp-dermaexpress-689076724531,dermaexpress,https://cdn.shopify.com/s/files/1/0088/1937/6188/files/689076724531-2_856a986e-ed9b-4964-a704-bfa7983ee226.png,FC-76724531,689076724531,"DS Spectral RS Loción estimulante capilar 60 ml"
bp-dermaexpress-3337872413025,dermaexpress,https://cdn.shopify.com/s/files/1/0088/1937/6188/files/f3340773-f0c4-42fc-9b9f-5424aa9facda.jpg,FC-72413025,3337872413025,"La Roche-Posay Effaclar Mat Hidratante facial matificante para piel grasa 40 ml"
bp-dermaexpress-3282770152371,dermaexpress,https://cdn.shopify.com/s/files/1/0088/1937/6188/files/3282770152371_1.jpg,FC-70152371,3282770152371,"Avene Espuma limpiadora 150 ml"
bp-dermaexpress-3282770149111,dermaexpress,https://cdn.shopify.com/s/files/1/0088/1937/6188/files/3282770149111_1.jpg,FC-70149111,3282770149111,"Avene Protector Solar FPS50+ fluido con color 50 ml"
bp-dermaexpress-3282770149074,dermaexpress,https://cdn.shopify.com/s/files/1/0088/1937/6188/files/3282770149074_1.jpg,FC-70149074,3282770149074,"Avene Protector solar FPS50+ Fluido sin color 50 ml"
bp-dermaexpress-4005800021930,dermaexpress,https://cdn.shopify.com/s/files/1/0088/1937/6188/files/4005800021930_1_8019e5cf-100d-4548-a422-7019ccd4645d.jpg,FC-00021930,4005800021930,"Eucerin Hyaluron Filler Día FPS 15 50 ml"
bp-dermaexpress-4005800634864,dermaexpress,https://cdn.shopify.com/s/files/1/0088/1937/6188/files/4005800634864_2.jpg,FC-00634864,4005800634864,"Eucerin Hyaluron-Filler Crema facial antiarrugas de noche 50 ml"
bp-dermaexpress-7501273500370,dermaexpress,https://cdn.shopify.com/s/files/1/0088/1937/6188/products/7501273500370.jpg,FC-73500370,7501273500370,"Remexa-liniderm Crema 120 gr"
bp-dermaexpress-3401528520037,dermaexpress,https://cdn.shopify.com/s/files/1/0088/1937/6188/files/3401528520037.jpg,FC-28520037,3401528520037,"Bioderma Atoderm Aceite de ducha para piel seca e irritada 100 ml"
bp-dermaexpress-3401528519895,dermaexpress,https://cdn.shopify.com/s/files/1/0088/1937/6188/files/3401528519895.jpg,FC-28519895,3401528519895,"Bioderma Atoderm Aceite de ducha para piel seca e irritada 200 ml"
bp-dermaexpress-3282770139167,dermaexpress,https://cdn.shopify.com/s/files/1/0088/1937/6188/files/3282770139167_1.jpg,FC-70139167,3282770139167,"Darrow Nutriforce Barra limpiadora para piel seca 70 gr"
bp-dermaexpress-3282770388480,dermaexpress,https://cdn.shopify.com/s/files/1/0088/1937/6188/files/3282770388480_1.jpg,FC-70388480,3282770388480,"Darrow Nutriforce Crema hidratante corporal para piel atópica 100 gr"
bp-dermaexpress-3282770388497,dermaexpress,https://cdn.shopify.com/s/files/1/0088/1937/6188/files/3282770388497_1.jpg,FC-70388497,3282770388497,"Darrow Nutriforce Crema hidratante corporal para piel atópica 390 gr"
bp-dermaexpress-3282770153484,dermaexpress,https://cdn.shopify.com/s/files/1/0088/1937/6188/files/3282770153484_1.jpg,FC-70153484,3282770153484,"Darrow Actine Gel limpiador para piel grasa 240 gr"
bp-dermaexpress-8470002094857,dermaexpress,https://cdn.shopify.com/s/files/1/0088/1937/6188/files/Endocare_Hyaluboost_AgeBarrier_Bottle.jpg,FC-02094857,8470002094857,"Cantabria Labs Endocare Hyaluboost Age Barrier Sérum antiedad 30 ml"
bp-dermaexpress-7502224228619,dermaexpress,https://cdn.shopify.com/s/files/1/0088/1937/6188/products/7502224228619.jpg,FC-24228619,7502224228619,"Cell Pharma Kitoscell Q Gel cicatrizante 10gr."
bp-dermaexpress-3337875774017,dermaexpress,https://cdn.shopify.com/s/files/1/0088/1937/6188/files/161899_1.avif,FC-75774017,3337875774017,"Vichy Neovadiol Post-menopausia 50 ml"
bp-dermaexpress-7502002461061,dermaexpress,https://cdn.shopify.com/s/files/1/0088/1937/6188/products/7502002461061_1.jpg,FC-02461061,7502002461061,"Farmapiel Sodimel Suero facial antioxidante 30 gr"
bp-dermaexpress-3337875816809,dermaexpress,https://cdn.shopify.com/s/files/1/0088/1937/6188/files/19a861a3-9d63-4d58-9ee3-1a886aa2919f.jpg,FC-75816809,3337875816809,"La Roche-Posay Cicaplast Baume B5+ Bálsamo calmante y reparador para piel irritada 40 ml"
bp-dermaexpress-3282779293440,dermaexpress,https://cdn.shopify.com/s/files/1/0088/1937/6188/products/3282779293440_1.jpg,FC-79293440,3282779293440,"Ducray Kertyol PSO Shampoo para la psoriasis 200 ml"
bp-dermaexpress-3282770049527,dermaexpress,https://cdn.shopify.com/s/files/1/0088/1937/6188/products/3282770049527-D-MELASCREEN-SUERO-GLOBAL.png,FC-70049527,3282770049527,"Ducray Melascreen Sérum global anti-fotoenvejecimiento 30 ml"
bp-dermaexpress-3282779363211,dermaexpress,https://cdn.shopify.com/s/files/1/0088/1937/6188/products/3282779363211_1.jpg,FC-79363211,3282779363211,"Avene Cold Cream crema regeneradora para manos 50 ml"
bp-dermaexpress-3337875782357,dermaexpress,https://cdn.shopify.com/s/files/1/0088/1937/6188/files/Diseno_sin_titulo_4.png,FC-75782357,3337875782357,"CeraVe Gel control de imperfecciones 40 ml"
bp-dermaexpress-7508006182537,dermaexpress,https://cdn.shopify.com/s/files/1/0088/1937/6188/products/1200x1200Catalogo-41.jpg,FC-06182537,7508006182537,"Panalab Aminoter Shampoo protección y reparación capilar 150 ml"
bp-dermaexpress-3701129801352,dermaexpress,https://cdn.shopify.com/s/files/1/0088/1937/6188/products/3701129801352.jpg,FC-29801352,3701129801352,"Bioderma ABCDerm Cold Cream Crema hidratante para bebé 200 ml"
bp-dermaexpress-8429420161245,dermaexpress,https://cdn.shopify.com/s/files/1/0088/1937/6188/products/8429420161245.jpg,FC-20161245,8429420161245,"Isdin Fotoprotector Hydro Oil SPF30 Bifásico que protege y broncea 200 ml"
bp-dermaexpress-8470001864826,dermaexpress,https://cdn.shopify.com/s/files/1/0088/1937/6188/products/8470001864826.jpg,FC-01864826,8470001864826,"Isdin Isdinceutics Flavo-C Día + Noche Ampolletas 20 x 2 ml"
bp-dermaexpress-736211778758,dermaexpress,https://cdn.shopify.com/s/files/1/0088/1937/6188/files/736211778758-2.png,FC-11778758,736211778758,"D.S Radia Shampoo fotoprotector para piel cabelluda sensible 180ml."
bp-dermaexpress-8429420113923,dermaexpress,https://cdn.shopify.com/s/files/1/0088/1937/6188/products/HIDRATANTE_VAGINAL.jpg,FC-20113923,8429420113923,"Isdin Woman Hidratante vaginal 12 monodosis"
bp-dermaexpress-3337875674928,dermaexpress,https://cdn.shopify.com/s/files/1/0088/1937/6188/files/3337875674928-1.jpg,FC-75674928,3337875674928,"Vichy Purete thermal Agua micelar mineral Para piel sensible 400 ml"
bp-dermaexpress-816378020119,dermaexpress,https://cdn.shopify.com/s/files/1/0088/1937/6188/files/816378020119-2.png,FC-78020119,816378020119,"D.S Nia Fix Loción restauradora de cabello 150ml."
bp-dermaexpress-732013301330,dermaexpress,https://cdn.shopify.com/s/files/1/0088/1937/6188/products/732013301330.png,FC-13301330,732013301330,"Neostrata Resurface Loción Ultrasuavizante 200 ml"
bp-dermaexpress-7503015500037,dermaexpress,https://cdn.shopify.com/s/files/1/0088/1937/6188/products/7503015500037.jpg,FC-15500037,7503015500037,"Euderma 10 Suave Crema hidratante líquida para piel seca 120 gr"
bp-dermaexpress-705105259604,dermaexpress,https://cdn.shopify.com/s/files/1/0088/1937/6188/files/705105259604-2.png,FC-05259604,705105259604,"D.S Nia Shampoo restaurador 180ml."
bp-dermaexpress-3282770030068,dermaexpress,https://cdn.shopify.com/s/files/1/0088/1937/6188/products/3282770030068_1.jpg,FC-70030068,3282770030068,"Avene aceite corporal protector solar FPS30 200 ml"
bp-dermaexpress-3433422404397,dermaexpress,https://cdn.shopify.com/s/files/1/0088/1937/6188/files/dc4d0b17-b133-4280-9afa-796ab64ec486.jpg,FC-22404397,3433422404397,"La Roche-Posay Agua Termal Calma y reduce la irritación 150 ml"
bp-dermaexpress-4005900169563,dermaexpress,https://cdn.shopify.com/s/files/1/0088/1937/6188/files/b9a74d5f-5222-49a5-80f4-4e4c09e5070f.jpg,FC-00169563,4005900169563,"Eucerin Sun Protector solar corporal en spray para piel sensible FPS50+ 50 ml"
bp-dermaexpress-3401360191112,dermaexpress,https://cdn.shopify.com/s/files/1/0088/1937/6188/products/TeenDermAqua250ml.jpg,FC-60191112,3401360191112,"Isispharma Teen Derm Aqua Solución micelar purificante Desmaquillante para piel mixta a grasa 250 ml"
bp-dermaexpress-3282770074635,dermaexpress,https://cdn.shopify.com/s/files/1/0088/1937/6188/products/3282770074635-M-EXOMEGA-LOCION-400ML.png,FC-70074635,3282770074635,"Aderma Exomega Lait Leche hidratante para piel seca con tendencia atópica 400 ml"
bp-dermaexpress-3282770149678,dermaexpress,https://cdn.shopify.com/s/files/1/0088/1937/6188/files/3282770149678_1.jpg,FC-70149678,3282770149678,"Aderma Exomega Control Crema calmante 200 ml"
bp-dermaexpress-3701129801000,dermaexpress,https://cdn.shopify.com/s/files/1/0088/1937/6188/products/3701129801000.jpg,FC-29801000,3701129801000,"Bioderma Atoderm Labios Bálsamo hidratante 15 ml"
bp-dermaexpress-7703281003946,dermaexpress,https://cdn.shopify.com/s/files/1/0088/1937/6188/products/7703281003946.jpg,FC-81003946,7703281003946,"Italmex Salilex Barra limpiadora libre de jabón 120 gr"
bp-dermaexpress-7502002461580,dermaexpress,https://cdn.shopify.com/s/files/1/0088/1937/6188/products/7502002461580.jpg,FC-02461580,7502002461580,"Farmapiel Dermatopic Crema humectante 500 gr"
bp-dermaexpress-7501273500134,dermaexpress,https://cdn.shopify.com/s/files/1/0088/1937/6188/products/7501273500134.jpg,FC-73500134,7501273500134,"Remexa-oleoderm Crema 225 ml"
bp-dermaexpress-7502224228916,dermaexpress,https://cdn.shopify.com/s/files/1/0088/1937/6188/products/7502224228916.jpg,FC-24228916,7502224228916,"Cell Pharma Kitoscell Gel cicatrizante 10 gr"
bp-dermaexpress-7502002461849,dermaexpress,https://cdn.shopify.com/s/files/1/0088/1937/6188/products/PIROVATE.jpg,FC-02461849,7502002461849,"Farmapiel Pirovate Clobetasol Crema 0.05% airless 30 gr"
bp-dermaexpress-8904091182084,dermaexpress,https://cdn.shopify.com/s/files/1/0088/1937/6188/products/8904091182084_7a7d8a95-8904-43ce-9dad-e249bdf66871.jpg,FC-91182084,8904091182084,"Glenmark Arnaltem Ungüento 0.1% 10 gr"
bp-dermaexpress-3401360147775,dermaexpress,https://cdn.shopify.com/s/files/1/0088/1937/6188/files/Diseno_sin_titulo_32.png,FC-60147775,3401360147775,"Isispharma Ruboril Expert FPS50+ Anti-rojeces crema protectora con color 40 ml"
bp-dermaexpress-7502002462174,dermaexpress,https://cdn.shopify.com/s/files/1/0088/1937/6188/products/OPTIGELPENCONTORNO_1.jpg,FC-02462174,7502002462174,"Farmapiel Optigel Pen Gel contorno ocular 15 gr"
bp-dermaexpress-8429420184527,dermaexpress,https://cdn.shopify.com/s/files/1/0088/1937/6188/products/8429420089037_3804e6fd-fa47-4b05-bb99-f9741d87f99e.webp,FC-20184527,8429420184527,"Isdin Woman Crema antiestrías 250 ml"
bp-dermaexpress-7501054530480,dermaexpress,https://cdn.shopify.com/s/files/1/0088/1937/6188/files/7501054530480_2_9169f6c4-06b4-48cb-b9b8-c900f8d3362f.jpg,FC-54530480,7501054530480,"Eucerin pH5 Loción corporal hidratante para piel seca y sensible 400 ml"
bp-dermaexpress-3337875597333,dermaexpress,https://cdn.shopify.com/s/files/1/0088/1937/6188/files/Diseno_sin_titulo_1.png,FC-75597333,3337875597333,"CeraVe Gel limpiador hidratante facial y corporal 473 ml"
bp-dermaexpress-3282779405553,dermaexpress,https://cdn.shopify.com/s/files/1/0088/1937/6188/products/18-XERACALM-AD-CREME-319151-BOUCHON-200ml-APLAT_876aec6d-9ed9-444d-b73c-61acacea0582.jpg,FC-79405553,3282779405553,"Avene XeraCalm A.D crema calmante 200 ml"
bp-dermaexpress-3499320001335,dermaexpress,https://cdn.shopify.com/s/files/1/0088/1937/6188/products/3499320001335.jpg,FC-20001335,3499320001335,"Galderma Benzac AC Gel 10% tratamiento anti acné 60 gr"
bp-dermaexpress-3760095250205,dermaexpress,https://cdn.shopify.com/s/files/1/0088/1937/6188/products/DEPIWHITE-GEL-CONTORNO-OJO-15-ML.jpg,FC-95250205,3760095250205,"ACM Depiwhite Gel contorno de ojos 15 ml"
bp-dermaexpress-3282770149562,dermaexpress,https://cdn.shopify.com/s/files/1/0088/1937/6188/products/3282770149562.jpg,FC-70149562,3282770149562,"Avene Cleanance Solar FPS50+ con color 50 ml"
bp-dermaexpress-3337875832724,dermaexpress,https://cdn.shopify.com/s/files/1/0088/1937/6188/files/3337875832724_10.jpg,FC-75832724,3337875832724,"Vichy Liftactiv b3 Crema antimanchas spf50 50 ml"
bp-dermaexpress-3401360120006,dermaexpress,https://cdn.shopify.com/s/files/1/0088/1937/6188/files/Diseno_sin_titulo_33.png,FC-60120006,3401360120006,"Isispharma Ruboril Expert M Hidratante piel normal-mixta 40 ml"
bp-dermaexpress-7503015500174,dermaexpress,https://cdn.shopify.com/s/files/1/0088/1937/6188/products/Adaptaciones-28.jpg,FC-15500174,7503015500174,"Euderma Hidrapiel E crema con protección solar FPS30 60ml."
bp-dermaexpress-8423372800375,dermaexpress,https://cdn.shopify.com/s/files/1/0088/1937/6188/products/8423372800375.jpg,FC-72800375,8423372800375,"Genové Genocutan Mousse limpiador facial 150 ml"
bp-dermaexpress-3337875797467,dermaexpress,https://cdn.shopify.com/s/files/1/0088/1937/6188/files/038422cf-ec67-4a0e-ba57-67c79b9d6949.jpg,FC-75797467,3337875797467,"La Roche-Posay Protector Solar Anthelios Oil Correct FPS 50+ Para piel grasa 50 ml"
bp-dermaexpress-4005900516961,dermaexpress,https://cdn.shopify.com/s/files/1/0088/1937/6188/files/4005900516961_2_5e09307f-8a86-47c3-aa96-930c83fd2f8b.jpg,FC-00516961,4005900516961,"Eucerin Hyaluron Filler Día FPS 30 50 ml"
bp-dermaexpress-8470001870483,dermaexpress,https://cdn.shopify.com/s/files/1/0088/1937/6188/products/WhatsAppImage2021-04-12at11.43.54.jpg,FC-01870483,8470001870483,"Cantabria Labs Heliocare 360° AK Emulsión Protector solar FPS50+ 50 ml"
bp-dermaexpress-3282770149494,dermaexpress,https://cdn.shopify.com/s/files/1/0088/1937/6188/products/3282770149494_1.jpg,FC-70149494,3282770149494,"Avene Protector solar en crema FPS50+ sin color acabado invisible para piel sensible 50 ml"
bp-dermaexpress-7508006183657,dermaexpress,https://cdn.shopify.com/s/files/1/0088/1937/6188/files/7508006183657.6.jpg,FC-06183657,7508006183657,"Panalab Proavenal shampoo limpiador capilar 150ml."
bp-dermaexpress-7508006183954,dermaexpress,https://cdn.shopify.com/s/files/1/0088/1937/6188/files/7508006183954.5.jpg,FC-06183954,7508006183954,"Panalab Sk-invita Pantalla solar mineral regenerador con color FPS30 50 ml"
bp-dermaexpress-3282779073684,dermaexpress,https://cdn.shopify.com/s/files/1/0088/1937/6188/products/3282779073684-D-ANAPHASE-ENJUAGUE-200ML.png,FC-79073684,3282779073684,"Ducray Anaphase Acondicionador anticaída 200 ml"
bp-dermaexpress-8423372800436,dermaexpress,https://cdn.shopify.com/s/files/1/0088/1937/6188/products/1000x1000Catalogo-59.jpg,FC-72800436,8423372800436,"Genové Pilopeptan Woman 60 comprimidos"
bp-dermaexpress-816378022113,dermaexpress,https://cdn.shopify.com/s/files/1/0088/1937/6188/files/816378022113-4.png,FC-78022113,816378022113,"DS Advanced Antioxidant Sérum antiedad 30 ml"
bp-dermaexpress-3282770149524,dermaexpress,https://cdn.shopify.com/s/files/1/0088/1937/6188/products/3282770149524_1.jpg,FC-70149524,3282770149524,"Avene Protector solar en crema FPS50+ con color para piel sensible 50 ml"
bp-dermaexpress-8411660802231,dermaexpress,https://cdn.shopify.com/s/files/1/0088/1937/6188/products/Fluidbase-Gel-Despigmentante-H-20-Ml-8411660802231-637637688413002427-1.jpg,FC-60802231,8411660802231,"Genové Fluidbase H Gel despigmentante 20 ml"
bp-dermaexpress-3282770204667,dermaexpress,https://cdn.shopify.com/s/files/1/0088/1937/6188/products/3282776088209_67be96c9-5e42-4a65-a71d-48349b5b6c2c.jpg,FC-70204667,3282770204667,"Avene Cicalfate crema protectora reparadora 40 ml"
bp-dermaexpress-8423372800429,dermaexpress,https://cdn.shopify.com/s/files/1/0088/1937/6188/products/8423372800429.jpg,FC-72800429,8423372800429,"Genové Pilopeptan Woman Sérum potenciador de pestañas y cejas 6 ml"
bp-dermaexpress-3701129802663,dermaexpress,https://cdn.shopify.com/s/files/1/0088/1937/6188/products/3701129802663_1.jpg,FC-29802663,3701129802663,"Bioderma Atoderm Intensive Gel-crema hidratante para piel seca e irritada 200 ml"
bp-dermaexpress-8423372040382,dermaexpress,https://cdn.shopify.com/s/files/1/0088/1937/6188/products/8423372040382.jpg,FC-72040382,8423372040382,"Genové Fluidbase K Crema antiojeras 20 ml"
bp-dermaexpress-3760095250106,dermaexpress,https://cdn.shopify.com/s/files/1/0088/1937/6188/products/DEPIWHITE-MASCARILLA-40-ML.jpg,FC-95250106,3760095250106,"ACM Depiwhite Mascarilla aclarante 40 ml"
bp-dermaexpress-3760269770119,dermaexpress,https://cdn.shopify.com/s/files/1/0088/1937/6188/products/GeneskinWhite.jpg,FC-69770119,3760269770119,"Isispharma Geneskin White Suero aclarante Difumina las manchas oscuras 28 ml"
bp-dermaexpress-8429420215078,dermaexpress,https://cdn.shopify.com/s/files/1/0088/1937/6188/products/8429420215078.jpg,FC-20215078,8429420215078,"Isdin Isdinceutics Flavo-C Forte Antioxidante 5.3 ml"
bp-dermaexpress-3337875607254,dermaexpress,https://cdn.shopify.com/s/files/1/0088/1937/6188/files/3337875607254_12.jpg,FC-75607254,3337875607254,"Vichy Liftactiv collagen specialist Corrige signos visibles de la pérdida de colágeno 50 ml"
bp-dermaexpress-3337871316617,dermaexpress,https://cdn.shopify.com/s/files/1/0088/1937/6188/products/3337871316617_1.jpg,FC-71316617,3337871316617,"Vichy Dermablend líquido #35 sand Base de alta cobertura 30 ml"
bp-dermaexpress-3401399521850,dermaexpress,https://cdn.shopify.com/s/files/1/0088/1937/6188/products/UreliaGel.jpg,FC-99521850,3401399521850,"Isispharma Urelia Gel Limpiador exfoliante para piel escamosa 200 ml"
bp-dermaexpress-5701943011201,dermaexpress,https://cdn.shopify.com/s/files/1/0088/1937/6188/products/Adaptaciones-04.jpg,FC-43011201,5701943011201,"Italmex Perspirex Roll-on Antitranspirante 25 ml"
bp-dermaexpress-3282770956788,dermaexpress,https://cdn.shopify.com/s/files/1/0088/1937/6188/products/3282770956788_1.jpg,FC-70956788,3282770956788,"Avene Cleanance Hydra Crema renovadora y restauradora para piel con tendencia acneica 40 ml"
bp-dermaexpress-7501390919956,dermaexpress,https://cdn.shopify.com/s/files/1/0088/1937/6188/products/Adaptaciones-43.jpg,FC-90919956,7501390919956,"Italmex Myfungar Crema antimicótica 20 gr"
bp-dermaexpress-3337871316594,dermaexpress,https://cdn.shopify.com/s/files/1/0088/1937/6188/products/3337871316594_1.jpg,FC-71316594,3337871316594,"Vichy Dermablend líquido #15 opal Base de alta cobertura 30 ml"
bp-dermaexpress-8429420114609,dermaexpress,https://cdn.shopify.com/s/files/1/0088/1937/6188/products/8429420114609-2.jpg,FC-20114609,8429420114609,"Isdin Isdinceutics Melatonik Suero reparador de noche 30 ml"
bp-dermaexpress-7501390914074,dermaexpress,https://cdn.shopify.com/s/files/1/0088/1937/6188/products/Adaptaciones-51.jpg,FC-90914074,7501390914074,"Italmex Derpil para la caída de el cabello c/32 caps."
bp-dermaexpress-3760269770515,dermaexpress,https://cdn.shopify.com/s/files/1/0088/1937/6188/files/Diseno_sin_titulo_19.png,FC-69770515,3760269770515,"Isispharma Uveblock FPS50+ Toque seco tono claro para pieles mixtas a grasas 40 ml"
bp-dermaexpress-7897473206632,dermaexpress,https://cdn.shopify.com/s/files/1/0088/1937/6188/products/7897473206632.jpg,FC-73206632,7897473206632,"Glenmark Acni Pop Barra dermolimpiadora 90 gr"
bp-dermaexpress-7501390913794,dermaexpress,https://cdn.shopify.com/s/files/1/0088/1937/6188/products/7501390913794.jpg,FC-90913794,7501390913794,"Italmex Dersupril Crema para piel con dermatitis 15 gr"
bp-dermaexpress-3282770149814,dermaexpress,https://cdn.shopify.com/s/files/1/0088/1937/6188/files/Diseno_sin_titulo_1_4325f6f1-15c3-4f39-bcec-68083c284e29.png,FC-70149814,3282770149814,"Aderma Exomega Control Bálsamo para pieles secas 200 ml"
bp-dermaexpress-8904091150434,dermaexpress,https://cdn.shopify.com/s/files/1/0088/1937/6188/products/8904091150434.jpg,FC-91150434,8904091150434,"Glenmark Bonnetril Crema 30 gr"
bp-dermaexpress-3282779285216,dermaexpress,https://cdn.shopify.com/s/files/1/0088/1937/6188/products/3282779285216_1.jpg,FC-79285216,3282779285216,"Aderma Exomega Gel dermolimpiador para piel seca 500 ml"
bp-dermaexpress-3701129803738,dermaexpress,https://cdn.shopify.com/s/files/1/0088/1937/6188/files/3701129803738_692e2b10-0a3f-4ed9-a8b2-b231191a6b74.jpg,FC-29803738,3701129803738,"Bioderma Photoderm Spot-Age FPS50+ Protector solar facial antiedad 40 ml"
bp-dermaexpress-3282776367045,dermaexpress,https://cdn.shopify.com/s/files/1/0088/1937/6188/files/Disenosintitulo-2025-08-01T110040.667.png,FC-76367045,3282776367045,"Avene Protector solar FPS50+ Color arena 10 gr"
bp-dermaexpress-7703333007700,dermaexpress,https://cdn.shopify.com/s/files/1/0088/1937/6188/products/7703333007700.jpg,FC-33007700,7703333007700,"Italmex Betagranulos Crema limpiadora para pieles grasas 60 gr"
bp-dermaexpress-7703332003352,dermaexpress,https://cdn.shopify.com/s/files/1/0088/1937/6188/products/7703332003352.jpg,FC-32003352,7703332003352,"Italmex Lactibon Loción limpiadora 120 ml"
bp-dermaexpress-3701129803431,dermaexpress,https://cdn.shopify.com/s/files/1/0088/1937/6188/files/3701129803431_2.jpg,FC-29803431,3701129803431,"Bioderma Photoderm Cover Touch FPS50+ con color tono dorado 40 ml"
bp-dermaexpress-7703281001010,dermaexpress,https://cdn.shopify.com/s/files/1/0088/1937/6188/products/7703281001010.jpg,FC-81001010,7703281001010,"Italmex Betapirox Shampoo antiseborreico 120 ml"
bp-dermaexpress-7703332003550,dermaexpress,https://cdn.shopify.com/s/files/1/0088/1937/6188/products/7703332003550.jpg,FC-32003550,7703332003550,"Italmex Pirimed Shampoo anti-caspa 120 ml"
bp-dermaexpress-3337875537315,dermaexpress,https://cdn.shopify.com/s/files/1/0088/1937/6188/files/b8559cb4-daf3-41ea-909a-276c0690eede.jpg,FC-75537315,3337875537315,"La Roche-Posay Lipikar Syndet AP+ Gel de ducha para piel seca y atópica 400 ml"
bp-dermaexpress-3337872412516,dermaexpress,https://cdn.shopify.com/s/files/1/0088/1937/6188/files/21060ada-37d9-4a4c-a5ef-ace3a991721c.jpg,FC-72412516,3337872412516,"La Roche-Posay Effaclar Agua Micelar Ultra Desmaquillante para piel grasa 400 ml"
bp-dermaexpress-3433422404403,dermaexpress,https://cdn.shopify.com/s/files/1/0088/1937/6188/files/22.jpg,FC-22404403,3433422404403,"La Roche-Posay Agua Termal Calma y reduce la irritación 300 ml"
bp-dermaexpress-3282770204681,dermaexpress,https://cdn.shopify.com/s/files/1/0088/1937/6188/products/3282776385421_83da060e-c692-4f73-b67b-7fb3258d2bee.jpg,FC-70204681,3282770204681,"Avene Cicalfate Crema protectora reparadora 100 ml"
bp-dermaexpress-8429420164406,dermaexpress,https://cdn.shopify.com/s/files/1/0088/1937/6188/products/HyaluricBooster_1.jpg,FC-20164406,8429420164406,"Isdin Isdinceutics Hyaluronic Booster Sérum Hidratante y calmante intensivo 5 amp x 2 ml"
bp-dermaexpress-3337872414145,dermaexpress,https://cdn.shopify.com/s/files/1/0088/1937/6188/files/fc2d5d64-a427-47e3-93c1-c999a41442d5.jpg,FC-72414145,3337872414145,"La Roche-Posay Cicaplast Manos Crema hidratante y reparadora de manos 50 ml"
bp-dermaexpress-7503015500112,dermaexpress,https://cdn.shopify.com/s/files/1/0088/1937/6188/products/Adaptaciones-46.jpg,FC-15500112,7503015500112,"Euderma E&L Mascarilla astringente y limpiadora 90 gr"
bp-dermaexpress-8470002006454,dermaexpress,https://cdn.shopify.com/s/files/1/0088/1937/6188/products/8470002006454_2.jpg,FC-02006454,8470002006454,"Isdin Nutratopic Pro-AMP Crema hidratante 200 ml"
bp-dermaexpress-8429420144835,dermaexpress,https://cdn.shopify.com/s/files/1/0088/1937/6188/products/8429420144835.jpg,FC-20144835,8429420144835,"Isdin Woman Lubricante vaginal 30 ml"
bp-dermaexpress-8470001812353,dermaexpress,https://cdn.shopify.com/s/files/1/0088/1937/6188/products/8470001812353_4.jpg,FC-01812353,8470001812353,"Isdin Isdinceutics Age Reverse Day Crema antiedad 50 ml"
bp-dermaexpress-3433422407299,dermaexpress,https://cdn.shopify.com/s/files/1/0088/1937/6188/files/34.jpg,FC-22407299,3433422407299,"La Roche-Posay Kerium Anti-caspa Grasa Shampoo para cuero cabelludo sensible con caspa 200 ml"
bp-dermaexpress-8429420108493,dermaexpress,https://cdn.shopify.com/s/files/1/0088/1937/6188/products/8429420108493.jpg,FC-20108493,8429420108493,"Isdin gel antipiojos y liendres 100ml."
bp-dermaexpress-3760269770065,dermaexpress,https://cdn.shopify.com/s/files/1/0088/1937/6188/products/GeneskinLiftBalsamo.jpg,FC-69770065,3760269770065,"Isispharma Geneskin Baume Gel Bálsamo facial anti-edad 50 ml"
bp-dermaexpress-3760269770096,dermaexpress,https://cdn.shopify.com/s/files/1/0088/1937/6188/files/Diseno_sin_titulo_34.png,FC-69770096,3760269770096,"Isispharma Geneskin c premium vitamina c 20% antioxidante 10ml."
bp-dermaexpress-7502003560459,dermaexpress,https://cdn.shopify.com/s/files/1/0088/1937/6188/files/Imagen_de_WhatsApp_2024-12-12_a_las_11.59.54_8db73bcb.jpg,FC-03560459,7502003560459,"Galderma Clobexpro Shampoo para cuero cabelludo con psoriasis 125 ml"
bp-dermaexpress-3701129803523,dermaexpress,https://cdn.shopify.com/s/files/1/0088/1937/6188/products/3701129803523.jpg,FC-29803523,3701129803523,"Bioderma Photoderm Crema FPS50+ Protector solar facial tono Neutro 40 ml"
bp-dermaexpress-7508006183312,dermaexpress,https://cdn.shopify.com/s/files/1/0088/1937/6188/files/AminoterMask_7508006183312_01.jpg,FC-06183312,7508006183312,"Panalab Aminoter Mascarilla capilar 140 gr"
bp-dermaexpress-3282776083198,dermaexpress,https://cdn.shopify.com/s/files/1/0088/1937/6188/products/3282776083198-D-KERACNYL-LOC-PURIF-200M_12d6a81f-759b-4763-9d9e-bc7b78f03ba3.png,FC-76083198,3282776083198,"Ducray Keracnyl loción anti-imperfecciones 200ml."
bp-dermaexpress-3499320011617,dermaexpress,https://cdn.shopify.com/s/files/1/0088/1937/6188/files/Diseno_sin_titulo_2_52a7bfb1-0e74-41e9-8fbb-8e6597fd6ae2.png,FC-20011617,3499320011617,"Cetaphil Optimal Hydration Crema hidratante facial de noche para piel deshidratada 48 gr"
bp-dermaexpress-3337875762908,dermaexpress,https://cdn.shopify.com/s/files/1/0088/1937/6188/files/3337875762908_11.jpg,FC-75762908,3337875762908,"Vichy Mineral 89 Probiotic fractions Concentrado regenerador y reparador 30 ml"
bp-dermaexpress-3337875773447,dermaexpress,https://cdn.shopify.com/s/files/1/0088/1937/6188/files/71cc7508-3aba-4fe2-bf4a-937296c5c6cd.jpg,FC-75773447,3337875773447,"CeraVe Limpiador en aceite espumoso facial y corporal 473 ml"
bp-dermaexpress-3337875585231,dermaexpress,https://cdn.shopify.com/s/files/1/0088/1937/6188/files/4ca0bdc5-20d7-4803-9925-483d69a53e51.jpg,FC-75585231,3337875585231,"Vichy Ideal soleil Protector solar fps50 Anti-edad 50 ml"
bp-dermaexpress-7503019846032,dermaexpress,https://cdn.shopify.com/s/files/1/0088/1937/6188/products/7503019846032.jpg,FC-19846032,7503019846032,"Uppharma Zeloglin Crema para dermatitis inflamatoria 30 ml"
bp-dermaexpress-3701129800096,dermaexpress,https://cdn.shopify.com/s/files/1/0088/1937/6188/files/Disenosintitulo_71_1.png,FC-29800096,3701129800096,"Bioderma Pigmentbio Sensitive Areas despigmentante corporal para áreas sensibles 75 ml"
bp-dermaexpress-3337872414152,dermaexpress,https://cdn.shopify.com/s/files/1/0088/1937/6188/products/3337872414152_8.jpg,FC-72414152,3337872414152,"La Roche-Posay Pigmentclar Ojos Contorno de ojos iluminador anti-ojeras 15 ml"
bp-dermaexpress-3701129803424,dermaexpress,https://cdn.shopify.com/s/files/1/0088/1937/6188/files/3701129803424_2.jpg,FC-29803424,3701129803424,"Bioderma Photoderm Cover Touch FPS50+ con color tono claro 40 ml"
bp-dermaexpress-8436574360844,dermaexpress,https://cdn.shopify.com/s/files/1/0088/1937/6188/products/AguaMicelarEndocareHidractive400ml-1.jpg,FC-74360844,8436574360844,"Cantabria Labs Endocare Hydractive Agua micelar 400 ml"
bp-dermaexpress-881314134144,dermaexpress,https://cdn.shopify.com/s/files/1/0088/1937/6188/files/881314134144-2.png,FC-14134144,881314134144,"DS Integra Tabletas suplemento alimenticio anticaída 30 pzas"
bp-dermaexpress-718122801534,dermaexpress,https://cdn.shopify.com/s/files/1/0088/1937/6188/files/881314134144-2_bd9a3b83-933f-41f1-ab17-846681edf2a2.png,FC-22801534,718122801534,"DS Dandrene Shampoo exfoliante anticaspa 205 ml"
bp-dermaexpress-7508006182490,dermaexpress,https://cdn.shopify.com/s/files/1/0088/1937/6188/files/CUTERAL_7508006182490_01.jpg,FC-06182490,7508006182490,"Panalab Cuteral Tabletas suplemento alimenticio auxiliar en el tratamiento del acné c/30"
bp-dermaexpress-7508006183435,dermaexpress,https://cdn.shopify.com/s/files/1/0088/1937/6188/files/7508006183435.jpg,FC-06183435,7508006183435,"Panalab Cuteral wash gel limpiador 240 ml"
bp-dermaexpress-7508006182506,dermaexpress,https://cdn.shopify.com/s/files/1/0088/1937/6188/files/7508006182506.5.jpg,FC-06182506,7508006182506,"Panalab Aminoter max Shampoo anticaída 300 ml"
bp-dermaexpress-7508006182582,dermaexpress,https://cdn.shopify.com/s/files/1/0088/1937/6188/files/7508006182582.1.jpg,FC-06182582,7508006182582,"Panalab Proavenal Omegatopic Leche Emoliente 500ml."
bp-dermaexpress-7508006184623,dermaexpress,https://cdn.shopify.com/s/files/1/0088/1937/6188/files/7508006184623.1.jpg,FC-06184623,7508006184623,"Panalab Lactokey Auxiliar gastrointestinal 30 sobres de 2 g"
bp-dermaexpress-8904091182091,dermaexpress,https://cdn.shopify.com/s/files/1/0088/1937/6188/products/8904091182091.jpg,FC-91182091,8904091182091,"Glenmark Arnaltem Ungüento 0.03% 10 gr"
bp-dermaexpress-3401353725393,dermaexpress,https://cdn.shopify.com/s/files/1/0088/1937/6188/products/GeneskinScarsFPS50.jpg,FC-53725393,3401353725393,"Isispharma Keloplast Scars SPF50+ Crema reparadora para piel irritada y dañada 40 ml"
bp-dermaexpress-7703281004325,dermaexpress,https://cdn.shopify.com/s/files/1/0088/1937/6188/products/7703281004325.jpg,FC-81004325,7703281004325,"Italmex Lactibon Barra limpiadora para pieles con acné 120 gr"
bp-dermaexpress-8470003935876,dermaexpress,https://cdn.shopify.com/s/files/1/0088/1937/6188/products/Heliocare_UltraGel_FPS50__Box_Tube.jpg,FC-03935876,8470003935876,"Cantabria Labs Heliocare Ultra Gel Protector solar FPS50+ 50 ml"
bp-dermaexpress-3499320014793,dermaexpress,https://cdn.shopify.com/s/files/1/0088/1937/6188/products/3499320014793_1.jpg,FC-20014793,3499320014793,"Galderma Aklief Crema 0.005% 30 gr"
bp-dermaexpress-3337875757515,dermaexpress,https://cdn.shopify.com/s/files/1/0088/1937/6188/files/a15df4a5-fa64-4b3c-ae0d-4cf0e21a37f8.jpg,FC-75757515,3337875757515,"La Roche-Posay Toleriane Dermallergo Ojos Contorno de ojos hidratante para piel sensible o con alergia 20 ml"
bp-dermaexpress-3701129804452,dermaexpress,https://cdn.shopify.com/s/files/1/0088/1937/6188/files/3701129804452_1.avif,FC-29804452,3701129804452,"Bioderma Sensibio Defensive crema hidratante facial 40 ml"
bp-dermaexpress-3701129803639,dermaexpress,https://cdn.shopify.com/s/files/1/0088/1937/6188/products/3701129803639.jpg,FC-29803639,3701129803639,"Bioderma Photoderm Leche Ultra FPS50+ Protector solar corporal 200 ml"
bp-dermaexpress-3701129800546,dermaexpress,https://cdn.shopify.com/s/files/1/0088/1937/6188/products/3701129800546.jpg,FC-29800546,3701129800546,"Bioderma Pigmentbio Foaming Cream Crema limpiadora despigmentante 200 ml"
bp-dermaexpress-3282770148763,dermaexpress,https://cdn.shopify.com/s/files/1/0088/1937/6188/files/u5wa3z31qn5sj6xpgcxj1jeqfxhitc8msdhumpy.png,FC-70148763,3282770148763,"Avene Cicalfate+ Emulsión reparadora calma hidrata y repara la piel debilitada tras procedimientos dermatológicos o tatuajes 40 ml"
bp-dermaexpress-7501054548829,dermaexpress,https://cdn.shopify.com/s/files/1/0088/1937/6188/files/7501054548829_2.jpg,FC-54548829,7501054548829,"Eucerin pH5 Advanced Repair Crema corporal para piel seca 450 ml"
bp-dermaexpress-3282770073577,dermaexpress,https://cdn.shopify.com/s/files/1/0088/1937/6188/products/3282770073577_1.jpg,FC-70073577,3282770073577,"Aderma Exomega Control Crema anti-comezón para piel atópica 400 ml"
bp-dermaexpress-3337871332303,dermaexpress,https://cdn.shopify.com/s/files/1/0088/1937/6188/products/3337871332303_1.jpg,FC-71332303,3337871332303,"Vichy Dermablend coverflow 3d #25 nude Alta cobertura y duración 30 ml"
bp-dermaexpress-3337871320300,dermaexpress,https://cdn.shopify.com/s/files/1/0088/1937/6188/files/dfcc71ca-ceaf-4861-bf9c-ddaa89e318f8.jpg,FC-71320300,3337871320300,"Vichy Roll on Regulador 48h Antitranspirante 50 ml"
bp-dermaexpress-7506334400071,dermaexpress,https://cdn.shopify.com/s/files/1/0088/1937/6188/files/thumbnail_NourkrinMan_1.jpg,FC-34400071,7506334400071,"Uppharma Nourkrin man Suplemento alimenticio anticaída c/60 tabletas"
bp-dermaexpress-3337875563031,dermaexpress,https://cdn.shopify.com/s/files/1/0088/1937/6188/products/3337875563031_1e09d23f-3fcc-4409-8d4d-44aa1e8298d8.jpg,FC-75563031,3337875563031,"Vichy Dermablend covermatte #25 nude Polvo compacto de alta cobertura 9.5 gr"
bp-dermaexpress-3337871328795,dermaexpress,https://cdn.shopify.com/s/files/1/0088/1937/6188/files/vichy-002428vy_01.png,FC-71328795,3337871328795,"Vichy Liftactiv supreme Crema antiarrugas y reafirmante 50 ml"
bp-dermaexpress-3337875734905,dermaexpress,https://cdn.shopify.com/s/files/1/0088/1937/6188/files/3337875734905_012.jpg,FC-75734905,3337875734905,"Vichy Liftactiv specialist b3 Sérum Corrige manchas y unifica el tono de la piel 30 ml"
bp-dermaexpress-3701129803714,dermaexpress,https://cdn.shopify.com/s/files/1/0088/1937/6188/products/3701129803714.jpg,FC-29803714,3701129803714,"Bioderma Photoderm M FPS50+ Protector solar facial contra el melasma tono Dorado 40 ml"
bp-dermaexpress-7503015500280,dermaexpress,https://cdn.shopify.com/s/files/1/0088/1937/6188/products/Adaptaciones-27.jpg,FC-15500280,7503015500280,"Euderma E&L gel facial antiedad 50ml."
bp-dermaexpress-3499320011389,dermaexpress,https://cdn.shopify.com/s/files/1/0088/1937/6188/files/3499320011389_1.avif,FC-20011389,3499320011389,"Cetaphil Optimal Hydration Sérum refrescante para contorno de ojos 15 ml"
bp-dermaexpress-7508006182650,dermaexpress,https://cdn.shopify.com/s/files/1/0088/1937/6188/files/SKINVITA_7508006182650_01.jpg,FC-06182650,7508006182650,"Panalab Skinvita Cápsulas antioxidantes c/30"
bp-dermaexpress-7508006184609,dermaexpress,https://cdn.shopify.com/s/files/1/0088/1937/6188/files/75080061846094.jpg,FC-06184609,7508006184609,"Panalab Sk-invita yeux gel contorno de ojos 15ml."
bp-dermaexpress-7508006184500,dermaexpress,https://cdn.shopify.com/s/files/1/0088/1937/6188/files/LERACO_7508006184500_05.jpg,FC-06184500,7508006184500,"Panalab Lera-co Suplemento alimenticio 30 caps"
bp-dermaexpress-7508006182667,dermaexpress,https://cdn.shopify.com/s/files/1/0088/1937/6188/files/75080061822667.1.jpg,FC-06182667,7508006182667,"Panalab Aminoter Cápsulas c/30"
bp-dermaexpress-7508006183305,dermaexpress,https://cdn.shopify.com/s/files/1/0088/1937/6188/files/AMINOTERD_7508006183305_02.jpg,FC-06183305,7508006183305,"Panalab Aminoter D Cápsulas c/30"
bp-dermaexpress-7508006183046,dermaexpress,https://cdn.shopify.com/s/files/1/0088/1937/6188/files/AminoterShampooMAX150_7508006183046_06.jpg,FC-06183046,7508006183046,"Panalab Aminoter max Shampoo anticaída 150 ml"
bp-dermaexpress-7508006183664,dermaexpress,https://cdn.shopify.com/s/files/1/0088/1937/6188/files/7508006183664.6.jpg,FC-06183664,7508006183664,"Panalab Proavenal Syndet Gel ducha 300ml."
bp-dermaexpress-3282770075540,dermaexpress,https://cdn.shopify.com/s/files/1/0088/1937/6188/products/3282770075540_1.jpg,FC-70075540,3282770075540,"Ducray Ictyane Barra limpiadora para piel seca y frágil 100 gr"
bp-dermaexpress-7502002460767,dermaexpress,https://cdn.shopify.com/s/files/1/0088/1937/6188/products/7502002460767.jpg,FC-02460767,7502002460767,"Farmapiel Meladermic Advanced Suero facial despigmentante C/56 2 ml"
bp-dermaexpress-3760269770089,dermaexpress,https://cdn.shopify.com/s/files/1/0088/1937/6188/products/GeneskinLift.jpg,FC-69770089,3760269770089,"Isispharma Geneskin Lift Serum Reduce las arrugas y reafirma la piel 28 ml"
bp-dermaexpress-3701129800072,dermaexpress,https://cdn.shopify.com/s/files/1/0088/1937/6188/products/370112980007.jpg,FC-29800072,3701129800072,"Bioderma Pigmentbio Daily Care FPS50+ Crema de día despigmentante 40 ml"
bp-dermaexpress-3701129802670,dermaexpress,https://cdn.shopify.com/s/files/1/0088/1937/6188/products/701129802670_e00e703f-e86e-468e-8a63-280dd4b11fe6.jpg,FC-29802670,3701129802670,"Bioderma Atoderm Intensive Gel-crema hidratante facial y corporal 500 ml"
bp-dermaexpress-8423372040078,dermaexpress,https://cdn.shopify.com/s/files/1/0088/1937/6188/products/8423372040078.jpg,FC-72040078,8423372040078,"Genové Fluidbase Rederm Retinol + Vitamina C 30 ml"
bp-dermaexpress-3499320002523,dermaexpress,https://cdn.shopify.com/s/files/1/0088/1937/6188/files/ImageneslanzamientosDerx_0bda52ef-82cb-4f42-b37b-f566a26ed9c2.avif,FC-20002523,3499320002523,"Galderma Loceryl Laca 5% tratamiento para hongos en las uñas 2.5 ml"
bp-dermaexpress-3701129804421,dermaexpress,https://cdn.shopify.com/s/files/1/0088/1937/6188/products/3701129804421.jpg,FC-29804421,3701129804421,"Bioderma Photoderm M FPS50+ Protector solar facial contra el melasma tono Brown 40 ml"
bp-dermaexpress-3701129804414,dermaexpress,https://cdn.shopify.com/s/files/1/0088/1937/6188/products/3701129804414.jpg,FC-29804414,3701129804414,"Bioderma Photoderm M FPS50+ Protector solar facial contra el melasma tono Claro 40 ml"
bp-dermaexpress-736211029546,dermaexpress,https://cdn.shopify.com/s/files/1/0088/1937/6188/files/descarga_1800x1800_23beb694-a237-4f1a-ad40-17d9a84a37c9.avif,FC-11029546,736211029546,"DS Polaris NR02 Shampoo contra la alopecia 210 ml"
bp-dermaexpress-3499320011686,dermaexpress,https://cdn.shopify.com/s/files/1/0088/1937/6188/products/3499320011686.jpg,FC-20011686,3499320011686,"Cetaphil Optimal Hydration Sérum facial ligero para piel deshidratada 30 ml"
bp-dermaexpress-3282770905076,dermaexpress,https://cdn.shopify.com/s/files/1/0088/1937/6188/products/crema-nutritiva1.jpg,FC-70905076,3282770905076,"Avene Crema nutritiva revitalizante 50 ml"
bp-dermaexpress-8429420204348,dermaexpress,https://cdn.shopify.com/s/files/1/0088/1937/6188/products/Psorisdin-Shampoo-200-Ml-8429420204348-637474248974284621-1_1.jpg,FC-20204348,8429420204348,"Isdin Psorisdin Shampoo Antidescamación 200 ml"
bp-dermaexpress-3701129800089,dermaexpress,https://cdn.shopify.com/s/files/1/0088/1937/6188/products/3701129800089.jpg,FC-29800089,3701129800089,"Bioderma Pigmentbio Night Renewer Crema regeneradora nocturna despigmentante 50 ml"
bp-dermaexpress-4005800084508,dermaexpress,https://cdn.shopify.com/s/files/1/0088/1937/6188/files/4005800084508_1_7c386ac7-7f0c-4768-9765-be54b01910fb.jpg,FC-00084508,4005800084508,"Eucerin Aquaphor Pomada reparadora tubo 50 ml"
bp-dermaexpress-8470001873583,dermaexpress,https://cdn.shopify.com/s/files/1/0088/1937/6188/products/Heliocare360_ColorGelOilFree_BronzeFPS50__Box_Bottle_713e6c30-028a-43b6-bf47-4a75a2fa71ea.jpg,FC-01873583,8470001873583,"Cantabria Labs Heliocare 360° Oil-Free Bronze Protector solar para piel grasa 50 ml"
bp-dermaexpress-3701129800102,dermaexpress,https://cdn.shopify.com/s/files/1/0088/1937/6188/files/H2O_Edicio_un-Especial_Pigmentbio_250ml.jpg,FC-29800102,3701129800102,"Bioderma Pigmentbio H2O Agua micelar despigmentante 250 ml"
bp-dermaexpress-3337875656764,dermaexpress,https://cdn.shopify.com/s/files/1/0088/1937/6188/files/b5bf371d-2cc6-4f59-8c49-fd75d1e8876c.jpg,FC-75656764,3337875656764,"La Roche-Posay Lipikar Cleansing Oil AP+ Aceite de ducha anti-comezón e irritación 400 ml"
bp-dermaexpress-3031500311423,dermaexpress,https://cdn.shopify.com/s/files/1/0088/1937/6188/files/Diseno_sin_titulo_27.png,FC-00311423,3031500311423,"Isispharma Teen Derm Gel Exfoliante para pieles mixtas a grasas 150 ml"
bp-dermaexpress-3337875773430,dermaexpress,https://cdn.shopify.com/s/files/1/0088/1937/6188/files/6d310fc0-ace7-4a64-83b3-bec6e2b7d8ec.jpg,FC-75773430,3337875773430,"CeraVe Gel limpiador en aceite espumoso facial y corporal 236 ml"
bp-dermaexpress-8423372840173,dermaexpress,https://cdn.shopify.com/s/files/1/0088/1937/6188/products/Adaptaciones-02.jpg,FC-72840173,8423372840173,"Genové Pilopeptan Woman Shampoo anticaída 250 ml"
bp-dermaexpress-3499320001526,dermaexpress,https://cdn.shopify.com/s/files/1/0088/1937/6188/products/PS_Adaferin_gel_01_30g.jpg,FC-20001526,3499320001526,"Galderma Adaferin Gel para pieles con acné 30 gr"
bp-dermaexpress-3401320283277,dermaexpress,https://cdn.shopify.com/s/files/1/0088/1937/6188/files/Diseno_sin_titulo_17.png,FC-20283277,3401320283277,"Isispharma Vitiskin Hidrogel repigmentante 50 ml"
bp-dermaexpress-3466320012838,dermaexpress,https://cdn.shopify.com/s/files/1/0088/1937/6188/files/3466320012838_1.avif,FC-20012838,3466320012838,"Cetaphil Crema hidratante para piel sensible 453 gr"
bp-dermaexpress-3499320012508,dermaexpress,https://cdn.shopify.com/s/files/1/0088/1937/6188/files/Disenosintitulo_11_1.png,FC-20012508,3499320012508,"Cetaphil PRO AR Crema hidratante facial de noche para piel con enrojecimiento 50 ml"
bp-dermaexpress-4005900140906,dermaexpress,https://cdn.shopify.com/s/files/1/0088/1937/6188/files/4005900140906_2.jpg,FC-00140906,4005900140906,"Eucerin Oil Control Protector Solar para piel grasa y sensible FPS50+ 50 ml"
bp-dermaexpress-8470001699664,dermaexpress,https://cdn.shopify.com/s/files/1/0088/1937/6188/files/Diseno_sin_titulo_8_54a267d4-6525-4543-9e0f-d1bfc1402767.png,FC-01699664,8470001699664,"Isdin Fotoprotector Gel crema Dry Touch FPS50+ 50 ml"
bp-dermaexpress-8429979252180,dermaexpress,https://cdn.shopify.com/s/files/1/0088/1937/6188/products/044_8429979252180_SESGEN-32_SERUM_ACTIVADOR_CELULAR_30ML_-_3.jpg,FC-79252180,8429979252180,"Sesderma Sesgen-32 liposomal serum antiedad 30ml."
bp-dermaexpress-3337875824033,dermaexpress,https://cdn.shopify.com/s/files/1/0088/1937/6188/files/3337875824033_11.jpg,FC-75824033,3337875824033,"Vichy Neovadiol Tratamiento multicorrector para ojos y labios 15 ml"
bp-dermaexpress-7703281002482,dermaexpress,https://cdn.shopify.com/s/files/1/0088/1937/6188/files/7703281002482_8.jpg,FC-81002482,7703281002482,"Italmex Umbrella SPF50+ Intelligent Fluido fotoreparador 50 gr"
bp-dermaexpress-3760269770270,dermaexpress,https://cdn.shopify.com/s/files/1/0088/1937/6188/products/UveblockFPS50_Mineral.jpg,FC-69770270,3760269770270,"Isispharma Uveblock FPS50+ Mineral invisible Protector solar para piel intolerante 40 ml"
bp-dermaexpress-8470003310338,dermaexpress,https://cdn.shopify.com/s/files/1/0088/1937/6188/products/Endocare_Essential_Gelcream_Jar_Box.jpg,FC-03310338,8470003310338,"Cantabria Labs Endocare Gel-crema reparadora antiedad 30 ml"
bp-dermaexpress-3499320012805,dermaexpress,https://cdn.shopify.com/s/files/1/0088/1937/6188/files/LocionHumectante473ml_1.avif,FC-20012805,3499320012805,"Cetaphil Loción humectante facial y corporal 473 ml"
bp-dermaexpress-3031500311614,dermaexpress,https://cdn.shopify.com/s/files/1/0088/1937/6188/files/Diseno_sin_titulo_23.png,FC-00311614,3031500311614,"Isispharma Uveblock FPS50+ Fluido con color para pieles sensibles 40 ml"
bp-dermaexpress-3401395376935,dermaexpress,https://cdn.shopify.com/s/files/1/0088/1937/6188/files/3401395376935_00f6f485-985f-42a2-ab35-c505c8869079.jpg,FC-95376935,3401395376935,"Bioderma Sébium H2O Agua micelar desmaquillante para piel mixta a grasa 100 ml"
bp-dermaexpress-8429420164994,dermaexpress,https://cdn.shopify.com/s/files/1/0088/1937/6188/products/HIGIENE.jpg,FC-20164994,8429420164994,"Isdin Woman Gel de limpieza íntima 200 ml"
bp-dermaexpress-3701129800119,dermaexpress,https://cdn.shopify.com/s/files/1/0088/1937/6188/files/3701129800119.jpg,FC-29800119,3701129800119,"Bioderma Pigmentbio C-Concentrate Sérum concentrado de vitamina C 15 ml"
bp-dermaexpress-8470001585066,dermaexpress,https://cdn.shopify.com/s/files/1/0088/1937/6188/products/8470001585066_2.jpg,FC-01585066,8470001585066,"Isdin Fotoprotector Fusion Fluid FPS50+ Con color para piel sensible 50 ml"
bp-dermaexpress-732013301811,dermaexpress,https://cdn.shopify.com/s/files/1/0088/1937/6188/products/732013301811.png,FC-13301811,732013301811,"Neostrata Correct Suero Facial Reafirmante 30 ml"
bp-dermaexpress-3401397240470,dermaexpress,https://cdn.shopify.com/s/files/1/0088/1937/6188/files/3401397240470_1.avif,FC-97240470,3401397240470,"Bioderma Sensibio DS+ crema para pieles con dermatitis seborreica 40 ml"
bp-dermaexpress-7502002461283,dermaexpress,https://cdn.shopify.com/s/files/1/0088/1937/6188/products/7502002461283_94bc0f39-b741-4bcb-9d35-7bd2acce43f8.jpg,FC-02461283,7502002461283,"Farmapiel Meladermic Total FPS50+ Suero facial despigmentante 30 gr"
bp-dermaexpress-7502002460033,dermaexpress,https://cdn.shopify.com/s/files/1/0088/1937/6188/products/7502002460033.jpg,FC-02460033,7502002460033,"Farmapiel Meladermic Crema de día despigmentante piel normal 25 gr"
bp-dermaexpress-3499320012850,dermaexpress,https://cdn.shopify.com/s/files/1/0088/1937/6188/files/3499320012850_1.avif,FC-20012850,3499320012850,"Cetaphil Loción limpiadora para piel sensible 473 ml"
bp-dermaexpress-3337875797597,dermaexpress,https://cdn.shopify.com/s/files/1/0088/1937/6188/files/f765b2ec-3b2c-4e85-b69c-789b1610766c.jpg,FC-75797597,3337875797597,"La Roche-Posay Protector Solar Anthelios UVMune FPS50+ Fluido invisible para piel sensible y mixta 50 ml"
bp-dermaexpress-8470001631718,dermaexpress,https://cdn.shopify.com/s/files/1/0088/1937/6188/files/Disenosintitulo_76.png,FC-01631718,8470001631718,"Isdin Fotoprotector Gel crema Dry Touch con color FPS50+ 50 ml"
bp-dermaexpress-3760269770072,dermaexpress,https://cdn.shopify.com/s/files/1/0088/1937/6188/products/GeneskinLiftCrema.jpg,FC-69770072,3760269770072,"Isispharma Geneskin Lift Crema alisadora anti edad 50 ml"
bp-dermaexpress-3571940001619,dermaexpress,https://cdn.shopify.com/s/files/1/0088/1937/6188/products/4_ACTIPUR_Gel_Dermolimpiador_De_Limpieza_Facial.jpg,FC-40001619,3571940001619,"Noreva Actipur Gel de Limpieza para Piel Grasa 150 ml"
bp-dermaexpress-3760269770300,dermaexpress,https://cdn.shopify.com/s/files/1/0088/1937/6188/products/UveblockFPS50_SprayKids.jpg,FC-69770300,3760269770300,"Isispharma Uveblock FPS50+ Spray para niños Protector solar para niños 200 ml"
bp-dermaexpress-5702191027037,dermaexpress,https://cdn.shopify.com/s/files/1/0088/1937/6188/products/Adaptaciones-16.jpg,FC-91027037,5702191027037,"Leo Pharma Icaden Crema Vaginal 40gr"
bp-dermaexpress-3760269770324,dermaexpress,https://cdn.shopify.com/s/files/1/0088/1937/6188/products/TeenDermAqua400ml.jpg,FC-69770324,3760269770324,"Isispharma Teen Derm Aqua Desmaquillante para piel mixta a grasa 400 ml"
bp-dermaexpress-732013250188,dermaexpress,https://cdn.shopify.com/s/files/1/0088/1937/6188/products/04.jpg,FC-13250188,732013250188,"Neostrata Skin Active Crema Facial de Día FPS30 50 ml"
bp-dermaexpress-3760269770393,dermaexpress,https://cdn.shopify.com/s/files/1/0088/1937/6188/files/Diseno_sin_titulo_15.png,FC-69770393,3760269770393,"Isispharma Neotone Eyes Contorno de ojos acción 4 en 1 15 ml"
bp-dermaexpress-3282770141467,dermaexpress,https://cdn.shopify.com/s/files/1/0088/1937/6188/products/3282770141467.jpg,FC-70141467,3282770141467,"Ducray Keracnyl Glycolic+ Crema antiimperfecciones 30 ml"
bp-dermaexpress-3282770145175,dermaexpress,https://cdn.shopify.com/s/files/1/0088/1937/6188/products/3282770145175.jpg,FC-70145175,3282770145175,"Ducray Keracnyl UV FPS50+ Fluido antiimperfecciones 50 ml"
bp-dermaexpress-8423372010019,dermaexpress,https://cdn.shopify.com/s/files/1/0088/1937/6188/products/Adaptaciones-22.jpg,FC-72010019,8423372010019,"Genové Crema neutra genove crema protectora 50ml."
bp-dermaexpress-3337875684101,dermaexpress,https://cdn.shopify.com/s/files/1/0088/1937/6188/files/Diseno_sin_titulo_2.png,FC-75684101,3337875684101,"CeraVe SA Crema alisadora antirugosidades corporal 340 ml"
bp-dermaexpress-8429420156982,dermaexpress,https://cdn.shopify.com/s/files/1/0088/1937/6188/products/8429420156982_1bee010c-a5e4-4a1e-8203-88947bb6be70.jpg,FC-20156982,8429420156982,"Isdin Lambdacaps Suplemento alimenticio 30 caps"
bp-dermaexpress-8470001691880,dermaexpress,https://cdn.shopify.com/s/files/1/0088/1937/6188/files/8470001691880-ISDIN-UREADIN-FUSION-SERUM-LIFT-ANTIARRUGAS-30-ML.jpg,FC-01691880,8470001691880,"Isdin Ureadin Fusion Suero lift antiarrugas 30 gr"
bp-dermaexpress-7502002460095,dermaexpress,https://cdn.shopify.com/s/files/1/0088/1937/6188/products/7502002460095.jpg,FC-02460095,7502002460095,"Farmapiel Cicafarm K Crema cicatrizante 30 gr"
bp-dermaexpress-3337875774086,dermaexpress,https://cdn.shopify.com/s/files/1/0088/1937/6188/files/3337875774086_10.jpg,FC-75774086,3337875774086,"Vichy Neovadiol Pre-menopausia Crema de noche 50 ml"
bp-dermaexpress-3760269770942,dermaexpress,https://cdn.shopify.com/s/files/1/0088/1937/6188/files/Diseno_sin_titulo_10_b0056d7e-6842-4ea7-8978-53a395eb4140.png,FC-69770942,3760269770942,"Isispharma Teen Derm AZ Seboregulador y anti imperfecciones 30 ml"
bp-dermaexpress-7501273500202,dermaexpress,https://cdn.shopify.com/s/files/1/0088/1937/6188/products/Adaptaciones-06.jpg,FC-73500202,7501273500202,"Remexa Oleoderm Jabon 100gr"
bp-dermaexpress-3760269770386,dermaexpress,https://cdn.shopify.com/s/files/1/0088/1937/6188/files/Diseno_sin_titulo_16.png,FC-69770386,3760269770386,"Isispharma Neotone Body Despigmentante corporal 100 ml"
bp-dermaexpress-7502002460071,dermaexpress,https://cdn.shopify.com/s/files/1/0088/1937/6188/products/7502002460071_1.jpg,FC-02460071,7502002460071,"Farmapiel Meladermic Energy Crema facial despigmentante 50 gr"
bp-dermaexpress-3282770202854,dermaexpress,https://cdn.shopify.com/s/files/1/0088/1937/6188/products/3282770202854CLEANANCECOMEDOMEDFTE.jpg,FC-70202854,3282770202854,"Avene Cleanance Comedomed Concentrado anti-imperfecciones 30 ml"
bp-dermaexpress-3401348840421,dermaexpress,https://cdn.shopify.com/s/files/1/0088/1937/6188/files/3401348840421_5f38e4fe-dfe8-4561-a289-66f183dc47b9.jpg,FC-48840421,3401348840421,"Bioderma Sébium Hydra crema hidratante para procesos resecantes 40 ml"
bp-dermaexpress-7502002461818,dermaexpress,https://cdn.shopify.com/s/files/1/0088/1937/6188/products/LASMASKIN4_1.jpg,FC-02461818,7502002461818,"Farmapiel Lasmaskin 4% Crema despigmentante 30 gr"
bp-dermaexpress-7502002461597,dermaexpress,https://cdn.shopify.com/s/files/1/0088/1937/6188/products/CORAMANTINE_1.jpg,FC-02461597,7502002461597,"Farmapiel Coramantine Crema para piel alérgica 30 gr"
bp-dermaexpress-3337875774123,dermaexpress,https://cdn.shopify.com/s/files/1/0088/1937/6188/files/3337875774123_11.jpg,FC-75774123,3337875774123,"Vichy Neovadiol Crema de día pre-menopausia Efecto lifting piel normal a mixta 50 ml"
bp-dermaexpress-3337875777797,dermaexpress,https://cdn.shopify.com/s/files/1/0088/1937/6188/files/2af64555-fb51-4823-bc94-fd250651c741.jpg,FC-75777797,3337875777797,"La Roche-Posay Effaclar H ISO-BIOME Reduce imperfecciones y marcas 40 ml"
bp-dermaexpress-8470001977786,dermaexpress,https://cdn.shopify.com/s/files/1/0088/1937/6188/products/8470001977786.jpg,FC-01977786,8470001977786,"Cantabria Labs Heliocare 360° Age Active Fluido Protector solar FPS50+ antiedad 50 ml"
bp-dermaexpress-3499320004541,dermaexpress,https://cdn.shopify.com/s/files/1/0088/1937/6188/files/3499320004541_1.avif,FC-20004541,3499320004541,"Cetaphil Crema hidratante facial diaria con FPS50+ 50 ml"
bp-dermaexpress-3337875722827,dermaexpress,https://cdn.shopify.com/s/files/1/0088/1937/6188/files/3_45eb2eb7-fabc-4fc2-ab34-1b8427454f67.png,FC-75722827,3337875722827,"La Roche-Posay Sérum Effaclar Ultra Concentrado Anti-marcas e imperfecciones para piel grasa con tendencia al acné 30 ml"
bp-dermaexpress-3282770395938,dermaexpress,https://cdn.shopify.com/s/files/1/0088/1937/6188/files/descarga_1800x1800_c55f3143-7a04-4c12-a517-3ca854a4f07c.avif,FC-70395938,3282770395938,"Avene Intense Protect Fluido solar FPS50+ de espectro ultra amplio 150 ml"
bp-dermaexpress-3282770146790,dermaexpress,https://cdn.shopify.com/s/files/1/0088/1937/6188/products/3282770146790.jpg,FC-70146790,3282770146790,"Avene Xeracalm Aceite limpiador para piel seca con tendencia a eccema atópico 400 ml"
bp-dermaexpress-3282776456428,dermaexpress,https://cdn.shopify.com/s/files/1/0088/1937/6188/products/3282776456428_1.jpg,FC-76456428,3282776456428,"Avene Protector solar FPS50+ Spray para niños 200 ml"
bp-dermaexpress-3337871323622,dermaexpress,https://cdn.shopify.com/s/files/1/0088/1937/6188/files/bc61a107-c635-4135-b6e9-d66e299df408.jpg,FC-71323622,3337871323622,"Vichy Ideal soleil fps50 Toque seco 50 ml"
bp-dermaexpress-3760269770133,dermaexpress,https://cdn.shopify.com/s/files/1/0088/1937/6188/products/SensyliaAqua250ml.jpg,FC-69770133,3760269770133,"Isispharma Sensylia Aqua Solución micelar Desmaquilla limpia e hidrata la piel sensible 250 ml"
bp-dermaexpress-3760269770225,dermaexpress,https://cdn.shopify.com/s/files/1/0088/1937/6188/files/Diseno_sin_titulo_31.png,FC-69770225,3760269770225,"Isispharma Ruboril Metroruboril AZ 15% Menos rojeces 30 ml"
bp-dermaexpress-3337875797641,dermaexpress,https://cdn.shopify.com/s/files/1/0088/1937/6188/files/0ea09031-95b6-4211-bc0e-dd96800f905b.jpg,FC-75797641,3337875797641,"La Roche-Posay Protector Solar Anthelios UVMune 400 FPS 50+ Fluido Invisible con color para piel sensible y mixta 50 ml"
bp-dermaexpress-8423372025006,dermaexpress,https://cdn.shopify.com/s/files/1/0088/1937/6188/products/8423372025006-PILOPEPTAN15SOBRESWEB.jpg,FC-72025006,8423372025006,"Genové Pilopeptan Intensive Plan de choque 15 sobres"
bp-dermaexpress-3282770075724,dermaexpress,https://cdn.shopify.com/s/files/1/0088/1937/6188/products/3282770075724_Avene_Bloqueador_solar_fluido_mineral_c_c_FPS50_40_ML.jpg,FC-70075724,3282770075724,"Avene Fluido mineral con color protector solar FPS50+ para piel intolerante 40 ml"
bp-dermaexpress-7897930776616,dermaexpress,https://cdn.shopify.com/s/files/1/0088/1937/6188/files/7897930776616_1.avif,FC-30776616,7897930776616,"Cetaphil Sun Oil Control Gel protector solar con color FPS50+ para piel grasa 50 ml"
bp-dermaexpress-732013301385,dermaexpress,https://cdn.shopify.com/s/files/1/0088/1937/6188/products/Adaptaciones-11.jpg,FC-13301385,732013301385,"Neostrata Restore Suero Facial Lactobiónico 30 ml"
bp-dermaexpress-7501258210010,dermaexpress,https://cdn.shopify.com/s/files/1/0088/1937/6188/products/PSASTOPIL60G1.jpg,FC-58210010,7501258210010,"Advaita Astopil Espuma 5% tratamiento para alopecia 60 gr"
bp-dermaexpress-8429420285651,dermaexpress,https://cdn.shopify.com/s/files/1/0088/1937/6188/files/3337875940139_1_1.avif,FC-20285651,8429420285651,"Isdin Fusion Water FPS50+ Color Bronze Fotoprotector facial 50 ml"
bp-dermaexpress-4005800241901,dermaexpress,https://cdn.shopify.com/s/files/1/0088/1937/6188/files/4005800241901_2.jpg,FC-00241901,4005800241901,"Eucerin Pigment Control Protector Solar Anti-manchas FPS50+ 50 ml"
bp-dermaexpress-3499320012812,dermaexpress,https://cdn.shopify.com/s/files/1/0088/1937/6188/files/3499320012812_1.avif,FC-20012812,3499320012812,"Cetaphil Gel limpiador facial para piel grasa 237 ml"
bp-dermaexpress-3499320012829,dermaexpress,https://cdn.shopify.com/s/files/1/0088/1937/6188/files/3499320012829.avif,FC-20012829,3499320012829,"Cetaphil Crema hidratante para piel sensible 250 gr"
bp-dermaexpress-8423372040351,dermaexpress,https://cdn.shopify.com/s/files/1/0088/1937/6188/products/8423372040351.jpg,FC-72040351,8423372040351,"Genové Fluidbase max suero anti edad 30ml."
bp-dermaexpress-3401397163618,dermaexpress,https://cdn.shopify.com/s/files/1/0088/1937/6188/products/3401397163618_4f5d4ef9-c977-4fa6-b443-0ce089508406.jpg,FC-97163618,3401397163618,"Bioderma ABCDerm Gel Moussant Limpiador para bebé 1 L"
bp-dermaexpress-3401574131423,dermaexpress,https://cdn.shopify.com/s/files/1/0088/1937/6188/files/3401574131423_81d09cfb-9ea5-4f4f-978f-5dc4019101a3.jpg,FC-74131423,3401574131423,"Bioderma Sébium Gel Gommant Exfoliante para piel mixta a grasa 100 ml"
bp-dermaexpress-3337875693820,dermaexpress,https://cdn.shopify.com/s/files/1/0088/1937/6188/files/7fbb906b-faf5-49fe-86c9-7588358652f7.jpg,FC-75693820,3337875693820,"La Roche-Posay Sérum Toleriane Ultra Dermallergo Facial hidratante para piel sensible o con alergias 20 ml"
bp-dermaexpress-7501054550211,dermaexpress,https://cdn.shopify.com/s/files/1/0088/1937/6188/files/7501054550211_2.jpg,FC-54550211,7501054550211,"Eucerin Hyaluron-Filler Pore Minimizer Skin Refiner Sérum facial antiarrugas 30 ml"
bp-dermaexpress-4005900265227,dermaexpress,https://cdn.shopify.com/s/files/1/0088/1937/6188/files/4005900265227_2.jpg,FC-00265227,4005900265227,"Eucerin Sun Fluido facial anti-edad FPS50+ 50 ml"
bp-dermaexpress-3337875561761,dermaexpress,https://cdn.shopify.com/s/files/1/0088/1937/6188/products/3337875561761_04fe30b4-438d-46b8-a624-d350da78d056.jpg,FC-75561761,3337875561761,"Vichy Dermablend covermatte #15 opal Polvo compacto de alta cobertura 9.5 gr"
bp-dermaexpress-3499320011655,dermaexpress,https://cdn.shopify.com/s/files/1/0088/1937/6188/files/3499320011655_1__1.avif,FC-20011655,3499320011655,"Cetaphil Optimal Hydration Crema hidratante facial de día para piel deshidratada 48 gr"
bp-dermaexpress-7502002460040,dermaexpress,https://cdn.shopify.com/s/files/1/0088/1937/6188/products/7502002460040.jpg,FC-02460040,7502002460040,"Farmapiel Meladermic Crema de noche despigmentante piel normal 25 gr"
bp-dermaexpress-4005900839633,dermaexpress,https://cdn.shopify.com/s/files/1/0088/1937/6188/products/4005900839633_1.jpg,FC-00839633,4005900839633,"Eucerin Sun Oil Control Protector solar FPS50+ tono medio para piel grasa 50 ml"
bp-dermaexpress-3282770104783,dermaexpress,https://cdn.shopify.com/s/files/1/0088/1937/6188/products/3282770104783-CYTELIUM-SPRAY-100ML-FRN.png,FC-70104783,3282770104783,"Aderma Cytelium Spray calmante para piel irritada 100 ml"
bp-dermaexpress-8429420200678,dermaexpress,https://cdn.shopify.com/s/files/1/0088/1937/6188/products/8429420200678.jpg,FC-20200678,8429420200678,"Isdin Isdinceutics Hyaluronic Concentrate Suero ultrahidratante 30 ml"
bp-dermaexpress-3760269770362,dermaexpress,https://cdn.shopify.com/s/files/1/0088/1937/6188/files/Diseno_sin_titulo_12.png,FC-69770362,3760269770362,"Isispharma Neotone Suero despigmentante 30 ml"
bp-dermaexpress-8470001997302,dermaexpress,https://cdn.shopify.com/s/files/1/0088/1937/6188/products/Endocare_Radiance_EyeCountourAnti-darkCircles_Bottle.jpg,FC-01997302,8470001997302,"Cantabria Labs Endocare Radiance Contorno de ojos antiedad 15 ml"
bp-dermaexpress-8470001822758,dermaexpress,https://cdn.shopify.com/s/files/1/0088/1937/6188/products/RadiocareUltra_Box_Bottle.jpg,FC-01822758,8470001822758,"Cantabria Labs Radiocare Ultra Crema regeneradora 150 ml"
bp-dermaexpress-3499320012485,dermaexpress,https://cdn.shopify.com/s/files/1/0088/1937/6188/files/3499320012485_1_59151d43-d1cb-461c-aa1c-f916be780d9f.avif,FC-20012485,3499320012485,"Cetaphil PRO AR Espuma limpiadora facial para piel con enrojecimiento 236 ml"
bp-dermaexpress-7640203242864,dermaexpress,https://cdn.shopify.com/s/files/1/0088/1937/6188/files/7640203242864_1.avif,FC-03242864,7640203242864,"Cetaphil Gel de baño corporal 500 ml"
bp-dermaexpress-3337875757669,dermaexpress,https://cdn.shopify.com/s/files/1/0088/1937/6188/files/521c7a4c-deca-474a-a00d-d7d8c8811442.jpg,FC-75757669,3337875757669,"La Roche-Posay Toleriane Dermallergo Fluido Hidratante para piel mixta a grasa 40 ml"
bp-dermaexpress-8429420139336,dermaexpress,https://cdn.shopify.com/s/files/1/0088/1937/6188/products/lotionspray_pediatrics_50ml_thumbnails_1.jpg,FC-20139336,8429420139336,"Isdin Fotoprotector Loción Spray Pediátrico FPS50+ 200 ml"
bp-dermaexpress-3282779352369,dermaexpress,https://cdn.shopify.com/s/files/1/0088/1937/6188/products/3282779352369_1.jpg,FC-79352369,3282779352369,"Ducray Shampoo dermoprotector extra suave 200 ml"
bp-dermaexpress-3337871325787,dermaexpress,https://cdn.shopify.com/s/files/1/0088/1937/6188/products/3337871325787.MAIN.jpg,FC-71325787,3337871325787,"Vichy Ideal soleil fps50 Toque seco con color 50 ml"
bp-dermaexpress-7501273500554,dermaexpress,https://cdn.shopify.com/s/files/1/0088/1937/6188/products/7501273500554.jpg,FC-73500554,7501273500554,"Remexa - Oleoderm Baby Crema 120ml"
bp-dermaexpress-609207621133,dermaexpress,https://cdn.shopify.com/s/files/1/0088/1937/6188/files/609207621133.png,FC-07621133,609207621133,"DS Polaris NR11 Loción regeneradora capilar 60 ml"
bp-dermaexpress-8470002044272,dermaexpress,https://cdn.shopify.com/s/files/1/0088/1937/6188/products/Heliocare_WaterGel_ColorBeige_Bottle.jpg,FC-02044272,8470002044272,"Cantabria Labs Heliocare 360° Water Gel Beige Protector solar FPS50+ 50 ml"
bp-dermaexpress-3701129802069,dermaexpress,https://cdn.shopify.com/s/files/1/0088/1937/6188/products/3401381463359_ecb65945-373b-4a8a-9949-5dd018c160bc.jpg,FC-29802069,3701129802069,"Bioderma Atoderm Intensive Baume Bálsamo calmante para piel muy seca 200 ml"
bp-dermaexpress-8470001702852,dermaexpress,https://cdn.shopify.com/s/files/1/0088/1937/6188/products/Heliocare360_Airgel_200ml_FPS50_Bottle.jpg,FC-01702852,8470001702852,"Cantabria Labs Heliocare 360° Airgel Protector solar corporal 200 ml"
bp-dermaexpress-850,dermaexpress,https://cdn.shopify.com/s/files/1/0088/1937/6188/files/3_539f5f66-1948-4642-b0a3-25cafffa4412.png,FC-58295873,,"Tarjeta de Regalo 850 $850.00"
bp-dermaexpress-700,dermaexpress,https://cdn.shopify.com/s/files/1/0088/1937/6188/files/2_4951da7f-f7cc-4147-b0c8-e527fb2ce0d4.png,FC-62962921,,"Tarjeta de Regalo 700 $700.00"
bp-dermaexpress-500,dermaexpress,https://cdn.shopify.com/s/files/1/0088/1937/6188/files/1_5f288852-5a6e-4aaf-ae93-0520fbf5c488.png,FC-78978003,,"Tarjeta de Regalo 500 $500.00"
bp-dermaexpress-3337872413728,dermaexpress,https://cdn.shopify.com/s/files/1/0088/1937/6188/products/la-roche-posay-redermic-hyalu-c-uv-40-ml.jpg,FC-72413728,3337872413728,"La Roche-Posay Pure Vitamin C UV FPS 25 Crema facial hidratante anti-arrugas con FPS 25 40 ml"
bp-dermaexpress-3760269770454,dermaexpress,https://cdn.shopify.com/s/files/1/0088/1937/6188/products/Aquaruboril400ml.jpg,FC-69770454,3760269770454,"Isispharma Ruboril Aqua Micelar Desmaquillante para piel sensible con enrojecimiento 400 ml"
bp-dermaexpress-3760269770409,dermaexpress,https://cdn.shopify.com/s/files/1/0088/1937/6188/products/NeotonePrevent50_2564ab07-73ac-479a-85a1-24b115455b1d.jpg,FC-69770409,3760269770409,"Isispharma Neotone Prevent FPS50+ Medio Protector despigmentante con color 30 ml"
bp-dermaexpress-3760269770317,dermaexpress,https://cdn.shopify.com/s/files/1/0088/1937/6188/products/NeotoneAqua400ml.jpg,FC-69770317,3760269770317,"Isispharma Neotone Aqua Solución micelar Desmaquillante para piel sensible y pigmentada 400 ml"
bp-dermaexpress-3760269770287,dermaexpress,https://cdn.shopify.com/s/files/1/0088/1937/6188/products/UveblockFPS50_Mineralconcolor.jpg,FC-69770287,3760269770287,"Isispharma Uveblock FPS50+ Mineral con color Protector solar para piel intolerante 40 ml"
bp-dermaexpress-8429420128644,dermaexpress,https://cdn.shopify.com/s/files/1/0088/1937/6188/products/8429420128644.jpg,FC-20128644,8429420128644,"Isdin Agua Micelar 4 en 1 Desmaquilla limpia tonifica e hidrata 400 ml"
bp-dermaexpress-3337875578486,dermaexpress,https://cdn.shopify.com/s/files/1/0088/1937/6188/files/9960d35d-2a68-40f2-962c-0955bd2914c8.jpg,FC-75578486,3337875578486,"La Roche-Posay Toleriane Sensitive Crema Hidratante para piel sensible 40 ml"
bp-dermaexpress-3401360147751,dermaexpress,https://cdn.shopify.com/s/files/1/0088/1937/6188/products/Aquaruboril250ml.jpg,FC-60147751,3401360147751,"Isispharma Ruboril Aqua Micelar Desmaquillante para piel sensible con enrojecimiento 250 ml"
bp-dermaexpress-732013302092,dermaexpress,https://cdn.shopify.com/s/files/1/0088/1937/6188/products/732013302092.png,FC-13302092,732013302092,"Neostrata Resurface Crema Ultrasuavizante Plus 40 g"
bp-dermaexpress-3337875743563,dermaexpress,https://cdn.shopify.com/s/files/1/0088/1937/6188/files/91b1eb2d-a03a-4e82-afaf-9025c5658fcb.jpg,FC-75743563,3337875743563,"CeraVe Gel limpiador hidratante facial y corporal 236 ml"
bp-dermaexpress-3337875598996,dermaexpress,https://cdn.shopify.com/s/files/1/0088/1937/6188/files/51e5f7e1-a0aa-40b0-8fba-a646d97d6dbf.jpg,FC-75598996,3337875598996,"CeraVe Crema hidratante facial y corporal 170 ml 170gr"
bp-dermaexpress-3701129803400,dermaexpress,https://cdn.shopify.com/s/files/1/0088/1937/6188/files/3701129803400.jpg,FC-29803400,3701129803400,"Bioderma Sébium Gel Moussant Actif Limpiador activo anti-acné 200 ml"
bp-dermaexpress-3337875597272,dermaexpress,https://cdn.shopify.com/s/files/1/0088/1937/6188/files/Diseno_sin_titulo_4bdee763-c3f1-4f65-bb9c-d8430ac70b83.png,FC-75597272,3337875597272,"CeraVe Crema reparadora para contorno de ojos 14 ml"
bp-dermaexpress-732013301552,dermaexpress,https://cdn.shopify.com/s/files/1/0088/1937/6188/products/732013301552.png,FC-13301552,732013301552,"Neostrata Resurface Loción Plus 200 ml"
bp-dermaexpress-3337875719209,dermaexpress,https://cdn.shopify.com/s/files/1/0088/1937/6188/files/3337875719209_12.jpg,FC-75719209,3337875719209,"Vichy Liftactiv supreme ha epidermic filler Suero de ácido hialurónico rostro y ojos 30 ml"
bp-dermaexpress-8470001847607,dermaexpress,https://cdn.shopify.com/s/files/1/0088/1937/6188/products/Heliocare360_MineralToleranceFluid_FPS50_Box_Bottle.jpg,FC-01847607,8470001847607,"Cantabria Labs Heliocare 360° Mineral Tolerance Fluido solar para piel sensible 50 ml"
bp-dermaexpress-7501054530398,dermaexpress,https://cdn.shopify.com/s/files/1/0088/1937/6188/files/7501054530398_2.jpg,FC-54530398,7501054530398,"Eucerin pH5 Aceite de ducha para piel seca y sensible 200 ml"
bp-dermaexpress-8470001724137,dermaexpress,https://cdn.shopify.com/s/files/1/0088/1937/6188/products/Heliocare360_GelOilFree_FPS50_Box_Tube.jpg,FC-01724137,8470001724137,"Cantabria Labs Heliocare 360° Gel Oil-Free Protector solar para piel grasa 50 ml"
bp-dermaexpress-3337875762298,dermaexpress,https://cdn.shopify.com/s/files/1/0088/1937/6188/files/3337875762298_11.jpg,FC-75762298,3337875762298,"Vichy Capital soleil uv-age fps50 Protector solar anti-fotoenvejecimiento 40 ml"
bp-dermaexpress-3337875563048,dermaexpress,https://cdn.shopify.com/s/files/1/0088/1937/6188/products/3337875563048_99e20dc5-d27d-451b-9999-15a73833a396.jpg,FC-75563048,3337875563048,"Vichy Dermablend covermatte #35 sand Polvo compacto de alta cobertura 9.5 gr"
bp-dermaexpress-3499320004473,dermaexpress,https://cdn.shopify.com/s/files/1/0088/1937/6188/files/3499320004473_1.avif,FC-20004473,3499320004473,"Cetaphil PRO AC Dermacontrol Hidratante facial con FPS30 para piel grasa 118 ml"
bp-dermaexpress-3401399277092,dermaexpress,https://cdn.shopify.com/s/files/1/0088/1937/6188/files/3401399277092_bf933d42-8ac6-4eea-b549-09b064ce54c4.jpg,FC-99277092,3401399277092,"Bioderma Sébium Gel Moussant gel limpiador anti-imperfecciones 500 ml"
bp-dermaexpress-7502002460422,dermaexpress,https://cdn.shopify.com/s/files/1/0088/1937/6188/products/7502002460422.jpg,FC-02460422,7502002460422,"Farmapiel Optigel Contorno de ojos con té verde 15 gr"
bp-dermaexpress-3282770139204,dermaexpress,https://cdn.shopify.com/s/files/1/0088/1937/6188/files/3282770139204_1.jpg,FC-70139204,3282770139204,"Avene Cleanance Gel limpiador matificante para piel sensible con tendencia acneica 200 ml"
bp-dermaexpress-8429420203082,dermaexpress,https://cdn.shopify.com/s/files/1/0088/1937/6188/products/8429420203082.jpg,FC-20203082,8429420203082,"Isdin Isdinceutics Vital Eyes Crema reparadora antiarrugas 15 gr"
bp-dermaexpress-8429420152120,dermaexpress,https://cdn.shopify.com/s/files/1/0088/1937/6188/products/8429420152120.jpg,FC-20152120,8429420152120,"Isdin Ureadin Crema de manos reparadora 50 ml"
bp-dermaexpress-3337872411991,dermaexpress,https://cdn.shopify.com/s/files/1/0088/1937/6188/files/f19cfa1b-0b3f-4829-8333-4b9febe5b17d.jpg,FC-72411991,3337872411991,"La Roche-Posay Effaclar Gel espumoso purificante Limpiador facial para piel grasa y sensible 400 ml"
bp-dermaexpress-8429420200814,dermaexpress,https://cdn.shopify.com/s/files/1/0088/1937/6188/products/WhatsAppImage2021-11-02at15.52.03.jpg,FC-20200814,8429420200814,"Isdin Fotoprotector Isdin UV Mineral Brush SPF50+ 2 gr"
bp-dermaexpress-8470001769183,dermaexpress,https://cdn.shopify.com/s/files/1/0088/1937/6188/files/3337875940139_1ee5b545-3291-49ee-ae7a-ffd3e1139ab7.avif,FC-01769183,8470001769183,"Isdin Isdinceutics K-Ox Eyes Contorno de ojos 15 ml"
bp-dermaexpress-7501054530107,dermaexpress,https://cdn.shopify.com/s/files/1/0088/1937/6188/files/7501054530107_2.jpg,FC-54530107,7501054530107,"Eucerin pH5 Loción corporal hidratante para piel seca y sensible 250 ml"
bp-dermaexpress-3337875597395,dermaexpress,https://cdn.shopify.com/s/files/1/0088/1937/6188/files/18603280-15e9-4354-972f-b8179c2b78cb.jpg,FC-75597395,3337875597395,"CeraVe Loción hidratante para piel seca 473 ml 473ml"
bp-dermaexpress-3499320001359,dermaexpress,https://cdn.shopify.com/s/files/1/0088/1937/6188/products/PS_Nutracort_locion_120ml.jpg,FC-20001359,3499320001359,"Galderma Nutracort Locion para pieles con dermatitis 120ml."
bp-dermaexpress-4005900559517,dermaexpress,https://cdn.shopify.com/s/files/1/0088/1937/6188/files/4005900559517_1.jpg,FC-00559517,4005900559517,"Eucerin Anti-Pigment Crema facial de noche anti-hiperpigmentación 50 ml"
bp-dermaexpress-3337875597197,dermaexpress,https://cdn.shopify.com/s/files/1/0088/1937/6188/files/7f3d0f49-b757-41fc-8fc5-df75a47ba9ef.jpg,FC-75597197,3337875597197,"CeraVe Gel limpiador facial espumoso 236 ml 236 ml"
bp-dermaexpress-3337875597388,dermaexpress,https://cdn.shopify.com/s/files/1/0088/1937/6188/files/e6ba6380-c2ed-4771-a636-1804e0b9cf94.jpg,FC-75597388,3337875597388,"CeraVe Crema hidratante facial y corporal 453 ml"
bp-dermaexpress-8470001939456,dermaexpress,https://cdn.shopify.com/s/files/1/0088/1937/6188/products/Iraltone_FortifyingShampoo_Bottle_Box_46447372-f64f-4748-9feb-60bc191ace13.jpg,FC-01939456,8470001939456,"Cantabria Labs Iraltone Shampoo fortificante 200 ml"
bp-dermaexpress-7502002460064,dermaexpress,https://cdn.shopify.com/s/files/1/0088/1937/6188/products/7502002460064_1.jpg,FC-02460064,7502002460064,"Farmapiel Meladermic Manos y cuerpo Crema despigmentante 150 gr"
bp-dermaexpress-3337875708289,dermaexpress,https://cdn.shopify.com/s/files/1/0088/1937/6188/files/ec0b5043-25f9-4603-901c-f7f8f5876a9b.jpg,FC-75708289,3337875708289,"La Roche-Posay Effaclar Gel microexfoliante Limpiador para piel grasa 400 ml"
bp-dermaexpress-732013250195,dermaexpress,https://cdn.shopify.com/s/files/1/0088/1937/6188/files/DEDEDEDEDE.webp,FC-13250195,732013250195,"Neostrata Enlighten Crema Limpiadora Exfoliante 100 ml"
bp-dermaexpress-3337871332297,dermaexpress,https://cdn.shopify.com/s/files/1/0088/1937/6188/products/3337871332297_1.jpg,FC-71332297,3337871332297,"Vichy Dermablend coverflow 3d #15 opal Alta cobertura y duración 30 ml"
bp-dermaexpress-8470001615688,dermaexpress,https://cdn.shopify.com/s/files/1/0088/1937/6188/products/Endocare_Tensage_Ampoules_10x2_Ampoule_Box.jpg,FC-01615688,8470001615688,"Cantabria Labs Endocare Tensage Ampollas antiedad regeneradoras c/10 de 2 ml"
bp-dermaexpress-8470001873590,dermaexpress,https://cdn.shopify.com/s/files/1/0088/1937/6188/products/Heliocare360_ColorGelOilFree_BeigeFPS50__Box_Bottle.jpg,FC-01873590,8470001873590,"Cantabria Labs Heliocare 360° Oil-Free Beige Protector solar para piel grasa 50 ml"
bp-dermaexpress-7506334400088,dermaexpress,https://cdn.shopify.com/s/files/1/0088/1937/6188/files/thumbnail_Nourkrin_Man_3_dd388a87-2859-4f2d-b2b5-ce190641953a.jpg,FC-34400088,7506334400088,"Uppharma Nourkrin woman Suplemento alimenticio anticaída c/60 tabletas"
bp-dermaexpress-7502002461801,dermaexpress,https://cdn.shopify.com/s/files/1/0088/1937/6188/products/7502002461801.jpg,FC-02461801,7502002461801,"Farmapiel Lasmaskin 2% Crema despigmentante 30 gr"
bp-dermaexpress-8470001977793,dermaexpress,https://cdn.shopify.com/s/files/1/0088/1937/6188/products/Heliocare-360-Pigment-Solution-50-50Ml-8470001977793-637812238585372882-1.jpg,FC-01977793,8470001977793,"Cantabria Labs Heliocare 360° Pigment Solution Fluido solar despigmentante FPS50+ 50 ml"
bp-dermaexpress-8470001894342,dermaexpress,https://cdn.shopify.com/s/files/1/0088/1937/6188/products/8470001894342.jpg,FC-01894342,8470001894342,"Cantabria Labs Neoretin DC Ultra Emulsión despigmentante 30 ml"
bp-dermaexpress-3337871332310,dermaexpress,https://cdn.shopify.com/s/files/1/0088/1937/6188/products/3337871332310_1.jpg,FC-71332310,3337871332310,"Vichy Dermablend coverflow 3d #35 sand Alta cobertura y duración 30 ml"
bp-dermaexpress-4005900559500,dermaexpress,https://cdn.shopify.com/s/files/1/0088/1937/6188/files/4005900559500_1.jpg,FC-00559500,4005900559500,"Eucerin Anti-Pigment Crema facial de día anti-hiperpigmentación FPS30 50 ml"
bp-dermaexpress-3499320005326,dermaexpress,https://cdn.shopify.com/s/files/1/0088/1937/6188/files/3499320005326_1.avif,FC-20005326,3499320005326,"Cetaphil Toallitas de limpieza facial 25 pzas"
bp-dermaexpress-8470003429757,dermaexpress,https://cdn.shopify.com/s/files/1/0088/1937/6188/products/8470003429757_2.jpg,FC-03429757,8470003429757,"Isdin Deo Germisdin Desodorante roll-on Sudoración excesiva 40 ml"
bp-dermaexpress-8429420192263,dermaexpress,https://cdn.shopify.com/s/files/1/0088/1937/6188/products/8429420192263.jpg,FC-20192263,8429420192263,"Isdin Fotoprotector Loción hidratante bifásica FPS50+ 200 ml"
bp-dermaexpress-8429420175341,dermaexpress,https://cdn.shopify.com/s/files/1/0088/1937/6188/products/8429420175341_2.jpg,FC-20175341,8429420175341,"Isdin Glicoisdin Soft 8% Crema facial antiedad 50 ml"
bp-dermaexpress-3282770139181,dermaexpress,https://cdn.shopify.com/s/files/1/0088/1937/6188/products/3282770139181.jpg,FC-70139181,3282770139181,"Aderma Exomega Spray calma la comezón y reduce las rojeces 200 ml"
bp-dermaexpress-3337875586269,dermaexpress,https://cdn.shopify.com/s/files/1/0088/1937/6188/files/7a1fac95-e056-4a54-aa81-d05121153746.jpg,FC-75586269,3337875586269,"La Roche-Posay Cicaplast Gel B5 Tratamiento hidratante para cicatrices 40 ml"
bp-dermaexpress-3337875684095,dermaexpress,https://cdn.shopify.com/s/files/1/0088/1937/6188/files/e0753655-c577-4e5e-b714-da0309052847.jpg,FC-75684095,3337875684095,"CeraVe Crema alisadora antirugosidades corporal 177 ml"
bp-dermaexpress-3701129802076,dermaexpress,https://cdn.shopify.com/s/files/1/0088/1937/6188/products/3401565359201.jpg,FC-29802076,3701129802076,"Bioderma Atoderm Intensive Baume Bálsamo hidratante facial y corporal 500 ml"
bp-dermaexpress-7319470066786,dermaexpress,https://cdn.shopify.com/s/files/1/0088/1937/6188/files/7319470066786_1.jpg,FC-70066786,7319470066786,"Eucerin Anti-Pigment Dual Sérum Facial 30 ml"
bp-dermaexpress-8470001541871,dermaexpress,https://cdn.shopify.com/s/files/1/0088/1937/6188/products/8470001541871-2.jpg,FC-01541871,8470001541871,"Isdin Ureadin Ultra 20 Crema anti-rugosidades 100 ml"
bp-dermaexpress-3701129800843,dermaexpress,https://cdn.shopify.com/s/files/1/0088/1937/6188/files/3701129800843_1.avif,FC-29800843,3701129800843,"Bioderma Sensibio Gel Moussant Gel micelar limpiador 500 ml"
bp-dermaexpress-8429420285668,dermaexpress,https://cdn.shopify.com/s/files/1/0088/1937/6188/files/3337875940139.avif,FC-20285668,8429420285668,"Isdin Fotoprotector Fusion Water Pediátrico FPS50+ 50 ml"
bp-dermaexpress-8470001532411,dermaexpress,https://cdn.shopify.com/s/files/1/0088/1937/6188/products/8470001532411_a37234c1-bedf-4248-982a-793d42770283.jpg,FC-01532411,8470001532411,"Isdin Ureadin Ultra 40 Gel-Oil Exfoliante intenso 30 ml"
bp-dermaexpress-8470001527349,dermaexpress,https://cdn.shopify.com/s/files/1/0088/1937/6188/products/8470001527349-2.jpg,FC-01527349,8470001527349,"Isdin Ureadin Podos Gel Oil Hidratante para pies secos 75 ml"
bp-dermaexpress-3760095250267,dermaexpress,https://cdn.shopify.com/s/files/1/0088/1937/6188/products/depiwhiteleche.jpg,FC-95250267,3760095250267,"ACM Depiwhite Leche corporal aclarante 200 ml"
bp-dermaexpress-8436574361599,dermaexpress,https://cdn.shopify.com/s/files/1/0088/1937/6188/products/Biretix_Cleanser_200ml_93087c2e-e3db-42d2-b45f-a28833e90013.jpg,FC-74361599,8436574361599,"Cantabria Labs Biretix Cleanser Gel limpiador purificante 200 ml"
bp-dermaexpress-3337875695176,dermaexpress,https://cdn.shopify.com/s/files/1/0088/1937/6188/files/11_f7b78406-93ba-4af0-9cfd-37f5f9d267d8.jpg,FC-75695176,3337875695176,"Vichy Capital soleil Matificante 3 en 1 fps50+ Protección solar para piel mixta a grasa 50 ml"
bp-dermaexpress-3337875764353,dermaexpress,https://cdn.shopify.com/s/files/1/0088/1937/6188/products/3337875764353_1.jpg,FC-75764353,3337875764353,"La Roche-Posay Anthelios Age Correct FPS 50+ Protector solar con color para piel madura y con signos de edad 50 ml"
bp-dermaexpress-4005800057670,dermaexpress,https://cdn.shopify.com/s/files/1/0088/1937/6188/files/4005800057670_2_4acaeb81-6b38-4cb2-b4ac-a9564c80d3d1.jpg,FC-00057670,4005800057670,"Eucerin Hyaluron Filler Contorno De Ojos 15 ml"
bp-dermaexpress-3337875761031,dermaexpress,https://cdn.shopify.com/s/files/1/0088/1937/6188/files/1133835b-2113-4ec9-8375-89ea6124d7a0.jpg,FC-75761031,3337875761031,"La Roche-Posay Protector Solar Anthelios Age Correct FPS 50+ para piel madura y con signos de edad 50 ml"
bp-dermaexpress-8429420175310,dermaexpress,https://cdn.shopify.com/s/files/1/0088/1937/6188/products/8429420175310_2_3f501980-5866-4c93-8807-c866c4bd7992.jpg,FC-20175310,8429420175310,"Isdin Glicoisdin 15% Gel antiedad 50 ml"
bp-dermaexpress-3337871324001,dermaexpress,https://cdn.shopify.com/s/files/1/0088/1937/6188/files/8db145fb-2111-48e6-95a0-d94ea79a315e.jpg,FC-71324001,3337871324001,"Vichy Roll on Stress resist Anti-transpirante y desodorante 50 ml"
bp-dermaexpress-7503015500013,dermaexpress,https://cdn.shopify.com/s/files/1/0088/1937/6188/products/Adaptaciones-30.jpg,FC-15500013,7503015500013,"Euderma BN-SN Protector solar 100 gr"
bp-dermaexpress-4005800269776,dermaexpress,https://cdn.shopify.com/s/files/1/0088/1937/6188/files/4005800269776_1.jpg,FC-00269776,4005800269776,"Eucerin Hyaluron-Filler + Elasticity 3D Sérum antiarrugas 30 ml"
bp-dermaexpress-3512369001019,dermaexpress,https://cdn.shopify.com/s/files/1/0088/1937/6188/products/3512369001019.jpg,FC-69001019,3512369001019,"Neoselen Suplemento alimenticio anti-envejecimiento celular c/30 cápsulas"
bp-dermaexpress-7501273500509,dermaexpress,https://cdn.shopify.com/s/files/1/0088/1937/6188/products/7501273500509.jpg,FC-73500509,7501273500509,"Remexa Suavene Crema 100 gr"
bp-dermaexpress-8470001908285,dermaexpress,https://cdn.shopify.com/s/files/1/0088/1937/6188/products/BiretixTri-Active-2.jpg,FC-01908285,8470001908285,"Cantabria Labs Biretix Tri-Active Gel facial para piel grasa 50 ml"
bp-dermaexpress-8470001674234,dermaexpress,https://cdn.shopify.com/s/files/1/0088/1937/6188/products/es_transparentspray_wetskin_50spf_thumbnails_01.jpg,FC-01674234,8470001674234,"Isdin Fotoprotector Spray Wet Skin FPS50+ 250 ml"
bp-dermaexpress-3499320001342,dermaexpress,https://cdn.shopify.com/s/files/1/0088/1937/6188/products/PS_Nutracort_crema_60g.jpg,FC-20001342,3499320001342,"Galderma Nutracort Crema para pieles con dermatitis 60 gr"
bp-dermaexpress-8436574361605,dermaexpress,https://cdn.shopify.com/s/files/1/0088/1937/6188/products/WhatsAppImage2021-04-13at13.26.09.jpg,FC-74361605,8436574361605,"Cantabria Labs Endocare Tensage Sérum alta potencia 30 ml"
bp-dermaexpress-3337871324599,dermaexpress,https://cdn.shopify.com/s/files/1/0088/1937/6188/files/5f438557-828c-4cf6-9a4c-cab8bbde78e3.jpg,FC-71324599,3337871324599,"Vichy Roll on Anti-manchas Anti-transpirante y desodorante 50 ml"
bp-dermaexpress-3337875597357,dermaexpress,https://cdn.shopify.com/s/files/1/0088/1937/6188/files/0d047c76-5e80-4cbd-afd5-4ecc357e28f3.jpg,FC-75597357,3337875597357,"CeraVe Gel limpiador facial espumoso 473 ml"
bp-dermaexpress-3401528521157,dermaexpress,https://cdn.shopify.com/s/files/1/0088/1937/6188/products/3401528521157.jpg,FC-28521157,3401528521157,"Bioderma Hydrabio H2O Agua micelar desmaquillante 100 ml"
bp-dermaexpress-8429420083585,dermaexpress,https://cdn.shopify.com/s/files/1/0088/1937/6188/products/LambdapilSpray.jpg,FC-20083585,8429420083585,"Isdin Lambdapil Loción anticaída en spray 125 ml"
bp-dermaexpress-4005800631702,dermaexpress,https://cdn.shopify.com/s/files/1/0088/1937/6188/files/4005800631702_2.jpg,FC-00631702,4005800631702,"Eucerin pH5 Protector labial para piel seca y sensible FPS20 4.8 gr"
bp-dermaexpress-7640203240242,dermaexpress,https://cdn.shopify.com/s/files/1/0088/1937/6188/files/7640203240242_1.avif,FC-03240242,7640203240242,"Cetaphil Exfoliante diario ultrasuave 178 ml"
bp-dermaexpress-3337875597180,dermaexpress,https://cdn.shopify.com/s/files/1/0088/1937/6188/files/c4cd8cb7-6de5-43cf-9182-4ea2cfb496f5.jpg,FC-75597180,3337875597180,"CeraVe Gel limpiador hidratante facial y corporal 236 ml"
bp-dermaexpress-3337875545891,dermaexpress,https://cdn.shopify.com/s/files/1/0088/1937/6188/files/19777bce-57b5-4e4c-8932-caee8c685d79.jpg,FC-75545891,3337875545891,"La Roche Posay Anthelios UV Mune 400 Oil Control Gel-Crema con color FPS50+ para piel mixta 50 ml"
bp-dermaexpress-3337875660549,dermaexpress,https://cdn.shopify.com/s/files/1/0088/1937/6188/files/56849de2-b238-4b3b-8289-542c881ebc82.jpg,FC-75660549,3337875660549,"La Roche-Posay Redermic Retinol Concentrado Crema facial hidratante anti-arrugas y manchas 30 ml"
bp-dermaexpress-3401345935571,dermaexpress,https://cdn.shopify.com/s/files/1/0088/1937/6188/files/3401345935571_1.avif,FC-45935571,3401345935571,"Bioderma Sensibio H2O agua micelar desmaquillante piel sensible 500 ml"
bp-dermaexpress-4005900436986,dermaexpress,https://cdn.shopify.com/s/files/1/0088/1937/6188/files/4005900436986_2.jpg,FC-00436986,4005900436986,"Eucerin Dermopure Gel limpiador para piel grasa y con tendencia acneica 200 ml"
bp-dermaexpress-3337875663083,dermaexpress,https://cdn.shopify.com/s/files/1/0088/1937/6188/files/3337875663083_12.jpg,FC-75663083,3337875663083,"Vichy Normaderm phytosolution Gel limpiador para piel grasa con tendencia acneica 400 ml"
bp-dermaexpress-7503015500136,dermaexpress,https://cdn.shopify.com/s/files/1/0088/1937/6188/products/Adaptaciones-52.jpg,FC-15500136,7503015500136,"Euderma Pirizinc Shampoo anticaspa 120 ml"
bp-dermaexpress-7502275470500,dermaexpress,https://cdn.shopify.com/s/files/1/0088/1937/6188/products/PS_Effezel_03.jpg,FC-75470500,7502275470500,"Galderma Effezel 0.3% Gel anti imperfecciones 30 gr"
bp-dermaexpress-3282770114171,dermaexpress,https://cdn.shopify.com/s/files/1/0088/1937/6188/products/18-Flacon-pompe-BAUME-319324-XERACALM-400ml-FA-SPE-BOUCHON-BLANC.jpg,FC-70114171,3282770114171,"Avene XeraCalm A.D bálsamo relipidizante para piel muy seca 400 ml"
bp-dermaexpress-3282771057385,dermaexpress,https://cdn.shopify.com/s/files/1/0088/1937/6188/products/3282771057385_2.jpg,FC-71057385,3282771057385,"Aderma barra limpiadora para todo tipo de piel 100gr."
bp-dermaexpress-3337875694469,dermaexpress,https://cdn.shopify.com/s/files/1/0088/1937/6188/files/4_738083d7-3a94-4e61-abe2-137a17900bf7.png,FC-75694469,3337875694469,"La Roche-Posay Sérum Retinol B3 Concentrado anti-arrugas para piel sensible 30 ml"
bp-dermaexpress-3401578653709,dermaexpress,https://cdn.shopify.com/s/files/1/0088/1937/6188/files/3401578653709_7ed3c1db-1553-4fc6-8bc9-b7bf6c1335c2.jpg,FC-78653709,3401578653709,"Bioderma Sébium Gel Moussant Limpiador anti-imperfecciones 200 ml 200 ml"
bp-dermaexpress-3337875597210,dermaexpress,https://cdn.shopify.com/s/files/1/0088/1937/6188/files/1f42bd5b-2244-477e-8c2c-2e865f789cfa.jpg,FC-75597210,3337875597210,"CeraVe Loción hidratante para piel seca 236 ml"
bp-dermaexpress-689076362153,dermaexpress,https://cdn.shopify.com/s/files/1/0088/1937/6188/files/689076362153-2.png,FC-76362153,689076362153,"DS Revita Shampoo anticaída 205 ml"
bp-dermaexpress-3701129800850,dermaexpress,https://cdn.shopify.com/s/files/1/0088/1937/6188/files/3701129800850_1.avif,FC-29800850,3701129800850,"Bioderma Sensibio Gel Moussant gel micelar limpiador 100 ml"
bp-dermaexpress-3337871320324,dermaexpress,https://cdn.shopify.com/s/files/1/0088/1937/6188/files/e557de69-38bb-4bb3-804f-2277eb578149.jpg,FC-71320324,3337871320324,"Vichy Roll on Piel sensible 48h Anti-transpirante y desodorante 50 ml"
bp-dermaexpress-3499320002394,dermaexpress,https://cdn.shopify.com/s/files/1/0088/1937/6188/products/3499320002394.jpg,FC-20002394,3499320002394,"Galderma Benzac AC Gel 2.5% Tratamiento para pieles con acné 60 gr"
bp-dermaexpress-3337875597449,dermaexpress,https://cdn.shopify.com/s/files/1/0088/1937/6188/files/e32cc72a-b34c-4c28-ba43-174b5d4e0778.jpg,FC-75597449,3337875597449,"CeraVe Loción hidratante facial 52 ml"
bp-dermaexpress-8423372025044,dermaexpress,https://cdn.shopify.com/s/files/1/0088/1937/6188/products/8423372025044.jpg,FC-72025044,8423372025044,"Genové Pilopeptan 60 cápsulas"
bp-dermaexpress-3337871316600,dermaexpress,https://cdn.shopify.com/s/files/1/0088/1937/6188/products/3337871316600_2.jpg,FC-71316600,3337871316600,"Vichy Dermablend líquido #25 nude Base de alta cobertura 30 ml"
bp-dermaexpress-3337875613491,dermaexpress,https://cdn.shopify.com/s/files/1/0088/1937/6188/files/7a1fac95-e056-4a54-aa81-d05121153746_23440435-19e7-432d-bf80-220a74b0624b.jpg,FC-75613491,3337875613491,"La Roche-Posay Effaclar K+ Tratamiento para piel grasa con imperfecciones 40 ml"
bp-dermaexpress-7503015500143,dermaexpress,https://cdn.shopify.com/s/files/1/0088/1937/6188/products/Adaptaciones-54.jpg,FC-15500143,7503015500143,"Euderma Protecsol E Protector solar para todo tipo de piel 100 gr"
bp-dermaexpress-3499320004237,dermaexpress,https://cdn.shopify.com/s/files/1/0088/1937/6188/products/PS_Effezel_01_30g.jpg,FC-20004237,3499320004237,"Galderma Effezel 0.1% Gel anti imperfecciones 30 gr"
bp-dermaexpress-8470001648198,dermaexpress,https://cdn.shopify.com/s/files/1/0088/1937/6188/products/LamdapilShampoo.jpg,FC-01648198,8470001648198,"Isdin Lambdapil Shampoo Anticaída 200 ml"
bp-dermaexpress-3337875543248,dermaexpress,https://cdn.shopify.com/s/files/1/0088/1937/6188/files/3337875543248_12.jpg,FC-75543248,3337875543248,"Vichy Mineral 89 Sérum concentrado fortificante e hidratante 50 ml"
bp-dermaexpress-3401353791220,dermaexpress,https://cdn.shopify.com/s/files/1/0088/1937/6188/files/3401353791220_3846a8ea-c14d-42aa-a5ce-b905e4c9a0f6.jpg,FC-53791220,3401353791220,"Bioderma Sébium Gel Moussant Limpiador anti-imperfecciones 100 ml"
bp-dermaexpress-8429420201361,dermaexpress,https://cdn.shopify.com/s/files/1/0088/1937/6188/files/Diseno_sin_titulo_1_dcd6a6c1-e65a-4a16-92c3-02ed3593d29f.png,FC-20201361,8429420201361,"Isdin Fotoprotector Fusion Water Urban SPF30+ Fluido 50 ml"
bp-dermaexpress-8429420160750,dermaexpress,https://cdn.shopify.com/s/files/1/0088/1937/6188/products/8429420160750_2_6337b765-4fbd-459a-9302-aa83dea45588.jpg,FC-20160750,8429420160750,"Isdin Foto Ultra 100 Active Unify Color  FPS50+ Sin color 50 ml"
bp-dermaexpress-8470003468237,dermaexpress,https://cdn.shopify.com/s/files/1/0088/1937/6188/files/cantabria_labs_Tensage_Cream_50ml.jpg,FC-03468237,8470003468237,"Cantabria Labs Endocare Tensage Crema antiarrugas efecto tensor inmediato 30 ml"
bp-dermaexpress-8470001564832,dermaexpress,https://cdn.shopify.com/s/files/1/0088/1937/6188/products/Endocare_Tensage_EyeContour_Bottle_Box.jpg,FC-01564832,8470001564832,"Cantabria Labs Endocare Tensage Contorno de ojos iluminador 15 ml"
bp-dermaexpress-8470001945761,dermaexpress,https://cdn.shopify.com/s/files/1/0088/1937/6188/products/BiretixTri-ActiveSpray-1.jpg,FC-01945761,8470001945761,"Cantabria Labs Biretix Tri-Active Spray corporal antiacné 100 ml"
bp-dermaexpress-3337871325671,dermaexpress,https://cdn.shopify.com/s/files/1/0088/1937/6188/files/eb074973-32df-4c91-aa0f-aff9bf67404e.jpg,FC-71325671,3337871325671,"Vichy Roll-on 48h ideal finish Anti-transpirante 50 ml"
bp-dermaexpress-8470001930156,dermaexpress,https://cdn.shopify.com/s/files/1/0088/1937/6188/products/Heliocare-360-Water-Gel-Fps-50-50Ml-8470001930156-637832236758404706-1.jpg,FC-01930156,8470001930156,"Cantabria Labs Heliocare 360° Water Gel Protector solar ultraligero e hidratante FPS50+ 50 ml"
bp-dermaexpress-8429420166547,dermaexpress,https://cdn.shopify.com/s/files/1/0088/1937/6188/products/NUTRATOPICLOCION400ml.jpg,FC-20166547,8429420166547,"Isdin Nutratopic Pro-AMP Loción emoliente Hidrata y calma la piel atópica 400 ml"
bp-dermaexpress-8436574360523,dermaexpress,https://cdn.shopify.com/s/files/1/0088/1937/6188/files/Diseno_sin_titulo_73a044dc-7eb8-4a09-ad26-18764232fabb.png,FC-74360523,8436574360523,"Cantabria Labs Iraltone DS Shampoo anticaspa 200 ml"
bp-dermaexpress-8437015550923,dermaexpress,https://cdn.shopify.com/s/files/1/0088/1937/6188/products/IRALTONEAGA_Capsules.jpg,FC-15550923,8437015550923,"Cantabria Labs Iraltone AGA Cápsulas anticaída complemento alimenticio 60 cps"
bp-dermaexpress-8470001729057,dermaexpress,https://cdn.shopify.com/s/files/1/0088/1937/6188/products/Biretix_Micropeel_Tube_Box.jpg,FC-01729057,8470001729057,"Cantabria Labs Biretix Micropeel Exfoliante suave 50 ml"
bp-dermaexpress-8470001915528,dermaexpress,https://cdn.shopify.com/s/files/1/0088/1937/6188/products/8470001915528_1.jpg,FC-01915528,8470001915528,"Isdin Si-Nails Fortalecedor de uñas 2.5 ml"
bp-dermaexpress-3337875613668,dermaexpress,https://cdn.shopify.com/s/files/1/0088/1937/6188/files/83927aa4-abe2-4048-a555-0d519e2e17ea.jpg,FC-75613668,3337875613668,"La Roche-Posay Hyalu B5 Ojos Contorno de ojos anti-arrugas 15 ml"
bp-dermaexpress-8429420160668,dermaexpress,https://cdn.shopify.com/s/files/1/0088/1937/6188/products/842942016066_3.jpg,FC-20160668,8429420160668,"Isdin Foto Ultra 100 Active Unify Color SPF50+ Fusion Fluid 50 ml"
bp-dermaexpress-3282776432026,dermaexpress,https://cdn.shopify.com/s/files/1/0088/1937/6188/products/3282776432026_1.jpg,FC-76432026,3282776432026,"Dexeryl Crema restauradora para piel seca 250 gr"
bp-dermaexpress-8429420161214,dermaexpress,https://cdn.shopify.com/s/files/1/0088/1937/6188/files/Disenosintitulo_92.png,FC-20161214,8429420161214,"Isdin Fotoprotector FPS50+ Gel crema Alta protección solar familiar 250 ml"
bp-dermaexpress-7502002460897,dermaexpress,https://cdn.shopify.com/s/files/1/0088/1937/6188/products/7502002460897_91c80603-840c-4fa5-92e6-bbbc5cae22e6.jpg,FC-02460897,7502002460897,"Farmapiel Sodimel Suplemento antioxidante antiedad 60 cáps 60 caps"
bp-dermaexpress-3499320009775,dermaexpress,https://cdn.shopify.com/s/files/1/0088/1937/6188/files/3499320009775_1.avif,FC-20009775,3499320009775,"Cetaphil Espuma limpiadora facial suave 236 ml"
bp-dermaexpress-3337875546409,dermaexpress,https://cdn.shopify.com/s/files/1/0088/1937/6188/files/53f4601e-eb62-4e51-8898-c8a606275671.jpg,FC-75546409,3337875546409,"La Roche-Posay Anthelios Toque Seco Gel-crema FPS50+ Protector solar anti-brillo para piel mixta y grasa 50 ml"
bp-dermaexpress-8470001821478,dermaexpress,https://cdn.shopify.com/s/files/1/0088/1937/6188/products/Heliocare_OralCapsule_Box_Jar.jpg,FC-01821478,8470001821478,"Cantabria Labs Heliocare Cápsulas fotoprotección c/60"
bp-dermaexpress-8470001776211,dermaexpress,https://cdn.shopify.com/s/files/1/0088/1937/6188/products/Heliocare360_OralCapsules_Box_Jar.jpg,FC-01776211,8470001776211,"Cantabria Labs Heliocare 360° Cápsulas antiedad c/30"
bp-dermaexpress-3337872418785,dermaexpress,https://cdn.shopify.com/s/files/1/0088/1937/6188/files/a92a3602-3975-43a3-bcb6-f1d71e870d9a.jpg,FC-72418785,3337872418785,"La Roche-Posay Lipikar Gel Lavant Limpiador para piel seca y sensible 400 ml"
bp-dermaexpress-3337875549493,dermaexpress,https://cdn.shopify.com/s/files/1/0088/1937/6188/files/a3afb543-5197-41b2-9b36-383ca9f94db5.jpg,FC-75549493,3337875549493,"La Roche-Posay Effaclar Duo+ FPS 30 Corrector anti-marcas e imperfecciones con protector solar 40 ml"
bp-dermaexpress-8470001813800,dermaexpress,https://cdn.shopify.com/s/files/1/0088/1937/6188/products/Heliocare-AD-Spray200ml-1_19c725cf-9c68-4e8c-bc75-ede75594ddaf.jpg,FC-01813800,8470001813800,"Cantabria Labs Heliocare Spray corporal FPS50+ 200 ml"
bp-dermaexpress-3401395461082,dermaexpress,https://cdn.shopify.com/s/files/1/0088/1937/6188/files/3401395461082_3f7365c2-478e-4e87-8a3d-b581da6a21ff.jpg,FC-95461082,3401395461082,"Bioderma Sébium Pain Barra limpiadora para piel mixta a grasa 100 gr"
bp-dermaexpress-8470002129856,dermaexpress,https://cdn.shopify.com/s/files/1/0088/1937/6188/products/8470002129856_f374a8e2-98c8-4aa7-85ca-829d61ac15b2.jpg,FC-02129856,8470002129856,"Isdin Ureadin Ultra 30 Crema exfoliante 50 ml"
bp-dermaexpress-8470001532435,dermaexpress,https://cdn.shopify.com/s/files/1/0088/1937/6188/products/8470001532435-2.jpg,FC-01532435,8470001532435,"Isdin Ureadin Ultra 10 Loción hidratante para piel muy seca 200 ml"
bp-dermaexpress-3401353806399,dermaexpress,https://cdn.shopify.com/s/files/1/0088/1937/6188/files/3401353806399_456fd7bd-77a7-4cf8-b564-12b04f67784f.jpg,FC-53806399,3401353806399,"Bioderma Sébium Gel Moussant Gel limpiador para piel mixta a grasa 200 ml"
bp-dermaexpress-3337872414039,dermaexpress,https://cdn.shopify.com/s/files/1/0088/1937/6188/files/8beada44-196a-4504-91be-29bd1d5336e6.jpg,FC-72414039,3337872414039,"La Roche-Posay Redermic R Ojos Contorno de ojos con retinol anti-arrugas 15 ml"
bp-dermaexpress-3337872413735,dermaexpress,https://cdn.shopify.com/s/files/1/0088/1937/6188/files/64e8ad13-38bd-4798-a1a2-f6d4feb93cb7.jpg,FC-72413735,3337872413735,"La Roche-Posay Pure Vitamin C Ojos Contorno de ojos anti-arrugas 15 ml"
bp-dermaexpress-3499320005203,dermaexpress,https://cdn.shopify.com/s/files/1/0088/1937/6188/products/PS_Presteme_30g.jpg,FC-20005203,3499320005203,"Galderma Presteme 1% Crema para pieles con rosácea 30 gr"
bp-dermaexpress-8423372800061,dermaexpress,https://cdn.shopify.com/s/files/1/0088/1937/6188/products/Adaptaciones-18.jpg,FC-72800061,8423372800061,"Genové Pilopeptan Woman 30 comprimidos"
bp-dermaexpress-8470001547927,dermaexpress,https://cdn.shopify.com/s/files/1/0088/1937/6188/products/8470001547927_2.jpg,FC-01547927,8470001547927,"Isdin Nutratopic Pro-AMP Crema facial para piel atópica 50 ml"
bp-dermaexpress-8470001653505,dermaexpress,https://cdn.shopify.com/s/files/1/0088/1937/6188/products/Neoretin_DiscromControl_Serum_Tube_Box.jpg,FC-01653505,8470001653505,"Cantabria Labs Neoretin Sérum despigmentante 30 ml"
bp-dermaexpress-8470001653499,dermaexpress,https://cdn.shopify.com/s/files/1/0088/1937/6188/products/Neoretin_DiscromControl_GelCream_Tube_Box.jpg,FC-01653499,8470001653499,"Cantabria Labs Neoretin Emulsión renovadora FPS50+ 40 ml"
bp-dermaexpress-3337875537308,dermaexpress,https://cdn.shopify.com/s/files/1/0088/1937/6188/files/3337875537308_c312bf7c-cd10-433e-a6df-a52a5d0d6f00.jpg,FC-75537308,3337875537308,"La Roche-Posay Lipikar Syndet AP+ Gel de ducha para piel seca o atópica 200 ml"
bp-dermaexpress-3433422404533,dermaexpress,https://cdn.shopify.com/s/files/1/0088/1937/6188/files/78411023-6e1e-478b-9c6e-db155e030fd3.jpg,FC-22404533,3433422404533,"La Roche-Posay Lipikar Surgras Barra limpiadora para piel seca 150 gr"
bp-dermaexpress-8429420125117,dermaexpress,https://cdn.shopify.com/s/files/1/0088/1937/6188/products/8429420125117_0b4ee846-a3ae-44fa-963b-a714a7bb336d.jpg,FC-20125117,8429420125117,"Isdin Fotoprotector Gel crema Pediátrico SPF50+ 250 ml"
bp-dermaexpress-8429420144002,dermaexpress,https://cdn.shopify.com/s/files/1/0088/1937/6188/files/8429420144002_a1804104-b7fa-4e83-8207-637a33a7c9fa.jpg,FC-20144002,8429420144002,"ISDIN Fotoultra Age Repair Fusion Water SPF50 Protector Solar Antiedad 50 ml"
bp-dermaexpress-8470001525369,dermaexpress,https://cdn.shopify.com/s/files/1/0088/1937/6188/products/8470001525369_2.jpg,FC-01525369,8470001525369,"Isdin Fotoprotector Fusion Fluid FPS50+ Para piel sensible 50 ml"
bp-dermaexpress-8470001612335,dermaexpress,https://cdn.shopify.com/s/files/1/0088/1937/6188/products/IRALTONEFORTE_Capsules.jpg,FC-01612335,8470001612335,"Cantabria Labs Iraltone Forte Cápsulas anticaída 60 cps"
bp-dermaexpress-8429420175303,dermaexpress,https://cdn.shopify.com/s/files/1/0088/1937/6188/products/8429420175303_2.jpg,FC-20175303,8429420175303,"Isdin Isdinceutics Glicoisdin 10% Gel antiedad 50 ml 10%"
bp-dermaexpress-8470003854849,dermaexpress,https://cdn.shopify.com/s/files/1/0088/1937/6188/products/GermisdinPielNormal.jpg,FC-03854849,8470003854849,"Isdin Germisdin Gel de baño corporal 500 ml"
bp-dermaexpress-8429420160804,dermaexpress,https://cdn.shopify.com/s/files/1/0088/1937/6188/files/8429420160804.webp,FC-20160804,8429420160804,"Isdin Foto Ultra 100 Spot Prevent Fluido FPS50+ Previene manchas solares 50 ml"
bp-dermaexpress-8429420062313,dermaexpress,https://cdn.shopify.com/s/files/1/0088/1937/6188/products/8429420062313_4b12dc3f-e958-4d34-a075-ae0c2945c87e.jpg,FC-20062313,8429420062313,"Isdin Eryfotona AK-NMSC Fluido Tratamiento para daño actínico 50 ml"
bp-dermaexpress-8470003987509,dermaexpress,https://cdn.shopify.com/s/files/1/0088/1937/6188/products/Endocare_Essential_Lip_Eye_Contour_Tube_Box.jpg,FC-03987509,8470003987509,"Cantabria Labs Endocare Contorno de ojos y labios regenerador 15 ml"
bp-dermaexpress-3282771057392,dermaexpress,https://cdn.shopify.com/s/files/1/0088/1937/6188/products/3282771057392_1.jpg,FC-71057392,3282771057392,"Aderma Dermalibour Crema reparadora 50 ml"
bp-dermaexpress-3499320008341,dermaexpress,https://cdn.shopify.com/s/files/1/0088/1937/6188/files/3499320008341_1__1.avif,FC-20008341,3499320008341,"Cetaphil Barra limpiadora profunda para piel sensible 127 gr"
bp-dermaexpress-3499320004497,dermaexpress,https://cdn.shopify.com/s/files/1/0088/1937/6188/files/3499320004497_1.avif,FC-20004497,3499320004497,"Cetaphil PRO AC Dermacontrol Espuma limpiadora facial para piel grasa 236 ml"
bp-dermaexpress-3499320008198,dermaexpress,https://cdn.shopify.com/s/files/1/0088/1937/6188/files/3499320008198_1.avif,FC-20008198,3499320008198,"Cetaphil Barra dermolimpiadora para piel sensible 127 gr"
bp-dermaexpress-7502003560527,dermaexpress,https://cdn.shopify.com/s/files/1/0088/1937/6188/files/1_a319de1d-07dc-42cb-8d76-e885509dfe51.jpg,FC-03560527,7502003560527,"Cetaphil Barra antibacterial dermolimpiadora para piel sensible 127 gr"
bp-dermaexpress-7502002461290,dermaexpress,https://cdn.shopify.com/s/files/1/0088/1937/6188/products/7502002461290_6104342f-1a3e-4c5e-a791-0e7beca2bd55.jpg,FC-02461290,7502002461290,"Farmapiel Bpollen Gel 2.5% antiimperfecciones 60 gr"
bp-dermaexpress-8470001743749,dermaexpress,https://cdn.shopify.com/s/files/1/0088/1937/6188/products/Biretix_Duo_Tube_Box.jpg,FC-01743749,8470001743749,"Cantabria Labs Biretix Duo Gel renovador para piel con acné 30 ml"
bp-dermaexpress-8436574360455,dermaexpress,https://cdn.shopify.com/s/files/1/0088/1937/6188/files/Diseno_sin_titulo_3_8318252c-4415-4cd9-a047-e0ab72c53a8d.png,FC-74360455,8436574360455,"Cantabria Labs Biretix Barra limpiadora para piel grasa con acné 80 gr"
bp-dermaexpress-7503015500006,dermaexpress,https://cdn.shopify.com/s/files/1/0088/1937/6188/products/7503015500006.jpg,FC-15500006,7503015500006,"Euderma Alquisalic Shampoo para cabello graso 240 ml"
bp-birdman-sp360,birdman,https://cdn.shopify.com/s/files/1/0703/1180/5166/files/Spirulina_Front.png,FC-32052266,,"Spirulina En Polvo 360 g"
bp-birdman-bcagfr405,birdman,https://cdn.shopify.com/s/files/1/0703/1180/5166/files/BCAAS_FRESA_b135afaf-1189-4528-9278-ace779491df9.png,FC-84453698,,"BCAAs & Glutamina 405 g - Fresa"
bp-birdman-bcagml405,birdman,https://cdn.shopify.com/s/files/1/0703/1180/5166/files/BCAAS_FRESA_b135afaf-1189-4528-9278-ace779491df9.png,FC-28049265,,"BCAAs & Glutamina 405 g - Mora - Limón"
bp-birdman-creacap125,birdman,https://cdn.shopify.com/s/files/1/0703/1180/5166/files/Creatine_Capsules_125_ES_01_2.png,FC-96950585,,"Creatina Monohidratada en Cápsulas - 25 Porciones - 125 Cápsulas"
bp-birdman-creacap250,birdman,https://cdn.shopify.com/s/files/1/0703/1180/5166/files/Creatine_Capsules_250_ES_01_2.png,FC-03483196,,"Creatina Monohidratada en Cápsulas - 50 Porciones - 250 Cápsulas"
bp-birdman-crdu300,birdman,https://cdn.shopify.com/s/files/1/0703/1180/5166/files/GoldenPeach1.webp,FC-44992467,,"Creatine Electrolyte Refresher - Golden Peach - 30 Porciones"
bp-birdman-crli300,birdman,https://cdn.shopify.com/s/files/1/0703/1180/5166/files/Limon_3aa533c7-70a8-4b1e-ad8c-007f83ccf59b.webp,FC-35707855,,"Creatine Electrolyte Refresher - Lemon Twist - 30 Porciones"
bp-birdman-crpl300,birdman,https://cdn.shopify.com/s/files/1/0703/1180/5166/files/pinklemonade1.webp,FC-84247462,,"Creatine Electrolyte Refresher - Pink Lemonade - 30 Porciones"
bp-birdman-crsa300,birdman,https://cdn.shopify.com/s/files/1/0703/1180/5166/files/Watermelon_Splash_1.webp,FC-86925142,,"Creatine Electrolyte Refresher - Watermelon Splash - 30 Porciones"
bp-birdman-fpu510,birdman,https://cdn.shopify.com/s/files/1/0703/1180/5166/files/510G_PUMPKIN_d7483c66-735b-4ca1-8861-f004f5001748.png,FC-00526609,,"Falcon Protein Pumpkin 510 g EDICIÓN LIMITADA - 17 Servicios"
bp-birdman-pechmp,birdman,https://cdn.shopify.com/s/files/1/0703/1180/5166/files/MP_CHOCOLATE-1.png,FC-02498861,,"Peacock Plant Meal 10 Pack Sobres - Chocolate"
bp-birdman-pecvmp,birdman,https://cdn.shopify.com/s/files/1/0703/1180/5166/files/MP_CHOCOLATE-1.png,FC-36570999,,"Peacock Plant Meal 10 Pack Sobres - Coco-Vainilla"
bp-birdman-pech882,birdman,https://cdn.shopify.com/s/files/1/0703/1180/5166/files/882G_CHOCOLATE_ec008f61-5225-4090-9bf7-c2497d18c888.png,FC-63173998,,"Peacock Plant Meal Chocolate 882 gr - 21 Servicios"
bp-birdman-pecv882,birdman,https://cdn.shopify.com/s/files/1/0703/1180/5166/files/882G_COCOVANILLA_4b410515-0f19-424c-84b9-e9d9d028a3d6.png,FC-43080464,,"Peacock Plant Meal Coco Vainilla 882 gr - 21 Servicios"
bp-birdman-wscitmag120caps,birdman,https://cdn.shopify.com/s/files/1/0703/1180/5166/files/01_CITMAG_120CAPS_40p.jpg,FC-35143291,,"Citrato de Magnesio - 120 Cápsulas - 40 Porciones"
bp-birdman-wscitmag240caps,birdman,https://cdn.shopify.com/s/files/1/0703/1180/5166/files/01_CITMAG_240CAPS_80p.jpg,FC-27328976,,"Citrato de Magnesio - 240 Cápsulas - 80 Porciones"
bp-birdman-wsprobio140caps,birdman,https://cdn.shopify.com/s/files/1/0703/1180/5166/files/01_DAIPROBIO_140CAPS_140p.jpg,FC-44646173,,"Daily Spore Probiotic - Probióticos con 10 Billones de UFC - 140 Cápsulas - 140 Porciones"
bp-birdman-wsprobio70caps,birdman,https://cdn.shopify.com/s/files/1/0703/1180/5166/files/01_DAIPROBIO_70CAPS_70p.jpg,FC-10110943,,"Daily Spore Probiotic - Probióticos con 10 Billones de UFC - 70 Cápsulas - 70 Porciones"
bp-birdman-wsglimag120caps,birdman,https://cdn.shopify.com/s/files/1/0703/1180/5166/files/01_GLIMAG_120CAPS_30p.jpg,FC-62608613,,"Glicinato de Magnesio - 120 Cápsulas - 30 Porciones"
bp-birdman-wsglimag240caps,birdman,https://cdn.shopify.com/s/files/1/0703/1180/5166/files/01_GLIMAG_240CAPS_60p.jpg,FC-05118698,,"Glicinato de Magnesio - 240 Cápsulas - 60 Porciones"
bp-birdman-hbalpl222,birdman,https://cdn.shopify.com/s/files/1/0703/1180/5166/files/01_HBALANCE_PINKLEMONADE_30PORCIONES.jpg,FC-68156235,,"H Balance - Pink Lemonade - 30 Porciones - 222g"
bp-birdman-hbalpl444,birdman,https://cdn.shopify.com/s/files/1/0703/1180/5166/files/01_HBALANCE_PINKLEMONADE444.webp,FC-98639917,,"H Balance - Pink Lemonade - 60 Porciones - 444g"
bp-birdman-hbalna222,birdman,https://cdn.shopify.com/s/files/1/0703/1180/5166/files/01_HBALANCE_SINSABOR_30PORCIONES.jpg,FC-88147536,,"H Balance - Sin Sabor - 30 Porciones - 222g"
bp-birdman-hbalna444,birdman,https://cdn.shopify.com/s/files/1/0703/1180/5166/files/01_HBALANCE_SINSABOR_30PORCIONES_1_1.png,FC-44427678,,"H Balance - Sin Sabor - 60 Porciones - 444g"
bp-birdman-wsmcinos180caps,birdman,https://cdn.shopify.com/s/files/1/0703/1180/5166/files/01_MCINOS_180CAPS_30p.jpg,FC-98603183,,"Myo & D-Chiro Inositol - 180 Cápsulas - 30 Porciones"
bp-birdman-wsmcinos90caps,birdman,https://cdn.shopify.com/s/files/1/0703/1180/5166/files/01_MCINOS_90CAPS_15p.jpg,FC-73371515,,"Myo & D-Chiro Inositol - 90 Cápsulas - 15 Porciones"
bp-birdman-inosmix123,birdman,https://cdn.shopify.com/s/files/1/0703/1180/5166/files/WS_INOSMIX_123g_FRNT_SCOOP_1_67c66aac-2fa3-4ead-94d8-62de98210ac5.png,FC-72183039,,"Myo & D-Chiro Inositol en Polvo - 123 g"
bp-birdman-inosmix246,birdman,https://cdn.shopify.com/s/files/1/0703/1180/5166/files/WS_G_INOSMIX_246g_FRNT_SCOOP_1.png,FC-66095859,,"Myo & D-Chiro Inositol en Polvo - 246 g"
bp-birdman-wspremprobio120caps,birdman,https://cdn.shopify.com/s/files/1/0703/1180/5166/files/01_PREMPROBIO_120CAPS_120p.jpg,FC-67118427,,"Premium All-In-One Probiotic - Probióticos con 50 Billones de UFC - 120 Cápsulas - 120 Porciones"
bp-birdman-wspremprobio60caps,birdman,https://cdn.shopify.com/s/files/1/0703/1180/5166/files/01_PREMPROBIO_60CAPS_60p.jpg,FC-20144818,,"Premium All-In-One Probiotic - Probióticos con 50 Billones de UFC - 60 Cápsulas - 60 Porciones"
bp-birdman-wsresv45caps,birdman,https://cdn.shopify.com/s/files/1/0703/1180/5166/files/01_RESV_45CAPS_45p.jpg,FC-56681312,,"Resveratrol - 45 Cápsulas - 45 Porciones"
bp-birdman-wsresv90caps,birdman,https://cdn.shopify.com/s/files/1/0703/1180/5166/files/01_RESV_90CAPS_90p.jpg,FC-04158022,,"Resveratrol - 90 Cápsulas - 90 Porciones"
bp-birdman-wstreomag180caps,birdman,https://cdn.shopify.com/s/files/1/0703/1180/5166/files/01_TREOMAG_180CAPS_60p.jpg,FC-06898799,,"Treonato de Magnesio - 180 Cápsulas - 60 Porciones"
bp-birdman-wstreomag90caps,birdman,https://cdn.shopify.com/s/files/1/0703/1180/5166/files/01_TREOMAG_90CAPS_30p.jpg,FC-65258427,,"Treonato de Magnesio - 90 Cápsulas - 30 Porciones"
bp-ewafra-29,ewafra,https://acdn-us.mitiendanube.com/stores/001/946/809/products/54152d72-7aac-4160-838a-d5511aa26df4sv2014-02-14srbsighfi2jnyajblhb7yk7dvyf1phhcrhhhwic3v0atis7ny3dst2023-05-05t213a013a54zse2123-05-05t213a113a54zspr-ab67b7bb3560f3c98916871929296242-480-0.webp,FC-54447066,,"Agua de Rosas Solucion de 1 Litro"
bp-ewafra-313,ewafra,https://acdn-us.mitiendanube.com/stores/001/946/809/products/a4ef1303-2acb-4e01-86bf-ae0ae8990e70-d04adc9a64a5fbfb8917491422306704-480-0.webp,FC-63696516,,"Agua Esteril de 1000 ml (pieza)"
bp-ewafra-193,ewafra,https://acdn-us.mitiendanube.com/stores/001/946/809/products/12b9389b-17c7-421e-b33f-c40840df63ccsv2014-02-14srbsigmzlgmbpdvhchjnnhkxv2fxqfo82fchonjrs6mlyr82bjpc3dst2023-06-16t043a503a30zse2123-06-16t053a003a30zspr-69d46c81943f6b4e8d16871930102386-480-0.webp,FC-92692318,,"Agua Oxigenada de 1 Litro"
bp-ewafra-381,ewafra,https://acdn-us.mitiendanube.com/stores/001/946/809/products/49e4e58e-843f-4cea-bae0-9cf22fdb9a39sv2014-02-14srbsigxes01rkag8kbaaq8ci8omlh3crwyibyt8xtpatjjujk3dst2022-12-16t203a323a40zse2122-12-16t203a423a40zspr-6358db513bd730496016871931722591-480-0.webp,FC-62832207,,"Aguja 16 x 25 Lila Caja 100 305197 Bd"
bp-ewafra-00419,ewafra,https://acdn-us.mitiendanube.com/stores/001/946/809/products/18077d7c-170e-484f-b583-3abba0b8944b-1148f6a07d27f565ed17320803996597-480-0.webp,FC-47444323,,"Aguja hipodérmica desechable rosa 18 g x 25 mm 100 pz NIPRO"
bp-ewafra-00717,ewafra,https://acdn-us.mitiendanube.com/stores/001/946/809/products/93390c4d-c9fc-4ed1-a7b2-3b77547e5122-8e3e20a8fd8a82eee517320803890377-480-0.webp,FC-22799724,,"Aguja hipodérmica desechable rosa 18 g x 32 mm 100 pz NIPRO"
bp-ewafra-nip1838,ewafra,https://acdn-us.mitiendanube.com/stores/001/946/809/products/f99c8997-22ac-4e8b-9782-095aa0820c6f-b96c627e4e826830cf17320802681539-480-0.webp,FC-15528560,,"Aguja hipodérmica desechable rosa 18 g x 38 mm 100 pz NIPRO"
bp-ewafra-75,ewafra,https://acdn-us.mitiendanube.com/stores/001/946/809/products/fotos-tiendanube-7-811591ce81ed50939b17592673597651-480-0.webp,FC-53608423,,"Aguja 20 x 32 Amarilla Caja 100 301730"
bp-ewafra-a2032,ewafra,https://acdn-us.mitiendanube.com/stores/001/946/809/products/e2ce22f6-f68e-419c-a208-a689552a34f7-005ddaea25574ced5a17316616935196-480-0.webp,FC-79950409,,"Aguja 20 x 32 Amarilla Caja 100 Nipro"
bp-ewafra-452,ewafra,https://acdn-us.mitiendanube.com/stores/001/946/809/products/8a8f26ef-ee4f-41b8-8347-bb60b65b23ce-7cb98d22747335807717236272521048-480-0.webp,FC-20326218,,"Aguja 21 x 32 Verde Caja 100 301731 Bd"
bp-ewafra-b2132,ewafra,https://acdn-us.mitiendanube.com/stores/001/946/809/products/821ca8f8-c1a1-43a2-a7c7-e01e6be6b501-36da8ff6ed059da05c17320601407982-480-0.webp,FC-26148203,,"Aguja hipodérmica desechable verde 21 g x 32 mm 100 pz NIPRO"
bp-ewafra-n2232,ewafra,https://acdn-us.mitiendanube.com/stores/001/946/809/products/6120609b-025e-4796-bf72-dfcce922208b-a8cd02c011ea3562ba17320819485905-480-0.webp,FC-73891510,,"Aguja 22 x 32 Negra Caja 100 Nipro"
bp-ewafra-nip2325,ewafra,https://acdn-us.mitiendanube.com/stores/001/946/809/products/aguja-hipodermica-desechable-nipro-23g-25-ml-100-piezas-280d792aca5d9e53e317895881903596-480-0.webp,FC-45551972,,"Aguja hipodérmica desechable azul 23 g x 25 mm 100 pz NIPRO"
bp-ewafra-n14,ewafra,https://acdn-us.mitiendanube.com/stores/001/946/809/products/445-0119732044bf472d0e17320861604310-480-0.webp,FC-85991702,,"Aguja hipodérmica desechable naranja 25 g x 16 mm 100 pz NIPRO"
bp-ewafra-nip2538,ewafra,https://acdn-us.mitiendanube.com/stores/001/946/809/products/d3fa4785-321e-482a-a30c-8024ec023060-dbae604a8ee72ac94e17320821185329-480-0.webp,FC-77889852,,"Aguja hipodérmica desechable naranja 25 g x 38 mm 100 pz NIPRO"
bp-ewafra-250,ewafra,https://acdn-us.mitiendanube.com/stores/001/946/809/products/1bce8efd-a97e-4708-a807-82368e7e1166sv2014-02-14srbsigxu5n0ndtfxr0hyig4j9c2fzwuis7djofxb37zgxdwwf03dst2023-06-16t053a013a51zse2123-06-16t053a113a51zspr-cd901cb26404201d1b16871931966307-480-0.webp,FC-53689010,,"Aguja 27 x 13 Gris Caja 100 301982 Bd"
bp-ewafra-a2713,ewafra,https://acdn-us.mitiendanube.com/stores/001/946/809/products/446-c08ca684d0a219697017320861736349-480-0.webp,FC-01236453,,"Aguja hipodérmica desechable gris 27 g x 13 mm 100 pz NIPRO"
bp-ewafra-00298,ewafra,https://acdn-us.mitiendanube.com/stores/001/946/809/products/4a9703f3-87c9-4aa6-8be9-2ce5db07df1e-70bb1c9a8ff88237ba17159248844841-480-0.webp,FC-66026638,,"Aguja 30 x 13 Caja 100 Dl"
bp-ewafra-00282,ewafra,https://acdn-us.mitiendanube.com/stores/001/946/809/products/441-942e637fc45fd5603a17320861002413-480-0.webp,FC-66173733,,"Aguja Vacutainer 21 x 25 Caja 100"
bp-ewafra-avac2238,ewafra,https://acdn-us.mitiendanube.com/stores/001/946/809/products/444-bbd8295094358d064117320860852101-480-0.webp,FC-75912467,,"Aguja Vacutainer 22 x 38 Caja 100"
bp-ewafra-141,ewafra,https://acdn-us.mitiendanube.com/stores/001/946/809/products/19ea6b67-a85b-4485-9a71-3dad6de3ce84-feb5b1be5f74616bd317236212933333-480-0.webp,FC-80536705,,"Alcohol Etilico de 1 Litro"
bp-ewafra-9563,ewafra,https://acdn-us.mitiendanube.com/stores/001/946/809/products/alcohol-ispropilico1-1dd75c27fe49c8b90416872356969032-480-0.webp,FC-45506526,,"Alcohol Isopropilico de 1 Litro"
bp-ewafra-962,ewafra,https://acdn-us.mitiendanube.com/stores/001/946/809/products/67338eb8-dedc-43ee-affa-44499cc366ebsv2014-02-14srbsig0qb6iezxqbbcrlikyuq6mqozubviyygrzp2bqgmgzkqe3dst2022-12-12t233a243a59zse2122-12-12t233a343a59zspr-460f4a0ee25621ddbb16871936542692-480-0.webp,FC-37742186,,"Algodon 300 Grms Dibar Pqte"
bp-ewafra-00244,ewafra,https://acdn-us.mitiendanube.com/stores/001/946/809/products/baberos-demeva-34-cf3533db23a4b52cfd17047772626381-480-0.webp,FC-18664335,,"Bicarnat 7.5% 10 ml Caja 100"
bp-ewafra-303,ewafra,https://acdn-us.mitiendanube.com/stores/001/946/809/products/44753d95-c5e6-4d78-9030-b36958946688-1180d1f36d127c4d7c17081583758516-480-0.webp,FC-63549421,,"Bolsa rpbi amarilla 30 cm x 40 xm 100 pz IXION"
bp-ewafra-127,ewafra,https://acdn-us.mitiendanube.com/stores/001/946/809/products/ff04a930-0088-4fa9-980e-9b73a6bd6570-d4e40e85d47e95273517081584249002-480-0.webp,FC-13106205,,"Bolsa Amarilla de 55 x 60 Caja 100 Ix"
bp-ewafra-1284,ewafra,https://acdn-us.mitiendanube.com/stores/001/946/809/products/f4ebe979-2147-4a9c-ba6e-ed8ab1a9709e-792e139e3ad6a5a8da17081584655203-480-0.webp,FC-07031132,,"Bolsa Amarilla de 90 x 1.20 Caja 100 Ix"
bp-ewafra-00400,ewafra,https://acdn-us.mitiendanube.com/stores/001/946/809/products/471-b959bdbd9145d5d6ec17320931547566-480-0.webp,FC-65700465,,"Bolsa de Orina de 2000 ml Visa"
bp-ewafra-302,ewafra,https://acdn-us.mitiendanube.com/stores/001/946/809/products/f5ef4a15-5a18-4b90-9633-df594f67f4b9-9b3602c27fb28ec15017081585060575-480-0.webp,FC-46771802,,"Bolsa rpbi roja 30 cm x 40 xm 100 pz IXION"
bp-ewafra-8102,ewafra,https://acdn-us.mitiendanube.com/stores/001/946/809/products/2371-02fa39da02f6e28b0a16874964127828-480-0.webp,FC-04355090,,"Bolsa Roja de 55 x 60 Ix Caja 100"
bp-ewafra-2155,ewafra,https://acdn-us.mitiendanube.com/stores/001/946/809/products/1e974f80-de0e-4c23-91a9-190f419a728b-199241b133ef395f0217081584929196-480-0.webp,FC-28904736,,"Bolsa Roja de 90 x 1.20 Caja 100"
bp-ewafra-660037,ewafra,https://acdn-us.mitiendanube.com/stores/001/946/809/products/bota-quirurgica-con-plantilla-desechable-demeva-25-pares-abab4fa75c18e7335f17840986638595-480-0.webp,FC-23226969,,"Bota Quirúrgica Desechable con Plantilla DEMEVA SMS Azul 35 g / 25 Pares"
bp-ewafra-2029,ewafra,https://acdn-us.mitiendanube.com/stores/001/946/809/products/brazalete-para-identificacion-infantil-hospitalaria-demeva-100-piezas-rosa-ed1823af99f9e3f40717843446092343-480-0.webp,FC-04113812,,"Brazalete de Identificacion Pediatrico Caja 100"
bp-ewafra-4000304,ewafra,https://acdn-us.mitiendanube.com/stores/001/946/809/products/9a212882-71ac-47d5-8f09-f52304bb7c3asv2014-02-14srbsigkmc82bngo2f6vda7hsxyw3w7jhkg82fqw5cyoufhvkdlks3dst2022-05-21t143a193a37zse2122-05-21t143a293a37zspr-5ddc2baa4bb25d9d7d16872227161662-480-0.webp,FC-83365412,,"Buvacaina 0.50% 10 ml Caja 1"
bp-ewafra-446,ewafra,https://acdn-us.mitiendanube.com/stores/001/946/809/products/canula-de-gudel-negra-sensimedical-11f0c1bb7c72a7703c17840979989089-480-0.webp,FC-39486011,,"Cánula de Guedel Sensimedical No. 1 60 mm Negra / Cánula Orofaríngea"
bp-ewafra-2111,ewafra,https://acdn-us.mitiendanube.com/stores/001/946/809/products/canula-de-gudel-blanca-sensimedical-41ffaac945d402703a17840975309607-480-0.webp,FC-82112552,,"Cánula de Guedel Sensimedical No. 2 70 mm Blanca / Cánula Orofaríngea"
bp-ewafra-221,ewafra,https://acdn-us.mitiendanube.com/stores/001/946/809/products/581-c52c6c1c8429b523e416874975496008-480-0.webp,FC-91917754,,"Cánula de Guedel Sensimedical No. 3 80 mm Verde / Cánula Orofaríngea"
bp-ewafra-222,ewafra,https://acdn-us.mitiendanube.com/stores/001/946/809/products/canula-de-gudel-amarilla-sensimedical-5d1f23c43dfd9be3d417840965447276-480-0.webp,FC-75140135,,"Cánula de Guedel Sensimedical No. 4 90 mm Amarilla / Cánula Orofaríngea"
bp-ewafra-223,ewafra,https://acdn-us.mitiendanube.com/stores/001/946/809/products/7111-51494bf3d88cb00bab16874975570009-480-0.webp,FC-58362516,,"Cánula de Guedel Sensimedical No. 5 100 mm Roja / Cánula Orofaríngea"
bp-ewafra-1143,ewafra,https://acdn-us.mitiendanube.com/stores/001/946/809/products/canula-de-guedel-desechable-naranja-sensimedical-d9628f01370032cd8c17840960780104-480-0.webp,FC-86081220,,"Cánula de Guedel Sensimedical No. 6 110 mm Naranja / Cánula Orofaríngea"
bp-ewafra-00259,ewafra,https://acdn-us.mitiendanube.com/stores/001/946/809/products/d2a1d027-c5da-4574-bd60-31baf7b1118f-963f63a083448d6e9617236227275765-480-0.webp,FC-70181525,,"Canula Yankahuer C/control"
bp-ewafra-c142563,ewafra,https://acdn-us.mitiendanube.com/stores/001/946/809/products/190-c5bca771e4d8fb9e9d17635320740101-480-0.webp,FC-15508879,,"Cinta testigo para autoclave de vapor 18 mm x 50 m TUK"
bp-ewafra-0131000,ewafra,https://acdn-us.mitiendanube.com/stores/001/946/809/products/2561-32cf0df39ef50ffb4516875877190149-480-0.webp,FC-82671908,,"Compresa Esteril 70 x 45 T24x20 Caja 5 Protec"
bp-ewafra-729,ewafra,https://acdn-us.mitiendanube.com/stores/001/946/809/products/2d5ed1d7-ac77-485a-b165-3f04c058fe9asv2014-02-14srbsigdnvepimk73dsnmvj2bzkxhxgypbxxtrxk2fgqymb1n4xm3dst2022-05-17t133a263a06zse2122-05-17t133a363a06zspr-64c8126abfbec44c5316872015337792-480-0.webp,FC-97562421,,"Conector sims delgado de plastico no estéril TECMED"
bp-ewafra-739,ewafra,https://acdn-us.mitiendanube.com/stores/001/946/809/products/e7d0d740-aede-48ee-a380-253ef987f362-4c73746afbf6bf0f8417151523579332-480-0.webp,FC-48946024,,"Conector sims grueso de plastico no estéril TECMED"
bp-ewafra-a124,ewafra,https://acdn-us.mitiendanube.com/stores/001/946/809/products/7131-4ad22811961bf6247416875854614382-480-0.webp,FC-12297991,,"Cubrebocas de A/f Azul 3 Pli Caja 50 Ambiderm"
bp-ewafra-152369,ewafra,https://acdn-us.mitiendanube.com/stores/001/946/809/products/c8440299-ec68-4407-99cd-f1b4e282266d-df4e0e96ec97011d7f17491080596210-480-0.webp,FC-32843799,,"Cubrebocas de A/f Blanco 3 Pli Caja 50 Ambiderm"
bp-ewafra-h15035,ewafra,https://acdn-us.mitiendanube.com/stores/001/946/809/products/bcc03b77-db3b-4b1e-b796-8c120a5f1207-bb392e3fc0c7914a5517046767328792-480-0.webp,FC-36128185,,"Cubrebocas de A/f Infantil 3 Pli Caja 50 Ambiderm"
bp-ewafra-j14896,ewafra,https://acdn-us.mitiendanube.com/stores/001/946/809/products/cubrebocas-negro-adulto-ambiderm-50-piezas-194755ca346fa4518617873859538098-480-0.webp,FC-03806849,,"Cubrebocas de A/f Negro 3 Pli Caja 50 Ambiderm"
bp-ewafra-b1399,ewafra,https://acdn-us.mitiendanube.com/stores/001/946/809/products/2521-b0530851eae774b2a116875854367652-480-0.webp,FC-24753477,,"Cubrebocas de A/f Rosa 3 Pli Caja 50 Ambiderm"
bp-ewafra-b5686,ewafra,https://acdn-us.mitiendanube.com/stores/001/946/809/products/e9653d91-9578-485e-bf46-dd783e334ebe-9cde4f21392ca68eb517046791743431-480-0.webp,FC-81602570,,"Cubrebocas de A/f Verde 3 Pli Caja 50 Ambiderm"
bp-ewafra-t716,ewafra,https://acdn-us.mitiendanube.com/stores/001/946/809/products/121-1e82d4c4f5fdbbf5ac16877430834107-480-0.webp,FC-03869389,,"Electrodo Adulto T-716 Caja 50 Ambiderm"
bp-ewafra-641,ewafra,https://acdn-us.mitiendanube.com/stores/001/946/809/products/drenovac-1-81-ad204ea6751ffa11f016875908122718-480-0.webp,FC-39389188,,"Equipo para drenaje por aspiración 1/8 DRENOVAC"
bp-ewafra-516,ewafra,https://acdn-us.mitiendanube.com/stores/001/946/809/products/drenovac-1-81-ad204ea6751ffa11f016875908122718-480-0.webp,FC-17277569,,"Equipo para drenaje por aspiración 1/8 DRENOVAC"
bp-ewafra-93813,ewafra,https://acdn-us.mitiendanube.com/stores/001/946/809/products/fotos-tiendanube-45-b0211413a0b3cb342917595176036845-480-0.webp,FC-77119705,,"Equipo Normogotero S/aguja Flebotek"
bp-ewafra-5002,ewafra,https://acdn-us.mitiendanube.com/stores/001/946/809/products/estuche-de-diseccion-20-pz-economico-hergom1-605540ef1e883d97e216875921890851-480-0.webp,FC-74342084,,"Estuche de Diseccion 20 Pzas"
bp-ewafra-0029,ewafra,https://acdn-us.mitiendanube.com/stores/001/946/809/products/8bbe1660-f44a-4afb-bf71-c8565bb5bd71-9d512595d63996c04e17659960519630-480-0.webp,FC-02240706,,"Extensión Para venoclisis 150 cm X 1.60 mm DL"
bp-ewafra-00289,ewafra,https://acdn-us.mitiendanube.com/stores/001/946/809/products/1-cd90a9a9e88cd9f9e917488971351647-480-0.webp,FC-50061828,,"Extensión Para venoclisis 80 cm X 2.8 mm DL"
bp-ewafra-00671,ewafra,https://acdn-us.mitiendanube.com/stores/001/946/809/products/buenos-801-6bf1fd59264d62417b16880219395194-480-0.webp,FC-72472087,,"Eyectores de Saliva 15 cm Caja 100"
bp-ewafra-00524,ewafra,https://acdn-us.mitiendanube.com/stores/001/946/809/products/d136670a-e1c1-41fe-89da-a78f15021b91-3e73c9fe3f0b3ec41317046834010752-480-0.webp,FC-62461640,,"Gasa Dental No Esteril 5 x 5 Caja 200 Ambiderm"
bp-ewafra-2003,ewafra,https://acdn-us.mitiendanube.com/stores/001/946/809/products/131-e2683a0889cf387cd016877440307362-480-0.webp,FC-24060580,,"Gasa estéril 10 x 10 cm 100 pz DIBAR"
bp-ewafra-42311512,ewafra,https://acdn-us.mitiendanube.com/stores/001/946/809/products/9131-cdabb0ea9968ec3d2716877440779909-480-0.webp,FC-79851996,,"Gasa Esteril 10 x 10 Caja 100 Sobres Protec"
bp-ewafra-00213,ewafra,https://acdn-us.mitiendanube.com/stores/001/946/809/products/580a16be-e195-4735-bbd9-517a0f44cd1a-940f2ea6842caac75917319961854928-480-0.webp,FC-84749899,,"Gasa Esteril 10 x 10 Caja 20 Caja 5 Ambiderm"
bp-ewafra-g10,ewafra,https://acdn-us.mitiendanube.com/stores/001/946/809/products/251-ef048573e37423156016877440223691-480-0.webp,FC-25706817,,"Gasa estéril 7.5 x 5 cm 100 pz DIBAR"
bp-ewafra-g2003,ewafra,https://acdn-us.mitiendanube.com/stores/001/946/809/products/621-e2f1192a73d238e65716877440484503-480-0.webp,FC-19498503,,"Gasa Esteril 7.5 x 5 Caja 100 Sobres Protec"
bp-ewafra-316,ewafra,https://acdn-us.mitiendanube.com/stores/001/946/809/products/331-8c120c73da0112227216877440429788-480-0.webp,FC-13363659,,"Gasa No Esteril. 10 x 10 C/rx Caja 200 12cap Dibar"
bp-ewafra-5236,ewafra,https://acdn-us.mitiendanube.com/stores/001/946/809/products/331-8c120c73da0112227216877440429788-480-0.webp,FC-50792073,,"Gasa No Esteril. 10 x 10 T20x12 12cap Caja 200 Dibar"
bp-ewafra-00327,ewafra,https://acdn-us.mitiendanube.com/stores/001/946/809/products/88d6f384-aebb-42a6-b5cf-c5a10dfd3303-2dce5af32a5d3cd71b17319997102581-480-0.webp,FC-57194375,,"Gasa No Esteril. 10 x 10 T20x12 Caja 200 Ambiderm"
bp-ewafra-00759,ewafra,https://acdn-us.mitiendanube.com/stores/001/946/809/products/d136670a-e1c1-41fe-89da-a78f15021b91-3e73c9fe3f0b3ec41317046834010752-480-0.webp,FC-10842706,,"Gasa No Esteril. 7.5 x 5 T20x12 Caja 200 Ambiderm"
bp-ewafra-604,ewafra,https://acdn-us.mitiendanube.com/stores/001/946/809/products/521-188b56b25fdbae09be16877440520421-480-0.webp,FC-72490815,,"Gasa Rollo T20x12 91cm x 91.44m Pi"
bp-ewafra-2058,ewafra,https://acdn-us.mitiendanube.com/stores/001/946/809/products/341-44b05bf66a1ee87a4716877455870880-480-0.webp,FC-51982408,,"Gel Antibacterial 1 Litro con Dosif Protec"
bp-ewafra-g15,ewafra,https://acdn-us.mitiendanube.com/stores/001/946/809/products/341-44b05bf66a1ee87a4716877455870880-480-0.webp,FC-76039674,,"Gel Antibacterial de 3.79 L Protec"
bp-ewafra-140096,ewafra,https://acdn-us.mitiendanube.com/stores/001/946/809/products/cofia_gorro_plisado_negro_demeva_100_pz-6a1f60a8453d46e44817839253956236-480-0.webp,FC-74811229,,"Gorro P/cirujano Desechable Caja 100"
bp-ewafra-103,ewafra,https://acdn-us.mitiendanube.com/stores/001/946/809/products/gorro_cofia_plisado_azul_100_pz-c0b6855e9817cbe42917839254543025-480-0.webp,FC-33078807,,"Gorro P/pac Plisado Azul Caja 100"
bp-ewafra-103b,ewafra,https://acdn-us.mitiendanube.com/stores/001/946/809/products/cofia_gorro_plisado_blanco_demeva-6c674813ff4be78b7117839254380989-480-0.webp,FC-54123823,,"Gorro P/pac Plisado Blanco Caja 100"
bp-ewafra-91,ewafra,https://acdn-us.mitiendanube.com/stores/001/946/809/products/guante_de_nitrilo_esteril_talla_m_desechable_ambiderm-855131b484c2dcd44617885916558241-480-0.webp,FC-84872329,,"Guante Nitrilo No Esteril Ch Azul Caja 100 Ambiderm"
bp-ewafra-00328,ewafra,https://acdn-us.mitiendanube.com/stores/001/946/809/products/guante_de_nitrilo_esteril_talla_m_desechable_ambiderm-855131b484c2dcd44617885916558241-480-0.webp,FC-72640566,,"Guante Nitrilo No Esteril Ch Azul Cobalto Ambiderm"
bp-ewafra-477,ewafra,https://acdn-us.mitiendanube.com/stores/001/946/809/products/guante_de_nitrilo_esteril_talla_m_desechable_ambiderm-855131b484c2dcd44617885916558241-480-0.webp,FC-54413583,,"Guante Nitrilo No Esteril Gde Azul Caja 100 Ambiderm"
bp-ewafra-476,ewafra,https://acdn-us.mitiendanube.com/stores/001/946/809/products/guante_de_nitrilo_esteril_talla_m_desechable_ambiderm-855131b484c2dcd44617885916558241-480-0.webp,FC-37635964,,"Guante Nitrilo No Esteril Med Azul Caja 100 Ambiderm"
bp-ewafra-00551,ewafra,https://acdn-us.mitiendanube.com/stores/001/946/809/products/guante_de_nitrilo_esteril_talla_m_desechable_ambiderm-855131b484c2dcd44617885916558241-480-0.webp,FC-11981688,,"Guante Nitrilo No Esteril Med Azul Ocean Ambiderm"
bp-ewafra-am10,ewafra,https://acdn-us.mitiendanube.com/stores/001/946/809/products/10-c55b1c6d0a700a99ee17046950275027-480-0.webp,FC-43775108,,"Hoja para bisturí acero inoxidable #10 100 pz AMBIDERM"
bp-ewafra-am11,ewafra,https://acdn-us.mitiendanube.com/stores/001/946/809/products/11-8071f4ce974ecc60a017046935094587-480-0.webp,FC-60552727,,"Hoja para bisturí acero al carbón #11 100 pz AMBIDERM"
bp-ewafra-am12,ewafra,https://acdn-us.mitiendanube.com/stores/001/946/809/products/12-13e91c44942cd902e617046951693898-480-0.webp,FC-77330346,,"Hoja para bisturí acero inoxidable #12 100 pz AMBIDERM"
bp-ewafra-00380,ewafra,https://acdn-us.mitiendanube.com/stores/001/946/809/products/15-2b7c8e2b87547702f217046933752729-480-0.webp,FC-24862644,,"Hoja para bisturí acero al carbón #15 100 pz AMBIDERM"
bp-ewafra-a313,ewafra,https://acdn-us.mitiendanube.com/stores/001/946/809/products/15-c2f728105f451b3c9417046950649879-480-0.webp,FC-31335127,,"Hoja para bisturí acero inoxidable #15 100 pz AMBIDERM"
bp-ewafra-am20,ewafra,https://acdn-us.mitiendanube.com/stores/001/946/809/products/20-cf1d2986c43811c33117046931709614-480-0.webp,FC-56864959,,"Hoja para bisturí acero al carbón #20 100 pz AMBIDERM"
bp-ewafra-am21,ewafra,https://acdn-us.mitiendanube.com/stores/001/946/809/products/21-bd1721fd274c9bd16717046930314272-480-0.webp,FC-40087340,,"Hoja para bisturí acero al carbón #21 100 pz AMBIDERM"
bp-ewafra-00283,ewafra,https://acdn-us.mitiendanube.com/stores/001/946/809/products/fa93e045-23bb-4b16-b31e-36304b4742c4-bac9203bbee3f6c92217659968622832-480-0.webp,FC-49396114,,"Jeringa de 0.3 ml Aguja 31 x 6 Caja 100 Dl"
bp-ewafra-00273,ewafra,https://acdn-us.mitiendanube.com/stores/001/946/809/products/fa93e045-23bb-4b16-b31e-36304b4742c4-bac9203bbee3f6c92217659968622832-480-0.webp,FC-83764161,,"Jeringa de 0.5 ml Aguja 31 x 8 Caja 100 Dl"
bp-ewafra-jk145,ewafra,https://acdn-us.mitiendanube.com/stores/001/946/809/products/445-0119732044bf472d0e17320861604310-480-0.webp,FC-50821540,,"Jeringa de 1 ml Aguja 25 x 16 Caja 100 Nipro"
bp-ewafra-jd01u2713,ewafra,https://acdn-us.mitiendanube.com/stores/001/946/809/products/jeringa-insulina-1-ml-nipro-29-g-x-13-ml-30f76dde188a54aa1717895853163344-480-0.webp,FC-77318462,,"Jeringa de 1 ml Aguja 27 x 13 Fija Caja 100 Nipro"
bp-ewafra-00447,ewafra,https://acdn-us.mitiendanube.com/stores/001/946/809/products/baberos-demeva-33-68e65a32d20eb3d03f17047769349450-480-0.webp,FC-67192496,,"Jeringa de 10 ml Aguja 20 x 38 Caja 100 Ambiderm"
bp-ewafra-j102132,ewafra,https://acdn-us.mitiendanube.com/stores/001/946/809/products/baberos-demeva-34-cf3533db23a4b52cfd17047772626381-480-0.webp,FC-12732034,,"Jeringa de 10 ml Aguja 21 x 32 Caja 100 Ambiderm"
bp-ewafra-bd2232,ewafra,https://acdn-us.mitiendanube.com/stores/001/946/809/products/8a8f26ef-ee4f-41b8-8347-bb60b65b23ce-7cb98d22747335807717236272521048-480-0.webp,FC-35312148,,"Jeringa de 10 ml Aguja 21 x 32 Caja 100 Bd"
bp-ewafra-00391,ewafra,https://acdn-us.mitiendanube.com/stores/001/946/809/products/jeringa-10-ml-amarillo-100-pz-20-x-32-add5c0eb708c6c7ee517895861866569-480-0.webp,FC-08897834,,"Jeringa de 10 ml Aguja 21 x 32 Caja 100 Nipro"
bp-ewafra-bd1021,ewafra,https://acdn-us.mitiendanube.com/stores/001/946/809/products/8a8f26ef-ee4f-41b8-8347-bb60b65b23ce-7cb98d22747335807717236272521048-480-0.webp,FC-09142893,,"Jeringa de 10 ml Aguja 21 x 40 Caja 100 Bd"
bp-ewafra-g15896,ewafra,https://acdn-us.mitiendanube.com/stores/001/946/809/products/buenos-161-6634b54410baa3cc2916877605084947-480-0.webp,FC-60237409,,"Jeringa de 10 ml Aguja 22 x 32 Caja 100 Ambiderm"
bp-ewafra-nip2232,ewafra,https://acdn-us.mitiendanube.com/stores/001/946/809/products/jeringa-10-ml-amarillo-100-pz-20-x-32-add5c0eb708c6c7ee517895861866569-480-0.webp,FC-24912895,,"Jeringa de 10 ml Aguja 22 x 32 Caja 100 Nipro"
bp-ewafra-00462,ewafra,https://acdn-us.mitiendanube.com/stores/001/946/809/products/captura-de-pantalla-2025-06-20-133136-48b6dd903277f7ceb917504479285201-480-0.webp,FC-67351917,,"Jeringa de 20 ml sin aguja 50 pz DL"
bp-ewafra-nip20sa,ewafra,https://acdn-us.mitiendanube.com/stores/001/946/809/products/jeringa-nipro-20-ml-sin-aguja-6109b3c8134267074117895420571696-480-0.webp,FC-55749776,,"Jeringa de 20 mL sin Aguja 50 pz Nipro"
bp-ewafra-j32132,ewafra,https://acdn-us.mitiendanube.com/stores/001/946/809/products/jeringa-5ml-verde-amoboderm1-91f8f5d10ec35e9e4016877590424591-480-0.webp,FC-85570644,,"Jeringa de 3 ml Aguja 21 x 32 Caja 100 Ambiderm"
bp-ewafra-105,ewafra,https://acdn-us.mitiendanube.com/stores/001/946/809/products/8a8f26ef-ee4f-41b8-8347-bb60b65b23ce-7cb98d22747335807717236272521048-480-0.webp,FC-99523569,,"Jeringa de 3 ml Aguja 21 x 32 Caja 100 Bd"
bp-ewafra-00484,ewafra,https://acdn-us.mitiendanube.com/stores/001/946/809/products/821ca8f8-c1a1-43a2-a7c7-e01e6be6b501-36da8ff6ed059da05c17320601407982-480-0.webp,FC-63089109,,"Jeringa de 3 ml Aguja 21 x 32 Caja 100 Nipro"
bp-ewafra-00541,ewafra,https://acdn-us.mitiendanube.com/stores/001/946/809/products/buenos-171-e5a8a939283aeb27c716877605898851-480-0.webp,FC-44724117,,"Jeringa de 3 ml Aguja 22 x 32 Caja 100 Ambiderm"
bp-ewafra-1511,ewafra,https://acdn-us.mitiendanube.com/stores/001/946/809/products/6120609b-025e-4796-bf72-dfcce922208b-a8cd02c011ea3562ba17320819485905-480-0.webp,FC-49051087,,"Jeringa de 3 ml Aguja 22 x 32 Caja 100 Nipro"
bp-ewafra-803,ewafra,https://acdn-us.mitiendanube.com/stores/001/946/809/products/buenos-151-ca594ad9ad5d17965616877603888922-480-0.webp,FC-28544548,,"Jeringa de 3 ml Aguja 23 x 25 Caja 100 Ambiderm"
bp-ewafra-ni2325,ewafra,https://acdn-us.mitiendanube.com/stores/001/946/809/products/aguja-hipodermica-desechable-nipro-23g-25-ml-100-piezas-280d792aca5d9e53e317895881903596-480-0.webp,FC-22983040,,"Jeringa de 3 ml Aguja 23 x 25 Caja 100 Nipro"
bp-ewafra-958,ewafra,https://acdn-us.mitiendanube.com/stores/001/946/809/products/445-0119732044bf472d0e17320861604310-480-0.webp,FC-51497751,,"Jeringa de 3 ml Aguja 25 x 16 Caja 100 Nipro"
bp-ewafra-00446,ewafra,https://acdn-us.mitiendanube.com/stores/001/946/809/products/buenos-141-58629d3fabecc90ab316877602066536-480-0.webp,FC-83970115,,"Jeringa de 5 ml Aguja 20 x 38 Caja 100 Ambiderm"
bp-ewafra-j52132,ewafra,https://acdn-us.mitiendanube.com/stores/001/946/809/products/jeringa-5ml-verde-amoboderm1-91f8f5d10ec35e9e4016877590424591-480-0.webp,FC-68987890,,"Jeringa de 5 ml Aguja 21 x 32 Caja 100 Ambiderm"
bp-ewafra-54,ewafra,https://acdn-us.mitiendanube.com/stores/001/946/809/products/8a8f26ef-ee4f-41b8-8347-bb60b65b23ce-7cb98d22747335807717236272521048-480-0.webp,FC-56803406,,"Jeringa de 5 ml Aguja 21 x 32 Caja 100 Bd"
bp-ewafra-n2132,ewafra,https://acdn-us.mitiendanube.com/stores/001/946/809/products/821ca8f8-c1a1-43a2-a7c7-e01e6be6b501-36da8ff6ed059da05c17320601407982-480-0.webp,FC-58079015,,"Jeringa de 5 ml Aguja 21 x 32 Caja 100 Nipro"
bp-ewafra-00486,ewafra,https://acdn-us.mitiendanube.com/stores/001/946/809/products/8a8f26ef-ee4f-41b8-8347-bb60b65b23ce-7cb98d22747335807717236272521048-480-0.webp,FC-29533871,,"Jeringa de 5 ml Aguja 21 x 40 Caja 100 Bd"
bp-ewafra-ny5,ewafra,https://acdn-us.mitiendanube.com/stores/001/946/809/products/8a8f26ef-ee4f-41b8-8347-bb60b65b23ce-7cb98d22747335807717236272521048-480-0.webp,FC-09580625,,"Jeringa de 5 ml Aguja 22 x 32 Caja 100 Bd"
bp-ewafra-ni2232,ewafra,https://acdn-us.mitiendanube.com/stores/001/946/809/products/6120609b-025e-4796-bf72-dfcce922208b-a8cd02c011ea3562ba17320819485905-480-0.webp,FC-31342035,,"Jeringa de 5 ml Aguja 22 x 32 Caja 100 Nipro"
bp-ewafra-1029,ewafra,https://acdn-us.mitiendanube.com/stores/001/946/809/products/captura-de-pantalla-2025-06-20-133136-48b6dd903277f7ceb917504479285201-480-0.webp,FC-95655303,,"Jeringa de 50 ml S/a Caja 20 Terumo"
bp-ewafra-00114,ewafra,https://acdn-us.mitiendanube.com/stores/001/946/809/products/jeringa-nipro-20-ml-sin-aguja-6109b3c8134267074117895420571696-480-0.webp,FC-04576167,,"Jeringa de 50 ml S/a Caja 25 Nipro"
bp-ewafra-nip50sa,ewafra,https://acdn-us.mitiendanube.com/stores/001/946/809/products/jeringa-sin-aguja-nipro-50-ml-752863b404d983900a17895459078626-480-0.webp,FC-20375223,,"Jeringa de 50 ml sin aguja 30 pz NIPRO"
bp-ewafra-496,ewafra,https://acdn-us.mitiendanube.com/stores/001/946/809/products/c9c06511-088f-434b-8b6f-d44b24a7cceesv2014-02-14srbsig7lwu3gxsmtuq3k2brwtf0a6ydbfxejivugngrqcxbcnk3dst2023-01-26t183a173a02zse2123-01-26t183a273a02zspr-1bb60ac22cb7554b9716872125249082-480-0.webp,FC-53907290,,"Jeringa de Asepto 60 ml Esteril"
bp-ewafra-00464,ewafra,https://acdn-us.mitiendanube.com/stores/001/946/809/products/09b4cd52-1652-4881-b24c-87bf956bea93sv2014-02-14srbsigb6axgb0jl3fdiuwavwj5g2bosx0emcjgehlhxhjlgv2fw3dst2022-10-06t013a233a14zse2122-10-06t013a333a14zspr-da37e7db4b3edcf9b516872126323217-480-0.webp,FC-66686203,,"Jeringa Pera de Hule Nº 1 Aa11900"
bp-ewafra-0032,ewafra,https://acdn-us.mitiendanube.com/stores/001/946/809/products/e7bc6618-1aa1-4911-b10d-98d2db5b55f7sv2014-02-14srbsig357wlllh5oo0pnrmt9m92fmjmfv8hsfe9smll48mgnho3dst2023-01-26t183a253a12zse2123-01-26t183a353a12zspr-2c71afa6534ba8a11716872130597613-480-0.webp,FC-33413770,,"Lapiz P/electrocauterio C/cable Tipo Vl Pieza"
bp-ewafra-852963,ewafra,https://acdn-us.mitiendanube.com/stores/001/946/809/products/buenos-481-3e260808a1aa7f9d4516879633707193-480-0.webp,FC-23236038,,"Llave de 3 Vias C/ext Dl (pieza)"
bp-ewafra-00562,ewafra,https://acdn-us.mitiendanube.com/stores/001/946/809/products/buenos-481-3e260808a1aa7f9d4516879633707193-480-0.webp,FC-07308182,,"Llave de 3 Vias S/ext Dl (pieza)"
bp-ewafra-255,ewafra,https://acdn-us.mitiendanube.com/stores/001/946/809/products/fotos-tiendanube-62d12fb1735e01534a17592447929575-480-0.webp,FC-03356153,,"Lubri G Tubo de 135 Grms Pieza"
bp-ewafra-706,ewafra,https://acdn-us.mitiendanube.com/stores/001/946/809/products/909d2887-d367-4eb9-ba0a-3c6c5741f13bsv2014-02-14srbsig2bsgdljdyt4l1ershftvcoi8j4yzmeufqysmckjyndpw3dst2022-10-06t003a253a28zse2122-10-06t003a353a28zspr-a7623ceb0867e5737a16872118476914-480-0.webp,FC-14045850,,"Jalea lubricante en tubo 135 g LUBRICAINA"
bp-ewafra-1381,ewafra,https://acdn-us.mitiendanube.com/stores/001/946/809/products/mango21-97d27587d0baf4533116877424356514-480-0.webp,FC-72815400,,"Mango para bisturí #3 2-1 económico HERGOM"
bp-ewafra-1062,ewafra,https://acdn-us.mitiendanube.com/stores/001/946/809/products/c41cb4db-4e7b-48e0-b4ef-9f93538f8a7asv2014-02-14srbsig6g5r84jzntydfwap0ez6tmwfuyndbbk76gpvfacdyg43dst2023-07-28t213a373a43zse2123-07-28t213a473a43zspr-1800bfa0852628819916905808980900-480-0.webp,FC-11741374,,"Taylor martillo de reflejos rosa 1-138R HERGOM"
bp-ewafra-517,ewafra,https://acdn-us.mitiendanube.com/stores/001/946/809/products/buenos-561-d37db553214f7bda9416880184106760-480-0.webp,FC-00499950,,"Mascarilla C/reservorio Adulto Hud1060"
bp-ewafra-00733,ewafra,https://acdn-us.mitiendanube.com/stores/001/946/809/products/cc89e472-39c5-432a-9213-aa052caba013-f14c29636a2b8830d717159265926782-480-0.webp,FC-24425342,,"Mascarilla Laringea Desch # 1"
bp-ewafra-00739,ewafra,https://acdn-us.mitiendanube.com/stores/001/946/809/products/cc89e472-39c5-432a-9213-aa052caba013-f14c29636a2b8830d717159265926782-480-0.webp,FC-56649152,,"Mascarilla Laringea Desch # 1.5"
bp-ewafra-00734,ewafra,https://acdn-us.mitiendanube.com/stores/001/946/809/products/cc89e472-39c5-432a-9213-aa052caba013-f14c29636a2b8830d717159265926782-480-0.webp,FC-74758199,,"Mascarilla Laringea Desch # 2"
bp-ewafra-00740,ewafra,https://acdn-us.mitiendanube.com/stores/001/946/809/products/cc89e472-39c5-432a-9213-aa052caba013-f14c29636a2b8830d717159265926782-480-0.webp,FC-61028468,,"Mascarilla Laringea Desch # 2.5"
bp-ewafra-0042,ewafra,https://acdn-us.mitiendanube.com/stores/001/946/809/products/cc89e472-39c5-432a-9213-aa052caba013-f14c29636a2b8830d717159265926782-480-0.webp,FC-32600961,,"Mascarilla Laringea Desch # 3"
bp-ewafra-0043,ewafra,https://acdn-us.mitiendanube.com/stores/001/946/809/products/cc89e472-39c5-432a-9213-aa052caba013-f14c29636a2b8830d717159265926782-480-0.webp,FC-15823342,,"Mascarilla Laringea Desch # 4"
bp-ewafra-00735,ewafra,https://acdn-us.mitiendanube.com/stores/001/946/809/products/cc89e472-39c5-432a-9213-aa052caba013-f14c29636a2b8830d717159265926782-480-0.webp,FC-57980580,,"Mascarilla Laringea Desch # 5"
bp-ewafra-00480,ewafra,https://acdn-us.mitiendanube.com/stores/001/946/809/products/cc89e472-39c5-432a-9213-aa052caba013-f14c29636a2b8830d717159265926782-480-0.webp,FC-95978633,,"Mascarilla Laringea Flexicare # 4"
bp-ewafra-00689,ewafra,https://acdn-us.mitiendanube.com/stores/001/946/809/products/cc89e472-39c5-432a-9213-aa052caba013-f14c29636a2b8830d717159265926782-480-0.webp,FC-05163016,,"Mascarilla Laringea Supr # 2"
bp-ewafra-00690,ewafra,https://acdn-us.mitiendanube.com/stores/001/946/809/products/cc89e472-39c5-432a-9213-aa052caba013-f14c29636a2b8830d717159265926782-480-0.webp,FC-23790682,,"Mascarilla Laringea Supr # 3"
bp-ewafra-00691,ewafra,https://acdn-us.mitiendanube.com/stores/001/946/809/products/cc89e472-39c5-432a-9213-aa052caba013-f14c29636a2b8830d717159265926782-480-0.webp,FC-40568301,,"Mascarilla Laringea Supr # 4"
bp-ewafra-00692,ewafra,https://acdn-us.mitiendanube.com/stores/001/946/809/products/cc89e472-39c5-432a-9213-aa052caba013-f14c29636a2b8830d717159265926782-480-0.webp,FC-90235444,,"Mascarilla Laringea Supr # 5"
bp-ewafra-00242,ewafra,https://acdn-us.mitiendanube.com/stores/001/946/809/products/14824191-30a7-47bf-b954-fbb83b223956sv2014-02-14srbsigh5sefs8h6urkpw0fuvpggtmfdjpl0jgiixh4cm9df9o3dst2022-10-13t193a533a09zse2122-10-13t203a033a09zspr-2532ee3270b556677616872138714828-480-0.webp,FC-85109097,,"Mascarilla P/ Oxigeno Adulto Hudrh041u"
bp-ewafra-00678,ewafra,https://acdn-us.mitiendanube.com/stores/001/946/809/products/1a69e6bc-4f46-45e6-8ec2-40441edcd3f0sv2014-02-14srbsigvbwox8fie7asaxqzdadzfi2fbplsy3hebz2f49nimz8w03dst2022-10-13t193a583a33zse2122-10-13t203a083a33zspr-733b2edbda1ca62e6016872139270295-480-0.webp,FC-21473516,,"Mascarilla P/ Oxigeno Pediatrica Hud1042"
bp-ewafra-447,ewafra,https://acdn-us.mitiendanube.com/stores/001/946/809/products/e0eeb3a3-e41a-4aca-9f19-399df176e57b-4fb4b7698f1f0cdcc017697956686283-480-0.webp,FC-22708392,,"Circuito universal de anestesia con mascarilla 1.52 m HUDSON"
bp-ewafra-205,ewafra,https://acdn-us.mitiendanube.com/stores/001/946/809/products/e0eeb3a3-e41a-4aca-9f19-399df176e57b-4fb4b7698f1f0cdcc017697956686283-480-0.webp,FC-37084320,,"Circuito universal de anestesia con mascarilla 1.52 m HUDSON"
bp-ewafra-206,ewafra,https://acdn-us.mitiendanube.com/stores/001/946/809/products/e0eeb3a3-e41a-4aca-9f19-399df176e57b-4fb4b7698f1f0cdcc017697956686283-480-0.webp,FC-87417177,,"Mascarilla para Anestesia # 3 Verde"
bp-ewafra-208,ewafra,https://acdn-us.mitiendanube.com/stores/001/946/809/products/e0eeb3a3-e41a-4aca-9f19-399df176e57b-4fb4b7698f1f0cdcc017697956686283-480-0.webp,FC-55193367,,"Mascarilla para Anestesia # 4 Roja"
bp-ewafra-207,ewafra,https://acdn-us.mitiendanube.com/stores/001/946/809/products/e0eeb3a3-e41a-4aca-9f19-399df176e57b-4fb4b7698f1f0cdcc017697956686283-480-0.webp,FC-70639558,,"Mascarilla para Anestesia # 5 Azul"
bp-ewafra-913,ewafra,https://acdn-us.mitiendanube.com/stores/001/946/809/products/9123c893-f047-4311-9056-9059dcb71f04sv2014-02-14srbsigijse7rthaoalf2b0teocunetmjxvdqtgh2blyx6ycs883dst2022-08-31t003a393a39zse2122-08-31t003a493a39zspr-0421908d20ba91c58c16872142020455-480-0.webp,FC-20151758,,"Media Ted Chica Larga Al Muslo 3222"
bp-ewafra-174,ewafra,https://acdn-us.mitiendanube.com/stores/001/946/809/products/9123c893-f047-4311-9056-9059dcb71f04sv2014-02-14srbsigijse7rthaoalf2b0teocunetmjxvdqtgh2blyx6ycs883dst2022-08-31t003a393a39zse2122-08-31t003a493a39zspr-0421908d20ba91c58c16872142020455-480-0.webp,FC-95835801,,"Media Ted Grande Larga Al Muslo 3856"
bp-ewafra-175,ewafra,https://acdn-us.mitiendanube.com/stores/001/946/809/products/9123c893-f047-4311-9056-9059dcb71f04sv2014-02-14srbsigijse7rthaoalf2b0teocunetmjxvdqtgh2blyx6ycs883dst2022-08-31t003a393a39zse2122-08-31t003a493a39zspr-0421908d20ba91c58c16872142020455-480-0.webp,FC-79058182,,"Media Ted Mediana Larga Al Muslo 3549"
bp-ewafra-00545,ewafra,https://acdn-us.mitiendanube.com/stores/001/946/809/products/9123c893-f047-4311-9056-9059dcb71f04sv2014-02-14srbsigijse7rthaoalf2b0teocunetmjxvdqtgh2blyx6ycs883dst2022-08-31t003a393a39zse2122-08-31t003a493a39zspr-0421908d20ba91c58c16872142020455-480-0.webp,FC-72580937,,"Media Ted Xl Grande Larga Al Muslo"
bp-ewafra-73,ewafra,https://acdn-us.mitiendanube.com/stores/001/946/809/products/14824191-30a7-47bf-b954-fbb83b223956sv2014-02-14srbsigh5sefs8h6urkpw0fuvpggtmfdjpl0jgiixh4cm9df9o3dst2022-10-13t193a533a09zse2122-10-13t203a033a09zspr-2532ee3270b556677616872138714828-480-0.webp,FC-20053185,,"Micronebulizador C/mascarilla Adulto"
bp-ewafra-74,ewafra,https://acdn-us.mitiendanube.com/stores/001/946/809/products/e529058e-d8c5-4641-913b-576a049f8fd1sv2014-02-14srbsigey7eqa7y9ejjuicazujgjgjfulxb2j2bpssvia3mvhew3dst2022-10-13t203a073a33zse2122-10-13t203a173a33zspr-7248cd4e5994b41cfb16872139550830-480-0.webp,FC-36830804,,"Micronebulizador C/mascarilla Pediatrico"
bp-ewafra-00718,ewafra,https://acdn-us.mitiendanube.com/stores/001/946/809/products/buenos-1001-03302f5b65cb3c559a16881084219771-480-0.webp,FC-40243057,,"Monocryl 3-0 Sh 70 1/2 26 mm Caja 36 Mcp316h"
bp-ewafra-746,ewafra,https://acdn-us.mitiendanube.com/stores/001/946/809/products/a31a95f0-8cdb-4072-8d2c-24a782a50679sv2014-02-14srbsigjkm3jke2iuxux1l5zgybchmxvytgo2fk992buzskzct4c3dst2023-07-28t213a133a27zse2123-07-28t213a233a27zspr-9b39e5bbbb2046858c16905794408006-480-0.webp,FC-98760262,,"Pinza Adson C/dientes 12 cm"
bp-ewafra-1382,ewafra,https://acdn-us.mitiendanube.com/stores/001/946/809/products/a31a95f0-8cdb-4072-8d2c-24a782a50679sv2014-02-14srbsigjkm3jke2iuxux1l5zgybchmxvytgo2fk992buzskzct4c3dst2023-07-28t213a133a27zse2123-07-28t213a233a27zspr-9b39e5bbbb2046858c16905794408006-480-0.webp,FC-23148257,,"Pinza Adson S/dientes 12 cm"
bp-ewafra-00374,ewafra,https://acdn-us.mitiendanube.com/stores/001/946/809/products/kelly-pinza-recta-14-cm-economico-hergom1-37f22123b02a09d52a16876422704442-480-0.webp,FC-23998335,,"Pinza Foerster Recta 14 cm"
bp-ewafra-1188c,ewafra,https://acdn-us.mitiendanube.com/stores/001/946/809/products/buenos-61-bc69a0975da2d870b816876448824933-480-0.webp,FC-65519742,,"Pinza Foerster Recta 24 cm"
bp-ewafra-6000,ewafra,https://acdn-us.mitiendanube.com/stores/001/946/809/products/kelly-pinza-recta-14-cm-economico-hergom1-37f22123b02a09d52a16876422704442-480-0.webp,FC-58836985,,"Pinza Kelly Curva de 14 cm"
bp-ewafra-713,ewafra,https://acdn-us.mitiendanube.com/stores/001/946/809/products/kelly-pinza-recta-14-cm-economico-hergom1-37f22123b02a09d52a16876422704442-480-0.webp,FC-63860088,,"Kelly pinza recta 14 cm 5-6 económico HERGOM"
bp-ewafra-00547,ewafra,https://acdn-us.mitiendanube.com/stores/001/946/809/products/buenos-61-bc69a0975da2d870b816876448824933-480-0.webp,FC-39025699,,"Pinza Pozzi 24 cm"
bp-ewafra-pf100,ewafra,https://acdn-us.mitiendanube.com/stores/001/946/809/products/ed68c5d9-1d42-4ad4-b52b-fb823ee49040-94ea0258483353ccde17236276450404-480-0.webp,FC-67849280,,"Placa para Electrocauterio Adulto Fiab"
bp-ewafra-1314,ewafra,https://acdn-us.mitiendanube.com/stores/001/946/809/products/95337da6-3bec-4549-b391-79ed78e2746esv2014-02-14srbsignuppgtflwhoehlelxrj1put5ox2pa1frduxe38jswrw3dst2023-04-05t213a043a36zse2123-04-05t213a143a36zspr-1a92ef621d0a40335d16872046801466-480-0.webp,FC-91391566,,"Preservativo Oasis Caja 144 Pzas"
bp-ewafra-300111020,ewafra,https://acdn-us.mitiendanube.com/stores/001/946/809/products/ea2a4b8a-2472-4108-a992-18d626e534c3-7f38bbfac0fdf24b6817604653262941-480-0.webp,FC-91480457,,"Rollo de Algodon para Dentista Caja 1000"
bp-ewafra-0897236,ewafra,https://acdn-us.mitiendanube.com/stores/001/946/809/products/e73ce25f-5f82-4631-acf9-ad9d8009af62-7519c6e7b61bc1ca0317726969815228-480-0.webp,FC-69256318,,"Rollo P/mesa de Exploracion 25 Grs 25 x 50"
bp-ewafra-00644,ewafra,https://acdn-us.mitiendanube.com/stores/001/946/809/products/e73ce25f-5f82-4631-acf9-ad9d8009af62-7519c6e7b61bc1ca0317726969815228-480-0.webp,FC-01673843,,"Rollo P/mesa de Exploracion 25 x 50 Rayado"
bp-ewafra-500025,ewafra,https://acdn-us.mitiendanube.com/stores/001/946/809/products/e73ce25f-5f82-4631-acf9-ad9d8009af62-7519c6e7b61bc1ca0317726969815228-480-0.webp,FC-72984327,,"Rollo P/mesa de Exploracion 35 Grs 25 x 50"
bp-ewafra-8542975,ewafra,https://acdn-us.mitiendanube.com/stores/001/946/809/products/7e6e3af4-2124-4689-9da9-317fc35d2482-0ecc6918a57305589217604667987332-480-0.webp,FC-30091005,,"Sabana de Cajon Azul 100 x 220 35g Caja 10"
bp-ewafra-058935,ewafra,https://acdn-us.mitiendanube.com/stores/001/946/809/products/7e6e3af4-2124-4689-9da9-317fc35d2482-0ecc6918a57305589217604667987332-480-0.webp,FC-55944615,,"Sabana de Cajon Azul 100 x 240 35g Caja 10"
bp-ewafra-900212,ewafra,https://acdn-us.mitiendanube.com/stores/001/946/809/products/7e6e3af4-2124-4689-9da9-317fc35d2482-0ecc6918a57305589217604667987332-480-0.webp,FC-82300739,,"Sabana de Cajon Azul 90 x 210 35g Caja 10"
bp-ewafra-404,ewafra,https://acdn-us.mitiendanube.com/stores/001/946/809/products/3251-50283d3cf63c93cdef16875842640731-480-0.webp,FC-51443029,,"Sonda Foley 16fr 5cc 2 Vias Latex"
bp-ewafra-1007,ewafra,https://acdn-us.mitiendanube.com/stores/001/946/809/products/57e6900b-054f-4ace-b104-ffb12ffe4a2a-31161f7f2223f9068617066834473489-480-0.webp,FC-96615207,,"Sonda Foley 20fr 30cc 2 Vias 26203"
bp-ewafra-00346,ewafra,https://acdn-us.mitiendanube.com/stores/001/946/809/products/57e6900b-054f-4ace-b104-ffb12ffe4a2a-31161f7f2223f9068617066834473489-480-0.webp,FC-39431018,,"Sonda Foley 20fr 30cc 3 Vias 2821"
bp-ewafra-1363,ewafra,https://acdn-us.mitiendanube.com/stores/001/946/809/products/3251-50283d3cf63c93cdef16875842640731-480-0.webp,FC-21259036,,"Sonda Foley 20fr 5cc 2 Vias Latex"
bp-ewafra-00115,ewafra,https://acdn-us.mitiendanube.com/stores/001/946/809/products/38869378-39c5-4efc-b060-d14e8e6fab87-37ffb5d8ac7631aab517066834711024-480-0.webp,FC-87798548,,"Sonda Foley 22fr 30cc 2 Vias 26223"
bp-ewafra-00348,ewafra,https://acdn-us.mitiendanube.com/stores/001/946/809/products/38869378-39c5-4efc-b060-d14e8e6fab87-37ffb5d8ac7631aab517066834711024-480-0.webp,FC-04544352,,"Sonda Foley 22fr 30cc 3 Vias 2822"
bp-ewafra-00455,ewafra,https://acdn-us.mitiendanube.com/stores/001/946/809/products/38869378-39c5-4efc-b060-d14e8e6fab87-37ffb5d8ac7631aab517066834711024-480-0.webp,FC-33490163,,"Sonda Foley 22fr 5cc 3 Vias 2722"
bp-ewafra-00503,ewafra,https://acdn-us.mitiendanube.com/stores/001/946/809/products/1461-26a0b0468a34d8b9f716875833302077-480-0.webp,FC-25071539,,"Sonda gastrointestinal levin 10 fr VISA"
bp-ewafra-805,ewafra,https://acdn-us.mitiendanube.com/stores/001/946/809/products/0d412836-d9ff-4b69-86ea-59d11f42869b-2d76a6323a2085373617162758963172-480-0.webp,FC-94989310,,"Sonda gastrointestinal levin con línea radiopaca 12 fr VISA"
bp-ewafra-00504,ewafra,https://acdn-us.mitiendanube.com/stores/001/946/809/products/1431-d5f3f20c436dc8dbd016875833014918-480-0.webp,FC-08959634,,"Sonda gastrointestinal levin 14 fr VISA"
bp-ewafra-806,ewafra,https://acdn-us.mitiendanube.com/stores/001/946/809/products/42088ee9-2ec4-452a-819b-7c692801c23f-e69ccfde714df9458117162759201938-480-0.webp,FC-78211691,,"Sonda gastrointestinal levin con línea radiopaca 16 fr VISA"
bp-ewafra-00544,ewafra,https://acdn-us.mitiendanube.com/stores/001/946/809/products/1441-9834c3dada2299244a16875833085623-480-0.webp,FC-55803318,,"Sonda gastrointestinal levin 18 fr VISA"
bp-ewafra-00502,ewafra,https://acdn-us.mitiendanube.com/stores/001/946/809/products/42088ee9-2ec4-452a-819b-7c692801c23f-e69ccfde714df9458117162759201938-480-0.webp,FC-08293920,,"Sonda gastrointestinal levin con línea radiopaca 16 fr VISA"
bp-ewafra-00657,ewafra,https://acdn-us.mitiendanube.com/stores/001/946/809/products/1401-c9ce93c0170fec4f4916875607378141-480-0.webp,FC-18304367,,"Sonda nelaton roja 40 cm 10 fr SENSIMEDICAL"
bp-ewafra-00656,ewafra,https://acdn-us.mitiendanube.com/stores/001/946/809/products/1371-64f283be217b18d3ca16875603584428-480-0.webp,FC-01526748,,"Sonda nelaton roja 40 cm 12 fr SENSIMEDICAL"
bp-ewafra-00395,ewafra,https://acdn-us.mitiendanube.com/stores/001/946/809/products/1311-f577708144d5df082316875603366568-480-0.webp,FC-41787358,,"Sonda nelaton roja 40 cm 14 fr SENSIMEDICAL"
bp-ewafra-00415,ewafra,https://acdn-us.mitiendanube.com/stores/001/946/809/products/1361-7aea74fc52255eb31d16875603552833-480-0.webp,FC-48775751,,"Sonda nelaton roja 40 cm 16 fr SENSIMEDICAL"
bp-ewafra-561,ewafra,https://acdn-us.mitiendanube.com/stores/001/946/809/products/1411-b4e6190c8e318ddea416875607322503-480-0.webp,FC-98701403,,"Sonda nelaton roja 40 cm 18 fr SENSIMEDICAL"
bp-ewafra-00466,ewafra,https://acdn-us.mitiendanube.com/stores/001/946/809/products/1331-d8f6ab4b1db91135aa16875603429056-480-0.webp,FC-00241441,,"Sonda nelaton roja 40 cm 20 fr SENSIMEDICAL"
bp-ewafra-00467,ewafra,https://acdn-us.mitiendanube.com/stores/001/946/809/products/1321-ca1f6e7c57b5e28e2816875603417523-480-0.webp,FC-83463822,,"Sonda nelaton roja 40 cm 22 fr SENSIMEDICAL"
bp-ewafra-00187,ewafra,https://acdn-us.mitiendanube.com/stores/001/946/809/products/1331-d8f6ab4b1db91135aa16875603429056-480-0.webp,FC-22486619,,"Sonda Nelaton Transp 20 fr"
bp-ewafra-1051,ewafra,https://acdn-us.mitiendanube.com/stores/001/946/809/products/1311-f577708144d5df082316875603366568-480-0.webp,FC-79531072,,"Sonda Nelaton Transp 8 fr"
bp-ewafra-2070,ewafra,https://acdn-us.mitiendanube.com/stores/001/946/809/products/1371-64f283be217b18d3ca16875603584428-480-0.webp,FC-71955010,,"Sonda Nelaton Transp 12 fr"
bp-ewafra-420,ewafra,https://acdn-us.mitiendanube.com/stores/001/946/809/products/1311-f577708144d5df082316875603366568-480-0.webp,FC-85958171,,"Sonda Nelaton Transp 14 fr"
bp-ewafra-00416,ewafra,https://acdn-us.mitiendanube.com/stores/001/946/809/products/1361-7aea74fc52255eb31d16875603552833-480-0.webp,FC-65553370,,"Sonda Nelaton Transp 16 fr"
bp-ewafra-00499,ewafra,https://acdn-us.mitiendanube.com/stores/001/946/809/products/1411-b4e6190c8e318ddea416875607322503-480-0.webp,FC-98629163,,"Sonda Nelaton Transp 18 fr"
bp-ewafra-1139,ewafra,https://acdn-us.mitiendanube.com/stores/001/946/809/products/termometro_clinico_digital_sensimedical_punta_rigida-a129ddb4dfd4a7a83517886055998116-480-0.webp,FC-32406285,,"Termometro Digital Rigido Pieza"
bp-ewafra-58b,ewafra,https://acdn-us.mitiendanube.com/stores/001/946/809/products/2391fa73-9b98-46c3-9bf4-e278b8f31ee5-268c029286b8da568a17654720438933-480-0.webp,FC-52068640,,"Tijera de Mayo Recta 14 cm"
bp-ewafra-3009,ewafra,https://acdn-us.mitiendanube.com/stores/001/946/809/products/tijeras-boton-141-1953c0359c2a333fd216874122629304-480-0.webp,FC-76521847,,"Tijera Lister de Boton 14 cm Pieza"
bp-ewafra-145,ewafra,https://acdn-us.mitiendanube.com/stores/001/946/809/products/2391fa73-9b98-46c3-9bf4-e278b8f31ee5-268c029286b8da568a17654720438933-480-0.webp,FC-47647181,,"Tijera Metzenbaum Recta 14 cm Punta Roma 7-28 HERGOM"
bp-ewafra-388,ewafra,https://acdn-us.mitiendanube.com/stores/001/946/809/products/d490e7a4-dc8a-45fc-a4dc-03113290bc41sv2014-02-14srbsigj5dhafgeuqu7qj2ecduvhhaiyej0znppdi7hhqbtkvk3dst2022-09-09t233a193a52zse2122-09-09t233a293a52zspr-9fd17050527e6a104d16872234947210-480-0.webp,FC-80275540,,"Tintura de Benjui de 1 Litro"
bp-ewafra-00103,ewafra,https://acdn-us.mitiendanube.com/stores/001/946/809/products/15-c2f728105f451b3c9417046950649879-480-0.webp,FC-19875263,,"Tripie de Acero Inoxidable"
bp-ewafra-tub100,ewafra,https://acdn-us.mitiendanube.com/stores/001/946/809/products/buenos-3331-daee6373fc504c824c16877668847640-480-0.webp,FC-21674681,,"Tubo endotraqueal tipo Murphy sin globo 10 fr 2.5 mm SENSIMEDICAL"
bp-ewafra-058963,ewafra,https://acdn-us.mitiendanube.com/stores/001/946/809/products/buenos-3331-daee6373fc504c824c16877668847640-480-0.webp,FC-89007068,,"Tubo endotraqueal tipo Murphy sin globo 10 fr 2.5 mm SENSIMEDICAL"
bp-ewafra-460,ewafra,https://acdn-us.mitiendanube.com/stores/001/946/809/products/buenos-3331-daee6373fc504c824c16877668847640-480-0.webp,FC-04893535,,"Tubo endotraqueal tipo Murphy sin globo 10 fr 2.5 mm SENSIMEDICAL"
bp-ewafra-448,ewafra,https://acdn-us.mitiendanube.com/stores/001/946/809/products/buenos-3331-daee6373fc504c824c16877668847640-480-0.webp,FC-05930773,,"Tubo endotraqueal tipo Murphy sin globo 10 fr 2.5 mm SENSIMEDICAL"
bp-ewafra-228,ewafra,https://acdn-us.mitiendanube.com/stores/001/946/809/products/buenos-3331-daee6373fc504c824c16877668847640-480-0.webp,FC-74474421,,"Tubo endotraqueal tipo Murphy sin globo 10 fr 2.5 mm SENSIMEDICAL"
bp-ewafra-229,ewafra,https://acdn-us.mitiendanube.com/stores/001/946/809/products/buenos-3331-daee6373fc504c824c16877668847640-480-0.webp,FC-57696802,,"Tubo endotraqueal tipo Murphy sin globo 10 fr 2.5 mm SENSIMEDICAL"
bp-ewafra-230,ewafra,https://acdn-us.mitiendanube.com/stores/001/946/809/products/buenos-3331-daee6373fc504c824c16877668847640-480-0.webp,FC-07882564,,"Tubo endotraqueal tipo Murphy sin globo 10 fr 2.5 mm SENSIMEDICAL"
bp-ewafra-231,ewafra,https://acdn-us.mitiendanube.com/stores/001/946/809/products/buenos-3331-daee6373fc504c824c16877668847640-480-0.webp,FC-24660183,,"Tubo endotraqueal tipo Murphy sin globo 10 fr 2.5 mm SENSIMEDICAL"
bp-ewafra-232,ewafra,https://acdn-us.mitiendanube.com/stores/001/946/809/products/buenos-3331-daee6373fc504c824c16877668847640-480-0.webp,FC-41437802,,"Tubo endotraqueal tipo Murphy sin globo 10 fr 2.5 mm SENSIMEDICAL"
bp-ewafra-233,ewafra,https://acdn-us.mitiendanube.com/stores/001/946/809/products/buenos-3331-daee6373fc504c824c16877668847640-480-0.webp,FC-58215421,,"Tubo endotraqueal tipo Murphy sin globo 10 fr 2.5 mm SENSIMEDICAL"
bp-ewafra-00517,ewafra,https://acdn-us.mitiendanube.com/stores/001/946/809/products/buenos-3331-daee6373fc504c824c16877668847640-480-0.webp,FC-92329110,,"Tubo Endotraqueal C/globo 7.0 Alma/a"
bp-ewafra-234,ewafra,https://acdn-us.mitiendanube.com/stores/001/946/809/products/buenos-3331-daee6373fc504c824c16877668847640-480-0.webp,FC-40772088,,"Tubo endotraqueal tipo Murphy sin globo 10 fr 2.5 mm SENSIMEDICAL"
bp-ewafra-00188,ewafra,https://acdn-us.mitiendanube.com/stores/001/946/809/products/buenos-3331-daee6373fc504c824c16877668847640-480-0.webp,FC-72153762,,"Tubo Endotraqueal C/globo 7.5 Alma/a"
bp-ewafra-235,ewafra,https://acdn-us.mitiendanube.com/stores/001/946/809/products/buenos-3331-daee6373fc504c824c16877668847640-480-0.webp,FC-57549707,,"Tubo endotraqueal tipo Murphy sin globo 10 fr 2.5 mm SENSIMEDICAL"
bp-ewafra-236,ewafra,https://acdn-us.mitiendanube.com/stores/001/946/809/products/buenos-3331-daee6373fc504c824c16877668847640-480-0.webp,FC-74327326,,"Tubo endotraqueal tipo Murphy sin globo 10 fr 2.5 mm SENSIMEDICAL"
bp-ewafra-237,ewafra,https://acdn-us.mitiendanube.com/stores/001/946/809/products/buenos-3331-daee6373fc504c824c16877668847640-480-0.webp,FC-91104945,,"Tubo endotraqueal tipo Murphy sin globo 10 fr 2.5 mm SENSIMEDICAL"
bp-ewafra-888,ewafra,https://acdn-us.mitiendanube.com/stores/001/946/809/products/buenos-3331-daee6373fc504c824c16877668847640-480-0.webp,FC-93471613,,"Tubo endotraqueal tipo Murphy sin globo 10 fr 2.5 mm SENSIMEDICAL"
bp-ewafra-74589632,ewafra,https://acdn-us.mitiendanube.com/stores/001/946/809/products/buenos-3331-daee6373fc504c824c16877668847640-480-0.webp,FC-51678379,,"Tubo endotraqueal tipo Murphy sin globo 10 fr 2.5 mm SENSIMEDICAL"
bp-ewafra-00602,ewafra,https://acdn-us.mitiendanube.com/stores/001/946/809/products/buenos-3331-daee6373fc504c824c16877668847640-480-0.webp,FC-88436897,,"Tubo endotraqueal tipo Murphy sin globo 10 fr 2.5 mm SENSIMEDICAL"
bp-ewafra-00604,ewafra,https://acdn-us.mitiendanube.com/stores/001/946/809/products/buenos-3331-daee6373fc504c824c16877668847640-480-0.webp,FC-21992135,,"Tubo endotraqueal tipo Murphy sin globo 10 fr 2.5 mm SENSIMEDICAL"
bp-ewafra-00650,ewafra,https://acdn-us.mitiendanube.com/stores/001/946/809/products/buenos-3331-daee6373fc504c824c16877668847640-480-0.webp,FC-67971510,,"Tubo endotraqueal tipo Murphy sin globo 10 fr 2.5 mm SENSIMEDICAL"
bp-ewafra-00651,ewafra,https://acdn-us.mitiendanube.com/stores/001/946/809/products/buenos-3331-daee6373fc504c824c16877668847640-480-0.webp,FC-84749129,,"Tubo endotraqueal tipo Murphy sin globo 10 fr 2.5 mm SENSIMEDICAL"
bp-ewafra-00652,ewafra,https://acdn-us.mitiendanube.com/stores/001/946/809/products/buenos-3331-daee6373fc504c824c16877668847640-480-0.webp,FC-34416272,,"Tubo endotraqueal tipo Murphy sin globo 10 fr 2.5 mm SENSIMEDICAL"
bp-ewafra-435,ewafra,https://acdn-us.mitiendanube.com/stores/001/946/809/products/82-3f975bd636444b835917592628583208-480-0.webp,FC-34812505,,"Tubo Penrose de 1/2 Esteril"
bp-ewafra-764,ewafra,https://acdn-us.mitiendanube.com/stores/001/946/809/products/82-3f975bd636444b835917592628583208-480-0.webp,FC-01051594,,"Tubo Penrose de 1/4 Esteril"
bp-ewafra-t1256,ewafra,https://acdn-us.mitiendanube.com/stores/001/946/809/products/82-3f975bd636444b835917592628583208-480-0.webp,FC-97470157,,"Tubo Penrose de 3/4 Esteril"
bp-ewafra-847951,ewafra,https://acdn-us.mitiendanube.com/stores/001/946/809/products/82-3f975bd636444b835917592628583208-480-0.webp,FC-52220557,,"Tubo Penrose de 3/8 Esteril"
bp-ewafra-00309,ewafra,https://acdn-us.mitiendanube.com/stores/001/946/809/products/da255095-99a1-4eb7-b067-7a55ff20f073sv2014-02-14srbsigw38mqck0tjjskxefeyyoli2blwdipjmfz4chanjbewx43dst2022-05-18t213a053a07zse2122-05-18t213a153a07zspr-9dd7653c77c3061b3316872254942940-480-0.webp,FC-08699239,,"Venda Soffban 7.5 cm x 2.7 M Caja 12"