sku,ean,nombre,marca,presentacion,concentracion,forma_farmaceutica,categoria,subcategoria,linea,costo,techo,oferta,imagen_url,imagen_origen,nombre_lista
FC-70073706,3282770073706,Aderma Epitheliale Ah Crema Reparadora Tubo C,A-Derma,40 ml,,Crema,Cuidado personal,Dermatología,CICATRIZANTES,373.12,530,,https://gruporfp.vteximg.com.br/arquivos/ids/5133459/3282770073706_01.jpg,farmatodo,EPITHELIALE A.H. DUO 40ML
FC-95250441,3760095250441,Depiwhite Avanzado Crema intensiva anti-manchas,ACM,40 ml,,Crema,Cuidado personal,Dermatología,DESPIGMENTANTES,496.13,675,10+1,https://cdn.shopify.com/s/files/1/0088/1937/6188/products/DEPIWHITE-ADV-CREMA-40-ML.jpg,dermaexpress,DEPIWHITE CREMA DESPIGMENTANTE 40ML
FC-95255170,3760095255170,Depiwhite Crema Antimanchas Zonas Sensibles Despigmentante,ACM,50 ml,,Crema,Cuidado personal,Dermatología,DESPIGMENTANTES,294,400,10+1,https://cdn.shopify.com/s/files/1/0088/1937/6188/files/3760095255170.jpg,dermaexpress,DEPIWHITE CREMA ANTIMANCHAS ZONAS LOCALIZADAS 50ML
FC-95250205,3760095250205,Depiwhite Gel contorno de ojos,ACM,15 ml,,Gel,Cuidado personal,Dermatología,DESPIGMENTANTES,466.72,635,10+1,https://cdn.shopify.com/s/files/1/0088/1937/6188/products/DEPIWHITE-GEL-CONTORNO-OJO-15-ML.jpg,dermaexpress,DEPIWHITE GEL CONTORNO OJOS 15ML
FC-95250267,3760095250267,Depiwhite Leche corporal aclarante,ACM,200 ml,,,Cuidado personal,Dermatología,DESPIGMENTANTES,470.4,640,10+1,https://cdn.shopify.com/s/files/1/0088/1937/6188/products/depiwhiteleche.jpg,dermaexpress,DEPIWHITE LECHE CORPORAL ACLARANTE 200ML
FC-95250106,3760095250106,Depiwhite Mascarilla aclarante,ACM,40 ml,,,Cuidado personal,Dermatología,DESPIGMENTANTES,477.75,650,10+1,https://cdn.shopify.com/s/files/1/0088/1937/6188/products/DEPIWHITE-MASCARILLA-40-ML.jpg,dermaexpress,DEPIWHITE MASCARILLA 40ML
FC-95254272,3760095254272,Depiwhite Mousse Dermolimpiador aclarante,ACM,200 ml,,,Cuidado personal,Dermatología,DESPIGMENTANTES,411.6,560,10+1,https://cdn.shopify.com/s/files/1/0088/1937/6188/files/3760095254272.jpg,dermaexpress,DEPIWHITE MOUSSE DERMOLIMPIADOR ACLARANTE 200ML
FC-95255156,3760095255156,Depiwhite Suero Intensivo Antimanchas Despigmentante,ACM,30 ml,,,Cuidado personal,Dermatología,DESPIGMENTANTES,588,800.01,10+1,https://cdn.shopify.com/s/files/1/0088/1937/6188/files/3760095255156-1.jpg,dermaexpress,DEPIWHITE SUERO ANTIMANCHAS 30ML
FC-95254500,3760095254500,Novophane Chronic Loción anti-caída,ACM,100 ml,,,Cuidado personal,Dermatología,CAPILARES,595.35,810,10+1,https://cdn.shopify.com/s/files/1/0088/1937/6188/files/3760095254500.jpg,dermaexpress,NOVOPHANE LOCION CHRONIC 100ml
FC-95250199,3760095250199,Novophane K Shampoo anticaspa,ACM,125 ml,,,Cuidado personal,Dermatología,CAPILARES,213.15,290,10+1,https://cdn.shopify.com/s/files/1/0088/1937/6188/products/NOVOPHANE-K-CHAMPU-125-ML.jpg,dermaexpress,NOVOPHANE K SHAMPOO 125ML
FC-95250410,3760095250410,Novophane Shampoo anti-caída,ACM,200 ml,,,Cuidado personal,Dermatología,CAPILARES,360.15,490,10+1,https://cdn.shopify.com/s/files/1/0088/1937/6188/products/NOVOPHANE-ENERGIZANTE-CHAMPU-200-ML.jpg,dermaexpress,NOVOPHANE SHAMPOO 200ML
FC-95255125,3760095255125,Novophane Shampoo Suave Uso Frecuente,ACM,200 ml,,,Cuidado personal,Dermatología,CAPILARES,264.6,359.99,10+1,https://cdn.shopify.com/s/files/1/0088/1937/6188/files/3760095255125.jpg,dermaexpress,NOVOPHANE CHAMPU SUAVE  200 ml
FC-95255132,3760095255132,Novophane Shampoo Suave Uso Frecuente,ACM,500 ml,,,Cuidado personal,Dermatología,CAPILARES,477.75,649.99,10+1,https://cdn.shopify.com/s/files/1/0088/1937/6188/files/3760095255132.jpg,dermaexpress,NOVOPHANE CHAMPU SUAVE 500ML
FC-95250168,3760095250168,Novophane Suplemento,ACM,60 cápsulas,,Cápsulas,Cuidado personal,Dermatología,CAPILARES,793.8,1080,10+1,https://cdn.shopify.com/s/files/1/0088/1937/6188/files/3760095250168_4d60cf60-f00a-41cb-a2cf-f1c319e1a102.jpg,dermaexpress,NOVOPHANE C/60 CAPSULAS
FC-95252872,3760095252872,Rosakalm Agua micelar desmaquillante,ACM,250 ml,,,Cuidado personal,Dermatología,DESPIGMENTANTES,271.95,370,10+1,https://cdn.shopify.com/s/files/1/0088/1937/6188/files/3760095252872.jpg,dermaexpress,ACM ROSAKALM AGUA MICELAR 250ML
FC-95252803,3760095252803,Rosakalm Crema antirrojeces para rostro,ACM,40 ml,,Crema,Cuidado personal,Dermatología,DESPIGMENTANTES,349.12,475,10+1,https://cdn.shopify.com/s/files/1/0088/1937/6188/products/RosakalmCrema.jpg,dermaexpress,ROSAKALM CREMA ANTIROJECES ROSTRO 40ML
FC-95252933,3760095252933,Sedacalm Crema calmante para piel adulta,ACM,120 ml,,Crema,Cuidado personal,Dermatología,CAPILARES,367.5,500,10+1,https://cdn.shopify.com/s/files/1/0088/1937/6188/products/SedacalmCrema.jpg,dermaexpress,SEDACALM CREMA CALMANTE 120ML
FC-95252926,3760095252926,Sedacalm Shampoo calmante para cuero cabelludo sensible,ACM,200 ml,,,Cuidado personal,Dermatología,CAPILARES,367.5,500,10+1,https://cdn.shopify.com/s/files/1/0088/1937/6188/products/SedacalmShampoo.jpg,dermaexpress,SEDACALM SHAMPOO CALMANTE 200ML
FC-70209648,3282770209648,A-Cutalgan Spray reparador y calmante,Aderma,100 ml,,Spray,Cuidado personal,Dermatología,CICATRIZANTES,337.22,479,,https://cdn.shopify.com/s/files/1/0088/1937/6188/products/3282770209648.jpg,dermaexpress,A-CUTALGAN SPRAY 100ML
FC-70397673,3282770397673,A-Derma Exomega Control Crema de Noche Piel Atópica y Muy Seca,Aderma,400 ml,,Crema,Cuidado personal,Dermatología,LIMPIADORES,580.8,825,,https://cdn.shopify.com/s/files/1/0088/1937/6188/files/3282770397673_d7cb7a4f-d16a-4b8e-bbeb-652d3f1ca429.jpg,dermaexpress,EXOMGA CONTROL CREMA DE NOCH 400ML
FC-71057385,3282771057385,barra limpiadora para todo tipo de piel,Aderma,100 g,,,Cuidado personal,Dermatología,LIMPIADORES,147.84,209.99,,https://cdn.shopify.com/s/files/1/0088/1937/6188/products/3282771057385_2.jpg,dermaexpress,ADERMA BARRA 100GR
FC-70153002,3282770153002,Biology AC Gel espumoso para piel grasa,Aderma,400 ml,,Gel,Cuidado personal,Dermatología,ACNE,492.1,699,10+1,https://cdn.shopify.com/s/files/1/0088/1937/6188/files/3282770153002.jpg,dermaexpress,BIOLOGY AC GEL ESPUMOSO PURIFICANTE 400ML
FC-70152999,3282770152999,Biology AC Gel espumoso para piel grasa,Aderma,200 ml,,Gel,Cuidado personal,Dermatología,ACNE,393.54,559,10+1,https://cdn.shopify.com/s/files/1/0088/1937/6188/files/3282770152999.jpg,dermaexpress,BIOLOGY AC GEL ESPUMOSO PURIFICANTE 200ML
FC-70388916,3282770388916,Biology AC Global Crema hidratante anti-imperfecciones,Aderma,40 ml,,Crema,Cuidado personal,Dermatología,ACNE,506.18,719,10+1,https://cdn.shopify.com/s/files/1/0088/1937/6188/files/3282770388916_1.jpg,dermaexpress,BIOLOGY AC GLOBAL 40ML
FC-70388855,3282770388855,Biology AC Hydra Crema hidratante para piel mixta a grasa,Aderma,40 ml,,Crema,Cuidado personal,Dermatología,ACNE,463.93,659,10+1,https://cdn.shopify.com/s/files/1/0088/1937/6188/files/3282770388855_1.jpg,dermaexpress,BIOLOGY AC HYDRA 40ML
FC-70388886,3282770388886,Biology AC Perfect Tratamiento anti-imperfecciones,Aderma,40 ml,,,Cuidado personal,Dermatología,ACNE,548.41,779,10+1,https://cdn.shopify.com/s/files/1/0088/1937/6188/files/3282770388886_1.jpg,dermaexpress,BIOLOGY AC PERFECT 40ML
FC-70146691,3282770146691,Biology Anti-rojeces Crema calmante para piel con rosácea,Aderma,40 ml,,Crema,Cuidado personal,Dermatología,ACNE,449.85,639,10+1,https://cdn.shopify.com/s/files/1/0088/1937/6188/files/3282770146691_1.jpg,dermaexpress,BIOLOGY ANTIROJECES 40ML
FC-70146677,3282770146677,Biology Crema hidratante,Aderma,40 ml,,Crema,Cuidado personal,Dermatología,ACNE,386.5,549,10+1,https://cdn.shopify.com/s/files/1/0088/1937/6188/files/3282770146677_1.jpg,dermaexpress,BIOLOGY CREMA DERMATOLOGICA HIDRATANTE 40ML
FC-70154085,3282770154085,Biology Espuma limpiadora para piel normal a seca,Aderma,150 ml,,,Cuidado personal,Dermatología,ACNE,379.46,539.01,10+1,https://cdn.shopify.com/s/files/1/0088/1937/6188/files/3282770154085.jpg,dermaexpress,BIOLOGY ESPUMA LIMPIADORA 150ML
FC-70389333,3282770389333,Biology Hyalu Sérum reparador 3 en 1,Aderma,30 ml,,,Cuidado personal,Dermatología,ACNE,478.01,678.99,10+1,https://cdn.shopify.com/s/files/1/0088/1937/6188/files/3282770389333_1.jpg,dermaexpress,BIOLOGY HYALU SERUM 3 EN 1 30ML
FC-70104783,3282770104783,Cytelium Spray calmante para piel irritada,Aderma,100 ml,,Spray,Cuidado personal,Dermatología,CICATRIZANTES,351.29,499,10+1,https://cdn.shopify.com/s/files/1/0088/1937/6188/products/3282770104783-CYTELIUM-SPRAY-100ML-FRN.png,dermaexpress,CYTELIUM SPRAY 100ML
FC-71057392,3282771057392,Dermalibour Crema reparadora,Aderma,50 ml,,Crema,Cuidado personal,Dermatología,CICATRIZANTES,266.81,379,10+1,https://cdn.shopify.com/s/files/1/0088/1937/6188/products/3282771057392_1.jpg,dermaexpress,DERMALIBOUR CREMA 50ML
FC-70391008,3282770391008,Dermalibour+ Crema barrera protectora,Aderma,50 ml,,Crema,Cuidado personal,Dermatología,LIMPIADORES,294.98,419,10+1,https://cdn.shopify.com/s/files/1/0088/1937/6188/files/3282770391008.jpg,dermaexpress,DERMALIBOUR+ BARRERA CREMA PROTECTORA 50ML
FC-70398625,3282770398625,Dermopan Barra limpiadora para piel sensible,Aderma,100 g,,,Cuidado personal,Dermatología,LIMPIADORES,154.17,219,10+1,https://cdn.shopify.com/s/files/1/0088/1937/6188/files/3282770398625.jpg,dermaexpress,DERMOPAN BARRA DERMATOLOGICA CALMANTE FACIAL Y CORPORAL 100G
FC-70393712,3282770393712,Epitheliale Ultra Repair Bálsamo Hidratante,Aderma,50 g,,,Cuidado personal,Dermatología,CICATRIZANTES,259.77,369,10+1,https://cdn.shopify.com/s/files/1/0088/1937/6188/files/3282770393712_1.jpg,dermaexpress,EPITHELIALE ULTRA REPAIR BALSAMO HIDRATANTE ANTIARRUGAS 50G
FC-70398700,3282770398700,Epitheliale Ultra Repair Crema Reparadora Antimarcas SPF50+,Aderma,40 g,,Crema,Cuidado personal,Dermatología,CICATRIZANTES,421.7,599,10+1,https://cdn.shopify.com/s/files/1/0088/1937/6188/files/3282770398700_1.jpg,dermaexpress,EPITHELIALE ULTRA REPAIR CREMA REPARADORA ANTIMARCAS FPS50+ 40G
FC-70398632,3282770398632,"Epitheliale Ultra Repair, Crema Reparadora Antimarcas",Aderma,40 g,,Crema,Cuidado personal,Dermatología,CICATRIZANTES,386.5,549,10+1,https://cdn.shopify.com/s/files/1/0088/1937/6188/files/3282770398632_1.jpg,dermaexpress,EPITHELIALE ULTRA REPAIR CREMA REPARADORA ANTIMARCAS 40G
FC-70393842,3282770393842,Exomega Aceite dermolimpiador,Aderma,200 ml,,,Cuidado personal,Dermatología,LIMPIADORES,302.02,429,10+1,https://cdn.shopify.com/s/files/1/0088/1937/6188/files/3282770393842.jpg,dermaexpress,EXOMEGA CONTROL DERMOLIMPIADOR EN ACEITE EMOLIENTE 200ML
FC-70388701,3282770388701,Exomega Aceite dermolimpiador para piel seca,Aderma,500 ml,,,Cuidado personal,Dermatología,EMOLIENTES,372.41,528.99,10+1,https://cdn.shopify.com/s/files/1/0088/1937/6188/files/Diseno_sin_titulo_890a3d12-8b88-44cc-b055-cc3d5fcb0378.png,dermaexpress,EXOMEGA ACEITE ECO REFIL 500ML
FC-70149814,3282770149814,Exomega Control Bálsamo para pieles secas,Aderma,200 ml,,,Cuidado personal,Dermatología,EMOLIENTES,428.74,609,10+1,https://cdn.shopify.com/s/files/1/0088/1937/6188/files/Diseno_sin_titulo_1_4325f6f1-15c3-4f39-bcec-68083c284e29.png,dermaexpress,EXOMEGA CONTROL BALSAMO ECO-DISEÑO 200ML
FC-70073577,3282770073577,Exomega Control Crema anti-comezón para piel atópica,Aderma,400 ml,,Crema,Cuidado personal,Dermatología,EMOLIENTES,527.3,749,10+1,https://cdn.shopify.com/s/files/1/0088/1937/6188/products/3282770073577_1.jpg,dermaexpress,EXOMEGA CONTROL CREMA 400ML
FC-70149678,3282770149678,Exomega Control Crema calmante,Aderma,200 ml,,Crema,Cuidado personal,Dermatología,EMOLIENTES,428.74,609,10+1,https://cdn.shopify.com/s/files/1/0088/1937/6188/files/3282770149678_1.jpg,dermaexpress,EXOMEGA CONTROL CREMA ECO-DISEÑO 200ML
FC-70074628,3282770074628,Exomega Control Crema calmante para piel seca,Aderma,400 ml,,Crema,Cuidado personal,Dermatología,EMOLIENTES,527.3,749,10+1,https://cdn.shopify.com/s/files/1/0088/1937/6188/products/3282770074628-M-EXO-BALSAMO-CONTROL-400_44d468b8-9378-4366-8618-e0f0b835ade4.png,dermaexpress,EXOMEGA CONTROL BALSAMO 400ML
FC-70397666,3282770397666,Exomega Control Crema de noche anti comezón,Aderma,200 ml,,Crema,Cuidado personal,Dermatología,EMOLIENTES,449.15,638,10+1,https://cdn.shopify.com/s/files/1/0088/1937/6188/files/3282770397666.jpg,dermaexpress,EXOMEGA CONTROL CREMA DE NOCHE 200ML
FC-70393859,3282770393859,Exomega Control Dermolimpiador en aceite emoliente,Aderma,500 ml,,,Cuidado personal,Dermatología,LIMPIADORES,449.85,639,10+1,https://cdn.shopify.com/s/files/1/0088/1937/6188/files/3282770393859_1.jpg,dermaexpress,EXOMEGA CONTROL DERMOLIMPIADOR EN ACEITE EMOLIENTE 500ML
FC-79285216,3282779285216,Exomega Gel dermolimpiador para piel seca,Aderma,500 ml,,Gel,Cuidado personal,Dermatología,LIMPIADORES,449.85,639,10+1,https://cdn.shopify.com/s/files/1/0088/1937/6188/products/3282779285216_1.jpg,dermaexpress,EXOMEGA GEL DERMOLIMPIADOR 500ML
FC-70074239,3282770074239,Exomega Gel limpiador para bebé,Aderma,200 ml,,Gel,Cuidado personal,Dermatología,LIMPIADORES,302.02,429,10+1,https://cdn.shopify.com/s/files/1/0088/1937/6188/products/3282770074239.jpg,dermaexpress,EXOMEGA BABY GEL 200ML
FC-70074635,3282770074635,Exomega Lait Leche hidratante para piel seca con tendencia atópica,Aderma,400 ml,,,Cuidado personal,Dermatología,EMOLIENTES,527.3,749,10+1,https://cdn.shopify.com/s/files/1/0088/1937/6188/products/3282770074635-M-EXOMEGA-LOCION-400ML.png,dermaexpress,EXOMEGA LAIT 400ML
FC-70139181,3282770139181,Exomega Spray calma la comezón y reduce las rojeces,Aderma,200 ml,,Spray,Cuidado personal,Dermatología,EMOLIENTES,449.85,639,10+1,https://cdn.shopify.com/s/files/1/0088/1937/6188/products/3282770139181.jpg,dermaexpress,EXOMEGA SPRAY 200ML
FC-79522656,3282779522656,Xera-Mega Crema hidratante para piel frágil,Aderma,400 ml,,Crema,Cuidado personal,Dermatología,EMOLIENTES,414.58,588.89,10+1,https://cdn.shopify.com/s/files/1/0088/1937/6188/products/3282779522656_1.jpg,dermaexpress,XERACONFORT CREMA 400ML
FC-58214278,7501258214278,Antinocil 100 mg Caja,Advaita,C/10 Tabletas,100 mg,Tabletas,Cuidado personal,Dermatología,MEDICAMENTO,433.46,698.95,10+1,https://gruporfp.vteximg.com.br/arquivos/ids/6999937/7501258214278_01.jpg,farmatodo,ANTINOCIL 100MG C/10TABLETAS
FC-58210270,7501258210270,Astopil Espuma 5% tratamiento para alopecia,Advaita,15 g,,,Cuidado personal,Dermatología,CAPILARES,213.1,343.63,10+1,https://cdn.shopify.com/s/files/1/0088/1937/6188/products/PSASTOPIL15G1.jpg,dermaexpress,ASTOPIL 5.0% ESPUMA 15GR
FC-58210010,7501258210010,Astopil Espuma 5% tratamiento para alopecia,Advaita,60 g,,,Cuidado personal,Dermatología,CAPILARES,487.1,785.45,10+1,https://cdn.shopify.com/s/files/1/0088/1937/6188/products/PSASTOPIL60G1.jpg,dermaexpress,ASTOPIL 5.0% ESPUMA 60GR
FC-58215336,7501258215336,Cicadona Crema corrección y restauración de cicatrices,Advaita,15 g,,Crema,Cuidado personal,Dermatología,CICATRIZANTES,290.44,468.34,10+1,https://cdn.shopify.com/s/files/1/0088/1937/6188/files/CICA_COMBO_15_2000x_1024x_e8ef54f3-d2e7-4883-a8e2-8c8aadb32e28.webp,dermaexpress,CICADONA CREMA 15GR
FC-58214834,7501258214834,Cicadona Crema corrección y restauración de cicatrices,Advaita,40 g,,Crema,Cuidado personal,Dermatología,CICATRIZANTES,763.16,1230.62,10+1,https://cdn.shopify.com/s/files/1/0088/1937/6188/files/Cicadona-Crema-Tubo-40Gr.jpg,dermaexpress,CICADONA CREMA 40GR
FC-58216296,7501258216296,Cicadona Perfinodina,Advaita,5 g,,,Cuidado personal,Dermatología,LANZAMIENTOS 2026,129.49,208.8,10+1,,,CICADONA PERFINODINA 5G
FC-58200011,7501258200011,Dalidome Polvo en sobres 12 x,Advaita,2 g,,Sobres,Cuidado personal,Dermatología,MEDICAMENTO,263.35,400,10+1,https://cdn.shopify.com/s/files/1/0088/1937/6188/files/7501258200011.png,dermaexpress,DALIDOME POLVO 12 SOBRES 2.2GR
FC-58215909,7501258215909,Derluma,Advaita,30 g,,Gel,Cuidado personal,Dermatología,MEDICAMENTO,613.23,990,10+1,,,DERLUMA GEL 30G
FC-58215893,7501258215893,Derluma 5 mg Ungüento C,Advaita,30 g,5 mg,Ungüento,Cuidado personal,Dermatología,MEDICAMENTO,607.03,980,10+1,https://gruporfp.vteximg.com.br/arquivos/ids/7013553/7501258215893_01.jpg,farmatodo,DERLUMA 30G
FC-58212687,7501258212687,Dermalive,Advaita,30 g,,Crema,Cuidado personal,Dermatología,MEDICAMENTO,342.54,552.35,10+1,https://cdn.shopify.com/s/files/1/0088/1937/6188/products/DERMA_IND_F_1200_72.jpg,dermaexpress,DERMALIVE CREMA 30GR
FC-58200028,7501258200028,Domeboro Polvo 12 Sobres de,Advaita,2 g,,Sobres,Cuidado personal,Dermatología,MEDICAMENTO,271.27,412.02,10+1,https://cdn.shopify.com/s/files/1/0088/1937/6188/files/PTAD0005Domeboro1.jpg,dermaexpress,DOMEBORO POLVO 12 SOBRES 2.2GR
FC-58214445,7501258214445,Duosight,Advaita,30 g,,Gel,Cuidado personal,Dermatología,MEDICAMENTO,590.93,952.89,10+1,,,DUOSIGHT GEL 30GR
FC-58208697,7501258208697,Leneda Gel 1%,Advaita,30 g,,Gel,Cuidado personal,Dermatología,MEDICAMENTO,452.98,730.44,10+1,https://cdn.shopify.com/s/files/1/0088/1937/6188/products/CLeneda0_130gGel.jpg,dermaexpress,LENEDA 1% GEL 30GR
FC-58208901,7501258208901,Leneda Gel 3%,Advaita,30 g,,Gel,Cuidado personal,Dermatología,MEDICAMENTO,640.73,1033.19,10+1,https://cdn.shopify.com/s/files/1/0088/1937/6188/products/CLeneda0_330gGel.jpg,dermaexpress,LENEDA 3% GEL 30GR
FC-58209946,7501258209946,Medamestroid Ungüento 0.1% Tubo C,Advaita,30 g,,Ungüento,Cuidado personal,Dermatología,MEDICAMENTO,451.22,727.6,10+1,https://gruporfp.vteximg.com.br/arquivos/ids/7000149/7501258209946_01.jpg,farmatodo,MEDAMESTROID UNGUENTO 30GR
FC-58215350,7501258215350,Pilovait 1 mg Caja,Advaita,C/30 Tabletas,1 mg,Tabletas,Cuidado personal,Dermatología,CAPILARES,879.57,1418.32,10+1,https://gruporfp.vteximg.com.br/arquivos/ids/7000165/7501258215350_01.jpg,farmatodo,PILOVAIT 1MG C/30TABLETAS
FC-58215367,7501258215367,Pilovait 1 mg Caja,Advaita,C/60 Tabletas,1 mg,Tabletas,Cuidado personal,Dermatología,CAPILARES,1294.46,2087.33,10+1,https://gruporfp.vteximg.com.br/arquivos/ids/7000167/7501258215367_01.jpg,farmatodo,PILOVAIT 1MG C/60TABLETAS
FC-58200080,7501258200080,Soyaloid Polvo c/ 1 Sobre de,Advaita,90 g,,Sobres,Cuidado personal,Dermatología,MEDICAMENTO,171.84,261,10+1,https://cdn.shopify.com/s/files/1/0088/1937/6188/products/SOYALOID_CAJA_3_4_D_1200_72.jpg,dermaexpress,SOYALOID POLVO 90GR C/1 SOBRE
FC-58215756,7501258215756,Tissusan,Advaita,15 g,,,Cuidado personal,Dermatología,LANZAMIENTOS 2026,161.85,261,10+1,,,TISSUSAN 15G
FC-58215749,7501258215749,Tissusan,Advaita,40 g,,Crema,Cuidado personal,Dermatología,MEDICAMENTO,400.04,645.07,10+1,,,TISSUSAN CREMA 40G
FC-58203227,7501258203227,Traderma 0.03%,Advaita,30 g,,,Cuidado personal,Dermatología,MEDICAMENTO,892.11,1438.54,10+1,https://cdn.shopify.com/s/files/1/0088/1937/6188/products/Traderma0_3CT30g.jpg,dermaexpress,TRADERMA 0.03% UNGUENTO 30GR
FC-58203234,7501258203234,Traderma 0.1%,Advaita,30 g,,,Cuidado personal,Dermatología,MEDICAMENTO,1078.68,1739.38,10+1,https://cdn.shopify.com/s/files/1/0088/1937/6188/products/Traderma0_1CT30g.jpg,dermaexpress,TRADERMA 0.1% UNGUENTO 30GR
FC-58214285,7501258214285,Traderma Gel 0.1%,Advaita,10 g,,Gel,Cuidado personal,Dermatología,MEDICAMENTO,421.69,679.98,10+1,https://cdn.shopify.com/s/files/1/0088/1937/6188/products/TRADERMA_COMBO_1200.jpg,dermaexpress,TRADERMA 0.01% UNGUENTO 10GR
FC-58210331,7501258210331,Tsuyoi Crema 0.05 % Tubo C,Advaita,50 g,,Crema,Cuidado personal,Dermatología,MEDICAMENTO,501.75,810.02,10+1,https://gruporfp.vteximg.com.br/arquivos/ids/7011181/7501258210331_01.jpg,farmatodo,TSUYOI 0.05% tubo 50 gr cma Clobetasol
FC-58211901,7501258211901,Valinir 500 mg Caja,Advaita,C/10 Tabletas,500 mg,Tabletas,Cuidado personal,Dermatología,MEDICAMENTO,581.28,938.42,10+1,https://gruporfp.vteximg.com.br/arquivos/ids/6999936/7501258211901_01.jpg,farmatodo,VALINIR C/10 TABLETAS 500MG
FC-79097554,5201279097554,Acondicionador Hidratante con Acido Hialurónico,Apivita,150 ml,,,Cuidado personal,Dermatología,CAPILARES,245,350,,,,ACONDICIONADOR HIDRATANTE CON ACIDO HIALURÓNICO 150ML
FC-79086558,5201279086558,Acondicionador para cabello fino y debilitado,Apivita,150 ml,,,Cuidado personal,Dermatología,CAPILARES,245,350,,https://cdn.shopify.com/s/files/1/0088/1937/6188/files/5201279086558_1.jpg,dermaexpress,ACONDICIONADOR PARA CABELLO DEBIL 150ML
FC-79071738,5201279071738,Acondicionador para raíz grasa y puntas secas,Apivita,150 ml,,,Cuidado personal,Dermatología,CAPILARES,245,350,,https://cdn.shopify.com/s/files/1/0088/1937/6188/files/5201279071738_1.jpg,dermaexpress,ACONDICIONADOR PARA RAIZ GRASA Y PUNTAS SECAS 150ML
FC-79072933,5201279072933,Agua micelar limpiadora con rosa y miel,Apivita,300 ml,,,Cuidado personal,Dermatología,LIMPIADORES,342.48,489.25,,https://cdn.shopify.com/s/files/1/0088/1937/6188/files/5201279072933_1.jpg,dermaexpress,AGUA MICELAR LIMPIADORA 300ML
FC-79078898,5201279078898,Aqua Beelicious Contorno de ojos gel hidratante,Apivita,15 ml,,Gel,Cuidado personal,Dermatología,HIDRATANTES,412.99,590,,https://cdn.shopify.com/s/files/1/0088/1937/6188/files/5201279078898_1.jpg,dermaexpress,AQUA BEELICIOUS CONTORNO DE OJOS HIDRATANTE 15ML
FC-79078881,5201279078881,Aqua Beelicious Crema Hidratante con Ceramidas,Apivita,40 ml,,Crema,Cuidado personal,Dermatología,HIDRATANTES,528.67,755.25,,https://cdn.shopify.com/s/files/1/0088/1937/6188/files/5201279078881_1.jpg,dermaexpress,AQUA BEELICIOUS CREMA HIDRATANTE 40ML
FC-79078874,5201279078874,Aqua Beelicious Crema hidratante matificante,Apivita,40 ml,,Crema,Cuidado personal,Dermatología,HIDRATANTES,528.67,755.25,,https://cdn.shopify.com/s/files/1/0088/1937/6188/files/5201279078874_1.jpg,dermaexpress,AQUA BEELICIOUS CREMA OILFREE HIDRATANTE 40ML
FC-79078904,5201279078904,Aqua Beelicious Sérum booster con ácido hialurónico,Apivita,30 ml,,,Cuidado personal,Dermatología,HIDRATANTES,553,789.99,,https://cdn.shopify.com/s/files/1/0088/1937/6188/files/apivita-aqua-beelicious-refreshing-hydrating-booster-30ml.jpg,dermaexpress,AQUA BEELICIOUS SUERO HIDRATANTE 30ML
FC-79085216,5201279085216,Bee Radiant Contorno de ojos anti-fatiga,Apivita,15 ml,,,Cuidado personal,Dermatología,ANTIEDAD,498.75,712.5,,https://cdn.shopify.com/s/files/1/0088/1937/6188/files/5201279085216.jpg,dermaexpress,BEE RADIANT CONTORNO DE OJOS 15ML
FC-79074241,5201279074241,Bee Radiant Gel-Crema antiedad y anti-fatiga,Apivita,50 ml,,Crema,Cuidado personal,Dermatología,ANTIEDAD,661.68,945.25,,https://cdn.shopify.com/s/files/1/0088/1937/6188/files/5201279074241_1.jpg,dermaexpress,BEE RADIANT CREMA HIDRATANTE LIGERA 50ML
FC-79074289,5201279074289,Bee Radiant Sérum antiedad y anti-fatiga,Apivita,30 ml,,,Cuidado personal,Dermatología,ANTIEDAD,864.5,1235.01,,https://cdn.shopify.com/s/files/1/0088/1937/6188/files/5201279074289_1.jpg,dermaexpress,BEE RADIANT SUERO PRIMERAS LINEAS DE EXPRESIÓN 30ML
FC-79100575,5201279100575,Bee Sun Safe Crema antiedad y antimanchas SPF50,Apivita,50 ml,,Crema,Cuidado personal,Dermatología,SOLARES,455,649.99,,https://cdn.shopify.com/s/files/1/0088/1937/6188/files/5201279100575_1.jpg,dermaexpress,BEE SUN SAFE PROTECTOR ANTI MANCHAS PARA ROSTRO SPF50 50ML
FC-79088484,5201279088484,Bee Sun Safe Fluido invisible toque seco SPF50,Apivita,50 ml,,Fluido,Cuidado personal,Dermatología,SOLARES,455,649.99,,https://cdn.shopify.com/s/files/1/0088/1937/6188/files/5201279088484_1.jpg,dermaexpress,BEE SUN SAFE FLUIDO TOQUE SECO INVISIBLE PARA ROSTRO SPF50 50ML
FC-79080174,5201279080174,Bee Sun Safe Hydra Fresh Gel-Crema con Color SPF50,Apivita,50 ml,,Crema,Cuidado personal,Dermatología,SOLARES,434,620,,https://cdn.shopify.com/s/files/1/0088/1937/6188/files/5201279080174_1.jpg,dermaexpress,BEE SUN SAFE GEL PARA ROSTRO CON COLOR SPF50 50ML
FC-79080167,5201279080167,Bee Sun Safe Hydra Fresh Gel-crema facial SPF50,Apivita,50 ml,,Crema,Cuidado personal,Dermatología,SOLARES,412.99,590,,https://cdn.shopify.com/s/files/1/0088/1937/6188/files/5201279080167_1.jpg,dermaexpress,BEE SUN SAFE GEL PARA ROSTRO SPF50 50ML
FC-79088477,5201279088477,Bee Sun Safe Hydra Protector aceite capilar,Apivita,100 ml,,,Cuidado personal,Dermatología,SOLARES,308,440,,https://cdn.shopify.com/s/files/1/0088/1937/6188/files/5201279088477_1.jpg,dermaexpress,BEE SUN SAFE ACEITE PROTECTOR PARA CABELLO 100ML
FC-79080228,5201279080228,Bee Sun Safe Protector solar en spray ultraligero SPF50,Apivita,200 ml,,Spray,Cuidado personal,Dermatología,SOLARES,504,720,,https://cdn.shopify.com/s/files/1/0088/1937/6188/files/5201279080228_1.jpg,dermaexpress,BEE SUN SAFE SPRAY ULTRA LIGERO SPF50 ROSTRO Y CUERPO 200ML
FC-79094225,5201279094225,Beevine Elixir Crema contorno de ojos y labios,Apivita,15 ml,,Crema,Cuidado personal,Dermatología,ANTIEDAD,681.63,973.75,,https://cdn.shopify.com/s/files/1/0088/1937/6188/files/5201279094225_1.jpg,dermaexpress,BEEVINE CONTORNO DE OJOS EFECTO LIFT 15ML
FC-79094188,5201279094188,Beevine Elixir Crema Ligera Lift y Firmeza,Apivita,50 ml,,Crema,Cuidado personal,Dermatología,ANTIEDAD,950.94,1358.5,,https://cdn.shopify.com/s/files/1/0088/1937/6188/files/5201279094188_1.jpg,dermaexpress,BEEVINE CREMA REAFIRMANTE 50ML
FC-79094218,5201279094218,Beevine Elixir Sérum Reafirmante Antiarrugas,Apivita,30 ml,,,Cuidado personal,Dermatología,ANTIEDAD,990.85,1415.5,,https://cdn.shopify.com/s/files/1/0088/1937/6188/files/5201279094218_1.jpg,dermaexpress,BEEVINE SUERO REAFIRMANTE 30ML
FC-79073350,5201279073350,Crema de Manos con Jazmin Textura Ligera,Apivita,50 ml,,Crema,Cuidado personal,Dermatología,HIDRATANTES,178.88,255.55,,https://cdn.shopify.com/s/files/1/0088/1937/6188/files/5201279073350_1.jpg,dermaexpress,CREMA DE MANOS CON JAZMIN TEXTURA LIGERA 50ML
FC-79073343,5201279073343,Crema de manos intensiva con ácido hialurónico,Apivita,50 ml,,Crema,Cuidado personal,Dermatología,HIDRATANTES,178.88,255.55,,https://cdn.shopify.com/s/files/1/0088/1937/6188/files/5201279073343_1.jpg,dermaexpress,CREMA DE MANOS CON MIEL TEXTURA RICA 50ML
FC-79073367,5201279073367,Crema para manos secas y agrietadas,Apivita,50 ml,,Crema,Cuidado personal,Dermatología,HIDRATANTES,178.88,255.55,,https://cdn.shopify.com/s/files/1/0088/1937/6188/files/5201279073367_1.jpg,dermaexpress,CREMA DE MANOS CON HIPERICUM TEXTURA RICA 50ML
FC-79072827,5201279072827,Espuma limpiadora facial formato viaje,Apivita,75 ml,,,Cuidado personal,Dermatología,LIMPIADORES,119,170,,https://cdn.shopify.com/s/files/1/0088/1937/6188/files/5201279072827_1.jpg,dermaexpress,MINI ESPUMA LIMPIADORA ROSTRO Y OJOS 75ML
FC-79072834,5201279072834,Espuma limpiadora facial para rostro y ojos,Apivita,200 ml,,,Cuidado personal,Dermatología,HIDRATANTES,365.09,521.55,,https://cdn.shopify.com/s/files/1/0088/1937/6188/files/5201279072834_1.jpg,dermaexpress,JUST BEE CLEAR CREMA MATIFICANTE 40ML
FC-79076849,5201279076849,Express Beauty Mascarilla facial reafirmante 2 x,Apivita,8 ml,,,Cuidado personal,Dermatología,ANTIEDAD,111.3,159,,https://cdn.shopify.com/s/files/1/0088/1937/6188/files/5201279076849.jpg,dermaexpress,EXPRESS MASCARILLA FACIAL REAFIRMANTE JALEA REAL 2X8ML
FC-79097561,5201279097561,formato viaje Acondicionador Hidratante,Apivita,50 ml,,,Cuidado personal,Dermatología,CAPILARES,119,170,,https://cdn.shopify.com/s/files/1/0088/1937/6188/files/5201279097561_1.jpg,dermaexpress,MINI ACONDICIONADOR HIDRATANTE 50ML
FC-79097615,5201279097615,formato viaje Acondicionador suave uso diario,Apivita,50 ml,,,Cuidado personal,Dermatología,CAPILARES,119,170,,https://cdn.shopify.com/s/files/1/0088/1937/6188/files/5201279097615_1.jpg,dermaexpress,MINI ACONDICIONADOR USO FRECUENTE CON MIEL 50ML
FC-79082826,5201279082826,formato Viaje Shampoo Anticaída para Hombres,Apivita,75 ml,,,Cuidado personal,Dermatología,CAPILARES,119,170,,https://cdn.shopify.com/s/files/1/0088/1937/6188/files/10-10-08-180_1.webp,dermaexpress,MINI SHAMPOO ANTI CAIDA PARA CABALLERO 75ML
FC-79085650,5201279085650,formato Viaje Shampoo con ácido hialurónico,Apivita,75 ml,,,Cuidado personal,Dermatología,CAPILARES,119,170,,https://cdn.shopify.com/s/files/1/0088/1937/6188/files/5201279085650_1.jpg,dermaexpress,MINI SHAMPOO HIDRATANTE CON ACIDO HIALURÓNICO 75ML
FC-79071752,5201279071752,Formato Viaje Shampoo Uso Frecuente,Apivita,75 ml,,,Cuidado personal,Dermatología,CAPILARES,119,170,,https://cdn.shopify.com/s/files/1/0088/1937/6188/files/5201279071752_1.jpg,dermaexpress,MINI SHAMPOO USO FRECUENTE CON MIEL 75ML
FC-79072889,5201279072889,Gel Purificante rostro para pieles grasas,Apivita,200 ml,,Gel,Cuidado personal,Dermatología,LIMPIADORES,365.09,521.55,,https://cdn.shopify.com/s/files/1/0088/1937/6188/files/5201279072889_1.jpg,dermaexpress,GEL LIMPIADOR PARA PIEL MIXTA A GRASA 200ML
FC-79073176,5201279073176,"Jabón en barra natural con miel, limpieza suave",Apivita,125 g,,,Cuidado personal,Dermatología,LIMPIADORES,172.24,246.05,,https://cdn.shopify.com/s/files/1/0088/1937/6188/files/5201279073176_1.jpg,dermaexpress,JABÓN CON MIEL 125G
FC-79073152,5201279073152,Jabón en barra natural con propóleo para piel grasa,Apivita,125 g,,,Cuidado personal,Dermatología,LIMPIADORES,172.24,246.05,,https://cdn.shopify.com/s/files/1/0088/1937/6188/files/5201279073152_1.jpg,dermaexpress,JABÓN CON PROPÓLEO 125G
FC-79097981,5201279097981,Just Bee Clear Crema matificante,Apivita,40 ml,,Crema,Cuidado personal,Dermatología,LIMPIADORES,462.18,660.25,,https://cdn.shopify.com/s/files/1/0088/1937/6188/files/5201279097981_1.jpg,dermaexpress,JUST BEE CLEAR CREMA MATIFICANTE 40ML
FC-79099244,5201279099244,Just Bee Clear Limpiador purificante para piel grasa,Apivita,200 ml,,,Cuidado personal,Dermatología,LIMPIADORES,365.09,521.55,,https://cdn.shopify.com/s/files/1/0088/1937/6188/files/5201279099244_1.jpg,dermaexpress,JUST BEE CLEAR LIMPIADOR PARA PIEL MIXTA A GRASA 200ML
FC-79094614,5201279094614,Keratin Repair Acondicionador nutritivo,Apivita,150 ml,,,Cuidado personal,Dermatología,CAPILARES,245,350,,https://cdn.shopify.com/s/files/1/0088/1937/6188/files/5201279094614.jpg,dermaexpress,ACONDICIONADOR REPARADOR CON MIEL Y KERATINA 150ML
FC-79094621,5201279094621,Keratin Repair Mascarilla nutritiva,Apivita,200 ml,,,Cuidado personal,Dermatología,CAPILARES,336.01,480,,https://cdn.shopify.com/s/files/1/0088/1937/6188/files/5201279094621_1.jpg,dermaexpress,MASCARILLA REPARADORA CON MIEL Y KERATINA 200ML
FC-79094607,5201279094607,Keratin Repair Shampoo nutritivo y reparador,Apivita,250 ml,,,Cuidado personal,Dermatología,CAPILARES,259,370.01,,https://cdn.shopify.com/s/files/1/0088/1937/6188/files/5201279094607_1.jpg,dermaexpress,SHAMPOO REPARADOR CON MIEL Y KERATINA 250ML
FC-79073503,5201279073503,Loción tratamiento para la caída de cabello,Apivita,150 ml,,,Cuidado personal,Dermatología,CAPILARES,693,990,,https://cdn.shopify.com/s/files/1/0088/1937/6188/files/5201279073503_1.jpg,dermaexpress,LOCIÓN EN SPRAY ANTI CAIDA 150ML
FC-79081829,5201279081829,Mascarilla contorno de ojos antioxidante 2 x,Apivita,2 ml,,,Cuidado personal,Dermatología,HIDRATANTES,104.3,149,,https://cdn.shopify.com/s/files/1/0088/1937/6188/files/5201279081829_1.jpg,dermaexpress,EXPRESS MASCARILLA PARA OJOS 2X2ML
FC-79072193,5201279072193,Mascarilla facial de arcilla verde limpieza profunda 2 x,Apivita,8 ml,,,Cuidado personal,Dermatología,LIMPIADORES,104.3,149,,https://cdn.shopify.com/s/files/1/0088/1937/6188/files/5201279072193_1.jpg,dermaexpress,EXPRESS MASCARILLA FACIAL ARCILLA VERDE 2X8ML
FC-79072223,5201279072223,Mascarilla facial exfoliante suave con chabacano 2 x,Apivita,8 ml,,,Cuidado personal,Dermatología,HIDRATANTES,104.3,149,,https://cdn.shopify.com/s/files/1/0088/1937/6188/files/5201279072223_1.jpg,dermaexpress,EXPRESS EXFOLIANTE FACIAL SUAVE 2X8ML
FC-79081805,5201279081805,Mascarilla facial hidratante con pepino 2 x,Apivita,8 ml,,,Cuidado personal,Dermatología,LIMPIADORES,104.3,149,,https://cdn.shopify.com/s/files/1/0088/1937/6188/files/5201279081805.jpg,dermaexpress,EXPRESS MASCARILLA FACIAL HIDRATANTE PEPINO 2X8ML
FC-79081782,5201279081782,Mascarilla facial iluminadora con naranja 2 x,Apivita,8 ml,,,Cuidado personal,Dermatología,CAPILARES,97.3,139,,https://cdn.shopify.com/s/files/1/0088/1937/6188/files/5201279081782_1.jpg,dermaexpress,EXPRESS MASCARILLA CAPILAR NARANJA 2X8ML
FC-79097578,5201279097578,Mascarilla Hidratante con Acido Hialuronico,Apivita,200 ml,,,Cuidado personal,Dermatología,CAPILARES,308,440,,,,MASCARILLA HIDRATANTE CON ACIDO HIALURONICO 200ML
FC-79100599,5201279100599,Protector Antiedad y Antimanchas color dorado SPF50,Apivita,50 ml,,,Cuidado personal,Dermatología,SOLARES,455,649.99,,https://cdn.shopify.com/s/files/1/0088/1937/6188/files/5201279100599_1.jpg,dermaexpress,BEE SUN SAFE PROTECTOR ANTI MANCHAS PARA ROSTRO TONO DORADO SPF50 50ML
FC-79100582,5201279100582,Protector Antiedad y Antimanchas con color SPF50,Apivita,50 ml,,,Cuidado personal,Dermatología,SOLARES,455,649.99,,https://cdn.shopify.com/s/files/1/0088/1937/6188/files/5201279100582.jpg,dermaexpress,BEE SUN SAFE PROTECTOR ANTI MANCHAS PARA ROSTRO CON COLOR SPF50 50ML
FC-79080969,5201279080969,Queen Bee Contorno de ojos antiedad,Apivita,15 ml,,,Cuidado personal,Dermatología,ANTIEDAD,924.35,1320.5,,https://cdn.shopify.com/s/files/1/0088/1937/6188/files/5201279080969_1.jpg,dermaexpress,QUEEN BEE CONTORNO DE OJOS ANTI EDAD 15ML
FC-79080945,5201279080945,Queen Bee Crema de Noche Regeneradora Antiedad,Apivita,50 ml,,Crema,Cuidado personal,Dermatología,ANTIEDAD,1093.93,1562.75,,https://cdn.shopify.com/s/files/1/0088/1937/6188/files/5201279080945_1.jpg,dermaexpress,QUEEN BEE CREMA DE NOCHE 50ML
FC-79098391,5201279098391,Queen Bee Crema Regeneradora Antiedad Absoluto,Apivita,50 ml,,Crema,Cuidado personal,Dermatología,ANTIEDAD,1093.93,1562.75,,https://cdn.shopify.com/s/files/1/0088/1937/6188/files/5201279098391_1.jpg,dermaexpress,QUEEN BEE CREMA ANTI EDAD 50ML
FC-79080952,5201279080952,Queen Bee Sérum regenerador antiedad,Apivita,30 ml,,,Cuidado personal,Dermatología,ANTIEDAD,1123.85,1605.5,,https://cdn.shopify.com/s/files/1/0088/1937/6188/files/5201279080952_1.jpg,dermaexpress,QUEEN BEE SUERO ANTI EDAD 30ML
FC-79074210,5201279074210,Royal Honey Body Cream para piel seca,Apivita,150 ml,,,Cuidado personal,Dermatología,LIMPIADORES,315,450,,https://cdn.shopify.com/s/files/1/0088/1937/6188/files/5201279074210_1.jpg,dermaexpress,ROYAL HONEY LOCIÓN CORPORAL CON MIEL 150ML
FC-79073220,5201279073220,Royal Honey Gel de ducha,Apivita,250 ml,,Gel,Cuidado personal,Dermatología,LIMPIADORES,259,370.01,,https://cdn.shopify.com/s/files/1/0088/1937/6188/files/5201279073220_1.jpg,dermaexpress,ROYAL HONEY GEL LIMPIADOR CON MIEL 250ML
FC-79082833,5201279082833,Shampoo anticaída para mujeres formato viaje,Apivita,75 ml,,,Cuidado personal,Dermatología,CAPILARES,119,170,,https://cdn.shopify.com/s/files/1/0088/1937/6188/files/10-10-08-181_1.webp,dermaexpress,MINI SHAMPOO ANTI CAIDA PARA DAMA 75ML
FC-79077822,5201279077822,Shampoo anticaída tonificante para hombres,Apivita,250 ml,,,Cuidado personal,Dermatología,CAPILARES,294,420,,https://cdn.shopify.com/s/files/1/0088/1937/6188/files/5201279077822_1.jpg,dermaexpress,SHAMPOO ANTI CAIDA PARA CABALLERO 250ML
FC-79077839,5201279077839,Shampoo anticaída tonificante para mujeres,Apivita,250 ml,,,Cuidado personal,Dermatología,CAPILARES,294,420,,https://cdn.shopify.com/s/files/1/0088/1937/6188/files/5201279077839_1.jpg,dermaexpress,SHAMPOO ANTI CAÍDA PARA DAMA 250ML
FC-79080402,5201279080402,Shampoo anticaspa para cuero cabelludo graso,Apivita,250 ml,,,Cuidado personal,Dermatología,CAPILARES,294,420,,https://cdn.shopify.com/s/files/1/0088/1937/6188/files/51Q1mTsOtnL._AC_UL600_SR600_600.jpg,dermaexpress,SHAMPOO CONTRA LAS CASPAS GRASAS 250ML
FC-79080419,5201279080419,Shampoo anticaspa seca con apio y propóleo,Apivita,250 ml,,,Cuidado personal,Dermatología,CAPILARES,294,420,,https://cdn.shopify.com/s/files/1/0088/1937/6188/files/5201279080419_1.jpg,dermaexpress,SHAMPOO CONTRA LAS CASPAS SECAS 250ML
FC-79073015,5201279073015,Shampoo Hidratante con Acido Hialurónico,Apivita,250 ml,,,Cuidado personal,Dermatología,CAPILARES,259,370.01,,,,SHAMPOO HIDRATANTE CON ACIDO HIALURÓNICO 250ML
FC-79079352,5201279079352,Shampoo natural suave con manzanilla y miel,Apivita,250 ml,,,Cuidado personal,Dermatología,CAPILARES,259,370.01,,https://cdn.shopify.com/s/files/1/0088/1937/6188/files/5201279079352_1.jpg,dermaexpress,SHAMPOO USO FRECUENTE CON MIEL 250ML
FC-79071707,5201279071707,Shampoo para raíz grasa y puntas secas,Apivita,250 ml,,,Cuidado personal,Dermatología,CAPILARES,294,420,,https://cdn.shopify.com/s/files/1/0088/1937/6188/files/5201279071707_1.jpg,dermaexpress,SHAMPOO PARA RAIZ GRASA Y PUNTAS SECAS 250ML
FC-79088316,5201279088316,Stick labial hidratante con cacao SPF20,Apivita,4 g,,,Cuidado personal,Dermatología,HIDRATANTES,149.63,213.75,,https://cdn.shopify.com/s/files/1/0088/1937/6188/files/5201279088316_1.jpg,dermaexpress,STICK LABIAL HIDRATANTE CON CACAO SPF20 4G
FC-79088347,5201279088347,Stick labial hidratante con granada tono rosado,Apivita,4.4 g,,,Cuidado personal,Dermatología,HIDRATANTES,149.63,213.75,,https://cdn.shopify.com/s/files/1/0088/1937/6188/files/67d66657-4b6d-4a57-bc74-4a572810cd5d.jpg,dermaexpress,STICK LABIAL HIDRATANTE CON COLOR CON GRANADA 4G
FC-79088354,5201279088354,Stick labial hidratante con miel,Apivita,4 g,,,Cuidado personal,Dermatología,HIDRATANTES,149.63,213.75,,https://cdn.shopify.com/s/files/1/0088/1937/6188/files/5201279088354_1.jpg,dermaexpress,STICK LABIAL HIDRATANTE CON MIEL 4G
FC-79073213,5201279073213,Tonic Mountain Tea Gel de ducha,Apivita,250 ml,,Gel,Cuidado personal,Dermatología,LIMPIADORES,259,370.01,,https://cdn.shopify.com/s/files/1/0088/1937/6188/files/5201279073213_1.jpg,dermaexpress,TEA MOUNTAIN GEL LIMPIADOR FRESCO 250ML
FC-79073312,5201279073312,Tonic Mountain Tea Gel de ducha formato viaje,Apivita,75 ml,,Gel,Cuidado personal,Dermatología,LIMPIADORES,119,170,,https://cdn.shopify.com/s/files/1/0088/1937/6188/files/5201279073312_1.jpg,dermaexpress,TEA MOUNTAIN MINI GEL LIMPIADOR FRESCO 75ML
FC-89812100,7501089812100,Avesop Jabon,Armstrong,100 g,,,Cuidado personal,Dermatología,LIMPIADORES,182.47,280.72,"Leti AT4 5+1, Pilexil 3+1",,,AVESOP JABON 100GR
FC-89804594,7501089804594,CHAROLA 12pz LETI AT4 100 g-200 g-,Armstrong,300 g,,,Cuidado personal,Dermatología,EMOLIENTES,4120.9,,"Leti AT4 5+1, Pilexil 3+1",,,CHAROLA 12pz LETI AT4 100g-200g-300g
FC-89804600,7501089804600,CHAROLA 8pz PILEXIL SHAMPOO,Armstrong,300 ml,,,Cuidado personal,Dermatología,CAPILARES,3270.04,,"Leti AT4 5+1, Pilexil 3+1",,,CHAROLA 8pz PILEXIL SHAMPOO 300ML
FC-89804389,7501089804389,LETI AT4 Crema corporal hidratante,Armstrong,200 ml,,Crema,Cuidado personal,Dermatología,EMOLIENTES,678.6,746.41,"Leti AT4 5+1, Pilexil 3+1",https://cdn.shopify.com/s/files/1/0088/1937/6188/files/03_LETI_CREMA_CORPORAL_2023.jpg,dermaexpress,LETI AT4 CREMA CORPORAL 200ML
FC-89804396,7501089804396,Leti At4 Crema Crema Facial,Armstrong,50 ml,,Crema,Cuidado personal,Dermatología,EMOLIENTES,474.44,529.37,"Leti AT4 5+1, Pilexil 3+1",,,LETI AT4 CREMA CREMA FACIAL 50ML
FC-89804433,7501089804433,LETI AT4 Crema regeneración intensiva,Armstrong,100 ml,,Crema,Cuidado personal,Dermatología,EMOLIENTES,547.52,604.97,"Leti AT4 5+1, Pilexil 3+1",https://cdn.shopify.com/s/files/1/0088/1937/6188/files/03_LETI_INTENSIVE_2023.jpg,dermaexpress,LETI AT4 INTENSIVE CREMA 100ML
FC-89804525,7501089804525,LETI AT4 Leche corporal,Armstrong,250 ml,,,Cuidado personal,Dermatología,EMOLIENTES,675.12,745.6,"Leti AT4 5+1, Pilexil 3+1",https://cdn.shopify.com/s/files/1/0088/1937/6188/files/01_LETI_LECHE_CORPORAL_2023.jpg,dermaexpress,LETI AT4 LECHE CORPORAL 250ML
FC-89804532,7501089804532,LETI AT4 Shampoo para piel atópica,Armstrong,250 ml,,,Cuidado personal,Dermatología,EMOLIENTES,559.12,617.51,"Leti AT4 5+1, Pilexil 3+1",https://cdn.shopify.com/s/files/1/0088/1937/6188/files/01_LETI_SHAMPOO_2023.jpg,dermaexpress,LETI AT4 SHAMPOO 250ML
FC-89804518,7501089804518,"LETI AT4, gel de baño corporal",Armstrong,250 ml,,Gel,Cuidado personal,Dermatología,EMOLIENTES,451.24,500.97,"Leti AT4 5+1, Pilexil 3+1",https://cdn.shopify.com/s/files/1/0088/1937/6188/files/01_LETI_GEL_DE_BANO_2023.jpg,dermaexpress,LETI AT4 GEL DE BAÑO 250ML
FC-01657909,8470001657909,Pilexil Forte Kit 15 + 5 ampolletas anticaída,Armstrong,5 ml,,,Cuidado personal,Dermatología,CAPILARES,1276,1392.71,"Leti AT4 5+1, Pilexil 3+1",https://cdn.shopify.com/s/files/1/0088/1937/6188/files/01_PS_AMPOLLETAS_ANTICAIDA_PILEXIL_2023.jpg,dermaexpress,PILEXIL FORTE 15 AMPOLLETAS
FC-01520357,8470001520357,Pilexil loción capilar anticaída,Armstrong,120 ml,,,Cuidado personal,Dermatología,CAPILARES,1090.4,1195.73,"Leti AT4 5+1, Pilexil 3+1",https://cdn.shopify.com/s/files/1/0088/1937/6188/files/03_PS_SPRAY_ANTICAIDA_PILEXIL_2023.jpg,dermaexpress,PILEXIL LOCION CAPILAR 120ML
FC-02063754,8470002063754,Pilexil Shampoo anticaída,Armstrong,300 ml,,,Cuidado personal,Dermatología,CAPILARES,626.4,687.51,"Leti AT4 5+1, Pilexil 3+1",https://cdn.shopify.com/s/files/1/0088/1937/6188/files/02_PS_SHAMPOO_ANTICAIDA_PILEXIL_2023.jpg,dermaexpress,PILEXIL SHAMPOO ANTI-CAIDA 300ML
FC-40038432,8430340038432,"pilexil shampoo anticaspa , caspa seca",Armstrong,300 ml,,,Cuidado personal,Dermatología,CAPILARES,626.4,687.03,"Leti AT4 5+1, Pilexil 3+1",https://cdn.shopify.com/s/files/1/0088/1937/6188/files/03_PS_SHAMPOO_CASPA_SECA_PILEXIL_2023.jpg,dermaexpress,PILEXIL SHAMPOO CASPA SECA 300ML
FC-40038418,8430340038418,Pilexil Shampoo anticaspa caspa grasa,Armstrong,300 ml,,,Cuidado personal,Dermatología,CAPILARES,597.4,659.23,"Leti AT4 5+1, Pilexil 3+1",https://cdn.shopify.com/s/files/1/0088/1937/6188/files/03_PS_SHAMPOO_CASPA_GRASA_PILEXIL_2023.jpg,dermaexpress,PILEXIL SHAMPOO CASPA GRASA 300ML
FC-89804471,7501089804471,Pilexil Suplemento en,Armstrong,C/100,,Cápsulas,Cuidado personal,Dermatología,CAPILARES,1241.2,1346.26,"Leti AT4 5+1, Pilexil 3+1",https://cdn.shopify.com/s/files/1/0088/1937/6188/files/01_PS_CAPSULAS_ANTICAIDA_PILEXIL_2023.jpg,dermaexpress,PILEXIL CAPSULAS ANTICAIDA
FC-70152456,3282770152456,Agua micelar desmaquillante,Avene,100 ml,,,Cuidado personal,Dermatología,LIMPIADORES,168.25,238.99,10+1,https://cdn.shopify.com/s/files/1/0088/1937/6188/files/3282770152456_blanca.jpg,dermaexpress,A-AV EAU MICELAR DESMAQUILLANTE 100ML
FC-79003124,3282779003124,Agua termal calma y refuerza la piel sensible,Avene,150 ml,,,Cuidado personal,Dermatología,AGUAS TERMALES,309.06,439,10+1,https://cdn.shopify.com/s/files/1/0088/1937/6188/files/3282779003124_1.jpg,dermaexpress,AGUA TERMAL AVENE 150ML
FC-79003131,3282779003131,Agua termal spray calmante para piel sensible,Avene,300 ml,,Spray,Cuidado personal,Dermatología,AGUAS TERMALES,379.46,539.01,10+1,https://cdn.shopify.com/s/files/1/0088/1937/6188/files/3282779003131_1.jpg,dermaexpress,AGUA TERMAL AVENE 300ML
FC-79035576,3282779035576,Agua termal Spray calmante para piel sensible,Avene,50 ml,,Spray,Cuidado personal,Dermatología,AGUAS TERMALES,133.06,189,10+1,https://cdn.shopify.com/s/files/1/0088/1937/6188/products/17-ETA-Spray-315861-50ml_35bf91ca-77da-4490-a890-6767cfc80a1f.jpg,dermaexpress,AGUA TERMAL 50ML
FC-70399530,3282770399530,Av-Xeracalm Ad Balsamo Relipidizante,Avene,200 ml,,,Cuidado personal,Dermatología,EMOLIENTES,496.32,704.99,10+1,https://cdn.shopify.com/s/files/1/0088/1937/6188/files/3337875916998_f859021a-bd6d-432c-ae54-a84fa0e07f4f.avif,dermaexpress,XERACALM AD CREMA RELIPIDIZANTE 200ML
FC-70399561,3282770399561,Av-Xeracalm Ad Crema Relipidizante,Avene,400 ml,,Crema,Cuidado personal,Dermatología,EMOLIENTES,618.81,879,10+1,https://cdn.shopify.com/s/files/1/0088/1937/6188/files/3337875916998.avif,dermaexpress,XERACALM AD CREMA RELIPIDIZANTE 400ML
FC-70399226,3282770399226,Avène Cleanance Comedomed Cuidado Intensivo Antiimperfecciones,Avene,30 ml,,,Cuidado personal,Dermatología,¡LANZAMIENTOS 2026!,668.09,949,10+1,https://cdn.shopify.com/s/files/1/0088/1937/6188/files/3282770399226-1.avif,dermaexpress,CLEANANCE COMEDOMED CUIDO INTENSIVO ANTIIMPERFECCIONES 30ML
FC-70399479,3282770399479,Avène Cleanance Comedomed Peeling Gel Limpiador Exfoliante,Avene,400 ml,,Gel,Cuidado personal,Dermatología,¡LANZAMIENTOS 2026!,647.55,919.81,10+1,https://cdn.shopify.com/s/files/1/0088/1937/6188/files/3282770399479-1.jpg,dermaexpress,CLENANCE COMEDOMED PEELING GEL LIMPIADOR EXFOLIANTE 400ML
FC-70400687,3282770400687,Avène DermAbsolu Crema de Día Reafirmante,Avene,50 ml,,Crema,Cuidado personal,Dermatología,CICATRIZANTES,984.9,1398.99,,https://cdn.shopify.com/s/files/1/0088/1937/6188/files/3282770400687-1.avif,dermaexpress,DERMABSOLU CREMA DE DIA REAFIRMANTE 50ML
FC-70395990,3282770395990,Avène DermAbsolu Crema de Noche Reafirmante,Avene,40 ml,,Crema,Cuidado personal,Dermatología,¡LANZAMIENTOS 2026!,1020.8,1450,10+1,https://cdn.shopify.com/s/files/1/0088/1937/6188/files/3282770395990_1.avif,dermaexpress,DERMABSOLU CREMA DE NOCHE REAFIRMANTE 40ML
FC-70144291,3282770144291,Avène Dermalibour+ Crema Reparadora,Avene,50 ml,,Crema,Cuidado personal,Dermatología,CICATRIZANTES,266.81,379,,https://cdn.shopify.com/s/files/1/0088/1937/6188/files/3282770144291.avif,dermaexpress,DERMALIBOUR+ CREMA REPARADORA 50ML
FC-79449939,3282779449939,Avène Kit Cleanance Aqua Gel 50 ml + Gel Limpiador 100 ml + Agua Termal,Avene,50 ml,,Gel,Cuidado personal,Dermatología,¡LANZAMIENTOS 2026!,604.74,859,10+1,https://cdn.shopify.com/s/files/1/0088/1937/6188/files/3282779449939_1.avif,dermaexpress,KIT-CLEANANCE AGUA GEL 50ML+CLEANANCE GEL 100ML+AGUA TERMAL 50ML
FC-79449922,3282779449922,Avène Kit Cleanance Serum 30 ml + Gel Limpiador 100 ml + Agua Termal,Avene,50 ml,,Gel,Cuidado personal,Dermatología,¡LANZAMIENTOS 2026!,738.49,1049,10+1,https://cdn.shopify.com/s/files/1/0088/1937/6188/files/3282779449922_1.avif,dermaexpress,KIT-CLEANANCE SERUM 30ML+CLEANANCE GEL 100ML+AGUA TERMAL 50ML
FC-71000534,3282771000534,Avène Protector Solar Sérum FPS 50+ Efecto Hidratante 2 en 1,Avene,30 ml,FPS 50+,,Cuidado personal,Dermatología,SOLARES,696.26,989,10+1,https://cdn.shopify.com/s/files/1/0088/1937/6188/files/u5wa3z31qn5sefs56swokuyzn54zopbpzaifika_1800x1800_0fe3f243-7d6a-4f14-aaaf-0f57d2ea38be.avif,dermaexpress,PROTECTOR SOLAR SERUM FPS50+ EFECTO HIDRATANTE (2 en 1) 30ML
FC-71000572,3282771000572,Avène Protector Solar Sérum FPS 50+ Efecto Iluminador 2 en 1,Avene,30 ml,FPS 50+,,Cuidado personal,Dermatología,SOLARES,696.26,989,10+1,https://cdn.shopify.com/s/files/1/0088/1937/6188/files/u5wa3z31qn5sefs56swokuyzn3jpa7ygtfumwae_1800x1800_b1c8feeb-7568-477f-8fe5-10931641e015.avif,dermaexpress,PROTECTOR SOLAR SERUM FPS50+ EFECTO ILUMINADOR (2 en 1) 30ML
FC-71000558,3282771000558,Avène Protector Solar Sérum FPS 50+ Efecto Rellenador 2 en 1,Avene,30 ml,FPS 50+,,Cuidado personal,Dermatología,SOLARES,696.26,989,10+1,https://cdn.shopify.com/s/files/1/0088/1937/6188/files/u5wa3z31qn5sefs56swokuyzn3tu5xid37nkity_1800x1800_7ac670fa-c327-4283-bd00-f34c1d6d3545.avif,dermaexpress,PROTECTOR SOLAR SERUM FPS50+ EFECTO RELLENADOR (2 en 1) 30ML
FC-70399578,3282770399578,Avène XeraCalm A.D Crema Relipidizante,Avene,200 ml,,Crema,Cuidado personal,Dermatología,¡LANZAMIENTOS 2026!,496.32,705,10+1,https://cdn.shopify.com/s/files/1/0088/1937/6188/files/avene-xeracalm-ad-lipid-relief-cream-200-ml.avif,dermaexpress,XERACALM AD CREMA REPILIDIZANTE 200ML
FC-70205633,3282770205633,Cicalfate spray antiirritaciones,Avene,100 ml,,Spray,Cuidado personal,Dermatología,CICATRIZANTES,287.94,409,10+1,https://cdn.shopify.com/s/files/1/0088/1937/6188/files/3282770205633_1.jpg,dermaexpress,CICALFATE SPRAY 100ML
FC-70148763,3282770148763,Cicalfate+ Emulsión reparadora calma hidrata y repara la piel debilitada tras procedimientos dermatológicos o tatuajes,Avene,40 ml,,,Cuidado personal,Dermatología,CICATRIZANTES,287.94,409,10+1,https://cdn.shopify.com/s/files/1/0088/1937/6188/files/u5wa3z31qn5sj6xpgcxj1jeqfxhitc8msdhumpy.png,dermaexpress,CICALFATE EMULSION 40ML
FC-70146394,3282770146394,Cleanance Aquagel hidratante matificante,Avene,50 ml,,,Cuidado personal,Dermatología,ACNE,604.74,859,10+1,https://cdn.shopify.com/s/files/1/0088/1937/6188/files/3282770146394_1.jpg,dermaexpress,Avene Cleanance Aquagel hidratante matificante 50ml.
FC-70202854,3282770202854,Cleanance Comedomed Concentrado anti-imperfecciones,Avene,30 ml,,,Cuidado personal,Dermatología,ACNE,654.01,929,10+1,https://cdn.shopify.com/s/files/1/0088/1937/6188/products/3282770202854CLEANANCECOMEDOMEDFTE.jpg,dermaexpress,CLEANANCE COMEDOMED 30ML
FC-70395365,3282770395365,Cleanance Comedomed Peeling antiimperfecciones,Avene,40 ml,,,Cuidado personal,Dermatología,ACNE,682.17,968.99,10+1,https://cdn.shopify.com/s/files/1/0088/1937/6188/files/3282770395365_1.jpg,dermaexpress,CLEANANCE COMEDOMED PEELING 40ML
FC-70144413,3282770144413,Cleanance Gel de limpieza profunda,Avene,400 ml,,Gel,Cuidado personal,Dermatología,ACNE,576.57,818.99,10+1,https://cdn.shopify.com/s/files/1/0088/1937/6188/files/3282770144413_1.jpg,dermaexpress,CLEANANCE GEL INTENSE 400ML
FC-70139204,3282770139204,Cleanance Gel limpiador matificante para piel sensible con tendencia acneica,Avene,200 ml,,Gel,Cuidado personal,Dermatología,ACNE,463.93,659,10+1,https://cdn.shopify.com/s/files/1/0088/1937/6188/files/3282770139204_1.jpg,dermaexpress,CLEANANCE GEL TUBO 200ML
FC-70207774,3282770207774,Cleanance Gel limpiador para piel sensible con tendencia acneica,Avene,400 ml,,Gel,Cuidado personal,Dermatología,ACNE,576.57,818.99,10+1,https://cdn.shopify.com/s/files/1/0088/1937/6188/files/Diseno_sin_titulo_1_cc4b8af3-ef03-4c89-90a2-150405b96082.png,dermaexpress,CLEANANCE GEL LIMPIADOR 400ML
FC-70956788,3282770956788,Cleanance Hydra Crema renovadora y restauradora para piel con tendencia acneica,Avene,40 ml,,Crema,Cuidado personal,Dermatología,ACNE,527.3,749,10+1,https://cdn.shopify.com/s/files/1/0088/1937/6188/products/3282770956788_1.jpg,dermaexpress,CLEANANCE HYDRA 40ML
FC-70139228,3282770139228,Cleanance Intensive gel limpieza profunda,Avene,150 ml,,Gel,Cuidado personal,Dermatología,ACNE,414.66,589,10+1,https://cdn.shopify.com/s/files/1/0088/1937/6188/files/208a8362-2254-4619-a8d7-e674bf06ed75.jpg,dermaexpress,CLEANANCE GEL INTENSE 150ML
FC-70390315,3282770390315,Cleanance Loción micelar para piel grasa reduce sebo y brillo,Avene,400 ml,,,Cuidado personal,Dermatología,ACNE,555.45,789,10+1,https://cdn.shopify.com/s/files/1/0088/1937/6188/files/3282770390315_1.jpg,dermaexpress,CLEANANCE LOCION MICELAR 400ML
FC-70390469,3282770390469,Cleanance Sérum exfoliante renovador,Avene,30 ml,,,Cuidado personal,Dermatología,ACNE,738.5,1049,10+1,https://cdn.shopify.com/s/files/1/0088/1937/6188/files/3282770390469_1.jpg,dermaexpress,CLEANANCE SERUM EXFOLIANTE 30ML
FC-70149562,3282770149562,Cleanance Solar FPS 50+ con color,Avene,50 ml,FPS 50+,,Cuidado personal,Dermatología,SOLARES,492.1,699,10+1,https://cdn.shopify.com/s/files/1/0088/1937/6188/products/3282770149562.jpg,dermaexpress,CLEANANCE SOLAR FPS50+ C/COLOR 50ML
FC-70905076,3282770905076,Crema nutritiva revitalizante,Avene,50 ml,,Crema,Cuidado personal,Dermatología,ACNE,703.3,999,10+1,https://cdn.shopify.com/s/files/1/0088/1937/6188/products/crema-nutritiva1.jpg,dermaexpress,CREMA COMPENSADORA 50ML
FC-70200553,3282770200553,Dermabsolu Contorno de ojos antiedad,Avene,15 ml,,,Cuidado personal,Dermatología,ANTIEDAD,893.38,1269.01,10+1,https://cdn.shopify.com/s/files/1/0088/1937/6188/products/18-Tube-Soin-regard-DermAbsolu-15ml-face.jpg,dermaexpress,DERMABSOLU OJOS 15ML
FC-70200591,3282770200591,DermAbsolu Suero reparador antiedad,Avene,30 ml,,,Cuidado personal,Dermatología,ANTIEDAD,949.7,1349,10+1,https://cdn.shopify.com/s/files/1/0088/1937/6188/products/18-DERMABSOLU-Serum-flacon-30ml.jpg,dermaexpress,DERMABSOLU SUERO 30ML
FC-70073126,3282770073126,desmaquillante bifásico para ojos,Avene,125 ml,,,Cuidado personal,Dermatología,LIMPIADORES,372.41,528.99,10+1,https://cdn.shopify.com/s/files/1/0088/1937/6188/products/3282770073126_grande_c85cdcdc-1a6f-4d7a-a992-93ea2141a5ba.jpg,dermaexpress,A-DESMAQUILLANTE BIFASICO OJOS 125ML
FC-10002132,3592610002132,Dexeryl dermolimpiador en aceite,Avene,200 ml,,,Cuidado personal,Dermatología,LIMPIADORES,224.58,319,,https://cdn.shopify.com/s/files/1/0088/1937/6188/files/3592610002132.jpg,dermaexpress,DEXERYL DERMOLIMPIADOR EN ACEITE 200ML
FC-10002156,3592610002156,Dexeryl dermolimpiador en aceite,Avene,500 ml,,,Cuidado personal,Dermatología,LIMPIADORES,351.29,499,,https://cdn.shopify.com/s/files/1/0088/1937/6188/files/3592610002156.jpg,dermaexpress,DEXERYL DERMOLIMPIADOR EN ACEITE 500ML
FC-70399653,3282770399653,Ducray Melascreen Contorno 365 Protector Solar Facial SPF50+ Con Color,Avene,30 ml,,,Cuidado personal,Dermatología,DESPIGMENTANTE,386.5,549,,https://cdn.shopify.com/s/files/1/0088/1937/6188/files/1_c81376f1-0de1-4c86-b78c-55f93f2804be.avif,dermaexpress,MELASCREEN CONTROL 365 50+ C/C 30ML
FC-70399646,3282770399646,Ducray Melascreen Contorno 365 Protector Solar Facial SPF50+ Sin Color,Avene,30 ml,,,Cuidado personal,Dermatología,DESPIGMENTANTE,386.5,549,,https://cdn.shopify.com/s/files/1/0088/1937/6188/files/3282770399646.avif,dermaexpress,MELASCREEN CONTROL 365 50+ S/C 30ML
FC-70152371,3282770152371,Espuma limpiadora,Avene,150 ml,,,Cuidado personal,Dermatología,LIMPIADORES,386.5,549,10+1,https://cdn.shopify.com/s/files/1/0088/1937/6188/files/3282770152371_1.jpg,dermaexpress,A-AV MOUSSE NOTTOYANTE 150ML
FC-70075724,3282770075724,Fluido mineral con color protector solar FPS 50+ para piel intolerante,Avene,40 ml,FPS 50+,Fluido,Cuidado personal,Dermatología,SOLARES,492.1,699,10+1,https://cdn.shopify.com/s/files/1/0088/1937/6188/products/3282770075724_Avene_Bloqueador_solar_fluido_mineral_c_c_FPS50_40_ML.jpg,dermaexpress,BLOQ. 50+ FLUIDO TT MINERAL 40ML
FC-70075687,3282770075687,"Fluido mineral, protector solar FPS 50+ Sin Color, para las pieles intolerantes",Avene,40 ml,FPS 50+,Fluido,Cuidado personal,Dermatología,SOLARES,492.1,699,10+1,https://cdn.shopify.com/s/files/1/0088/1937/6188/products/3282770075687_1.jpg,dermaexpress,BLOQ. 50+ FLUIDO MINERAL 40ML
FC-70207217,3282770207217,Fluido solar despigmentante SPF50+ tono claro,Avene,40 ml,,Fluido,Cuidado personal,Dermatología,DESPIGMENTANTE,492.1,699,10+1,https://cdn.shopify.com/s/files/1/0088/1937/6188/files/3282770207217_1.jpg,dermaexpress,FLUIDO SOLAR DESPIGMENTANTE TONO CLARO 40G
FC-70207187,3282770207187,Fluido solar despigmentante SPF50+ tono medio,Avene,40 ml,,Fluido,Cuidado personal,Dermatología,DESPIGMENTANTE,492.1,699,10+1,https://cdn.shopify.com/s/files/1/0088/1937/6188/files/3282770207187_1.jpg,dermaexpress,FLUIDO SOLAR DESPIGMENTANTE TONO MEDIO 40G
FC-70153217,3282770153217,Hyaluron Activ B3 Contorno de ojos antiedad,Avene,15 ml,,,Cuidado personal,Dermatología,ANTIEDAD,773.69,1099,10+1,https://cdn.shopify.com/s/files/1/0088/1937/6188/files/3282770153217_2.jpg,dermaexpress,HYALURON YEUX 15ML
FC-70153200,3282770153200,Hyaluron Activ B3 Crema de noche multi-intensiva,Avene,40 ml,,Crema,Cuidado personal,Dermatología,ANTIEDAD,914.5,1299,10+1,https://cdn.shopify.com/s/files/1/0088/1937/6188/files/3282770153200_2.jpg,dermaexpress,HYALURON NUIT 40ML
FC-70153101,3282770153101,Hyaluron Activ B3 Sérum antiarrugas,Avene,30 ml,,,Cuidado personal,Dermatología,ANTIEDAD,935.62,1329,10+1,https://cdn.shopify.com/s/files/1/0088/1937/6188/files/3282770153101_2.jpg,dermaexpress,HYALURON SERUM 30ML
FC-70394313,3282770394313,Hyaluron Active B3 Contorno De Ojos Regeneración Celular,Avene,15 ml,,,Cuidado personal,Dermatología,¡LANZAMIENTOS 2026!,773.7,1099,10+1,https://cdn.shopify.com/s/files/1/0088/1937/6188/files/2_1ef27e07-109e-4d72-b4e0-f59b711007da.avif,dermaexpress,HYALURON ACTIVE B3 CONTORNO DE OJOS REGENERACION CELULAR 15ML
FC-70395938,3282770395938,Intense Protect Fluido solar FPS 50+ de espectro ultra amplio,Avene,150 ml,FPS 50+,Fluido,Cuidado personal,Dermatología,SOLARES,534.33,758.99,10+1,https://cdn.shopify.com/s/files/1/0088/1937/6188/files/descarga_1800x1800_c55f3143-7a04-4c12-a517-3ca854a4f07c.avif,dermaexpress,INTENSE PROTECT PROTECTOR SOLAR CORPORAL FPS50 150ML
FC-79446273,3282779446273,Kit Hyaluron Activ B3 Sérum 30 ml + Mini Hyaluron Activ B3 Sérum 10 ml + Sachet Fluido Solar Despigmentante Medio,Avene,2 ml,,Fluido,Cuidado personal,Dermatología,ANTIEDAD,935.62,1329,10+1,https://cdn.shopify.com/s/files/1/0088/1937/6188/files/3282779446273_1800x1800_74e19a98-0c28-4644-aff5-442a691b026e.avif,dermaexpress,KIT-HYALURON ACTIV B3 SERUM 30ML+MINI HYALURON ACTIV B3 SERUM 10ML+SACHET FLUIDO SOLAR DESPIGMENTANTE MEDIO 2ML
FC-79442961,3282779442961,Kit Vitamin Activ Cg Serum 30 ml + Mini Vitamin Activ Cg Serum 10 ml + Sachet Fluido Solar Despigmentante Tono Medio,Avene,2 ml,,Fluido,Cuidado personal,Dermatología,ANTIEDAD,935.62,1329,10+1,https://cdn.shopify.com/s/files/1/0088/1937/6188/files/3282779442961.avif,dermaexpress,KIT-VITAMIN ACTIVE CG SERUM 30ML+MINI VITAMIN ACTIV CG SERUM 10ML+SACHET FLUIDO SOLAR DESPIGMENTANTE TONO MEDIO 2ML
FC-79445610,3282779445610,Kit-Active One FPS 50 40 g + Actine Gel Limpiador Dermatologico,Avene,40 g,FPS 50,Gel,Cuidado personal,Dermatología,¡LANZAMIENTOS 2026!,407.61,579,10+1,https://cdn.shopify.com/s/files/1/0088/1937/6188/files/ImageneslanzamientosDerx.png,dermaexpress,KIT-ACTIVE ONE FPS50 40G+ACTINE GEL LIMPIADOR DERMATOLOGICO 40G
FC-79450195,3282779450195,Kit-Intense Protect SPF50 150 ml + Agua Termal,Avene,150 ml,,,Cuidado personal,Dermatología,¡LANZAMIENTOS 2026!,534.33,759,10+1,https://cdn.shopify.com/s/files/1/0088/1937/6188/files/3282779450195.avif,dermaexpress,KIT-INTENSE PROTECT SPDF50 150ML+AGUA TERMAL 150ML
FC-79450188,3282779450188,Kit-Ultra Fluid FPS 50 Tono Claro 50 ml + Agua Micelar 100 ml + Agua Termal,Avene,50 ml,FPS 50,,Cuidado personal,Dermatología,¡LANZAMIENTOS 2026!,492.1,699,10+1,https://cdn.shopify.com/s/files/1/0088/1937/6188/files/3282779450188.avif,dermaexpress,KIT-ULTRA FLUID FPS50+ TONO CLARO 50ML+AGUA MICELAR 100ML+AGUA TERMAL 50ML
FC-79450164,3282779450164,Kit-Ultra Fluid FPS 50 Tono Medio 50 ml + Agua Micelar 100 ml + Agua Termal,Avene,50 ml,FPS 50,,Cuidado personal,Dermatología,¡LANZAMIENTOS 2026!,492.1,699,10+1,https://cdn.shopify.com/s/files/1/0088/1937/6188/files/3282779450164_2.jpg,dermaexpress,KIT-ULTRA FLUID FPS50+ TONO MEDIO 50ML+AGUA MICELAR 100ML+AGUA TERMAL 50ML
FC-79450171,3282779450171,Kit-Ultra Fluid FPS 50+ Textura Invisible 50 ml + Protector Solar Corporal En Leche FPS 50+,Avene,100 ml,FPS 50+,,Cuidado personal,Dermatología,¡LANZAMIENTOS 2026!,492.1,699,10+1,https://cdn.shopify.com/s/files/1/0088/1937/6188/files/3282779450171.avif,dermaexpress,KIT-ULTRA FLUID FPS50+ TEXTURA INVISIBLE 50ML+PROTECTOR SOLAR CORPORAL EN LECHE FPS50+ 100ML
FC-70152555,3282770152555,Leche desmaquillante para piel sensible,Avene,200 ml,,,Cuidado personal,Dermatología,LIMPIADORES,386.5,549,10+1,https://cdn.shopify.com/s/files/1/0088/1937/6188/files/3282770152555_1.jpg,dermaexpress,AV-LAIT DESMAQUILLANTE 200ML
FC-70397079,3282770397079,Leche Protector Solar Niños SPF50+,Avene,250 ml,,,Cuidado personal,Dermatología,SOLARES,492.1,699,10+1,https://cdn.shopify.com/s/files/1/0088/1937/6188/files/3282770397079_1.jpg,dermaexpress,LOCION PARA NIÑOS SPF50+ 250ML
FC-70390179,3282770390179,loción micelar,Avene,400 ml,,,Cuidado personal,Dermatología,LIMPIADORES,513.22,729,10+1,https://cdn.shopify.com/s/files/1/0088/1937/6188/files/3282770390179_blanca.jpg,dermaexpress,A-AGUA MICELAR 400ML
FC-70152463,3282770152463,loción micelar desmaquillante,Avene,200 ml,,,Cuidado personal,Dermatología,LIMPIADORES,351.29,499,10+1,https://cdn.shopify.com/s/files/1/0088/1937/6188/files/3282770152463_blanca.jpg,dermaexpress,AV-LOCION MICELAR DESMAQUILLANTE 200ML
FC-70396331,3282770396331,Protector Solar Corporal FPS+50 en,Avene,200 ml,,Spray,Cuidado personal,Dermatología,SOLARES,527.3,749,10+1,https://cdn.shopify.com/s/files/1/0088/1937/6188/files/3282770396331_1.jpg,dermaexpress,PROTECTOR SOLAR SPRAY FPS50 ADULTOS 200ML
FC-70149524,3282770149524,Protector solar en crema FPS 50+ con color para piel sensible,Avene,50 ml,FPS 50+,Crema,Cuidado personal,Dermatología,SOLARES,492.1,699,10+1,https://cdn.shopify.com/s/files/1/0088/1937/6188/products/3282770149524_1.jpg,dermaexpress,A-CREMA C/C 50+EP 50ML
FC-70149494,3282770149494,Protector solar en crema FPS 50+ sin color acabado invisible para piel sensible,Avene,50 ml,FPS 50+,Crema,Cuidado personal,Dermatología,SOLARES,492.1,699,10+1,https://cdn.shopify.com/s/files/1/0088/1937/6188/products/3282770149494_1.jpg,dermaexpress,A-CREMA S/C 50+EP 50ML
FC-76367045,3282776367045,Protector solar FPS 50+ Color arena,Avene,10 g,FPS 50+,,Cuidado personal,Dermatología,SOLARES,548.41,779,10+1,https://cdn.shopify.com/s/files/1/0088/1937/6188/files/Disenosintitulo-2025-08-01T110040.667.png,dermaexpress,COMPACTO FPS50 ARENA 10GR
FC-76071157,3282776071157,Protector solar FPS 50+ color dorado,Avene,10 g,FPS 50+,,Cuidado personal,Dermatología,SOLARES,548.41,779,10+1,https://cdn.shopify.com/s/files/1/0088/1937/6188/products/3282776367045_Avene_maquillaje_corrrector_arena_FPS_50_10GR.jpg,dermaexpress,COMPACTO FPS50 DORADO 10GR
FC-70072655,3282770072655,Protector solar FPS 50+ Crema antiedad,Avene,50 ml,FPS 50+,Crema,Cuidado personal,Dermatología,SOLARES,569.53,809,10+1,https://cdn.shopify.com/s/files/1/0088/1937/6188/products/3282770072655_Avene_Bloqueador_solar_anti-edad_FPS_50_50ML.jpg,dermaexpress,BLOQ. 50+ CREMA ANTIEDAD 50ML
FC-76367410,3282776367410,Protector Solar FPS 50+ crema corporal,Avene,100 ml,FPS 50+,Crema,Cuidado personal,Dermatología,SOLARES,492.1,699,10+1,https://cdn.shopify.com/s/files/1/0088/1937/6188/products/3282776367410_1.jpg,dermaexpress,BLOQ. 50+ CREMA CORPORAL 100ML
FC-70149111,3282770149111,Protector Solar FPS 50+ fluido con color,Avene,50 ml,FPS 50+,Fluido,Cuidado personal,Dermatología,SOLARES,492.1,699,10+1,https://cdn.shopify.com/s/files/1/0088/1937/6188/files/3282770149111_1.jpg,dermaexpress,A-FLUIDO C/C 50+ 50ML
FC-70149074,3282770149074,Protector solar FPS 50+ Fluido sin color,Avene,50 ml,FPS 50+,Fluido,Cuidado personal,Dermatología,SOLARES,492.1,699,10+1,https://cdn.shopify.com/s/files/1/0088/1937/6188/files/3282770149074_1.jpg,dermaexpress,A-FLUIDO S/C 50+ 50ML
FC-76456428,3282776456428,Protector solar FPS 50+ Spray para niños,Avene,200 ml,FPS 50+,Spray,Cuidado personal,Dermatología,SOLARES,562.5,799.01,10+1,https://cdn.shopify.com/s/files/1/0088/1937/6188/products/3282776456428_1.jpg,dermaexpress,BLOQ. 50+ SPRAY NIÑOS 200ML
FC-70396881,3282770396881,Protector Solar Leche para adultos FPS 50+,Avene,250 ml,FPS 50+,,Cuidado personal,Dermatología,SOLARES,492.1,699,10+1,https://cdn.shopify.com/s/files/1/0088/1937/6188/files/3282770396881_1.jpg,dermaexpress,SUNCARE LOTION LECHE FPS50 250ML
FC-70397024,3282770397024,Retrinal 0.1 Crema intensiva multicorrectora,Avene,30 ml,,Crema,Cuidado personal,Dermatología,ANTIEDAD,915.21,1300.01,10+1,https://cdn.shopify.com/s/files/1/0088/1937/6188/files/3282770397024_1.jpg,dermaexpress,RETRINAL 0.1 CREMA INTENSIVA MULTICORRECTORA 30ML
FC-70397048,3282770397048,Retrinal Contorno De Ojos Anti-Edad,Avene,15 ml,,,Cuidado personal,Dermatología,ANTIEDAD,844.1,1199,10+1,https://cdn.shopify.com/s/files/1/0088/1937/6188/files/3282770397048.avif,dermaexpress,RETRINAL CONTORNO DE OJOS 15ML
FC-70393583,3282770393583,Retrinal Sérum antiarrugas,Avene,30 ml,,,Cuidado personal,Dermatología,ANTIEDAD,886.3,1258.95,10+1,https://cdn.shopify.com/s/files/1/0088/1937/6188/files/3282770393583_1.jpg,dermaexpress,RETRINAL SERUM ANTI-ARRUGAS 30ML
FC-70396317,3282770396317,Spray Protector Solar para Niños,Avene,200 ml,,Spray,Cuidado personal,Dermatología,SOLARES,562.49,799,10+1,https://cdn.shopify.com/s/files/1/0088/1937/6188/files/3282770396317_1.jpg,dermaexpress,SPRAY PARA NIÑOS 200ML
FC-70393477,3282770393477,Vitamin Activ Cg Sérum antiedad,Avene,30 ml,,,Cuidado personal,Dermatología,ANTIEDAD,935.62,1329,10+1,https://cdn.shopify.com/s/files/1/0088/1937/6188/files/3282770393477_1.jpg,dermaexpress,VITAMIN ACTIV C SERUM 30ML
FC-70114171,3282770114171,XeraCalm A.D bálsamo relipidizante para piel muy seca,Avene,400 ml,,,Cuidado personal,Dermatología,EMOLIENTES,547.11,777.14,10+1,https://cdn.shopify.com/s/files/1/0088/1937/6188/products/18-Flacon-pompe-BAUME-319324-XERACALM-400ml-FA-SPE-BOUCHON-BLANC.jpg,dermaexpress,XERACALM A.D. BALSAMO 400ML
FC-70398472,3282770398472,XeraCalm A.D Barra Limpiadora Suave Relipidizante,Avene,100 g,,,Cuidado personal,Dermatología,LIMPIADORES,154.17,219,10+1,https://cdn.shopify.com/s/files/1/0088/1937/6188/files/3282770398472.png,dermaexpress,XERACALM BARRA 100G
FC-79405553,3282779405553,XeraCalm A.D crema calmante,Avene,200 ml,,Crema,Cuidado personal,Dermatología,EMOLIENTES,463.93,659,10+1,https://cdn.shopify.com/s/files/1/0088/1937/6188/products/18-XERACALM-AD-CREME-319151-BOUCHON-200ml-APLAT_876aec6d-9ed9-444d-b73c-61acacea0582.jpg,dermaexpress,XERACALM A.D. CREMA 200ML
FC-70146790,3282770146790,Xeracalm Aceite limpiador para piel seca con tendencia a eccema atópico,Avene,400 ml,,,Cuidado personal,Dermatología,LIMPIADORES,421.7,599,10+1,https://cdn.shopify.com/s/files/1/0088/1937/6188/products/3282770146790.jpg,dermaexpress,XERACALM ACEITE LAVANTE 400ML
FC-70155105,3282770155105,Xeracalm Nutrition Gel limpiador,Avene,500 ml,,Gel,Cuidado personal,Dermatología,LIMPIADORES,511.04,725.9,10+1,https://cdn.shopify.com/s/files/1/0088/1937/6188/files/3282770155105AVXERACALMNUTGEL500ML.png,dermaexpress,XERACALM NUTRITION GEL 500ML
FC-70155181,3282770155181,Xeracalm Nutrition Leche hidratante,Avene,400 ml,,,Cuidado personal,Dermatología,EMOLIENTES,456.89,649,10+1,https://cdn.shopify.com/s/files/1/0088/1937/6188/files/3282770155181AVXERACALMNUTRLAIT400ML.jpg,dermaexpress,XERACALM NUTRITION LAIT 400ML
FC-70155174,3282770155174,XeraCalm Nutrition leche hidratante,Avene,200 ml,,,Cuidado personal,Dermatología,EMOLIENTES,330.18,469,10+1,https://cdn.shopify.com/s/files/1/0088/1937/6188/files/3282770155174AVXERACALMNUTRLAIT200ML.jpg,dermaexpress,XERACALM NUTRITION LAIT 200ML
FC-70905090,3282770905090,A- Mascarilla Facial 50 ml Frutos Rojos,Avène,,,,Cuidado personal,Dermatología,EMOLIENTES,470.97,669,10+1,,,A- MASCARILLA FACIAL 50ML FRUTOS ROJOS
FC-79275699,3282779275699,A-Bloq Crema Mineral 50+,Avène,,,Crema,Cuidado personal,Dermatología,SOLARES,428.74,609,10+1,,,A-BLOQ CREMA MINERAL 50+
FC-79390064,3282779390064,A-Hydrance Opt Suero,Avène,30 ml,,,Cuidado personal,Dermatología,EMOLIENTES,513.22,729,10+1,,,A-HYDRANCE OPT SUERO 30ML
FC-79276115,3282779276115,A-Leche Mineral 50+,Avène,100 ml,,,Cuidado personal,Dermatología,SOLARES,474.48,673.98,10+1,,,A-LECHE MINERAL 50+100ML
FC-79391580,3282779391580,Avene Aqua Fluido Mat-Perfect Protector Solar Frasco C,Avène,50 ml,,Fluido,Cuidado personal,Dermatología,SOLARES,456.89,649,10+1,https://gruporfp.vteximg.com.br/arquivos/ids/5133577/3282779391580_01.jpg,farmatodo,BLOQ. 50+ FLUIDO T/S COLOR ULTRA MAT 50ML
FC-70049510,3282770049510,Avene Bloqueador FPS 50 Niños Leche Tubo C,Avène,250 ml,FPS 50,,Cuidado personal,Dermatología,SOLARES,443.46,629.91,10+1,https://gruporfp.vteximg.com.br/arquivos/ids/2756110/3282770049510_01.jpg,farmatodo,BLOQ. 50+ NIÑOS LECHE 250ML
FC-70153170,3282770153170,Avene Hyaluron Crema Dia Tarro C,Avène,50 ml,,Crema,Cuidado personal,Dermatología,ANTIEDAD,851.13,1209,10+1,https://gruporfp.vteximg.com.br/arquivos/ids/7011444/3282770153170_01.jpg,farmatodo,HYALURON CREMA REGENERADORA DE DIA 50ML
FC-79391023,3282779391023,Avene Protector Solar FPS 50 Toque Seco Tubo C/50 ml Emulsion,Avène,,FPS 50,,Cuidado personal,Dermatología,SOLARES,456.89,649,10+1,https://gruporfp.vteximg.com.br/arquivos/ids/5133574/3282779391023_01.jpg,farmatodo,BLOQ. 50+ FLUIDO T/S ULTRA MAT 50ML
FC-70393507,3282770393507,Avene Vitamin Activ Cg Crema Intensiva Tarro,Avène,50 ml,,Crema,Cuidado personal,Dermatología,ANTIEDAD,858.17,1219,10+1,https://gruporfp.vteximg.com.br/arquivos/ids/7011641/3282770393507_01.jpg,farmatodo,VITAMIN ACTIV C CREMA 50ML
FC-70141214,3282770141214,Bloq. 50+ Intense Pro,Avène,150 ml,,,Cuidado personal,Dermatología,SOLARES,492.1,699,10+1,,,BLOQ. 50+ INTENSE PRO 150ML
FC-76432392,3282776432392,Bloq. 50+ Spray Corporal,Avène,200 ml,,Spray,Cuidado personal,Dermatología,SOLARES,527.3,749,10+1,,,BLOQ. 50+ SPRAY CORPORAL 200ML
FC-76385421,3282776385421,Cicalfate,Avène,100 ml,,Crema,Cuidado personal,Dermatología,CICATRIZANTES,428.74,609,10+1,,,CICALFATE CREMA 100ML
FC-76088209,3282776088209,Cicalfate,Avène,40 ml,,Crema,Cuidado personal,Dermatología,CICATRIZANTES,287.94,409,10+1,,,CICALFATE CREMA 40ML
FC-70204698,3282770204698,Cicalfate + Crema Reparadora,Avène,15 ml,,Crema,Cuidado personal,Dermatología,CICATRIZANTES,91.45,129.9,10+1,,,CICALFATE + CREMA REPARADORA 15ML
FC-70019919,3282770019919,Cleanance Barra,Avène,100 g,,,Cuidado personal,Dermatología,ACNE,161.21,229,10+1,,,CLEANANCE BARRA 100GR
FC-70144970,3282770144970,Cleanance Comedomed Spot Sos,Avène,15 ml,,,Cuidado personal,Dermatología,ACNE,369.6,525,10+1,,,CLEANANCE COMEDOMED SPOT SOS 15ML
FC-70149548,3282770149548,Cleanance Solar FPS 50+,Avène,50 ml,FPS 50+,,Cuidado personal,Dermatología,SOLARES,456.89,649,10+1,,,CLEANANCE SOLAR FPS50+ 50ML
FC-70396072,3282770396072,Dermabsolu Contorno de Ojos Rellenador,Avène,15 ml,,,Cuidado personal,Dermatología,¡LANZAMIENTOS 2026!,882.85,1258.99,10+1,,,DERMABSOLU CONTORNO DE OJOS RELLENADOR 15ML
FC-70200515,3282770200515,Dermabsolu Crema Dia,Avène,40 ml,,Crema,Cuidado personal,Dermatología,ANTIEDAD,851.13,1209,10+1,,,DERMABSOLU CREMA DIA 40ML
FC-70200478,3282770200478,Dermabsolu Noche,Avène,40 ml,,,Cuidado personal,Dermatología,ANTIEDAD,865.21,1229,10+1,,,DERMABSOLU NOCHE 40ML
FC-70209440,3282770209440,Epithelial Ah FPS 50+ Ultra,Avène,40 ml,FPS 50+,,Cuidado personal,Dermatología,CICATRIZANTES,394.24,560,10+1,,,EPITHELIAL AH FPS50+ ULTRA 40ML
FC-88504655,7501088504655,Granudoxy 100 mg C/28 Tabletas (Tratamiento Antiacné),Avène,,100 mg,Tabletas,Cuidado personal,Dermatología,MEDICAMENTO,569.59,879,10+1,https://gruporfp.vteximg.com.br/arquivos/ids/6997657/7501088504655_01.jpg,farmatodo,GRANUDOXY 100MG C/28TABLETAS
FC-88504648,7501088504648,Granudoxy Tratamiento Antiacne 100 mg Caja,Avène,C/15 Tabletas,100 mg,Tabletas,Cuidado personal,Dermatología,MEDICAMENTO,355.69,548.9,10+1,https://gruporfp.vteximg.com.br/arquivos/ids/6997656/7501088504648_01.jpg,farmatodo,GRANUDOXY 100MG C/15TABLETAS
FC-70153187,3282770153187,Hyaluron Crema Regeneradora de Dia Recharge Refill,Avène,50 ml,,Crema,Cuidado personal,Dermatología,ANTIEDAD,666.11,946.18,10+1,,,HYALURON CREMA REGENERADORA DE DIA RECHARGE REFILL 50ML
FC-70392654,3282770392654,Ultra Fluid Ultra Mat Oil Control,Avène,50 ml,,,Cuidado personal,Dermatología,SOLARES,456.89,649,10+1,,,ULTRA FLUID ULTRA MAT OIL CONTROL 50ML
FC-70392692,3282770392692,Ultra Fluid Ultra Mat Oil Control C/C,Avène,50 ml,,,Cuidado personal,Dermatología,SOLARES,456.89,649,10+1,,,ULTRA FLUID ULTRA MAT OIL CONTROL C/C 50ML
FC-70114195,3282770114195,Xeracalm A.d.,Avène,400 ml,,Crema,Cuidado personal,Dermatología,EMOLIENTES,547.11,777.14,10+1,,,XERACALM A.D. CREMA 400ML
FC-79405485,3282779405485,Xeracalm A.d. Balsamo,Avène,200 ml,,,Cuidado personal,Dermatología,EMOLIENTES,463.93,659,10+1,,,XERACALM A.D. BALSAMO 200ML
FC-70104684,3282770104684,Xeracalm A.d. Barra,Avène,100 g,,,Cuidado personal,Dermatología,EMOLIENTES,154.17,219,10+1,,,XERACALM A.D. BARRA 100GR
FC-70399523,3282770399523,Xeracalm Ad Balsamo Repilidizante,Avène,400 ml,,,Cuidado personal,Dermatología,¡LANZAMIENTOS 2026!,618.81,879,10+1,,,XERACALM AD BALSAMO REPILIDIZANTE 400ML
FC-11329004,8437011329004,"Aloe vera 100%, gel hidratante",BABE,300 ml,,Gel,Cuidado personal,Dermatología,HIDRATANTES,351,450,,https://cdn.shopify.com/s/files/1/0088/1937/6188/files/8437011329004.jpg,dermaexpress,ALOE VERA 100% 300ML
FC-14389456,8437014389456,Bálsamo facial pediátrico,BABE,50 ml,,,Cuidado personal,Dermatología,PEDIATRICO,385.44,494.16,,https://cdn.shopify.com/s/files/1/0088/1937/6188/files/8437014389456.jpg,dermaexpress,BALSAMO FACIAL PEDIATRICO 50ML
FC-71631381,8436571631381,"Bálsamo hidratante en aceite, corporal",BABE,500 ml,,,Cuidado personal,Dermatología,HIDRATANTES,623.22,799,,https://cdn.shopify.com/s/files/1/0088/1937/6188/files/8436571631381.jpg,dermaexpress,BALSAMO EN ACEITE CORPORAL 500ML
FC-00945727,8437000945727,Crema emoliente pediátrica para piel seca,BABE,200 ml,,Crema,Cuidado personal,Dermatología,PEDIATRICO,389.21,499,,https://cdn.shopify.com/s/files/1/0088/1937/6188/files/8437000945727.jpg,dermaexpress,CREMA EMOLIENTE PEDIATRICA 200ML
FC-71631268,8436571631268,Desodorante roll-on 24hrs para piel sensible,BABE,50 ml,,,Cuidado personal,Dermatología,ANTITRANSPIRANTES,342.34,438.9,,https://cdn.shopify.com/s/files/1/0088/1937/6188/files/8436571631268.jpg,dermaexpress,DESODORANTE ROLL-ON 24HRS 50ML
FC-11329905,8437011329905,"Fluido Hidracalm corporal, Crema hidratante para piel sensible",BABE,500 ml,,Crema,Cuidado personal,Dermatología,HIDRATANTES,428.23,549,,https://cdn.shopify.com/s/files/1/0088/1937/6188/files/8437011329905.jpg,dermaexpress,FLUIDO HIDRACALM CORPORAL 500ML
FC-71631572,8436571631572,Fotoprotección facial super fluido matificante SPF50,BABE,50 ml,,Fluido,Cuidado personal,Dermatología,SOLARES,449.63,576.45,,https://cdn.shopify.com/s/files/1/0088/1937/6188/files/8436571631572.jpg,dermaexpress,FOTOPROTECCION FACIAL SUPER FLUIDO MATIFICANTE SPF50 50ML
FC-14389449,8437014389449,Fotoprotector SPF50 Super fluido invisible,BABE,50 ml,,Fluido,Cuidado personal,Dermatología,SOLARES,449.63,576.45,,https://cdn.shopify.com/s/files/1/0088/1937/6188/files/8437014389449.jpg,dermaexpress,SUPER FLUID INVISIBLE FOTOPROT SPF50 50ML
FC-00945734,8437000945734,Gel de baño pediátrico,BABE,500 ml,,Gel,Cuidado personal,Dermatología,PEDIATRICO,248.4,318.47,,https://cdn.shopify.com/s/files/1/0088/1937/6188/files/8437000945734.jpg,dermaexpress,GEL DE BAÑO PEDIATRICO 500ML
FC-11329066,8437011329066,Gel de higiene íntima,BABE,250 ml,,Gel,Cuidado personal,Dermatología,LIMPIADORES,230.1,295,,https://cdn.shopify.com/s/files/1/0088/1937/6188/files/8437011329066.jpg,dermaexpress,GEL HIGIENE INTIMA 250ML
FC-00945970,8437000945970,jabón de aceite corporal,BABE,500 ml,,,Cuidado personal,Dermatología,LIMPIADORES,467.22,599,,https://cdn.shopify.com/s/files/1/0088/1937/6188/files/8437000945970.jpg,dermaexpress,JABON DE ACEITE CORPORAL 500ML
FC-00945710,8437000945710,jabón de aceite pediátrico,BABE,200 ml,,,Cuidado personal,Dermatología,PEDIATRICO,311.22,399.01,,https://cdn.shopify.com/s/files/1/0088/1937/6188/files/8437000945710.jpg,dermaexpress,JABON DE ACEITE PEDIATRICO 200ML
FC-11329912,8437011329912,Jabón hidracalm corporal para piel piel sensible,BABE,500 ml,,,Cuidado personal,Dermatología,LIMPIADORES,339.3,435,,https://cdn.shopify.com/s/files/1/0088/1937/6188/files/8437011329912.jpg,dermaexpress,JABON HIDRACALM CORPORAL 500ML
FC-14389081,8437014389081,"Pasta al agua, crema pediatrica para piel irritada",BABE,100 ml,,Crema,Cuidado personal,Dermatología,PEDIATRICO,285.84,366.46,,https://cdn.shopify.com/s/files/1/0088/1937/6188/files/8437014389081.jpg,dermaexpress,PASTA AL AGUA PEDIATRICA 100ML
FC-11329400,8437011329400,Pediatric fotoprotección loción SPF50+,BABE,100 ml,,,Cuidado personal,Dermatología,PEDIATRICO,449.63,576.45,,https://cdn.shopify.com/s/files/1/0088/1937/6188/files/8437011329400.jpg,dermaexpress,PEDIATRIC FOTOPROTECCION LOCION SPF50+ 100ML
FC-00945758,8437000945758,Shampoo costra láctea pediátrico,BABE,200 ml,,,Cuidado personal,Dermatología,PEDIATRICO,368.56,472.5,,https://cdn.shopify.com/s/files/1/0088/1937/6188/files/8437000945758.jpg,dermaexpress,SHAMPOO COSTRA LACTEA PEDIATRICO 200ML
FC-00945697,8437000945697,Shampoo extrasuave pediátrico para cuero cabelludo,BABE,200 ml,,,Cuidado personal,Dermatología,PEDIATRICO,194.22,249.01,,https://cdn.shopify.com/s/files/1/0088/1937/6188/files/8437000945697.jpg,dermaexpress,SHAMPOO EXTRASUAVE PEDIATRICO 200ML
FC-11329943,8437011329943,Spray Fotoprotector Wetskin transparente SPF50,BABE,200 ml,,Spray,Cuidado personal,Dermatología,SOLARES,506.22,649,,https://cdn.shopify.com/s/files/1/0088/1937/6188/files/8437011329943.jpg,dermaexpress,SPRAY FOTOPROT TRANSP WETSKIN 200ML
FC-71631114,8436571631114,Super fluid con color fotoprotector SPF50,BABE,50 ml,,,Cuidado personal,Dermatología,SOLARES,449.63,576.45,,https://cdn.shopify.com/s/files/1/0088/1937/6188/files/8436571631114.jpg,dermaexpress,SUPER FLUID COLOR FOTOPROT SPF50 50ML
FC-11329028,8437011329028,Urea 10% loción reparadora,BABE,500 ml,,,Cuidado personal,Dermatología,HIDRATANTES,543.61,696.94,,https://cdn.shopify.com/s/files/1/0088/1937/6188/files/8437011329028.jpg,dermaexpress,UREA 10% LOCION REPARADORA 500ML
FC-71631084,8436571631084,wet skin Fotoproteccion pediatrica SPF50,BABE,200 ml,,,Cuidado personal,Dermatología,SOLARES,506.22,649,,https://cdn.shopify.com/s/files/1/0088/1937/6188/files/8436571631084.jpg,dermaexpress,FOTOPROTECCION PEDIATRICA WET SKIN SPF50 200ML
FC-29802168,3701129802168,ABCDerm Change Intensif Crema reparadora para bebés y niños,Bioderma,75 g,,Crema,Cuidado personal,Dermatología,NIÑOS,251.79,379,Sin oferta (precio financiero),https://cdn.shopify.com/s/files/1/0088/1937/6188/files/3701129802168.jpg,dermaexpress,ABCDERM CHANGE INTENSIF 75G
FC-29801352,3701129801352,ABCDerm Cold Cream Crema hidratante para bebé,Bioderma,200 ml,,Crema,Cuidado personal,Dermatología,NIÑOS,304.94,459,Sin oferta (precio financiero),https://cdn.shopify.com/s/files/1/0088/1937/6188/products/3701129801352.jpg,dermaexpress,ABCDERM COLD CREAM CREMA 200ML
FC-97163618,3401397163618,ABCDerm Gel Moussant Limpiador para bebé,Bioderma,1 L,,Gel,Cuidado personal,Dermatología,NIÑOS,444.46,669,Sin oferta (precio financiero),https://cdn.shopify.com/s/files/1/0088/1937/6188/products/3401397163618_4f5d4ef9-c977-4fa6-b443-0ce089508406.jpg,dermaexpress,ABCDERM GEL MOUSSANT 1LT
FC-29801994,3701129801994,ABCDerm H2O Agua micelar desmaquillante para bebé,Bioderma,100 ml,,,Cuidado personal,Dermatología,NIÑOS,98.99,149,Sin oferta (precio financiero),https://cdn.shopify.com/s/files/1/0088/1937/6188/files/3701129801994.jpg,dermaexpress,ABCDERM H2O 100ML
FC-29801987,3701129801987,ABCDerm H2O Agua Micelar para bebés y piel sensible,Bioderma,1000 ml,,,Cuidado personal,Dermatología,NIÑOS,530.83,799,Sin oferta (precio financiero),https://cdn.shopify.com/s/files/1/0088/1937/6188/files/3701129801987.png,dermaexpress,ABCDERM H2O SOLUCION MICELAR 1LT
FC-29811597,3701129811597,Atoderm Aceite De Ducha,Bioderma,200 ml,,,Cuidado personal,Dermatología,LANZAMIENTOS 2026,258.44,388.99,Sin oferta (precio financiero),https://cdn.shopify.com/s/files/1/0088/1937/6188/files/bioderma-atoderm-shower-oil-pump-bottle-200ml.avif,dermaexpress,ATODERM ACEITE DE DUCHA 200ML
FC-29811627,3701129811627,Atoderm Aceite De Ducha Limpieza e hidratación para piel seca,Bioderma,1000 ml,,,Cuidado personal,Dermatología,PIEL ATOPICA & EMOLIENTES,611.21,920,Sin oferta (precio financiero),https://cdn.shopify.com/s/files/1/0088/1937/6188/files/3701129811627.jpg,dermaexpress,Atoderm Aceite de Ducha
FC-28520037,3401528520037,Atoderm Aceite de ducha para piel seca e irritada,Bioderma,100 ml,,,Cuidado personal,Dermatología,PIEL ATOPICA & EMOLIENTES,166.09,250,Sin oferta (precio financiero),https://cdn.shopify.com/s/files/1/0088/1937/6188/files/3401528520037.jpg,dermaexpress,ATODERM ACEITE DE DUCHA 100ML
FC-28519895,3401528519895,Atoderm Aceite de ducha para piel seca e irritada,Bioderma,200 ml,,,Cuidado personal,Dermatología,PIEL ATOPICA & EMOLIENTES,258.44,389,Sin oferta (precio financiero),https://cdn.shopify.com/s/files/1/0088/1937/6188/files/3401528519895.jpg,dermaexpress,ATODERM ACEITE DE DUCHA 200ML
FC-29805329,3701129805329,Atoderm Crema hidratante ultranutritiva,Bioderma,200 ml,,Crema,Cuidado personal,Dermatología,PIEL ATOPICA & EMOLIENTES,198.64,299,Sin oferta (precio financiero),https://cdn.shopify.com/s/files/1/0088/1937/6188/files/3701129805329.jpg,dermaexpress,ATODERM CREMA ULTRA 200ML
FC-29805343,3701129805343,Atoderm Crema hidratante ultranutritiva,Bioderma,500 ml,,Crema,Cuidado personal,Dermatología,PIEL ATOPICA & EMOLIENTES,388.65,585,Sin oferta (precio financiero),https://cdn.shopify.com/s/files/1/0088/1937/6188/files/3701129805343.jpg,dermaexpress,ATODERM CREMA ULTRA 500ML
FC-29804193,3701129804193,Atoderm Crema reparadora para manos y uñas,Bioderma,50 ml,,Crema,Cuidado personal,Dermatología,PIEL ATOPICA & EMOLIENTES,109.62,165,Sin oferta (precio financiero),https://cdn.shopify.com/s/files/1/0088/1937/6188/products/3401399372575_97df690a-b1f0-4b5f-afd8-120706f3ea67.jpg,dermaexpress,ATODERM MANOS Y UÑAS 50ML
FC-29811573,3701129811573,Atoderm Gel De Ducha,Bioderma,500 ml,,Gel,Cuidado personal,Dermatología,LANZAMIENTOS 2026,464.39,699,Sin oferta (precio financiero),https://cdn.shopify.com/s/files/1/0088/1937/6188/files/3701129811573.avif,dermaexpress,ATODERM GEL DE DUCHA 500ML
FC-99372407,3401399372407,Atoderm Gel Ducha,Bioderma,500 ml,,Gel,Cuidado personal,Dermatología,PIEL ATOPICA & EMOLIENTES,464.39,699,Sin oferta (precio financiero),,,ATODERM GEL DUCHA 500ML
FC-99373527,3401399373527,Atoderm Intensive Barra limpiadora antibacterial,Bioderma,150 g,,,Cuidado personal,Dermatología,PIEL ATOPICA & EMOLIENTES,148.15,223,Sin oferta (precio financiero),https://cdn.shopify.com/s/files/1/0088/1937/6188/products/3401399373527_1639f2d2-0c98-48b6-a510-c175b93e9997.jpg,dermaexpress,ATODERM BARRA 150GR
FC-29802069,3701129802069,Atoderm Intensive Baume Bálsamo calmante para piel muy seca,Bioderma,200 ml,,,Cuidado personal,Dermatología,PIEL ATOPICA & EMOLIENTES,408.58,615,Sin oferta (precio financiero),https://cdn.shopify.com/s/files/1/0088/1937/6188/products/3401381463359_ecb65945-373b-4a8a-9949-5dd018c160bc.jpg,dermaexpress,ATODERM INTENSIVE BAUME 200ML
FC-29802076,3701129802076,Atoderm Intensive Baume Bálsamo hidratante facial y corporal,Bioderma,500 ml,,,Cuidado personal,Dermatología,PIEL ATOPICA & EMOLIENTES,587.96,885,Sin oferta (precio financiero),https://cdn.shopify.com/s/files/1/0088/1937/6188/products/3401565359201.jpg,dermaexpress,ATODERM INTENSIVE BAUME C/BOMBA 500ML
FC-29802670,3701129802670,Atoderm Intensive Gel-crema hidratante facial y corporal,Bioderma,500 ml,,Crema,Cuidado personal,Dermatología,PIEL ATOPICA & EMOLIENTES,587.96,885,Sin oferta (precio financiero),https://cdn.shopify.com/s/files/1/0088/1937/6188/products/701129802670_e00e703f-e86e-468e-8a63-280dd4b11fe6.jpg,dermaexpress,ATODERM INTESIVE GEL-CREMA 500ML
FC-29802663,3701129802663,Atoderm Intensive Gel-crema hidratante para piel seca e irritada,Bioderma,200 ml,,Crema,Cuidado personal,Dermatología,PIEL ATOPICA & EMOLIENTES,408.58,615,Sin oferta (precio financiero),https://cdn.shopify.com/s/files/1/0088/1937/6188/products/3701129802663_1.jpg,dermaexpress,ATODERM INTESIVE GEL-CREMA 200ML
FC-29801000,3701129801000,Atoderm Labios Bálsamo hidratante,Bioderma,15 ml,,,Cuidado personal,Dermatología,PIEL ATOPICA & EMOLIENTES,165.43,249,Sin oferta (precio financiero),https://cdn.shopify.com/s/files/1/0088/1937/6188/products/3701129801000.jpg,dermaexpress,ATODERM BALSAMO LABIOS 15ML
FC-28546341,3401528546341,Atoderm SOS Spray anti-comezón,Bioderma,200 ml,,Spray,Cuidado personal,Dermatología,PIEL ATOPICA & EMOLIENTES,551.42,830,Sin oferta (precio financiero),https://cdn.shopify.com/s/files/1/0088/1937/6188/products/3401528546341.jpg,dermaexpress,ATODERM SOS SPRAY 200ML
FC-29811399,3701129811399,Cicabio Arnica+ crema calmante y reparadora,Bioderma,40 ml,,Crema,Cuidado personal,Dermatología,CICATRIZANTES,348.79,525,Sin oferta (precio financiero),https://cdn.shopify.com/s/files/1/0088/1937/6188/files/3701129811399.jpg,dermaexpress,Cicabio Arnica+
FC-29810019,3701129810019,Cicabio Baume Lavant Bálsamo limpiador reparador,Bioderma,200 ml,,,Cuidado personal,Dermatología,CICATRIZANTES,331.52,499,Sin oferta (precio financiero),https://cdn.shopify.com/s/files/1/0088/1937/6188/files/3701129810019.jpg,dermaexpress,CICABIO BAUME LAVANT 200ML
FC-29810095,3701129810095,Cicabio Creme+,Bioderma,40 ml,,,Cuidado personal,Dermatología,CICATRIZANTES,362.08,545,Sin oferta (precio financiero),,,CICABIO CREME+ 40ML
FC-20017800,3461020017800,Esthederm Niacinamida,Bioderma,50 ml,,Crema,Cuidado personal,Dermatología,LANZAMIENTOS 2026,1488.15,2239.96,Sin oferta (precio financiero),,,ESTHEDERM NIACINAMIDA CREMA 50ML
FC-20017831,3461020017831,Esthederm Niacinamida Serum,Bioderma,30 ml,,,Cuidado personal,Dermatología,LANZAMIENTOS 2026,1394.92,2099.63,Sin oferta (precio financiero),,,ESTHEDERM NIACINAMIDA SERUM 30ML
FC-29800621,3701129800621,Esthederm Osmoclean Mascarilla Exfoliante,Bioderma,75 ml,,,Cuidado personal,Dermatología,LANZAMIENTOS 2026,710.87,1070,Sin oferta (precio financiero),,,ESTHEDERM OSMOCLEAN MASCARILLA EXFOLIANTE 75ML
FC-99848254,3401399848254,Hydrabio Bruma hidratante,Bioderma,300 ml,,,Cuidado personal,Dermatología,HIDRATANTES,279.03,420,Sin oferta (precio financiero),https://cdn.shopify.com/s/files/1/0088/1937/6188/files/3401399848254.jpg,dermaexpress,HYDRABIO BRUMA 300ML
FC-29814390,3701129814390,Hydrabio Gel Moussant Limpiador Hidratante para Piel Sensible,Bioderma,400 ml,,Gel,Cuidado personal,Dermatología,HIDRATANTES,417.88,629,Sin oferta (precio financiero),https://cdn.shopify.com/s/files/1/0088/1937/6188/files/3701129814390.png,dermaexpress,Hydrabio Gel Moussant
FC-29447809,3401329447809,Hydrabio Gel-Crema hidratante facial,Bioderma,40 ml,,Crema,Cuidado personal,Dermatología,HIDRATANTES,451.77,680,Sin oferta (precio financiero),https://cdn.shopify.com/s/files/1/0088/1937/6188/files/3401329447809.jpg,dermaexpress,HYDRABIO GEL-CREMA 40ML
FC-28521157,3401528521157,Hydrabio H2O Agua micelar desmaquillante,Bioderma,100 ml,,,Cuidado personal,Dermatología,HIDRATANTES,162.77,245,Sin oferta (precio financiero),https://cdn.shopify.com/s/files/1/0088/1937/6188/products/3401528521157.jpg,dermaexpress,HYDRABIO H2O 100ML
FC-99694127,3401399694127,Hydrabio H2O Agua micelar desmaquillante,Bioderma,250 ml,,,Cuidado personal,Dermatología,HIDRATANTES,364.74,549,Sin oferta (precio financiero),https://cdn.shopify.com/s/files/1/0088/1937/6188/files/H2O_Edicio_un-Especial_Hydrabio_250ml.jpg,dermaexpress,HYDRABIO H2O 250ML
FC-29809334,3701129809334,Hydrabio Hyalu+ Sérum hidratante,Bioderma,30 ml,,,Cuidado personal,Dermatología,HIDRATANTES,697.58,1050,Sin oferta (precio financiero),https://cdn.shopify.com/s/files/1/0088/1937/6188/files/3701129809334_1_8bdb62ba-64e5-447e-b38b-06808ea2f9b6.jpg,dermaexpress,HYDRABIO HYALU+SERUM 30ML
FC-29814307,3701129814307,Hydrabio Light,Bioderma,40 ml,,,Cuidado personal,Dermatología,LANZAMIENTOS 2026,451.77,680,Sin oferta (precio financiero),https://cdn.shopify.com/s/files/1/0088/1937/6188/files/bioderma-hydrabio-light-moisturizing-water-cream-72h-40-ml.avif,dermaexpress,HYDRABIO LIGHT 40ML
FC-47869775,3401347869775,Hydrabio Serum,Bioderma,40 ml,,,Cuidado personal,Dermatología,HIDRATANTES,550.76,829,Sin oferta (precio financiero),,,HYDRABIO SERUM 40ML
FC-29811757,3701129811757,Hydrabio Sérum,Bioderma,40 ml,,,Cuidado personal,Dermatología,HIDRATANTES,550.76,829.01,Sin oferta (precio financiero),https://cdn.shopify.com/s/files/1/0088/1937/6188/files/3701129811757_3.avif,dermaexpress,HYDRABIO SERUM 40ML
FC-07521222,7506307521222,Kit Photoderm Xdefense Neutro 40 ml + Sensibio Gel Moussant,Bioderma,100 ml,,Gel,Cuidado personal,Dermatología,LANZAMIENTOS 2026,497.61,749,Sin oferta (precio financiero),https://cdn.shopify.com/s/files/1/0088/1937/6188/files/7506307521222.avif,dermaexpress,KIT-PHOTODERM XDEFENSE NEUTRO 40ML+SENSIBIO GEL MOUSSANT 100ML
FC-07520782,7506307520782,Kit Sensibio AR+ Crema 40 ml + Sensibio H2O,Bioderma,100 ml,,Crema,Cuidado personal,Dermatología,PIEL SENSIBLE,544.78,820,Sin oferta (precio financiero),https://cdn.shopify.com/s/files/1/0088/1937/6188/files/7506307520782.avif,dermaexpress,KIT-SENSIBIO AR+ CREMA 40ML+SENSIBIO H2O 100ML
FC-07520799,7506307520799,Kit Sensibio H2O 500 ml + Sensibio H2O,Bioderma,250 ml,,,Cuidado personal,Dermatología,PIEL SENSIBLE,504.25,759,Sin oferta (precio financiero),https://cdn.shopify.com/s/files/1/0088/1937/6188/files/7506307520799.avif,dermaexpress,KIT-SENSIBIO H2O 500ML+SENSIBIO H2O 250ML
FC-07521772,7506307521772,Kit-Esthederm Age Proteom 30 ml+age Proteom Eyes,Bioderma,15 ml,,,Cuidado personal,Dermatología,LANZAMIENTOS 2026,2624.23,3950,Sin oferta (precio financiero),,,KIT-ESTHEDERM AGE PROTEOM 30ML+AGE PROTEOM EYES 15ML
FC-07521246,7506307521246,Kit-Sebium Pore Refiner 30 ml+sebium Gel Moussant,Bioderma,200 ml,,Gel,Cuidado personal,Dermatología,LANZAMIENTOS 2026,595.27,896,Sin oferta (precio financiero),,,KIT-SEBIUM PORE REFINER 30ML+SEBIUM GEL MOUSSANT 200ML
FC-29805060,3701129805060,Nodé DS+ Shampoo anticaspa,Bioderma,125 ml,,,Cuidado personal,Dermatología,CAPILARES,438.48,660,Sin oferta (precio financiero),https://cdn.shopify.com/s/files/1/0088/1937/6188/files/3701129805060_1.jpg,dermaexpress,NODE DS+ 125ML
FC-73697197,3401573697197,"Nodé Shampoo Fluido sin Detergente, para cuero cabelludo 400 ml.",Bioderma,400 ml,,Fluido,Cuidado personal,Dermatología,CAPILARES,455.09,685,Sin oferta (precio financiero),https://cdn.shopify.com/s/files/1/0088/1937/6188/products/3401573697197_f775b5da-a854-425e-8c13-ef433422e8a5.jpg,dermaexpress,NODE SHAMPOO FLUIDO 400ML
FC-29807392,3701129807392,Photoderm Aquafluide protector solar con color claro SPF50+,Bioderma,40 ml,,,Cuidado personal,Dermatología,SOLARES,444.46,669,Sin oferta (precio financiero),https://cdn.shopify.com/s/files/1/0088/1937/6188/files/3701129807392.jpg,dermaexpress,Photoderm AQUAFLUIDE Toque Seco Claro SPF50+   -
FC-29807385,3701129807385,Photoderm Aquafluide protector solar neutro SPF50+,Bioderma,40 ml,,,Cuidado personal,Dermatología,SOLARES,444.46,669,Sin oferta (precio financiero),https://cdn.shopify.com/s/files/1/0088/1937/6188/files/3701129807385.jpg,dermaexpress,Photoderm AQUAFLUIDE Toque Seco Neutro SPF50+
FC-29807408,3701129807408,Photoderm Aquafluide SPF50+ con Color Dorado,Bioderma,40 ml,,,Cuidado personal,Dermatología,SOLARES,444.46,669,Sin oferta (precio financiero),https://cdn.shopify.com/s/files/1/0088/1937/6188/files/3701129807408.jpg,dermaexpress,Photoderm AQUAFLUIDE Toque Seco Dorado SPF50+
FC-29817957,3701129817957,Photoderm AR+ FPS 50+,Bioderma,40 ml,FPS 50+,,Cuidado personal,Dermatología,LANZAMIENTOS 2026,530.83,799,Sin oferta (precio financiero),https://cdn.shopify.com/s/files/1/0088/1937/6188/files/3701129817957.avif,dermaexpress,PHOTODERM AR+ FPS50+ 40ML
FC-29803424,3701129803424,Photoderm Cover Touch FPS 50+ con color tono claro,Bioderma,40 ml,FPS 50+,,Cuidado personal,Dermatología,SOLARES,490.96,739,Sin oferta (precio financiero),https://cdn.shopify.com/s/files/1/0088/1937/6188/files/3701129803424_2.jpg,dermaexpress,PHOTODERM COVER TOUCH MINERAL SPF50+ CLARO 40G
FC-29803431,3701129803431,Photoderm Cover Touch FPS 50+ con color tono dorado,Bioderma,40 ml,FPS 50+,,Cuidado personal,Dermatología,SOLARES,490.96,739,Sin oferta (precio financiero),https://cdn.shopify.com/s/files/1/0088/1937/6188/files/3701129803431_2.jpg,dermaexpress,PHOTODERM COVER TOUCH MINERAL SPF50+ DORADO 40G
FC-29807422,3701129807422,Photoderm Cover Touch Mineral FPS 50+ Bronce,Bioderma,40 g,FPS 50+,,Cuidado personal,Dermatología,SOLARES,490.96,739,Sin oferta (precio financiero),,,PHOTODERM COVER TOUCH MINERAL FPS50+ BRONCE 40G
FC-29807415,3701129807415,Photoderm Cover Touch Mineral Protector solar facial FPS 50+ con color tono muy claro,Bioderma,40 g,FPS 50+,,Cuidado personal,Dermatología,SOLARES,490.96,739,Sin oferta (precio financiero),https://cdn.shopify.com/s/files/1/0088/1937/6188/files/3701129807415_2.jpg,dermaexpress,PHOTODERM COVER TOUCH MINERAL FPS50+ MUY CLARO 40G
FC-29803523,3701129803523,Photoderm Crema FPS 50+ Protector solar facial tono Neutro,Bioderma,40 ml,FPS 50+,Crema,Cuidado personal,Dermatología,SOLARES,464.39,699,Sin oferta (precio financiero),https://cdn.shopify.com/s/files/1/0088/1937/6188/products/3701129803523.jpg,dermaexpress,PHOTODERM CREMA SPF50+ 40ML
FC-29813232,3701129813232,Photoderm Dry Touch FPS 50+ Protector solar facial claro para piel mixta o grasa,Bioderma,40 ml,FPS 50+,,Cuidado personal,Dermatología,SOLARES,431.17,649,Sin oferta (precio financiero),https://cdn.shopify.com/s/files/1/0088/1937/6188/files/3701129813232.jpg,dermaexpress,PHOTODERM DRY TOUCH SPF50+ CLARO 40ML
FC-29813294,3701129813294,Photoderm Dry Touch FPS 50+ Protector solar facial muy claro para piel mixta o grasa,Bioderma,40 ml,FPS 50+,,Cuidado personal,Dermatología,SOLARES,431.17,649,Sin oferta (precio financiero),https://cdn.shopify.com/s/files/1/0088/1937/6188/files/3701129813294.jpg,dermaexpress,PHOTODERM DRY TOUCH SPF50+ MUY CLARO 40ML
FC-29813201,3701129813201,Photoderm Dry Touch FPS 50+ Protector solar facial neutro para piel mixta o grasa,Bioderma,40 ml,FPS 50+,,Cuidado personal,Dermatología,SOLARES,431.17,649,Sin oferta (precio financiero),https://cdn.shopify.com/s/files/1/0088/1937/6188/files/3701129813201.jpg,dermaexpress,PHOTODERM DRY TOUCH SPF50+ NEUTRE 40ML
FC-29813263,3701129813263,Photoderm Dry Touch FPS 50+ Protector solar facial tono Dorado para piel mixta o grasa,Bioderma,40 ml,FPS 50+,,Cuidado personal,Dermatología,SOLARES,431.17,649,Sin oferta (precio financiero),https://cdn.shopify.com/s/files/1/0088/1937/6188/files/3701129813263.jpg,dermaexpress,PHOTODERM DRY TOUCH SPF50+ DORADO 40ML
FC-29820674,3701129820674,Photoderm Invisible Stick FPS 50+,Bioderma,15 g,FPS 50+,,Cuidado personal,Dermatología,SOLARES,278.37,419,Sin oferta (precio financiero),https://cdn.shopify.com/s/files/1/0088/1937/6188/files/7501258200011-2_e51eb6c2-874a-4670-96ae-1d835e129f72.png,dermaexpress,Photoderm Stick Invisible FPS50+
FC-29803639,3701129803639,Photoderm Leche Ultra FPS 50+ Protector solar corporal,Bioderma,200 ml,FPS 50+,,Cuidado personal,Dermatología,SOLARES,590.62,889,Sin oferta (precio financiero),https://cdn.shopify.com/s/files/1/0088/1937/6188/products/3701129803639.jpg,dermaexpress,PHOTODERM LAIT ULTRA SPF50+ 200ML
FC-29804421,3701129804421,Photoderm M FPS 50+ Protector solar facial contra el melasma tono Brown,Bioderma,40 ml,FPS 50+,,Cuidado personal,Dermatología,SOLARES,530.83,799,Sin oferta (precio financiero),https://cdn.shopify.com/s/files/1/0088/1937/6188/products/3701129804421.jpg,dermaexpress,PHOTODERM M SPF50+ MARRON 40ML
FC-29804414,3701129804414,Photoderm M FPS 50+ Protector solar facial contra el melasma tono Claro,Bioderma,40 ml,FPS 50+,,Cuidado personal,Dermatología,SOLARES,530.83,799,Sin oferta (precio financiero),https://cdn.shopify.com/s/files/1/0088/1937/6188/products/3701129804414.jpg,dermaexpress,PHOTODERM M SPF50+ CLARO 40ML
FC-29803714,3701129803714,Photoderm M FPS 50+ Protector solar facial contra el melasma tono Dorado,Bioderma,40 ml,FPS 50+,,Cuidado personal,Dermatología,SOLARES,530.83,799,Sin oferta (precio financiero),https://cdn.shopify.com/s/files/1/0088/1937/6188/products/3701129803714.jpg,dermaexpress,PHOTODERM M SPF50+ DORADO 40ML
FC-29803448,3701129803448,Photoderm Nude Touch FPS 50+ con color tono claro,Bioderma,40 ml,FPS 50+,,Cuidado personal,Dermatología,SOLARES,484.32,729,Sin oferta (precio financiero),https://cdn.shopify.com/s/files/1/0088/1937/6188/files/3701129803448_2.jpg,dermaexpress,PHOTODERM NUDE TOUCH MINERAL SPF50+ CLARO 40ML
FC-29803455,3701129803455,Photoderm Nude Touch FPS 50+ tono muy claro protección solar facial,Bioderma,40 ml,FPS 50+,,Cuidado personal,Dermatología,SOLARES,484.32,729,Sin oferta (precio financiero),https://cdn.shopify.com/s/files/1/0088/1937/6188/files/3701129803455_2.jpg,dermaexpress,PHOTODERM NUDE TOUCH MINERAL SPF50+ MUY CLARO 40ML
FC-29807439,3701129807439,Photoderm Nude Touch Mineral FPS 50+ Protector solar facial con color tono Bronce,Bioderma,40 ml,FPS 50+,,Cuidado personal,Dermatología,SOLARES,484.32,729,Sin oferta (precio financiero),https://cdn.shopify.com/s/files/1/0088/1937/6188/files/3701129807439_2.jpg,dermaexpress,PHOTODERM NUDE TOUCH MINERAL FPS50+ BRONCE 40ML
FC-29803462,3701129803462,Photoderm Nude Touch Protector solar facial FPS 50+ con color tono dorado,Bioderma,40 ml,FPS 50+,,Cuidado personal,Dermatología,SOLARES,484.32,729,Sin oferta (precio financiero),https://cdn.shopify.com/s/files/1/0088/1937/6188/files/3701129803462_2.jpg,dermaexpress,PHOTODERM NUDE TOUCH MINERAL SPF50+ DORADO 40ML
FC-29807309,3701129807309,Photoderm Pediatrics Mineral Protector solar para niños FPS 50+,Bioderma,50 g,FPS 50+,,Cuidado personal,Dermatología,SOLARES,550.76,829,Sin oferta (precio financiero),https://cdn.shopify.com/s/files/1/0088/1937/6188/files/3701129807309.jpg,dermaexpress,PHOTODERM PEDIATRICS MINERAL FPS50+ 50G
FC-29807316,3701129807316,Photoderm Pediatrics Spray protector solar para niños FPS 50+,Bioderma,200 ml,FPS 50+,Spray,Cuidado personal,Dermatología,SOLARES,590.62,889,Sin oferta (precio financiero),https://cdn.shopify.com/s/files/1/0088/1937/6188/files/3701129807316.jpg,dermaexpress,PHOTODERM PEDIATRICS SPRAY FPS50+ 200ML
FC-29803707,3701129803707,Photoderm SPF50 AR,Bioderma,30 ml,,,Cuidado personal,Dermatología,SOLARES,530.83,799,Sin oferta (precio financiero),,,PHOTODERM SPF50 AR 30ML
FC-29803738,3701129803738,Photoderm Spot-Age FPS 50+ Protector solar facial antiedad,Bioderma,40 ml,FPS 50+,,Cuidado personal,Dermatología,SOLARES,530.83,799,Sin oferta (precio financiero),https://cdn.shopify.com/s/files/1/0088/1937/6188/files/3701129803738_692e2b10-0a3f-4ed9-a8b2-b231191a6b74.jpg,dermaexpress,PHOTODERM SPOT-AGE SPF50+ INVISIBLE 40ML
FC-29807248,3701129807248,Photoderm Spray protector solar SPF50+,Bioderma,300 ml,,Spray,Cuidado personal,Dermatología,SOLARES,517.54,779,Sin oferta (precio financiero),https://cdn.shopify.com/s/files/1/0088/1937/6188/files/3701129807248.jpg,dermaexpress,Photoderm Spray SPF50+ 300ml
FC-29813638,3701129813638,Photoderm Xdefense FPS 50+ Protector solar facial tono Claro,Bioderma,40 ml,FPS 50+,,Cuidado personal,Dermatología,SOLARES,497.61,749,Sin oferta (precio financiero),https://cdn.shopify.com/s/files/1/0088/1937/6188/files/3701129813638.jpg,dermaexpress,Photoderm XDefense Claro
FC-29813645,3701129813645,Photoderm Xdefense FPS 50+ Protector solar facial tono Dorado,Bioderma,40 ml,FPS 50+,,Cuidado personal,Dermatología,SOLARES,497.61,749,Sin oferta (precio financiero),https://cdn.shopify.com/s/files/1/0088/1937/6188/files/3701129813645.jpg,dermaexpress,Photoderm XDefense Dorado
FC-29813652,3701129813652,Photoderm Xdefense Protector solar facial tono Bronce,Bioderma,40 ml,,,Cuidado personal,Dermatología,SOLARES,497.61,749,Sin oferta (precio financiero),https://cdn.shopify.com/s/files/1/0088/1937/6188/files/3701129813652.jpg,dermaexpress,Photoderm XDefense Bronce
FC-29813621,3701129813621,Photoderm Xdefense Protector solar facial tono muy claro,Bioderma,40 ml,,,Cuidado personal,Dermatología,SOLARES,497.61,749,Sin oferta (precio financiero),https://cdn.shopify.com/s/files/1/0088/1937/6188/files/3701129813621.jpg,dermaexpress,Photoderm XDefense Muy Claro
FC-29813614,3701129813614,Photoderm Xdefense Protector solar facial tono Neutro,Bioderma,40 ml,,,Cuidado personal,Dermatología,SOLARES,497.61,749,Sin oferta (precio financiero),https://cdn.shopify.com/s/files/1/0088/1937/6188/files/3701129813614.jpg,dermaexpress,Photoderm XDefense Neutro
FC-29800119,3701129800119,Pigmentbio C-Concentrate Sérum concentrado de vitamina C,Bioderma,15 ml,,,Cuidado personal,Dermatología,DESPIGMENTANTES,611.21,920,Sin oferta (precio financiero),https://cdn.shopify.com/s/files/1/0088/1937/6188/files/3701129800119.jpg,dermaexpress,PIGMENTBIO C-CONCENTRATE SUERO 15ML
FC-29800072,3701129800072,Pigmentbio Daily Care FPS 50+ Crema de día despigmentante,Bioderma,40 ml,FPS 50+,Crema,Cuidado personal,Dermatología,DESPIGMENTANTES,730.14,1099,Sin oferta (precio financiero),https://cdn.shopify.com/s/files/1/0088/1937/6188/products/370112980007.jpg,dermaexpress,PIGMENTBIO DAILY CARE FPS50+ CREMA 40ML
FC-29800546,3701129800546,Pigmentbio Foaming Cream Crema limpiadora despigmentante,Bioderma,200 ml,,Crema,Cuidado personal,Dermatología,DESPIGMENTANTES,504.25,759,Sin oferta (precio financiero),https://cdn.shopify.com/s/files/1/0088/1937/6188/products/3701129800546.jpg,dermaexpress,PIGMENTBIO FOAMING CREAM 200ML
FC-29800553,3701129800553,Pigmentbio Foaming Crema limpiadora despigmentante,Bioderma,500 ml,,Crema,Cuidado personal,Dermatología,DESPIGMENTANTES,684.29,1030,Sin oferta (precio financiero),https://cdn.shopify.com/s/files/1/0088/1937/6188/files/bd-bdr-1105-0-bioderma-pigmentbio-foaming-cream-500ml-1594051433.jpg,dermaexpress,PIGMENTBIO FOAMING CREMA 500ML
FC-29800102,3701129800102,Pigmentbio H2O Agua micelar despigmentante,Bioderma,250 ml,,,Cuidado personal,Dermatología,DESPIGMENTANTES,364.74,549,Sin oferta (precio financiero),https://cdn.shopify.com/s/files/1/0088/1937/6188/files/H2O_Edicio_un-Especial_Pigmentbio_250ml.jpg,dermaexpress,PIGMENTBIO H2O 250ML
FC-29800089,3701129800089,Pigmentbio Night Renewer Crema regeneradora nocturna despigmentante,Bioderma,50 ml,,Crema,Cuidado personal,Dermatología,DESPIGMENTANTES,730.14,1099,Sin oferta (precio financiero),https://cdn.shopify.com/s/files/1/0088/1937/6188/products/3701129800089.jpg,dermaexpress,PIGMENTBIO NIGHT RENEWER 50ML
FC-29800096,3701129800096,Pigmentbio Sensitive Areas despigmentante corporal para áreas sensibles,Bioderma,75 ml,,,Cuidado personal,Dermatología,DESPIGMENTANTES,508.24,765,Sin oferta (precio financiero),https://cdn.shopify.com/s/files/1/0088/1937/6188/files/Disenosintitulo_71_1.png,dermaexpress,PIGMENTBIO SENSITIVE AREAS 75ML
FC-61353625,3401361353625,Sebium Crema Pore Refiner Piel Grasa Tubo C,Bioderma,30 ml,,Crema,Cuidado personal,Dermatología,PIEL GRASA,595.27,896,Sin oferta (precio financiero),https://gruporfp.vteximg.com.br/arquivos/ids/6997997/3401361353625_01.jpg,farmatodo,SEBIUM PORE REFINER 30ML
FC-74131423,3401574131423,Sébium Gel Gommant Exfoliante para piel mixta a grasa,Bioderma,100 ml,,Gel,Cuidado personal,Dermatología,PIEL GRASA,397.95,599,Sin oferta (precio financiero),https://cdn.shopify.com/s/files/1/0088/1937/6188/files/3401574131423_81d09cfb-9ea5-4f4f-978f-5dc4019101a3.jpg,dermaexpress,SEBIUM GEL EXFOLIANTE 100ML
FC-29803400,3701129803400,Sébium Gel Moussant Actif Limpiador activo anti-acné,Bioderma,200 ml,,Gel,Cuidado personal,Dermatología,PIEL GRASA,397.95,599,Sin oferta (precio financiero),https://cdn.shopify.com/s/files/1/0088/1937/6188/files/3701129803400.jpg,dermaexpress,SEBIUM GEL MOUSSANT ACTIF 200ML
FC-99277092,3401399277092,Sébium Gel Moussant gel limpiador anti-imperfecciones,Bioderma,500 ml,,Gel,Cuidado personal,Dermatología,PIEL GRASA,524.18,789,Sin oferta (precio financiero),https://cdn.shopify.com/s/files/1/0088/1937/6188/files/3401399277092_bf933d42-8ac6-4eea-b549-09b064ce54c4.jpg,dermaexpress,SEBIUM GEL MOUSSANT 500ML
FC-53806399,3401353806399,Sébium Gel Moussant Gel limpiador para piel mixta a grasa,Bioderma,200 ml,,Gel,Cuidado personal,Dermatología,PIEL GRASA,351.45,529,Sin oferta (precio financiero),https://cdn.shopify.com/s/files/1/0088/1937/6188/files/3401353806399_456fd7bd-77a7-4cf8-b564-12b04f67784f.jpg,dermaexpress,SEBIUM GEL TUBO 200ML
FC-53791220,3401353791220,Sébium Gel Moussant Limpiador anti-imperfecciones,Bioderma,100 ml,,Gel,Cuidado personal,Dermatología,PIEL GRASA,198.64,299,Sin oferta (precio financiero),https://cdn.shopify.com/s/files/1/0088/1937/6188/files/3401353791220_3846a8ea-c14d-42aa-a5ce-b905e4c9a0f6.jpg,dermaexpress,SEBIUM GEL MOUSSANT 100ML
FC-78653709,3401578653709,Sébium Gel Moussant Limpiador anti-imperfecciones 200 ml,Bioderma,200 ml,,Gel,Cuidado personal,Dermatología,PIEL GRASA,378.02,569,Sin oferta (precio financiero),https://cdn.shopify.com/s/files/1/0088/1937/6188/files/3401578653709_7ed3c1db-1553-4fc6-8bc9-b7bf6c1335c2.jpg,dermaexpress,SEBIUM GEL MOUSSANT 200ML
FC-29812020,3701129812020,Sebium H2O,Bioderma,500 ml,,,Cuidado personal,Dermatología,LANZAMIENTOS 2026,541.46,815,Sin oferta (precio financiero),,,SEBIUM H2O 500ML
FC-95376935,3401395376935,Sébium H2O Agua micelar desmaquillante para piel mixta a grasa,Bioderma,100 ml,,,Cuidado personal,Dermatología,PIEL GRASA,162.77,245,Sin oferta (precio financiero),https://cdn.shopify.com/s/files/1/0088/1937/6188/files/3401395376935_00f6f485-985f-42a2-ab35-c505c8869079.jpg,dermaexpress,SEBIUM H2O 100ML
FC-72288297,3401572288297,Sébium H2O Agua micelar desmaquillante para piel mixta a grasa 250 ml,Bioderma,250 ml,,,Cuidado personal,Dermatología,PIEL GRASA,364.74,549,Sin oferta (precio financiero),https://cdn.shopify.com/s/files/1/0088/1937/6188/files/3401572288297_f5db8f67-b934-4a97-842a-3e4f522d1461.jpg,dermaexpress,SEBIUM H2O 250ML
FC-29812013,3701129812013,Sébium H2O Agua Micelar Purificante Piel Grasa,Bioderma,500 ml,,,Cuidado personal,Dermatología,PIEL GRASA,504.25,759,Sin oferta (precio financiero),https://cdn.shopify.com/s/files/1/0088/1937/6188/files/3701129812013.jpg,dermaexpress,Sébium H2O 500 ml
FC-96991830,3401396991830,Sébium H2O Bomba inversa Agua micelar desmaquillante para piel mixta a grasa,Bioderma,500 ml,,,Cuidado personal,Dermatología,PIEL GRASA,541.46,815,Sin oferta (precio financiero),https://cdn.shopify.com/s/files/1/0088/1937/6188/files/3401396991830_775657dc-258b-4a15-888b-8198c4d1b1b4.jpg,dermaexpress,SEBIUM H2O BOMBA INVERSA 500ML
FC-48840421,3401348840421,Sébium Hydra crema hidratante para procesos resecantes,Bioderma,40 ml,,Crema,Cuidado personal,Dermatología,PIEL GRASA,508.24,765,Sin oferta (precio financiero),https://cdn.shopify.com/s/files/1/0088/1937/6188/files/3401348840421_5f38e4fe-dfe8-4561-a289-66f183dc47b9.jpg,dermaexpress,SEBIUM HYDRA CREMA 40ML
FC-29812433,3701129812433,Sébium Kerato+ Body Tratamiento Antiimperfecciones Corporal,Bioderma,150 ml,,,Cuidado personal,Dermatología,PIEL GRASA,451.77,680,Sin oferta (precio financiero),https://cdn.shopify.com/s/files/1/0088/1937/6188/files/3701129812433.jpg,dermaexpress,SEBIUM KERATO+BODY 150ML
FC-29805367,3701129805367,Sébium Kerato+ Gel-crema anti-imperfecciones,Bioderma,30 ml,,Crema,Cuidado personal,Dermatología,PIEL GRASA,481.66,725,Sin oferta (precio financiero),https://cdn.shopify.com/s/files/1/0088/1937/6188/files/3701129805367.jpg,dermaexpress,SEBIUM KERATO+ 30ML
FC-95461082,3401395461082,Sébium Pain Barra limpiadora para piel mixta a grasa,Bioderma,100 g,,,Cuidado personal,Dermatología,PIEL GRASA,152.14,229,Sin oferta (precio financiero),https://cdn.shopify.com/s/files/1/0088/1937/6188/files/3401395461082_3f7365c2-478e-4e87-8a3d-b581da6a21ff.jpg,dermaexpress,SEBIUM BARRA 100GR
FC-29811962,3701129811962,Sebium Pore Refiner,Bioderma,30 ml,,,Cuidado personal,Dermatología,LANZAMIENTOS 2026,595.27,896,Sin oferta (precio financiero),https://cdn.shopify.com/s/files/1/0088/1937/6188/files/bioderma-sebium-pore-refiner-tube-30ml.avif,dermaexpress,SEBIUM PORE REFINER 30ML
FC-29809280,3701129809280,Sébium Sérum anti-imperfecciones,Bioderma,30 ml,,,Cuidado personal,Dermatología,PIEL GRASA,630.48,949,Sin oferta (precio financiero),https://cdn.shopify.com/s/files/1/0088/1937/6188/files/a8e6e92b-c2c8-4e6a-9a7d-e03a25fccfb4.jpg,dermaexpress,Sebium Serum
FC-29812099,3701129812099,Sensibio AR crema para pieles con rosácea,Bioderma,40 ml,,Crema,Cuidado personal,Dermatología,PIEL SENSIBLE,544.78,820,Sin oferta (precio financiero),https://cdn.shopify.com/s/files/1/0088/1937/6188/files/3701129812099_1.avif,dermaexpress,SENSIBIO AR+ CREMA 40ML
FC-29804452,3701129804452,Sensibio Defensive crema hidratante facial,Bioderma,40 ml,,Crema,Cuidado personal,Dermatología,PIEL SENSIBLE,484.99,730,Sin oferta (precio financiero),https://cdn.shopify.com/s/files/1/0088/1937/6188/files/3701129804452_1.avif,dermaexpress,SENSIBIO DEFENSIVE 40ML
FC-29804995,3701129804995,Sensibio Defensive Serum suero hidratante antiedad,Bioderma,30 ml,,,Cuidado personal,Dermatología,PIEL SENSIBLE,621.18,935,Sin oferta (precio financiero),https://cdn.shopify.com/s/files/1/0088/1937/6188/files/3701129804995_1.avif,dermaexpress,SENSIBIO DEFENSIVE SERUM 30ML
FC-75390447,3401575390447,Sensibio Desmaquillante H2O Botella C,Bioderma,250 ml,,,Cuidado personal,Dermatología,PIEL SENSIBLE,364.74,549,Sin oferta (precio financiero),https://gruporfp.vteximg.com.br/arquivos/ids/6997944/3401575390447_01.jpg,farmatodo,SENSIBIO H2O 250ML
FC-97240470,3401397240470,Sensibio DS+ crema para pieles con dermatitis seborreica,Bioderma,40 ml,,Crema,Cuidado personal,Dermatología,PIEL SENSIBLE,514.88,775,Sin oferta (precio financiero),https://cdn.shopify.com/s/files/1/0088/1937/6188/files/3401397240470_1.avif,dermaexpress,SENSIBIO DS 40ML
FC-29811467,3701129811467,Sensibio Eye Crema hidratante para contorno de ojos,Bioderma,15 ml,,Crema,Cuidado personal,Dermatología,PIEL SENSIBLE,421.87,635,Sin oferta (precio financiero),https://cdn.shopify.com/s/files/1/0088/1937/6188/files/3701129811467_1.avif,dermaexpress,SENSIBIO EYE+ 15ML
FC-81507565,3401381507565,Sensibio Gel Espumoso,Bioderma,200 ml,,Gel,Cuidado personal,Dermatología,PIEL SENSIBLE,378.02,569,Sin oferta (precio financiero),,,SENSIBIO GEL ESPUMOSO 200ML
FC-29800850,3701129800850,Sensibio Gel Moussant gel micelar limpiador,Bioderma,100 ml,,Gel,Cuidado personal,Dermatología,PIEL SENSIBLE,198.64,299,Sin oferta (precio financiero),https://cdn.shopify.com/s/files/1/0088/1937/6188/files/3701129800850_1.avif,dermaexpress,SENSIBIO GEL MOUSSANT 100ML
FC-29800843,3701129800843,Sensibio Gel Moussant Gel micelar limpiador,Bioderma,500 ml,,Gel,Cuidado personal,Dermatología,PIEL SENSIBLE,524.18,789,Sin oferta (precio financiero),https://cdn.shopify.com/s/files/1/0088/1937/6188/files/3701129800843_1.avif,dermaexpress,SENSIBIO GEL MOUSSANT 500ML
FC-29812105,3701129812105,Sensibio H2O Agua Micelar,Bioderma,500 ml,,,Cuidado personal,Dermatología,LANZAMIENTOS 2026,504.25,759,Sin oferta (precio financiero),https://cdn.shopify.com/s/files/1/0088/1937/6188/files/3701129812105_HH.jpg,dermaexpress,SENSIBIO H2O 500ML
FC-29812068,3701129812068,Sensibio H2O Agua micelar desmaquillante para piel sensible,Bioderma,250 ml,,,Cuidado personal,Dermatología,PIEL SENSIBLE,364.74,549,Sin oferta (precio financiero),https://cdn.shopify.com/s/files/1/0088/1937/6188/files/3701129812068_1.avif,dermaexpress,SENSIBIO H2O 250ML
FC-29812075,3701129812075,Sensibio H2O Agua Micelar Desmaquillante para Piel Sensible,Bioderma,100 ml,,,Cuidado personal,Dermatología,PIEL SENSIBLE,162.77,245,Sin oferta (precio financiero),https://cdn.shopify.com/s/files/1/0088/1937/6188/files/3701129812075_1.avif,dermaexpress,Sensibio H2O 100 ml
FC-45935571,3401345935571,Sensibio H2O agua micelar desmaquillante piel sensible,Bioderma,500 ml,,,Cuidado personal,Dermatología,PIEL SENSIBLE,504.25,759,Sin oferta (precio financiero),https://cdn.shopify.com/s/files/1/0088/1937/6188/files/3401345935571_1.avif,dermaexpress,SENSIBIO H2O 500ML
FC-29812129,3701129812129,Sensibio H2O Agua micelar desmaquillante y calmante edición bomba inversa,Bioderma,500 ml,,,Cuidado personal,Dermatología,PIEL SENSIBLE,541.46,815,Sin oferta (precio financiero),https://cdn.shopify.com/s/files/1/0088/1937/6188/files/3701129812129_1.avif,dermaexpress,Sensibio H2O Bomba Inversa
FC-29812044,3701129812044,Sensibio H2O Eye desmaquillante bifásico para ojos y labios,Bioderma,125 ml,,,Cuidado personal,Dermatología,PIEL SENSIBLE,298.3,449,Sin oferta (precio financiero),https://cdn.shopify.com/s/files/1/0088/1937/6188/files/3701129812044_1.avif,dermaexpress,Sensibio H2O Eye
FC-74360455,8436574360455,Biretix Barra limpiadora para piel grasa con acné,Cantabria Labs,80 g,,,Cuidado personal,Dermatología,PIEL GRASA,134.75,192.5,10+1,https://cdn.shopify.com/s/files/1/0088/1937/6188/files/Diseno_sin_titulo_3_8318252c-4415-4cd9-a047-e0ab72c53a8d.png,dermaexpress,BIRETIX BARRA 80GR
FC-74361599,8436574361599,Biretix Cleanser Gel limpiador purificante,Cantabria Labs,200 ml,,Gel,Cuidado personal,Dermatología,PIEL GRASA,358.05,511.5,10+1,https://cdn.shopify.com/s/files/1/0088/1937/6188/products/Biretix_Cleanser_200ml_93087c2e-e3db-42d2-b45f-a28833e90013.jpg,dermaexpress,BIRETIX CLEANSER 200ML
FC-02116511,8470002116511,Biretix Cleanser Gel limpiador purificante,Cantabria Labs,400 ml,,Gel,Cuidado personal,Dermatología,PIEL GRASA,500.5,715,10+1,https://cdn.shopify.com/s/files/1/0088/1937/6188/files/BiretixCleanser400ml_3.jpg,dermaexpress,BIRETIX CLEANSER 400ml BOTELLA DE ALUMINIO
FC-02123885,8470002123885,Biretix Cleanser Refill Gel limpiador,Cantabria Labs,400 ml,,Gel,Cuidado personal,Dermatología,PIEL GRASA,385,550,10+1,https://cdn.shopify.com/s/files/1/0088/1937/6188/files/8470002123885.jpg,dermaexpress,BIRETIX CLEANSER REFILL 400 ML
FC-74362336,8436574362336,Biretix Hydramat Fluido hidratante matificante,Cantabria Labs,50 ml,,Fluido,Cuidado personal,Dermatología,PIEL GRASA,435.05,621.5,10+1,https://cdn.shopify.com/s/files/1/0088/1937/6188/files/8436574362336.jpg,dermaexpress,BIRETIX HYDRAMAT 50ML
FC-74365481,8436574365481,Biretix Isorepair Balm,Cantabria Labs,10 g,,,Cuidado personal,Dermatología,LANZAMIENTOS 2026,174.75,250,10+1,https://cdn.shopify.com/s/files/1/0088/1937/6188/files/2._20Cantabria_20Labs_201-12-25_0178_1.jpg,dermaexpress,BIRETIX ISOREPAIR BALM 10G
FC-01908285,8470001908285,Biretix Tri-Active Gel facial para piel grasa,Cantabria Labs,50 ml,,Gel,Cuidado personal,Dermatología,PIEL GRASA,504.35,720.5,10+1,https://cdn.shopify.com/s/files/1/0088/1937/6188/products/BiretixTri-Active-2.jpg,dermaexpress,BIRETIX TRI-ACTIVE GEL 50ML
FC-01945761,8470001945761,Biretix Tri-Active Spray corporal antiacné,Cantabria Labs,100 ml,,Spray,Cuidado personal,Dermatología,PIEL GRASA,659.72,942.45,10+1,https://cdn.shopify.com/s/files/1/0088/1937/6188/products/BiretixTri-ActiveSpray-1.jpg,dermaexpress,BIRETIX TRI ACTIVE SPRAY 100ML
FC-02160040,8470002160040,Cantabria Biretix Double Correction Serum Suero Antiimperfecciones y Renovador,Cantabria Labs,30 ml,,,Cuidado personal,Dermatología,PIEL GRASA,708.4,1012,10+1,https://cdn.shopify.com/s/files/1/0088/1937/6188/files/8470002160040.jpg,dermaexpress,BIRETIX DOUBLE CORRECTION SERUM 30 ML
FC-74361582,8436574361582,Cantabria Biretix Isorepair Crema Hidratante Reparadora Piel Sensible,Cantabria Labs,50 ml,,Crema,Cuidado personal,Dermatología,PIEL GRASA,481.25,687.5,10+1,https://cdn.shopify.com/s/files/1/0088/1937/6188/files/8436574361582.jpg,dermaexpress,BIRETIX ISOREPAIR
FC-02076747,8470002076747,Cantabria Heliocare 360 Pediatrics Stick FPS 50+ Protector Solar Infantil en Barra,Cantabria Labs,25 g,FPS 50+,,Cuidado personal,Dermatología,SOLARES,414.58,592.25,10+1,https://cdn.shopify.com/s/files/1/0088/1937/6188/files/8470002076747.jpg,dermaexpress,Heliocare 360° PEDIATRICS STICK
FC-74365139,8436574365139,Endocare Age Barrier Gel Cream,Cantabria Labs,50 ml,,Gel,Cuidado personal,Dermatología,ANTI-EDAD,697.76,996.8,10+1,https://cdn.shopify.com/s/files/1/0088/1937/6188/files/8436574365139-D1.png,dermaexpress,ENDOCARE AGE BARRIER GEL CREAM 50 ML
FC-74364033,8436574364033,Endocare Age Barrier Hyaluboost Contorno De Ojos Hidratante,Cantabria Labs,15 ml,,,Cuidado personal,Dermatología,ANTI-EDAD,579.6,828,10+1,https://cdn.shopify.com/s/files/1/0088/1937/6188/files/1_867ec266-7fd9-427e-a576-4bfbd4984d76.png,dermaexpress,ENDOCARE AGE BARRIER HYALUBOOST CONTORNO DE OJOS
FC-74364484,8436574364484,Endocare Age Barrier Niacinal Serum,Cantabria Labs,30 ml,,Gel,Cuidado personal,Dermatología,ANTI-EDAD,847,1210,10+1,https://cdn.shopify.com/s/files/1/0088/1937/6188/files/medium-endocare_age-barrier-niacinal-serum-gel_packshot_box_front_2025.avif,dermaexpress,ENDOCARE AGE BARRIER NIACINAL SÉRUM GEL
FC-02094857,8470002094857,Endocare Hyaluboost Age Barrier Sérum antiedad,Cantabria Labs,30 ml,,,Cuidado personal,Dermatología,ANTI-EDAD,723.8,1034,10+1,https://cdn.shopify.com/s/files/1/0088/1937/6188/files/Endocare_Hyaluboost_AgeBarrier_Bottle.jpg,dermaexpress,ENDOCARE HYALUBOOST AGE BARRIER SERUM 30ML
FC-74360844,8436574360844,Endocare Hydractive Agua micelar,Cantabria Labs,400 ml,,,Cuidado personal,Dermatología,ANTI-EDAD,422.24,603.2,10+1,https://cdn.shopify.com/s/files/1/0088/1937/6188/products/AguaMicelarEndocareHidractive400ml-1.jpg,dermaexpress,ENDOCARE AGUA MICELAR 400ML
FC-62903947,7500462903947,Endocare Kit Radiance C Ferulic Serum 30 ml + Endocare Edafence Contorno De Ojos,Cantabria Labs,15 ml,,,Cuidado personal,Dermatología,ANTI-EDAD,1015,1450,10+1,https://cdn.shopify.com/s/files/1/0088/1937/6188/files/Disenosintitulo_13_7c0bba05-01d3-469a-a67a-1ac71791ec59.png,dermaexpress,PACK ESPECIALIZADO EN BRINDAR LUMINOSIDAD
FC-62903954,7500462903954,Endocare Kit Tensage Crema Reafirmante 30 ml + Endocare Tensage Contorno De Ojos,Cantabria Labs,15 ml,,Crema,Cuidado personal,Dermatología,ANTI-EDAD,1183,1690,10+1,https://cdn.shopify.com/s/files/1/0088/1937/6188/files/Disenosintitulo_14_30b47731-5e31-40d2-9a07-cdfa06bb9ab6.png,dermaexpress,PACK ESPECIALIZADO EN BRINDAR FIRMEZA
FC-74365313,8436574365313,Endocare Radiance C 20% Sérum,Cantabria Labs,30 ml,,,Cuidado personal,Dermatología,ANTI-EDAD,945,1350,10+1,https://cdn.shopify.com/s/files/1/0088/1937/6188/files/214472_1800x1800_ce072c56-33cc-42a2-9424-98a9516451c6.avif,dermaexpress,ENDOCARE RADIANCE C 20 % SERUM 30 ML
FC-74361032,8436574361032,Endocare Radiance C Ferulic Edafence Sérum antioxidante,Cantabria Labs,30 ml,,,Cuidado personal,Dermatología,ANTI-EDAD,924,1320,10+1,https://cdn.shopify.com/s/files/1/0088/1937/6188/files/Diseno_sin_titulo_1_96a9f22d-f838-4c75-bb60-7575c175389d.png,dermaexpress,ENDOCARE RADIANCE C FERULIC EDAFENCE SERUM 30ML
FC-74364866,8436574364866,Endocare Radiance C Ferulic Sérum,Cantabria Labs,30 ml,,Gel,Cuidado personal,Dermatología,ANTI-EDAD,924,1320,10+1,https://cdn.shopify.com/s/files/1/0088/1937/6188/files/Endocare-Radiance-C-Ferulic-Serum-Gel-8436574364866-639112524991524029-1_1800x1800_35e11eee-be15-4bcf-8c90-59f83ae64bd4.avif,dermaexpress,ENDOCARE RADIANCE C FERULIC SERUM GEL 30ML
FC-01997302,8470001997302,Endocare Radiance Contorno de ojos antiedad,Cantabria Labs,15 ml,,,Cuidado personal,Dermatología,ANTI-EDAD,835.45,1193.5,10+1,https://cdn.shopify.com/s/files/1/0088/1937/6188/products/Endocare_Radiance_EyeCountourAnti-darkCircles_Bottle.jpg,dermaexpress,ENDOCARE RADIANCE ANTIOJERAS 15ML
FC-02117181,8470002117181,Endocare Renewal Contorno de ojos antiedad,Cantabria Labs,15 ml,,,Cuidado personal,Dermatología,ANTI-EDAD,845.25,1207.5,10+1,https://cdn.shopify.com/s/files/1/0088/1937/6188/files/EndocareRenewal_RetinolEyeContour_Tube.jpg,dermaexpress,ENDOCARE RENEWAL CONTORNO DE OJOS 15ML
FC-74363692,8436574363692,Endocare Renewal Glycoperfect Limpiador cremoso,Cantabria Labs,150 ml,,,Cuidado personal,Dermatología,ANTI-EDAD,500.5,715,10+1,https://cdn.shopify.com/s/files/1/0088/1937/6188/files/EndocareGlycoperfectCreamyCleanser_1.jpg,dermaexpress,ENDOCARE RENEWAL GLYCOPERFECT (AZ) CREAMY CLEANSER 150 ML
FC-02117075,8470002117075,Endocare Renewal Glycoperfect Sérum intensivo,Cantabria Labs,50 ml,,,Cuidado personal,Dermatología,ANTI-EDAD,577.5,825,10+1,https://cdn.shopify.com/s/files/1/0088/1937/6188/files/EndocareRenewalGlycoperfect_1.jpg,dermaexpress,ENDOCARE RENEWAL GLYCOPERFECT (AZ) INTENSIVE SERUM 50 ML
FC-74362459,8436574362459,Endocare Renewal Retinol Intensive Sérum antiedad,Cantabria Labs,30 ml,,,Cuidado personal,Dermatología,ANTI-EDAD,1004.64,1435.2,10+1,https://cdn.shopify.com/s/files/1/0088/1937/6188/products/EndocareRenewal_IntensiveRetinol_Serum_Bottle.jpg,dermaexpress,ENDOCARE RENEWAL RETINOL INTENSIVE SERUM 30ML
FC-74362442,8436574362442,Endocare Renewal Retinol Sérum antiedad,Cantabria Labs,30 ml,,,Cuidado personal,Dermatología,ANTI-EDAD,906.78,1295.4,10+1,https://cdn.shopify.com/s/files/1/0088/1937/6188/products/EndocareRenewal_Retinol_Serum_Bottle.jpg,dermaexpress,ENDOCARE RENEWAL RETINOL SERUM 30ML
FC-01564832,8470001564832,Endocare Tensage Contorno de ojos iluminador,Cantabria Labs,15 ml,,,Cuidado personal,Dermatología,ANTI-EDAD,839.3,1199,10+1,https://cdn.shopify.com/s/files/1/0088/1937/6188/products/Endocare_Tensage_EyeContour_Bottle_Box.jpg,dermaexpress,ENDOCARE TENSAGE OJOS 15ML
FC-03468237,8470003468237,Endocare Tensage Crema antiarrugas efecto tensor inmediato,Cantabria Labs,30 ml,,Crema,Cuidado personal,Dermatología,ANTI-EDAD,876.96,1252.8,10+1,https://cdn.shopify.com/s/files/1/0088/1937/6188/files/cantabria_labs_Tensage_Cream_50ml.jpg,dermaexpress,ENDOCARE TENSAGE CREMA 30ML
FC-74361605,8436574361605,Endocare Tensage Sérum alta potencia,Cantabria Labs,30 ml,,,Cuidado personal,Dermatología,ANTI-EDAD,893.2,1276,10+1,https://cdn.shopify.com/s/files/1/0088/1937/6188/products/WhatsAppImage2021-04-13at13.26.09.jpg,dermaexpress,ENDOCARE TENSAGE ALTA POTENCIA SERUM 30 ML
FC-74363166,8436574363166,Folcare Minoxidil 5% Solución anticaída,Cantabria Labs,60 ml,,Solución,Cuidado personal,Dermatología,CAPILARES,458.5,655,10+1,https://cdn.shopify.com/s/files/1/0088/1937/6188/files/FolcareMinoxidil-WEB-3.jpg,dermaexpress,FOLCαRE MINOXIDIL SOLUCIÓN 5% 60ML.
FC-74365344,8436574365344,Heliocare 360 Pigment Stick Beige FPS 50 Fotoprotector Con Color,Cantabria Labs,10 g,FPS 50,,Cuidado personal,Dermatología,SOLARES,448,640,10+1,https://cdn.shopify.com/s/files/1/0088/1937/6188/files/2_67bb1c53-d46f-4057-9395-cb08b2df1876.png,dermaexpress,HELIOCARE 360° PIGMENT STICK COLOR BEIGE FPS 50 10 G
FC-74365351,8436574365351,Heliocare 360 Pigment Stick Bronze FPS 50 Fotoprotector Con Color,Cantabria Labs,10 g,FPS 50,,Cuidado personal,Dermatología,SOLARES,448,640,10+1,https://cdn.shopify.com/s/files/1/0088/1937/6188/files/5_0311153e-4183-4edf-9a7b-b89aac0be042.png,dermaexpress,HELIOCARE 360° PIGMENT STICK COLOR BRONZE FPS 50 10 G
FC-74364460,8436574364460,Heliocare 360° Acnimat Crema FPS 50+,Cantabria Labs,50 ml,FPS 50+,Crema,Cuidado personal,Dermatología,SOLARES,510.51,729.3,10+1,https://cdn.shopify.com/s/files/1/0088/1937/6188/files/H360Acnimat_1.jpg,dermaexpress,Heliocare 360° ACNIMAT
FC-01592453,8470001592453,Heliocare 360° Advanced Gel Protector solar FPS 50+,Cantabria Labs,250 ml,FPS 50+,Gel,Cuidado personal,Dermatología,SOLARES,531.79,759.7,10+1,https://cdn.shopify.com/s/files/1/0088/1937/6188/files/H360AdvancedGel-1.jpg,dermaexpress,Heliocare 360° ADVANCED GEL
FC-01977786,8470001977786,Heliocare 360° Age Active Fluido Protector solar FPS 50+ antiedad,Cantabria Labs,50 ml,FPS 50+,Fluido,Cuidado personal,Dermatología,SOLARES,535.5,765,10+1,https://cdn.shopify.com/s/files/1/0088/1937/6188/products/8470001977786.jpg,dermaexpress,HELIOCARE 360° AGE ACTIVE FLUID 50ML
FC-01702852,8470001702852,Heliocare 360° Airgel Protector solar corporal,Cantabria Labs,200 ml,,,Cuidado personal,Dermatología,SOLARES,536.55,766.5,10+1,https://cdn.shopify.com/s/files/1/0088/1937/6188/products/Heliocare360_Airgel_200ml_FPS50_Bottle.jpg,dermaexpress,HELIOCARE 360°AIRGEL CORPORAL 200ML
FC-01870483,8470001870483,Heliocare 360° AK Emulsión Protector solar FPS 50+,Cantabria Labs,50 ml,FPS 50+,,Cuidado personal,Dermatología,SOLARES,617.61,882.3,10+1,https://cdn.shopify.com/s/files/1/0088/1937/6188/products/WhatsAppImage2021-04-12at11.43.54.jpg,dermaexpress,HELIOCARE 360° MD AK FLUIDO 50ML
FC-02100657,8470002100657,Heliocare 360° Body Glow Protector solar corporal FPS 50+,Cantabria Labs,100 ml,FPS 50+,,Cuidado personal,Dermatología,SOLARES,477.75,682.5,10+1,https://cdn.shopify.com/s/files/1/0088/1937/6188/files/H360BodyGlow-Web-1.jpg,dermaexpress,HELIOCARE 360° BODY GLOW SPF50+ 100 ML.
FC-01776211,8470001776211,Heliocare 360° Cápsulas antiedad,Cantabria Labs,C/30,,Cápsulas,Cuidado personal,Dermatología,SOLARES,588,840,10+1,https://cdn.shopify.com/s/files/1/0088/1937/6188/products/Heliocare360_OralCapsules_Box_Jar.jpg,dermaexpress,HELIOCARE 360° C/30 CAPSULAS
FC-02141452,8470002141452,Heliocare 360° Compacto color bronce FPS 50+,Cantabria Labs,10 g,FPS 50+,,Cuidado personal,Dermatología,SOLARES,437.33,624.75,10+1,https://cdn.shopify.com/s/files/1/0088/1937/6188/files/H360CompactOilfreeBronze-2.jpg,dermaexpress,HELIOCARE 360° OIL-FREE COMPACT BRONZE SPF 50+ 10G.
FC-02141469,8470002141469,Heliocare 360° Compacto protector solar beige FPS 50+,Cantabria Labs,10 g,FPS 50+,,Cuidado personal,Dermatología,SOLARES,437.33,624.75,10+1,https://cdn.shopify.com/s/files/1/0088/1937/6188/files/H360CompactOilfreeBeige2.jpg,dermaexpress,HELIOCARE 360° OIL-FREE COMPACT BEIGE SPF 50+ 10G.
FC-01724137,8470001724137,Heliocare 360° Gel Oil-Free Protector solar para piel grasa,Cantabria Labs,50 ml,,Gel,Cuidado personal,Dermatología,SOLARES,507.15,724.5,10+1,https://cdn.shopify.com/s/files/1/0088/1937/6188/products/Heliocare360_GelOilFree_FPS50_Box_Tube.jpg,dermaexpress,HELIOCARE 360° DRY TOUCH 50ML
FC-01866608,8470001866608,Heliocare 360° Invisible Spray Protector solar FPS 50+,Cantabria Labs,200 ml,FPS 50+,Spray,Cuidado personal,Dermatología,SOLARES,536.55,766.5,10+1,https://cdn.shopify.com/s/files/1/0088/1937/6188/products/Heliocare360_InvisibleSpray_Bottle.jpg,dermaexpress,HELIOCARE 360° INVISIBLE SPF50+ SPRAY 200ML
FC-74363388,8436574363388,Heliocare 360° Mattifying Brush Polvo protector solar FPS 50+,Cantabria Labs,3 g,FPS 50+,,Cuidado personal,Dermatología,SOLARES,466.73,666.75,10+1,https://cdn.shopify.com/s/files/1/0088/1937/6188/files/Heliocare_360_Mattifyng_Brush_06.jpg,dermaexpress,HELIOCARE 360 MATTIFYING BRUSH SPF50+
FC-01847607,8470001847607,Heliocare 360° Mineral Tolerance Fluido solar para piel sensible,Cantabria Labs,50 ml,,Fluido,Cuidado personal,Dermatología,SOLARES,441,630,10+1,https://cdn.shopify.com/s/files/1/0088/1937/6188/products/Heliocare360_MineralToleranceFluid_FPS50_Box_Bottle.jpg,dermaexpress,HELIOCARE 360° MINERAL TOLERANCE FLUIDO 50ML
FC-01873590,8470001873590,Heliocare 360° Oil-Free Beige Protector solar para piel grasa,Cantabria Labs,50 ml,,,Cuidado personal,Dermatología,SOLARES,507.15,724.5,10+1,https://cdn.shopify.com/s/files/1/0088/1937/6188/products/Heliocare360_ColorGelOilFree_BeigeFPS50__Box_Bottle.jpg,dermaexpress,HELIOCARE 360° OIL-FREE BEIGE 50ML
FC-01873583,8470001873583,Heliocare 360° Oil-Free Bronze Protector solar para piel grasa,Cantabria Labs,50 ml,,,Cuidado personal,Dermatología,SOLARES,507.15,724.5,10+1,https://cdn.shopify.com/s/files/1/0088/1937/6188/products/Heliocare360_ColorGelOilFree_BronzeFPS50__Box_Bottle_713e6c30-028a-43b6-bf47-4a75a2fa71ea.jpg,dermaexpress,HELIOCARE 360° OIL-FREE BRONZE 50ML
FC-01977793,8470001977793,Heliocare 360° Pigment Solution Fluido solar despigmentante FPS 50+,Cantabria Labs,50 ml,FPS 50+,Fluido,Cuidado personal,Dermatología,SOLARES,535.5,765,10+1,https://cdn.shopify.com/s/files/1/0088/1937/6188/products/Heliocare-360-Pigment-Solution-50-50Ml-8470001977793-637812238585372882-1.jpg,dermaexpress,HELIOCARE 360° PIGMENT SOLUTION FLUID 50ML
FC-02147102,8470002147102,Heliocare 360° Sensation Protector solar FPS 50+,Cantabria Labs,50 ml,FPS 50+,,Cuidado personal,Dermatología,SOLARES,510.83,729.75,10+1,https://cdn.shopify.com/s/files/1/0088/1937/6188/files/H360Sensation-1.jpg,dermaexpress,HELIOCARE 360 SENSATION
FC-02024434,8470002024434,Heliocare 360° Sport Transparent Stick Protector solar FPS 50+,Cantabria Labs,25 g,FPS 50+,,Cuidado personal,Dermatología,SOLARES,414.58,592.25,10+1,https://cdn.shopify.com/s/files/1/0088/1937/6188/products/FT-H360SportStick1600px72dpis-1.jpg,dermaexpress,HELIOCARE 360 SPORT TRANSPARENT STICK 25G
FC-02044272,8470002044272,Heliocare 360° Water Gel Beige Protector solar FPS 50+,Cantabria Labs,50 ml,FPS 50+,Gel,Cuidado personal,Dermatología,SOLARES,507.15,724.5,10+1,https://cdn.shopify.com/s/files/1/0088/1937/6188/products/Heliocare_WaterGel_ColorBeige_Bottle.jpg,dermaexpress,HELIOCARE 360° COLOR WATER GEL BEIGE 50 ML
FC-01930156,8470001930156,Heliocare 360° Water Gel Protector solar ultraligero e hidratante FPS 50+,Cantabria Labs,50 ml,FPS 50+,Gel,Cuidado personal,Dermatología,SOLARES,507.15,724.5,10+1,https://cdn.shopify.com/s/files/1/0088/1937/6188/products/Heliocare-360-Water-Gel-Fps-50-50Ml-8470001930156-637832236758404706-1.jpg,dermaexpress,HELIOCARE 360° WATER FPS50+ GEL 50ML
FC-62903961,7500462903961,Heliocare Kit Sensation FPS 50+ 50 ml + Heliocare 360 Matifying Brush SPF50,Cantabria Labs,3 g,FPS 50+,,Cuidado personal,Dermatología,SOLARES,735,1050,10+1,https://cdn.shopify.com/s/files/1/0088/1937/6188/files/1_79a085a2-71a7-4f60-8c46-86e53162504c.png,dermaexpress,PACK H360° SENSATION + MATTIFYING BRUSH
FC-02146372,8470002146372,Iraltone 2 en 1 Pestañas y Cejas Serum Booster,Cantabria Labs,10 ml,,,Cuidado personal,Dermatología,LANZAMIENTOS 2026,887.6,1268,10+1,https://cdn.shopify.com/s/files/1/0088/1937/6188/files/iraltone_2_en_1_serum_potenciador_de_pesta_as_y_cejas_10_ml._-_cantabria_labs.avif,dermaexpress,IRALTONE 2 EN 1 PESTAÑAS Y CEJAS SERUM BOOSTER 10ML
FC-15550923,8437015550923,Iraltone AGA Cápsulas anticaída complemento alimenticio 60 cps,Cantabria Labs,,,Cápsulas,Cuidado personal,Dermatología,CAPILARES,776.16,1108.8,10+1,https://cdn.shopify.com/s/files/1/0088/1937/6188/products/IRALTONEAGA_Capsules.jpg,dermaexpress,IRALTONE AGA C/60 CAPSULAS
FC-74364989,8436574364989,Iraltone Barrier Comfort Shampoo,Cantabria Labs,250 ml,,,Cuidado personal,Dermatología,LANZAMIENTOS 2026,455,649.99,10+1,,,IRALTONE BARRIER COMFORT SHAMPOO 250ML
FC-74360523,8436574360523,Iraltone DS Shampoo anticaspa,Cantabria Labs,200 ml,,,Cuidado personal,Dermatología,CAPILARES,396.9,567,10+1,https://cdn.shopify.com/s/files/1/0088/1937/6188/files/Diseno_sin_titulo_73a044dc-7eb8-4a09-ad26-18764232fabb.png,dermaexpress,IRALTONE DS ANTI-CASPA 200ML
FC-01612335,8470001612335,Iraltone Forte Cápsulas anticaída 60 cps,Cantabria Labs,,,Cápsulas,Cuidado personal,Dermatología,CAPILARES,776.16,1108.8,10+1,https://cdn.shopify.com/s/files/1/0088/1937/6188/products/IRALTONEFORTE_Capsules.jpg,dermaexpress,IRALTONE FORTE C/60 CAPSULAS
FC-06192185,7508006192185,Iraltone Kit Shampoo Fortificante 200 ml + Iraltone Loción Anticaída,Cantabria Labs,100 ml,,,Cuidado personal,Dermatología,CAPILARES,735,1050,10+1,https://cdn.shopify.com/s/files/1/0088/1937/6188/files/Disenosintitulo_12_74cee7e0-6ad6-44bb-9fef-73110df24bcc.png,dermaexpress,Pack IRALTONE SHAMPOO + LOCIÓN
FC-02089471,8470002089471,Iraltone Loción anticaída,Cantabria Labs,100 ml,,,Cuidado personal,Dermatología,CAPILARES,698.25,997.5,10+1,https://cdn.shopify.com/s/files/1/0088/1937/6188/files/1_2cfb409a-9d34-4fcf-b579-74c567edc3f1.jpg,dermaexpress,IRALTONE ANTI- HAIR LOSS LOTION 100ML.
FC-74364897,8436574364897,Iraltone Perfect 10 Leave-In,Cantabria Labs,15 ml,,,Cuidado personal,Dermatología,LANZAMIENTOS 2026,525,750,10+1,https://cdn.shopify.com/s/files/1/0088/1937/6188/files/1_13d52090-7c3b-4bc9-ba13-6848220818c9.png,dermaexpress,IRALTONE PERFECT 10 LEAVE-IN 150ML
FC-74364873,8436574364873,Iraltone Reset Shampoo,Cantabria Labs,250 ml,,,Cuidado personal,Dermatología,LANZAMIENTOS 2026,455,649.99,10+1,https://cdn.shopify.com/s/files/1/0088/1937/6188/files/1_8aefe7ce-e80e-43d3-af43-c75e3b5d3340.avif,dermaexpress,IRALTONE RESET SHAMPOO 250ML
FC-74364880,8436574364880,Iraltone Restore Conditioner,Cantabria Labs,200 ml,,,Cuidado personal,Dermatología,LANZAMIENTOS 2026,420,600,10+1,https://cdn.shopify.com/s/files/1/0088/1937/6188/files/3337875940139.png,dermaexpress,IRALTONE RESTORE CONDITIONER 200ML
FC-01939456,8470001939456,Iraltone Shampoo fortificante,Cantabria Labs,200 ml,,,Cuidado personal,Dermatología,CAPILARES,392.7,561,10+1,https://cdn.shopify.com/s/files/1/0088/1937/6188/products/Iraltone_FortifyingShampoo_Bottle_Box_46447372-f64f-4748-9feb-60bc191ace13.jpg,dermaexpress,IRALTONE SHAMPOO FORTIFICANTE ANTI CAIDA 200ML
FC-74364996,8436574364996,Iraltone Sublime Hair Oil,Cantabria Labs,50 ml,,,Cuidado personal,Dermatología,LANZAMIENTOS 2026,525,750,10+1,https://cdn.shopify.com/s/files/1/0088/1937/6188/files/1_d8006e9d-5594-46e3-a5d1-cff11e4ad90f.png,dermaexpress,IRALTONE SUBLIME HAIR OIL 50ML
FC-74365153,8436574365153,Neoretin DC Concentrate Sérum,Cantabria Labs,30 ml,,,Cuidado personal,Dermatología,DESPIGMENTANTE,959,1369.99,10+1,https://cdn.shopify.com/s/files/1/0088/1937/6188/files/8436574365153-2.avif,dermaexpress,NEORETIN DC CONCENTRATE SERUM 30ML
FC-02076754,8470002076754,Neoretin DC K Contorno de Ojos,Cantabria Labs,15 ml,,,Cuidado personal,Dermatología,DESPIGMENTANTE,770,1100,10+1,https://cdn.shopify.com/s/files/1/0088/1937/6188/files/8470002076754-1.avif,dermaexpress,NEORETIN DC K-CONTORNO DE OJOS 15ML
FC-02111363,8470002111363,Neoretin DC Pigment Neutralizer Sérum despigmentante,Cantabria Labs,30 ml,,,Cuidado personal,Dermatología,DESPIGMENTANTE,763.56,1090.8,10+1,https://cdn.shopify.com/s/files/1/0088/1937/6188/files/Neoretin_DC_PigmentNeutralizer_Serum_Bottle_1.jpg,dermaexpress,NEORETIN DC PIGMENT NEUTRILIZER SERUM 30ML
FC-74363654,8436574363654,Neoretin DC Sensitive Areas Loción aclarante corporal,Cantabria Labs,100 ml,,,Cuidado personal,Dermatología,DESPIGMENTANTE,567,810,10+1,https://cdn.shopify.com/s/files/1/0088/1937/6188/files/IMAGE1.jpg,dermaexpress,NEORETIN DC SENSITIVE AREAS BODY LOTION 100 ML
FC-01894342,8470001894342,Neoretin DC Ultra Emulsión despigmentante,Cantabria Labs,30 ml,,,Cuidado personal,Dermatología,DESPIGMENTANTE,790.02,1128.6,10+1,https://cdn.shopify.com/s/files/1/0088/1937/6188/products/8470001894342.jpg,dermaexpress,NEORETIN DC ULTRA EMULSION DESPIG 30 ML
FC-01653505,8470001653505,Neoretin Sérum despigmentante,Cantabria Labs,30 ml,,,Cuidado personal,Dermatología,DESPIGMENTANTE,695.52,993.6,10+1,https://cdn.shopify.com/s/files/1/0088/1937/6188/products/Neoretin_DiscromControl_Serum_Tube_Box.jpg,dermaexpress,NEORETIN SUERO 30ML
FC-01822758,8470001822758,Radiocare Ultra Crema regeneradora,Cantabria Labs,150 ml,,Crema,Cuidado personal,Dermatología,CAPILARES,577.5,825,10+1,https://cdn.shopify.com/s/files/1/0088/1937/6188/products/RadiocareUltra_Box_Bottle.jpg,dermaexpress,RADIOCARE ULTRA CREMA 150ML
FC-24225021,7502224225021,Accua aseptic,Cell Pharma,240 ml,,Spray,Cuidado personal,Dermatología,CAPILARES,220.85,315.5,10+1,https://cdn.shopify.com/s/files/1/0088/1937/6188/products/Accua.jpg,dermaexpress,ACCUA ASEPTIC SPRAY 240ML
FC-24226424,7502224226424,Accua Aseptic,Cell Pharma,60 g,,Gel,Cuidado personal,Dermatología,CAPILARES,155.75,222.5,10+1,,,ACCUA ASEPTIC GEL 60GR
FC-24221030,7502224221030,Desinfectante Accua Aseptic Solucion Spray C,Cell Pharma,60 ml,,Solución,Cuidado personal,Dermatología,CAPILARES,88.55,126.5,10+1,https://gruporfp.vteximg.com.br/arquivos/ids/6998933/7502224221030_01.jpg,farmatodo,ACCUA ASEPTIC SOLUCION 60ML
FC-24220057,7502224220057,Kitocream,Cell Pharma,10 g,,,Cuidado personal,Dermatología,CAPILARES,322,460,10+1,,,KITOCREAM 10G
FC-24220040,7502224220040,Kitocream Crema cicatrizante,Cell Pharma,30 g,,Crema,Cuidado personal,Dermatología,CAPILARES,832.3,1189,10+1,https://cdn.shopify.com/s/files/1/0088/1937/6188/products/7502002461528.jpg,dermaexpress,KITOCREAM 30GR
FC-24228916,7502224228916,Kitoscell Gel cicatrizante,Cell Pharma,10 g,,Gel,Cuidado personal,Dermatología,CAPILARES,301.34,430.5,10+1,https://cdn.shopify.com/s/files/1/0088/1937/6188/products/7502224228916.jpg,dermaexpress,KITOSCELL GEL 10G
FC-24228787,7502224228787,Kitoscell Gel cicatrizante,Cell Pharma,90 g,,Gel,Cuidado personal,Dermatología,CAPILARES,2020.2,2886,10+1,https://cdn.shopify.com/s/files/1/0088/1937/6188/products/7502224228787.jpg,dermaexpress,KITOCELL GEL 90GR
FC-24228763,7502224228763,Kitoscell Gel Tubo C,Cell Pharma,30 g,,Gel,Cuidado personal,Dermatología,CAPILARES,832.3,1189,10+1,https://gruporfp.vteximg.com.br/arquivos/ids/6997537/7502224228763_01.jpg,farmatodo,KITOSCELL GEL 30G
FC-24228060,7502224228060,Kitoscell Gel Tubo C,Cell Pharma,3.5 g,,Gel,Cuidado personal,Dermatología,CAPILARES,125.65,179.5,10+1,https://gruporfp.vteximg.com.br/arquivos/ids/6997531/7502224228060_01.jpg,farmatodo,KITOSCELL GEL 3.5RG
FC-24228619,7502224228619,Kitoscell Q Gel cicatrizante,Cell Pharma,10 g,,Gel,Cuidado personal,Dermatología,CAPILARES,303.8,434,10+1,https://cdn.shopify.com/s/files/1/0088/1937/6188/products/7502224228619.jpg,dermaexpress,KITOSCELL Q GEL 10GR
FC-24227230,7502224227230,Triclean Mousse,Cell Pharma,120 ml,,,Cuidado personal,Dermatología,CAPILARES,280.35,400.5,10+1,,,TRICLEAN MOUSSE 120ML
FC-24227223,7502224227223,Triclean Mousse,Cell Pharma,50 ml,,,Cuidado personal,Dermatología,CAPILARES,156.81,224.02,10+1,,,TRICLEAN MOUSSE 50ML
FC-24220002,7502224220002,Triclean Mousse limpiador,Cell Pharma,120 ml,,,Cuidado personal,Dermatología,CAPILARES,346.49,495,10+1,https://cdn.shopify.com/s/files/1/0088/1937/6188/files/7502224220002.jpg,dermaexpress,TRICLEAN MOUSSE 120ML
FC-24227131,7502224227131,Zaxcell Gel cicatrizante,Cell Pharma,30 g,,Gel,Cuidado personal,Dermatología,CAPILARES,807.1,1153.01,10+1,https://cdn.shopify.com/s/files/1/0088/1937/6188/products/7502224227117.jpg,dermaexpress,ZAXCELL GEL 30GR
FC-24227117,7502224227117,Zaxcell Gel Tubo C,Cell Pharma,5 g,,Gel,Cuidado personal,Dermatología,CAPILARES,163.1,233,10+1,https://gruporfp.vteximg.com.br/arquivos/ids/6997701/7502224227117_01.jpg,farmatodo,ZAXCELL GEL 5GR
FC-75848473,3337875848473,Bálsamo reparador avanzado piel seca,Cerave,88 ml,,,Cuidado personal,Dermatología,HIDRATANTES CORPORALES,291.72,429,10+1 o 9.09%,https://cdn.shopify.com/s/files/1/0088/1937/6188/files/Diseno_sin_titulo_9.png,dermaexpress,CERAVE BALSAMO REPARADOR AVANZADO PIEL SECA 88ML
FC-75849326,3337875849326,Bálsamo reparador avanzado piel seca,Cerave,50 ml,,,Cuidado personal,Dermatología,HIDRATANTES CORPORALES,223.72,329,10+1 o 9.09%,https://cdn.shopify.com/s/files/1/0088/1937/6188/files/Diseno_sin_titulo_10.png,dermaexpress,CERAVE BALSAMO REPARADOR AVANZADO PIEL SECA 50ML
FC-75684095,3337875684095,Crema alisadora antirugosidades corporal,Cerave,177 ml,,Crema,Cuidado personal,Dermatología,HIDRATANTES CORPORALES,332.52,489,10+1 o 9.09%,https://cdn.shopify.com/s/files/1/0088/1937/6188/files/e0753655-c577-4e5e-b714-da0309052847.jpg,dermaexpress,CERAVE CREMA ALISADORA 177ML
FC-75597388,3337875597388,Crema hidratante facial y corporal,Cerave,453 ml,,Crema,Cuidado personal,Dermatología,HIDRATANTES CORPORALES,373.32,549,10+1 o 9.09%,https://cdn.shopify.com/s/files/1/0088/1937/6188/files/e6ba6380-c2ed-4771-a636-1804e0b9cf94.jpg,dermaexpress,CERAVE CREMA HIDRATANTE 454GR
FC-75597371,3337875597371,Crema hidratante facial y corporal,Cerave,50 ml,,Crema,Cuidado personal,Dermatología,HIDRATANTES FACIALES,114.92,169,10+1 o 9.09%,https://cdn.shopify.com/s/files/1/0088/1937/6188/files/926fd11d-2bdb-454e-9e72-7d7550f411e8.jpg,dermaexpress,CERAVE CREMA HIDRATANTE 50ML
FC-75598996,3337875598996,Crema hidratante facial y corporal 170 ml,Cerave,170 g,,Crema,Cuidado personal,Dermatología,HIDRATANTES CORPORALES,214.2,315,10+1 o 9.09%,https://cdn.shopify.com/s/files/1/0088/1937/6188/files/51e5f7e1-a0aa-40b0-8fba-a646d97d6dbf.jpg,dermaexpress,CERAVE CREMA HIDRATANTE 170GR
FC-75905626,3337875905626,Crema Hidratante Refill con Ceramidas y Ácido Hialurónico,Cerave,454 ml,,Crema,Cuidado personal,Dermatología,HIDRATANTES CORPORALES,305.32,449,10+1 o 9.09%,https://cdn.shopify.com/s/files/1/0088/1937/6188/files/3337875905626.jpg,dermaexpress,CERAVE CREMA HIDRATANTE REFFIL 454ML
FC-75597296,3337875597296,Crema renovadora de pies,Cerave,88 ml,,Crema,Cuidado personal,Dermatología,HIDRATANTES CORPORALES,332.52,489,10+1 o 9.09%,https://cdn.shopify.com/s/files/1/0088/1937/6188/files/75ab02da-60ed-485b-b0d2-959e0f0eb9f6.jpg,dermaexpress,CERAVE CREMA PIES 88ML
FC-75597272,3337875597272,Crema reparadora para contorno de ojos,Cerave,14 ml,,Crema,Cuidado personal,Dermatología,HIDRATANTES FACIALES,373.32,549,10+1 o 9.09%,https://cdn.shopify.com/s/files/1/0088/1937/6188/files/Diseno_sin_titulo_4bdee763-c3f1-4f65-bb9c-d8430ac70b83.png,dermaexpress,CERAVE OJOS 14ML
FC-75945660,3337875945660,Fluido Protector Invisible Hidratante FPS 50,Cerave,50 ml,FPS 50,Fluido,Cuidado personal,Dermatología,HIDRATANTES FACIALES,291.72,429,10+1 o 9.09%,https://cdn.shopify.com/s/files/1/0088/1937/6188/files/1_3.avif,dermaexpress,CERAVE FLUIDO PROTECTOR INVISIBLE HIDRATANTE FPS50 50ML
FC-75782357,3337875782357,Gel control de imperfecciones,Cerave,40 ml,,Gel,Cuidado personal,Dermatología,HIDRATANTES FACIALES,359.72,529,10+1 o 9.09%,https://cdn.shopify.com/s/files/1/0088/1937/6188/files/Diseno_sin_titulo_4.png,dermaexpress,CERAVE GEL CONTROL ANTI-IMPERFECCIONES 40ML
FC-75905596,3337875905596,Gel Espumoso Refill (16 oz) Limpiador para piel normal a grasa,Cerave,473 ml,,Gel,Cuidado personal,Dermatología,LIMPIADORES,352.92,519,10+1 o 9.09%,https://cdn.shopify.com/s/files/1/0088/1937/6188/files/Diseno_sin_titulo_11_1111.png,dermaexpress,CERAVE GEL ESPUMOSO REFFIL 473ML
FC-75773430,3337875773430,Gel limpiador en aceite espumoso facial y corporal,Cerave,236 ml,,Gel,Cuidado personal,Dermatología,LIMPIADORES,325.72,479,10+1 o 9.09%,https://cdn.shopify.com/s/files/1/0088/1937/6188/files/6d310fc0-ace7-4a64-83b3-bec6e2b7d8ec.jpg,dermaexpress,CERAVE HYDRATING OIL CLEANSER 236ML
FC-75597357,3337875597357,Gel limpiador facial espumoso,Cerave,473 ml,,Gel,Cuidado personal,Dermatología,LIMPIADORES,434.52,639,10+1 o 9.09%,https://cdn.shopify.com/s/files/1/0088/1937/6188/files/0d047c76-5e80-4cbd-afd5-4ecc357e28f3.jpg,dermaexpress,CERAVE GEL ESPUMOSO 473ML
FC-75597197,3337875597197,Gel limpiador facial espumoso 236 ml,Cerave,236 ml,,Gel,Cuidado personal,Dermatología,LIMPIADORES,325.72,479,10+1 o 9.09%,https://cdn.shopify.com/s/files/1/0088/1937/6188/files/7f3d0f49-b757-41fc-8fc5-df75a47ba9ef.jpg,dermaexpress,CERAVE GEL ESPUMOSO 236ML
FC-75597180,3337875597180,Gel limpiador hidratante facial y corporal,Cerave,236 ml,,Gel,Cuidado personal,Dermatología,LIMPIADORES,325.72,479,10+1 o 9.09%,https://cdn.shopify.com/s/files/1/0088/1937/6188/files/c4cd8cb7-6de5-43cf-9182-4ea2cfb496f5.jpg,dermaexpress,CERAVE LIMPIADORA HIDRATANTE 236ML
FC-75597333,3337875597333,Gel limpiador hidratante facial y corporal,Cerave,473 ml,,Gel,Cuidado personal,Dermatología,LIMPIADORES,434.52,639,10+1 o 9.09%,https://cdn.shopify.com/s/files/1/0088/1937/6188/files/Diseno_sin_titulo_1.png,dermaexpress,CERAVE LIMPIADORA HIDRATANTE 473ML
FC-75743563,3337875743563,Gel limpiador hidratante facial y corporal,Cerave,236 ml,,Gel,Cuidado personal,Dermatología,LIMPIADORES,373.32,549,10+1 o 9.09%,https://cdn.shopify.com/s/files/1/0088/1937/6188/files/91b1eb2d-a03a-4e82-afaf-9025c5658fcb.jpg,dermaexpress,CERAVE LIMPIADORA CREMA-ESPUMA HIDRATANTE 256ML
FC-75925358,3337875925358,Limpiador Air Foam Reequilibrante con Aminoácidos y Ceramidas,Cerave,148 ml,,,Cuidado personal,Dermatología,LIMPIADORES,271.32,399,10+1 o 9.09%,https://cdn.shopify.com/s/files/1/0088/1937/6188/files/3337875925358.jpg,dermaexpress,LIMPIADOR AIR FOAM REEQUILIBRANTE 148ML
FC-75784054,3337875784054,Limpiador control de imperfecciones,Cerave,236 ml,,,Cuidado personal,Dermatología,LIMPIADORES,325.72,479,10+1 o 9.09%,https://cdn.shopify.com/s/files/1/0088/1937/6188/files/Diseno_sin_titulo_5.png,dermaexpress,CERAVE LIMPIADOR CONTROL IMPERFECCIONES 236ML
FC-75923866,3337875923866,Limpiador Control Imperfecciones con Ácido Salicílico y Niacinamida,Cerave,473 ml,,,Cuidado personal,Dermatología,LIMPIADORES,434.52,639,10+1 o 9.09%,https://cdn.shopify.com/s/files/1/0088/1937/6188/files/3337875923866.jpg,dermaexpress,LIMPIADOR CONTROL IMPERFECCIONES 473ML
FC-75773447,3337875773447,Limpiador en aceite espumoso facial y corporal,Cerave,473 ml,,,Cuidado personal,Dermatología,LIMPIADORES,434.52,639,10+1 o 9.09%,https://cdn.shopify.com/s/files/1/0088/1937/6188/files/71cc7508-3aba-4fe2-bf4a-937296c5c6cd.jpg,dermaexpress,CERAVE HYDRATING OIL CLEANSER 473ML
FC-75597449,3337875597449,Loción hidratante facial,Cerave,52 ml,,,Cuidado personal,Dermatología,HIDRATANTES FACIALES,373.32,549,10+1 o 9.09%,https://cdn.shopify.com/s/files/1/0088/1937/6188/files/e32cc72a-b34c-4c28-ba43-174b5d4e0778.jpg,dermaexpress,CERAVE HIDRATANTE FACIAL 52ML
FC-75840620,3337875840620,Loción hidratante facial con FPS 30 para piel seca,Cerave,52 ml,FPS 30,,Cuidado personal,Dermatología,HIDRATANTES FACIALES,373.32,549,10+1 o 9.09%,https://cdn.shopify.com/s/files/1/0088/1937/6188/files/Diseno_sin_titulo_8.png,dermaexpress,CERAVE LOCION HIDRATANTE DE ROSTRO FPS30 PIEL SECA 52ML
FC-75904292,3337875904292,Loción Hidratante Intensiva con Ceramidas y Ácido Hialurónico,Cerave,236 ml,,,Cuidado personal,Dermatología,HIDRATANTES CORPORALES,339.32,499,10+1 o 9.09%,https://cdn.shopify.com/s/files/1/0088/1937/6188/files/3337875904292.jpg,dermaexpress,CERAVE LOCION HIDRATANTE INTENSIVA 236ML
FC-75597210,3337875597210,Loción hidratante para piel seca,Cerave,236 ml,,,Cuidado personal,Dermatología,HIDRATANTES CORPORALES,237.32,349,10+1 o 9.09%,https://cdn.shopify.com/s/files/1/0088/1937/6188/files/1f42bd5b-2244-477e-8c2c-2e865f789cfa.jpg,dermaexpress,CERAVE LOCION HIDRATANTE 236ML
FC-75597395,3337875597395,Loción hidratante para piel seca 473 ml,Cerave,473 ml,,,Cuidado personal,Dermatología,HIDRATANTES CORPORALES,373.32,549,10+1 o 9.09%,https://cdn.shopify.com/s/files/1/0088/1937/6188/files/18603280-15e9-4354-972f-b8179c2b78cb.jpg,dermaexpress,CERAVE LOCION HIDRATANTE 473ML
FC-75905633,3337875905633,Loción Hidratante Refill,Cerave,473 ml,,,Cuidado personal,Dermatología,HIDRATANTES CORPORALES,305.32,449,10+1 o 9.09%,https://cdn.shopify.com/s/files/1/0088/1937/6188/files/Diseno_sin_titulo_11_c8ef08d6-b8f4-4612-bd2d-ade85b8bf75f.png,dermaexpress,CERAVE LOCION HIDRATANTE REFFIL 473ML
FC-75945738,3337875945738,Loción Protectora Invisible Hidratante FPS 50,Cerave,177 ml,FPS 50,,Cuidado personal,Dermatología,HIDRATANTES CORPORALES,305.32,449,10+1 o 9.09%,https://cdn.shopify.com/s/files/1/0088/1937/6188/files/1_55dfc1a0-5924-4b75-a753-bae4e025b223.avif,dermaexpress,CERAVE LOCION PROTECTORA INVISIBLE HIDRATANTE FPS50 177ML
FC-75945769,3337875945769,Loción Protectora Invisible Hidratante FPS 50,Cerave,75 ml,FPS 50,,Cuidado personal,Dermatología,HIDRATANTES CORPORALES,216.92,319,10+1 o 9.09%,https://cdn.shopify.com/s/files/1/0088/1937/6188/files/1_2_30c3d697-9456-4c66-9546-9c220e32c1bd.avif,dermaexpress,CERAVE LOCION PROTECTORA INVISIBLE HIDRATANTE FPS50 75ML
FC-75909525,3337875909525,Oil Control Gel-crema hidratante piel mixta a grasa,Cerave,52 ml,,Crema,Cuidado personal,Dermatología,HIDRATANTES FACIALES,373.32,549,10+1 o 9.09%,https://cdn.shopify.com/s/files/1/0088/1937/6188/files/3337875909525.jpg,dermaexpress,OIL CONTROL GEL-CREMA HIDRATANTE 52ML
FC-75927871,3337875927871,Parches Control Imperfecciones con Ácido Salicílico,Cerave,22 Piezas,,,Cuidado personal,Dermatología,HIDRATANTES FACIALES,189.72,279,10+1 o 9.09%,https://cdn.shopify.com/s/files/1/0088/1937/6188/files/3337875927871.jpg,dermaexpress,CERAVE PARCHES CONTROL IMPERFECCIONES 22 PZ
FC-75945622,3337875945622,Protector Invisible Oil Control FPS 50,Cerave,50 ml,FPS 50,,Cuidado personal,Dermatología,SOLARES,332.52,489,10+1 o 9.09%,https://cdn.shopify.com/s/files/1/0088/1937/6188/files/1_4.avif,dermaexpress,CERAVE PROTECTOR INVISIBLE OIL CONTROL FPS50 50ML
FC-75684101,3337875684101,SA Crema alisadora antirugosidades corporal,Cerave,340 ml,,Crema,Cuidado personal,Dermatología,HIDRATANTES CORPORALES,441.32,649,10+1 o 9.09%,https://cdn.shopify.com/s/files/1/0088/1937/6188/files/Diseno_sin_titulo_2.png,dermaexpress,CERAVE CREMA ALISADORA 340ML
FC-75795456,3337875795456,SA Gel limpiador antirugosidades,Cerave,473 ml,,Gel,Cuidado personal,Dermatología,LIMPIADORES,441.32,649,10+1 o 9.09%,https://cdn.shopify.com/s/files/1/0088/1937/6188/files/Diseno_sin_titulo_6.png,dermaexpress,CERAVE SA LIMPIADOR ANTI-RUGOSIDADES 473ML
FC-75684118,3337875684118,SA Gel limpiador antirugosidades,Cerave,236 ml,,Gel,Cuidado personal,Dermatología,LIMPIADORES,332.52,489,10+1 o 9.09%,https://cdn.shopify.com/s/files/1/0088/1937/6188/files/Diseno_sin_titulo_3.png,dermaexpress,CERAVE SA LIMPIADOR ANTI-RUGOSIDADES 236ML
FC-00560833,3606000560833,Sérum hidratante con ácido hialurónico,Cerave,30 ml,,,Cuidado personal,Dermatología,HIDRATANTES FACIALES,407.32,599,10+1 o 9.09%,https://cdn.shopify.com/s/files/1/0088/1937/6188/files/3606000560833.png,dermaexpress,SERUM HIDRATANTE ACIDO HYALURONICO 30ML
FC-75829007,3337875829007,Sérum Retinol antimanchas e imperfecciones,Cerave,30 ml,,,Cuidado personal,Dermatología,HIDRATANTES FACIALES,407.32,599,10+1 o 9.09%,https://cdn.shopify.com/s/files/1/0088/1937/6188/files/Diseno_sin_titulo_7.png,dermaexpress,CERAVE SERUM RETINOL ANTI-MARCAS 30ML
FC-75903509,3337875903509,Skin Renewing Crema De Noche Con Péptidos,Cerave,48 g,,Crema,Cuidado personal,Dermatología,HIDRATANTES FACIALES,475.32,699,10+1 o 9.09%,https://cdn.shopify.com/s/files/1/0088/1937/6188/files/7501258200011_1988213b-885b-4787-8abb-e1684858cdee.png,dermaexpress,CERAVE SKIN RENEWING CREMA DE NOCHE PEPTIDOS 48G
FC-75899550,3337875899550,Skin Renewing Serum Retinol Renovador Facial,Cerave,30 ml,,,Cuidado personal,Dermatología,HIDRATANTES FACIALES,475.32,699,10+1 o 9.09%,https://cdn.shopify.com/s/files/1/0088/1937/6188/files/9_3a012a3b-fd36-4e53-8121-5d24931fc747.png,dermaexpress,CERAVE SKIN RENEWING SERUM RETINOL 30ML
FC-75903196,3337875903196,Skin Renewing Serum Vitamina C Antioxidante,Cerave,30 ml,,,Cuidado personal,Dermatología,HIDRATANTES FACIALES,475.32,699,10+1 o 9.09%,https://cdn.shopify.com/s/files/1/0088/1937/6188/files/7501258200011_1ae82320-1c4f-46d8-83e0-5a5dea2b5ccc.png,dermaexpress,CERAVE SKIN RENEWING SERUM VITAMINA C 30ML
FC-75945707,3337875945707,Stick Solar Invisible SPF50,Cerave,8 g,,,Cuidado personal,Dermatología,LANZAMIENTOS 2026,237.32,349,10+1 o 9.09%,https://cdn.shopify.com/s/files/1/0088/1937/6188/files/3337875945707_1_GS1.avif,dermaexpress,CERAVE STICK SOLAR INVISIBLE SPF50 8G
FC-75952903,3337875952903,Water Gel Hidratante,Cerave,48 ml,,Gel,Cuidado personal,Dermatología,LANZAMIENTOS 2026,333.2,490,10+1 o 9.09%,https://cdn.shopify.com/s/files/1/0088/1937/6188/files/3337875952903_1.avif,dermaexpress,CERAVE WATER GEL 48ML
FC-75597203,3337875597203,Locion Micelar,CeraVe,295 ml,,,Cuidado personal,Dermatología,LIMPIADORES,284.92,419,10+1 o 9.09%,,,CERAVE LOCION MICELAR 295ML
FC-20017992,3499320017992,Advanced Defense Serum,Cetaphil,,,,Cuidado personal,Dermatología,CETAPHIL HIDRATANTES FACIALES,468.04,735.54,10+1,https://cdn.shopify.com/s/files/1/0088/1937/6188/files/01_CETAPHIL_SERUM_ADVANCEDDEFENSED_BOTTLE_750x750_7d36bfff-51ec-4683-a15c-a23e17c063f0.jpg,dermaexpress,CETAPHIL ADVANCED DEFENSE SERUM 30 ML
FC-35392885,7613035392885,Baby Gel de Baño Líquido Sin Lágrimas Limpieza Suave,Cetaphil,300 ml,,Gel,Cuidado personal,Dermatología,CETAPHIL LIMPIADORES CORPORALES,109.19,171.6,10+1,https://cdn.shopify.com/s/files/1/0088/1937/6188/files/7613035392885_1.avif,dermaexpress,CETAPHIL BABY PIES A CABEZA 300ML
FC-35393448,7613035393448,Baby Loción hidratante piel delicada y sensible,Cetaphil,300 ml,,,Cuidado personal,Dermatología,CETAPHIL HIDRATANTES CORPORALES,173.38,272.48,10+1,https://cdn.shopify.com/s/files/1/0088/1937/6188/files/7613035393448_1.avif,dermaexpress,CETAPHIL BABY LOCION HUMECTANTE 300ML
FC-30779488,7897930779488,Bálsamo Multireparador,Cetaphil,50 g,,,Cuidado personal,Dermatología,LANZAMIENTOS 2026,281.43,429,10+1,https://cdn.shopify.com/s/files/1/0088/1937/6188/files/BalsamoB000123456-150_B000123456_4.avif,dermaexpress,CETAPHL BALSAMO MULTIREPARADOR 50G
FC-03560527,7502003560527,Barra antibacterial dermolimpiadora para piel sensible,Cetaphil,127 g,,,Cuidado personal,Dermatología,CETAPHIL LIMPIADORES CORPORALES,137.31,215.78,10+1,https://cdn.shopify.com/s/files/1/0088/1937/6188/files/1_a319de1d-07dc-42cb-8d76-e885509dfe51.jpg,dermaexpress,CETAPHIL ANTIBACTERIAL 127GR
FC-20008198,3499320008198,Barra dermolimpiadora para piel sensible,Cetaphil,127 g,,,Cuidado personal,Dermatología,CETAPHIL LIMPIADORES CORPORALES,137.31,215.78,10+1,https://cdn.shopify.com/s/files/1/0088/1937/6188/files/3499320008198_1.avif,dermaexpress,CETAPHIL BARRA 127GR
FC-20008341,3499320008341,Barra limpiadora profunda para piel sensible,Cetaphil,127 g,,,Cuidado personal,Dermatología,CETAPHIL LIMPIADORES CORPORALES,137.31,215.78,10+1,https://cdn.shopify.com/s/files/1/0088/1937/6188/files/3499320008341_1__1.avif,dermaexpress,CETAPHIL LIMPIEZA PROFUNDA 127GR
FC-30779198,7897930779198,Crema Alisadora Anti-Rugosidades con Urea 20%,Cetaphil,236 ml,,Crema,Cuidado personal,Dermatología,CETAPHIL HIDRATANTES CORPORALES,394.54,620.03,10+1,https://cdn.shopify.com/s/files/1/0088/1937/6188/files/7897930779198_1.avif,dermaexpress,CETAPHIL CREMA ALISADORA ANTI RUGOSIDADES 236 ML
FC-20004541,3499320004541,Crema hidratante facial diaria con FPS 50+,Cetaphil,50 ml,FPS 50+,Crema,Cuidado personal,Dermatología,CETAPHIL HIDRATANTES FACIALES,328.55,516.33,10+1,https://cdn.shopify.com/s/files/1/0088/1937/6188/files/3499320004541_1.avif,dermaexpress,CETAPHIL FPS50 HIDRATANTE FACIAL 50ML
FC-30778351,7897930778351,Crema hidratante para piel seca,Cetaphil,170 g,,Crema,Cuidado personal,Dermatología,CETAPHIL HIDRATANTES CORPORALES,198.33,311.68,10+1,https://cdn.shopify.com/s/files/1/0088/1937/6188/files/7897930778351_1.avif,dermaexpress,CETAPHIL CREMA HUMECTANTE 170G
FC-30778993,7897930778993,Crema Hidratante para Piel Seca y Sensible,Cetaphil,50 g,,Crema,Cuidado personal,Dermatología,CETAPHIL HIDRATANTES FACIALES,98.61,154.96,10+1,https://cdn.shopify.com/s/files/1/0088/1937/6188/files/7897930778993_1.avif,dermaexpress,CETAPHIL CREMA HIDRATANTE 50G
FC-20012829,3499320012829,Crema hidratante para piel sensible,Cetaphil,250 g,,Crema,Cuidado personal,Dermatología,CETAPHIL HIDRATANTES CORPORALES,252.16,396.28,10+1,https://cdn.shopify.com/s/files/1/0088/1937/6188/files/3499320012829.avif,dermaexpress,CETAPHIL CREMA HUMECTANTE 250GR
FC-20012838,3466320012838,Crema hidratante para piel sensible,Cetaphil,453 g,,Crema,Cuidado personal,Dermatología,CETAPHIL HIDRATANTES CORPORALES,356.44,560.15,10+1,https://cdn.shopify.com/s/files/1/0088/1937/6188/files/3466320012838_1.avif,dermaexpress,CETAPHIL CREMA HUMECTANTE 453G
FC-20015615,3499320015615,Crema limpiadora espumosa hidratante,Cetaphil,473 ml,,Crema,Cuidado personal,Dermatología,CETAPHIL LIMPIADORES CORPORALES,381.39,599.36,10+1,https://cdn.shopify.com/s/files/1/0088/1937/6188/files/3499320015615_1.avif,dermaexpress,CETAPHIL CREMA LIMPIADORA 473ML
FC-30778801,7897930778801,Desmaquillante bifásico oil free,Cetaphil,177 ml,,,Cuidado personal,Dermatología,CETAPHIL LIMPIADORES FACIALES,268.25,421.57,10+1,https://cdn.shopify.com/s/files/1/0088/1937/6188/files/7897930778801_1.avif,dermaexpress,DESMAQUILLANTE OIL FREE 177ML
FC-20009775,3499320009775,Espuma limpiadora facial suave,Cetaphil,236 ml,,,Cuidado personal,Dermatología,CETAPHIL LIMPIADORES FACIALES,319.25,501.71,10+1,https://cdn.shopify.com/s/files/1/0088/1937/6188/files/3499320009775_1.avif,dermaexpress,CETAPHIL ESPUMA 236ML
FC-03240242,7640203240242,Exfoliante diario ultrasuave,Cetaphil,178 ml,,,Cuidado personal,Dermatología,CETAPHIL LIMPIADORES FACIALES,228.03,358.36,10+1,https://cdn.shopify.com/s/files/1/0088/1937/6188/files/7640203240242_1.avif,dermaexpress,CETAPHIL EXFOLIANTE SUAVE 178ML
FC-30779105,7897930779105,Galderma Cetaphil PRO AD Restoraderm Hidratante Corporal con Ceramidas para Piel Atópica,Cetaphil,236 ml,,,Cuidado personal,Dermatología,CETAPHIL HIDRATANTES CORPORALES,430.92,677.2,10+1,https://cdn.shopify.com/s/files/1/0088/1937/6188/files/7897930779105-2.jpg,dermaexpress,CETAPHIL PRO AD RESTORADERM HIDRATANTE CORPORAL 236 ML
FC-30779112,7897930779112,Galderma Cetaphil PRO AD Restoraderm Limpiador Corporal Hidratante para Piel Seca y Atópica,Cetaphil,236 ml,,,Cuidado personal,Dermatología,CETAPHIL LIMPIADORES CORPORALES,389.42,611.98,10+1,https://cdn.shopify.com/s/files/1/0088/1937/6188/files/7897930779112.jpg,dermaexpress,CETAPHIL PRO AD RESTORADERM LIMPIADOR CORPORAL 236 ML
FC-03242864,7640203242864,Gel de baño corporal,Cetaphil,500 ml,,Gel,Cuidado personal,Dermatología,CETAPHIL LIMPIADORES CORPORALES,353.85,556.09,10+1,https://cdn.shopify.com/s/files/1/0088/1937/6188/files/7640203242864_1.avif,dermaexpress,CETAPHIL GEL DE BAÑO 500ML
FC-20012812,3499320012812,Gel limpiador facial para piel grasa,Cetaphil,237 ml,,Gel,Cuidado personal,Dermatología,CETAPHIL LIMPIADORES FACIALES,285.25,448.28,10+1,https://cdn.shopify.com/s/files/1/0088/1937/6188/files/3499320012812_1.avif,dermaexpress,CETAPHIL LIMPIADOR P/GRASA 237ML
FC-20015530,3499320015530,Gel limpiador facial para piel grasa,Cetaphil,473 ml,,Gel,Cuidado personal,Dermatología,CETAPHIL LIMPIADORES FACIALES,385.34,605.57,10+1,https://cdn.shopify.com/s/files/1/0088/1937/6188/files/3499320015530_1__1.avif,dermaexpress,CETAPHIL GEL GRASA 473ML
FC-20016759,3499320016759,Healthy Radiance Crema Nocturna Antimanchas,Cetaphil,50 g,,Crema,Cuidado personal,Dermatología,CETAPHIL LIMPIADORES FACIALES,644.57,1012.96,10+1,https://cdn.shopify.com/s/files/1/0088/1937/6188/files/3499320016759_1.avif,dermaexpress,CETAPHIL HEALTHY RADIANCE CREMA NOCTURNA ANTIMANCHAS 50G
FC-20016780,3499320016780,Healthy Radiance Gel de Limpieza Exfoliante Antimanchas,Cetaphil,100 ml,,Gel,Cuidado personal,Dermatología,CETAPHIL LIMPIADORES FACIALES,264.04,414.96,10+1,https://cdn.shopify.com/s/files/1/0088/1937/6188/files/3499320016780.jpg,dermaexpress,CETAPHIL HEALTHY RADIANCE GEL DE LIMPIEZA EXFOLIANTE ANTIMANCHAS 100ML
FC-20017695,3499320017695,Healthy Radiance Mascarilla Luminosa Instantánea 6pz,Cetaphil,,,,Cuidado personal,Dermatología,CETAPHIL LIMPIADORES FACIALES,245.52,385.84,10+1,https://cdn.shopify.com/s/files/1/0088/1937/6188/files/3499320017695_1.avif,dermaexpress,CETAPHIL HEALTHY RADIANCE MASCARILLA LUMINOSA INSTANTANEA 6U
FC-20016766,3499320016766,Healthy Radiance Perfecting Serum Antimanchas,Cetaphil,30 ml,,,Cuidado personal,Dermatología,CETAPHIL LIMPIADORES FACIALES,407,639.6,10+1,https://cdn.shopify.com/s/files/1/0088/1937/6188/files/3499320016766_1.avif,dermaexpress,CETAPHIL HEALTHY RADIANCE PERFECTING SERUM ANTIMANCHAS 30ML
FC-20016742,3499320016742,Healthy Renew Crema de día SPF30,Cetaphil,50 g,,Crema,Cuidado personal,Dermatología,CETAPHIL HIDRATANTES FACIALES,502.28,789.36,10+1,https://cdn.shopify.com/s/files/1/0088/1937/6188/files/3499320016742_1.avif,dermaexpress,CETAPHIL HEALTY RENEW DAY CREAM SPF30 50G
FC-20015776,3499320015776,Healthy Renew Gel limpiador hidratante triple acción,Cetaphil,160 ml,,Gel,Cuidado personal,Dermatología,CETAPHIL LIMPIADORES CORPORALES,242.06,380.41,10+1,https://cdn.shopify.com/s/files/1/0088/1937/6188/files/3337875916998_74fe46a2-fed0-4eb7-be8c-924cbdfaff5d.avif,dermaexpress,CETAPHIL HEALTY RENEW LIMPIADOR HIDRATANTE TRIPLE ACCION 160ML
FC-20015752,3499320015752,Healthy Renew Sérum de ojos antiarrugas,Cetaphil,15 g,,,Cuidado personal,Dermatología,CETAPHIL HIDRATANTES FACIALES,383.16,602.16,10+1,https://cdn.shopify.com/s/files/1/0088/1937/6188/files/3499320015752_1.avif,dermaexpress,CETAPHIL HEALTY RENEW SERUM DE OJOS 15G
FC-20015769,3499320015769,Healthy Renew Sérum facial antienvejecimiento,Cetaphil,30 g,,,Cuidado personal,Dermatología,CETAPHIL HIDRATANTES FACIALES,515.52,810.16,10+1,https://cdn.shopify.com/s/files/1/0088/1937/6188/files/3499320015769_1.avif,dermaexpress,CETAPHIL HEALTY RENEW SERUM FACIAL 30G
FC-75470791,7502275470791,HIDRATANTE FACIAL DIARIO FPS 50 x2,Cetaphil,,FPS 50,,Cuidado personal,Dermatología,CETAPHIL HIDRATANTES FACIALES,328.55,516.33,10+1,https://cdn.shopify.com/s/files/1/0088/1937/6188/files/7502275470791.1.avif,dermaexpress,KIT-CETAPHIL HIDRATANTE FACIAL SPF50+ 50ML+CETAPHIL HIDRATANTE FACIAL SPF50+ 50ML
FC-30779228,7897930779228,Limpiador Facial Control Imperfecciones,Cetaphil,236 ml,,,Cuidado personal,Dermatología,CETAPHIL LIMPIADORES FACIALES,285.25,448.28,10+1,https://cdn.shopify.com/s/files/1/0088/1937/6188/files/7897930779228_1.avif,dermaexpress,CETAPHIL OIL CONTROL LIMPIADOR FACIAL CONTROL IMPERFECCIONES 236 ML
FC-20017176,3499320017176,Loción hidratante antirugosidad,Cetaphil,236 ml,,,Cuidado personal,Dermatología,CETAPHIL HIDRATANTES CORPORALES,303.76,477.36,10+1,https://cdn.shopify.com/s/files/1/0088/1937/6188/files/3499320017176_1.jpg,dermaexpress,CETAPHIL LOCION HIDRATANTE ANTIRRUGOSIDAD 236ML
FC-30779136,7897930779136,Loción Humectante Corporal e Hidratante para Piel Seca y Sensible,Cetaphil,236 ml,,,Cuidado personal,Dermatología,CETAPHIL HIDRATANTES CORPORALES,233.2,366.48,10+1,https://cdn.shopify.com/s/files/1/0088/1937/6188/files/LocionHumectante236ml_1_2.avif,dermaexpress,CETAPHIL LOCION HUMECTANTE 236 ML
FC-20012805,3499320012805,Loción humectante facial y corporal,Cetaphil,473 ml,,,Cuidado personal,Dermatología,CETAPHIL HIDRATANTES CORPORALES,351.17,551.88,10+1,https://cdn.shopify.com/s/files/1/0088/1937/6188/files/LocionHumectante473ml_1.avif,dermaexpress,CETAPHIL LOCION HUMECTANTE 473ML
FC-20012850,3499320012850,Loción limpiadora para piel sensible,Cetaphil,473 ml,,,Cuidado personal,Dermatología,CETAPHIL LIMPIADORES CORPORALES,365.1,573.77,10+1,https://cdn.shopify.com/s/files/1/0088/1937/6188/files/3499320012850_1.avif,dermaexpress,CETAPHIL LOCION LIMPIADORA 473ML
FC-30779020,7897930779020,Loción Limpiadora para Piel Sensible Limpieza Suave,Cetaphil,50 ml,,,Cuidado personal,Dermatología,CETAPHIL LIMPIADORES CORPORALES,98.61,154.96,10+1,https://cdn.shopify.com/s/files/1/0088/1937/6188/files/7897930779020_1.avif,dermaexpress,CETAPHIL LOCION LIMPIADORA PIEL SENSIBLE 50ML
FC-30779204,7897930779204,Oil Control Hidratante Facial Matificante Antimanchas con FPS 30,Cetaphil,100 ml,FPS 30,,Cuidado personal,Dermatología,CETAPHIL HIDRATANTES FACIALES,374.5,588.55,10+1,https://cdn.shopify.com/s/files/1/0088/1937/6188/files/7897930779204.jpg,dermaexpress,CETAPHIL OIL CONTROL HIDRATANTE FACIAL MATIFICANTE ANTIMANCHAS 100 ML
FC-30778641,7897930778641,Oil Control Sérum facial triple acción para piel grasa,Cetaphil,30 ml,,,Cuidado personal,Dermatología,CETAPHIL HIDRATANTES FACIALES,277.25,435.71,10+1,https://cdn.shopify.com/s/files/1/0088/1937/6188/files/3SERUMFACIALTRIPLEACCIONTUBO3000X3000.avif,dermaexpress,CETAPHIL OIL CONTROL SERUM FACIAL TRIPLE ACCION 30ML
FC-20011655,3499320011655,Optimal Hydration Crema hidratante facial de día para piel deshidratada,Cetaphil,48 g,,Crema,Cuidado personal,Dermatología,CETAPHIL HIDRATANTES FACIALES,425.46,668.64,10+1,https://cdn.shopify.com/s/files/1/0088/1937/6188/files/3499320011655_1__1.avif,dermaexpress,CETAPHIL OPTIMAL HYDRATION CREMA FACIAL DIA 48GR
FC-20011617,3499320011617,Optimal Hydration Crema hidratante facial de noche para piel deshidratada,Cetaphil,48 g,,Crema,Cuidado personal,Dermatología,CETAPHIL HIDRATANTES FACIALES,425.46,668.64,10+1,https://cdn.shopify.com/s/files/1/0088/1937/6188/files/Diseno_sin_titulo_2_52a7bfb1-0e74-41e9-8fbb-8e6597fd6ae2.png,dermaexpress,CETAPHIL OPTIMAL HYDRATION CREMA DE NOCHE 48G
FC-20011686,3499320011686,Optimal Hydration Sérum facial ligero para piel deshidratada,Cetaphil,30 ml,,,Cuidado personal,Dermatología,CETAPHIL HIDRATANTES FACIALES,468.4,736.11,10+1,https://cdn.shopify.com/s/files/1/0088/1937/6188/products/3499320011686.jpg,dermaexpress,CETAPHIL OPTIMAL HYDRATION SERUM FACIAL 30ML
FC-20011389,3499320011389,Optimal Hydration Sérum refrescante para contorno de ojos,Cetaphil,15 ml,,,Cuidado personal,Dermatología,CETAPHIL HIDRATANTES FACIALES,339.15,532.97,10+1,https://cdn.shopify.com/s/files/1/0088/1937/6188/files/3499320011389_1.avif,dermaexpress,CETAPHIL OPTIMAL HYDRATION SERUM OJOS 15ML
FC-20014540,3499320014540,Optimal Hydration Water Gel restaurador,Cetaphil,48 g,,Gel,Cuidado personal,Dermatología,CETAPHIL HIDRATANTES FACIALES,346.74,544.91,10+1,https://cdn.shopify.com/s/files/1/0088/1937/6188/files/3499320014540_1.avif,dermaexpress,CETAPHIL OPTIMAL HYDRATION WATER GEL RESTAURADOR 48G
FC-20017848,3499320017848,Parches Anti-Imperfecciones Piel Limpia y Protegida 24 pz,Cetaphil,,,,Cuidado personal,Dermatología,MEDICAMENTO,164.08,299.11,10+1,https://cdn.shopify.com/s/files/1/0088/1937/6188/files/3499320017848.jpg,dermaexpress,CETAPHIL PARCHE  ANTI- IMPERFECCIONES 24 U
FC-20004497,3499320004497,PRO AC Dermacontrol Espuma limpiadora facial para piel grasa,Cetaphil,236 ml,,,Cuidado personal,Dermatología,CETAPHIL LIMPIADORES FACIALES,351.12,551.79,10+1,https://cdn.shopify.com/s/files/1/0088/1937/6188/files/3499320004497_1.avif,dermaexpress,CETAPHIL PRO AC CONTROL  ESPUMA 236ML
FC-20004473,3499320004473,PRO AC Dermacontrol Hidratante facial con FPS 30 para piel grasa,Cetaphil,118 ml,FPS 30,,Cuidado personal,Dermatología,CETAPHIL HIDRATANTES FACIALES,519.28,816.07,10+1,https://cdn.shopify.com/s/files/1/0088/1937/6188/files/3499320004473_1.avif,dermaexpress,CETAPHIL PRO AC HIDRATANTE FPS30 118ml
FC-20012508,3499320012508,PRO AR Crema hidratante facial de noche para piel con enrojecimiento,Cetaphil,50 ml,,Crema,Cuidado personal,Dermatología,CETAPHIL HIDRATANTES FACIALES,394.25,619.57,10+1,https://cdn.shopify.com/s/files/1/0088/1937/6188/files/Disenosintitulo_11_1.png,dermaexpress,CETAPHIL PRO AR CALM CONTROL CREMA HIDRATANTE 50ML
FC-20012485,3499320012485,PRO AR Espuma limpiadora facial para piel con enrojecimiento,Cetaphil,236 ml,,,Cuidado personal,Dermatología,CETAPHIL LIMPIADORES FACIALES,351.31,552.09,10+1,https://cdn.shopify.com/s/files/1/0088/1937/6188/files/3499320012485_1_59151d43-d1cb-461c-aa1c-f916be780d9f.avif,dermaexpress,CETAPHIL PRO AR CALM CONTROL ESPUMA DE LIMPIEZA 236ML
FC-20017534,3499320017534,SA Gel limpiador exfoliante renovador rostro y cuerpo,Cetaphil,473 ml,,Gel,Cuidado personal,Dermatología,CETAPHIL LIMPIADORES FACIALES,383.16,602.16,10+1,https://cdn.shopify.com/s/files/1/0088/1937/6188/files/3499320017534_3.avif,dermaexpress,CETAPHIL LIMPIADOR EXFOLIANTE SUAVE 473ML
FC-20017183,3499320017183,SA Gel limpiador exfoliante suave renovador,Cetaphil,236 ml,,Gel,Cuidado personal,Dermatología,CETAPHIL LIMPIADORES FACIALES,283.9,446.16,10+1,https://cdn.shopify.com/s/files/1/0088/1937/6188/files/3499320017183_1.jpg,dermaexpress,CETAPHIL LIMPIADOR EXFOLIANTE SUAVE 236ML
FC-20017527,3499320017527,SA Loción hidratante renovadora antirugosidades rostro y cuerpo,Cetaphil,473 ml,,,Cuidado personal,Dermatología,CETAPHIL HIDRATANTES CORPORALES,410.96,645.84,10+1,https://cdn.shopify.com/s/files/1/0088/1937/6188/files/3499320017527_1.jpg,dermaexpress,CETAPHIL LOCION HIDRATANTE ANTIRRUGOSIDAD 473ML
FC-03560237,7502003560237,Sérum de ceramidas,Cetaphil,30 ml,,,Cuidado personal,Dermatología,CETAPHIL HIDRATANTES FACIALES,347.43,546,10+1,https://cdn.shopify.com/s/files/1/0088/1937/6188/files/7502003560237.jpg,dermaexpress,CETAPHIL SERUM CERAMIDAS 30ML
FC-03560244,7502003560244,Sérum de vitamina C antimanchas,Cetaphil,30 ml,,,Cuidado personal,Dermatología,CETAPHIL HIDRATANTES FACIALES,395.74,621.92,10+1,https://cdn.shopify.com/s/files/1/0088/1937/6188/files/7502003560244.jpg,dermaexpress,CETAPHIL SERUM VITAMINA C 30ML
FC-20018814,3499320018814,Skin Activator Loción Hidratante y Reafirmante para Piel Sensible,Cetaphil,473 ml,,,Cuidado personal,Dermatología,LANZAMIENTOS 2026,445.16,678.6,10+1,https://cdn.shopify.com/s/files/1/0088/1937/6188/files/locion-1000x1000-1.jpg,dermaexpress,CETAPHIL SKIN LOCION HIDRATANTE REAFIRMANTE 473ML
FC-20018821,3499320018821,Skin Crema Hidratante Reafirmante,Cetaphil,340 g,,Crema,Cuidado personal,Dermatología,LANZAMIENTOS 2026,425.74,649,10+1,https://cdn.shopify.com/s/files/1/0088/1937/6188/files/3499320018821.avif,dermaexpress,CETAPHILL SKIN CREMA HIDRATANTE REAFIRMANTE 340G
FC-20018005,3499320018005,Suero Avanzado Reparador de Noche,Cetaphil,30 ml,,,Cuidado personal,Dermatología,CETAPHIL HIDRATANTES FACIALES,468.04,735.54,10+1,https://cdn.shopify.com/s/files/1/0088/1937/6188/files/3499320018005.jpg,dermaexpress,CETAPHIL REPAIR SERUM 30 ML
FC-76457430,7612076457430,Sun Kids Protector solar FPS 50+ para niños,Cetaphil,150 ml,FPS 50+,,Cuidado personal,Dermatología,SOLARES,483.68,760.12,10+1,https://cdn.shopify.com/s/files/1/0088/1937/6188/files/7612076457430_1.avif,dermaexpress,CETAPHIL FPS50+ SUN KIDS LOCION 150ML
FC-30776616,7897930776616,Sun Oil Control Gel protector solar con color FPS 50+ para piel grasa,Cetaphil,50 ml,FPS 50+,Gel,Cuidado personal,Dermatología,SOLARES,337.49,530.39,10+1,https://cdn.shopify.com/s/files/1/0088/1937/6188/files/7897930776616_1.avif,dermaexpress,CETAPHIL SUN OIL-CONTROL FPS50+ COLOR 50ML
FC-30776609,7897930776609,Sun Oil Control Gel protector solar FPS 50+ para piel grasa,Cetaphil,50 ml,FPS 50+,Gel,Cuidado personal,Dermatología,SOLARES,337.49,530.39,10+1,https://cdn.shopify.com/s/files/1/0088/1937/6188/files/7897930776609_1.avif,dermaexpress,CETAPHIL SUN OIL-CONTROL FPS50+ 50ML
FC-20005326,3499320005326,Toallitas de limpieza facial,Cetaphil,25 pzas,,,Cuidado personal,Dermatología,CETAPHIL LIMPIADORES FACIALES,179.63,282.29,10+1,https://cdn.shopify.com/s/files/1/0088/1937/6188/files/3499320005326_1.avif,dermaexpress,CETAPHIL C/25 TOALLITAS
FC-78022175,816378022175,D.S Advanced Blemish defense suero anti-edad,D.S.,30 ml,,,Cuidado personal,Dermatología,SUERO,831.62,1201.76,10+1,https://cdn.shopify.com/s/files/1/0088/1937/6188/files/816378022175.png,dermaexpress,ADVANCED BLEMISH DEFENSE 30ML
FC-78022083,816378022083,D.S Advanced Hyaluronic Booster,D.S.,30 ml,,,Cuidado personal,Dermatología,SUERO,866.13,1251.64,10+1,https://cdn.shopify.com/s/files/1/0088/1937/6188/files/816378022083_9c00de27-18aa-4341-b09c-345f0429b2e6.png,dermaexpress,ADVANCED HYALURONIC BOOSTER 30ML
FC-78020485,816378020485,D.S Dandrene Acondicionador anti-caspa,D.S.,205 ml,,,Cuidado personal,Dermatología,SHAMPOOS,462.37,668.16,10+1,https://cdn.shopify.com/s/files/1/0088/1937/6188/files/816378020485.png,dermaexpress,DANDRENE ACONDICIONADOR 205ML
FC-05259604,705105259604,D.S Nia Shampoo restaurador,D.S.,180 ml,,,Cuidado personal,Dermatología,SHAMPOOS,444.71,642.64,10+1,https://cdn.shopify.com/s/files/1/0088/1937/6188/files/705105259604-2.png,dermaexpress,NIA SHAMPOO 180ML
FC-11778758,736211778758,D.S Radia Shampoo fotoprotector para piel cabelluda sensible,D.S.,180 ml,,,Cuidado personal,Dermatología,SHAMPOOS,444.71,642.64,10+1,https://cdn.shopify.com/s/files/1/0088/1937/6188/files/736211778758-2.png,dermaexpress,RADIA SHAMPOO 180ML
FC-78021352,816378021352,D.S Spectral Brow Sérum revitalizante para cejas,D.S.,2.4 ml,,,Cuidado personal,Dermatología,CEJAS & PRESTAÑAS,971.18,1403.44,10+1,https://cdn.shopify.com/s/files/1/0088/1937/6188/files/816378021352-2.png,dermaexpress,SPECTRAL BROW 2.4ML
FC-78022113,816378022113,DS Advanced Antioxidant Sérum antiedad,D.S.,30 ml,,,Cuidado personal,Dermatología,SUERO,857.3,1238.88,10+1,https://cdn.shopify.com/s/files/1/0088/1937/6188/files/816378022113-4.png,dermaexpress,ADVANCED ANTIOXIDANT SERUM 30ML
FC-78022168,816378022168,DS Advanced Dark Spot Corrector Sérum antimanchas,D.S.,30 ml,,,Cuidado personal,Dermatología,SUERO,831.62,1201.76,10+1,https://cdn.shopify.com/s/files/1/0088/1937/6188/files/816378022168.png,dermaexpress,ADVANCED DARK SPOT CORRECTOR 30ML
FC-22801534,718122801534,DS Dandrene Shampoo exfoliante anticaspa,D.S.,205 ml,,,Cuidado personal,Dermatología,SHAMPOOS,462.37,668.16,10+1,https://cdn.shopify.com/s/files/1/0088/1937/6188/files/881314134144-2_bd9a3b83-933f-41f1-ab17-846681edf2a2.png,dermaexpress,DANDRENE SHAMPOO 180ML
FC-14134144,881314134144,DS Integra Tabletas suplemento alimenticio anticaída,D.S.,30 pzas,,Tabletas,Cuidado personal,Dermatología,VIA ORAL,462.37,668.16,10+1,https://cdn.shopify.com/s/files/1/0088/1937/6188/files/881314134144-2.png,dermaexpress,INTEGRA C/30 TABLETAS
FC-22887019,718122887019,DS Keramene Crema inhibidora del crecimiento de vello,D.S.,200 ml,,Crema,Cuidado personal,Dermatología,CREMA,721.65,1042.84,10+1,https://cdn.shopify.com/s/files/1/0088/1937/6188/files/718122887019-2.png,dermaexpress,KERAMENE CREMA 180ML
FC-05259505,705105259505,DS Nia Acondicionador capilar,D.S.,205 ml,,,Cuidado personal,Dermatología,ACONDICIONADORES,444.71,642.64,10+1,https://cdn.shopify.com/s/files/1/0088/1937/6188/files/705105259505.png,dermaexpress,NIA ACONDICIONADOR 180ML
FC-76327190,689076327190,DS Oligo DX Gel anticelulítico,D.S.,150 ml,,Gel,Cuidado personal,Dermatología,GEL,598.03,864.2,10+1,https://cdn.shopify.com/s/files/1/0088/1937/6188/files/689076327190.png,dermaexpress,OLIGO DX GEL 150ML
FC-11029546,736211029546,DS Polaris NR02 Shampoo contra la alopecia,D.S.,210 ml,,,Cuidado personal,Dermatología,SHAMPOOS,619.7,895.52,10+1,https://cdn.shopify.com/s/files/1/0088/1937/6188/files/descarga_1800x1800_23beb694-a237-4f1a-ad40-17d9a84a37c9.avif,dermaexpress,POLARIS NR02 SHAMPOO 210ML
FC-07621133,609207621133,DS Polaris NR11 Loción regeneradora capilar,D.S.,60 ml,,,Cuidado personal,Dermatología,LOCIONES,722.45,1044,10+1,https://cdn.shopify.com/s/files/1/0088/1937/6188/files/609207621133.png,dermaexpress,POLARIS NR11 TRATAMIENTO 60ML
FC-78022106,816378022106,DS Pure Vitamin C Booster Sérum antiedad,D.S.,30 ml,,,Cuidado personal,Dermatología,SUERO,1256.26,1815.4,10+1,https://cdn.shopify.com/s/files/1/0088/1937/6188/files/816378022106.png,dermaexpress,PURE VITAMIN C BOOSTER 30ML
FC-05299372,705105299372,DS Revita COR Acondicionador anticaída,D.S.,205 ml,,,Cuidado personal,Dermatología,ACONDICIONADORES,475.21,686.72,10+1,https://cdn.shopify.com/s/files/1/0088/1937/6188/files/689076362153_61355004-9106-4e76-882b-bb26f3cabca9.png,dermaexpress,REVITA COR ACONDICIONADOR 190ML
FC-80226946,8163780226946,DS Revita Extra Strength Shampoo densidad capilar anticaída,D.S.,205 ml,,,Cuidado personal,Dermatología,SHAMPOOS,528.19,763.28,10+1,https://cdn.shopify.com/s/files/1/0088/1937/6188/files/8163780226946-3.png,dermaexpress,REVITA EXTRA STRENGTH HAIR DENSITY SHAMPOO 205ML
FC-80229770,8163780229770,DS Revita HNS Suplemento Alimenticio Para Cabello Piel Y Uñas,D.S.,30 Sobres,,Sobres,Cuidado personal,Dermatología,SUERO,834.83,1206.4,10+1,https://cdn.shopify.com/s/files/1/0088/1937/6188/files/8163780229770_1_1800x1800_7322d645-9937-498f-a029-5c3de8fdffba.avif,dermaexpress,REVITA HNS 30 SOBRES
FC-76362153,689076362153,DS Revita Shampoo anticaída,D.S.,205 ml,,,Cuidado personal,Dermatología,SHAMPOOS,475.21,686.72,10+1,https://cdn.shopify.com/s/files/1/0088/1937/6188/files/689076362153-2.png,dermaexpress,REVITA SHAMPOO 180ML
FC-80225574,8163780225574,DS Revita SOD Suplemento alimenticio anticaída,D.S.,30 tabletas,,Tabletas,Cuidado personal,Dermatología,VIA ORAL,668.67,966.28,10+1,https://cdn.shopify.com/s/files/1/0088/1937/6188/files/8163780225574_1.png,dermaexpress,REVITA SOD C/30 TABLETAS
FC-80224720,8163780224720,DS Revita Suplemento alimenticio anticaída,D.S.,30 tabletas,,Tabletas,Cuidado personal,Dermatología,VIA ORAL,602.84,871.16,10+1,https://cdn.shopify.com/s/files/1/0088/1937/6188/files/8163780224720.png,dermaexpress,REVITA C/30 TABLETAS
FC-78021383,816378021383,DS Spectral BRD Estimulante para barba,D.S.,30 ml,,,Cuidado personal,Dermatología,LOCIONES,475.21,686.72,10+1,https://cdn.shopify.com/s/files/1/0088/1937/6188/files/816378021383.png,dermaexpress,SPECTRAL BDR
FC-11284860,736211284860,DS Spectral DNC Loción capilar anticaída,D.S.,60 ml,,,Cuidado personal,Dermatología,LOCIONES,648.6,937.28,10+1,https://cdn.shopify.com/s/files/1/0088/1937/6188/files/736211284860.png,dermaexpress,SPECTRAL DNC LOCION 60ML
FC-78020843,816378020843,DS Spectral DNC-S Serúm Capilar,D.S.,,,,Cuidado personal,Dermatología,LOCIONES,661.44,955.84,10+1,https://cdn.shopify.com/s/files/1/0088/1937/6188/files/Sin_titulo_3a19e355-4196-4c0c-b06f-893bac41ebb9.webp,dermaexpress,SPECTRAL DNC-S 60ML
FC-98113333,797698113333,DS Spectral Lash Estimulante para pestañas,D.S.,2.4 ml,,,Cuidado personal,Dermatología,CEJAS & PRESTAÑAS,1009.82,1459.28,10+1,https://cdn.shopify.com/s/files/1/0088/1937/6188/files/797698113333_4105841a-3bdb-452b-b939-2eaa07b30c96.png,dermaexpress,SPECTRAL LASH 2.4ML
FC-76724531,689076724531,DS Spectral RS Loción estimulante capilar,D.S.,60 ml,,,Cuidado personal,Dermatología,LOCIONES,602.84,871.16,10+1,https://cdn.shopify.com/s/files/1/0088/1937/6188/files/689076724531-2_856a986e-ed9b-4964-a704-bfa7983ee226.png,dermaexpress,SPECTRAL RS LOCION 60ML
FC-22899173,718122899173,DS Vexum SL Crema restauradora,D.S.,50 ml,,Crema,Cuidado personal,Dermatología,CREMA,504.91,729.64,10+1,https://cdn.shopify.com/s/files/1/0088/1937/6188/files/718122899173.png,dermaexpress,VEXUM SL CREMA 50ML
FC-70390513,3282770390513,Actine Aquaforce Gel hidratante,Darrow,40 g,,Gel,Cuidado personal,Dermatología,PIEL GRASA,337.22,479,,https://cdn.shopify.com/s/files/1/0088/1937/6188/files/3282770390513_8.jpg,dermaexpress,DW-ACTINE AQUAFORCE 40G
FC-70388664,3282770388664,Actine Barra limpiadora para piel grasa,Darrow,70 g,,,Cuidado personal,Dermatología,PIEL GRASA,118.98,169,,https://cdn.shopify.com/s/files/1/0088/1937/6188/files/3282770388664_1.jpg,dermaexpress,DW-ACTINE BARRA 70G
FC-70207699,3282770207699,Actine Colors Protector Solar FPS 50+ para piel grasa tono Claro,Darrow,40 g,FPS 50+,,Cuidado personal,Dermatología,SOLARES,330.18,469,,https://cdn.shopify.com/s/files/1/0088/1937/6188/files/3282770207699_1.png,dermaexpress,DW-ACTINE SOLAR COLORS TONO 1 CLARO 40G
FC-70207651,3282770207651,Actine Colors Protector Solar FPS 50+ para piel grasa tono Medio,Darrow,40 g,FPS 50+,,Cuidado personal,Dermatología,SOLARES,330.18,469,,https://cdn.shopify.com/s/files/1/0088/1937/6188/files/3282770207651_1.png,dermaexpress,DW-ACTINE SOLAR COLORS TONO 2 MEDIO 40G
FC-70207675,3282770207675,Actine Colors Protector Solar FPS 50+ para piel grasa tono Oscuro,Darrow,40 g,FPS 50+,,Cuidado personal,Dermatología,SOLARES,330.18,469,,https://cdn.shopify.com/s/files/1/0088/1937/6188/files/3282770207675_1.jpg,dermaexpress,DW-ACTINE SOLAR COLORS TONO 3 OSCURO 40G
FC-70394870,3282770394870,Actine Concentrado renovador para piel grasa,Darrow,30 ml,,,Cuidado personal,Dermatología,PIEL GRASA,372.41,528.99,,https://cdn.shopify.com/s/files/1/0088/1937/6188/files/3282770394870.jpg,dermaexpress,DW-ACTINE RENOV 30G
FC-70153507,3282770153507,Actine Gel limpiador para piel grasa,Darrow,400 g,,Gel,Cuidado personal,Dermatología,PIEL GRASA,372.41,528.99,,https://cdn.shopify.com/s/files/1/0088/1937/6188/files/3282770153507_1.jpg,dermaexpress,DW-ACTINE GEL LIMPIADOR 400G
FC-70153484,3282770153484,Actine Gel limpiador para piel grasa,Darrow,240 g,,Gel,Cuidado personal,Dermatología,PIEL GRASA,309.06,439,,https://cdn.shopify.com/s/files/1/0088/1937/6188/files/3282770153484_1.jpg,dermaexpress,DW-ACTINE GEL LIMPIADOR 240G
FC-70153477,3282770153477,Actine Gel limpiador para piel grasa,Darrow,140 g,,Gel,Cuidado personal,Dermatología,PIEL GRASA,196.42,279,,https://cdn.shopify.com/s/files/1/0088/1937/6188/files/3282770153477_1.jpg,dermaexpress,DW-ACTINE GEL LIMPIADOR 140G
FC-70388596,3282770388596,Actine Oil Control Barra limpiadora para piel grasa,Darrow,70 g,,,Cuidado personal,Dermatología,PIEL GRASA,118.98,169,,https://cdn.shopify.com/s/files/1/0088/1937/6188/files/3282770388596_1.jpg,dermaexpress,DW-ACTINE OIL CONTROL BARRA 70G
FC-70391435,3282770391435,Actine Oil Control Gel limpiador para piel grasa,Darrow,140 g,,Gel,Cuidado personal,Dermatología,PIEL GRASA,196.42,279,,https://cdn.shopify.com/s/files/1/0088/1937/6188/files/3282770391435_1.jpg,dermaexpress,DW-ACTINE OIL CONTROL GEL LIMPIADOR 140G
FC-70391442,3282770391442,Actine Oil Control Gel limpiador para piel grasa,Darrow,240 g,,Gel,Cuidado personal,Dermatología,PIEL GRASA,309.06,439,,https://cdn.shopify.com/s/files/1/0088/1937/6188/files/3282770391442_1.jpg,dermaexpress,DW-ACTINE OIL CONTROL GEL LIMPIADOR 240G
FC-70391466,3282770391466,Actine Oil Control Gel limpiador para piel grasa,Darrow,400 g,,Gel,Cuidado personal,Dermatología,PIEL GRASA,372.41,528.99,,https://cdn.shopify.com/s/files/1/0088/1937/6188/files/3282770391466_1.jpg,dermaexpress,DW-ACTINE OIL CONTROL GEL LIMPIADOR 400G
FC-70393989,3282770393989,Actine One Protector Solar FPS 50+,Darrow,40 g,FPS 50+,,Cuidado personal,Dermatología,SOLARES,407.62,579,,https://cdn.shopify.com/s/files/1/0088/1937/6188/files/3282770393989_1.png,dermaexpress,DW-PROTECTOR SOLAR DERMATOLOGICO FPS50 ACTINE ONE 40G
FC-70398106,3282770398106,Actine Vitamina C Serum,Darrow,30 g,,,Cuidado personal,Dermatología,¡LANZAMIENTOS 2026!,456.89,649,10+1,https://cdn.shopify.com/s/files/1/0088/1937/6188/files/3282770398106_1.avif,dermaexpress,DW-ACTINE VITAMINA C SERUM 30G
FC-71000909,3282771000909,Avène Protector Solar Facial Ultra Stick FPS 50,Darrow,20 g,FPS 50,,Cuidado personal,Dermatología,¡LANZAMIENTOS 2026!,393.54,559,10+1,https://cdn.shopify.com/s/files/1/0088/1937/6188/files/3282771000909_1.avif,dermaexpress,PROTECTOR SOLAR FACIAL ULTRA STICK FPS50 20G
FC-70143935,3282770143935,Doctar Shampoo anticaspa,Darrow,120 ml,,,Cuidado personal,Dermatología,CAPILARES,266.81,379,,https://cdn.shopify.com/s/files/1/0088/1937/6188/files/3282770143935_1.jpg,dermaexpress,DW-DOCTAR SHAMPOO 120ML
FC-70143942,3282770143942,Doctar Shampoo Anticaspa con ácido salicílico,Darrow,240 ml,,,Cuidado personal,Dermatología,CAPILARES,359.75,511,,https://cdn.shopify.com/s/files/1/0088/1937/6188/files/3282770143942.png,dermaexpress,DW-DOCTAR SHAMPOO 240ML
FC-70141948,3282770141948,Dw-Actine Agua Micelar,Darrow,200 ml,,,Cuidado personal,Dermatología,LIMPIADORES,231.62,329,,,,DW-ACTINE AGUA MICELAR 200ML
FC-70391794,3282770391794,Dw-Actine Trap,Darrow,30 ml,,,Cuidado personal,Dermatología,PIEL GRASA,302.02,429,,,,DW-ACTINE TRAP 30ML
FC-70144376,3282770144376,Dw-Nutriforce Gel Limpiador,Darrow,240 ml,,Gel,Cuidado personal,Dermatología,LIMPIADORES,231.62,329,,,,DW-NUTRIFORCE GEL LIMPIADOR 240ML
FC-70139167,3282770139167,Nutriforce Barra limpiadora para piel seca,Darrow,70 g,,,Cuidado personal,Dermatología,LIMPIADORES,76.74,109.01,,https://cdn.shopify.com/s/files/1/0088/1937/6188/files/3282770139167_1.jpg,dermaexpress,DW-NUTRIFORCE BARRA 70G
FC-70388480,3282770388480,Nutriforce Crema hidratante corporal para piel atópica,Darrow,100 g,,Crema,Cuidado personal,Dermatología,EMOLIENTES,161.21,229,,https://cdn.shopify.com/s/files/1/0088/1937/6188/files/3282770388480_1.jpg,dermaexpress,DW-NUTRIFORCE MED 100G
FC-70388497,3282770388497,Nutriforce Crema hidratante corporal para piel atópica,Darrow,390 g,,Crema,Cuidado personal,Dermatología,EMOLIENTES,407.62,579,,https://cdn.shopify.com/s/files/1/0088/1937/6188/files/3282770388497_1.jpg,dermaexpress,DW-NUTRIFORCE MED 390G
FC-70390063,3282770390063,Nutriforce Loción hidratante para piel seca,Darrow,200 ml,,,Cuidado personal,Dermatología,EMOLIENTES,210.5,299,,https://cdn.shopify.com/s/files/1/0088/1937/6188/files/3282770390063_1.jpg,dermaexpress,DW-NUTRIFORCE LOCION HIDRATANTE SIN FRAGANCIA 200ML
FC-70390070,3282770390070,Nutriforce Loción hidratante para piel seca,Darrow,400 ml,,,Cuidado personal,Dermatología,EMOLIENTES,287.94,409,,https://cdn.shopify.com/s/files/1/0088/1937/6188/files/3282770390070_1.jpg,dermaexpress,DW-NUTRIFORCE LOCION HIDRATANTE SIN FRAGANCIA 400ML
FC-69001019,3512369001019,Neoselen Suplemento alimenticio anti-envejecimiento celular,Derma Express MX,C/30 cápsulas,,Cápsulas,Cuidado personal,Dermatología,ANTI-EDAD,565.95,770,10+1,https://cdn.shopify.com/s/files/1/0088/1937/6188/products/3512369001019.jpg,dermaexpress,NEOSELEN C/30CAPSULAS
FC-73213758,7502273213758,Cabin Spa Exfoliante Quimico Ácido Láctico,Dermaglós,240 ml,,,Cuidado personal,Dermatología,LIMPIADORES,664.3,949,,,,CABIN SPA EXFOLIANTE QUIMICO ÁCIDO LÁCTICO 240ML
FC-78022199,816378022199,Advanced Purifiying Cleanser,DS Laboratories,200 ml,,,Cuidado personal,Dermatología,SUERO,341.16,493,10+1,,,ADVANCED PURIFIYING CLEANSER 200ML
FC-78020126,816378020126,DS Revita Gel Anticaída C,DS Laboratories,100 ml,,Gel,Cuidado personal,Dermatología,GEL,346.85,501.23,10+1,https://gruporfp.vteximg.com.br/arquivos/ids/6997762/816378020126_01.jpg,farmatodo,REVITA GEL 100ML
FC-04050004,794504050004,DS Spectral F7 Tratamiento Anticaída C,DS Laboratories,60 ml,,,Cuidado personal,Dermatología,LOCIONES,602.84,871.16,10+1,https://gruporfp.vteximg.com.br/arquivos/ids/6997761/794504050004_01.jpg,farmatodo,SPECTRAL F7 LOCION 60ML
FC-78022489,816378022489,Revita Thickening Pomade,DS Laboratories,100 ml,,,Cuidado personal,Dermatología,CREMA,424.64,613.64,10+1,,,REVITA THICKENING POMADE 100ML
FC-70104950,3282770104950,Anacaps Suplemento alimenticio,Ducray,C/30 cápsulas,,Cápsulas,Cuidado personal,Dermatología,CAPILARES,661.38,939.46,,https://cdn.shopify.com/s/files/1/0088/1937/6188/files/Diseno_sin_titulo_2_28352d33-1c64-4d6a-be87-fea3e344bf17.png,dermaexpress,ANACAPS ACTIV+SUPLEMENTO ALIMENTICIO 30 CAPS
FC-79073684,3282779073684,Anaphase Acondicionador anticaída,Ducray,200 ml,,,Cuidado personal,Dermatología,CAPILARES,386.5,549,,https://cdn.shopify.com/s/files/1/0088/1937/6188/products/3282779073684-D-ANAPHASE-ENJUAGUE-200ML.png,dermaexpress,ANAPHASE ACONDICIONADOR 200ML
FC-79075534,3282779075534,Anaphase Shampoo Estimulante,Ducray,200 ml,,,Cuidado personal,Dermatología,CAPILARES,380.16,540,,,,ANAPHASE SHAMPOO ESTIMULANTE 200ML
FC-70075526,3282770075526,Anaphase Shampoo para Caída Crónica,Ducray,400 ml,,,Cuidado personal,Dermatología,CAPILARES,520.96,740,,https://cdn.shopify.com/s/files/1/0088/1937/6188/files/3282770075526_1800x1800_bca969ab-16b1-48be-94d2-691e3c8a1a56.avif,dermaexpress,ANAPHASE SHAMPOO 400ML
FC-70075533,3282770075533,Anaphase+ Shampoo Anticaída Fortificante,Ducray,200 ml,,,Cuidado personal,Dermatología,CAPILARES,380.16,540,,https://cdn.shopify.com/s/files/1/0088/1937/6188/files/3282770075533.png,dermaexpress,ANAPHASE SHAMPOO ANTICAIDA Y ANTIAFINAMIENTO 200ML
FC-70155112,3282770155112,Creastim Loción Anticaída de Cabello,Ducray,60 ml,,,Cuidado personal,Dermatología,CAPILARES,816.64,1160,,https://cdn.shopify.com/s/files/1/0088/1937/6188/files/3282770155112_1.jpg,dermaexpress,ANAPHASE CREASTIM LOCION ANTICAIDA Y CRECIMIENTO 60ML
FC-70152395,3282770152395,Creastim Reactiv Locion,Ducray,60 ml,,,Cuidado personal,Dermatología,CAPILARES,816.64,1160,,,,CREASTIM REACTIV LOCION 60ML
FC-94007333,3573994007333,Dexeryl Crema Emoliente,Ducray,50 g,,Crema,Cuidado personal,Dermatología,LIMPIADORES,35.13,49.9,,https://cdn.shopify.com/s/files/1/0088/1937/6188/files/3573994007333-D1.jpg,dermaexpress,L-DEXERYL CREMA 50 GR MX
FC-19321609,3592619321609,Dexeryl Crema hidratante para piel seca,Ducray,500 g,,Crema,Cuidado personal,Dermatología,EMOLIENTE,316.1,449,,https://cdn.shopify.com/s/files/1/0088/1937/6188/files/3592619321609_1_2.jpg,dermaexpress,DEXERYL CREMA 500GR
FC-76432026,3282776432026,Dexeryl Crema restauradora para piel seca,Ducray,250 g,,Crema,Cuidado personal,Dermatología,EMOLIENTE,217.54,309,,https://cdn.shopify.com/s/files/1/0088/1937/6188/products/3282776432026_1.jpg,dermaexpress,DEXERYL CREMA 250GR
FC-70073355,3282770073355,Dexyan Crema reparadora para piel atópica,Ducray,100 ml,,Crema,Cuidado personal,Dermatología,EMOLIENTE,386.5,549,,https://cdn.shopify.com/s/files/1/0088/1937/6188/products/3282770073355_1.jpg,dermaexpress,DEXYANE MED CREMA 100ML
FC-70392371,3282770392371,ds crema calmante antiescamas,Ducray,40 ml,,Crema,Cuidado personal,Dermatología,CAPILARES,372.41,528.99,,https://cdn.shopify.com/s/files/1/0088/1937/6188/files/3282770392371_1.jpg,dermaexpress,KELUAL DS CREMA CALMANTE ANTIESCAMAS 40ML
FC-70109146,3282770109146,Elution Shampoo,Ducray,200 ml,,,Cuidado personal,Dermatología,CAPILARES,309.06,439,,,,ELUTION SHAMPOO 200ML
FC-70035483,3282770035483,Extra Suave Shampoo,Ducray,400 ml,,,Cuidado personal,Dermatología,CAPILARES,235.84,335,,,,EXTRA SUAVE SHAMPOO 400ML
FC-70108453,3282770108453,Hidrosis Control Roll-on antitranspirante,Ducray,40 ml,,,Cuidado personal,Dermatología,DESODORANTES,365.37,519,,https://cdn.shopify.com/s/files/1/0088/1937/6188/products/3282770108453_Hidrosis-Roll-On-2_copia.jpg,dermaexpress,HIDROSIS CONTROL ROLL-ON 40ML
FC-70075540,3282770075540,Ictyane Barra limpiadora para piel seca y frágil,Ducray,100 g,,,Cuidado personal,Dermatología,EMOLIENTE,126.02,179,,https://cdn.shopify.com/s/files/1/0088/1937/6188/products/3282770075540_1.jpg,dermaexpress,ICTYANE PAIN SUGRAS 100GR
FC-76382109,3282776382109,Kelual D.s. Shampoo,Ducray,100 ml,,,Cuidado personal,Dermatología,CAPILARES,379.93,539.67,,,,KELUAL D.S. SHAMPOO 100ML
FC-70392401,3282770392401,Kelual DS Gel limpiador antiescamas,Ducray,200 ml,,Gel,Cuidado personal,Dermatología,CAPILARES,344.25,489,,https://cdn.shopify.com/s/files/1/0088/1937/6188/files/3282770392401_1.jpg,dermaexpress,KELUAL DS GEL LIMPIADOR ANTIESCAMAS 200ML
FC-70396423,3282770396423,Kelual Squanorm Shampoo caspa grasa,Ducray,200 ml,,,Cuidado personal,Dermatología,CAPILARES,421.7,599,,https://cdn.shopify.com/s/files/1/0088/1937/6188/files/3282770396423.jpg,dermaexpress,KELUAL SQUANORM SHAMPOO CASPA GRSA 200ML
FC-70396508,3282770396508,Kelual Squanorm Shampoo caspa seca,Ducray,200 ml,,,Cuidado personal,Dermatología,CAPILARES,421.7,599,,https://cdn.shopify.com/s/files/1/0088/1937/6188/files/3282770396508.jpg,dermaexpress,KELUAL SQUANORM SHAMPOO CASPA SECA 200ML
FC-76126178,3282776126178,Keracnyl,Ducray,200 ml,,Gel,Cuidado personal,Dermatología,PIEL GRASA,455.66,647.25,,,,KERACNYL GEL 200ML
FC-76397103,3282776397103,Keracnyl Crema matificante para piel grasa,Ducray,30 ml,,Crema,Cuidado personal,Dermatología,PIEL GRASA,401.28,570,,https://cdn.shopify.com/s/files/1/0088/1937/6188/products/3282776397103.jpg,dermaexpress,KERACNYL MATIFICANTE 30ML
FC-70141382,3282770141382,Keracnyl Gel Limpiador Espumoso Anti-Imperfecciones,Ducray,400 ml,,Gel,Cuidado personal,Dermatología,PIEL GRASA,569.54,809,,https://cdn.shopify.com/s/files/1/0088/1937/6188/files/1_2_1e3fd56e-1489-4125-8594-2b06a6fc1caf.avif,dermaexpress,KERACNYL GEL 400ML
FC-70141467,3282770141467,Keracnyl Glycolic+ Crema antiimperfecciones,Ducray,30 ml,,Crema,Cuidado personal,Dermatología,PIEL GRASA,541.38,769,,https://cdn.shopify.com/s/files/1/0088/1937/6188/products/3282770141467.jpg,dermaexpress,KERACNYL GLYCOLIC+ CREMA 30ML
FC-76083198,3282776083198,Keracnyl loción anti-imperfecciones,Ducray,200 ml,,,Cuidado personal,Dermatología,PIEL GRASA,407.62,579,,https://cdn.shopify.com/s/files/1/0088/1937/6188/products/3282776083198-D-KERACNYL-LOC-PURIF-200M_12d6a81f-759b-4763-9d9e-bc7b78f03ba3.png,dermaexpress,KERACNYL LOCION 200ML
FC-79368612,3282779368612,Keracnyl Pp,Ducray,30 ml,,Crema,Cuidado personal,Dermatología,PIEL GRASA,654.76,930.05,,,,KERACNYL PP CREMA 30ML
FC-70391251,3282770391251,Keracnyl Repair Crema hidratante antiimperfecciones,Ducray,50 ml,,Crema,Cuidado personal,Dermatología,PIEL GRASA,520.26,739,,https://cdn.shopify.com/s/files/1/0088/1937/6188/files/3282770391251_1.jpg,dermaexpress,KERACNYL REPAIR CREMA 50ML
FC-70399264,3282770399264,Keracnyl Sérum regulador antiimperfecciones,Ducray,30 ml,,,Cuidado personal,Dermatología,PIEL GRASA,689.92,980,,https://cdn.shopify.com/s/files/1/0088/1937/6188/files/3282770399264_1.jpg,dermaexpress,KERACNYL SUERO REGULADOR ANTI-IMPERFECCIONES 30ML
FC-70074468,3282770074468,Keracnyl Suero,Ducray,30 ml,,,Cuidado personal,Dermatología,PIEL GRASA,633.6,900,,,,KERACNYL SUERO 30ML
FC-70145175,3282770145175,Keracnyl UV FPS 50+ Fluido antiimperfecciones,Ducray,50 ml,FPS 50+,Fluido,Cuidado personal,Dermatología,PIEL GRASA,478.01,678.99,,https://cdn.shopify.com/s/files/1/0088/1937/6188/products/3282770145175.jpg,dermaexpress,KERACNYL UV FPS50+ 50ML
FC-79293440,3282779293440,Kertyol PSO Shampoo para la psoriasis,Ducray,200 ml,,,Cuidado personal,Dermatología,CAPILARES,421.7,599,,https://cdn.shopify.com/s/files/1/0088/1937/6188/products/3282779293440_1.jpg,dermaexpress,KERTYOL PSO SHAMPOO 200ML
FC-70389197,3282770389197,Melascreen Concentrado antimanchas,Ducray,30 ml,,,Cuidado personal,Dermatología,DESPIGMENTANTE,787.78,1119.01,,https://cdn.shopify.com/s/files/1/0088/1937/6188/files/3282770389197.jpg,dermaexpress,MELASCREEN CONCENTRADO ANTIMANCHAS 30ML
FC-70389234,3282770389234,Melascreen Contorno de ojos,Ducray,15 ml,,,Cuidado personal,Dermatología,DESPIGMENTANTE,632.9,899,,https://cdn.shopify.com/s/files/1/0088/1937/6188/files/3282770389234_1.jpg,dermaexpress,MELASCREEN CONTORNO DE OJOS 15ML
FC-70073249,3282770073249,Melascreen Crema de Manos,Ducray,50 ml,,Crema,Cuidado personal,Dermatología,DESPIGMENTANTE,386.5,549,,,,MELASCREEN CREMA DE MANOS 50ML
FC-70400199,3282770400199,Melascreen Crema De Manos FPS 50+,Ducray,50 ml,FPS 50+,Crema,Cuidado personal,Dermatología,¡LANZAMIENTOS 2026!,351.29,499,10+1,https://cdn.shopify.com/s/files/1/0088/1937/6188/files/3282770400199.webp,dermaexpress,MELASCREEN CREMA DE MANOS FPS50+ 50ML
FC-70055108,3282770055108,Melascreen Crema de noche antimanchas,Ducray,50 ml,,Crema,Cuidado personal,Dermatología,DESPIGMENTANTE,773.69,1099,,https://cdn.shopify.com/s/files/1/0088/1937/6188/products/3282770055108-D-MELASCREEN-CREMA-DE-NOC.png,dermaexpress,MELASCREEN NOCHE CREMA 50ML
FC-70389272,3282770389272,Melascreen Fluido antimanchas FPS 50+,Ducray,50 ml,FPS 50+,Fluido,Cuidado personal,Dermatología,DESPIGMENTANTE,534.34,759,,https://cdn.shopify.com/s/files/1/0088/1937/6188/files/3282770389272.jpg,dermaexpress,MELASCREEN FLUIDO FPS50+ 50ML
FC-70049527,3282770049527,Melascreen Sérum global anti-fotoenvejecimiento,Ducray,30 ml,,,Cuidado personal,Dermatología,DESPIGMENTANTE,851.13,1209,,https://cdn.shopify.com/s/files/1/0088/1937/6188/products/3282770049527-D-MELASCREEN-SUERO-GLOBAL.png,dermaexpress,MELASCREEN SUERO GLOBAL 30ML
FC-70389593,3282770389593,Melascreen Sérum iluminador antimanchas,Ducray,40 ml,,,Cuidado personal,Dermatología,DESPIGMENTANTE,717.38,1019,,https://cdn.shopify.com/s/files/1/0088/1937/6188/files/3282770389593.jpg,dermaexpress,MELASCREEN SUERO ILUMINADOR 40ML
FC-70153255,3282770153255,Neoptide Expert Sérum anticaída,Ducray,50 ml,,,Cuidado personal,Dermatología,CAPILARES,858.17,1219,,https://cdn.shopify.com/s/files/1/0088/1937/6188/files/3282770153255_2.jpg,dermaexpress,NEOPTIDE EXPERT 2X50ML
FC-76170676,3282776170676,Sabal Shampoo,Ducray,200 ml,,,Cuidado personal,Dermatología,CAPILARES,348.48,495,,,,SABAL SHAMPOO 200ML
FC-70397291,3282770397291,Sabal Shampoo Seborregulador para Cabello Graso,Ducray,200 ml,,,Cuidado personal,Dermatología,CAPILARES,348.48,495,,https://cdn.shopify.com/s/files/1/0088/1937/6188/files/3282770397291_1.jpg,dermaexpress,SABAL SHAMPOO SEBORREGULADOR PARA CABELLO GRASO 200ML
FC-79392549,3282779392549,Sensinol Shampoo,Ducray,200 ml,,,Cuidado personal,Dermatología,CAPILARES,330.88,470,,,,SENSINOL SHAMPOO 200ML
FC-70394948,3282770394948,Sensinol Shampoo antipicor,Ducray,200 ml,,,Cuidado personal,Dermatología,CAPILARES,365.37,519,,https://cdn.shopify.com/s/files/1/0088/1937/6188/files/3282770394948_1.jpg,dermaexpress,SENSINOL SHAMPOO ANTIPICOR 200ML
FC-79352369,3282779352369,Shampoo dermoprotector extra suave,Ducray,200 ml,,,Cuidado personal,Dermatología,CAPILARES,189.38,269,,https://cdn.shopify.com/s/files/1/0088/1937/6188/products/3282779352369_1.jpg,dermaexpress,EXTRA SUAVE SHAMPOO 200ML
FC-79277457,3282779277457,Squanorm C/Grasa Shampoo,Ducray,200 ml,,,Cuidado personal,Dermatología,CAPILARES,323.14,459,,,,SQUANORM C/GRASA SHAMPOO 200ML
FC-76161650,3282776161650,Squanorm C/Seca Shampoo,Ducray,200 ml,,,Cuidado personal,Dermatología,CAPILARES,323.14,459,,,,SQUANORM C/SECA SHAMPOO 200ML
FC-10106429,606110106429,Crema de Noche,ENVERA,50 ml,,Crema,Cuidado personal,Dermatología,ANTI-EDAD,490.24,670,,https://cdn.shopify.com/s/files/1/0088/1937/6188/files/fe8ab2fc-1430-4915-9982-b5dea706feff.jpg,dermaexpress,CREMA DE NOCHE 50ML
FC-53860372,753153860372,Hydraboost Hidratante facial,ENVERA,50 ml,,,Cuidado personal,Dermatología,ANTI-EDAD,406.09,555,,https://cdn.shopify.com/s/files/1/0088/1937/6188/files/19adccd8-6f98-4dd5-adf1-8ba0aa9150b2.jpg,dermaexpress,HYDRABOOST HIDRATANTE FACIAL 50ML
FC-16396554,731416396554,Protector Solar Despigmentante FPS 50+ UVA/UVB PA++++,ENVERA,50 ml,FPS 50+,,Cuidado personal,Dermatología,SOLARES,522.85,714.56,,https://cdn.shopify.com/s/files/1/0088/1937/6188/files/01_f4649fb3-1a98-4f1c-8bb9-580c72d6da90.jpg,dermaexpress,PROTECTOR SOLAR DESPIGMENTANTE FPS50+ UVA/UVB
FC-15725024,788115725024,Protector Solar en barra con color Peachy FPS 50+ UVA/UVB PA++++,ENVERA,50 ml,FPS 50+,,Cuidado personal,Dermatología,SOLARES,446.34,610,,https://cdn.shopify.com/s/files/1/0088/1937/6188/files/1156ce63-a90e-4e70-8614-000b9529155e.jpg,dermaexpress,PROTECTOR SOLAR EN BARRA CON COLOR
FC-15725031,788115725031,Protector Solar en barra stick transparente FPS 50+ UVA/UVB PA++++,ENVERA,15 g,FPS 50+,,Cuidado personal,Dermatología,SOLARES,446.34,610,,https://cdn.shopify.com/s/files/1/0088/1937/6188/files/Diseno_sin_titulo_1833ef66-2e9b-44ea-9c8e-b5704c63a23f.png,dermaexpress,PROTECTOR SOLAR EN BARRA INVISIBLE FPS50+  UVA/UVB
FC-53860419,753153860419,Protector Solar FPS 50+ UVA/UVB con color Medium,ENVERA,50 ml,FPS 50+,,Cuidado personal,Dermatología,SOLARES,490.24,670,,https://cdn.shopify.com/s/files/1/0088/1937/6188/files/01_5708c8bd-8404-4475-99ea-22f27fa77765.webp,dermaexpress,PROTECTOR SOLAR CON COLOR MEDIUM FPS50+ UVA/UVB 50ML
FC-53860402,753153860402,Protector Solar FPS 50+ UVA/UVB Primer sin color,ENVERA,50 ml,FPS 50+,,Cuidado personal,Dermatología,SOLARES,490.24,670,,https://cdn.shopify.com/s/files/1/0088/1937/6188/files/01_44b51a06-d701-495d-8c97-1c44a5eb9795.jpg,dermaexpress,PROTECTOR SOLAR+ PRIMER FPS50+ UVA/UVB 50ML
FC-15725109,788115725109,Protector Solar FPS 50+ UVA/UVB Primer sin color Rellenable,ENVERA,50 ml,FPS 50+,,Cuidado personal,Dermatología,SOLARES,329.27,450,,https://cdn.shopify.com/s/files/1/0088/1937/6188/files/01_64cd8f92-871b-4674-96a1-a00937be6704.jpg,dermaexpress,RELLENABLE DE PROTECTOR SOLAR SIN COLOR PRIMER 50ML
FC-59932212,781159932212,Protector Solar FPS 50+ UVA/UVB Tono Light,ENVERA,50 ml,FPS 50+,,Cuidado personal,Dermatología,ANTI-EDAD,490.24,670,,https://cdn.shopify.com/s/files/1/0088/1937/6188/files/01_391124cc-f464-4a84-a89f-77b57d3ad6f0.jpg,dermaexpress,CREMA DE NOCHE 50ML
FC-15725086,788115725086,Rellenable de Protector Solar Light,ENVERA,50 ml,,,Cuidado personal,Dermatología,SOLARES,329.27,450,,https://cdn.shopify.com/s/files/1/0088/1937/6188/files/01_19de606f-f602-4bd1-bbe0-fc120c552a6f.jpg,dermaexpress,RELLENABLE DE PROTECTOR SOLAR CON COLOR LIGHT 50ML
FC-15725093,788115725093,Rellenable Protector Solar con Color Medium FPS 50+ UVA/UVB PA++++,ENVERA,50 ml,FPS 50+,,Cuidado personal,Dermatología,SOLARES,329.27,450,,https://cdn.shopify.com/s/files/1/0088/1937/6188/files/01_d77e2c41-8be2-42c3-a68d-41aff40359cc.jpg,dermaexpress,RELLENABLE DE PROTECTOR SOLAR CON COLOR MEDIUM 50ML
FC-10106436,606110106436,Suero contorno de ojos,ENVERA,30 ml,,,Cuidado personal,Dermatología,ANTI-EDAD,490.24,670,,https://cdn.shopify.com/s/files/1/0088/1937/6188/files/01_7da4ce55-aba9-471f-87f1-5df1ceaf9073.jpg,dermaexpress,SUERO CONTORNO DE OJOS 30ML
FC-59932205,781159932205,Suero Facial Nutritivo,ENVERA,30 ml,,,Cuidado personal,Dermatología,ANTI-EDAD,530.49,725,,https://cdn.shopify.com/s/files/1/0088/1937/6188/files/01_771485cd-ec32-4cb9-968c-5e21b33de87f.jpg,dermaexpress,SUERO FACIAL NUTRITIVO 30ML
FC-01231135,3760201231135,Activo Puro Ácido Cítrico Sérum iluminador,Etat pur,15 ml,,,Cuidado personal,Dermatología,DESPIGMENTANTES,411.91,620,10+1 o 9.09%,https://cdn.shopify.com/s/files/1/0088/1937/6188/files/3760201231135.avif,dermaexpress,ETATPUR ACIDO CRITICO 20% 15ML
FC-01231517,3760201231517,Activo Puro Ácido Glicólico Sérum renovador,Etat pur,15 ml,,,Cuidado personal,Dermatología,DESPIGMENTANTES,411.91,620,10+1 o 9.09%,https://cdn.shopify.com/s/files/1/0088/1937/6188/files/3760201231517.avif,dermaexpress,ETATPUR ACIDO GLICOLICO 10% 15ML
FC-01231142,3760201231142,Activo Puro Ácido Hialurónico Sérum rellenador de arrugas,Etat pur,15 ml,,,Cuidado personal,Dermatología,DESPIGMENTANTES,504.92,760,10+1 o 9.09%,https://cdn.shopify.com/s/files/1/0088/1937/6188/files/3760201231142.avif,dermaexpress,ETATPUR ACIDO HIALURONICO 1.5% 15ML
FC-01231159,3760201231159,Activo Puro Ácido Salicílico Sérum anti-imperfecciones,Etat pur,15 ml,,,Cuidado personal,Dermatología,DESPIGMENTANTES,345.47,520,10+1 o 9.09%,https://cdn.shopify.com/s/files/1/0088/1937/6188/files/3760201231159.avif,dermaexpress,ETATPUR ACIDO SALICILICO 2% 15ML
FC-01231104,3760201231104,"Activo Puro Aloe Vera, hidrata y regenera la piel",Etat pur,15 ml,,,Cuidado personal,Dermatología,DESPIGMENTANTES,345.47,520,10+1 o 9.09%,https://cdn.shopify.com/s/files/1/0088/1937/6188/files/3760201231104.avif,dermaexpress,ETATPUR ALOE VERA 0.5% 15ML
FC-01231166,3760201231166,"Activo Puro D-Pantenol, fortalece e hidrata",Etat pur,15 ml,,,Cuidado personal,Dermatología,DESPIGMENTANTES,345.47,520,10+1 o 9.09%,https://cdn.shopify.com/s/files/1/0088/1937/6188/files/3760201231166.avif,dermaexpress,ETATPUR D-PANTENOL 5% 15ML
FC-01231173,3760201231173,Activo Puro Enoxolona Sérum para pieles sensibles,Etat pur,15 ml,,,Cuidado personal,Dermatología,DESPIGMENTANTES,411.91,620,10+1 o 9.09%,https://cdn.shopify.com/s/files/1/0088/1937/6188/files/3760201231173.avif,dermaexpress,ETATPUR ENOXOLONA 2% 15ML
FC-01231180,3760201231180,Activo Puro Glabridina Sérum antimanchas oscuras,Etat pur,15 ml,,,Cuidado personal,Dermatología,DESPIGMENTANTES,411.91,620,10+1 o 9.09%,https://cdn.shopify.com/s/files/1/0088/1937/6188/files/3760201231180.avif,dermaexpress,ETATPUR GLABRIDINA 15ML
FC-01231210,3760201231210,Activo Puro Gluconato de Zinc Sérum seborregulador,Etat pur,15 ml,,,Cuidado personal,Dermatología,DESPIGMENTANTES,345.47,520,10+1 o 9.09%,https://cdn.shopify.com/s/files/1/0088/1937/6188/files/3760201231210.avif,dermaexpress,ETATPUR GLUCUNATO DE ZINC 3% 15ML
FC-01231685,3760201231685,Activo Puro Niacinamida Sérum anti-manchas,Etat pur,15 ml,,,Cuidado personal,Dermatología,DESPIGMENTANTES,411.91,620,10+1 o 9.09%,https://cdn.shopify.com/s/files/1/0088/1937/6188/files/3760201231685.avif,dermaexpress,ETATPUR NIACINAMIDA 5% 15ML
FC-01231227,3760201231227,Activo Puro Péptido 4-Procolágeno Sérum reafirmante,Etat pur,15 ml,,,Cuidado personal,Dermatología,DESPIGMENTANTES,504.92,760,10+1 o 9.09%,https://cdn.shopify.com/s/files/1/0088/1937/6188/files/3760201231227.avif,dermaexpress,ETATPUR PEPTIDO-4 PROCOLAGENO 15ML
FC-01231272,3760201231272,Activo Puro Própolis Sérum anti-imperfecciones,Etat pur,15 ml,,,Cuidado personal,Dermatología,DESPIGMENTANTES,345.47,520,10+1 o 9.09%,https://cdn.shopify.com/s/files/1/0088/1937/6188/files/3760201231272.avif,dermaexpress,ETATPUR PROPOLIS 15ML
FC-01231234,3760201231234,Activo Puro Resveratrol Sérum antioxidante,Etat pur,15 ml,,,Cuidado personal,Dermatología,DESPIGMENTANTES,504.92,760,10+1 o 9.09%,https://cdn.shopify.com/s/files/1/0088/1937/6188/files/3760201231234.avif,dermaexpress,ETATPUR RESVERATROL 15ML
FC-28301000,3461028301000,Activo Puro Vitamina C Sérum anti-manchas,Etat pur,15 ml,,,Cuidado personal,Dermatología,DESPIGMENTANTES,504.92,760,10+1 o 9.09%,https://cdn.shopify.com/s/files/1/0088/1937/6188/files/3461028301000.avif,dermaexpress,ETATPUR VITAMINA C 10% 15ML
FC-01231203,3760201231203,Activo Puro Vitamina E,Etat pur,15 ml,,,Cuidado personal,Dermatología,DESPIGMENTANTES,345.47,520,10+1 o 9.09%,https://cdn.shopify.com/s/files/1/0088/1937/6188/files/3760201231203.avif,dermaexpress,ETATPUR VITAMINA E 3.9% 15ML
FC-01234990,3760201234990,Bakuchiol 0.5%,Etat pur,15 ml,,,Cuidado personal,Dermatología,DESPIGMENTANTES,504.92,760,10+1 o 9.09%,https://cdn.shopify.com/s/files/1/0088/1937/6188/files/3760201234990.avif,dermaexpress,BAKUCHIOL 0.5%
FC-01234396,3760201234396,Crema Hidratante con Ácido Hialurónico,Etat pur,50 ml,,Crema,Cuidado personal,Dermatología,DESPIGMENTANTES,358.76,540,10+1 o 9.09%,https://cdn.shopify.com/s/files/1/0088/1937/6188/files/3760201234396.avif,dermaexpress,CREMA HIDRATANTE 40ML
FC-01234532,3760201234532,Espuma Limpiadora Piel Sensible y Equilibrada,Etat pur,150 ml,,,Cuidado personal,Dermatología,DESPIGMENTANTES,322.22,485,10+1 o 9.09%,https://cdn.shopify.com/s/files/1/0088/1937/6188/files/3760201234532.jpg,dermaexpress,ESPUMA LIMPIADORA 200 ML
FC-01234426,3760201234426,Gel Crema Hidratante Hidratación ligera,Etat pur,50 ml,,Crema,Cuidado personal,Dermatología,DESPIGMENTANTES,358.76,540,10+1 o 9.09%,https://cdn.shopify.com/s/files/1/0088/1937/6188/files/3760201234426.avif,dermaexpress,GEL-CREMA HIDRATANTE 40ML
FC-01234501,3760201234501,Gel Limpiador Purificante con Ácido Salicílico Suave,Etat pur,200 ml,,Gel,Cuidado personal,Dermatología,DESPIGMENTANTES,322.22,485,10+1 o 9.09%,https://cdn.shopify.com/s/files/1/0088/1937/6188/files/3760201234501.avif,dermaexpress,GEL LIMPIADOR 200ML
FC-01234518,3760201234518,Leche Limpiadora Suave,Etat pur,200 ml,,,Cuidado personal,Dermatología,DESPIGMENTANTES,322.22,485,10+1 o 9.09%,https://cdn.shopify.com/s/files/1/0088/1937/6188/files/3760201234518.avif,dermaexpress,LECHE LIMPIADORA 200ML
FC-43100519,7501043100519,Bactroban Crema 2 % Tubo C,Etat Pur,15 g,,Crema,Cuidado personal,Dermatología,SOLARES,380.32,,,https://gruporfp.vteximg.com.br/arquivos/ids/6999953/7501043100519_01.jpg,farmatodo,BACTROBAN CREMA 2% POR 15G
FC-64550652,7501064550652,Bactroban Ungüento 2 % Tubo C,Etat Pur,15 g,,Ungüento,Cuidado personal,Dermatología,SOLARES,361.15,,,https://gruporfp.vteximg.com.br/arquivos/ids/6999954/7501064550652_01.jpg,farmatodo,BACTROBAN UNGUENTO 15GR
FC-43110686,7501043110686,Betnovate Crema 0.10 g Tubo C,Etat Pur,40 g,,Crema,Cuidado personal,Dermatología,SOLARES,572.89,,,https://gruporfp.vteximg.com.br/arquivos/ids/7000118/7501043110686_01.jpg,farmatodo,BETNOVATE CREMA 40GR
FC-43110853,7501043110853,Betnovate Locion Suspension Capilar Frasco C,Etat Pur,50 ml,,Suspensión,Cuidado personal,Dermatología,SOLARES,514.89,,,https://gruporfp.vteximg.com.br/arquivos/ids/7000120/7501043110853_01.jpg,farmatodo,BETNOVATE LOCION CAPILAR 50ML
FC-43110778,7501043110778,Betnovate Locion Suspension Capilar Frasco C,Etat Pur,100 ml,,Suspensión,Cuidado personal,Dermatología,SOLARES,553.64,,,https://gruporfp.vteximg.com.br/arquivos/ids/7000119/7501043110778_01.jpg,farmatodo,BETNOVATE LOCION 100ML
FC-43112208,7501043112208,Cutivate Crema 0.05 g Tubo C,Etat Pur,30 g,,Crema,Cuidado personal,Dermatología,SOLARES,540.11,,,https://gruporfp.vteximg.com.br/arquivos/ids/7000123/7501043112208_01.jpg,farmatodo,CUTIVATE CREMA 30GR
FC-43111850,7501043111850,Dermatovate Crema 0.044 g Tubo C,Etat Pur,40 g,,Crema,Cuidado personal,Dermatología,SOLARES,669.59,,,https://gruporfp.vteximg.com.br/arquivos/ids/7000121/7501043111850_01.jpg,farmatodo,DERMATOVATE CREMA 40GR
FC-43111959,7501043111959,Dermatovate Ungüento 0.044 g Tubo C,Etat Pur,40 g,,Ungüento,Cuidado personal,Dermatología,SOLARES,735.01,,,https://gruporfp.vteximg.com.br/arquivos/ids/7000122/7501043111959_01.jpg,farmatodo,DERMATOVATE UNGUENTO 40GR
FC-27800183,7501027800183,Indoxyl Gel Tubo C,Etat Pur,30 g,,Gel,Cuidado personal,Dermatología,SOLARES,736.55,,,https://gruporfp.vteximg.com.br/arquivos/ids/7012036/7501027800183_01.jpg,farmatodo,INDOXYL GEL 30GR
FC-43149921,7501043149921,Neosporin Dermico Ungüento 30 g Tubo C,Etat Pur,30 g,,Ungüento,Cuidado personal,Dermatología,SOLARES,352.85,,,https://gruporfp.vteximg.com.br/arquivos/ids/7000112/7501043149921_01.jpg,farmatodo,NEOSPORIN DERMICO UNGUENTO 30GR
FC-00014395,4006000014395,Anti-Pigment Crema Corporal Exfoliante Anti-manchas,Eucerin,200 ml,,Crema,Cuidado personal,Dermatología,DESPIGMENTANTE,510.6,703.41,10+1,https://cdn.shopify.com/s/files/1/0088/1937/6188/files/Diseno_sin_titulo_3_d7a8c696-0eed-4faa-a57d-a611144d306a.png,dermaexpress,EUCERIN ANTI-PIGMENT CREMA CORPORAL 200ML
FC-00838841,4005900838841,Anti-Pigment Crema de manos anti-hiperpigmentación FPS 30,Eucerin,75 ml,FPS 30,Crema,Cuidado personal,Dermatología,DESPIGMENTANTE,380.24,532.36,10+1,https://cdn.shopify.com/s/files/1/0088/1937/6188/files/4005900838841_2_a761b5b8-56aa-4f27-bf99-5446ef02bb03.jpg,dermaexpress,EUCERIN ANTI PIGMENT MANOS 75ML
FC-00998385,4005900998385,Anti-Pigment Crema Facial Anti-ojeras,Eucerin,15 ml,,Crema,Cuidado personal,Dermatología,DESPIGMENTANTE,726.74,1012.43,10+1,https://cdn.shopify.com/s/files/1/0088/1937/6188/files/4005900998385_1.jpg,dermaexpress,EUCERIN ANTI-PIGMENT ANTI-OJERAS 15ML
FC-00559500,4005900559500,Anti-Pigment Crema facial de día anti-hiperpigmentación FPS 30,Eucerin,50 ml,FPS 30,Crema,Cuidado personal,Dermatología,DESPIGMENTANTE,767.7,1224.04,10+1,https://cdn.shopify.com/s/files/1/0088/1937/6188/files/4005900559500_1.jpg,dermaexpress,EUCERIN FPS30 CREMA ANTI-PIGMENTO 50ML
FC-00559517,4005900559517,Anti-Pigment Crema facial de noche anti-hiperpigmentación,Eucerin,50 ml,,Crema,Cuidado personal,Dermatología,ANTI-EDAD,767.7,1212.14,10+1,https://cdn.shopify.com/s/files/1/0088/1937/6188/files/4005900559517_1.jpg,dermaexpress,EUCERIN CREMA NOCHE NEW 50ML
FC-70066786,7319470066786,Anti-Pigment Dual Sérum Facial,Eucerin,30 ml,,,Cuidado personal,Dermatología,DESPIGMENTANTE,955.84,1567.1,10+1,https://cdn.shopify.com/s/files/1/0088/1937/6188/files/7319470066786_1.jpg,dermaexpress,EUCERIN SUERO DUAL ANTI-PIGMENTO 30ML
FC-00346583,4005800346583,Anti-Pigment Gel limpiador facial,Eucerin,200 ml,,Gel,Cuidado personal,Dermatología,DESPIGMENTANTE,409.48,608.84,10+1,https://cdn.shopify.com/s/files/1/0088/1937/6188/files/Diseno_sin_titulo_1_8bbdbc81-3ed9-48ef-93de-49b9e3e2bd30.png,dermaexpress,Eucerin Anti-Pigment Gel Limpiador Facial 200ml
FC-00014401,4006000014401,Anti-Pigment Sérum Corporal para Áreas Sensibles,Eucerin,75 ml,,,Cuidado personal,Dermatología,DESPIGMENTANTE,582.53,746.32,10+1,https://cdn.shopify.com/s/files/1/0088/1937/6188/files/Diseno_sin_titulo_2_3595fcef-82b5-44a0-91d1-4c4208acb18d.png,dermaexpress,EUCERIN ANTI-PIGMENT SERUM CORPORAL AREAS SENSIBLES 75ML
FC-00903273,4005900903273,Anti-Pigment Skin Perfecting Sérum de día y noche anti-hiperpigmentación,Eucerin,30 ml,,,Cuidado personal,Dermatología,DESPIGMENTANTE,812,1144.33,10+1,https://cdn.shopify.com/s/files/1/0088/1937/6188/files/4005900903273_1.jpg,dermaexpress,EUCERIN ANTI-PIGMENT OILY SKIN ULTRA LIGHT SERUM 30ML
FC-00559524,4005900559524,Anti-Pigment Spot Corrector anti-hiperpigmentación,Eucerin,5 ml,,,Cuidado personal,Dermatología,DESPIGMENTANTE,389.32,621.04,10+1,https://cdn.shopify.com/s/files/1/0088/1937/6188/files/4005900559524_1.jpg,dermaexpress,EUCERIN SPOT ANTI-PIGMENTO 5ML
FC-00268731,4005800268731,Aquaphor Bálsamo reparador de labios SOS,Eucerin,10 ml,,,Cuidado personal,Dermatología,EMOLIENTES,176.9,272.69,10+1,https://cdn.shopify.com/s/files/1/0088/1937/6188/files/4005800268731_1.jpg,dermaexpress,EUCERIN AQUAPHOR REPARACION LABIOS 10ML
FC-00136516,4006000136516,Aquaphor Pomada reparadora,Eucerin,88 ml,,Pomada,Cuidado personal,Dermatología,EMOLIENTES,350.32,514.97,10+1,https://cdn.shopify.com/s/files/1/0088/1937/6188/files/a222acf4-fa1d-4fd3-8770-0cb70882d21d.jpg,dermaexpress,EUCERIN AQUAPHOR POMADA REPARADORA 88ML
FC-00084508,4005800084508,Aquaphor Pomada reparadora tubo,Eucerin,50 ml,,Pomada,Cuidado personal,Dermatología,EMOLIENTES,247.79,394.72,10+1,https://cdn.shopify.com/s/files/1/0088/1937/6188/files/4005800084508_1_7c386ac7-7f0c-4768-9765-be54b01910fb.jpg,dermaexpress,EUCERIN AQUAPHOR 50ML
FC-54550037,7501054550037,Aquaphor Spray corporal reparador para piel seca,Eucerin,150 ml,,Spray,Cuidado personal,Dermatología,EMOLIENTES,426.2,602.97,10+1,https://cdn.shopify.com/s/files/1/0088/1937/6188/files/7501054550037_1.jpg,dermaexpress,EUCERIN AQUAPHOR SPRAY CORPORAL REPARADOR 150ML
FC-00802798,4005900802798,Atopic Control Balsamo,Eucerin,200 ml,,,Cuidado personal,Dermatología,EMOLIENTES,255.19,396.72,10+1,,,EUCERIN ATOPIC CONTROL BALSAMO 200ML
FC-00024481,4005800024481,Complete 5%,Eucerin,250 ml,,Crema,Cuidado personal,Dermatología,EMOLIENTES,351.86,603.77,10+1,,,EUCERIN COMPLETE 5% CREMA 250ML
FC-00045832,4006000045832,Crema anti-enrojecimiento calmante,Eucerin,50 ml,,Crema,Cuidado personal,Dermatología,ANTI-ROJECES,511.66,742.6,10+1,https://cdn.shopify.com/s/files/1/0088/1937/6188/files/Eucerin-Anti-Rojes-Crema-Facial-50-Ml-4006000045832-638533835533602859-1_1.jpg,dermaexpress,EUCERIN CREMA ANTI-ENROJECIMIENTO 50ML
FC-08583348,4005808583348,Dermatoclean Gel limpiador facial para piel normal a mixta,Eucerin,200 ml,,Gel,Cuidado personal,Dermatología,ACNE,364.9,566.02,10+1,https://cdn.shopify.com/s/files/1/0088/1937/6188/files/4005808583348_1.jpg,dermaexpress,EUCERIN DERMATOCLEAN GEL 200ML
FC-08583805,4005808583805,Dermatoclean Micellar,Eucerin,200 ml,,,Cuidado personal,Dermatología,ACNE,297.12,504.09,10+1,,,EUCERIN DERMATOCLEAN MICELLAR 200ML
FC-00180606,4005800180606,Dermopure,Eucerin,400 ml,,Gel,Cuidado personal,Dermatología,ACNE,438.46,734.73,10+1,,,EUCERIN DERMOPURE GEL 400ML
FC-00183602,4006000183602,DermoPure Clinical Mat Fluid Hidratante matificante,Eucerin,40 ml,,,Cuidado personal,Dermatología,ACNE,519.68,759,10+1,https://cdn.shopify.com/s/files/1/0088/1937/6188/files/4006000183602.jpg,dermaexpress,Eucerin DermoPURE Fluido Matificante   50ml
FC-00184913,4006000184913,Dermopure Clinical Peeling Renovador Anti-Imperfecciones,Eucerin,40 ml,,,Cuidado personal,Dermatología,ACNE,532.44,739,10+1,https://cdn.shopify.com/s/files/1/0088/1937/6188/files/4006000184913.jpg,dermaexpress,Eucerin DermoPURE Crema Acción Intensiva Noche 40ml
FC-00181981,4006000181981,Dermopure Clinical Triple Action Tratamiento Anti-Manchas,Eucerin,40 ml,,,Cuidado personal,Dermatología,ACNE,574.2,849,10+1,https://cdn.shopify.com/s/files/1/0088/1937/6188/files/4006000181981.jpg,dermaexpress,Eucerin DermoPURE Triple Effect Serum 40ml
FC-00180545,4005800180545,Dermopure Cover Stick,Eucerin,2.5 g,,,Cuidado personal,Dermatología,ACNE,336.2,534.98,10+1,,,EUCERIN DERMOPURE COVER STICK 2.5GR
FC-00436993,4005900436993,Dermopure Exfoliante para piel grasa y con tendencia acneica,Eucerin,100 ml,,,Cuidado personal,Dermatología,ACNE,356.12,567.85,10+1,https://cdn.shopify.com/s/files/1/0088/1937/6188/files/4005900436993_2.jpg,dermaexpress,EUCERIN DERMOPURE EXFOLIANTE 100ML
FC-00183558,4006000183558,DermoPure Gel Limpiador Concentrado Anti-Imperfecciones,Eucerin,150 ml,,Gel,Cuidado personal,Dermatología,ACNE,357.28,528.99,10+1,https://cdn.shopify.com/s/files/1/0088/1937/6188/files/7501258200011-2_94cec3f9-f6ce-4f4d-8a0a-9be2d9a042ca.png,dermaexpress,Eucerin Dermopure Triple Effect Cleansing Gel 150ML
FC-00436986,4005900436986,Dermopure Gel limpiador para piel grasa y con tendencia acneica,Eucerin,200 ml,,Gel,Cuidado personal,Dermatología,ACNE,357.28,585.29,10+1,https://cdn.shopify.com/s/files/1/0088/1937/6188/files/4005900436986_2.jpg,dermaexpress,EUCERIN DERMOPURE GEL 200ML
FC-00183619,4006000183619,DermoPure Hydra Repair Crema Hidratante Reparadora,Eucerin,40 ml,,Crema,Cuidado personal,Dermatología,ACNE,517.36,769,10+1,https://cdn.shopify.com/s/files/1/0088/1937/6188/files/7501258200011-2_3.jpg,dermaexpress,Dermopure Hydra Repair 40ml
FC-00075693,4006000075693,Dermopure Oil Control Gel limpiador,Eucerin,400 ml,,Gel,Cuidado personal,Dermatología,ACNE,472.78,686,10+1,https://cdn.shopify.com/s/files/1/0088/1937/6188/files/4006000075693.jpg,dermaexpress,EUCERIN DERMOPURE GEL LIMPIEZA CONCENTRADO 400ML
FC-00077734,4006000077734,Dermopure Triple Effect Crema corporal anti-imperfecciones,Eucerin,200 ml,,Crema,Cuidado personal,Dermatología,ACNE,472.78,686,10+1,https://cdn.shopify.com/s/files/1/0088/1937/6188/files/4006000077734_8d03ae4d-4e3d-4a90-ae3f-0127d27c68dc.jpg,dermaexpress,EUCERIN DERMOPURE TRIPLE EFFECT CREMA CORPORAL 200ML
FC-00728807,4005900728807,Elasticity+Filler Crema facial de día antiarrugas FPS 30,Eucerin,50 ml,FPS 30,Crema,Cuidado personal,Dermatología,ANTI-EDAD,835.2,1252.7,10+1,https://cdn.shopify.com/s/files/1/0088/1937/6188/files/4005900728807_1.jpg,dermaexpress,EUCERIN HYALURON FILLER ELASTICITY SPF30 DIA 50ML
FC-00324023,4005900324023,Elasticity+Filler Crema facial de noche antiarrugas,Eucerin,50 ml,,Crema,Cuidado personal,Dermatología,ANTI-EDAD,835.2,917.19,10+1,https://cdn.shopify.com/s/files/1/0088/1937/6188/files/Diseno_sin_titulo_5_f0f7b83a-d5e3-42aa-b620-cdd1b2c92b2c.png,dermaexpress,EUCERIN HF +ELASTICITY NIGHT CARE 50ml
FC-00274120,4005900274120,FPS 50+ Crema T/Claro,Eucerin,50 ml,FPS 50+,Crema,Cuidado personal,Dermatología,SOLARES,494.31,781.77,10+1,,,EUCERIN FPS50+ CREMA T/CLARO 50ML
FC-00264282,4005900264282,FPS 50+ Crema T/Medio,Eucerin,50 ml,FPS 50+,Crema,Cuidado personal,Dermatología,SOLARES,504.6,781.77,10+1,,,EUCERIN FPS50+ CREMA T/MEDIO 50ML
FC-00598684,4005900598684,Hyalluron Vit-C Booster,Eucerin,8 ml,,,Cuidado personal,Dermatología,ANTI-EDAD,498.8,738.57,10+1,,,EUCERIN HYALLURON VIT-C BOOSTER 8ML
FC-00014475,4005800014475,Hyaluron Dia Light,Eucerin,50 ml,,,Cuidado personal,Dermatología,ANTI-EDAD,734.28,1148.43,10+1,,,EUCERIN HYALURON DIA LIGHT 50ML
FC-00656063,4005900656063,Hyaluron Filler Booster Hidratante,Eucerin,30 ml,,,Cuidado personal,Dermatología,ANTI-EDAD,571.88,910.24,10+1,https://cdn.shopify.com/s/files/1/0088/1937/6188/files/4005900656063_2_f7c97c01-be27-4664-a3e8-2e8fc7e539fd.jpg,dermaexpress,EUCERIN HYALLURON FILLER HYDRATING 30ML
FC-00057670,4005800057670,Hyaluron Filler Contorno De Ojos,Eucerin,15 ml,,,Cuidado personal,Dermatología,ANTI-EDAD,609,964.28,10+1,https://cdn.shopify.com/s/files/1/0088/1937/6188/files/4005800057670_2_4acaeb81-6b38-4cb2-b4ac-a9564c80d3d1.jpg,dermaexpress,EUCERIN HYALURON OJOS 15ML
FC-00021930,4005800021930,Hyaluron Filler Día FPS 15,Eucerin,50 ml,FPS 15,,Cuidado personal,Dermatología,ANTI-EDAD,812.57,1273.35,10+1,https://cdn.shopify.com/s/files/1/0088/1937/6188/files/4005800021930_1_8019e5cf-100d-4548-a422-7019ccd4645d.jpg,dermaexpress,EUCERIN HYALURON DIA 50ML
FC-00516961,4005900516961,Hyaluron Filler Día FPS 30,Eucerin,50 ml,FPS 30,,Cuidado personal,Dermatología,ANTI-EDAD,818.09,1183.19,10+1,https://cdn.shopify.com/s/files/1/0088/1937/6188/files/4005900516961_2_5e09307f-8a86-47c3-aa96-930c83fd2f8b.jpg,dermaexpress,EUCERIN FPS30 HYALURON FILLER  50ML
FC-00942777,4005900942777,Hyaluron Filler Hydra Night,Eucerin,50 ml,,Gel,Cuidado personal,Dermatología,ANTI-EDAD,568.4,728.31,10+1,https://cdn.shopify.com/s/files/1/0088/1937/6188/files/4005900942777_2.jpg,dermaexpress,HYALURON FILLER 3X EFFECT ULTRA LIGHT 50ML
FC-03006913,7702003006913,Hyaluron Filler Instense Hydra,Eucerin,150 ml,,Spray,Cuidado personal,Dermatología,ANTI-EDAD,294.63,470.93,10+1,https://cdn.shopify.com/s/files/1/0088/1937/6188/files/7702003006913_1_949ef720-7e5b-4d32-b40f-847818edf576.jpg,dermaexpress,EUCERIN HYALLURON FILLER MIST 150ML
FC-00541031,4005900541031,Hyaluron Serum E. Peeling Noche,Eucerin,30 ml,,,Cuidado personal,Dermatología,ANTI-EDAD,801.1,1226.32,10+1,,,EUCERIN HYALURON SERUM E. PEELING NOCHE 30ML
FC-00269776,4005800269776,Hyaluron-Filler + Elasticity 3D Sérum antiarrugas,Eucerin,30 ml,,,Cuidado personal,Dermatología,ANTI-EDAD,953.52,1490,10+1,https://cdn.shopify.com/s/files/1/0088/1937/6188/files/4005800269776_1.jpg,dermaexpress,EUCERIN HYALURON FILLER ELASTICITY SERUM 30ML
FC-00650412,4005900650412,Hyaluron-Filler + Elasticity Crema contorno de ojos antiarrugas,Eucerin,15 ml,,Crema,Cuidado personal,Dermatología,ANTI-EDAD,777.2,1190.42,10+1,https://cdn.shopify.com/s/files/1/0088/1937/6188/files/4005900650412_1.jpg,dermaexpress,EUCERIN HYALURON FILLER ELASTICITY OJOS 15ML
FC-00194189,4006000194189,Hyaluron-Filler 3x Effect Serum Reafirmante Antiedad,Eucerin,30 ml,,,Cuidado personal,Dermatología,ANTI-EDAD,672.8,998.99,10+1,https://cdn.shopify.com/s/files/1/0088/1937/6188/files/7501258200011-2_834cb725-3d2c-48c7-ab2c-13ace85d4e47.jpg,dermaexpress,Eucerin Hyaluron Filler Serum Reafirmante 30ml
FC-00634864,4005800634864,Hyaluron-Filler Crema facial antiarrugas de noche,Eucerin,50 ml,,Crema,Cuidado personal,Dermatología,ANTI-EDAD,812.57,1303.71,10+1,https://cdn.shopify.com/s/files/1/0088/1937/6188/files/4005800634864_2.jpg,dermaexpress,EUCERIN HYALURON NOCHE 50ML
FC-00077000,4006000077000,Hyaluron-Filler Epigenetic Sérum rejuvenecedor facial,Eucerin,30 ml,,,Cuidado personal,Dermatología,ANTI-EDAD,943.32,1368.94,10+1,https://cdn.shopify.com/s/files/1/0088/1937/6188/files/4006000077000.png,dermaexpress,HYALURON FILLER EPIGENETIC SERUM 30ML
FC-54550211,7501054550211,Hyaluron-Filler Pore Minimizer Skin Refiner Sérum facial antiarrugas,Eucerin,30 ml,,,Cuidado personal,Dermatología,ANTI-EDAD,742.4,1036.56,10+1,https://cdn.shopify.com/s/files/1/0088/1937/6188/files/7501054550211_2.jpg,dermaexpress,EUCERIN HYALURON FILLER PORE REFINER SERUM 30ML
FC-00204975,4005800204975,Locion Ligera,Eucerin,400 ml,,,Cuidado personal,Dermatología,EMOLIENTES,330.6,535.91,10+1,,,EUCERIN LOCION LIGERA 400ML
FC-00140906,4005900140906,Oil Control Protector Solar para piel grasa y sensible FPS 50+,Eucerin,50 ml,FPS 50+,,Cuidado personal,Dermatología,SOLARES,490.68,795.43,10+1,https://cdn.shopify.com/s/files/1/0088/1937/6188/files/4005900140906_2.jpg,dermaexpress,EUCERIN FPS50+ OIL CONTROL 50ML
FC-00242729,4006000242729,Oil Control Serum Ultra Light SPF50 Protector Solar Facial,Eucerin,30 ml,,,Cuidado personal,Dermatología,SOLARES,460.52,699,10+1,https://cdn.shopify.com/s/files/1/0088/1937/6188/files/4006000242729-8.avif,dermaexpress,EUCERIN OIL CONTROL SERUM ULTRA LIGHT SPF50 30ML
FC-54530398,7501054530398,pH5 Aceite de ducha para piel seca y sensible,Eucerin,200 ml,,,Cuidado personal,Dermatología,EMOLIENTES,284.2,453.05,10+1,https://cdn.shopify.com/s/files/1/0088/1937/6188/files/7501054530398_2.jpg,dermaexpress,EUCERIN ACEITE DUCHA 200ML
FC-00122069,4006000122069,pH5 Aceite-Gel de ducha para piel seca y sensible,Eucerin,400 ml,,Gel,Cuidado personal,Dermatología,EMOLIENTES,279.03,410.98,10+1,https://cdn.shopify.com/s/files/1/0088/1937/6188/files/Diseno_sin_titulo_ad4fef6f-7eb6-4636-a431-9017f8189481.png,dermaexpress,Eucerin pH5 Aceite y Gel de ducha 400 ml
FC-54548829,7501054548829,pH5 Advanced Repair Crema corporal para piel seca,Eucerin,450 ml,,Crema,Cuidado personal,Dermatología,EMOLIENTES,415.28,649.78,10+1,https://cdn.shopify.com/s/files/1/0088/1937/6188/files/7501054548829_2.jpg,dermaexpress,EUCERIN ADVANCED REPAIR 450GR
FC-54540731,7501054540731,pH5 Crema corporal intensiva para piel seca y sensible,Eucerin,450 ml,,Crema,Cuidado personal,Dermatología,EMOLIENTES,388.6,635.09,10+1,https://cdn.shopify.com/s/files/1/0088/1937/6188/files/7501054540731_2.jpg,dermaexpress,EUCERIN CREMA INTENSIVA 450ML
FC-00630958,4005800630958,pH5 Jabón de higiene íntima para piel sensible,Eucerin,250 ml,,,Cuidado personal,Dermatología,EMOLIENTES,259.84,424.92,10+1,https://cdn.shopify.com/s/files/1/0088/1937/6188/files/4005800630958_2.jpg,dermaexpress,EUCERIN HIGIENE INTIMA 250ML
FC-00951526,4005900951526,pH5 Light Gel Crema para piel seca y sensible,Eucerin,200 ml,,Crema,Cuidado personal,Dermatología,EMOLIENTES,193.72,262.21,10+1,https://cdn.shopify.com/s/files/1/0088/1937/6188/files/4005900951526_2.jpg,dermaexpress,EUCERIN PH5 CREMA TUBO 200ML
FC-00239656,4005800239656,pH5 Loción corporal hidratante para piel seca y sensible,Eucerin,100 ml,,,Cuidado personal,Dermatología,EMOLIENTES,182.29,293.57,10+1,https://cdn.shopify.com/s/files/1/0088/1937/6188/files/4005800239656_2.jpg,dermaexpress,EUCERIN CREMA LIQUIDA 100ML
FC-54530107,7501054530107,pH5 Loción corporal hidratante para piel seca y sensible,Eucerin,250 ml,,,Cuidado personal,Dermatología,EMOLIENTES,305.56,517.82,10+1,https://cdn.shopify.com/s/files/1/0088/1937/6188/files/7501054530107_2.jpg,dermaexpress,EUCERIN CREMA LIQUIDA 250ML
FC-54530480,7501054530480,pH5 Loción corporal hidratante para piel seca y sensible,Eucerin,400 ml,,,Cuidado personal,Dermatología,EMOLIENTES,377,637.72,10+1,https://cdn.shopify.com/s/files/1/0088/1937/6188/files/7501054530480_2_9169f6c4-06b4-48cb-b9b8-c900f8d3362f.jpg,dermaexpress,EUCERIN CREMA LIQUIDA 400ML
FC-00631702,4005800631702,pH5 Protector labial para piel seca y sensible FPS 20,Eucerin,4.8 g,FPS 20,,Cuidado personal,Dermatología,EMOLIENTES,95.12,151.03,10+1,https://cdn.shopify.com/s/files/1/0088/1937/6188/files/4005800631702_2.jpg,dermaexpress,EUCERIN STICK 4.8GR
FC-00178375,4005800178375,pH5 Syndet Gel de baño para piel sensible,Eucerin,400 ml,,Gel,Cuidado personal,Dermatología,EMOLIENTES,266.8,378.54,10+1,https://cdn.shopify.com/s/files/1/0088/1937/6188/files/4005800178375_2.jpg,dermaexpress,EUCERIN SYNDET GEL DUCHA 400ML
FC-00241901,4005800241901,Pigment Control Protector Solar Anti-manchas FPS 50+,Eucerin,50 ml,FPS 50+,,Cuidado personal,Dermatología,SOLARES,510.4,713.5,10+1,https://cdn.shopify.com/s/files/1/0088/1937/6188/files/4005800241901_2.jpg,dermaexpress,EUCERIN FPS50+ PIGMENT CONTROL 50ML
FC-00902566,4005900902566,Pigment Control Protector solar anti-manchas tono claro FPS 50+,Eucerin,50 ml,FPS 50+,,Cuidado personal,Dermatología,DESPIGMENTANTE,512.11,743.27,10+1,https://cdn.shopify.com/s/files/1/0088/1937/6188/files/4005900902566.jpg,dermaexpress,EUCERIN PIGMENT CONTROL TINTED TONO CLARO 50ML
FC-00906083,4005900906083,Pigment Control Protector solar anti-manchas tono medio FPS 50+,Eucerin,50 ml,FPS 50+,,Cuidado personal,Dermatología,DESPIGMENTANTE,512.11,743.27,10+1,https://cdn.shopify.com/s/files/1/0088/1937/6188/files/4005900906083.jpg,dermaexpress,EUCERIN PIGMENT CONTROL TINTED TONO MEDIO 50ML
FC-00265227,4005900265227,Sun Fluido facial anti-edad FPS 50+,Eucerin,50 ml,FPS 50+,Fluido,Cuidado personal,Dermatología,SOLARES,526.64,721.21,10+1,https://cdn.shopify.com/s/files/1/0088/1937/6188/files/4005900265227_2.jpg,dermaexpress,EUCERIN FPS50 FLUIDO ANTI-EDAD 50ML
FC-00266409,4005800266409,Sun Gel-Crema corporal Oil Control FPS 50+,Eucerin,200 ml,FPS 50+,Crema,Cuidado personal,Dermatología,SOLARES,564.92,915.11,10+1,https://cdn.shopify.com/s/files/1/0088/1937/6188/files/10cb6643-e7c6-44c3-a2f6-500c8844088e.jpg,dermaexpress,EUCERIN FPS50+ TOQUE SECO 200ML
FC-00994776,4005900994776,Sun Hydro Fluid FPS 50+ Protector Solar Facial Ligero,Eucerin,50 ml,FPS 50+,,Cuidado personal,Dermatología,SOLARES,441.96,596.49,10+1,https://cdn.shopify.com/s/files/1/0088/1937/6188/files/4005900994776_2.jpg,dermaexpress,EUCERIN SUN HYDRO PROTEC ULTRA LIGHT FLUID 50ML
FC-00127040,4006000127040,Sun Hydrofluid Bronze SPF50+,Eucerin,50 ml,,,Cuidado personal,Dermatología,SOLARES,442.6,654.37,10+1,https://cdn.shopify.com/s/files/1/0088/1937/6188/files/4006000127040_2.jpg,dermaexpress,Eucerin Sun Hydro Fluid Tinted Brown t FPS 50+
FC-00127026,4006000127026,Sun Hydrofluid Light Protector solar FPS 50+,Eucerin,50 ml,FPS 50+,,Cuidado personal,Dermatología,SOLARES,442.6,654.37,10+1,https://cdn.shopify.com/s/files/1/0088/1937/6188/files/4006000127026_2.jpg,dermaexpress,Eucerin Sun Hydro Fluid Tinted Light FPS 50+
FC-00127033,4006000127033,Sun Hydrofluid Medium Protector solar FPS 50+,Eucerin,50 ml,FPS 50+,,Cuidado personal,Dermatología,SOLARES,442.6,654.37,10+1,https://cdn.shopify.com/s/files/1/0088/1937/6188/files/4006000127033_2.jpg,dermaexpress,Eucerin Sun Hydro Fluid Tinted Medium t FPS 50+
FC-00996169,4005900996169,Sun Kids Protector solar para niños FPS 50+,Eucerin,200 ml,FPS 50+,,Cuidado personal,Dermatología,SOLARES,474.3,692.2,10+1,https://cdn.shopify.com/s/files/1/0088/1937/6188/files/59331aee-614e-44f6-8379-9370b2907ab1.jpg,dermaexpress,EUCERIN SUN KIDS GEL CREMA DRY TOUCH SPF50 200ML
FC-00839626,4005900839626,Sun Oil Control Protector solar FPS 50+ tono claro para piel grasa,Eucerin,50 ml,FPS 50+,,Cuidado personal,Dermatología,SOLARES,491.84,754.05,10+1,https://cdn.shopify.com/s/files/1/0088/1937/6188/files/4005900839626_2.jpg,dermaexpress,EUCERIN SPF50+ OIL CONTROL T/CLARO 50ML
FC-00839633,4005900839633,Sun Oil Control Protector solar FPS 50+ tono medio para piel grasa,Eucerin,50 ml,FPS 50+,,Cuidado personal,Dermatología,SOLARES,491.84,754.05,10+1,https://cdn.shopify.com/s/files/1/0088/1937/6188/products/4005900839633_1.jpg,dermaexpress,EUCERIN SPF50+ OIL CONTROL T/MEDIO 50ML
FC-00169563,4005900169563,Sun Protector solar corporal en spray para piel sensible FPS 50+,Eucerin,50 ml,FPS 50+,Spray,Cuidado personal,Dermatología,SOLARES,567.24,878.04,10+1,https://cdn.shopify.com/s/files/1/0088/1937/6188/files/b9a74d5f-5222-49a5-80f4-4e4c09e5070f.jpg,dermaexpress,EUCERIN FPS50 SPRAY T/SECO 200ML
FC-00066061,4005800066061,Sun Protector solar corporal textura extra ligera FPS 50+,Eucerin,150 ml,FPS 50+,,Cuidado personal,Dermatología,SOLARES,503.75,782.57,10+1,https://cdn.shopify.com/s/files/1/0088/1937/6188/products/4005800066061_1.jpg,dermaexpress,EUCERIN FPS50 LOCION 150ML
FC-00024139,4005800024139,Urea Repair Crema 0.1 Botella C,Eucerin,250 ml,,Crema,Cuidado personal,Dermatología,EMOLIENTES,347.88,609.96,10+1,https://gruporfp.vteximg.com.br/arquivos/ids/5133551/4005800024139_01.jpg,farmatodo,EUCERIN COMPLETE 10% CREMA 250ML
FC-00164361,4005800164361,Urea Repair Loción corporal 10%,Eucerin,400 ml,,,Cuidado personal,Dermatología,EMOLIENTES,495.15,643.05,10+1,https://cdn.shopify.com/s/files/1/0088/1937/6188/files/4005800164361_2.jpg,dermaexpress,EUCERIN UREA REAPIR 10% 400ML
FC-15500037,7503015500037,10 Suave Crema hidratante líquida para piel seca,Euderma,120 g,,Crema,Cuidado personal,Dermatología,EMOLIENTE,197.52,329.2,,https://cdn.shopify.com/s/files/1/0088/1937/6188/products/7503015500037.jpg,dermaexpress,EUDERMA 10 SUAVE 120GR
FC-15500044,7503015500044,20 Plus Crema reparadora intensiva,Euderma,120 g,,Crema,Cuidado personal,Dermatología,EMOLIENTE,214.92,358.19,,https://cdn.shopify.com/s/files/1/0088/1937/6188/products/Adaptaciones-31.jpg,dermaexpress,EUDERMA 20 PLUS 120GR
FC-15500006,7503015500006,Alquisalic Shampoo para cabello graso,Euderma,240 ml,,,Cuidado personal,Dermatología,CAPILARES,229.24,382.06,,https://cdn.shopify.com/s/files/1/0088/1937/6188/products/7503015500006.jpg,dermaexpress,ALQUISALIC SHAMPOO 240ML
FC-15500013,7503015500013,BN-SN Protector solar,Euderma,100 g,,,Cuidado personal,Dermatología,CAPILARES,343.86,573.09,,https://cdn.shopify.com/s/files/1/0088/1937/6188/products/Adaptaciones-30.jpg,dermaexpress,BAN SUN 120GR
FC-15500020,7503015500020,Cliniderm Crema dermolimpiadora desmaquillante,Euderma,240 ml,,Crema,Cuidado personal,Dermatología,LIMPIADORES,185.17,308.62,,https://cdn.shopify.com/s/files/1/0088/1937/6188/products/7503015500020.jpg,dermaexpress,CLINIDERM 240ML
FC-15500273,7503015500273,E&L Contorno de ojos antiedad,Euderma,30 ml,,,Cuidado personal,Dermatología,ANTIEDAD,442.8,738.01,,https://cdn.shopify.com/s/files/1/0088/1937/6188/products/Adaptaciones-29.jpg,dermaexpress,EUDERMA CONTORNO DE OJOS 30ML
FC-15500280,7503015500280,E&L gel facial antiedad,Euderma,50 ml,,Gel,Cuidado personal,Dermatología,ANTIEDAD,518.33,863.88,,https://cdn.shopify.com/s/files/1/0088/1937/6188/products/Adaptaciones-27.jpg,dermaexpress,EUDERMA GEL FACIAL ANTIEDAD 50ML
FC-15500297,7503015500297,E&L Loción capilar anticaída,Euderma,125 ml,,,Cuidado personal,Dermatología,CAPILARES,457.34,762.23,,https://cdn.shopify.com/s/files/1/0088/1937/6188/products/7503015500297.jpg,dermaexpress,EUDERMA LOCION CAPILAR 125ML
FC-15500112,7503015500112,E&L Mascarilla astringente y limpiadora,Euderma,90 g,,,Cuidado personal,Dermatología,LIMPIADORES,190.93,318.21,,https://cdn.shopify.com/s/files/1/0088/1937/6188/products/Adaptaciones-46.jpg,dermaexpress,MASKARILLA E&L 90GR
FC-15500198,7503015500198,Euarbutin Crema despigmentante,Euderma,30 g,,Crema,Cuidado personal,Dermatología,DESPIGMENTANTES,362.39,603.98,,https://cdn.shopify.com/s/files/1/0088/1937/6188/products/7503015500198.jpg,dermaexpress,EUARBUTIN CREMA 30GR
FC-15500211,7503015500211,Eudermin Jabón líquido emoliente,Euderma,240 ml,,,Cuidado personal,Dermatología,LIMPIADORES,235.28,392.14,,https://cdn.shopify.com/s/files/1/0088/1937/6188/products/Eudermin_de_frente.jpg,dermaexpress,EUDERMIN SUAVEDERM
FC-15500051,7503015500051,Gel Frutal Despigmentante,Euderma,30 ml,,Gel,Cuidado personal,Dermatología,DESPIGMENTANTES,197.52,329.2,,,,GEL FRUTAL DESPIGMENTANTE 30ML
FC-15500082,7503015500082,Glicoexfol Crema anti-envejecimiento al 10%,Euderma,60 g,,Crema,Cuidado personal,Dermatología,EXFOLIANTES,178.34,297.24,,https://cdn.shopify.com/s/files/1/0088/1937/6188/products/Adaptaciones-50.jpg,dermaexpress,GLICOEXFOL 10% CREMA 60GR
FC-15500099,7503015500099,Glicoexfol Crema exfoliante al 20%,Euderma,60 g,,Crema,Cuidado personal,Dermatología,EXFOLIANTES,301.96,503.26,,https://cdn.shopify.com/s/files/1/0088/1937/6188/products/Adaptaciones-45_2c2ee568-6e27-4946-bc28-96d1652d611b.jpg,dermaexpress,GLICOEXFOL 20% CREMA 60GR
FC-15500075,7503015500075,Glicoexfol Exfoliante en gránulos,Euderma,120 g,,,Cuidado personal,Dermatología,EXFOLIANTES,196.52,327.53,,https://cdn.shopify.com/s/files/1/0088/1937/6188/products/7503015500075.jpg,dermaexpress,GLICOEXFOL GRANULOS 120GR
FC-15500105,7503015500105,Glicoexfol Loción limpiadora,Euderma,60 ml,,,Cuidado personal,Dermatología,EXFOLIANTES,165.66,276.1,,https://cdn.shopify.com/s/files/1/0088/1937/6188/products/Adaptaciones-48.jpg,dermaexpress,GLICOEXFOL LOCION 60ML
FC-15500068,7503015500068,Glicogel Gel auxiliar para tratamiento del acné,Euderma,60 g,,Gel,Cuidado personal,Dermatología,EXFOLIANTES,197.52,329.2,,https://cdn.shopify.com/s/files/1/0088/1937/6188/products/Adaptaciones-49.jpg,dermaexpress,GLICOGEL 60GR
FC-15500174,7503015500174,Hidrapiel E crema con protección solar FPS 30,Euderma,60 ml,FPS 30,Crema,Cuidado personal,Dermatología,ANTIEDAD,227.38,378.96,,https://cdn.shopify.com/s/files/1/0088/1937/6188/products/Adaptaciones-28.jpg,dermaexpress,HIDRAPIEL E CREMA 60ML
FC-15500181,7503015500181,Nutrapiel Crema emoliente para piel sensible y atópica,Euderma,120 g,,Crema,Cuidado personal,Dermatología,EMOLIENTE,397.39,662.32,,https://cdn.shopify.com/s/files/1/0088/1937/6188/products/7503015500181.jpg,dermaexpress,NUTRAPIEL CREMA 120GR
FC-15500136,7503015500136,Pirizinc Shampoo anticaspa,Euderma,120 ml,,,Cuidado personal,Dermatología,CAPILARES,229.24,382.07,,https://cdn.shopify.com/s/files/1/0088/1937/6188/products/Adaptaciones-52.jpg,dermaexpress,PIRIZINC 120ML
FC-15500228,7503015500228,Protecsol E fotoprotector pediátrico,Euderma,100 ml,,,Cuidado personal,Dermatología,CAPILARES,357.63,596.06,,https://cdn.shopify.com/s/files/1/0088/1937/6188/products/7503015500228.jpg,dermaexpress,PROTECSOL E PEQUES 100ML
FC-15500143,7503015500143,Protecsol E Protector solar para todo tipo de piel,Euderma,100 g,,,Cuidado personal,Dermatología,CAPILARES,395.66,659.44,,https://cdn.shopify.com/s/files/1/0088/1937/6188/products/Adaptaciones-54.jpg,dermaexpress,PROTECSOL-E FPS 50+ 100GR
FC-02462136,7502002462136,Anacastel 5% Minoxidil solución para crecimiento capilar,Farmapiel,60 ml,,Solución,Cuidado personal,Dermatología,MEDICAMENTO,198.64,346.84,10+1,https://cdn.shopify.com/s/files/1/0088/1937/6188/files/AnacastelMnoxidil5.jpg,dermaexpress,ANACASTEL 5% MINOXIDIL SOLUCION 60ML
FC-02461894,7502002461894,Bpollen Duo,Farmapiel,15 Sobres,,Sobres,Cuidado personal,Dermatología,MEDICAMENTO,297.48,447.78,10+1,,,BPOLLEN DUO 15 SOBRES
FC-02461313,7502002461313,Bpollen Duo Gel 0.015 Frasco C,Farmapiel,30 g,,Gel,Cuidado personal,Dermatología,MEDICAMENTO,543.22,817.68,10+1,https://gruporfp.vteximg.com.br/arquivos/ids/6997693/7502002461313_01.jpg,farmatodo,BPOLLEN DUO GEL 30GR
FC-02461290,7502002461290,Bpollen Gel 2.5% antiimperfecciones,Farmapiel,60 g,,Gel,Cuidado personal,Dermatología,MEDICAMENTO,186.02,280,10+1,https://cdn.shopify.com/s/files/1/0088/1937/6188/products/7502002461290_6104342f-1a3e-4c5e-a791-0e7beca2bd55.jpg,dermaexpress,BPOLLEN GEL 2.5% 60GR
FC-02461306,7502002461306,Bpollen Gel 5% antiimperfecciones,Farmapiel,60 g,,Gel,Cuidado personal,Dermatología,MEDICAMENTO,182.69,275,10+1,https://cdn.shopify.com/s/files/1/0088/1937/6188/files/BPO5_4.jpg,dermaexpress,BPOLLEN GEL 5% 60GR
FC-02460095,7502002460095,Cicafarm K Crema cicatrizante,Farmapiel,30 g,,Crema,Cuidado personal,Dermatología,CICATRIZANTES,564.03,849,10+1,https://cdn.shopify.com/s/files/1/0088/1937/6188/products/7502002460095.jpg,dermaexpress,CICAFARM K CREMA 30GR
FC-02460125,7502002460125,"Cicafarm Quemaduras, crema regeneradora",Farmapiel,100 g,,Crema,Cuidado personal,Dermatología,CICATRIZANTES,657.7,990,10+1,https://cdn.shopify.com/s/files/1/0088/1937/6188/products/7502002460125.jpg,dermaexpress,CICAFARM QUEMADURAS 100GR
FC-02461597,7502002461597,Coramantine Crema para piel alérgica,Farmapiel,30 g,,Crema,Cuidado personal,Dermatología,MEDICAMENTO,190.76,287.14,10+1,https://cdn.shopify.com/s/files/1/0088/1937/6188/products/CORAMANTINE_1.jpg,dermaexpress,CORAMANTINE CREMA 30GR
FC-02461085,7502002461085,Dermatopic Crema humectante,Farmapiel,250 g,,Crema,Cuidado personal,Dermatología,EMOLIENTE,192.66,290,10+1,https://cdn.shopify.com/s/files/1/0088/1937/6188/products/7502002461085.jpg,dermaexpress,DERMATOPIC CREMA 250GR
FC-02461580,7502002461580,Dermatopic Crema humectante,Farmapiel,500 g,,Crema,Cuidado personal,Dermatología,EMOLIENTE,318.88,480,10+1,https://cdn.shopify.com/s/files/1/0088/1937/6188/products/7502002461580.jpg,dermaexpress,DERMATOPIC CREMA 500GR
FC-02463300,7502002463300,Hibiteron Finasterida 1 mg,Farmapiel,60 tabletas,1 mg,Tabletas,Cuidado personal,Dermatología,LANZAMIENTOS 2026,1285.64,1935.2,10+1,,,HIBITERON FINASTERIDA 1MG 60 TABS
FC-02461801,7502002461801,Lasmaskin 2% Crema despigmentante,Farmapiel,30 g,,Crema,Cuidado personal,Dermatología,DESPIGMENTANTES,302.24,454.94,10+1,https://cdn.shopify.com/s/files/1/0088/1937/6188/products/7502002461801.jpg,dermaexpress,LASMASKIN 2% CREMA 30GR
FC-02461818,7502002461818,Lasmaskin 4% Crema despigmentante,Farmapiel,30 g,,Crema,Cuidado personal,Dermatología,DESPIGMENTANTES,350.22,527.16,10+1,https://cdn.shopify.com/s/files/1/0088/1937/6188/products/LASMASKIN4_1.jpg,dermaexpress,LASMASKIN 4% CREMA 30GR
FC-02461931,7502002461931,Lievricin-D 100 mg,Farmapiel,C/15 Capsulas,100 mg,Cápsulas,Cuidado personal,Dermatología,MEDICAMENTO,305.66,460.09,10+1,,,LIEVRICIN-D 100MG C/15 CAPSULAS
FC-02461948,7502002461948,Lievricin-D 100 mg Caja,Farmapiel,C/28 Capsulas,100 mg,Cápsulas,Cuidado personal,Dermatología,MEDICAMENTO,433.41,652.4,10+1,https://gruporfp.vteximg.com.br/arquivos/ids/7012589/7502002461948_01.jpg,farmatodo,LIEVRICIN-D 100MG C/28 CAPSULAS
FC-02461924,7502002461924,Lievricin-D 50 mg,Farmapiel,C/28 Capsulas,50 mg,Cápsulas,Cuidado personal,Dermatología,MEDICAMENTO,407.54,613.45,10+1,,,LIEVRICIN-D 50MG C/28 CAPSULAS
FC-02460767,7502002460767,Meladermic Advanced Suero facial despigmentante C/56,Farmapiel,2 ml,,,Cuidado personal,Dermatología,DESPIGMENTANTES,689.82,1038.35,10+1,https://cdn.shopify.com/s/files/1/0088/1937/6188/products/7502002460767.jpg,dermaexpress,MELADERMIC ADVANCED SUERO 56X0.2ML
FC-02460033,7502002460033,Meladermic Crema de día despigmentante piel normal,Farmapiel,25 g,,Crema,Cuidado personal,Dermatología,DESPIGMENTANTES,411.89,620,10+1,https://cdn.shopify.com/s/files/1/0088/1937/6188/products/7502002460033.jpg,dermaexpress,MELADERMIC DIA 25GR
FC-02460040,7502002460040,Meladermic Crema de noche despigmentante piel normal,Farmapiel,25 g,,Crema,Cuidado personal,Dermatología,DESPIGMENTANTES,391.96,590,10+1,https://cdn.shopify.com/s/files/1/0088/1937/6188/products/7502002460040.jpg,dermaexpress,MELADERMIC NOCHE 25GR
FC-02460071,7502002460071,Meladermic Energy Crema facial despigmentante,Farmapiel,50 g,,Crema,Cuidado personal,Dermatología,DESPIGMENTANTES,930.08,1400,10+1,https://cdn.shopify.com/s/files/1/0088/1937/6188/products/7502002460071_1.jpg,dermaexpress,MELADERMIC ENERGY 50GR
FC-02460064,7502002460064,Meladermic Manos y cuerpo Crema despigmentante,Farmapiel,150 g,,Crema,Cuidado personal,Dermatología,DESPIGMENTANTES,790.56,1190,10+1,https://cdn.shopify.com/s/files/1/0088/1937/6188/products/7502002460064_1.jpg,dermaexpress,MELADERMIC MAN/CUERPO 150GR
FC-02461283,7502002461283,Meladermic Total FPS 50+ Suero facial despigmentante,Farmapiel,30 g,FPS 50+,,Cuidado personal,Dermatología,DESPIGMENTANTES,623.81,939,10+1,https://cdn.shopify.com/s/files/1/0088/1937/6188/products/7502002461283_94bc0f39-b741-4bcb-9d35-7bd2acce43f8.jpg,dermaexpress,MELADERMIC FPS50+ TOTAL 30GR
FC-15500129,7503015500129,Met-,Farmapiel,30 g,,Gel,Cuidado personal,Dermatología,TRATAMIENTO,197.52,329.2,10+1,,,MET-GEL 30GR
FC-02460422,7502002460422,Optigel Contorno de ojos con té verde,Farmapiel,15 g,,,Cuidado personal,Dermatología,ANTI-EDAD,643.74,968.99,10+1,https://cdn.shopify.com/s/files/1/0088/1937/6188/products/7502002460422.jpg,dermaexpress,OPTIGEL GEL DESCONG.P/BOLSAS Y OJERAS 15GR
FC-02462174,7502002462174,Optigel Pen Gel contorno ocular,Farmapiel,15 g,,Gel,Cuidado personal,Dermatología,ANTI-EDAD,484.3,729,10+1,https://cdn.shopify.com/s/files/1/0088/1937/6188/products/OPTIGELPENCONTORNO_1.jpg,dermaexpress,OPTIGEL PEN CONTORNO OCULAR 15GR
FC-02462495,7502002462495,Pack Minoxidil 5% Solucion Topica Caja C/2 Frasco de 60 ml c/u,Farmapiel,,,Solución,Cuidado personal,Dermatología,MEDICAMENTO,331.51,578.84,10+1,https://gruporfp.vteximg.com.br/arquivos/ids/7011892/7502002462495_01.jpg,farmatodo,PACK- 2 PIEZAS ANACASTEL 5% MINOXIDIL SOLUCION 60ML
FC-02460682,7502002460682,"Perfect Main Cells Cream 30/45, hidratante anti-edad",Farmapiel,50 g,,,Cuidado personal,Dermatología,ANTI-EDAD,857,1290,10+1,https://cdn.shopify.com/s/files/1/0088/1937/6188/products/7502002460682.jpg,dermaexpress,BIO CELLULAR 30/45 CREAM 50GR
FC-02460705,7502002460705,Perfect Main Cells Cream FPS 50+ Ideal para pieles maduras,Farmapiel,50 g,FPS 50+,,Cuidado personal,Dermatología,ANTI-EDAD,857,1290,10+1,https://cdn.shopify.com/s/files/1/0088/1937/6188/products/7502002460705.jpg,dermaexpress,INTELLIGENT CELLS +45 CREAM 50GR
FC-02460712,7502002460712,Perfect Main Cells Ojos +45 Gel contorno de ojos antiedad,Farmapiel,15 g,,Gel,Cuidado personal,Dermatología,ANTI-EDAD,657.7,990,10+1,https://cdn.shopify.com/s/files/1/0088/1937/6188/products/7502002460712_1.jpg,dermaexpress,CELLS OJOS +45 GEL 15GR
FC-02460699,7502002460699,"Perfect Main Cells, gel Contorno de ojos 30/45",Farmapiel,15 g,,Gel,Cuidado personal,Dermatología,ANTI-EDAD,657.7,990,10+1,https://cdn.shopify.com/s/files/1/0088/1937/6188/products/7502002460699.jpg,dermaexpress,CELLS OJOS 30/45 GEL 15GR
FC-02461849,7502002461849,Pirovate Clobetasol Crema 0.05% airless,Farmapiel,30 g,,Crema,Cuidado personal,Dermatología,MEDICAMENTO,351.1,528.5,10+1,https://cdn.shopify.com/s/files/1/0088/1937/6188/products/PIROVATE.jpg,dermaexpress,PIROVATE CLOBETASOL CREMA 0.05% AIRLESS 30GR
FC-02462297,7502002462297,Sérum facial Ácido Hialurónico hidratante antiedad,Farmapiel,30 ml,,,Cuidado personal,Dermatología,ANTI-EDAD,391.96,590,10+1,https://cdn.shopify.com/s/files/1/0088/1937/6188/products/Hialuroinico_1200x1200Dermaexpress.jpg,dermaexpress,SUERO ACIDO HIALURONICO 30ML
FC-02462181,7502002462181,Skindry Ant. Sol.,Farmapiel,35 ml,,,Cuidado personal,Dermatología,ANTI-TRANSPIRANTES,432.87,651.57,10+1,,,SKINDRY ANT. SOL. 35ML
FC-02462198,7502002462198,Skindry Sensitive Sol,Farmapiel,35 ml,,,Cuidado personal,Dermatología,ANTI-TRANSPIRANTES,432.87,651.57,10+1,,,SKINDRY SENSITIVE SOL 35ML
FC-02463324,7502002463324,Skinpro Age Repair Gel FPS 30,Farmapiel,50 g,FPS 30,Gel,Cuidado personal,Dermatología,LANZAMIENTOS 2026,499.99,780,10+1,,,SKINPRO AGE REPAIR GEL FPS30 50G
FC-02463331,7502002463331,Skinpro Oil Control Gel FPS 30,Farmapiel,50 g,FPS 30,Gel,Cuidado personal,Dermatología,LANZAMIENTOS 2026,420,600,10+1,,,SKINPRO OIL CONTROL GEL FPS30 50G
FC-02463232,7502002463232,Sodimel S,Farmapiel,60 cápsulas,,Cápsulas,Cuidado personal,Dermatología,ANTI-EDAD,1119.76,1685.51,10+1,,,SODIMEL S 60 CAPS
FC-02461061,7502002461061,Sodimel Suero facial antioxidante,Farmapiel,30 g,,,Cuidado personal,Dermatología,ANTI-EDAD,586.26,882.47,10+1,https://cdn.shopify.com/s/files/1/0088/1937/6188/products/7502002461061_1.jpg,dermaexpress,SODIMEL SP SUERO 30GR
FC-02460965,7502002460965,Sodimel Suplemento antioxidante antiedad 30 cáps,Farmapiel,,,,Cuidado personal,Dermatología,ANTI-EDAD,650.34,978.94,10+1,https://cdn.shopify.com/s/files/1/0088/1937/6188/products/7502002460965_1.jpg,dermaexpress,SODIMEL C/30CAPSULAS
FC-02460897,7502002460897,Sodimel Suplemento antioxidante antiedad 60 cáps,Farmapiel,60 cápsulas,,Cápsulas,Cuidado personal,Dermatología,ANTI-EDAD,1066.5,1605.35,10+1,https://cdn.shopify.com/s/files/1/0088/1937/6188/products/7502002460897_91c80603-840c-4fa5-92e6-bbbc5cae22e6.jpg,dermaexpress,SODIMEL C/60CAPSULAS
FC-02463218,7502002463218,Sodimel V,Farmapiel,60 cápsulas,,Cápsulas,Cuidado personal,Dermatología,ANTI-EDAD,1119.76,1685.51,10+1,https://cdn.shopify.com/s/files/1/0088/1937/6188/files/ImageneslanzamientosDerx_719dc69f-91a2-480a-bf6b-549bea4bc1a0.avif,dermaexpress,SODIMEL V 60 CAPS
FC-02462709,7502002462709,Tipsallen Gel 0.01 Tubo C,Farmapiel,30 g,,Gel,Cuidado personal,Dermatología,MEDICAMENTO,287.89,433.35,10+1,https://gruporfp.vteximg.com.br/arquivos/ids/7011981/7502002462709_01.jpg,farmatodo,TIPSALLEN CLIND 1.0% AIRLESS 30G
FC-02463270,7502002463270,Unitone AXT 5% Suero Despigmentante,Farmapiel,50 g,,,Cuidado personal,Dermatología,DESPIGMENTANTES,690,980,10+1,https://cdn.shopify.com/s/files/1/0088/1937/6188/files/2_1_ccbaad79-e33a-43e0-99f0-8a8a42309d25.avif,dermaexpress,UNITONE AXT 5% SUERO DESPIGMENTANTE 50G VR
FC-02463140,7502002463140,Ureskin 10 Crema Hidratante,Farmapiel,250 g,,Crema,Cuidado personal,Dermatología,LANZAMIENTOS 2026,300,515.01,10+1,,,URESKIN 10 CREMA HIDRATANTE 250G
FC-02463188,7502002463188,Ureskin 10 Crema Hidratante,Farmapiel,500 g,,Crema,Cuidado personal,Dermatología,LANZAMIENTOS 2026,410,710,10+1,,,URESKIN 10 CREMA HIDRATANTE 500G
FC-02463157,7502002463157,Ureskin 20 Crema Hidratante,Farmapiel,250 g,,Crema,Cuidado personal,Dermatología,LANZAMIENTOS 2026,340,540,10+1,,,URESKIN 20 CREMA HIDRATANTE 250G
FC-02463164,7502002463164,Ureskin 40 Exfoliante-Hidratante,Farmapiel,50 g,,,Cuidado personal,Dermatología,LANZAMIENTOS 2026,400,550,10+1,,,URESKIN 40 EXFOLIANTE-HIDRATANTE 50G
FC-02463133,7502002463133,Ureskin 5 Crema Hidratante,Farmapiel,50 g,,Crema,Cuidado personal,Dermatología,LANZAMIENTOS 2026,100.14,160,10+1,,,URESKIN 5 CREMA HIDRATANTE 50G
FC-02463171,7502002463171,Ureskin 50 Exfoliante-Hidratante,Farmapiel,50 g,,,Cuidado personal,Dermatología,LANZAMIENTOS 2026,450,640,10+1,,,URESKIN 50 EXFOLIANTE-HIDRATANTE 50G
FC-02461733,7502002461733,Xeltetra L Tratamiento Caja,Farmapiel,C/20 Capsulas,,Cápsulas,Cuidado personal,Dermatología,MEDICAMENTO,522.08,785.86,10+1,https://gruporfp.vteximg.com.br/arquivos/ids/6997695/7502002461733_01.jpg,farmatodo,XELTETRA-L 300MG C/20 CAPSULAS
FC-02463195,7502002463195,Xeltetra-M 100 mg,Farmapiel,30caps,100 mg,,Cuidado personal,Dermatología,LANZAMIENTOS 2026,1000.86,1506.55,10+1,,,XELTETRA-M 100MG 30CAPS
FC-02461832,7502002461832,Xeltetra-M 100 mg,Farmapiel,C/12 Cápsulas,100 mg,Cápsulas,Cuidado personal,Dermatología,MEDICAMENTO,520.19,783.02,10+1,https://gruporfp.vteximg.com.br/arquivos/ids/7013578/7502002461832_01.jpg,farmatodo,XELTETRA-M 100MG C/12CAPSULAS
FC-02461825,7502002461825,Xeltetra-M 50 mg,Farmapiel,C/24 Cápsulas,50 mg,Cápsulas,Cuidado personal,Dermatología,MEDICAMENTO,530.1,797.93,10+1,https://gruporfp.vteximg.com.br/arquivos/ids/7013579/7502002461825_01.jpg,farmatodo,XELTETRA-M 50MG C/24CAPSULAS
FC-02462686,7502002462686,Yunneco Gel 1% para acné,Farmapiel,30 g,,Gel,Cuidado personal,Dermatología,MEDICAMENTO,421.55,634.54,10+1,https://cdn.shopify.com/s/files/1/0088/1937/6188/files/7502002462686_1.jpg,dermaexpress,YUNNECO ADAPOLENO 0.1% AIRLESS 30G
FC-02462693,7502002462693,Yunneco Gel 3% para acné,Farmapiel,30 g,,Gel,Cuidado personal,Dermatología,MEDICAMENTO,526.66,792.76,10+1,https://cdn.shopify.com/s/files/1/0088/1937/6188/files/7502002462693_1.jpg,dermaexpress,YUNNECO ADAPOLENO 0.3% AIRLESS 30G
FC-95254579,3760095254579,Acm Antitranspirante Intensivo 72 H,Fedele,50 ml,,,Cuidado personal,Dermatología,ANTI-TRANSPIRANTES,308.7,420,10+1,,,ACM ANTITRANSPIRANTE INTENSIVO 72 H 50 ML
FC-95254616,3760095254616,Acm Azeane,Fedele,30 ml,,,Cuidado personal,Dermatología,TRATAMIENTOS,551.25,750,10+1,,,ACM AZEANE 30ml
FC-95254562,3760095254562,Acm Desodorante Antitranspirante Calmante Piel Sensible 48 H,Fedele,50 ml,,,Cuidado personal,Dermatología,ANTI-TRANSPIRANTES,253.57,345,10+1,,,ACM DESODORANTE ANTITRANSPIRANTE CALMANTE PIEL SENSIBLE 48 H 50 ML
FC-95254555,3760095254555,Acm Desodorante Antitrasnpirante Frescor Unisex 48 H,Fedele,50 ml,,,Cuidado personal,Dermatología,ANTI-TRANSPIRANTES,253.57,345,10+1,,,ACM DESODORANTE ANTITRASNPIRANTE FRESCOR UNISEX 48 H 50 ML
FC-95254548,3760095254548,Acm Desodorante Natural 24 H,Fedele,50 ml,,,Cuidado personal,Dermatología,ANTI-TRANSPIRANTES,242.55,330,10+1,,,ACM DESODORANTE NATURAL 24 H 50 ML
FC-66835959,3401366835959,Caditar Shampoo,Fedele,150 ml,,,Cuidado personal,Dermatología,CAPILARES,264.6,360,10+1,,,CADITAR SHAMPOO 150ML
FC-95251899,3760095251899,Depiwhite M FPS 50+ Protectora Facial,Fedele,40 ml,FPS 50+,,Cuidado personal,Dermatología,DESPIGMENTANTES,477.75,650,10+1,,,DEPIWHITE M FPS50+ PROTECTORA FACIAL 40ML
FC-95252681,3760095252681,Depiwhite M FPS 50+ Protectora T/Dorado,Fedele,40 ml,FPS 50+,,Cuidado personal,Dermatología,DESPIGMENTANTES,477.75,650,10+1,,,DEPIWHITE M FPS50+ PROTECTORA T/DORADO 40ML
FC-13250164,732013250164,Enlighten SPF35 Skin Brightener,Fedele,40 g,,,Cuidado personal,Dermatología,DESPIGMENTANTES,918.75,1250,10+1,,,ENLIGHTEN SPF 35 SKIN BRIGHTENER 40GR
FC-95253626,3760095253626,Medisun FPS 50+ Crema Color Claro,Fedele,40 ml,FPS 50+,Crema,Cuidado personal,Dermatología,SOLARES,396.9,540,10+1,,,MEDISUN FPS50+ CREMA COLOR CLARO 40ML
FC-95253619,3760095253619,Medisun FPS 50+ Crema Facial,Fedele,40 ml,FPS 50+,Crema,Cuidado personal,Dermatología,SOLARES,374.85,510,10+1,,,MEDISUN FPS50+ CREMA FACIAL 40ML
FC-95254296,3760095254296,Medisun FPS 50+ Gel Matificante Rostro,Fedele,40 ml,FPS 50+,Gel,Cuidado personal,Dermatología,SOLARES,374.85,510,10+1,,,MEDISUN FPS50+ GEL MATIFICANTE ROSTRO 40ML
FC-95254302,3760095254302,Medisun FPS 50+ Mineral Crema Color Claro,Fedele,40 ml,FPS 50+,Crema,Cuidado personal,Dermatología,SOLARES,374.85,510,10+1,,,MEDISUN FPS50+ MINERAL CREMA COLOR CLARO 40ML
FC-95253657,3760095253657,Medisun FPS 50+ Spray Rostro y Cuerpo,Fedele,200 ml,FPS 50+,Spray,Cuidado personal,Dermatología,SOLARES,565.95,770,10+1,,,MEDISUN FPS50+ SPRAY ROSTRO Y CUERPO 200ML
FC-60228601,3401560228601,Neoselen Protect,Fedele,C/30capsulas,,Cápsulas,Cuidado personal,Dermatología,ANTI-EDAD,613.73,835,10+1,,,NEOSELEN PROTECT C/30CAPSULAS
FC-13303075,732013303075,Neostrata Clarify Post-Acne Mark Suero,Fedele,30 ml,,,Cuidado personal,Dermatología,TRATAMIENTOS,694.57,945,10+1,,,NEOSTRATA CLARIFY POST-ACNE MARK SUERO 30ML
FC-13302511,732013302511,Neostrata Enlighten Suero con Vitamina C,Fedele,15 ml,,,Cuidado personal,Dermatología,DESPIGMENTANTES,1139.25,1550,10+1,,,NEOSTRATA ENLIGHTEN SUERO CON VITAMINA C 15ML
FC-13303228,732013303228,Neostrata Gel Dermolimpiador,Fedele,200 ml,,Gel,Cuidado personal,Dermatología,ACNE,525.53,715,10+1,,,NEOSTRATA GEL DERMOLIMPIADOR 200 ML
FC-13302689,732013302689,Neostrata Hyaluronic Luminous Lift,Fedele,50 g,,,Cuidado personal,Dermatología,ANTI-EDAD,1396.5,1900,10+1,,,NEOSTRATA HYALURONIC LUMINOUS LIFT 50G
FC-13302733,732013302733,Neostrata Restore Pha Renewal Pads,Fedele,55 ml,,,Cuidado personal,Dermatología,EMOLIENTE,716.63,975,10+1,,,NEOSTRATA RESTORE PHA RENEWAL PADS 55ml
FC-46750027,3401546750027,Oxyprolane,Fedele,60 Capsulas,,Cápsulas,Cuidado personal,Dermatología,TRATAMIENTOS,1102.5,1500,10+1,,,OXYPROLANE CAPSULAS 60 CAPSULAS
FC-95330838,7798095330838,Valuge Esfumel Serum Complex,Fedele,30 ml,,,Cuidado personal,Dermatología,LANZAMIENTOS 2026,551.24,750,10+1,,,VALUGE ESFUMEL SERUM COMPLEX 30ML
FC-95330562,7798095330562,Valuge Valurea Emulsion Corporal Humectante,Fedele,500 ml,,,Cuidado personal,Dermatología,LANZAMIENTOS 2026,588,800.01,10+1,,,VALUGE VALUREA EMULSION CORPORAL HUMECTANTE 500ML
FC-95250083,3760095250083,Viticolor Gel Corrector de Color,Fedele,50 ml,,Gel,Cuidado personal,Dermatología,VITILIGO,588,800,10+1,,,VITICOLOR GEL CORRECTOR DE COLOR 50ML
FC-03560442,7502003560442,Adaferin 3% Gel tratamiento anti acné,Galderma,45 g,,Gel,Cuidado personal,Dermatología,MEDICAMENTO,648.48,1019.11,10+1,https://cdn.shopify.com/s/files/1/0088/1937/6188/products/PS_Adaferin_03_45g.jpg,dermaexpress,ADAFERIN 3% GEL 45GR
FC-20001946,3499320001946,Adaferin Crema para pieles con acné,Galderma,30 g,,Crema,Cuidado personal,Dermatología,MEDICAMENTO,553.13,843.19,10+1,https://cdn.shopify.com/s/files/1/0088/1937/6188/products/PS_Adaferin_crema_01_30g.jpg,dermaexpress,ADAFERIN CREMA 30GR
FC-20001526,3499320001526,Adaferin Gel para pieles con acné,Galderma,30 g,,Gel,Cuidado personal,Dermatología,MEDICAMENTO,536.54,843.19,10+1,https://cdn.shopify.com/s/files/1/0088/1937/6188/products/PS_Adaferin_gel_01_30g.jpg,dermaexpress,ADAFERIN GEL 30GR
FC-20014793,3499320014793,Aklief Crema 0.005%,Galderma,30 g,,Crema,Cuidado personal,Dermatología,MEDICAMENTO,642.63,1009.93,10+1,https://cdn.shopify.com/s/files/1/0088/1937/6188/products/3499320014793_1.jpg,dermaexpress,AKLIEF CREMA 0.005% 30 GR
FC-20018203,3499320018203,Alastin C-Radical Defense,Galderma,30 ml,,,Cuidado personal,Dermatología,LANZAMIENTOS 2026,3572.8,,10+1,,,ALASTIN C-RADICAL DEFENSE 30ML
FC-20001335,3499320001335,Benzac AC Gel 10% tratamiento anti acné,Galderma,60 g,,Gel,Cuidado personal,Dermatología,MEDICAMENTO,282.03,443.22,10+1,https://cdn.shopify.com/s/files/1/0088/1937/6188/products/3499320001335.jpg,dermaexpress,BENZAC AC 10% GEL 60GR
FC-20002394,3499320002394,Benzac AC Gel 2.5% Tratamiento para pieles con acné,Galderma,60 g,,Gel,Cuidado personal,Dermatología,MEDICAMENTO,242.02,380.35,10+1,https://cdn.shopify.com/s/files/1/0088/1937/6188/products/3499320002394.jpg,dermaexpress,BENZAC AC 2.5% GEL 60GR
FC-20001328,3499320001328,Benzac AC Gel 5% tratamiento anti acné,Galderma,60 g,,Gel,Cuidado personal,Dermatología,MEDICAMENTO,256.19,402.61,10+1,https://cdn.shopify.com/s/files/1/0088/1937/6188/products/3499320001328.jpg,dermaexpress,BENZAC AC 5% GEL 60GR
FC-20014298,3499320014298,Benzacare Microbioma Equalizer Loción hidratante de uso diario,Galderma,50 ml,,,Cuidado personal,Dermatología,MEDICAMENTO,273.61,498.78,10+1,https://cdn.shopify.com/s/files/1/0088/1937/6188/files/3499320014298.jpg,dermaexpress,BENZACARE MICROBIOMA EQUALIZER 50 ML
FC-20014281,3499320014281,Benzacare pH Control Limpiador antibacterial,Galderma,150 ml,,,Cuidado personal,Dermatología,MEDICAMENTO,220.14,401.31,10+1,https://cdn.shopify.com/s/files/1/0088/1937/6188/files/3499320014281_1.jpg,dermaexpress,BENZACARE PH CONTROL LIMPIADOR FACIAL 150 ML
FC-20016575,3499320016575,Benzacare Power Patch para imperfecciones,Galderma,36 piezas,,,Cuidado personal,Dermatología,MEDICAMENTO,149.16,271.9,10+1,https://cdn.shopify.com/s/files/1/0088/1937/6188/files/WhatsAppImage2024-06-07at12.31.32PM-Photoroom.png,dermaexpress,BENZACARE POWER PATCH 3 PIEZAS
FC-20018456,3499320018456,BENZACARE Power Patch Skin Restore caja x 23 parches,Galderma,,,,Cuidado personal,Dermatología,MEDICAMENTO,277.43,436,10+1,https://cdn.shopify.com/s/files/1/0088/1937/6188/files/940x1215150dpis-01.avif,dermaexpress,BENZACARE POWER PATCH SKIN RESTORE 23 PARCHES
FC-76457355,7612076457355,Cetaphil Locion Liposomal FPS 50 Day Long Botella C,Galderma,100 ml,FPS 50,,Cuidado personal,Dermatología,SOLARES,429.08,674.32,10+1,https://gruporfp.vteximg.com.br/arquivos/ids/6998124/7612076457355_01.jpg,farmatodo,CETAPHIL FPS50+ SUN LOCION 100ML
FC-76457256,7612076457256,Cetaphil Protector Solar FPS 50 Day Long Tubo C/100 ml,Galderma,,FPS 50,Gel,Cuidado personal,Dermatología,SOLARES,416.52,654.56,10+1,https://gruporfp.vteximg.com.br/arquivos/ids/6998121/7612076457256_01.jpg,farmatodo,CETAPHIL FPS50+ SUN GEL 100ML
FC-20002868,3499320002868,Clobexpro Loción para piel con dermatitis,Galderma,59 ml,,,Cuidado personal,Dermatología,MEDICAMENTO,718.79,1129.61,10+1,https://cdn.shopify.com/s/files/1/0088/1937/6188/products/ClobexPROLOC1200x1200.jpg,dermaexpress,CLOBEXPRO LOCION 59ML
FC-03560459,7502003560459,Clobexpro Shampoo para cuero cabelludo con psoriasis,Galderma,125 ml,,,Cuidado personal,Dermatología,MEDICAMENTO,597.86,939.56,10+1,https://cdn.shopify.com/s/files/1/0088/1937/6188/files/Imagen_de_WhatsApp_2024-12-12_a_las_11.59.54_8db73bcb.jpg,dermaexpress,CLOBEXPRO SHAMPOO 125ML
FC-20001205,3499320001205,Desowen Crema 0.05% Tubo C,Galderma,30 g,,Crema,Cuidado personal,Dermatología,MEDICAMENTO,393.69,618.7,10+1,https://gruporfp.vteximg.com.br/arquivos/ids/6997545/3499320001205_01.jpg,farmatodo,DESOWEN CREMA 30GR
FC-20001618,3499320001618,Desowen Loción para pieles con dermatosis,Galderma,60 ml,,,Cuidado personal,Dermatología,MEDICAMENTO,420.82,661.34,10+1,https://cdn.shopify.com/s/files/1/0088/1937/6188/products/DesowenLoc1200x1200.jpg,dermaexpress,DESOWEN LOCION 60ML
FC-20004237,3499320004237,Effezel 0.1% Gel anti imperfecciones,Galderma,30 g,,Gel,Cuidado personal,Dermatología,MEDICAMENTO,742.43,1166.76,10+1,https://cdn.shopify.com/s/files/1/0088/1937/6188/products/PS_Effezel_01_30g.jpg,dermaexpress,EFFEZEL GEL 30GR
FC-75470500,7502275470500,Effezel 0.3% Gel anti imperfecciones,Galderma,30 g,,Gel,Cuidado personal,Dermatología,MEDICAMENTO,832.61,1308.48,10+1,https://cdn.shopify.com/s/files/1/0088/1937/6188/products/PS_Effezel_03.jpg,dermaexpress,EFFEZEL 0.3% GEL 30GR
FC-03560312,75020003560312,Kit-Vitamin C Serum 30 ml+vitamin C Serum,Galderma,30 ml,,,Cuidado personal,Dermatología,LANZAMIENTOS 2026,407.98,621.92,10+1,,,KIT-VITAMIN C SERUM 30ML+VITAMIN C SERUM 30ML
FC-20001878,3499320001878,Loceryl Crema para combatir hongos en las uñas,Galderma,20 g,,Crema,Cuidado personal,Dermatología,MEDICAMENTO,269.24,423.12,10+1,https://cdn.shopify.com/s/files/1/0088/1937/6188/products/3499320001878.jpg,dermaexpress,LOCERYL CREMA 20GR
FC-20002523,3499320002523,Loceryl Laca 5% tratamiento para hongos en las uñas,Galderma,2.5 ml,,,Cuidado personal,Dermatología,MEDICAMENTO,703.51,1105.6,10+1,https://cdn.shopify.com/s/files/1/0088/1937/6188/files/ImageneslanzamientosDerx_0bda52ef-82cb-4f42-b37b-f566a26ed9c2.avif,dermaexpress,LOCERYL SOLUCION 2.5ML
FC-20001755,3499320001755,Metrocream Crema 0.0075 Tubo C,Galderma,30 g,,Crema,Cuidado personal,Dermatología,MEDICAMENTO,568.39,893.24,10+1,https://gruporfp.vteximg.com.br/arquivos/ids/6997741/3499320001755_01.jpg,farmatodo,METROCREAM 30GR
FC-20001168,3499320001168,Metrogel Gel 75% C,Galderma,30 g,,Gel,Cuidado personal,Dermatología,MEDICAMENTO,568.39,893.24,10+1,https://gruporfp.vteximg.com.br/arquivos/ids/6997739/3499320001168_01.jpg,farmatodo,METROGEL 30GR
FC-20001342,3499320001342,Nutracort Crema para pieles con dermatitis,Galderma,60 g,,Crema,Cuidado personal,Dermatología,MEDICAMENTO,400.07,628.72,10+1,https://cdn.shopify.com/s/files/1/0088/1937/6188/products/PS_Nutracort_crema_60g.jpg,dermaexpress,NUTRACORT CREMA 60GR
FC-20001359,3499320001359,Nutracort Locion para pieles con dermatitis,Galderma,120 ml,,,Cuidado personal,Dermatología,MEDICAMENTO,624.58,981.55,10+1,https://cdn.shopify.com/s/files/1/0088/1937/6188/products/PS_Nutracort_locion_120ml.jpg,dermaexpress,NUTRACORT LOCION 120ML
FC-20005203,3499320005203,Presteme 1% Crema para pieles con rosácea,Galderma,30 g,,Crema,Cuidado personal,Dermatología,MEDICAMENTO,706.62,1110.48,10+1,https://cdn.shopify.com/s/files/1/0088/1937/6188/products/PS_Presteme_30g.jpg,dermaexpress,PRESTEME 1% CREMA 30GR
FC-03560473,7502003560473,Tetralisal Tratamiento 300 mg Caja,Galderma,C/20 Capsulas,300 mg,Cápsulas,Cuidado personal,Dermatología,MEDICAMENTO,628.61,987.88,10+1,https://gruporfp.vteximg.com.br/arquivos/ids/6997699/7502003560473_01.jpg,farmatodo,TETRALISAL 300MG C/20CAPSULAS
FC-20002448,3499320002448,Tri Luma Crema Tubo C,Galderma,15 g,,Crema,Cuidado personal,Dermatología,MEDICAMENTO,883.38,1388.26,10+1,https://gruporfp.vteximg.com.br/arquivos/ids/6997579/3499320002448_01.jpg,farmatodo,TRI-LUMA CREMA 15GR
FC-72010019,8423372010019,Genové Crema neutra genove crema protectora,Genove,50 ml,,Crema,Cuidado personal,Dermatología,EMOLIENTE,266.44,360,10+1,https://cdn.shopify.com/s/files/1/0088/1937/6188/products/Adaptaciones-22.jpg,dermaexpress,CREMA NEUTRA GENOVE 50ML
FC-72000515,8423372000515,Genové Desodorante Efecto antitranspirante ideal para pieles sensibles,Genove,50 ml,,,Cuidado personal,Dermatología,ANTITRANSPIRANTES,233.14,315,10+1,https://cdn.shopify.com/s/files/1/0088/1937/6188/products/Adaptaciones-47.jpg,dermaexpress,DESODORANTE GENOVE 50ML
FC-72800399,8423372800399,Genové Detox Agua micelar con bomba inversa,Genove,300 ml,,,Cuidado personal,Dermatología,LIMPIADORES,347.85,470,10+1,https://cdn.shopify.com/s/files/1/0088/1937/6188/products/8423372800399-GENOVEDETOXAGUAMICELAR300ML.jpg,dermaexpress,GENOVE DETOX AGUA MICELAR 300ML
FC-72040337,8423372040337,Genové Fluidbase Exfoliante facial,Genove,50 ml,,,Cuidado personal,Dermatología,DESPIGMENTANTE,295.3,399,10+1,https://cdn.shopify.com/s/files/1/0088/1937/6188/products/8423372040337.jpg,dermaexpress,FLUIDBASE EXFOLIANTE FACIAL 50ML
FC-72041006,8423372041006,Genové Fluidbase Gel hidratante con ácido glicólico 8%,Genove,30 ml,,Gel,Cuidado personal,Dermatología,DESPIGMENTANTE,481.07,650,10+1,https://cdn.shopify.com/s/files/1/0088/1937/6188/products/Adaptaciones-26.jpg,dermaexpress,FLUIDBASE 8% GEL 30ML
FC-72820328,8423372820328,Genové Fluidbase Genomask 6 x,Genove,8 ml,,,Cuidado personal,Dermatología,DESPIGMENTANTE,577.29,780,10+1,https://cdn.shopify.com/s/files/1/0088/1937/6188/products/8423372820328.jpg,dermaexpress,FLUIDBASE GENOMASK 6X8ML
FC-60802231,8411660802231,Genové Fluidbase H Gel despigmentante,Genove,20 ml,,Gel,Cuidado personal,Dermatología,DESPIGMENTANTE,562.48,760,10+1,https://cdn.shopify.com/s/files/1/0088/1937/6188/products/Fluidbase-Gel-Despigmentante-H-20-Ml-8411660802231-637637688413002427-1.jpg,dermaexpress,FLUIDBASE H GEL DESPIGMENTANTE 20ML (NVO.)
FC-72034909,8423372034909,Genové Fluidbase Hidratante facial piel grasa,Genove,50 ml,,,Cuidado personal,Dermatología,DESPIGMENTANTE,591.35,799,10+1,https://cdn.shopify.com/s/files/1/0088/1937/6188/products/8423372034909.jpg,dermaexpress,FLUIDBASE OIL-FREE MOISTURIZER 50ML
FC-72040382,8423372040382,Genové Fluidbase K Crema antiojeras,Genove,20 ml,,Crema,Cuidado personal,Dermatología,DESPIGMENTANTE,621.69,840,10+1,https://cdn.shopify.com/s/files/1/0088/1937/6188/products/8423372040382.jpg,dermaexpress,FLUIDBASE K 20ML
FC-72040351,8423372040351,Genové Fluidbase max suero anti edad,Genove,30 ml,,,Cuidado personal,Dermatología,DESPIGMENTANTE,1073.16,1450,10+1,https://cdn.shopify.com/s/files/1/0088/1937/6188/products/8423372040351.jpg,dermaexpress,FLUIDBASE MAX 30ML
FC-72800450,8423372800450,Genové Fluidbase Rederm Colágeno en sobres 20 x,Genove,25 ml,,Sobres,Cuidado personal,Dermatología,DESPIGMENTANTE,806.72,1090,10+1,https://cdn.shopify.com/s/files/1/0088/1937/6188/products/whatsappimage2021-06-15at12.09.49_1.jpg,dermaexpress,FLUIDBASE REDERM SOBRES 20X25ML
FC-72040009,8423372040009,Genové Fluidbase Rederm Gel Forte 15% AHA,Genove,30 ml,,Gel,Cuidado personal,Dermatología,DESPIGMENTANTE,488.47,660,10+1,https://cdn.shopify.com/s/files/1/0088/1937/6188/products/Adaptaciones-24.jpg,dermaexpress,FLUIDBASE GEL FORTE 30ML
FC-72040023,8423372040023,Genové Fluidbase Rederm Loción AHA 10%,Genove,250 ml,,,Cuidado personal,Dermatología,DESPIGMENTANTE,651.3,880,10+1,https://cdn.shopify.com/s/files/1/0088/1937/6188/products/Adaptaciones-23.jpg,dermaexpress,FLUIDBASE 10% LOCION 250ML
FC-72040078,8423372040078,Genové Fluidbase Rederm Retinol + Vitamina C,Genove,30 ml,,,Cuidado personal,Dermatología,DESPIGMENTANTE,725.31,980,10+1,https://cdn.shopify.com/s/files/1/0088/1937/6188/products/8423372040078.jpg,dermaexpress,FLUIDBASE RETINOL 30ML
FC-72800375,8423372800375,Genové Genocutan Mousse limpiador facial,Genove,150 ml,,,Cuidado personal,Dermatología,CAPILARES,355.25,480,10+1,https://cdn.shopify.com/s/files/1/0088/1937/6188/products/8423372800375.jpg,dermaexpress,GENOCUTAN MOUSSE LIMPIADOR FACIAL 150ML
FC-72830204,8423372830204,Genové Genosun Oral Suplemento alimenticio,Genove,30 tabletas,,Tabletas,Cuidado personal,Dermatología,SOLARES,888.13,1200,10+1,https://cdn.shopify.com/s/files/1/0088/1937/6188/products/8423372830204.jpg,dermaexpress,GENOSUN ORAL C/30 TABLETAS
FC-72801280,8423372801280,Genové Genosun Post solar reparador facial,Genove,50 ml,,,Cuidado personal,Dermatología,SOLARES,399.66,540,10+1,https://cdn.shopify.com/s/files/1/0088/1937/6188/files/803055_Genosun-Reparador-Facial-Post-Solar_01-1024x1024_1.jpg,dermaexpress,GENOSUN POST SOLAR 50ML
FC-72000096,8423372000096,Genové Genosun Zero Protector solar spray FPS 50+,Genove,125 ml,FPS 50+,Spray,Cuidado personal,Dermatología,SOLARES,481.07,650,10+1,https://cdn.shopify.com/s/files/1/0088/1937/6188/files/8423372000096.jpg,dermaexpress,GENOSUN ZERO PROTECTOR SOLAR SPRAY FPS50+ 125ML
FC-72021138,8423372021138,Genové Genovan Extrem Family Protector solar corporal,Genove,400 ml,,,Cuidado personal,Dermatología,SOLARES,784.52,1060,10+1,https://cdn.shopify.com/s/files/1/0088/1937/6188/products/8423372021138.jpg,dermaexpress,GENOVAN EXTREM FAMILY 400ML
FC-72020056,8423372020056,Genové Neutrodermol Gel limpiador e hidratante,Genove,750 ml,,Gel,Cuidado personal,Dermatología,LIMPIADORES,540.28,730,10+1,https://cdn.shopify.com/s/files/1/0088/1937/6188/products/Adaptaciones-20.jpg,dermaexpress,NEUTRODERMOL 750ML
FC-72025044,8423372025044,Genové Pilopeptan,Genove,60 cápsulas,,Cápsulas,Cuidado personal,Dermatología,CAPILARES,1006.55,1360,10+1,https://cdn.shopify.com/s/files/1/0088/1937/6188/products/8423372025044.jpg,dermaexpress,PILOPEPTAN C/60 CAPSULAS
FC-72025006,8423372025006,Genové Pilopeptan Intensive Plan de choque,Genove,15 sobres,,Sobres,Cuidado personal,Dermatología,CAPILARES,806.72,1090,10+1,https://cdn.shopify.com/s/files/1/0088/1937/6188/products/8423372025006-PILOPEPTAN15SOBRESWEB.jpg,dermaexpress,PILOPEPTAN C/15 SOBRES
FC-72025082,8423372025082,Genové Pilopeptan Seb,Genove,30 cápsulas,,Cápsulas,Cuidado personal,Dermatología,CAPILARES,1006.55,1360,10+1,https://cdn.shopify.com/s/files/1/0088/1937/6188/products/8423372025082-PILOPEPTANSEBC30CAPSULAS.jpg,dermaexpress,PILOPEPTAN SEB C/30 CAPSULAS
FC-72026010,8423372026010,Genové Pilopeptan Shampoo anticaída,Genove,250 ml,,,Cuidado personal,Dermatología,CAPILARES,529.18,715,10+1,https://cdn.shopify.com/s/files/1/0088/1937/6188/products/8423372026010.jpg,dermaexpress,PILOPEPTAN SHAMPOO 250ML
FC-72800061,8423372800061,Genové Pilopeptan Woman,Genove,30 comprimidos,,Comprimidos,Cuidado personal,Dermatología,CAPILARES,1006.55,1360,10+1,https://cdn.shopify.com/s/files/1/0088/1937/6188/products/Adaptaciones-18.jpg,dermaexpress,PILOPEPTAN WOMAN C/30COMPRIMIDOS
FC-72800436,8423372800436,Genové Pilopeptan Woman,Genove,60 comprimidos,,Comprimidos,Cuidado personal,Dermatología,CAPILARES,1613.44,2180,10+1,https://cdn.shopify.com/s/files/1/0088/1937/6188/products/1000x1000Catalogo-59.jpg,dermaexpress,PILOPEPTAN WOMAN C/60 COMPRIMIDOS
FC-72800467,8423372800467,Genové Pilopeptan Woman 5 Alfa R,Genove,30 comprimidos,,Comprimidos,Cuidado personal,Dermatología,CAPILARES,1006.55,1360,10+1,https://cdn.shopify.com/s/files/1/0088/1937/6188/files/Genove_1.avif,dermaexpress,PILOPEPTAN WOMAN 5 ALFA R 30 COMPRIMIDOS
FC-72025051,8423372025051,Genové Pilopeptan Woman Gel reparador de uñas,Genove,10 ml,,Gel,Cuidado personal,Dermatología,"UÑAS, CEJAS & PESTAÑAS",388.56,525,10+1,https://cdn.shopify.com/s/files/1/0088/1937/6188/products/Adaptaciones_Mesadetrabajo1.jpg,dermaexpress,NAIL REPAIR GEL 10ML
FC-72840210,8423372840210,Genové Pilopeptan Woman Mascarilla regeneradora,Genove,200 ml,,,Cuidado personal,Dermatología,CAPILARES,754.91,1020,10+1,https://cdn.shopify.com/s/files/1/0088/1937/6188/products/8423372840210.jpg,dermaexpress,PILOPEPTAN WOMAN MASCARILLA 200ML
FC-72000157,8423372000157,Genové Pilopeptan Woman Proteokel,Genove,64 ml,,,Cuidado personal,Dermatología,CAPILARES,1702.26,2300,10+1,https://cdn.shopify.com/s/files/1/0088/1937/6188/files/8423372000157.jpg,dermaexpress,PILOPEPTAN WOMAN PROTEOKEL 64 ml - 4 x 16 ml ampolletas anticaida semanales uso tópico
FC-72800429,8423372800429,Genové Pilopeptan Woman Sérum potenciador de pestañas y cejas,Genove,6 ml,,,Cuidado personal,Dermatología,"UÑAS, CEJAS & PESTAÑAS",1109.43,1499,10+1,https://cdn.shopify.com/s/files/1/0088/1937/6188/products/8423372800429.jpg,dermaexpress,PILOPEPTAN WOMAN SÉRUM POTENCIADOR DE PESTAÑAS Y CEJAS 6 ml *
FC-72840173,8423372840173,Genové Pilopeptan Woman Shampoo anticaída,Genove,250 ml,,,Cuidado personal,Dermatología,CAPILARES,592.09,800,10+1,https://cdn.shopify.com/s/files/1/0088/1937/6188/products/Adaptaciones-02.jpg,dermaexpress,PILOPEPTAN WOMAN SHAMPOO 250ML
FC-72800153,8423372800153,Genové Pilopeptan Woman Suero reparador,Genove,30 ml,,,Cuidado personal,Dermatología,CAPILARES,403.36,545,10+1,https://cdn.shopify.com/s/files/1/0088/1937/6188/products/Adaptaciones-19.jpg,dermaexpress,PILOPEPTAN WOMAN SUERO 30ML
FC-37610104,7640137610104,Genové Quasix Gel antienrojecimiento para piel seca y mixta,Genove,30 g,,Gel,Cuidado personal,Dermatología,PIEL SENSIBLE,444.07,600,10+1,https://cdn.shopify.com/s/files/1/0088/1937/6188/products/Adaptaciones-41.jpg,dermaexpress,QUASIX GEL 30GR
FC-37610708,7640137610708,Genové Tranacix Crema despigmentante,Genove,30 g,,Crema,Cuidado personal,Dermatología,DESPIGMENTANTE,762.31,1030,10+1,https://cdn.shopify.com/s/files/1/0088/1937/6188/products/1000x1000Catalogo-61.jpg,dermaexpress,TRANACIX CREMA 30 g
FC-37419004,7640137419004,Vitilsi Gel regulador,Genove,40 g,,Gel,Cuidado personal,Dermatología,DESPIGMENTANTE,703.11,950,10+1,https://cdn.shopify.com/s/files/1/0088/1937/6188/files/16466452067751119-removebg-preview.png,dermaexpress,VITILSI GEL REGULADOR 40G
FC-72034213,8423372034213,Emulbase Avena,Genové,250 ml,,,Cuidado personal,Dermatología,EMOLIENTE,414.46,560,10+1,,,EMULBASE AVENA 250ML
FC-72034237,8423372034237,Emulbase Bioazufre,Genové,250 ml,,,Cuidado personal,Dermatología,EMOLIENTE,414.46,560,10+1,,,EMULBASE BIOAZUFRE 250ML
FC-72040443,8423372040443,Fluidbase Despigmentante 3 Activos,Genové,30 ml,,,Cuidado personal,Dermatología,DESPIGMENTANTE,629.09,850,10+1,,,FLUIDBASE DESPIGMENTANTE 3 ACTIVOS 30ML
FC-72820322,9923372820322,Fluidbase Genomask 1x,Genové,8 ml,,,Cuidado personal,Dermatología,DESPIGMENTANTE,99.92,135,10+1,,,FLUIDBASE GENOMASK 1X8ML
FC-72034299,8423372034299,Genocure Guantes Grandes 1 Par,Genové,,,,Cuidado personal,Dermatología,GUANTES,225.73,305,10+1,,,GENOCURE GUANTES GRANDES 1 PAR
FC-72034282,8423372034282,Genocure Guantes Medianos 1 Par,Genové,,,,Cuidado personal,Dermatología,GUANTES,225.73,305,10+1,,,GENOCURE GUANTES MEDIANOS 1 PAR
FC-72034275,8423372034275,Genocure Guantes Pequeños 1 Par,Genové,,,,Cuidado personal,Dermatología,GUANTES,225.73,305,10+1,,,GENOCURE GUANTES PEQUEÑOS 1 PAR
FC-72800290,8423372800290,Genocutan Gel Dermatologico,Genové,500 ml,,Gel,Cuidado personal,Dermatología,CAPILARES,481.07,650,10+1,,,GENOCUTAN GEL DERMATOLOGICO 500ML
FC-72800238,8423372800238,Genosun FPS 50+,Genové,50 ml,FPS 50+,Fluido,Cuidado personal,Dermatología,SOLARES,399.66,540,10+1,,,GENOSUN FPS50+ FLUIDO 50ML
FC-72801303,8423372801303,Genosun FPS 50+,Genové,200 ml,FPS 50+,Spray,Cuidado personal,Dermatología,SOLARES,481.07,650,10+1,,,GENOSUN FPS50+ SPRAY 200ML
FC-72000072,8423372000072,Genosun Pigment Repair Protector Solar Facial FPS 50+,Genové,50 ml,FPS 50+,,Cuidado personal,Dermatología,SOLARES,481.07,650,10+1,,,GENOSUN PIGMENT REPAIR PROTECTOR SOLAR FACIAL FPS50+ 50ML
FC-72025105,8423372025105,Kit-Pilopeptan Intense 15 Sobres 20 ml C/U+pilopeptan Intense 15 Sobres 20 ml C/U,Genové,,,Sobres,Cuidado personal,Dermatología,LANZAMIENTOS 2026,1239.33,1635.01,10+1,,,KIT-PILOPEPTAN INTENSE 15 SOBRES 20ML C/U+PILOPEPTAN INTENSE 15 SOBRES 20ML C/U
FC-72000331,8423372000331,Pilopeptan Locion Anticaida,Genové,100 ml,,,Cuidado personal,Dermatología,CAPILARES,599.49,810,10+1,,,PILOPEPTAN LOCION ANTICAIDA 100ML
FC-72000232,8423372000232,Pilopeptan Seb DS Champu Caspa,Genové,150 ml,,,Cuidado personal,Dermatología,CAPILARES,414.46,560,10+1,,,PILOPEPTAN SEB DS CHAMPU CASPA 150ML
FC-72000393,8423372000393,Pilopeptan Shampoo Anticaida,Genové,250 ml,,,Cuidado personal,Dermatología,LANZAMIENTOS 2026,541.98,715,10+1,,,PILOPEPTAN SHAMPOO ANTICAIDA 250ML
FC-72800610,8423372800610,Pilopeptan Woman® Champú Anticaída KIT DUO 2 x 250 ml (500 ml),Genové,,,,Cuidado personal,Dermatología,CAPILARES,888.13,1200,10+1,,,Pilopeptan Woman® Champú Anticaída KIT DUO 2 x 250 ml (500 ml)
FC-72990014,8423372990014,Pilopeptan Woman® Comprimidos KIT DÚO de 2 cajas con 60 comprimidos *,Genové,,,Comprimidos,Cuidado personal,Dermatología,CAPILARES,1613.44,2180,10+1,,,Pilopeptan Woman® Comprimidos KIT DÚO de 2 cajas con 60 comprimidos *
FC-72800993,8423372800993,Pilopeptan Woman® Comprimidos KIT TRÍO de 3 cajas con 30 comprimidos (90 comps),Genové,,,Comprimidos,Cuidado personal,Dermatología,CAPILARES,2264.74,3060,10+1,,,Pilopeptan Woman® Comprimidos KIT TRÍO de 3 cajas con 30 comprimidos (90 comps)
FC-72000621,8423372000621,Previrit Classic,Genové,300 ml,,,Cuidado personal,Dermatología,ESPUMA DE AFEITAR,221.29,299,10+1,,,PREVIRIT CLASSIC 300ML
FC-72000645,8423372000645,Previrit Sensitive,Genové,300 ml,,,Cuidado personal,Dermatología,ESPUMA DE AFEITAR,221.29,299,10+1,,,PREVIRIT SENSITIVE 300ML
FC-37610012,7640137610012,Quasix,Genové,30 g,,Crema,Cuidado personal,Dermatología,PIEL SENSIBLE,444.07,600,10+1,,,QUASIX CREMA 30GR
FC-37410018,7640137410018,Sodermix,Genové,30 g,,Crema,Cuidado personal,Dermatología,CICATRIZANTES,444.07,600,10+1,,,SODERMIX CREMA 30GR
FC-37417024,7640137417024,Tranacix C/10 Ampolletas,Genové,2 ml,,,Cuidado personal,Dermatología,DESPIGMENTANTE,1476.52,1995,10+1,,,TRANACIX C/10 AMPOLLETAS 2ML
FC-37417062,7640137417062,Tranacix Crema Facial,Genové,30 g,,Crema,Cuidado personal,Dermatología,LANZAMIENTOS 2026,946.73,1249,10+1,,,TRANACIX CREMA FACIAL 30G
FC-73206632,7897473206632,Acni Pop Barra dermolimpiadora,Glenmark,90 g,,,Cuidado personal,Dermatología,PIEL GRASA,177.45,273.92,10+1,https://cdn.shopify.com/s/files/1/0088/1937/6188/products/7897473206632.jpg,dermaexpress,ACNIPOP BARRA DERMOLIMPIADORA 90GR
FC-91131976,8904091131976,Acnipop Face Wash,Glenmark,200 ml,,,Cuidado personal,Dermatología,PIEL GRASA,263.77,407.18,10+1,https://cdn.shopify.com/s/files/1/0088/1937/6188/files/ACNIPOPFWFRENTE1.avif,dermaexpress,ACNIPOP FACE WASH JABON LIQUIDO 200ML
FC-91182091,8904091182091,Arnaltem Ungüento 0.03%,Glenmark,10 g,,Ungüento,Cuidado personal,Dermatología,MEDICAMENTO,362.51,559.61,10+1,https://cdn.shopify.com/s/files/1/0088/1937/6188/products/8904091182091.jpg,dermaexpress,ARNALTEM 0.03% UNGÜENTO 10GR
FC-91182084,8904091182084,Arnaltem Ungüento 0.1%,Glenmark,10 g,,Ungüento,Cuidado personal,Dermatología,MEDICAMENTO,427.45,659.85,10+1,https://cdn.shopify.com/s/files/1/0088/1937/6188/products/8904091182084_7a7d8a95-8904-43ce-9dad-e249bdf66871.jpg,dermaexpress,ARNALTEM 0.1% UNGÜENTO 10GR
FC-91150434,8904091150434,Bonnetril,Glenmark,30 g,,Crema,Cuidado personal,Dermatología,MEDICAMENTO,253.26,390.96,10+1,https://cdn.shopify.com/s/files/1/0088/1937/6188/products/8904091150434.jpg,dermaexpress,BONNETRIL CREMA 30GR
FC-91183517,8904091183517,Bracitor 0.1% Gel auxiliar en tratamiento de acné,Glenmark,15 g,,Gel,Cuidado personal,Dermatología,MEDICAMENTO,289.69,447.18,10+1,https://cdn.shopify.com/s/files/1/0088/1937/6188/products/8904091183517.jpg,dermaexpress,BRACITOR 0.1% GEL 15GR
FC-00009173,008400009173,Bresax,Glenmark,10 ml,,,Cuidado personal,Dermatología,LANZAMIENTOS 2026,541.59,834.04,10+1,,,BRESAX 10ML
FC-91189120,8904091189120,Lasderma Active Crema despigmentante,Glenmark,20 g,,Crema,Cuidado personal,Dermatología,MEDICAMENTO,719.74,1111.05,10+1,https://cdn.shopify.com/s/files/1/0088/1937/6188/files/LasdermaActiveCremaCRT20gMX.jpg,dermaexpress,LASDERMA ACTIVE  20G
FC-91187324,8904091187324,Mandikoz 5% Crema C,Glenmark,12 Sobres,,Crema,Cuidado personal,Dermatología,MEDICAMENTO,1132.16,1747.7,10+1,,,MANDIKOZ 5% CREMA C/12 SOBRES
FC-91125722,8904091125722,Micropal-Cm Gel 0.1 % / 1 % Tubo C,Glenmark,30 g,,Gel,Cuidado personal,Dermatología,MEDICAMENTO,787.34,1215.4,10+1,https://gruporfp.vteximg.com.br/arquivos/ids/7012472/8904091125722_01.jpg,farmatodo,MICROPAL
FC-91147311,8904091147311,Momate Ungüento 0.001 Tubo C,Glenmark,30 g,,Ungüento,Cuidado personal,Dermatología,MEDICAMENTO,968.32,1494.78,10+1,https://gruporfp.vteximg.com.br/arquivos/ids/6997517/8904091147311_03.jpg,farmatodo,MOMATE UNGÜENTO 30GR
FC-00009159,008400009159,Optase,Glenmark,50 ml,,Gel,Cuidado personal,Dermatología,LANZAMIENTOS 2026,711.82,1096.2,10+1,,,OPTASE GEL 50ML
FC-00009142,008400009142,Optase Mascarilla,Glenmark,,,,Cuidado personal,Dermatología,LANZAMIENTOS 2026,898.25,1383.3,10+1,,,OPTASE MASCARILLA
FC-91150496,8904091150496,Tabitral Crema 0.05%,Glenmark,30 g,,Crema,Cuidado personal,Dermatología,MEDICAMENTO,467.61,721.84,10+1,https://cdn.shopify.com/s/files/1/0088/1937/6188/files/Tabitral0.05_CRT30gMX.jpg,dermaexpress,TABITRAL CREMA 30GR
FC-00700021,7506200700021,Uretiv 10%,Glenmark,150 ml,,Crema,Cuidado personal,Dermatología,MEDICAMENTO,246.66,380.76,10+1,https://cdn.shopify.com/s/files/1/0088/1937/6188/files/UretivCRT150mLMX.jpg,dermaexpress,URETIV 10% LOCION 150ML
FC-20002103,3461020002103,Adaptasun Agua solar fotoprotectora,Institut Esthederm,150 ml,,,Cuidado personal,Dermatología,DESPIGMENTANTES,1136.06,1710,,https://cdn.shopify.com/s/files/1/0088/1937/6188/files/Disenosintitulo_23_4f8d7dae-33e7-4f87-8190-60fce7226992.png,dermaexpress,ESTEDHERM ADAPTASUN AGUA SOLAR FOTOPROTECTORA 150ML
FC-20002424,3461020002424,Adaptasun Leche Corporal Hidraprotectora,Institut Esthederm,200 ml,,,Cuidado personal,Dermatología,DESPIGMENTANTES,1162.64,1750,,https://cdn.shopify.com/s/files/1/0088/1937/6188/files/3461020002424.jpg,dermaexpress,ESTHEDERM ADAPTASUN LECHE CORPORAL HIDRAPROTECTORA 200ML
FC-29800007,3461029800007,Age Proteom Suero reparador,Institut Esthederm,30 ml,,,Cuidado personal,Dermatología,DESPIGMENTANTES,2029.63,3055,,https://cdn.shopify.com/s/files/1/0088/1937/6188/files/3461029800007.jpg,dermaexpress,ESTHEDERM AGE PROTEOM 30ML
FC-20004770,3461020004770,Age Proteom™ Contorno de Ojos,Institut Esthederm,15 ml,,,Cuidado personal,Dermatología,DESPIGMENTANTES,1322.09,1990,,https://cdn.shopify.com/s/files/1/0088/1937/6188/files/3461020004770_b36e7342-44c8-4ce2-8bea-86c91e007d86.avif,dermaexpress,ESTHEDERM AGE RPOTEOM TM CONTORNO DE OJOS 15ML
FC-22003054,3461022003054,Agua Celular Bruma,Institut Esthederm,200 ml,,Spray,Cuidado personal,Dermatología,DESPIGMENTANTES,663.7,999,,https://cdn.shopify.com/s/files/1/0088/1937/6188/files/3461022003054.jpg,dermaexpress,ESTHEDERM AGUA MICELAR 200ML
FC-20017091,3461020017091,Agua Celular Loción en esencia hidratante,Institut Esthederm,125 ml,,,Cuidado personal,Dermatología,DESPIGMENTANTES,840.42,1265,,https://cdn.shopify.com/s/files/1/0088/1937/6188/files/Disenosintitulo_34_d72fd8c3-9637-4d0f-8f4e-472f9cc149db.png,dermaexpress,ESTEDHERM AGUA MICELAR LOCION HIDRATANTE 125ML
FC-22003047,3461022003047,Bruma de Agua Celular,Institut Esthederm,100 ml,,,Cuidado personal,Dermatología,DESPIGMENTANTES,448.45,675,,https://cdn.shopify.com/s/files/1/0088/1937/6188/files/3461022003047.jpg,dermaexpress,ESTHEDERM AGUA MICELAR 100ML
FC-20002646,3461020002646,Esthederm Adaptasun Fotoprotector Solar,Institut Esthederm,200 ml,,,Cuidado personal,Dermatología,DESPIGMENTANTES,890.25,1340,,,,ESTHEDERM ADAPTASUN FOTOPROTECTOR SOLAR 200ML
FC-20014137,3461020014137,Esthederm Aha Peel Suero Concentrado,Institut Esthederm,30 ml,,,Cuidado personal,Dermatología,DESPIGMENTANTES,1594.47,2400,,,,ESTHEDERM AHA PEEL SUERO CONCENTRADO 30ML
FC-20014144,3461020014144,Esthederm Aha Peel Suero Suave,Institut Esthederm,30 ml,,,Cuidado personal,Dermatología,DESPIGMENTANTES,1461.6,2200,,,,ESTHEDERM AHA PEEL SUERO SUAVE 30ML
FC-20014038,3461020014038,Esthederm Hyaluronic Mascarilla,Institut Esthederm,75 ml,,,Cuidado personal,Dermatología,DESPIGMENTANTES,1315.44,1980,,,,ESTHEDERM HYALURONIC MASCARILLA 75ML
FC-20003056,3461020003056,Esthederm Intensive Hyaluronic Crema Hidratante REFILL,Institut Esthederm,50 ml,,Crema,Cuidado personal,Dermatología,DESPIGMENTANTES,1418.42,2135,,https://cdn.shopify.com/s/files/1/0088/1937/6188/files/esthederm-intensive-hyaluronic-cream-refill-50ml_1.avif,dermaexpress,ESTHEDERM INTENSIVE HYALURONIC CREMA RECARGABLE 50ML
FC-20002981,3461020002981,Esthederm Intensive Hyaluronic+ Serum,Institut Esthederm,30 ml,,,Cuidado personal,Dermatología,DESPIGMENTANTES,1594.47,2400,,,,ESTHEDERM INTENSIVE HYALURONIC+ SERUM 30ML
FC-20003025,3461020003025,Esthederm Intensive Hyaluronic+eye Serum,Institut Esthederm,15 ml,,,Cuidado personal,Dermatología,DESPIGMENTANTES,1421.74,2140,,,,ESTHEDERM INTENSIVE HYALURONIC+EYE SERUM 15ML
FC-20004947,3461020004947,Esthederm Nt Contorno de Ojos,Institut Esthederm,15 ml,,,Cuidado personal,Dermatología,DESPIGMENTANTES,1461.6,2200,,,,ESTHEDERM NT CONTORNO DE OJOS 15ML
FC-20013192,3461020013192,Esthederm Osmoclean Desmaquillante Ojos y Labios,Institut Esthederm,125 ml,,,Cuidado personal,Dermatología,DESPIGMENTANTES,597.93,900,,,,ESTHEDERM OSMOCLEAN DESMAQUILLANTE OJOS Y LABIOS 125ML
FC-23492178,3461023492178,Esthederm Propolis Crema Perfeccionadora,Institut Esthederm,50 ml,,Crema,Cuidado personal,Dermatología,DESPIGMENTANTES,1488.17,2240,,,,ESTHEDERM PROPOLIS CREMA PERFECCIONADORA 50ML
FC-23492192,3461023492192,Esthederm Propolis Mascarilla,Institut Esthederm,75 ml,,,Cuidado personal,Dermatología,DESPIGMENTANTES,1448.31,2180,,,,ESTHEDERM PROPOLIS MASCARILLA 75ML
FC-23492185,3461023492185,Esthederm Propolis Suero-Locion,Institut Esthederm,130 ml,,,Cuidado personal,Dermatología,DESPIGMENTANTES,1395.16,2100,,,,ESTHEDERM PROPOLIS SUERO-LOCION 130ML
FC-23492161,3461023492161,Esthederm Propolis+ Suero,Institut Esthederm,30 ml,,,Cuidado personal,Dermatología,DESPIGMENTANTES,1461.6,2200,,,,ESTHEDERM PROPOLIS+ SUERO 30ML
FC-20014090,3461020014090,Esthederm Spiruline,Institut Esthederm,50 ml,,Crema,Cuidado personal,Dermatología,DESPIGMENTANTES,1488.17,2240,,,,ESTHEDERM SPIRULINE CREMA 50ML
FC-20014083,3461020014083,Esthederm Spiruline Suero,Institut Esthederm,30 ml,,,Cuidado personal,Dermatología,DESPIGMENTANTES,1395.16,2100,,,,ESTHEDERM SPIRULINE SUERO 30ML
FC-20000543,3461020000543,Esthederm Vitamina C Suero,Institut Esthederm,10 ml,,,Cuidado personal,Dermatología,DESPIGMENTANTES,797.24,1200,,,,ESTHEDERM VITAMINA C SUERO 10ML
FC-20014076,3461020014076,Esthederm Vitamina E Suero,Institut Esthederm,30 ml,,,Cuidado personal,Dermatología,DESPIGMENTANTES,1395.16,2100,,,,ESTHEDERM VITAMINA E SUERO 30ML
FC-20003544,3461020003544,Excellage NT Crema Antiedad Nutri-Reparadora,Institut Esthederm,50 ml,,Crema,Cuidado personal,Dermatología,DESPIGMENTANTES,1992.43,2999,,https://cdn.shopify.com/s/files/1/0088/1937/6188/files/Disenosintitulo_d08f1583-5b52-4bcd-afbc-130e2756fbdc.png,dermaexpress,ESTHEDERM EXCELLAGE NT CREMA 50ML
FC-20003537,3461020003537,Excellage NT Serum Antiedad Nutri-Reparador,Institut Esthederm,30 ml,,,Cuidado personal,Dermatología,DESPIGMENTANTES,1959.87,2950,,https://cdn.shopify.com/s/files/1/0088/1937/6188/files/Disenosintitulo_3_4eb19302-3018-4195-b690-1052cfdf0495.png,dermaexpress,ESTHEDERM EXCELLAGE NT SERUM 30ML
FC-22001999,3461022001999,Fotoprotector facial en polvo,Institut Esthederm,15 g,,,Cuidado personal,Dermatología,DESPIGMENTANTES,1102.84,1660,,https://cdn.shopify.com/s/files/1/0088/1937/6188/files/3461022001999.jpg,dermaexpress,ESTHEDERM SUNSHINE FOTOPROTECTOR FACIAL EN POLVO 15G
FC-20001809,3461020001809,Gel Hidratante Facial,Institut Esthederm,50 ml,,Gel,Cuidado personal,Dermatología,DESPIGMENTANTES,1043.05,1570,,https://cdn.shopify.com/s/files/1/0088/1937/6188/files/ImageneslanzamientosDerx_2c2b18e6-7fb7-413f-8c80-d168b440db43.avif,dermaexpress,ESTHEDERM AGUA CELULAR GEL HIDRATANTE 50ML
FC-20003001,3461020003001,Intensive Hyaluronic Crema hidratación profunda,Institut Esthederm,50 ml,,Crema,Cuidado personal,Dermatología,DESPIGMENTANTES,1694.13,2550,,https://cdn.shopify.com/s/files/1/0088/1937/6188/files/3461020003001.jpg,dermaexpress,ESTHEDERM INTENSIVE VE HYALURONIC+CREMA 50ML
FC-20002998,3461020002998,Intensive Hyaluronic+ Mascarilla Hidratante Antiedad,Institut Esthederm,50 ml,,,Cuidado personal,Dermatología,LANZAMIENTOS 2026,1315.52,1980.12,Sin oferta (precio financiero),https://cdn.shopify.com/s/files/1/0088/1937/6188/files/3461020002998.avif,dermaexpress,ESTHEDERM INTENSIVE HYALURONIC+ MASCARILLA 50ML
FC-20003490,3461020003490,Intensive Pro-Collagen+ Crema reafirmante facial y cuello,Institut Esthederm,50 ml,,Crema,Cuidado personal,Dermatología,DESPIGMENTANTES,1694.13,2550,,https://cdn.shopify.com/s/files/1/0088/1937/6188/files/3461020003490-2.png,dermaexpress,ESTHEDERM COLLAGEN+CREMA 50ML
FC-20002929,3461020002929,Intensive Retinol Bálsamo contorno de ojos,Institut Esthederm,15 ml,,,Cuidado personal,Dermatología,DESPIGMENTANTES,1421.74,2140,,https://cdn.shopify.com/s/files/1/0088/1937/6188/files/3461020002929.png,dermaexpress,ESTHEDERM RETINOL BALSAMO REAFIRMANTE DEE OJOS 15ML
FC-20003513,3461020003513,Intensive Retinol+ Sérum-Aceite Intensivo,Institut Esthederm,15 ml,,,Cuidado personal,Dermatología,DESPIGMENTANTES,1594.47,2400,,https://cdn.shopify.com/s/files/1/0088/1937/6188/files/3461020003513.png,dermaexpress,ESTHEDERM INTENSIVE RETINOL+SUERO ACEITE 15ML
FC-20005371,3461020005371,Lift & Repair Parches Reafirmantes Para El Contorno De Ojos,Institut Esthederm,30 ml,,,Cuidado personal,Dermatología,DESPIGMENTANTES,1328.06,1999,,https://cdn.shopify.com/s/files/1/0088/1937/6188/files/3461020005371.webp,dermaexpress,ESTHEDERM LIFT&REPAIR PARCHES 30ML
FC-20014526,3461020014526,Lift & Repair Suero reafirmante para el contorno de ojos,Institut Esthederm,15 ml,,,Cuidado personal,Dermatología,DESPIGMENTANTES,1461.6,2200,,https://cdn.shopify.com/s/files/1/0088/1937/6188/files/3461020014526.jpg,dermaexpress,ESTHEDERM LIFT & REPAIR 15ML
FC-20003582,3461020003582,Light & Repair Crema Facial Iluminadora Reparadora,Institut Esthederm,50 ml,,Crema,Cuidado personal,Dermatología,DESPIGMENTANTES,1992.43,2999,,https://cdn.shopify.com/s/files/1/0088/1937/6188/files/Disenosintitulo_1_a9aff3db-3710-4280-9812-33132a7603b3.png,dermaexpress,ESTHEDERM LIGT&REPAIR CREMA 50ML
FC-20013550,3461020013550,Osmoclean Crema limpiadora,Institut Esthederm,75 ml,,Crema,Cuidado personal,Dermatología,DESPIGMENTANTES,584.64,880,,https://cdn.shopify.com/s/files/1/0088/1937/6188/files/3_b4b83aed-0dff-4953-847e-e9284a36a0f1.png,dermaexpress,ESTHEDERM OSMOCLEAN DESINCRUSTANTE SUAVE 75ML
FC-20007962,3461020007962,Osmoclean Gel limpiador,Institut Esthederm,150 ml,,Gel,Cuidado personal,Dermatología,DESPIGMENTANTES,584.64,880,,https://cdn.shopify.com/s/files/1/0088/1937/6188/files/3461020007962.jpg,dermaexpress,ESTHEDERM OSMOCLEAN GEL LIMPIADOR PURIFICANTE 150ML
FC-20008082,3461020008082,Osmoclean Mascarilla exfoliante aclaradora,Institut Esthederm,75 ml,,,Cuidado personal,Dermatología,DESPIGMENTANTES,710.87,1070,,https://cdn.shopify.com/s/files/1/0088/1937/6188/files/3701129800621_1.avif,dermaexpress,ESTHEDERM OSMOCLEAN MASCARILLA EXFOLIANTE ACLARADORA 75ML
FC-23492123,3461023492123,Photo Reverse Beige claro Protector solar facial,Institut Esthederm,50 ml,,,Cuidado personal,Dermatología,DESPIGMENTANTES,1049.69,1580,,https://cdn.shopify.com/s/files/1/0088/1937/6188/files/3461023492123.png,dermaexpress,ESTHEDERM PHOTO REVERSE BEIGE CLARO 50ML
FC-23492130,3461023492130,Photo Reverse Beige Medio Protector solar facial,Institut Esthederm,50 ml,,,Cuidado personal,Dermatología,DESPIGMENTANTES,1049.69,1580,,https://cdn.shopify.com/s/files/1/0088/1937/6188/files/Disenosintitulo_ebb4f234-741f-4b7b-97b6-d4e5a4aa2221.png,dermaexpress,ESTHEDERM PHOTO REVERSE BEIGE MEDIO 50ML
FC-20003483,3461020003483,Pro-Collagen+ Sérum reafirmante facial,Institut Esthederm,30 ml,,,Cuidado personal,Dermatología,DESPIGMENTANTES,1594.47,2400,,https://cdn.shopify.com/s/files/1/0088/1937/6188/files/3461020003483.png,dermaexpress,ESTHEDERM PRO-COLLAGEN+SUERO 30ML
FC-20003254,3461020003254,Protector solar Mineral No Sun SPF50+,Institut Esthederm,40 ml,,,Cuidado personal,Dermatología,DESPIGMENTANTES,1049.69,1580,,https://cdn.shopify.com/s/files/1/0088/1937/6188/files/3461020003254.png,dermaexpress,ESTHEDERM NO SUN MINERAL 50ML
FC-20003438,3461020003438,Retinol+ Crema Facial Renovadora Antiedad,Institut Esthederm,50 ml,,Crema,Cuidado personal,Dermatología,DESPIGMENTANTES,1694.13,2550,,https://cdn.shopify.com/s/files/1/0088/1937/6188/files/3461020003438.jpg,dermaexpress,ESTHEDERM RETINOL+CREMA 50ML
FC-20313637,8429420313637,FP Coverage 4 Gold Fotoprotector Facial Con Color SPF50+,isdin,30 ml,,,Cuidado personal,Dermatología,MAQUILLAJES,424.1,679.08,10+1,https://cdn.shopify.com/s/files/1/0088/1937/6188/files/8429420313637.jpg,dermaexpress,FP COVERAGE 4 GOLD SPF50 30ML
FC-20313644,8429420313644,FP Coverage 5 Bronze Fotoprotector Facial Con Color SPF50+,isdin,30 ml,,,Cuidado personal,Dermatología,MAQUILLAJES,424.1,679.08,10+1,https://cdn.shopify.com/s/files/1/0088/1937/6188/files/8429420313644.jpg,dermaexpress,FP COVERAGE 5 BRONZE SPF50 30ML
FC-20313590,8429420313590,FP Coverage Tono 1 Pearl SPF50 Protector Solar con Color,isdin,30 ml,,,Cuidado personal,Dermatología,MAQUILLAJES,424.1,679.08,10+1,https://cdn.shopify.com/s/files/1/0088/1937/6188/files/8429420313590-1.jpg,dermaexpress,FP COVERAGE 1 PEARL SPF50 30ML
FC-20313620,8429420313620,FP Coverage Tono 3 Sand SPF50 Protector Solar con Color,isdin,30 ml,,,Cuidado personal,Dermatología,MAQUILLAJES,424.1,679.08,10+1,https://cdn.shopify.com/s/files/1/0088/1937/6188/files/8429420313620.jpg,dermaexpress,FP COVERAGE 3 SAND SPF50 30ML
FC-20307254,8429420307254,FP Fusion Water Magic Glow Fotoprotector Facial Iluminador SPF50,isdin,50 ml,,,Cuidado personal,Dermatología,SOLARES,507.62,812.82,10+1,https://cdn.shopify.com/s/files/1/0088/1937/6188/files/8429420307254.jpg,dermaexpress,FP FW MAGIC GLOW SPF50 50ML
FC-20309531,8429420309531,Fusion Gel Sport SPF50 Protector Solar Deportivo,isdin,100 ml,,Gel,Cuidado personal,Dermatología,SOLARES,470.5,753.38,10+1,https://cdn.shopify.com/s/files/1/0088/1937/6188/files/8429420309531.jpg,dermaexpress,FUSION GEL SPORT SPF50 100ML
FC-20285644,8429420285644,Fusion Water Color Light SPF50,isdin,50 ml,,,Cuidado personal,Dermatología,SOLARES,507.62,812.82,10+1,https://cdn.shopify.com/s/files/1/0088/1937/6188/files/8429420285644.jpg,dermaexpress,FUSION WATER COLOR LIGHT SPF50 50ML
FC-20244191,8429420244191,Fusion Water Magic Repair C/C SPF50 Protector Solar Reparador con Color,isdin,50 ml,,,Cuidado personal,Dermatología,SOLARES,543.81,870.77,10+1,https://cdn.shopify.com/s/files/1/0088/1937/6188/files/8429420244191.jpg,dermaexpress,FUSION WATER MAGIC REPAIR C/C SPF50 50ML
FC-20318137,8429420318137,Isdinceutics Essential Purifier Limpiador Facial Profundo,isdin,150 ml,,,Cuidado personal,Dermatología,LIMPIADORES,391.62,627.08,10+1,https://cdn.shopify.com/s/files/1/0088/1937/6188/files/8429420318137.jpg,dermaexpress,ISDINCEUTICS ESSENTIAL PURIFIER 150ML
FC-20308794,8429420308794,Isdinceutics Essential Scrub Exfoliante Facial Suave,isdin,100 g,,,Cuidado personal,Dermatología,LIMPIADORES,361.92,579.52,10+1,https://cdn.shopify.com/s/files/1/0088/1937/6188/files/209056_1800x1800_f5afb1ca-770b-4ca7-a988-9cfde71e8be8.avif,dermaexpress,ISDINCEUTICS ESSENTIAL SCRUB 100G
FC-20292888,8429420292888,Reparador Labial Stick Rojo Hidratación y Color,isdin,4 g,,,Cuidado personal,Dermatología,EMOLIENTE,104.86,167.91,10+1,https://cdn.shopify.com/s/files/1/0088/1937/6188/files/8429420292888.jpg,dermaexpress,ISDIN REPARADOR LABIAL STICK ROJO 4G
FC-20243385,8429420243385,Salicylic Renewal Serum Renovador Con Ácido Salicílico,isdin,30 ml,,,Cuidado personal,Dermatología,SOLARES,698.78,1118.05,10+1,https://cdn.shopify.com/s/files/1/0088/1937/6188/files/8429420243385.jpg,dermaexpress,SALICYLIC RENEWAL 30ML
FC-01806475,8470001806475,Acniben Body Spray Renovador para piel grasa,Isdin,150 ml,,Spray,Cuidado personal,Dermatología,PIEL GRASA,626.4,1003.02,10+1,https://cdn.shopify.com/s/files/1/0088/1937/6188/products/8470001806475.jpg,dermaexpress,ACNIBEN BODY REDUCCION DE GRANOS CORPORALES SPRAY 150ML
FC-20249875,8429420249875,Acniben Exfoliante Limpieza Profunda,Isdin,100 ml,,,Cuidado personal,Dermatología,SOLARES,454.72,476,10+1,https://cdn.shopify.com/s/files/1/0088/1937/6188/files/8429420249875.jpg,dermaexpress,ACNIBEN EXFOLIANTE 100ML
FC-03245920,8470003245920,Acniben Gel crema facial Control de brillo y granos,Isdin,40 ml,,Crema,Cuidado personal,Dermatología,PIEL GRASA,479.78,768.24,10+1,https://cdn.shopify.com/s/files/1/0088/1937/6188/products/8470003245920.jpg,dermaexpress,ACNIBEN CONTROL DE BRILLOS Y GRANOS GEL CREMA FACIAL 40ML
FC-20227606,8429420227606,Acniben Gel matificante Limpiador para piel grasa con tendencia acnéica,Isdin,200 ml,,Gel,Cuidado personal,Dermatología,PIEL GRASA,322.94,516,10+1,https://cdn.shopify.com/s/files/1/0088/1937/6188/products/8429420227606.jpg,dermaexpress,ACNIBEN LIMPIADOR MATIFICANTE PARA PIEL GRASA GEL 200 ML
FC-20227590,8429420227590,Acniben Limpiador Matificante Piel Grasa,Isdin,400 ml,,Gel,Cuidado personal,Dermatología,SOLARES,399.04,639.46,10+1,https://cdn.shopify.com/s/files/1/0088/1937/6188/files/8429420227590.jpg,dermaexpress,ACNIBEN LIMPIADOR MATIFICANTE PIEL GRASA GEL 400ML
FC-20236769,8429420236769,Acniben Mascarilla facial Purificante ideal para piel grasa,Isdin,75 ml,,,Cuidado personal,Dermatología,PIEL GRASA,331.3,530.49,10+1,https://cdn.shopify.com/s/files/1/0088/1937/6188/files/8429420236769.jpg,dermaexpress,ACNIBEN MASCARILLA FACIAL PURIFICANTE 75ML
FC-20303539,8429420303539,Acniben Micellar Cleanser,Isdin,400 ml,,,Cuidado personal,Dermatología,SOLARES,345.22,553.2,10+1,https://cdn.shopify.com/s/files/1/0088/1937/6188/files/8429420303539.jpg,dermaexpress,ACNIBEN MICELLAR CLEANSER 400ML
FC-20236219,8429420236219,Acniben Night Concentrate Anti imperfecciones,Isdin,27 ml,,,Cuidado personal,Dermatología,PIEL GRASA,472.35,756.35,10+1,https://cdn.shopify.com/s/files/1/0088/1937/6188/files/8429420236219_1.jpg,dermaexpress,ACNIBEN CONCENTRADO ANTI IMPERFECCIONES 30 ML (NOCHE)
FC-01855107,8470001855107,Acniben On the Spot Corrector de granos,Isdin,15 ml,,,Cuidado personal,Dermatología,PIEL GRASA,263.55,422.01,10+1,https://cdn.shopify.com/s/files/1/0088/1937/6188/products/8470001855107_4.jpg,dermaexpress,ACNIBEN ON THE SPOT CORRECTOR DE GRANOS GEL 15 ML
FC-01509833,8470001509833,Acniben Toallitas Anti-imperfecciones 30 pz,Isdin,,,,Cuidado personal,Dermatología,PIEL GRASA,279.33,447.27,10+1,https://cdn.shopify.com/s/files/1/0088/1937/6188/products/8470001509833_3.jpg,dermaexpress,ACNIBEN MINIMIZADOR DE IMPERFECCIONES PIEL GRASA TOALLITAS 30U
FC-20128644,8429420128644,Agua Micelar 4 en 1 Desmaquilla limpia tonifica e hidrata,Isdin,400 ml,,,Cuidado personal,Dermatología,LIMPIADORES,357.28,572.09,10+1,https://cdn.shopify.com/s/files/1/0088/1937/6188/products/8429420128644.jpg,dermaexpress,ISDIN SOLUCION 4 EN 1 MICELLAR 400ML
FC-20331907,8429420331907,Baby Naturals Pomada Protectora para Rozaduras,Isdin,100 ml,,Pomada,Cuidado personal,Dermatología,BABY,115.45,185.02,10+1,https://cdn.shopify.com/s/files/1/0088/1937/6188/files/5702191029192_1_0e480ad2-0c4e-4eae-9f89-dee0b2514de7.avif,dermaexpress,BABYNATURALS POMADA PROTECTORA CONTRA ROZADURAS
FC-20181021,8429420181021,Babynaturals Body Lotion Hidratante,Isdin,400 ml,,,Cuidado personal,Dermatología,BABY,221.79,355.14,10+1,https://cdn.shopify.com/s/files/1/0088/1937/6188/files/8429420181021.jpg,dermaexpress,BABYNATURALS BODY LOTION 400ML
FC-20181106,8429420181106,Babynaturals Crema facial Hidratante diaria,Isdin,50 ml,,Crema,Cuidado personal,Dermatología,BABY,128.99,210,10+1,https://cdn.shopify.com/s/files/1/0088/1937/6188/files/8429420181106.jpg,dermaexpress,BABYNATURALS FACIAL CREAM 50ML
FC-20181113,8429420181113,Babynaturals First Teeth Gel protector para encías del bebé,Isdin,30 ml,,Gel,Cuidado personal,Dermatología,BABY,139.2,222.89,10+1,https://cdn.shopify.com/s/files/1/0088/1937/6188/files/8429420181113.jpg,dermaexpress,BABYNATURALS FIRST TEETH GEL 30ML
FC-20181014,8429420181014,Babynaturals Gel Shampoo para piel y cabello del bebé,Isdin,400 ml,,Gel,Cuidado personal,Dermatología,BABY,139.2,222.89,10+1,https://cdn.shopify.com/s/files/1/0088/1937/6188/files/8429420181014.jpg,dermaexpress,BABYNATURALS GEL SHAMPOO 400ML
FC-20181151,8429420181151,Babynaturals Perioral Bálsamo reparador,Isdin,15 ml,,,Cuidado personal,Dermatología,BABY,114.14,182.77,10+1,https://cdn.shopify.com/s/files/1/0088/1937/6188/files/8429420181151.jpg,dermaexpress,BABYNATURALS PERIORAL BALM 15ML
FC-20171749,8429420171749,Bexident Aftas,Isdin,8 ml,,Gel,Cuidado personal,Dermatología,ODONTOLOGIA,191.17,306.11,10+1,https://cdn.shopify.com/s/files/1/0088/1937/6188/products/8429420171749.jpg,dermaexpress,BEXIDENT AFTAS GEL 8ML
FC-20171763,8429420171763,"Bexident Aftas Colutorio, alivio rápido y duradero",Isdin,120 ml,,,Cuidado personal,Dermatología,ODONTOLOGIA,220.86,353.66,10+1,https://cdn.shopify.com/s/files/1/0088/1937/6188/products/8429420171763.jpg,dermaexpress,BEXIDENT AFTAS COLUTORIO 120ML
FC-20171756,8429420171756,"Bexident Aftas Spray Bucal , alivio rápido y duradero desde la 1ª aplicación",Isdin,15 ml,,Spray,Cuidado personal,Dermatología,ODONTOLOGIA,212.51,340.28,10+1,https://cdn.shopify.com/s/files/1/0088/1937/6188/products/8429420171756.jpg,dermaexpress,BEXIDENT AFTAS SPRAY 15ML
FC-20311411,8429420311411,Body Glow Fotoprotector Corporal con acabado luminoso SPF30,Isdin,200 ml,,,Cuidado personal,Dermatología,SOLARES,487.2,780.74,10+1,https://cdn.shopify.com/s/files/1/0088/1937/6188/files/8429420311411.jpg,dermaexpress,FP FW BODY GLOW SPF30 200ML
FC-20306936,8429420306936,Compact Light SPF50,Isdin,10 g,,,Cuidado personal,Dermatología,SOLARES,483.49,774.19,10+1,https://cdn.shopify.com/s/files/1/0088/1937/6188/files/8429420306936.jpg,dermaexpress,COMPACT LIGTH SPF50 10G
FC-20307261,8429420307261,Compact Medium SPF50,Isdin,10 g,,,Cuidado personal,Dermatología,SOLARES,483.49,774.19,10+1,https://cdn.shopify.com/s/files/1/0088/1937/6188/files/8429420307261.jpg,dermaexpress,COMPACT MEDIUM SPF50 10G
FC-03429757,8470003429757,Deo Germisdin Desodorante roll-on Sudoración excesiva,Isdin,40 ml,,,Cuidado personal,Dermatología,ANTITRASNPIRANTES,360.06,576.55,10+1,https://cdn.shopify.com/s/files/1/0088/1937/6188/products/8470003429757_2.jpg,dermaexpress,GERMISDIN RX ROLL-ON 40ML
FC-20062313,8429420062313,Eryfotona AK-NMSC Fluido Tratamiento para daño actínico,Isdin,50 ml,,Fluido,Cuidado personal,Dermatología,SOLARES,583.71,934.67,10+1,https://cdn.shopify.com/s/files/1/0088/1937/6188/products/8429420062313_4b12dc3f-e958-4d34-a075-ae0c2945c87e.jpg,dermaexpress,ERYFOTONA AK-NMSC FLUIDO 50ML
FC-20285064,8429420285064,Eryfotona Night Reparador Nocturno del Daño Solar,Isdin,50 ml,,,Cuidado personal,Dermatología,SOLARES,583.71,934.67,10+1,https://cdn.shopify.com/s/files/1/0088/1937/6188/files/8429420285064.jpg,dermaexpress,ERYFOTONA NIGHT 50ML
FC-20160750,8429420160750,Foto Ultra 100 Active Unify Color FPS 50+ Sin color,Isdin,50 ml,FPS 50+,,Cuidado personal,Dermatología,SOLARES,515.97,826.19,10+1,https://cdn.shopify.com/s/files/1/0088/1937/6188/products/8429420160750_2_6337b765-4fbd-459a-9302-aa83dea45588.jpg,dermaexpress,ISDIN ULTRA SPF50+ ACTIVE UNIFY FUSION FLUID  50ML
FC-20160668,8429420160668,Foto Ultra 100 Active Unify Color SPF50+ Fusion Fluid,Isdin,50 ml,,,Cuidado personal,Dermatología,SOLARES,515.97,826.19,10+1,https://cdn.shopify.com/s/files/1/0088/1937/6188/products/842942016066_3.jpg,dermaexpress,ISDIN ULTRA 100 ACTIVE UNIFY COLOR 50ML
FC-20160804,8429420160804,Foto Ultra 100 Spot Prevent Fluido FPS 50+ Previene manchas solares,Isdin,50 ml,FPS 50+,Fluido,Cuidado personal,Dermatología,SOLARES,515.97,826.19,10+1,https://cdn.shopify.com/s/files/1/0088/1937/6188/files/8429420160804.webp,dermaexpress,ISDIN ULTRA SPOT 100+FLUIDO 50ML
FC-20246881,8429420246881,Foto Ultra Spot Prevent Color FPS 50+,Isdin,50 ml,FPS 50+,,Cuidado personal,Dermatología,SOLARES,515.97,826.19,10+1,https://cdn.shopify.com/s/files/1/0088/1937/6188/files/8429420246881.jpg,dermaexpress,FOTOULTRA 100 ISDIN SPOT PREVENT COLOR 50ML
FC-20312388,8429420312388,Fotoprotector Body Lotion Spray Pediátrico SPF50,Isdin,250 ml,,Spray,Cuidado personal,Dermatología,LANZAMIENTOS 2026,521.54,834.5,10+1,https://cdn.shopify.com/s/files/1/0088/1937/6188/files/1_4_021585fa-c00d-4849-92f7-fc974809758e.avif,dermaexpress,FP BODY LOTION SPRAY PEDIATRICO SPF50 250ML
FC-20312432,8429420312432,Fotoprotector Body Lotion Spray SPF50,Isdin,250 ml,,Spray,Cuidado personal,Dermatología,LANZAMIENTOS 2026,502.98,805.04,10+1,https://cdn.shopify.com/s/files/1/0088/1937/6188/files/ImageneslanzamientosDerx_5_11d3db4a-ef3d-4306-b62a-ef088711dadf.avif,dermaexpress,FP BODY LOTION SPRAY SPF50 250ML
FC-20329881,8429420329881,Fotoprotector Facial Mist SPF50,Isdin,100 ml,,,Cuidado personal,Dermatología,LANZAMIENTOS 2026,343.36,549.38,10+1,https://cdn.shopify.com/s/files/1/0088/1937/6188/files/1_4_a5a96dfe-dc61-4a0e-ab65-891dd76a3634.avif,dermaexpress,FP FACIAL MIST SPF50 100ML
FC-20161214,8429420161214,Fotoprotector FPS 50+ Gel crema Alta protección solar familiar,Isdin,250 ml,FPS 50+,Crema,Cuidado personal,Dermatología,SOLARES,507.62,812.82,10+1,https://cdn.shopify.com/s/files/1/0088/1937/6188/files/Disenosintitulo_92.png,dermaexpress,ISDIN SPF50+  GEL CREMA 250ML
FC-01585066,8470001585066,Fotoprotector Fusion Fluid FPS 50+ Con color para piel sensible,Isdin,50 ml,FPS 50+,,Cuidado personal,Dermatología,SOLARES,461.22,738.52,10+1,https://cdn.shopify.com/s/files/1/0088/1937/6188/products/8470001585066_2.jpg,dermaexpress,ISDIN EXTREM 50+ FLUIDO COLOR 50ML
FC-01525369,8470001525369,Fotoprotector Fusion Fluid FPS 50+ Para piel sensible,Isdin,50 ml,FPS 50+,,Cuidado personal,Dermatología,SOLARES,461.22,738.52,10+1,https://cdn.shopify.com/s/files/1/0088/1937/6188/products/8470001525369_2.jpg,dermaexpress,ISDIN EXTREM 50+ FLUIDO 50ML
FC-20333772,8429420333772,Fotoprotector Fusion Gel by Alcaraz SPF50,Isdin,100 ml,,Gel,Cuidado personal,Dermatología,LANZAMIENTOS 2026,470.5,752.84,10+1,https://cdn.shopify.com/s/files/1/0088/1937/6188/files/Sintitulo-26deenerode2026_16.59.30-2026-08-04T112318.212.avif,dermaexpress,FP FUSION GEL BY ALCARAZ SPF50 100ML
FC-20285668,8429420285668,Fotoprotector Fusion Water Pediátrico FPS 50+,Isdin,50 ml,FPS 50+,,Cuidado personal,Dermatología,SOLARES,507.2,812.82,10+1,https://cdn.shopify.com/s/files/1/0088/1937/6188/files/3337875940139.avif,dermaexpress,ISDIN FPS50+ FUSION WS PEDIATRICS 50ML
FC-20201361,8429420201361,Fotoprotector Fusion Water Urban SPF30+,Isdin,50 ml,,Fluido,Cuidado personal,Dermatología,SOLARES,507.62,812.82,10+1,https://cdn.shopify.com/s/files/1/0088/1937/6188/files/Diseno_sin_titulo_1_dcd6a6c1-e65a-4a16-92c3-02ed3593d29f.png,dermaexpress,FUSION SPF30 FUSION WATER URBAN 50ML
FC-01631718,8470001631718,Fotoprotector Gel crema Dry Touch con color FPS 50+,Isdin,50 ml,FPS 50+,Crema,Cuidado personal,Dermatología,SOLARES,392.54,628.56,10+1,https://cdn.shopify.com/s/files/1/0088/1937/6188/files/Disenosintitulo_76.png,dermaexpress,ISDIN DRY TOUCH 50+ C/COLOR 50ML
FC-01699664,8470001699664,Fotoprotector Gel crema Dry Touch FPS 50+,Isdin,50 ml,FPS 50+,Crema,Cuidado personal,Dermatología,SOLARES,392.54,628.56,10+1,https://cdn.shopify.com/s/files/1/0088/1937/6188/files/Diseno_sin_titulo_8_54a267d4-6525-4543-9e0f-d1bfc1402767.png,dermaexpress,ISDIN DRY TOUCH 50+ GEL-CREMA 50ML
FC-20125117,8429420125117,Fotoprotector Gel crema Pediátrico SPF50+,Isdin,250 ml,,Crema,Cuidado personal,Dermatología,SOLARES,507.62,812.82,10+1,https://cdn.shopify.com/s/files/1/0088/1937/6188/products/8429420125117_0b4ee846-a3ae-44fa-963b-a714a7bb336d.jpg,dermaexpress,ISDIN SPF50+ PEDIATRICO GEL-CREMA 250ML
FC-20161245,8429420161245,Fotoprotector Hydro Oil SPF30 Bifásico que protege y broncea,Isdin,200 ml,,,Cuidado personal,Dermatología,SOLARES,475.14,760.81,10+1,https://cdn.shopify.com/s/files/1/0088/1937/6188/products/8429420161245.jpg,dermaexpress,ISDIN SPF30 HYDRO OIL 200ML
FC-20280885,8429420280885,Fotoprotector Invisible Stick SPF50 Barra,Isdin,10 g,,,Cuidado personal,Dermatología,SOLARES,313.66,502.25,10+1,https://cdn.shopify.com/s/files/1/0088/1937/6188/files/Fotoprotector-Invisible-Stick-Spf-50-10G-8429420280885-638479169045743005-1.jpg,dermaexpress,FP INVISIBLE STICK SPF50 10G
FC-20200814,8429420200814,Fotoprotector Isdin UV Mineral Brush SPF50+,Isdin,2 g,,,Cuidado personal,Dermatología,SOLARES,453.79,726.63,10+1,https://cdn.shopify.com/s/files/1/0088/1937/6188/products/WhatsAppImage2021-11-02at15.52.03.jpg,dermaexpress,ISDIN BRUSH MINERAL FPS50+ 2GR
FC-20192263,8429420192263,Fotoprotector Loción hidratante bifásica FPS 50+,Isdin,200 ml,FPS 50+,,Cuidado personal,Dermatología,SOLARES,475.14,760.81,10+1,https://cdn.shopify.com/s/files/1/0088/1937/6188/products/8429420192263.jpg,dermaexpress,ISDIN SPF50+ HYDRO LOCION 200ML
FC-20139336,8429420139336,Fotoprotector Loción Spray Pediátrico FPS 50+,Isdin,200 ml,FPS 50+,Spray,Cuidado personal,Dermatología,SOLARES,528.03,845.51,10+1,https://cdn.shopify.com/s/files/1/0088/1937/6188/products/lotionspray_pediatrics_50ml_thumbnails_1.jpg,dermaexpress,ISDIN FPS 50+ PEDIATRICO SPRAY 250ML
FC-20135185,8429420135185,Fotoprotector Mineral Brush FPS 50,Isdin,4 g,FPS 50,,Cuidado personal,Dermatología,ANTI-EDAD,628.26,1005.99,10+1,https://cdn.shopify.com/s/files/1/0088/1937/6188/products/8429420135185.jpg,dermaexpress,ISDINCEUTICS MINERAL BRUSH 4G
FC-20245341,8429420245341,Fotoultra Redness Protector solar para piel con rosácea FPS 50,Isdin,50 ml,FPS 50,,Cuidado personal,Dermatología,SOLARES,446.37,714.75,10+1,https://cdn.shopify.com/s/files/1/0088/1937/6188/files/ThumbnailWeb-ES_4186_TH_REDNESS_MAIN_0.jpg,dermaexpress,ISDIN FOTOULTRA REDNESS SPF50 50 ML
FC-20306943,8429420306943,FP Compact Bronze SPF50,Isdin,10 g,,,Cuidado personal,Dermatología,SOLARES,483.49,774.19,10+1,https://cdn.shopify.com/s/files/1/0088/1937/6188/files/8429420306943.jpg,dermaexpress,FP COMPACT BRONZE SPF50 10G
FC-20313606,8429420313606,FP Coverage Tono 2 Beige SPF50 Protector Solar con Color,Isdin,30 ml,,,Cuidado personal,Dermatología,MAQUILLAJES,424.1,679.08,10+1,https://cdn.shopify.com/s/files/1/0088/1937/6188/files/8429420313606.jpg,dermaexpress,FP COVERAGE 2 BEIGE SPF50 30ML
FC-20307995,8429420307995,FP Stick Pediátrico Refill SPF50,Isdin,20 g,,,Cuidado personal,Dermatología,SOLARES,265.41,425.2,10+1,https://cdn.shopify.com/s/files/1/0088/1937/6188/files/3760095254616.png,dermaexpress,FP STICK PEDIATRICO REFILL SPF50 20G
FC-20307988,8429420307988,FP Stick Pediatrics SPF50 Protección Solar en Stick,Isdin,20 g,,,Cuidado personal,Dermatología,SOLARES,311.81,499.96,10+1,https://cdn.shopify.com/s/files/1/0088/1937/6188/files/8429420307988-1.jpg,dermaexpress,FP STICK PEDIATRICS SPF50 20GR
FC-20248977,8429420248977,Fusion Magic Water SPF50,Isdin,50 ml,,,Cuidado personal,Dermatología,LANZAMIENTOS 2026,588.35,942.87,10+1,https://cdn.shopify.com/s/files/1/0088/1937/6188/files/MX_1349_TH_FPFUSIONWATERMAGICSPF5050ML_MAIN_IMAGE_0_1_8a97caf4-0d93-4d82-8969-2eb860038455.avif,dermaexpress,ISDIN FUSION MAGIC WATER SPF50 50ML
FC-20285651,8429420285651,Fusion Water FPS 50+ Color Bronze Fotoprotector facial,Isdin,50 ml,FPS 50+,,Cuidado personal,Dermatología,SOLARES,507.2,812.82,10+1,https://cdn.shopify.com/s/files/1/0088/1937/6188/files/3337875940139_1_1.avif,dermaexpress,ISDIN SPF50 FUSION WATER BRONZE 50ML
FC-20291317,8429420291317,Fusion Water Magic By Alcaraz FPS 50,Isdin,50 ml,FPS 50,,Cuidado personal,Dermatología,SOLARES,507.62,812.82,10+1,https://cdn.shopify.com/s/files/1/0088/1937/6188/files/8429420291317.jpg,dermaexpress,FOTOPROTECTOR FUSION WATER MAGIC BY ALCARAZ SPF50 50ML
FC-03854849,8470003854849,Germisdin Gel de baño corporal,Isdin,500 ml,,Gel,Cuidado personal,Dermatología,LIMPIADORES,289.54,463.62,10+1,https://cdn.shopify.com/s/files/1/0088/1937/6188/products/GermisdinPielNormal.jpg,dermaexpress,GERMISDIN HIGIENE CORPORAL 500ML
FC-03854764,8470003854764,Germisdin Gel de baño Sin jabón,Isdin,250 ml,,Gel,Cuidado personal,Dermatología,LIMPIADORES,180.96,289.76,10+1,https://cdn.shopify.com/s/files/1/0088/1937/6188/products/8470003854764.jpg,dermaexpress,GERMISDIN GEL BAÑO SIN JABON 250ML
FC-01875815,8470001875815,Germisdin Gel de ducha Hidratante,Isdin,500 ml,,Gel,Cuidado personal,Dermatología,LIMPIADORES,289.54,463.62,10+1,https://cdn.shopify.com/s/files/1/0088/1937/6188/products/8470001875815.jpg,dermaexpress,GERMISDIN ALOE VERA GEL DE BAÑO 500ML
FC-01625069,8470001625069,Germisdin Intim Calm Higiene íntima,Isdin,250 ml,,,Cuidado personal,Dermatología,LIMPIADORES,157.76,252.61,10+1,https://cdn.shopify.com/s/files/1/0088/1937/6188/products/8470001625069_1.jpg,dermaexpress,GERMISDIN INTIM CALM GEL 250ML
FC-20175310,8429420175310,Glicoisdin 15% Gel antiedad,Isdin,50 ml,,Gel,Cuidado personal,Dermatología,DESPIGMENTANTE,482.56,772.7,10+1,https://cdn.shopify.com/s/files/1/0088/1937/6188/products/8429420175310_2_3f501980-5866-4c93-8807-c866c4bd7992.jpg,dermaexpress,GLICOISDIN 15% GEL 50G
FC-20175327,8429420175327,Glicoisdin Gel Intense 25% Efecto peeling,Isdin,50 ml,,Gel,Cuidado personal,Dermatología,DESPIGMENTANTE,482.56,772.7,10+1,https://cdn.shopify.com/s/files/1/0088/1937/6188/products/8429420175327.jpg,dermaexpress,GLICOISDIN 25% GEL 50G
FC-20175341,8429420175341,Glicoisdin Soft 8% Crema facial antiedad,Isdin,50 ml,,Crema,Cuidado personal,Dermatología,DESPIGMENTANTE,482.56,772.7,10+1,https://cdn.shopify.com/s/files/1/0088/1937/6188/products/8429420175341_2.jpg,dermaexpress,GLICOISDIN 8% CREMA 50G
FC-20281103,8429420281103,Hyaluronic Eyes Contorno de ojos,Isdin,15 g,,,Cuidado personal,Dermatología,ANTI-EDAD,689.5,1104.07,10+1,https://cdn.shopify.com/s/files/1/0088/1937/6188/files/8429420281103.png,dermaexpress,ISDINCEUTICS HYALURONIC EYES 15g
FC-01812353,8470001812353,Isdinceutics Age Reverse Day Crema antiedad,Isdin,50 ml,,Crema,Cuidado personal,Dermatología,ANTI-EDAD,1180.42,1890.14,10+1,https://cdn.shopify.com/s/files/1/0088/1937/6188/products/8470001812353_4.jpg,dermaexpress,ISDINCEUTICS AGE REVERSE DAY 50ML
FC-20172401,8429420172401,Isdinceutics Age Reverse Night Crema antiedad,Isdin,50 ml,,Crema,Cuidado personal,Dermatología,ANTI-EDAD,1180.42,1890.14,10+1,https://cdn.shopify.com/s/files/1/0088/1937/6188/products/8429420172401.jpg,dermaexpress,ISDINCEUTICS AGE REVERSE NIGHT 50ML
FC-20218758,8429420218758,Isdinceutics Essential Cleansing Aceite limpiador,Isdin,200 ml,,,Cuidado personal,Dermatología,LIMPIADORES,535.94,858.89,10+1,https://cdn.shopify.com/s/files/1/0088/1937/6188/files/3337875940139_3.avif,dermaexpress,ISDINDEUTICS ESSENTIAL CLEANSING 200ML
FC-01864826,8470001864826,Isdinceutics Flavo-C Día + Noche Ampolletas 20 x,Isdin,2 ml,,,Cuidado personal,Dermatología,ANTI-EDAD,984.61,1576,10+1,https://cdn.shopify.com/s/files/1/0088/1937/6188/products/8470001864826.jpg,dermaexpress,ISDINCEUTICS FLAVO-C DAY&NIGHT AMP.10+10X2ML
FC-20215078,8429420215078,Isdinceutics Flavo-C Forte Antioxidante,Isdin,5.3 ml,,,Cuidado personal,Dermatología,ANTI-EDAD,438.94,702.86,10+1,https://cdn.shopify.com/s/files/1/0088/1937/6188/products/8429420215078.jpg,dermaexpress,ISDINCEUTICS FLAVO-C FORTE 5.3ML
FC-20309883,8429420309883,Isdinceutics Flavo-C Intense,Isdin,50 ml,,,Cuidado personal,Dermatología,LANZAMIENTOS 2026,969.76,1551.62,10+1,https://cdn.shopify.com/s/files/1/0088/1937/6188/files/MX_4686_TH_ISDINCEUTICSFLAVO-CINTENSE50ML_MAIN_IMAGE_TEXTURE_0.jpg,dermaexpress,ISDINCEUTICS FLAVO-C INTENSE 50ML
FC-01769145,8470001769145,Isdinceutics Flavo-C Sérum Antioxidante,Isdin,30 ml,,,Cuidado personal,Dermatología,ANTI-EDAD,873.25,1399,10+1,https://cdn.shopify.com/s/files/1/0088/1937/6188/files/thumbnail_web-ar_1449_th_flavoc30ml_main_0.avif,dermaexpress,ISDINCEUTICS FLAVO-C SERUM 30ML
FC-20175303,8429420175303,Isdinceutics Glicoisdin 10% Gel antiedad 50 ml 10%,Isdin,,,Gel,Cuidado personal,Dermatología,DESPIGMENTANTE,482.56,772.7,10+1,https://cdn.shopify.com/s/files/1/0088/1937/6188/products/8429420175303_2.jpg,dermaexpress,GLICOISDIN 10% GEL 50G
FC-20164406,8429420164406,Isdinceutics Hyaluronic Booster Sérum Hidratante y calmante intensivo 5 amp x,Isdin,2 ml,,,Cuidado personal,Dermatología,ANTI-EDAD,283.04,453.22,10+1,https://cdn.shopify.com/s/files/1/0088/1937/6188/products/HyaluricBooster_1.jpg,dermaexpress,ISDINCEUTICS HYALURONIC BOOSTER  5 AMP
FC-20200678,8429420200678,Isdinceutics Hyaluronic Concentrate Suero ultrahidratante,Isdin,30 ml,,,Cuidado personal,Dermatología,ANTI-EDAD,743.33,1190.25,10+1,https://cdn.shopify.com/s/files/1/0088/1937/6188/products/8429420200678.jpg,dermaexpress,ISDINCEUTICS HYALURONIC CONCENTRATE 30ML
FC-20222984,8429420222984,Isdinceutics Hyaluronic Moisture Hidratante para piel sensible,Isdin,50 g,,,Cuidado personal,Dermatología,ANTI-EDAD,669.09,1071.38,10+1,https://cdn.shopify.com/s/files/1/0088/1937/6188/files/8429420222984.jpg,dermaexpress,ISDINCEUTICS HM SENSITIVE 50G
FC-20222779,8429420222779,Isdinceutics Hyaluronic Moisture Hidratante piel normal a seca,Isdin,50 g,,,Cuidado personal,Dermatología,ANTI-EDAD,669.09,1071.38,10+1,https://cdn.shopify.com/s/files/1/0088/1937/6188/files/8429420222779.jpg,dermaexpress,ISDINCEUTICS HM NORMAL 50G
FC-20223349,8429420223349,Isdinceutics Hyaluronic Moisture Oily Hidratante para piel grasa,Isdin,50 g,,,Cuidado personal,Dermatología,ANTI-EDAD,669.09,1071.38,10+1,https://cdn.shopify.com/s/files/1/0088/1937/6188/files/Isdinceutics-Hm-Oily-50G-8429420223349-638441974018328637-1.jpg,dermaexpress,ISDINCEUTICS HM OILY 50G
FC-20223455,8429420223455,Isdinceutics Hyaluronic Moisture Oily Refill,Isdin,50 g,,,Cuidado personal,Dermatología,ANTI-EDAD,517.82,829.17,10+1,https://cdn.shopify.com/s/files/1/0088/1937/6188/files/Isdinceutics-Hm-Oily-Refill-50G-8429420223455-638441974074477172-1.jpg,dermaexpress,ISDINCEUTICS HM OILY REFILL 50G
FC-20223028,8429420223028,Isdinceutics Hyaluronic Moisture Refill Hidratante para piel sensible,Isdin,50 g,,,Cuidado personal,Dermatología,ANTI-EDAD,517.82,829.17,10+1,https://cdn.shopify.com/s/files/1/0088/1937/6188/files/be544d7e-52e8-4050-9f6c-7eb2bb4bdf0c.jpg,dermaexpress,ISDINCEUTICS HM SENSITIVE REFILL 50G
FC-20222946,8429420222946,Isdinceutics Hyaluronic Moisture Refill Piel normal a seca,Isdin,50 g,,,Cuidado personal,Dermatología,ANTI-EDAD,517.82,829.17,10+1,https://cdn.shopify.com/s/files/1/0088/1937/6188/files/cba43c4b-5254-4192-9cfe-23c0233f776d.jpg,dermaexpress,ISDINCEUTICS HM NORMAL REFILL 50G
FC-20165472,8429420165472,Isdinceutics Instant Flash Efecto lifting inmediato 5 amp x,Isdin,2 ml,,,Cuidado personal,Dermatología,ANTI-EDAD,283.04,453.22,10+1,https://cdn.shopify.com/s/files/1/0088/1937/6188/files/2_8f1aa026-ad56-4e7b-b6e9-629f65a30ec3.png,dermaexpress,ISDINCEUTICS INSTANT FLASH  AMP. 5X2ML
FC-01769183,8470001769183,Isdinceutics K-Ox Eyes Contorno de ojos,Isdin,15 ml,,,Cuidado personal,Dermatología,ANTI-EDAD,760.03,1218,10+1,https://cdn.shopify.com/s/files/1/0088/1937/6188/files/3337875940139_1ee5b545-3291-49ee-ae7a-ffd3e1139ab7.avif,dermaexpress,ISDINCEUTICS K-OX OJOS 15G
FC-20271968,8429420271968,Isdinceutics MelaClear Advanced REFILL,Isdin,30 ml,,,Cuidado personal,Dermatología,LANZAMIENTOS 2026,801.79,1282.84,10+1,https://cdn.shopify.com/s/files/1/0088/1937/6188/files/ImageneslanzamientosDerx_5_91fc4cf5-efe5-4b69-8a41-87bc793c0836.avif,dermaexpress,ISDINCEUTICS MELACLEAR ADVANCED REFILL 30ML
FC-20261389,8429420261389,Isdinceutics Melaclear Advanced Sérum Antimanchas,Isdin,30 ml,,,Cuidado personal,Dermatología,DESPIGMENTANTE,943.78,1512.47,10+1,https://cdn.shopify.com/s/files/1/0088/1937/6188/files/3337875940139_fd419ee8-321d-412c-8cd8-530caa45c8e2.avif,dermaexpress,ISDINCEUTICS MELACLEAR ADVANCED 30ML
FC-20114609,8429420114609,Isdinceutics Melatonik Suero reparador de noche,Isdin,30 ml,,,Cuidado personal,Dermatología,ANTI-EDAD,1554.4,2488.98,10+1,https://cdn.shopify.com/s/files/1/0088/1937/6188/products/8429420114609-2.jpg,dermaexpress,ISDINCEUTICS MELATONIK SERUM 30ML
FC-20288171,8429420288171,Isdinceutics Retinal Eyes Contorno De Ojos Con Retinal,Isdin,20 ml,,,Cuidado personal,Dermatología,ANTI-EDAD,786.02,1258.61,10+1,https://cdn.shopify.com/s/files/1/0088/1937/6188/files/8429420288171.jpg,dermaexpress,ISDINCEUTICS RETINAL EYES 20ML
FC-20260979,8429420260979,Isdinceutics Retinal Intense Suero antiarrugas,Isdin,50 ml,,,Cuidado personal,Dermatología,ANTI-EDAD,969.76,1554.1,10+1,https://cdn.shopify.com/s/files/1/0088/1937/6188/files/8429420260979.jpg,dermaexpress,ISDINCEUTICS RETINAL INTENSE 50ML
FC-20288188,8429420288188,Isdinceutics Retinal Smooth Renovador Antiedad,Isdin,50 ml,,,Cuidado personal,Dermatología,ANTI-EDAD,831.49,1331.42,10+1,https://cdn.shopify.com/s/files/1/0088/1937/6188/files/8429420288188.jpg,dermaexpress,ISDINCEUTICS RETINAL SMOOTH 50ML
FC-20203082,8429420203082,Isdinceutics Vital Eyes Crema reparadora antiarrugas,Isdin,15 g,,Crema,Cuidado personal,Dermatología,ANTI-EDAD,701.57,1122.51,10+1,https://cdn.shopify.com/s/files/1/0088/1937/6188/products/8429420203082.jpg,dermaexpress,ISDINCEUTICS VITAL EYES 15GR
FC-20156982,8429420156982,Lambdacaps Suplemento alimenticio,Isdin,30 cápsulas,,Cápsulas,Cuidado personal,Dermatología,CAPILARES,651.46,1043.14,10+1,https://cdn.shopify.com/s/files/1/0088/1937/6188/products/8429420156982_1bee010c-a5e4-4a1e-8203-88947bb6be70.jpg,dermaexpress,LAMBDACAPS C/30 CAPSULAS
FC-01757104,8470001757104,Lambdapil Hair Loss Shampoo Anticaída,Isdin,400 ml,,,Cuidado personal,Dermatología,CAPILARES,489.98,784.59,10+1,https://cdn.shopify.com/s/files/1/0088/1937/6188/files/8470001757104.jpg,dermaexpress,LAMBDAPIL HAIR LOSS 400ML
FC-20083585,8429420083585,Lambdapil Loción anticaída en,Isdin,125 ml,,Spray,Cuidado personal,Dermatología,CAPILARES,660.74,1057,10+1,https://cdn.shopify.com/s/files/1/0088/1937/6188/products/LambdapilSpray.jpg,dermaexpress,LAMBDAPIL SPRAY 125ML
FC-01648198,8470001648198,Lambdapil Shampoo Anticaída,Isdin,200 ml,,,Cuidado personal,Dermatología,CAPILARES,327.58,524.54,10+1,https://cdn.shopify.com/s/files/1/0088/1937/6188/products/LamdapilShampoo.jpg,dermaexpress,LAMBDAPIL SHAMPOO 200ML
FC-20285637,8429420285637,Magic Color Medium SPF50,Isdin,50 ml,,,Cuidado personal,Dermatología,LANZAMIENTOS 2026,588.35,942.87,10+1,https://cdn.shopify.com/s/files/1/0088/1937/6188/files/MX_3227_TH_FPFUSIONWATERCOLORMEDIUMSPF5050ML_MAIN_IMAGE_0.avif,dermaexpress,ISDIN MAGIC COLOR MEDIUM SPF50 50ML
FC-20050921,8429420050921,Niogermox 8% Solución antimicótica en laca,Isdin,3.3 ml,,Solución,Cuidado personal,Dermatología,UÑAS,520.8,967.36,10+1,https://cdn.shopify.com/s/files/1/0088/1937/6188/products/8429420050921.jpg,dermaexpress,NIOGERMOX 8% SOLUCION 3.3ML
FC-20096967,8429420096967,Niogermox 8% Solución antimicótica en laca,Isdin,6.6 ml,,Solución,Cuidado personal,Dermatología,UÑAS,788.8,1465.16,10+1,https://cdn.shopify.com/s/files/1/0088/1937/6188/products/8429420096967_59d931bc-8b0e-4f17-8bef-7f99abac3440.jpg,dermaexpress,NIOGERMOX 8% SOLUCION 6.6ML
FC-20222465,8429420222465,Nutradeica Gel-crema facial Para dermatitis seborreica,Isdin,50 ml,,Crema,Cuidado personal,Dermatología,ANTITRASNPIRANTES,352.64,564.66,10+1,https://cdn.shopify.com/s/files/1/0088/1937/6188/products/8429420222465_1.jpg,dermaexpress,NUTRADEICA GEL CREMA FACIAL 50ML
FC-20222472,8429420222472,Nutradeica Shampoo Anticaspa grasa,Isdin,200 ml,,,Cuidado personal,Dermatología,CAPILARES,349.86,560.21,10+1,https://cdn.shopify.com/s/files/1/0088/1937/6188/products/8429420222472.jpg,dermaexpress,NUTRADEICA SHAMPOO 200ML
FC-01547927,8470001547927,Nutratopic Pro-AMP Crema facial para piel atópica,Isdin,50 ml,,Crema,Cuidado personal,Dermatología,EMOLIENTE,416.67,667.2,10+1,https://cdn.shopify.com/s/files/1/0088/1937/6188/products/8470001547927_2.jpg,dermaexpress,NUTRATOPIC PRO-AMP CREMA 50GR
FC-02006454,8470002006454,Nutratopic Pro-AMP Crema hidratante,Isdin,200 ml,,Crema,Cuidado personal,Dermatología,EMOLIENTE,437.09,699.89,10+1,https://cdn.shopify.com/s/files/1/0088/1937/6188/products/8470002006454_2.jpg,dermaexpress,NUTRATOPIC PRO-AMP CREMA 200ML
FC-01509840,8470001509840,Nutratopic Pro-AMP Gel de baño Emoliente para piel atópica,Isdin,750 ml,,Gel,Cuidado personal,Dermatología,EMOLIENTE,435.23,696.92,10+1,https://cdn.shopify.com/s/files/1/0088/1937/6188/products/8470001509840_23752b8f-f467-46ca-9456-950059532a6a.jpg,dermaexpress,NUTRATOPIC PRO-AMP BAÑO 750ML
FC-20166547,8429420166547,Nutratopic Pro-AMP Loción emoliente Hidrata y calma la piel atópica,Isdin,400 ml,,,Cuidado personal,Dermatología,EMOLIENTE,439.87,704,10+1,https://cdn.shopify.com/s/files/1/0088/1937/6188/products/NUTRATOPICLOCION400ml.jpg,dermaexpress,NUTRATOPIC PRO-AMP LOCION 400ML
FC-20187962,8429420187962,Pediatrics Fotoprotector Mineral Baby FPS 50,Isdin,50 ml,FPS 50,,Cuidado personal,Dermatología,SOLARES,508.54,814.31,10+1,https://cdn.shopify.com/s/files/1/0088/1937/6188/files/Diseno_sin_titulo_8db6081b-cb33-4964-bd4f-cd193d8360fc.png,dermaexpress,ISDIN FPS50+ BABY MINERAL 50ML
FC-20188020,8429420188020,Pediatrics Fotoprotector Spray Wet Skin FPS 50,Isdin,250 ml,FPS 50,Spray,Cuidado personal,Dermatología,SOLARES,521.54,835.11,10+1,https://cdn.shopify.com/s/files/1/0088/1937/6188/products/8429420188020.jpg,dermaexpress,ISDIN FPS50+ TRANSPARENT WS PED. SPRAY 250ML
FC-20309845,8429420309845,Post Solar Aftersun Lotion,Isdin,100 ml,,,Cuidado personal,Dermatología,LANZAMIENTOS 2026,174.46,279.14,10+1,https://cdn.shopify.com/s/files/1/0088/1937/6188/files/ImageneslanzamientosDerx_5_bec1b6d2-662d-46ad-8af4-5acdd40a83c5.avif,dermaexpress,PS AFTERSUN LOTION 100ML
FC-20268302,8429420268302,Protector Labial SPF50 Hidratante y Protector,Isdin,14 g,,,Cuidado personal,Dermatología,SOLARES,104.86,167.91,10+1,https://cdn.shopify.com/s/files/1/0088/1937/6188/files/8429420268302.jpg,dermaexpress,ISDIN PROTECTOR LABIAL SPF50 14G
FC-20268296,8429420268296,Protector Solar Labial SPF30 Hidratante y Protector,Isdin,4 g,,,Cuidado personal,Dermatología,SOLARES,104.86,167.91,10+1,https://cdn.shopify.com/s/files/1/0088/1937/6188/files/8429420268296.jpg,dermaexpress,PROTECTOR SOLAR LABIAL SPF30 4G
FC-20187917,8429420187917,Protector Solar Transparent Spray Wet Skin SPF50,Isdin,250 ml,,Spray,Cuidado personal,Dermatología,SOLARES,502.98,805.39,10+1,https://cdn.shopify.com/s/files/1/0088/1937/6188/files/8429420187917_53ca7c7e-9b48-4043-94d2-30df7efbf024.jpg,dermaexpress,TRANSPARENT SPRAY WS SPF50 250ML
FC-03808996,8470003808996,PS After Sun Lotion Hidratación y Refrescante,Isdin,200 ml,,,Cuidado personal,Dermatología,EMOLIENTE,274.69,440.19,10+1,https://cdn.shopify.com/s/files/1/0088/1937/6188/files/8470003808996-3.jpg,dermaexpress,PS AFTERSUN LOTION 200ML
FC-03233941,8470003233941,PS After Sun Spray Hidratante y Refrescante,Isdin,200 ml,,Spray,Cuidado personal,Dermatología,EMOLIENTE,274.69,440.22,10+1,https://cdn.shopify.com/s/files/1/0088/1937/6188/files/8470003233941_6137b6d7-5e98-497d-88fb-0e2b8f742419.jpg,dermaexpress,PS AFTERSUN SPRAY 200ML
FC-20204348,8429420204348,Psorisdin Shampoo Antidescamación,Isdin,200 ml,,,Cuidado personal,Dermatología,CAPILARES,396.26,634.5,10+1,https://cdn.shopify.com/s/files/1/0088/1937/6188/products/Psorisdin-Shampoo-200-Ml-8429420204348-637474248974284621-1_1.jpg,dermaexpress,PSORISDIN SHAMPOO 200ML
FC-20292901,8429420292901,Reparador Labial Stick Granate Hidratación y Color,Isdin,4 g,,,Cuidado personal,Dermatología,EMOLIENTE,104.86,167.91,10+1,https://cdn.shopify.com/s/files/1/0088/1937/6188/files/8429420292901.jpg,dermaexpress,ISDIN REPARADOR LABIAL STICK GRANATE 4G
FC-01901200,8470001901200,Reparador Labial Stick Hidratación y Protección,Isdin,4 g,,,Cuidado personal,Dermatología,EMOLIENTE,104.86,167.91,10+1,https://cdn.shopify.com/s/files/1/0088/1937/6188/files/8470001901200.jpg,dermaexpress,ISDIN REPARADOR LABIAL STICK 4G
FC-20292871,8429420292871,Reparador Labial Stick Rosa Hidratación y Color,Isdin,4 g,,,Cuidado personal,Dermatología,EMOLIENTE,104.86,167.91,10+1,https://cdn.shopify.com/s/files/1/0088/1937/6188/files/8429420292871.jpg,dermaexpress,ISDIN REPARADOR LABIAL STICK ROSA 4G
FC-01915528,8470001915528,Si-Nails Fortalecedor de uñas,Isdin,2.5 ml,,,Cuidado personal,Dermatología,UÑAS,373.98,598.84,10+1,https://cdn.shopify.com/s/files/1/0088/1937/6188/products/8470001915528_1.jpg,dermaexpress,ISDIN SI-NAILS 2.5 ML
FC-03913423,8470003913423,Ureadin Contorno de ojos,Isdin,15 ml,,,Cuidado personal,Dermatología,EMOLIENTE,327.58,525,10+1,https://cdn.shopify.com/s/files/1/0088/1937/6188/files/8470003913423.jpg,dermaexpress,UREADIN Contorno de Ojos15ML
FC-20305489,8429420305489,Ureadin Cream 10 Hidratación Intensa,Isdin,300 ml,,,Cuidado personal,Dermatología,EMOLIENTE,233.86,374.46,10+1,https://cdn.shopify.com/s/files/1/0088/1937/6188/files/8429420305489.jpg,dermaexpress,UREADIN CREAM10 300ML
FC-20152120,8429420152120,Ureadin Crema de manos reparadora,Isdin,50 ml,,Crema,Cuidado personal,Dermatología,EMOLIENTE,112.29,179.8,10+1,https://cdn.shopify.com/s/files/1/0088/1937/6188/products/8429420152120.jpg,dermaexpress,UREADIN MANOS CREMA 50ML
FC-03808576,8470003808576,Ureadin Crema hidratación intensa,Isdin,50 ml,,Crema,Cuidado personal,Dermatología,EMOLIENTE,325.73,523,10+1,https://cdn.shopify.com/s/files/1/0088/1937/6188/files/8470003808576.jpg,dermaexpress,UREADIN FACIAL CREAM 50ML
FC-01691880,8470001691880,Ureadin Fusion Suero lift antiarrugas,Isdin,30 g,,,Cuidado personal,Dermatología,EMOLIENTE,515.97,826.19,10+1,https://cdn.shopify.com/s/files/1/0088/1937/6188/files/8470001691880-ISDIN-UREADIN-FUSION-SERUM-LIFT-ANTIARRUGAS-30-ML.jpg,dermaexpress,UREADIN FUSION SERUM LIFT ANTIARRUGAS 30GR
FC-20251366,8429420251366,Ureadin Lotion 10 Hidratante para piel seca,Isdin,400 ml,,,Cuidado personal,Dermatología,EMOLIENTE,320.16,514,10+1,https://cdn.shopify.com/s/files/1/0088/1937/6188/files/8429420251366_1.jpg,dermaexpress,UREADIN LOTION10 400ML
FC-01527349,8470001527349,Ureadin Podos Gel Oil Hidratante para pies secos,Isdin,75 ml,,Gel,Cuidado personal,Dermatología,EMOLIENTE,258.91,414.58,10+1,https://cdn.shopify.com/s/files/1/0088/1937/6188/products/8470001527349-2.jpg,dermaexpress,UREADIN PODOS GEL OIL 75ML
FC-20251632,8429420251632,Ureadin Shower Gel Pieles secas,Isdin,400 ml,,Gel,Cuidado personal,Dermatología,EMOLIENTE,363.78,583,10+1,https://cdn.shopify.com/s/files/1/0088/1937/6188/files/8429420251632_1.jpg,dermaexpress,UREADIN SHOWER GEL 400ML
FC-01532435,8470001532435,Ureadin Ultra 10 Loción hidratante para piel muy seca,Isdin,200 ml,,,Cuidado personal,Dermatología,EMOLIENTE,296.03,474.02,10+1,https://cdn.shopify.com/s/files/1/0088/1937/6188/products/8470001532435-2.jpg,dermaexpress,UREADIN ULTRA 10 LOCION 200ML
FC-01541871,8470001541871,Ureadin Ultra 20 Crema anti-rugosidades,Isdin,100 ml,,Crema,Cuidado personal,Dermatología,EMOLIENTE,296.03,474.02,10+1,https://cdn.shopify.com/s/files/1/0088/1937/6188/products/8470001541871-2.jpg,dermaexpress,UREADIN ULTRA 20 CREMA 100ML
FC-02129856,8470002129856,Ureadin Ultra 30 Crema exfoliante,Isdin,50 ml,,Crema,Cuidado personal,Dermatología,EMOLIENTE,274.69,439.84,10+1,https://cdn.shopify.com/s/files/1/0088/1937/6188/products/8470002129856_f374a8e2-98c8-4aa7-85ca-829d61ac15b2.jpg,dermaexpress,UREADIN ULTRA 30 CREMA 50ML
FC-01532411,8470001532411,Ureadin Ultra 40 Gel-Oil Exfoliante intenso,Isdin,30 ml,,Gel,Cuidado personal,Dermatología,EMOLIENTE,296.03,474.02,10+1,https://cdn.shopify.com/s/files/1/0088/1937/6188/products/8470001532411_a37234c1-bedf-4248-982a-793d42770283.jpg,dermaexpress,UREADIN ULTRA 40 GEL-OIL 30ML
FC-20184527,8429420184527,Woman Crema antiestrías,Isdin,250 ml,,Crema,Cuidado personal,Dermatología,WOMAN,395.33,633.02,10+1,https://cdn.shopify.com/s/files/1/0088/1937/6188/products/8429420089037_3804e6fd-fa47-4b05-bb99-f9741d87f99e.webp,dermaexpress,ISDIN WOMAN CREMA ANTIESTRÍAS 250ML
FC-20109445,8429420109445,Woman Crema hidratante vulvar,Isdin,30 g,,Crema,Cuidado personal,Dermatología,WOMAN,200.45,320.97,10+1,https://cdn.shopify.com/s/files/1/0088/1937/6188/products/8429420109445_1.jpg,dermaexpress,WOMAN ISDIN HIDRATANTE VULVAR 30GR
FC-20184558,8429420184558,Woman Crema Reafirmante,Isdin,200 ml,,Crema,Cuidado personal,Dermatología,WOMAN,358.21,573.58,10+1,https://cdn.shopify.com/s/files/1/0088/1937/6188/files/8429420184558_2.jpg,dermaexpress,ISDIN WOMAN CREMA REAFIRMANTE 200ML
FC-20164994,8429420164994,Woman Gel de limpieza íntima,Isdin,200 ml,,Gel,Cuidado personal,Dermatología,WOMAN,208.8,334.34,10+1,https://cdn.shopify.com/s/files/1/0088/1937/6188/products/HIGIENE.jpg,dermaexpress,WOMAN ISDIN HIGIENE INTIMA 200ML
FC-20113923,8429420113923,Woman Hidratante vaginal 12 monodosis,Isdin,,,,Cuidado personal,Dermatología,WOMAN,416.67,667.2,10+1,https://cdn.shopify.com/s/files/1/0088/1937/6188/products/HIDRATANTE_VAGINAL.jpg,dermaexpress,WOMAN ISDIN HIDRATANTE VAGINAL C/12 MONODOSIS
FC-20144835,8429420144835,Woman Lubricante vaginal,Isdin,30 ml,,,Cuidado personal,Dermatología,WOMAN,165.18,264.5,10+1,https://cdn.shopify.com/s/files/1/0088/1937/6188/products/8429420144835.jpg,dermaexpress,WOMAN ISDIN LUBRICANTE INTIMO 30GR
FC-20107502,8429420107502,50+ Fusion Water,ISDIN,50 ml,,Fluido,Cuidado personal,Dermatología,SOLARES,507.62,812.82,10+1,,,ISDIN 50+ FUSION WATER FLUIDO 50ML
FC-20181137,8429420181137,Baby Naturals Baby Mist,ISDIN,200 ml,,,Cuidado personal,Dermatología,BABY,123.42,200,10+1,,,BABY NATURALS BABY MIST 200ML
FC-20069411,8429420069411,Barcilus Tratamiento Vaginales Caja,ISDIN,C/6 Capsulas,,Cápsulas,Cuidado personal,Dermatología,WOMAN,410.18,656.79,10+1,https://gruporfp.vteximg.com.br/arquivos/ids/6997596/8429420069411_01.jpg,farmatodo,ISADIN BARCILUS C/6 CAPSULAS VAGINALES
FC-20303348,8429420303348,Fp Gel Cream SPF50,ISDIN,100 ml,,Gel,Cuidado personal,Dermatología,LANZAMIENTOS 2026,248.98,398.37,10+1,,,FP GEL CREAM SPF50 100ML
FC-20322721,8429420322721,Fp Transparent Spray Ws SPF50,ISDIN,100 ml,,Spray,Cuidado personal,Dermatología,LANZAMIENTOS 2026,248.98,398.37,10+1,,,FP TRANSPARENT SPRAY WS SPF50 100ML
FC-20196377,8429420196377,FPS 50+ Fusion Ws Pediatrics,ISDIN,50 ml,FPS 50+,,Cuidado personal,Dermatología,SOLARES,507.62,812.82,10+1,,,ISDIN FPS50+ FUSION WS PEDIATRICS 50ML
FC-20175372,8429420175372,Glicoisdin 15%,ISDIN,50 g,,Crema,Cuidado personal,Dermatología,DESPIGMENTANTE,482.56,772.7,10+1,,,GLICOISDIN 15% CREMA 50G
FC-20226135,8429420226135,Isdinceutics Essential Cleansing,ISDIN,200 ml,,,Cuidado personal,Dermatología,ANTI-EDAD,536.38,858.88,10+1,,,ISDINCEUTICS ESSENTIAL CLEANSING 200ML
FC-20113374,8429420113374,Isdinceutics K-Ox Ojos,ISDIN,15 ml,,,Cuidado personal,Dermatología,ANTI-EDAD,760.03,1218,10+1,,,ISDINCEUTICS K-OX OJOS 15ML
FC-20252493,8429420252493,Isdinceutics Melaclear Advanced,ISDIN,30 ml,,,Cuidado personal,Dermatología,ANTI-EDAD,943.78,1512.47,10+1,,,ISDINCEUTICS MELACLEAR ADVANCED 30ML
FC-20132788,8429420132788,Itraisdin 50 mg,ISDIN,C/7 Capsulas,50 mg,Cápsulas,Cuidado personal,Dermatología,MEDICAMENTO,173.6,322.45,10+1,,,ITRAISDIN 50MG C/7 CAPSULAS
FC-20132672,8429420132672,Itraisdin 50 mg,ISDIN,C/14 Capsulas,50 mg,Cápsulas,Cuidado personal,Dermatología,MEDICAMENTO,343.2,637.48,10+1,,,ITRAISDIN 50MG C/14 CAPSULAS
FC-01507983,8470001507983,Nutrabalm Protector Reparador Labios Tubo C,ISDIN,10 ml,,,Cuidado personal,Dermatología,EMOLIENTE,121.57,194.66,10+1,https://gruporfp.vteximg.com.br/arquivos/ids/7008289/8470001507983_01.jpg,farmatodo,ISDIN REPARADOR LABIAL 10ML
FC-20070974,8429420070974,Sigermel,ISDIN,20 ml,,Solución,Cuidado personal,Dermatología,ANTI-VERRUGAS,322.02,515.63,10+1,,,SIGERMEL SOLUCION 20ML
FC-20216075,8429420216075,SPF50 Age Repair Fusion Water Color,ISDIN,50 ml,,,Cuidado personal,Dermatología,SOLARES,543.81,870.77,10+1,,,ISDIN SPF50 AGE REPAIR FUSION WATER COLOR 50ML
FC-20226272,8429420226272,SPF50 Fusion Water Bronze,ISDIN,50 ml,,,Cuidado personal,Dermatología,SOLARES,507.62,812.82,10+1,,,ISDIN SPF50 FUSION WATER BRONZE 50ML
FC-20154186,8429420154186,SPF50 Fusion Water Color,ISDIN,50 ml,,,Cuidado personal,Dermatología,SOLARES,507.62,812.82,10+1,,,ISDIN SPF50 FUSION WATER COLOR 50ML
FC-20265813,8429420265813,UREADIN Oleogel,ISDIN,400 ml,,,Cuidado personal,Dermatología,EMOLIENTE,342.43,549,10+1,,,UREADIN Oleogel 400ML
FC-20132474,8429420132474,Verrutop Ampolletas 4x,ISDIN,0.10 ml,,,Cuidado personal,Dermatología,ANTI-VERRUGAS,618.98,991.14,10+1,,,ISDIN VERRUTOP AMPOLLETAS 4X0.10ML
FC-75695152,3337875695152,Capital Soleil Agua Proteccion Solar SPF50,Isispharma,200 ml,,,Cuidado personal,Dermatología,SOLARES,563.29,799,5+1,,,CAPITAL SOLEIL AGUA PROTECCION SOLAR SPF50 200ML
FC-75695145,3337875695145,Capital Soleil Agua Solar Hidratante SPF50,Isispharma,200 ml,,,Cuidado personal,Dermatología,SOLARES,563.29,799,5+1,,,CAPITAL SOLEIL AGUA SOLAR HIDRATANTE SPF50 200ML
FC-69770577,3760269770577,Cicapro,Isispharma,100 ml,,Crema,Cuidado personal,Dermatología,CICATRIZANTES,400,500,,https://cdn.shopify.com/s/files/1/0088/1937/6188/files/Cicapro-Cream-100ml-3760269770577_1.avif,dermaexpress,CICAPRO CREMA 100ML
FC-69770355,3760269770355,Cicapro Cracks Reparador Bálsamo Reparador,Isispharma,40 ml,,,Cuidado personal,Dermatología,CICATRIZANTES,280,350,,https://cdn.shopify.com/s/files/1/0088/1937/6188/files/Cicapro-Cracks-3760269770355_1.avif,dermaexpress,CICAPRO CRACKS 40ML
FC-69770416,3760269770416,Cicapro Crema Reparadora FPS 50+,Isispharma,40 ml,FPS 50+,Crema,Cuidado personal,Dermatología,LANZAMIENTOS 2026,280,350,,https://cdn.shopify.com/s/files/1/0088/1937/6188/files/Cicapro-Cream-SPF50-3760269770416.avif,dermaexpress,CICAPRO CREMA FPS50+ 40ML
FC-69770485,3760269770485,Cicapro Crema Reparadora Intensiva,Isispharma,40 ml,,Crema,Cuidado personal,Dermatología,CICATRIZANTES,256,320,,https://cdn.shopify.com/s/files/1/0088/1937/6188/files/Cicapro-Cream-40ml-3760269770485_1.avif,dermaexpress,CICAPRO CREMA 40ML
FC-69770263,3760269770263,Cicapro Lips Bálsamo Reparador,Isispharma,15 ml,,,Cuidado personal,Dermatología,CICATRIZANTES,159.2,199,,https://cdn.shopify.com/s/files/1/0088/1937/6188/files/Cicapro-Lips-3760269770263_1.avif,dermaexpress,CICAPRO LIPS 15ML
FC-75957137,3337875957137,Derco Shampoo Anti Caspa,Isispharma,95 ml,,,Cuidado personal,Dermatología,LANZAMIENTOS 2026,310.2,440,5+1,,,DERCO SHAMPOO ANTI CASPA 95ML
FC-75787222,3337875787222,Dercos Shampoo Psolution Tratamiento Keratorreductor Piel Cabelluda Sensible,Isispharma,200 ml,,,Cuidado personal,Dermatología,CAPILARES,492.79,699,5+1,,,DERCOS SHAMPOO PSOLUTION TRATAMIENTO KERATORREDUCTOR PIEL CABELLUDA SENSIBLE 200ML
FC-69770065,3760269770065,Geneskin Baume Gel Bálsamo facial anti-edad,Isispharma,50 ml,,Gel,Cuidado personal,Dermatología,ANTI-EDAD,1200,1500,,https://cdn.shopify.com/s/files/1/0088/1937/6188/products/GeneskinLiftBalsamo.jpg,dermaexpress,GENESKIN LIFT BALSAMO 50ML
FC-69770096,3760269770096,Geneskin c premium vitamina c 20% antioxidante,Isispharma,10 ml,,,Cuidado personal,Dermatología,ANTI-EDAD,1593.6,1992,,https://cdn.shopify.com/s/files/1/0088/1937/6188/files/Diseno_sin_titulo_34.png,dermaexpress,GENESKIN C PREMIUM VIT C 20% 10ML
FC-69770072,3760269770072,Geneskin Lift Crema alisadora anti edad,Isispharma,50 ml,,Crema,Cuidado personal,Dermatología,ANTI-EDAD,1440,1800,,https://cdn.shopify.com/s/files/1/0088/1937/6188/products/GeneskinLiftCrema.jpg,dermaexpress,GENESKIN LIFT CREMA 50ML
FC-69770089,3760269770089,Geneskin Lift Serum Reduce las arrugas y reafirma la piel,Isispharma,28 ml,,,Cuidado personal,Dermatología,ANTI-EDAD,1440,1800,,https://cdn.shopify.com/s/files/1/0088/1937/6188/products/GeneskinLift.jpg,dermaexpress,GENESKIN LIFT SUERO 28ML
FC-69770119,3760269770119,Geneskin White Suero aclarante Difumina las manchas oscuras,Isispharma,28 ml,,,Cuidado personal,Dermatología,ANTI-EDAD,1542.4,1928,,https://cdn.shopify.com/s/files/1/0088/1937/6188/products/GeneskinWhite.jpg,dermaexpress,GENESKIN WHITE SUERO ACLARANTE 28ML
FC-69770553,3760269770553,Glyco-A Body Peeling corporal,Isispharma,200 ml,,,Cuidado personal,Dermatología,EXFOLIANTES,799.2,999,,https://cdn.shopify.com/s/files/1/0088/1937/6188/files/Diseno_sin_titulo_7_470cb769-03d7-4d85-bdf4-3731e5dd2e2f.png,dermaexpress,GLYCO-A BODY PEELING CORPORAL 200ML
FC-69770560,3760269770560,Glyco-A Espuma limpiadora Limpia la piel y elimina impurezas,Isispharma,100 ml,,,Cuidado personal,Dermatología,EXFOLIANTES,572.8,716,,https://cdn.shopify.com/s/files/1/0088/1937/6188/products/DERMAfoamer.jpg,dermaexpress,CLYCO-A ESPUMA LIMPIADORA 100ML
FC-69770546,3760269770546,Glyco-A Peeling intenso Crema de noche con 25% de ácido glicólico,Isispharma,30 ml,,Crema,Cuidado personal,Dermatología,EXFOLIANTES,720,900,,https://cdn.shopify.com/s/files/1/0088/1937/6188/products/DERMAINTENSEPEELING.jpg,dermaexpress,GLYCO-A PEELING INTENSO 30ML
FC-69770867,3760269770867,Glyco-A Peeling medio 12% Matifica unifica difumina y exfolia la piel,Isispharma,30 ml,,,Cuidado personal,Dermatología,EXFOLIANTES,696,870,,https://cdn.shopify.com/s/files/1/0088/1937/6188/files/Diseno_sin_titulo_8_eb88f063-8980-4258-80b6-b34193dde170.png,dermaexpress,GLYCO-A PEELING MEDIO 12% 30ML
FC-00000280,3031500000280,Glyco-A Peeling suave Ilumina y purifica la piel,Isispharma,30 ml,,,Cuidado personal,Dermatología,EXFOLIANTES,628.8,786,,https://cdn.shopify.com/s/files/1/0088/1937/6188/files/01.Hero_Soft.jpg,dermaexpress,GLYCO-A PEELING SUAVE 30ML
FC-69770539,3760269770539,"glyco-A Post Peeling, Crema calmante reparadora para piel irritada y sensibilizada",Isispharma,40 ml,,Crema,Cuidado personal,Dermatología,EXFOLIANTES,404,505,,https://cdn.shopify.com/s/files/1/0088/1937/6188/products/DERMAPOSTPEELING.jpg,dermaexpress,GLYCO-A POST PEELING 40ML
FC-99521270,3401399521270,Ilcapil Kr Shampoo anti caspa,Isispharma,150 ml,,,Cuidado personal,Dermatología,CAPILARES,440,550,,https://cdn.shopify.com/s/files/1/0088/1937/6188/files/Diseno_sin_titulo_4_bdb2f1e8-561d-401f-904b-8b7cdcbfb22f.png,dermaexpress,ILCAPIL KR SHAMPOO 150ML
FC-53725164,3401353725164,Keloplast Cracks Crema reparadora de grietas en talones pies y manos,Isispharma,40 ml,,Crema,Cuidado personal,Dermatología,CICATRIZANTES,391.2,489,,https://cdn.shopify.com/s/files/1/0088/1937/6188/products/GeneskinCracks.jpg,dermaexpress,KELOPLAST CRACKS CREMA REPARADORA 40ML
FC-53725393,3401353725393,Keloplast Scars SPF50+ Crema reparadora para piel irritada y dañada,Isispharma,40 ml,,Crema,Cuidado personal,Dermatología,CICATRIZANTES,436,545,,https://cdn.shopify.com/s/files/1/0088/1937/6188/products/GeneskinScarsFPS50.jpg,dermaexpress,KELOPLAST SCARS PS 50+ CICATRICES 40ML
FC-69770317,3760269770317,Neotone Aqua Solución micelar Desmaquillante para piel sensible y pigmentada,Isispharma,400 ml,,Solución,Cuidado personal,Dermatología,DESPIGMENTANTES,520,650,,https://cdn.shopify.com/s/files/1/0088/1937/6188/products/NeotoneAqua400ml.jpg,dermaexpress,NEOTONE AQUA SOLUCIÓN MICELAR 400ML
FC-69770041,3760269770041,"neotone Aqua Solución Micelar, Desmaquillante para piel sensible y pigmentada",Isispharma,250 ml,,Solución,Cuidado personal,Dermatología,DESPIGMENTANTES,432,540,,https://cdn.shopify.com/s/files/1/0088/1937/6188/products/NeotoneAqua250ml.jpg,dermaexpress,NEOTONE AQUA SOLUCIÓN MICELAR 250ML
FC-69770386,3760269770386,Neotone Body Despigmentante corporal,Isispharma,100 ml,,,Cuidado personal,Dermatología,DESPIGMENTANTES,696,870,,https://cdn.shopify.com/s/files/1/0088/1937/6188/files/Diseno_sin_titulo_16.png,dermaexpress,NEOTONE DESPIGMENTANTE CORPORAL 100ML
FC-69770393,3760269770393,Neotone Eyes Contorno de ojos acción 4 en 1,Isispharma,15 ml,,,Cuidado personal,Dermatología,DESPIGMENTANTES,688,860,,https://cdn.shopify.com/s/files/1/0088/1937/6188/files/Diseno_sin_titulo_15.png,dermaexpress,NEOTONE CONTORNO DE OJOS  15ML
FC-69770010,3760269770010,Neotone Gel exfoliante despigmentante,Isispharma,150 ml,,Gel,Cuidado personal,Dermatología,DESPIGMENTANTES,432,540,,https://cdn.shopify.com/s/files/1/0088/1937/6188/files/Diseno_sin_titulo_14.png,dermaexpress,NEOTONE GEL EXFOLIANTE 150ML
FC-69770492,3760269770492,Neotone Prevent FPS 50+ Claro Protector despigmentante con color,Isispharma,30 ml,FPS 50+,,Cuidado personal,Dermatología,DESPIGMENTANTES,692.8,866,,https://cdn.shopify.com/s/files/1/0088/1937/6188/products/NeotonePrevent50.jpg,dermaexpress,NEOTONE PREVENT CREMA FPS 50+ CLARO 30ML
FC-69770409,3760269770409,Neotone Prevent FPS 50+ Medio Protector despigmentante con color,Isispharma,30 ml,FPS 50+,,Cuidado personal,Dermatología,DESPIGMENTANTES,692.8,866,,https://cdn.shopify.com/s/files/1/0088/1937/6188/products/NeotonePrevent50_2564ab07-73ac-479a-85a1-24b115455b1d.jpg,dermaexpress,NEOTONE PREVENT CREMA FPS 50+ MEDIO 30ML
FC-75243675,3401575243675,Neotone Radiance FPS 50+ Anti manchas,Isispharma,30 ml,FPS 50+,,Cuidado personal,Dermatología,DESPIGMENTANTES,696,870,,https://cdn.shopify.com/s/files/1/0088/1937/6188/files/Diseno_sin_titulo_13.png,dermaexpress,NEOTONE RADIANCE FPS 50+  30ML
FC-69770997,3760269770997,Neotone Radiance FPS 50+ Tono claro Anti manchas,Isispharma,30 ml,FPS 50+,,Cuidado personal,Dermatología,DESPIGMENTANTES,696,870,,https://cdn.shopify.com/s/files/1/0088/1937/6188/files/Diseno_sin_titulo_5_def16daf-22b4-466c-8a6c-8aba7792e64c.png,dermaexpress,NEOTONE RADIANCE SPF50+ TINTE CLARO 30 M
FC-69770980,3760269770980,Neotone Radiance FPS 50+ Tono medio Anti manchas,Isispharma,30 ml,FPS 50+,,Cuidado personal,Dermatología,DESPIGMENTANTES,696,870,,https://cdn.shopify.com/s/files/1/0088/1937/6188/files/Diseno_sin_titulo_6_b68d436a-d668-4e44-888f-0e80b01326ce.png,dermaexpress,NEOTONE RADIANCE SPF50+ TINTE MEDIO 30 M
FC-69771192,3760269771192,Neotone Sensitive Bálsamo intensivo despigmentante para piel sensible,Isispharma,30 ml,,,Cuidado personal,Dermatología,DESPIGMENTANTES,792,990,,https://cdn.shopify.com/s/files/1/0088/1937/6188/products/NeotoneSensitive.jpg,dermaexpress,NEOTONE SENSITIVE BÁLSAMO 30ML
FC-69770362,3760269770362,Neotone Suero despigmentante,Isispharma,30 ml,,,Cuidado personal,Dermatología,DESPIGMENTANTES,792,990,,https://cdn.shopify.com/s/files/1/0088/1937/6188/files/Diseno_sin_titulo_12.png,dermaexpress,NEOTONE SUERO DESPIGMENTANTE 30ML
FC-75647182,3337875647182,Neovadiol Phytosculpt,Isispharma,50 ml,,Crema,Cuidado personal,Dermatología,ANTI-EDAD,704.3,999,5+1,,,NEOVADIOL PHYTOSCULPT CREMA 50ML
FC-75862097,3337875862097,Purete Thermal Gel Limpiador,Isispharma,200 ml,,Gel,Cuidado personal,Dermatología,PIEL SENSIBLE,478.7,679,5+1,,,PURETE THERMAL GEL LIMPIADOR 200ML
FC-75674409,3337875674409,Purete Thermale Bifasico,Isispharma,100 ml,,,Cuidado personal,Dermatología,PIEL SENSIBLE,351.79,499,5+1,,,PURETE THERMALE BIFASICO 100ML
FC-69771482,3760269771482,Ruboril Cleansing Balm Bálsamo limpiador desmaquillante,Isispharma,100 ml,,,Cuidado personal,Dermatología,ROSACEA,292,365,,https://cdn.shopify.com/s/files/1/0088/1937/6188/files/Diseno_sin_titulo_1aab01cd-3321-4e0a-bc06-1f883290db68.png,dermaexpress,RUBORIL CLEANSING BALM 100ML
FC-60147775,3401360147775,Ruboril Expert FPS 50+ Anti-rojeces crema protectora con color,Isispharma,40 ml,FPS 50+,Crema,Cuidado personal,Dermatología,ROSACEA,560,700,,https://cdn.shopify.com/s/files/1/0088/1937/6188/files/Diseno_sin_titulo_32.png,dermaexpress,RUBORIL EXPERT FPS 50+ ANTI-ROJECES 40ML
FC-60049659,3401360049659,Ruboril Expert Intense Cuidado antienrojecimiento para piel sensible,Isispharma,15 ml,,,Cuidado personal,Dermatología,ROSACEA,584,730,,https://cdn.shopify.com/s/files/1/0088/1937/6188/products/RuborilExpertIntense.jpg,dermaexpress,RUBORIL EXPERT INTENSE LOCALIZADO 15ML
FC-60120006,3401360120006,Ruboril Expert M Hidratante piel normal-mixta,Isispharma,40 ml,,,Cuidado personal,Dermatología,ROSACEA,540,675,,https://cdn.shopify.com/s/files/1/0088/1937/6188/files/Diseno_sin_titulo_33.png,dermaexpress,RUBORIL EXPERT M PIEL NORMAL-MIXTA 40ML
FC-60120013,3401360120013,Ruboril Expert S Crema calmante anti rojeces,Isispharma,40 ml,,Crema,Cuidado personal,Dermatología,ROSACEA,540,675,,https://cdn.shopify.com/s/files/1/0088/1937/6188/files/Diseno_sin_titulo_11_1319ebe7-08b7-4145-bc20-8e7bc566e3c2.png,dermaexpress,RUBORIL EXPERT S PIEL SECA 40ML
FC-69770225,3760269770225,Ruboril Metroruboril AZ 15% Menos rojeces,Isispharma,30 ml,,,Cuidado personal,Dermatología,ROSACEA,764.8,956,,https://cdn.shopify.com/s/files/1/0088/1937/6188/files/Diseno_sin_titulo_31.png,dermaexpress,RUBORIL METRORUBORIL AZ 15% 30ML
FC-00311621,3031500311621,Secalia AHA Leche emoliente para piel seca,Isispharma,200 ml,,,Cuidado personal,Dermatología,EMOLIENTES,445.6,557,,https://cdn.shopify.com/s/files/1/0088/1937/6188/files/Diseno_sin_titulo_30.png,dermaexpress,SECALIA AHA LECHE EMOLIENTE 200ML
FC-69771093,3760269771093,Secalia Ato Balm Bálsamo calmante para piel atópica,Isispharma,200 ml,,,Cuidado personal,Dermatología,EMOLIENTES,480,600,,https://cdn.shopify.com/s/files/1/0088/1937/6188/files/SecaliaATO_Balm_200_1ef91340-e3b5-4013-9c72-3d9c2752b1e7.jpg,dermaexpress,SECALIA ATO BALM 200ML NUEVO
FC-69771086,3760269771086,Secalia Ato Balm Bálsamo calmante para piel atópica,Isispharma,400 ml,,,Cuidado personal,Dermatología,EMOLIENTES,640,800,,https://cdn.shopify.com/s/files/1/0088/1937/6188/files/Diseno_sin_titulo_35.png,dermaexpress,SECALIA ATO BALM 400 ML NUEVO
FC-69771130,3760269771130,Secalia Ato Shower Crema limpiadora para piel atópica,Isispharma,200 ml,,Crema,Cuidado personal,Dermatología,EMOLIENTES,424,530,,https://cdn.shopify.com/s/files/1/0088/1937/6188/files/SecaliaATO_ShowerCream_200_75a333fa-43a8-4acb-bdc5-1f4f0f8a5ddb.jpg,dermaexpress,SECALIA ATO SHOWER CREAM 200 ML
FC-69771147,3760269771147,Secalia Ato Shower Crema limpiadora para piel atópica,Isispharma,400 ml,,Crema,Cuidado personal,Dermatología,EMOLIENTES,572,715,,https://cdn.shopify.com/s/files/1/0088/1937/6188/files/Diseno_sin_titulo_1_cb112f89-a4e8-4867-ab90-34fd5f366998.png,dermaexpress,SECALIA ATO SHOWER CREAM 400 ML NUEVO
FC-69771116,3760269771116,Secalia Body Lotion Hidratante corporal para piel seca,Isispharma,200 ml,,,Cuidado personal,Dermatología,EMOLIENTES,332,415,,https://cdn.shopify.com/s/files/1/0088/1937/6188/files/Secalia_BodyLotion_200_082d578a-a2a6-4a7e-8911-ac1be2df8782.jpg,dermaexpress,SECALIA BODY LOTION 200 ML NUEVO
FC-69771123,3760269771123,Secalia Body Lotion Hidratante para pieles secas,Isispharma,400 ml,,,Cuidado personal,Dermatología,EMOLIENTES,440,550,,https://cdn.shopify.com/s/files/1/0088/1937/6188/files/01.Hero_3f6aa79f-68f1-4fe8-bc07-3c750d35d774.jpg,dermaexpress,SECALIA BODY LOTION 400 ML NUEVO
FC-69771109,3760269771109,Secalia Face Cream Nutritiva y reconfortante facial,Isispharma,40 ml,,,Cuidado personal,Dermatología,EMOLIENTES,420,525,,https://cdn.shopify.com/s/files/1/0088/1937/6188/files/Secalia_FaceCream_40_00194879-c0fd-4ce7-b393-a62cf60dc028.jpg,dermaexpress,SECALIA FACE CREAM 40 ML NUEVO
FC-97588794,3401397588794,Sensylia 24hr Crema hidratante para pieles sensibles y deshidratadas,Isispharma,40 ml,,Crema,Cuidado personal,Dermatología,PIEL SENSIBLE,520,650,,https://cdn.shopify.com/s/files/1/0088/1937/6188/files/Diseno_sin_titulo_29.png,dermaexpress,SENSYLIA 24H CREMA HIDRATANTE 40ML
FC-69770126,3760269770126,Sensylia 24hr Fluido hidratante para piel seca,Isispharma,40 ml,,Fluido,Cuidado personal,Dermatología,PIEL SENSIBLE,520,650,,https://cdn.shopify.com/s/files/1/0088/1937/6188/files/Diseno_sin_titulo_28.png,dermaexpress,SENSYLIA  24H FLUIDO HIDRATANTE 40ML
FC-69770133,3760269770133,Sensylia Aqua Solución micelar Desmaquilla limpia e hidrata la piel sensible,Isispharma,250 ml,,Solución,Cuidado personal,Dermatología,PIEL SENSIBLE,432,540,,https://cdn.shopify.com/s/files/1/0088/1937/6188/products/SensyliaAqua250ml.jpg,dermaexpress,SENSYLIA  AQUA SOLUCIÓN MICELAR 250ML
FC-69770447,3760269770447,"Sensylia Aqua Solución Micelar, desmaquilla, limpia e hidrata la piel sensible",Isispharma,400 ml,,Solución,Cuidado personal,Dermatología,PIEL SENSIBLE,520,650,,https://cdn.shopify.com/s/files/1/0088/1937/6188/products/SensyliaAqua400ml.jpg,dermaexpress,SENSYLIA  AQUA SOLUCIÓN MICELAR 400ML
FC-69770140,3760269770140,Sensylia Gel desmaquillante para piel sensible y deshidratada,Isispharma,250 ml,,Gel,Cuidado personal,Dermatología,PIEL SENSIBLE,368,460,,https://cdn.shopify.com/s/files/1/0088/1937/6188/products/SensyliaGelDesmaquillante250ml.jpg,dermaexpress,SENSYLIA  GEL DESMAQUILLANTE 250ML
FC-69771505,3760269771505,Sensylia Serum Urban Protect,Isispharma,30 ml,,,Cuidado personal,Dermatología,PIEL SENSIBLE,672,840,,https://cdn.shopify.com/s/files/1/0088/1937/6188/files/3760269771505_1.jpg,dermaexpress,SENSYLIA SERUM URBAN PROTECT 30ML
FC-69770348,3760269770348,Suavigel Gel crema calmante para pieles irritadas,Isispharma,30 ml,,Crema,Cuidado personal,Dermatología,PIEL GRASA,376,470,,https://cdn.shopify.com/s/files/1/0088/1937/6188/files/3760269770348.jpg,dermaexpress,SUAVIGEL GEL CREMA CALMANTE 30ML
FC-69771314,3760269771314,Teen Derm Alpha Pure Tratamiento intenso anti-imperfecciones para piel grasa,Isispharma,30 ml,,,Cuidado personal,Dermatología,PIEL GRASA,496,620,,https://cdn.shopify.com/s/files/1/0088/1937/6188/products/TeenDerm_-pure.jpg,dermaexpress,TEEN DERM  ALPHA PURE  30ML
FC-69770942,3760269770942,Teen Derm AZ Seboregulador y anti imperfecciones,Isispharma,30 ml,,,Cuidado personal,Dermatología,PIEL GRASA,744,930,,https://cdn.shopify.com/s/files/1/0088/1937/6188/files/Diseno_sin_titulo_10_b0056d7e-6842-4ea7-8978-53a395eb4140.png,dermaexpress,TEEN DERM AZ 30ML
FC-00311423,3031500311423,Teen Derm Gel Exfoliante para pieles mixtas a grasas,Isispharma,150 ml,,Gel,Cuidado personal,Dermatología,PIEL GRASA,424,530,,https://cdn.shopify.com/s/files/1/0088/1937/6188/files/Diseno_sin_titulo_27.png,dermaexpress,TEEN DERM  GEL EXFOLIANTE 150ML
FC-69771390,3760269771390,Teen Derm Gel Sensitive Limpiador Facial Para Piel Sensible,Isispharma,250 ml,,Gel,Cuidado personal,Dermatología,PIEL GRASA,512,640,,https://cdn.shopify.com/s/files/1/0088/1937/6188/files/7501258200011-2_14b126c4-70dd-4a5c-8939-1f5a6cdf0fab.png,dermaexpress,TEEN DERM  SENSITIVE GEL LIMPIADOR 250ML
FC-69771406,3760269771406,Teen Derm Gel Sensitive Limpiador suave,Isispharma,400 ml,,Gel,Cuidado personal,Dermatología,PIEL GRASA,624,780,,https://cdn.shopify.com/s/files/1/0088/1937/6188/files/3760269771406.jpg,dermaexpress,TEEN DERM  SENSITIVE GEL LIMPIADOR 400ML
FC-69771338,3760269771338,Teen Derm Hydra Hidratante para pieles con acné,Isispharma,40 ml,,,Cuidado personal,Dermatología,PIEL GRASA,536,670,,https://cdn.shopify.com/s/files/1/0088/1937/6188/files/Diseno_sin_titulo_2_2126f864-c373-44bf-9161-d53d9ad086f8.png,dermaexpress,TEEN DERM  HYDRA  40ML
FC-99521621,3401399521621,Urelia 10% Crema hidratante exfoliante para piel escamosa,Isispharma,150 ml,,Crema,Cuidado personal,Dermatología,EMOLIENTES,428,535,,https://cdn.shopify.com/s/files/1/0088/1937/6188/products/Urelia10.jpg,dermaexpress,URELIA UREA 10% 150ML
FC-99521850,3401399521850,Urelia Gel Limpiador exfoliante para piel escamosa,Isispharma,200 ml,,Gel,Cuidado personal,Dermatología,EMOLIENTES,416,520,,https://cdn.shopify.com/s/files/1/0088/1937/6188/products/UreliaGel.jpg,dermaexpress,URELIA GEL EXFOLIANTE 200ML
FC-99521799,3401399521799,Urelia Urea 50% Hidratante para piel con descamación,Isispharma,40 ml,,,Cuidado personal,Dermatología,EMOLIENTES,480,600,,https://cdn.shopify.com/s/files/1/0088/1937/6188/files/Diseno_sin_titulo_24.png,dermaexpress,URELIA UREA 50% 40ML
FC-00311614,3031500311614,Uveblock FPS 50+ Fluido con color para pieles sensibles,Isispharma,40 ml,FPS 50+,Fluido,Cuidado personal,Dermatología,SOLARES,512,640,,https://cdn.shopify.com/s/files/1/0088/1937/6188/files/Diseno_sin_titulo_23.png,dermaexpress,UVEBLOCK FPS 50+ FLUIDO CON COLOR 40ML
FC-00311607,3031500311607,Uveblock FPS 50+ Fluido invisible para pieles sensibles,Isispharma,40 ml,FPS 50+,Fluido,Cuidado personal,Dermatología,SOLARES,512,640,,https://cdn.shopify.com/s/files/1/0088/1937/6188/files/Diseno_sin_titulo_22.png,dermaexpress,UVEBLOCK FPS 50+ FLUIDO INVISIBLE 40ML
FC-69770652,3760269770652,Uveblock FPS 50+ Lotion,Isispharma,100 ml,FPS 50+,,Cuidado personal,Dermatología,LANZAMIENTOS 2026,520,650,,https://cdn.shopify.com/s/files/1/0088/1937/6188/files/Fsp800Wx800H_70010863_1ju4342di.png,dermaexpress,UVEBLOCK FPS 50+ LOTION 100ML
FC-69770287,3760269770287,Uveblock FPS 50+ Mineral con color Protector solar para piel intolerante,Isispharma,40 ml,FPS 50+,,Cuidado personal,Dermatología,SOLARES,489.6,612,,https://cdn.shopify.com/s/files/1/0088/1937/6188/products/UveblockFPS50_Mineralconcolor.jpg,dermaexpress,UVEBLOCK FPS 50+ MINERAL CON COLOR 40ML
FC-69770270,3760269770270,Uveblock FPS 50+ Mineral invisible Protector solar para piel intolerante,Isispharma,40 ml,FPS 50+,,Cuidado personal,Dermatología,SOLARES,489.6,612,,https://cdn.shopify.com/s/files/1/0088/1937/6188/products/UveblockFPS50_Mineral.jpg,dermaexpress,UVEBLOCK FPS 50+ MINERAL INVISIBLE 40ML
FC-69770294,3760269770294,Uveblock FPS 50+ Spray corporal,Isispharma,200 ml,FPS 50+,Spray,Cuidado personal,Dermatología,SOLARES,600,750,,https://cdn.shopify.com/s/files/1/0088/1937/6188/files/Diseno_sin_titulo_21.png,dermaexpress,UVEBLOCK FPS 50+ SPRAY 200ML
FC-69770300,3760269770300,Uveblock FPS 50+ Spray para niños Protector solar para niños,Isispharma,200 ml,FPS 50+,Spray,Cuidado personal,Dermatología,SOLARES,632,790,,https://cdn.shopify.com/s/files/1/0088/1937/6188/products/UveblockFPS50_SprayKids.jpg,dermaexpress,UVEBLOCK FPS 50+ SPRAY PARA NIÑOS 200ML
FC-69770508,3760269770508,Uveblock FPS 50+ Toque seco para pieles mixtas a grasas,Isispharma,40 ml,FPS 50+,,Cuidado personal,Dermatología,SOLARES,528,660,,https://cdn.shopify.com/s/files/1/0088/1937/6188/files/Diseno_sin_titulo_20.png,dermaexpress,UVEBLOCK FPS 50+ TOQUE SECO 40ML
FC-69770515,3760269770515,Uveblock FPS 50+ Toque seco tono claro para pieles mixtas a grasas,Isispharma,40 ml,FPS 50+,,Cuidado personal,Dermatología,SOLARES,528,660,,https://cdn.shopify.com/s/files/1/0088/1937/6188/files/Diseno_sin_titulo_19.png,dermaexpress,UVEBLOCK FPS 50+ TOQUE SECO CLARO 41ML
FC-69770522,3760269770522,Uveblock FPS 50+ Toque seco tono medio para pieles mixtas a grasas,Isispharma,40 ml,FPS 50+,,Cuidado personal,Dermatología,SOLARES,528,660,,https://cdn.shopify.com/s/files/1/0088/1937/6188/files/Diseno_sin_titulo_18.png,dermaexpress,UVEBLOCK FPS 50+ TOQUE SECO MEDIO 42ML
FC-69770713,3760269770713,Uveblock FPS 50+ Velvet,Isispharma,40 ml,FPS 50+,,Cuidado personal,Dermatología,LANZAMIENTOS 2026,560,700,,https://cdn.shopify.com/s/files/1/0088/1937/6188/files/1_97222f76-b724-4579-96c4-282e7a1cfab9.png,dermaexpress,UVEBLOCK FPS50+ VELVET 40ML
FC-69771574,3760269771574,Uveblock Sun Sérum,Isispharma,28 ml,,,Cuidado personal,Dermatología,SOLARES,680,850,,https://cdn.shopify.com/s/files/1/0088/1937/6188/files/3760269771574.png,dermaexpress,UVEBLOCK FPS50+ SUN SERUM 28ML
FC-71331290,3337871331290,Vichy Dercos Shampoo Anticaspa Cabello Nomal-Graso Botella C,Isispharma,390 ml,,,Cuidado personal,Dermatología,CAPILARES,669.05,949,5+1,https://gruporfp.vteximg.com.br/arquivos/ids/7011869/3337871331290_01.jpg,farmatodo,DERCOS SHAMPOO ANTICASPA CABELLO NORMAL A GRASO 390ML
FC-75492799,3337875492799,Vichy Dercos Shampoo Anticaspa Cabello Seco Botella C,Isispharma,390 ml,,,Cuidado personal,Dermatología,CAPILARES,669.05,949,5+1,https://gruporfp.vteximg.com.br/arquivos/ids/7011870/3337875492799_01.jpg,farmatodo,DERCOS CASPA SECA 400ML
FC-75647212,3337875647212,Vichy Homme Structure Force,Isispharma,50 ml,,,Cuidado personal,Dermatología,HOMBRE,633.79,899,5+1,,,VICHY HOMME STRUCTURE FORCE 50ML
FC-20283277,3401320283277,Vitiskin Hidrogel repigmentante,Isispharma,50 ml,,,Cuidado personal,Dermatología,VITILIGO,952,1190,,https://cdn.shopify.com/s/files/1/0088/1937/6188/files/Diseno_sin_titulo_17.png,dermaexpress,VITISKIN HIDROGEL REPIGMENTANTE 50ML
FC-60049918,3401360049918,Xerolan Spray reparador calmante Rehidrata la piel y alivia el ardor,Isispharma,150 ml,,Spray,Cuidado personal,Dermatología,PIEL SENSIBLE,560,700,,https://cdn.shopify.com/s/files/1/0088/1937/6188/products/XerolanSpray.jpg,dermaexpress,XEROLAN SPRAY REPARADOR CALMANTE 150ML
FC-81020363,7703281020363,Acleria Hidratante Facial,Italmex,50 g,,,Cuidado personal,Dermatología,ACNE,455.67,569.56,10+1 (excepto Hydrysage),,,ACLERIA HIDRATANTE FACIAL 50G
FC-81020356,7703281020356,Acleria Mascarilla Limpieza Facial Tubo C,Italmex,150 g,,,Cuidado personal,Dermatología,ACNE,455.67,569.56,10+1 (excepto Hydrysage),https://gruporfp.vteximg.com.br/arquivos/ids/7011339/7703281020356_01.jpg,farmatodo,ACLERIA MASCARILLA LIMPIADOR FACIAL 150G
FC-81002024,7703281002024,Aquatop,Italmex,250 g,,Crema,Cuidado personal,Dermatología,EMOLIENTE,474.21,592.76,10+1 (excepto Hydrysage),,,AQUATOP CREMA 250GR
FC-33007700,7703333007700,Betagranulos Crema limpiadora para pieles grasas,Italmex,60 g,,Crema,Cuidado personal,Dermatología,EXFOLIANTE,466.81,583.48,10+1 (excepto Hydrysage),https://cdn.shopify.com/s/files/1/0088/1937/6188/products/7703333007700.jpg,dermaexpress,BETAGRANULOS 60GR
FC-08133841,8430308133841,Betalfatrus Solucion Ungueal,Italmex,3.3 ml,,Solución,Cuidado personal,Dermatología,UÑAS,579.94,777.2,10+1 (excepto Hydrysage),,,BETALFATRUS SOLUCION UNGUEAL 3.3 ML
FC-81001010,7703281001010,Betapirox Shampoo antiseborreico,Italmex,120 ml,,,Cuidado personal,Dermatología,CAPILARES,533.63,667,10+1 (excepto Hydrysage),https://cdn.shopify.com/s/files/1/0088/1937/6188/products/7703281001010.jpg,dermaexpress,BETAPIROX SHAMPOO 120ML
FC-33007601,7703333007601,Bonaven jabon limpiador para todo tipo de pieles,Italmex,120 g,,,Cuidado personal,Dermatología,LIMPIADORES,326.66,408.32,10+1 (excepto Hydrysage),https://cdn.shopify.com/s/files/1/0088/1937/6188/products/7703333007601.jpg,dermaexpress,BONAVEN JABON 120GR
FC-81002062,7703281002062,Cetopic Crema antioxidante,Italmex,50 g,,Crema,Cuidado personal,Dermatología,EMOLIENTE,1003.22,1253.96,10+1 (excepto Hydrysage),https://cdn.shopify.com/s/files/1/0088/1937/6188/products/Cetopic-Vitamina-C-Crema-Topica-50-Gr-7703281002062-637298958430897918-1.jpg,dermaexpress,CETOPIC CREMA 50GR
FC-81020028,7703281020028,Circadien Serum Emulsión Preventivo,Italmex,40 ml,,,Cuidado personal,Dermatología,ANTIEDAD,1457.42,2429.04,10+1 (excepto Hydrysage),,,CIRCADIEN SERUM EMULSIÓN PREVENTIVO 40 ML
FC-81020035,7703281020035,Circadien Serum Emulsión Reparador,Italmex,40 ml,,,Cuidado personal,Dermatología,ANTIEDAD,1457.42,2429.04,10+1 (excepto Hydrysage),,,CIRCADIEN SERUM  EMULSIÓN REPARADOR 40 ML
FC-90912742,7501390912742,Clidets,Italmex,50 ml,,Solución,Cuidado personal,Dermatología,MEDICAMENTO,628.12,766,10+1 (excepto Hydrysage),,,CLIDETS SOLUCION 50ML
FC-90912728,7501390912728,Clidets Gel 1% Tubo C,Italmex,30 g,,Gel,Cuidado personal,Dermatología,MEDICAMENTO,455.94,556,10+1 (excepto Hydrysage),https://gruporfp.vteximg.com.br/arquivos/ids/6999850/7501390912728_01.jpg,farmatodo,CLIDETS GEL 30GR
FC-81020264,7703281020264,Derpil Champu,Italmex,120 ml,,,Cuidado personal,Dermatología,CAPILARES,468.64,585.8,10+1 (excepto Hydrysage),,,DERPIL CHAMPU 120ML
FC-90914074,7501390914074,Derpil para la caída de el cabello,Italmex,C/32 cápsulas,,Cápsulas,Cuidado personal,Dermatología,CAPILARES,944.59,1151.88,10+1 (excepto Hydrysage),https://cdn.shopify.com/s/files/1/0088/1937/6188/products/Adaptaciones-51.jpg,dermaexpress,DERPIL C/32CAPSULAS
FC-81020400,7703281020400,Dersinet Espuma Aerosol C,Italmex,100 g,,Spray,Cuidado personal,Dermatología,LIMPIADORES,775.24,969,10+1 (excepto Hydrysage),https://gruporfp.vteximg.com.br/arquivos/ids/7008520/7703281020400_01.jpg,farmatodo,DERSINET ESPUMA 100GR
FC-90913404,7501390913404,Dersupril 0.05% Emulsion para piel con dermatitis,Italmex,120 ml,,,Cuidado personal,Dermatología,MEDICAMENTO,565.6,707,10+1 (excepto Hydrysage),https://cdn.shopify.com/s/files/1/0088/1937/6188/products/7501390913404.jpg,dermaexpress,DERSUPRIL 0.05% EMULSION 120ML
FC-90913794,7501390913794,Dersupril Crema para piel con dermatitis,Italmex,15 g,,Crema,Cuidado personal,Dermatología,MEDICAMENTO,403.22,504,10+1 (excepto Hydrysage),https://cdn.shopify.com/s/files/1/0088/1937/6188/products/7501390913794.jpg,dermaexpress,DERSUPRIL CREMA 15GR
FC-81020042,7703281020042,Génétique Serum Solución con,Italmex,40 ml,,Solución,Cuidado personal,Dermatología,ANTIEDAD,1457.42,2429.04,10+1 (excepto Hydrysage),,,GÉNÉTIQUE SERUM SOLUCIÓN CON 40ML
FC-49004013,7705849004013,Glicolic Crema restauradora de pieles resecas,Italmex,60 g,,Crema,Cuidado personal,Dermatología,EXFOLIANTE,827.82,1034.72,10+1 (excepto Hydrysage),https://cdn.shopify.com/s/files/1/0088/1937/6188/products/7705849004013.jpg,dermaexpress,GLICOLIC CREMA 60GR
FC-49004020,7705849004020,Glicolic Loción hidratante para pieles con acné,Italmex,60 ml,,,Cuidado personal,Dermatología,LIMPIADORES,827.82,1034.72,10+1 (excepto Hydrysage),https://cdn.shopify.com/s/files/1/0088/1937/6188/products/7705849004020.jpg,dermaexpress,GLICOLIC LOCION 60ML
FC-49004143,7705849004143,Glicolic Shampoo para piel Suaviza y limpia,Italmex,240 ml,,,Cuidado personal,Dermatología,LIMPIADORES,827.82,1034.72,10+1 (excepto Hydrysage),https://cdn.shopify.com/s/files/1/0088/1937/6188/products/7705849004143.jpg,dermaexpress,GLICOLIC SHAMPOO 240ML
FC-90910991,7501390910991,Italdermol Crema 15 g Tubo C,Italmex,30 g,,Crema,Cuidado personal,Dermatología,MEDICAMENTO,649.47,792,10+1 (excepto Hydrysage),https://gruporfp.vteximg.com.br/arquivos/ids/7000174/7501390910991_01.jpg,farmatodo,ITALDERMOL CREMA 30GR
FC-90911011,7501390911011,Italdermol Crema regeneradora de pieles lesionadas,Italmex,10 g,,Crema,Cuidado personal,Dermatología,MEDICAMENTO,355.9,434,10+1 (excepto Hydrysage),https://cdn.shopify.com/s/files/1/0088/1937/6188/products/Adaptaciones-44.jpg,dermaexpress,ITALDERMOL CREMA 10GR
FC-90911004,7501390911004,Italdermol G Crema 15/0.1 g Tubo C,Italmex,30 g,,Crema,Cuidado personal,Dermatología,MEDICAMENTO,800.36,976,10+1 (excepto Hydrysage),https://gruporfp.vteximg.com.br/arquivos/ids/7000175/7501390911004_01.jpg,farmatodo,"ITALDERMOL ""G"" CREMA 30GR"
FC-90913374,7501390913374,Italdermol G Crema 150/1/1 mg/G Tubo C,Italmex,10 g,150/1/1 mg,Crema,Cuidado personal,Dermatología,MEDICAMENTO,432.16,527,10+1 (excepto Hydrysage),https://gruporfp.vteximg.com.br/arquivos/ids/7000180/7501390913374_01.jpg,farmatodo,"ITALDERMOL ""G"" CREMA 10GR"
FC-90911042,7501390911042,Italdermol Gasas C/ Crema 150 mg 4 g Caja C/3 Pz,Italmex,,150 mg,Crema,Cuidado personal,Dermatología,MEDICAMENTO,360,439,10+1 (excepto Hydrysage),https://gruporfp.vteximg.com.br/arquivos/ids/7000179/7501390911042_01.jpg,farmatodo,ITALDERMOL GASAS-CREMA C/3
FC-90911028,7501390911028,Italdermol Gasas C/Crema 150 mg 4 g Caja C/10 Pz,Italmex,,150 mg,Crema,Cuidado personal,Dermatología,MEDICAMENTO,943.87,1151,10+1 (excepto Hydrysage),https://gruporfp.vteximg.com.br/arquivos/ids/7000177/7501390911028_01.jpg,farmatodo,ITALDERMOL GASAS CREMA C/10
FC-90914562,7501390914562,Italdermol Spray Frasco C,Italmex,75 ml,,Spray,Cuidado personal,Dermatología,CICATRIZANTE,651.61,794.6,10+1 (excepto Hydrysage),https://gruporfp.vteximg.com.br/arquivos/ids/7012255/7501390914562_01.jpg,farmatodo,ITALDERMOL SPRAY FRASCO 75ML
FC-81020059,7703281020059,L'intelligence Serum Emulsión,Italmex,40 ml,,,Cuidado personal,Dermatología,ANTIEDAD,1457.42,2429.04,10+1 (excepto Hydrysage),,,L'INTELLIGENCE SERUM  EMULSIÓN  40ML
FC-81004325,7703281004325,Lactibon Barra limpiadora para pieles con acné,Italmex,120 g,,,Cuidado personal,Dermatología,LIMPIADORES,374.93,468.64,10+1 (excepto Hydrysage),https://cdn.shopify.com/s/files/1/0088/1937/6188/products/7703281004325.jpg,dermaexpress,LACTIBON BARRA 120GR
FC-32003352,7703332003352,Lactibon Loción limpiadora,Italmex,120 ml,,,Cuidado personal,Dermatología,LIMPIADORES,374.93,468.64,10+1 (excepto Hydrysage),https://cdn.shopify.com/s/files/1/0088/1937/6188/products/7703332003352.jpg,dermaexpress,LACTIBON LOCION 120ML
FC-00004448,8413400004448,Lullage Bella Noche,Italmex,50 ml,,Crema,Cuidado personal,Dermatología,ANTIEDAD,647.16,924.52,10+1 (excepto Hydrysage),,,LULLAGE BELLA NOCHE CREMA 50ML
FC-19136012,850019136012,Lullage Splendor 5 Ampolletas 2 ml Cada Una,Italmex,,,,Cuidado personal,Dermatología,ANTIEDAD,323.99,462.84,10+1 (excepto Hydrysage),,,LULLAGE SPLENDOR 5 AMPOLLETAS 2ML CADA UNA
FC-81001546,7703281001546,Lumed Base Comp. T. Claro X,Italmex,11 g,,,Cuidado personal,Dermatología,MAQUILLAJE,847.03,1411.72,10+1 (excepto Hydrysage),,,LUMED BASE COMP. T. CLARO X 11G
FC-81001553,7703281001553,Lumed Base Comp. T. Oscuro X,Italmex,11 g,,,Cuidado personal,Dermatología,MAQUILLAJE,847.03,1411.72,10+1 (excepto Hydrysage),,,LUMED BASE COMP. T. OSCURO X 11G
FC-81001515,7703281001515,Lumed Base Fluida T. Claro X,Italmex,40 g,,,Cuidado personal,Dermatología,MAQUILLAJE,978.58,1630.96,10+1 (excepto Hydrysage),,,LUMED BASE FLUIDA T. CLARO X 40G
FC-81001522,7703281001522,Lumed Base Fluida T. Oscuro X,Italmex,40 g,,,Cuidado personal,Dermatología,MAQUILLAJE,978.58,1630.96,10+1 (excepto Hydrysage),,,LUMED BASE FLUIDA T. OSCURO X 40G
FC-81001539,7703281001539,Lumed Emulgel X,Italmex,40 g,,,Cuidado personal,Dermatología,MAQUILLAJE,1396.18,2326.96,10+1 (excepto Hydrysage),,,LUMED EMULGEL X 40G
FC-81020011,7703281020011,Lumed Serum Solución con,Italmex,20 ml,,Solución,Cuidado personal,Dermatología,MAQUILLAJE,1181.11,1968.52,10+1 (excepto Hydrysage),,,LUMED SERUM SOLUCIÓN CON 20ML
FC-90913107,7501390913107,Minopac 100 mg Caja,Italmex,C/30 Tabletas,100 mg,Tabletas,Cuidado personal,Dermatología,MEDICAMENTO,1208.74,1474,10+1 (excepto Hydrysage),https://gruporfp.vteximg.com.br/arquivos/ids/7000096/7501390913107_03.jpg,farmatodo,MINOPAC 100MG C/30TABLETAS
FC-90913114,7501390913114,Minopac 50 mg Caja,Italmex,C/30 Tabletas,50 mg,Tabletas,Cuidado personal,Dermatología,MEDICAMENTO,817.58,997,10+1 (excepto Hydrysage),https://gruporfp.vteximg.com.br/arquivos/ids/7000099/7501390913114_01.jpg,farmatodo,MINOPAC 50MG C/30TABLETAS
FC-81002147,7703281002147,Mousse Ma'at Tono 1 X,Italmex,25 g,,,Cuidado personal,Dermatología,MAQUILLAJE,833.81,1389.68,10+1 (excepto Hydrysage),,,MOUSSE MA'AT TONO 1 X 25G
FC-81002154,7703281002154,Mousse Ma'at Tono 2 X,Italmex,25 g,,,Cuidado personal,Dermatología,MAQUILLAJE,833.81,1389.68,10+1 (excepto Hydrysage),,,MOUSSE MA'AT TONO 2 X 25G
FC-81002161,7703281002161,MOUSSE MA'AT TONO 3 x,Italmex,25 g,,,Cuidado personal,Dermatología,MAQUILLAJE,833.81,1389.68,10+1 (excepto Hydrysage),,,MOUSSE MA'AT TONO 3 x 25 gr
FC-90919956,7501390919956,Myfungar Crema antimicótica,Italmex,20 g,,Crema,Cuidado personal,Dermatología,MEDICAMENTO,460,575,10+1 (excepto Hydrysage),https://cdn.shopify.com/s/files/1/0088/1937/6188/products/Adaptaciones-43.jpg,dermaexpress,MYFUNGAR CREMA 20GR
FC-22740542,4046222740542,Pantogar 90 Cápsulas Tratamiento capilar,Italmex,,,Cápsulas,Cuidado personal,Dermatología,CAPILARES,1299.77,1585,10+1 (excepto Hydrysage),https://cdn.shopify.com/s/files/1/0088/1937/6188/files/4046222740542.jpg,dermaexpress,PANTOGAR 90 CAPS
FC-43012482,5701943012482,Perspirex Comfort Roll-on Antitranspirante para pieles delicadas,Italmex,20 ml,,,Cuidado personal,Dermatología,ANTI-TRANSPIRANTE,582.17,709.92,10+1 (excepto Hydrysage),https://cdn.shopify.com/s/files/1/0088/1937/6188/products/5701943012482.jpg,dermaexpress,PERSPIREX COMFORT ROLL-ON 20ML
FC-43013809,5701943013809,Perspirex Loción manos y pies,Italmex,100 ml,,,Cuidado personal,Dermatología,ANTI-TRANSPIRANTE,894.18,1090.4,10+1 (excepto Hydrysage),https://cdn.shopify.com/s/files/1/0088/1937/6188/products/Adaptaciones-05.jpg,dermaexpress,PERSPIREX LOCION 100ML
FC-43011201,5701943011201,Perspirex Roll-on Antitranspirante,Italmex,25 ml,,,Cuidado personal,Dermatología,ANTI-TRANSPIRANTE,582.17,709.92,10+1 (excepto Hydrysage),https://cdn.shopify.com/s/files/1/0088/1937/6188/products/Adaptaciones-04.jpg,dermaexpress,PERSPIREX ROLL-ON 25ML
FC-43010853,5701943010853,Perspirex Strong Roll-on Antitranspirante,Italmex,20 ml,,,Cuidado personal,Dermatología,ANTI-TRANSPIRANTE,608.8,742.4,10+1 (excepto Hydrysage),https://cdn.shopify.com/s/files/1/0088/1937/6188/products/Adaptaciones-03.jpg,dermaexpress,PERSPIREX STRONG ROLL-ON 20ML
FC-32003550,7703332003550,Pirimed Shampoo anti-caspa,Italmex,120 ml,,,Cuidado personal,Dermatología,CAPILARES,533.63,667,10+1 (excepto Hydrysage),https://cdn.shopify.com/s/files/1/0088/1937/6188/products/7703332003550.jpg,dermaexpress,PIRIMED SHAMPOO 120ML
FC-90912827,7501390912827,Proalid 0.03 %,Italmex,15 g,,Ungüento,Cuidado personal,Dermatología,MEDICAMENTO,432.8,580,10+1 (excepto Hydrysage),,,PROALID 0.03 % UNGUENTO 15GR
FC-90912803,7501390912803,Proalid 0.1%,Italmex,15 g,,Ungüento,Cuidado personal,Dermatología,MEDICAMENTO,570.1,764,10+1 (excepto Hydrysage),,,PROALID 0.1% UNGUENTO 15GR
FC-81000679,7703281000679,Procicar Nf,Italmex,60 g,,Crema,Cuidado personal,Dermatología,CICATRIZANTE,411.13,513.88,10+1 (excepto Hydrysage),,,PROCICAR NF CREMA 60GR
FC-81002437,7703281002437,Procikel Gel P/Cicatrices Tubo C,Italmex,30 g,,Gel,Cuidado personal,Dermatología,CICATRIZANTE,870.51,1088.08,10+1 (excepto Hydrysage),https://gruporfp.vteximg.com.br/arquivos/ids/7008522/7703281002437_01.jpg,farmatodo,PROCIKEL GEL 30GR
FC-81003946,7703281003946,Salilex Barra limpiadora libre de jabón,Italmex,120 g,,,Cuidado personal,Dermatología,LIMPIADORES,370.29,462.84,10+1 (excepto Hydrysage),https://cdn.shopify.com/s/files/1/0088/1937/6188/products/7703281003946.jpg,dermaexpress,SALILEX BARRA 120GR
FC-81003939,7703281003939,Salilex Pañitos Limpiadores Pads Caja C/30 Pz,Italmex,,,,Cuidado personal,Dermatología,LIMPIADORES,628.29,785.32,10+1 (excepto Hydrysage),https://gruporfp.vteximg.com.br/arquivos/ids/6997603/7703281003939_01.jpg,farmatodo,SALILEX PADS C/30PAÑOS
FC-81001461,7703281001461,Umbrella FPS 50+ Crema fotoprotectora para piel normal a seca,Italmex,60 g,FPS 50+,Crema,Cuidado personal,Dermatología,SOLARES,627.36,784.16,10+1 (excepto Hydrysage),https://cdn.shopify.com/s/files/1/0088/1937/6188/files/7703281001461_2.jpg,dermaexpress,UMBRELLA CREMA 60GR
FC-81001454,7703281001454,Umbrella FPS 50+ Fotoprotector en gel para piel grasa,Italmex,60 g,FPS 50+,Gel,Cuidado personal,Dermatología,SOLARES,651.49,814.32,10+1 (excepto Hydrysage),https://cdn.shopify.com/s/files/1/0088/1937/6188/files/7703281001454_2.jpg,dermaexpress,UMBRELLA GEL 60GR
FC-81001485,7703281001485,"Umbrella kids, protector solar para niños",Italmex,120 g,,,Cuidado personal,Dermatología,SOLARES,627.36,784.16,10+1 (excepto Hydrysage),https://cdn.shopify.com/s/files/1/0088/1937/6188/files/7703281001485_8.jpg,dermaexpress,UMBRELLA KIDS 120GR
FC-81002468,7703281002468,Umbrella Perfect Skin SPF50+ Tono claro Para todo tipo de piel,Italmex,50 g,,,Cuidado personal,Dermatología,SOLARES,651.49,814.32,10+1 (excepto Hydrysage),https://cdn.shopify.com/s/files/1/0088/1937/6188/files/7703281002468_8.jpg,dermaexpress,UMBRELLA PERFECT SKIN T/CLARO 50GR
FC-81002475,7703281002475,Umbrella Perfect Skin SPF50+ Tono oscuro Para todo tipo de piel,Italmex,50 g,,,Cuidado personal,Dermatología,SOLARES,651.49,814.32,10+1 (excepto Hydrysage),https://cdn.shopify.com/s/files/1/0088/1937/6188/files/7703281002475_8.jpg,dermaexpress,UMBRELLA PERFECT SKIN T/OSCURO 50GR
FC-81001447,7703281001447,Umbrella Plus Fotoprotector en spray para todo tipo de piel,Italmex,120 g,,Spray,Cuidado personal,Dermatología,SOLARES,723.88,904.8,10+1 (excepto Hydrysage),https://cdn.shopify.com/s/files/1/0088/1937/6188/files/7703281001447_8.jpg,dermaexpress,UMBRELLA PLUS 120GR
FC-81002369,7703281002369,Umbrella SPF50+ Compacto Durazno,Italmex,11 g,,,Cuidado personal,Dermatología,SOLARES,572.58,715.72,10+1 (excepto Hydrysage),,,UMBRELLA SPF50+ COMPACTO DURAZNO 11GR
FC-81002352,7703281002352,Umbrella SPF50+ Fotoprotector compacto tono miel,Italmex,11 g,,,Cuidado personal,Dermatología,SOLARES,651.49,814.32,10+1 (excepto Hydrysage),https://cdn.shopify.com/s/files/1/0088/1937/6188/products/7703281002352_b7675170-f1e6-4dd5-b6b4-a9c45bbc3a0c.png,dermaexpress,UMBRELLA SPF50+ COMPACTO MIEL 11GR
FC-81002482,7703281002482,Umbrella SPF50+ Intelligent Fluido fotoreparador,Italmex,50 g,,Fluido,Cuidado personal,Dermatología,SOLARES,790.7,988.32,10+1 (excepto Hydrysage),https://cdn.shopify.com/s/files/1/0088/1937/6188/files/7703281002482_8.jpg,dermaexpress,UMBRELLA SPF50+ INTELLIGENT CREMA 50GR
FC-81002451,7703281002451,Umbrella Urban SPF50 Fotoprotector antioxidante y antipolución,Italmex,50 g,,,Cuidado personal,Dermatología,SOLARES,627.36,784.16,10+1 (excepto Hydrysage),https://cdn.shopify.com/s/files/1/0088/1937/6188/files/7703281002451_7.jpg,dermaexpress,UMBRELLA SPF50 URBAN EMULSION 50GR
FC-81001942,7703281001942,Ureaderm Espuma,Italmex,150 ml,,,Cuidado personal,Dermatología,LIMPIADORES,477.95,597.4,10+1 (excepto Hydrysage),,,UREADERM ESPUMA 150ML
FC-32003628,7703332003628,Ureaderm Lactato Locion Hidratante Botella C,Italmex,225 g,,,Cuidado personal,Dermatología,EMOLIENTE,698.82,873.48,10+1 (excepto Hydrysage),https://gruporfp.vteximg.com.br/arquivos/ids/6997722/7703332003628_01.jpg,farmatodo,UREADERM LACTATO 225GR
FC-81001935,7703281001935,Yeux Contorno de Ojos X,Italmex,20 g,,,Cuidado personal,Dermatología,ANTIEDAD,1285.51,2142.52,10+1 (excepto Hydrysage),,,YEUX CONTORNO DE OJOS X 20 G
FC-75932264,3337875932264,Anthelios UV Air Sérum Protector Solar SPF50+ Tono Medio,La Roche Posay,50 ml,,,Cuidado personal,Dermatología,SOLARES,412.67,649,10+1 o 9.09%,https://cdn.shopify.com/s/files/1/0088/1937/6188/files/3337875932264_01_150dpi.avif,dermaexpress,ANTHELIOS UV AIR TM SERUM PROTECTOR SOLAR SPF50+ TONO MEDIO 50ML
FC-75932387,3337875932387,Anthelios UV Air Sérum Protector Solar SPF50+ Tono Oscuro,La Roche Posay,50 ml,,,Cuidado personal,Dermatología,SOLARES,412.67,649,10+1 o 9.09%,https://cdn.shopify.com/s/files/1/0088/1937/6188/files/3337875932387_01_150dpi.avif,dermaexpress,ANTHELIOS UV AIR TM SERUM PROTECTOR SOLAR SPF50+ TONO OSCURO 50ML
FC-75545891,3337875545891,Anthelios UV Mune 400 Oil Control Gel-Crema con color FPS 50+ para piel mixta,La Roche Posay,50 ml,FPS 50+,Crema,Cuidado personal,Dermatología,SOLARES,476.25,749,10+1 o 9.09%,https://cdn.shopify.com/s/files/1/0088/1937/6188/files/19777bce-57b5-4e4c-8932-caee8c685d79.jpg,dermaexpress,ANTHELIOS 50+ CREMA  XL T/SECO COLOR 50ML
FC-75940412,3337875940412,Anthelios Vitamin Sun Stick UV Air SPF50+,La Roche Posay,10 ml,,,Cuidado personal,Dermatología,SOLARES,285.5,449,10+1 o 9.09%,https://cdn.shopify.com/s/files/1/0088/1937/6188/files/3337875940412_01_150dpi.avif,dermaexpress,ANTHELIOS VITAMIN SUN STICK UV AIR TM 10ML
FC-75894333,3337875894333,Effaclar Dermatologic Foaming Bar,La Roche Posay,65 g,,,Cuidado personal,Dermatología,PIEL GRASA,190.12,299,10+1 o 9.09%,https://cdn.shopify.com/s/files/1/0088/1937/6188/files/3337875894333_1_8f7c6c17-1ca1-4e9f-afd5-55ef8f17d905.jpg,dermaexpress,EFFACLAR DERMATOLOGIC FOAMING BARRA 65G
FC-75924887,3337875924887,Effaclar Duo+M anti-imperfecciones 22 Parches,La Roche Posay,,,,Cuidado personal,Dermatología,PIEL GRASA,254.34,400,10+1 o 9.09%,https://cdn.shopify.com/s/files/1/0088/1937/6188/files/3337875924887.jpg,dermaexpress,EFFACLAR DUO+M 22 PARCHES
FC-75920582,3337875920582,Hyalu B5 Suractivated Serum Antiarrugas y Reparador,La Roche Posay,30 ml,,,Cuidado personal,Dermatología,ANTI-EDAD,889.55,1399,10+1 o 9.09%,https://cdn.shopify.com/s/files/1/0088/1937/6188/files/3337875920582.jpg,dermaexpress,HYALU B5 SURACTIVATED SERUM 30ML
FC-75911184,3337875911184,Kerium DS Shampoo Anticaspa Intensivo,La Roche Posay,200 ml,,,Cuidado personal,Dermatología,CAPILARES,558.91,879,10+1 o 9.09%,https://cdn.shopify.com/s/files/1/0088/1937/6188/files/Sintitulo_1080x1080px.jpg,dermaexpress,KERIUM DS SHAMPOO ANTI-CASPA 200ML
FC-52535464,7509552535464,Kit Mela B3 Serum 30 ml + Anthelios UV Mune 400 50 ml + Mela B3 Crema 3 ml (Copia),La Roche Posay,,,Crema,Cuidado personal,Dermatología,LANZAMIENTOS 2026,333.37,524.3,10+1 o 9.09%,https://cdn.shopify.com/s/files/1/0088/1937/6188/files/7509552535464_01.avif,dermaexpress,KIT-ANTHELIOS FLUIDO ANTI-MANCHAS 50ML+ANTHELIOS ANTI-DARK SPOTSFLUID 15ML+MELA B3 SERUM 10ML
FC-75725897,3337875725897,La Roche-Posay Agua Micelar Bifásica Ultra Desmaquillante para piel sensible,La Roche Posay,400 ml,,,Cuidado personal,Dermatología,PIEL GRASA,571.63,899,10+1 o 9.09%,https://cdn.shopify.com/s/files/1/0088/1937/6188/files/7087796a-6937-4fb7-b5f9-78a8ec03dda3.jpg,dermaexpress,AGUA MICELAR OIL INFUSED 400ML
FC-22404397,3433422404397,La Roche-Posay Agua Termal Calma y reduce la irritación,La Roche Posay,150 ml,,,Cuidado personal,Dermatología,AGUAS TERMALES,336.36,529,10+1 o 9.09%,https://cdn.shopify.com/s/files/1/0088/1937/6188/files/dc4d0b17-b133-4280-9afa-796ab64ec486.jpg,dermaexpress,AGUA TERMAL LA ROCHE POSAY 150ML
FC-22404403,3433422404403,La Roche-Posay Agua Termal Calma y reduce la irritación,La Roche Posay,300 ml,,,Cuidado personal,Dermatología,AGUAS TERMALES,444.46,699,10+1 o 9.09%,https://cdn.shopify.com/s/files/1/0088/1937/6188/files/22.jpg,dermaexpress,AGUA TERMAL LA ROCHE POSAY 300ML
FC-75764353,3337875764353,La Roche-Posay Anthelios Age Correct FPS 50+ Protector solar con color para piel madura y con signos de edad,La Roche Posay,50 ml,FPS 50+,,Cuidado personal,Dermatología,SOLARES,635.21,999,10+1 o 9.09%,https://cdn.shopify.com/s/files/1/0088/1937/6188/products/3337875764353_1.jpg,dermaexpress,ANTHELIOS AGE CORRECT FPS50 CON COLOR 50ML
FC-75546409,3337875546409,La Roche-Posay Anthelios Toque Seco Gel-crema FPS 50+ Protector solar anti-brillo para piel mixta y grasa,La Roche Posay,50 ml,FPS 50+,Crema,Cuidado personal,Dermatología,SOLARES,476.25,749,10+1 o 9.09%,https://cdn.shopify.com/s/files/1/0088/1937/6188/files/53f4601e-eb62-4e51-8898-c8a606275671.jpg,dermaexpress,ANTHELIOS 50+ GEL-CREMA T/SECO 50ML
FC-75932349,3337875932349,La Roche-Posay Anthelios UV Air SPF50+ Sérum Invisible,La Roche Posay,50 ml,,,Cuidado personal,Dermatología,LANZAMIENTOS 2026,412.67,649,10+1 o 9.09%,https://cdn.shopify.com/s/files/1/0088/1937/6188/files/3337875932349_01_150dpi.avif,dermaexpress,ANTHELIOS UV AIR SPF50+ SEUM INVISIBLE 50ML
FC-75886307,3337875886307,La Roche-Posay Anthelios UVMune 400 Dermo-Pediatrics Fluido Invisible FPS 50+ Para piel sensible de niños,La Roche Posay,50 ml,FPS 50+,Fluido,Cuidado personal,Dermatología,SOLARES,444.46,699,10+1 o 9.09%,https://cdn.shopify.com/s/files/1/0088/1937/6188/files/3337875886307_1.jpg,dermaexpress,ANTH UVMUNE FLUID DP 50+F50ML_ES-PT
FC-75888899,3337875888899,La Roche-Posay Anthelios UVMune 400 Dermo-Pediatrics Leche hidratante FPS 50+ Para piel sensible de niños,La Roche Posay,75 ml,FPS 50+,,Cuidado personal,Dermatología,SOLARES,336.36,529,10+1 o 9.09%,https://cdn.shopify.com/s/files/1/0088/1937/6188/files/3337875888899_1.jpg,dermaexpress,ANT UVM MILK DP50+ TC75ML_ES(PT¿IT)
FC-75888851,3337875888851,La Roche-Posay Anthelios UVMune 400 Dermo-Pediatrics Leche hidratante FPS 50+ Para piel sensible de niños,La Roche Posay,250 ml,FPS 50+,,Cuidado personal,Dermatología,SOLARES,635.21,999,10+1 o 9.09%,https://cdn.shopify.com/s/files/1/0088/1937/6188/files/3337875888851_1.jpg,dermaexpress,ANT UVM MILK DP50+ TC250ML_ES(PT)
FC-75886055,3337875886055,La Roche-Posay Anthelios UVMune 400 Dermo-Pediatrics Spray Invisible FPS 50+ Para piel sensible y niños,La Roche Posay,200 ml,FPS 50+,Spray,Cuidado personal,Dermatología,SOLARES,635.21,999,10+1 o 9.09%,https://cdn.shopify.com/s/files/1/0088/1937/6188/files/3337875886055_1.jpg,dermaexpress,ANT UVM DP SPRAY 50+ F200ML_ES(PT)
FC-75847292,3337875847292,La Roche-Posay Anthelios UVMune 400 Oil Control Fluido FPS 50+ Protector solar para piel mixta y grasa con tendencia al brillo,La Roche Posay,50 ml,FPS 50+,Fluido,Cuidado personal,Dermatología,SOLARES,508.04,799,10+1 o 9.09%,https://cdn.shopify.com/s/files/1/0088/1937/6188/files/6ad051f2-64d2-4a4e-8beb-39c06a27123a.jpg,dermaexpress,ANTHELIOS UV MUNE 400 OIL CONTROL FLUIDO FPS50+ 50ML
FC-75735742,3337875735742,La Roche-Posay Cicaplast B5 Spray Reparador calmante,La Roche Posay,100 ml,,Spray,Cuidado personal,Dermatología,CICATRIZANTES,298.21,469,10+1 o 9.09%,https://cdn.shopify.com/s/files/1/0088/1937/6188/files/3337875735742.jpg,dermaexpress,CICASPRAY B5 B100ML FR/EN(INTER)
FC-30106659,30106659,La Roche-Posay Cicaplast Balsamo Labios Hidratante y reparador de labios,La Roche Posay,7.5 ml,,,Cuidado personal,Dermatología,CICATRIZANTES,253.7,399,10+1 o 9.09%,https://cdn.shopify.com/s/files/1/0088/1937/6188/files/5ee5d29c-037f-462f-8a7c-3080800d4fc6.jpg,dermaexpress,CICAPLAST LABIOS 7.5ML
FC-75816779,3337875816779,La Roche-Posay Cicaplast Baume B5 Crema reparadora mini,La Roche Posay,15 ml,,Crema,Cuidado personal,Dermatología,CICATRIZANTES,101.1,159,10+1 o 9.09%,https://cdn.shopify.com/s/files/1/0088/1937/6188/files/3337875816779-2.jpg,dermaexpress,CICAPLAST MINI 15ML
FC-75816809,3337875816809,La Roche-Posay Cicaplast Baume B5+ Bálsamo calmante y reparador para piel irritada,La Roche Posay,40 ml,,,Cuidado personal,Dermatología,CICATRIZANTES,272.78,429,10+1 o 9.09%,https://cdn.shopify.com/s/files/1/0088/1937/6188/files/19a861a3-9d63-4d58-9ee3-1a886aa2919f.jpg,dermaexpress,CICAPLAST BAUME B5+ 30ML
FC-75586269,3337875586269,La Roche-Posay Cicaplast Gel B5 Tratamiento hidratante para cicatrices,La Roche Posay,40 ml,,Gel,Cuidado personal,Dermatología,CICATRIZANTES,444.46,699,10+1 o 9.09%,https://cdn.shopify.com/s/files/1/0088/1937/6188/files/7a1fac95-e056-4a54-aa81-d05121153746.jpg,dermaexpress,CICAPLAST B5 GEL 40ML
FC-72414145,3337872414145,La Roche-Posay Cicaplast Manos Crema hidratante y reparadora de manos,La Roche Posay,50 ml,,Crema,Cuidado personal,Dermatología,CICATRIZANTES,380.87,599,10+1 o 9.09%,https://cdn.shopify.com/s/files/1/0088/1937/6188/files/fc2d5d64-a427-47e3-93c1-c999a41442d5.jpg,dermaexpress,CICAPLAST MANOS 50ML
FC-75797719,3337875797719,La Roche-Posay Crema Hidratante Anthelios UVMune 400 FPS 50+ Para piel sensible,La Roche Posay,50 ml,FPS 50+,Crema,Cuidado personal,Dermatología,SOLARES,508.04,799,10+1 o 9.09%,https://cdn.shopify.com/s/files/1/0088/1937/6188/files/3337875797719_1.jpg,dermaexpress,ANTHELIOS FPS50+ UV MUNE 400 CREMA INVISIBLE 50ML
FC-75797689,3337875797689,La Roche-Posay Crema Hidratante con color Anthelios UVMune 400 FPS 50+ Protector solar facial para piel sensible,La Roche Posay,50 ml,FPS 50+,Crema,Cuidado personal,Dermatología,SOLARES,508.04,799,10+1 o 9.09%,https://cdn.shopify.com/s/files/1/0088/1937/6188/files/3337875797689_1.jpg,dermaexpress,ANTHELIOS UV MUNE 400 FPS50+ CREMA C/COLOR 50ML
FC-75920742,3337875920742,La Roche-Posay Effaclar A.Z Gel-Crema Anti-imperfecciones,La Roche Posay,40 ml,,Crema,Cuidado personal,Dermatología,PIEL GRASA,698.8,1099,10+1 o 9.09%,https://cdn.shopify.com/s/files/1/0088/1937/6188/files/3337875920742_01.jpg,dermaexpress,EFFACLAR A.Z GEL-CREMA ANTI-IMPERFECCIONES 40ML
FC-72412516,3337872412516,La Roche-Posay Effaclar Agua Micelar Ultra Desmaquillante para piel grasa,La Roche Posay,400 ml,,,Cuidado personal,Dermatología,PIEL GRASA,508.04,799,10+1 o 9.09%,https://cdn.shopify.com/s/files/1/0088/1937/6188/files/21060ada-37d9-4a4c-a5ef-ace3a991721c.jpg,dermaexpress,EFFACLAR SOLUCION MICELAR 400ML
FC-22404366,3433422404366,La Roche-Posay Effaclar Crema limpiadora para piel grasa,La Roche Posay,125 ml,,Crema,Cuidado personal,Dermatología,PIEL GRASA,571.63,899,10+1 o 9.09%,https://cdn.shopify.com/s/files/1/0088/1937/6188/files/4976d526-ef3b-49ee-9d90-b4492d8eee50.jpg,dermaexpress,EFFACLAR CREMA ESPUMOSA 125ML
FC-75549493,3337875549493,La Roche-Posay Effaclar Duo+ FPS 30 Corrector anti-marcas e imperfecciones con protector solar,La Roche Posay,40 ml,FPS 30,,Cuidado personal,Dermatología,PIEL GRASA,635.21,999,10+1 o 9.09%,https://cdn.shopify.com/s/files/1/0088/1937/6188/files/a3afb543-5197-41b2-9b36-383ca9f94db5.jpg,dermaexpress,EFFACLAR FPS30 DUO+ 40ML
FC-75863377,3337875863377,La Roche-Posay Effaclar Duo+ M Corrector Anti-marcas e imperfecciones,La Roche Posay,40 ml,,,Cuidado personal,Dermatología,PIEL GRASA,603.42,949,10+1 o 9.09%,https://cdn.shopify.com/s/files/1/0088/1937/6188/files/effaclar-m-product.webp,dermaexpress,EFFACLAR DUO+M 40ML
FC-72411991,3337872411991,La Roche-Posay Effaclar Gel espumoso purificante Limpiador facial para piel grasa y sensible,La Roche Posay,400 ml,,Gel,Cuidado personal,Dermatología,PIEL GRASA,508.04,799,10+1 o 9.09%,https://cdn.shopify.com/s/files/1/0088/1937/6188/files/f19cfa1b-0b3f-4829-8333-4b9febe5b17d.jpg,dermaexpress,EFFACLAR GEL 400ML
FC-72411083,3337872411083,La Roche-Posay Effaclar Gel Espumoso Purificante Limpiador facial para piel grasa y sensible,La Roche Posay,200 ml,,Gel,Cuidado personal,Dermatología,PIEL GRASA,401.86,632,10+1 o 9.09%,https://cdn.shopify.com/s/files/1/0088/1937/6188/files/79bf6cec-52b2-4131-972e-d877adf323f6.jpg,dermaexpress,EFFACLAR GEL 200ML
FC-75708289,3337875708289,La Roche-Posay Effaclar Gel microexfoliante Limpiador para piel grasa,La Roche Posay,400 ml,,Gel,Cuidado personal,Dermatología,PIEL GRASA,558.91,879,10+1 o 9.09%,https://cdn.shopify.com/s/files/1/0088/1937/6188/files/ec0b5043-25f9-4603-901c-f7f8f5876a9b.jpg,dermaexpress,EFFACLAR GEL MICRO EXFOLIANTE 400ML
FC-75943963,3337875943963,La Roche-Posay Effaclar Gel Purificante +M Refill Limpieza Anti-Imperfecciones,La Roche Posay,400 ml,,Gel,Cuidado personal,Dermatología,PIEL GRASA,426.02,670,10+1 o 9.09%,https://cdn.shopify.com/s/files/1/0088/1937/6188/files/3337875943963-1.avif,dermaexpress,LRP EFFACLAR REFILL 400ML RENO
FC-75777797,3337875777797,La Roche-Posay Effaclar H ISO-BIOME Reduce imperfecciones y marcas,La Roche Posay,40 ml,,,Cuidado personal,Dermatología,PIEL GRASA,508.04,799,10+1 o 9.09%,https://cdn.shopify.com/s/files/1/0088/1937/6188/files/2af64555-fb51-4823-bc94-fd250651c741.jpg,dermaexpress,EFFACLAR H ISO-BIOME 40ML
FC-75613491,3337875613491,La Roche-Posay Effaclar K+ Tratamiento para piel grasa con imperfecciones,La Roche Posay,40 ml,,,Cuidado personal,Dermatología,PIEL GRASA,552.55,869,10+1 o 9.09%,https://cdn.shopify.com/s/files/1/0088/1937/6188/files/7a1fac95-e056-4a54-aa81-d05121153746_23440435-19e7-432d-bf80-220a74b0624b.jpg,dermaexpress,EFFACLAR K+ 40ML
FC-72413025,3337872413025,La Roche-Posay Effaclar Mat Hidratante facial matificante para piel grasa,La Roche Posay,40 ml,,,Cuidado personal,Dermatología,PIEL GRASA,603.42,949,10+1 o 9.09%,https://cdn.shopify.com/s/files/1/0088/1937/6188/files/f3340773-f0c4-42fc-9b9f-5424aa9facda.jpg,dermaexpress,EFFACLAR MAT 40ML
FC-75882736,3337875882736,La Roche-Posay Hyalu B5 Booster Hidratante con efecto lifting para piel sensible,La Roche Posay,15 ml,,,Cuidado personal,Dermatología,ANTI-EDAD,711.52,1119,10+1 o 9.09%,https://cdn.shopify.com/s/files/1/0088/1937/6188/files/3337875882736_1.jpg,dermaexpress,HB5 SUPERCH. SERUM 15ML SPGE(EN IT)
FC-75920728,3337875920728,La Roche-Posay Hyalu B5 Gel Matificante Antiarrugas e Hidratante,La Roche Posay,40 ml,,Gel,Cuidado personal,Dermatología,ANTI-EDAD,495.3,778.96,10+1 o 9.09%,https://cdn.shopify.com/s/files/1/0088/1937/6188/files/3337875920728.jpg,dermaexpress,HYALU B5 GEL MATIFICANTE 40ML
FC-75613668,3337875613668,La Roche-Posay Hyalu B5 Ojos Contorno de ojos anti-arrugas,La Roche Posay,15 ml,,,Cuidado personal,Dermatología,ANTI-EDAD,762.38,1199,10+1 o 9.09%,https://cdn.shopify.com/s/files/1/0088/1937/6188/files/83927aa4-abe2-4048-a555-0d519e2e17ea.jpg,dermaexpress,HYALU B5 OJOS 15ML
FC-75806923,3337875806923,La Roche-Posay Hyalu B5 Sérum Revitalizante de Ojos Anti-arrugas e hidratante para el contorno de ojos,La Roche Posay,15 ml,,,Cuidado personal,Dermatología,ANTI-EDAD,743.31,1169,10+1 o 9.09%,https://cdn.shopify.com/s/files/1/0088/1937/6188/files/6_47f222af-936f-4459-b3b3-3d1a6eef8756.png,dermaexpress,HYALU B5 SERUM DE OJOS 15ML
FC-75920698,3337875920698,La Roche-Posay Hyalu B5 Suractivated Cream Antiarrugas y Reafirmante,La Roche Posay,50 ml,,,Cuidado personal,Dermatología,ANTI-EDAD,762.38,1199,10+1 o 9.09%,https://cdn.shopify.com/s/files/1/0088/1937/6188/files/3337875920698.jpg,dermaexpress,HYALU B5 SURACTIVATED CREAM 50ML
FC-75922029,3337875922029,La Roche-Posay Hyalu B5 Suractivated Refill Crema Antiarrugas y Reafirmante,La Roche Posay,50 ml,,Crema,Cuidado personal,Dermatología,ANTI-EDAD,597.06,939,10+1 o 9.09%,https://cdn.shopify.com/s/files/1/0088/1937/6188/files/3337875922029-4.jpg,dermaexpress,HYALU B5 SURACTIVATED REFILL 50ML
FC-22407299,3433422407299,La Roche-Posay Kerium Anti-caspa Grasa Shampoo para cuero cabelludo sensible con caspa,La Roche Posay,200 ml,,,Cuidado personal,Dermatología,CAPILARES,464.17,730,10+1 o 9.09%,https://cdn.shopify.com/s/files/1/0088/1937/6188/files/34.jpg,dermaexpress,KERIUM CASPA GRASA 200ML
FC-52537697,7509552537697,La Roche-Posay Kit Anthelios Fluido Invisible SPF50+ 40 ml + Anthelios Vitamin Sun Stick SPF50+,La Roche Posay,9 g,,Fluido,Cuidado personal,Dermatología,LANZAMIENTOS 2026,430.8,677.52,10+1 o 9.09%,https://cdn.shopify.com/s/files/1/0088/1937/6188/files/7509552537697_01_72dpi.avif,dermaexpress,KIT-ANHTELIOS FLUIDO INVISIBLE 40ML+ANTHELIOS VITAMIN SUN STICK 9G
FC-52535433,7509552535433,La Roche-Posay Kit Anthelios Fluido Oil Control con Color SPF50+ 50 ml + Pure Vitamin C10 Serum 10 ml + Hyalu B5 Serum,La Roche Posay,5 ml,,Fluido,Cuidado personal,Dermatología,LANZAMIENTOS 2026,333.37,524.3,10+1 o 9.09%,https://cdn.shopify.com/s/files/1/0088/1937/6188/files/7509552535433_01.avif,dermaexpress,KIT-ANTHELIOS FLUIDO OIL CONTROL C/C 50ML+PURE VITAMIN C10 10ML+HYALU B5 SERUM 5ML
FC-52535426,7509552535426,La Roche-Posay Kit Anthelios Gel-Crema Oil Control SPF50+ 50 ml + Hyalu B5 Serum 15 ml + Effaclar Creme Moussante,La Roche Posay,15 ml,,Crema,Cuidado personal,Dermatología,LANZAMIENTOS 2026,693.59,1090.79,10+1 o 9.09%,https://cdn.shopify.com/s/files/1/0088/1937/6188/files/7509552535426_01.avif,dermaexpress,KIT-ANTHELIOS GEL-CREMA OIL CONTROL 50ML+HYALU B5 15ML+EFFACLAR CREME MOUSSANTE 15ML
FC-52535419,7509552535419,La Roche-Posay Kit Anthelios Oil Control Gel-Crema con Color SPF50+ 50 ml + Hyalu B5 Serum Ojos 5 ml + Hyalu B5 Serum Anti-Rides,La Roche Posay,10 ml,,Crema,Cuidado personal,Dermatología,LANZAMIENTOS 2026,311.12,489.3,10+1 o 9.09%,https://cdn.shopify.com/s/files/1/0088/1937/6188/files/7509552535419_01.avif,dermaexpress,KIT-ANTHELIOS OIL CONTROL GLE-CREMA C/C 50ML+HYALU B5 SERUM OJOS 5ML+HYALU B5 SERUM ANTI-RIDES 10ML
FC-52535457,7509552535457,La Roche-Posay Kit Anthelios UV Air Fluido Invisible SPF50+ 40 ml + Anthelios UV Air Fluido Invisible SPF50+,La Roche Posay,40 ml,,Fluido,Cuidado personal,Dermatología,LANZAMIENTOS 2026,349.09,549,10+1 o 9.09%,https://cdn.shopify.com/s/files/1/0088/1937/6188/files/7509552535457_01.avif,dermaexpress,KIT-ANTHELIOS UV AIR FLUIDO INVISIBLE 40ML+ ANTHELIOS UV AIR FLUIDO INVISIBLE 40ML
FC-52535440,7509552535440,La Roche-Posay Kit Anthelios UVMune Fluido Oil Control SPF50+ 50 ml + Hyalu B5 Gel Matificante 40 ml + Effaclar Creme Moussante,La Roche Posay,15 ml,,Gel,Cuidado personal,Dermatología,LANZAMIENTOS 2026,571.51,898.8,10+1 o 9.09%,https://cdn.shopify.com/s/files/1/0088/1937/6188/files/7509552535440_01.avif,dermaexpress,KIT-ANTHELIOS UV MUNE FLUIDO OIL CONTROL 50ML+HYALU B5 GEL MATIFICANTE 40ML+EFFACLAR CREME MOUSSANTE 15ML
FC-52535396,7509552535396,La Roche-Posay Kit Effaclar Duo+M Anti-Imperfecciones 40 ml + Effaclar Duo+M Patch 22 Parches + Cosmetiquera,La Roche Posay,,,,Cuidado personal,Dermatología,LANZAMIENTOS 2026,622.5,979.01,10+1 o 9.09%,https://cdn.shopify.com/s/files/1/0088/1937/6188/files/7509552535396.avif,dermaexpress,KIT-EFFACLAR DUO+M ANTI-IMPERFECCIONES 40ML+EFFALCAR DUO+M PATCH 22 PARCHES+COSMETERIA
FC-52536713,7509552536713,La Roche-Posay Kit Effaclar Gel Limpiador Purificante 400 ml + Effaclar Mat,La Roche Posay,40 ml,,Gel,Cuidado personal,Dermatología,LANZAMIENTOS 2026,635.22,999,10+1 o 9.09%,https://cdn.shopify.com/s/files/1/0088/1937/6188/files/Kit-Effaclar-Gel-Limpieza-Para-Piel-Mixta-A-Grasa-Con-Tendencia-Al-Acne-7509552536713-639185990174265109-1.avif,dermaexpress,KIT-EFFALCAR GEL LIMPIADOR 400ML+EFFALCAR MAT 40ML
FC-52535402,7509552535402,La Roche-Posay Kit Effaclar Ultra Serum 30 ml + Anthelios UV Air SPF50+ 40 ml + Effaclar Gel Microexfoliante,La Roche Posay,15 ml,,Gel,Cuidado personal,Dermatología,LANZAMIENTOS 2026,660.46,1038.7,10+1 o 9.09%,https://cdn.shopify.com/s/files/1/0088/1937/6188/files/7509552535402.avif,dermaexpress,KIT-EFFACLAR ULTRA SERUM 30ML+ANTHELIOS UV AIR SPF50+ 40ML+EFFACLAR GEL MICROEXFOLIANTE 15ML
FC-75886024,3337875886024,La Roche-Posay Latte Doposole Anthelios Post-UV Exposure Para piel sensible,La Roche Posay,200 ml,,,Cuidado personal,Dermatología,SOLARES,368.16,579,10+1 o 9.09%,https://cdn.shopify.com/s/files/1/0088/1937/6188/files/3337875886024_1.jpg,dermaexpress,ANTH POST-UV BALM TC200ML_IT(ES¿PT)
FC-75930048,3337875930048,La Roche-Posay Lipikar Baume AP+M Bálsamo Hidratante Anti-Resequedad,La Roche Posay,200 ml,,,Cuidado personal,Dermatología,EMOLIENTES,399.95,629,10+1 o 9.09%,https://cdn.shopify.com/s/files/1/0088/1937/6188/files/2_c1410738-3de6-47c0-8a51-51896a854d25.png,dermaexpress,1ZAL LIPIKAR BAUME AP MAX 200 ES PT
FC-75930239,3337875930239,La Roche-Posay Lipikar Baume AP+M Microbiome Bálsamo Hidratante,La Roche Posay,400 ml,,,Cuidado personal,Dermatología,EMOLIENTES,537.29,845,10+1 o 9.09%,https://cdn.shopify.com/s/files/1/0088/1937/6188/files/3337875916998_1_1.avif,dermaexpress,LIPIKAR BAUME AP+MICROBIOME 400ML
FC-75930116,3337875930116,La Roche-Posay Lipikar Baume AP+M Microbiome Bálsamo Hidratante,La Roche Posay,75 ml,,,Cuidado personal,Dermatología,EMOLIENTES,164.69,259,10+1 o 9.09%,https://cdn.shopify.com/s/files/1/0088/1937/6188/files/3337875916998_c09749fc-914b-441c-8f46-924e2ca1e2f0.jpg,dermaexpress,1ZAL LIPIKAR BAUME AP MAX 75 ES
FC-75930338,3337875930338,La Roche-Posay Lipikar Baume Light Bálsamo Hidratante Ligero,La Roche Posay,400 ml,,,Cuidado personal,Dermatología,EMOLIENTES,508.04,799,10+1 o 9.09%,https://cdn.shopify.com/s/files/1/0088/1937/6188/files/7501258200011-2_9d216afa-1d6c-491c-8c6d-309d746702c9.png,dermaexpress,LIPIKAR BAUME LIGHT 400 ES PT gr
FC-75656764,3337875656764,La Roche-Posay Lipikar Cleansing Oil AP+ Aceite de ducha anti-comezón e irritación,La Roche Posay,400 ml,,,Cuidado personal,Dermatología,EMOLIENTES,412.67,649,10+1 o 9.09%,https://cdn.shopify.com/s/files/1/0088/1937/6188/files/b5bf371d-2cc6-4f59-8c49-fd75d1e8876c.jpg,dermaexpress,LIPIKAR HUILE AP + 400ML
FC-72418785,3337872418785,La Roche-Posay Lipikar Gel Lavant Limpiador para piel seca y sensible,La Roche Posay,400 ml,,Gel,Cuidado personal,Dermatología,EMOLIENTES,444.46,699,10+1 o 9.09%,https://cdn.shopify.com/s/files/1/0088/1937/6188/files/a92a3602-3975-43a3-bcb6-f1d71e870d9a.jpg,dermaexpress,LIPIKAR GEL DE DUCHA 400ML
FC-75852333,3337875852333,La Roche-Posay Lipikar Lait Urea 10% Hidratante para pieles secas,La Roche Posay,200 ml,,,Cuidado personal,Dermatología,EMOLIENTES,343.3,539.9,10+1 o 9.09%,https://cdn.shopify.com/s/files/1/0088/1937/6188/files/3337875852333_1.jpg,dermaexpress,LIPIKAR LAIT UREA 10% 200ML
FC-75852302,3337875852302,La Roche-Posay Lipikar Lait Urea 10% Hidratante para pieles secas,La Roche Posay,400 ml,,,Cuidado personal,Dermatología,EMOLIENTES,508.04,799,10+1 o 9.09%,https://cdn.shopify.com/s/files/1/0088/1937/6188/files/3337875852302_1.jpg,dermaexpress,LIPIKAR LAIT UREA 10% 400ML
FC-22404533,3433422404533,La Roche-Posay Lipikar Surgras Barra limpiadora para piel seca,La Roche Posay,150 g,,,Cuidado personal,Dermatología,EMOLIENTES,190.12,299,10+1 o 9.09%,https://cdn.shopify.com/s/files/1/0088/1937/6188/files/78411023-6e1e-478b-9c6e-db155e030fd3.jpg,dermaexpress,LIPIKAR SURGRAS 150GR
FC-75537308,3337875537308,La Roche-Posay Lipikar Syndet AP+ Gel de ducha para piel seca o atópica,La Roche Posay,200 ml,,Gel,Cuidado personal,Dermatología,EMOLIENTES,431.74,679,10+1 o 9.09%,https://cdn.shopify.com/s/files/1/0088/1937/6188/files/3337875537308_c312bf7c-cd10-433e-a6df-a52a5d0d6f00.jpg,dermaexpress,LIPIKAR SYNDET AP+ 200ML
FC-75537315,3337875537315,La Roche-Posay Lipikar Syndet AP+ Gel de ducha para piel seca y atópica,La Roche Posay,400 ml,,Gel,Cuidado personal,Dermatología,EMOLIENTES,571.63,899,10+1 o 9.09%,https://cdn.shopify.com/s/files/1/0088/1937/6188/files/b8559cb4-daf3-41ea-909a-276c0690eede.jpg,dermaexpress,LIPIKAR SYNDET AP+ 400ML
FC-75890069,3337875890069,La Roche-Posay Mela B3 Cleanser Dermolimpiador anti-manchas,La Roche Posay,200 ml,,,Cuidado personal,Dermatología,ANTI-EDAD,476.25,749,10+1 o 9.09%,https://cdn.shopify.com/s/files/1/0088/1937/6188/files/1e9fd10b-6c80-48a3-b47f-d020a68ab155.jpg,dermaexpress,MELA B3 CLEANSER 200ML INTER
FC-75941433,3337875941433,La Roche-Posay Mela B3 Crema Contorno de Ojos,La Roche Posay,15 ml,,Crema,Cuidado personal,Dermatología,LANZAMIENTOS 2026,762.38,1199,10+1 o 9.09%,https://cdn.shopify.com/s/files/1/0088/1937/6188/files/2_b6268d8b-35f1-4773-847f-b8ebd7008144.png,dermaexpress,MELA B3 CREMA CONTORNO DE OJOS 15ML
FC-75890113,3337875890113,La Roche-Posay Mela B3 Crema FPS 30 Crema hidratante diaria protectora y correctora,La Roche Posay,40 ml,FPS 30,Crema,Cuidado personal,Dermatología,ANTI-EDAD,762.38,1199,10+1 o 9.09%,https://cdn.shopify.com/s/files/1/0088/1937/6188/files/3337875890113_1.jpg,dermaexpress,MELA B3 CREME  40 ML  ES PT LATAM
FC-72414152,3337872414152,La Roche-Posay Pigmentclar Ojos Contorno de ojos iluminador anti-ojeras,La Roche Posay,15 ml,,,Cuidado personal,Dermatología,DESPIGMENTANTE,698.8,1099,10+1 o 9.09%,https://cdn.shopify.com/s/files/1/0088/1937/6188/products/3337872414152_8.jpg,dermaexpress,PIGMENTCLAR OJOS 15ML
FC-75761031,3337875761031,La Roche-Posay Protector Solar Anthelios Age Correct FPS 50+ para piel madura y con signos de edad,La Roche Posay,50 ml,FPS 50+,,Cuidado personal,Dermatología,SOLARES,635.21,999,10+1 o 9.09%,https://cdn.shopify.com/s/files/1/0088/1937/6188/files/1133835b-2113-4ec9-8375-89ea6124d7a0.jpg,dermaexpress,ANTHELIOS AGE CORRECT FPS50 S/COLOR 50ML
FC-75847353,3337875847353,La Roche-Posay Protector Solar Anthelios Eco-Consciente FPS 50+ Corporal biodegradable para piel sensible,La Roche Posay,75 ml,FPS 50+,,Cuidado personal,Dermatología,SOLARES,349.08,549,10+1 o 9.09%,https://cdn.shopify.com/s/files/1/0088/1937/6188/files/3337875847353_1.jpg,dermaexpress,ANTHELIOS ECO-CONSCIENTE LOCION CORPORAL HIDRATANTE FPS50+ 75ML
FC-75797467,3337875797467,La Roche-Posay Protector Solar Anthelios Oil Correct FPS 50+ Para piel grasa,La Roche Posay,50 ml,FPS 50+,,Cuidado personal,Dermatología,SOLARES,508.04,799,10+1 o 9.09%,https://cdn.shopify.com/s/files/1/0088/1937/6188/files/038422cf-ec67-4a0e-ba57-67c79b9d6949.jpg,dermaexpress,ANTHELIOS OIL CORRECT FPS 50+ 50ML
FC-75696838,3337875696838,La Roche-Posay Protector Solar Anthelios Spray Invisible FPS 50+ Corporal en,La Roche Posay,200 ml,FPS 50+,Spray,Cuidado personal,Dermatología,SOLARES,546.83,860,10+1 o 9.09%,https://cdn.shopify.com/s/files/1/0088/1937/6188/products/3337875696838_A.jpg,dermaexpress,ANTHELIOS 50+ SHAKA SPRAY 200ML
FC-75917810,3337875917810,"La Roche-Posay Protector Solar Anthelios UV Air FPS 50+ Fluido ligero invisible oil-free para piel sensible, mixta y grasa",La Roche Posay,40 ml,FPS 50+,Fluido,Cuidado personal,Dermatología,SOLARES,349.08,549,10+1 o 9.09%,https://cdn.shopify.com/s/files/1/0088/1937/6188/files/1_5481e5c5-aa48-46a2-814f-6dd4f26356dd.png,dermaexpress,ANTHELIOS UV CLAIR AIR SPF50+ 40ML
FC-75917407,3337875917407,"La Roche-Posay Protector Solar Anthelios UVMune 400 Fluido Anti-manchas FPS 50+ para piel sensible, mixta y con tendencia a manchas",La Roche Posay,50 ml,FPS 50+,Fluido,Cuidado personal,Dermatología,SOLARES,508.04,799,10+1 o 9.09%,https://cdn.shopify.com/s/files/1/0088/1937/6188/files/Diseno_sin_titulo_2_791ab0cd-abf6-4897-be36-0bcccc0acecc.png,dermaexpress,ANTHELIOS UVMUNE 400 FLUIDO ANTI-MANCHAS SPF50+ 50ML
FC-75797641,3337875797641,La Roche-Posay Protector Solar Anthelios UVMune 400 FPS 50+ Fluido Invisible con color para piel sensible y mixta,La Roche Posay,50 ml,FPS 50+,Fluido,Cuidado personal,Dermatología,SOLARES,508.04,799,10+1 o 9.09%,https://cdn.shopify.com/s/files/1/0088/1937/6188/files/0ea09031-95b6-4211-bc0e-dd96800f905b.jpg,dermaexpress,ANTHELIOS UV MUNE FLUIDO COLOR FPS50+ 50ML
FC-75847087,3337875847087,"La Roche-Posay Protector Solar Anthelios UVMune 400 Oil Control Fluido con color FPS 50+ para piel mixta, grasa y con tendencia al brillo",La Roche Posay,50 ml,FPS 50+,Fluido,Cuidado personal,Dermatología,SOLARES,508.04,799,10+1 o 9.09%,https://cdn.shopify.com/s/files/1/0088/1937/6188/files/044a32f6-be1e-44f0-82da-ada69b3f7331.jpg,dermaexpress,ANTHELIOS UV MUNE 400 OIL CONTROL FLUIDO FPS50+ C/C 50ML
FC-75797597,3337875797597,La Roche-Posay Protector Solar Anthelios UVMune FPS 50+ Fluido invisible para piel sensible y mixta,La Roche Posay,50 ml,FPS 50+,Fluido,Cuidado personal,Dermatología,SOLARES,508.04,799,10+1 o 9.09%,https://cdn.shopify.com/s/files/1/0088/1937/6188/files/f765b2ec-3b2c-4e85-b69c-789b1610766c.jpg,dermaexpress,ANTHELIOS UV MUNE FLUIDO INVISIBLE FPS 50+ 50ML
FC-72420153,3337872420153,La Roche-Posay Protector Solar en Bruma Corporal Invisible Anthelios FPS 50+ Ultra ligera para piel sensible,La Roche Posay,200 ml,FPS 50+,,Cuidado personal,Dermatología,SOLARES,508.04,799,10+1 o 9.09%,https://cdn.shopify.com/s/files/1/0088/1937/6188/files/3337872420153.jpg,dermaexpress,ANTH BODY MIST XL50+ 200ML EN SP(F
FC-72413735,3337872413735,La Roche-Posay Pure Vitamin C Ojos Contorno de ojos anti-arrugas,La Roche Posay,15 ml,,,Cuidado personal,Dermatología,ANTI-EDAD,889.55,1399,10+1 o 9.09%,https://cdn.shopify.com/s/files/1/0088/1937/6188/files/64e8ad13-38bd-4798-a1a2-f6d4feb93cb7.jpg,dermaexpress,REDERMIC HYALU C OJOS 15ML
FC-72413728,3337872413728,La Roche-Posay Pure Vitamin C UV FPS 25 Crema facial hidratante anti-arrugas con FPS 25,La Roche Posay,40 ml,FPS 25,Crema,Cuidado personal,Dermatología,ANTI-EDAD,883.83,1390,10+1 o 9.09%,https://cdn.shopify.com/s/files/1/0088/1937/6188/products/la-roche-posay-redermic-hyalu-c-uv-40-ml.jpg,dermaexpress,REDERMIC HYALU C UV 40ML
FC-72414039,3337872414039,La Roche-Posay Redermic R Ojos Contorno de ojos con retinol anti-arrugas,La Roche Posay,15 ml,,,Cuidado personal,Dermatología,ANTI-EDAD,889.55,1399,10+1 o 9.09%,https://cdn.shopify.com/s/files/1/0088/1937/6188/files/8beada44-196a-4504-91be-29bd1d5336e6.jpg,dermaexpress,REDERMIC R OJOS 15ML
FC-75660549,3337875660549,La Roche-Posay Redermic Retinol Concentrado Crema facial hidratante anti-arrugas y manchas,La Roche Posay,30 ml,,Crema,Cuidado personal,Dermatología,ANTI-EDAD,889.55,1399,10+1 o 9.09%,https://cdn.shopify.com/s/files/1/0088/1937/6188/files/56849de2-b238-4b3b-8289-542c881ebc82.jpg,dermaexpress,REDERMIC RETINOL 30ML
FC-22401907,3433422401907,La Roche-Posay Respectissime Desmaquillante de ojos,La Roche Posay,125 ml,,,Cuidado personal,Dermatología,PIEL SENSIBLE,444.46,699,10+1 o 9.09%,https://cdn.shopify.com/s/files/1/0088/1937/6188/files/c7882a46-1307-4fcc-af1e-3b8e320dacaa.jpg,dermaexpress,RESPECTISSIME DESMAQUILLANTE 125ML
FC-75722827,3337875722827,La Roche-Posay Sérum Effaclar Ultra Concentrado Anti-marcas e imperfecciones para piel grasa con tendencia al acné,La Roche Posay,30 ml,,,Cuidado personal,Dermatología,PIEL GRASA,698.8,1099,10+1 o 9.09%,https://cdn.shopify.com/s/files/1/0088/1937/6188/files/3_45eb2eb7-fabc-4fc2-ab34-1b8427454f67.png,dermaexpress,EFFACLAR DUO SERUM CONCENTRADO 30ML
FC-75890021,3337875890021,La Roche-Posay Sérum Mela B3 Anti-manchas y antienvejecimiento para piel sensible,La Roche Posay,30 ml,,,Cuidado personal,Dermatología,ANTI-EDAD,889.55,1399,10+1 o 9.09%,https://cdn.shopify.com/s/files/1/0088/1937/6188/files/1_3c8c43ec-a0c4-463c-af46-77858854c989.png,dermaexpress,LATAM MELA B3 10 SERUM 30ML SP PT
FC-75909235,3337875909235,La Roche-Posay Sérum Pure Vitamin C12 Luminosidad y antioxidantes para piel sensible,La Roche Posay,30 ml,,,Cuidado personal,Dermatología,ANTI-EDAD,889.55,1399,10+1 o 9.09%,https://cdn.shopify.com/s/files/1/0088/1937/6188/files/lrp_skin_vitamin-c_purevitaminc12serum_30ml_3337875909235_packshot_front.webp,dermaexpress,PURE VITAMIN C12 OIL SERUM 30ML
FC-75892872,3337875892872,La Roche-Posay Sérum Pure Vitamin C12 Oil Control para piel mixta y grasa,La Roche Posay,30 ml,,,Cuidado personal,Dermatología,ANTI-EDAD,889.55,1399,10+1 o 9.09%,https://cdn.shopify.com/s/files/1/0088/1937/6188/files/315ef8d8-7b59-4387-9b27-2e3ec0bb96a5.jpg,dermaexpress,PURE VITAMIN C12 OIL CONTROL SERUM 30ML
FC-75694469,3337875694469,La Roche-Posay Sérum Retinol B3 Concentrado anti-arrugas para piel sensible,La Roche Posay,30 ml,,,Cuidado personal,Dermatología,ANTI-EDAD,889.55,1399,10+1 o 9.09%,https://cdn.shopify.com/s/files/1/0088/1937/6188/files/4_738083d7-3a94-4e61-abe2-137a17900bf7.png,dermaexpress,REDERMIC SERUM RETINOL B3 30ML
FC-75693820,3337875693820,La Roche-Posay Sérum Toleriane Ultra Dermallergo Facial hidratante para piel sensible o con alergias,La Roche Posay,20 ml,,,Cuidado personal,Dermatología,PIEL SENSIBLE,565.91,890,10+1 o 9.09%,https://cdn.shopify.com/s/files/1/0088/1937/6188/files/7fbb906b-faf5-49fe-86c9-7588358652f7.jpg,dermaexpress,TOLERIANE DERMALLERGO 20ML
FC-75757669,3337875757669,La Roche-Posay Toleriane Dermallergo Fluido Hidratante para piel mixta a grasa,La Roche Posay,40 ml,,Fluido,Cuidado personal,Dermatología,PIEL SENSIBLE,635.21,999,10+1 o 9.09%,https://cdn.shopify.com/s/files/1/0088/1937/6188/files/521c7a4c-deca-474a-a00d-d7d8c8811442.jpg,dermaexpress,Toleriane Dermallergo Fluido 40ml
FC-75757515,3337875757515,La Roche-Posay Toleriane Dermallergo Ojos Contorno de ojos hidratante para piel sensible o con alergia,La Roche Posay,20 ml,,,Cuidado personal,Dermatología,PIEL SENSIBLE,635.21,999,10+1 o 9.09%,https://cdn.shopify.com/s/files/1/0088/1937/6188/files/a15df4a5-fa64-4b3c-ae0d-4cf0e21a37f8.jpg,dermaexpress,Toleriane Dermallergo Ojos 20ml
FC-75921336,3337875921336,La Roche-Posay Toleriane Dermallergo Sérum Facial Piel Sensible Con Neurosensina,La Roche Posay,30 ml,,,Cuidado personal,Dermatología,PIEL SENSIBLE,635.21,999,10+1 o 9.09%,https://cdn.shopify.com/s/files/1/0088/1937/6188/files/7501258200011-2.jpg,dermaexpress,TOL DERMALLER SERUM 30ML FR-ES/PT
FC-22406599,3433422406599,La Roche-Posay Toleriane Dermolimpiador Limpiador facial desmaquillante para piel sensible o con alergia,La Roche Posay,200 ml,,,Cuidado personal,Dermatología,PIEL SENSIBLE,495.33,779,10+1 o 9.09%,https://cdn.shopify.com/s/files/1/0088/1937/6188/files/747334f7-44ab-4daf-b983-4e11dbb4ff08.jpg,dermaexpress,TOLERIANE DERMOLIMPIADOR 200ML
FC-75632676,3337875632676,La Roche-Posay Toleriane Mascara Waterproof Máscara de pestañas a prueba de alergias,La Roche Posay,6 g,,,Cuidado personal,Dermatología,PIEL SENSIBLE,501.69,789,10+1 o 9.09%,https://cdn.shopify.com/s/files/1/0088/1937/6188/files/823da9cb-0079-4f7b-a052-00aa1aedfaea.jpg,dermaexpress,TOLERIANE MASCARA PESTAÑA WATERPROOF NOIR
FC-75807043,3337875807043,La Roche-Posay Toleriane Rosaliac Concentrate Crema hidratante anti-rojeces,La Roche Posay,40 ml,,Crema,Cuidado personal,Dermatología,PIEL SENSIBLE,444.46,699,10+1 o 9.09%,https://cdn.shopify.com/s/files/1/0088/1937/6188/files/c3a63a2e-8167-4d5b-8868-024540b77207.jpg,dermaexpress,TOLERIANE ROSALIAC 40ML
FC-75578486,3337875578486,La Roche-Posay Toleriane Sensitive Crema Hidratante para piel sensible,La Roche Posay,40 ml,,Crema,Cuidado personal,Dermatología,PIEL SENSIBLE,476.25,749,10+1 o 9.09%,https://cdn.shopify.com/s/files/1/0088/1937/6188/files/9960d35d-2a68-40f2-962c-0955bd2914c8.jpg,dermaexpress,TOLERIANE SENSITIVE 40ML
FC-75941396,3337875941396,Mela B3 Body Tratamiento Corporal Antimanchas,La Roche Posay,200 ml,,,Cuidado personal,Dermatología,LANZAMIENTOS 2026,508.05,799,10+1 o 9.09%,https://cdn.shopify.com/s/files/1/0088/1937/6188/files/1_1_b7a2ec18-5406-42e3-a642-e3cad84a7290.avif,dermaexpress,MELA B3 BODY TRATAMIENTO CORPORAL 200ML
FC-75650786,3337875650786,Anthelios 100 Ka+,La Roche-Posay,50 ml,,Crema,Cuidado personal,Dermatología,SOLARES,508.04,799,10+1 o 9.09%,,,ANTHELIOS 100 KA+CREMA 50ML
FC-75761123,3337875761123,Anthelios Leche Hidratante FPS 50+,La Roche-Posay,250 ml,FPS 50+,,Cuidado personal,Dermatología,SOLARES,588.16,925,10+1 o 9.09%,,,ANTHELIOS LECHE HIDRATANTE FPS50+  250ML
FC-75876407,3337875876407,Eff Gel Mouss Refill P400 ml Int 23,La Roche-Posay,,,Gel,Cuidado personal,Dermatología,PIEL GRASA,426.02,670,10+1 o 9.09%,,,EFF GEL MOUSS REFILL P400ML INT 23
FC-75583589,3337875583589,Hyalu B5,La Roche-Posay,40 ml,,Crema,Cuidado personal,Dermatología,ANTI-EDAD,762.38,1199,10+1 o 9.09%,,,HYALU B5 CREMA 40ML
FC-75583626,3337875583626,Hyalu B5 Serum,La Roche-Posay,30 ml,,,Cuidado personal,Dermatología,ANTI-EDAD,717.87,1129,10+1 o 9.09%,,,HYALU B5 SERUM 30ML
FC-75760201,3337875760201,Hyalu B5 Serum Aquagel FPS 30,La Roche-Posay,,FPS 30,,Cuidado personal,Dermatología,ANTI-EDAD,762.38,1199,10+1 o 9.09%,,,Hyalu B5 Serum Aquagel FPS30
FC-52535556,7509552535556,Kit-Effaclar Az Gel Crema 40 ml+effaclar Gel Microexfoliante 15 ml+anthelios UV Mune FPS 50+ Control,La Roche-Posay,50 ml,FPS 50+,Crema,Cuidado personal,Dermatología,LANZAMIENTOS 2026,698.8,1099,10+1 o 9.09%,,,KIT-EFFACLAR AZ GEL CREMA 40ML+EFFACLAR GEL MICROEXFOLIANTE 15ML+ANTHELIOS UV MUNE FPS50+ CONTROL FLUIDO 50ML
FC-34037672,3661434037672,Kit-Serum Booster Acido Hialuronico 30 ml+agua Termal,La Roche-Posay,50 ml,,,Cuidado personal,Dermatología,LANZAMIENTOS 2026,441,630,10+1 o 9.09%,,,KIT-SERUM BOOSTER ACIDO HIALURONICO 30ML+AGUA TERMAL 50ML
FC-75549530,3337875549530,La Roche Posay Anthelios Bruma Facial FPS 50 Botella C,La Roche-Posay,75 ml,FPS 50,,Cuidado personal,Dermatología,SOLARES,380.87,599,10+1 o 9.09%,https://gruporfp.vteximg.com.br/arquivos/ids/6998113/3337875549530_01.jpg,farmatodo,ANTHELIOS 50+ BRUMA ANTI-BRILLO 75ML
FC-72420597,3337872420597,Lipikar,La Roche-Posay,400 ml,,Fluido,Cuidado personal,Dermatología,EMOLIENTES,469.89,739,10+1 o 9.09%,,,LIPIKAR FLUIDO 400ML
FC-75763790,3337875763790,Lipikar Baume Ap+m,La Roche-Posay,200 ml,,,Cuidado personal,Dermatología,EMOLIENTES,399.95,629,10+1 o 9.09%,,,LIPIKAR BAUME AP+M 200ML
FC-75696548,3337875696548,Lipikar Baume Ap+microbiome,La Roche-Posay,400 ml,,,Cuidado personal,Dermatología,EMOLIENTES,501.69,789,10+1 o 9.09%,,,LIPIKAR BAUME AP+MICROBIOME 400ML
FC-75803786,3337875803786,Lipikar Baume Light,La Roche-Posay,400 ml,,,Cuidado personal,Dermatología,EMOLIENTES,467.35,735,10+1 o 9.09%,,,LIPIKAR BAUME LIGHT 400ML
FC-75816847,3337875816847,Lrp Cicaplast Balm,La Roche-Posay,100 ml,,,Cuidado personal,Dermatología,CICATRIZANTES,412.67,649,10+1 o 9.09%,,,LRP CICAPLAST BALM 100ML
FC-ND-75944618,3337875944618,Lrp Ddose Mela B3 Em 40.0mlt Sp Pt,La Roche-Posay,,,,Cuidado personal,Dermatología,DESPIGMENTANTE,953.14,1499,10+1 o 9.09%,,,LRP DDOSE MELA B3 EM 40.0MLT SP PT
FC-75952996,3337875952996,Lrp Eff Duo M Cleanser T,La Roche-Posay,100 ml,,,Cuidado personal,Dermatología,PIEL GRASA,190.12,299,10+1 o 9.09%,,,LRP EFF DUO M CLEANSER T100ML
FC-75950336,3337875950336,Lrp Eff Supra Mizu B40 ml Sp Pt,La Roche-Posay,,,,Cuidado personal,Dermatología,PIEL GRASA,349.08,549,10+1 o 9.09%,,,LRP EFF SUPRA MIZU B40ML SP PT
FC-75944618,337875944618,Mela B3 Gel Crema Facial Antimanchas,La Roche-Posay,40 ml,,Crema,Cuidado personal,Dermatología,LANZAMIENTOS 2026,953.14,1499,10+1 o 9.09%,,,MELA B3 GEL CREMA FACIAL ANTIMANCHAS 40ML
FC-72413704,3337872413704,Redermic Hyalu C Pnm,La Roche-Posay,40 ml,,,Cuidado personal,Dermatología,ANTI-EDAD,877.47,1380,10+1 o 9.09%,,,REDERMIC HYALU C PNM 40ML
FC-75958738,3337875958738,Rp Eff Supra Clean T200 ml Sp Pt,La Roche-Posay,,,,Cuidado personal,Dermatología,PIEL GRASA,285.5,449,10+1 o 9.09%,,,RP EFF SUPRA CLEAN T200ML SP PT
FC-72412042,3337872412042,Toleriane Compacto Mineral 11 Beige Claro,La Roche-Posay,9.5 g,,,Cuidado personal,Dermatología,PIEL SENSIBLE,693.08,1090,10+1 o 9.09%,,,TOLERIANE COMPACTO MINERAL 11 BEIGE CLARO 9.5GR
FC-72412059,3337872412059,Toleriane Compacto Mineral 13 Beige-Sand,La Roche-Posay,9.5 g,,,Cuidado personal,Dermatología,PIEL SENSIBLE,693.08,1090,10+1 o 9.09%,,,TOLERIANE COMPACTO MINERAL 13 BEIGE-SAND 9.5GR
FC-72412066,3337872412066,Toleriane Compacto Mineral 15 Dore,La Roche-Posay,9.5 g,,,Cuidado personal,Dermatología,PIEL SENSIBLE,693.08,1090,10+1 o 9.09%,,,TOLERIANE COMPACTO MINERAL 15 DORE 9.5GR
FC-91029178,5702191029178,Advantan Crema 0.1 % Tubo C,Leo Pharma,15 g,,Crema,Cuidado personal,Dermatología,ANTIEDAD,517.85,672.96,10+1,https://gruporfp.vteximg.com.br/arquivos/ids/7011412/5702191029178_01.jpg,farmatodo,ADVANTAN CREMA 15GR
FC-91029369,5702191029369,Daivobet Gel 5/50 mg Frasco C,Leo Pharma,30 g,5/50 mg,Gel,Cuidado personal,Dermatología,ANTIEDAD,1063.48,1612.8,10+1,https://gruporfp.vteximg.com.br/arquivos/ids/7011537/5702191029369_01.jpg,farmatodo,DAIVOBET GEL 30GR
FC-91029307,5702191029307,Daivonex,Leo Pharma,30 g,,Ungüento,Cuidado personal,Dermatología,ANTIEDAD,1055.19,1600.23,10+1,https://cdn.shopify.com/s/files/1/0088/1937/6188/files/5702191008074_d10e4139-3538-436c-b90a-3bab772c3823.jpg,dermaexpress,DAIVONEX UNGUENTO 30GR
FC-91029192,5702191029192,Finacea Gel 15%,Leo Pharma,30 g,,Gel,Cuidado personal,Dermatología,ANTIEDAD,677.14,879.97,10+1,https://cdn.shopify.com/s/files/1/0088/1937/6188/files/5702191029192_1.avif,dermaexpress,FINACEA GEL 30GR
FC-91029208,5702191029208,Fucicort Crema 20/1 mg Tubo C,Leo Pharma,15 g,20/1 mg,Crema,Cuidado personal,Dermatología,ANTIEDAD,415.97,630.83,10+1,https://gruporfp.vteximg.com.br/arquivos/ids/7011565/5702191029208_01.jpg,farmatodo,FUCICORT CREMA 15GR
FC-91029222,5702191029222,Fucidin Crema 2% Tubo C,Leo Pharma,15 g,,Crema,Cuidado personal,Dermatología,ANTIEDAD,361.44,548.14,10+1,https://gruporfp.vteximg.com.br/arquivos/ids/7011636/5702191029222_01.jpg,farmatodo,FUCIDIN CREMA 15GR
FC-91029239,5702191029239,Fucidin Crema 2% Tubo C,Leo Pharma,30 g,,Crema,Cuidado personal,Dermatología,ANTIEDAD,566.21,858.67,10+1,https://gruporfp.vteximg.com.br/arquivos/ids/7011828/5702191029239_01.jpg,farmatodo,FUCIDIN CREMA 30GR
FC-91029291,5702191029291,Fucidin Ungüento 2% Tubo C,Leo Pharma,15 g,,Ungüento,Cuidado personal,Dermatología,ANTIEDAD,361.44,548.14,10+1,https://gruporfp.vteximg.com.br/arquivos/ids/7011599/5702191029291_01.jpg,farmatodo,FUCIDIN UNGUENTO 15GR
FC-91029611,5702191029611,Fucidinmix,Leo Pharma,15 g,,Crema,Cuidado personal,Dermatología,ANTIEDAD,429.92,651.99,10+1,,,FUCIDINMIX CREMA 15G
FC-91029314,5702191029314,Icaden Crema 1 g Tubo C,Leo Pharma,20 g,,Crema,Cuidado personal,Dermatología,ANTIEDAD,462.58,601.14,10+1,https://gruporfp.vteximg.com.br/arquivos/ids/7011826/5702191029314_01.jpg,farmatodo,ICADEN CREMA 20GR
FC-91027037,5702191027037,Icaden Crema Vaginal,Leo Pharma,40 g,,Crema,Cuidado personal,Dermatología,ANTIEDAD,666.57,866.23,10+1,https://cdn.shopify.com/s/files/1/0088/1937/6188/products/Adaptaciones-16.jpg,dermaexpress,ICADEN CREMA VAGINAL 40GR
FC-91029321,5702191029321,Leo-Pharma Daivobet,Leo Pharma,30 g,,Ungüento,Cuidado personal,Dermatología,ANTIEDAD,1063.48,1612.8,10+1,https://cdn.shopify.com/s/files/1/0088/1937/6188/files/5702191008067_255e3fad-f6ac-416d-9608-feed25de0599.jpg,dermaexpress,DAIVOBET UNGUENTO 30GR
FC-91029949,5702191029949,Leo-Pharma Enstilar Espuma,Leo Pharma,60 g,,,Cuidado personal,Dermatología,ANTIEDAD,1460.24,2214.5,10+1,https://cdn.shopify.com/s/files/1/0088/1937/6188/files/5702191029949_1.jpg,dermaexpress,ENSTILAR ESPUMA 60G
FC-91029437,5702191029437,Leo-Pharma Scheriderm,Leo Pharma,15 g,,Crema,Cuidado personal,Dermatología,ANTIEDAD,416.16,540.81,10+1,https://cdn.shopify.com/s/files/1/0088/1937/6188/files/Adaptaciones-36.jpg,dermaexpress,SCHERIDERM CREMA 15GR
FC-00008583,8413400008583,bella dia,LULLAGE,30 ml,,Crema,Cuidado personal,Dermatología,ANTIEDAD,475.02,678.6,10+1 (excepto Hydrysage),https://cdn.shopify.com/s/files/1/0088/1937/6188/files/8413400008583.jpg,dermaexpress,LULLAGE BELLA DIA CREMA 30ML
FC-00005988,8413400005988,bella dia,LULLAGE,50 ml,,Crema,Cuidado personal,Dermatología,ANTIEDAD,647.16,924.52,10+1 (excepto Hydrysage),https://cdn.shopify.com/s/files/1/0088/1937/6188/files/a46b7cf8-9777-4a10-b415-5486ba0620be.jpg,dermaexpress,LULLAGE BELLA DIA CREMA 50ML
FC-19136104,850019136104,Repigment12 Crema Reguladora de Pigmentación,LULLAGE,75 ml,,Crema,Cuidado personal,Dermatología,ANTIEDAD,1433.99,2048.56,10+1 (excepto Hydrysage),https://cdn.shopify.com/s/files/1/0088/1937/6188/files/1_1166255c-d9aa-4916-9ee2-b0d09733bde6.png,dermaexpress,LULLAGE REPIGMENT12 75ML
FC-00005018,8413400005018,Splendor 10 Tratamiento Día,LULLAGE,50 ml,,,Cuidado personal,Dermatología,ANTIEDAD,720.24,1028.92,10+1 (excepto Hydrysage),https://cdn.shopify.com/s/files/1/0088/1937/6188/files/1_92b39e37-c417-4cbe-9b7a-a11fd046cf39.png,dermaexpress,LULLAGE SPLENDOR 10 TRATAMIENTO DIA 50ML
FC-00005025,8413400005025,splendor 10 tratamiento noche,LULLAGE,50 ml,,,Cuidado personal,Dermatología,ANTIEDAD,720.24,1028.92,10+1 (excepto Hydrysage),https://cdn.shopify.com/s/files/1/0088/1937/6188/files/8413400005025.jpg,dermaexpress,LULLAGE SPLENDOR 10 TRATAMIENTO NOCHE 50ML
FC-19136111,850019136111,Splendor Dropper Serum,LULLAGE,30 ml,,,Cuidado personal,Dermatología,ANTIEDAD,673.15,961.64,10+1 (excepto Hydrysage),https://cdn.shopify.com/s/files/1/0088/1937/6188/files/2_753c17f0-829d-4362-8f81-b38e7ac398fd.png,dermaexpress,LULLAGE SPLENDOR DROPPER SERUM 30ML
FC-19136333,850019136333,Splendor Sérum Elasticidad y Firmeza,LULLAGE,30 ml,,,Cuidado personal,Dermatología,ANTIEDAD,447.1,638.72,10+1 (excepto Hydrysage),https://cdn.shopify.com/s/files/1/0088/1937/6188/files/1_c9a6df53-0d3d-40f6-b2af-27c5e821cf9d.png,dermaexpress,LULLAGE SPLENDOR SERUM ELASTICIDAD Y FIRMEZA 30ML
FC-19136340,850019136340,Splendor Sérum Iluminador Nocturno,LULLAGE,30 ml,,,Cuidado personal,Dermatología,ANTIEDAD,673.15,961.64,10+1 (excepto Hydrysage),https://cdn.shopify.com/s/files/1/0088/1937/6188/files/1_80a0943f-2d40-4439-b572-2b9c004a51bf.png,dermaexpress,LULLAGE SPLENDOR SERUM ILUMINADOR NOCTURNO 30ML
FC-89052574,8436589052574,Absolute Lift Serum Reafirmante Global,MartiDerm,30 ml,,,Cuidado personal,Dermatología,ANTI-EDAD,1192,1490,,,,ABSOLUTE LIFT SERUM REAFIRMANTE GLOBAL 30ML
FC-15942599,8437015942599,Acniover,MartiDerm,60 Capsulas,,Cápsulas,Cuidado personal,Dermatología,PIEL GRASA,660.01,825,,,,ACNIOVER 60 CAPSULAS
FC-89051478,8436589051478,Acniover Cicavent,MartiDerm,40 ml,,,Cuidado personal,Dermatología,PIEL GRASA,399.2,499,,,,ACNIOVER CICAVENT 40ML
FC-89052192,8436589052192,Acniover Crema Limpiadora Suave,MartiDerm,200 ml,,Crema,Cuidado personal,Dermatología,PIEL GRASA,295.2,369,,,,ACNIOVER CREMA LIMPIADORA SUAVE 200ML
FC-89052185,8436589052185,Acniover Crema Restauradora,MartiDerm,40 ml,,Crema,Cuidado personal,Dermatología,PIEL GRASA,324,405,,,,ACNIOVER CREMA RESTAURADORA 40ML
FC-00435716,8437000435716,Acniover Cremigel Activo,MartiDerm,40 ml,,,Cuidado personal,Dermatología,PIEL GRASA,492,615,,,,ACNIOVER CREMIGEL ACTIVO 40ML
FC-00435709,8437000435709,Acniover Gel Purificante,MartiDerm,200 ml,,Gel,Cuidado personal,Dermatología,PIEL GRASA,383.19,479,,,,ACNIOVER GEL PURIFICANTE 200ML
FC-19178680,8437019178680,Acniover Renovador Nocturno,MartiDerm,40 ml,,,Cuidado personal,Dermatología,PIEL GRASA,479.2,599,,,,ACNIOVER RENOVADOR NOCTURNO 40ML
FC-15942728,8437015942728,Acniover Serum,MartiDerm,30 ml,,,Cuidado personal,Dermatología,PIEL GRASA,428.01,535,,,,ACNIOVER SERUM 30ML
FC-89051485,8436589051485,Acniover Spray Corporal,MartiDerm,150 ml,,Spray,Cuidado personal,Dermatología,PIEL GRASA,460,575,,,,ACNIOVER SPRAY CORPORAL 150ML
FC-15942704,8437015942704,Acniover Stick Corrector,MartiDerm,4 g,,,Cuidado personal,Dermatología,PIEL GRASA,391.2,489,,,,ACNIOVER STICK CORRECTOR 4G
FC-89051010,8436589051010,Amatist Day Cream,MartiDerm,50 ml,,,Cuidado personal,Dermatología,ANTI-EDAD,759.2,949,,,,AMATIST DAY CREAM 50ML
FC-89051027,8436589051027,Amatist Night Cream,MartiDerm,50 ml,,,Cuidado personal,Dermatología,ANTI-EDAD,759.2,949,,,,AMATIST NIGHT CREAM 50ML
FC-89051836,8436589051836,Amatist Serum,MartiDerm,30 ml,,,Cuidado personal,Dermatología,ANTI-EDAD,663.2,829.01,,,,AMATIST SERUM 30ML
FC-15942087,8437015942087,Ampollas Anticaida 28 Ampolletas,MartiDerm,,,,Cuidado personal,Dermatología,CAPILARES,2364,2955,,,,AMPOLLAS ANTICAIDA 28 AMPOLLETAS
FC-00435372,8437000435372,Ampollas Photo-Ege Ha+ 10 Ampolletas,MartiDerm,2 ml,,,Cuidado personal,Dermatología,ANTI-EDAD,972,1215,,,,AMPOLLAS PHOTO-EGE HA+ 10 AMPOLLETAS 2ML
FC-00435440,8437000435440,Ampollas Photo-Ege Ha+ 30 Ampolletas,MartiDerm,2 ml,,,Cuidado personal,Dermatología,ANTI-EDAD,2063.2,2579,,,,AMPOLLAS PHOTO-EGE HA+ 30 AMPOLLETAS 2ML
FC-89051157,8436589051157,Arbutin Dark Spots,MartiDerm,20 ml,,,Cuidado personal,Dermatología,DESPIGMENTANTES,623.2,779,,,,ARBUTIN DARK SPOTS 20ML
FC-19178239,8437019178239,Balancing Toner,MartiDerm,200 ml,,,Cuidado personal,Dermatología,LIMPIADORES,383.19,479,,,,BALANCING TONER 200ML
FC-00435839,8437000435839,Black Diamond Skin Complex Advanced 10 Ampolletas,MartiDerm,,,,Cuidado personal,Dermatología,LANZAMIENTOS 2026,1335.19,1669,,,,BLACK DIAMOND SKIN COMPLEX ADVANCED 10 AMPOLLETAS
FC-19178246,8437019178246,Blooming Toner,MartiDerm,200 ml,,,Cuidado personal,Dermatología,LIMPIADORES,383.19,479,,,,BLOOMING TONER 200ML
FC-89051799,8436589051799,Calm Boost After Sun,MartiDerm,400 ml,,,Cuidado personal,Dermatología,SOLARES,412,515.01,,,,CALM BOOST AFTER SUN 400ML
FC-89052161,8436589052161,Collagent Lift,MartiDerm,20 ml,,,Cuidado personal,Dermatología,ANTI-EDAD,588,735,,,,COLLAGENT LIFT 20ML
FC-89051720,8436589051720,Defend Boost SPF50 Mineral D Fluid,MartiDerm,50 ml,,,Cuidado personal,Dermatología,SOLARES,495.2,619,,,,DEFEND BOOST SPF50 MINERAL D FLUID 50ML
FC-89050754,8436589050754,Desmaquillante de Ojos Bifasico,MartiDerm,125 ml,,,Cuidado personal,Dermatología,LIMPIADORES,308,385,,,,DESMAQUILLANTE DE OJOS BIFASICO 125ML
FC-15942407,8437015942407,Driosec Dermoprotect Roll-On,MartiDerm,50 ml,,,Cuidado personal,Dermatología,ANTITRANSPIRANTES,327.2,409,,,,DRIOSEC DERMOPROTECT ROLL-ON 50ML
FC-00435068,8437000435068,Driosec Intensive Roll-On,MartiDerm,50 ml,,,Cuidado personal,Dermatología,ANTITRANSPIRANTES,327.2,409,,,,DRIOSEC INTENSIVE ROLL-ON 50ML
FC-15942278,8437015942278,Dsp-Bright,MartiDerm,2 ml,,,Cuidado personal,Dermatología,DESPIGMENTANTES,1911.2,2389,,,,DSP-BRIGHT 2ML
FC-00435334,8437000435334,Dsp-Cover Stick FPS 50+,MartiDerm,4 ml,FPS 50+,,Cuidado personal,Dermatología,DESPIGMENTANTES,444,555,,,,DSP-COVER STICK FPS50+ 4ML
FC-00435129,8437000435129,Dsp-Crema FPS 50+,MartiDerm,40 ml,FPS 50+,Crema,Cuidado personal,Dermatología,DESPIGMENTANTES,948,1185,,,,DSP-CREMA FPS50+ 40ML
FC-00435556,8437000435556,Dsp-Crema Renovacion,MartiDerm,40 ml,,Crema,Cuidado personal,Dermatología,DESPIGMENTANTES,839.2,1049,,,,DSP-CREMA RENOVACION 40ML
FC-00435235,8437000435235,Dsp-Mask,MartiDerm,30 ml,,,Cuidado personal,Dermatología,DESPIGMENTANTES,1319.2,1649,,,,DSP-MASK 30ML
FC-00435563,8437000435563,Dsp-Serum Iluminador,MartiDerm,30 ml,,,Cuidado personal,Dermatología,DESPIGMENTANTES,1092,1365,,,,DSP-SERUM ILUMINADOR 30ML
FC-15942292,8437015942292,Epigence 145 Cream,MartiDerm,50 ml,,,Cuidado personal,Dermatología,ANTI-EDAD,2399.2,2998.99,,,,EPIGENCE 145 CREAM 50ML
FC-15942308,8437015942308,Epigence 145 Sleeping Cream,MartiDerm,50 ml,,,Cuidado personal,Dermatología,ANTI-EDAD,2399.2,2998.99,,,,EPIGENCE 145 SLEEPING CREAM 50ML
FC-00435204,8437000435204,Exfoliante Corporal,MartiDerm,200 ml,,,Cuidado personal,Dermatología,LIMPIADORES,444,555,,,,EXFOLIANTE CORPORAL 200ML
FC-00435136,8437000435136,Exfoliante Facial,MartiDerm,50 ml,,,Cuidado personal,Dermatología,ANTI-EDAD,475.99,595,,,,EXFOLIANTE FACIAL 50ML
FC-00435471,8437000435471,Expression,MartiDerm,15 ml,,Gel,Cuidado personal,Dermatología,ANTI-EDAD,959.2,1199,,,,EXPRESSION GEL 15ML
FC-15942360,8437015942360,Eye Correct Duo,MartiDerm,20 ml,,,Cuidado personal,Dermatología,ANTI-EDAD,1132,1415,,,,EYE CORRECT DUO 20ML
FC-00435600,8437000435600,Flash 5 Ampolletas,MartiDerm,2 ml,,,Cuidado personal,Dermatología,ANTI-EDAD,383.19,479,,,,FLASH 5 AMPOLLETAS 2ML
FC-15942759,8437015942759,Flash Serum,MartiDerm,15 ml,,,Cuidado personal,Dermatología,ANTI-EDAD,567.21,709,,,,FLASH SERUM 15ML
FC-89050525,8436589050525,Formula N10 Hd Color Touch SPF30 10 Ampolletas,MartiDerm,,,,Cuidado personal,Dermatología,ANTI-EDAD,499.99,625,,,,FORMULA N10 HD COLOR TOUCH SPF30 10 AMPOLLETAS
FC-89050532,8436589050532,Formula N10 Hd Color Touch SPF30 30 Ampolletas,MartiDerm,,,,Cuidado personal,Dermatología,ANTI-EDAD,1159.2,1449,,,,FORMULA N10 HD COLOR TOUCH SPF30 30 AMPOLLETAS
FC-00435891,8437000435891,Gel Micelar Limpiador,MartiDerm,200 ml,,Gel,Cuidado personal,Dermatología,LIMPIADORES,460,575,,,,GEL MICELAR LIMPIADOR 200ML
FC-15942285,8437015942285,Gf Vital-Age Cream Night,MartiDerm,50 ml,,,Cuidado personal,Dermatología,ANTI-EDAD,1671.2,2089,,,,GF VITAL-AGE CREAM NIGHT 50ML
FC-00435419,8437000435419,Gf Vital-Age Cream Piel Normal-Mixta,MartiDerm,50 ml,,,Cuidado personal,Dermatología,ANTI-EDAD,1671.2,2089,,,,GF VITAL-AGE CREAM PIEL NORMAL-MIXTA 50ML
FC-00435402,8437000435402,Gf Vital-Age Cream Piel Seca-Muy Seca,MartiDerm,50 ml,,,Cuidado personal,Dermatología,ANTI-EDAD,1671.2,2089,,,,GF VITAL-AGE CREAM PIEL SECA-MUY SECA 50ML
FC-00435464,8437000435464,Hidra-Firming Locion Corporal,MartiDerm,400 ml,,,Cuidado personal,Dermatología,ANTI-EDAD,660.01,825,,,,HIDRA-FIRMING LOCION CORPORAL 400ML
FC-00435273,8437000435273,Hidro Mask,MartiDerm,75 ml,,,Cuidado personal,Dermatología,LIMPIADORES,527.2,659,,,,HIDRO MASK 75ML
FC-89051089,8436589051089,Hyaluronic Firm,MartiDerm,20 ml,,,Cuidado personal,Dermatología,ANTI-EDAD,623.2,779,,,,HYALURONIC FIRM 20ML
FC-00435389,8437000435389,Krono-Age Serum,MartiDerm,30 ml,,,Cuidado personal,Dermatología,ANTI-EDAD,1671.2,2089,,,,KRONO-AGE SERUM 30ML
FC-04614001,8437004614001,Legvass Emulsion,MartiDerm,200 ml,,,Cuidado personal,Dermatología,ANTI-EDAD,468,585,,,,LEGVASS EMULSION 200ML
FC-19178611,8437019178611,Lip Supreme Balm,MartiDerm,4.5 ml,,,Cuidado personal,Dermatología,ANTI-EDAD,479.2,599,,,,LIP SUPREME BALM 4.5ML
FC-15942117,8437015942117,Locion Anticaida,MartiDerm,100 ml,,,Cuidado personal,Dermatología,CAPILARES,908,1135,,,,LOCION ANTICAIDA 100ML
FC-00435457,8437000435457,Modelif Crema Corporal,MartiDerm,200 ml,,Crema,Cuidado personal,Dermatología,ANTI-EDAD,652,815,,,,MODELIF CREMA CORPORAL 200ML
FC-19178086,8437019178086,Neck-Line Correct,MartiDerm,50 ml,,,Cuidado personal,Dermatología,ANTI-EDAD,939.99,1175,,,,NECK-LINE CORRECT 50ML
FC-00435587,8437000435587,Night Renew 10 Ampolletas,MartiDerm,2 ml,,,Cuidado personal,Dermatología,ANTI-EDAD,663.2,829.01,,,,NIGHT RENEW 10 AMPOLLETAS 2ML
FC-00435594,8437000435594,Night Renew 30 Ampolletas,MartiDerm,2 ml,,,Cuidado personal,Dermatología,ANTI-EDAD,1380.01,1725,,,,NIGHT RENEW 30 AMPOLLETAS 2ML
FC-15942384,8437015942384,Night Renew Serum,MartiDerm,30 ml,,,Cuidado personal,Dermatología,ANTI-EDAD,1343.2,1679,,,,NIGHT RENEW SERUM 30ML
FC-00435051,8437000435051,Pro-Reg 15 Cream,MartiDerm,50 ml,,,Cuidado personal,Dermatología,ANTI-EDAD,1023.2,1279,,,,PRO-REG 15 CREAM 50ML
FC-00435037,8437000435037,Pro-Reg 8 Cream,MartiDerm,50 ml,,,Cuidado personal,Dermatología,ANTI-EDAD,879.2,1099,,,,PRO-REG 8 CREAM 50ML
FC-00435013,8437000435013,Proteos Hypra Plus 10 Ampolletas,MartiDerm,2 ml,,,Cuidado personal,Dermatología,ANTI-EDAD,599.2,749,,,,PROTEOS HYPRA PLUS 10 AMPOLLETAS 2ML
FC-00435020,8437000435020,Proteos Hypra Plus 30 Ampolletas,MartiDerm,2 ml,,,Cuidado personal,Dermatología,ANTI-EDAD,1391.2,1739,,,,PROTEOS HYPRA PLUS 30 AMPOLLETAS 2ML
FC-00435150,8437000435150,Proteos Hypra Plus Sp 10 Ampolletas,MartiDerm,2 ml,,,Cuidado personal,Dermatología,ANTI-EDAD,599.2,749,,,,PROTEOS HYPRA PLUS SP 10 AMPOLLETAS 2ML
FC-00435167,8437000435167,Proteos Hypra Plus Sp 30 Ampolletas,MartiDerm,2 ml,,,Cuidado personal,Dermatología,ANTI-EDAD,1391.2,1739,,,,PROTEOS HYPRA PLUS SP 30 AMPOLLETAS 2ML
FC-00435105,8437000435105,Proteos Liposome 10 Ampollas,MartiDerm,2 ml,,,Cuidado personal,Dermatología,ANTI-EDAD,599.2,749,,,,PROTEOS LIPOSOME 10 AMPOLLAS 2ML
FC-00435112,8437000435112,Proteos Liposome 30 Ampollas,MartiDerm,2 ml,,,Cuidado personal,Dermatología,ANTI-EDAD,1311.19,1639,,,,PROTEOS LIPOSOME 30 AMPOLLAS 2ML
FC-19178062,8437019178062,Proteos Screen SPF50+,MartiDerm,40 ml,,,Cuidado personal,Dermatología,ANTI-EDAD,652,815,,,,PROTEOS SCREEN SPF50+ 40ML
FC-19178666,8437019178666,Proteos Screen SPF50+ C/C Fluid Cream,MartiDerm,40 ml,,,Cuidado personal,Dermatología,SOLARES,652,815,,,,PROTEOS SCREEN SPF50+ C/C FLUID CREAM 40ML
FC-15942322,8437015942322,Proteum Serum Anti-Aging Ultraintensivo,MartiDerm,30 ml,,,Cuidado personal,Dermatología,ANTI-EDAD,1839.2,2299,,,,PROTEUM SERUM ANTI-AGING ULTRAINTENSIVO 30ML
FC-00435297,8437000435297,Pure Mask,MartiDerm,75 ml,,,Cuidado personal,Dermatología,LIMPIADORES,527.2,659,,,,PURE MASK 75ML
FC-89051072,8436589051072,Retinol Renew,MartiDerm,20 ml,,,Cuidado personal,Dermatología,ANTI-EDAD,623.2,779,,,,RETINOL RENEW 20ML
FC-89051140,8436589051140,Salicylic Imperfections,MartiDerm,200 ml,,,Cuidado personal,Dermatología,PIEL GRASA,623.2,779,,,,SALICYLIC IMPERFECTIONS 200ML
FC-15942094,8437015942094,Shampoo Anticaida Anti-Aging,MartiDerm,200 ml,,,Cuidado personal,Dermatología,CAPILARES,475.99,595,,,,SHAMPOO ANTICAIDA ANTI-AGING 200ML
FC-15942100,8437015942100,Shampoo Anticaida Antiseborreico,MartiDerm,200 ml,,,Cuidado personal,Dermatología,CAPILARES,475.99,595,,,,SHAMPOO ANTICAIDA ANTISEBORREICO 200ML
FC-15942315,8437015942315,Skin Complex+ 30 Ampollas,MartiDerm,2 ml,,,Cuidado personal,Dermatología,AMPOLLETAS,2471.19,3089,,,,SKIN COMPLEX+ 30 AMPOLLAS 2ML
FC-00435860,8437000435860,Solucion Micelar Limpiadora 3 en 1,MartiDerm,300 ml,,Solución,Cuidado personal,Dermatología,LIMPIADORES,475.99,595,,,,SOLUCION MICELAR LIMPIADORA 3 EN 1 300ML
FC-89050761,8436589050761,Sublime Expert Eye Contour,MartiDerm,15 ml,,,Cuidado personal,Dermatología,ANTI-EDAD,1332,1664.99,,,,SUBLIME EXPERT EYE CONTOUR 15ML
FC-89052505,8436589052505,Sun Care SPF50+ Active [D] Hydra,MartiDerm,50 ml,,Gel,Cuidado personal,Dermatología,LANZAMIENTOS 2026,495.2,619,,https://cdn.shopify.com/s/files/1/0088/1937/6188/files/204125.png,dermaexpress,SUN CARE SPF50+ ACTIVE D HYDRA GEL 50ML
FC-89051737,8436589051737,Tan Boost SPF30 Bronze,MartiDerm,50 ml,,,Cuidado personal,Dermatología,SOLARES,495.2,619,,,,TAN BOOST SPF30 BRONZE 50ML
FC-89051775,8436589051775,Tan Boost SPF30 Bronze D,MartiDerm,155 ml,,,Cuidado personal,Dermatología,SOLARES,495.2,619,,,,TAN BOOST SPF30 BRONZE D 155ML
FC-81704495,3700281704495,Topicrem Ac Control Agua Micelar Purificante,MartiDerm,400 ml,,,Cuidado personal,Dermatología,PIEL SECA,391.2,489,,,,TOPICREM AC CONTROL AGUA MICELAR PURIFICANTE 400ML
FC-81703573,3700281703573,Topicrem Ac Control Gel Cuidados Matificantes,MartiDerm,40 ml,,Gel,Cuidado personal,Dermatología,PIEL SECA,436,545,,,,TOPICREM AC CONTROL GEL CUIDADOS MATIFICANTES 40ML
FC-81703269,3700281703269,Topicrem Ac Control Gel Limpiador Purificante,MartiDerm,400 ml,,Gel,Cuidado personal,Dermatología,PIEL SECA,575.2,719,,,,TOPICREM AC CONTROL GEL LIMPIADOR PURIFICANTE 400ML
FC-81705065,3700281705065,Topicrem AC CONTROL Sérum Intensivo Anti-Imperfecciones,MartiDerm,34 ml,,,Cuidado personal,Dermatología,LANZAMIENTOS 2026,471.2,589,,https://cdn.shopify.com/s/files/1/0088/1937/6188/files/186940_1.png,dermaexpress,TOPICREM SERUM INTENSIVO ANTI-IMPERFECCIONES 34ML
FC-81702781,3700281702781,Topicrem Ac Crema Hidratante Compensadora,MartiDerm,40 ml,,Crema,Cuidado personal,Dermatología,PIEL SECA,463.2,579,,,,TOPICREM AC CREMA HIDRATANTE COMPENSADORA 40ML
FC-81704198,3700281704198,Topicrem Ac Mascarilla Purificante,MartiDerm,50 ml,,,Cuidado personal,Dermatología,PIEL SECA,412,515.01,,,,TOPICREM AC MASCARILLA PURIFICANTE 50ML
FC-81701906,3700281701906,Topicrem Bebe Gel Limpiador 2 en 1,MartiDerm,500 ml,,Gel,Cuidado personal,Dermatología,PIEL SECA,407.19,509,,,,TOPICREM BEBE GEL LIMPIADOR 2 EN 1 500ML
FC-81703450,3700281703450,Topicrem Bebe Mi Primera Leche Ultra-Hidratante,MartiDerm,500 ml,,,Cuidado personal,Dermatología,PIEL SECA,551.2,689.01,,,,TOPICREM BEBE MI PRIMERA LECHE ULTRA-HIDRATANTE 500ML
FC-81703924,3700281703924,Topicrem Calm+ Agua Micelar Calmante,MartiDerm,200 ml,,,Cuidado personal,Dermatología,PIEL SECA,271.2,339,,,,TOPICREM CALM+ AGUA MICELAR CALMANTE 200ML
FC-81702989,3700281702989,Topicrem Calm+ Crema Calmante,MartiDerm,40 ml,,Crema,Cuidado personal,Dermatología,PIEL SECA,447.2,559,,,,TOPICREM CALM+ CREMA CALMANTE 40ML
FC-81702996,3700281702996,Topicrem Calm+ Fluido Calmante,MartiDerm,40 ml,,Fluido,Cuidado personal,Dermatología,PIEL SECA,471.2,589,,,,TOPICREM CALM+ FLUIDO CALMANTE 40ML
FC-81703283,3700281703283,Topicrem Cica+ Crema Calmante,MartiDerm,100 ml,,Crema,Cuidado personal,Dermatología,PIEL SECA,444,555,,,,TOPICREM CICA+ CREMA CALMANTE 100ML
FC-81702682,3700281702682,Topicrem Cica+ Crema Calmante,MartiDerm,40 ml,,Crema,Cuidado personal,Dermatología,PIEL SECA,295.2,369,,,,TOPICREM CICA+ CREMA CALMANTE 40ML
FC-81702736,3700281702736,Topicrem Da Balsamo Emoliente,MartiDerm,500 ml,,,Cuidado personal,Dermatología,PIEL SECA,676,845,,,,TOPICREM DA BALSAMO EMOLIENTE 500ML
FC-81702583,3700281702583,Topicrem Da Balsamo Emoliente,MartiDerm,200 ml,,,Cuidado personal,Dermatología,PIEL SECA,428.01,535,,,,TOPICREM DA BALSAMO EMOLIENTE 200ML
FC-81702835,3700281702835,Topicrem Da Gel Limpiador,MartiDerm,500 ml,,Gel,Cuidado personal,Dermatología,PIEL SECA,492,615,,,,TOPICREM DA GEL LIMPIADOR 500ML
FC-81702446,3700281702446,Topicrem Hydra+ Balsamo Labial Ultra-Hidratante,MartiDerm,4 g,,,Cuidado personal,Dermatología,PIEL SECA,164,205,,,,TOPICREM HYDRA+ BALSAMO LABIAL ULTRA-HIDRATANTE 4G
FC-81704907,3700281704907,Topicrem Hydra+ Crema Protectora de Dia SPF50,MartiDerm,40 ml,,Crema,Cuidado personal,Dermatología,PIEL SECA,455.2,569,,,,TOPICREM HYDRA+ CREMA PROTECTORA DE DIA SPF50 40ML
FC-81703993,3700281703993,Topicrem Hydra+ Gel Contorno de Ojos Iluminador,MartiDerm,15 ml,,Gel,Cuidado personal,Dermatología,PIEL SECA,372,465,,,,TOPICREM HYDRA+ GEL CONTORNO DE OJOS ILUMINADOR 15ML
FC-81704310,3700281704310,Topicrem Hydra+ Gel Hidratante Refrescante y Luminoso,MartiDerm,40 ml,,Gel,Cuidado personal,Dermatología,PIEL SECA,463.2,579,,,,TOPICREM HYDRA+ GEL HIDRATANTE REFRESCANTE Y LUMINOSO 40ML
FC-81704044,3700281704044,Topicrem Hydra+ Mascarilla Hidratante,MartiDerm,50 ml,,,Cuidado personal,Dermatología,PIEL SECA,508,635,,,,TOPICREM HYDRA+ MASCARILLA HIDRATANTE 50ML
FC-81703443,3700281703443,Topicrem Hydra+ Serum Ultra-Hidratante,MartiDerm,30 ml,,,Cuidado personal,Dermatología,PIEL SECA,615.19,769,,,,TOPICREM HYDRA+ SERUM ULTRA-HIDRATANTE 30ML
FC-81703955,3700281703955,Topicrem Mela Barra Unificante Exfoliante,MartiDerm,150 g,,,Cuidado personal,Dermatología,PIEL SECA,238.4,298,,,,TOPICREM MELA BARRA UNIFICANTE EXFOLIANTE 150G
FC-81704396,3700281704396,Topicrem Mela Crema de Dia Unificante Antimanchas,MartiDerm,40 ml,,Crema,Cuidado personal,Dermatología,PIEL SECA,719.2,899,,,,TOPICREM MELA CREMA DE DIA UNIFICANTE ANTIMANCHAS 40ML
FC-81704730,3700281704730,Topicrem Mela Crema de Noche Peeling Antimanchas,MartiDerm,40 ml,,Crema,Cuidado personal,Dermatología,PIEL SECA,719.2,899,,,,TOPICREM MELA CREMA DE NOCHE PEELING ANTIMANCHAS 40ML
FC-81704457,3700281704457,Topicrem Mela Leche Unificante Ultra-Hidratante,MartiDerm,500 ml,,,Cuidado personal,Dermatología,PIEL SECA,1151.2,1439,,,,TOPICREM MELA LECHE UNIFICANTE ULTRA-HIDRATANTE 500ML
FC-81704464,3700281704464,Topicrem Mela Leche Unificante Ultra-Hidratante,MartiDerm,200 ml,,,Cuidado personal,Dermatología,PIEL SECA,731.99,915,,,,TOPICREM MELA LECHE UNIFICANTE ULTRA-HIDRATANTE 200ML
FC-81705003,3700281705003,Topicrem Mela Serum Iluminador Antimanchas,MartiDerm,30 ml,,,Cuidado personal,Dermatología,PIEL SECA,815.2,1019,,,,TOPICREM MELA SERUM ILUMINADOR ANTIMANCHAS 30ML
FC-81703252,3700281703252,Topicrem Uh Cuerpo Crema para Manos Ultra-Hidratante,MartiDerm,50 ml,,Crema,Cuidado personal,Dermatología,PIEL SECA,215.2,269,,,,TOPICREM UH CUERPO CREMA PARA MANOS ULTRA-HIDRATANTE 50ML
FC-81702415,3700281702415,Topicrem Uh Cuerpo Gel Limpiador Suave,MartiDerm,500 ml,,Gel,Cuidado personal,Dermatología,PIEL SECA,412,515.01,,,,TOPICREM UH CUERPO GEL LIMPIADOR SUAVE 500ML
FC-81702408,3700281702408,Topicrem Uh Cuerpo Gel Limpiador Suave,MartiDerm,200 ml,,Gel,Cuidado personal,Dermatología,PIEL SECA,311.2,388.99,,,,TOPICREM UH CUERPO GEL LIMPIADOR SUAVE 200ML
FC-81702576,3700281702576,Topicrem Uh Cuerpo Leche Corporal Ultra-Hidratante,MartiDerm,1000 ml,,,Cuidado personal,Dermatología,PIEL SECA,847.19,1059,,,,TOPICREM UH CUERPO LECHE CORPORAL ULTRA-HIDRATANTE 1000ML
FC-81702286,3700281702286,Topicrem Uh Cuerpo Leche Corporal Ultra-Hidratante,MartiDerm,500 ml,,,Cuidado personal,Dermatología,PIEL SECA,543.2,678.99,,,,TOPICREM UH CUERPO LECHE CORPORAL ULTRA-HIDRATANTE 500ML
FC-81702361,3700281702361,Topicrem Uh Cuerpo Leche Corporal Ultra-Hidratante,MartiDerm,200 ml,,,Cuidado personal,Dermatología,PIEL SECA,319.2,399.01,,,,TOPICREM UH CUERPO LECHE CORPORAL ULTRA-HIDRATANTE 200ML
FC-81702880,3700281702880,Topicrem Uh Cuerpo Leche Corporal Ultra-Hidratante Efecto Brillante,MartiDerm,200 ml,,,Cuidado personal,Dermatología,PIEL SECA,444,555,,,,TOPICREM UH CUERPO LECHE CORPORAL ULTRA-HIDRATANTE EFECTO BRILLANTE 200ML
FC-81702699,3700281702699,Topicrem Ur Specifics Pv/DS Gel Limpiador,MartiDerm,200 ml,,Gel,Cuidado personal,Dermatología,PIEL SECA,420,525,,,,TOPICREM UR SPECIFICS PV/DS GEL LIMPIADOR 200ML
FC-81703306,3700281703306,Topicrem Ur Specifics Ur-10 Crema Alisadora Antirrugosidades,MartiDerm,500 ml,,Crema,Cuidado personal,Dermatología,PIEL SECA,655.2,818.99,,,,TOPICREM UR SPECIFICS UR-10 CREMA ALISADORA ANTIRRUGOSIDADES 500ML
FC-81703290,3700281703290,Topicrem Ur Specifics Ur-10 Crema Alisadora Antirrugosidades,MartiDerm,200 ml,,Crema,Cuidado personal,Dermatología,PIEL SECA,447.2,559,,,,TOPICREM UR SPECIFICS UR-10 CREMA ALISADORA ANTIRRUGOSIDADES 200ML
FC-81702316,3700281702316,Topicrem Ur Specifics Ur-10 Crema para Pies Anti-Callosidades,MartiDerm,75 ml,,Crema,Cuidado personal,Dermatología,PIEL SECA,311.2,388.99,,,,TOPICREM UR SPECIFICS UR-10 CREMA PARA PIES ANTI-CALLOSIDADES 75ML
FC-81704532,3700281704532,Topicrem Ur Specifics Ur-30 Crema Calmante Anti-Rugosidades,MartiDerm,75 ml,,Crema,Cuidado personal,Dermatología,PIEL SECA,383.19,479,,,,TOPICREM UR SPECIFICS UR-30 CREMA CALMANTE ANTI-RUGOSIDADES 75ML
FC-89052581,8436589052581,Ultimate Antiox Serum Revitaizante Global,MartiDerm,30 ml,,,Cuidado personal,Dermatología,ANTI-EDAD,1192,1490,,,,ULTIMATE ANTIOX SERUM REVITAIZANTE GLOBAL 30ML
FC-89051744,8436589051744,UV Boost SPF30+ Active D,MartiDerm,50 ml,,,Cuidado personal,Dermatología,SOLARES,652,619,,,,UV BOOST SPF30+ ACTIVE D 50ML
FC-89051768,8436589051768,UV Boost SPF50+ Active D,MartiDerm,200 ml,,,Cuidado personal,Dermatología,SOLARES,495.2,619,,,,UV BOOST SPF50+ ACTIVE D 200ML
FC-89051713,8436589051713,UV Boost SPF50+ Active D Fluid,MartiDerm,50 ml,,,Cuidado personal,Dermatología,SOLARES,495.2,619,,,,UV BOOST SPF50+ ACTIVE D FLUID 50ML
FC-89051065,8436589051065,Vitamin C Antiox,MartiDerm,20 ml,,,Cuidado personal,Dermatología,ANTI-EDAD,623.2,779,,,,VITAMIN C ANTIOX 20ML
FC-05034535,3504105034535,Aceite Prevención de Estrías,MUSTELA,105 ml,,,Cuidado personal,Dermatología,CICATRIZANTES,205.98,280.14,,https://cdn.shopify.com/s/files/1/0088/1937/6188/files/3504105034535_1.jpg,dermaexpress,MUSTELA ACEITE PREVENCIÓN ESTRÍAS 105ML
FC-05036027,3504105036027,agua para peinar refrescante,MUSTELA,200 ml,,,Cuidado personal,Dermatología,PEDIATRICO,147.15,200.12,,https://cdn.shopify.com/s/files/1/0088/1937/6188/files/3504105036027_1.jpg,dermaexpress,AGUA PARA PEINAR REFRESCANTE 200ML
FC-05037185,3504105037185,Bálsamo Universal,MUSTELA,75 ml,,,Cuidado personal,Dermatología,PIEL SECA,207.78,282.58,,https://cdn.shopify.com/s/files/1/0088/1937/6188/files/3504105037185_1.jpg,dermaexpress,FY BALSAMO UNIVERSAL 75ML
FC-05044855,3504105044855,Bálsamo Universal Multiusos,MUSTELA,75 ml,,,Cuidado personal,Dermatología,LANZAMIENTOS 2026,207.78,282.58,,https://cdn.shopify.com/s/files/1/0088/1937/6188/files/3504105037185_1_1.jpg,dermaexpress,MUS-BÁLSAMO UNIVERSAL 75ML
FC-05037970,3504105037970,Bio Orgánico Crema Hidratante,MUSTELA,150 ml,,Crema,Cuidado personal,Dermatología,HIDRATANTES,232.94,316.8,,https://cdn.shopify.com/s/files/1/0088/1937/6188/files/3504105037970_1.jpg,dermaexpress,OR CREMA HIDRATANTE 150ML
FC-05037956,3504105037956,Bio Orgánico Gel de Baño,MUSTELA,400 ml,,Gel,Cuidado personal,Dermatología,LIMPIADORES,326.51,444.05,,https://cdn.shopify.com/s/files/1/0088/1937/6188/files/3504105037956_1.jpg,dermaexpress,OR GEL DE BAÑO 400ML
FC-05038724,3504105038724,Bio Orgánico Gel de Baño Refill,MUSTELA,400 ml,,Gel,Cuidado personal,Dermatología,LIMPIADORES,302.76,411.75,,https://cdn.shopify.com/s/files/1/0088/1937/6188/files/3504105038724_1.jpg,dermaexpress,OR GEL DE BAÑO REFILL 400ML
FC-05032937,3504105032937,Cicastela Crema Reparadora,MUSTELA,40 ml,,Crema,Cuidado personal,Dermatología,PIEL SENSIBLE,172.89,235.12,,https://cdn.shopify.com/s/files/1/0088/1937/6188/files/3504105032937_1.jpg,dermaexpress,MUSTELA CICASTELA CREMA REPARADORA 40ML
FC-05044640,3504105044640,Cold Cream Crema Emoliente Nutritiva,MUSTELA,40 ml,,Crema,Cuidado personal,Dermatología,LANZAMIENTOS 2026,115.41,156.95,,https://cdn.shopify.com/s/files/1/0088/1937/6188/files/3504105035648_1_1.jpg,dermaexpress,MUS-PS COLD CREAM CREMA EMOLIENTE  40ML
FC-05044602,3504105044602,Cold Cream Loción Corporal Nutritiva,MUSTELA,200 ml,,,Cuidado personal,Dermatología,LANZAMIENTOS 2026,166.22,226.05,,https://cdn.shopify.com/s/files/1/0088/1937/6188/files/3504105035532_1_36405488-8822-4d6d-9821-db744803e1a9.jpg,dermaexpress,MUS-PS LOCION CORPORAL AL CC 200ML
FC-05035648,3504105035648,Crema Facial Cold Cream,MUSTELA,40 ml,,Crema,Cuidado personal,Dermatología,HIDRATANTES,115.4,156.95,,https://cdn.shopify.com/s/files/1/0088/1937/6188/files/3504105035648_1.jpg,dermaexpress,MUSTELA CREMA FACIAL COLD CREAM 40ML
FC-05025878,3504105025878,Crema para Rozaduras,MUSTELA,100 ml,,Crema,Cuidado personal,Dermatología,PIEL SENSIBLE,139.75,190.05,,https://cdn.shopify.com/s/files/1/0088/1937/6188/files/3504105025878_1.jpg,dermaexpress,MUSTELA CREMA PARA ROZADURAS 100ML
FC-05025816,3504105025816,Crema para Rozaduras,MUSTELA,50 ml,,Crema,Cuidado personal,Dermatología,PIEL SENSIBLE,92.1,125.26,,https://cdn.shopify.com/s/files/1/0088/1937/6188/files/3504105025816_1.jpg,dermaexpress,RZ CREMA ROZADURAS 50ML
FC-05033828,3504105033828,Crema Prevención de Estrías,MUSTELA,150 ml,,Crema,Cuidado personal,Dermatología,CICATRIZANTES,306.72,417.14,,https://cdn.shopify.com/s/files/1/0088/1937/6188/files/3504105033828_1.jpg,dermaexpress,MM CREMA PREVENCIÓN ESTRIAS 150ML
FC-05035617,3504105035617,Gel de Baño Suave,MUSTELA,500 ml,,Gel,Cuidado personal,Dermatología,LIMPIADORES,189.5,257.72,,https://cdn.shopify.com/s/files/1/0088/1937/6188/files/3504105035617_1.jpg,dermaexpress,MUSTELA GEL DE BAÑO SUAVE 500ML
FC-05035501,3504105035501,Hydrabebé Loción Corporal,MUSTELA,500 ml,,,Cuidado personal,Dermatología,PEDIATRICO,255.14,346.99,,https://cdn.shopify.com/s/files/1/0088/1937/6188/files/3504105035501_1.jpg,dermaexpress,HYDRA BEBE CREMA CUERPO PIEL NORMAL 500ML
FC-05035891,3504105035891,Hydrabebé Loción Corporal,MUSTELA,300 ml,,,Cuidado personal,Dermatología,PEDIATRICO,181.62,247.01,,https://cdn.shopify.com/s/files/1/0088/1937/6188/files/3504105035891_1.jpg,dermaexpress,HYDRA BEBE CREMA CUERPO PIEL NORMAL 300ML
FC-08090743,3504108090743,Jabón en Barra para Piel Normal,MUSTELA,100 g,,,Cuidado personal,Dermatología,LIMPIADORES,60.89,82.81,,https://cdn.shopify.com/s/files/1/0088/1937/6188/files/3504108090743_1.jpg,dermaexpress,PN JABON EN BARRA PIEL NORMAL 100G
FC-05036102,3504105036102,Jabón Nutriprotector Cold Cream,MUSTELA,100 g,,,Cuidado personal,Dermatología,LIMPIADORES,99.52,135.34,,https://cdn.shopify.com/s/files/1/0088/1937/6188/files/3504105036102_1.jpg,dermaexpress,MUSTELA JABÓN NUTRIPOTECTOR COLD CREAM 100GR
FC-05035532,3504105035532,Loción Corporal Cold Cream,MUSTELA,200 ml,,,Cuidado personal,Dermatología,HIDRATANTES,166.22,226.05,,https://cdn.shopify.com/s/files/1/0088/1937/6188/files/3504105035532_1.jpg,dermaexpress,PS LOCION CORPORAL AL CC 200ML
FC-05042691,3504105042691,Loción corporal de maternidad,MUSTELA,200 ml,,,Cuidado personal,Dermatología,CICATRIZANTES,363.61,494.51,,https://cdn.shopify.com/s/files/1/0088/1937/6188/files/3504105042691_1.jpg,dermaexpress,MUSTELA LOCIÓN ESENCIAL DE MATERNIDAD 200ML
FC-05034894,3504105034894,Musti Agua de colonia para bebé,MUSTELA,50 ml,,,Cuidado personal,Dermatología,PEDIATRICO,295.37,401.71,,https://cdn.shopify.com/s/files/1/0088/1937/6188/files/3504105034870_1.jpg,dermaexpress,AGUA DE COLONIA PIEL NORMAL 50ML
FC-05036751,3504105036751,Protector Solar en,MUSTELA,200 ml,,Spray,Cuidado personal,Dermatología,SOLARES,595.63,810.05,,https://cdn.shopify.com/s/files/1/0088/1937/6188/files/3504105036751_1.jpg,dermaexpress,SL PROTECTOR SOLAR 200ML
FC-05036775,3504105036775,Protector Solar en Crema SPF50+,MUSTELA,100 ml,,Crema,Cuidado personal,Dermatología,SOLARES,414.12,563.2,,https://cdn.shopify.com/s/files/1/0088/1937/6188/files/3504105036775_1.jpg,dermaexpress,MUSTELA PROTECTOR SOLAR EN CREMA 100ML
FC-05036768,3504105036768,Protector Solar Facial SPF50+,MUSTELA,40 ml,,,Cuidado personal,Dermatología,SOLARES,293.34,398.95,,https://cdn.shopify.com/s/files/1/0088/1937/6188/files/3504105036768_1.jpg,dermaexpress,SL PROTECTOR SOLAR 40ML
FC-05037772,3504105037772,Protector Solar Stick SPF50+,MUSTELA,9 ml,,,Cuidado personal,Dermatología,SOLARES,237.27,322.68,,https://cdn.shopify.com/s/files/1/0088/1937/6188/files/3504105037772_1.jpg,dermaexpress,MUSTELA PROTECTOR SOLAR STICK 9ML
FC-05043452,3504105043452,Shampoo en crema Desenredante y Nutritivo,MUSTELA,200 ml,,Crema,Cuidado personal,Dermatología,CAPILARES,143.47,195.11,,https://cdn.shopify.com/s/files/1/0088/1937/6188/files/3504105043452_1.jpg,dermaexpress,SHAMPOO EN CREMA DESENREDANTE Y NUTRITIVO 200ML
FC-05034382,3504105034382,Shampoo Recién Nacido,MUSTELA,150 ml,,,Cuidado personal,Dermatología,CAPILARES,190.56,259.17,,https://cdn.shopify.com/s/files/1/0088/1937/6188/files/3504105034382_1.jpg,dermaexpress,MUSTELA SHAMPOO RECIÉN NACIDO 150ML
FC-05036133,3504105036133,Shampoo Suave,MUSTELA,500 ml,,,Cuidado personal,Dermatología,CAPILARES,189.5,257.72,,https://cdn.shopify.com/s/files/1/0088/1937/6188/files/3504105036133_1.jpg,dermaexpress,MUSTELA SHAMPOO SUAVE 500ML
FC-05036126,3504105036126,Shampoo Suave,MUSTELA,200 ml,,,Cuidado personal,Dermatología,CAPILARES,114.34,155.5,,https://cdn.shopify.com/s/files/1/0088/1937/6188/files/3504105036126_1.jpg,dermaexpress,PN SHAMPOO SUAVE 200ML
FC-05035815,3504105035815,Solución Limpiadora Sin Enjuague,MUSTELA,300 ml,,Solución,Cuidado personal,Dermatología,CAPILARES,161.74,219.96,,https://cdn.shopify.com/s/files/1/0088/1937/6188/files/3504105035815_1.jpg,dermaexpress,PN SOLUCION LIMPIADORA SIN ENJUAGUE 300ML
FC-05039875,3504105039875,Stelatopia Crema Relipidizante Corporal,MUSTELA,300 ml,,Crema,Cuidado personal,Dermatología,CAPILARES,499.66,679.53,,https://cdn.shopify.com/s/files/1/0088/1937/6188/files/3504105039875_1.jpg,dermaexpress,MUSTELA STELATOPIA CREMA RELIPIDIZANTE CORPORAL 300ML
FC-05039844,3504105039844,Stelatopia Crema Relipidizante Corporal,MUSTELA,150 ml,,Crema,Cuidado personal,Dermatología,PIEL SECA,331.4,450.71,,https://cdn.shopify.com/s/files/1/0088/1937/6188/files/3504105039844_1.jpg,dermaexpress,PA CREMA RELIPIDIZANTE STELATOPIA CORPORAL 150ML
FC-05033637,3504105033637,Stelatopia Gel Lavante,MUSTELA,200 ml,,Gel,Cuidado personal,Dermatología,LIMPIADORES,287.95,391.62,,https://cdn.shopify.com/s/files/1/0088/1937/6188/files/3504105033637_1.jpg,dermaexpress,PA STELATOPIA GEL LAVANTE 200ML
FC-05041458,3504105041458,Toallitas Húmedas Compostables 60 pz,MUSTELA,,,,Cuidado personal,Dermatología,LIMPIADORES,153.36,208.58,,https://cdn.shopify.com/s/files/1/0088/1937/6188/files/3504105041458_1.jpg,dermaexpress,PN TOALLITAS HUMEDAS CUERPO COMPOSTABLES 60PZ
FC-13301446,732013301446,Clarify Gel para Brotes Cutáneos,Neostrata,15 g,,Gel,Cuidado personal,Dermatología,DESPIGMENTANTES,452.02,615,10+1,https://cdn.shopify.com/s/files/1/0088/1937/6188/products/732013301446.png,dermaexpress,NEOS SPOT GEL 15GR
FC-13301453,732013301453,Clarify Tónico Exfoliante para Piel Grasa o con Acné,Neostrata,100 ml,,,Cuidado personal,Dermatología,TRATAMIENTOS,599.03,815,10+1,https://cdn.shopify.com/s/files/1/0088/1937/6188/products/732013301453.png,dermaexpress,NEOS SOLUCION ACNE 100ML
FC-13301194,732013301194,Enlighten Contorno de Ojos Iluminador,Neostrata,15 g,,,Cuidado personal,Dermatología,DESPIGMENTANTES,837.9,1140,10+1,https://cdn.shopify.com/s/files/1/0088/1937/6188/products/732013301194.png,dermaexpress,ENLIGHTEN CREMA CONTORNO OJOS 15GR
FC-13250195,732013250195,Enlighten Crema Limpiadora Exfoliante,Neostrata,100 ml,,Crema,Cuidado personal,Dermatología,DESPIGMENTANTES,661.5,900,10+1,https://cdn.shopify.com/s/files/1/0088/1937/6188/files/DEDEDEDEDE.webp,dermaexpress,ENLIGHTEN GEL LIMPIADOR 100ML
FC-13301606,732013301606,Enlighten Fluido Facial Despigmentante,Neostrata,30 ml,,Fluido,Cuidado personal,Dermatología,DESPIGMENTANTES,955.5,1300,10+1,https://cdn.shopify.com/s/files/1/0088/1937/6188/products/732013301606.png,dermaexpress,ENLIGHTEN PIGMENT CONTROLLER FLUIDO 50ML
FC-13301620,732013301620,Enlighten Gel Despigmentante,Neostrata,20 g,,Gel,Cuidado personal,Dermatología,DESPIGMENTANTES,441,600,10+1,https://cdn.shopify.com/s/files/1/0088/1937/6188/files/neostrata-skin-lighten-e1630600937141.jpg,dermaexpress,ENLIGHTEN GEL DESPIGMENTANTE 20GR
FC-13302160,732013302160,Enlighten Gel Despigmentante para Manchas,Neostrata,40 g,,Gel,Cuidado personal,Dermatología,DESPIGMENTANTES,725.44,987,10+1,https://cdn.shopify.com/s/files/1/0088/1937/6188/products/732013302160.png,dermaexpress,ENLIGHTEN GEL DESPIGMENTANTE 40GR
FC-13301613,732013301613,Enlighten Suero Facial Iluminador,Neostrata,30 ml,,,Cuidado personal,Dermatología,DESPIGMENTANTES,1029,1400,10+1,https://cdn.shopify.com/s/files/1/0088/1937/6188/products/10.jpg,dermaexpress,ENLIGHTEN ILLUMINATING SUERO 30ML
FC-13301545,732013301545,PDS Crema Corporal para Piel Seca,Neostrata,100 ml,,Crema,Cuidado personal,Dermatología,EMOLIENTE,588,800,10+1,https://cdn.shopify.com/s/files/1/0088/1937/6188/products/732013301545.png,dermaexpress,NEOSTRATA PDS 100GR
FC-13301415,732013301415,Repair Crema Contorno de Ojos,Neostrata,15 g,,Crema,Cuidado personal,Dermatología,ANTI-EDAD,635.78,865,10+1,https://cdn.shopify.com/s/files/1/0088/1937/6188/products/14.jpg,dermaexpress,NEOS CONTORNO DE OJOS 15GR
FC-13301378,732013301378,Restore Crema Facial Lactibionica,Neostrata,40 g,,Crema,Cuidado personal,Dermatología,ANTI-EDAD,682.81,929,10+1,https://cdn.shopify.com/s/files/1/0088/1937/6188/products/732013301378.png,dermaexpress,NEOS CREMA LACTOBIONICA 40GR
FC-13301729,732013301729,restore mascarilla,Neostrata,20 g,,,Cuidado personal,Dermatología,EMOLIENTE,265.34,361,10+1,https://cdn.shopify.com/s/files/1/0088/1937/6188/files/1_ee8fd867-7f63-43c9-8baa-6b8aa7eaf5ef.jpg,dermaexpress,NEOSTRATA RESTORE MASCARILLA FACIAL HIDRATANTE 20G
FC-13301392,732013301392,Restore Suero Facial Antirrojeces,Neostrata,29 g,,,Cuidado personal,Dermatología,TRATAMIENTOS,1029,1400,10+1,https://cdn.shopify.com/s/files/1/0088/1937/6188/products/13.jpg,dermaexpress,NEOS SUERO FACIAL ANTI-ROJECES 29GR
FC-13301385,732013301385,Restore Suero Facial Lactobiónico,Neostrata,30 ml,,,Cuidado personal,Dermatología,ANTI-EDAD,874.65,1190,10+1,https://cdn.shopify.com/s/files/1/0088/1937/6188/products/Adaptaciones-11.jpg,dermaexpress,NEOS SUERO FACIAL LACTOBIONICO 30ML
FC-13301323,732013301323,Resurface Crema Facial Ultrasuavizante,Neostrata,40 g,,Crema,Cuidado personal,Dermatología,EMOLIENTE,565.95,770,10+1,https://cdn.shopify.com/s/files/1/0088/1937/6188/products/Adaptaciones-10.jpg,dermaexpress,NEOS CREMA 10% ULTRASUAVISANTE 40GR
FC-13302092,732013302092,Resurface Crema Ultrasuavizante Plus,Neostrata,40 g,,Crema,Cuidado personal,Dermatología,EMOLIENTE,735,1000,10+1,https://cdn.shopify.com/s/files/1/0088/1937/6188/products/732013302092.png,dermaexpress,NEOSTRATA CREMA FACIAL PLUS 40GR
FC-13301552,732013301552,Resurface Loción Plus,Neostrata,200 ml,,,Cuidado personal,Dermatología,EMOLIENTE,882,1200,10+1,https://cdn.shopify.com/s/files/1/0088/1937/6188/products/732013301552.png,dermaexpress,NESOTRATA LOCION PLUS 200ML
FC-13301330,732013301330,Resurface Loción Ultrasuavizante,Neostrata,200 ml,,,Cuidado personal,Dermatología,EMOLIENTE,632.1,860,10+1,https://cdn.shopify.com/s/files/1/0088/1937/6188/products/732013301330.png,dermaexpress,NEOS LOCION 10% ULTRASUAVIZANTE 200ML
FC-13250188,732013250188,Skin Active Crema Facial de Día FPS 30,Neostrata,50 ml,FPS 30,Crema,Cuidado personal,Dermatología,ANTI-EDAD,1278.9,1740,10+1,https://cdn.shopify.com/s/files/1/0088/1937/6188/products/04.jpg,dermaexpress,NEOSTRATA SKIN ACTIVE CREMA DE DÍA 50 G
FC-13303013,732013303013,Skin Active Crema para Cuello y Escote,Neostrata,80 g,,Crema,Cuidado personal,Dermatología,ANTI-EDAD,1433.25,1950,10+1,https://cdn.shopify.com/s/files/1/0088/1937/6188/files/732013303013.jpg,dermaexpress,NEOSTRATA SKIN ACTIVE CREMA PARA CUELLO
FC-13303068,732013303068,Skin Active Firming Tratamiento Reafirmante Facial,Neostrata,30 ml,,,Cuidado personal,Dermatología,ANTI-EDAD,1558.2,2120,10+1,https://cdn.shopify.com/s/files/1/0088/1937/6188/files/732013303068.jpg,dermaexpress,NEOSTRATA TRI-THERAPY LIFTING SERUM 30ML
FC-13303037,732013303037,Skin Active Rebound Crema Facial,Neostrata,50 g,,Crema,Cuidado personal,Dermatología,ANTI-EDAD,1433.25,1950,10+1,https://cdn.shopify.com/s/files/1/0088/1937/6188/files/732013303037.jpg,dermaexpress,SKIN ACTIVE REBOUND CREMA FACIAL 50G
FC-13303051,732013303051,Skin Active Repair Tratamiento Intensivo Antiedad,Neostrata,15 ml,,,Cuidado personal,Dermatología,ANTI-EDAD,1418.55,1930,10+1,https://cdn.shopify.com/s/files/1/0088/1937/6188/files/732013303051.jpg,dermaexpress,NEOSTRATA SKIN ACTIVE CREMA PARA CONTORNO DE OJOS
FC-13302924,732013302924,Skin Active Retinol Complex Crema Facial Reafirmante,Neostrata,30 ml,,Crema,Cuidado personal,Dermatología,ANTI-EDAD,1293.6,1760,10+1,https://cdn.shopify.com/s/files/1/0088/1937/6188/files/732013302924.jpg,dermaexpress,NEOSTRATA SKIN ACTIVE POTENT RETINOL COMPLEX 30ml
FC-40002562,3571940002562,Actipur Expert Sensi Crema Calmante Anti-Imperfeciones,Noreva,30 ml,,Crema,Cuidado personal,Dermatología,SOLARES,385.88,525,,,,ACTIPUR EXPERT SENSI CREMA CALMANTE ANTI-IMPERFECIONES 30 ML
FC-40003514,3571940003514,Actipur Peel Serum,Noreva,30 ml,,,Cuidado personal,Dermatología,SOLARES,540.22,735,,,,ACTIPUR PEEL SERUM 30ML
FC-51478482,3401351478482,Aquareva Corporal,Noreva,400 ml,,,Cuidado personal,Dermatología,SOLARES,422.63,575,,,,AQUAREVA CORPORAL 400ML
FC-21229601,3401321229601,Aquareva Crema de Noche,Noreva,50 ml,,Crema,Cuidado personal,Dermatología,SOLARES,165.38,225,,,,AQUAREVA CREMA DE NOCHE 50ML
FC-63073437,3401563073437,Cicadiane Crema Calmante Reparadora,Noreva,40 ml,,Crema,Cuidado personal,Dermatología,SOLARES,349.12,475,,,,CICADIANE CREMA CALMANTE REPARADORA 40ML
FC-60136946,3401360136946,Cicadiane Crema Protectora Solar Calmante Reparadora FPS 50+,Noreva,40 ml,FPS 50+,Crema,Cuidado personal,Dermatología,SOLARES,463.05,630,,,,CICADIANE CREMA PROTECTORA SOLAR CALMANTE REPARADORA  FPS50+ 40ML
FC-40000636,3571940000636,Densidiane Crema Redensificante,Noreva,125 ml,,Crema,Cuidado personal,Dermatología,SOLARES,874.65,1190,,,,DENSIDIANE CREMA REDENSIFICANTE 125ML
FC-97676194,3401397676194,Exfoliac Fluido SPF50 Matificante,Noreva,40 ml,,Fluido,Cuidado personal,Dermatología,SOLARES,547.57,745,,,,EXFOLIAC FLUIDO SPF50 MATIFICANTE 40ML
FC-47779324,3401547779324,Exfoliac Gel Dermolimpiador,Noreva,200 ml,,Gel,Cuidado personal,Dermatología,SOLARES,374.85,510,,,,EXFOLIAC GEL DERMOLIMPIADOR 200ML
FC-40001640,3571940001640,Exfoliac Gel Limpiador Espumoso Suave,Noreva,200 ml,,Gel,Cuidado personal,Dermatología,SOLARES,367.5,500,,,,EXFOLIAC GEL LIMPIADOR ESPUMOSO SUAVE 200ML
FC-40000384,3571940000384,Exfoliac Gommage,Noreva,50 ml,,,Cuidado personal,Dermatología,SOLARES,363.82,495,,,,EXFOLIAC GOMMAGE 50ML
FC-40000391,3571940000391,Exfoliac Locion Secante,Noreva,125 ml,,,Cuidado personal,Dermatología,SOLARES,540.22,735,,,,EXFOLIAC LOCION SECANTE  125ML
FC-40000605,3571940000605,Noveane Premium Crema Día,Noreva,,,Crema,Cuidado personal,Dermatología,SOLARES,808.5,1100,,,,NOVEANE PREMIUM CREMA DÍA
FC-51249653,3401551249653,Psoriane Gel Limpiador,Noreva,500 ml,,Gel,Cuidado personal,Dermatología,SOLARES,676.2,920,,,,PSORIANE GEL LIMPIADOR 500ML
FC-40001206,3571940001206,Sebodiane DS Shampoo Estado Escamoso,Noreva,150 ml,,,Cuidado personal,Dermatología,SOLARES,499.8,680,,,,SEBODIANE DS SHAMPOO ESTADO ESCAMOSO 150ML
FC-40001091,3571940001091,Sebodiane Microemulsion,Noreva,30 ml,,,Cuidado personal,Dermatología,SOLARES,330.75,450,,,,SEBODIANE MICROEMULSION 30ML
FC-40001084,3571940001084,Sebodiane Suero,Noreva,8 ml,,,Cuidado personal,Dermatología,SOLARES,676.2,920,,,,SEBODIANE SUERO 8ML
FC-60253308,3401360253308,Sensidiane AR Cc FPS 30 Antirojeces C/Claro,Noreva,40 ml,FPS 30,,Cuidado personal,Dermatología,SOLARES,661.5,900,,,,SENSIDIANE AR CC FPS30 ANTIROJECES C/CLARO 40ML
FC-62326459,3401562326459,Sensidiane AR Emulsion Facial Intensiva Antirojeces,Noreva,30 ml,,,Cuidado personal,Dermatología,SOLARES,510.83,695,,,,SENSIDIANE AR EMULSION FACIAL INTENSIVA ANTIROJECES  30ML
FC-40002807,3571940002807,Sensidiane Gel Limpiador Calmante Rostro y Cuerpo,Noreva,200 ml,,Gel,Cuidado personal,Dermatología,SOLARES,507.15,690,,,,SENSIDIANE GEL LIMPIADOR CALMANTE ROSTRO Y CUERPO 200ML
FC-40000131,3571940000131,Trio White Xp Crema Contorno Ojos Anti-Manchas,Noreva,10 ml,,Crema,Cuidado personal,Dermatología,SOLARES,540.22,735,,,,TRIO WHITE XP CREMA CONTORNO OJOS ANTI-MANCHAS 10ML
FC-40000193,3571940000193,Trio White Xp Crema Facial Anti-Manchas FPS 50+,Noreva,40 ml,FPS 50+,Crema,Cuidado personal,Dermatología,SOLARES,808.5,1100,,,,TRIO WHITE XP CREMA FACIAL ANTI-MANCHAS FPS50+ 40ML
FC-40000186,3571940000186,Trio White Xp Suero Facial Anti-Manchas,Noreva,30 ml,,,Cuidado personal,Dermatología,SOLARES,779.1,1060,,,,TRIO WHITE XP SUERO FACIAL ANTI-MANCHAS 30ML
FC-40000308,3571940000308,Trio-D Emulsion Despigmentante,Noreva,30 ml,,,Cuidado personal,Dermatología,SOLARES,852.6,1160,,,,TRIO-D EMULSION DESPIGMENTANTE 30ML
FC-60200937,3401360200937,Xerodiane Ap Aceite Limpiador Anti-Irritaciones,Noreva,400 ml,,,Cuidado personal,Dermatología,SOLARES,514.5,700,,,,XERODIANE AP ACEITE LIMPIADOR ANTI-IRRITACIONES 400ML
FC-60060807,3401360060807,Xerodiane Ap+ Crema Emoliente,Noreva,400 ml,,Crema,Cuidado personal,Dermatología,SOLARES,646.8,880,,,,XERODIANE AP+ CREMA EMOLIENTE 400ML
FC-60060791,3401360060791,Xerodiane Plus,Noreva,200 ml,,Crema,Cuidado personal,Dermatología,SOLARES,477.75,650,,,,XERODIANE PLUS CREMA 200ML
FC-20543654,3401320543654,Xerodiane Plus Limpiadora,Noreva,500 ml,,,Cuidado personal,Dermatología,SOLARES,455.7,620,,,,XERODIANE PLUS LIMPIADORA 500ML
FC-40001602,3571940001602,Actipur Crema para Piel Grasa Color Claro,NOREVA,30 ml,,Crema,Cuidado personal,Dermatología,SOLARES,499.8,680,,https://cdn.shopify.com/s/files/1/0088/1937/6188/products/2_ACTIPUR_Crema_BB_Color_Claro_Anti-imperfecciones_Matificante_caja_copia.jpg,dermaexpress,ACTIPUR CREMA COLOR CLARO 30ML
FC-40001299,3571940001299,Actipur Crema para Piel Grasa Color Dorado,NOREVA,30 ml,,Crema,Cuidado personal,Dermatología,SOLARES,499.8,680,,https://cdn.shopify.com/s/files/1/0088/1937/6188/products/3_ACTIPUR_Crema_BB_Color_Dorado_Anti-imperfecciones_Matificante_caja_copia.jpg,dermaexpress,ACTIPUR CREMA C/DORADO 30ML
FC-40001619,3571940001619,Actipur Gel de Limpieza para Piel Grasa,NOREVA,150 ml,,Gel,Cuidado personal,Dermatología,SOLARES,393.23,535,,https://cdn.shopify.com/s/files/1/0088/1937/6188/products/4_ACTIPUR_Gel_Dermolimpiador_De_Limpieza_Facial.jpg,dermaexpress,ACTIPUR GEL NETTOYANTE 150ML
FC-21207487,3401321207487,Aquareva crema hidratante ligera de día,NOREVA,40 ml,,Crema,Cuidado personal,Dermatología,SOLARES,477.75,650,,https://cdn.shopify.com/s/files/1/0088/1937/6188/products/9_AQUAREVA_Crema_Hidratante_Facial_de_Dia_textura_ligera.jpg,dermaexpress,AQUAREVA CREMA DE DIA 40ML
FC-41249344,3401341249344,Exfoliac Global Crema Tratamiento Anti-Imperfecciones,NOREVA,30 ml,,Crema,Cuidado personal,Dermatología,SOLARES,510.83,695,,https://cdn.shopify.com/s/files/1/0088/1937/6188/products/Adaptaciones-07.jpg,dermaexpress,EXFOLIAC GLOBAL CREMA 30ML
FC-99540141,3401399540141,Exfoliac Roll-on Anti-Imperfecciones,NOREVA,5 ml,,,Cuidado personal,Dermatología,SOLARES,257.25,350,,https://cdn.shopify.com/s/files/1/0088/1937/6188/products/3401399540141.jpg,dermaexpress,EXFOLIAC ROLL-ON ANTI-IMPERFECCIONES 5ML
FC-40001985,3571940001985,Fedele Noreva actipur protector solar SPF50+,NOREVA,30 ml,,,Cuidado personal,Dermatología,SOLARES,499.8,680,,https://cdn.shopify.com/s/files/1/0088/1937/6188/files/ba5bbe_f36fe5b2286342a5ae4bb684497e2e8c_mv2.jpg,dermaexpress,NOREVA ACTIPUR BB CREMA TC SPF50+ 30ML 30 ml
FC-61270845,3401561270845,Psoriane Crema Hidratante para Piel con Psoriasis,NOREVA,200 ml,,Crema,Cuidado personal,Dermatología,SOLARES,646.8,880,,https://cdn.shopify.com/s/files/1/0088/1937/6188/products/28_PSORIANE_Crema_calmante_hidratante_facial_y_corporal_copia.jpg,dermaexpress,PSORIANE CREMA 200ML
FC-40000421,3571940000421,Psoriane Shampoo Anti-Escamas,NOREVA,125 ml,,,Cuidado personal,Dermatología,SOLARES,463.05,630,,https://cdn.shopify.com/s/files/1/0088/1937/6188/products/30_PSORIANE_Shampoo_intensivo_calmante_anti-escamas_copia.jpg,dermaexpress,PSORIANE SHAMPOO 125ML
FC-52000408,3401352000408,Sensidiane AR Crema Anti-Rojeces,NOREVA,30 ml,,Crema,Cuidado personal,Dermatología,SOLARES,485.1,660,,https://cdn.shopify.com/s/files/1/0088/1937/6188/products/3401352000408.jpg,dermaexpress,SENSIDIANE AR CREMA 30ML
FC-52000637,3401352000637,Sensidiane crema calmante ligera,NOREVA,40 ml,,Crema,Cuidado personal,Dermatología,SOLARES,345.45,470,,https://cdn.shopify.com/s/files/1/0088/1937/6188/products/38_SENSIDIANE_Crema_Pieles_Normales._Textura_ligera.jpg,dermaexpress,SENSIDIANE CREMA LIGERA P/NORMAL 40ML
FC-60200999,3401360200999,Xerodiane AP+ Bálsamo Hidratante para Piel Muy Seca,NOREVA,200 ml,,,Cuidado personal,Dermatología,SOLARES,576.97,785,,https://cdn.shopify.com/s/files/1/0088/1937/6188/products/3401360200999.jpg,dermaexpress,XERODIANE AP+ BALSAMO HIDRATANTE 200ML
FC-06182667,7508006182667,Aminoter,Panalab,C/30,,Cápsulas,Cuidado personal,Dermatología,CAPILARES,849.3,1318.07,,https://cdn.shopify.com/s/files/1/0088/1937/6188/files/75080061822667.1.jpg,dermaexpress,Aminoter Cápsulas
FC-06183305,7508006183305,Aminoter D,Panalab,C/30,,Cápsulas,Cuidado personal,Dermatología,CAPILARES,1002.1,1548.19,,https://cdn.shopify.com/s/files/1/0088/1937/6188/files/AMINOTERD_7508006183305_02.jpg,dermaexpress,Aminoter D
FC-06183312,7508006183312,Aminoter Mascarilla capilar,Panalab,140 g,,,Cuidado personal,Dermatología,CAPILARES,616.52,956.83,,https://cdn.shopify.com/s/files/1/0088/1937/6188/files/AminoterMask_7508006183312_01.jpg,dermaexpress,Aminoter Mask
FC-06183046,7508006183046,Aminoter max Shampoo anticaída,Panalab,150 ml,,,Cuidado personal,Dermatología,CAPILARES,383.93,598.7,,https://cdn.shopify.com/s/files/1/0088/1937/6188/files/AminoterShampooMAX150_7508006183046_06.jpg,dermaexpress,Aminoter Max Shampoo 150
FC-06182506,7508006182506,Aminoter max Shampoo anticaída,Panalab,300 ml,,,Cuidado personal,Dermatología,CAPILARES,740.42,1154.67,,https://cdn.shopify.com/s/files/1/0088/1937/6188/files/7508006182506.5.jpg,dermaexpress,Aminoter Max Shampoo 300
FC-24185282,7501124185282,Aminoter Max Shampoo+ Mask Pack,Panalab,,,,Cuidado personal,Dermatología,CAPILARES,821.07,1307.44,,,,AMINOTER MAX SHAMPOO+ MASK PACK
FC-24185299,7501124185299,Aminoter Max Shampoo+ Reparage Pack,Panalab,,,,Cuidado personal,Dermatología,CAPILARES,804.9,1281.7,,,,AMINOTER MAX SHAMPOO+ REPARAGE PACK
FC-06183329,7508006183329,Aminoter Reparage suero capilar,Panalab,50 ml,,,Cuidado personal,Dermatología,CAPILARES,596.57,930.33,,https://cdn.shopify.com/s/files/1/0088/1937/6188/files/AminoterRepage_7508006183329_06.jpg,dermaexpress,Aminoter Reparage
FC-06182537,7508006182537,Aminoter Shampoo protección y reparación capilar,Panalab,150 ml,,,Cuidado personal,Dermatología,CAPILARES,381.83,595.47,,https://cdn.shopify.com/s/files/1/0088/1937/6188/products/1200x1200Catalogo-41.jpg,dermaexpress,Aminoter Shampoo 150
FC-06182544,7508006182544,"Aminoter Shampoo, protección y reparación capilar",Panalab,300 ml,,,Cuidado personal,Dermatología,CAPILARES,660.64,1030.27,,https://cdn.shopify.com/s/files/1/0088/1937/6188/files/AminoterShampoo300_7508006182544_05.jpg,dermaexpress,Aminoter Shampoo 300
FC-06183053,7508006183053,Bykypad 150 mg Caja,Panalab,C/32 Capsulas,150 mg,Cápsulas,Cuidado personal,Dermatología,MEDICAMENTO,545.46,850.65,,https://gruporfp.vteximg.com.br/arquivos/ids/7000050/7508006183053_01.jpg,farmatodo,Bykypad 150 mg
FC-06183060,7508006183060,Bykypad 300 mg Caja,Panalab,C/20 Capsulas,300 mg,Cápsulas,Cuidado personal,Dermatología,MEDICAMENTO,556.47,867.81,,https://gruporfp.vteximg.com.br/arquivos/ids/7000051/7508006183060_01.jpg,farmatodo,Bykypad 300 mg
FC-24185091,7501124185091,Complidermol 5α plus,Panalab,60 cápsulas,,Cápsulas,Cuidado personal,Dermatología,MEDICAMENTO,968.78,1497.8,,https://cdn.shopify.com/s/files/1/0088/1937/6188/files/dd05d191-9a68-4dd2-ae32-9eff0e06a4bb.jpg,dermaexpress,COMPLIDERMOL 5a PLUS 60 CAPSULAS
FC-06185644,7508006185644,Cuteral Crema Hidratante y Reparadora para Piel Sensible,Panalab,40 ml,,Crema,Cuidado personal,Dermatología,LIMPIADORES,528.53,841.61,,https://cdn.shopify.com/s/files/1/0088/1937/6188/files/7508006185644.jpg,dermaexpress,Cuteral Crema Envase con 40ml
FC-06182490,7508006182490,Cuteral Tabletas suplemento alimenticio auxiliar en el tratamiento del acné,Panalab,C/30,,Tabletas,Cuidado personal,Dermatología,LIMPIADORES,433.03,655.63,,https://cdn.shopify.com/s/files/1/0088/1937/6188/files/CUTERAL_7508006182490_01.jpg,dermaexpress,Cuteral
FC-06183435,7508006183435,Cuteral wash gel limpiador,Panalab,240 ml,,Gel,Cuidado personal,Dermatología,LIMPIADORES,352.48,547.05,,https://cdn.shopify.com/s/files/1/0088/1937/6188/files/7508006183435.jpg,dermaexpress,Cuteral Wash
FC-06185538,7508006185538,Cuteral wash probiotic,Panalab,240 ml,,Gel,Cuidado personal,Dermatología,LIMPIADORES,436.75,695.47,,https://cdn.shopify.com/s/files/1/0088/1937/6188/files/581ae395-a0cb-4dcf-b2a1-3e23553cd879.jpg,dermaexpress,Cuteral Wash Probiotic Gel
FC-06185545,7508006185545,Cuteral wash probiotic Espuma limpiadora,Panalab,240 ml,,,Cuidado personal,Dermatología,LIMPIADORES,436.75,695.47,,https://cdn.shopify.com/s/files/1/0088/1937/6188/files/7508006185545.jpg,dermaexpress,Cuteral Wash Espuma Probiotic
FC-24185749,7501124185749,Duo pack Panalab - Cuteral 30 tabletas c/u,Panalab,,,Tabletas,Cuidado personal,Dermatología,MEDICAMENTO,611.41,1083.61,,https://cdn.shopify.com/s/files/1/0088/1937/6188/files/DuoPackCuteralTabs_1.png,dermaexpress,TWO PACK  CUTERAL 30 TABLETAS
FC-24185732,7501124185732,Duo pack Panalab - Leraco,Panalab,30 cápsulas,,Cápsulas,Cuidado personal,Dermatología,ANTIEDAD,1310.39,2369.13,,https://cdn.shopify.com/s/files/1/0088/1937/6188/files/DuoPackLeracoCaps_1.png,dermaexpress,TWO PACK  LERACO
FC-24185770,7501124185770,Duo Pack Panalab - Removere 30 g.+ Removere,Panalab,10 g,,,Cuidado personal,Dermatología,MEDICAMENTO,920.97,1671.07,,https://cdn.shopify.com/s/files/1/0088/1937/6188/files/DuoPackRemovere_1_4e9a3054-b05c-46a5-9f82-1d438d5461d8.jpg,dermaexpress,TWO PACK  REMOVERE 30 G + REMOVERE 10 G
FC-24185763,7501124185763,Duo pack Panalab - Sk-invita cápsulas 30 caps c/u,Panalab,,,Cápsulas,Cuidado personal,Dermatología,ANTIEDAD,1819.35,3211.55,,https://cdn.shopify.com/s/files/1/0088/1937/6188/files/Duo_Pack_Sk-Invita_Caps_1.jpg,dermaexpress,TWO PACK  SK-INVITA 30 CAPSULAS
FC-24181949,7501124181949,Execut 10 mg,Panalab,30 tabletas,10 mg,Tabletas,Cuidado personal,Dermatología,MEDICAMENTO,406.87,634.5,,https://cdn.shopify.com/s/files/1/0088/1937/6188/files/7501124181949.jpg,dermaexpress,Execut 10 mg
FC-24182106,7501124182106,Execut 25 mg. oral,Panalab,25 tabletas,25 mg,Tabletas,Cuidado personal,Dermatología,MEDICAMENTO,551.76,860.44,,https://cdn.shopify.com/s/files/1/0088/1937/6188/files/1_428edc9f-ddda-4b1a-9ef2-ef9f975829c3.jpg,dermaexpress,Execut 25 mg.
FC-24185480,7501124185480,Kit Aminoter D 30 caps + Aminoter D,Panalab,30 cápsulas,,Cápsulas,Cuidado personal,Dermatología,CAPILARES,1015.11,2111.9,,https://cdn.shopify.com/s/files/1/0088/1937/6188/files/7501124185480_hh_4.png,dermaexpress,Twopack Aminoter D
FC-06184623,7508006184623,Lactokey Auxiliar gastrointestinal 30 sobres de,Panalab,2 g,,Sobres,Cuidado personal,Dermatología,SERUMS,1019,1583.04,,https://cdn.shopify.com/s/files/1/0088/1937/6188/files/7508006184623.1.jpg,dermaexpress,Lactokey Sobres
FC-06184500,7508006184500,Lera-co Suplemento alimenticio,Panalab,30 cápsulas,,Cápsulas,Cuidado personal,Dermatología,ANTIEDAD,968.83,1505.09,,https://cdn.shopify.com/s/files/1/0088/1937/6188/files/LERACO_7508006184500_05.jpg,dermaexpress,Leraco
FC-06185965,7508006185965,Mineral Safe Fluido FPS 50 Protector Solar Mineral con Color Claro,Panalab,50 ml,FPS 50,Fluido,Cuidado personal,Dermatología,SOLARES,489.84,780,,https://cdn.shopify.com/s/files/1/0088/1937/6188/files/7508006185965-1.jpg,dermaexpress,Mineral Safe Fluido FPS 50 CL
FC-06185989,7508006185989,Mineral Safe Fluido FPS 50 Protector Solar Mineral con Color Medio,Panalab,50 ml,FPS 50,Fluido,Cuidado personal,Dermatología,SOLARES,489.84,780,,https://cdn.shopify.com/s/files/1/0088/1937/6188/files/7508006185989.jpg,dermaexpress,Mineral Safe Fluido FPS 50 CM
FC-06185941,7508006185941,Mineral Safe Fluido FPS 50 Protector Solar Mineral Sin Color,Panalab,50 ml,FPS 50,Fluido,Cuidado personal,Dermatología,SOLARES,489.84,780,,https://cdn.shopify.com/s/files/1/0088/1937/6188/files/7508006185941.jpg,dermaexpress,Mineral Safe Fluido FPS 50 SC
FC-06185927,7508006185927,Mineral Safe Oil Control FPS 50 Protector Solar Mineral con Color Claro,Panalab,50 ml,FPS 50,,Cuidado personal,Dermatología,SOLARES,572.74,912,,https://cdn.shopify.com/s/files/1/0088/1937/6188/files/7508006185927.jpg,dermaexpress,Mineral Safe Oil Control FPS 50 CL
FC-06185934,7508006185934,Mineral Safe Oil Control FPS 50 Protector Solar Mineral con Color Medio,Panalab,50 ml,FPS 50,,Cuidado personal,Dermatología,SOLARES,572.74,912,,https://cdn.shopify.com/s/files/1/0088/1937/6188/files/7508006185934.jpg,dermaexpress,Mineral Safe Oil Control FPS 50 CM
FC-06185910,7508006185910,Mineral Safe Oil Control FPS 50 Protector Solar Mineral Sin Color,Panalab,50 ml,FPS 50,,Cuidado personal,Dermatología,SOLARES,572.74,912,,https://cdn.shopify.com/s/files/1/0088/1937/6188/files/7508006185910.jpg,dermaexpress,Mineral Safe Oil Control FPS 50 SC
FC-06186023,7508006186023,Mineral Safe Stick FPS 50+ Con Color Ligero Protector Solar Mineral,Panalab,10 g,FPS 50+,,Cuidado personal,Dermatología,SOLARES,399.04,635.41,,https://cdn.shopify.com/s/files/1/0088/1937/6188/files/2_73058049-787c-4c3f-a99f-2f8160b6055a.png,dermaexpress,MINERAL SAFE STICK FPS50+ COLOR LIGERO 10G
FC-06186047,7508006186047,Mineral Safe Stick FPS 50+ Con Color Medio Protector Solar Mineral,Panalab,10 g,FPS 50+,,Cuidado personal,Dermatología,SOLARES,399.04,635.41,,https://cdn.shopify.com/s/files/1/0088/1937/6188/files/7501258200011-2_85370dbf-23f5-4abd-b3cb-c20fb8cbd241.png,dermaexpress,MINERAL SAFE STICK FPS50+ COLOR MEDIO 10G
FC-06186061,7508006186061,Mineral Safe Stick FPS 50+ Kids Sin Color Protector Solar Mineral,Panalab,10 g,FPS 50+,,Cuidado personal,Dermatología,SOLARES,399.04,635.41,,https://cdn.shopify.com/s/files/1/0088/1937/6188/files/2_b8f6addf-1bb9-48f2-86b6-b27904062497.png,dermaexpress,MINERAL SAFE STICK FPS50+ KIDS S/C 10G
FC-06186009,7508006186009,Mineral Safe Stick FPS 50+ Sin Color Protector Solar Mineral,Panalab,10 g,FPS 50+,,Cuidado personal,Dermatología,SOLARES,399.04,635.41,,https://cdn.shopify.com/s/files/1/0088/1937/6188/files/7501258200011-2_cd959c6f-3798-42e3-ab75-f543f3c46361.png,dermaexpress,MINERAL SAFE STICK FPS50+ S/C 10G
FC-06185521,7508006185521,"Panlalab Vitanoin AN Serum Facial Control de manchas, imperfecciones y acné",Panalab,30 ml,,,Cuidado personal,Dermatología,SERUMS,910.6,1450,,https://cdn.shopify.com/s/files/1/0088/1937/6188/files/3ce5b262-7319-4880-a787-a07f625ec3a3.jpg,dermaexpress,Vitanoin Serum AN
FC-24180720,7501124180720,Periplum Gel 0.01 Tubo C,Panalab,30 g,,Gel,Cuidado personal,Dermatología,MEDICAMENTO,322.81,502.91,,https://gruporfp.vteximg.com.br/arquivos/ids/6997660/7501124180720_01.jpg,farmatodo,Periplum
FC-24180904,7501124180904,Periplum Solucion 1% Frasco C,Panalab,50 ml,,Solución,Cuidado personal,Dermatología,MEDICAMENTO,444.53,688.89,,https://gruporfp.vteximg.com.br/arquivos/ids/7000047/7501124180904_01.jpg,farmatodo,Periplum Sol.
FC-06184159,7508006184159,Proavenal Crema de manos,Panalab,70 g,,Crema,Cuidado personal,Dermatología,EMOLIENTES,128.4,197.87,,https://cdn.shopify.com/s/files/1/0088/1937/6188/products/PANALAB-adaptaciones-21.jpg,dermaexpress,Proavenal crema de manos
FC-06183510,7508006183510,Proavenal Desodorante roll on,Panalab,90 ml,,,Cuidado personal,Dermatología,EMOLIENTES,316.81,494.08,,https://cdn.shopify.com/s/files/1/0088/1937/6188/files/7508006183510.6.jpg,dermaexpress,Proavenal Desodorante 90 ml
FC-24182328,7501124182328,Proavenal H Crema 1% tratamiento tópico,Panalab,50 g,,Crema,Cuidado personal,Dermatología,EMOLIENTES,324.73,517.12,,https://cdn.shopify.com/s/files/1/0088/1937/6188/files/7501124182328.jpg,dermaexpress,Proavenal-H
FC-06182605,7508006182605,Proavenal Omegatopic Crema Emoliente,Panalab,250 g,,Crema,Cuidado personal,Dermatología,EMOLIENTES,412.94,643.96,,https://cdn.shopify.com/s/files/1/0088/1937/6188/files/7508006182605.6.jpg,dermaexpress,Proavenal Omegatopic Crema
FC-06182582,7508006182582,Proavenal Omegatopic Leche Emoliente,Panalab,500 ml,,,Cuidado personal,Dermatología,EMOLIENTES,469.56,732.28,,https://cdn.shopify.com/s/files/1/0088/1937/6188/files/7508006182582.1.jpg,dermaexpress,Proavenal Omegatopic Leche
FC-06183657,7508006183657,Proavenal shampoo limpiador capilar,Panalab,150 ml,,,Cuidado personal,Dermatología,EMOLIENTES,244.07,380.58,,https://cdn.shopify.com/s/files/1/0088/1937/6188/files/7508006183657.6.jpg,dermaexpress,Proavenal Shampoo Capilar
FC-06183664,7508006183664,Proavenal Syndet Gel ducha,Panalab,300 ml,,Gel,Cuidado personal,Dermatología,EMOLIENTES,340.97,531.73,,https://cdn.shopify.com/s/files/1/0088/1937/6188/files/7508006183664.6.jpg,dermaexpress,Proavenal Syndet Gel de Ducha
FC-24183479,7501124183479,Removere Crema 8/100 g Tubo C,Panalab,10 g,,Crema,Cuidado personal,Dermatología,MEDICAMENTO,313.55,488.99,,https://gruporfp.vteximg.com.br/arquivos/ids/7252071/7501124183479_01.jpg,farmatodo,Removere 10 g
FC-24183462,7501124183462,Removere Crema regeneradora,Panalab,30 g,,Crema,Cuidado personal,Dermatología,MEDICAMENTO,883.72,1378.14,,https://cdn.shopify.com/s/files/1/0088/1937/6188/files/7501124183462.1.jpg,dermaexpress,Removere 30 g
FC-24180195,7501124180195,Repafet 10 mg Caja,Panalab,C/10 Tabletas,10 mg,Tabletas,Cuidado personal,Dermatología,MEDICAMENTO,595.66,884.14,,https://gruporfp.vteximg.com.br/arquivos/ids/7000041/7501124180195_01.jpg,farmatodo,REPAFET RUPATADINA 10 TABS 10MG
FC-24180201,7501124180201,Repafet 10 mg Caja,Panalab,C/20 Tabletas,10 mg,Tabletas,Cuidado personal,Dermatología,MEDICAMENTO,896.93,1331.33,,https://gruporfp.vteximg.com.br/arquivos/ids/7000043/7501124180201_01.jpg,farmatodo,REPAFET RUPATADINA 20 TABS 10MG
FC-24184117,7501124184117,Repafet Pediatrico Jarabe 1 mg Frasco C,Panalab,120 ml,1 mg,Jarabe,Cuidado personal,Dermatología,MEDICAMENTO,622.73,924.33,,https://gruporfp.vteximg.com.br/arquivos/ids/7008272/7501124184117_01.jpg,farmatodo,REPAFET PEDIATRICO 120ML
FC-06184050,7508006184050,Sk-invita Bálsamo labial FPS 30,Panalab,5 g,FPS 30,,Cuidado personal,Dermatología,ANTIEDAD,97.1,149.66,,https://cdn.shopify.com/s/files/1/0088/1937/6188/files/7508006184050.4.jpg,dermaexpress,Sk-invita Bálsamo Labial FPS 30
FC-06183954,7508006183954,Sk-invita Pantalla solar mineral regenerador con color FPS 30,Panalab,50 ml,FPS 30,,Cuidado personal,Dermatología,ANTIEDAD,338.86,527.57,,https://cdn.shopify.com/s/files/1/0088/1937/6188/files/7508006183954.5.jpg,dermaexpress,Sk-invita Pantalla Solar Mineral FPS30 Color
FC-06183459,7508006183459,Sk-invita Pantalla solar mineral regenerador FPS 30,Panalab,50 ml,FPS 30,,Cuidado personal,Dermatología,ANTIEDAD,309.74,482.22,,https://cdn.shopify.com/s/files/1/0088/1937/6188/files/75080061834594.jpg,dermaexpress,Sk-invita Pantalla Solar Mineral FPS30
FC-06183336,7508006183336,Sk-invita Serum Facial Tensor,Panalab,,,,Cuidado personal,Dermatología,ANTIEDAD,687.74,1072.49,,,,Sk-invita Serum Facial Tensor
FC-06184609,7508006184609,Sk-invita yeux gel contorno de ojos,Panalab,15 ml,,Gel,Cuidado personal,Dermatología,ANTIEDAD,980.08,1522.58,,https://cdn.shopify.com/s/files/1/0088/1937/6188/files/75080061846094.jpg,dermaexpress,Sk-invita Contorno de Ojos
FC-06182650,7508006182650,Skinvita Cápsulas antioxidantes,Panalab,C/30,,Cápsulas,Cuidado personal,Dermatología,ANTIEDAD,837.48,1306.01,,https://cdn.shopify.com/s/files/1/0088/1937/6188/files/SKINVITA_7508006182650_01.jpg,dermaexpress,Sk-invita Cápsulas
FC-24180980,7501124180980,Topifort,Panalab,30 g,,Crema,Cuidado personal,Dermatología,MEDICAMENTO,405.53,642.86,,https://cdn.shopify.com/s/files/1/0088/1937/6188/files/7501124180980.jpg,dermaexpress,Topifort
FC-24185183,7501124185183,Topifort,Panalab,120 ml,,Solución,Cuidado personal,Dermatología,MEDICAMENTO,611.5,993.6,,https://cdn.shopify.com/s/files/1/0088/1937/6188/files/eb85d42f-c697-425d-a5c0-54894919e00b.jpg,dermaexpress,TOPIFORT SOLUCION 120ML
FC-24185756,7501124185756,Two Pack Periplum,Panalab,30 g,,Gel,Cuidado personal,Dermatología,MEDICAMENTO,507.56,897.69,,,,TWO PACK  PERIPLUM GEL 30 G
FC-24185473,7501124185473,Twopack Aminoter Caps,Panalab,,,Cápsulas,Cuidado personal,Dermatología,CAPILARES,928.17,1922.19,,,,Twopack Aminoter Caps
FC-24185497,7501124185497,Twopack Cuteral Wash,Panalab,,,,Cuidado personal,Dermatología,LIMPIADORES,477.5,877.56,,,,Twopack Cuteral Wash
FC-06184616,7508006184616,Vitanoin blemish suero despigmentante,Panalab,30 ml,,,Cuidado personal,Dermatología,ANTIEDAD,853.32,1325.65,,https://cdn.shopify.com/s/files/1/0088/1937/6188/files/7508006184616.1.jpg,dermaexpress,Vitanoin Blemish Suero Despigmentante
FC-06185842,7508006185842,Vitanoin C5% Serum Facial Antioxidante e Iluminador,Panalab,30 ml,,,Cuidado personal,Dermatología,SERUMS,910.6,1450,,https://cdn.shopify.com/s/files/1/0088/1937/6188/files/7508006185842.jpg,dermaexpress,Vitanoin C5% Serum Facial
FC-06185897,7508006185897,Vitanoin FEC® 15% Serum Facial Antioxidante y Antimanchas,Panalab,30 ml,,,Cuidado personal,Dermatología,SERUMS,1746.61,2781.23,,https://cdn.shopify.com/s/files/1/0088/1937/6188/files/7508006185897.jpg,dermaexpress,Vitanoin FEC® 15% Serum
FC-06185903,7508006185903,Vitanoin Lifting Serum Facial Reafirmante y Antiedad,Panalab,30 ml,,,Cuidado personal,Dermatología,SERUMS,910.6,1450,,https://cdn.shopify.com/s/files/1/0088/1937/6188/files/7508006185903.jpg,dermaexpress,Vitanoin Lifting Serum Facial
FC-06185637,7508006185637,Vitanoin Sérum AG,Panalab,30 ml,,,Cuidado personal,Dermatología,SERUMS,910.6,1450,,https://cdn.shopify.com/s/files/1/0088/1937/6188/files/d2d3c624-ca26-49b5-8c97-1a1626181d78.jpg,dermaexpress,Vitanoin Serum AG
FC-06185613,7508006185613,Vitanoin Sérum AK,Panalab,30 ml,,,Cuidado personal,Dermatología,SERUMS,910.6,1450,,https://cdn.shopify.com/s/files/1/0088/1937/6188/files/2fd3dc0c-4016-427f-b89d-86c4f4aa5977.jpg,dermaexpress,Vitanoin Serum AK
FC-06185620,7508006185620,Vitanoin Sérum AR,Panalab,30 ml,,,Cuidado personal,Dermatología,SERUMS,910.6,1450,,https://cdn.shopify.com/s/files/1/0088/1937/6188/files/b7fb647c-1c71-4e2d-8619-0b084ccc88e1.jpg,dermaexpress,Vitanoin Serum AR
FC-73500554,7501273500554,- Oleoderm Baby,Remexa,120 ml,,Crema,Cuidado personal,Dermatología,HIDRATANTES,325.29,549,Desde 50 piezas 10+1,https://cdn.shopify.com/s/files/1/0088/1937/6188/products/7501273500554.jpg,dermaexpress,OLEODERM BABY CREMA 120ML
FC-73500462,7501273500462,Acid-Lac,Remexa,100 g,,Crema,Cuidado personal,Dermatología,TRATAMIENTO,479.33,809,Desde 50 piezas 10+1,,,ACID-LAC CREMA 100GR
FC-73500530,7501273500530,Aqua Soap Barra,Remexa,120 g,,,Cuidado personal,Dermatología,LIMPIADORES,313.43,528.99,Desde 50 piezas 10+1,https://cdn.shopify.com/s/files/1/0088/1937/6188/products/7501273500530.jpg,dermaexpress,AQUA SOAP BARRA 120GR
FC-73500295,7501273500295,Aqua Soap Emulsion,Remexa,225 ml,,,Cuidado personal,Dermatología,LIMPIADORES,532.66,899,Desde 50 piezas 10+1,,,AQUA SOAP EMULSION 225ML
FC-73500257,7501273500257,Bansol Plus,Remexa,100 g,,,Cuidado personal,Dermatología,SOLARES,331.21,559,Desde 50 piezas 10+1,,,BANSOL PLUS 100GR
FC-73500523,7501273500523,Bansol protector solar pt,Remexa,100 g,,,Cuidado personal,Dermatología,SOLARES,698.56,1179,Desde 50 piezas 10+1,https://cdn.shopify.com/s/files/1/0088/1937/6188/products/Adaptaciones-35.jpg,dermaexpress,BANSOL PT 100GR
FC-73500271,7501273500271,Benzaderm jabón,Remexa,100 g,,,Cuidado personal,Dermatología,LIMPIADORES,147.54,249.01,Desde 50 piezas 10+1,https://cdn.shopify.com/s/files/1/0088/1937/6188/files/REMEXA_9f8b54ea-814e-4836-a672-c66a628d4ac4.jpg,dermaexpress,BENZADERM JABON 100GR
FC-73500080,7501273500080,Dermobras,Remexa,65 g,,Crema,Cuidado personal,Dermatología,LIMPIADORES,348.98,589,Desde 50 piezas 10+1,https://cdn.shopify.com/s/files/1/0088/1937/6188/products/Adaptaciones-33.jpg,dermaexpress,DERMOBRAS CREMA 65GR
FC-73500073,7501273500073,Dermoplast Crema 20% Tubo C,Remexa,100 g,,Crema,Cuidado personal,Dermatología,HIDRATANTES,343.06,579,Desde 50 piezas 10+1,https://gruporfp.vteximg.com.br/arquivos/ids/6997715/7501273500073_01.jpg,farmatodo,DERMOPLAST 20% CREMA 100GR
FC-73500387,7501273500387,Dermoplast Crema 30% Tubo C,Remexa,100 g,,Crema,Cuidado personal,Dermatología,HIDRATANTES,420.08,709,Desde 50 piezas 10+1,https://gruporfp.vteximg.com.br/arquivos/ids/6997717/7501273500387_01.jpg,farmatodo,DERMOPLAST 30% CREMA 100GR
FC-73500417,7501273500417,Dermoplast Crema 40% Tubo C,Remexa,60 g,,Crema,Cuidado personal,Dermatología,HIDRATANTES,449.71,759,Desde 50 piezas 10+1,https://gruporfp.vteximg.com.br/arquivos/ids/6997718/7501273500417_01.jpg,farmatodo,DERMOPLAST 40% CREMA 60GR
FC-73500493,7501273500493,Dermoscalp shampoo,Remexa,100 ml,,,Cuidado personal,Dermatología,CAPILARES,337.13,569,Desde 50 piezas 10+1,https://cdn.shopify.com/s/files/1/0088/1937/6188/products/7501273500493.jpg,dermaexpress,DERMOSCALP SHAMPOO 100ML
FC-73500127,7501273500127,Dermotin A Crema Tubo C,Remexa,100 g,,Crema,Cuidado personal,Dermatología,TRATAMIENTO,639.28,1078.95,Desde 50 piezas 10+1,https://gruporfp.vteximg.com.br/arquivos/ids/6997527/7501273500127_01.jpg,farmatodo,DERMOTIN A CREMA 100GR
FC-73500592,7501273500592,Dosmin Emulsion Botella C,Remexa,120 ml,,,Cuidado personal,Dermatología,HIDRATANTES,295.66,499,Desde 50 piezas 10+1,https://gruporfp.vteximg.com.br/arquivos/ids/6997859/7501273500592_01.jpg,farmatodo,DOSMIN EMULSION 120ML
FC-73500318,7501273500318,Glicoderm,Remexa,60 g,,Crema,Cuidado personal,Dermatología,TRATAMIENTO,621.53,1049,Desde 50 piezas 10+1,,,GLICODERM CREMA 60GR
FC-73500288,7501273500288,Hidroquin loción,Remexa,28 ml,,,Cuidado personal,Dermatología,TRATAMIENTO,449.71,759,Desde 50 piezas 10+1,https://cdn.shopify.com/s/files/1/0088/1937/6188/products/Adaptaciones-17.jpg,dermaexpress,HIDROQUIN LOCION 28ML
FC-73500165,7501273500165,Kamiloderm,Remexa,100 g,,Crema,Cuidado personal,Dermatología,HIDRATANTES,396.38,669,Desde 50 piezas 10+1,https://cdn.shopify.com/s/files/1/0088/1937/6188/products/Adaptaciones-15.jpg,dermaexpress,KAMILODERM CREMA 100GR
FC-73500301,7501273500301,Kamiloderm jabón,Remexa,100 g,,,Cuidado personal,Dermatología,LIMPIADORES,200.86,339,Desde 50 piezas 10+1,https://cdn.shopify.com/s/files/1/0088/1937/6188/products/7501273500301.jpg,dermaexpress,KAMILODERM JABON 100GR
FC-73500202,7501273500202,Oleoderm Jabon,Remexa,100 g,,,Cuidado personal,Dermatología,HIDRATANTES,200.86,339,Desde 50 piezas 10+1,https://cdn.shopify.com/s/files/1/0088/1937/6188/products/Adaptaciones-06.jpg,dermaexpress,OLEODERM JABON 100GR
FC-73500233,7501273500233,Oleoderm plus Auxiliar en malestares cutáneos,Remexa,225 ml,,,Cuidado personal,Dermatología,HIDRATANTES,343.06,579,Desde 50 piezas 10+1,https://cdn.shopify.com/s/files/1/0088/1937/6188/files/7501273500233_004de7cf-9bc2-42a6-8c7b-a9b9e79c7798.jpg,dermaexpress,OLEODERM PLUS 225ML
FC-73500370,7501273500370,Remexa-liniderm,Remexa,120 g,,Crema,Cuidado personal,Dermatología,HIDRATANTES,189.01,319,Desde 50 piezas 10+1,https://cdn.shopify.com/s/files/1/0088/1937/6188/products/7501273500370.jpg,dermaexpress,LINIDERM CREMA 120GR
FC-73500516,7501273500516,Remexa-lipoderm c,Remexa,50 g,,Crema,Cuidado personal,Dermatología,TRATAMIENTO,526.73,889,Desde 50 piezas 10+1,https://cdn.shopify.com/s/files/1/0088/1937/6188/products/2257588.jpg,dermaexpress,LIPODERM C CREMA 50GR
FC-73500134,7501273500134,Remexa-oleoderm,Remexa,225 ml,,Crema,Cuidado personal,Dermatología,HIDRATANTES,277.88,469,Desde 50 piezas 10+1,https://cdn.shopify.com/s/files/1/0088/1937/6188/products/7501273500134.jpg,dermaexpress,OLEODERM CREMA 225ML
FC-73500585,7501273500585,Remexa-oleoderm baby Jabón,Remexa,120 g,,,Cuidado personal,Dermatología,LIMPIADORES,153.46,259,Desde 50 piezas 10+1,https://cdn.shopify.com/s/files/1/0088/1937/6188/products/7501273500585.jpg,dermaexpress,OLEODERM BABY JABON 120GR
FC-73500394,7501273500394,Remexa-prespir Líquido antitranspirante y desodorante,Remexa,40 ml,,,Cuidado personal,Dermatología,ANTI-TRANSPITANTE,337.13,569,Desde 50 piezas 10+1,https://cdn.shopify.com/s/files/1/0088/1937/6188/products/Adaptaciones-53.jpg,dermaexpress,PRESPIR LIQUIDO 40ML
FC-73500509,7501273500509,Suavene,Remexa,100 g,,Crema,Cuidado personal,Dermatología,HIDRATANTES,390.46,659,Desde 50 piezas 10+1,https://cdn.shopify.com/s/files/1/0088/1937/6188/products/7501273500509.jpg,dermaexpress,SUAVENE CREMA 100GR
FC-73211037,7502273211037,Crema Hidratante Antiedad Orquídea + Ácido Hialurónico,seasons,45 g,,Crema,Cuidado personal,Dermatología,HIDRATANTES,909.3,1299,,https://cdn.shopify.com/s/files/1/0088/1937/6188/files/ORQ1037_SEASONS_HIDRATANTES_CREMA_HIDRATANTE_ALTA_REPARACION_ORQUIDEA_ACIDO_HIALURONICO_1.jpg,dermaexpress,CREMA HIDRATANTE ANTIEDAD ORQUÍDEA + AH 45GR
FC-73211044,7502273211044,Season Love Your Skin Aceite vitamina C,seasons,30 ml,,,Cuidado personal,Dermatología,ANTIEDAD,678.3,968.99,,https://cdn.shopify.com/s/files/1/0088/1937/6188/files/7502273211044.jpg,dermaexpress,ACEITE VITAMINA C 30 ML
FC-73214557,7502273214557,Season Love Your Skin Bloqueador Facial Aquagel,seasons,50 g,,,Cuidado personal,Dermatología,SOLARES,489.3,699,,https://cdn.shopify.com/s/files/1/0088/1937/6188/files/7502273214557.jpg,dermaexpress,BLOQUEADOR FACIAL AQUAGEL 50G
FC-73214540,7502273214540,Season Love Your Skin Cabin Spa Ampolleta Acné 5 pzas (2 ml c/u),seasons,,,,Cuidado personal,Dermatología,PIEL GRASA,559.31,799,,https://cdn.shopify.com/s/files/1/0088/1937/6188/files/CajaKitAntiAcne.png,dermaexpress,CABIN SPA AMPOLLETA ACNÉ 5 PZAS 2ML C/U
FC-73214502,7502273214502,Season Love Your Skin Cabin Spa Ampolleta antiedad 5 pzas (2 ml c/u),seasons,,,,Cuidado personal,Dermatología,ANTIEDAD,559.31,799,,https://cdn.shopify.com/s/files/1/0088/1937/6188/files/7502273214502.png,dermaexpress,CABIN SPA AMPOLLETA ANTIEDAD 5 PZAS 2ML C/U
FC-73214519,7502273214519,Season Love Your Skin Cabin Spa Ampolleta antioxidante 5 pzas (2 ml c/u),seasons,,,,Cuidado personal,Dermatología,ANTIEDAD,559.31,799,,https://cdn.shopify.com/s/files/1/0088/1937/6188/files/CajaKitAntioxidante.png,dermaexpress,CABIN SPA AMPOLLETA ANTIOXIDANTE 5 PZ 2ML C/U
FC-73214533,7502273214533,Season Love Your Skin Cabin Spa Ampolleta Despigmentante 5 pzas (2 ml c/u),seasons,,,,Cuidado personal,Dermatología,DESPIGMENTANTES,559.31,799,,https://cdn.shopify.com/s/files/1/0088/1937/6188/files/CajaKitDespigmentante_d244b4d9-b23e-4e45-93b1-a4d9bed66e97.png,dermaexpress,CABIN SPA AMPOLLETA DESPIGMENTANTE 5 PZAS 2ML C/U
FC-73214526,7502273214526,Season Love Your Skin cabin spa ampolleta hidratante ah 5 pzas (2 ml c/u),seasons,,,,Cuidado personal,Dermatología,HIDRATANTES,559.31,799,,https://cdn.shopify.com/s/files/1/0088/1937/6188/files/CajaKitHidratante.png,dermaexpress,CABIN SPA AMPOLLETA HIDRATANTE AH 5 PZAS 2ML C/U
FC-73212706,7502273212706,Season Love Your Skin Cabin Spa Gel Hidratante Vitamina C,seasons,250 g,,Gel,Cuidado personal,Dermatología,HIDRATANTES,419.31,599,,https://cdn.shopify.com/s/files/1/0088/1937/6188/files/SPA2502.png,dermaexpress,CABIN SPA GEL HIDRATANTE VITAMINA C 250GR
FC-73212782,7502273212782,Season Love Your Skin Cabin Spa Mascarilla efervescente aclarante,seasons,380 g,,,Cuidado personal,Dermatología,ANTIEDAD,748.3,1069,,https://cdn.shopify.com/s/files/1/0088/1937/6188/files/SPA8250.png,dermaexpress,CABIN SPA MASCARILLA EFERVESCENTE ACLARANTE 380G
FC-73214496,7502273214496,Season Love Your Skin Cabin Spa Mascarilla Hidroplástica Rosa de Castilla,seasons,380 g,,,Cuidado personal,Dermatología,HIDRATANTES,748.3,1069,,https://cdn.shopify.com/s/files/1/0088/1937/6188/files/7502273214496_1.png,dermaexpress,CABIN SPA MACARILLA HIDROPLASTICA ROSA DE CASTILLA 380 GR
FC-73212317,7502273212317,Season Love Your Skin Cabin Spa Mascarilla Hidroplástica Vitamina C,seasons,380 g,,,Cuidado personal,Dermatología,HIDRATANTES,769.3,1099,,https://cdn.shopify.com/s/files/1/0088/1937/6188/files/7502273212317.png,dermaexpress,CABIN SPA MACARILLA HIDROPLASTICA VITAMINA C 380G
FC-73212324,7502273212324,Season Love Your Skin Cabin Spa Mascarilla Nutritiva té Verde,seasons,250 ml,,,Cuidado personal,Dermatología,LIMPIADORES,552.3,789,,https://cdn.shopify.com/s/files/1/0088/1937/6188/files/SPA71500.png,dermaexpress,CABIN SPA MASCARILLA NUTRITIVA TÉ VERDE 250ML
FC-73212430,7502273212430,Season Love Your Skin Cabin Spa Protector solar FPS 50 manzana verde,seasons,250 g,FPS 50,,Cuidado personal,Dermatología,SOLARES,559.31,799,,https://cdn.shopify.com/s/files/1/0088/1937/6188/files/7502273212430.png,dermaexpress,CABIN SPA PROTECTOR SOLAR FPS50 MANZANA VERDE 250GR
FC-73212263,7502273212263,Season Love Your Skin Cabin Spa Sérum Vitamina C + E,seasons,30 ml,,,Cuidado personal,Dermatología,ANTIEDAD,720.3,1029,,https://cdn.shopify.com/s/files/1/0088/1937/6188/files/SPAS103A_478ba9ba-dd22-47da-888c-af4bef957f4c.png,dermaexpress,CABIN SPA SERUM VITAMINA C + E 30 ML
FC-73214120,7502273214120,Season Love Your Skin Dermolimpiador Espuma Niacinamida + té verde,seasons,150 ml,,,Cuidado personal,Dermatología,LIMPIADORES,279.3,399.01,,https://cdn.shopify.com/s/files/1/0088/1937/6188/files/7502273214120.png,dermaexpress,DERMOLIMPIADOR ESPUMA NIACINAMIDA + TE VERDE 150 ML
FC-73211433,7502273211433,Season Love Your Skin Dermolimpiador Rosa Mosqueta + Argán,seasons,120 ml,,,Cuidado personal,Dermatología,LIMPIADORES,349.3,499,,https://cdn.shopify.com/s/files/1/0088/1937/6188/files/7502273211433_8765dc20-09d4-4b08-bca2-0553d602bb10.jpg,dermaexpress,DERMOLIMPIADOR ROSA MOSQUETA + ARGAN 120 ML
FC-73210009,7502273210009,Season Love Your Skin Gel Contorno De Ojos AH + Pepino,seasons,18 g,,Gel,Cuidado personal,Dermatología,HIDRATANTES,650.3,929,,https://cdn.shopify.com/s/files/1/0088/1937/6188/files/7502273210009.webp,dermaexpress,GEL CONTORNO DE OJOS AH + PEPINO 18GR
FC-73210337,7502273210337,Season Love Your Skin Gel Hidratante Aloe Vera,seasons,60 g,,Gel,Cuidado personal,Dermatología,HIDRATANTES,384.3,549,,https://cdn.shopify.com/s/files/1/0088/1937/6188/files/7502273210337.jpg,dermaexpress,GEL HIDRATANTE ALOE VERA 60GR
FC-73210146,7502273210146,Season Love Your Skin Gel Hidratante Vitamina C,seasons,100 g,,Gel,Cuidado personal,Dermatología,HIDRATANTES,384.3,549,,https://cdn.shopify.com/s/files/1/0088/1937/6188/files/7502273210146_7b84510e-e9b1-441e-9953-6ee24649a3c6.png,dermaexpress,GEL HIDRATANTE VITAMINA C 100GR
FC-73214113,7502273214113,Season Love Your Skin Kit 3 Sérums,seasons,,,,Cuidado personal,Dermatología,ANTIEDAD,1560.3,2229,,https://cdn.shopify.com/s/files/1/0088/1937/6188/files/Kit3Serums_niacinamida_frascos.png,dermaexpress,KIT-SUERO FACIAL HIDRANTANTE 30ML+SUERO FACIAL NIACINAMIDA 30ML+SUERO FACIAL ACIDO HYALURONICO 30ML
FC-73213963,7502273213963,Season Love Your Skin Kit Basic Care - 3 pasos,seasons,,,,Cuidado personal,Dermatología,HIDRATANTES,489.3,699,,https://cdn.shopify.com/s/files/1/0088/1937/6188/files/productossolos_3Pasos.png,dermaexpress,KIT-SHAMPOO LIMPIADOR MENTA 60ML+GEL HIDRATANTE FACIAL VITAMINA C 50G+GEL BLOQUEADOR MANZANA VERDE 50G
FC-73213390,7502273213390,Season Love Your Skin Kit Control Acné,seasons,,,,Cuidado personal,Dermatología,PIEL GRASA,1399.3,1999,,https://cdn.shopify.com/s/files/1/0088/1937/6188/files/FotoTratamientoAntiAcne_OK.png,dermaexpress,KIT-SHAMPOO 3 EN 1 120ML+LOCION ASTRIGENTE 120ML+GEL HIDRATANTE ALOE VERA 50G+BLOQUEADOR FPS50 MANZANA VERDE 100G+SUERO FACIAL NIACINAMIDA 10ML
FC-73213987,7502273213987,Season Love Your Skin Kit Control Grasa,seasons,,,,Cuidado personal,Dermatología,PIEL GRASA,580.3,829.01,,https://cdn.shopify.com/s/files/1/0088/1937/6188/files/cajafrente1.png,dermaexpress,KIT-ESPUMA LIMPIADORA FACIAL DETOZ NIACINAMIDA 50ML+GEL HIDRATANTE ALOE VERA 50G+PROTECTOR SOLAR FACIAL MATE 45G
FC-73214458,7502273214458,Season Love Your Skin Kit Here We Glow,seasons,,,,Cuidado personal,Dermatología,DESPIGMENTANTES,1399.3,1999,,https://cdn.shopify.com/s/files/1/0088/1937/6188/files/envases_frente.png,dermaexpress,KIT-SUERO DESPIGMENTANTE 30ML+CREMA DESPIGMENTANTE VITAMINA B5 50G+SUERO HIDRATANTE ANTIOXIDANTE 30ML
FC-73213994,7502273213994,Season Love Your Skin Kit Revitalizante Para Pieles Secas,seasons,,,,Cuidado personal,Dermatología,ANTIEDAD,580.3,829.01,,https://cdn.shopify.com/s/files/1/0088/1937/6188/files/mockupKitTratamientoRevitalizante.png,dermaexpress,KIT-AGUA DE ROSAS REPARADORA 50ML+SUERO FACIAL JOJOBA VITAMINA B5 30ML+LECHE HIDRATANTE VITAMINA C 50G
FC-73214489,7502273214489,Season Love Your Skin Kit Up&Up,seasons,,,,Cuidado personal,Dermatología,ANTIEDAD,1399.3,1999,,https://cdn.shopify.com/s/files/1/0088/1937/6188/files/Up_upweb1_2000x2000px.webp,dermaexpress,KIT-SUERO FACIAL ACIDO HYALUROINCO 30ML+CREMA WELL-AGING EFECTO BOTOX 30G+GEL CONTORNO DE OJOS WELL-AGING EFECTO BOTOX 18G
FC-73210245,7502273210245,Season Love Your Skin Protector solar FPS 50 Manzana Verde,seasons,100 g,FPS 50,,Cuidado personal,Dermatología,SOLARES,419.31,599,,https://cdn.shopify.com/s/files/1/0088/1937/6188/files/7502273210245.jpg,dermaexpress,PROTECTOR SOLAR FPS50 MANZANA VERDE 100 GR
FC-73214724,7502273214724,Season Love Your Skin Protector solar FPS 50 Matificante Manzana Verde,seasons,100 g,FPS 50,,Cuidado personal,Dermatología,SOLARES,419.31,599,,https://cdn.shopify.com/s/files/1/0088/1937/6188/files/7502273214724_1.png,dermaexpress,PROTECTOR SOLAR FPS50 MATIFICANTE MANZANA VERDE 100GR
FC-73214564,7502273214564,Season Love Your Skin Protector solar FPS 50 Matificante Niacinamida,seasons,45 g,FPS 50,,Cuidado personal,Dermatología,SOLARES,349.3,499,,https://cdn.shopify.com/s/files/1/0088/1937/6188/files/7502273214564_1.png,dermaexpress,PROTECTOR SOLAR FPS50 MATIFICANTE NIACINAMIDA 45GR
FC-73214793,7502273214793,Season Love Your Skin Protector Solar FPS 50 Multi Stick Tono Bronzer,seasons,7.5 ml,FPS 50,,Cuidado personal,Dermatología,SOLARES,258.3,369,,https://cdn.shopify.com/s/files/1/0088/1937/6188/files/ProtectorSolarMultiStick_Bronzer_FrenteCompleto.png,dermaexpress,PROTECTOR SOLAR FPS50 MULTI STICK TONO BRONZER 7.5ML
FC-73214786,7502273214786,Season Love Your Skin Protector Solar FPS 50 Multi Stick Tono Durazno,seasons,7.5 ml,FPS 50,,Cuidado personal,Dermatología,SOLARES,258.3,369,,https://cdn.shopify.com/s/files/1/0088/1937/6188/files/ProtectorSolarMultiStick_Durazno_FrenteCompleto.png,dermaexpress,PROTECTOR SOLAR FPS50 MULTI STICK TONO DURAZNO 7.5ML
FC-73214779,7502273214779,Season Love Your Skin Protector Solar FPS 50 Multi Stick Tono Rojo,seasons,7.5 ml,FPS 50,,Cuidado personal,Dermatología,SOLARES,258.3,369,,https://cdn.shopify.com/s/files/1/0088/1937/6188/files/7502273214779.png,dermaexpress,PROTECTOR SOLAR FPS50 MULTI STICK TONO ROJO  7.5ML
FC-73214762,7502273214762,Season Love Your Skin Protector Solar FPS 50 Multi Stick Tono Rosa,seasons,7.5 ml,FPS 50,,Cuidado personal,Dermatología,SOLARES,258.3,369,,https://cdn.shopify.com/s/files/1/0088/1937/6188/files/7502273214762_1_b375f50f-f4a5-4bb9-8afa-707aefceaaeb.png,dermaexpress,PROTECTOR SOLAR FPS50 MULTI STICK TONO ROSA 7.5ML
FC-73210269,7502273210269,Season Love Your Skin Protector solar FPS 50 Resistente Al Agua,seasons,100 g,FPS 50,,Cuidado personal,Dermatología,SOLARES,419.31,599,,https://cdn.shopify.com/s/files/1/0088/1937/6188/files/7502273210269.webp,dermaexpress,PROTECTOR SOLAR FPS50 RESISTENTE AL AGUA 100 GR
FC-73214588,7502273214588,Season Love Your Skin Protector Solar FPS 50 Stick Manzana Verde,seasons,15 g,FPS 50,,Cuidado personal,Dermatología,SOLARES,279.3,399.01,,https://cdn.shopify.com/s/files/1/0088/1937/6188/files/protectorsolarstick_envasecerrado.png,dermaexpress,PROTECTOR SOLAR FPS50 STICK MANZANA VERDE 15GR
FC-73214069,7502273214069,Season Love Your Skin Protector solar FPS 50 Toque Seco Tono Claro,seasons,45 g,FPS 50,,Cuidado personal,Dermatología,SOLARES,384.3,549,,https://cdn.shopify.com/s/files/1/0088/1937/6188/files/7502273214069.png,dermaexpress,"PROTECTOR SOLAR FPS50 TOQUE SECO, TONO CLARO 45GR"
FC-73213697,7502273213697,Season Love Your Skin Protector solar FPS 50 Toque Seco Tono Medio,seasons,45 g,FPS 50,,Cuidado personal,Dermatología,SOLARES,384.3,549,,https://cdn.shopify.com/s/files/1/0088/1937/6188/files/7502273213697.png,dermaexpress,"PROTECTOR SOLAR FPS50 TOQUE SECO, TONO MEDIO 45GR"
FC-73213277,7502273213277,Season Love Your Skin Serum Ácido Hialurónico,seasons,30 ml,,,Cuidado personal,Dermatología,ANTIEDAD,720.3,1029,,https://cdn.shopify.com/s/files/1/0088/1937/6188/files/7502273213277.png,dermaexpress,SERUM ÁCIDO HIALURONICO 30 ML
FC-73213826,7502273213826,Season Love Your Skin Serum Niacinamida + B5,seasons,30 ml,,,Cuidado personal,Dermatología,ANTIEDAD,440.3,629,,https://cdn.shopify.com/s/files/1/0088/1937/6188/files/7502273213826_1.png,dermaexpress,SERUM NIACINAMIDA + B5 30 ML
FC-73213604,7502273213604,Season Love Your Skin Sérum Retinol + AH,seasons,30 ml,,,Cuidado personal,Dermatología,ANTIEDAD,720.3,1029,,https://cdn.shopify.com/s/files/1/0088/1937/6188/files/7502273213604.png,dermaexpress,SERUM RETINOL + AH 30 ML
FC-73213635,7502273213635,Season Love Your Skin Serum Vitamina C,seasons,30 ml,,,Cuidado personal,Dermatología,ANTIEDAD,678.3,968.99,,https://cdn.shopify.com/s/files/1/0088/1937/6188/files/7502273213635_485e6b21-02dc-4f0d-84fa-4c3db3a23a83.png,dermaexpress,SERUM VITAMINA C 30 ML
FC-73213413,7502273213413,Season Love Your Skin Tónico reparador agua de rosas,seasons,120 ml,,,Cuidado personal,Dermatología,PIEL SENSIBLE,230.29,329,,https://cdn.shopify.com/s/files/1/0088/1937/6188/files/7502273213413.png,dermaexpress,TÓNICO REPARADOR AGUA DE ROSAS 120ML
FC-91911255,3700591911255,Leche Desmaquillante Calmante,Senti2,150 ml,,,Cuidado personal,Dermatología,LIMPIADORES,492,615,,,,LECHE DESMAQUILLANTE CALMANTE 150ML
FC-91914928,3700591914928,Leche Solar Corporal SPF30,Senti2,100 ml,,,Cuidado personal,Dermatología,SOLARES,736,920,,,,LECHE SOLAR CORPORAL SPF30 100ML
FC-91914362,3700591914362,Patyka Aceite Corporal Anti Estrias,Senti2,100 ml,,,Cuidado personal,Dermatología,CORPORAL,576,720,,,,PATYKA ACEITE CORPORAL ANTI ESTRIAS 100ML
FC-91911286,3700591911286,Patyka Aceite Desmaquillante Clarificante,Senti2,200 ml,,,Cuidado personal,Dermatología,LIMPIADORES,492,615,,,,PATYKA ACEITE DESMAQUILLANTE CLARIFICANTE 200ML
FC-91917516,3700591917516,Patyka Balsamo Labial,Senti2,10 ml,,,Cuidado personal,Dermatología,HIDRATANTES,232,290,,,,PATYKA BALSAMO LABIAL 10ML
FC-91915512,3700591915512,Patyka Crema de Manos y Uñas,Senti2,40 ml,,Crema,Cuidado personal,Dermatología,HIDRATANTES,232,290,,,,PATYKA CREMA DE MANOS Y UÑAS 40ML
FC-91912238,3700591912238,Patyka Crema Hidratante y Calmante Piel Seca,Senti2,40 ml,,Crema,Cuidado personal,Dermatología,HIDRATANTES,731.99,915,,,,PATYKA CREMA  HIDRATANTE Y CALMANTE PIEL SECA 40ML
FC-91912221,3700591912221,Patyka Crema Láctea Hidrante y Calmante,Senti2,40 ml,,Crema,Cuidado personal,Dermatología,HIDRATANTES,731.99,915,,,,PATYKA CREMA LÁCTEA HIDRANTE Y CALMANTE 40ML
FC-91914904,3700591914904,Patyka Crema Solar Facial SPF30,Senti2,40 ml,,Crema,Cuidado personal,Dermatología,SOLARES,736,920,,,,PATYKA CREMA SOLAR FACIAL SPF30 40ML
FC-91914911,3700591914911,Patyka Crema Solar Facial SPF50,Senti2,40 ml,,Crema,Cuidado personal,Dermatología,SOLARES,736,920,,,,PATYKA CREMA SOLAR FACIAL SPF50 40ML
FC-91900082,3700591900082,Patyka Esencia Micropeeling Luminosidad,Senti2,100 ml,,,Cuidado personal,Dermatología,DESPIGMENTANTE,856,1070,,,,PATYKA ESENCIA MICROPEELING LUMINOSIDAD 100ML
FC-91911262,3700591911262,Patyka Espuma Limpiadora Detoxificante,Senti2,150 ml,,,Cuidado personal,Dermatología,LIMPIADORES,380,475,,,,PATYKA ESPUMA LIMPIADORA DETOXIFICANTE 150ML
FC-91900730,3700591900730,Patyka Exfoliante Alisante Doble Acción,Senti2,50 ml,,,Cuidado personal,Dermatología,ANTIEDAD,856,1070,,,,PATYKA EXFOLIANTE ALISANTE DOBLE ACCIÓN 50ML
FC-91900358,3700591900358,Patyka Exfoliante Alisante Doble Acción,Senti2,50 ml,,,Cuidado personal,Dermatología,ANTIEDAD,232,290,,,,PATYKA EXFOLIANTE ALISANTE DOBLE ACCIÓN 50ML
FC-91911293,3700591911293,Patyka Exfoliante Sorbet Iluminador,Senti2,50 ml,,,Cuidado personal,Dermatología,LIMPIADORES,460,575,,,,PATYKA EXFOLIANTE SORBET ILUMINADOR 50ML
FC-91900198,3700591900198,Patyka Fluido Antimanchas Alta Protección SPF30,Senti2,50 ml,,Fluido,Cuidado personal,Dermatología,DESPIGMENTANTE,1440,1800,,,,PATYKA FLUIDO ANTIMANCHAS ALTA PROTECCIÓN SPF30 50ML
FC-91913358,3700591913358,Patyka Fluido Matificante Anti-Imperfecciones,Senti2,40 ml,,Fluido,Cuidado personal,Dermatología,PIEL GRASA,600,750,,,,PATYKA FLUIDO MATIFICANTE ANTI-IMPERFECCIONES 40ML
FC-91913341,3700591913341,Patyka Fluido Matificante Anti-Imperfecciones,Senti2,40 ml,,Fluido,Cuidado personal,Dermatología,PIEL GRASA,680,850,,,,PATYKA FLUIDO MATIFICANTE ANTI-IMPERFECCIONES 40ML
FC-91914942,3700591914942,Patyka Gel Crema After Sun,Senti2,150 ml,,Crema,Cuidado personal,Dermatología,SOLARES,632,789.99,,,,PATYKA GEL CREMA AFTER SUN 150ML
FC-91913334,3700591913334,Patyka Gel Limpiador Purificante,Senti2,150 ml,,Gel,Cuidado personal,Dermatología,PIEL GRASA,508,635,,,,PATYKA GEL LIMPIADOR PURIFICANTE 150ML
FC-91914713,3700591914713,Patyka Huile Absolue - Suero Regenerador,Senti2,50 ml,,,Cuidado personal,Dermatología,ANTIEDAD,1195.99,1495,,,,PATYKA HUILE ABSOLUE - SUERO REGENERADOR 50ML
FC-91914935,3700591914935,Patyka Leche Solar Corporal SPF50,Senti2,100 ml,,,Cuidado personal,Dermatología,SOLARES,736,920,,,,PATYKA LECHE SOLAR CORPORAL SPF50 100ML
FC-91900723,3700591900723,Patyka Loción de Tratamiento Alisante,Senti2,100 ml,,,Cuidado personal,Dermatología,ANTIEDAD,856,1070,,,,PATYKA LOCIÓN DE TRATAMIENTO ALISANTE 100ML
FC-91911279,3700591911279,Patyka Loción Láctea Calmante,Senti2,200 ml,,,Cuidado personal,Dermatología,HIDRATANTES,460,575,,,,PATYKA LOCIÓN LÁCTEA CALMANTE 200ML
FC-91913372,3700591913372,Patyka Locion Purificante Anti-Imperfecciones,Senti2,200 ml,,,Cuidado personal,Dermatología,PIEL GRASA,359.99,450,,,,PATYKA LOCION PURIFICANTE ANTI-IMPERFECCIONES 200ML
FC-91912252,3700591912252,Patyka Mascarilla en Crema Rehidratante Intensa,Senti2,50 ml,,Crema,Cuidado personal,Dermatología,HIDRATANTES,612,765,,,,PATYKA MASCARILLA EN CREMA REHIDRATANTE INTENSA 50ML
FC-91900297,3700591900297,Patyka Peeling de Noche Renovador de Luminosidad,Senti2,50 ml,,,Cuidado personal,Dermatología,DESPIGMENTANTE,1440,1800,,,,PATYKA PEELING DE NOCHE RENOVADOR DE LUMINOSIDAD 50ML
FC-91900099,3700591900099,Patyka Serum Corrector Antimanchas,Senti2,50 ml,,,Cuidado personal,Dermatología,DESPIGMENTANTE,1440,1800,,,,PATYKA SERUM CORRECTOR ANTIMANCHAS 50ML
FC-91912214,3700591912214,Patyka Serum Hidra-Booster,Senti2,50 ml,,,Cuidado personal,Dermatología,HIDRATANTES,856,1070,,,,PATYKA SERUM HIDRA-BOOSTER 50ML
FC-91913327,3700591913327,Patyka Serum Intensivo Anti-Imperfecciones,Senti2,30 ml,,,Cuidado personal,Dermatología,PIEL GRASA,492,615,,,,PATYKA SERUM INTENSIVO ANTI-IMPERFECCIONES 30ML
FC-91913365,3700591913365,Patyka Tratamiento Localizado Anti-Imperfecciones,Senti2,15 ml,,,Cuidado personal,Dermatología,PIEL GRASA,359.99,450,,,,PATYKA TRATAMIENTO LOCALIZADO ANTI-IMPERFECCIONES 15ML
FC-01669421,8470001669421,C-Vit,Sesderma,50 g,,Crema,Cuidado personal,Dermatología,CREMA ANTIEDAD,843.98,1125.3,5+1,,,C-VIT CREMA 50GR
FC-79480583,8429979480583,C-Vit Crema de Ojos,Sesderma,15 ml,,Crema,Cuidado personal,Dermatología,CREMA ANTIEDAD,336.99,449.33,5+1,,,C-VIT CREMA DE OJOS 15ML
FC-79480606,8429979480606,Factor g Contorno de Ojos Ceramico,Sesderma,15 ml,,,Cuidado personal,Dermatología,CREMA ANTIEDAD,632.35,843.13,5+1,,,FACTOR G CONTORNO DE OJOS CERAMICO 15ML
FC-79483423,8429979483423,Ferulac,Sesderma,50 g,,Crema,Cuidado personal,Dermatología,CREMA ANTIEDAD,1274.34,1699.12,5+1,,,FERULAC CREMA 50G
FC-79483416,8429979483416,Ferulac Serum,Sesderma,30 ml,,,Cuidado personal,Dermatología,CREMA ANTIEDAD,1274.34,1699.12,5+1,,,FERULAC SERUM 30ML
FC-79458223,8429979458223,Mesoses,Sesderma,50 ml,,Crema,Cuidado personal,Dermatología,CREMA ANTIEDAD,1149.15,1532.2,5+1,,,MESOSES CREMA 50ML
FC-79458261,8429979458261,Mesoses Serum,Sesderma,30 ml,,,Cuidado personal,Dermatología,SERUM ANTIEDAD,1149.15,1532.2,5+1,,,MESOSES SERUM 30ML
FC-79408228,8429979408228,Pyruvic Peel P,Sesderma,50 ml,,,Cuidado personal,Dermatología,CREMA ANTIEDAD,1980,1898,5+1,,,PYRUVIC PEEL P 50ML
FC-79482020,8429979482020,Repaskin Crema Corporal,Sesderma,200 ml,,Crema,Cuidado personal,Dermatología,SOLARES,757.54,1010.05,5+1,,,REPASKIN CREMA CORPORAL 200ML
FC-79481979,8429979481979,Repaskin Fluido Invisible SPF50+,Sesderma,30 ml,,Fluido,Cuidado personal,Dermatología,SOLARES,473.47,631.3,5+1,,,REPASKIN FLUIDO INVISIBLE SPF 50+ 30ML
FC-79481993,8429979481993,Repaskin Tacto Seda,Sesderma,50 ml,,,Cuidado personal,Dermatología,SOLARES,553.71,738.28,5+1,,,REPASKIN TACTO SEDA 50ML
FC-79482006,8429979482006,Repaskin Toque Seco,Sesderma,50 ml,,,Cuidado personal,Dermatología,SOLARES,497.54,663.38,5+1,,,REPASKIN TOQUE SECO 50ML
FC-79472403,8429979472403,Resveraderm Serum,Sesderma,30 ml,,,Cuidado personal,Dermatología,CREMA ANTIEDAD,1011.13,1348.18,5+1,,,RESVERADERM SERUM 30ML
FC-02347908,8470002347908,S-Abradermol Crema Microdermoabrasion,Sesderma,45 g,,Crema,Cuidado personal,Dermatología,LIMPIADORES,484.71,646.27,5+1,,,S-ABRADERMOL CREMA MICRODERMOABRASION 45GR
FC-79444998,8429979444998,S-Acglicolic Classic Crema Gel Forte,Sesderma,50 ml,,Crema,Cuidado personal,Dermatología,CREMA ANTIEDAD,954,1272,5+1,,,S-ACGLICOLIC CLASSIC CREMA GEL FORTE 50ML
FC-02568594,8470002568594,S-Acglicolic Classic Forte Crema-,Sesderma,50 ml,,Crema,Cuidado personal,Dermatología,CREMA ANTIEDAD,1020.75,1361,5+1,,,S-ACGLICOLIC CLASSIC FORTE CREMA-GEL 50ML
FC-02029293,8470002029293,S-Azelac Crema Facial Hidratante,Sesderma,50 ml,,Crema,Cuidado personal,Dermatología,CREMA ANTIEDAD,892.36,1189.81,5+1,,,S-AZELAC CREMA FACIAL HIDRATANTE 50ML
FC-02073241,8470002073241,S-Azelac Gel Hidratante,Sesderma,50 ml,,Gel,Cuidado personal,Dermatología,CREMA ANTIEDAD,664.45,885.93,5+1,,,S-AZELAC GEL HIDRATANTE 50ML
FC-02259539,8470002259539,S-Azelac Locion,Sesderma,100 ml,,,Cuidado personal,Dermatología,CREMA ANTIEDAD,381.98,509.31,5+1,,,S-AZELAC LOCION 100ML
FC-79432940,8429979432940,S-Azelac Ru Crema,Sesderma,50 ml,,Crema,Cuidado personal,Dermatología,CREMA ANTIEDAD,937.29,1249.73,5+1,,,S-AZELAC RU CREMA GEL 50ML
FC-79444370,8429979444370,S-Azelac Ru Liposomal Serum,Sesderma,30 ml,,,Cuidado personal,Dermatología,SERUM ANTIEDAD,866.68,1155.58,5+1,,,S-AZELAC RU LIPOSOMAL SERUM 30ML
FC-79432933,8429979432933,S-azelac ru SPF50 Fluido luminoso,Sesderma,50 ml,,Fluido,Cuidado personal,Dermatología,CREMA ANTIEDAD,892.36,1189.81,5+1,https://cdn.shopify.com/s/files/1/0088/1937/6188/files/IMAGEN3_838755b9-b040-4925-9c90-b1eaec949e2d.jpg,dermaexpress,S-AZELAC RU SPF50 FLUIDO LUMINOSO 50ML
FC-79444448,8429979444448,S-C-Vit Crema Facial Hidratante,Sesderma,50 ml,,Crema,Cuidado personal,Dermatología,CREMA ANTIEDAD,844.2,1125.61,5+1,,,S-C-VIT CREMA FACIAL HIDRATANTE 50ML
FC-79444363,8429979444363,S-C-Vit Radiance Fluido Luminoso,Sesderma,50 ml,,Fluido,Cuidado personal,Dermatología,CREMA ANTIEDAD,844.2,1125.61,5+1,,,S-C-VIT RADIANCE FLUIDO LUMINOSO 50ML
FC-79466976,8429979466976,S-Celulex Gel Anticelulitico,Sesderma,200 ml,,Gel,Cuidado personal,Dermatología,TRATAMIENTOS CORPORALES,675,900,5+1,,,S-CELULEX GEL ANTICELULITICO 200ML
FC-79419835,8429979419835,S-Cicases Wh Crema Epitelizante,Sesderma,30 ml,,Crema,Cuidado personal,Dermatología,CICATRIZANTES,393,524,5+1,,,S-CICASES WH CREMA EPITELIZANTE 30ML
FC-02075221,8470002075221,S-Dryses Desodorante Antitranspirante Hombre,Sesderma,75 ml,,,Cuidado personal,Dermatología,ANTITRANSPIRANTES,369.14,492.18,5+1,,,S-DRYSES DESODORANTE ANTITRANSPIRANTE HOMBRE 75ML
FC-02075306,8470002075306,S-Dryses Desodorante Mujer,Sesderma,75 ml,,,Cuidado personal,Dermatología,ANTITRANSPIRANTES,369.14,492.18,5+1,,,S-DRYSES DESODORANTE MUJER 75ML
FC-79417534,8429979417534,S-Factor g Renew,Sesderma,50 ml,,Crema,Cuidado personal,Dermatología,CREMA ANTIEDAD,1190.88,1587.83,5+1,,,S-FACTOR G RENEW CREMA 50ML
FC-79417541,8429979417541,S-Factor g Renew Serum,Sesderma,30 ml,,,Cuidado personal,Dermatología,SERUM ANTIEDAD,1190.88,1587.83,5+1,,,S-FACTOR G RENEW SERUM 30 ML
FC-01531773,8470001531773,S-Ferulac Liposomal Serum,Sesderma,30 ml,,,Cuidado personal,Dermatología,SERUM ANTIEDAD,1191,1588.01,5+1,,,S-FERULAC LIPOSOMAL SERUM 30ML
FC-02075559,8470002075559,S-Glicare Gel Ojos y Labios,Sesderma,30 ml,,Gel,Cuidado personal,Dermatología,CONTORNO DE OJOS ANTIEDAD,585,780,5+1,,,S-GLICARE GEL OJOS Y LABIOS 30ML
FC-79447098,8429979447098,S-Hidraderm Txr Serum,Sesderma,30 ml,,,Cuidado personal,Dermatología,HIDRATANTES,1020.75,1361,5+1,,,S-HIDRADERM TXR SERUM 30ML
FC-03635158,8470003635158,S-Hidraloe Crema Facial Hidratante,Sesderma,50 ml,,Crema,Cuidado personal,Dermatología,HIDRATANTES,468.65,624.87,5+1,,,S-HIDRALOE CREMA FACIAL HIDRATANTE 50ML
FC-01612731,8470001612731,S-Hidraloe Gel Aloe,Sesderma,250 ml,,Gel,Cuidado personal,Dermatología,HIDRATANTES,407.66,543.55,5+1,,,S-HIDRALOE GEL ALOE 250ML
FC-03643153,8470003643153,S-Hidraven Crema Espumosa Sin Jabon,Sesderma,300 ml,,Crema,Cuidado personal,Dermatología,LIMPIADORES,468.65,624.87,5+1,,,S-HIDRAVEN CREMA ESPUMOSA SIN JABON 300ML
FC-01536990,8470001536990,S-Hidroquin Whitening Gel Despigmentante,Sesderma,50 ml,,Gel,Cuidado personal,Dermatología,ANTITRANSPIRANTES,995.07,1326.76,5+1,,,S-HIDROQUIN WHITENING GEL DESPIGMENTANTE 50ML
FC-79418609,8429979418609,S-K-Vit Serum Antiojeras,Sesderma,30 ml,,,Cuidado personal,Dermatología,DESPIGMENTANTE,847.41,1129.9,5+1,,,S-K-VIT SERUM ANTIOJERAS 30ML
FC-03951784,8470003951784,S-Mandelac Crema Hidratante,Sesderma,50 ml,,Crema,Cuidado personal,Dermatología,CREMA ANTIEDAD,850.63,1134.17,5+1,,,S-MANDELAC CREMA HIDRATANTE 50ML
FC-03950954,8470003950954,S-Mandelac Scrub,Sesderma,50 ml,,,Cuidado personal,Dermatología,CREMA ANTIEDAD,453,604,5+1,,,S-MANDELAC SCRUB 50ML
FC-79450333,8429979450333,S-Mediderma Ampolletas Flash Revitalizante 5x,Sesderma,2 ml,,,Cuidado personal,Dermatología,SERUM ANTIEDAD,342,456,5+1,,,S-MEDIDERMA AMPOLLETAS FLASH REVITALIZANTE 5X2ML
FC-79448194,8429979448194,S-Mediderma Contorno Ojos Antienvejecimiento,Sesderma,15 ml,,,Cuidado personal,Dermatología,CONTORNO DE OJOS ANTIEDAD,537,716,5+1,,,S-MEDIDERMA CONTORNO OJOS ANTIENVEJECIMIENTO 15ML
FC-79447890,8429979447890,S-Mediderma Contorno Ojos Reafirmante,Sesderma,15 ml,,,Cuidado personal,Dermatología,CONTORNO DE OJOS ANTIEDAD,420,560,5+1,,,S-MEDIDERMA CONTORNO OJOS REAFIRMANTE 15ML
FC-79450340,8429979450340,S-Mediderma Contorno Ojos Revitalizante,Sesderma,15 ml,,,Cuidado personal,Dermatología,CONTORNO DE OJOS ANTIEDAD,315,420,5+1,,,S-MEDIDERMA CONTORNO OJOS REVITALIZANTE 15ML
FC-79453525,8429979453525,S-Mediderma Crema Antirojeces,Sesderma,50 ml,,Crema,Cuidado personal,Dermatología,ROSACEA,798,1064,5+1,,,S-MEDIDERMA CREMA ANTIROJECES 50ML
FC-79452061,8429979452061,S-Mediderma Crema Espumosa Acido Salicilico,Sesderma,200 ml,,Crema,Cuidado personal,Dermatología,LIMPIADORES,417,556,5+1,,,S-MEDIDERMA CREMA ESPUMOSA ACIDO SALICILICO 200ML
FC-79448187,8429979448187,S-Mediderma Crema Facial Nutritiva,Sesderma,50 ml,,Crema,Cuidado personal,Dermatología,CREMA ANTIEDAD,1119.01,1492,5+1,,,S-MEDIDERMA CREMA FACIAL NUTRITIVA 50ML
FC-79447906,8429979447906,S-Mediderma Crema Facial Reafirmante,Sesderma,50 ml,,Crema,Cuidado personal,Dermatología,CREMA ANTIEDAD,798,1064,5+1,,,S-MEDIDERMA CREMA FACIAL REAFIRMANTE 50ML
FC-79448200,8429979448200,S-Mediderma Crema Intensiva Antiedad,Sesderma,30 ml,,Crema,Cuidado personal,Dermatología,CREMA ANTIEDAD,660.01,880,5+1,,,S-MEDIDERMA CREMA INTENSIVA ANTIEDAD 30ML
FC-79448217,8429979448217,S-Mediderma Crema Renovadora Antiedad,Sesderma,50 ml,,Crema,Cuidado personal,Dermatología,CREMA ANTIEDAD,975,1300,5+1,,,S-MEDIDERMA CREMA RENOVADORA ANTIEDAD 50ML
FC-79440495,8429979440495,S-Mediderma Crema-Gel Antioxidante,Sesderma,50 ml,,Crema,Cuidado personal,Dermatología,CREMA ANTIEDAD,933,1244,5+1,,,S-MEDIDERMA CREMA-GEL ANTIOXIDANTE 50ML
FC-79453501,8429979453501,S-Mediderma Crema-Gel Seborregulador,Sesderma,50 ml,,Crema,Cuidado personal,Dermatología,PIEL GRASA,900,1200,5+1,,,S-MEDIDERMA CREMA-GEL SEBORREGULADOR 50ML
FC-79450357,8429979450357,S-Mediderma Fluido Revitalizante,Sesderma,50 ml,,Fluido,Cuidado personal,Dermatología,CREMA ANTIEDAD,747.01,996,5+1,,,S-MEDIDERMA FLUIDO REVITALIZANTE 50ML
FC-79452023,8429979452023,S-Mediderma FPS 50 Crema Despigmentante,Sesderma,50 ml,FPS 50,Crema,Cuidado personal,Dermatología,DESPIGMENTANTE,807,1076,5+1,,,S-MEDIDERMA FPS50 CREMA DESPIGMENTANTE 50ML
FC-79451224,8429979451224,S-Mediderma FPS 50 Fotorreparador Gel-,Sesderma,50 ml,FPS 50,Crema,Cuidado personal,Dermatología,SOLARES,477,636,5+1,,,S-MEDIDERMA FPS50 FOTORREPARADOR GEL-CREMA 50ML
FC-79453532,8429979453532,S-Mediderma Gel Anti-Rojeces,Sesderma,50 ml,,Gel,Cuidado personal,Dermatología,ROSACEA,606,808,5+1,,,S-MEDIDERMA GEL ANTI-ROJECES 50ML
FC-79452030,8429979452030,S-Mediderma Gel Despigmentante,Sesderma,50 ml,,Gel,Cuidado personal,Dermatología,DESPIGMENTANTE,807,1076,5+1,,,S-MEDIDERMA GEL DESPIGMENTANTE 50ML
FC-79453518,8429979453518,S-Mediderma Gel Seborregulador Intensivo Noche,Sesderma,50 ml,,Gel,Cuidado personal,Dermatología,PIEL GRASA,915,1220,5+1,,,S-MEDIDERMA GEL SEBORREGULADOR INTENSIVO NOCHE 50ML
FC-79448248,8429979448248,S-Mediderma Gel-Crema Antienvejecimiento,Sesderma,50 ml,,Crema,Cuidado personal,Dermatología,CREMA ANTIEDAD,942,1256,5+1,,,S-MEDIDERMA GEL-CREMA ANTIENVEJECIMIENTO 50ML
FC-79449771,8429979449771,S-Mediderma Gel-Crema Hidratante,Sesderma,50 ml,,Crema,Cuidado personal,Dermatología,CREMA ANTIEDAD,660.01,880,5+1,,,S-MEDIDERMA GEL-CREMA HIDRATANTE 50ML
FC-79448224,8429979448224,S-Mediderma Liposomal Serum Antiedad,Sesderma,30 ml,,,Cuidado personal,Dermatología,SERUM ANTIEDAD,1044,1392,5+1,,,S-MEDIDERMA LIPOSOMAL SERUM ANTIEDAD 30ML
FC-79449764,8429979449764,S-Mediderma Liposomal Serum Hidratante,Sesderma,30 ml,,,Cuidado personal,Dermatología,SERUM ANTIEDAD,1017,1356.01,5+1,,,S-MEDIDERMA LIPOSOMAL SERUM HIDRATANTE 30ML
FC-79447883,8429979447883,S-Mediderma Liposomal Serum Reafirmante,Sesderma,30 ml,,,Cuidado personal,Dermatología,SERUM ANTIEDAD,840,1120,5+1,,,S-MEDIDERMA LIPOSOMAL SERUM REAFIRMANTE 30ML
FC-79450364,8429979450364,S-Mediderma Liposomal Serum Revitalizante,Sesderma,30 ml,,,Cuidado personal,Dermatología,SERUM ANTIEDAD,777,1036,5+1,,,S-MEDIDERMA LIPOSOMAL SERUM REVITALIZANTE 30ML
FC-79452085,8429979452085,S-Mediderma Locion Limpiadora,Sesderma,100 ml,,,Cuidado personal,Dermatología,LIMPIADORES,216,288,5+1,,,S-MEDIDERMA LOCION LIMPIADORA 100ML
FC-79440501,8429979440501,S-Mediderma Serum Antioxidante,Sesderma,30 ml,,,Cuidado personal,Dermatología,SERUM ANTIEDAD,939,1252,5+1,,,S-MEDIDERMA SERUM ANTIOXIDANTE 30ML
FC-79452047,8429979452047,S-Mediderma Serum Trx Despigmentante,Sesderma,30 ml,,,Cuidado personal,Dermatología,DESPIGMENTANTE,744,992,5+1,,,S-MEDIDERMA SERUM TRX DESPIGMENTANTE 30ML
FC-79444707,8429979444707,S-Repaskin Aerosol Transparente FPS 50,Sesderma,200 ml,FPS 50,Spray,Cuidado personal,Dermatología,SOLARES,590.63,787.5,5+1,,,S-REPASKIN AEROSOL TRANSPARENTE FPS50 200ML
FC-79456175,8429979456175,S-repaskin Fluido ligero corporal SPF50+ previene arrugas manchas y quemaduras solares,Sesderma,200 ml,,Fluido,Cuidado personal,Dermatología,SOLARES,707.99,944,5+1,https://cdn.shopify.com/s/files/1/0088/1937/6188/files/8429979456175_2_d94459b0-e1a7-41fd-b4a4-0ecfcfd80679.jpg,dermaexpress,S-REPASKIN FLUIDO LIGERO CORPORAL SPF50+ 200ML
FC-79419446,8429979419446,S-Resveraderm Crema Antiox,Sesderma,50 ml,,Crema,Cuidado personal,Dermatología,CREMA ANTIEDAD,1011.13,1348.18,5+1,,,S-RESVERADERM CREMA ANTIOX 50ML
FC-79417312,8429979417312,S-Reti-Age Crema Facial,Sesderma,50 ml,,Crema,Cuidado personal,Dermatología,CREMA ANTIEDAD,945.01,1260,5+1,,,S-RETI-AGE CREMA FACIAL 50ML
FC-79679307,8429979679307,S-Retises Nanopeel 1%,Sesderma,15 g,,,Cuidado personal,Dermatología,SERUM ANTIEDAD,1385.01,1385.01,5+1,,,S-RETISES NANOPEEL 1% 15G
FC-79479457,8429979479457,S-retisil Contorno de ojos y labios efecto reafirmante,Sesderma,30 ml,,,Cuidado personal,Dermatología,CONTORNO DE OJOS ANTIEDAD,1023.97,1365.29,5+1,https://cdn.shopify.com/s/files/1/0088/1937/6188/files/8429979479457_2.jpg,dermaexpress,S-RETISIL CONTORNO DE OJOS Y LABIOS 30ML
FC-79479433,8429979479433,S-retisil Crema intensiva reafirmante y antiarrugas,Sesderma,50 ml,,Crema,Cuidado personal,Dermatología,CREMA ANTIEDAD,1163.6,1551.47,5+1,https://cdn.shopify.com/s/files/1/0088/1937/6188/files/8429979479433_2.jpg,dermaexpress,S-RETISIL CREMA INTENSIVA 50ML
FC-79479440,8429979479440,S-retisil Sérum acción reafirmante y antiarrugas,Sesderma,30 ml,,,Cuidado personal,Dermatología,SERUM ANTIEDAD,1283.97,1711.95,5+1,https://cdn.shopify.com/s/files/1/0088/1937/6188/files/8429979479440_2.jpg,dermaexpress,S-RETISIL SERUM 30ML
FC-79444349,8429979444349,S-Salises Crema Espuma Sin Jabon,Sesderma,300 ml,,Crema,Cuidado personal,Dermatología,PIEL GRASA,552,736,5+1,,,S-SALISES CREMA ESPUMA SIN JABON 300ML
FC-01613233,8470001613233,S-salises gel hidratante,Sesderma,50 ml,,Gel,Cuidado personal,Dermatología,PIEL GRASA,1011.13,1348.18,5+1,https://cdn.shopify.com/s/files/1/0088/1937/6188/files/IMAGEN2_98cae956-069c-4989-bab4-f887c89d528c.jpg,dermaexpress,S-SALISES GEL HIDRATANTE 50ML
FC-79442413,8429979442413,S-Sebovalis Classic Champu Tratante,Sesderma,200 ml,,,Cuidado personal,Dermatología,PIEL GRASA,459.02,612.03,5+1,,,S-SEBOVALIS CLASSIC CHAMPU TRATANTE 200ML
FC-01535641,8470001535641,S-Sensyses Cleanser Classic,Sesderma,200 ml,,,Cuidado personal,Dermatología,LIMPIADORES,365.93,487.91,5+1,,,S-SENSYSES CLEANSER CLASSIC 200ML
FC-79414588,8429979414588,S-Sensyses Cleanser Lightening,Sesderma,200 ml,,,Cuidado personal,Dermatología,LIMPIADORES,381.98,509.31,5+1,,,S-SENSYSES CLEANSER  LIGHTENING 200ML
FC-79414540,8429979414540,S-Sensyses Ovalis Cleanser,Sesderma,200 ml,,,Cuidado personal,Dermatología,LIMPIADORES,378.76,505.02,5+1,,,S-SENSYSES OVALIS CLEANSER 200ML
FC-79414564,8429979414564,S-Sensyses Ros Cleanser,Sesderma,200 ml,,,Cuidado personal,Dermatología,LIMPIADORES,381.98,509.31,5+1,,,S-SENSYSES ROS CLEANSER 200ML
FC-79457240,8429979457240,S-Serenity Crema Noche,Sesderma,50 ml,,Crema,Cuidado personal,Dermatología,CREMA ANTIEDAD,735.07,980.1,5+1,,,S-SERENITY CREMA NOCHE 50ML
FC-79457264,8429979457264,S-Serenity Liposomal Serum,Sesderma,30 ml,,,Cuidado personal,Dermatología,SERUM ANTIEDAD,667.66,890.22,5+1,,,S-SERENITY LIPOSOMAL SERUM 30ML
FC-79478252,8429979478252,S-Sesbalance Crema-,Sesderma,50 ml,,Crema,Cuidado personal,Dermatología,PIEL GRASA,511.98,682.65,5+1,,,S-SESBALANCE CREMA-GEL 50ML
FC-79478801,8429979478801,S-Sesbalance Gel Plus,Sesderma,50 ml,,Gel,Cuidado personal,Dermatología,PIEL GRASA,558.53,744.7,5+1,,,S-SESBALANCE GEL PLUS 50ML
FC-79478269,8429979478269,S-Sesbalance Serum Matificante,Sesderma,30 ml,,,Cuidado personal,Dermatología,PIEL GRASA,522,696,5+1,,,S-SESBALANCE SERUM MATIFICANTE 30ML
FC-79252173,8429979252173,S-Sesgen-32 Crema Activadora Celular,Sesderma,50 ml,,Crema,Cuidado personal,Dermatología,CREMA ANTIEDAD,1152.37,1536.49,5+1,,,S-SESGEN-32 CREMA ACTIVADORA CELULAR 50ML
FC-79251152,8429979251152,S-Seskavel Espuma Anticaida,Sesderma,50 ml,,,Cuidado personal,Dermatología,CAPILARES,429,572,5+1,,,S-SESKAVEL ESPUMA ANTICAIDA 50ML
FC-01685186,8470001685186,S-Seskavel Locion Anticaida,Sesderma,200 ml,,,Cuidado personal,Dermatología,CAPILARES,613.09,817.46,5+1,,,S-SESKAVEL LOCION ANTICAIDA 200ML
FC-79444417,8429979444417,S-Seslash,Sesderma,5 ml,,,Cuidado personal,Dermatología,CAPILARES,542.47,723.31,5+1,,,S-SESLASH 5ML
FC-02541856,8470002541856,S-Silkses Protector Hidratante Cutaneo,Sesderma,30 ml,,,Cuidado personal,Dermatología,CICATRIZANTES,272.84,363.8,5+1,,,S-SILKSES PROTECTOR HIDRATANTE CUTANEO 30ML
FC-79458742,8429979458742,S-Soceanskin Serum,Sesderma,30 ml,,,Cuidado personal,Dermatología,SERUM ANTIEDAD,481.48,641.98,5+1,,,S-SOCEANSKIN SERUM 30ML
FC-02031746,8470002031746,salises crema,Sesderma,50 ml,,Crema,Cuidado personal,Dermatología,PIEL GRASA,825.31,1100.41,5+1,https://cdn.shopify.com/s/files/1/0088/1937/6188/files/8470002031746.jpg,dermaexpress,S-SALISES CREMA GEL 50ML
FC-79475121,8429979475121,Salises Crema Espumosa Sin Jabon,Sesderma,250 ml,,Crema,Cuidado personal,Dermatología,HIDRATANTES,590.63,787.5,5+1,,,SALISES CREMA ESPUMOSA SIN JABON 250ML
FC-79414571,8429979414571,Sensyses cleanser sebum,Sesderma,200 ml,,,Cuidado personal,Dermatología,LIMPIADORES,381.98,509.31,5+1,https://cdn.shopify.com/s/files/1/0088/1937/6188/files/CLASSIC.jpg,dermaexpress,S-SENSYSES CLEANSER SEBUM 200ML
FC-79444325,8429979444325,Serum Facial Hidratante C-Vit Antiox Booster System C,Sesderma,30 ml,,,Cuidado personal,Dermatología,SERUM ANTIEDAD,844.2,1125.61,5+1,https://gruporfp.vteximg.com.br/arquivos/ids/7013596/8429979444325_01.jpg,farmatodo,S-C-VIT LIPOSOMAL SERUM 30ML
FC-79462169,8429979462169,Serum Liposomado C-Vit 5 5-C Glowing Complex C,Sesderma,30 ml,,,Cuidado personal,Dermatología,SERUM ANTIEDAD,985.45,1313.93,5+1,https://gruporfp.vteximg.com.br/arquivos/ids/7013599/8429979462169_01.jpg,farmatodo,S-C-VIT 5 VITAMIN SERUM 30ML
FC-79481986,8429979481986,Sesderma-repaskin Tacto seda c/c,Sesderma,50 ml,,,Cuidado personal,Dermatología,SOLARES,585.81,781.07,5+1,https://cdn.shopify.com/s/files/1/0088/1937/6188/files/8429979481986.jpg,dermaexpress,S-REPASKIN TACTO SEDA C/C 50ML
FC-79480675,8429979480675,Sesgen 32 Crema de Ojos Ceramico,Sesderma,15 ml,,Crema,Cuidado personal,Dermatología,CREMA ANTIEDAD,606.67,808.89,5+1,,,SESGEN 32 CREMA DE OJOS CERAMICO 15ML
FC-79252180,8429979252180,Sesgen-32 liposomal serum antiedad,Sesderma,30 ml,,,Cuidado personal,Dermatología,SERUM ANTIEDAD,1158.78,1545.04,5+1,https://cdn.shopify.com/s/files/1/0088/1937/6188/products/044_8429979252180_SESGEN-32_SERUM_ACTIVADOR_CELULAR_30ML_-_3.jpg,dermaexpress,S-SESGEN-32 LIPOSOMAL SERUM 30ML
FC-79439765,8429979439765,Seslash Black,Sesderma,5 ml,,,Cuidado personal,Dermatología,CAPILARES,477.48,636.63,5+1,,,SESLASH BLACK 5ML
FC-34028205,3661434028205,Bariesun SPF50+ Dry Mist A,SkinCeuticals,200 ml,,,Cuidado personal,Dermatología,LANZAMIENTOS 2026,519.75,742.5,,,,BARIESUN SPF50+ DRY MIST A 200ML
FC-34004339,3661434004339,Hyseac Hydra T para Piel Grasa,SkinCeuticals,40 ml,,,Cuidado personal,Dermatología,PIEL GRASA,491.4,702,,,,HYSEAC HYDRA T PARA PIEL GRASA 40ML
FC-34001734,3661434001734,Hyseac Mat T para Piel Mixta A Grasa,SkinCeuticals,40 ml,,,Cuidado personal,Dermatología,PIEL GRASA,408.8,584,,,,HYSEAC MAT T PARA PIEL MIXTA A GRASA 40ML
FC-34004315,3661434004315,Hyseac Pate Sos para Brotes,SkinCeuticals,15 g,,,Cuidado personal,Dermatología,PIEL GRASA,412.99,590,,,,HYSEAC PATE SOS PARA BROTES 15G
FC-34008511,3661434008511,Roseliane Cc Cream Anti Rojeces SPF50+,SkinCeuticals,40 ml,,,Cuidado personal,Dermatología,ROSACEA,432.6,618,,,,ROSELIANE CC CREAM ANTI ROJECES SPF50+ 40ML
FC-34003394,3661434003394,Roseliane Crema Anti Rojeces,SkinCeuticals,40 ml,,Crema,Cuidado personal,Dermatología,ROSACEA,374.49,535,,,,ROSELIANE CREMA ANTI ROJECES 40ML
FC-34005350,3661434005350,Roseliane Crema Anti Rojeces SPF30,SkinCeuticals,40 ml,,Crema,Cuidado personal,Dermatología,ROSACEA,393.4,562,,,,ROSELIANE CREMA ANTI ROJECES SPF30 40ML
FC-34400156,7506334400156,Nourella Tabletas C/60 + Nourella,Up Pharma,30 ml,,Tabletas,Cuidado personal,Dermatología,SOLARES,2010.41,2680.55,,,,NOURELLA TABLETAS C/60 + NOURELLA CREMA 30ML
FC-25401017,5707725401017,Nourella Active skin support,Uppharma,60 cápsulas,,Cápsulas,Cuidado personal,Dermatología,SOLARES,1183.17,1577.57,,https://cdn.shopify.com/s/files/1/0088/1937/6188/files/5707725401017.jpg,dermaexpress,NOURELLA 60 TABLETAS
FC-25402014,5707725402014,Nourella Crema hidratante,Uppharma,50 ml,,Crema,Cuidado personal,Dermatología,SOLARES,1183.17,1577.57,,https://cdn.shopify.com/s/files/1/0088/1937/6188/files/5707725402014.jpg,dermaexpress,NOURELLA CREMA 50ML
FC-34400071,7506334400071,Nourkrin man Suplemento alimenticio anticaída,Uppharma,C/60 tabletas,,Tabletas,Cuidado personal,Dermatología,SOLARES,1248.89,1665.18,,https://cdn.shopify.com/s/files/1/0088/1937/6188/files/thumbnail_NourkrinMan_1.jpg,dermaexpress,NOURKRIN MAN C/60TABLETAS
FC-25100156,5707725100156,Nourkrin radiance Tratamiento para canas,Uppharma,C/30 tabletas,,Tabletas,Cuidado personal,Dermatología,SOLARES,1178.2,1570.93,,https://cdn.shopify.com/s/files/1/0088/1937/6188/files/Nourkrin_Man_2_2a4bfbdc-e8d7-48d8-a4cd-32cf17e3260a.jpg,dermaexpress,NOURKRIN RADIANCE C/30TABLETAS
FC-34400088,7506334400088,Nourkrin woman Suplemento alimenticio anticaída,Uppharma,C/60 tabletas,,Tabletas,Cuidado personal,Dermatología,SOLARES,1248.89,1665.18,,https://cdn.shopify.com/s/files/1/0088/1937/6188/files/thumbnail_Nourkrin_Man_3_dd388a87-2859-4f2d-b2b5-ce190641953a.jpg,dermaexpress,NOURKRIN WOMAN C/60TABLETAS
FC-19846032,7503019846032,Zeloglin Crema para dermatitis inflamatoria,Uppharma,30 ml,,Crema,Cuidado personal,Dermatología,SOLARES,695.47,927.29,,https://cdn.shopify.com/s/files/1/0088/1937/6188/products/7503019846032.jpg,dermaexpress,ZELOGLIN CREMA 30ML
FC-69771321,3760269771321,Teen Derm K Concentrado,Uriage,30 ml,,,Cuidado personal,Dermatología,PIEL GRASA,528,660,,,,TEEN DERM  K CONCENTRADO 30ML
FC-34009181,3661434009181,"Age absolu Crema con retinol, ha y procolágeno",URIAGE,50 ml,,Crema,Cuidado personal,Dermatología,ANTI-EDAD,797.65,1139.5,,https://cdn.shopify.com/s/files/1/0088/1937/6188/files/3661434009181_1.jpg,dermaexpress,AGE ABSOLU CREMA DE DÍA ANTI EDAD 50ML
FC-34009198,3661434009198,Age absolu Mascarilla reafirmante con retinol,URIAGE,50 ml,,,Cuidado personal,Dermatología,ANTI-EDAD,798,1140,,https://cdn.shopify.com/s/files/1/0088/1937/6188/files/3661434009198_1.jpg,dermaexpress,AGE ABSOLU MASCARILLA DE NOCHE ANTI EDAD 50ML
FC-34009976,3661434009976,Age absolu Sérum antiedad péptidos procolágeno,URIAGE,30 ml,,,Cuidado personal,Dermatología,ANTI-EDAD,742.7,1061.01,,https://cdn.shopify.com/s/files/1/0088/1937/6188/files/3661434009976_1.png,dermaexpress,AGE ABSOLU SUERO ANTI EDAD 30ML
FC-34009211,3661434009211,Age lift Contorno de ojos con retinol y ha,URIAGE,15 ml,,,Cuidado personal,Dermatología,ANTI-EDAD,576.1,823,,https://cdn.shopify.com/s/files/1/0088/1937/6188/files/3661434009211_1.jpg,dermaexpress,AGE LIFT CONTORNO DE OJOS ALISANTE Y REAFIRMANTE 15ML
FC-34009228,3661434009228,Age lift Crema de noche antiedad con retinol,URIAGE,40 ml,,Crema,Cuidado personal,Dermatología,ANTI-EDAD,711.2,1016,,https://cdn.shopify.com/s/files/1/0088/1937/6188/files/3661434009228_1.jpg,dermaexpress,AGE LIFT CREMA DE NOCHE ALISANTE Y REAFIRMANTE 40ML
FC-34009266,3661434009266,Age lift Sérum antiedad reafirmante con retinol,URIAGE,40 ml,,,Cuidado personal,Dermatología,ANTI-EDAD,677.25,967.5,,https://cdn.shopify.com/s/files/1/0088/1937/6188/files/3661434009266_1.jpg,dermaexpress,AGE LIFT FLUIDO ALISANTE Y REAFIRMANTE 40ML
FC-34009273,3661434009273,Age lift Sérum intensivo antiedad con retinol,URIAGE,30 ml,,,Cuidado personal,Dermatología,ANTI-EDAD,738.5,1055,,https://cdn.shopify.com/s/files/1/0088/1937/6188/files/3661434009273_1.jpg,dermaexpress,AGE LIFT SERUM ALISANTE Y REAFIRMANTE 30ML
FC-34009280,3661434009280,Age lift Tratamiento filler instantáneo retinol,URIAGE,30 ml,,,Cuidado personal,Dermatología,ANTI-EDAD,738.5,1055,,https://cdn.shopify.com/s/files/1/0088/1937/6188/files/3661434009280_1.jpg,dermaexpress,AGE LIFT FILLER TRATAMIENTO ARRUGAS INSTANTANEO 30ML
FC-34009372,3661434009372,Agua micelar Antioxidante piel normal y seca,URIAGE,100 ml,,,Cuidado personal,Dermatología,LIMPIADORES,117.6,168,,https://cdn.shopify.com/s/files/1/0088/1937/6188/files/3661434009372_1.jpg,dermaexpress,AGUA MICELAR PIEL NORMAL A SECA 100ML
FC-34009396,3661434009396,Agua Micelar antioxidante piel normal y seca,URIAGE,500 ml,,,Cuidado personal,Dermatología,LIMPIADORES,459.2,656,,https://cdn.shopify.com/s/files/1/0088/1937/6188/files/3661434009396_1.jpg,dermaexpress,AGUA MICELAR PIEL NORMAL A SECA 500ML
FC-34009334,3661434009334,Agua micelar Efecto calmante piel sensible,URIAGE,500 ml,,,Cuidado personal,Dermatología,LIMPIADORES,458.85,655.5,,https://cdn.shopify.com/s/files/1/0088/1937/6188/files/3661434009334.jpg,dermaexpress,AGUA MICELAR PIEL SENSIBLE 500ML
FC-34009204,3661434009204,Agua Micelar efecto calmante piel sensible,URIAGE,100 ml,,,Cuidado personal,Dermatología,LIMPIADORES,117.6,168,,https://cdn.shopify.com/s/files/1/0088/1937/6188/files/3661434009204_1_1_1_55adb731-bf0b-41b4-9004-2a269f14ac29.png,dermaexpress,AGUA MICELAR PIEL SENSIBLE 100ML
FC-34009365,3661434009365,Agua micelar Purificante piel grasa,URIAGE,500 ml,,,Cuidado personal,Dermatología,LIMPIADORES,459.2,656,,https://cdn.shopify.com/s/files/1/0088/1937/6188/files/3661434009365.jpg,dermaexpress,AGUA MICELAR PIEL MIXTA A GRASA 500ML
FC-34009341,3661434009341,Agua micelar Purificante piel grasa,URIAGE,100 ml,,,Cuidado personal,Dermatología,LIMPIADORES,117.95,168.5,,https://cdn.shopify.com/s/files/1/0088/1937/6188/files/3661434009341.jpg,dermaexpress,AGUA MICELAR PIEL MIXTA A GRASA 100ML
FC-34032813,3661434032813,AP Hair Serum Intensivo Anti-Caída,URIAGE,100 ml,,,Cuidado personal,Dermatología,LANZAMIENTOS 2026,622.97,889.95,,https://cdn.shopify.com/s/files/1/0088/1937/6188/files/2_b03efcaa-3467-4358-89d3-d33ad31f4b75.png,dermaexpress,AP HAIR SERUM INTENSIVO ANTI-CAIDA 100ML
FC-34032820,3661434032820,AP Hair Shampoo Fortificante,URIAGE,200 ml,,,Cuidado personal,Dermatología,LANZAMIENTOS 2026,342.99,489.98,,https://cdn.shopify.com/s/files/1/0088/1937/6188/files/3_319a0176-39db-4df3-8569-d68689416e01.png,dermaexpress,AP HAIR SHAMPOO FORTIFICANTE 200ML
FC-34005459,3661434005459,Bálsamo reparador de labios secos y agrietados,URIAGE,15 ml,,,Cuidado personal,Dermatología,CICATRIZANTES,144.2,206,,https://cdn.shopify.com/s/files/1/0088/1937/6188/files/3661434005459_1.jpg,dermaexpress,BARIEDERM-CICA LABIOS 15ML
FC-34006548,3661434006548,Bariderm-cica SPF50+ Crema multiusos cobre-zinc,URIAGE,40 ml,,Crema,Cuidado personal,Dermatología,CICATRIZANTES,245,350,,https://cdn.shopify.com/s/files/1/0088/1937/6188/files/3661434006548_1.jpg,dermaexpress,BARIEDERM CICA CREMA REPARADORA SPF50 40ML
FC-34005367,3661434005367,Bariderm-cica Spray reparador secante sos,URIAGE,100 ml,,Spray,Cuidado personal,Dermatología,CICATRIZANTES,226.1,323,,https://cdn.shopify.com/s/files/1/0088/1937/6188/files/3661434005367_1.jpg,dermaexpress,BARIEDERM CICA SPRAY SECANTE PARA PIEL IRRITADA 100ML
FC-34000508,3661434000508,Bariederm Crema antirozaduras aislante reparador,URIAGE,75 ml,,Crema,Cuidado personal,Dermatología,SOLARES,315,450,,https://cdn.shopify.com/s/files/1/0088/1937/6188/files/3661434000508_1.jpg,dermaexpress,BARIEDERM CREMA AISLANTE REPARADORA 75ML
FC-34006159,3661434006159,Bariederm-cica Crema reparadora cobre-zinc,URIAGE,15 ml,,Crema,Cuidado personal,Dermatología,CICATRIZANTES,101.5,145,,https://cdn.shopify.com/s/files/1/0088/1937/6188/files/3661434006159_1.jpg,dermaexpress,BARIEDERM-CICA CREMA REPARADORA 15ML
FC-34004735,3661434004735,Bariederm-cica Crema reparadora cobre-zinc,URIAGE,40 ml,,Crema,Cuidado personal,Dermatología,CICATRIZANTES,211.4,301.99,,https://cdn.shopify.com/s/files/1/0088/1937/6188/files/3661434004735_1.jpg,dermaexpress,BARIEDERM CICA CREMA REPARADORA 40ML
FC-34004742,3661434004742,Bariederm-cica Crema reparadora cobre-zinc,URIAGE,100 ml,,Crema,Cuidado personal,Dermatología,CICATRIZANTES,352.8,504,,https://cdn.shopify.com/s/files/1/0088/1937/6188/files/3661434004742_1.jpg,dermaexpress,BARIEDERM CICA CREMA REPARADORA 100ML
FC-34011979,3661434011979,Bariésun 100 Piel intolerante al sol SPF50+,URIAGE,50 ml,,,Cuidado personal,Dermatología,SOLARES,374.15,534.5,,https://cdn.shopify.com/s/files/1/0088/1937/6188/files/3661434011979_1.jpg,dermaexpress,BARIESUN 100 FLUIDO SPF50+ 50ML
FC-34002564,3661434002564,Bariésun Aceite seco SPF50+ con vitamina e,URIAGE,200 ml,,,Cuidado personal,Dermatología,SOLARES,475.65,679.5,,https://cdn.shopify.com/s/files/1/0088/1937/6188/files/3661434002564_1.jpg,dermaexpress,BARIESUN SPF50+ ACEITE SECO PROTECTOR 200ML
FC-34006500,3661434006500,Bariésun Bruma solar seca SPF50+ hidratante,URIAGE,200 ml,,,Cuidado personal,Dermatología,SOLARES,519.75,742.5,,https://cdn.shopify.com/s/files/1/0088/1937/6188/files/3661434006500_1_37f7157c-3d77-4bb7-82ef-eb49bafed699.jpg,dermaexpress,BARIESUN SPF50+ BRUMA ACABADO SECO 200ML
FC-34005596,3661434005596,Bariesun Fluido matificante SPF50+ para piel mixta,URIAGE,50 ml,,Fluido,Cuidado personal,Dermatología,SOLARES,383.6,548,,https://cdn.shopify.com/s/files/1/0088/1937/6188/files/3661434005596_671ee230-75e6-420b-82e4-9a4ab0fcd86a.jpg,dermaexpress,BARIESUN SPF50+ FLUIDO MATIFICANTE 50ML
FC-34009495,3661434009495,Bariésun Fluido solar SPF50+ Ultra ligero,URIAGE,30 ml,,Fluido,Cuidado personal,Dermatología,SOLARES,287.7,411,,https://cdn.shopify.com/s/files/1/0088/1937/6188/files/3661434009495_1.jpg,dermaexpress,BARIESUN SPF50+ ULTRA FLUIDO B 30ML
FC-34008399,3661434008399,Bariésun Protector solar SPF50+ para niños,URIAGE,200 ml,,,Cuidado personal,Dermatología,SOLARES,456.75,652.5,,https://cdn.shopify.com/s/files/1/0088/1937/6188/files/3661434008399_1.jpg,dermaexpress,BARIESUN SPF50+ BLOQUEADOR SOLAR INFANTIL EN SPRAY 200ML
FC-34008894,3661434008894,Bariesun SPF50+ Crema con color tono claro,URIAGE,50 ml,,Crema,Cuidado personal,Dermatología,SOLARES,383.6,548,,https://cdn.shopify.com/s/files/1/0088/1937/6188/files/3661434008894_1.jpg,dermaexpress,BARIESUN SPF50+ CREMA CON COLOR TONO CLARO 50ML
FC-34008900,3661434008900,Bariesun SPF50+ Crema con color tono dorado,URIAGE,50 ml,,Crema,Cuidado personal,Dermatología,SOLARES,383.6,548,,https://cdn.shopify.com/s/files/1/0088/1937/6188/files/3661434008900_1.jpg,dermaexpress,BARIESUN SPF50+ CREMA CON COLOR TONO DORADO 50ML
FC-34008917,3661434008917,Bariesun SPF50+ Fluido anti manchas,URIAGE,40 ml,,Fluido,Cuidado personal,Dermatología,SOLARES,424.9,607,,https://cdn.shopify.com/s/files/1/0088/1937/6188/files/3661434008917_1.jpg,dermaexpress,BARIESUN SPF50+ FLUIDO ANTI MANCHAS 40ML
FC-34000515,3661434000515,bruma facial de Agua Termal,URIAGE,150 ml,,,Cuidado personal,Dermatología,HIDRATANTES,255.5,365.01,,https://cdn.shopify.com/s/files/1/0088/1937/6188/files/3661434000515_1.jpg,dermaexpress,URIAGE AGUA TERMAL 150ML
FC-34000539,3661434000539,Bruma facial de agua termal,URIAGE,50 ml,,,Cuidado personal,Dermatología,HIDRATANTES,101.5,145,,https://cdn.shopify.com/s/files/1/0088/1937/6188/files/3661434000539_1.jpg,dermaexpress,URIAGE AGUA TERMAL 50ML
FC-34000522,3661434000522,Bruma facial de agua termal,URIAGE,300 ml,,,Cuidado personal,Dermatología,HIDRATANTES,329,470,,https://cdn.shopify.com/s/files/1/0088/1937/6188/files/3661434000522_1.jpg,dermaexpress,URIAGE AGUA TERMAL 300ML
FC-34011917,3661434011917,Cica-daily Crema reparadora concentrada,URIAGE,50 ml,,Crema,Cuidado personal,Dermatología,CICATRIZANTES,412.99,590,,https://cdn.shopify.com/s/files/1/0088/1937/6188/files/3661434011917_1.jpg,dermaexpress,CICA DAILY CREMA CONCENTRADA PARA PIEL FRAGIL 50ML
FC-34011900,3661434011900,Cica-daily Crema reparadora concentrada refill,URIAGE,50 ml,,Crema,Cuidado personal,Dermatología,CICATRIZANTES,322,460,,https://cdn.shopify.com/s/files/1/0088/1937/6188/files/3661434011900_1.jpg,dermaexpress,CICA DAILY REFILL CREMA CONCENTRADA 50ML
FC-34011924,3661434011924,Cica-daily Gel-crema reparador centella asiática,URIAGE,40 ml,,Crema,Cuidado personal,Dermatología,CICATRIZANTES,345.8,494,,https://cdn.shopify.com/s/files/1/0088/1937/6188/files/3661434011924_1.jpg,dermaexpress,CICA DAILY GEL-CREMA 40ML
FC-34011931,3661434011931,"Cica-daily Sérum con centella asiática, ha y b5",URIAGE,30 ml,,,Cuidado personal,Dermatología,CICATRIZANTES,786.8,1124.01,,https://cdn.shopify.com/s/files/1/0088/1937/6188/files/3661434011931_1.jpg,dermaexpress,CICA DAILY SERUM 30ML
FC-34009754,3661434009754,Depiderm Sérum de vitamina c 20% y niacinamida,URIAGE,30 ml,,,Cuidado personal,Dermatología,ANTI-EDAD,786.8,1124.01,,https://cdn.shopify.com/s/files/1/0088/1937/6188/files/3661434009754_1.jpg,dermaexpress,DEPIDERM SERUM BOOSTER VITAMINA C 30ML
FC-34003691,3661434003691,Desmaquillante de ojos waterproof bifásico,URIAGE,100 ml,,,Cuidado personal,Dermatología,LIMPIADORES,304.5,435,,https://cdn.shopify.com/s/files/1/0088/1937/6188/files/3661434003691_1.jpg,dermaexpress,DESMAQUILLANTE WATERPROOF PARA OJOS 100ML
FC-34002687,3661434002687,Desodorante extra suave para piel sensible 24h,URIAGE,50 ml,,,Cuidado personal,Dermatología,ANTIRANSPIRANTE,283.5,405,,https://cdn.shopify.com/s/files/1/0088/1937/6188/files/3661434002687_1.jpg,dermaexpress,DESODORANTE SUAVE ROLL-ON 50ML
FC-34004575,3661434004575,Desodorante power3 Anti-olor anti-transpirante,URIAGE,50 ml,,,Cuidado personal,Dermatología,ANTIRANSPIRANTE,297.51,425,,https://cdn.shopify.com/s/files/1/0088/1937/6188/files/3661434004575_1.jpg,dermaexpress,DESODORANTE SUAVE ROLL-ON 50ML
FC-34011962,3661434011962,DS hair Shampoo suave equilibrante diario,URIAGE,500 ml,,,Cuidado personal,Dermatología,CAPILARES,343,490,,https://cdn.shopify.com/s/files/1/0088/1937/6188/files/3661434011962_1.jpg,dermaexpress,DS SHAMPOO EQUILIBRANTE USO FRECUENTE 500ML
FC-34009310,3661434009310,DS Shampoo Anticaspa severa con ácido láctico,URIAGE,150 ml,,,Cuidado personal,Dermatología,CAPILARES,364,520,,https://cdn.shopify.com/s/files/1/0088/1937/6188/files/3661434009310_1_7ab958d6-85ab-469a-83ce-82ccef63ee49.jpg,dermaexpress,DS HAIR SHAMPOO ANTI CASPAS SEVERAS 150ML
FC-34009303,3661434009303,DS Shampoo Caspa moderada con piroctona olamina,URIAGE,200 ml,,,Cuidado personal,Dermatología,CAPILARES,311.49,445,,https://cdn.shopify.com/s/files/1/0088/1937/6188/files/3661434009303_1.jpg,dermaexpress,DS HAIR SHAMPOO ANTI CASPAS MODERADAS 200ML
FC-34005015,3661434005015,Eau thermale Contorno de ojos con ácido hialurónico,URIAGE,15 ml,,,Cuidado personal,Dermatología,HIDRATANTES,403.2,576,,https://cdn.shopify.com/s/files/1/0088/1937/6188/files/3661434005015_f21c5b40-3de3-4e7c-b10d-4494f9159e5f.jpg,dermaexpress,CONTORNO DE OJOS CON AGUA TERMAL 15ML
FC-34005008,3661434005008,Eau thermale Crema facial hidratante con ha,URIAGE,40 ml,,Crema,Cuidado personal,Dermatología,HIDRATANTES,415.09,593,,https://cdn.shopify.com/s/files/1/0088/1937/6188/files/3661434005008_1.jpg,dermaexpress,CREMA HIDRATANTE CON AGUA TERMAL 40ML
FC-34007835,3661434007835,Eau thermale Gel facial hidratante ultraligero,URIAGE,40 ml,,Gel,Cuidado personal,Dermatología,HIDRATANTES,415.09,593,,https://cdn.shopify.com/s/files/1/0088/1937/6188/files/3661434007835_1.jpg,dermaexpress,GEL HIDRATANTE CON AGUA TERMAL 40ML
FC-34004704,3661434004704,Eau thermale Loción corporal hidratante,URIAGE,500 ml,,,Cuidado personal,Dermatología,HIDRATANTES,333.2,475.99,,https://cdn.shopify.com/s/files/1/0088/1937/6188/files/3661434004704_1.jpg,dermaexpress,LOCION CORPORAL CON AGUA TERMAL 500ML
FC-34005503,3661434005503,Eau thermale Mascarilla hidratante con ha,URIAGE,50 ml,,,Cuidado personal,Dermatología,HIDRATANTES,418.95,598.5,,https://cdn.shopify.com/s/files/1/0088/1937/6188/files/3661434005503.jpg,dermaexpress,MASCARILLA DE NOCHE CON AGUA TERMAL 50ML
FC-34009525,3661434009525,Eau thermale Sérum booster con 1.5% ha,URIAGE,30 ml,,,Cuidado personal,Dermatología,ANTI-EDAD,441,630,,https://cdn.shopify.com/s/files/1/0088/1937/6188/files/3661434009525_1.jpg,dermaexpress,SERUM BOOSTER CON ACIDO HIALURONICO 30ML
FC-34012020,3661434012020,Esencia tonificante glow up Con agua termal y ha,URIAGE,100 ml,,,Cuidado personal,Dermatología,HIDRATANTES,427.7,611,,https://cdn.shopify.com/s/files/1/0088/1937/6188/files/3661434012020_1.jpg,dermaexpress,ESENCIA CON AGUA TERMAL 100ML
FC-34005862,3661434005862,Gel de ducha sin jabón extra suave,URIAGE,500 ml,,Gel,Cuidado personal,Dermatología,LIMPIADORES,240.1,343,,https://cdn.shopify.com/s/files/1/0088/1937/6188/files/3661434005862.jpg,dermaexpress,GEL LIMPIADOR DERMATOLOGICO 500ML
FC-34005268,3661434005268,Gyn-phy Gel refrescante de higiene íntima,URIAGE,200 ml,,Gel,Cuidado personal,Dermatología,LIMPIADORES,179.54,256.5,,https://cdn.shopify.com/s/files/1/0088/1937/6188/files/3661434005268_1.jpg,dermaexpress,GYN PHY GEL DE HIGIENE INTIMA 200ML
FC-34010088,3661434010088,Hyseac 3-regul Crema con ácido salicílico y aha,URIAGE,40 ml,,Crema,Cuidado personal,Dermatología,PIEL GRASA,491.4,702,,https://cdn.shopify.com/s/files/1/0088/1937/6188/files/3661434010088_1.jpg,dermaexpress,HYSEAC 3-REGUL+ PARA PIEL GRASA 40ML
FC-34027901,3661434027901,Hyséac 3-Regul SPF50+,URIAGE,50 ml,,,Cuidado personal,Dermatología,LANZAMIENTOS 2026,786.8,1124.01,,https://cdn.shopify.com/s/files/1/0088/1937/6188/files/3661434027901-1.avif,dermaexpress,HYSEAC 3- REGUL SPF50+ 50ML
FC-34009983,3661434009983,Hyséac Cleansing Gel T,URIAGE,150 ml,,Gel,Cuidado personal,Dermatología,LANZAMIENTOS 2026,174.34,249.05,,https://cdn.shopify.com/s/files/1/0088/1937/6188/files/shop-cm-02925-03-hyseac-anti-blemish-cleansing-gel---150ml--1.avif,dermaexpress,HYSEAC CLEANSING GEL T 150ML
FC-34009990,3661434009990,Hyseac Gel limpiador piel mixta a grasa,URIAGE,500 ml,,Gel,Cuidado personal,Dermatología,PIEL GRASA,422.1,603,,https://cdn.shopify.com/s/files/1/0088/1937/6188/files/3661434009990_1.jpg,dermaexpress,HYSEAC GEL LIMPIADOR PARA PIEL MIXTA A GRASA 500ML
FC-34010026,3661434010026,Hyseac Gel sos Para brotes con ácido salicílico,URIAGE,15 ml,,Gel,Cuidado personal,Dermatología,PIEL GRASA,337.05,481.5,,https://cdn.shopify.com/s/files/1/0088/1937/6188/files/3661434010026_1.jpg,dermaexpress,HYSEAC GEL SOS PARA BROTES 15ML
FC-34010101,3661434010101,Hyseac Sérum renovador 5.8% aha zinc para piel grasa,URIAGE,30 ml,,,Cuidado personal,Dermatología,PIEL GRASA,591.5,845,,https://cdn.shopify.com/s/files/1/0088/1937/6188/files/3661434010101_1.jpg,dermaexpress,HYSEAC SUERO PARA PIEL GRASA 30ML
FC-34010057,3661434010057,Hyseac SPF50+ Fluido piel mixta a grasa,URIAGE,50 ml,,Fluido,Cuidado personal,Dermatología,PIEL GRASA,456.4,652,,https://cdn.shopify.com/s/files/1/0088/1937/6188/files/3661434010057_1.jpg,dermaexpress,HYSEAC SPF50+ FLUIDO PARA PIEL MIXTA A GRASA 50ML
FC-34008818,3661434008818,"Jabón sólido Piel limpia, suave e hidratada",URIAGE,125 g,,,Cuidado personal,Dermatología,LIMPIADORES,131.6,188,,https://cdn.shopify.com/s/files/1/0088/1937/6188/files/3661434008818_1.jpg,dermaexpress,JABÓN SÓLIDO LIMPIADOR 125G
FC-34008788,3661434008788,Limpiador corporal hidratante diario,URIAGE,500 ml,,,Cuidado personal,Dermatología,LIMPIADORES,387.45,553.51,,https://cdn.shopify.com/s/files/1/0088/1937/6188/files/3661434008788_1.jpg,dermaexpress,CREMA LIMPIADORA 500ML
FC-34004421,3661434004421,Stick hidratante Bálsamo labial protector,URIAGE,4 g,,,Cuidado personal,Dermatología,HIDRATANTES,86.1,122.99,,https://cdn.shopify.com/s/files/1/0088/1937/6188/files/3661434004421.jpg,dermaexpress,STICK HIDRATANTE PARA LABIOS 4G
FC-34005435,3661434005435,Ungüento reparador de pies y talones agrietados,URIAGE,40 ml,,Ungüento,Cuidado personal,Dermatología,CICATRIZANTES,226.1,323,,https://cdn.shopify.com/s/files/1/0088/1937/6188/files/3661434005435_1.jpg,dermaexpress,BARIEDERM-CICA CREMA REPARADORA PARA PIEL SECA 40ML
FC-34006968,3661434006968,Xemose bálsamo corporal piel seca y atópica,URIAGE,500 ml,,,Cuidado personal,Dermatología,HIDRATANTES,465.5,665,,https://cdn.shopify.com/s/files/1/0088/1937/6188/files/3661434006968_1.jpg,dermaexpress,XEMOSE BALSAMO HIDRATANTE PARA PIEL SECA 500ML
FC-34004858,3661434004858,Xemose Crema corporal piel seca y atópica,URIAGE,400 ml,,Crema,Cuidado personal,Dermatología,HIDRATANTES,430.85,615.5,,https://cdn.shopify.com/s/files/1/0088/1937/6188/files/3661434004858_1.jpg,dermaexpress,XEMOSE CREMA HIDRATANTE PARA PIEL SECA 500ML
FC-34005916,3661434005916,Xemose Gel limpiador para piel seca y atópica,URIAGE,500 ml,,Gel,Cuidado personal,Dermatología,HIDRATANTES,479.15,684.5,,https://cdn.shopify.com/s/files/1/0088/1937/6188/files/3661434005916_1.jpg,dermaexpress,XEMOSE SYNDET LIMPIADOR SUAVE PARA PIEL SECA 500ML
FC-34005923,3661434005923,Xemose Limpiador en aceite para piel seca y atópica,URIAGE,500 ml,,,Cuidado personal,Dermatología,HIDRATANTES,404.6,578,,https://cdn.shopify.com/s/files/1/0088/1937/6188/files/3661434005923_1.jpg,dermaexpress,XEMOSE ACEITE LIMPIADOR PARA PIEL SECA 500ML
FC-71308612,3337871308612,"Agua termal mineralizante Estabiliza, refuerza y renueva la piel",Vichy,150 ml,,,Cuidado personal,Dermatología,AGUAS TERMALES,351.8,499,5+1,https://cdn.shopify.com/s/files/1/0088/1937/6188/files/cbcce2b5-9120-4a74-9723-c3109856358a.jpg,dermaexpress,AGUA TERMAL VICHY 150ML
FC-71321963,3337871321963,"Agua termal mineralizante Estabiliza, refuerza y renueva la piel",Vichy,300 ml,,,Cuidado personal,Dermatología,AGUAS TERMALES,422.3,599,5+1,https://cdn.shopify.com/s/files/1/0088/1937/6188/files/415e21f4-4fc0-44ff-bc55-a42213bd4222.jpg,dermaexpress,AGUA TERMAL VICHY 300ML
FC-71323639,3337871323639,Capital soleil 50+ Niños lait,Vichy,300 ml,,,Cuidado personal,Dermatología,SOLARES,633.79,899,5+1,https://cdn.shopify.com/s/files/1/0088/1937/6188/files/Cs-Lait-Enfant-Ip50-T300ml8-Langues-3337871323639-638406808260740662-1.jpg,dermaexpress,CAPITAL SOLEIL FPS50 LECHE PARA NIÑOS 300ML
FC-75892308,3337875892308,Capital soleil cell protect oil FPS 50+ Protege la piel del daño solar,Vichy,200 ml,FPS 50+,,Cuidado personal,Dermatología,SOLARES,563.29,799,5+1,https://cdn.shopify.com/s/files/1/0088/1937/6188/files/121212.png,dermaexpress,CAPITAL SOLEIL CELL PROTECT OIL FPS50+ 200ML
FC-75762250,3337875762250,Capital soleil eco-solar FPS 50+ Protector solar corporal hidratante,Vichy,200 ml,FPS 50+,,Cuidado personal,Dermatología,SOLARES,563.29,799,5+1,https://cdn.shopify.com/s/files/1/0088/1937/6188/files/1312312.jpg,dermaexpress,CAPITAL SOLEIL ECO-MILK FPS50+ 200ML
FC-71322694,3337871322694,Capital soleil FPS 50+ Protector solar facial y corporal,Vichy,300 ml,FPS 50+,,Cuidado personal,Dermatología,SOLARES,704.3,999,5+1,https://cdn.shopify.com/s/files/1/0088/1937/6188/files/f60b0db5-3e5c-4fa3-a073-eda6d09c7561.jpg,dermaexpress,IDEAL SOLEIL 50+ FAMILY 300ML
FC-75695176,3337875695176,Capital soleil Matificante 3 en 1 FPS 50+ Protección solar para piel mixta a grasa,Vichy,50 ml,FPS 50+,,Cuidado personal,Dermatología,SOLARES,563.29,799,5+1,https://cdn.shopify.com/s/files/1/0088/1937/6188/files/11_f7b78406-93ba-4af0-9cfd-37f5f9d267d8.jpg,dermaexpress,VICHY CAPITAL SOLEIL MATIFICANTE 3EN1 FPS 50+
FC-75915885,3337875915885,Capital Soleil UV Age Daily Pigment SPF50+ Protector Solar Antimanchas Tono Medio,Vichy,40 ml,,,Cuidado personal,Dermatología,SOLARES,528.05,749,5+1,https://cdn.shopify.com/s/files/1/0088/1937/6188/files/3337875915885-1.jpg,dermaexpress,CAPITAL SOLEIL UV AGE DAILY PIGMENT 40ML
FC-75940252,3337875940252,Capital Soleil UV Aqua SPF50+,Vichy,50 ml,,,Cuidado personal,Dermatología,LANZAMIENTOS 2026,457.54,649,5+1,https://cdn.shopify.com/s/files/1/0088/1937/6188/files/3337875940252_1.avif,dermaexpress,CAPITAL SOLEIL UV AQUA SPF50+ 50ML
FC-75940214,3337875940214,Capital Soleil UV Aqua SPF50+ Tono Claro,Vichy,50 ml,,,Cuidado personal,Dermatología,LANZAMIENTOS 2026,457.54,649,5+1,https://cdn.shopify.com/s/files/1/0088/1937/6188/files/3337875940214_1.avif,dermaexpress,CAPITAL SOLEIL UV AQUA SPF50+ TONO CLARO 50ML
FC-75940177,3337875940177,Capital Soleil UV Aqua SPF50+ Tono Medio,Vichy,50 ml,,,Cuidado personal,Dermatología,LANZAMIENTOS 2026,457.54,649,5+1,https://cdn.shopify.com/s/files/1/0088/1937/6188/files/ImageneslanzamientosDerx.avif,dermaexpress,CAPITAL SOLEIL UV AQUA SPF50+ TONO MEDIO 50ML
FC-75940993,3337875940993,Capital Soleil UV Aqua Stick Protector Solar En Barra SPF50+,Vichy,9 g,,,Cuidado personal,Dermatología,SOLARES,316.55,449,5+1,https://cdn.shopify.com/s/files/1/0088/1937/6188/files/1_1_addf1307-b1a1-4fc5-9b4d-b430c27f95c2.avif,dermaexpress,CAPITAL SOLEIL UV AQUA STICK PROTECTOR SOLAR EN BARRA 9G
FC-75940139,3337875940139,Capital Soleil UV Spray Protector Solar Corporal FPS 50+,Vichy,200 ml,FPS 50+,Spray,Cuidado personal,Dermatología,SOLARES,556.25,789,5+1,https://cdn.shopify.com/s/files/1/0088/1937/6188/files/1_6c506df9-7870-4c3a-95d7-9373fd01ee23.avif,dermaexpress,CAPITAL SOLEIL UV SPRAY PROTECTOR SOLAR 200ML
FC-75795265,3337875795265,Capital Soleil UV-Age Daily FPS 50 Protector Solar Facial Anti-Envejecimiento con Color Tono Light,Vichy,40 ml,FPS 50,,Cuidado personal,Dermatología,SOLARES,528.05,749,5+1,https://cdn.shopify.com/s/files/1/0088/1937/6188/files/1310ff9e-cdfb-42f3-9e02-a5e5831f3fb1.jpg,dermaexpress,CAPITAL SOLEIL UV AGE FPS50+ C/COLOR 40ML
FC-75762298,3337875762298,Capital soleil uv-age FPS 50 Protector solar anti-fotoenvejecimiento,Vichy,40 ml,FPS 50,,Cuidado personal,Dermatología,SOLARES,528.05,749,5+1,https://cdn.shopify.com/s/files/1/0088/1937/6188/files/3337875762298_11.jpg,dermaexpress,CAPITAL SOLEIL FPS50+ UV AGE FLUIDO 40ML
FC-75837149,3337875837149,Capital soleil uv-clear Protector solar anti-imperfecciones FPS 50,Vichy,40 ml,FPS 50,,Cuidado personal,Dermatología,SOLARES,528.05,749,5+1,https://cdn.shopify.com/s/files/1/0088/1937/6188/files/3337875837149_12.jpg,dermaexpress,CAPITAL SOLEI PROTECTOR SOLAR ANTI-IMPERFECCIONES UV-CLEAR FPS 50+ 40ML
FC-75920971,3337875920971,Dercos Collagen 17 Acondicionador Reparador De Daño,Vichy,200 ml,,,Cuidado personal,Dermatología,CAPILARES,492.79,699,5+1,https://cdn.shopify.com/s/files/1/0088/1937/6188/files/7501258200011-2_1cfac903-757f-458a-8c82-e4d6daae2813.png,dermaexpress,DT COL REP CONDI T200ML ES PT pl tr
FC-75920902,3337875920902,Dercos Collagen 17 Filler Tratamiento Reparador De Daño,Vichy,150 ml,,,Cuidado personal,Dermatología,CAPILARES,725.45,1029,5+1,https://cdn.shopify.com/s/files/1/0088/1937/6188/files/2_ac610b54-9ac9-4dce-8680-a1e149d5fa9d.png,dermaexpress,DT COL REP PRE-SH B150ML ES PT pltr
FC-75921008,3337875921008,Dercos Collagen 17 Shampoo Reparador De Daño,Vichy,200 ml,,,Cuidado personal,Dermatología,CAPILARES,492.79,699,5+1,https://cdn.shopify.com/s/files/1/0088/1937/6188/files/7501258200011-2_8e56325c-cc75-4b81-b1a2-a7be1991c89f.png,dermaexpress,DT COL REPAIR SH B200ML ES PT pl tr
FC-75574372,3337875574372,Dercos densi-solutions Loción tratamiento capilar,Vichy,100 ml,,,Cuidado personal,Dermatología,CAPILARES,923.55,1310,5+1,https://cdn.shopify.com/s/files/1/0088/1937/6188/files/19f6f902-552d-4e7c-8244-c0d8eddbe4f7.jpg,dermaexpress,DERCOS DENSI-SOLUTIONS LOCION 100ML
FC-75574358,3337875574358,Dercos densi-solutions Shampoo densificador,Vichy,250 ml,,,Cuidado personal,Dermatología,CAPILARES,563.29,799,5+1,https://cdn.shopify.com/s/files/1/0088/1937/6188/files/74c79538-7836-412a-ba68-b144a78495bb.jpg,dermaexpress,DERCOS DENSI-SOLUTIONS SHAMPOO 250ML
FC-71311292,3337871311292,Dercos Estimulante Shampoo anti-caída,Vichy,200 ml,,,Cuidado personal,Dermatología,CAPILARES,563.29,799,5+1,https://cdn.shopify.com/s/files/1/0088/1937/6188/files/3337871311292_10.jpg,dermaexpress,DERCOS ESTIMULANTE 200ML
FC-75932080,3337875932080,Dercos Regen Serum Fortalecedor Capilar Anticaída,Vichy,90 ml,,,Cuidado personal,Dermatología,CAPILARES,915.8,1299,5+1,https://cdn.shopify.com/s/files/1/0088/1937/6188/files/3337875932080.jpg,dermaexpress,DERCOS REGEN SERUM 50ML
FC-75901420,3337875901420,Dercos Sérum 10 leave-on Control caspa,Vichy,90 ml,,,Cuidado personal,Dermatología,CAPILARES,915.8,1299,5+1,https://cdn.shopify.com/s/files/1/0088/1937/6188/files/3337875901420_0.jpg,dermaexpress,DERCOS SERUM 10 LEAVE-ON CONTROL CASPA 90ML
FC-71330286,3337871330286,Dercos Shampoo anti-caspa grasa,Vichy,200 ml,,,Cuidado personal,Dermatología,CAPILARES,528.05,749,5+1,https://cdn.shopify.com/s/files/1/0088/1937/6188/files/3337871330286_11.jpg,dermaexpress,DERCOS CASPA GRASA 200ML
FC-71330262,3337871330262,Dercos Shampoo anti-caspa seca,Vichy,200 ml,,,Cuidado personal,Dermatología,CAPILARES,528.05,749,5+1,https://cdn.shopify.com/s/files/1/0088/1937/6188/files/3337871330262_11.jpg,dermaexpress,DERCOS CASPA SECA 200ML
FC-71332297,3337871332297,Dermablend coverflow 3d #15 opal Alta cobertura y duración,Vichy,30 ml,,,Cuidado personal,Dermatología,MAQUILLAJES,774.8,1099,5+1,https://cdn.shopify.com/s/files/1/0088/1937/6188/products/3337871332297_1.jpg,dermaexpress,DB COVERFLOW #15 OPAL 30ML
FC-71332303,3337871332303,Dermablend coverflow 3d #25 nude Alta cobertura y duración,Vichy,30 ml,,,Cuidado personal,Dermatología,MAQUILLAJES,774.8,1099,5+1,https://cdn.shopify.com/s/files/1/0088/1937/6188/products/3337871332303_1.jpg,dermaexpress,DB COVERFLOW #25 NUDE 30ML
FC-71332310,3337871332310,Dermablend coverflow 3d #35 sand Alta cobertura y duración,Vichy,30 ml,,,Cuidado personal,Dermatología,MAQUILLAJES,739.55,1049,5+1,https://cdn.shopify.com/s/files/1/0088/1937/6188/products/3337871332310_1.jpg,dermaexpress,DB COVERFLOW #35 SAND 30ML
FC-71332327,3337871332327,Dermablend coverflow 3d #45 gold Alta cobertura y duración,Vichy,30 ml,,,Cuidado personal,Dermatología,MAQUILLAJES,774.8,1099,5+1,https://cdn.shopify.com/s/files/1/0088/1937/6188/products/3337871332327_1.jpg,dermaexpress,DB COVERFLOW #45 GOLD 30ML
FC-75561761,3337875561761,Dermablend covermatte #15 opal Polvo compacto de alta cobertura,Vichy,9.5 g,,,Cuidado personal,Dermatología,MAQUILLAJES,704.3,999,5+1,https://cdn.shopify.com/s/files/1/0088/1937/6188/products/3337875561761_04fe30b4-438d-46b8-a624-d350da78d056.jpg,dermaexpress,DB COVERMATTE #15 OPAL 9.5GR
FC-75563031,3337875563031,Dermablend covermatte #25 nude Polvo compacto de alta cobertura,Vichy,9.5 g,,,Cuidado personal,Dermatología,MAQUILLAJES,774.8,1099,5+1,https://cdn.shopify.com/s/files/1/0088/1937/6188/products/3337875563031_1e09d23f-3fcc-4409-8d4d-44aa1e8298d8.jpg,dermaexpress,DB COVERMATTE #25 NUDE 9.5GR
FC-75563048,3337875563048,Dermablend covermatte #35 sand Polvo compacto de alta cobertura,Vichy,9.5 g,,,Cuidado personal,Dermatología,MAQUILLAJES,774.8,1099,5+1,https://cdn.shopify.com/s/files/1/0088/1937/6188/products/3337875563048_99e20dc5-d27d-451b-9999-15a73833a396.jpg,dermaexpress,DB COVERMATTE #35 SAND 9.5GR
FC-75563055,3337875563055,Dermablend covermatte #45 gold Polvo compacto de alta cobertura,Vichy,9.5 g,,,Cuidado personal,Dermatología,MAQUILLAJES,704.3,999,5+1,https://cdn.shopify.com/s/files/1/0088/1937/6188/products/3337875563055_4f344f95-d566-4d77-8649-313463f72686.jpg,dermaexpress,DB COVERMATTE #45 GOLD 9.5GR
FC-71316594,3337871316594,Dermablend líquido #15 opal Base de alta cobertura,Vichy,30 ml,,,Cuidado personal,Dermatología,MAQUILLAJES,774.8,1099,5+1,https://cdn.shopify.com/s/files/1/0088/1937/6188/products/3337871316594_1.jpg,dermaexpress,VICHY MAQ. LIQ. OPAL 30ML
FC-71316600,3337871316600,Dermablend líquido #25 nude Base de alta cobertura,Vichy,30 ml,,,Cuidado personal,Dermatología,MAQUILLAJES,774.8,1099,5+1,https://cdn.shopify.com/s/files/1/0088/1937/6188/products/3337871316600_2.jpg,dermaexpress,VICHY MAQ. LIQ. NUDE 30ML
FC-75572378,3337875572378,Dermablend líquido #30 beige Base de alta cobertura,Vichy,30 ml,,,Cuidado personal,Dermatología,MAQUILLAJES,760.7,1079,5+1,https://cdn.shopify.com/s/files/1/0088/1937/6188/products/3337875572378_1.jpg,dermaexpress,VICHY MAQ. LIQ. BEIGE 30ML
FC-71316617,3337871316617,Dermablend líquido #35 sand Base de alta cobertura,Vichy,30 ml,,,Cuidado personal,Dermatología,MAQUILLAJES,774.8,1099,5+1,https://cdn.shopify.com/s/files/1/0088/1937/6188/products/3337871316617_1.jpg,dermaexpress,VICHY MAQ. LIQ. SAND 30ML
FC-71316624,3337871316624,Dermablend líquido #45 gold Base de alta cobertura,Vichy,30 ml,,,Cuidado personal,Dermatología,MAQUILLAJES,774.8,1099,5+1,https://cdn.shopify.com/s/files/1/0088/1937/6188/products/3337871316624_1.jpg,dermaexpress,VICHY MAQ. LIQ. GOLD 30ML
FC-71325657,3337871325657,Desodorante Anti-Transpirante 48H Protección Eficaz y Suavidad,Vichy,50 ml,,,Cuidado personal,Dermatología,ANTI-TRANSPIRANTE,422.3,599,5+1,https://cdn.shopify.com/s/files/1/0088/1937/6188/files/3337871325657.jpg,dermaexpress,DESODORANTE ANTI-TRANSPIRANTE 48H 50ML
FC-71320362,3337871320362,Homme desodorante Antitranspirante regulación intensa,Vichy,50 ml,,,Cuidado personal,Dermatología,HOMBRE,422.3,599,5+1,https://cdn.shopify.com/s/files/1/0088/1937/6188/files/74d726c7-17cb-46ba-9d53-0b2f849a78fd.jpg,dermaexpress,VICHY HOMME DESODORANTE 50ML
FC-71322571,3337871322571,Homme hydramag Rostro + ojos Hidratante anti-fatiga,Vichy,50 ml,,,Cuidado personal,Dermatología,HOMBRE,654.94,929,5+1,https://cdn.shopify.com/s/files/1/0088/1937/6188/products/3337871322571.jpg,dermaexpress,VICHY HOMME HYDRAMAG ROSTRO+OJOS 50ML
FC-71323622,3337871323622,Ideal soleil FPS 50 Toque seco,Vichy,50 ml,FPS 50,,Cuidado personal,Dermatología,SOLARES,563.29,799,5+1,https://cdn.shopify.com/s/files/1/0088/1937/6188/files/bc61a107-c635-4135-b6e9-d66e299df408.jpg,dermaexpress,IDEAL SOLEIL SPF 50 TOQUE SECO 50ML
FC-71325787,3337871325787,Ideal soleil FPS 50 Toque seco con color,Vichy,50 ml,FPS 50,,Cuidado personal,Dermatología,SOLARES,563.29,799,5+1,https://cdn.shopify.com/s/files/1/0088/1937/6188/products/3337871325787.MAIN.jpg,dermaexpress,IDEAL SOLEIL 50+ DRY TOUCH C/COLOR 50ML
FC-75419802,3337875419802,Ideal soleil FPS 50+ Anti-dark Cuidado protector anti-manchas,Vichy,50 ml,FPS 50+,,Cuidado personal,Dermatología,SOLARES,563.29,799,5+1,https://cdn.shopify.com/s/files/1/0088/1937/6188/files/a736504d-9856-448b-8867-ea810b695932.jpg,dermaexpress,IDEAL SOLEIL SPF50 SPOTS 50ML
FC-75585231,3337875585231,Ideal soleil Protector solar FPS 50 Anti-edad,Vichy,50 ml,FPS 50,,Cuidado personal,Dermatología,SOLARES,563.29,799,5+1,https://cdn.shopify.com/s/files/1/0088/1937/6188/files/4ca0bdc5-20d7-4803-9925-483d69a53e51.jpg,dermaexpress,CAPITAL SOLEIL SPF50 ANTI-EDAD 50ML
FC-52998962,7509552998962,Kit Capital Soleil Agua de Protección Solar SPF50 200 ml + Capital Soleil UV-Age Daily SPF50+ 40 ml + Identificador de Maleta,Vichy,,,,Cuidado personal,Dermatología,LANZAMIENTOS 2026,792.06,1123.49,5+1,https://cdn.shopify.com/s/files/1/0088/1937/6188/files/7509552998962.avif,dermaexpress,KIT-CAPITAL SOLEIL AGUA DE PROTECCION SOLAR 200ML+CAPITAL SOLEIL UV-AGE DAILY 40ML+IDENTIFICADOR DE MALETA
FC-52998900,7509552998900,Kit Capital Soleil Crema SPF50+ 300 ml + Agua Termal,Vichy,150 ml,,Crema,Cuidado personal,Dermatología,LANZAMIENTOS 2026,755.06,1071,5+1,https://cdn.shopify.com/s/files/1/0088/1937/6188/files/7509552998900.avif,dermaexpress,KIT-CAPITAL SOLEIL CREMA SPF50+ 300ML+AGUA TERMAL 150ML
FC-52998948,7509552998948,Kit Minéral 89 50 ml + Capital Soleil UV-Age Daily SPF50+,Vichy,40 ml,,,Cuidado personal,Dermatología,LANZAMIENTOS 2026,844.94,1198.5,5+1,https://cdn.shopify.com/s/files/1/0088/1937/6188/files/7509552998948.avif,dermaexpress,KIT-MINERAL 89 50ML+CAPITAL SOLEIL UV-AGE DAILY SPF50+ 40ML
FC-75832724,3337875832724,Liftactiv b3 Crema antimanchas SPF50,Vichy,50 ml,,Crema,Cuidado personal,Dermatología,ANTI-EDAD,986.3,1399,5+1,https://cdn.shopify.com/s/files/1/0088/1937/6188/files/3337875832724_10.jpg,dermaexpress,LIFTACTIV CREMA B3 ANTIMANCHAS OSCURAS SPF50 50ML
FC-75945851,3337875945851,Liftactiv Collagen Specialist,Vichy,50 ml,,,Cuidado personal,Dermatología,ANTI-EDAD,704.3,999,5+1,https://cdn.shopify.com/s/files/1/0088/1937/6188/files/1_256fcbdd-d9e5-4c9e-8e11-f070731a471b.avif,dermaexpress,LIFTACTIV COLLAGEN SPECIALIST 50ML
FC-75912600,3337875912600,Liftactiv Collagen Specialist 16 Serum Reafirmante y Antiedad,Vichy,30 ml,,,Cuidado personal,Dermatología,ANTI-EDAD,986.3,1399,5+1,https://cdn.shopify.com/s/files/1/0088/1937/6188/files/3337875912600-1.jpg,dermaexpress,LIFTACTIV COLLAGEN SPECIALIST 16 SERUM 30ML
FC-75607254,3337875607254,Liftactiv collagen specialist Corrige signos visibles de la pérdida de colágeno,Vichy,50 ml,,,Cuidado personal,Dermatología,ANTI-EDAD,986.3,1399,5+1,https://cdn.shopify.com/s/files/1/0088/1937/6188/files/3337875607254_12.jpg,dermaexpress,LIFTACTIV COLLAGEN DIA 50ML
FC-75873048,3337875873048,Liftactiv collagen specialist Eye care,Vichy,15 ml,,,Cuidado personal,Dermatología,ANTI-EDAD,774.8,1099,5+1,https://cdn.shopify.com/s/files/1/0088/1937/6188/files/3337875873048_1.jpg,dermaexpress,LIFTACTIV COLLAGEN SPECIALIST EYE CARE 15ML
FC-75943932,3337875943932,Liftactiv Collagen Specialist Serum Ojos,Vichy,15 ml,,,Cuidado personal,Dermatología,ANTI-EDAD,774.8,1099,5+1,https://cdn.shopify.com/s/files/1/0088/1937/6188/files/1_1_cd294715-da7c-43c7-9c49-6dd74fe671a0.avif,dermaexpress,LIFTACTIV COLLAGEN SPECIALIST SERUM OJOS 15ML
FC-71322502,3337871322502,Liftactiv derm origen Noche Tratamiento anti-edad,Vichy,50 ml,,,Cuidado personal,Dermatología,ANTI-EDAD,986.3,1399,5+1,https://cdn.shopify.com/s/files/1/0088/1937/6188/files/image_1024.png,dermaexpress,LIFTACTIV DERM ORIGEN NOCHE 50ML
FC-71323332,3337871323332,Liftactiv derm origen Ojos Tratamiento anti-edad,Vichy,15 ml,,,Cuidado personal,Dermatología,ANTI-EDAD,774.8,1099,5+1,https://cdn.shopify.com/s/files/1/0088/1937/6188/files/3337871323332_10.jpg,dermaexpress,LIFTACTIV DERM ORIGEN OJOS 15ML
FC-75944939,3337875944939,Liftactiv Pigment Specialist B3,Vichy,125 ml,,,Cuidado personal,Dermatología,ANTI-EDAD,422.3,599,5+1,https://cdn.shopify.com/s/files/1/0088/1937/6188/files/1_1_03278e1c-d270-424d-9d8d-a121454cda55.avif,dermaexpress,LIFTACTIV PIGMENT SPECIALIST B3 125ML
FC-75918534,3337875918534,Liftactiv Pigment Specialist B3 Contorno de ojos antimanchas SPF50+,Vichy,15 ml,,,Cuidado personal,Dermatología,ANTI-EDAD,774.8,1099,5+1,https://cdn.shopify.com/s/files/1/0088/1937/6188/files/3337875918534_2.jpg,dermaexpress,LIFTACTIV B3 EYES SPF50+ 15ML
FC-75873086,3337875873086,Liftactiv retinol,Vichy,50 ml,,Crema,Cuidado personal,Dermatología,ANTI-EDAD,986.3,1399,5+1,https://cdn.shopify.com/s/files/1/0088/1937/6188/files/3337875873086_2.jpg,dermaexpress,LIFTACTIV RETINOL CREMA 50ML
FC-75821636,3337875821636,Liftactiv retinol specialist Sérum arrugas profundas,Vichy,30 ml,,,Cuidado personal,Dermatología,ANTI-EDAD,915.8,1299,5+1,https://cdn.shopify.com/s/files/1/0088/1937/6188/files/3337875821636_11.jpg,dermaexpress,LIFTACTIV RETINOL SPECIALIST SERUM ARRUGAS PROFUNDAS 30ML
FC-75734905,3337875734905,Liftactiv specialist b3 Sérum Corrige manchas y unifica el tono de la piel,Vichy,30 ml,,,Cuidado personal,Dermatología,ANTI-EDAD,915.8,1299,5+1,https://cdn.shopify.com/s/files/1/0088/1937/6188/files/3337875734905_012.jpg,dermaexpress,LIFTACTIVE SPECIALIST B3 SERUM 30ML
FC-71328795,3337871328795,Liftactiv supreme Crema antiarrugas y reafirmante,Vichy,50 ml,,Crema,Cuidado personal,Dermatología,ANTI-EDAD,986.3,1399,5+1,https://cdn.shopify.com/s/files/1/0088/1937/6188/files/vichy-002428vy_01.png,dermaexpress,LIFACTIV SUPREME CREMA 50ML
FC-75719209,3337875719209,Liftactiv supreme ha epidermic filler Suero de ácido hialurónico rostro y ojos,Vichy,30 ml,,,Cuidado personal,Dermatología,ANTI-EDAD,845.3,1199,5+1,https://cdn.shopify.com/s/files/1/0088/1937/6188/files/3337875719209_12.jpg,dermaexpress,LIFTACTIV HA EPIDERMIC FILLER 30ML
FC-75796583,3337875796583,Liftactiv supreme vit c Sérum antioxidante para una piel más luminosa,Vichy,20 ml,,,Cuidado personal,Dermatología,ANTI-EDAD,880.55,1249,5+1,https://cdn.shopify.com/s/files/1/0088/1937/6188/files/3337875796583_12.jpg,dermaexpress,LIFTACTIV SUPREME VIT C SKIN COR B20ML
FC-75894104,3337875894104,Mineral 89 Aqua-gel matificante,Vichy,50 ml,,Gel,Cuidado personal,Dermatología,ANTI-EDAD,492.79,699,5+1,https://cdn.shopify.com/s/files/1/0088/1937/6188/files/3337875894104.jpg,dermaexpress,MINERAL 89 AQUA-GEL MATIFICANTE 50ML
FC-75908368,3337875908368,Minéral 89 Booster Refill,Vichy,50 ml,,,Cuidado personal,Dermatología,LANZAMIENTOS 2026,528.05,749,5+1,https://cdn.shopify.com/s/files/1/0088/1937/6188/files/3337875908368-12.avif,dermaexpress,MINERAL 89 REFILL BOOSTER 50ML
FC-75609418,3337875609418,Minéral 89 Concentrado fortificante,Vichy,75 ml,,,Cuidado personal,Dermatología,ANTI-EDAD,608.42,863.01,5+1,https://cdn.shopify.com/s/files/1/0088/1937/6188/files/3337875609418_1.jpg,dermaexpress,MINERAL 89 F75ML SP POR(GR POL)
FC-75831888,3337875831888,Minéral 89 Crema hidratante,Vichy,50 ml,,Crema,Cuidado personal,Dermatología,ANTI-EDAD,492.79,699,5+1,https://cdn.shopify.com/s/files/1/0088/1937/6188/files/b9b41c3b-f6b3-46fd-8927-3e764331a517.jpg,dermaexpress,MINERAL 89 CREMA 50ML
FC-75895781,3337875895781,Mineral 89 Crema uv SPF50+ Hidratación y antioxidante,Vichy,50 ml,,Crema,Cuidado personal,Dermatología,ANTI-EDAD,563.29,799,5+1,https://cdn.shopify.com/s/files/1/0088/1937/6188/files/Diseno_sin_titulo.png,dermaexpress,MINERAL 89 CREMA UV SPF50+ 50ML
FC-75916998,3337875916998,Minéral 89 Melatonina Crema reparadora de noche,Vichy,50 ml,,Crema,Cuidado personal,Dermatología,ANTI-EDAD,563.29,799,5+1,https://cdn.shopify.com/s/files/1/0088/1937/6188/files/vichy-mineral89-melatonin-night-cream-website-pdp-mosaic-1_1_-_copia.webp,dermaexpress,MINERAL 89 MELATONINA CREMA REPARADORA DE NOCHE 50ML
FC-75596763,3337875596763,"Mineral 89 Ojos Hidrata, suaviza y reduce ojeras",Vichy,15 ml,,,Cuidado personal,Dermatología,ANTI-EDAD,563.29,799,5+1,https://cdn.shopify.com/s/files/1/0088/1937/6188/files/3337875596763_12.jpg,dermaexpress,VICHY 89 MINERAL CONTORNO OJOS 15ML
FC-75762908,3337875762908,Mineral 89 Probiotic fractions Concentrado regenerador y reparador,Vichy,30 ml,,,Cuidado personal,Dermatología,ANTI-EDAD,774.8,1099,5+1,https://cdn.shopify.com/s/files/1/0088/1937/6188/files/3337875762908_11.jpg,dermaexpress,MINERAL 89 PROBIOTIC FRACTIONS 30ML
FC-75543248,3337875543248,Mineral 89 Sérum concentrado fortificante e hidratante,Vichy,50 ml,,,Cuidado personal,Dermatología,ANTI-EDAD,669.05,949,5+1,https://cdn.shopify.com/s/files/1/0088/1937/6188/files/3337875543248_12.jpg,dermaexpress,VICHY 89 MINERAL 50ML
FC-75774123,3337875774123,Neovadiol Crema de día pre-menopausia Efecto lifting piel normal a mixta,Vichy,50 ml,,Crema,Cuidado personal,Dermatología,ANTI-EDAD,1056.8,1499,5+1,https://cdn.shopify.com/s/files/1/0088/1937/6188/files/3337875774123_11.jpg,dermaexpress,NEOVADIOL CREMA DE DIA PERI-MENOPAUSIA 50ML
FC-75773980,3337875773980,Neovadiol meno 5 bi-sérum Suero anti-arrugas manchas y flacidez,Vichy,30 ml,,,Cuidado personal,Dermatología,ANTI-EDAD,1056.8,1499,5+1,https://cdn.shopify.com/s/files/1/0088/1937/6188/files/3337875773980_12.jpg,dermaexpress,NEOVADIOL MENO 5 BI-SERUM 30ML
FC-75774017,3337875774017,Neovadiol Post-menopausia,Vichy,50 ml,,,Cuidado personal,Dermatología,ANTI-EDAD,1056.8,1499,5+1,https://cdn.shopify.com/s/files/1/0088/1937/6188/files/161899_1.avif,dermaexpress,NEOVADIOL CREMA ANTIEDAD NOCHE POST-MENOPAUSIA 50ML
FC-75774031,3337875774031,Neovadiol Post-menopausia Crema de día nutritiva antiflacidez,Vichy,50 ml,,Crema,Cuidado personal,Dermatología,ANTI-EDAD,1056.8,1499,5+1,https://cdn.shopify.com/s/files/1/0088/1937/6188/files/3337875774031_11.jpg,dermaexpress,NEOVADIOL POST-MENOPAUSIA CREMA DIA 50ML
FC-75774086,3337875774086,Neovadiol Pre-menopausia Crema de noche,Vichy,50 ml,,Crema,Cuidado personal,Dermatología,ANTI-EDAD,1056.8,1499,5+1,https://cdn.shopify.com/s/files/1/0088/1937/6188/files/3337875774086_10.jpg,dermaexpress,NEOVADIOL PERI-MENOPAUSIA CREMA DE NOCHE 50ML
FC-75824033,3337875824033,Neovadiol Tratamiento multicorrector para ojos y labios,Vichy,15 ml,,,Cuidado personal,Dermatología,ANTI-EDAD,788.9,1119,5+1,https://cdn.shopify.com/s/files/1/0088/1937/6188/files/3337875824033_11.jpg,dermaexpress,NEOVADIOL CREMA ANTIEDAD DE OJOS Y LABIOS 15ML
FC-75660617,3337875660617,Normaderm phytosolution Corrige imperfecciones y regenera la piel,Vichy,50 ml,,,Cuidado personal,Dermatología,PIEL GRASA,669.05,949,5+1,https://cdn.shopify.com/s/files/1/0088/1937/6188/files/a4d094af-d48d-426e-868c-864c3aa76e3f.jpg,dermaexpress,NORMADERM PHYTOSOLUTION 50ML
FC-75663083,3337875663083,Normaderm phytosolution Gel limpiador para piel grasa con tendencia acneica,Vichy,400 ml,,Gel,Cuidado personal,Dermatología,PIEL GRASA,563.29,799,5+1,https://cdn.shopify.com/s/files/1/0088/1937/6188/files/3337875663083_12.jpg,dermaexpress,NORMADERM PHYTOSOLUTION GEL 400ML
FC-75663076,3337875663076,Normaderm phytosolution Gel limpiador pieles grasas con tendencia acneica,Vichy,200 ml,,Gel,Cuidado personal,Dermatología,PIEL GRASA,422.3,599,5+1,https://cdn.shopify.com/s/files/1/0088/1937/6188/files/3337875663076_11.jpg,dermaexpress,NORMADERM PHYTOSOLUTION GEL 200ML
FC-75791984,3337875791984,Normaderm probio bha Sérum anti-imperfecciones,Vichy,30 ml,,,Cuidado personal,Dermatología,PIEL GRASA,669.05,949,5+1,https://cdn.shopify.com/s/files/1/0088/1937/6188/files/3337875791984_10.jpg,dermaexpress,NORMADERM PROBIO-BHA SERUM 30ML
FC-71324599,3337871324599,Roll on Anti-manchas Anti-transpirante y desodorante,Vichy,50 ml,,,Cuidado personal,Dermatología,ANTI-TRANSPIRANTE,422.3,599,5+1,https://cdn.shopify.com/s/files/1/0088/1937/6188/files/5f438557-828c-4cf6-9a4c-cab8bbde78e3.jpg,dermaexpress,DESODORANTE ANTI-TRACES
FC-71320324,3337871320324,Roll on Piel sensible 48h Anti-transpirante y desodorante,Vichy,50 ml,,,Cuidado personal,Dermatología,ANTI-TRANSPIRANTE,422.3,599,5+1,https://cdn.shopify.com/s/files/1/0088/1937/6188/files/e557de69-38bb-4bb3-804f-2277eb578149.jpg,dermaexpress,ROLL ON PIEL SENSIBLE 48H 50ML
FC-71320300,3337871320300,Roll on Regulador 48h Antitranspirante,Vichy,50 ml,,,Cuidado personal,Dermatología,ANTI-TRANSPIRANTE,422.3,599,5+1,https://cdn.shopify.com/s/files/1/0088/1937/6188/files/dfcc71ca-ceaf-4861-bf9c-ddaa89e318f8.jpg,dermaexpress,ROLL ON REGULADOR 48H 50ML
FC-71324001,3337871324001,Roll on Stress resist Anti-transpirante y desodorante,Vichy,50 ml,,,Cuidado personal,Dermatología,ANTI-TRANSPIRANTE,422.3,599,5+1,https://cdn.shopify.com/s/files/1/0088/1937/6188/files/8db145fb-2111-48e6-95a0-d94ea79a315e.jpg,dermaexpress,STRESS RESIST 72H ROLL-ON 30ML
